0, 2015-10-01 00:00:00, 0.0944001
1, 2015-10-01 01:00:00, 0.0940584
2, 2015-10-01 02:00:00, 0.0937183
3, 2015-10-01 03:00:00, 0.0933798
4, 2015-10-01 04:00:00, 0.0930428
5, 2015-10-01 05:00:00, 0.0927074
6, 2015-10-01 06:00:00, 0.0923735
7, 2015-10-01 07:00:00, 0.0920411
8, 2015-10-01 08:00:00, 0.0917103
9, 2015-10-01 09:00:00, 0.0913809
10, 2015-10-01 10:00:00, 0.0910531
11, 2015-10-01 11:00:00, 0.0907268
12, 2015-10-01 12:00:00, 0.0904019
13, 2015-10-01 13:00:00, 0.0900785
14, 2015-10-01 14:00:00, 0.0897566
15, 2015-10-01 15:00:00, 0.0894362
16, 2015-10-01 16:00:00, 0.0891172
17, 2015-10-01 17:00:00, 0.0887996
18, 2015-10-01 18:00:00, 0.0884835
19, 2015-10-01 19:00:00, 0.0881688
20, 2015-10-01 20:00:00, 0.0878555
21, 2015-10-01 21:00:00, 0.0875436
22, 2015-10-01 22:00:00, 0.0872335
23, 2015-10-01 23:00:00, 0.0869242
24, 2015-10-02 00:00:00, 0.0866164
25, 2015-10-02 01:00:00, 0.0873002
26, 2015-10-02 02:00:00, 0.0866176
27, 2015-10-02 03:00:00, 0.0861541
28, 2015-10-02 04:00:00, 0.0854666
29, 2015-10-02 05:00:00, 0.08515
30, 2015-10-02 06:00:00, 0.0848246
31, 2015-10-02 07:00:00, 0.0845191
32, 2015-10-02 08:00:00, 0.0842052
33, 2015-10-02 09:00:00, 0.0839075
34, 2015-10-02 10:00:00, 0.0836131
35, 2015-10-02 11:00:00, 0.0833201
36, 2015-10-02 12:00:00, 0.0830283
37, 2015-10-02 13:00:00, 0.0827378
38, 2015-10-02 14:00:00, 0.0824485
39, 2015-10-02 15:00:00, 0.0823723
40, 2015-10-02 16:00:00, 0.0826746
41, 2015-10-02 17:00:00, 0.0824067
42, 2015-10-02 18:00:00, 0.0821495
43, 2015-10-02 19:00:00, 0.0838296
44, 2015-10-02 20:00:00, 0.0823408
45, 2015-10-02 21:00:00, 0.0815112
46, 2015-10-02 22:00:00, 0.080301
47, 2015-10-02 23:00:00, 0.0799032
48, 2015-10-03 00:00:00, 0.0796576
49, 2015-10-03 01:00:00, 0.0793641
50, 2015-10-03 02:00:00, 0.0790908
51, 2015-10-03 03:00:00, 0.0788031
52, 2015-10-03 04:00:00, 0.0785346
53, 2015-10-03 05:00:00, 0.0782596
54, 2015-10-03 06:00:00, 0.0779894
55, 2015-10-03 07:00:00, 0.0777193
56, 2015-10-03 08:00:00, 0.0774517
57, 2015-10-03 09:00:00, 0.0771853
58, 2015-10-03 10:00:00, 0.0769648
59, 2015-10-03 11:00:00, 0.0766855
60, 2015-10-03 12:00:00, 0.0764217
61, 2015-10-03 13:00:00, 0.0761523
62, 2015-10-03 14:00:00, 0.0758905
63, 2015-10-03 15:00:00, 0.0756206
64, 2015-10-03 16:00:00, 0.0753558
65, 2015-10-03 17:00:00, 0.0750943
66, 2015-10-03 18:00:00, 0.0748379
67, 2015-10-03 19:00:00, 0.0745826
68, 2015-10-03 20:00:00, 0.0743283
69, 2015-10-03 21:00:00, 0.0740751
70, 2015-10-03 22:00:00, 0.073823
71, 2015-10-03 23:00:00, 0.0735719
72, 2015-10-04 00:00:00, 0.0733218
73, 2015-10-04 01:00:00, 0.0730729
74, 2015-10-04 02:00:00, 0.0728249
75, 2015-10-04 03:00:00, 0.072578
76, 2015-10-04 04:00:00, 0.0723321
77, 2015-10-04 05:00:00, 0.0720872
78, 2015-10-04 06:00:00, 0.0718434
79, 2015-10-04 07:00:00, 0.0716005
80, 2015-10-04 08:00:00, 0.0713587
81, 2015-10-04 09:00:00, 0.0711179
82, 2015-10-04 10:00:00, 0.070878
83, 2015-10-04 11:00:00, 0.0706392
84, 2015-10-04 12:00:00, 0.0704013
85, 2015-10-04 13:00:00, 0.0701644
86, 2015-10-04 14:00:00, 0.0699285
87, 2015-10-04 15:00:00, 0.0696936
88, 2015-10-04 16:00:00, 0.0694596
89, 2015-10-04 17:00:00, 0.0692265
90, 2015-10-04 18:00:00, 0.0689945
91, 2015-10-04 19:00:00, 0.0687633
92, 2015-10-04 20:00:00, 0.0685332
93, 2015-10-04 21:00:00, 0.0683039
94, 2015-10-04 22:00:00, 0.0680756
95, 2015-10-04 23:00:00, 0.0678482
96, 2015-10-05 00:00:00, 0.0676218
97, 2015-10-05 01:00:00, 0.0673962
98, 2015-10-05 02:00:00, 0.0671716
99, 2015-10-05 03:00:00, 0.0669479
100, 2015-10-05 04:00:00, 0.0667251
101, 2015-10-05 05:00:00, 0.0665031
102, 2015-10-05 06:00:00, 0.0662821
103, 2015-10-05 07:00:00, 0.066062
104, 2015-10-05 08:00:00, 0.0658427
105, 2015-10-05 09:00:00, 0.0656244
106, 2015-10-05 10:00:00, 0.0654069
107, 2015-10-05 11:00:00, 0.0651903
108, 2015-10-05 12:00:00, 0.0649745
109, 2015-10-05 13:00:00, 0.0647596
110, 2015-10-05 14:00:00, 0.0645456
111, 2015-10-05 15:00:00, 0.0643324
112, 2015-10-05 16:00:00, 0.0641201
113, 2015-10-05 17:00:00, 0.0639086
114, 2015-10-05 18:00:00, 0.063698
115, 2015-10-05 19:00:00, 0.0634882
116, 2015-10-05 20:00:00, 0.0632792
117, 2015-10-05 21:00:00, 0.0630711
118, 2015-10-05 22:00:00, 0.0628638
119, 2015-10-05 23:00:00, 0.0626573
120, 2015-10-06 00:00:00, 0.0624516
121, 2015-10-06 01:00:00, 0.0622467
122, 2015-10-06 02:00:00, 0.0620426
123, 2015-10-06 03:00:00, 0.0618394
124, 2015-10-06 04:00:00, 0.0616369
125, 2015-10-06 05:00:00, 0.0614353
126, 2015-10-06 06:00:00, 0.0612344
127, 2015-10-06 07:00:00, 0.0610343
128, 2015-10-06 08:00:00, 0.060835
129, 2015-10-06 09:00:00, 0.0606365
130, 2015-10-06 10:00:00, 0.0604387
131, 2015-10-06 11:00:00, 0.0602417
132, 2015-10-06 12:00:00, 0.0600455
133, 2015-10-06 13:00:00, 0.0598501
134, 2015-10-06 14:00:00, 0.0596554
135, 2015-10-06 15:00:00, 0.0594615
136, 2015-10-06 16:00:00, 0.0592683
137, 2015-10-06 17:00:00, 0.0590759
138, 2015-10-06 18:00:00, 0.0588842
139, 2015-10-06 19:00:00, 0.0586933
140, 2015-10-06 20:00:00, 0.0585031
141, 2015-10-06 21:00:00, 0.0583136
142, 2015-10-06 22:00:00, 0.0581249
143, 2015-10-06 23:00:00, 0.0579369
144, 2015-10-07 00:00:00, 0.0577496
145, 2015-10-07 01:00:00, 0.057563
146, 2015-10-07 02:00:00, 0.0573772
147, 2015-10-07 03:00:00, 0.057192
148, 2015-10-07 04:00:00, 0.0570076
149, 2015-10-07 05:00:00, 0.0568239
150, 2015-10-07 06:00:00, 0.0566409
151, 2015-10-07 07:00:00, 0.0564586
152, 2015-10-07 08:00:00, 0.0562769
153, 2015-10-07 09:00:00, 0.056096
154, 2015-10-07 10:00:00, 0.0559158
155, 2015-10-07 11:00:00, 0.0557362
156, 2015-10-07 12:00:00, 0.0555574
157, 2015-10-07 13:00:00, 0.0553792
158, 2015-10-07 14:00:00, 0.0552016
159, 2015-10-07 15:00:00, 0.0550248
160, 2015-10-07 16:00:00, 0.0548486
161, 2015-10-07 17:00:00, 0.0546731
162, 2015-10-07 18:00:00, 0.0544983
163, 2015-10-07 19:00:00, 0.0543241
164, 2015-10-07 20:00:00, 0.0541506
165, 2015-10-07 21:00:00, 0.0539777
166, 2015-10-07 22:00:00, 0.0538055
167, 2015-10-07 23:00:00, 0.0536339
168, 2015-10-08 00:00:00, 0.053463
169, 2015-10-08 01:00:00, 0.0532927
170, 2015-10-08 02:00:00, 0.0531231
171, 2015-10-08 03:00:00, 0.0529541
172, 2015-10-08 04:00:00, 0.0527857
173, 2015-10-08 05:00:00, 0.052618
174, 2015-10-08 06:00:00, 0.0524508
175, 2015-10-08 07:00:00, 0.0522843
176, 2015-10-08 08:00:00, 0.0521185
177, 2015-10-08 09:00:00, 0.0519532
178, 2015-10-08 10:00:00, 0.0517886
179, 2015-10-08 11:00:00, 0.0516245
180, 2015-10-08 12:00:00, 0.0514611
181, 2015-10-08 13:00:00, 0.0512983
182, 2015-10-08 14:00:00, 0.0511361
183, 2015-10-08 15:00:00, 0.0509745
184, 2015-10-08 16:00:00, 0.0508135
185, 2015-10-08 17:00:00, 0.0506531
186, 2015-10-08 18:00:00, 0.0504932
187, 2015-10-08 19:00:00, 0.050334
188, 2015-10-08 20:00:00, 0.0501754
189, 2015-10-08 21:00:00, 0.0500173
190, 2015-10-08 22:00:00, 0.0498598
191, 2015-10-08 23:00:00, 0.0497029
192, 2015-10-09 00:00:00, 0.0495466
193, 2015-10-09 01:00:00, 0.0493908
194, 2015-10-09 02:00:00, 0.0492357
195, 2015-10-09 03:00:00, 0.0490811
196, 2015-10-09 04:00:00, 0.048927
197, 2015-10-09 05:00:00, 0.0487735
198, 2015-10-09 06:00:00, 0.0486206
199, 2015-10-09 07:00:00, 0.0484683
200, 2015-10-09 08:00:00, 0.0483165
201, 2015-10-09 09:00:00, 0.0481652
202, 2015-10-09 10:00:00, 0.0480145
203, 2015-10-09 11:00:00, 0.0478644
204, 2015-10-09 12:00:00, 0.0477147
205, 2015-10-09 13:00:00, 0.0475657
206, 2015-10-09 14:00:00, 0.0474172
207, 2015-10-09 15:00:00, 0.0472692
208, 2015-10-09 16:00:00, 0.0471217
209, 2015-10-09 17:00:00, 0.0469748
210, 2015-10-09 18:00:00, 0.0468284
211, 2015-10-09 19:00:00, 0.0466826
212, 2015-10-09 20:00:00, 0.0466393
213, 2015-10-09 21:00:00, 0.0472356
214, 2015-10-09 22:00:00, 0.0505113
215, 2015-10-09 23:00:00, 0.0606683
216, 2015-10-10 00:00:00, 0.053077
217, 2015-10-10 01:00:00, 0.0503799
218, 2015-10-10 02:00:00, 0.0456838
219, 2015-10-10 03:00:00, 0.0455345
220, 2015-10-10 04:00:00, 0.0453933
221, 2015-10-10 05:00:00, 0.0452526
222, 2015-10-10 06:00:00, 0.0451124
223, 2015-10-10 07:00:00, 0.0449727
224, 2015-10-10 08:00:00, 0.0448336
225, 2015-10-10 09:00:00, 0.0446949
226, 2015-10-10 10:00:00, 0.0445567
227, 2015-10-10 11:00:00, 0.044419
228, 2015-10-10 12:00:00, 0.0442818
229, 2015-10-10 13:00:00, 0.044145
230, 2015-10-10 14:00:00, 0.0440088
231, 2015-10-10 15:00:00, 0.043873
232, 2015-10-10 16:00:00, 0.0437378
233, 2015-10-10 17:00:00, 0.043603
234, 2015-10-10 18:00:00, 0.0434687
235, 2015-10-10 19:00:00, 0.0433348
236, 2015-10-10 20:00:00, 0.0432015
237, 2015-10-10 21:00:00, 0.0430686
238, 2015-10-10 22:00:00, 0.0429361
239, 2015-10-10 23:00:00, 0.0428042
240, 2015-10-11 00:00:00, 0.0426727
241, 2015-10-11 01:00:00, 0.0425417
242, 2015-10-11 02:00:00, 0.0424111
243, 2015-10-11 03:00:00, 0.042281
244, 2015-10-11 04:00:00, 0.0421513
245, 2015-10-11 05:00:00, 0.0420221
246, 2015-10-11 06:00:00, 0.0418934
247, 2015-10-11 07:00:00, 0.0417651
248, 2015-10-11 08:00:00, 0.0416373
249, 2015-10-11 09:00:00, 0.0415099
250, 2015-10-11 10:00:00, 0.0413829
251, 2015-10-11 11:00:00, 0.0412564
252, 2015-10-11 12:00:00, 0.0411304
253, 2015-10-11 13:00:00, 0.0410048
254, 2015-10-11 14:00:00, 0.0408796
255, 2015-10-11 15:00:00, 0.0407548
256, 2015-10-11 16:00:00, 0.0406305
257, 2015-10-11 17:00:00, 0.0405067
258, 2015-10-11 18:00:00, 0.0403832
259, 2015-10-11 19:00:00, 0.0402602
260, 2015-10-11 20:00:00, 0.0401376
261, 2015-10-11 21:00:00, 0.0400154
262, 2015-10-11 22:00:00, 0.0398937
263, 2015-10-11 23:00:00, 0.0397724
264, 2015-10-12 00:00:00, 0.0396515
265, 2015-10-12 01:00:00, 0.039531
266, 2015-10-12 02:00:00, 0.039411
267, 2015-10-12 03:00:00, 0.0392913
268, 2015-10-12 04:00:00, 0.0391721
269, 2015-10-12 05:00:00, 0.0390532
270, 2015-10-12 06:00:00, 0.0389348
271, 2015-10-12 07:00:00, 0.0388168
272, 2015-10-12 08:00:00, 0.0386992
273, 2015-10-12 09:00:00, 0.038582
274, 2015-10-12 10:00:00, 0.0384652
275, 2015-10-12 11:00:00, 0.0383489
276, 2015-10-12 12:00:00, 0.0382329
277, 2015-10-12 13:00:00, 0.0381173
278, 2015-10-12 14:00:00, 0.0380021
279, 2015-10-12 15:00:00, 0.0378873
280, 2015-10-12 16:00:00, 0.0377729
281, 2015-10-12 17:00:00, 0.0376588
282, 2015-10-12 18:00:00, 0.0375452
283, 2015-10-12 19:00:00, 0.037432
284, 2015-10-12 20:00:00, 0.0373191
285, 2015-10-12 21:00:00, 0.0372067
286, 2015-10-12 22:00:00, 0.0370946
287, 2015-10-12 23:00:00, 0.0369829
288, 2015-10-13 00:00:00, 0.0368715
289, 2015-10-13 01:00:00, 0.0367606
290, 2015-10-13 02:00:00, 0.03665
291, 2015-10-13 03:00:00, 0.0365398
292, 2015-10-13 04:00:00, 0.03643
293, 2015-10-13 05:00:00, 0.0363206
294, 2015-10-13 06:00:00, 0.0362115
295, 2015-10-13 07:00:00, 0.0361028
296, 2015-10-13 08:00:00, 0.0359945
297, 2015-10-13 09:00:00, 0.0358865
298, 2015-10-13 10:00:00, 0.0357789
299, 2015-10-13 11:00:00, 0.0356717
300, 2015-10-13 12:00:00, 0.0355648
301, 2015-10-13 13:00:00, 0.0354591
302, 2015-10-13 14:00:00, 0.035437
303, 2015-10-13 15:00:00, 0.035285
304, 2015-10-13 16:00:00, 0.0351716
305, 2015-10-13 17:00:00, 0.0350358
306, 2015-10-13 18:00:00, 0.034931
307, 2015-10-13 19:00:00, 0.0348266
308, 2015-10-13 20:00:00, 0.0347226
309, 2015-10-13 21:00:00, 0.0346189
310, 2015-10-13 22:00:00, 0.0345156
311, 2015-10-13 23:00:00, 0.0344126
312, 2015-10-14 00:00:00, 0.0343099
313, 2015-10-14 01:00:00, 0.0342076
314, 2015-10-14 02:00:00, 0.0341057
315, 2015-10-14 03:00:00, 0.0340041
316, 2015-10-14 04:00:00, 0.0339028
317, 2015-10-14 05:00:00, 0.0338018
318, 2015-10-14 06:00:00, 0.0337012
319, 2015-10-14 07:00:00, 0.033601
320, 2015-10-14 08:00:00, 0.033501
321, 2015-10-14 09:00:00, 0.0334014
322, 2015-10-14 10:00:00, 0.0333021
323, 2015-10-14 11:00:00, 0.0332032
324, 2015-10-14 12:00:00, 0.0331046
325, 2015-10-14 13:00:00, 0.0330063
326, 2015-10-14 14:00:00, 0.0329083
327, 2015-10-14 15:00:00, 0.0328107
328, 2015-10-14 16:00:00, 0.0327134
329, 2015-10-14 17:00:00, 0.0326164
330, 2015-10-14 18:00:00, 0.0325197
331, 2015-10-14 19:00:00, 0.0324234
332, 2015-10-14 20:00:00, 0.0323274
333, 2015-10-14 21:00:00, 0.0322317
334, 2015-10-14 22:00:00, 0.0321363
335, 2015-10-14 23:00:00, 0.0320412
336, 2015-10-15 00:00:00, 0.0319464
337, 2015-10-15 01:00:00, 0.031852
338, 2015-10-15 02:00:00, 0.0317578
339, 2015-10-15 03:00:00, 0.031664
340, 2015-10-15 04:00:00, 0.0315705
341, 2015-10-15 05:00:00, 0.0314772
342, 2015-10-15 06:00:00, 0.0313843
343, 2015-10-15 07:00:00, 0.0312917
344, 2015-10-15 08:00:00, 0.0311994
345, 2015-10-15 09:00:00, 0.0311074
346, 2015-10-15 10:00:00, 0.0310157
347, 2015-10-15 11:00:00, 0.0309243
348, 2015-10-15 12:00:00, 0.0308332
349, 2015-10-15 13:00:00, 0.0307424
350, 2015-10-15 14:00:00, 0.0306519
351, 2015-10-15 15:00:00, 0.0305617
352, 2015-10-15 16:00:00, 0.0304718
353, 2015-10-15 17:00:00, 0.0303822
354, 2015-10-15 18:00:00, 0.0302929
355, 2015-10-15 19:00:00, 0.0302038
356, 2015-10-15 20:00:00, 0.0301151
357, 2015-10-15 21:00:00, 0.0300267
358, 2015-10-15 22:00:00, 0.0299385
359, 2015-10-15 23:00:00, 0.0298506
360, 2015-10-16 00:00:00, 0.029763
361, 2015-10-16 01:00:00, 0.0296757
362, 2015-10-16 02:00:00, 0.0295887
363, 2015-10-16 03:00:00, 0.0295019
364, 2015-10-16 04:00:00, 0.0294155
365, 2015-10-16 05:00:00, 0.0293293
366, 2015-10-16 06:00:00, 0.0292434
367, 2015-10-16 07:00:00, 0.0291578
368, 2015-10-16 08:00:00, 0.0290724
369, 2015-10-16 09:00:00, 0.0289874
370, 2015-10-16 10:00:00, 0.0289026
371, 2015-10-16 11:00:00, 0.028818
372, 2015-10-16 12:00:00, 0.0287338
373, 2015-10-16 13:00:00, 0.0286498
374, 2015-10-16 14:00:00, 0.0285996
375, 2015-10-16 15:00:00, 0.0284979
376, 2015-10-16 16:00:00, 0.0284117
377, 2015-10-16 17:00:00, 0.0283166
378, 2015-10-16 18:00:00, 0.028234
379, 2015-10-16 19:00:00, 0.0281516
380, 2015-10-16 20:00:00, 0.0280695
381, 2015-10-16 21:00:00, 0.0279877
382, 2015-10-16 22:00:00, 0.0279061
383, 2015-10-16 23:00:00, 0.0278248
384, 2015-10-17 00:00:00, 0.0277437
385, 2015-10-17 01:00:00, 0.027663
386, 2015-10-17 02:00:00, 0.0275824
387, 2015-10-17 03:00:00, 0.0275022
388, 2015-10-17 04:00:00, 0.0274221
389, 2015-10-17 05:00:00, 0.0273424
390, 2015-10-17 06:00:00, 0.0272629
391, 2015-10-17 07:00:00, 0.0271836
392, 2015-10-17 08:00:00, 0.0271046
393, 2015-10-17 09:00:00, 0.0270259
394, 2015-10-17 10:00:00, 0.0269474
395, 2015-10-17 11:00:00, 0.0268691
396, 2015-10-17 12:00:00, 0.0267911
397, 2015-10-17 13:00:00, 0.0267134
398, 2015-10-17 14:00:00, 0.0266359
399, 2015-10-17 15:00:00, 0.0265587
400, 2015-10-17 16:00:00, 0.0264816
401, 2015-10-17 17:00:00, 0.0264049
402, 2015-10-17 18:00:00, 0.0263284
403, 2015-10-17 19:00:00, 0.0262521
404, 2015-10-17 20:00:00, 0.0261761
405, 2015-10-17 21:00:00, 0.0261003
406, 2015-10-17 22:00:00, 0.0260247
407, 2015-10-17 23:00:00, 0.0259494
408, 2015-10-18 00:00:00, 0.0258743
409, 2015-10-18 01:00:00, 0.0257995
410, 2015-10-18 02:00:00, 0.0257249
411, 2015-10-18 03:00:00, 0.0256506
412, 2015-10-18 04:00:00, 0.0255764
413, 2015-10-18 05:00:00, 0.0255025
414, 2015-10-18 06:00:00, 0.0254289
415, 2015-10-18 07:00:00, 0.0253555
416, 2015-10-18 08:00:00, 0.0252823
417, 2015-10-18 09:00:00, 0.0252093
418, 2015-10-18 10:00:00, 0.0251366
419, 2015-10-18 11:00:00, 0.0250641
420, 2015-10-18 12:00:00, 0.0249918
421, 2015-10-18 13:00:00, 0.0249198
422, 2015-10-18 14:00:00, 0.0248479
423, 2015-10-18 15:00:00, 0.0247763
424, 2015-10-18 16:00:00, 0.024705
425, 2015-10-18 17:00:00, 0.0246338
426, 2015-10-18 18:00:00, 0.0245629
427, 2015-10-18 19:00:00, 0.0244922
428, 2015-10-18 20:00:00, 0.0244217
429, 2015-10-18 21:00:00, 0.0243515
430, 2015-10-18 22:00:00, 0.0242814
431, 2015-10-18 23:00:00, 0.0242116
432, 2015-10-19 00:00:00, 0.024142
433, 2015-10-19 01:00:00, 0.0240727
434, 2015-10-19 02:00:00, 0.0240035
435, 2015-10-19 03:00:00, 0.0239345
436, 2015-10-19 04:00:00, 0.0238658
437, 2015-10-19 05:00:00, 0.0237973
438, 2015-10-19 06:00:00, 0.023729
439, 2015-10-19 07:00:00, 0.0236609
440, 2015-10-19 08:00:00, 0.023593
441, 2015-10-19 09:00:00, 0.0235254
442, 2015-10-19 10:00:00, 0.0234579
443, 2015-10-19 11:00:00, 0.0233907
444, 2015-10-19 12:00:00, 0.0233236
445, 2015-10-19 13:00:00, 0.0232568
446, 2015-10-19 14:00:00, 0.0231902
447, 2015-10-19 15:00:00, 0.0231238
448, 2015-10-19 16:00:00, 0.0230576
449, 2015-10-19 17:00:00, 0.0229916
450, 2015-10-19 18:00:00, 0.0229258
451, 2015-10-19 19:00:00, 0.0228602
452, 2015-10-19 20:00:00, 0.0227948
453, 2015-10-19 21:00:00, 0.0227296
454, 2015-10-19 22:00:00, 0.0226647
455, 2015-10-19 23:00:00, 0.0225999
456, 2015-10-20 00:00:00, 0.0225353
457, 2015-10-20 01:00:00, 0.0224709
458, 2015-10-20 02:00:00, 0.0224068
459, 2015-10-20 03:00:00, 0.0223428
460, 2015-10-20 04:00:00, 0.022279
461, 2015-10-20 05:00:00, 0.0222154
462, 2015-10-20 06:00:00, 0.022152
463, 2015-10-20 07:00:00, 0.0220888
464, 2015-10-20 08:00:00, 0.0220258
465, 2015-10-20 09:00:00, 0.021963
466, 2015-10-20 10:00:00, 0.0219004
467, 2015-10-20 11:00:00, 0.021838
468, 2015-10-20 12:00:00, 0.0217758
469, 2015-10-20 13:00:00, 0.0217138
470, 2015-10-20 14:00:00, 0.0216519
471, 2015-10-20 15:00:00, 0.0215903
472, 2015-10-20 16:00:00, 0.0215288
473, 2015-10-20 17:00:00, 0.0214675
474, 2015-10-20 18:00:00, 0.0214065
475, 2015-10-20 19:00:00, 0.0213456
476, 2015-10-20 20:00:00, 0.0212848
477, 2015-10-20 21:00:00, 0.0212243
478, 2015-10-20 22:00:00, 0.021164
479, 2015-10-20 23:00:00, 0.0211038
480, 2015-10-21 00:00:00, 0.0210439
481, 2015-10-21 01:00:00, 0.0209841
482, 2015-10-21 02:00:00, 0.0209245
483, 2015-10-21 03:00:00, 0.0208651
484, 2015-10-21 04:00:00, 0.0208058
485, 2015-10-21 05:00:00, 0.0207468
486, 2015-10-21 06:00:00, 0.0206879
487, 2015-10-21 07:00:00, 0.0206292
488, 2015-10-21 08:00:00, 0.0205707
489, 2015-10-21 09:00:00, 0.0205124
490, 2015-10-21 10:00:00, 0.0204542
491, 2015-10-21 11:00:00, 0.0203962
492, 2015-10-21 12:00:00, 0.0203384
493, 2015-10-21 13:00:00, 0.0202808
494, 2015-10-21 14:00:00, 0.0202233
495, 2015-10-21 15:00:00, 0.0201661
496, 2015-10-21 16:00:00, 0.020109
497, 2015-10-21 17:00:00, 0.020052
498, 2015-10-21 18:00:00, 0.0199953
499, 2015-10-21 19:00:00, 0.0199387
500, 2015-10-21 20:00:00, 0.0198823
501, 2015-10-21 21:00:00, 0.0198261
502, 2015-10-21 22:00:00, 0.01977
503, 2015-10-21 23:00:00, 0.0197141
504, 2015-10-22 00:00:00, 0.0196584
505, 2015-10-22 01:00:00, 0.0196028
506, 2015-10-22 02:00:00, 0.0195474
507, 2015-10-22 03:00:00, 0.0194922
508, 2015-10-22 04:00:00, 0.0194371
509, 2015-10-22 05:00:00, 0.0193823
510, 2015-10-22 06:00:00, 0.0193275
511, 2015-10-22 07:00:00, 0.019273
512, 2015-10-22 08:00:00, 0.0192186
513, 2015-10-22 09:00:00, 0.0191644
514, 2015-10-22 10:00:00, 0.0191103
515, 2015-10-22 11:00:00, 0.0190564
516, 2015-10-22 12:00:00, 0.0190027
517, 2015-10-22 13:00:00, 0.0189491
518, 2015-10-22 14:00:00, 0.0188957
519, 2015-10-22 15:00:00, 0.0188424
520, 2015-10-22 16:00:00, 0.0187893
521, 2015-10-22 17:00:00, 0.0187364
522, 2015-10-22 18:00:00, 0.0186837
523, 2015-10-22 19:00:00, 0.018631
524, 2015-10-22 20:00:00, 0.0185786
525, 2015-10-22 21:00:00, 0.0185263
526, 2015-10-22 22:00:00, 0.0184742
527, 2015-10-22 23:00:00, 0.0184222
528, 2015-10-23 00:00:00, 0.0183704
529, 2015-10-23 01:00:00, 0.0183187
530, 2015-10-23 02:00:00, 0.0182672
531, 2015-10-23 03:00:00, 0.0182158
532, 2015-10-23 04:00:00, 0.0181646
533, 2015-10-23 05:00:00, 0.0181136
534, 2015-10-23 06:00:00, 0.0180627
535, 2015-10-23 07:00:00, 0.0180119
536, 2015-10-23 08:00:00, 0.0179613
537, 2015-10-23 09:00:00, 0.0179109
538, 2015-10-23 10:00:00, 0.0178606
539, 2015-10-23 11:00:00, 0.0178105
540, 2015-10-23 12:00:00, 0.0177605
541, 2015-10-23 13:00:00, 0.0177107
542, 2015-10-23 14:00:00, 0.017661
543, 2015-10-23 15:00:00, 0.0176114
544, 2015-10-23 16:00:00, 0.0175621
545, 2015-10-23 17:00:00, 0.0175128
546, 2015-10-23 18:00:00, 0.0174637
547, 2015-10-23 19:00:00, 0.0174148
548, 2015-10-23 20:00:00, 0.017366
549, 2015-10-23 21:00:00, 0.0173173
550, 2015-10-23 22:00:00, 0.0172688
551, 2015-10-23 23:00:00, 0.0172204
552, 2015-10-24 00:00:00, 0.0171722
553, 2015-10-24 01:00:00, 0.0171241
554, 2015-10-24 02:00:00, 0.0170762
555, 2015-10-24 03:00:00, 0.0170284
556, 2015-10-24 04:00:00, 0.0169808
557, 2015-10-24 05:00:00, 0.0169332
558, 2015-10-24 06:00:00, 0.0168859
559, 2015-10-24 07:00:00, 0.0168387
560, 2015-10-24 08:00:00, 0.0167916
561, 2015-10-24 09:00:00, 0.0167446
562, 2015-10-24 10:00:00, 0.0166978
563, 2015-10-24 11:00:00, 0.0166512
564, 2015-10-24 12:00:00, 0.0166046
565, 2015-10-24 13:00:00, 0.0165582
566, 2015-10-24 14:00:00, 0.016512
567, 2015-10-24 15:00:00, 0.0164659
568, 2015-10-24 16:00:00, 0.0164199
569, 2015-10-24 17:00:00, 0.0163741
570, 2015-10-24 18:00:00, 0.0163283
571, 2015-10-24 19:00:00, 0.0162828
572, 2015-10-24 20:00:00, 0.0162373
573, 2015-10-24 21:00:00, 0.016192
574, 2015-10-24 22:00:00, 0.0161469
575, 2015-10-24 23:00:00, 0.0161018
576, 2015-10-25 00:00:00, 0.0160569
577, 2015-10-25 01:00:00, 0.0160122
578, 2015-10-25 02:00:00, 0.0159676
579, 2015-10-25 03:00:00, 0.015923
580, 2015-10-25 04:00:00, 0.0158787
581, 2015-10-25 05:00:00, 0.0158344
582, 2015-10-25 06:00:00, 0.0157903
583, 2015-10-25 07:00:00, 0.0157464
584, 2015-10-25 08:00:00, 0.0157025
585, 2015-10-25 09:00:00, 0.0156588
586, 2015-10-25 10:00:00, 0.0156152
587, 2015-10-25 11:00:00, 0.0155717
588, 2015-10-25 12:00:00, 0.0157526
589, 2015-10-25 13:00:00, 0.0156046
590, 2015-10-25 14:00:00, 0.0155478
591, 2015-10-25 15:00:00, 0.0154129
592, 2015-10-25 16:00:00, 0.0153675
593, 2015-10-25 17:00:00, 0.015316
594, 2015-10-25 18:00:00, 0.015273
595, 2015-10-25 19:00:00, 0.0152286
596, 2015-10-25 20:00:00, 0.0151863
597, 2015-10-25 21:00:00, 0.0151441
598, 2015-10-25 22:00:00, 0.015102
599, 2015-10-25 23:00:00, 0.0150601
600, 2015-10-26 00:00:00, 0.0150183
601, 2015-10-26 01:00:00, 0.0149766
602, 2015-10-26 02:00:00, 0.014935
603, 2015-10-26 03:00:00, 0.0148935
604, 2015-10-26 04:00:00, 0.0148522
605, 2015-10-26 05:00:00, 0.014811
606, 2015-10-26 06:00:00, 0.0147699
607, 2015-10-26 07:00:00, 0.0147289
608, 2015-10-26 08:00:00, 0.014688
609, 2015-10-26 09:00:00, 0.0146473
610, 2015-10-26 10:00:00, 0.0146067
611, 2015-10-26 11:00:00, 0.0145662
612, 2015-10-26 12:00:00, 0.0145258
613, 2015-10-26 13:00:00, 0.0144855
614, 2015-10-26 14:00:00, 0.0144454
615, 2015-10-26 15:00:00, 0.0144054
616, 2015-10-26 16:00:00, 0.0143655
617, 2015-10-26 17:00:00, 0.0143257
618, 2015-10-26 18:00:00, 0.014286
619, 2015-10-26 19:00:00, 0.0142464
620, 2015-10-26 20:00:00, 0.014207
621, 2015-10-26 21:00:00, 0.0141677
622, 2015-10-26 22:00:00, 0.0141285
623, 2015-10-26 23:00:00, 0.0140894
624, 2015-10-27 00:00:00, 0.0140504
625, 2015-10-27 01:00:00, 0.0140115
626, 2015-10-27 02:00:00, 0.0139727
627, 2015-10-27 03:00:00, 0.0139341
628, 2015-10-27 04:00:00, 0.0138956
629, 2015-10-27 05:00:00, 0.0138571
630, 2015-10-27 06:00:00, 0.0138188
631, 2015-10-27 07:00:00, 0.0137806
632, 2015-10-27 08:00:00, 0.0137425
633, 2015-10-27 09:00:00, 0.0137046
634, 2015-10-27 10:00:00, 0.0136667
635, 2015-10-27 11:00:00, 0.013629
636, 2015-10-27 12:00:00, 0.0135913
637, 2015-10-27 13:00:00, 0.0135538
638, 2015-10-27 14:00:00, 0.0135163
639, 2015-10-27 15:00:00, 0.013479
640, 2015-10-27 16:00:00, 0.0134418
641, 2015-10-27 17:00:00, 0.0134047
642, 2015-10-27 18:00:00, 0.0133677
643, 2015-10-27 19:00:00, 0.0133308
644, 2015-10-27 20:00:00, 0.0132941
645, 2015-10-27 21:00:00, 0.0132574
646, 2015-10-27 22:00:00, 0.0132208
647, 2015-10-27 23:00:00, 0.0131844
648, 2015-10-28 00:00:00, 0.013148
649, 2015-10-28 01:00:00, 0.0131117
650, 2015-10-28 02:00:00, 0.0130756
651, 2015-10-28 03:00:00, 0.0130396
652, 2015-10-28 04:00:00, 0.0130036
653, 2015-10-28 05:00:00, 0.0129678
654, 2015-10-28 06:00:00, 0.0129321
655, 2015-10-28 07:00:00, 0.0128964
656, 2015-10-28 08:00:00, 0.0128609
657, 2015-10-28 09:00:00, 0.0128255
658, 2015-10-28 10:00:00, 0.0127902
659, 2015-10-28 11:00:00, 0.012755
660, 2015-10-28 12:00:00, 0.0127199
661, 2015-10-28 13:00:00, 0.0126849
662, 2015-10-28 14:00:00, 0.0126499
663, 2015-10-28 15:00:00, 0.0126151
664, 2015-10-28 16:00:00, 0.0125804
665, 2015-10-28 17:00:00, 0.0125458
666, 2015-10-28 18:00:00, 0.0125124
667, 2015-10-28 19:00:00, 0.0207792
668, 2015-10-28 20:00:00, 0.0222837
669, 2015-10-28 21:00:00, 0.0224446
670, 2015-10-28 22:00:00, 0.0195093
671, 2015-10-28 23:00:00, 0.0409311
672, 2015-10-29 00:00:00, 0.0623409
673, 2015-10-29 01:00:00, 0.167095
674, 2015-10-29 02:00:00, 0.105541
675, 2015-10-29 03:00:00, 0.358509
676, 2015-10-29 04:00:00, 0.369416
677, 2015-10-29 05:00:00, 0.229294
678, 2015-10-29 06:00:00, 0.111898
679, 2015-10-29 07:00:00, 0.0892178
680, 2015-10-29 08:00:00, 0.0782669
681, 2015-10-29 09:00:00, 0.0636768
682, 2015-10-29 10:00:00, 0.0352449
683, 2015-10-29 11:00:00, 0.0195519
684, 2015-10-29 12:00:00, 0.0371067
685, 2015-10-29 13:00:00, 0.0239632
686, 2015-10-29 14:00:00, 0.0209626
687, 2015-10-29 15:00:00, 0.0123883
688, 2015-10-29 16:00:00, 0.0117767
689, 2015-10-29 17:00:00, 0.0117444
690, 2015-10-29 18:00:00, 0.0117122
691, 2015-10-29 19:00:00, 0.0116801
692, 2015-10-29 20:00:00, 0.0116481
693, 2015-10-29 21:00:00, 0.0116162
694, 2015-10-29 22:00:00, 0.0115843
695, 2015-10-29 23:00:00, 0.0115526
696, 2015-10-30 00:00:00, 0.0115209
697, 2015-10-30 01:00:00, 0.0114894
698, 2015-10-30 02:00:00, 0.0114579
699, 2015-10-30 03:00:00, 0.0114265
700, 2015-10-30 04:00:00, 0.0113952
701, 2015-10-30 05:00:00, 0.011364
702, 2015-10-30 06:00:00, 0.0113329
703, 2015-10-30 07:00:00, 0.0113019
704, 2015-10-30 08:00:00, 0.0112709
705, 2015-10-30 09:00:00, 0.0112401
706, 2015-10-30 10:00:00, 0.0112093
707, 2015-10-30 11:00:00, 0.0111786
708, 2015-10-30 12:00:00, 0.0111481
709, 2015-10-30 13:00:00, 0.0111176
710, 2015-10-30 14:00:00, 0.0110872
711, 2015-10-30 15:00:00, 0.0110568
712, 2015-10-30 16:00:00, 0.0110266
713, 2015-10-30 17:00:00, 0.0109964
714, 2015-10-30 18:00:00, 0.0109664
715, 2015-10-30 19:00:00, 0.0109364
716, 2015-10-30 20:00:00, 0.0109065
717, 2015-10-30 21:00:00, 0.0108767
718, 2015-10-30 22:00:00, 0.010847
719, 2015-10-30 23:00:00, 0.0108173
720, 2015-10-31 00:00:00, 0.0107878
721, 2015-10-31 01:00:00, 0.0107583
722, 2015-10-31 02:00:00, 0.0107289
723, 2015-10-31 03:00:00, 0.0106996
724, 2015-10-31 04:00:00, 0.0106704
725, 2015-10-31 05:00:00, 0.0106412
726, 2015-10-31 06:00:00, 0.0106122
727, 2015-10-31 07:00:00, 0.0105832
728, 2015-10-31 08:00:00, 0.0105543
729, 2015-10-31 09:00:00, 0.0105255
730, 2015-10-31 10:00:00, 0.0104968
731, 2015-10-31 11:00:00, 0.0104681
732, 2015-10-31 12:00:00, 0.0104396
733, 2015-10-31 13:00:00, 0.0104111
734, 2015-10-31 14:00:00, 0.0103827
735, 2015-10-31 15:00:00, 0.0103544
736, 2015-10-31 16:00:00, 0.0103261
737, 2015-10-31 17:00:00, 0.010298
738, 2015-10-31 18:00:00, 0.0102699
739, 2015-10-31 19:00:00, 0.0102419
740, 2015-10-31 20:00:00, 0.010214
741, 2015-10-31 21:00:00, 0.0101861
742, 2015-10-31 22:00:00, 0.0101584
743, 2015-10-31 23:00:00, 0.0101307
744, 2015-11-01 00:00:00, 0.0101031
745, 2015-11-01 01:00:00, 0.0100756
746, 2015-11-01 02:00:00, 0.0100481
747, 2015-11-01 03:00:00, 0.0100207
748, 2015-11-01 04:00:00, 0.00999343
749, 2015-11-01 05:00:00, 0.00996622
750, 2015-11-01 06:00:00, 0.00993908
751, 2015-11-01 07:00:00, 0.00991201
752, 2015-11-01 08:00:00, 0.00988502
753, 2015-11-01 09:00:00, 0.00985811
754, 2015-11-01 10:00:00, 0.00983128
755, 2015-11-01 11:00:00, 0.00980452
756, 2015-11-01 12:00:00, 0.00977784
757, 2015-11-01 13:00:00, 0.00975123
758, 2015-11-01 14:00:00, 0.0097247
759, 2015-11-01 15:00:00, 0.00969824
760, 2015-11-01 16:00:00, 0.00967186
761, 2015-11-01 17:00:00, 0.00964555
762, 2015-11-01 18:00:00, 0.00961931
763, 2015-11-01 19:00:00, 0.00959315
764, 2015-11-01 20:00:00, 0.00956707
765, 2015-11-01 21:00:00, 0.00954105
766, 2015-11-01 22:00:00, 0.00951511
767, 2015-11-01 23:00:00, 0.00948925
768, 2015-11-02 00:00:00, 0.00946345
769, 2015-11-02 01:00:00, 0.00943773
770, 2015-11-02 02:00:00, 0.00941208
771, 2015-11-02 03:00:00, 0.00938651
772, 2015-11-02 04:00:00, 0.009361
773, 2015-11-02 05:00:00, 0.00933557
774, 2015-11-02 06:00:00, 0.00931021
775, 2015-11-02 07:00:00, 0.00928492
776, 2015-11-02 08:00:00, 0.0092597
777, 2015-11-02 09:00:00, 0.00923456
778, 2015-11-02 10:00:00, 0.00920948
779, 2015-11-02 11:00:00, 0.00918448
780, 2015-11-02 12:00:00, 0.00915954
781, 2015-11-02 13:00:00, 0.00913467
782, 2015-11-02 14:00:00, 0.00910988
783, 2015-11-02 15:00:00, 0.00908515
784, 2015-11-02 16:00:00, 0.0090605
785, 2015-11-02 17:00:00, 0.00903591
786, 2015-11-02 18:00:00, 0.00901139
787, 2015-11-02 19:00:00, 0.00898694
788, 2015-11-02 20:00:00, 0.00896256
789, 2015-11-02 21:00:00, 0.00893825
790, 2015-11-02 22:00:00, 0.00891401
791, 2015-11-02 23:00:00, 0.00888983
792, 2015-11-03 00:00:00, 0.00886573
793, 2015-11-03 01:00:00, 0.00884169
794, 2015-11-03 02:00:00, 0.00881771
795, 2015-11-03 03:00:00, 0.00879381
796, 2015-11-03 04:00:00, 0.00876997
797, 2015-11-03 05:00:00, 0.0087462
798, 2015-11-03 06:00:00, 0.00872249
799, 2015-11-03 07:00:00, 0.00869886
800, 2015-11-03 08:00:00, 0.00867528
801, 2015-11-03 09:00:00, 0.00865178
802, 2015-11-03 10:00:00, 0.00862834
803, 2015-11-03 11:00:00, 0.00860496
804, 2015-11-03 12:00:00, 0.00858165
805, 2015-11-03 13:00:00, 0.00855841
806, 2015-11-03 14:00:00, 0.00853523
807, 2015-11-03 15:00:00, 0.00851212
808, 2015-11-03 16:00:00, 0.00848907
809, 2015-11-03 17:00:00, 0.00846608
810, 2015-11-03 18:00:00, 0.00844316
811, 2015-11-03 19:00:00, 0.00842031
812, 2015-11-03 20:00:00, 0.00839751
813, 2015-11-03 21:00:00, 0.00837479
814, 2015-11-03 22:00:00, 0.00835212
815, 2015-11-03 23:00:00, 0.00832952
816, 2015-11-04 00:00:00, 0.00830698
817, 2015-11-04 01:00:00, 0.00828451
818, 2015-11-04 02:00:00, 0.00826209
819, 2015-11-04 03:00:00, 0.00823974
820, 2015-11-04 04:00:00, 0.00821745
821, 2015-11-04 05:00:00, 0.00819523
822, 2015-11-04 06:00:00, 0.00817307
823, 2015-11-04 07:00:00, 0.00815096
824, 2015-11-04 08:00:00, 0.00812892
825, 2015-11-04 09:00:00, 0.00810695
826, 2015-11-04 10:00:00, 0.00808503
827, 2015-11-04 11:00:00, 0.00806317
828, 2015-11-04 12:00:00, 0.00804138
829, 2015-11-04 13:00:00, 0.00801964
830, 2015-11-04 14:00:00, 0.00799797
831, 2015-11-04 15:00:00, 0.00797636
832, 2015-11-04 16:00:00, 0.0079548
833, 2015-11-04 17:00:00, 0.00793331
834, 2015-11-04 18:00:00, 0.00791188
835, 2015-11-04 19:00:00, 0.0078905
836, 2015-11-04 20:00:00, 0.00786919
837, 2015-11-04 21:00:00, 0.00784794
838, 2015-11-04 22:00:00, 0.00782674
839, 2015-11-04 23:00:00, 0.0078056
840, 2015-11-05 00:00:00, 0.00778453
841, 2015-11-05 01:00:00, 0.00776351
842, 2015-11-05 02:00:00, 0.00774255
843, 2015-11-05 03:00:00, 0.00772165
844, 2015-11-05 04:00:00, 0.0077008
845, 2015-11-05 05:00:00, 0.00768002
846, 2015-11-05 06:00:00, 0.00765929
847, 2015-11-05 07:00:00, 0.00763862
848, 2015-11-05 08:00:00, 0.007618
849, 2015-11-05 09:00:00, 0.00759745
850, 2015-11-05 10:00:00, 0.00757695
851, 2015-11-05 11:00:00, 0.00755651
852, 2015-11-05 12:00:00, 0.00753612
853, 2015-11-05 13:00:00, 0.00751579
854, 2015-11-05 14:00:00, 0.00749552
855, 2015-11-05 15:00:00, 0.00747531
856, 2015-11-05 16:00:00, 0.00745515
857, 2015-11-05 17:00:00, 0.00743504
858, 2015-11-05 18:00:00, 0.007415
859, 2015-11-05 19:00:00, 0.00739501
860, 2015-11-05 20:00:00, 0.00737507
861, 2015-11-05 21:00:00, 0.00735519
862, 2015-11-05 22:00:00, 0.00733536
863, 2015-11-05 23:00:00, 0.00731559
864, 2015-11-06 00:00:00, 0.00729587
865, 2015-11-06 01:00:00, 0.00727621
866, 2015-11-06 02:00:00, 0.00725661
867, 2015-11-06 03:00:00, 0.00723705
868, 2015-11-06 04:00:00, 0.00721755
869, 2015-11-06 05:00:00, 0.00719811
870, 2015-11-06 06:00:00, 0.00717872
871, 2015-11-06 07:00:00, 0.00715938
872, 2015-11-06 08:00:00, 0.0071401
873, 2015-11-06 09:00:00, 0.00712087
874, 2015-11-06 10:00:00, 0.00710169
875, 2015-11-06 11:00:00, 0.00708257
876, 2015-11-06 12:00:00, 0.0070635
877, 2015-11-06 13:00:00, 0.00704448
878, 2015-11-06 14:00:00, 0.00702551
879, 2015-11-06 15:00:00, 0.0070066
880, 2015-11-06 16:00:00, 0.00698774
881, 2015-11-06 17:00:00, 0.00696893
882, 2015-11-06 18:00:00, 0.00695018
883, 2015-11-06 19:00:00, 0.00693147
884, 2015-11-06 20:00:00, 0.00691282
885, 2015-11-06 21:00:00, 0.00689422
886, 2015-11-06 22:00:00, 0.00687567
887, 2015-11-06 23:00:00, 0.00685717
888, 2015-11-07 00:00:00, 0.00683872
889, 2015-11-07 01:00:00, 0.00682033
890, 2015-11-07 02:00:00, 0.00680198
891, 2015-11-07 03:00:00, 0.00678369
892, 2015-11-07 04:00:00, 0.00676544
893, 2015-11-07 05:00:00, 0.00674725
894, 2015-11-07 06:00:00, 0.0067291
895, 2015-11-07 07:00:00, 0.00671101
896, 2015-11-07 08:00:00, 0.00669297
897, 2015-11-07 09:00:00, 0.00667497
898, 2015-11-07 10:00:00, 0.00665703
899, 2015-11-07 11:00:00, 0.00663913
900, 2015-11-07 12:00:00, 0.00662129
901, 2015-11-07 13:00:00, 0.00660349
902, 2015-11-07 14:00:00, 0.00658574
903, 2015-11-07 15:00:00, 0.00656805
904, 2015-11-07 16:00:00, 0.0065504
905, 2015-11-07 17:00:00, 0.0065328
906, 2015-11-07 18:00:00, 0.00651524
907, 2015-11-07 19:00:00, 0.00649774
908, 2015-11-07 20:00:00, 0.00648029
909, 2015-11-07 21:00:00, 0.00646288
910, 2015-11-07 22:00:00, 0.00644552
911, 2015-11-07 23:00:00, 0.00642821
912, 2015-11-08 00:00:00, 0.00641094
913, 2015-11-08 01:00:00, 0.00639373
914, 2015-11-08 02:00:00, 0.00637656
915, 2015-11-08 03:00:00, 0.00635943
916, 2015-11-08 04:00:00, 0.00634236
917, 2015-11-08 05:00:00, 0.00632533
918, 2015-11-08 06:00:00, 0.00630835
919, 2015-11-08 07:00:00, 0.00629142
920, 2015-11-08 08:00:00, 0.00627453
921, 2015-11-08 09:00:00, 0.00625769
922, 2015-11-08 10:00:00, 0.00624089
923, 2015-11-08 11:00:00, 0.00622415
924, 2015-11-08 12:00:00, 0.00620744
925, 2015-11-08 13:00:00, 0.00619079
926, 2015-11-08 14:00:00, 0.00617418
927, 2015-11-08 15:00:00, 0.00615761
928, 2015-11-08 16:00:00, 0.00614109
929, 2015-11-08 17:00:00, 0.00612462
930, 2015-11-08 18:00:00, 0.00610819
931, 2015-11-08 19:00:00, 0.0060918
932, 2015-11-08 20:00:00, 0.00607546
933, 2015-11-08 21:00:00, 0.00605917
934, 2015-11-08 22:00:00, 0.00604292
935, 2015-11-08 23:00:00, 0.00602672
936, 2015-11-09 00:00:00, 0.00601056
937, 2015-11-09 01:00:00, 0.00599444
938, 2015-11-09 02:00:00, 0.00597837
939, 2015-11-09 03:00:00, 0.00596234
940, 2015-11-09 04:00:00, 0.00594636
941, 2015-11-09 05:00:00, 0.00593042
942, 2015-11-09 06:00:00, 0.00591452
943, 2015-11-09 07:00:00, 0.00589867
944, 2015-11-09 08:00:00, 0.00588286
945, 2015-11-09 09:00:00, 0.0058671
946, 2015-11-09 10:00:00, 0.00585137
947, 2015-11-09 11:00:00, 0.0058357
948, 2015-11-09 12:00:00, 0.00582006
949, 2015-11-09 13:00:00, 0.00580447
950, 2015-11-09 14:00:00, 0.00578892
951, 2015-11-09 15:00:00, 0.00577341
952, 2015-11-09 16:00:00, 0.00575794
953, 2015-11-09 17:00:00, 0.00574252
954, 2015-11-09 18:00:00, 0.00572714
955, 2015-11-09 19:00:00, 0.0057118
956, 2015-11-09 20:00:00, 0.0056965
957, 2015-11-09 21:00:00, 0.00568125
958, 2015-11-09 22:00:00, 0.00566604
959, 2015-11-09 23:00:00, 0.00565087
960, 2015-11-10 00:00:00, 0.00563574
961, 2015-11-10 01:00:00, 0.00562065
962, 2015-11-10 02:00:00, 0.0056056
963, 2015-11-10 03:00:00, 0.00559059
964, 2015-11-10 04:00:00, 0.00557563
965, 2015-11-10 05:00:00, 0.00556071
966, 2015-11-10 06:00:00, 0.00554582
967, 2015-11-10 07:00:00, 0.00553098
968, 2015-11-10 08:00:00, 0.00551618
969, 2015-11-10 09:00:00, 0.00550142
970, 2015-11-10 10:00:00, 0.0054867
971, 2015-11-10 11:00:00, 0.00547202
972, 2015-11-10 12:00:00, 0.00545738
973, 2015-11-10 13:00:00, 0.00544278
974, 2015-11-10 14:00:00, 0.00542821
975, 2015-11-10 15:00:00, 0.00541369
976, 2015-11-10 16:00:00, 0.00539921
977, 2015-11-10 17:00:00, 0.00538477
978, 2015-11-10 18:00:00, 0.00537037
979, 2015-11-10 19:00:00, 0.00561785
980, 2015-11-10 20:00:00, 0.00672726
981, 2015-11-10 21:00:00, 0.0092843
982, 2015-11-10 22:00:00, 0.00946155
983, 2015-11-10 23:00:00, 0.00793836
984, 2015-11-11 00:00:00, 0.00629494
985, 2015-11-11 01:00:00, 0.0061685
986, 2015-11-11 02:00:00, 0.00729612
987, 2015-11-11 03:00:00, 0.0062829
988, 2015-11-11 04:00:00, 0.00584811
989, 2015-11-11 05:00:00, 0.00521452
990, 2015-11-11 06:00:00, 0.00520058
991, 2015-11-11 07:00:00, 0.00518668
992, 2015-11-11 08:00:00, 0.00517282
993, 2015-11-11 09:00:00, 0.0051616
994, 2015-11-11 10:00:00, 0.00514639
995, 2015-11-11 11:00:00, 0.00513241
996, 2015-11-11 12:00:00, 0.00512171
997, 2015-11-11 13:00:00, 0.00612386
998, 2015-11-11 14:00:00, 0.0055546
999, 2015-11-11 15:00:00, 0.00544702
1000, 2015-11-11 16:00:00, 0.00506328
1001, 2015-11-11 17:00:00, 0.00504976
1002, 2015-11-11 18:00:00, 0.00503627
1003, 2015-11-11 19:00:00, 0.00502282
1004, 2015-11-11 20:00:00, 0.0050094
1005, 2015-11-11 21:00:00, 0.00499602
1006, 2015-11-11 22:00:00, 0.00498268
1007, 2015-11-11 23:00:00, 0.00496938
1008, 2015-11-12 00:00:00, 0.00495611
1009, 2015-11-12 01:00:00, 0.00494288
1010, 2015-11-12 02:00:00, 0.00492968
1011, 2015-11-12 03:00:00, 0.00491652
1012, 2015-11-12 04:00:00, 0.00490339
1013, 2015-11-12 05:00:00, 0.0048903
1014, 2015-11-12 06:00:00, 0.00487725
1015, 2015-11-12 07:00:00, 0.00486423
1016, 2015-11-12 08:00:00, 0.00485125
1017, 2015-11-12 09:00:00, 0.0048383
1018, 2015-11-12 10:00:00, 0.00482539
1019, 2015-11-12 11:00:00, 0.00481251
1020, 2015-11-12 12:00:00, 0.00479967
1021, 2015-11-12 13:00:00, 0.00478686
1022, 2015-11-12 14:00:00, 0.00477409
1023, 2015-11-12 15:00:00, 0.00476135
1024, 2015-11-12 16:00:00, 0.00475515
1025, 2015-11-12 17:00:00, 0.00495326
1026, 2015-11-12 18:00:00, 0.00486922
1027, 2015-11-12 19:00:00, 0.00490874
1028, 2015-11-12 20:00:00, 0.00475999
1029, 2015-11-12 21:00:00, 0.00472541
1030, 2015-11-12 22:00:00, 0.00467484
1031, 2015-11-12 23:00:00, 0.00466204
1032, 2015-11-13 00:00:00, 0.00470824
1033, 2015-11-13 01:00:00, 0.00466313
1034, 2015-11-13 02:00:00, 0.00464531
1035, 2015-11-13 03:00:00, 0.00461117
1036, 2015-11-13 04:00:00, 0.00459888
1037, 2015-11-13 05:00:00, 0.00458661
1038, 2015-11-13 06:00:00, 0.00457439
1039, 2015-11-13 07:00:00, 0.00456219
1040, 2015-11-13 08:00:00, 0.00455003
1041, 2015-11-13 09:00:00, 0.0045379
1042, 2015-11-13 10:00:00, 0.0045258
1043, 2015-11-13 11:00:00, 0.00451374
1044, 2015-11-13 12:00:00, 0.00450171
1045, 2015-11-13 13:00:00, 0.00448971
1046, 2015-11-13 14:00:00, 0.00447775
1047, 2015-11-13 15:00:00, 0.00446581
1048, 2015-11-13 16:00:00, 0.00445391
1049, 2015-11-13 17:00:00, 0.00444204
1050, 2015-11-13 18:00:00, 0.00443021
1051, 2015-11-13 19:00:00, 0.0044184
1052, 2015-11-13 20:00:00, 0.00440663
1053, 2015-11-13 21:00:00, 0.00439489
1054, 2015-11-13 22:00:00, 0.00438318
1055, 2015-11-13 23:00:00, 0.00437151
1056, 2015-11-14 00:00:00, 0.00435986
1057, 2015-11-14 01:00:00, 0.00434825
1058, 2015-11-14 02:00:00, 0.00433667
1059, 2015-11-14 03:00:00, 0.00440962
1060, 2015-11-14 04:00:00, 0.00435201
1061, 2015-11-14 05:00:00, 0.00433284
1062, 2015-11-14 06:00:00, 0.00429065
1063, 2015-11-14 07:00:00, 0.00427923
1064, 2015-11-14 08:00:00, 0.00426783
1065, 2015-11-14 09:00:00, 0.00425647
1066, 2015-11-14 10:00:00, 0.00424513
1067, 2015-11-14 11:00:00, 0.00423383
1068, 2015-11-14 12:00:00, 0.00422256
1069, 2015-11-14 13:00:00, 0.00421132
1070, 2015-11-14 14:00:00, 0.00420011
1071, 2015-11-14 15:00:00, 0.00418892
1072, 2015-11-14 16:00:00, 0.00417777
1073, 2015-11-14 17:00:00, 0.00416665
1074, 2015-11-14 18:00:00, 0.00415556
1075, 2015-11-14 19:00:00, 0.0041445
1076, 2015-11-14 20:00:00, 0.00413347
1077, 2015-11-14 21:00:00, 0.00412247
1078, 2015-11-14 22:00:00, 0.0041115
1079, 2015-11-14 23:00:00, 0.00410056
1080, 2015-11-15 00:00:00, 0.00408965
1081, 2015-11-15 01:00:00, 0.00407877
1082, 2015-11-15 02:00:00, 0.00406792
1083, 2015-11-15 03:00:00, 0.00405709
1084, 2015-11-15 04:00:00, 0.0040463
1085, 2015-11-15 05:00:00, 0.00403553
1086, 2015-11-15 06:00:00, 0.0040248
1087, 2015-11-15 07:00:00, 0.00401409
1088, 2015-11-15 08:00:00, 0.00400341
1089, 2015-11-15 09:00:00, 0.00399277
1090, 2015-11-15 10:00:00, 0.00398215
1091, 2015-11-15 11:00:00, 0.00397155
1092, 2015-11-15 12:00:00, 0.00396099
1093, 2015-11-15 13:00:00, 0.00395046
1094, 2015-11-15 14:00:00, 0.00393995
1095, 2015-11-15 15:00:00, 0.00392947
1096, 2015-11-15 16:00:00, 0.00391903
1097, 2015-11-15 17:00:00, 0.0039086
1098, 2015-11-15 18:00:00, 0.00389821
1099, 2015-11-15 19:00:00, 0.00388785
1100, 2015-11-15 20:00:00, 0.00387751
1101, 2015-11-15 21:00:00, 0.0038672
1102, 2015-11-15 22:00:00, 0.00385692
1103, 2015-11-15 23:00:00, 0.00384667
1104, 2015-11-16 00:00:00, 0.00383644
1105, 2015-11-16 01:00:00, 0.00382624
1106, 2015-11-16 02:00:00, 0.00381607
1107, 2015-11-16 03:00:00, 0.00380593
1108, 2015-11-16 04:00:00, 0.00379582
1109, 2015-11-16 05:00:00, 0.00378573
1110, 2015-11-16 06:00:00, 0.00377567
1111, 2015-11-16 07:00:00, 0.00376563
1112, 2015-11-16 08:00:00, 0.00375563
1113, 2015-11-16 09:00:00, 0.00374565
1114, 2015-11-16 10:00:00, 0.00373569
1115, 2015-11-16 11:00:00, 0.00372577
1116, 2015-11-16 12:00:00, 0.00371587
1117, 2015-11-16 13:00:00, 0.003706
1118, 2015-11-16 14:00:00, 0.00369615
1119, 2015-11-16 15:00:00, 0.00368633
1120, 2015-11-16 16:00:00, 0.00367654
1121, 2015-11-16 17:00:00, 0.00366677
1122, 2015-11-16 18:00:00, 0.00365703
1123, 2015-11-16 19:00:00, 0.00364732
1124, 2015-11-16 20:00:00, 0.00363763
1125, 2015-11-16 21:00:00, 0.00362797
1126, 2015-11-16 22:00:00, 0.00361833
1127, 2015-11-16 23:00:00, 0.00360872
1128, 2015-11-17 00:00:00, 0.00359914
1129, 2015-11-17 01:00:00, 0.00358958
1130, 2015-11-17 02:00:00, 0.00358005
1131, 2015-11-17 03:00:00, 0.00357054
1132, 2015-11-17 04:00:00, 0.00356106
1133, 2015-11-17 05:00:00, 0.00355161
1134, 2015-11-17 06:00:00, 0.00354218
1135, 2015-11-17 07:00:00, 0.00353277
1136, 2015-11-17 08:00:00, 0.00352339
1137, 2015-11-17 09:00:00, 0.00351404
1138, 2015-11-17 10:00:00, 0.00350471
1139, 2015-11-17 11:00:00, 0.0034954
1140, 2015-11-17 12:00:00, 0.00348613
1141, 2015-11-17 13:00:00, 0.00347687
1142, 2015-11-17 14:00:00, 0.00346764
1143, 2015-11-17 15:00:00, 0.00345844
1144, 2015-11-17 16:00:00, 0.00344926
1145, 2015-11-17 17:00:00, 0.00344011
1146, 2015-11-17 18:00:00, 0.00343098
1147, 2015-11-17 19:00:00, 0.00342187
1148, 2015-11-17 20:00:00, 0.00341279
1149, 2015-11-17 21:00:00, 0.00340373
1150, 2015-11-17 22:00:00, 0.0033947
1151, 2015-11-17 23:00:00, 0.00338569
1152, 2015-11-18 00:00:00, 0.00337671
1153, 2015-11-18 01:00:00, 0.00336775
1154, 2015-11-18 02:00:00, 0.00335882
1155, 2015-11-18 03:00:00, 0.00334991
1156, 2015-11-18 04:00:00, 0.00334102
1157, 2015-11-18 05:00:00, 0.00333215
1158, 2015-11-18 06:00:00, 0.00332332
1159, 2015-11-18 07:00:00, 0.0033145
1160, 2015-11-18 08:00:00, 0.00330571
1161, 2015-11-18 09:00:00, 0.00329694
1162, 2015-11-18 10:00:00, 0.00328819
1163, 2015-11-18 11:00:00, 0.00327947
1164, 2015-11-18 12:00:00, 0.00327077
1165, 2015-11-18 13:00:00, 0.0032621
1166, 2015-11-18 14:00:00, 0.00325345
1167, 2015-11-18 15:00:00, 0.00324482
1168, 2015-11-18 16:00:00, 0.00323622
1169, 2015-11-18 17:00:00, 0.00322763
1170, 2015-11-18 18:00:00, 0.00321908
1171, 2015-11-18 19:00:00, 0.00321054
1172, 2015-11-18 20:00:00, 0.00320203
1173, 2015-11-18 21:00:00, 0.00319354
1174, 2015-11-18 22:00:00, 0.00318507
1175, 2015-11-18 23:00:00, 0.00317663
1176, 2015-11-19 00:00:00, 0.0031682
1177, 2015-11-19 01:00:00, 0.00315981
1178, 2015-11-19 02:00:00, 0.00315143
1179, 2015-11-19 03:00:00, 0.00314307
1180, 2015-11-19 04:00:00, 0.00313474
1181, 2015-11-19 05:00:00, 0.00312643
1182, 2015-11-19 06:00:00, 0.00311815
1183, 2015-11-19 07:00:00, 0.00310988
1184, 2015-11-19 08:00:00, 0.00310164
1185, 2015-11-19 09:00:00, 0.00309342
1186, 2015-11-19 10:00:00, 0.00308522
1187, 2015-11-19 11:00:00, 0.00307707
1188, 2015-11-19 12:00:00, 0.00306892
1189, 2015-11-19 13:00:00, 0.00306077
1190, 2015-11-19 14:00:00, 0.00305265
1191, 2015-11-19 15:00:00, 0.00304456
1192, 2015-11-19 16:00:00, 0.00303649
1193, 2015-11-19 17:00:00, 0.00302845
1194, 2015-11-19 18:00:00, 0.00302042
1195, 2015-11-19 19:00:00, 0.00301242
1196, 2015-11-19 20:00:00, 0.00300457
1197, 2015-11-19 21:00:00, 0.00299654
1198, 2015-11-19 22:00:00, 0.00298859
1199, 2015-11-19 23:00:00, 0.00298062
1200, 2015-11-20 00:00:00, 0.00297273
1201, 2015-11-20 01:00:00, 0.00296485
1202, 2015-11-20 02:00:00, 0.002957
1203, 2015-11-20 03:00:00, 0.00512123
1204, 2015-11-20 04:00:00, 0.0377316
1205, 2015-11-20 05:00:00, 0.0680478
1206, 2015-11-20 06:00:00, 0.122401
1207, 2015-11-20 07:00:00, 0.168735
1208, 2015-11-20 08:00:00, 0.22777
1209, 2015-11-20 09:00:00, 0.11779
1210, 2015-11-20 10:00:00, 0.0596821
1211, 2015-11-20 11:00:00, 0.00635477
1212, 2015-11-20 12:00:00, 0.00287961
1213, 2015-11-20 13:00:00, 0.00287199
1214, 2015-11-20 14:00:00, 0.00286438
1215, 2015-11-20 15:00:00, 0.0028568
1216, 2015-11-20 16:00:00, 0.00284923
1217, 2015-11-20 17:00:00, 0.00284169
1218, 2015-11-20 18:00:00, 0.00283416
1219, 2015-11-20 19:00:00, 0.00282666
1220, 2015-11-20 20:00:00, 0.00281918
1221, 2015-11-20 21:00:00, 0.00281171
1222, 2015-11-20 22:00:00, 0.00280427
1223, 2015-11-20 23:00:00, 0.00279685
1224, 2015-11-21 00:00:00, 0.00278944
1225, 2015-11-21 01:00:00, 0.00278206
1226, 2015-11-21 02:00:00, 0.0027747
1227, 2015-11-21 03:00:00, 0.00276735
1228, 2015-11-21 04:00:00, 0.00276003
1229, 2015-11-21 05:00:00, 0.00275272
1230, 2015-11-21 06:00:00, 0.00274544
1231, 2015-11-21 07:00:00, 0.00273817
1232, 2015-11-21 08:00:00, 0.00273092
1233, 2015-11-21 09:00:00, 0.0027237
1234, 2015-11-21 10:00:00, 0.00271649
1235, 2015-11-21 11:00:00, 0.0027093
1236, 2015-11-21 12:00:00, 0.00270213
1237, 2015-11-21 13:00:00, 0.00269498
1238, 2015-11-21 14:00:00, 0.00268785
1239, 2015-11-21 15:00:00, 0.00268074
1240, 2015-11-21 16:00:00, 0.00267365
1241, 2015-11-21 17:00:00, 0.00266657
1242, 2015-11-21 18:00:00, 0.00265952
1243, 2015-11-21 19:00:00, 0.00265248
1244, 2015-11-21 20:00:00, 0.00264546
1245, 2015-11-21 21:00:00, 0.00263847
1246, 2015-11-21 22:00:00, 0.00263149
1247, 2015-11-21 23:00:00, 0.00262452
1248, 2015-11-22 00:00:00, 0.00261758
1249, 2015-11-22 01:00:00, 0.00261066
1250, 2015-11-22 02:00:00, 0.00260375
1251, 2015-11-22 03:00:00, 0.00259686
1252, 2015-11-22 04:00:00, 0.00259
1253, 2015-11-22 05:00:00, 0.00258315
1254, 2015-11-22 06:00:00, 0.00257631
1255, 2015-11-22 07:00:00, 0.0025695
1256, 2015-11-22 08:00:00, 0.00256271
1257, 2015-11-22 09:00:00, 0.00255593
1258, 2015-11-22 10:00:00, 0.00254917
1259, 2015-11-22 11:00:00, 0.00254243
1260, 2015-11-22 12:00:00, 0.0025357
1261, 2015-11-22 13:00:00, 0.002529
1262, 2015-11-22 14:00:00, 0.00252231
1263, 2015-11-22 15:00:00, 0.00251564
1264, 2015-11-22 16:00:00, 0.00250899
1265, 2015-11-22 17:00:00, 0.00250236
1266, 2015-11-22 18:00:00, 0.00249574
1267, 2015-11-22 19:00:00, 0.00248914
1268, 2015-11-22 20:00:00, 0.00248256
1269, 2015-11-22 21:00:00, 0.002476
1270, 2015-11-22 22:00:00, 0.00246945
1271, 2015-11-22 23:00:00, 0.00246292
1272, 2015-11-23 00:00:00, 0.00245641
1273, 2015-11-23 01:00:00, 0.00246537
1274, 2015-11-23 02:00:00, 0.00245158
1275, 2015-11-23 03:00:00, 0.00427142
1276, 2015-11-23 04:00:00, 0.003262
1277, 2015-11-23 05:00:00, 0.00308896
1278, 2015-11-23 06:00:00, 0.00241771
1279, 2015-11-23 07:00:00, 0.00241132
1280, 2015-11-23 08:00:00, 0.00240495
1281, 2015-11-23 09:00:00, 0.00239859
1282, 2015-11-23 10:00:00, 0.00239225
1283, 2015-11-23 11:00:00, 0.00238593
1284, 2015-11-23 12:00:00, 0.00237962
1285, 2015-11-23 13:00:00, 0.00237334
1286, 2015-11-23 14:00:00, 0.00236706
1287, 2015-11-23 15:00:00, 0.00236081
1288, 2015-11-23 16:00:00, 0.00235457
1289, 2015-11-23 17:00:00, 0.00234835
1290, 2015-11-23 18:00:00, 0.00234214
1291, 2015-11-23 19:00:00, 0.00233595
1292, 2015-11-23 20:00:00, 0.00232978
1293, 2015-11-23 21:00:00, 0.00232363
1294, 2015-11-23 22:00:00, 0.00231749
1295, 2015-11-23 23:00:00, 0.00231136
1296, 2015-11-24 00:00:00, 0.00230526
1297, 2015-11-24 01:00:00, 0.00229917
1298, 2015-11-24 02:00:00, 0.00229309
1299, 2015-11-24 03:00:00, 0.00228704
1300, 2015-11-24 04:00:00, 0.00228099
1301, 2015-11-24 05:00:00, 0.00227497
1302, 2015-11-24 06:00:00, 0.00226896
1303, 2015-11-24 07:00:00, 0.00226297
1304, 2015-11-24 08:00:00, 0.00225699
1305, 2015-11-24 09:00:00, 0.00225103
1306, 2015-11-24 10:00:00, 0.00224508
1307, 2015-11-24 11:00:00, 0.00223915
1308, 2015-11-24 12:00:00, 0.00223324
1309, 2015-11-24 13:00:00, 0.00222734
1310, 2015-11-24 14:00:00, 0.00222146
1311, 2015-11-24 15:00:00, 0.00221559
1312, 2015-11-24 16:00:00, 0.00220974
1313, 2015-11-24 17:00:00, 0.0022039
1314, 2015-11-24 18:00:00, 0.00219808
1315, 2015-11-24 19:00:00, 0.00219228
1316, 2015-11-24 20:00:00, 0.00218649
1317, 2015-11-24 21:00:00, 0.00218072
1318, 2015-11-24 22:00:00, 0.00217496
1319, 2015-11-24 23:00:00, 0.00216921
1320, 2015-11-25 00:00:00, 0.00216349
1321, 2015-11-25 01:00:00, 0.00215777
1322, 2015-11-25 02:00:00, 0.00215208
1323, 2015-11-25 03:00:00, 0.0021464
1324, 2015-11-25 04:00:00, 0.00214073
1325, 2015-11-25 05:00:00, 0.00213508
1326, 2015-11-25 06:00:00, 0.00212944
1327, 2015-11-25 07:00:00, 0.00212382
1328, 2015-11-25 08:00:00, 0.00211821
1329, 2015-11-25 09:00:00, 0.00211262
1330, 2015-11-25 10:00:00, 0.00210704
1331, 2015-11-25 11:00:00, 0.00210148
1332, 2015-11-25 12:00:00, 0.00209593
1333, 2015-11-25 13:00:00, 0.0020904
1334, 2015-11-25 14:00:00, 0.00208488
1335, 2015-11-25 15:00:00, 0.00207938
1336, 2015-11-25 16:00:00, 0.00207389
1337, 2015-11-25 17:00:00, 0.00206842
1338, 2015-11-25 18:00:00, 0.00206296
1339, 2015-11-25 19:00:00, 0.00205751
1340, 2015-11-25 20:00:00, 0.00205208
1341, 2015-11-25 21:00:00, 0.00204667
1342, 2015-11-25 22:00:00, 0.00204127
1343, 2015-11-25 23:00:00, 0.00203588
1344, 2015-11-26 00:00:00, 0.00203051
1345, 2015-11-26 01:00:00, 0.00202515
1346, 2015-11-26 02:00:00, 0.0020198
1347, 2015-11-26 03:00:00, 0.00201447
1348, 2015-11-26 04:00:00, 0.00200916
1349, 2015-11-26 05:00:00, 0.00200386
1350, 2015-11-26 06:00:00, 0.00199857
1351, 2015-11-26 07:00:00, 0.00199329
1352, 2015-11-26 08:00:00, 0.00198803
1353, 2015-11-26 09:00:00, 0.00198279
1354, 2015-11-26 10:00:00, 0.00197756
1355, 2015-11-26 11:00:00, 0.00197234
1356, 2015-11-26 12:00:00, 0.00196714
1357, 2015-11-26 13:00:00, 0.00196195
1358, 2015-11-26 14:00:00, 0.00195677
1359, 2015-11-26 15:00:00, 0.00195161
1360, 2015-11-26 16:00:00, 0.00194646
1361, 2015-11-26 17:00:00, 0.00194132
1362, 2015-11-26 18:00:00, 0.0019362
1363, 2015-11-26 19:00:00, 0.0019311
1364, 2015-11-26 20:00:00, 0.001926
1365, 2015-11-26 21:00:00, 0.00192092
1366, 2015-11-26 22:00:00, 0.00191585
1367, 2015-11-26 23:00:00, 0.0019108
1368, 2015-11-27 00:00:00, 0.00190576
1369, 2015-11-27 01:00:00, 0.00190073
1370, 2015-11-27 02:00:00, 0.00189572
1371, 2015-11-27 03:00:00, 0.00189072
1372, 2015-11-27 04:00:00, 0.00188573
1373, 2015-11-27 05:00:00, 0.00188076
1374, 2015-11-27 06:00:00, 0.0018758
1375, 2015-11-27 07:00:00, 0.00187085
1376, 2015-11-27 08:00:00, 0.00186592
1377, 2015-11-27 09:00:00, 0.001861
1378, 2015-11-27 10:00:00, 0.00185609
1379, 2015-11-27 11:00:00, 0.0018512
1380, 2015-11-27 12:00:00, 0.00184632
1381, 2015-11-27 13:00:00, 0.00184145
1382, 2015-11-27 14:00:00, 0.00183659
1383, 2015-11-27 15:00:00, 0.00183175
1384, 2015-11-27 16:00:00, 0.00182692
1385, 2015-11-27 17:00:00, 0.0018221
1386, 2015-11-27 18:00:00, 0.00181729
1387, 2015-11-27 19:00:00, 0.0018125
1388, 2015-11-27 20:00:00, 0.00180772
1389, 2015-11-27 21:00:00, 0.00180296
1390, 2015-11-27 22:00:00, 0.0017982
1391, 2015-11-27 23:00:00, 0.00179346
1392, 2015-11-28 00:00:00, 0.00178873
1393, 2015-11-28 01:00:00, 0.00178402
1394, 2015-11-28 02:00:00, 0.00177932
1395, 2015-11-28 03:00:00, 0.00177462
1396, 2015-11-28 04:00:00, 0.00176995
1397, 2015-11-28 05:00:00, 0.00176528
1398, 2015-11-28 06:00:00, 0.00176063
1399, 2015-11-28 07:00:00, 0.00175599
1400, 2015-11-28 08:00:00, 0.00175136
1401, 2015-11-28 09:00:00, 0.00174674
1402, 2015-11-28 10:00:00, 0.00174214
1403, 2015-11-28 11:00:00, 0.00173754
1404, 2015-11-28 12:00:00, 0.00173296
1405, 2015-11-28 13:00:00, 0.0017284
1406, 2015-11-28 14:00:00, 0.00172905
1407, 2015-11-28 15:00:00, 0.00186323
1408, 2015-11-28 16:00:00, 0.00198226
1409, 2015-11-28 17:00:00, 0.00210107
1410, 2015-11-28 18:00:00, 0.00337067
1411, 2015-11-28 19:00:00, 0.00796974
1412, 2015-11-28 20:00:00, 0.00585311
1413, 2015-11-28 21:00:00, 0.00421488
1414, 2015-11-28 22:00:00, 0.00217368
1415, 2015-11-28 23:00:00, 0.00172188
1416, 2015-11-29 00:00:00, 0.00170589
1417, 2015-11-29 01:00:00, 0.00167452
1418, 2015-11-29 02:00:00, 0.00167011
1419, 2015-11-29 03:00:00, 0.00166571
1420, 2015-11-29 04:00:00, 0.00166132
1421, 2015-11-29 05:00:00, 0.00165694
1422, 2015-11-29 06:00:00, 0.00165257
1423, 2015-11-29 07:00:00, 0.00164822
1424, 2015-11-29 08:00:00, 0.00164388
1425, 2015-11-29 09:00:00, 0.00163954
1426, 2015-11-29 10:00:00, 0.00163522
1427, 2015-11-29 11:00:00, 0.00163092
1428, 2015-11-29 12:00:00, 0.00162662
1429, 2015-11-29 13:00:00, 0.00162233
1430, 2015-11-29 14:00:00, 0.00161806
1431, 2015-11-29 15:00:00, 0.0016138
1432, 2015-11-29 16:00:00, 0.00160954
1433, 2015-11-29 17:00:00, 0.0016053
1434, 2015-11-29 18:00:00, 0.00160108
1435, 2015-11-29 19:00:00, 0.00159686
1436, 2015-11-29 20:00:00, 0.00159265
1437, 2015-11-29 21:00:00, 0.00158845
1438, 2015-11-29 22:00:00, 0.00158427
1439, 2015-11-29 23:00:00, 0.0015801
1440, 2015-11-30 00:00:00, 0.00157593
1441, 2015-11-30 01:00:00, 0.00157178
1442, 2015-11-30 02:00:00, 0.00156764
1443, 2015-11-30 03:00:00, 0.00156351
1444, 2015-11-30 04:00:00, 0.0015594
1445, 2015-11-30 05:00:00, 0.00155529
1446, 2015-11-30 06:00:00, 0.00155119
1447, 2015-11-30 07:00:00, 0.00154711
1448, 2015-11-30 08:00:00, 0.00154303
1449, 2015-11-30 09:00:00, 0.00153897
1450, 2015-11-30 10:00:00, 0.00153491
1451, 2015-11-30 11:00:00, 0.00153087
1452, 2015-11-30 12:00:00, 0.00152684
1453, 2015-11-30 13:00:00, 0.00152282
1454, 2015-11-30 14:00:00, 0.00151882
1455, 2015-11-30 15:00:00, 0.00151483
1456, 2015-11-30 16:00:00, 0.00151083
1457, 2015-11-30 17:00:00, 0.00150685
1458, 2015-11-30 18:00:00, 0.00150287
1459, 2015-11-30 19:00:00, 0.00149891
1460, 2015-11-30 20:00:00, 0.00149497
1461, 2015-11-30 21:00:00, 0.00149103
1462, 2015-11-30 22:00:00, 0.0014871
1463, 2015-11-30 23:00:00, 0.00148319
1464, 2015-12-01 00:00:00, 0.00147928
1465, 2015-12-01 01:00:00, 0.00147539
1466, 2015-12-01 02:00:00, 0.0014715
1467, 2015-12-01 03:00:00, 0.00146763
1468, 2015-12-01 04:00:00, 0.00146376
1469, 2015-12-01 05:00:00, 0.00145991
1470, 2015-12-01 06:00:00, 0.00145607
1471, 2015-12-01 07:00:00, 0.00145223
1472, 2015-12-01 08:00:00, 0.00144841
1473, 2015-12-01 09:00:00, 0.0014446
1474, 2015-12-01 10:00:00, 0.00144079
1475, 2015-12-01 11:00:00, 0.001437
1476, 2015-12-01 12:00:00, 0.00143322
1477, 2015-12-01 13:00:00, 0.00142949
1478, 2015-12-01 14:00:00, 0.0014257
1479, 2015-12-01 15:00:00, 0.00142194
1480, 2015-12-01 16:00:00, 0.00141818
1481, 2015-12-01 17:00:00, 0.00141445
1482, 2015-12-01 18:00:00, 0.00141073
1483, 2015-12-01 19:00:00, 0.00140701
1484, 2015-12-01 20:00:00, 0.00150195
1485, 2015-12-01 21:00:00, 0.00145274
1486, 2015-12-01 22:00:00, 0.00152586
1487, 2015-12-01 23:00:00, 0.00283652
1488, 2015-12-02 00:00:00, 0.00607249
1489, 2015-12-02 01:00:00, 0.00784392
1490, 2015-12-02 02:00:00, 0.00473476
1491, 2015-12-02 03:00:00, 0.00299861
1492, 2015-12-02 04:00:00, 0.0014499
1493, 2015-12-02 05:00:00, 0.00143802
1494, 2015-12-02 06:00:00, 0.00138176
1495, 2015-12-02 07:00:00, 0.00138891
1496, 2015-12-02 08:00:00, 0.00136824
1497, 2015-12-02 09:00:00, 0.00138232
1498, 2015-12-02 10:00:00, 0.00136129
1499, 2015-12-02 11:00:00, 0.0013741
1500, 2015-12-02 12:00:00, 0.00137143
1501, 2015-12-02 13:00:00, 0.00135652
1502, 2015-12-02 14:00:00, 0.00135409
1503, 2015-12-02 15:00:00, 0.00133901
1504, 2015-12-02 16:00:00, 0.0013806
1505, 2015-12-02 17:00:00, 0.0013513
1506, 2015-12-02 18:00:00, 0.00134218
1507, 2015-12-02 19:00:00, 0.00132174
1508, 2015-12-02 20:00:00, 0.0018278
1509, 2015-12-02 21:00:00, 0.00205975
1510, 2015-12-02 22:00:00, 0.00307955
1511, 2015-12-02 23:00:00, 0.00213054
1512, 2015-12-03 00:00:00, 0.00182906
1513, 2015-12-03 01:00:00, 0.00131947
1514, 2015-12-03 02:00:00, 0.00130545
1515, 2015-12-03 03:00:00, 0.00129328
1516, 2015-12-03 04:00:00, 0.00131459
1517, 2015-12-03 05:00:00, 0.0012977
1518, 2015-12-03 06:00:00, 0.00129207
1519, 2015-12-03 07:00:00, 0.00127969
1520, 2015-12-03 08:00:00, 0.00127632
1521, 2015-12-03 09:00:00, 0.00127295
1522, 2015-12-03 10:00:00, 0.0012696
1523, 2015-12-03 11:00:00, 0.00126626
1524, 2015-12-03 12:00:00, 0.00126293
1525, 2015-12-03 13:00:00, 0.00125961
1526, 2015-12-03 14:00:00, 0.00125629
1527, 2015-12-03 15:00:00, 0.00125299
1528, 2015-12-03 16:00:00, 0.00124969
1529, 2015-12-03 17:00:00, 0.0012464
1530, 2015-12-03 18:00:00, 0.00124312
1531, 2015-12-03 19:00:00, 0.00123985
1532, 2015-12-03 20:00:00, 0.00123659
1533, 2015-12-03 21:00:00, 0.00123334
1534, 2015-12-03 22:00:00, 0.00123009
1535, 2015-12-03 23:00:00, 0.00122686
1536, 2015-12-04 00:00:00, 0.00122363
1537, 2015-12-04 01:00:00, 0.00122041
1538, 2015-12-04 02:00:00, 0.0012172
1539, 2015-12-04 03:00:00, 0.001214
1540, 2015-12-04 04:00:00, 0.00121081
1541, 2015-12-04 05:00:00, 0.00120762
1542, 2015-12-04 06:00:00, 0.00120445
1543, 2015-12-04 07:00:00, 0.00120128
1544, 2015-12-04 08:00:00, 0.00119812
1545, 2015-12-04 09:00:00, 0.00119497
1546, 2015-12-04 10:00:00, 0.00119183
1547, 2015-12-04 11:00:00, 0.00118869
1548, 2015-12-04 12:00:00, 0.00118556
1549, 2015-12-04 13:00:00, 0.00118245
1550, 2015-12-04 14:00:00, 0.00117934
1551, 2015-12-04 15:00:00, 0.00117624
1552, 2015-12-04 16:00:00, 0.00117314
1553, 2015-12-04 17:00:00, 0.00117006
1554, 2015-12-04 18:00:00, 0.00116698
1555, 2015-12-04 19:00:00, 0.00116391
1556, 2015-12-04 20:00:00, 0.00116085
1557, 2015-12-04 21:00:00, 0.0011578
1558, 2015-12-04 22:00:00, 0.00115475
1559, 2015-12-04 23:00:00, 0.00115172
1560, 2015-12-05 00:00:00, 0.00114869
1561, 2015-12-05 01:00:00, 0.00114567
1562, 2015-12-05 02:00:00, 0.00114265
1563, 2015-12-05 03:00:00, 0.00113965
1564, 2015-12-05 04:00:00, 0.00113665
1565, 2015-12-05 05:00:00, 0.00113366
1566, 2015-12-05 06:00:00, 0.00113068
1567, 2015-12-05 07:00:00, 0.00112771
1568, 2015-12-05 08:00:00, 0.00112475
1569, 2015-12-05 09:00:00, 0.00112179
1570, 2015-12-05 10:00:00, 0.00111884
1571, 2015-12-05 11:00:00, 0.0011159
1572, 2015-12-05 12:00:00, 0.00111296
1573, 2015-12-05 13:00:00, 0.00111004
1574, 2015-12-05 14:00:00, 0.00110712
1575, 2015-12-05 15:00:00, 0.00110421
1576, 2015-12-05 16:00:00, 0.0011013
1577, 2015-12-05 17:00:00, 0.00109841
1578, 2015-12-05 18:00:00, 0.00109552
1579, 2015-12-05 19:00:00, 0.00109264
1580, 2015-12-05 20:00:00, 0.00108977
1581, 2015-12-05 21:00:00, 0.0010869
1582, 2015-12-05 22:00:00, 0.00108405
1583, 2015-12-05 23:00:00, 0.0010812
1584, 2015-12-06 00:00:00, 0.00107835
1585, 2015-12-06 01:00:00, 0.00107552
1586, 2015-12-06 02:00:00, 0.00107269
1587, 2015-12-06 03:00:00, 0.00106987
1588, 2015-12-06 04:00:00, 0.00106706
1589, 2015-12-06 05:00:00, 0.00106425
1590, 2015-12-06 06:00:00, 0.00106146
1591, 2015-12-06 07:00:00, 0.00105867
1592, 2015-12-06 08:00:00, 0.00105588
1593, 2015-12-06 09:00:00, 0.00105311
1594, 2015-12-06 10:00:00, 0.00105034
1595, 2015-12-06 11:00:00, 0.00104758
1596, 2015-12-06 12:00:00, 0.00104482
1597, 2015-12-06 13:00:00, 0.00104208
1598, 2015-12-06 14:00:00, 0.00103934
1599, 2015-12-06 15:00:00, 0.00103661
1600, 2015-12-06 16:00:00, 0.00103388
1601, 2015-12-06 17:00:00, 0.00103117
1602, 2015-12-06 18:00:00, 0.00102846
1603, 2015-12-06 19:00:00, 0.00102575
1604, 2015-12-06 20:00:00, 0.00102306
1605, 2015-12-06 21:00:00, 0.00102037
1606, 2015-12-06 22:00:00, 0.00101769
1607, 2015-12-06 23:00:00, 0.00101501
1608, 2015-12-07 00:00:00, 0.00101234
1609, 2015-12-07 01:00:00, 0.00100968
1610, 2015-12-07 02:00:00, 0.00100703
1611, 2015-12-07 03:00:00, 0.00100438
1612, 2015-12-07 04:00:00, 0.00100174
1613, 2015-12-07 05:00:00, 0.00099911
1614, 2015-12-07 06:00:00, 0.000996485
1615, 2015-12-07 07:00:00, 0.000993866
1616, 2015-12-07 08:00:00, 0.000991254
1617, 2015-12-07 09:00:00, 0.000988649
1618, 2015-12-07 10:00:00, 0.000986051
1619, 2015-12-07 11:00:00, 0.00098346
1620, 2015-12-07 12:00:00, 0.000980875
1621, 2015-12-07 13:00:00, 0.000978298
1622, 2015-12-07 14:00:00, 0.000975727
1623, 2015-12-07 15:00:00, 0.000973163
1624, 2015-12-07 16:00:00, 0.000970606
1625, 2015-12-07 17:00:00, 0.000968055
1626, 2015-12-07 18:00:00, 0.000965512
1627, 2015-12-07 19:00:00, 0.000962975
1628, 2015-12-07 20:00:00, 0.000960444
1629, 2015-12-07 21:00:00, 0.000957921
1630, 2015-12-07 22:00:00, 0.000955404
1631, 2015-12-07 23:00:00, 0.000952893
1632, 2015-12-08 00:00:00, 0.00095039
1633, 2015-12-08 01:00:00, 0.000947892
1634, 2015-12-08 02:00:00, 0.000945402
1635, 2015-12-08 03:00:00, 0.000942918
1636, 2015-12-08 04:00:00, 0.00094044
1637, 2015-12-08 05:00:00, 0.00093797
1638, 2015-12-08 06:00:00, 0.000935505
1639, 2015-12-08 07:00:00, 0.000933047
1640, 2015-12-08 08:00:00, 0.000930596
1641, 2015-12-08 09:00:00, 0.000928151
1642, 2015-12-08 10:00:00, 0.000925712
1643, 2015-12-08 11:00:00, 0.00092328
1644, 2015-12-08 12:00:00, 0.000920855
1645, 2015-12-08 13:00:00, 0.000918435
1646, 2015-12-08 14:00:00, 0.000916023
1647, 2015-12-08 15:00:00, 0.000913616
1648, 2015-12-08 16:00:00, 0.000911216
1649, 2015-12-08 17:00:00, 0.000908822
1650, 2015-12-08 18:00:00, 0.000906435
1651, 2015-12-08 19:00:00, 0.000904053
1652, 2015-12-08 20:00:00, 0.000901678
1653, 2015-12-08 21:00:00, 0.00089931
1654, 2015-12-08 22:00:00, 0.000896947
1655, 2015-12-08 23:00:00, 0.000894591
1656, 2015-12-09 00:00:00, 0.000892241
1657, 2015-12-09 01:00:00, 0.000889897
1658, 2015-12-09 02:00:00, 0.00088756
1659, 2015-12-09 03:00:00, 0.000885228
1660, 2015-12-09 04:00:00, 0.000882903
1661, 2015-12-09 05:00:00, 0.000880584
1662, 2015-12-09 06:00:00, 0.000878287
1663, 2015-12-09 07:00:00, 0.000875992
1664, 2015-12-09 08:00:00, 0.000873704
1665, 2015-12-09 09:00:00, 0.000871415
1666, 2015-12-09 10:00:00, 0.000869133
1667, 2015-12-09 11:00:00, 0.000866821
1668, 2015-12-09 12:00:00, 0.000864531
1669, 2015-12-09 13:00:00, 0.000862249
1670, 2015-12-09 14:00:00, 0.000859984
1671, 2015-12-09 15:00:00, 0.000857725
1672, 2015-12-09 16:00:00, 0.000855472
1673, 2015-12-09 17:00:00, 0.000853226
1674, 2015-12-09 18:00:00, 0.000850985
1675, 2015-12-09 19:00:00, 0.00084875
1676, 2015-12-09 20:00:00, 0.00084652
1677, 2015-12-09 21:00:00, 0.000844297
1678, 2015-12-09 22:00:00, 0.00084208
1679, 2015-12-09 23:00:00, 0.000839868
1680, 2015-12-10 00:00:00, 0.000837662
1681, 2015-12-10 01:00:00, 0.000835462
1682, 2015-12-10 02:00:00, 0.000833268
1683, 2015-12-10 03:00:00, 0.00083108
1684, 2015-12-10 04:00:00, 0.000828897
1685, 2015-12-10 05:00:00, 0.00082672
1686, 2015-12-10 06:00:00, 0.000824549
1687, 2015-12-10 07:00:00, 0.000822384
1688, 2015-12-10 08:00:00, 0.000820225
1689, 2015-12-10 09:00:00, 0.000818076
1690, 2015-12-10 10:00:00, 0.000840328
1691, 2015-12-10 11:00:00, 0.000839405
1692, 2015-12-10 12:00:00, 0.000827124
1693, 2015-12-10 13:00:00, 0.000814796
1694, 2015-12-10 14:00:00, 0.000807386
1695, 2015-12-10 15:00:00, 0.000805265
1696, 2015-12-10 16:00:00, 0.00080315
1697, 2015-12-10 17:00:00, 0.000801041
1698, 2015-12-10 18:00:00, 0.000798938
1699, 2015-12-10 19:00:00, 0.00079684
1700, 2015-12-10 20:00:00, 0.000794747
1701, 2015-12-10 21:00:00, 0.000792661
1702, 2015-12-10 22:00:00, 0.000790579
1703, 2015-12-10 23:00:00, 0.000788503
1704, 2015-12-11 00:00:00, 0.000786433
1705, 2015-12-11 01:00:00, 0.000784368
1706, 2015-12-11 02:00:00, 0.000782308
1707, 2015-12-11 03:00:00, 0.000780254
1708, 2015-12-11 04:00:00, 0.000778205
1709, 2015-12-11 05:00:00, 0.000776162
1710, 2015-12-11 06:00:00, 0.000774124
1711, 2015-12-11 07:00:00, 0.000772092
1712, 2015-12-11 08:00:00, 0.000770064
1713, 2015-12-11 09:00:00, 0.000768043
1714, 2015-12-11 10:00:00, 0.000766026
1715, 2015-12-11 11:00:00, 0.000764015
1716, 2015-12-11 12:00:00, 0.000762009
1717, 2015-12-11 13:00:00, 0.000760008
1718, 2015-12-11 14:00:00, 0.000758013
1719, 2015-12-11 15:00:00, 0.000756023
1720, 2015-12-11 16:00:00, 0.000754038
1721, 2015-12-11 17:00:00, 0.000752058
1722, 2015-12-11 18:00:00, 0.000750084
1723, 2015-12-11 19:00:00, 0.000748114
1724, 2015-12-11 20:00:00, 0.00074615
1725, 2015-12-11 21:00:00, 0.000744192
1726, 2015-12-11 22:00:00, 0.000742238
1727, 2015-12-11 23:00:00, 0.000740289
1728, 2015-12-12 00:00:00, 0.000738346
1729, 2015-12-12 01:00:00, 0.000736407
1730, 2015-12-12 02:00:00, 0.000734474
1731, 2015-12-12 03:00:00, 0.000732546
1732, 2015-12-12 04:00:00, 0.000730623
1733, 2015-12-12 05:00:00, 0.000728705
1734, 2015-12-12 06:00:00, 0.000726792
1735, 2015-12-12 07:00:00, 0.000724884
1736, 2015-12-12 08:00:00, 0.000722981
1737, 2015-12-12 09:00:00, 0.000721083
1738, 2015-12-12 10:00:00, 0.00071919
1739, 2015-12-12 11:00:00, 0.000717303
1740, 2015-12-12 12:00:00, 0.00071542
1741, 2015-12-12 13:00:00, 0.000713542
1742, 2015-12-12 14:00:00, 0.000711669
1743, 2015-12-12 15:00:00, 0.0007098
1744, 2015-12-12 16:00:00, 0.000707937
1745, 2015-12-12 17:00:00, 0.000706079
1746, 2015-12-12 18:00:00, 0.000704226
1747, 2015-12-12 19:00:00, 0.000702377
1748, 2015-12-12 20:00:00, 0.000700533
1749, 2015-12-12 21:00:00, 0.000698695
1750, 2015-12-12 22:00:00, 0.000696861
1751, 2015-12-12 23:00:00, 0.000695032
1752, 2015-12-13 00:00:00, 0.000693207
1753, 2015-12-13 01:00:00, 0.000691388
1754, 2015-12-13 02:00:00, 0.000689573
1755, 2015-12-13 03:00:00, 0.000687763
1756, 2015-12-13 04:00:00, 0.000685958
1757, 2015-12-13 05:00:00, 0.000684158
1758, 2015-12-13 06:00:00, 0.000682362
1759, 2015-12-13 07:00:00, 0.000680571
1760, 2015-12-13 08:00:00, 0.000678785
1761, 2015-12-13 09:00:00, 0.000677003
1762, 2015-12-13 10:00:00, 0.000675226
1763, 2015-12-13 11:00:00, 0.000673454
1764, 2015-12-13 12:00:00, 0.000671687
1765, 2015-12-13 13:00:00, 0.000669924
1766, 2015-12-13 14:00:00, 0.000668165
1767, 2015-12-13 15:00:00, 0.000666412
1768, 2015-12-13 16:00:00, 0.000664663
1769, 2015-12-13 17:00:00, 0.000662919
1770, 2015-12-13 18:00:00, 0.000661179
1771, 2015-12-13 19:00:00, 0.000659443
1772, 2015-12-13 20:00:00, 0.000657713
1773, 2015-12-13 21:00:00, 0.000655987
1774, 2015-12-13 22:00:00, 0.000654265
1775, 2015-12-13 23:00:00, 0.000652548
1776, 2015-12-14 00:00:00, 0.000650836
1777, 2015-12-14 01:00:00, 0.000649128
1778, 2015-12-14 02:00:00, 0.000647424
1779, 2015-12-14 03:00:00, 0.000645725
1780, 2015-12-14 04:00:00, 0.000644031
1781, 2015-12-14 05:00:00, 0.000642341
1782, 2015-12-14 06:00:00, 0.000640655
1783, 2015-12-14 07:00:00, 0.000638974
1784, 2015-12-14 08:00:00, 0.000637297
1785, 2015-12-14 09:00:00, 0.000635624
1786, 2015-12-14 10:00:00, 0.000633957
1787, 2015-12-14 11:00:00, 0.000632293
1788, 2015-12-14 12:00:00, 0.000630634
1789, 2015-12-14 13:00:00, 0.000628979
1790, 2015-12-14 14:00:00, 0.000627328
1791, 2015-12-14 15:00:00, 0.000625682
1792, 2015-12-14 16:00:00, 0.00062404
1793, 2015-12-14 17:00:00, 0.000622403
1794, 2015-12-14 18:00:00, 0.00062077
1795, 2015-12-14 19:00:00, 0.000619141
1796, 2015-12-14 20:00:00, 0.000617516
1797, 2015-12-14 21:00:00, 0.000615896
1798, 2015-12-14 22:00:00, 0.00061428
1799, 2015-12-14 23:00:00, 0.000612668
1800, 2015-12-15 00:00:00, 0.00061106
1801, 2015-12-15 01:00:00, 0.000818835
1802, 2015-12-15 02:00:00, 0.0344894
1803, 2015-12-15 03:00:00, 0.0620652
1804, 2015-12-15 04:00:00, 0.0381183
1805, 2015-12-15 05:00:00, 0.0210508
1806, 2015-12-15 06:00:00, 0.00304555
1807, 2015-12-15 07:00:00, 0.00127429
1808, 2015-12-15 08:00:00, 0.000627742
1809, 2015-12-15 09:00:00, 0.000604649
1810, 2015-12-15 10:00:00, 0.00229768
1811, 2015-12-15 11:00:00, 0.00144206
1812, 2015-12-15 12:00:00, 0.00124793
1813, 2015-12-15 13:00:00, 0.000619354
1814, 2015-12-15 14:00:00, 0.000590711
1815, 2015-12-15 15:00:00, 0.000587448
1816, 2015-12-15 16:00:00, 0.000585907
1817, 2015-12-15 17:00:00, 0.000584369
1818, 2015-12-15 18:00:00, 0.000582836
1819, 2015-12-15 19:00:00, 0.000581307
1820, 2015-12-15 20:00:00, 0.000579782
1821, 2015-12-15 21:00:00, 0.000578261
1822, 2015-12-15 22:00:00, 0.000576744
1823, 2015-12-15 23:00:00, 0.000575231
1824, 2015-12-16 00:00:00, 0.000573722
1825, 2015-12-16 01:00:00, 0.000572216
1826, 2015-12-16 02:00:00, 0.000570715
1827, 2015-12-16 03:00:00, 0.000569218
1828, 2015-12-16 04:00:00, 0.000567725
1829, 2015-12-16 05:00:00, 0.000566235
1830, 2015-12-16 06:00:00, 0.00056475
1831, 2015-12-16 07:00:00, 0.000563268
1832, 2015-12-16 08:00:00, 0.000561791
1833, 2015-12-16 09:00:00, 0.000560317
1834, 2015-12-16 10:00:00, 0.000558847
1835, 2015-12-16 11:00:00, 0.000557381
1836, 2015-12-16 12:00:00, 0.000555919
1837, 2015-12-16 13:00:00, 0.00055446
1838, 2015-12-16 14:00:00, 0.000553006
1839, 2015-12-16 15:00:00, 0.000551555
1840, 2015-12-16 16:00:00, 0.000550108
1841, 2015-12-16 17:00:00, 0.000548665
1842, 2015-12-16 18:00:00, 0.000547226
1843, 2015-12-16 19:00:00, 0.00054579
1844, 2015-12-16 20:00:00, 0.000544359
1845, 2015-12-16 21:00:00, 0.000542931
1846, 2015-12-16 22:00:00, 0.000541507
1847, 2015-12-16 23:00:00, 0.000540086
1848, 2015-12-17 00:00:00, 0.000538669
1849, 2015-12-17 01:00:00, 0.000537256
1850, 2015-12-17 02:00:00, 0.000535847
1851, 2015-12-17 03:00:00, 0.000534442
1852, 2015-12-17 04:00:00, 0.00053304
1853, 2015-12-17 05:00:00, 0.000531641
1854, 2015-12-17 06:00:00, 0.000530247
1855, 2015-12-17 07:00:00, 0.000528856
1856, 2015-12-17 08:00:00, 0.000527469
1857, 2015-12-17 09:00:00, 0.000526085
1858, 2015-12-17 10:00:00, 0.000524706
1859, 2015-12-17 11:00:00, 0.000523331
1860, 2015-12-17 12:00:00, 0.000521986
1861, 2015-12-17 13:00:00, 0.000520601
1862, 2015-12-17 14:00:00, 0.000519232
1863, 2015-12-17 15:00:00, 0.00051786
1864, 2015-12-17 16:00:00, 0.000516502
1865, 2015-12-17 17:00:00, 0.000515147
1866, 2015-12-17 18:00:00, 0.000513796
1867, 2015-12-17 19:00:00, 0.00143613
1868, 2015-12-17 20:00:00, 0.00406126
1869, 2015-12-17 21:00:00, 0.0047189
1870, 2015-12-17 22:00:00, 0.00809187
1871, 2015-12-17 23:00:00, 0.0140552
1872, 2015-12-18 00:00:00, 0.0294761
1873, 2015-12-18 01:00:00, 0.0163708
1874, 2015-12-18 02:00:00, 0.0111297
1875, 2015-12-18 03:00:00, 0.0020216
1876, 2015-12-18 04:00:00, 0.00111527
1877, 2015-12-18 05:00:00, 0.000546948
1878, 2015-12-18 06:00:00, 0.000506517
1879, 2015-12-18 07:00:00, 0.000503479
1880, 2015-12-18 08:00:00, 0.000495248
1881, 2015-12-18 09:00:00, 0.000493949
1882, 2015-12-18 10:00:00, 0.000492654
1883, 2015-12-18 11:00:00, 0.000491362
1884, 2015-12-18 12:00:00, 0.000490073
1885, 2015-12-18 13:00:00, 0.000488788
1886, 2015-12-18 14:00:00, 0.000487506
1887, 2015-12-18 15:00:00, 0.000486227
1888, 2015-12-18 16:00:00, 0.000484952
1889, 2015-12-18 17:00:00, 0.00048368
1890, 2015-12-18 18:00:00, 0.00048576
1891, 2015-12-18 19:00:00, 0.000482669
1892, 2015-12-18 20:00:00, 0.000481103
1893, 2015-12-18 21:00:00, 0.000478627
1894, 2015-12-18 22:00:00, 0.000477371
1895, 2015-12-18 23:00:00, 0.000476119
1896, 2015-12-19 00:00:00, 0.000474871
1897, 2015-12-19 01:00:00, 0.000473626
1898, 2015-12-19 02:00:00, 0.000472383
1899, 2015-12-19 03:00:00, 0.000471145
1900, 2015-12-19 04:00:00, 0.000469909
1901, 2015-12-19 05:00:00, 0.000468677
1902, 2015-12-19 06:00:00, 0.000467448
1903, 2015-12-19 07:00:00, 0.000466222
1904, 2015-12-19 08:00:00, 0.000464999
1905, 2015-12-19 09:00:00, 0.00046378
1906, 2015-12-19 10:00:00, 0.000462564
1907, 2015-12-19 11:00:00, 0.000461351
1908, 2015-12-19 12:00:00, 0.000460141
1909, 2015-12-19 13:00:00, 0.000458934
1910, 2015-12-19 14:00:00, 0.000457731
1911, 2015-12-19 15:00:00, 0.000456531
1912, 2015-12-19 16:00:00, 0.000455334
1913, 2015-12-19 17:00:00, 0.00045414
1914, 2015-12-19 18:00:00, 0.000452949
1915, 2015-12-19 19:00:00, 0.000451761
1916, 2015-12-19 20:00:00, 0.000450576
1917, 2015-12-19 21:00:00, 0.000449395
1918, 2015-12-19 22:00:00, 0.000448216
1919, 2015-12-19 23:00:00, 0.000447041
1920, 2015-12-20 00:00:00, 0.000445869
1921, 2015-12-20 01:00:00, 0.0004447
1922, 2015-12-20 02:00:00, 0.000443534
1923, 2015-12-20 03:00:00, 0.000442371
1924, 2015-12-20 04:00:00, 0.000441211
1925, 2015-12-20 05:00:00, 0.000440054
1926, 2015-12-20 06:00:00, 0.0004389
1927, 2015-12-20 07:00:00, 0.000437749
1928, 2015-12-20 08:00:00, 0.000436601
1929, 2015-12-20 09:00:00, 0.000435457
1930, 2015-12-20 10:00:00, 0.000434315
1931, 2015-12-20 11:00:00, 0.000433176
1932, 2015-12-20 12:00:00, 0.00043204
1933, 2015-12-20 13:00:00, 0.000430908
1934, 2015-12-20 14:00:00, 0.000429778
1935, 2015-12-20 15:00:00, 0.000428651
1936, 2015-12-20 16:00:00, 0.000427527
1937, 2015-12-20 17:00:00, 0.000426406
1938, 2015-12-20 18:00:00, 0.000425288
1939, 2015-12-20 19:00:00, 0.000424173
1940, 2015-12-20 20:00:00, 0.000423061
1941, 2015-12-20 21:00:00, 0.000421952
1942, 2015-12-20 22:00:00, 0.000420845
1943, 2015-12-20 23:00:00, 0.000419742
1944, 2015-12-21 00:00:00, 0.000418641
1945, 2015-12-21 01:00:00, 0.000417544
1946, 2015-12-21 02:00:00, 0.000416449
1947, 2015-12-21 03:00:00, 0.000415357
1948, 2015-12-21 04:00:00, 0.000414268
1949, 2015-12-21 05:00:00, 0.000413182
1950, 2015-12-21 06:00:00, 0.000412099
1951, 2015-12-21 07:00:00, 0.000411018
1952, 2015-12-21 08:00:00, 0.000409941
1953, 2015-12-21 09:00:00, 0.000408866
1954, 2015-12-21 10:00:00, 0.000407794
1955, 2015-12-21 11:00:00, 0.000406725
1956, 2015-12-21 12:00:00, 0.000405659
1957, 2015-12-21 13:00:00, 0.000404595
1958, 2015-12-21 14:00:00, 0.000403534
1959, 2015-12-21 15:00:00, 0.000402476
1960, 2015-12-21 16:00:00, 0.000401421
1961, 2015-12-21 17:00:00, 0.000400369
1962, 2015-12-21 18:00:00, 0.000399319
1963, 2015-12-21 19:00:00, 0.000398272
1964, 2015-12-21 20:00:00, 0.000397228
1965, 2015-12-21 21:00:00, 0.000396187
1966, 2015-12-21 22:00:00, 0.000395148
1967, 2015-12-21 23:00:00, 0.000394112
1968, 2015-12-22 00:00:00, 0.000393079
1969, 2015-12-22 01:00:00, 0.000392049
1970, 2015-12-22 02:00:00, 0.000391021
1971, 2015-12-22 03:00:00, 0.000389996
1972, 2015-12-22 04:00:00, 0.000388973
1973, 2015-12-22 05:00:00, 0.000387954
1974, 2015-12-22 06:00:00, 0.000386937
1975, 2015-12-22 07:00:00, 0.000385922
1976, 2015-12-22 08:00:00, 0.000384911
1977, 2015-12-22 09:00:00, 0.000383901
1978, 2015-12-22 10:00:00, 0.000382895
1979, 2015-12-22 11:00:00, 0.000381891
1980, 2015-12-22 12:00:00, 0.000400875
1981, 2015-12-22 13:00:00, 0.000469407
1982, 2015-12-22 14:00:00, 0.000431583
1983, 2015-12-22 15:00:00, 0.000828533
1984, 2015-12-22 16:00:00, 0.00183474
1985, 2015-12-22 17:00:00, 0.00209531
1986, 2015-12-22 18:00:00, 0.00255559
1987, 2015-12-22 19:00:00, 0.00994863
1988, 2015-12-22 20:00:00, 0.00663076
1989, 2015-12-22 21:00:00, 0.00473001
1990, 2015-12-22 22:00:00, 0.00203622
1991, 2015-12-22 23:00:00, 0.000875463
1992, 2015-12-23 00:00:00, 0.000666589
1993, 2015-12-23 01:00:00, 0.000368115
1994, 2015-12-23 02:00:00, 0.00036715
1995, 2015-12-23 03:00:00, 0.000366185
1996, 2015-12-23 04:00:00, 0.000365225
1997, 2015-12-23 05:00:00, 0.000364268
1998, 2015-12-23 06:00:00, 0.000363313
1999, 2015-12-23 07:00:00, 0.000362361
2000, 2015-12-23 08:00:00, 0.000361411
2001, 2015-12-23 09:00:00, 0.000360464
2002, 2015-12-23 10:00:00, 0.000359519
2003, 2015-12-23 11:00:00, 0.000358576
2004, 2015-12-23 12:00:00, 0.000357636
2005, 2015-12-23 13:00:00, 0.000356699
2006, 2015-12-23 14:00:00, 0.000355764
2007, 2015-12-23 15:00:00, 0.000354831
2008, 2015-12-23 16:00:00, 0.000353901
2009, 2015-12-23 17:00:00, 0.000352974
2010, 2015-12-23 18:00:00, 0.000352049
2011, 2015-12-23 19:00:00, 0.000351126
2012, 2015-12-23 20:00:00, 0.000350205
2013, 2015-12-23 21:00:00, 0.000349287
2014, 2015-12-23 22:00:00, 0.00058152
2015, 2015-12-23 23:00:00, 0.000982959
2016, 2015-12-24 00:00:00, 0.0325386
2017, 2015-12-24 01:00:00, 0.0531883
2018, 2015-12-24 02:00:00, 0.0629226
2019, 2015-12-24 03:00:00, 0.0365112
2020, 2015-12-24 04:00:00, 0.0268237
2021, 2015-12-24 05:00:00, 0.0588911
2022, 2015-12-24 06:00:00, 0.0353728
2023, 2015-12-24 07:00:00, 0.0224388
2024, 2015-12-24 08:00:00, 0.00340056
2025, 2015-12-24 09:00:00, 0.00056516
2026, 2015-12-24 10:00:00, 0.000501001
2027, 2015-12-24 11:00:00, 0.000396567
2028, 2015-12-24 12:00:00, 0.000345716
2029, 2015-12-24 13:00:00, 0.000334933
2030, 2015-12-24 14:00:00, 0.000334052
2031, 2015-12-24 15:00:00, 0.000333171
2032, 2015-12-24 16:00:00, 0.000332297
2033, 2015-12-24 17:00:00, 0.000331427
2034, 2015-12-24 18:00:00, 0.000330558
2035, 2015-12-24 19:00:00, 0.000329692
2036, 2015-12-24 20:00:00, 0.000328827
2037, 2015-12-24 21:00:00, 0.000327966
2038, 2015-12-24 22:00:00, 0.000327106
2039, 2015-12-24 23:00:00, 0.000326249
2040, 2015-12-25 00:00:00, 0.000325394
2041, 2015-12-25 01:00:00, 0.000324541
2042, 2015-12-25 02:00:00, 0.00032369
2043, 2015-12-25 03:00:00, 0.000322842
2044, 2015-12-25 04:00:00, 0.000321996
2045, 2015-12-25 05:00:00, 0.000321152
2046, 2015-12-25 06:00:00, 0.00032031
2047, 2015-12-25 07:00:00, 0.000319471
2048, 2015-12-25 08:00:00, 0.000318634
2049, 2015-12-25 09:00:00, 0.000317798
2050, 2015-12-25 10:00:00, 0.000316966
2051, 2015-12-25 11:00:00, 0.000316135
2052, 2015-12-25 12:00:00, 0.000315306
2053, 2015-12-25 13:00:00, 0.00031448
2054, 2015-12-25 14:00:00, 0.000313656
2055, 2015-12-25 15:00:00, 0.000312834
2056, 2015-12-25 16:00:00, 0.000312014
2057, 2015-12-25 17:00:00, 0.000311196
2058, 2015-12-25 18:00:00, 0.000310381
2059, 2015-12-25 19:00:00, 0.000309567
2060, 2015-12-25 20:00:00, 0.000308756
2061, 2015-12-25 21:00:00, 0.000307947
2062, 2015-12-25 22:00:00, 0.00030714
2063, 2015-12-25 23:00:00, 0.000306335
2064, 2015-12-26 00:00:00, 0.000305532
2065, 2015-12-26 01:00:00, 0.000304731
2066, 2015-12-26 02:00:00, 0.000303933
2067, 2015-12-26 03:00:00, 0.000303136
2068, 2015-12-26 04:00:00, 0.000302342
2069, 2015-12-26 05:00:00, 0.00030155
2070, 2015-12-26 06:00:00, 0.000300759
2071, 2015-12-26 07:00:00, 0.000299971
2072, 2015-12-26 08:00:00, 0.000299185
2073, 2015-12-26 09:00:00, 0.000298401
2074, 2015-12-26 10:00:00, 0.000297619
2075, 2015-12-26 11:00:00, 0.000296839
2076, 2015-12-26 12:00:00, 0.000296061
2077, 2015-12-26 13:00:00, 0.000295285
2078, 2015-12-26 14:00:00, 0.000294512
2079, 2015-12-26 15:00:00, 0.00029374
2080, 2015-12-26 16:00:00, 0.00029297
2081, 2015-12-26 17:00:00, 0.000292202
2082, 2015-12-26 18:00:00, 0.000291437
2083, 2015-12-26 19:00:00, 0.000290673
2084, 2015-12-26 20:00:00, 0.000289911
2085, 2015-12-26 21:00:00, 0.000289152
2086, 2015-12-26 22:00:00, 0.000288394
2087, 2015-12-26 23:00:00, 0.000287638
2088, 2015-12-27 00:00:00, 0.000286884
2089, 2015-12-27 01:00:00, 0.000286133
2090, 2015-12-27 02:00:00, 0.000285383
2091, 2015-12-27 03:00:00, 0.000284635
2092, 2015-12-27 04:00:00, 0.000283889
2093, 2015-12-27 05:00:00, 0.000283145
2094, 2015-12-27 06:00:00, 0.000282403
2095, 2015-12-27 07:00:00, 0.00172048
2096, 2015-12-27 08:00:00, 0.00483836
2097, 2015-12-27 09:00:00, 0.00257768
2098, 2015-12-27 10:00:00, 0.00317523
2099, 2015-12-27 11:00:00, 0.00106239
2100, 2015-12-27 12:00:00, 0.00088606
2101, 2015-12-27 13:00:00, 0.000327314
2102, 2015-12-27 14:00:00, 0.000283822
2103, 2015-12-27 15:00:00, 0.000275813
2104, 2015-12-27 16:00:00, 0.00027509
2105, 2015-12-27 17:00:00, 0.000274369
2106, 2015-12-27 18:00:00, 0.00027365
2107, 2015-12-27 19:00:00, 0.000272933
2108, 2015-12-27 20:00:00, 0.000272218
2109, 2015-12-27 21:00:00, 0.000271505
2110, 2015-12-27 22:00:00, 0.000270793
2111, 2015-12-27 23:00:00, 0.000270084
2112, 2015-12-28 00:00:00, 0.000269376
2113, 2015-12-28 01:00:00, 0.00026867
2114, 2015-12-28 02:00:00, 0.000267966
2115, 2015-12-28 03:00:00, 0.000267264
2116, 2015-12-28 04:00:00, 0.000266564
2117, 2015-12-28 05:00:00, 0.000265865
2118, 2015-12-28 06:00:00, 0.000265169
2119, 2015-12-28 07:00:00, 0.000264474
2120, 2015-12-28 08:00:00, 0.000263781
2121, 2015-12-28 09:00:00, 0.00026309
2122, 2015-12-28 10:00:00, 0.0002624
2123, 2015-12-28 11:00:00, 0.000261713
2124, 2015-12-28 12:00:00, 0.000261027
2125, 2015-12-28 13:00:00, 0.000260343
2126, 2015-12-28 14:00:00, 0.000259661
2127, 2015-12-28 15:00:00, 0.000258981
2128, 2015-12-28 16:00:00, 0.000258302
2129, 2015-12-28 17:00:00, 0.000257625
2130, 2015-12-28 18:00:00, 0.00025695
2131, 2015-12-28 19:00:00, 0.000256277
2132, 2015-12-28 20:00:00, 0.000255606
2133, 2015-12-28 21:00:00, 0.000254936
2134, 2015-12-28 22:00:00, 0.000254268
2135, 2015-12-28 23:00:00, 0.000253602
2136, 2015-12-29 00:00:00, 0.000252937
2137, 2015-12-29 01:00:00, 0.000252274
2138, 2015-12-29 02:00:00, 0.000251614
2139, 2015-12-29 03:00:00, 0.000250954
2140, 2015-12-29 04:00:00, 0.000250297
2141, 2015-12-29 05:00:00, 0.000249641
2142, 2015-12-29 06:00:00, 0.000248987
2143, 2015-12-29 07:00:00, 0.000259022
2144, 2015-12-29 08:00:00, 0.000253675
2145, 2015-12-29 09:00:00, 0.000260129
2146, 2015-12-29 10:00:00, 0.000250751
2147, 2015-12-29 11:00:00, 0.000248903
2148, 2015-12-29 12:00:00, 0.000245098
2149, 2015-12-29 13:00:00, 0.000244456
2150, 2015-12-29 14:00:00, 0.000243816
2151, 2015-12-29 15:00:00, 0.000264926
2152, 2015-12-29 16:00:00, 0.000615789
2153, 2015-12-29 17:00:00, 0.021971
2154, 2015-12-29 18:00:00, 0.0686353
2155, 2015-12-29 19:00:00, 0.0346536
2156, 2015-12-29 20:00:00, 0.0392197
2157, 2015-12-29 21:00:00, 0.00829399
2158, 2015-12-29 22:00:00, 0.00668244
2159, 2015-12-29 23:00:00, 0.000238126
2160, 2015-12-30 00:00:00, 0.000237503
2161, 2015-12-30 01:00:00, 0.00023688
2162, 2015-12-30 02:00:00, 0.00023626
2163, 2015-12-30 03:00:00, 0.000235641
2164, 2015-12-30 04:00:00, 0.000235023
2165, 2015-12-30 05:00:00, 0.000234408
2166, 2015-12-30 06:00:00, 0.000233794
2167, 2015-12-30 07:00:00, 0.000233181
2168, 2015-12-30 08:00:00, 0.00023257
2169, 2015-12-30 09:00:00, 0.000231961
2170, 2015-12-30 10:00:00, 0.000231353
2171, 2015-12-30 11:00:00, 0.000230747
2172, 2015-12-30 12:00:00, 0.000230142
2173, 2015-12-30 13:00:00, 0.00022954
2174, 2015-12-30 14:00:00, 0.000228938
2175, 2015-12-30 15:00:00, 0.000228338
2176, 2015-12-30 16:00:00, 0.00022774
2177, 2015-12-30 17:00:00, 0.000227144
2178, 2015-12-30 18:00:00, 0.000226548
2179, 2015-12-30 19:00:00, 0.000225955
2180, 2015-12-30 20:00:00, 0.000225363
2181, 2015-12-30 21:00:00, 0.000224773
2182, 2015-12-30 22:00:00, 0.000224184
2183, 2015-12-30 23:00:00, 0.000223596
2184, 2015-12-31 00:00:00, 0.000223011
2185, 2015-12-31 01:00:00, 0.000222426
2186, 2015-12-31 02:00:00, 0.000221844
2187, 2015-12-31 03:00:00, 0.000221263
2188, 2015-12-31 04:00:00, 0.000220683
2189, 2015-12-31 05:00:00, 0.000220105
2190, 2015-12-31 06:00:00, 0.000219528
2191, 2015-12-31 07:00:00, 0.000218953
2192, 2015-12-31 08:00:00, 0.000218379
2193, 2015-12-31 09:00:00, 0.000217807
2194, 2015-12-31 10:00:00, 0.000217237
2195, 2015-12-31 11:00:00, 0.000216668
2196, 2015-12-31 12:00:00, 0.0002161
2197, 2015-12-31 13:00:00, 0.000215534
2198, 2015-12-31 14:00:00, 0.000215493
2199, 2015-12-31 15:00:00, 0.000218408
2200, 2015-12-31 16:00:00, 0.00022633
2201, 2015-12-31 17:00:00, 0.000239294
2202, 2015-12-31 18:00:00, 0.00053871
2203, 2015-12-31 19:00:00, 0.000544
2204, 2015-12-31 20:00:00, 0.000447201
2205, 2015-12-31 21:00:00, 0.000324057
2206, 2015-12-31 22:00:00, 0.000260329
2207, 2015-12-31 23:00:00, 0.000247212
2208, 2016-01-01 00:00:00, 0.000239895
2209, 2016-01-01 01:00:00, 0.000236558
2210, 2016-01-01 02:00:00, 0.000234064
2211, 2016-01-01 03:00:00, 0.00023027
2212, 2016-01-01 04:00:00, 0.000226071
2213, 2016-01-01 05:00:00, 0.000221535
2214, 2016-01-01 06:00:00, 0.000217337
2215, 2016-01-01 07:00:00, 0.000628458
2216, 2016-01-01 08:00:00, 0.000696005
2217, 2016-01-01 09:00:00, 0.000492542
2218, 2016-01-01 10:00:00, 0.000312748
2219, 2016-01-01 11:00:00, 0.000203448
2220, 2016-01-01 12:00:00, 0.000202915
2221, 2016-01-01 13:00:00, 0.000202384
2222, 2016-01-01 14:00:00, 0.000201853
2223, 2016-01-01 15:00:00, 0.000201325
2224, 2016-01-01 16:00:00, 0.000200797
2225, 2016-01-01 17:00:00, 0.000200271
2226, 2016-01-01 18:00:00, 0.000199747
2227, 2016-01-01 19:00:00, 0.000199223
2228, 2016-01-01 20:00:00, 0.000198702
2229, 2016-01-01 21:00:00, 0.000198181
2230, 2016-01-01 22:00:00, 0.000197662
2231, 2016-01-01 23:00:00, 0.000197144
2232, 2016-01-02 00:00:00, 0.00027589
2233, 2016-01-02 01:00:00, 0.000232141
2234, 2016-01-02 02:00:00, 0.000224422
2235, 2016-01-02 03:00:00, 0.000195087
2236, 2016-01-02 04:00:00, 0.000194576
2237, 2016-01-02 05:00:00, 0.000194066
2238, 2016-01-02 06:00:00, 0.000193875
2239, 2016-01-02 07:00:00, 0.000193195
2240, 2016-01-02 08:00:00, 0.00019266
2241, 2016-01-02 09:00:00, 0.00019204
2242, 2016-01-02 10:00:00, 0.000191537
2243, 2016-01-02 11:00:00, 0.000191036
2244, 2016-01-02 12:00:00, 0.000190535
2245, 2016-01-02 13:00:00, 0.000190036
2246, 2016-01-02 14:00:00, 0.000189555
2247, 2016-01-02 15:00:00, 0.000189072
2248, 2016-01-02 16:00:00, 0.000188595
2249, 2016-01-02 17:00:00, 0.000188075
2250, 2016-01-02 18:00:00, 0.000187572
2251, 2016-01-02 19:00:00, 0.000187069
2252, 2016-01-02 20:00:00, 0.000186579
2253, 2016-01-02 21:00:00, 0.00018609
2254, 2016-01-02 22:00:00, 0.000185603
2255, 2016-01-02 23:00:00, 0.000185117
2256, 2016-01-03 00:00:00, 0.000184632
2257, 2016-01-03 01:00:00, 0.000184148
2258, 2016-01-03 02:00:00, 0.000183666
2259, 2016-01-03 03:00:00, 0.000183185
2260, 2016-01-03 04:00:00, 0.000182705
2261, 2016-01-03 05:00:00, 0.000182226
2262, 2016-01-03 06:00:00, 0.000181749
2263, 2016-01-03 07:00:00, 0.000181273
2264, 2016-01-03 08:00:00, 0.000180798
2265, 2016-01-03 09:00:00, 0.000180325
2266, 2016-01-03 10:00:00, 0.000179852
2267, 2016-01-03 11:00:00, 0.000179381
2268, 2016-01-03 12:00:00, 0.000178911
2269, 2016-01-03 13:00:00, 0.000178443
2270, 2016-01-03 14:00:00, 0.000177975
2271, 2016-01-03 15:00:00, 0.000177509
2272, 2016-01-03 16:00:00, 0.000177044
2273, 2016-01-03 17:00:00, 0.00017658
2274, 2016-01-03 18:00:00, 0.000176118
2275, 2016-01-03 19:00:00, 0.000175657
2276, 2016-01-03 20:00:00, 0.000175197
2277, 2016-01-03 21:00:00, 0.000174738
2278, 2016-01-03 22:00:00, 0.00017428
2279, 2016-01-03 23:00:00, 0.000173824
2280, 2016-01-04 00:00:00, 0.000173368
2281, 2016-01-04 01:00:00, 0.000172914
2282, 2016-01-04 02:00:00, 0.000172461
2283, 2016-01-04 03:00:00, 0.00017201
2284, 2016-01-04 04:00:00, 0.000171559
2285, 2016-01-04 05:00:00, 0.00017111
2286, 2016-01-04 06:00:00, 0.000170661
2287, 2016-01-04 07:00:00, 0.000170214
2288, 2016-01-04 08:00:00, 0.000169769
2289, 2016-01-04 09:00:00, 0.000169324
2290, 2016-01-04 10:00:00, 0.00016888
2291, 2016-01-04 11:00:00, 0.000168438
2292, 2016-01-04 12:00:00, 0.000167997
2293, 2016-01-04 13:00:00, 0.000167557
2294, 2016-01-04 14:00:00, 0.000167118
2295, 2016-01-04 15:00:00, 0.00016668
2296, 2016-01-04 16:00:00, 0.000186707
2297, 2016-01-04 17:00:00, 0.000176025
2298, 2016-01-04 18:00:00, 0.000173887
2299, 2016-01-04 19:00:00, 0.000165823
2300, 2016-01-04 20:00:00, 0.000164861
2301, 2016-01-04 21:00:00, 0.000164169
2302, 2016-01-04 22:00:00, 0.000163648
2303, 2016-01-04 23:00:00, 0.00016322
2304, 2016-01-05 00:00:00, 0.000162792
2305, 2016-01-05 01:00:00, 0.000162366
2306, 2016-01-05 02:00:00, 0.000161941
2307, 2016-01-05 03:00:00, 0.000161516
2308, 2016-01-05 04:00:00, 0.000161093
2309, 2016-01-05 05:00:00, 0.000160672
2310, 2016-01-05 06:00:00, 0.000160251
2311, 2016-01-05 07:00:00, 0.000159831
2312, 2016-01-05 08:00:00, 0.000159412
2313, 2016-01-05 09:00:00, 0.000158995
2314, 2016-01-05 10:00:00, 0.000158578
2315, 2016-01-05 11:00:00, 0.000158163
2316, 2016-01-05 12:00:00, 0.000157749
2317, 2016-01-05 13:00:00, 0.000157336
2318, 2016-01-05 14:00:00, 0.000156924
2319, 2016-01-05 15:00:00, 0.000156513
2320, 2016-01-05 16:00:00, 0.000156103
2321, 2016-01-05 17:00:00, 0.000155694
2322, 2016-01-05 18:00:00, 0.000155286
2323, 2016-01-05 19:00:00, 0.000154879
2324, 2016-01-05 20:00:00, 0.000154474
2325, 2016-01-05 21:00:00, 0.000154069
2326, 2016-01-05 22:00:00, 0.000153666
2327, 2016-01-05 23:00:00, 0.000153263
2328, 2016-01-06 00:00:00, 0.000152862
2329, 2016-01-06 01:00:00, 0.000152461
2330, 2016-01-06 02:00:00, 0.000152062
2331, 2016-01-06 03:00:00, 0.000151664
2332, 2016-01-06 04:00:00, 0.000151267
2333, 2016-01-06 05:00:00, 0.000150871
2334, 2016-01-06 06:00:00, 0.000150475
2335, 2016-01-06 07:00:00, 0.000150081
2336, 2016-01-06 08:00:00, 0.000149688
2337, 2016-01-06 09:00:00, 0.000149296
2338, 2016-01-06 10:00:00, 0.000148905
2339, 2016-01-06 11:00:00, 0.000148515
2340, 2016-01-06 12:00:00, 0.000148126
2341, 2016-01-06 13:00:00, 0.000147738
2342, 2016-01-06 14:00:00, 0.000147351
2343, 2016-01-06 15:00:00, 0.000146966
2344, 2016-01-06 16:00:00, 0.000146581
2345, 2016-01-06 17:00:00, 0.000146197
2346, 2016-01-06 18:00:00, 0.000145814
2347, 2016-01-06 19:00:00, 0.000145432
2348, 2016-01-06 20:00:00, 0.000145051
2349, 2016-01-06 21:00:00, 0.000144671
2350, 2016-01-06 22:00:00, 0.000144292
2351, 2016-01-06 23:00:00, 0.000143914
2352, 2016-01-07 00:00:00, 0.000143538
2353, 2016-01-07 01:00:00, 0.000143162
2354, 2016-01-07 02:00:00, 0.000142787
2355, 2016-01-07 03:00:00, 0.000142413
2356, 2016-01-07 04:00:00, 0.00014204
2357, 2016-01-07 05:00:00, 0.000141668
2358, 2016-01-07 06:00:00, 0.000141297
2359, 2016-01-07 07:00:00, 0.000140927
2360, 2016-01-07 08:00:00, 0.000140558
2361, 2016-01-07 09:00:00, 0.00014019
2362, 2016-01-07 10:00:00, 0.000139822
2363, 2016-01-07 11:00:00, 0.000139456
2364, 2016-01-07 12:00:00, 0.000139091
2365, 2016-01-07 13:00:00, 0.000138727
2366, 2016-01-07 14:00:00, 0.000138363
2367, 2016-01-07 15:00:00, 0.000138001
2368, 2016-01-07 16:00:00, 0.00013764
2369, 2016-01-07 17:00:00, 0.000137279
2370, 2016-01-07 18:00:00, 0.00013692
2371, 2016-01-07 19:00:00, 0.000136561
2372, 2016-01-07 20:00:00, 0.000136203
2373, 2016-01-07 21:00:00, 0.000135847
2374, 2016-01-07 22:00:00, 0.000135491
2375, 2016-01-07 23:00:00, 0.000135136
2376, 2016-01-08 00:00:00, 0.000134782
2377, 2016-01-08 01:00:00, 0.000134429
2378, 2016-01-08 02:00:00, 0.000134077
2379, 2016-01-08 03:00:00, 0.000133726
2380, 2016-01-08 04:00:00, 0.000133376
2381, 2016-01-08 05:00:00, 0.000133027
2382, 2016-01-08 06:00:00, 0.000132678
2383, 2016-01-08 07:00:00, 0.000132331
2384, 2016-01-08 08:00:00, 0.000131984
2385, 2016-01-08 09:00:00, 0.000131639
2386, 2016-01-08 10:00:00, 0.000131294
2387, 2016-01-08 11:00:00, 0.00013095
2388, 2016-01-08 12:00:00, 0.000130607
2389, 2016-01-08 13:00:00, 0.000130265
2390, 2016-01-08 14:00:00, 0.000129924
2391, 2016-01-08 15:00:00, 0.000129584
2392, 2016-01-08 16:00:00, 0.000129244
2393, 2016-01-08 17:00:00, 0.000128906
2394, 2016-01-08 18:00:00, 0.000128568
2395, 2016-01-08 19:00:00, 0.000128232
2396, 2016-01-08 20:00:00, 0.000127896
2397, 2016-01-08 21:00:00, 0.000127561
2398, 2016-01-08 22:00:00, 0.000127227
2399, 2016-01-08 23:00:00, 0.000126894
2400, 2016-01-09 00:00:00, 0.000126561
2401, 2016-01-09 01:00:00, 0.00012623
2402, 2016-01-09 02:00:00, 0.000125899
2403, 2016-01-09 03:00:00, 0.00012557
2404, 2016-01-09 04:00:00, 0.000125241
2405, 2016-01-09 05:00:00, 0.000124913
2406, 2016-01-09 06:00:00, 0.000124586
2407, 2016-01-09 07:00:00, 0.00012426
2408, 2016-01-09 08:00:00, 0.000123934
2409, 2016-01-09 09:00:00, 0.00012361
2410, 2016-01-09 10:00:00, 0.000123286
2411, 2016-01-09 11:00:00, 0.000122963
2412, 2016-01-09 12:00:00, 0.000122641
2413, 2016-01-09 13:00:00, 0.00012232
2414, 2016-01-09 14:00:00, 0.000122
2415, 2016-01-09 15:00:00, 0.00012168
2416, 2016-01-09 16:00:00, 0.000121361
2417, 2016-01-09 17:00:00, 0.000121044
2418, 2016-01-09 18:00:00, 0.000120727
2419, 2016-01-09 19:00:00, 0.00012041
2420, 2016-01-09 20:00:00, 0.000120095
2421, 2016-01-09 21:00:00, 0.000119781
2422, 2016-01-09 22:00:00, 0.000119467
2423, 2016-01-09 23:00:00, 0.000119154
2424, 2016-01-10 00:00:00, 0.000118842
2425, 2016-01-10 01:00:00, 0.000118531
2426, 2016-01-10 02:00:00, 0.000118221
2427, 2016-01-10 03:00:00, 0.000117911
2428, 2016-01-10 04:00:00, 0.000117602
2429, 2016-01-10 05:00:00, 0.000117294
2430, 2016-01-10 06:00:00, 0.000116987
2431, 2016-01-10 07:00:00, 0.000116681
2432, 2016-01-10 08:00:00, 0.000116375
2433, 2016-01-10 09:00:00, 0.00011607
2434, 2016-01-10 10:00:00, 0.000115767
2435, 2016-01-10 11:00:00, 0.000115465
2436, 2016-01-10 12:00:00, 0.00295611
2437, 2016-01-10 13:00:00, 0.0152159
2438, 2016-01-10 14:00:00, 0.0587958
2439, 2016-01-10 15:00:00, 0.105281
2440, 2016-01-10 16:00:00, 0.204456
2441, 2016-01-10 17:00:00, 0.106201
2442, 2016-01-10 18:00:00, 0.0595786
2443, 2016-01-10 19:00:00, 0.0185664
2444, 2016-01-10 20:00:00, 0.0187963
2445, 2016-01-10 21:00:00, 0.0110605
2446, 2016-01-10 22:00:00, 0.00449805
2447, 2016-01-10 23:00:00, 0.000204967
2448, 2016-01-11 00:00:00, 0.00012571
2449, 2016-01-11 01:00:00, 0.000122527
2450, 2016-01-11 02:00:00, 0.00011101
2451, 2016-01-11 03:00:00, 0.00011072
2452, 2016-01-11 04:00:00, 0.00011043
2453, 2016-01-11 05:00:00, 0.00011014
2454, 2016-01-11 06:00:00, 0.000109852
2455, 2016-01-11 07:00:00, 0.000109564
2456, 2016-01-11 08:00:00, 0.000109278
2457, 2016-01-11 09:00:00, 0.000108991
2458, 2016-01-11 10:00:00, 0.000108706
2459, 2016-01-11 11:00:00, 0.000108421
2460, 2016-01-11 12:00:00, 0.000108137
2461, 2016-01-11 13:00:00, 0.000107854
2462, 2016-01-11 14:00:00, 0.000107572
2463, 2016-01-11 15:00:00, 0.00010729
2464, 2016-01-11 16:00:00, 0.000107009
2465, 2016-01-11 17:00:00, 0.000106729
2466, 2016-01-11 18:00:00, 0.00010645
2467, 2016-01-11 19:00:00, 0.000106171
2468, 2016-01-11 20:00:00, 0.000105893
2469, 2016-01-11 21:00:00, 0.000105615
2470, 2016-01-11 22:00:00, 0.000105339
2471, 2016-01-11 23:00:00, 0.000105063
2472, 2016-01-12 00:00:00, 0.000104788
2473, 2016-01-12 01:00:00, 0.000104514
2474, 2016-01-12 02:00:00, 0.00010424
2475, 2016-01-12 03:00:00, 0.000103967
2476, 2016-01-12 04:00:00, 0.000103695
2477, 2016-01-12 05:00:00, 0.000103423
2478, 2016-01-12 06:00:00, 0.000103152
2479, 2016-01-12 07:00:00, 0.000102882
2480, 2016-01-12 08:00:00, 0.000102613
2481, 2016-01-12 09:00:00, 0.000102344
2482, 2016-01-12 10:00:00, 0.000102076
2483, 2016-01-12 11:00:00, 0.000101809
2484, 2016-01-12 12:00:00, 0.000101542
2485, 2016-01-12 13:00:00, 0.000101276
2486, 2016-01-12 14:00:00, 0.000101011
2487, 2016-01-12 15:00:00, 0.000100747
2488, 2016-01-12 16:00:00, 0.000100483
2489, 2016-01-12 17:00:00, 0.00010022
2490, 2016-01-12 18:00:00, 9.99574e-05
2491, 2016-01-12 19:00:00, 9.96957e-05
2492, 2016-01-12 20:00:00, 9.94346e-05
2493, 2016-01-12 21:00:00, 9.91743e-05
2494, 2016-01-12 22:00:00, 9.89146e-05
2495, 2016-01-12 23:00:00, 0.000115136
2496, 2016-01-13 00:00:00, 0.000105888
2497, 2016-01-13 01:00:00, 0.000104132
2498, 2016-01-13 02:00:00, 9.78826e-05
2499, 2016-01-13 03:00:00, 9.76263e-05
2500, 2016-01-13 04:00:00, 9.73707e-05
2501, 2016-01-13 05:00:00, 9.71158e-05
2502, 2016-01-13 06:00:00, 9.68615e-05
2503, 2016-01-13 07:00:00, 9.66078e-05
2504, 2016-01-13 08:00:00, 9.63549e-05
2505, 2016-01-13 09:00:00, 9.61026e-05
2506, 2016-01-13 10:00:00, 9.58509e-05
2507, 2016-01-13 11:00:00, 9.56e-05
2508, 2016-01-13 12:00:00, 9.53496e-05
2509, 2016-01-13 13:00:00, 9.51e-05
2510, 2016-01-13 14:00:00, 9.4851e-05
2511, 2016-01-13 15:00:00, 9.46026e-05
2512, 2016-01-13 16:00:00, 9.43549e-05
2513, 2016-01-13 17:00:00, 9.41078e-05
2514, 2016-01-13 18:00:00, 9.38614e-05
2515, 2016-01-13 19:00:00, 9.36157e-05
2516, 2016-01-13 20:00:00, 9.33705e-05
2517, 2016-01-13 21:00:00, 9.31261e-05
2518, 2016-01-13 22:00:00, 9.28822e-05
2519, 2016-01-13 23:00:00, 9.2639e-05
2520, 2016-01-14 00:00:00, 9.23965e-05
2521, 2016-01-14 01:00:00, 9.21545e-05
2522, 2016-01-14 02:00:00, 9.19132e-05
2523, 2016-01-14 03:00:00, 9.16726e-05
2524, 2016-01-14 04:00:00, 9.14325e-05
2525, 2016-01-14 05:00:00, 9.11931e-05
2526, 2016-01-14 06:00:00, 9.09543e-05
2527, 2016-01-14 07:00:00, 9.07162e-05
2528, 2016-01-14 08:00:00, 9.04787e-05
2529, 2016-01-14 09:00:00, 9.02418e-05
2530, 2016-01-14 10:00:00, 9.00055e-05
2531, 2016-01-14 11:00:00, 8.97698e-05
2532, 2016-01-14 12:00:00, 8.95348e-05
2533, 2016-01-14 13:00:00, 8.93003e-05
2534, 2016-01-14 14:00:00, 8.90665e-05
2535, 2016-01-14 15:00:00, 8.88333e-05
2536, 2016-01-14 16:00:00, 8.86007e-05
2537, 2016-01-14 17:00:00, 8.83687e-05
2538, 2016-01-14 18:00:00, 8.81373e-05
2539, 2016-01-14 19:00:00, 8.79066e-05
2540, 2016-01-14 20:00:00, 8.76764e-05
2541, 2016-01-14 21:00:00, 8.74468e-05
2542, 2016-01-14 22:00:00, 8.72179e-05
2543, 2016-01-14 23:00:00, 8.69895e-05
2544, 2016-01-15 00:00:00, 8.67617e-05
2545, 2016-01-15 01:00:00, 8.65346e-05
2546, 2016-01-15 02:00:00, 8.6308e-05
2547, 2016-01-15 03:00:00, 8.6082e-05
2548, 2016-01-15 04:00:00, 8.58566e-05
2549, 2016-01-15 05:00:00, 8.56318e-05
2550, 2016-01-15 06:00:00, 8.54076e-05
2551, 2016-01-15 07:00:00, 8.5184e-05
2552, 2016-01-15 08:00:00, 8.49609e-05
2553, 2016-01-15 09:00:00, 8.47385e-05
2554, 2016-01-15 10:00:00, 8.45166e-05
2555, 2016-01-15 11:00:00, 8.42953e-05
2556, 2016-01-15 12:00:00, 8.40746e-05
2557, 2016-01-15 13:00:00, 8.38545e-05
2558, 2016-01-15 14:00:00, 8.36349e-05
2559, 2016-01-15 15:00:00, 9.45426e-05
2560, 2016-01-15 16:00:00, 8.82551e-05
2561, 2016-01-15 17:00:00, 8.70258e-05
2562, 2016-01-15 18:00:00, 8.27624e-05
2563, 2016-01-15 19:00:00, 8.25457e-05
2564, 2016-01-15 20:00:00, 8.23296e-05
2565, 2016-01-15 21:00:00, 8.21142e-05
2566, 2016-01-15 22:00:00, 8.18991e-05
2567, 2016-01-15 23:00:00, 8.16847e-05
2568, 2016-01-16 00:00:00, 8.14708e-05
2569, 2016-01-16 01:00:00, 8.12574e-05
2570, 2016-01-16 02:00:00, 8.10447e-05
2571, 2016-01-16 03:00:00, 8.08325e-05
2572, 2016-01-16 04:00:00, 8.06209e-05
2573, 2016-01-16 05:00:00, 8.04098e-05
2574, 2016-01-16 06:00:00, 8.34246e-05
2575, 2016-01-16 07:00:00, 8.14553e-05
2576, 2016-01-16 08:00:00, 8.09527e-05
2577, 2016-01-16 09:00:00, 0.00122094
2578, 2016-01-16 10:00:00, 0.0172289
2579, 2016-01-16 11:00:00, 0.184864
2580, 2016-01-16 12:00:00, 0.201714
2581, 2016-01-16 13:00:00, 0.136842
2582, 2016-01-16 14:00:00, 0.0605773
2583, 2016-01-16 15:00:00, 0.0181888
2584, 2016-01-16 16:00:00, 0.00882054
2585, 2016-01-16 17:00:00, 0.00352366
2586, 2016-01-16 18:00:00, 0.000937915
2587, 2016-01-16 19:00:00, 8.33108e-05
2588, 2016-01-16 20:00:00, 7.7309e-05
2589, 2016-01-16 21:00:00, 7.71108e-05
2590, 2016-01-16 22:00:00, 7.69066e-05
2591, 2016-01-16 23:00:00, 7.67049e-05
2592, 2016-01-17 00:00:00, 7.65025e-05
2593, 2016-01-17 01:00:00, 7.63022e-05
2594, 2016-01-17 02:00:00, 7.61025e-05
2595, 2016-01-17 03:00:00, 7.59032e-05
2596, 2016-01-17 04:00:00, 7.57045e-05
2597, 2016-01-17 05:00:00, 7.55063e-05
2598, 2016-01-17 06:00:00, 7.53086e-05
2599, 2016-01-17 07:00:00, 7.51114e-05
2600, 2016-01-17 08:00:00, 7.49147e-05
2601, 2016-01-17 09:00:00, 7.47186e-05
2602, 2016-01-17 10:00:00, 7.4523e-05
2603, 2016-01-17 11:00:00, 7.43279e-05
2604, 2016-01-17 12:00:00, 7.41333e-05
2605, 2016-01-17 13:00:00, 7.39392e-05
2606, 2016-01-17 14:00:00, 7.37456e-05
2607, 2016-01-17 15:00:00, 7.35525e-05
2608, 2016-01-17 16:00:00, 7.33599e-05
2609, 2016-01-17 17:00:00, 7.31679e-05
2610, 2016-01-17 18:00:00, 7.29763e-05
2611, 2016-01-17 19:00:00, 7.27852e-05
2612, 2016-01-17 20:00:00, 7.25947e-05
2613, 2016-01-17 21:00:00, 7.24046e-05
2614, 2016-01-17 22:00:00, 7.2215e-05
2615, 2016-01-17 23:00:00, 7.2026e-05
2616, 2016-01-18 00:00:00, 7.18374e-05
2617, 2016-01-18 01:00:00, 7.16493e-05
2618, 2016-01-18 02:00:00, 7.14617e-05
2619, 2016-01-18 03:00:00, 7.12746e-05
2620, 2016-01-18 04:00:00, 7.1088e-05
2621, 2016-01-18 05:00:00, 7.09019e-05
2622, 2016-01-18 06:00:00, 7.07162e-05
2623, 2016-01-18 07:00:00, 7.05311e-05
2624, 2016-01-18 08:00:00, 7.03464e-05
2625, 2016-01-18 09:00:00, 7.01623e-05
2626, 2016-01-18 10:00:00, 6.99786e-05
2627, 2016-01-18 11:00:00, 6.97954e-05
2628, 2016-01-18 12:00:00, 6.96126e-05
2629, 2016-01-18 13:00:00, 6.94304e-05
2630, 2016-01-18 14:00:00, 6.92486e-05
2631, 2016-01-18 15:00:00, 6.90673e-05
2632, 2016-01-18 16:00:00, 6.88865e-05
2633, 2016-01-18 17:00:00, 6.87061e-05
2634, 2016-01-18 18:00:00, 6.85262e-05
2635, 2016-01-18 19:00:00, 6.83468e-05
2636, 2016-01-18 20:00:00, 6.81679e-05
2637, 2016-01-18 21:00:00, 6.79894e-05
2638, 2016-01-18 22:00:00, 6.78114e-05
2639, 2016-01-18 23:00:00, 6.76339e-05
2640, 2016-01-19 00:00:00, 6.74568e-05
2641, 2016-01-19 01:00:00, 6.72802e-05
2642, 2016-01-19 02:00:00, 6.7104e-05
2643, 2016-01-19 03:00:00, 6.69283e-05
2644, 2016-01-19 04:00:00, 6.67531e-05
2645, 2016-01-19 05:00:00, 6.65783e-05
2646, 2016-01-19 06:00:00, 6.6404e-05
2647, 2016-01-19 07:00:00, 6.62302e-05
2648, 2016-01-19 08:00:00, 6.60568e-05
2649, 2016-01-19 09:00:00, 6.58838e-05
2650, 2016-01-19 10:00:00, 6.57114e-05
2651, 2016-01-19 11:00:00, 6.55393e-05
2652, 2016-01-19 12:00:00, 6.53677e-05
2653, 2016-01-19 13:00:00, 6.51966e-05
2654, 2016-01-19 14:00:00, 6.50259e-05
2655, 2016-01-19 15:00:00, 6.48556e-05
2656, 2016-01-19 16:00:00, 6.46859e-05
2657, 2016-01-19 17:00:00, 6.45165e-05
2658, 2016-01-19 18:00:00, 6.43476e-05
2659, 2016-01-19 19:00:00, 6.41791e-05
2660, 2016-01-19 20:00:00, 6.40111e-05
2661, 2016-01-19 21:00:00, 6.38435e-05
2662, 2016-01-19 22:00:00, 6.36764e-05
2663, 2016-01-19 23:00:00, 6.35097e-05
2664, 2016-01-20 00:00:00, 6.33434e-05
2665, 2016-01-20 01:00:00, 6.31775e-05
2666, 2016-01-20 02:00:00, 6.30121e-05
2667, 2016-01-20 03:00:00, 6.28472e-05
2668, 2016-01-20 04:00:00, 6.26826e-05
2669, 2016-01-20 05:00:00, 6.25185e-05
2670, 2016-01-20 06:00:00, 6.23548e-05
2671, 2016-01-20 07:00:00, 6.21916e-05
2672, 2016-01-20 08:00:00, 6.20288e-05
2673, 2016-01-20 09:00:00, 6.18664e-05
2674, 2016-01-20 10:00:00, 6.17044e-05
2675, 2016-01-20 11:00:00, 6.15429e-05
2676, 2016-01-20 12:00:00, 6.13817e-05
2677, 2016-01-20 13:00:00, 6.1221e-05
2678, 2016-01-20 14:00:00, 6.10608e-05
2679, 2016-01-20 15:00:00, 6.09009e-05
2680, 2016-01-20 16:00:00, 6.07415e-05
2681, 2016-01-20 17:00:00, 6.05824e-05
2682, 2016-01-20 18:00:00, 6.04238e-05
2683, 2016-01-20 19:00:00, 6.02656e-05
2684, 2016-01-20 20:00:00, 6.01079e-05
2685, 2016-01-20 21:00:00, 5.99505e-05
2686, 2016-01-20 22:00:00, 5.97935e-05
2687, 2016-01-20 23:00:00, 5.9637e-05
2688, 2016-01-21 00:00:00, 5.94809e-05
2689, 2016-01-21 01:00:00, 5.93251e-05
2690, 2016-01-21 02:00:00, 5.91698e-05
2691, 2016-01-21 03:00:00, 5.90149e-05
2692, 2016-01-21 04:00:00, 5.88604e-05
2693, 2016-01-21 05:00:00, 5.87063e-05
2694, 2016-01-21 06:00:00, 5.85526e-05
2695, 2016-01-21 07:00:00, 5.83993e-05
2696, 2016-01-21 08:00:00, 5.82464e-05
2697, 2016-01-21 09:00:00, 5.80939e-05
2698, 2016-01-21 10:00:00, 5.79419e-05
2699, 2016-01-21 11:00:00, 5.77902e-05
2700, 2016-01-21 12:00:00, 5.76389e-05
2701, 2016-01-21 13:00:00, 5.7488e-05
2702, 2016-01-21 14:00:00, 5.73375e-05
2703, 2016-01-21 15:00:00, 5.71874e-05
2704, 2016-01-21 16:00:00, 5.70376e-05
2705, 2016-01-21 17:00:00, 5.68883e-05
2706, 2016-01-21 18:00:00, 5.67394e-05
2707, 2016-01-21 19:00:00, 5.65908e-05
2708, 2016-01-21 20:00:00, 5.64427e-05
2709, 2016-01-21 21:00:00, 5.62949e-05
2710, 2016-01-21 22:00:00, 5.61475e-05
2711, 2016-01-21 23:00:00, 5.60005e-05
2712, 2016-01-22 00:00:00, 5.58539e-05
2713, 2016-01-22 01:00:00, 5.57077e-05
2714, 2016-01-22 02:00:00, 5.55619e-05
2715, 2016-01-22 03:00:00, 5.54164e-05
2716, 2016-01-22 04:00:00, 5.52713e-05
2717, 2016-01-22 05:00:00, 5.51266e-05
2718, 2016-01-22 06:00:00, 5.49823e-05
2719, 2016-01-22 07:00:00, 5.48384e-05
2720, 2016-01-22 08:00:00, 5.46948e-05
2721, 2016-01-22 09:00:00, 5.45516e-05
2722, 2016-01-22 10:00:00, 5.44088e-05
2723, 2016-01-22 11:00:00, 5.42663e-05
2724, 2016-01-22 12:00:00, 5.41243e-05
2725, 2016-01-22 13:00:00, 5.39826e-05
2726, 2016-01-22 14:00:00, 5.38413e-05
2727, 2016-01-22 15:00:00, 5.37003e-05
2728, 2016-01-22 16:00:00, 5.35597e-05
2729, 2016-01-22 17:00:00, 5.34195e-05
2730, 2016-01-22 18:00:00, 5.32796e-05
2731, 2016-01-22 19:00:00, 5.31402e-05
2732, 2016-01-22 20:00:00, 5.3001e-05
2733, 2016-01-22 21:00:00, 5.28623e-05
2734, 2016-01-22 22:00:00, 5.27239e-05
2735, 2016-01-22 23:00:00, 5.25859e-05
2736, 2016-01-23 00:00:00, 5.24482e-05
2737, 2016-01-23 01:00:00, 5.23109e-05
2738, 2016-01-23 02:00:00, 5.21739e-05
2739, 2016-01-23 03:00:00, 5.20374e-05
2740, 2016-01-23 04:00:00, 5.19011e-05
2741, 2016-01-23 05:00:00, 5.17653e-05
2742, 2016-01-23 06:00:00, 5.16297e-05
2743, 2016-01-23 07:00:00, 5.14946e-05
2744, 2016-01-23 08:00:00, 5.13598e-05
2745, 2016-01-23 09:00:00, 5.12253e-05
2746, 2016-01-23 10:00:00, 5.10912e-05
2747, 2016-01-23 11:00:00, 5.09574e-05
2748, 2016-01-23 12:00:00, 5.0824e-05
2749, 2016-01-23 13:00:00, 5.0691e-05
2750, 2016-01-23 14:00:00, 5.05583e-05
2751, 2016-01-23 15:00:00, 5.04259e-05
2752, 2016-01-23 16:00:00, 5.02939e-05
2753, 2016-01-23 17:00:00, 5.01622e-05
2754, 2016-01-23 18:00:00, 5.00309e-05
2755, 2016-01-23 19:00:00, 4.98999e-05
2756, 2016-01-23 20:00:00, 4.97693e-05
2757, 2016-01-23 21:00:00, 4.9639e-05
2758, 2016-01-23 22:00:00, 4.95091e-05
2759, 2016-01-23 23:00:00, 4.93795e-05
2760, 2016-01-24 00:00:00, 4.92502e-05
2761, 2016-01-24 01:00:00, 4.91212e-05
2762, 2016-01-24 02:00:00, 4.89927e-05
2763, 2016-01-24 03:00:00, 4.88644e-05
2764, 2016-01-24 04:00:00, 4.87365e-05
2765, 2016-01-24 05:00:00, 4.86089e-05
2766, 2016-01-24 06:00:00, 4.84816e-05
2767, 2016-01-24 07:00:00, 4.83547e-05
2768, 2016-01-24 08:00:00, 4.82281e-05
2769, 2016-01-24 09:00:00, 4.81019e-05
2770, 2016-01-24 10:00:00, 4.79759e-05
2771, 2016-01-24 11:00:00, 4.78503e-05
2772, 2016-01-24 12:00:00, 4.77251e-05
2773, 2016-01-24 13:00:00, 4.76001e-05
2774, 2016-01-24 14:00:00, 4.74755e-05
2775, 2016-01-24 15:00:00, 4.73512e-05
2776, 2016-01-24 16:00:00, 4.72273e-05
2777, 2016-01-24 17:00:00, 4.71036e-05
2778, 2016-01-24 18:00:00, 4.69803e-05
2779, 2016-01-24 19:00:00, 0.000101753
2780, 2016-01-24 20:00:00, 0.000116314
2781, 2016-01-24 21:00:00, 0.00012428
2782, 2016-01-24 22:00:00, 0.000110616
2783, 2016-01-24 23:00:00, 9.92045e-05
2784, 2016-01-25 00:00:00, 8.98396e-05
2785, 2016-01-25 01:00:00, 8.23022e-05
2786, 2016-01-25 02:00:00, 7.62177e-05
2787, 2016-01-25 03:00:00, 7.1138e-05
2788, 2016-01-25 04:00:00, 6.68888e-05
2789, 2016-01-25 05:00:00, 6.33072e-05
2790, 2016-01-25 06:00:00, 6.01894e-05
2791, 2016-01-25 07:00:00, 5.75916e-05
2792, 2016-01-25 08:00:00, 5.54692e-05
2793, 2016-01-25 09:00:00, 5.36363e-05
2794, 2016-01-25 10:00:00, 5.20135e-05
2795, 2016-01-25 11:00:00, 5.0521e-05
2796, 2016-01-25 12:00:00, 4.92585e-05
2797, 2016-01-25 13:00:00, 4.83978e-05
2798, 2016-01-25 14:00:00, 4.81874e-05
2799, 2016-01-25 15:00:00, 4.60486e-05
2800, 2016-01-25 16:00:00, 0.00262619
2801, 2016-01-25 17:00:00, 0.0359799
2802, 2016-01-25 18:00:00, 0.0167838
2803, 2016-01-25 19:00:00, 0.016052
2804, 2016-01-25 20:00:00, 0.00157441
2805, 2016-01-25 21:00:00, 0.00126819
2806, 2016-01-25 22:00:00, 4.36556e-05
2807, 2016-01-25 23:00:00, 4.35413e-05
2808, 2016-01-26 00:00:00, 4.34273e-05
2809, 2016-01-26 01:00:00, 4.33137e-05
2810, 2016-01-26 02:00:00, 4.32003e-05
2811, 2016-01-26 03:00:00, 4.30872e-05
2812, 2016-01-26 04:00:00, 4.29744e-05
2813, 2016-01-26 05:00:00, 4.28619e-05
2814, 2016-01-26 06:00:00, 4.27497e-05
2815, 2016-01-26 07:00:00, 4.26378e-05
2816, 2016-01-26 08:00:00, 4.25261e-05
2817, 2016-01-26 09:00:00, 4.24148e-05
2818, 2016-01-26 10:00:00, 4.23038e-05
2819, 2016-01-26 11:00:00, 4.2193e-05
2820, 2016-01-26 12:00:00, 4.20826e-05
2821, 2016-01-26 13:00:00, 4.19724e-05
2822, 2016-01-26 14:00:00, 4.18625e-05
2823, 2016-01-26 15:00:00, 4.17529e-05
2824, 2016-01-26 16:00:00, 4.16436e-05
2825, 2016-01-26 17:00:00, 4.15346e-05
2826, 2016-01-26 18:00:00, 4.14259e-05
2827, 2016-01-26 19:00:00, 4.13175e-05
2828, 2016-01-26 20:00:00, 4.12093e-05
2829, 2016-01-26 21:00:00, 4.11014e-05
2830, 2016-01-26 22:00:00, 4.09938e-05
2831, 2016-01-26 23:00:00, 4.08865e-05
2832, 2016-01-27 00:00:00, 4.07795e-05
2833, 2016-01-27 01:00:00, 4.06727e-05
2834, 2016-01-27 02:00:00, 4.05662e-05
2835, 2016-01-27 03:00:00, 4.046e-05
2836, 2016-01-27 04:00:00, 4.03541e-05
2837, 2016-01-27 05:00:00, 4.02485e-05
2838, 2016-01-27 06:00:00, 4.01431e-05
2839, 2016-01-27 07:00:00, 4.0038e-05
2840, 2016-01-27 08:00:00, 3.99332e-05
2841, 2016-01-27 09:00:00, 3.98287e-05
2842, 2016-01-27 10:00:00, 3.97244e-05
2843, 2016-01-27 11:00:00, 3.96204e-05
2844, 2016-01-27 12:00:00, 3.95167e-05
2845, 2016-01-27 13:00:00, 3.94133e-05
2846, 2016-01-27 14:00:00, 3.93101e-05
2847, 2016-01-27 15:00:00, 3.92072e-05
2848, 2016-01-27 16:00:00, 3.91045e-05
2849, 2016-01-27 17:00:00, 3.90022e-05
2850, 2016-01-27 18:00:00, 3.89001e-05
2851, 2016-01-27 19:00:00, 3.87982e-05
2852, 2016-01-27 20:00:00, 3.86967e-05
2853, 2016-01-27 21:00:00, 3.85954e-05
2854, 2016-01-27 22:00:00, 3.84943e-05
2855, 2016-01-27 23:00:00, 3.83936e-05
2856, 2016-01-28 00:00:00, 3.82931e-05
2857, 2016-01-28 01:00:00, 3.81928e-05
2858, 2016-01-28 02:00:00, 3.80928e-05
2859, 2016-01-28 03:00:00, 3.79931e-05
2860, 2016-01-28 04:00:00, 3.78936e-05
2861, 2016-01-28 05:00:00, 3.77944e-05
2862, 2016-01-28 06:00:00, 3.76955e-05
2863, 2016-01-28 07:00:00, 3.75968e-05
2864, 2016-01-28 08:00:00, 3.74984e-05
2865, 2016-01-28 09:00:00, 3.74002e-05
2866, 2016-01-28 10:00:00, 3.73023e-05
2867, 2016-01-28 11:00:00, 3.72047e-05
2868, 2016-01-28 12:00:00, 3.71073e-05
2869, 2016-01-28 13:00:00, 3.70102e-05
2870, 2016-01-28 14:00:00, 3.69133e-05
2871, 2016-01-28 15:00:00, 3.68166e-05
2872, 2016-01-28 16:00:00, 3.67203e-05
2873, 2016-01-28 17:00:00, 3.66241e-05
2874, 2016-01-28 18:00:00, 3.65283e-05
2875, 2016-01-28 19:00:00, 3.64326e-05
2876, 2016-01-28 20:00:00, 3.63373e-05
2877, 2016-01-28 21:00:00, 3.62421e-05
2878, 2016-01-28 22:00:00, 3.61473e-05
2879, 2016-01-28 23:00:00, 3.60526e-05
2880, 2016-01-29 00:00:00, 3.59583e-05
2881, 2016-01-29 01:00:00, 3.58641e-05
2882, 2016-01-29 02:00:00, 3.57702e-05
2883, 2016-01-29 03:00:00, 3.56766e-05
2884, 2016-01-29 04:00:00, 3.55832e-05
2885, 2016-01-29 05:00:00, 3.54901e-05
2886, 2016-01-29 06:00:00, 3.53972e-05
2887, 2016-01-29 07:00:00, 3.53045e-05
2888, 2016-01-29 08:00:00, 3.52121e-05
2889, 2016-01-29 09:00:00, 3.51199e-05
2890, 2016-01-29 10:00:00, 3.5028e-05
2891, 2016-01-29 11:00:00, 3.49363e-05
2892, 2016-01-29 12:00:00, 3.48448e-05
2893, 2016-01-29 13:00:00, 3.47536e-05
2894, 2016-01-29 14:00:00, 3.46626e-05
2895, 2016-01-29 15:00:00, 3.45719e-05
2896, 2016-01-29 16:00:00, 3.44814e-05
2897, 2016-01-29 17:00:00, 3.43911e-05
2898, 2016-01-29 18:00:00, 3.43011e-05
2899, 2016-01-29 19:00:00, 3.42113e-05
2900, 2016-01-29 20:00:00, 3.41217e-05
2901, 2016-01-29 21:00:00, 3.40324e-05
2902, 2016-01-29 22:00:00, 3.39433e-05
2903, 2016-01-29 23:00:00, 3.38545e-05
2904, 2016-01-30 00:00:00, 3.37659e-05
2905, 2016-01-30 01:00:00, 3.36775e-05
2906, 2016-01-30 02:00:00, 3.35893e-05
2907, 2016-01-30 03:00:00, 3.35014e-05
2908, 2016-01-30 04:00:00, 3.34137e-05
2909, 2016-01-30 05:00:00, 3.33262e-05
2910, 2016-01-30 06:00:00, 3.3239e-05
2911, 2016-01-30 07:00:00, 3.3152e-05
2912, 2016-01-30 08:00:00, 3.30652e-05
2913, 2016-01-30 09:00:00, 3.29786e-05
2914, 2016-01-30 10:00:00, 3.28923e-05
2915, 2016-01-30 11:00:00, 3.28062e-05
2916, 2016-01-30 12:00:00, 3.27203e-05
2917, 2016-01-30 13:00:00, 3.26346e-05
2918, 2016-01-30 14:00:00, 3.25492e-05
2919, 2016-01-30 15:00:00, 3.2464e-05
2920, 2016-01-30 16:00:00, 3.2379e-05
2921, 2016-01-30 17:00:00, 3.22943e-05
2922, 2016-01-30 18:00:00, 3.22097e-05
2923, 2016-01-30 19:00:00, 3.21254e-05
2924, 2016-01-30 20:00:00, 3.20413e-05
2925, 2016-01-30 21:00:00, 3.19574e-05
2926, 2016-01-30 22:00:00, 3.18738e-05
2927, 2016-01-30 23:00:00, 3.17904e-05
2928, 2016-01-31 00:00:00, 3.17071e-05
2929, 2016-01-31 01:00:00, 3.16241e-05
2930, 2016-01-31 02:00:00, 3.15413e-05
2931, 2016-01-31 03:00:00, 3.14588e-05
2932, 2016-01-31 04:00:00, 3.13764e-05
2933, 2016-01-31 05:00:00, 3.12943e-05
2934, 2016-01-31 06:00:00, 3.12124e-05
2935, 2016-01-31 07:00:00, 3.11307e-05
2936, 2016-01-31 08:00:00, 3.10492e-05
2937, 2016-01-31 09:00:00, 3.09679e-05
2938, 2016-01-31 10:00:00, 3.08868e-05
2939, 2016-01-31 11:00:00, 3.0806e-05
2940, 2016-01-31 12:00:00, 3.07253e-05
2941, 2016-01-31 13:00:00, 3.06449e-05
2942, 2016-01-31 14:00:00, 3.05647e-05
2943, 2016-01-31 15:00:00, 3.04847e-05
2944, 2016-01-31 16:00:00, 3.04049e-05
2945, 2016-01-31 17:00:00, 3.03253e-05
2946, 2016-01-31 18:00:00, 3.02459e-05
2947, 2016-01-31 19:00:00, 3.01667e-05
2948, 2016-01-31 20:00:00, 3.00878e-05
2949, 2016-01-31 21:00:00, 3.0009e-05
2950, 2016-01-31 22:00:00, 2.99304e-05
2951, 2016-01-31 23:00:00, 2.98521e-05
2952, 2016-02-01 00:00:00, 2.97739e-05
2953, 2016-02-01 01:00:00, 2.9696e-05
2954, 2016-02-01 02:00:00, 2.96183e-05
2955, 2016-02-01 03:00:00, 2.95407e-05
2956, 2016-02-01 04:00:00, 2.94634e-05
2957, 2016-02-01 05:00:00, 2.93863e-05
2958, 2016-02-01 06:00:00, 2.93094e-05
2959, 2016-02-01 07:00:00, 2.92326e-05
2960, 2016-02-01 08:00:00, 2.91561e-05
2961, 2016-02-01 09:00:00, 2.90798e-05
2962, 2016-02-01 10:00:00, 2.90037e-05
2963, 2016-02-01 11:00:00, 2.89277e-05
2964, 2016-02-01 12:00:00, 2.8852e-05
2965, 2016-02-01 13:00:00, 2.87765e-05
2966, 2016-02-01 14:00:00, 2.87012e-05
2967, 2016-02-01 15:00:00, 2.8626e-05
2968, 2016-02-01 16:00:00, 2.85511e-05
2969, 2016-02-01 17:00:00, 2.84764e-05
2970, 2016-02-01 18:00:00, 2.84018e-05
2971, 2016-02-01 19:00:00, 2.83275e-05
2972, 2016-02-01 20:00:00, 2.82533e-05
2973, 2016-02-01 21:00:00, 2.81794e-05
2974, 2016-02-01 22:00:00, 2.81056e-05
2975, 2016-02-01 23:00:00, 2.8032e-05
2976, 2016-02-02 00:00:00, 2.79586e-05
2977, 2016-02-02 01:00:00, 2.78855e-05
2978, 2016-02-02 02:00:00, 2.78125e-05
2979, 2016-02-02 03:00:00, 2.77397e-05
2980, 2016-02-02 04:00:00, 2.7667e-05
2981, 2016-02-02 05:00:00, 2.75946e-05
2982, 2016-02-02 06:00:00, 2.75224e-05
2983, 2016-02-02 07:00:00, 2.74503e-05
2984, 2016-02-02 08:00:00, 2.73785e-05
2985, 2016-02-02 09:00:00, 2.73068e-05
2986, 2016-02-02 10:00:00, 2.72353e-05
2987, 2016-02-02 11:00:00, 2.7164e-05
2988, 2016-02-02 12:00:00, 2.70929e-05
2989, 2016-02-02 13:00:00, 2.7022e-05
2990, 2016-02-02 14:00:00, 2.69513e-05
2991, 2016-02-02 15:00:00, 2.68807e-05
2992, 2016-02-02 16:00:00, 2.68104e-05
2993, 2016-02-02 17:00:00, 2.67402e-05
2994, 2016-02-02 18:00:00, 2.66702e-05
2995, 2016-02-02 19:00:00, 2.66004e-05
2996, 2016-02-02 20:00:00, 2.65307e-05
2997, 2016-02-02 21:00:00, 2.64613e-05
2998, 2016-02-02 22:00:00, 2.6392e-05
2999, 2016-02-02 23:00:00, 2.63229e-05
3000, 2016-02-03 00:00:00, 2.6254e-05
3001, 2016-02-03 01:00:00, 2.61853e-05
3002, 2016-02-03 02:00:00, 2.61168e-05
3003, 2016-02-03 03:00:00, 2.60484e-05
3004, 2016-02-03 04:00:00, 2.59802e-05
3005, 2016-02-03 05:00:00, 2.59122e-05
3006, 2016-02-03 06:00:00, 2.58444e-05
3007, 2016-02-03 07:00:00, 2.57767e-05
3008, 2016-02-03 08:00:00, 2.57092e-05
3009, 2016-02-03 09:00:00, 2.56419e-05
3010, 2016-02-03 10:00:00, 2.55748e-05
3011, 2016-02-03 11:00:00, 2.55079e-05
3012, 2016-02-03 12:00:00, 2.54411e-05
3013, 2016-02-03 13:00:00, 2.53745e-05
3014, 2016-02-03 14:00:00, 2.53081e-05
3015, 2016-02-03 15:00:00, 2.52418e-05
3016, 2016-02-03 16:00:00, 3.41575e-05
3017, 2016-02-03 17:00:00, 2.91925e-05
3018, 2016-02-03 18:00:00, 2.83102e-05
3019, 2016-02-03 19:00:00, 0.00154916
3020, 2016-02-03 20:00:00, 0.0192994
3021, 2016-02-03 21:00:00, 0.0306925
3022, 2016-02-03 22:00:00, 0.0167647
3023, 2016-02-03 23:00:00, 0.0661128
3024, 2016-02-04 00:00:00, 0.120275
3025, 2016-02-04 01:00:00, 0.17681
3026, 2016-02-04 02:00:00, 0.0910022
3027, 2016-02-04 03:00:00, 0.0453352
3028, 2016-02-04 04:00:00, 0.00280455
3029, 2016-02-04 05:00:00, 0.000646227
3030, 2016-02-04 06:00:00, 2.43529e-05
3031, 2016-02-04 07:00:00, 2.42633e-05
3032, 2016-02-04 08:00:00, 2.42293e-05
3033, 2016-02-04 09:00:00, 2.41761e-05
3034, 2016-02-04 10:00:00, 2.43215e-05
3035, 2016-02-04 11:00:00, 8.03924e-05
3036, 2016-02-04 12:00:00, 0.00324696
3037, 2016-02-04 13:00:00, 0.00151703
3038, 2016-02-04 14:00:00, 0.00121169
3039, 2016-02-04 15:00:00, 3.82162e-05
3040, 2016-02-04 16:00:00, 2.96162e-05
3041, 2016-02-04 17:00:00, 2.3579e-05
3042, 2016-02-04 18:00:00, 2.35172e-05
3043, 2016-02-04 19:00:00, 2.34557e-05
3044, 2016-02-04 20:00:00, 2.33943e-05
3045, 2016-02-04 21:00:00, 2.3333e-05
3046, 2016-02-04 22:00:00, 2.3272e-05
3047, 2016-02-04 23:00:00, 2.3211e-05
3048, 2016-02-05 00:00:00, 2.31503e-05
3049, 2016-02-05 01:00:00, 2.30897e-05
3050, 2016-02-05 02:00:00, 2.30292e-05
3051, 2016-02-05 03:00:00, 2.2969e-05
3052, 2016-02-05 04:00:00, 2.29088e-05
3053, 2016-02-05 05:00:00, 0.000452262
3054, 2016-02-05 06:00:00, 0.00851765
3055, 2016-02-05 07:00:00, 0.00452319
3056, 2016-02-05 08:00:00, 0.00330061
3057, 2016-02-05 09:00:00, 0.000253107
3058, 2016-02-05 10:00:00, 9.43098e-05
3059, 2016-02-05 11:00:00, 0.00182804
3060, 2016-02-05 12:00:00, 0.00101727
3061, 2016-02-05 13:00:00, 0.000742247
3062, 2016-02-05 14:00:00, 8.34834e-05
3063, 2016-02-05 15:00:00, 2.22578e-05
3064, 2016-02-05 16:00:00, 2.21995e-05
3065, 2016-02-05 17:00:00, 2.21414e-05
3066, 2016-02-05 18:00:00, 2.20834e-05
3067, 2016-02-05 19:00:00, 2.20256e-05
3068, 2016-02-05 20:00:00, 2.1968e-05
3069, 2016-02-05 21:00:00, 2.19105e-05
3070, 2016-02-05 22:00:00, 2.18531e-05
3071, 2016-02-05 23:00:00, 2.17959e-05
3072, 2016-02-06 00:00:00, 2.17389e-05
3073, 2016-02-06 01:00:00, 2.16819e-05
3074, 2016-02-06 02:00:00, 2.16252e-05
3075, 2016-02-06 03:00:00, 2.15686e-05
3076, 2016-02-06 04:00:00, 2.15121e-05
3077, 2016-02-06 05:00:00, 2.14558e-05
3078, 2016-02-06 06:00:00, 2.13997e-05
3079, 2016-02-06 07:00:00, 2.13436e-05
3080, 2016-02-06 08:00:00, 2.12878e-05
3081, 2016-02-06 09:00:00, 2.1232e-05
3082, 2016-02-06 10:00:00, 2.11765e-05
3083, 2016-02-06 11:00:00, 2.1121e-05
3084, 2016-02-06 12:00:00, 2.10657e-05
3085, 2016-02-06 13:00:00, 2.10106e-05
3086, 2016-02-06 14:00:00, 2.09556e-05
3087, 2016-02-06 15:00:00, 2.09008e-05
3088, 2016-02-06 16:00:00, 2.0846e-05
3089, 2016-02-06 17:00:00, 2.07915e-05
3090, 2016-02-06 18:00:00, 0.000123514
3091, 2016-02-06 19:00:00, 0.00122537
3092, 2016-02-06 20:00:00, 0.00138455
3093, 2016-02-06 21:00:00, 0.00135736
3094, 2016-02-06 22:00:00, 0.000944376
3095, 2016-02-06 23:00:00, 0.000660082
3096, 2016-02-07 00:00:00, 0.000464938
3097, 2016-02-07 01:00:00, 0.000330701
3098, 2016-02-07 02:00:00, 0.000238141
3099, 2016-02-07 03:00:00, 0.000174119
3100, 2016-02-07 04:00:00, 0.000129668
3101, 2016-02-07 05:00:00, 9.8673e-05
3102, 2016-02-07 06:00:00, 7.69487e-05
3103, 2016-02-07 07:00:00, 6.16288e-05
3104, 2016-02-07 08:00:00, 5.0749e-05
3105, 2016-02-07 09:00:00, 4.2964e-05
3106, 2016-02-07 10:00:00, 3.73426e-05
3107, 2016-02-07 11:00:00, 3.3234e-05
3108, 2016-02-07 12:00:00, 3.01898e-05
3109, 2016-02-07 13:00:00, 2.79457e-05
3110, 2016-02-07 14:00:00, 2.63132e-05
3111, 2016-02-07 15:00:00, 0.000110841
3112, 2016-02-07 16:00:00, 0.00237544
3113, 2016-02-07 17:00:00, 0.0411296
3114, 2016-02-07 18:00:00, 0.0886074
3115, 2016-02-07 19:00:00, 0.0461892
3116, 2016-02-07 20:00:00, 0.0255091
3117, 2016-02-07 21:00:00, 0.000109255
3118, 2016-02-07 22:00:00, 9.12171e-05
3119, 2016-02-07 23:00:00, 1.92192e-05
3120, 2016-02-08 00:00:00, 1.91689e-05
3121, 2016-02-08 01:00:00, 1.91188e-05
3122, 2016-02-08 02:00:00, 1.90687e-05
3123, 2016-02-08 03:00:00, 1.90188e-05
3124, 2016-02-08 04:00:00, 1.8969e-05
3125, 2016-02-08 05:00:00, 1.89194e-05
3126, 2016-02-08 06:00:00, 1.88698e-05
3127, 2016-02-08 07:00:00, 1.88204e-05
3128, 2016-02-08 08:00:00, 1.87712e-05
3129, 2016-02-08 09:00:00, 1.8722e-05
3130, 2016-02-08 10:00:00, 1.8673e-05
3131, 2016-02-08 11:00:00, 1.86242e-05
3132, 2016-02-08 12:00:00, 1.85754e-05
3133, 2016-02-08 13:00:00, 1.85268e-05
3134, 2016-02-08 14:00:00, 1.84783e-05
3135, 2016-02-08 15:00:00, 1.84299e-05
3136, 2016-02-08 16:00:00, 1.83817e-05
3137, 2016-02-08 17:00:00, 1.83336e-05
3138, 2016-02-08 18:00:00, 1.82856e-05
3139, 2016-02-08 19:00:00, 1.82377e-05
3140, 2016-02-08 20:00:00, 1.819e-05
3141, 2016-02-08 21:00:00, 1.81423e-05
3142, 2016-02-08 22:00:00, 1.80949e-05
3143, 2016-02-08 23:00:00, 1.80475e-05
3144, 2016-02-09 00:00:00, 1.80003e-05
3145, 2016-02-09 01:00:00, 1.79531e-05
3146, 2016-02-09 02:00:00, 1.79061e-05
3147, 2016-02-09 03:00:00, 1.78593e-05
3148, 2016-02-09 04:00:00, 1.78125e-05
3149, 2016-02-09 05:00:00, 1.77659e-05
3150, 2016-02-09 06:00:00, 1.77194e-05
3151, 2016-02-09 07:00:00, 1.7673e-05
3152, 2016-02-09 08:00:00, 1.76268e-05
3153, 2016-02-09 09:00:00, 1.75806e-05
3154, 2016-02-09 10:00:00, 1.75346e-05
3155, 2016-02-09 11:00:00, 1.74887e-05
3156, 2016-02-09 12:00:00, 1.74429e-05
3157, 2016-02-09 13:00:00, 1.73973e-05
3158, 2016-02-09 14:00:00, 1.73517e-05
3159, 2016-02-09 15:00:00, 1.73063e-05
3160, 2016-02-09 16:00:00, 1.7261e-05
3161, 2016-02-09 17:00:00, 1.72158e-05
3162, 2016-02-09 18:00:00, 1.71708e-05
3163, 2016-02-09 19:00:00, 1.71258e-05
3164, 2016-02-09 20:00:00, 1.7081e-05
3165, 2016-02-09 21:00:00, 1.70363e-05
3166, 2016-02-09 22:00:00, 1.69917e-05
3167, 2016-02-09 23:00:00, 1.69472e-05
3168, 2016-02-10 00:00:00, 1.69028e-05
3169, 2016-02-10 01:00:00, 1.68586e-05
3170, 2016-02-10 02:00:00, 1.68145e-05
3171, 2016-02-10 03:00:00, 1.67704e-05
3172, 2016-02-10 04:00:00, 1.67266e-05
3173, 2016-02-10 05:00:00, 1.66828e-05
3174, 2016-02-10 06:00:00, 1.66391e-05
3175, 2016-02-10 07:00:00, 1.65955e-05
3176, 2016-02-10 08:00:00, 1.65521e-05
3177, 2016-02-10 09:00:00, 1.65088e-05
3178, 2016-02-10 10:00:00, 1.64656e-05
3179, 2016-02-10 11:00:00, 1.64225e-05
3180, 2016-02-10 12:00:00, 1.63795e-05
3181, 2016-02-10 13:00:00, 1.63366e-05
3182, 2016-02-10 14:00:00, 1.62938e-05
3183, 2016-02-10 15:00:00, 1.62512e-05
3184, 2016-02-10 16:00:00, 1.62087e-05
3185, 2016-02-10 17:00:00, 1.61662e-05
3186, 2016-02-10 18:00:00, 1.61239e-05
3187, 2016-02-10 19:00:00, 3.17807e-05
3188, 2016-02-10 20:00:00, 3.61197e-05
3189, 2016-02-10 21:00:00, 4.18604e-05
3190, 2016-02-10 22:00:00, 3.80672e-05
3191, 2016-02-10 23:00:00, 3.38821e-05
3192, 2016-02-11 00:00:00, 2.86845e-05
3193, 2016-02-11 01:00:00, 2.46208e-05
3194, 2016-02-11 02:00:00, 2.18109e-05
3195, 2016-02-11 03:00:00, 1.95437e-05
3196, 2016-02-11 04:00:00, 1.77721e-05
3197, 2016-02-11 05:00:00, 1.64457e-05
3198, 2016-02-11 06:00:00, 1.58357e-05
3199, 2016-02-11 07:00:00, 1.5597e-05
3200, 2016-02-11 08:00:00, 1.5543e-05
3201, 2016-02-11 09:00:00, 1.55023e-05
3202, 2016-02-11 10:00:00, 1.54617e-05
3203, 2016-02-11 11:00:00, 1.54212e-05
3204, 2016-02-11 12:00:00, 1.53809e-05
3205, 2016-02-11 13:00:00, 1.53406e-05
3206, 2016-02-11 14:00:00, 1.53005e-05
3207, 2016-02-11 15:00:00, 1.52604e-05
3208, 2016-02-11 16:00:00, 1.52205e-05
3209, 2016-02-11 17:00:00, 1.51806e-05
3210, 2016-02-11 18:00:00, 1.51409e-05
3211, 2016-02-11 19:00:00, 1.51013e-05
3212, 2016-02-11 20:00:00, 1.50617e-05
3213, 2016-02-11 21:00:00, 1.50223e-05
3214, 2016-02-11 22:00:00, 1.4983e-05
3215, 2016-02-11 23:00:00, 1.49438e-05
3216, 2016-02-12 00:00:00, 1.49047e-05
3217, 2016-02-12 01:00:00, 1.48656e-05
3218, 2016-02-12 02:00:00, 1.48267e-05
3219, 2016-02-12 03:00:00, 1.47879e-05
3220, 2016-02-12 04:00:00, 1.47492e-05
3221, 2016-02-12 05:00:00, 1.47106e-05
3222, 2016-02-12 06:00:00, 1.46721e-05
3223, 2016-02-12 07:00:00, 1.46337e-05
3224, 2016-02-12 08:00:00, 1.45954e-05
3225, 2016-02-12 09:00:00, 1.45572e-05
3226, 2016-02-12 10:00:00, 1.45191e-05
3227, 2016-02-12 11:00:00, 1.44811e-05
3228, 2016-02-12 12:00:00, 1.44432e-05
3229, 2016-02-12 13:00:00, 1.44054e-05
3230, 2016-02-12 14:00:00, 1.43677e-05
3231, 2016-02-12 15:00:00, 1.433e-05
3232, 2016-02-12 16:00:00, 1.42925e-05
3233, 2016-02-12 17:00:00, 1.42551e-05
3234, 2016-02-12 18:00:00, 1.42178e-05
3235, 2016-02-12 19:00:00, 1.41806e-05
3236, 2016-02-12 20:00:00, 1.41435e-05
3237, 2016-02-12 21:00:00, 1.41065e-05
3238, 2016-02-12 22:00:00, 1.40695e-05
3239, 2016-02-12 23:00:00, 1.40327e-05
3240, 2016-02-13 00:00:00, 1.3996e-05
3241, 2016-02-13 01:00:00, 1.39593e-05
3242, 2016-02-13 02:00:00, 1.39228e-05
3243, 2016-02-13 03:00:00, 1.38864e-05
3244, 2016-02-13 04:00:00, 1.385e-05
3245, 2016-02-13 05:00:00, 1.38138e-05
3246, 2016-02-13 06:00:00, 1.37776e-05
3247, 2016-02-13 07:00:00, 1.37415e-05
3248, 2016-02-13 08:00:00, 1.37056e-05
3249, 2016-02-13 09:00:00, 1.36697e-05
3250, 2016-02-13 10:00:00, 1.36339e-05
3251, 2016-02-13 11:00:00, 1.35982e-05
3252, 2016-02-13 12:00:00, 1.35626e-05
3253, 2016-02-13 13:00:00, 1.35271e-05
3254, 2016-02-13 14:00:00, 1.34917e-05
3255, 2016-02-13 15:00:00, 1.34564e-05
3256, 2016-02-13 16:00:00, 1.34212e-05
3257, 2016-02-13 17:00:00, 1.3386e-05
3258, 2016-02-13 18:00:00, 1.3351e-05
3259, 2016-02-13 19:00:00, 1.33161e-05
3260, 2016-02-13 20:00:00, 1.32812e-05
3261, 2016-02-13 21:00:00, 1.32464e-05
3262, 2016-02-13 22:00:00, 1.32118e-05
3263, 2016-02-13 23:00:00, 1.31772e-05
3264, 2016-02-14 00:00:00, 1.31427e-05
3265, 2016-02-14 01:00:00, 1.31083e-05
3266, 2016-02-14 02:00:00, 1.3074e-05
3267, 2016-02-14 03:00:00, 1.30398e-05
3268, 2016-02-14 04:00:00, 1.30056e-05
3269, 2016-02-14 05:00:00, 1.29716e-05
3270, 2016-02-14 06:00:00, 1.29376e-05
3271, 2016-02-14 07:00:00, 1.29038e-05
3272, 2016-02-14 08:00:00, 1.287e-05
3273, 2016-02-14 09:00:00, 1.28363e-05
3274, 2016-02-14 10:00:00, 1.28027e-05
3275, 2016-02-14 11:00:00, 1.27692e-05
3276, 2016-02-14 12:00:00, 1.27358e-05
3277, 2016-02-14 13:00:00, 1.27024e-05
3278, 2016-02-14 14:00:00, 1.26692e-05
3279, 2016-02-14 15:00:00, 1.2636e-05
3280, 2016-02-14 16:00:00, 1.26029e-05
3281, 2016-02-14 17:00:00, 1.257e-05
3282, 2016-02-14 18:00:00, 1.25371e-05
3283, 2016-02-14 19:00:00, 1.25042e-05
3284, 2016-02-14 20:00:00, 1.24715e-05
3285, 2016-02-14 21:00:00, 1.24389e-05
3286, 2016-02-14 22:00:00, 1.24063e-05
3287, 2016-02-14 23:00:00, 1.23738e-05
3288, 2016-02-15 00:00:00, 1.23414e-05
3289, 2016-02-15 01:00:00, 1.23091e-05
3290, 2016-02-15 02:00:00, 1.22769e-05
3291, 2016-02-15 03:00:00, 1.22448e-05
3292, 2016-02-15 04:00:00, 1.22127e-05
3293, 2016-02-15 05:00:00, 1.21808e-05
3294, 2016-02-15 06:00:00, 1.21489e-05
3295, 2016-02-15 07:00:00, 1.21171e-05
3296, 2016-02-15 08:00:00, 1.20854e-05
3297, 2016-02-15 09:00:00, 1.20537e-05
3298, 2016-02-15 10:00:00, 1.20222e-05
3299, 2016-02-15 11:00:00, 1.19907e-05
3300, 2016-02-15 12:00:00, 1.19593e-05
3301, 2016-02-15 13:00:00, 1.1928e-05
3302, 2016-02-15 14:00:00, 1.18968e-05
3303, 2016-02-15 15:00:00, 1.18657e-05
3304, 2016-02-15 16:00:00, 1.18346e-05
3305, 2016-02-15 17:00:00, 1.18036e-05
3306, 2016-02-15 18:00:00, 1.17727e-05
3307, 2016-02-15 19:00:00, 1.17419e-05
3308, 2016-02-15 20:00:00, 1.17112e-05
3309, 2016-02-15 21:00:00, 1.16805e-05
3310, 2016-02-15 22:00:00, 1.16499e-05
3311, 2016-02-15 23:00:00, 1.16195e-05
3312, 2016-02-16 00:00:00, 1.1589e-05
3313, 2016-02-16 01:00:00, 1.15587e-05
3314, 2016-02-16 02:00:00, 1.15284e-05
3315, 2016-02-16 03:00:00, 1.14983e-05
3316, 2016-02-16 04:00:00, 1.14682e-05
3317, 2016-02-16 05:00:00, 1.14382e-05
3318, 2016-02-16 06:00:00, 1.14082e-05
3319, 2016-02-16 07:00:00, 1.13784e-05
3320, 2016-02-16 08:00:00, 1.13486e-05
3321, 2016-02-16 09:00:00, 1.13189e-05
3322, 2016-02-16 10:00:00, 0.0683588
3323, 2016-02-16 11:00:00, 0.0976473
3324, 2016-02-16 12:00:00, 0.0552905
3325, 2016-02-16 13:00:00, 0.0244433
3326, 2016-02-16 14:00:00, 0.000139743
3327, 2016-02-16 15:00:00, 0.000624543
3328, 2016-02-16 16:00:00, 0.000279003
3329, 2016-02-16 17:00:00, 0.000223396
3330, 2016-02-16 18:00:00, 1.78114e-05
3331, 2016-02-16 19:00:00, 1.22745e-05
3332, 2016-02-16 20:00:00, 0.00234726
3333, 2016-02-16 21:00:00, 0.227874
3334, 2016-02-16 22:00:00, 0.190085
3335, 2016-02-16 23:00:00, 0.122511
3336, 2016-02-17 00:00:00, 0.03173
3337, 2016-02-17 01:00:00, 0.000329164
3338, 2016-02-17 02:00:00, 1.08343e-05
3339, 2016-02-17 03:00:00, 1.07973e-05
3340, 2016-02-17 04:00:00, 1.0769e-05
3341, 2016-02-17 05:00:00, 1.07408e-05
3342, 2016-02-17 06:00:00, 1.07127e-05
3343, 2016-02-17 07:00:00, 1.06847e-05
3344, 2016-02-17 08:00:00, 1.06567e-05
3345, 2016-02-17 09:00:00, 1.06288e-05
3346, 2016-02-17 10:00:00, 1.0601e-05
3347, 2016-02-17 11:00:00, 1.05732e-05
3348, 2016-02-17 12:00:00, 1.05456e-05
3349, 2016-02-17 13:00:00, 1.0518e-05
3350, 2016-02-17 14:00:00, 1.04904e-05
3351, 2016-02-17 15:00:00, 1.0463e-05
3352, 2016-02-17 16:00:00, 1.04356e-05
3353, 2016-02-17 17:00:00, 1.04083e-05
3354, 2016-02-17 18:00:00, 1.0381e-05
3355, 2016-02-17 19:00:00, 1.03539e-05
3356, 2016-02-17 20:00:00, 1.03268e-05
3357, 2016-02-17 21:00:00, 1.02997e-05
3358, 2016-02-17 22:00:00, 1.02728e-05
3359, 2016-02-17 23:00:00, 1.02459e-05
3360, 2016-02-18 00:00:00, 1.02191e-05
3361, 2016-02-18 01:00:00, 1.01923e-05
3362, 2016-02-18 02:00:00, 1.01656e-05
3363, 2016-02-18 03:00:00, 1.0139e-05
3364, 2016-02-18 04:00:00, 1.01125e-05
3365, 2016-02-18 05:00:00, 1.0086e-05
3366, 2016-02-18 06:00:00, 1.00596e-05
3367, 2016-02-18 07:00:00, 1.00333e-05
3368, 2016-02-18 08:00:00, 1.0007e-05
3369, 2016-02-18 09:00:00, 9.98082e-06
3370, 2016-02-18 10:00:00, 9.9547e-06
3371, 2016-02-18 11:00:00, 9.92864e-06
3372, 2016-02-18 12:00:00, 9.90266e-06
3373, 2016-02-18 13:00:00, 9.87673e-06
3374, 2016-02-18 14:00:00, 9.85088e-06
3375, 2016-02-18 15:00:00, 9.84488e-06
3376, 2016-02-18 16:00:00, 9.83519e-06
3377, 2016-02-18 17:00:00, 9.81419e-06
3378, 2016-02-18 18:00:00, 9.78038e-06
3379, 2016-02-18 19:00:00, 9.73616e-06
3380, 2016-02-18 20:00:00, 9.70187e-06
3381, 2016-02-18 21:00:00, 9.6718e-06
3382, 2016-02-18 22:00:00, 9.64648e-06
3383, 2016-02-18 23:00:00, 9.62123e-06
3384, 2016-02-19 00:00:00, 9.59605e-06
3385, 2016-02-19 01:00:00, 9.57093e-06
3386, 2016-02-19 02:00:00, 9.54588e-06
3387, 2016-02-19 03:00:00, 9.52089e-06
3388, 2016-02-19 04:00:00, 9.49597e-06
3389, 2016-02-19 05:00:00, 9.47112e-06
3390, 2016-02-19 06:00:00, 9.44633e-06
3391, 2016-02-19 07:00:00, 9.4216e-06
3392, 2016-02-19 08:00:00, 9.39694e-06
3393, 2016-02-19 09:00:00, 9.37234e-06
3394, 2016-02-19 10:00:00, 9.34781e-06
3395, 2016-02-19 11:00:00, 9.32334e-06
3396, 2016-02-19 12:00:00, 9.29894e-06
3397, 2016-02-19 13:00:00, 9.2746e-06
3398, 2016-02-19 14:00:00, 9.25032e-06
3399, 2016-02-19 15:00:00, 9.22937e-06
3400, 2016-02-19 16:00:00, 9.22182e-06
3401, 2016-02-19 17:00:00, 9.21582e-06
3402, 2016-02-19 18:00:00, 9.20602e-06
3403, 2016-02-19 19:00:00, 9.15503e-06
3404, 2016-02-19 20:00:00, 9.11784e-06
3405, 2016-02-19 21:00:00, 9.08216e-06
3406, 2016-02-19 22:00:00, 9.05839e-06
3407, 2016-02-19 23:00:00, 9.03468e-06
3408, 2016-02-20 00:00:00, 9.01103e-06
3409, 2016-02-20 01:00:00, 8.98744e-06
3410, 2016-02-20 02:00:00, 8.96392e-06
3411, 2016-02-20 03:00:00, 8.94046e-06
3412, 2016-02-20 04:00:00, 8.91705e-06
3413, 2016-02-20 05:00:00, 8.89371e-06
3414, 2016-02-20 06:00:00, 8.87044e-06
3415, 2016-02-20 07:00:00, 8.84722e-06
3416, 2016-02-20 08:00:00, 0.000223553
3417, 2016-02-20 09:00:00, 0.000106405
3418, 2016-02-20 10:00:00, 8.68632e-05
3419, 2016-02-20 11:00:00, 8.75584e-06
3420, 2016-02-20 12:00:00, 8.7327e-06
3421, 2016-02-20 13:00:00, 8.70918e-06
3422, 2016-02-20 14:00:00, 8.68638e-06
3423, 2016-02-20 15:00:00, 8.66364e-06
3424, 2016-02-20 16:00:00, 8.64097e-06
3425, 2016-02-20 17:00:00, 8.61835e-06
3426, 2016-02-20 18:00:00, 8.59579e-06
3427, 2016-02-20 19:00:00, 8.57329e-06
3428, 2016-02-20 20:00:00, 8.55085e-06
3429, 2016-02-20 21:00:00, 8.52847e-06
3430, 2016-02-20 22:00:00, 8.50615e-06
3431, 2016-02-20 23:00:00, 8.48388e-06
3432, 2016-02-21 00:00:00, 8.46167e-06
3433, 2016-02-21 01:00:00, 8.43953e-06
3434, 2016-02-21 02:00:00, 8.41744e-06
3435, 2016-02-21 03:00:00, 8.3954e-06
3436, 2016-02-21 04:00:00, 8.37343e-06
3437, 2016-02-21 05:00:00, 8.35151e-06
3438, 2016-02-21 06:00:00, 8.32965e-06
3439, 2016-02-21 07:00:00, 8.30785e-06
3440, 2016-02-21 08:00:00, 8.2861e-06
3441, 2016-02-21 09:00:00, 8.26441e-06
3442, 2016-02-21 10:00:00, 8.24278e-06
3443, 2016-02-21 11:00:00, 8.22121e-06
3444, 2016-02-21 12:00:00, 8.19969e-06
3445, 2016-02-21 13:00:00, 8.17822e-06
3446, 2016-02-21 14:00:00, 8.15682e-06
3447, 2016-02-21 15:00:00, 8.13547e-06
3448, 2016-02-21 16:00:00, 8.11417e-06
3449, 2016-02-21 17:00:00, 8.09293e-06
3450, 2016-02-21 18:00:00, 8.07175e-06
3451, 2016-02-21 19:00:00, 8.05062e-06
3452, 2016-02-21 20:00:00, 8.02955e-06
3453, 2016-02-21 21:00:00, 8.00853e-06
3454, 2016-02-21 22:00:00, 7.98757e-06
3455, 2016-02-21 23:00:00, 7.96666e-06
3456, 2016-02-22 00:00:00, 7.94581e-06
3457, 2016-02-22 01:00:00, 7.92501e-06
3458, 2016-02-22 02:00:00, 7.90427e-06
3459, 2016-02-22 03:00:00, 7.88358e-06
3460, 2016-02-22 04:00:00, 7.86295e-06
3461, 2016-02-22 05:00:00, 7.84236e-06
3462, 2016-02-22 06:00:00, 7.82184e-06
3463, 2016-02-22 07:00:00, 7.80136e-06
3464, 2016-02-22 08:00:00, 7.78094e-06
3465, 2016-02-22 09:00:00, 7.76058e-06
3466, 2016-02-22 10:00:00, 7.74026e-06
3467, 2016-02-22 11:00:00, 7.72e-06
3468, 2016-02-22 12:00:00, 7.6998e-06
3469, 2016-02-22 13:00:00, 7.67964e-06
3470, 2016-02-22 14:00:00, 7.65954e-06
3471, 2016-02-22 15:00:00, 7.63949e-06
3472, 2016-02-22 16:00:00, 7.6195e-06
3473, 2016-02-22 17:00:00, 7.59955e-06
3474, 2016-02-22 18:00:00, 7.57966e-06
3475, 2016-02-22 19:00:00, 7.55982e-06
3476, 2016-02-22 20:00:00, 7.54003e-06
3477, 2016-02-22 21:00:00, 7.5203e-06
3478, 2016-02-22 22:00:00, 7.50061e-06
3479, 2016-02-22 23:00:00, 7.48098e-06
3480, 2016-02-23 00:00:00, 7.4614e-06
3481, 2016-02-23 01:00:00, 7.44187e-06
3482, 2016-02-23 02:00:00, 7.42239e-06
3483, 2016-02-23 03:00:00, 7.40296e-06
3484, 2016-02-23 04:00:00, 7.38359e-06
3485, 2016-02-23 05:00:00, 7.36426e-06
3486, 2016-02-23 06:00:00, 7.34498e-06
3487, 2016-02-23 07:00:00, 7.32576e-06
3488, 2016-02-23 08:00:00, 7.30658e-06
3489, 2016-02-23 09:00:00, 7.28746e-06
3490, 2016-02-23 10:00:00, 7.26838e-06
3491, 2016-02-23 11:00:00, 7.24936e-06
3492, 2016-02-23 12:00:00, 7.23038e-06
3493, 2016-02-23 13:00:00, 7.21146e-06
3494, 2016-02-23 14:00:00, 7.19258e-06
3495, 2016-02-23 15:00:00, 7.17376e-06
3496, 2016-02-23 16:00:00, 7.15498e-06
3497, 2016-02-23 17:00:00, 7.13625e-06
3498, 2016-02-23 18:00:00, 7.11757e-06
3499, 2016-02-23 19:00:00, 7.09894e-06
3500, 2016-02-23 20:00:00, 7.08036e-06
3501, 2016-02-23 21:00:00, 7.06183e-06
3502, 2016-02-23 22:00:00, 7.04334e-06
3503, 2016-02-23 23:00:00, 2.76224e-05
3504, 2016-02-24 00:00:00, 0.000211712
3505, 2016-02-24 01:00:00, 0.000131939
3506, 2016-02-24 02:00:00, 0.000109644
3507, 2016-02-24 03:00:00, 4.71152e-05
3508, 2016-02-24 04:00:00, 4.77733e-05
3509, 2016-02-24 05:00:00, 0.000125177
3510, 2016-02-24 06:00:00, 0.000189029
3511, 2016-02-24 07:00:00, 0.000211876
3512, 2016-02-24 08:00:00, 0.000264185
3513, 2016-02-24 09:00:00, 0.000283808
3514, 2016-02-24 10:00:00, 0.00139088
3515, 2016-02-24 11:00:00, 0.00284339
3516, 2016-02-24 12:00:00, 0.00271928
3517, 2016-02-24 13:00:00, 0.00287392
3518, 2016-02-24 14:00:00, 0.00334515
3519, 2016-02-24 15:00:00, 0.00406569
3520, 2016-02-24 16:00:00, 0.00322544
3521, 2016-02-24 17:00:00, 0.00161239
3522, 2016-02-24 18:00:00, 0.00462457
3523, 2016-02-24 19:00:00, 0.072538
3524, 2016-02-24 20:00:00, 0.0638147
3525, 2016-02-24 21:00:00, 0.0455433
3526, 2016-02-24 22:00:00, 0.0419354
3527, 2016-02-24 23:00:00, 0.0210165
3528, 2016-02-25 00:00:00, 0.17964
3529, 2016-02-25 01:00:00, 0.101772
3530, 2016-02-25 02:00:00, 0.095484
3531, 2016-02-25 03:00:00, 0.0195988
3532, 2016-02-25 04:00:00, 0.00901671
3533, 2016-02-25 05:00:00, 0.00387054
3534, 2016-02-25 06:00:00, 0.00500496
3535, 2016-02-25 07:00:00, 0.0542682
3536, 2016-02-25 08:00:00, 0.458819
3537, 2016-02-25 09:00:00, 0.21947
3538, 2016-02-25 10:00:00, 0.159449
3539, 2016-02-25 11:00:00, 0.00122915
3540, 2016-02-25 12:00:00, 6.37567e-06
3541, 2016-02-25 13:00:00, 6.35898e-06
3542, 2016-02-25 14:00:00, 6.34233e-06
3543, 2016-02-25 15:00:00, 6.32573e-06
3544, 2016-02-25 16:00:00, 6.30918e-06
3545, 2016-02-25 17:00:00, 6.29266e-06
3546, 2016-02-25 18:00:00, 6.27619e-06
3547, 2016-02-25 19:00:00, 6.25976e-06
3548, 2016-02-25 20:00:00, 6.24338e-06
3549, 2016-02-25 21:00:00, 0.000417847
3550, 2016-02-25 22:00:00, 0.00454492
3551, 2016-02-25 23:00:00, 0.00213388
3552, 2016-02-26 00:00:00, 0.00158858
3553, 2016-02-26 01:00:00, 6.1621e-06
3554, 2016-02-26 02:00:00, 6.14669e-06
3555, 2016-02-26 03:00:00, 6.13021e-06
3556, 2016-02-26 04:00:00, 6.1141e-06
3557, 2016-02-26 05:00:00, 8.06565e-06
3558, 2016-02-26 06:00:00, 6.97633e-06
3559, 2016-02-26 07:00:00, 6.78152e-06
3560, 2016-02-26 08:00:00, 6.05007e-06
3561, 2016-02-26 09:00:00, 6.03424e-06
3562, 2016-02-26 10:00:00, 6.01844e-06
3563, 2016-02-26 11:00:00, 6.00269e-06
3564, 2016-02-26 12:00:00, 5.98698e-06
3565, 2016-02-26 13:00:00, 5.97131e-06
3566, 2016-02-26 14:00:00, 5.95568e-06
3567, 2016-02-26 15:00:00, 5.94009e-06
3568, 2016-02-26 16:00:00, 5.92454e-06
3569, 2016-02-26 17:00:00, 5.90903e-06
3570, 2016-02-26 18:00:00, 5.89357e-06
3571, 2016-02-26 19:00:00, 5.87814e-06
3572, 2016-02-26 20:00:00, 5.86276e-06
3573, 2016-02-26 21:00:00, 5.84741e-06
3574, 2016-02-26 22:00:00, 5.8321e-06
3575, 2016-02-26 23:00:00, 5.81684e-06
3576, 2016-02-27 00:00:00, 5.80161e-06
3577, 2016-02-27 01:00:00, 5.78643e-06
3578, 2016-02-27 02:00:00, 5.77128e-06
3579, 2016-02-27 03:00:00, 5.75618e-06
3580, 2016-02-27 04:00:00, 5.74111e-06
3581, 2016-02-27 05:00:00, 5.72608e-06
3582, 2016-02-27 06:00:00, 5.7111e-06
3583, 2016-02-27 07:00:00, 5.69615e-06
3584, 2016-02-27 08:00:00, 5.68124e-06
3585, 2016-02-27 09:00:00, 5.66637e-06
3586, 2016-02-27 10:00:00, 5.65154e-06
3587, 2016-02-27 11:00:00, 5.63674e-06
3588, 2016-02-27 12:00:00, 5.62199e-06
3589, 2016-02-27 13:00:00, 5.60727e-06
3590, 2016-02-27 14:00:00, 5.59353e-06
3591, 2016-02-27 15:00:00, 5.57838e-06
3592, 2016-02-27 16:00:00, 5.5637e-06
3593, 2016-02-27 17:00:00, 5.5488e-06
3594, 2016-02-27 18:00:00, 5.53427e-06
3595, 2016-02-27 19:00:00, 5.51979e-06
3596, 2016-02-27 20:00:00, 5.50534e-06
3597, 2016-02-27 21:00:00, 5.49093e-06
3598, 2016-02-27 22:00:00, 5.47656e-06
3599, 2016-02-27 23:00:00, 5.46222e-06
3600, 2016-02-28 00:00:00, 5.44792e-06
3601, 2016-02-28 01:00:00, 5.43367e-06
3602, 2016-02-28 02:00:00, 5.41944e-06
3603, 2016-02-28 03:00:00, 5.40526e-06
3604, 2016-02-28 04:00:00, 5.39111e-06
3605, 2016-02-28 05:00:00, 5.377e-06
3606, 2016-02-28 06:00:00, 5.36292e-06
3607, 2016-02-28 07:00:00, 5.34889e-06
3608, 2016-02-28 08:00:00, 5.33489e-06
3609, 2016-02-28 09:00:00, 5.32092e-06
3610, 2016-02-28 10:00:00, 5.307e-06
3611, 2016-02-28 11:00:00, 5.2931e-06
3612, 2016-02-28 12:00:00, 5.27925e-06
3613, 2016-02-28 13:00:00, 5.26543e-06
3614, 2016-02-28 14:00:00, 5.25165e-06
3615, 2016-02-28 15:00:00, 5.2379e-06
3616, 2016-02-28 16:00:00, 5.22419e-06
3617, 2016-02-28 17:00:00, 5.21052e-06
3618, 2016-02-28 18:00:00, 5.19688e-06
3619, 2016-02-28 19:00:00, 5.18328e-06
3620, 2016-02-28 20:00:00, 5.16971e-06
3621, 2016-02-28 21:00:00, 5.15618e-06
3622, 2016-02-28 22:00:00, 5.14268e-06
3623, 2016-02-28 23:00:00, 5.12922e-06
3624, 2016-02-29 00:00:00, 5.1158e-06
3625, 2016-02-29 01:00:00, 5.10241e-06
3626, 2016-02-29 02:00:00, 5.08905e-06
3627, 2016-02-29 03:00:00, 5.07573e-06
3628, 2016-02-29 04:00:00, 5.06245e-06
3629, 2016-02-29 05:00:00, 5.0492e-06
3630, 2016-02-29 06:00:00, 5.03598e-06
3631, 2016-02-29 07:00:00, 5.0228e-06
3632, 2016-02-29 08:00:00, 5.00965e-06
3633, 2016-02-29 09:00:00, 4.99654e-06
3634, 2016-02-29 10:00:00, 4.98346e-06
3635, 2016-02-29 11:00:00, 4.97042e-06
3636, 2016-02-29 12:00:00, 4.95741e-06
3637, 2016-02-29 13:00:00, 4.94443e-06
3638, 2016-02-29 14:00:00, 4.93149e-06
3639, 2016-02-29 15:00:00, 4.91858e-06
3640, 2016-02-29 16:00:00, 4.90571e-06
3641, 2016-02-29 17:00:00, 4.89287e-06
3642, 2016-02-29 18:00:00, 4.88006e-06
3643, 2016-02-29 19:00:00, 0.00205859
3644, 2016-02-29 20:00:00, 0.000938366
3645, 2016-02-29 21:00:00, 0.000751651
3646, 2016-02-29 22:00:00, 4.82917e-06
3647, 2016-02-29 23:00:00, 4.81653e-06
3648, 2016-03-01 00:00:00, 4.80392e-06
3649, 2016-03-01 01:00:00, 4.79135e-06
3650, 2016-03-01 02:00:00, 4.7788e-06
3651, 2016-03-01 03:00:00, 4.7663e-06
3652, 2016-03-01 04:00:00, 4.75382e-06
3653, 2016-03-01 05:00:00, 4.74138e-06
3654, 2016-03-01 06:00:00, 4.72897e-06
3655, 2016-03-01 07:00:00, 4.71659e-06
3656, 2016-03-01 08:00:00, 4.70424e-06
3657, 2016-03-01 09:00:00, 4.69193e-06
3658, 2016-03-01 10:00:00, 4.67965e-06
3659, 2016-03-01 11:00:00, 4.6674e-06
3660, 2016-03-01 12:00:00, 4.65518e-06
3661, 2016-03-01 13:00:00, 4.643e-06
3662, 2016-03-01 14:00:00, 4.63085e-06
3663, 2016-03-01 15:00:00, 4.61873e-06
3664, 2016-03-01 16:00:00, 4.60664e-06
3665, 2016-03-01 17:00:00, 4.59458e-06
3666, 2016-03-01 18:00:00, 4.58255e-06
3667, 2016-03-01 19:00:00, 4.57056e-06
3668, 2016-03-01 20:00:00, 4.55859e-06
3669, 2016-03-01 21:00:00, 4.54666e-06
3670, 2016-03-01 22:00:00, 4.53476e-06
3671, 2016-03-01 23:00:00, 4.52289e-06
3672, 2016-03-02 00:00:00, 4.51105e-06
3673, 2016-03-02 01:00:00, 4.49925e-06
3674, 2016-03-02 02:00:00, 4.48747e-06
3675, 2016-03-02 03:00:00, 4.47572e-06
3676, 2016-03-02 04:00:00, 4.46401e-06
3677, 2016-03-02 05:00:00, 0.0517285
3678, 2016-03-02 06:00:00, 0.0297162
3679, 2016-03-02 07:00:00, 0.0220332
3680, 2016-03-02 08:00:00, 0.00249589
3681, 2016-03-02 09:00:00, 0.00293162
3682, 2016-03-02 10:00:00, 0.0403025
3683, 2016-03-02 11:00:00, 0.019977
3684, 2016-03-02 12:00:00, 0.0198972
3685, 2016-03-02 13:00:00, 0.0379569
3686, 2016-03-02 14:00:00, 0.0204916
3687, 2016-03-02 15:00:00, 0.013989
3688, 2016-03-02 16:00:00, 0.000961501
3689, 2016-03-02 17:00:00, 4.31448e-06
3690, 2016-03-02 18:00:00, 4.30318e-06
3691, 2016-03-02 19:00:00, 4.29192e-06
3692, 2016-03-02 20:00:00, 4.28069e-06
3693, 2016-03-02 21:00:00, 4.26948e-06
3694, 2016-03-02 22:00:00, 4.25831e-06
3695, 2016-03-02 23:00:00, 4.24716e-06
3696, 2016-03-03 00:00:00, 4.23604e-06
3697, 2016-03-03 01:00:00, 4.22496e-06
3698, 2016-03-03 02:00:00, 4.2139e-06
3699, 2016-03-03 03:00:00, 4.20287e-06
3700, 2016-03-03 04:00:00, 4.19187e-06
3701, 2016-03-03 05:00:00, 4.1809e-06
3702, 2016-03-03 06:00:00, 4.16995e-06
3703, 2016-03-03 07:00:00, 4.15904e-06
3704, 2016-03-03 08:00:00, 4.14815e-06
3705, 2016-03-03 09:00:00, 4.13729e-06
3706, 2016-03-03 10:00:00, 4.12646e-06
3707, 2016-03-03 11:00:00, 4.11566e-06
3708, 2016-03-03 12:00:00, 4.10489e-06
3709, 2016-03-03 13:00:00, 4.09415e-06
3710, 2016-03-03 14:00:00, 4.08343e-06
3711, 2016-03-03 15:00:00, 4.07274e-06
3712, 2016-03-03 16:00:00, 4.06208e-06
3713, 2016-03-03 17:00:00, 4.05145e-06
3714, 2016-03-03 18:00:00, 4.04085e-06
3715, 2016-03-03 19:00:00, 4.03027e-06
3716, 2016-03-03 20:00:00, 4.01972e-06
3717, 2016-03-03 21:00:00, 4.0092e-06
3718, 2016-03-03 22:00:00, 3.9987e-06
3719, 2016-03-03 23:00:00, 3.98824e-06
3720, 2016-03-04 00:00:00, 3.9778e-06
3721, 2016-03-04 01:00:00, 3.96739e-06
3722, 2016-03-04 02:00:00, 3.957e-06
3723, 2016-03-04 03:00:00, 3.94665e-06
3724, 2016-03-04 04:00:00, 3.93632e-06
3725, 2016-03-04 05:00:00, 3.92601e-06
3726, 2016-03-04 06:00:00, 3.91574e-06
3727, 2016-03-04 07:00:00, 3.90549e-06
3728, 2016-03-04 08:00:00, 3.89527e-06
3729, 2016-03-04 09:00:00, 3.88507e-06
3730, 2016-03-04 10:00:00, 3.8749e-06
3731, 2016-03-04 11:00:00, 3.86476e-06
3732, 2016-03-04 12:00:00, 3.85464e-06
3733, 2016-03-04 13:00:00, 3.84455e-06
3734, 2016-03-04 14:00:00, 3.83449e-06
3735, 2016-03-04 15:00:00, 3.82445e-06
3736, 2016-03-04 16:00:00, 3.81444e-06
3737, 2016-03-04 17:00:00, 3.80446e-06
3738, 2016-03-04 18:00:00, 3.7945e-06
3739, 2016-03-04 19:00:00, 3.78457e-06
3740, 2016-03-04 20:00:00, 3.77466e-06
3741, 2016-03-04 21:00:00, 3.76478e-06
3742, 2016-03-04 22:00:00, 3.75493e-06
3743, 2016-03-04 23:00:00, 3.7451e-06
3744, 2016-03-05 00:00:00, 3.7353e-06
3745, 2016-03-05 01:00:00, 3.72552e-06
3746, 2016-03-05 02:00:00, 3.71577e-06
3747, 2016-03-05 03:00:00, 3.70604e-06
3748, 2016-03-05 04:00:00, 3.69634e-06
3749, 2016-03-05 05:00:00, 3.68667e-06
3750, 2016-03-05 06:00:00, 3.67702e-06
3751, 2016-03-05 07:00:00, 3.6674e-06
3752, 2016-03-05 08:00:00, 3.6578e-06
3753, 2016-03-05 09:00:00, 3.64822e-06
3754, 2016-03-05 10:00:00, 3.63867e-06
3755, 2016-03-05 11:00:00, 3.62915e-06
3756, 2016-03-05 12:00:00, 3.61965e-06
3757, 2016-03-05 13:00:00, 3.61018e-06
3758, 2016-03-05 14:00:00, 3.60073e-06
3759, 2016-03-05 15:00:00, 3.5913e-06
3760, 2016-03-05 16:00:00, 3.5819e-06
3761, 2016-03-05 17:00:00, 3.57253e-06
3762, 2016-03-05 18:00:00, 3.56318e-06
3763, 2016-03-05 19:00:00, 3.55385e-06
3764, 2016-03-05 20:00:00, 3.54455e-06
3765, 2016-03-05 21:00:00, 3.53527e-06
3766, 2016-03-05 22:00:00, 3.52602e-06
3767, 2016-03-05 23:00:00, 3.51679e-06
3768, 2016-03-06 00:00:00, 3.50758e-06
3769, 2016-03-06 01:00:00, 3.4984e-06
3770, 2016-03-06 02:00:00, 3.48924e-06
3771, 2016-03-06 03:00:00, 3.48011e-06
3772, 2016-03-06 04:00:00, 3.471e-06
3773, 2016-03-06 05:00:00, 3.46192e-06
3774, 2016-03-06 06:00:00, 3.45286e-06
3775, 2016-03-06 07:00:00, 3.44382e-06
3776, 2016-03-06 08:00:00, 3.4348e-06
3777, 2016-03-06 09:00:00, 3.42581e-06
3778, 2016-03-06 10:00:00, 3.41685e-06
3779, 2016-03-06 11:00:00, 3.4079e-06
3780, 2016-03-06 12:00:00, 3.39898e-06
3781, 2016-03-06 13:00:00, 3.39009e-06
3782, 2016-03-06 14:00:00, 3.38121e-06
3783, 2016-03-06 15:00:00, 3.37236e-06
3784, 2016-03-06 16:00:00, 3.36354e-06
3785, 2016-03-06 17:00:00, 3.35473e-06
3786, 2016-03-06 18:00:00, 3.34595e-06
3787, 2016-03-06 19:00:00, 3.33719e-06
3788, 2016-03-06 20:00:00, 3.32846e-06
3789, 2016-03-06 21:00:00, 3.31975e-06
3790, 2016-03-06 22:00:00, 3.31106e-06
3791, 2016-03-06 23:00:00, 3.30239e-06
3792, 2016-03-07 00:00:00, 3.29375e-06
3793, 2016-03-07 01:00:00, 3.28513e-06
3794, 2016-03-07 02:00:00, 3.27653e-06
3795, 2016-03-07 03:00:00, 3.26795e-06
3796, 2016-03-07 04:00:00, 3.2594e-06
3797, 2016-03-07 05:00:00, 3.25087e-06
3798, 2016-03-07 06:00:00, 3.24236e-06
3799, 2016-03-07 07:00:00, 3.23387e-06
3800, 2016-03-07 08:00:00, 3.22541e-06
3801, 2016-03-07 09:00:00, 3.21696e-06
3802, 2016-03-07 10:00:00, 3.20854e-06
3803, 2016-03-07 11:00:00, 3.20015e-06
3804, 2016-03-07 12:00:00, 3.19177e-06
3805, 2016-03-07 13:00:00, 3.18342e-06
3806, 2016-03-07 14:00:00, 3.17508e-06
3807, 2016-03-07 15:00:00, 3.16677e-06
3808, 2016-03-07 16:00:00, 3.15848e-06
3809, 2016-03-07 17:00:00, 3.15022e-06
3810, 2016-03-07 18:00:00, 3.14197e-06
3811, 2016-03-07 19:00:00, 3.13375e-06
3812, 2016-03-07 20:00:00, 3.12554e-06
3813, 2016-03-07 21:00:00, 3.11736e-06
3814, 2016-03-07 22:00:00, 3.1092e-06
3815, 2016-03-07 23:00:00, 3.10107e-06
3816, 2016-03-08 00:00:00, 3.09295e-06
3817, 2016-03-08 01:00:00, 3.08485e-06
3818, 2016-03-08 02:00:00, 3.07678e-06
3819, 2016-03-08 03:00:00, 3.06873e-06
3820, 2016-03-08 04:00:00, 3.06069e-06
3821, 2016-03-08 05:00:00, 3.05268e-06
3822, 2016-03-08 06:00:00, 3.04469e-06
3823, 2016-03-08 07:00:00, 3.03672e-06
3824, 2016-03-08 08:00:00, 3.02877e-06
3825, 2016-03-08 09:00:00, 3.02085e-06
3826, 2016-03-08 10:00:00, 3.01294e-06
3827, 2016-03-08 11:00:00, 3.00505e-06
3828, 2016-03-08 12:00:00, 2.99719e-06
3829, 2016-03-08 13:00:00, 2.98934e-06
3830, 2016-03-08 14:00:00, 2.98152e-06
3831, 2016-03-08 15:00:00, 2.97372e-06
3832, 2016-03-08 16:00:00, 2.96593e-06
3833, 2016-03-08 17:00:00, 2.95817e-06
3834, 2016-03-08 18:00:00, 2.95043e-06
3835, 2016-03-08 19:00:00, 2.9427e-06
3836, 2016-03-08 20:00:00, 2.935e-06
3837, 2016-03-08 21:00:00, 2.92732e-06
3838, 2016-03-08 22:00:00, 2.91966e-06
3839, 2016-03-08 23:00:00, 2.91201e-06
3840, 2016-03-09 00:00:00, 2.90439e-06
3841, 2016-03-09 01:00:00, 2.89679e-06
3842, 2016-03-09 02:00:00, 2.88921e-06
3843, 2016-03-09 03:00:00, 2.88165e-06
3844, 2016-03-09 04:00:00, 2.8741e-06
3845, 2016-03-09 05:00:00, 2.86658e-06
3846, 2016-03-09 06:00:00, 2.85908e-06
3847, 2016-03-09 07:00:00, 2.85159e-06
3848, 2016-03-09 08:00:00, 2.84413e-06
3849, 2016-03-09 09:00:00, 2.83669e-06
3850, 2016-03-09 10:00:00, 2.82926e-06
3851, 2016-03-09 11:00:00, 2.8219e-06
3852, 2016-03-09 12:00:00, 2.81449e-06
3853, 2016-03-09 13:00:00, 2.80712e-06
3854, 2016-03-09 14:00:00, 2.79976e-06
3855, 2016-03-09 15:00:00, 2.79243e-06
3856, 2016-03-09 16:00:00, 2.78512e-06
3857, 2016-03-09 17:00:00, 2.77783e-06
3858, 2016-03-09 18:00:00, 2.77056e-06
3859, 2016-03-09 19:00:00, 2.76331e-06
3860, 2016-03-09 20:00:00, 2.75607e-06
3861, 2016-03-09 21:00:00, 2.74886e-06
3862, 2016-03-09 22:00:00, 2.74166e-06
3863, 2016-03-09 23:00:00, 2.73449e-06
3864, 2016-03-10 00:00:00, 2.72733e-06
3865, 2016-03-10 01:00:00, 2.72019e-06
3866, 2016-03-10 02:00:00, 2.71307e-06
3867, 2016-03-10 03:00:00, 2.70597e-06
3868, 2016-03-10 04:00:00, 2.69889e-06
3869, 2016-03-10 05:00:00, 2.69182e-06
3870, 2016-03-10 06:00:00, 2.68478e-06
3871, 2016-03-10 07:00:00, 2.67775e-06
3872, 2016-03-10 08:00:00, 2.67074e-06
3873, 2016-03-10 09:00:00, 2.66375e-06
3874, 2016-03-10 10:00:00, 2.65678e-06
3875, 2016-03-10 11:00:00, 2.64983e-06
3876, 2016-03-10 12:00:00, 2.64289e-06
3877, 2016-03-10 13:00:00, 2.63597e-06
3878, 2016-03-10 14:00:00, 2.62907e-06
3879, 2016-03-10 15:00:00, 2.62219e-06
3880, 2016-03-10 16:00:00, 2.61533e-06
3881, 2016-03-10 17:00:00, 2.60848e-06
3882, 2016-03-10 18:00:00, 2.60166e-06
3883, 2016-03-10 19:00:00, 2.59485e-06
3884, 2016-03-10 20:00:00, 8.81359e-05
3885, 2016-03-10 21:00:00, 4.14667e-05
3886, 2016-03-10 22:00:00, 3.36828e-05
3887, 2016-03-10 23:00:00, 2.56779e-06
3888, 2016-03-11 00:00:00, 2.56106e-06
3889, 2016-03-11 01:00:00, 2.55436e-06
3890, 2016-03-11 02:00:00, 2.54768e-06
3891, 2016-03-11 03:00:00, 2.54101e-06
3892, 2016-03-11 04:00:00, 2.53436e-06
3893, 2016-03-11 05:00:00, 2.52772e-06
3894, 2016-03-11 06:00:00, 4.87952e-05
3895, 2016-03-11 07:00:00, 2.35482e-05
3896, 2016-03-11 08:00:00, 0.000188821
3897, 2016-03-11 09:00:00, 0.000151586
3898, 2016-03-11 10:00:00, 0.000697569
3899, 2016-03-11 11:00:00, 0.000604095
3900, 2016-03-11 12:00:00, 0.000358355
3901, 2016-03-11 13:00:00, 0.000112426
3902, 2016-03-11 14:00:00, 2.4688e-06
3903, 2016-03-11 15:00:00, 2.46233e-06
3904, 2016-03-11 16:00:00, 2.45589e-06
3905, 2016-03-11 17:00:00, 2.44946e-06
3906, 2016-03-11 18:00:00, 2.44305e-06
3907, 2016-03-11 19:00:00, 2.43666e-06
3908, 2016-03-11 20:00:00, 2.43028e-06
3909, 2016-03-11 21:00:00, 2.42392e-06
3910, 2016-03-11 22:00:00, 2.41757e-06
3911, 2016-03-11 23:00:00, 2.41124e-06
3912, 2016-03-12 00:00:00, 2.40493e-06
3913, 2016-03-12 01:00:00, 2.39864e-06
3914, 2016-03-12 02:00:00, 2.39236e-06
3915, 2016-03-12 03:00:00, 2.3861e-06
3916, 2016-03-12 04:00:00, 2.37985e-06
3917, 2016-03-12 05:00:00, 2.37362e-06
3918, 2016-03-12 06:00:00, 2.36741e-06
3919, 2016-03-12 07:00:00, 2.36122e-06
3920, 2016-03-12 08:00:00, 2.35503e-06
3921, 2016-03-12 09:00:00, 2.34887e-06
3922, 2016-03-12 10:00:00, 2.34272e-06
3923, 2016-03-12 11:00:00, 2.33659e-06
3924, 2016-03-12 12:00:00, 2.33047e-06
3925, 2016-03-12 13:00:00, 2.32437e-06
3926, 2016-03-12 14:00:00, 2.31829e-06
3927, 2016-03-12 15:00:00, 2.31222e-06
3928, 2016-03-12 16:00:00, 2.30617e-06
3929, 2016-03-12 17:00:00, 2.30013e-06
3930, 2016-03-12 18:00:00, 2.29411e-06
3931, 2016-03-12 19:00:00, 2.28811e-06
3932, 2016-03-12 20:00:00, 2.28212e-06
3933, 2016-03-12 21:00:00, 2.27615e-06
3934, 2016-03-12 22:00:00, 2.27019e-06
3935, 2016-03-12 23:00:00, 2.26425e-06
3936, 2016-03-13 00:00:00, 2.25832e-06
3937, 2016-03-13 01:00:00, 2.25241e-06
3938, 2016-03-13 02:00:00, 2.24651e-06
3939, 2016-03-13 03:00:00, 2.24063e-06
3940, 2016-03-13 04:00:00, 2.23477e-06
3941, 2016-03-13 05:00:00, 2.22892e-06
3942, 2016-03-13 06:00:00, 2.22309e-06
3943, 2016-03-13 07:00:00, 2.21727e-06
3944, 2016-03-13 08:00:00, 2.21146e-06
3945, 2016-03-13 09:00:00, 2.20568e-06
3946, 2016-03-13 10:00:00, 2.1999e-06
3947, 2016-03-13 11:00:00, 2.19414e-06
3948, 2016-03-13 12:00:00, 2.1884e-06
3949, 2016-03-13 13:00:00, 2.18267e-06
3950, 2016-03-13 14:00:00, 2.17696e-06
3951, 2016-03-13 15:00:00, 2.17126e-06
3952, 2016-03-13 16:00:00, 2.16558e-06
3953, 2016-03-13 17:00:00, 2.15991e-06
3954, 2016-03-13 18:00:00, 2.15426e-06
3955, 2016-03-13 19:00:00, 2.14862e-06
3956, 2016-03-13 20:00:00, 2.143e-06
3957, 2016-03-13 21:00:00, 2.13739e-06
3958, 2016-03-13 22:00:00, 2.13179e-06
3959, 2016-03-13 23:00:00, 2.12621e-06
3960, 2016-03-14 00:00:00, 2.12065e-06
3961, 2016-03-14 01:00:00, 2.1151e-06
3962, 2016-03-14 02:00:00, 2.10956e-06
3963, 2016-03-14 03:00:00, 2.10404e-06
3964, 2016-03-14 04:00:00, 2.09853e-06
3965, 2016-03-14 05:00:00, 2.09304e-06
3966, 2016-03-14 06:00:00, 2.08756e-06
3967, 2016-03-14 07:00:00, 2.0821e-06
3968, 2016-03-14 08:00:00, 2.07665e-06
3969, 2016-03-14 09:00:00, 2.07121e-06
3970, 2016-03-14 10:00:00, 4.38924e-06
3971, 2016-03-14 11:00:00, 7.16223e-06
3972, 2016-03-14 12:00:00, 4.73885e-06
3973, 2016-03-14 13:00:00, 3.52079e-06
3974, 2016-03-14 14:00:00, 0.00119358
3975, 2016-03-14 15:00:00, 0.00237872
3976, 2016-03-14 16:00:00, 0.00349581
3977, 2016-03-14 17:00:00, 0.00326445
3978, 2016-03-14 18:00:00, 0.00234211
3979, 2016-03-14 19:00:00, 0.000946289
3980, 2016-03-14 20:00:00, 0.000296881
3981, 2016-03-14 21:00:00, 0.00017292
3982, 2016-03-14 22:00:00, 0.00479199
3983, 2016-03-14 23:00:00, 0.00516035
3984, 2016-03-15 00:00:00, 0.00726498
3985, 2016-03-15 01:00:00, 0.00303058
3986, 2016-03-15 02:00:00, 0.00157801
3987, 2016-03-15 03:00:00, 2.96802e-05
3988, 2016-03-15 04:00:00, 0.021051
3989, 2016-03-15 05:00:00, 0.0132407
3990, 2016-03-15 06:00:00, 0.0101016
3991, 2016-03-15 07:00:00, 0.002581
3992, 2016-03-15 08:00:00, 0.00125489
3993, 2016-03-15 09:00:00, 0.00325055
3994, 2016-03-15 10:00:00, 0.00237522
3995, 2016-03-15 11:00:00, 0.00155406
3996, 2016-03-15 12:00:00, 0.000416324
3997, 2016-03-15 13:00:00, 0.000109627
3998, 2016-03-15 14:00:00, 7.54055e-05
3999, 2016-03-15 15:00:00, 4.37823e-05
4000, 2016-03-15 16:00:00, 1.97212e-05
4001, 2016-03-15 17:00:00, 1.90459e-06
4002, 2016-03-15 18:00:00, 1.8996e-06
4003, 2016-03-15 19:00:00, 1.89463e-06
4004, 2016-03-15 20:00:00, 1.88967e-06
4005, 2016-03-15 21:00:00, 1.88473e-06
4006, 2016-03-15 22:00:00, 1.87979e-06
4007, 2016-03-15 23:00:00, 1.87487e-06
4008, 2016-03-16 00:00:00, 1.86997e-06
4009, 2016-03-16 01:00:00, 1.86507e-06
4010, 2016-03-16 02:00:00, 1.86019e-06
4011, 2016-03-16 03:00:00, 1.85532e-06
4012, 2016-03-16 04:00:00, 1.85046e-06
4013, 2016-03-16 05:00:00, 1.84562e-06
4014, 2016-03-16 06:00:00, 1.84079e-06
4015, 2016-03-16 07:00:00, 1.83597e-06
4016, 2016-03-16 08:00:00, 1.83117e-06
4017, 2016-03-16 09:00:00, 1.82637e-06
4018, 2016-03-16 10:00:00, 1.82159e-06
4019, 2016-03-16 11:00:00, 1.81683e-06
4020, 2016-03-16 12:00:00, 1.81207e-06
4021, 2016-03-16 13:00:00, 1.80733e-06
4022, 2016-03-16 14:00:00, 1.8026e-06
4023, 2016-03-16 15:00:00, 1.79788e-06
4024, 2016-03-16 16:00:00, 1.79317e-06
4025, 2016-03-16 17:00:00, 1.78848e-06
4026, 2016-03-16 18:00:00, 1.7838e-06
4027, 2016-03-16 19:00:00, 1.77913e-06
4028, 2016-03-16 20:00:00, 1.77447e-06
4029, 2016-03-16 21:00:00, 1.76983e-06
4030, 2016-03-16 22:00:00, 1.7652e-06
4031, 2016-03-16 23:00:00, 1.76058e-06
4032, 2016-03-17 00:00:00, 1.75597e-06
4033, 2016-03-17 01:00:00, 0.00609077
4034, 2016-03-17 02:00:00, 0.00785043
4035, 2016-03-17 03:00:00, 0.00452545
4036, 2016-03-17 04:00:00, 0.00184936
4037, 2016-03-17 05:00:00, 1.38565e-05
4038, 2016-03-17 06:00:00, 0.00100225
4039, 2016-03-17 07:00:00, 0.000458412
4040, 2016-03-17 08:00:00, 0.000363543
4041, 2016-03-17 09:00:00, 1.71503e-06
4042, 2016-03-17 10:00:00, 1.71054e-06
4043, 2016-03-17 11:00:00, 1.70607e-06
4044, 2016-03-17 12:00:00, 1.7016e-06
4045, 2016-03-17 13:00:00, 1.69715e-06
4046, 2016-03-17 14:00:00, 1.6927e-06
4047, 2016-03-17 15:00:00, 1.68827e-06
4048, 2016-03-17 16:00:00, 1.68386e-06
4049, 2016-03-17 17:00:00, 1.67945e-06
4050, 2016-03-17 18:00:00, 1.67505e-06
4051, 2016-03-17 19:00:00, 1.67067e-06
4052, 2016-03-17 20:00:00, 1.6663e-06
4053, 2016-03-17 21:00:00, 1.66193e-06
4054, 2016-03-17 22:00:00, 0.00135986
4055, 2016-03-17 23:00:00, 0.000619018
4056, 2016-03-18 00:00:00, 0.000495541
4057, 2016-03-18 01:00:00, 1.6446e-06
4058, 2016-03-18 02:00:00, 1.6403e-06
4059, 2016-03-18 03:00:00, 1.636e-06
4060, 2016-03-18 04:00:00, 1.63172e-06
4061, 2016-03-18 05:00:00, 1.62745e-06
4062, 2016-03-18 06:00:00, 1.62319e-06
4063, 2016-03-18 07:00:00, 1.61894e-06
4064, 2016-03-18 08:00:00, 1.61471e-06
4065, 2016-03-18 09:00:00, 1.61048e-06
4066, 2016-03-18 10:00:00, 1.60626e-06
4067, 2016-03-18 11:00:00, 1.60206e-06
4068, 2016-03-18 12:00:00, 1.59787e-06
4069, 2016-03-18 13:00:00, 1.59368e-06
4070, 2016-03-18 14:00:00, 1.58951e-06
4071, 2016-03-18 15:00:00, 1.58535e-06
4072, 2016-03-18 16:00:00, 1.5812e-06
4073, 2016-03-18 17:00:00, 1.57706e-06
4074, 2016-03-18 18:00:00, 1.57294e-06
4075, 2016-03-18 19:00:00, 1.56882e-06
4076, 2016-03-18 20:00:00, 1.56471e-06
4077, 2016-03-18 21:00:00, 1.04768e-05
4078, 2016-03-18 22:00:00, 0.000723579
4079, 2016-03-18 23:00:00, 0.000422829
4080, 2016-03-19 00:00:00, 0.000304303
4081, 2016-03-19 01:00:00, 3.4884e-05
4082, 2016-03-19 02:00:00, 1.5403e-06
4083, 2016-03-19 03:00:00, 1.53627e-06
4084, 2016-03-19 04:00:00, 1.53225e-06
4085, 2016-03-19 05:00:00, 1.52824e-06
4086, 2016-03-19 06:00:00, 1.52424e-06
4087, 2016-03-19 07:00:00, 1.52025e-06
4088, 2016-03-19 08:00:00, 1.51627e-06
4089, 2016-03-19 09:00:00, 1.5123e-06
4090, 2016-03-19 10:00:00, 1.50834e-06
4091, 2016-03-19 11:00:00, 1.50439e-06
4092, 2016-03-19 12:00:00, 1.50046e-06
4093, 2016-03-19 13:00:00, 1.49653e-06
4094, 2016-03-19 14:00:00, 1.49261e-06
4095, 2016-03-19 15:00:00, 1.4887e-06
4096, 2016-03-19 16:00:00, 1.48481e-06
4097, 2016-03-19 17:00:00, 1.48092e-06
4098, 2016-03-19 18:00:00, 1.47705e-06
4099, 2016-03-19 19:00:00, 1.47318e-06
4100, 2016-03-19 20:00:00, 1.46932e-06
4101, 2016-03-19 21:00:00, 1.46548e-06
4102, 2016-03-19 22:00:00, 1.46164e-06
4103, 2016-03-19 23:00:00, 1.45782e-06
4104, 2016-03-20 00:00:00, 1.454e-06
4105, 2016-03-20 01:00:00, 1.45019e-06
4106, 2016-03-20 02:00:00, 1.4464e-06
4107, 2016-03-20 03:00:00, 1.44261e-06
4108, 2016-03-20 04:00:00, 1.43884e-06
4109, 2016-03-20 05:00:00, 1.43507e-06
4110, 2016-03-20 06:00:00, 1.43131e-06
4111, 2016-03-20 07:00:00, 1.42757e-06
4112, 2016-03-20 08:00:00, 1.42383e-06
4113, 2016-03-20 09:00:00, 1.4201e-06
4114, 2016-03-20 10:00:00, 1.41639e-06
4115, 2016-03-20 11:00:00, 1.41268e-06
4116, 2016-03-20 12:00:00, 1.40898e-06
4117, 2016-03-20 13:00:00, 1.4053e-06
4118, 2016-03-20 14:00:00, 1.40162e-06
4119, 2016-03-20 15:00:00, 1.39795e-06
4120, 2016-03-20 16:00:00, 1.39429e-06
4121, 2016-03-20 17:00:00, 1.39064e-06
4122, 2016-03-20 18:00:00, 1.387e-06
4123, 2016-03-20 19:00:00, 1.38337e-06
4124, 2016-03-20 20:00:00, 1.37975e-06
4125, 2016-03-20 21:00:00, 1.37614e-06
4126, 2016-03-20 22:00:00, 1.37254e-06
4127, 2016-03-20 23:00:00, 1.36894e-06
4128, 2016-03-21 00:00:00, 1.36536e-06
4129, 2016-03-21 01:00:00, 1.36179e-06
4130, 2016-03-21 02:00:00, 1.35822e-06
4131, 2016-03-21 03:00:00, 1.35467e-06
4132, 2016-03-21 04:00:00, 0.000598607
4133, 2016-03-21 05:00:00, 0.000272827
4134, 2016-03-21 06:00:00, 0.000218528
4135, 2016-03-21 07:00:00, 1.34054e-06
4136, 2016-03-21 08:00:00, 1.33703e-06
4137, 2016-03-21 09:00:00, 1.33353e-06
4138, 2016-03-21 10:00:00, 1.33004e-06
4139, 2016-03-21 11:00:00, 1.32656e-06
4140, 2016-03-21 12:00:00, 1.32309e-06
4141, 2016-03-21 13:00:00, 1.31962e-06
4142, 2016-03-21 14:00:00, 1.31617e-06
4143, 2016-03-21 15:00:00, 1.31273e-06
4144, 2016-03-21 16:00:00, 1.30929e-06
4145, 2016-03-21 17:00:00, 1.30586e-06
4146, 2016-03-21 18:00:00, 1.30244e-06
4147, 2016-03-21 19:00:00, 1.29904e-06
4148, 2016-03-21 20:00:00, 1.29564e-06
4149, 2016-03-21 21:00:00, 1.29224e-06
4150, 2016-03-21 22:00:00, 1.28886e-06
4151, 2016-03-21 23:00:00, 1.28549e-06
4152, 2016-03-22 00:00:00, 1.28212e-06
4153, 2016-03-22 01:00:00, 1.27877e-06
4154, 2016-03-22 02:00:00, 1.27542e-06
4155, 2016-03-22 03:00:00, 1.27208e-06
4156, 2016-03-22 04:00:00, 1.26875e-06
4157, 2016-03-22 05:00:00, 1.26543e-06
4158, 2016-03-22 06:00:00, 1.26212e-06
4159, 2016-03-22 07:00:00, 1.25882e-06
4160, 2016-03-22 08:00:00, 1.25552e-06
4161, 2016-03-22 09:00:00, 1.25224e-06
4162, 2016-03-22 10:00:00, 1.24896e-06
4163, 2016-03-22 11:00:00, 1.24569e-06
4164, 2016-03-22 12:00:00, 1.24243e-06
4165, 2016-03-22 13:00:00, 1.23918e-06
4166, 2016-03-22 14:00:00, 1.23593e-06
4167, 2016-03-22 15:00:00, 1.2327e-06
4168, 2016-03-22 16:00:00, 1.22947e-06
4169, 2016-03-22 17:00:00, 1.22625e-06
4170, 2016-03-22 18:00:00, 1.22304e-06
4171, 2016-03-22 19:00:00, 1.21984e-06
4172, 2016-03-22 20:00:00, 1.21665e-06
4173, 2016-03-22 21:00:00, 5.72482e-06
4174, 2016-03-22 22:00:00, 0.000129857
4175, 2016-03-22 23:00:00, 0.000127927
4176, 2016-03-23 00:00:00, 0.000106499
4177, 2016-03-23 01:00:00, 5.30339e-05
4178, 2016-03-23 02:00:00, 2.69821e-05
4179, 2016-03-23 03:00:00, 1.63509e-05
4180, 2016-03-23 04:00:00, 1.34756e-05
4181, 2016-03-23 05:00:00, 0.000379018
4182, 2016-03-23 06:00:00, 0.000418418
4183, 2016-03-23 07:00:00, 0.000248319
4184, 2016-03-23 08:00:00, 9.04409e-05
4185, 2016-03-23 09:00:00, 1.1759e-06
4186, 2016-03-23 10:00:00, 1.17282e-06
4187, 2016-03-23 11:00:00, 1.16975e-06
4188, 2016-03-23 12:00:00, 1.16669e-06
4189, 2016-03-23 13:00:00, 0.00011431
4190, 2016-03-23 14:00:00, 6.92812e-05
4191, 2016-03-23 15:00:00, 4.98882e-05
4192, 2016-03-23 16:00:00, 7.22383e-06
4193, 2016-03-23 17:00:00, 1.1515e-06
4194, 2016-03-23 18:00:00, 1.14848e-06
4195, 2016-03-23 19:00:00, 1.14548e-06
4196, 2016-03-23 20:00:00, 1.14248e-06
4197, 2016-03-23 21:00:00, 1.13949e-06
4198, 2016-03-23 22:00:00, 1.13651e-06
4199, 2016-03-23 23:00:00, 1.13353e-06
4200, 2016-03-24 00:00:00, 1.13056e-06
4201, 2016-03-24 01:00:00, 1.12761e-06
4202, 2016-03-24 02:00:00, 1.12465e-06
4203, 2016-03-24 03:00:00, 1.12171e-06
4204, 2016-03-24 04:00:00, 1.11877e-06
4205, 2016-03-24 05:00:00, 1.11585e-06
4206, 2016-03-24 06:00:00, 1.11293e-06
4207, 2016-03-24 07:00:00, 1.11001e-06
4208, 2016-03-24 08:00:00, 1.10711e-06
4209, 2016-03-24 09:00:00, 1.10421e-06
4210, 2016-03-24 10:00:00, 1.10132e-06
4211, 2016-03-24 11:00:00, 1.09844e-06
4212, 2016-03-24 12:00:00, 1.09556e-06
4213, 2016-03-24 13:00:00, 1.09269e-06
4214, 2016-03-24 14:00:00, 1.08983e-06
4215, 2016-03-24 15:00:00, 1.08698e-06
4216, 2016-03-24 16:00:00, 1.08414e-06
4217, 2016-03-24 17:00:00, 1.0813e-06
4218, 2016-03-24 18:00:00, 1.07847e-06
4219, 2016-03-24 19:00:00, 1.07565e-06
4220, 2016-03-24 20:00:00, 1.07283e-06
4221, 2016-03-24 21:00:00, 1.07002e-06
4222, 2016-03-24 22:00:00, 1.06722e-06
4223, 2016-03-24 23:00:00, 1.06443e-06
4224, 2016-03-25 00:00:00, 1.06164e-06
4225, 2016-03-25 01:00:00, 1.05886e-06
4226, 2016-03-25 02:00:00, 1.05609e-06
4227, 2016-03-25 03:00:00, 1.05333e-06
4228, 2016-03-25 04:00:00, 1.05057e-06
4229, 2016-03-25 05:00:00, 1.04782e-06
4230, 2016-03-25 06:00:00, 1.04508e-06
4231, 2016-03-25 07:00:00, 1.04234e-06
4232, 2016-03-25 08:00:00, 1.05755e-06
4233, 2016-03-25 09:00:00, 1.08045e-06
4234, 2016-03-25 10:00:00, 1.09913e-06
4235, 2016-03-25 11:00:00, 1.11154e-06
4236, 2016-03-25 12:00:00, 1.06596e-06
4237, 2016-03-25 13:00:00, 0.000763939
4238, 2016-03-25 14:00:00, 0.00217324
4239, 2016-03-25 15:00:00, 0.00118732
4240, 2016-03-25 16:00:00, 0.000700787
4241, 2016-03-25 17:00:00, 2.97934e-05
4242, 2016-03-25 18:00:00, 1.01272e-06
4243, 2016-03-25 19:00:00, 0.000338998
4244, 2016-03-25 20:00:00, 0.000154638
4245, 2016-03-25 21:00:00, 0.00012391
4246, 2016-03-25 22:00:00, 1.00216e-06
4247, 2016-03-25 23:00:00, 9.99538e-07
4248, 2016-03-26 00:00:00, 9.96921e-07
4249, 2016-03-26 01:00:00, 9.94312e-07
4250, 2016-03-26 02:00:00, 9.91709e-07
4251, 2016-03-26 03:00:00, 9.89114e-07
4252, 2016-03-26 04:00:00, 9.86525e-07
4253, 2016-03-26 05:00:00, 9.83943e-07
4254, 2016-03-26 06:00:00, 9.81367e-07
4255, 2016-03-26 07:00:00, 9.78799e-07
4256, 2016-03-26 08:00:00, 9.76237e-07
4257, 2016-03-26 09:00:00, 9.73681e-07
4258, 2016-03-26 10:00:00, 9.71133e-07
4259, 2016-03-26 11:00:00, 9.68591e-07
4260, 2016-03-26 12:00:00, 9.66056e-07
4261, 2016-03-26 13:00:00, 9.63527e-07
4262, 2016-03-26 14:00:00, 9.61005e-07
4263, 2016-03-26 15:00:00, 9.5849e-07
4264, 2016-03-26 16:00:00, 9.55981e-07
4265, 2016-03-26 17:00:00, 9.53479e-07
4266, 2016-03-26 18:00:00, 9.50983e-07
4267, 2016-03-26 19:00:00, 9.48494e-07
4268, 2016-03-26 20:00:00, 9.46012e-07
4269, 2016-03-26 21:00:00, 9.43536e-07
4270, 2016-03-26 22:00:00, 9.41066e-07
4271, 2016-03-26 23:00:00, 9.38603e-07
4272, 2016-03-27 00:00:00, 9.36146e-07
4273, 2016-03-27 01:00:00, 9.33696e-07
4274, 2016-03-27 02:00:00, 9.31252e-07
4275, 2016-03-27 03:00:00, 9.28815e-07
4276, 2016-03-27 04:00:00, 9.26383e-07
4277, 2016-03-27 05:00:00, 9.23959e-07
4278, 2016-03-27 06:00:00, 9.2154e-07
4279, 2016-03-27 07:00:00, 9.19128e-07
4280, 2016-03-27 08:00:00, 9.16723e-07
4281, 2016-03-27 09:00:00, 9.14323e-07
4282, 2016-03-27 10:00:00, 9.1193e-07
4283, 2016-03-27 11:00:00, 9.09543e-07
4284, 2016-03-27 12:00:00, 9.07162e-07
4285, 2016-03-27 13:00:00, 9.04788e-07
4286, 2016-03-27 14:00:00, 9.0242e-07
4287, 2016-03-27 15:00:00, 9.00058e-07
4288, 2016-03-27 16:00:00, 8.97702e-07
4289, 2016-03-27 17:00:00, 8.95352e-07
4290, 2016-03-27 18:00:00, 8.93009e-07
4291, 2016-03-27 19:00:00, 8.90671e-07
4292, 2016-03-27 20:00:00, 8.8834e-07
4293, 2016-03-27 21:00:00, 8.86015e-07
4294, 2016-03-27 22:00:00, 8.83696e-07
4295, 2016-03-27 23:00:00, 8.81383e-07
4296, 2016-03-28 00:00:00, 8.79076e-07
4297, 2016-03-28 01:00:00, 8.76775e-07
4298, 2016-03-28 02:00:00, 8.7448e-07
4299, 2016-03-28 03:00:00, 8.72191e-07
4300, 2016-03-28 04:00:00, 8.69908e-07
4301, 2016-03-28 05:00:00, 8.67632e-07
4302, 2016-03-28 06:00:00, 8.65361e-07
4303, 2016-03-28 07:00:00, 8.63096e-07
4304, 2016-03-28 08:00:00, 8.60837e-07
4305, 2016-03-28 09:00:00, 8.58583e-07
4306, 2016-03-28 10:00:00, 8.56336e-07
4307, 2016-03-28 11:00:00, 0.00350743
4308, 2016-03-28 12:00:00, 0.0467091
4309, 2016-03-28 13:00:00, 0.0721841
4310, 2016-03-28 14:00:00, 0.110435
4311, 2016-03-28 15:00:00, 0.0880743
4312, 2016-03-28 16:00:00, 0.0539622
4313, 2016-03-28 17:00:00, 0.0370517
4314, 2016-03-28 18:00:00, 0.0143249
4315, 2016-03-28 19:00:00, 0.0104111
4316, 2016-03-28 20:00:00, 0.00201588
4317, 2016-03-28 21:00:00, 0.00151372
4318, 2016-03-28 22:00:00, 0.000222115
4319, 2016-03-28 23:00:00, 0.000171343
4320, 2016-03-29 00:00:00, 8.27447e-07
4321, 2016-03-29 01:00:00, 8.30636e-07
4322, 2016-03-29 02:00:00, 8.24493e-07
4323, 2016-03-29 03:00:00, 8.21679e-07
4324, 2016-03-29 04:00:00, 8.16876e-07
4325, 2016-03-29 05:00:00, 8.14738e-07
4326, 2016-03-29 06:00:00, 8.12606e-07
4327, 2016-03-29 07:00:00, 8.10479e-07
4328, 2016-03-29 08:00:00, 8.08357e-07
4329, 2016-03-29 09:00:00, 8.06242e-07
4330, 2016-03-29 10:00:00, 8.04131e-07
4331, 2016-03-29 11:00:00, 8.02027e-07
4332, 2016-03-29 12:00:00, 7.99927e-07
4333, 2016-03-29 13:00:00, 7.97834e-07
4334, 2016-03-29 14:00:00, 7.95745e-07
4335, 2016-03-29 15:00:00, 7.93663e-07
4336, 2016-03-29 16:00:00, 7.91585e-07
4337, 2016-03-29 17:00:00, 7.89513e-07
4338, 2016-03-29 18:00:00, 7.87447e-07
4339, 2016-03-29 19:00:00, 7.85386e-07
4340, 2016-03-29 20:00:00, 7.8333e-07
4341, 2016-03-29 21:00:00, 7.8128e-07
4342, 2016-03-29 22:00:00, 7.79235e-07
4343, 2016-03-29 23:00:00, 7.77195e-07
4344, 2016-03-30 00:00:00, 7.75161e-07
4345, 2016-03-30 01:00:00, 7.73132e-07
4346, 2016-03-30 02:00:00, 7.71109e-07
4347, 2016-03-30 03:00:00, 7.6909e-07
4348, 2016-03-30 04:00:00, 7.67077e-07
4349, 2016-03-30 05:00:00, 7.6507e-07
4350, 2016-03-30 06:00:00, 7.63067e-07
4351, 2016-03-30 07:00:00, 7.6107e-07
4352, 2016-03-30 08:00:00, 7.59078e-07
4353, 2016-03-30 09:00:00, 7.57091e-07
4354, 2016-03-30 10:00:00, 7.55109e-07
4355, 2016-03-30 11:00:00, 7.53133e-07
4356, 2016-03-30 12:00:00, 7.51162e-07
4357, 2016-03-30 13:00:00, 7.49196e-07
4358, 2016-03-30 14:00:00, 7.47235e-07
4359, 2016-03-30 15:00:00, 7.45279e-07
4360, 2016-03-30 16:00:00, 7.43328e-07
4361, 2016-03-30 17:00:00, 7.41382e-07
4362, 2016-03-30 18:00:00, 7.39442e-07
4363, 2016-03-30 19:00:00, 7.37507e-07
4364, 2016-03-30 20:00:00, 7.35576e-07
4365, 2016-03-30 21:00:00, 7.33651e-07
4366, 2016-03-30 22:00:00, 7.31731e-07
4367, 2016-03-30 23:00:00, 7.29815e-07
4368, 2016-03-31 00:00:00, 7.27905e-07
4369, 2016-03-31 01:00:00, 7.26e-07
4370, 2016-03-31 02:00:00, 7.241e-07
4371, 2016-03-31 03:00:00, 7.22204e-07
4372, 2016-03-31 04:00:00, 7.20314e-07
4373, 2016-03-31 05:00:00, 7.18429e-07
4374, 2016-03-31 06:00:00, 7.16548e-07
4375, 2016-03-31 07:00:00, 7.14673e-07
4376, 2016-03-31 08:00:00, 7.12802e-07
4377, 2016-03-31 09:00:00, 7.10937e-07
4378, 2016-03-31 10:00:00, 7.09076e-07
4379, 2016-03-31 11:00:00, 7.0722e-07
4380, 2016-03-31 12:00:00, 7.05369e-07
4381, 2016-03-31 13:00:00, 7.03522e-07
4382, 2016-03-31 14:00:00, 7.01681e-07
4383, 2016-03-31 15:00:00, 6.99844e-07
4384, 2016-03-31 16:00:00, 6.98013e-07
4385, 2016-03-31 17:00:00, 6.96186e-07
4386, 2016-03-31 18:00:00, 6.94363e-07
4387, 2016-03-31 19:00:00, 6.92546e-07
4388, 2016-03-31 20:00:00, 6.90733e-07
4389, 2016-03-31 21:00:00, 6.88925e-07
4390, 2016-03-31 22:00:00, 6.87122e-07
4391, 2016-03-31 23:00:00, 6.85324e-07
4392, 2016-04-01 00:00:00, 6.8353e-07
4393, 2016-04-01 01:00:00, 6.81741e-07
4394, 2016-04-01 02:00:00, 6.79957e-07
4395, 2016-04-01 03:00:00, 6.78177e-07
4396, 2016-04-01 04:00:00, 6.76402e-07
4397, 2016-04-01 05:00:00, 0.000360343
4398, 2016-04-01 06:00:00, 0.00245487
4399, 2016-04-01 07:00:00, 0.0014185
4400, 2016-04-01 08:00:00, 0.00939538
4401, 2016-04-01 09:00:00, 0.0182054
4402, 2016-04-01 10:00:00, 0.00956178
4403, 2016-04-01 11:00:00, 0.00523187
4404, 2016-04-01 12:00:00, 1.90685e-05
4405, 2016-04-01 13:00:00, 1.53856e-05
4406, 2016-04-01 14:00:00, 6.58905e-07
4407, 2016-04-01 15:00:00, 6.5718e-07
4408, 2016-04-01 16:00:00, 6.5546e-07
4409, 2016-04-01 17:00:00, 6.53744e-07
4410, 2016-04-01 18:00:00, 6.52033e-07
4411, 2016-04-01 19:00:00, 6.50327e-07
4412, 2016-04-01 20:00:00, 6.48624e-07
4413, 2016-04-01 21:00:00, 6.46927e-07
4414, 2016-04-01 22:00:00, 6.45233e-07
4415, 2016-04-01 23:00:00, 6.43545e-07
4416, 2016-04-02 00:00:00, 3.16984e-05
4417, 2016-04-02 01:00:00, 0.0419948
4418, 2016-04-02 02:00:00, 0.0191184
4419, 2016-04-02 03:00:00, 0.0152773
4420, 2016-04-02 04:00:00, 9.58723e-06
4421, 2016-04-02 05:00:00, 6.33504e-07
4422, 2016-04-02 06:00:00, 6.31846e-07
4423, 2016-04-02 07:00:00, 6.30192e-07
4424, 2016-04-02 08:00:00, 6.52135e-06
4425, 2016-04-02 09:00:00, 0.000105336
4426, 2016-04-02 10:00:00, 0.000465863
4427, 2016-04-02 11:00:00, 0.000227142
4428, 2016-04-02 12:00:00, 0.000152156
4429, 2016-04-02 13:00:00, 0.00276225
4430, 2016-04-02 14:00:00, 0.0389431
4431, 2016-04-02 15:00:00, 0.0531342
4432, 2016-04-02 16:00:00, 0.0603945
4433, 2016-04-02 17:00:00, 0.038837
4434, 2016-04-02 18:00:00, 0.0200918
4435, 2016-04-02 19:00:00, 0.00595963
4436, 2016-04-02 20:00:00, 0.00123852
4437, 2016-04-02 21:00:00, 4.81311e-06
4438, 2016-04-02 22:00:00, 6.05898e-07
4439, 2016-04-02 23:00:00, 0.0268746
4440, 2016-04-03 00:00:00, 0.0395247
4441, 2016-04-03 01:00:00, 0.0222009
4442, 2016-04-03 02:00:00, 0.00993778
4443, 2016-04-03 03:00:00, 6.00985e-06
4444, 2016-04-03 04:00:00, 1.94463e-05
4445, 2016-04-03 05:00:00, 0.000130101
4446, 2016-04-03 06:00:00, 0.000948624
4447, 2016-04-03 07:00:00, 0.00176326
4448, 2016-04-03 08:00:00, 0.0213151
4449, 2016-04-03 09:00:00, 0.00974915
4450, 2016-04-03 10:00:00, 0.00988508
4451, 2016-04-03 11:00:00, 0.0017577
4452, 2016-04-03 12:00:00, 0.0017297
4453, 2016-04-03 13:00:00, 0.000892665
4454, 2016-04-03 14:00:00, 0.00050535
4455, 2016-04-03 15:00:00, 0.000226621
4456, 2016-04-03 16:00:00, 5.35164e-05
4457, 2016-04-03 17:00:00, 8.30478e-06
4458, 2016-04-03 18:00:00, 5.74957e-07
4459, 2016-04-03 19:00:00, 5.73452e-07
4460, 2016-04-03 20:00:00, 5.71951e-07
4461, 2016-04-03 21:00:00, 5.70454e-07
4462, 2016-04-03 22:00:00, 5.68961e-07
4463, 2016-04-03 23:00:00, 5.68201e-07
4464, 2016-04-04 00:00:00, 5.66318e-07
4465, 2016-04-04 01:00:00, 5.6477e-07
4466, 2016-04-04 02:00:00, 5.63027e-07
4467, 2016-04-04 03:00:00, 5.61554e-07
4468, 2016-04-04 04:00:00, 5.60084e-07
4469, 2016-04-04 05:00:00, 5.58618e-07
4470, 2016-04-04 06:00:00, 5.57156e-07
4471, 2016-04-04 07:00:00, 5.55698e-07
4472, 2016-04-04 08:00:00, 5.54243e-07
4473, 2016-04-04 09:00:00, 5.52792e-07
4474, 2016-04-04 10:00:00, 5.51346e-07
4475, 2016-04-04 11:00:00, 5.49902e-07
4476, 2016-04-04 12:00:00, 5.48463e-07
4477, 2016-04-04 13:00:00, 5.47028e-07
4478, 2016-04-04 14:00:00, 5.45596e-07
4479, 2016-04-04 15:00:00, 5.44168e-07
4480, 2016-04-04 16:00:00, 5.42743e-07
4481, 2016-04-04 17:00:00, 5.41323e-07
4482, 2016-04-04 18:00:00, 5.39906e-07
4483, 2016-04-04 19:00:00, 5.38493e-07
4484, 2016-04-04 20:00:00, 5.37083e-07
4485, 2016-04-04 21:00:00, 5.35678e-07
4486, 2016-04-04 22:00:00, 5.34275e-07
4487, 2016-04-04 23:00:00, 5.32877e-07
4488, 2016-04-05 00:00:00, 5.31482e-07
4489, 2016-04-05 01:00:00, 5.30091e-07
4490, 2016-04-05 02:00:00, 5.28704e-07
4491, 2016-04-05 03:00:00, 5.2732e-07
4492, 2016-04-05 04:00:00, 5.2594e-07
4493, 2016-04-05 05:00:00, 5.24563e-07
4494, 2016-04-05 06:00:00, 5.2319e-07
4495, 2016-04-05 07:00:00, 5.21821e-07
4496, 2016-04-05 08:00:00, 5.20455e-07
4497, 2016-04-05 09:00:00, 5.19093e-07
4498, 2016-04-05 10:00:00, 5.17734e-07
4499, 2016-04-05 11:00:00, 5.16379e-07
4500, 2016-04-05 12:00:00, 5.15027e-07
4501, 2016-04-05 13:00:00, 5.13679e-07
4502, 2016-04-05 14:00:00, 5.12335e-07
4503, 2016-04-05 15:00:00, 5.10994e-07
4504, 2016-04-05 16:00:00, 5.09656e-07
4505, 2016-04-05 17:00:00, 5.08322e-07
4506, 2016-04-05 18:00:00, 5.06992e-07
4507, 2016-04-05 19:00:00, 5.05665e-07
4508, 2016-04-05 20:00:00, 5.04341e-07
4509, 2016-04-05 21:00:00, 5.03021e-07
4510, 2016-04-05 22:00:00, 5.01705e-07
4511, 2016-04-05 23:00:00, 5.00391e-07
4512, 2016-04-06 00:00:00, 4.99082e-07
4513, 2016-04-06 01:00:00, 4.97775e-07
4514, 2016-04-06 02:00:00, 4.96473e-07
4515, 2016-04-06 03:00:00, 4.95173e-07
4516, 2016-04-06 04:00:00, 4.93877e-07
4517, 2016-04-06 05:00:00, 4.92584e-07
4518, 2016-04-06 06:00:00, 4.91295e-07
4519, 2016-04-06 07:00:00, 4.90009e-07
4520, 2016-04-06 08:00:00, 4.88727e-07
4521, 2016-04-06 09:00:00, 4.87447e-07
4522, 2016-04-06 10:00:00, 4.86171e-07
4523, 2016-04-06 11:00:00, 4.84899e-07
4524, 2016-04-06 12:00:00, 4.8363e-07
4525, 2016-04-06 13:00:00, 4.82364e-07
4526, 2016-04-06 14:00:00, 4.81101e-07
4527, 2016-04-06 15:00:00, 4.79842e-07
4528, 2016-04-06 16:00:00, 0.000147532
4529, 2016-04-06 17:00:00, 0.0206826
4530, 2016-04-06 18:00:00, 0.0581724
4531, 2016-04-06 19:00:00, 0.029655
4532, 2016-04-06 20:00:00, 0.0188315
4533, 2016-04-06 21:00:00, 0.000503389
4534, 2016-04-06 22:00:00, 0.000402514
4535, 2016-04-06 23:00:00, 7.75819e-07
4536, 2016-04-07 00:00:00, 4.68656e-07
4537, 2016-04-07 01:00:00, 4.6743e-07
4538, 2016-04-07 02:00:00, 4.66206e-07
4539, 2016-04-07 03:00:00, 4.64986e-07
4540, 2016-04-07 04:00:00, 4.63769e-07
4541, 2016-04-07 05:00:00, 4.62555e-07
4542, 2016-04-07 06:00:00, 4.61344e-07
4543, 2016-04-07 07:00:00, 4.60174e-07
4544, 2016-04-07 08:00:00, 4.58949e-07
4545, 2016-04-07 09:00:00, 4.57745e-07
4546, 2016-04-07 10:00:00, 4.56533e-07
4547, 2016-04-07 11:00:00, 4.55338e-07
4548, 2016-04-07 12:00:00, 4.54146e-07
4549, 2016-04-07 13:00:00, 4.67163e-06
4550, 2016-04-07 14:00:00, 0.028452
4551, 2016-04-07 15:00:00, 0.0241593
4552, 2016-04-07 16:00:00, 0.0295641
4553, 2016-04-07 17:00:00, 0.117395
4554, 2016-04-07 18:00:00, 0.105281
4555, 2016-04-07 19:00:00, 0.0872551
4556, 2016-04-07 20:00:00, 0.045549
4557, 2016-04-07 21:00:00, 0.041555
4558, 2016-04-07 22:00:00, 0.0194922
4559, 2016-04-07 23:00:00, 0.010302
4560, 2016-04-08 00:00:00, 0.000836545
4561, 2016-04-08 01:00:00, 4.38934e-07
4562, 2016-04-08 02:00:00, 4.37785e-07
4563, 2016-04-08 03:00:00, 4.36639e-07
4564, 2016-04-08 04:00:00, 4.35496e-07
4565, 2016-04-08 05:00:00, 4.34356e-07
4566, 2016-04-08 06:00:00, 4.33219e-07
4567, 2016-04-08 07:00:00, 4.32086e-07
4568, 2016-04-08 08:00:00, 4.30955e-07
4569, 2016-04-08 09:00:00, 4.29827e-07
4570, 2016-04-08 10:00:00, 4.28702e-07
4571, 2016-04-08 11:00:00, 4.2758e-07
4572, 2016-04-08 12:00:00, 4.2646e-07
4573, 2016-04-08 13:00:00, 4.25344e-07
4574, 2016-04-08 14:00:00, 4.24231e-07
4575, 2016-04-08 15:00:00, 4.2312e-07
4576, 2016-04-08 16:00:00, 4.22013e-07
4577, 2016-04-08 17:00:00, 4.20908e-07
4578, 2016-04-08 18:00:00, 4.19807e-07
4579, 2016-04-08 19:00:00, 4.18708e-07
4580, 2016-04-08 20:00:00, 4.17612e-07
4581, 2016-04-08 21:00:00, 4.16519e-07
4582, 2016-04-08 22:00:00, 4.15429e-07
4583, 2016-04-08 23:00:00, 4.14341e-07
4584, 2016-04-09 00:00:00, 4.13257e-07
4585, 2016-04-09 01:00:00, 4.12175e-07
4586, 2016-04-09 02:00:00, 4.11096e-07
4587, 2016-04-09 03:00:00, 4.1002e-07
4588, 2016-04-09 04:00:00, 4.08947e-07
4589, 2016-04-09 05:00:00, 4.07877e-07
4590, 2016-04-09 06:00:00, 4.06809e-07
4591, 2016-04-09 07:00:00, 4.05744e-07
4592, 2016-04-09 08:00:00, 4.04682e-07
4593, 2016-04-09 09:00:00, 4.03623e-07
4594, 2016-04-09 10:00:00, 4.02567e-07
4595, 2016-04-09 11:00:00, 4.01513e-07
4596, 2016-04-09 12:00:00, 4.00462e-07
4597, 2016-04-09 13:00:00, 3.99414e-07
4598, 2016-04-09 14:00:00, 3.98369e-07
4599, 2016-04-09 15:00:00, 3.97326e-07
4600, 2016-04-09 16:00:00, 3.96286e-07
4601, 2016-04-09 17:00:00, 3.95249e-07
4602, 2016-04-09 18:00:00, 3.94214e-07
4603, 2016-04-09 19:00:00, 3.93182e-07
4604, 2016-04-09 20:00:00, 3.92153e-07
4605, 2016-04-09 21:00:00, 3.91127e-07
4606, 2016-04-09 22:00:00, 3.90103e-07
4607, 2016-04-09 23:00:00, 3.89082e-07
4608, 2016-04-10 00:00:00, 3.88064e-07
4609, 2016-04-10 01:00:00, 3.87048e-07
4610, 2016-04-10 02:00:00, 3.86035e-07
4611, 2016-04-10 03:00:00, 3.85024e-07
4612, 2016-04-10 04:00:00, 3.84017e-07
4613, 2016-04-10 05:00:00, 3.83012e-07
4614, 2016-04-10 06:00:00, 3.82009e-07
4615, 2016-04-10 07:00:00, 3.81009e-07
4616, 2016-04-10 08:00:00, 3.80012e-07
4617, 2016-04-10 09:00:00, 3.79017e-07
4618, 2016-04-10 10:00:00, 3.78025e-07
4619, 2016-04-10 11:00:00, 3.77036e-07
4620, 2016-04-10 12:00:00, 3.76049e-07
4621, 2016-04-10 13:00:00, 3.75065e-07
4622, 2016-04-10 14:00:00, 3.74083e-07
4623, 2016-04-10 15:00:00, 3.73104e-07
4624, 2016-04-10 16:00:00, 3.72127e-07
4625, 2016-04-10 17:00:00, 3.71153e-07
4626, 2016-04-10 18:00:00, 3.70182e-07
4627, 2016-04-10 19:00:00, 3.69213e-07
4628, 2016-04-10 20:00:00, 3.68247e-07
4629, 2016-04-10 21:00:00, 3.67283e-07
4630, 2016-04-10 22:00:00, 3.66321e-07
4631, 2016-04-10 23:00:00, 3.65363e-07
4632, 2016-04-11 00:00:00, 3.64406e-07
4633, 2016-04-11 01:00:00, 3.63452e-07
4634, 2016-04-11 02:00:00, 3.62501e-07
4635, 2016-04-11 03:00:00, 3.61552e-07
4636, 2016-04-11 04:00:00, 3.60606e-07
4637, 2016-04-11 05:00:00, 3.59662e-07
4638, 2016-04-11 06:00:00, 3.58721e-07
4639, 2016-04-11 07:00:00, 3.57782e-07
4640, 2016-04-11 08:00:00, 3.56845e-07
4641, 2016-04-11 09:00:00, 3.55911e-07
4642, 2016-04-11 10:00:00, 3.5498e-07
4643, 2016-04-11 11:00:00, 3.84623e-07
4644, 2016-04-11 12:00:00, 8.35334e-07
4645, 2016-04-11 13:00:00, 5.76187e-07
4646, 2016-04-11 14:00:00, 5.21574e-07
4647, 2016-04-11 15:00:00, 3.50358e-07
4648, 2016-04-11 16:00:00, 3.49441e-07
4649, 2016-04-11 17:00:00, 3.48527e-07
4650, 2016-04-11 18:00:00, 3.47615e-07
4651, 2016-04-11 19:00:00, 3.46705e-07
4652, 2016-04-11 20:00:00, 3.45797e-07
4653, 2016-04-11 21:00:00, 3.44892e-07
4654, 2016-04-11 22:00:00, 3.43989e-07
4655, 2016-04-11 23:00:00, 3.43089e-07
4656, 2016-04-12 00:00:00, 3.42191e-07
4657, 2016-04-12 01:00:00, 3.41295e-07
4658, 2016-04-12 02:00:00, 3.40402e-07
4659, 2016-04-12 03:00:00, 3.39511e-07
4660, 2016-04-12 04:00:00, 3.38622e-07
4661, 2016-04-12 05:00:00, 3.37736e-07
4662, 2016-04-12 06:00:00, 3.36852e-07
4663, 2016-04-12 07:00:00, 3.3597e-07
4664, 2016-04-12 08:00:00, 3.35091e-07
4665, 2016-04-12 09:00:00, 3.34214e-07
4666, 2016-04-12 10:00:00, 3.33339e-07
4667, 2016-04-12 11:00:00, 3.32467e-07
4668, 2016-04-12 12:00:00, 3.31597e-07
4669, 2016-04-12 13:00:00, 1.47857e-05
4670, 2016-04-12 14:00:00, 0.00620978
4671, 2016-04-12 15:00:00, 0.0140371
4672, 2016-04-12 16:00:00, 0.0304624
4673, 2016-04-12 17:00:00, 0.0163795
4674, 2016-04-12 18:00:00, 0.0103404
4675, 2016-04-12 19:00:00, 0.00116276
4676, 2016-04-12 20:00:00, 0.000407357
4677, 2016-04-12 21:00:00, 3.23867e-07
4678, 2016-04-12 22:00:00, 3.23019e-07
4679, 2016-04-12 23:00:00, 3.22173e-07
4680, 2016-04-13 00:00:00, 3.2133e-07
4681, 2016-04-13 01:00:00, 3.20489e-07
4682, 2016-04-13 02:00:00, 3.1965e-07
4683, 2016-04-13 03:00:00, 3.18814e-07
4684, 2016-04-13 04:00:00, 3.17979e-07
4685, 2016-04-13 05:00:00, 3.17147e-07
4686, 2016-04-13 06:00:00, 3.16317e-07
4687, 2016-04-13 07:00:00, 3.15489e-07
4688, 2016-04-13 08:00:00, 3.14663e-07
4689, 2016-04-13 09:00:00, 3.13839e-07
4690, 2016-04-13 10:00:00, 3.13018e-07
4691, 2016-04-13 11:00:00, 3.12199e-07
4692, 2016-04-13 12:00:00, 3.11382e-07
4693, 2016-04-13 13:00:00, 3.10567e-07
4694, 2016-04-13 14:00:00, 3.09754e-07
4695, 2016-04-13 15:00:00, 3.08943e-07
4696, 2016-04-13 16:00:00, 3.08134e-07
4697, 2016-04-13 17:00:00, 3.07328e-07
4698, 2016-04-13 18:00:00, 3.06523e-07
4699, 2016-04-13 19:00:00, 3.05721e-07
4700, 2016-04-13 20:00:00, 3.04921e-07
4701, 2016-04-13 21:00:00, 3.04123e-07
4702, 2016-04-13 22:00:00, 3.03327e-07
4703, 2016-04-13 23:00:00, 3.02533e-07
4704, 2016-04-14 00:00:00, 3.01741e-07
4705, 2016-04-14 01:00:00, 3.00951e-07
4706, 2016-04-14 02:00:00, 3.00163e-07
4707, 2016-04-14 03:00:00, 2.99378e-07
4708, 2016-04-14 04:00:00, 2.98594e-07
4709, 2016-04-14 05:00:00, 2.97813e-07
4710, 2016-04-14 06:00:00, 2.97033e-07
4711, 2016-04-14 07:00:00, 2.96256e-07
4712, 2016-04-14 08:00:00, 2.9548e-07
4713, 2016-04-14 09:00:00, 2.94707e-07
4714, 2016-04-14 10:00:00, 2.93936e-07
4715, 2016-04-14 11:00:00, 2.93166e-07
4716, 2016-04-14 12:00:00, 2.92399e-07
4717, 2016-04-14 13:00:00, 2.91634e-07
4718, 2016-04-14 14:00:00, 2.9087e-07
4719, 2016-04-14 15:00:00, 2.90109e-07
4720, 2016-04-14 16:00:00, 2.8935e-07
4721, 2016-04-14 17:00:00, 2.88592e-07
4722, 2016-04-14 18:00:00, 2.87837e-07
4723, 2016-04-14 19:00:00, 2.87083e-07
4724, 2016-04-14 20:00:00, 2.86332e-07
4725, 2016-04-14 21:00:00, 2.85583e-07
4726, 2016-04-14 22:00:00, 2.84835e-07
4727, 2016-04-14 23:00:00, 2.8409e-07
4728, 2016-04-15 00:00:00, 2.83346e-07
4729, 2016-04-15 01:00:00, 2.82604e-07
4730, 2016-04-15 02:00:00, 2.81865e-07
4731, 2016-04-15 03:00:00, 2.81127e-07
4732, 2016-04-15 04:00:00, 2.80391e-07
4733, 2016-04-15 05:00:00, 2.79657e-07
4734, 2016-04-15 06:00:00, 2.78925e-07
4735, 2016-04-15 07:00:00, 2.78195e-07
4736, 2016-04-15 08:00:00, 2.77467e-07
4737, 2016-04-15 09:00:00, 2.76741e-07
4738, 2016-04-15 10:00:00, 2.76016e-07
4739, 2016-04-15 11:00:00, 2.75294e-07
4740, 2016-04-15 12:00:00, 2.74573e-07
4741, 2016-04-15 13:00:00, 2.73855e-07
4742, 2016-04-15 14:00:00, 2.73138e-07
4743, 2016-04-15 15:00:00, 2.72423e-07
4744, 2016-04-15 16:00:00, 2.7171e-07
4745, 2016-04-15 17:00:00, 2.70999e-07
4746, 2016-04-15 18:00:00, 2.7029e-07
4747, 2016-04-15 19:00:00, 2.69582e-07
4748, 2016-04-15 20:00:00, 2.68876e-07
4749, 2016-04-15 21:00:00, 2.68173e-07
4750, 2016-04-15 22:00:00, 2.67471e-07
4751, 2016-04-15 23:00:00, 2.66771e-07
4752, 2016-04-16 00:00:00, 2.66072e-07
4753, 2016-04-16 01:00:00, 2.65376e-07
4754, 2016-04-16 02:00:00, 2.64681e-07
4755, 2016-04-16 03:00:00, 2.63989e-07
4756, 2016-04-16 04:00:00, 2.63298e-07
4757, 2016-04-16 05:00:00, 2.62609e-07
4758, 2016-04-16 06:00:00, 2.61921e-07
4759, 2016-04-16 07:00:00, 2.61236e-07
4760, 2016-04-16 08:00:00, 2.60552e-07
4761, 2016-04-16 09:00:00, 2.5987e-07
4762, 2016-04-16 10:00:00, 2.5919e-07
4763, 2016-04-16 11:00:00, 2.58511e-07
4764, 2016-04-16 12:00:00, 2.57835e-07
4765, 2016-04-16 13:00:00, 2.5716e-07
4766, 2016-04-16 14:00:00, 2.56487e-07
4767, 2016-04-16 15:00:00, 2.55815e-07
4768, 2016-04-16 16:00:00, 2.55146e-07
4769, 2016-04-16 17:00:00, 2.54478e-07
4770, 2016-04-16 18:00:00, 2.53812e-07
4771, 2016-04-16 19:00:00, 2.53148e-07
4772, 2016-04-16 20:00:00, 2.52485e-07
4773, 2016-04-16 21:00:00, 2.51824e-07
4774, 2016-04-16 22:00:00, 2.51165e-07
4775, 2016-04-16 23:00:00, 2.50508e-07
4776, 2016-04-17 00:00:00, 2.49852e-07
4777, 2016-04-17 01:00:00, 2.49198e-07
4778, 2016-04-17 02:00:00, 2.48546e-07
4779, 2016-04-17 03:00:00, 2.47895e-07
4780, 2016-04-17 04:00:00, 2.47246e-07
4781, 2016-04-17 05:00:00, 2.46599e-07
4782, 2016-04-17 06:00:00, 2.45954e-07
4783, 2016-04-17 07:00:00, 2.4531e-07
4784, 2016-04-17 08:00:00, 2.44668e-07
4785, 2016-04-17 09:00:00, 2.44028e-07
4786, 2016-04-17 10:00:00, 2.43389e-07
4787, 2016-04-17 11:00:00, 2.42752e-07
4788, 2016-04-17 12:00:00, 2.42116e-07
4789, 2016-04-17 13:00:00, 2.41483e-07
4790, 2016-04-17 14:00:00, 2.40851e-07
4791, 2016-04-17 15:00:00, 2.4022e-07
4792, 2016-04-17 16:00:00, 2.39591e-07
4793, 2016-04-17 17:00:00, 2.38964e-07
4794, 2016-04-17 18:00:00, 2.38339e-07
4795, 2016-04-17 19:00:00, 2.37715e-07
4796, 2016-04-17 20:00:00, 2.37093e-07
4797, 2016-04-17 21:00:00, 2.36472e-07
4798, 2016-04-17 22:00:00, 2.35853e-07
4799, 2016-04-17 23:00:00, 2.35236e-07
4800, 2016-04-18 00:00:00, 2.3462e-07
4801, 2016-04-18 01:00:00, 2.34006e-07
4802, 2016-04-18 02:00:00, 2.33394e-07
4803, 2016-04-18 03:00:00, 2.32783e-07
4804, 2016-04-18 04:00:00, 2.32174e-07
4805, 2016-04-18 05:00:00, 2.31566e-07
4806, 2016-04-18 06:00:00, 2.3096e-07
4807, 2016-04-18 07:00:00, 2.30355e-07
4808, 2016-04-18 08:00:00, 2.29752e-07
4809, 2016-04-18 09:00:00, 2.29151e-07
4810, 2016-04-18 10:00:00, 2.28551e-07
4811, 2016-04-18 11:00:00, 2.27953e-07
4812, 2016-04-18 12:00:00, 2.27356e-07
4813, 2016-04-18 13:00:00, 2.26761e-07
4814, 2016-04-18 14:00:00, 2.26168e-07
4815, 2016-04-18 15:00:00, 2.25576e-07
4816, 2016-04-18 16:00:00, 2.24985e-07
4817, 2016-04-18 17:00:00, 2.24396e-07
4818, 2016-04-18 18:00:00, 2.23809e-07
4819, 2016-04-18 19:00:00, 2.23223e-07
4820, 2016-04-18 20:00:00, 2.22639e-07
4821, 2016-04-18 21:00:00, 2.22056e-07
4822, 2016-04-18 22:00:00, 2.21475e-07
4823, 2016-04-18 23:00:00, 2.20895e-07
4824, 2016-04-19 00:00:00, 2.20317e-07
4825, 2016-04-19 01:00:00, 2.19741e-07
4826, 2016-04-19 02:00:00, 2.19165e-07
4827, 2016-04-19 03:00:00, 2.18592e-07
4828, 2016-04-19 04:00:00, 2.1802e-07
4829, 2016-04-19 05:00:00, 2.17449e-07
4830, 2016-04-19 06:00:00, 2.1688e-07
4831, 2016-04-19 07:00:00, 2.16312e-07
4832, 2016-04-19 08:00:00, 2.15746e-07
4833, 2016-04-19 09:00:00, 2.15181e-07
4834, 2016-04-19 10:00:00, 2.14618e-07
4835, 2016-04-19 11:00:00, 2.14056e-07
4836, 2016-04-19 12:00:00, 2.13496e-07
4837, 2016-04-19 13:00:00, 2.12937e-07
4838, 2016-04-19 14:00:00, 2.1238e-07
4839, 2016-04-19 15:00:00, 2.11824e-07
4840, 2016-04-19 16:00:00, 2.1127e-07
4841, 2016-04-19 17:00:00, 2.10717e-07
4842, 2016-04-19 18:00:00, 2.10165e-07
4843, 2016-04-19 19:00:00, 2.09615e-07
4844, 2016-04-19 20:00:00, 2.09066e-07
4845, 2016-04-19 21:00:00, 2.08519e-07
4846, 2016-04-19 22:00:00, 2.07973e-07
4847, 2016-04-19 23:00:00, 2.07429e-07
4848, 2016-04-20 00:00:00, 2.06886e-07
4849, 2016-04-20 01:00:00, 2.06345e-07
4850, 2016-04-20 02:00:00, 2.05805e-07
4851, 2016-04-20 03:00:00, 2.05266e-07
4852, 2016-04-20 04:00:00, 2.04729e-07
4853, 2016-04-20 05:00:00, 2.04193e-07
4854, 2016-04-20 06:00:00, 2.03658e-07
4855, 2016-04-20 07:00:00, 2.03125e-07
4856, 2016-04-20 08:00:00, 2.02594e-07
4857, 2016-04-20 09:00:00, 2.02063e-07
4858, 2016-04-20 10:00:00, 2.01534e-07
4859, 2016-04-20 11:00:00, 2.01007e-07
4860, 2016-04-20 12:00:00, 2.00481e-07
4861, 2016-04-20 13:00:00, 1.99956e-07
4862, 2016-04-20 14:00:00, 1.99433e-07
4863, 2016-04-20 15:00:00, 1.98911e-07
4864, 2016-04-20 16:00:00, 1.9839e-07
4865, 2016-04-20 17:00:00, 1.97871e-07
4866, 2016-04-20 18:00:00, 1.97353e-07
4867, 2016-04-20 19:00:00, 1.96836e-07
4868, 2016-04-20 20:00:00, 1.96321e-07
4869, 2016-04-20 21:00:00, 1.95807e-07
4870, 2016-04-20 22:00:00, 1.95295e-07
4871, 2016-04-20 23:00:00, 1.94784e-07
4872, 2016-04-21 00:00:00, 1.94274e-07
4873, 2016-04-21 01:00:00, 1.93765e-07
4874, 2016-04-21 02:00:00, 1.93258e-07
4875, 2016-04-21 03:00:00, 1.92752e-07
4876, 2016-04-21 04:00:00, 1.92248e-07
4877, 2016-04-21 05:00:00, 1.91745e-07
4878, 2016-04-21 06:00:00, 1.91243e-07
4879, 2016-04-21 07:00:00, 1.90742e-07
4880, 2016-04-21 08:00:00, 1.90243e-07
4881, 2016-04-21 09:00:00, 1.89745e-07
4882, 2016-04-21 10:00:00, 1.89248e-07
4883, 2016-04-21 11:00:00, 1.88753e-07
4884, 2016-04-21 12:00:00, 1.88259e-07
4885, 2016-04-21 13:00:00, 1.87766e-07
4886, 2016-04-21 14:00:00, 1.87275e-07
4887, 2016-04-21 15:00:00, 1.86785e-07
4888, 2016-04-21 16:00:00, 1.86296e-07
4889, 2016-04-21 17:00:00, 1.85808e-07
4890, 2016-04-21 18:00:00, 1.85322e-07
4891, 2016-04-21 19:00:00, 1.84837e-07
4892, 2016-04-21 20:00:00, 1.84353e-07
4893, 2016-04-21 21:00:00, 1.8387e-07
4894, 2016-04-21 22:00:00, 1.83389e-07
4895, 2016-04-21 23:00:00, 1.82909e-07
4896, 2016-04-22 00:00:00, 1.8243e-07
4897, 2016-04-22 01:00:00, 1.81953e-07
4898, 2016-04-22 02:00:00, 1.81477e-07
4899, 2016-04-22 03:00:00, 1.81002e-07
4900, 2016-04-22 04:00:00, 1.80528e-07
4901, 2016-04-22 05:00:00, 1.80055e-07
4902, 2016-04-22 06:00:00, 1.79584e-07
4903, 2016-04-22 07:00:00, 1.79114e-07
4904, 2016-04-22 08:00:00, 1.78645e-07
4905, 2016-04-22 09:00:00, 1.78178e-07
4906, 2016-04-22 10:00:00, 1.77711e-07
4907, 2016-04-22 11:00:00, 1.77246e-07
4908, 2016-04-22 12:00:00, 1.76782e-07
4909, 2016-04-22 13:00:00, 1.76319e-07
4910, 2016-04-22 14:00:00, 1.75858e-07
4911, 2016-04-22 15:00:00, 1.75398e-07
4912, 2016-04-22 16:00:00, 1.74939e-07
4913, 2016-04-22 17:00:00, 1.74481e-07
4914, 2016-04-22 18:00:00, 1.74024e-07
4915, 2016-04-22 19:00:00, 1.73569e-07
4916, 2016-04-22 20:00:00, 1.73114e-07
4917, 2016-04-22 21:00:00, 1.72661e-07
4918, 2016-04-22 22:00:00, 1.72209e-07
4919, 2016-04-22 23:00:00, 2.47458e-07
4920, 2016-04-23 00:00:00, 2.05718e-07
4921, 2016-04-23 01:00:00, 1.98387e-07
4922, 2016-04-23 02:00:00, 1.70413e-07
4923, 2016-04-23 03:00:00, 0.00264533
4924, 2016-04-23 04:00:00, 0.0178054
4925, 2016-04-23 05:00:00, 0.00850884
4926, 2016-04-23 06:00:00, 0.00613437
4927, 2016-04-23 07:00:00, 0.000952951
4928, 2016-04-23 08:00:00, 0.00138258
4929, 2016-04-23 09:00:00, 0.00375444
4930, 2016-04-23 10:00:00, 0.00294914
4931, 2016-04-23 11:00:00, 0.00254484
4932, 2016-04-23 12:00:00, 0.000856758
4933, 2016-04-23 13:00:00, 0.000322962
4934, 2016-04-23 14:00:00, 1.65137e-07
4935, 2016-04-23 15:00:00, 1.64705e-07
4936, 2016-04-23 16:00:00, 1.64274e-07
4937, 2016-04-23 17:00:00, 1.63844e-07
4938, 2016-04-23 18:00:00, 1.63415e-07
4939, 2016-04-23 19:00:00, 1.62987e-07
4940, 2016-04-23 20:00:00, 1.62561e-07
4941, 2016-04-23 21:00:00, 1.62135e-07
4942, 2016-04-23 22:00:00, 1.61711e-07
4943, 2016-04-23 23:00:00, 1.61288e-07
4944, 2016-04-24 00:00:00, 1.60865e-07
4945, 2016-04-24 01:00:00, 1.60444e-07
4946, 2016-04-24 02:00:00, 1.60024e-07
4947, 2016-04-24 03:00:00, 1.59606e-07
4948, 2016-04-24 04:00:00, 1.59188e-07
4949, 2016-04-24 05:00:00, 1.58771e-07
4950, 2016-04-24 06:00:00, 1.58356e-07
4951, 2016-04-24 07:00:00, 1.57941e-07
4952, 2016-04-24 08:00:00, 1.57528e-07
4953, 2016-04-24 09:00:00, 1.57115e-07
4954, 2016-04-24 10:00:00, 1.56704e-07
4955, 2016-04-24 11:00:00, 1.56294e-07
4956, 2016-04-24 12:00:00, 1.55885e-07
4957, 2016-04-24 13:00:00, 1.55477e-07
4958, 2016-04-24 14:00:00, 1.5507e-07
4959, 2016-04-24 15:00:00, 1.54664e-07
4960, 2016-04-24 16:00:00, 1.54259e-07
4961, 2016-04-24 17:00:00, 1.53856e-07
4962, 2016-04-24 18:00:00, 1.53453e-07
4963, 2016-04-24 19:00:00, 1.53051e-07
4964, 2016-04-24 20:00:00, 1.52651e-07
4965, 2016-04-24 21:00:00, 1.52251e-07
4966, 2016-04-24 22:00:00, 1.51853e-07
4967, 2016-04-24 23:00:00, 1.51455e-07
4968, 2016-04-25 00:00:00, 1.51059e-07
4969, 2016-04-25 01:00:00, 1.50663e-07
4970, 2016-04-25 02:00:00, 1.50269e-07
4971, 2016-04-25 03:00:00, 1.49876e-07
4972, 2016-04-25 04:00:00, 1.49483e-07
4973, 2016-04-25 05:00:00, 1.49092e-07
4974, 2016-04-25 06:00:00, 1.48702e-07
4975, 2016-04-25 07:00:00, 1.48313e-07
4976, 2016-04-25 08:00:00, 1.47924e-07
4977, 2016-04-25 09:00:00, 1.47537e-07
4978, 2016-04-25 10:00:00, 1.47151e-07
4979, 2016-04-25 11:00:00, 1.46766e-07
4980, 2016-04-25 12:00:00, 1.46382e-07
4981, 2016-04-25 13:00:00, 1.45999e-07
4982, 2016-04-25 14:00:00, 1.45617e-07
4983, 2016-04-25 15:00:00, 1.45235e-07
4984, 2016-04-25 16:00:00, 1.44855e-07
4985, 2016-04-25 17:00:00, 1.44476e-07
4986, 2016-04-25 18:00:00, 1.44098e-07
4987, 2016-04-25 19:00:00, 1.43721e-07
4988, 2016-04-25 20:00:00, 1.43345e-07
4989, 2016-04-25 21:00:00, 1.42969e-07
4990, 2016-04-25 22:00:00, 1.42595e-07
4991, 2016-04-25 23:00:00, 1.42222e-07
4992, 2016-04-26 00:00:00, 1.4185e-07
4993, 2016-04-26 01:00:00, 1.41478e-07
4994, 2016-04-26 02:00:00, 1.41108e-07
4995, 2016-04-26 03:00:00, 1.40739e-07
4996, 2016-04-26 04:00:00, 1.4037e-07
4997, 2016-04-26 05:00:00, 1.40003e-07
4998, 2016-04-26 06:00:00, 1.39637e-07
4999, 2016-04-26 07:00:00, 1.39271e-07
5000, 2016-04-26 08:00:00, 1.49518e-06
5001, 2016-04-26 09:00:00, 0.000163508
5002, 2016-04-26 10:00:00, 0.000252608
5003, 2016-04-26 11:00:00, 0.000140229
5004, 2016-04-26 12:00:00, 6.4864e-05
5005, 2016-04-26 13:00:00, 1.37098e-07
5006, 2016-04-26 14:00:00, 5.05947e-07
5007, 2016-04-26 15:00:00, 3.04203e-07
5008, 2016-04-26 16:00:00, 0.0226402
5009, 2016-04-26 17:00:00, 0.020456
5010, 2016-04-26 18:00:00, 0.0128533
5011, 2016-04-26 19:00:00, 0.0036965
5012, 2016-04-26 20:00:00, 1.34606e-07
5013, 2016-04-26 21:00:00, 1.34254e-07
5014, 2016-04-26 22:00:00, 1.33902e-07
5015, 2016-04-26 23:00:00, 1.33552e-07
5016, 2016-04-27 00:00:00, 1.33202e-07
5017, 2016-04-27 01:00:00, 1.32854e-07
5018, 2016-04-27 02:00:00, 1.32506e-07
5019, 2016-04-27 03:00:00, 1.32159e-07
5020, 2016-04-27 04:00:00, 1.31813e-07
5021, 2016-04-27 05:00:00, 1.31468e-07
5022, 2016-04-27 06:00:00, 1.31124e-07
5023, 2016-04-27 07:00:00, 1.30781e-07
5024, 2016-04-27 08:00:00, 1.30438e-07
5025, 2016-04-27 09:00:00, 1.30097e-07
5026, 2016-04-27 10:00:00, 1.29757e-07
5027, 2016-04-27 11:00:00, 1.29417e-07
5028, 2016-04-27 12:00:00, 1.29078e-07
5029, 2016-04-27 13:00:00, 1.2874e-07
5030, 2016-04-27 14:00:00, 1.28403e-07
5031, 2016-04-27 15:00:00, 1.28067e-07
5032, 2016-04-27 16:00:00, 1.27732e-07
5033, 2016-04-27 17:00:00, 1.27398e-07
5034, 2016-04-27 18:00:00, 1.27064e-07
5035, 2016-04-27 19:00:00, 1.26732e-07
5036, 2016-04-27 20:00:00, 1.264e-07
5037, 2016-04-27 21:00:00, 1.26069e-07
5038, 2016-04-27 22:00:00, 1.25739e-07
5039, 2016-04-27 23:00:00, 1.2541e-07
5040, 2016-04-28 00:00:00, 1.25082e-07
5041, 2016-04-28 01:00:00, 1.24754e-07
5042, 2016-04-28 02:00:00, 1.24428e-07
5043, 2016-04-28 03:00:00, 1.24102e-07
5044, 2016-04-28 04:00:00, 1.23777e-07
5045, 2016-04-28 05:00:00, 1.23453e-07
5046, 2016-04-28 06:00:00, 1.2313e-07
5047, 2016-04-28 07:00:00, 1.22808e-07
5048, 2016-04-28 08:00:00, 1.22487e-07
5049, 2016-04-28 09:00:00, 1.22166e-07
5050, 2016-04-28 10:00:00, 1.21846e-07
5051, 2016-04-28 11:00:00, 1.21527e-07
5052, 2016-04-28 12:00:00, 1.21209e-07
5053, 2016-04-28 13:00:00, 1.20892e-07
5054, 2016-04-28 14:00:00, 1.20576e-07
5055, 2016-04-28 15:00:00, 1.2026e-07
5056, 2016-04-28 16:00:00, 1.19945e-07
5057, 2016-04-28 17:00:00, 1.19631e-07
5058, 2016-04-28 18:00:00, 1.19318e-07
5059, 2016-04-28 19:00:00, 1.19006e-07
5060, 2016-04-28 20:00:00, 1.18694e-07
5061, 2016-04-28 21:00:00, 1.18384e-07
5062, 2016-04-28 22:00:00, 1.18074e-07
5063, 2016-04-28 23:00:00, 1.17765e-07
5064, 2016-04-29 00:00:00, 1.17457e-07
5065, 2016-04-29 01:00:00, 1.17149e-07
5066, 2016-04-29 02:00:00, 1.16842e-07
5067, 2016-04-29 03:00:00, 1.16537e-07
5068, 2016-04-29 04:00:00, 1.16232e-07
5069, 2016-04-29 05:00:00, 1.15927e-07
5070, 2016-04-29 06:00:00, 1.15624e-07
5071, 2016-04-29 07:00:00, 1.15321e-07
5072, 2016-04-29 08:00:00, 1.15019e-07
5073, 2016-04-29 09:00:00, 1.14718e-07
5074, 2016-04-29 10:00:00, 1.14418e-07
5075, 2016-04-29 11:00:00, 1.14119e-07
5076, 2016-04-29 12:00:00, 1.1382e-07
5077, 2016-04-29 13:00:00, 1.13522e-07
5078, 2016-04-29 14:00:00, 1.13225e-07
5079, 2016-04-29 15:00:00, 1.12929e-07
5080, 2016-04-29 16:00:00, 1.12633e-07
5081, 2016-04-29 17:00:00, 1.12338e-07
5082, 2016-04-29 18:00:00, 1.12044e-07
5083, 2016-04-29 19:00:00, 1.11751e-07
5084, 2016-04-29 20:00:00, 1.11458e-07
5085, 2016-04-29 21:00:00, 1.11167e-07
5086, 2016-04-29 22:00:00, 1.10876e-07
5087, 2016-04-29 23:00:00, 1.10585e-07
5088, 2016-04-30 00:00:00, 1.10296e-07
5089, 2016-04-30 01:00:00, 1.10007e-07
5090, 2016-04-30 02:00:00, 1.09719e-07
5091, 2016-04-30 03:00:00, 1.09432e-07
5092, 2016-04-30 04:00:00, 1.09146e-07
5093, 2016-04-30 05:00:00, 1.0886e-07
5094, 2016-04-30 06:00:00, 1.08575e-07
5095, 2016-04-30 07:00:00, 1.08291e-07
5096, 2016-04-30 08:00:00, 1.08008e-07
5097, 2016-04-30 09:00:00, 1.07725e-07
5098, 2016-04-30 10:00:00, 1.07443e-07
5099, 2016-04-30 11:00:00, 1.07162e-07
5100, 2016-04-30 12:00:00, 1.06881e-07
5101, 2016-04-30 13:00:00, 1.06601e-07
5102, 2016-04-30 14:00:00, 1.06322e-07
5103, 2016-04-30 15:00:00, 1.06044e-07
5104, 2016-04-30 16:00:00, 1.05767e-07
5105, 2016-04-30 17:00:00, 1.0549e-07
5106, 2016-04-30 18:00:00, 1.05214e-07
5107, 2016-04-30 19:00:00, 1.04938e-07
5108, 2016-04-30 20:00:00, 1.04664e-07
5109, 2016-04-30 21:00:00, 1.0439e-07
5110, 2016-04-30 22:00:00, 1.04116e-07
5111, 2016-04-30 23:00:00, 1.03844e-07
5112, 2016-05-01 00:00:00, 1.03572e-07
5113, 2016-05-01 01:00:00, 1.03301e-07
5114, 2016-05-01 02:00:00, 1.03031e-07
5115, 2016-05-01 03:00:00, 1.02761e-07
5116, 2016-05-01 04:00:00, 1.02492e-07
5117, 2016-05-01 05:00:00, 1.02224e-07
5118, 2016-05-01 06:00:00, 1.01956e-07
5119, 2016-05-01 07:00:00, 1.01689e-07
5120, 2016-05-01 08:00:00, 1.01423e-07
5121, 2016-05-01 09:00:00, 1.01158e-07
5122, 2016-05-01 10:00:00, 1.00893e-07
5123, 2016-05-01 11:00:00, 1.00629e-07
5124, 2016-05-01 12:00:00, 1.00365e-07
5125, 2016-05-01 13:00:00, 1.00103e-07
5126, 2016-05-01 14:00:00, 9.98408e-08
5127, 2016-05-01 15:00:00, 0.000140418
5128, 2016-05-01 16:00:00, 6.38803e-05
5129, 2016-05-01 17:00:00, 5.11238e-05
5130, 2016-05-01 18:00:00, 9.87996e-08
5131, 2016-05-01 19:00:00, 9.8541e-08
5132, 2016-05-01 20:00:00, 9.8283e-08
5133, 2016-05-01 21:00:00, 3.77741e-06
5134, 2016-05-01 22:00:00, 1.77022e-06
5135, 2016-05-01 23:00:00, 1.82726e-06
5136, 2016-05-02 00:00:00, 0.00177282
5137, 2016-05-02 01:00:00, 0.00312997
5138, 2016-05-02 02:00:00, 0.00170104
5139, 2016-05-02 03:00:00, 0.0008452
5140, 2016-05-02 04:00:00, 9.62438e-08
5141, 2016-05-02 05:00:00, 9.59919e-08
5142, 2016-05-02 06:00:00, 9.57407e-08
5143, 2016-05-02 07:00:00, 9.54901e-08
5144, 2016-05-02 08:00:00, 9.52401e-08
5145, 2016-05-02 09:00:00, 9.49908e-08
5146, 2016-05-02 10:00:00, 9.47422e-08
5147, 2016-05-02 11:00:00, 9.57786e-08
5148, 2016-05-02 12:00:00, 9.48307e-08
5149, 2016-05-02 13:00:00, 9.44673e-08
5150, 2016-05-02 14:00:00, 9.42027e-06
5151, 2016-05-02 15:00:00, 0.000305184
5152, 2016-05-02 16:00:00, 0.167219
5153, 2016-05-02 17:00:00, 0.0867868
5154, 2016-05-02 18:00:00, 0.0656344
5155, 2016-05-02 19:00:00, 0.00390276
5156, 2016-05-02 20:00:00, 9.22914e-08
5157, 2016-05-02 21:00:00, 9.20924e-08
5158, 2016-05-02 22:00:00, 1.03656e-07
5159, 2016-05-02 23:00:00, 9.69605e-08
5160, 2016-05-03 00:00:00, 9.56301e-08
5161, 2016-05-03 01:00:00, 9.75647e-08
5162, 2016-05-03 02:00:00, 9.37946e-08
5163, 2016-05-03 03:00:00, 9.29682e-08
5164, 2016-05-03 04:00:00, 9.03765e-08
5165, 2016-05-03 05:00:00, 9.014e-08
5166, 2016-05-03 06:00:00, 8.99041e-08
5167, 2016-05-03 07:00:00, 8.96687e-08
5168, 2016-05-03 08:00:00, 4.26205e-05
5169, 2016-05-03 09:00:00, 0.00319094
5170, 2016-05-03 10:00:00, 0.0109715
5171, 2016-05-03 11:00:00, 0.00827994
5172, 2016-05-03 12:00:00, 0.00840737
5173, 2016-05-03 13:00:00, 0.00470756
5174, 2016-05-03 14:00:00, 0.00788183
5175, 2016-05-03 15:00:00, 0.0048465
5176, 2016-05-03 16:00:00, 0.00283389
5177, 2016-05-03 17:00:00, 0.000601927
5178, 2016-05-03 18:00:00, 2.94599e-05
5179, 2016-05-03 19:00:00, 8.68925e-08
5180, 2016-05-03 20:00:00, 8.66651e-08
5181, 2016-05-03 21:00:00, 1.03843e-06
5182, 2016-05-03 22:00:00, 5.18936e-07
5183, 2016-05-03 23:00:00, 4.32166e-07
5184, 2016-05-04 00:00:00, 8.57613e-08
5185, 2016-05-04 01:00:00, 8.55368e-08
5186, 2016-05-04 02:00:00, 8.5313e-08
5187, 2016-05-04 03:00:00, 8.50897e-08
5188, 2016-05-04 04:00:00, 8.48669e-08
5189, 2016-05-04 05:00:00, 8.46448e-08
5190, 2016-05-04 06:00:00, 8.44233e-08
5191, 2016-05-04 07:00:00, 8.42023e-08
5192, 2016-05-04 08:00:00, 8.39819e-08
5193, 2016-05-04 09:00:00, 8.37621e-08
5194, 2016-05-04 10:00:00, 8.35429e-08
5195, 2016-05-04 11:00:00, 8.33242e-08
5196, 2016-05-04 12:00:00, 8.31061e-08
5197, 2016-05-04 13:00:00, 8.28886e-08
5198, 2016-05-04 14:00:00, 8.26716e-08
5199, 2016-05-04 15:00:00, 8.24552e-08
5200, 2016-05-04 16:00:00, 8.22394e-08
5201, 2016-05-04 17:00:00, 8.20242e-08
5202, 2016-05-04 18:00:00, 0.000326137
5203, 2016-05-04 19:00:00, 0.00137156
5204, 2016-05-04 20:00:00, 0.00102664
5205, 2016-05-04 21:00:00, 0.000604888
5206, 2016-05-04 22:00:00, 0.000128066
5207, 2016-05-04 23:00:00, 0.00107177
5208, 2016-05-05 00:00:00, 0.0242839
5209, 2016-05-05 01:00:00, 0.0136122
5210, 2016-05-05 02:00:00, 0.0207784
5211, 2016-05-05 03:00:00, 0.00593286
5212, 2016-05-05 04:00:00, 0.00403136
5213, 2016-05-05 05:00:00, 1.59675e-05
5214, 2016-05-05 06:00:00, 7.92766e-08
5215, 2016-05-05 07:00:00, 7.90691e-08
5216, 2016-05-05 08:00:00, 7.88621e-08
5217, 2016-05-05 09:00:00, 7.86557e-08
5218, 2016-05-05 10:00:00, 7.84499e-08
5219, 2016-05-05 11:00:00, 7.82445e-08
5220, 2016-05-05 12:00:00, 7.80397e-08
5221, 2016-05-05 13:00:00, 7.78355e-08
5222, 2016-05-05 14:00:00, 7.76317e-08
5223, 2016-05-05 15:00:00, 7.74285e-08
5224, 2016-05-05 16:00:00, 7.72259e-08
5225, 2016-05-05 17:00:00, 7.70237e-08
5226, 2016-05-05 18:00:00, 7.68221e-08
5227, 2016-05-05 19:00:00, 7.66211e-08
5228, 2016-05-05 20:00:00, 7.64205e-08
5229, 2016-05-05 21:00:00, 7.62205e-08
5230, 2016-05-05 22:00:00, 7.6021e-08
5231, 2016-05-05 23:00:00, 7.5822e-08
5232, 2016-05-06 00:00:00, 7.56236e-08
5233, 2016-05-06 01:00:00, 0.00372035
5234, 2016-05-06 02:00:00, 0.014532
5235, 2016-05-06 03:00:00, 0.00926933
5236, 2016-05-06 04:00:00, 0.0056148
5237, 2016-05-06 05:00:00, 0.000756306
5238, 2016-05-06 06:00:00, 7.44437e-08
5239, 2016-05-06 07:00:00, 7.42488e-08
5240, 2016-05-06 08:00:00, 7.40545e-08
5241, 2016-05-06 09:00:00, 7.38607e-08
5242, 2016-05-06 10:00:00, 7.36673e-08
5243, 2016-05-06 11:00:00, 7.34745e-08
5244, 2016-05-06 12:00:00, 6.59688e-06
5245, 2016-05-06 13:00:00, 3.03836e-06
5246, 2016-05-06 14:00:00, 2.44512e-06
5247, 2016-05-06 15:00:00, 7.27083e-08
5248, 2016-05-06 16:00:00, 7.2518e-08
5249, 2016-05-06 17:00:00, 7.23282e-08
5250, 2016-05-06 18:00:00, 7.21389e-08
5251, 2016-05-06 19:00:00, 0.000176545
5252, 2016-05-06 20:00:00, 0.000131047
5253, 2016-05-06 21:00:00, 0.000131213
5254, 2016-05-06 22:00:00, 0.000340576
5255, 2016-05-06 23:00:00, 0.00349111
5256, 2016-05-07 00:00:00, 0.00165359
5257, 2016-05-07 01:00:00, 0.00131451
5258, 2016-05-07 02:00:00, 0.00784765
5259, 2016-05-07 03:00:00, 0.00462767
5260, 2016-05-07 04:00:00, 0.00331329
5261, 2016-05-07 05:00:00, 0.000382243
5262, 2016-05-07 06:00:00, 6.99054e-08
5263, 2016-05-07 07:00:00, 6.97224e-08
5264, 2016-05-07 08:00:00, 6.95399e-08
5265, 2016-05-07 09:00:00, 6.93579e-08
5266, 2016-05-07 10:00:00, 6.92044e-08
5267, 2016-05-07 11:00:00, 6.90081e-08
5268, 2016-05-07 12:00:00, 0.000112265
5269, 2016-05-07 13:00:00, 0.00361235
5270, 2016-05-07 14:00:00, 0.00165963
5271, 2016-05-07 15:00:00, 0.00491851
5272, 2016-05-07 16:00:00, 0.00164864
5273, 2016-05-07 17:00:00, 0.00131839
5274, 2016-05-07 18:00:00, 6.35779e-07
5275, 2016-05-07 19:00:00, 6.75638e-08
5276, 2016-05-07 20:00:00, 6.73869e-08
5277, 2016-05-07 21:00:00, 6.72106e-08
5278, 2016-05-07 22:00:00, 6.70346e-08
5279, 2016-05-07 23:00:00, 6.68592e-08
5280, 2016-05-08 00:00:00, 7.87024e-08
5281, 2016-05-08 01:00:00, 8.9033e-08
5282, 2016-05-08 02:00:00, 1.21406e-07
5283, 2016-05-08 03:00:00, 2.007e-07
5284, 2016-05-08 04:00:00, 2.79448e-07
5285, 2016-05-08 05:00:00, 3.13259e-07
5286, 2016-05-08 06:00:00, 4.05698e-07
5287, 2016-05-08 07:00:00, 4.12475e-07
5288, 2016-05-08 08:00:00, 3.76054e-07
5289, 2016-05-08 09:00:00, 2.78749e-07
5290, 2016-05-08 10:00:00, 1.76373e-07
5291, 2016-05-08 11:00:00, 1.26857e-07
5292, 2016-05-08 12:00:00, 8.36788e-08
5293, 2016-05-08 13:00:00, 7.26178e-08
5294, 2016-05-08 14:00:00, 0.0167877
5295, 2016-05-08 15:00:00, 0.00848558
5296, 2016-05-08 16:00:00, 0.0065524
5297, 2016-05-08 17:00:00, 0.000337797
5298, 2016-05-08 18:00:00, 2.16679e-05
5299, 2016-05-08 19:00:00, 0.000232157
5300, 2016-05-08 20:00:00, 0.000105572
5301, 2016-05-08 21:00:00, 8.4448e-05
5302, 2016-05-08 22:00:00, 6.2948e-08
5303, 2016-05-08 23:00:00, 6.27833e-08
5304, 2016-05-09 00:00:00, 6.26189e-08
5305, 2016-05-09 01:00:00, 6.2455e-08
5306, 2016-05-09 02:00:00, 6.22916e-08
5307, 2016-05-09 03:00:00, 6.21285e-08
5308, 2016-05-09 04:00:00, 6.19659e-08
5309, 2016-05-09 05:00:00, 6.18037e-08
5310, 2016-05-09 06:00:00, 6.1642e-08
5311, 2016-05-09 07:00:00, 6.14806e-08
5312, 2016-05-09 08:00:00, 6.13197e-08
5313, 2016-05-09 09:00:00, 6.11592e-08
5314, 2016-05-09 10:00:00, 6.09991e-08
5315, 2016-05-09 11:00:00, 6.08395e-08
5316, 2016-05-09 12:00:00, 6.06802e-08
5317, 2016-05-09 13:00:00, 6.05214e-08
5318, 2016-05-09 14:00:00, 6.0363e-08
5319, 2016-05-09 15:00:00, 6.0205e-08
5320, 2016-05-09 16:00:00, 6.00474e-08
5321, 2016-05-09 17:00:00, 5.98903e-08
5322, 2016-05-09 18:00:00, 5.97335e-08
5323, 2016-05-09 19:00:00, 5.95771e-08
5324, 2016-05-09 20:00:00, 5.94212e-08
5325, 2016-05-09 21:00:00, 5.92657e-08
5326, 2016-05-09 22:00:00, 5.91106e-08
5327, 2016-05-09 23:00:00, 5.89558e-08
5328, 2016-05-10 00:00:00, 5.88015e-08
5329, 2016-05-10 01:00:00, 5.86476e-08
5330, 2016-05-10 02:00:00, 5.84941e-08
5331, 2016-05-10 03:00:00, 5.8341e-08
5332, 2016-05-10 04:00:00, 5.81883e-08
5333, 2016-05-10 05:00:00, 5.8036e-08
5334, 2016-05-10 06:00:00, 5.78841e-08
5335, 2016-05-10 07:00:00, 5.77326e-08
5336, 2016-05-10 08:00:00, 5.75815e-08
5337, 2016-05-10 09:00:00, 5.74308e-08
5338, 2016-05-10 10:00:00, 5.72805e-08
5339, 2016-05-10 11:00:00, 5.71305e-08
5340, 2016-05-10 12:00:00, 5.6981e-08
5341, 2016-05-10 13:00:00, 5.68319e-08
5342, 2016-05-10 14:00:00, 5.66831e-08
5343, 2016-05-10 15:00:00, 5.65347e-08
5344, 2016-05-10 16:00:00, 5.63868e-08
5345, 2016-05-10 17:00:00, 5.62392e-08
5346, 2016-05-10 18:00:00, 5.6092e-08
5347, 2016-05-10 19:00:00, 5.59452e-08
5348, 2016-05-10 20:00:00, 5.57987e-08
5349, 2016-05-10 21:00:00, 5.56527e-08
5350, 2016-05-10 22:00:00, 5.5507e-08
5351, 2016-05-10 23:00:00, 5.53617e-08
5352, 2016-05-11 00:00:00, 5.52168e-08
5353, 2016-05-11 01:00:00, 5.50723e-08
5354, 2016-05-11 02:00:00, 5.49282e-08
5355, 2016-05-11 03:00:00, 5.47844e-08
5356, 2016-05-11 04:00:00, 5.4641e-08
5357, 2016-05-11 05:00:00, 5.4498e-08
5358, 2016-05-11 06:00:00, 5.43553e-08
5359, 2016-05-11 07:00:00, 5.42131e-08
5360, 2016-05-11 08:00:00, 5.40712e-08
5361, 2016-05-11 09:00:00, 5.39296e-08
5362, 2016-05-11 10:00:00, 5.37885e-08
5363, 2016-05-11 11:00:00, 5.36477e-08
5364, 2016-05-11 12:00:00, 5.35073e-08
5365, 2016-05-11 13:00:00, 5.33672e-08
5366, 2016-05-11 14:00:00, 5.32276e-08
5367, 2016-05-11 15:00:00, 5.30882e-08
5368, 2016-05-11 16:00:00, 5.29493e-08
5369, 2016-05-11 17:00:00, 5.28107e-08
5370, 2016-05-11 18:00:00, 5.26725e-08
5371, 2016-05-11 19:00:00, 5.25346e-08
5372, 2016-05-11 20:00:00, 5.23971e-08
5373, 2016-05-11 21:00:00, 5.226e-08
5374, 2016-05-11 22:00:00, 5.21232e-08
5375, 2016-05-11 23:00:00, 5.19867e-08
5376, 2016-05-12 00:00:00, 5.18507e-08
5377, 2016-05-12 01:00:00, 5.1715e-08
5378, 2016-05-12 02:00:00, 5.15796e-08
5379, 2016-05-12 03:00:00, 5.14446e-08
5380, 2016-05-12 04:00:00, 5.13099e-08
5381, 2016-05-12 05:00:00, 5.11756e-08
5382, 2016-05-12 06:00:00, 5.10417e-08
5383, 2016-05-12 07:00:00, 5.09081e-08
5384, 2016-05-12 08:00:00, 5.07749e-08
5385, 2016-05-12 09:00:00, 5.0642e-08
5386, 2016-05-12 10:00:00, 5.05094e-08
5387, 2016-05-12 11:00:00, 5.03772e-08
5388, 2016-05-12 12:00:00, 5.02453e-08
5389, 2016-05-12 13:00:00, 5.01138e-08
5390, 2016-05-12 14:00:00, 4.99827e-08
5391, 2016-05-12 15:00:00, 4.98518e-08
5392, 2016-05-12 16:00:00, 4.97214e-08
5393, 2016-05-12 17:00:00, 4.95912e-08
5394, 2016-05-12 18:00:00, 4.94614e-08
5395, 2016-05-12 19:00:00, 4.9332e-08
5396, 2016-05-12 20:00:00, 4.92028e-08
5397, 2016-05-12 21:00:00, 4.9074e-08
5398, 2016-05-12 22:00:00, 4.89456e-08
5399, 2016-05-12 23:00:00, 4.88175e-08
5400, 2016-05-13 00:00:00, 4.86897e-08
5401, 2016-05-13 01:00:00, 4.85623e-08
5402, 2016-05-13 02:00:00, 4.84352e-08
5403, 2016-05-13 03:00:00, 4.83084e-08
5404, 2016-05-13 04:00:00, 4.8182e-08
5405, 2016-05-13 05:00:00, 4.80558e-08
5406, 2016-05-13 06:00:00, 4.79301e-08
5407, 2016-05-13 07:00:00, 4.78046e-08
5408, 2016-05-13 08:00:00, 4.76795e-08
5409, 2016-05-13 09:00:00, 4.76419e-08
5410, 2016-05-13 10:00:00, 6.72217e-08
5411, 2016-05-13 11:00:00, 6.61134e-08
5412, 2016-05-13 12:00:00, 5.88182e-08
5413, 2016-05-13 13:00:00, 5.06215e-08
5414, 2016-05-13 14:00:00, 4.69356e-08
5415, 2016-05-13 15:00:00, 4.68127e-08
5416, 2016-05-13 16:00:00, 4.66902e-08
5417, 2016-05-13 17:00:00, 4.6568e-08
5418, 2016-05-13 18:00:00, 4.64461e-08
5419, 2016-05-13 19:00:00, 4.63245e-08
5420, 2016-05-13 20:00:00, 4.62033e-08
5421, 2016-05-13 21:00:00, 4.60824e-08
5422, 2016-05-13 22:00:00, 0.00146751
5423, 2016-05-13 23:00:00, 0.00654609
5424, 2016-05-14 00:00:00, 0.00496135
5425, 2016-05-14 01:00:00, 0.0043461
5426, 2016-05-14 02:00:00, 0.00127943
5427, 2016-05-14 03:00:00, 0.00165188
5428, 2016-05-14 04:00:00, 0.000664082
5429, 2016-05-14 05:00:00, 0.00048073
5430, 2016-05-14 06:00:00, 5.325e-05
5431, 2016-05-14 07:00:00, 4.51463e-08
5432, 2016-05-14 08:00:00, 4.49563e-08
5433, 2016-05-14 09:00:00, 4.4678e-08
5434, 2016-05-14 10:00:00, 4.45387e-08
5435, 2016-05-14 11:00:00, 4.44222e-08
5436, 2016-05-14 12:00:00, 7.19518e-08
5437, 2016-05-14 13:00:00, 5.67562e-08
5438, 2016-05-14 14:00:00, 5.41273e-08
5439, 2016-05-14 15:00:00, 4.39589e-08
5440, 2016-05-14 16:00:00, 4.38439e-08
5441, 2016-05-14 17:00:00, 4.37291e-08
5442, 2016-05-14 18:00:00, 4.36146e-08
5443, 2016-05-14 19:00:00, 4.35005e-08
5444, 2016-05-14 20:00:00, 4.33866e-08
5445, 2016-05-14 21:00:00, 4.32731e-08
5446, 2016-05-14 22:00:00, 4.31598e-08
5447, 2016-05-14 23:00:00, 4.30468e-08
5448, 2016-05-15 00:00:00, 4.29342e-08
5449, 2016-05-15 01:00:00, 4.28218e-08
5450, 2016-05-15 02:00:00, 4.27097e-08
5451, 2016-05-15 03:00:00, 4.26078e-08
5452, 2016-05-15 04:00:00, 1.0023e-06
5453, 2016-05-15 05:00:00, 3.06938e-06
5454, 2016-05-15 06:00:00, 1.56889e-06
5455, 2016-05-15 07:00:00, 9.84235e-07
5456, 2016-05-15 08:00:00, 4.20433e-08
5457, 2016-05-15 09:00:00, 4.19333e-08
5458, 2016-05-15 10:00:00, 4.18235e-08
5459, 2016-05-15 11:00:00, 4.17141e-08
5460, 2016-05-15 12:00:00, 4.16049e-08
5461, 2016-05-15 13:00:00, 4.1496e-08
5462, 2016-05-15 14:00:00, 4.13874e-08
5463, 2016-05-15 15:00:00, 4.12791e-08
5464, 2016-05-15 16:00:00, 4.1171e-08
5465, 2016-05-15 17:00:00, 4.10633e-08
5466, 2016-05-15 18:00:00, 4.09558e-08
5467, 2016-05-15 19:00:00, 4.08486e-08
5468, 2016-05-15 20:00:00, 4.07417e-08
5469, 2016-05-15 21:00:00, 4.0635e-08
5470, 2016-05-15 22:00:00, 4.05287e-08
5471, 2016-05-15 23:00:00, 4.04226e-08
5472, 2016-05-16 00:00:00, 4.03168e-08
5473, 2016-05-16 01:00:00, 4.02113e-08
5474, 2016-05-16 02:00:00, 4.0106e-08
5475, 2016-05-16 03:00:00, 4.0001e-08
5476, 2016-05-16 04:00:00, 3.98963e-08
5477, 2016-05-16 05:00:00, 3.97919e-08
5478, 2016-05-16 06:00:00, 3.96878e-08
5479, 2016-05-16 07:00:00, 3.95839e-08
5480, 2016-05-16 08:00:00, 3.94803e-08
5481, 2016-05-16 09:00:00, 3.93769e-08
5482, 2016-05-16 10:00:00, 3.92739e-08
5483, 2016-05-16 11:00:00, 3.91711e-08
5484, 2016-05-16 12:00:00, 3.90685e-08
5485, 2016-05-16 13:00:00, 3.89663e-08
5486, 2016-05-16 14:00:00, 3.88643e-08
5487, 2016-05-16 15:00:00, 3.87626e-08
5488, 2016-05-16 16:00:00, 3.86611e-08
5489, 2016-05-16 17:00:00, 3.85599e-08
5490, 2016-05-16 18:00:00, 3.8459e-08
5491, 2016-05-16 19:00:00, 3.83583e-08
5492, 2016-05-16 20:00:00, 3.82579e-08
5493, 2016-05-16 21:00:00, 3.81578e-08
5494, 2016-05-16 22:00:00, 3.80579e-08
5495, 2016-05-16 23:00:00, 3.79583e-08
5496, 2016-05-17 00:00:00, 3.7859e-08
5497, 2016-05-17 01:00:00, 3.77599e-08
5498, 2016-05-17 02:00:00, 3.7661e-08
5499, 2016-05-17 03:00:00, 3.75625e-08
5500, 2016-05-17 04:00:00, 3.74641e-08
5501, 2016-05-17 05:00:00, 3.73661e-08
5502, 2016-05-17 06:00:00, 3.72683e-08
5503, 2016-05-17 07:00:00, 3.71707e-08
5504, 2016-05-17 08:00:00, 3.70735e-08
5505, 2016-05-17 09:00:00, 3.69764e-08
5506, 2016-05-17 10:00:00, 3.68796e-08
5507, 2016-05-17 11:00:00, 3.67831e-08
5508, 2016-05-17 12:00:00, 3.66868e-08
5509, 2016-05-17 13:00:00, 3.65908e-08
5510, 2016-05-17 14:00:00, 3.6495e-08
5511, 2016-05-17 15:00:00, 3.63995e-08
5512, 2016-05-17 16:00:00, 3.63042e-08
5513, 2016-05-17 17:00:00, 3.62092e-08
5514, 2016-05-17 18:00:00, 3.61144e-08
5515, 2016-05-17 19:00:00, 3.60199e-08
5516, 2016-05-17 20:00:00, 3.59256e-08
5517, 2016-05-17 21:00:00, 3.58316e-08
5518, 2016-05-17 22:00:00, 3.57378e-08
5519, 2016-05-17 23:00:00, 3.56443e-08
5520, 2016-05-18 00:00:00, 3.5551e-08
5521, 2016-05-18 01:00:00, 3.54579e-08
5522, 2016-05-18 02:00:00, 3.53651e-08
5523, 2016-05-18 03:00:00, 3.52726e-08
5524, 2016-05-18 04:00:00, 3.51802e-08
5525, 2016-05-18 05:00:00, 3.50882e-08
5526, 2016-05-18 06:00:00, 3.49963e-08
5527, 2016-05-18 07:00:00, 3.49047e-08
5528, 2016-05-18 08:00:00, 3.48134e-08
5529, 2016-05-18 09:00:00, 3.47222e-08
5530, 2016-05-18 10:00:00, 3.46314e-08
5531, 2016-05-18 11:00:00, 3.45407e-08
5532, 2016-05-18 12:00:00, 3.44503e-08
5533, 2016-05-18 13:00:00, 3.43601e-08
5534, 2016-05-18 14:00:00, 3.42702e-08
5535, 2016-05-18 15:00:00, 3.41805e-08
5536, 2016-05-18 16:00:00, 3.4091e-08
5537, 2016-05-18 17:00:00, 3.40018e-08
5538, 2016-05-18 18:00:00, 3.39128e-08
5539, 2016-05-18 19:00:00, 3.3824e-08
5540, 2016-05-18 20:00:00, 3.37355e-08
5541, 2016-05-18 21:00:00, 3.36472e-08
5542, 2016-05-18 22:00:00, 3.35591e-08
5543, 2016-05-18 23:00:00, 3.34713e-08
5544, 2016-05-19 00:00:00, 3.33837e-08
5545, 2016-05-19 01:00:00, 3.32963e-08
5546, 2016-05-19 02:00:00, 3.32092e-08
5547, 2016-05-19 03:00:00, 3.31222e-08
5548, 2016-05-19 04:00:00, 3.30356e-08
5549, 2016-05-19 05:00:00, 3.29491e-08
5550, 2016-05-19 06:00:00, 3.28628e-08
5551, 2016-05-19 07:00:00, 3.27768e-08
5552, 2016-05-19 08:00:00, 3.2691e-08
5553, 2016-05-19 09:00:00, 3.26055e-08
5554, 2016-05-19 10:00:00, 3.25201e-08
5555, 2016-05-19 11:00:00, 3.2435e-08
5556, 2016-05-19 12:00:00, 3.23501e-08
5557, 2016-05-19 13:00:00, 3.22654e-08
5558, 2016-05-19 14:00:00, 3.2181e-08
5559, 2016-05-19 15:00:00, 3.20968e-08
5560, 2016-05-19 16:00:00, 3.20128e-08
5561, 2016-05-19 17:00:00, 3.1929e-08
5562, 2016-05-19 18:00:00, 3.18454e-08
5563, 2016-05-19 19:00:00, 3.1762e-08
5564, 2016-05-19 20:00:00, 3.16789e-08
5565, 2016-05-19 21:00:00, 0.000143477
5566, 2016-05-19 22:00:00, 6.72472e-05
5567, 2016-05-19 23:00:00, 5.31085e-05
5568, 2016-05-20 00:00:00, 6.38858e-06
5569, 2016-05-20 01:00:00, 2.58814e-06
5570, 2016-05-20 02:00:00, 2.07668e-06
5571, 2016-05-20 03:00:00, 0.00106771
5572, 2016-05-20 04:00:00, 0.000485338
5573, 2016-05-20 05:00:00, 0.000400968
5574, 2016-05-20 06:00:00, 5.7997e-06
5575, 2016-05-20 07:00:00, 4.64585e-06
5576, 2016-05-20 08:00:00, 3.06981e-08
5577, 2016-05-20 09:00:00, 3.06178e-08
5578, 2016-05-20 10:00:00, 3.05376e-08
5579, 2016-05-20 11:00:00, 3.04577e-08
5580, 2016-05-20 12:00:00, 6.66145e-08
5581, 2016-05-20 13:00:00, 4.67696e-08
5582, 2016-05-20 14:00:00, 4.33961e-08
5583, 2016-05-20 15:00:00, 3.01401e-08
5584, 2016-05-20 16:00:00, 3.00612e-08
5585, 2016-05-20 17:00:00, 2.99825e-08
5586, 2016-05-20 18:00:00, 2.9904e-08
5587, 2016-05-20 19:00:00, 2.98257e-08
5588, 2016-05-20 20:00:00, 2.97477e-08
5589, 2016-05-20 21:00:00, 2.96698e-08
5590, 2016-05-20 22:00:00, 2.95922e-08
5591, 2016-05-20 23:00:00, 2.95147e-08
5592, 2016-05-21 00:00:00, 2.94375e-08
5593, 2016-05-21 01:00:00, 2.93604e-08
5594, 2016-05-21 02:00:00, 2.92836e-08
5595, 2016-05-21 03:00:00, 2.92069e-08
5596, 2016-05-21 04:00:00, 2.91305e-08
5597, 2016-05-21 05:00:00, 2.90542e-08
5598, 2016-05-21 06:00:00, 2.89782e-08
5599, 2016-05-21 07:00:00, 2.89023e-08
5600, 2016-05-21 08:00:00, 2.88267e-08
5601, 2016-05-21 09:00:00, 2.87512e-08
5602, 2016-05-21 10:00:00, 2.8676e-08
5603, 2016-05-21 11:00:00, 2.86009e-08
5604, 2016-05-21 12:00:00, 2.85261e-08
5605, 2016-05-21 13:00:00, 2.84514e-08
5606, 2016-05-21 14:00:00, 2.83769e-08
5607, 2016-05-21 15:00:00, 2.83026e-08
5608, 2016-05-21 16:00:00, 2.82286e-08
5609, 2016-05-21 17:00:00, 2.81547e-08
5610, 2016-05-21 18:00:00, 2.8081e-08
5611, 2016-05-21 19:00:00, 2.80075e-08
5612, 2016-05-21 20:00:00, 2.79342e-08
5613, 2016-05-21 21:00:00, 2.78611e-08
5614, 2016-05-21 22:00:00, 2.77881e-08
5615, 2016-05-21 23:00:00, 2.77154e-08
5616, 2016-05-22 00:00:00, 2.76429e-08
5617, 2016-05-22 01:00:00, 2.75705e-08
5618, 2016-05-22 02:00:00, 2.74984e-08
5619, 2016-05-22 03:00:00, 2.74264e-08
5620, 2016-05-22 04:00:00, 2.73546e-08
5621, 2016-05-22 05:00:00, 2.7283e-08
5622, 2016-05-22 06:00:00, 2.72116e-08
5623, 2016-05-22 07:00:00, 2.71404e-08
5624, 2016-05-22 08:00:00, 2.70693e-08
5625, 2016-05-22 09:00:00, 2.69985e-08
5626, 2016-05-22 10:00:00, 2.69278e-08
5627, 2016-05-22 11:00:00, 2.68573e-08
5628, 2016-05-22 12:00:00, 2.6787e-08
5629, 2016-05-22 13:00:00, 2.67169e-08
5630, 2016-05-22 14:00:00, 2.6647e-08
5631, 2016-05-22 15:00:00, 2.65772e-08
5632, 2016-05-22 16:00:00, 2.65077e-08
5633, 2016-05-22 17:00:00, 2.64383e-08
5634, 2016-05-22 18:00:00, 2.63691e-08
5635, 2016-05-22 19:00:00, 2.63001e-08
5636, 2016-05-22 20:00:00, 2.62312e-08
5637, 2016-05-22 21:00:00, 2.61626e-08
5638, 2016-05-22 22:00:00, 2.60941e-08
5639, 2016-05-22 23:00:00, 2.60258e-08
5640, 2016-05-23 00:00:00, 2.59577e-08
5641, 2016-05-23 01:00:00, 2.58897e-08
5642, 2016-05-23 02:00:00, 2.5822e-08
5643, 2016-05-23 03:00:00, 2.57544e-08
5644, 2016-05-23 04:00:00, 2.5687e-08
5645, 2016-05-23 05:00:00, 2.56198e-08
5646, 2016-05-23 06:00:00, 2.55527e-08
5647, 2016-05-23 07:00:00, 2.54858e-08
5648, 2016-05-23 08:00:00, 2.54191e-08
5649, 2016-05-23 09:00:00, 2.53526e-08
5650, 2016-05-23 10:00:00, 2.52862e-08
5651, 2016-05-23 11:00:00, 3.83393e-08
5652, 2016-05-23 12:00:00, 3.11173e-08
5653, 2016-05-23 13:00:00, 2.98588e-08
5654, 2016-05-23 14:00:00, 2.50225e-08
5655, 2016-05-23 15:00:00, 2.4957e-08
5656, 2016-05-23 16:00:00, 2.48917e-08
5657, 2016-05-23 17:00:00, 2.48265e-08
5658, 2016-05-23 18:00:00, 2.47616e-08
5659, 2016-05-23 19:00:00, 2.46968e-08
5660, 2016-05-23 20:00:00, 2.46321e-08
5661, 2016-05-23 21:00:00, 2.45676e-08
5662, 2016-05-23 22:00:00, 2.45033e-08
5663, 2016-05-23 23:00:00, 2.44392e-08
5664, 2016-05-24 00:00:00, 2.43752e-08
5665, 2016-05-24 01:00:00, 2.43114e-08
5666, 2016-05-24 02:00:00, 2.42478e-08
5667, 2016-05-24 03:00:00, 8.16123e-05
5668, 2016-05-24 04:00:00, 3.71096e-05
5669, 2016-05-24 05:00:00, 2.96925e-05
5670, 2016-05-24 06:00:00, 2.39949e-08
5671, 2016-05-24 07:00:00, 0.000341604
5672, 2016-05-24 08:00:00, 0.00269651
5673, 2016-05-24 09:00:00, 0.00127933
5674, 2016-05-24 10:00:00, 0.00193088
5675, 2016-05-24 11:00:00, 0.000457651
5676, 2016-05-24 12:00:00, 0.000366126
5677, 2016-05-24 13:00:00, 2.35587e-08
5678, 2016-05-24 14:00:00, 2.34971e-08
5679, 2016-05-24 15:00:00, 2.34356e-08
5680, 2016-05-24 16:00:00, 2.33742e-08
5681, 2016-05-24 17:00:00, 2.33131e-08
5682, 2016-05-24 18:00:00, 2.3252e-08
5683, 2016-05-24 19:00:00, 2.31912e-08
5684, 2016-05-24 20:00:00, 2.31305e-08
5685, 2016-05-24 21:00:00, 2.30699e-08
5686, 2016-05-24 22:00:00, 2.30096e-08
5687, 2016-05-24 23:00:00, 2.29493e-08
5688, 2016-05-25 00:00:00, 2.28893e-08
5689, 2016-05-25 01:00:00, 2.28293e-08
5690, 2016-05-25 02:00:00, 2.27696e-08
5691, 2016-05-25 03:00:00, 2.45078e-08
5692, 2016-05-25 04:00:00, 3.2793e-08
5693, 2016-05-25 05:00:00, 3.89823e-08
5694, 2016-05-25 06:00:00, 4.51301e-08
5695, 2016-05-25 07:00:00, 3.5472e-08
5696, 2016-05-25 08:00:00, 3.7263e-08
5697, 2016-05-25 09:00:00, 2.7181e-08
5698, 2016-05-25 10:00:00, 2.62193e-08
5699, 2016-05-25 11:00:00, 7.06557e-08
5700, 2016-05-25 12:00:00, 4.43105e-08
5701, 2016-05-25 13:00:00, 3.96e-08
5702, 2016-05-25 14:00:00, 2.20646e-08
5703, 2016-05-25 15:00:00, 2.20069e-08
5704, 2016-05-25 16:00:00, 2.19493e-08
5705, 2016-05-25 17:00:00, 2.18918e-08
5706, 2016-05-25 18:00:00, 2.18345e-08
5707, 2016-05-25 19:00:00, 2.17774e-08
5708, 2016-05-25 20:00:00, 2.17204e-08
5709, 2016-05-25 21:00:00, 2.16635e-08
5710, 2016-05-25 22:00:00, 2.16068e-08
5711, 2016-05-25 23:00:00, 2.15503e-08
5712, 2016-05-26 00:00:00, 2.14939e-08
5713, 2016-05-26 01:00:00, 2.14376e-08
5714, 2016-05-26 02:00:00, 2.13815e-08
5715, 2016-05-26 03:00:00, 2.13255e-08
5716, 2016-05-26 04:00:00, 2.12697e-08
5717, 2016-05-26 05:00:00, 2.1214e-08
5718, 2016-05-26 06:00:00, 2.11585e-08
5719, 2016-05-26 07:00:00, 2.11031e-08
5720, 2016-05-26 08:00:00, 2.10479e-08
5721, 2016-05-26 09:00:00, 2.09928e-08
5722, 2016-05-26 10:00:00, 2.09379e-08
5723, 2016-05-26 11:00:00, 2.08831e-08
5724, 2016-05-26 12:00:00, 2.08284e-08
5725, 2016-05-26 13:00:00, 2.07739e-08
5726, 2016-05-26 14:00:00, 2.07195e-08
5727, 2016-05-26 15:00:00, 2.06653e-08
5728, 2016-05-26 16:00:00, 2.06112e-08
5729, 2016-05-26 17:00:00, 2.05572e-08
5730, 2016-05-26 18:00:00, 2.05034e-08
5731, 2016-05-26 19:00:00, 2.04498e-08
5732, 2016-05-26 20:00:00, 2.03962e-08
5733, 2016-05-26 21:00:00, 2.03429e-08
5734, 2016-05-26 22:00:00, 2.02896e-08
5735, 2016-05-26 23:00:00, 2.02365e-08
5736, 2016-05-27 00:00:00, 2.01835e-08
5737, 2016-05-27 01:00:00, 2.01307e-08
5738, 2016-05-27 02:00:00, 2.0078e-08
5739, 2016-05-27 03:00:00, 2.00255e-08
5740, 2016-05-27 04:00:00, 1.99731e-08
5741, 2016-05-27 05:00:00, 1.99208e-08
5742, 2016-05-27 06:00:00, 1.98686e-08
5743, 2016-05-27 07:00:00, 1.98166e-08
5744, 2016-05-27 08:00:00, 1.97648e-08
5745, 2016-05-27 09:00:00, 1.9713e-08
5746, 2016-05-27 10:00:00, 1.96614e-08
5747, 2016-05-27 11:00:00, 1.961e-08
5748, 2016-05-27 12:00:00, 1.95587e-08
5749, 2016-05-27 13:00:00, 1.95075e-08
5750, 2016-05-27 14:00:00, 1.94564e-08
5751, 2016-05-27 15:00:00, 1.94055e-08
5752, 2016-05-27 16:00:00, 1.93547e-08
5753, 2016-05-27 17:00:00, 1.9304e-08
5754, 2016-05-27 18:00:00, 1.92535e-08
5755, 2016-05-27 19:00:00, 1.92031e-08
5756, 2016-05-27 20:00:00, 1.91528e-08
5757, 2016-05-27 21:00:00, 1.91027e-08
5758, 2016-05-27 22:00:00, 1.90527e-08
5759, 2016-05-27 23:00:00, 1.90028e-08
5760, 2016-05-28 00:00:00, 1.89531e-08
5761, 2016-05-28 01:00:00, 1.89035e-08
5762, 2016-05-28 02:00:00, 1.8854e-08
5763, 2016-05-28 03:00:00, 1.88047e-08
5764, 2016-05-28 04:00:00, 1.87554e-08
5765, 2016-05-28 05:00:00, 1.87064e-08
5766, 2016-05-28 06:00:00, 1.86574e-08
5767, 2016-05-28 07:00:00, 1.86086e-08
5768, 2016-05-28 08:00:00, 1.85599e-08
5769, 2016-05-28 09:00:00, 1.85113e-08
5770, 2016-05-28 10:00:00, 1.84628e-08
5771, 2016-05-28 11:00:00, 1.84145e-08
5772, 2016-05-28 12:00:00, 1.83663e-08
5773, 2016-05-28 13:00:00, 1.83182e-08
5774, 2016-05-28 14:00:00, 1.82703e-08
5775, 2016-05-28 15:00:00, 1.82225e-08
5776, 2016-05-28 16:00:00, 1.81748e-08
5777, 2016-05-28 17:00:00, 1.81272e-08
5778, 2016-05-28 18:00:00, 1.80798e-08
5779, 2016-05-28 19:00:00, 1.80324e-08
5780, 2016-05-28 20:00:00, 1.79852e-08
5781, 2016-05-28 21:00:00, 1.79382e-08
5782, 2016-05-28 22:00:00, 1.78912e-08
5783, 2016-05-28 23:00:00, 1.78444e-08
5784, 2016-05-29 00:00:00, 1.77977e-08
5785, 2016-05-29 01:00:00, 1.77511e-08
5786, 2016-05-29 02:00:00, 1.77046e-08
5787, 2016-05-29 03:00:00, 1.76583e-08
5788, 2016-05-29 04:00:00, 1.76121e-08
5789, 2016-05-29 05:00:00, 1.7566e-08
5790, 2016-05-29 06:00:00, 1.752e-08
5791, 2016-05-29 07:00:00, 1.74741e-08
5792, 2016-05-29 08:00:00, 1.74284e-08
5793, 2016-05-29 09:00:00, 1.73828e-08
5794, 2016-05-29 10:00:00, 1.73373e-08
5795, 2016-05-29 11:00:00, 1.72919e-08
5796, 2016-05-29 12:00:00, 1.72466e-08
5797, 2016-05-29 13:00:00, 1.72015e-08
5798, 2016-05-29 14:00:00, 1.71565e-08
5799, 2016-05-29 15:00:00, 1.71116e-08
5800, 2016-05-29 16:00:00, 1.70668e-08
5801, 2016-05-29 17:00:00, 1.70221e-08
5802, 2016-05-29 18:00:00, 1.69776e-08
5803, 2016-05-29 19:00:00, 1.69331e-08
5804, 2016-05-29 20:00:00, 1.68888e-08
5805, 2016-05-29 21:00:00, 1.68446e-08
5806, 2016-05-29 22:00:00, 1.68005e-08
5807, 2016-05-29 23:00:00, 1.67565e-08
5808, 2016-05-30 00:00:00, 1.67127e-08
5809, 2016-05-30 01:00:00, 1.66689e-08
5810, 2016-05-30 02:00:00, 1.66253e-08
5811, 2016-05-30 03:00:00, 1.65818e-08
5812, 2016-05-30 04:00:00, 1.65384e-08
5813, 2016-05-30 05:00:00, 1.64951e-08
5814, 2016-05-30 06:00:00, 1.64519e-08
5815, 2016-05-30 07:00:00, 1.64089e-08
5816, 2016-05-30 08:00:00, 1.63659e-08
5817, 2016-05-30 09:00:00, 0.0318846
5818, 2016-05-30 10:00:00, 0.117302
5819, 2016-05-30 11:00:00, 0.121508
5820, 2016-05-30 12:00:00, 0.0827337
5821, 2016-05-30 13:00:00, 0.0330481
5822, 2016-05-30 14:00:00, 0.00791414
5823, 2016-05-30 15:00:00, 0.00130407
5824, 2016-05-30 16:00:00, 0.000291031
5825, 2016-05-30 17:00:00, 2.20727e-05
5826, 2016-05-30 18:00:00, 1.59426e-08
5827, 2016-05-30 19:00:00, 1.59008e-08
5828, 2016-05-30 20:00:00, 1.58592e-08
5829, 2016-05-30 21:00:00, 1.58177e-08
5830, 2016-05-30 22:00:00, 1.57763e-08
5831, 2016-05-30 23:00:00, 1.5735e-08
5832, 2016-05-31 00:00:00, 1.56938e-08
5833, 2016-05-31 01:00:00, 1.56528e-08
5834, 2016-05-31 02:00:00, 1.61884e-08
5835, 2016-05-31 03:00:00, 2.62868e-08
5836, 2016-05-31 04:00:00, 4.45619e-08
5837, 2016-05-31 05:00:00, 8.53265e-08
5838, 2016-05-31 06:00:00, 1.10288e-07
5839, 2016-05-31 07:00:00, 1.01983e-07
5840, 2016-05-31 08:00:00, 9.03537e-08
5841, 2016-05-31 09:00:00, 5.24157e-08
5842, 2016-05-31 10:00:00, 1.02685e-07
5843, 2016-05-31 11:00:00, 3.00626e-07
5844, 2016-05-31 12:00:00, 1.54984e-07
5845, 2016-05-31 13:00:00, 1.06209e-07
5846, 2016-05-31 14:00:00, 1.51284e-08
5847, 2016-05-31 15:00:00, 1.50888e-08
5848, 2016-05-31 16:00:00, 1.50493e-08
5849, 2016-05-31 17:00:00, 1.501e-08
5850, 2016-05-31 18:00:00, 1.49707e-08
5851, 2016-05-31 19:00:00, 1.49315e-08
5852, 2016-05-31 20:00:00, 1.48924e-08
5853, 2016-05-31 21:00:00, 1.48534e-08
5854, 2016-05-31 22:00:00, 1.48145e-08
5855, 2016-05-31 23:00:00, 1.47758e-08
5856, 2016-06-01 00:00:00, 1.47371e-08
5857, 2016-06-01 01:00:00, 1.46985e-08
5858, 2016-06-01 02:00:00, 1.466e-08
5859, 2016-06-01 03:00:00, 1.46217e-08
5860, 2016-06-01 04:00:00, 1.45834e-08
5861, 2016-06-01 05:00:00, 1.45452e-08
5862, 2016-06-01 06:00:00, 1.45072e-08
5863, 2016-06-01 07:00:00, 1.44692e-08
5864, 2016-06-01 08:00:00, 1.44313e-08
5865, 2016-06-01 09:00:00, 1.43935e-08
5866, 2016-06-01 10:00:00, 1.43559e-08
5867, 2016-06-01 11:00:00, 1.43183e-08
5868, 2016-06-01 12:00:00, 1.42808e-08
5869, 2016-06-01 13:00:00, 1.42434e-08
5870, 2016-06-01 14:00:00, 1.42062e-08
5871, 2016-06-01 15:00:00, 1.4169e-08
5872, 2016-06-01 16:00:00, 1.41319e-08
5873, 2016-06-01 17:00:00, 1.40949e-08
5874, 2016-06-01 18:00:00, 1.4058e-08
5875, 2016-06-01 19:00:00, 1.40212e-08
5876, 2016-06-01 20:00:00, 1.39845e-08
5877, 2016-06-01 21:00:00, 1.39479e-08
5878, 2016-06-01 22:00:00, 1.39114e-08
5879, 2016-06-01 23:00:00, 1.3875e-08
5880, 2016-06-02 00:00:00, 1.38387e-08
5881, 2016-06-02 01:00:00, 1.38025e-08
5882, 2016-06-02 02:00:00, 1.37663e-08
5883, 2016-06-02 03:00:00, 1.37303e-08
5884, 2016-06-02 04:00:00, 1.36944e-08
5885, 2016-06-02 05:00:00, 1.36585e-08
5886, 2016-06-02 06:00:00, 1.36228e-08
5887, 2016-06-02 07:00:00, 1.35871e-08
5888, 2016-06-02 08:00:00, 1.35516e-08
5889, 2016-06-02 09:00:00, 1.35161e-08
5890, 2016-06-02 10:00:00, 1.34807e-08
5891, 2016-06-02 11:00:00, 1.34454e-08
5892, 2016-06-02 12:00:00, 1.34102e-08
5893, 2016-06-02 13:00:00, 1.33751e-08
5894, 2016-06-02 14:00:00, 1.33401e-08
5895, 2016-06-02 15:00:00, 1.33052e-08
5896, 2016-06-02 16:00:00, 1.32704e-08
5897, 2016-06-02 17:00:00, 1.32356e-08
5898, 2016-06-02 18:00:00, 1.3201e-08
5899, 2016-06-02 19:00:00, 1.31664e-08
5900, 2016-06-02 20:00:00, 1.3132e-08
5901, 2016-06-02 21:00:00, 1.30976e-08
5902, 2016-06-02 22:00:00, 1.30633e-08
5903, 2016-06-02 23:00:00, 1.30291e-08
5904, 2016-06-03 00:00:00, 1.2995e-08
5905, 2016-06-03 01:00:00, 1.2961e-08
5906, 2016-06-03 02:00:00, 1.29271e-08
5907, 2016-06-03 03:00:00, 1.28933e-08
5908, 2016-06-03 04:00:00, 1.28595e-08
5909, 2016-06-03 05:00:00, 1.28259e-08
5910, 2016-06-03 06:00:00, 1.27923e-08
5911, 2016-06-03 07:00:00, 1.27588e-08
5912, 2016-06-03 08:00:00, 1.27254e-08
5913, 2016-06-03 09:00:00, 1.26921e-08
5914, 2016-06-03 10:00:00, 1.26589e-08
5915, 2016-06-03 11:00:00, 1.26258e-08
5916, 2016-06-03 12:00:00, 1.25927e-08
5917, 2016-06-03 13:00:00, 1.25597e-08
5918, 2016-06-03 14:00:00, 2.19146e-06
5919, 2016-06-03 15:00:00, 1.00292e-06
5920, 2016-06-03 16:00:00, 0.000115455
5921, 2016-06-03 17:00:00, 6.6826e-05
5922, 2016-06-03 18:00:00, 4.83852e-05
5923, 2016-06-03 19:00:00, 5.35773e-06
5924, 2016-06-03 20:00:00, 1.23314e-08
5925, 2016-06-03 21:00:00, 1.22991e-08
5926, 2016-06-03 22:00:00, 1.2267e-08
5927, 2016-06-03 23:00:00, 1.43886e-08
5928, 2016-06-04 00:00:00, 3.23495e-08
5929, 2016-06-04 01:00:00, 4.45475e-08
5930, 2016-06-04 02:00:00, 7.2662e-08
5931, 2016-06-04 03:00:00, 1.0896e-07
5932, 2016-06-04 04:00:00, 9.57368e-08
5933, 2016-06-04 05:00:00, 9.37202e-08
5934, 2016-06-04 06:00:00, 1.46542e-07
5935, 2016-06-04 07:00:00, 1.94005e-07
5936, 2016-06-04 08:00:00, 2.27111e-07
5937, 2016-06-04 09:00:00, 2.72825e-07
5938, 2016-06-04 10:00:00, 3.00352e-07
5939, 2016-06-04 11:00:00, 3.95482e-07
5940, 2016-06-04 12:00:00, 1.86334e-07
5941, 2016-06-04 13:00:00, 1.01794e-07
5942, 2016-06-04 14:00:00, 1.17632e-08
5943, 2016-06-04 15:00:00, 1.17324e-08
5944, 2016-06-04 16:00:00, 1.17017e-08
5945, 2016-06-04 17:00:00, 1.16711e-08
5946, 2016-06-04 18:00:00, 1.16405e-08
5947, 2016-06-04 19:00:00, 1.16101e-08
5948, 2016-06-04 20:00:00, 1.15797e-08
5949, 2016-06-04 21:00:00, 1.15494e-08
5950, 2016-06-04 22:00:00, 1.15191e-08
5951, 2016-06-04 23:00:00, 1.1489e-08
5952, 2016-06-05 00:00:00, 1.14589e-08
5953, 2016-06-05 01:00:00, 1.14289e-08
5954, 2016-06-05 02:00:00, 1.1399e-08
5955, 2016-06-05 03:00:00, 1.13692e-08
5956, 2016-06-05 04:00:00, 1.13394e-08
5957, 2016-06-05 05:00:00, 1.13097e-08
5958, 2016-06-05 06:00:00, 1.62779e-08
5959, 2016-06-05 07:00:00, 1.75917e-08
5960, 2016-06-05 08:00:00, 5.60265e-08
5961, 2016-06-05 09:00:00, 4.04031e-08
5962, 2016-06-05 10:00:00, 6.84905e-08
5963, 2016-06-05 11:00:00, 6.29107e-08
5964, 2016-06-05 12:00:00, 1.25094e-07
5965, 2016-06-05 13:00:00, 0.000155651
5966, 2016-06-05 14:00:00, 0.000163391
5967, 2016-06-05 15:00:00, 0.000195221
5968, 2016-06-05 16:00:00, 0.000123302
5969, 2016-06-05 17:00:00, 0.000168839
5970, 2016-06-05 18:00:00, 9.66629e-05
5971, 2016-06-05 19:00:00, 0.00196559
5972, 2016-06-05 20:00:00, 0.0233716
5973, 2016-06-05 21:00:00, 0.0321362
5974, 2016-06-05 22:00:00, 0.0184364
5975, 2016-06-05 23:00:00, 0.00867236
5976, 2016-06-06 00:00:00, 0.000976329
5977, 2016-06-06 01:00:00, 0.0553089
5978, 2016-06-06 02:00:00, 0.0282506
5979, 2016-06-06 03:00:00, 0.0214153
5980, 2016-06-06 04:00:00, 0.00119667
5981, 2016-06-06 05:00:00, 2.81364e-05
5982, 2016-06-06 06:00:00, 1.2887e-05
5983, 2016-06-06 07:00:00, 5.33712e-08
5984, 2016-06-06 08:00:00, 4.13796e-08
5985, 2016-06-06 09:00:00, 2.04236e-08
5986, 2016-06-06 10:00:00, 2.64629e-08
5987, 2016-06-06 11:00:00, 3.51061e-08
5988, 2016-06-06 12:00:00, 3.84028e-08
5989, 2016-06-06 13:00:00, 2.408e-08
5990, 2016-06-06 14:00:00, 1.61121e-08
5991, 2016-06-06 15:00:00, 1.03455e-08
5992, 2016-06-06 16:00:00, 1.03185e-08
5993, 2016-06-06 17:00:00, 1.02914e-08
5994, 2016-06-06 18:00:00, 1.02645e-08
5995, 2016-06-06 19:00:00, 1.02376e-08
5996, 2016-06-06 20:00:00, 1.02109e-08
5997, 2016-06-06 21:00:00, 1.01841e-08
5998, 2016-06-06 22:00:00, 1.01575e-08
5999, 2016-06-06 23:00:00, 1.01309e-08
6000, 2016-06-07 00:00:00, 1.01044e-08
6001, 2016-06-07 01:00:00, 1.00779e-08
6002, 2016-06-07 02:00:00, 1.00515e-08
6003, 2016-06-07 03:00:00, 1.00252e-08
6004, 2016-06-07 04:00:00, 9.99899e-09
6005, 2016-06-07 05:00:00, 9.97282e-09
6006, 2016-06-07 06:00:00, 9.94672e-09
6007, 2016-06-07 07:00:00, 9.92068e-09
6008, 2016-06-07 08:00:00, 9.89472e-09
6009, 2016-06-07 09:00:00, 1.52544e-08
6010, 2016-06-07 10:00:00, 3.01527e-08
6011, 2016-06-07 11:00:00, 2.5714e-08
6012, 2016-06-07 12:00:00, 1.89319e-08
6013, 2016-06-07 13:00:00, 1.1882e-08
6014, 2016-06-07 14:00:00, 9.74034e-09
6015, 2016-06-07 15:00:00, 9.71484e-09
6016, 2016-06-07 16:00:00, 9.68942e-09
6017, 2016-06-07 17:00:00, 9.66406e-09
6018, 2016-06-07 18:00:00, 9.63876e-09
6019, 2016-06-07 19:00:00, 9.61353e-09
6020, 2016-06-07 20:00:00, 9.58837e-09
6021, 2016-06-07 21:00:00, 9.56327e-09
6022, 2016-06-07 22:00:00, 9.53824e-09
6023, 2016-06-07 23:00:00, 9.51328e-09
6024, 2016-06-08 00:00:00, 9.48838e-09
6025, 2016-06-08 01:00:00, 9.46354e-09
6026, 2016-06-08 02:00:00, 9.43877e-09
6027, 2016-06-08 03:00:00, 9.41407e-09
6028, 2016-06-08 04:00:00, 9.38943e-09
6029, 2016-06-08 05:00:00, 9.36485e-09
6030, 2016-06-08 06:00:00, 9.34034e-09
6031, 2016-06-08 07:00:00, 9.31589e-09
6032, 2016-06-08 08:00:00, 9.29151e-09
6033, 2016-06-08 09:00:00, 9.26719e-09
6034, 2016-06-08 10:00:00, 9.24293e-09
6035, 2016-06-08 11:00:00, 9.21874e-09
6036, 2016-06-08 12:00:00, 9.19461e-09
6037, 2016-06-08 13:00:00, 9.17055e-09
6038, 2016-06-08 14:00:00, 9.14654e-09
6039, 2016-06-08 15:00:00, 9.1226e-09
6040, 2016-06-08 16:00:00, 9.09872e-09
6041, 2016-06-08 17:00:00, 9.07491e-09
6042, 2016-06-08 18:00:00, 9.05116e-09
6043, 2016-06-08 19:00:00, 9.02747e-09
6044, 2016-06-08 20:00:00, 9.00384e-09
6045, 2016-06-08 21:00:00, 8.98027e-09
6046, 2016-06-08 22:00:00, 8.95677e-09
6047, 2016-06-08 23:00:00, 8.93332e-09
6048, 2016-06-09 00:00:00, 8.90994e-09
6049, 2016-06-09 01:00:00, 8.88662e-09
6050, 2016-06-09 02:00:00, 8.86336e-09
6051, 2016-06-09 03:00:00, 8.84016e-09
6052, 2016-06-09 04:00:00, 8.81702e-09
6053, 2016-06-09 05:00:00, 8.79395e-09
6054, 2016-06-09 06:00:00, 8.77093e-09
6055, 2016-06-09 07:00:00, 8.74797e-09
6056, 2016-06-09 08:00:00, 8.72507e-09
6057, 2016-06-09 09:00:00, 8.70224e-09
6058, 2016-06-09 10:00:00, 8.67946e-09
6059, 2016-06-09 11:00:00, 8.65674e-09
6060, 2016-06-09 12:00:00, 8.63408e-09
6061, 2016-06-09 13:00:00, 8.61148e-09
6062, 2016-06-09 14:00:00, 8.58895e-09
6063, 2016-06-09 15:00:00, 8.56646e-09
6064, 2016-06-09 16:00:00, 8.54404e-09
6065, 2016-06-09 17:00:00, 8.52168e-09
6066, 2016-06-09 18:00:00, 8.49937e-09
6067, 2016-06-09 19:00:00, 8.47713e-09
6068, 2016-06-09 20:00:00, 8.45494e-09
6069, 2016-06-09 21:00:00, 8.43281e-09
6070, 2016-06-09 22:00:00, 8.41074e-09
6071, 2016-06-09 23:00:00, 8.38872e-09
6072, 2016-06-10 00:00:00, 8.36677e-09
6073, 2016-06-10 01:00:00, 8.34487e-09
6074, 2016-06-10 02:00:00, 8.32303e-09
6075, 2016-06-10 03:00:00, 8.30124e-09
6076, 2016-06-10 04:00:00, 8.27951e-09
6077, 2016-06-10 05:00:00, 8.25784e-09
6078, 2016-06-10 06:00:00, 8.23623e-09
6079, 2016-06-10 07:00:00, 8.21467e-09
6080, 2016-06-10 08:00:00, 8.19317e-09
6081, 2016-06-10 09:00:00, 8.17173e-09
6082, 2016-06-10 10:00:00, 8.15034e-09
6083, 2016-06-10 11:00:00, 8.129e-09
6084, 2016-06-10 12:00:00, 8.10773e-09
6085, 2016-06-10 13:00:00, 8.08651e-09
6086, 2016-06-10 14:00:00, 8.06534e-09
6087, 2016-06-10 15:00:00, 8.04423e-09
6088, 2016-06-10 16:00:00, 8.02318e-09
6089, 2016-06-10 17:00:00, 8.00218e-09
6090, 2016-06-10 18:00:00, 7.98123e-09
6091, 2016-06-10 19:00:00, 7.96034e-09
6092, 2016-06-10 20:00:00, 7.9395e-09
6093, 2016-06-10 21:00:00, 7.91872e-09
6094, 2016-06-10 22:00:00, 7.898e-09
6095, 2016-06-10 23:00:00, 7.87733e-09
6096, 2016-06-11 00:00:00, 7.85671e-09
6097, 2016-06-11 01:00:00, 7.83614e-09
6098, 2016-06-11 02:00:00, 7.81563e-09
6099, 2016-06-11 03:00:00, 7.79518e-09
6100, 2016-06-11 04:00:00, 7.77477e-09
6101, 2016-06-11 05:00:00, 7.75442e-09
6102, 2016-06-11 06:00:00, 7.73413e-09
6103, 2016-06-11 07:00:00, 7.71388e-09
6104, 2016-06-11 08:00:00, 7.69369e-09
6105, 2016-06-11 09:00:00, 7.67356e-09
6106, 2016-06-11 10:00:00, 7.65347e-09
6107, 2016-06-11 11:00:00, 7.63344e-09
6108, 2016-06-11 12:00:00, 7.61346e-09
6109, 2016-06-11 13:00:00, 7.59353e-09
6110, 2016-06-11 14:00:00, 7.57366e-09
6111, 2016-06-11 15:00:00, 7.55383e-09
6112, 2016-06-11 16:00:00, 7.53406e-09
6113, 2016-06-11 17:00:00, 0.000205806
6114, 2016-06-11 18:00:00, 0.0256274
6115, 2016-06-11 19:00:00, 0.0157783
6116, 2016-06-11 20:00:00, 0.0111474
6117, 2016-06-11 21:00:00, 0.00148987
6118, 2016-06-11 22:00:00, 4.27973e-08
6119, 2016-06-11 23:00:00, 1.03353e-07
6120, 2016-06-12 00:00:00, 1.22481e-07
6121, 2016-06-12 01:00:00, 9.37599e-08
6122, 2016-06-12 02:00:00, 7.10364e-08
6123, 2016-06-12 03:00:00, 4.20553e-08
6124, 2016-06-12 04:00:00, 6.35489e-08
6125, 2016-06-12 05:00:00, 7.91577e-08
6126, 2016-06-12 06:00:00, 7.45007e-08
6127, 2016-06-12 07:00:00, 3.997e-08
6128, 2016-06-12 08:00:00, 1.90018e-08
6129, 2016-06-12 09:00:00, 9.78249e-09
6130, 2016-06-12 10:00:00, 8.3002e-09
6131, 2016-06-12 11:00:00, 1.36983e-07
6132, 2016-06-12 12:00:00, 9.19475e-08
6133, 2016-06-12 13:00:00, 6.59185e-08
6134, 2016-06-12 14:00:00, 1.66064e-08
6135, 2016-06-12 15:00:00, 7.09333e-09
6136, 2016-06-12 16:00:00, 7.07477e-09
6137, 2016-06-12 17:00:00, 7.05625e-09
6138, 2016-06-12 18:00:00, 7.03778e-09
6139, 2016-06-12 19:00:00, 7.01936e-09
6140, 2016-06-12 20:00:00, 7.00099e-09
6141, 2016-06-12 21:00:00, 6.98266e-09
6142, 2016-06-12 22:00:00, 6.96438e-09
6143, 2016-06-12 23:00:00, 6.94616e-09
6144, 2016-06-13 00:00:00, 6.92798e-09
6145, 2016-06-13 01:00:00, 6.90984e-09
6146, 2016-06-13 02:00:00, 6.89176e-09
6147, 2016-06-13 03:00:00, 6.87372e-09
6148, 2016-06-13 04:00:00, 6.85573e-09
6149, 2016-06-13 05:00:00, 6.83778e-09
6150, 2016-06-13 06:00:00, 6.81988e-09
6151, 2016-06-13 07:00:00, 6.80203e-09
6152, 2016-06-13 08:00:00, 6.78423e-09
6153, 2016-06-13 09:00:00, 6.76647e-09
6154, 2016-06-13 10:00:00, 6.74876e-09
6155, 2016-06-13 11:00:00, 6.7311e-09
6156, 2016-06-13 12:00:00, 6.71348e-09
6157, 2016-06-13 13:00:00, 6.69591e-09
6158, 2016-06-13 14:00:00, 6.67838e-09
6159, 2016-06-13 15:00:00, 6.6609e-09
6160, 2016-06-13 16:00:00, 6.64347e-09
6161, 2016-06-13 17:00:00, 6.62608e-09
6162, 2016-06-13 18:00:00, 6.60874e-09
6163, 2016-06-13 19:00:00, 6.59144e-09
6164, 2016-06-13 20:00:00, 6.57419e-09
6165, 2016-06-13 21:00:00, 6.55698e-09
6166, 2016-06-13 22:00:00, 6.53982e-09
6167, 2016-06-13 23:00:00, 6.5227e-09
6168, 2016-06-14 00:00:00, 6.50563e-09
6169, 2016-06-14 01:00:00, 6.4886e-09
6170, 2016-06-14 02:00:00, 6.47162e-09
6171, 2016-06-14 03:00:00, 6.45468e-09
6172, 2016-06-14 04:00:00, 6.43778e-09
6173, 2016-06-14 05:00:00, 6.42093e-09
6174, 2016-06-14 06:00:00, 6.40413e-09
6175, 2016-06-14 07:00:00, 6.38736e-09
6176, 2016-06-14 08:00:00, 6.37065e-09
6177, 2016-06-14 09:00:00, 6.35397e-09
6178, 2016-06-14 10:00:00, 6.33734e-09
6179, 2016-06-14 11:00:00, 6.32075e-09
6180, 2016-06-14 12:00:00, 6.30421e-09
6181, 2016-06-14 13:00:00, 6.28771e-09
6182, 2016-06-14 14:00:00, 6.27125e-09
6183, 2016-06-14 15:00:00, 6.25484e-09
6184, 2016-06-14 16:00:00, 6.23847e-09
6185, 2016-06-14 17:00:00, 6.22214e-09
6186, 2016-06-14 18:00:00, 6.20585e-09
6187, 2016-06-14 19:00:00, 6.18961e-09
6188, 2016-06-14 20:00:00, 6.17341e-09
6189, 2016-06-14 21:00:00, 6.15725e-09
6190, 2016-06-14 22:00:00, 6.14113e-09
6191, 2016-06-14 23:00:00, 6.12506e-09
6192, 2016-06-15 00:00:00, 6.10903e-09
6193, 2016-06-15 01:00:00, 6.09304e-09
6194, 2016-06-15 02:00:00, 6.07709e-09
6195, 2016-06-15 03:00:00, 6.06118e-09
6196, 2016-06-15 04:00:00, 6.04532e-09
6197, 2016-06-15 05:00:00, 6.0295e-09
6198, 2016-06-15 06:00:00, 6.01371e-09
6199, 2016-06-15 07:00:00, 5.99797e-09
6200, 2016-06-15 08:00:00, 5.98227e-09
6201, 2016-06-15 09:00:00, 5.96662e-09
6202, 2016-06-15 10:00:00, 5.951e-09
6203, 2016-06-15 11:00:00, 5.93542e-09
6204, 2016-06-15 12:00:00, 5.91989e-09
6205, 2016-06-15 13:00:00, 5.90439e-09
6206, 2016-06-15 14:00:00, 5.88894e-09
6207, 2016-06-15 15:00:00, 5.87353e-09
6208, 2016-06-15 16:00:00, 5.85815e-09
6209, 2016-06-15 17:00:00, 5.84282e-09
6210, 2016-06-15 18:00:00, 5.82753e-09
6211, 2016-06-15 19:00:00, 5.81227e-09
6212, 2016-06-15 20:00:00, 5.79706e-09
6213, 2016-06-15 21:00:00, 5.78189e-09
6214, 2016-06-15 22:00:00, 5.76675e-09
6215, 2016-06-15 23:00:00, 5.75166e-09
6216, 2016-06-16 00:00:00, 5.7366e-09
6217, 2016-06-16 01:00:00, 5.72159e-09
6218, 2016-06-16 02:00:00, 5.70661e-09
6219, 2016-06-16 03:00:00, 5.69168e-09
6220, 2016-06-16 04:00:00, 5.67678e-09
6221, 2016-06-16 05:00:00, 5.66192e-09
6222, 2016-06-16 06:00:00, 5.6471e-09
6223, 2016-06-16 07:00:00, 5.63232e-09
6224, 2016-06-16 08:00:00, 5.61758e-09
6225, 2016-06-16 09:00:00, 5.60288e-09
6226, 2016-06-16 10:00:00, 5.58821e-09
6227, 2016-06-16 11:00:00, 5.57358e-09
6228, 2016-06-16 12:00:00, 5.559e-09
6229, 2016-06-16 13:00:00, 5.54445e-09
6230, 2016-06-16 14:00:00, 5.52993e-09
6231, 2016-06-16 15:00:00, 5.51546e-09
6232, 2016-06-16 16:00:00, 5.50102e-09
6233, 2016-06-16 17:00:00, 5.48663e-09
6234, 2016-06-16 18:00:00, 5.47226e-09
6235, 2016-06-16 19:00:00, 5.45794e-09
6236, 2016-06-16 20:00:00, 5.44366e-09
6237, 2016-06-16 21:00:00, 5.42941e-09
6238, 2016-06-16 22:00:00, 5.4152e-09
6239, 2016-06-16 23:00:00, 5.40102e-09
6240, 2016-06-17 00:00:00, 5.38689e-09
6241, 2016-06-17 01:00:00, 5.37279e-09
6242, 2016-06-17 02:00:00, 5.35872e-09
6243, 2016-06-17 03:00:00, 5.3447e-09
6244, 2016-06-17 04:00:00, 5.33071e-09
6245, 2016-06-17 05:00:00, 5.31676e-09
6246, 2016-06-17 06:00:00, 6.82007e-09
6247, 2016-06-17 07:00:00, 6.07548e-09
6248, 2016-06-17 08:00:00, 5.87087e-09
6249, 2016-06-17 09:00:00, 5.29654e-09
6250, 2016-06-17 10:00:00, 5.24754e-09
6251, 2016-06-17 11:00:00, 5.2338e-09
6252, 2016-06-17 12:00:00, 5.22011e-09
6253, 2016-06-17 13:00:00, 5.20644e-09
6254, 2016-06-17 14:00:00, 5.19281e-09
6255, 2016-06-17 15:00:00, 5.17922e-09
6256, 2016-06-17 16:00:00, 5.16567e-09
6257, 2016-06-17 17:00:00, 5.15215e-09
6258, 2016-06-17 18:00:00, 5.13866e-09
6259, 2016-06-17 19:00:00, 5.12521e-09
6260, 2016-06-17 20:00:00, 5.1118e-09
6261, 2016-06-17 21:00:00, 5.09842e-09
6262, 2016-06-17 22:00:00, 5.08507e-09
6263, 2016-06-17 23:00:00, 5.07176e-09
6264, 2016-06-18 00:00:00, 5.05849e-09
6265, 2016-06-18 01:00:00, 5.04525e-09
6266, 2016-06-18 02:00:00, 5.03204e-09
6267, 2016-06-18 03:00:00, 5.01887e-09
6268, 2016-06-18 04:00:00, 5.00573e-09
6269, 2016-06-18 05:00:00, 4.99263e-09
6270, 2016-06-18 06:00:00, 4.97957e-09
6271, 2016-06-18 07:00:00, 4.96653e-09
6272, 2016-06-18 08:00:00, 4.95353e-09
6273, 2016-06-18 09:00:00, 4.94057e-09
6274, 2016-06-18 10:00:00, 4.92764e-09
6275, 2016-06-18 11:00:00, 4.91474e-09
6276, 2016-06-18 12:00:00, 4.90187e-09
6277, 2016-06-18 13:00:00, 4.88904e-09
6278, 2016-06-18 14:00:00, 4.87625e-09
6279, 2016-06-18 15:00:00, 4.86348e-09
6280, 2016-06-18 16:00:00, 4.85075e-09
6281, 2016-06-18 17:00:00, 4.83806e-09
6282, 2016-06-18 18:00:00, 4.82539e-09
6283, 2016-06-18 19:00:00, 4.81276e-09
6284, 2016-06-18 20:00:00, 4.80017e-09
6285, 2016-06-18 21:00:00, 4.7876e-09
6286, 2016-06-18 22:00:00, 4.77507e-09
6287, 2016-06-18 23:00:00, 4.76257e-09
6288, 2016-06-19 00:00:00, 4.75011e-09
6289, 2016-06-19 01:00:00, 4.73768e-09
6290, 2016-06-19 02:00:00, 4.72528e-09
6291, 2016-06-19 03:00:00, 4.71291e-09
6292, 2016-06-19 04:00:00, 4.70057e-09
6293, 2016-06-19 05:00:00, 4.68827e-09
6294, 2016-06-19 06:00:00, 4.676e-09
6295, 2016-06-19 07:00:00, 4.66376e-09
6296, 2016-06-19 08:00:00, 4.65155e-09
6297, 2016-06-19 09:00:00, 4.63938e-09
6298, 2016-06-19 10:00:00, 4.62723e-09
6299, 2016-06-19 11:00:00, 1.25917e-08
6300, 2016-06-19 12:00:00, 8.22874e-09
6301, 2016-06-19 13:00:00, 7.49155e-09
6302, 2016-06-19 14:00:00, 4.57898e-09
6303, 2016-06-19 15:00:00, 4.56699e-09
6304, 2016-06-19 16:00:00, 4.55504e-09
6305, 2016-06-19 17:00:00, 4.54312e-09
6306, 2016-06-19 18:00:00, 4.53123e-09
6307, 2016-06-19 19:00:00, 4.51937e-09
6308, 2016-06-19 20:00:00, 4.50754e-09
6309, 2016-06-19 21:00:00, 4.49574e-09
6310, 2016-06-19 22:00:00, 4.48397e-09
6311, 2016-06-19 23:00:00, 4.47224e-09
6312, 2016-06-20 00:00:00, 4.46053e-09
6313, 2016-06-20 01:00:00, 4.44885e-09
6314, 2016-06-20 02:00:00, 4.43721e-09
6315, 2016-06-20 03:00:00, 4.4256e-09
6316, 2016-06-20 04:00:00, 4.41401e-09
6317, 2016-06-20 05:00:00, 4.40246e-09
6318, 2016-06-20 06:00:00, 4.39094e-09
6319, 2016-06-20 07:00:00, 4.37944e-09
6320, 2016-06-20 08:00:00, 4.36798e-09
6321, 2016-06-20 09:00:00, 4.35655e-09
6322, 2016-06-20 10:00:00, 4.34515e-09
6323, 2016-06-20 11:00:00, 2.69001e-08
6324, 2016-06-20 12:00:00, 1.45799e-08
6325, 2016-06-20 13:00:00, 1.25171e-08
6326, 2016-06-20 14:00:00, 4.29983e-09
6327, 2016-06-20 15:00:00, 4.28858e-09
6328, 2016-06-20 16:00:00, 4.27735e-09
6329, 2016-06-20 17:00:00, 4.26616e-09
6330, 2016-06-20 18:00:00, 4.25499e-09
6331, 2016-06-20 19:00:00, 4.24385e-09
6332, 2016-06-20 20:00:00, 4.23275e-09
6333, 2016-06-20 21:00:00, 4.22167e-09
6334, 2016-06-20 22:00:00, 4.21062e-09
6335, 2016-06-20 23:00:00, 4.1996e-09
6336, 2016-06-21 00:00:00, 4.1886e-09
6337, 2016-06-21 01:00:00, 4.17764e-09
6338, 2016-06-21 02:00:00, 4.16671e-09
6339, 2016-06-21 03:00:00, 4.1558e-09
6340, 2016-06-21 04:00:00, 4.14492e-09
6341, 2016-06-21 05:00:00, 4.13407e-09
6342, 2016-06-21 06:00:00, 4.12325e-09
6343, 2016-06-21 07:00:00, 4.11246e-09
6344, 2016-06-21 08:00:00, 4.1017e-09
6345, 2016-06-21 09:00:00, 0.00465502
6346, 2016-06-21 10:00:00, 0.00412635
6347, 2016-06-21 11:00:00, 0.00266611
6348, 2016-06-21 12:00:00, 0.00104604
6349, 2016-06-21 13:00:00, 0.000152523
6350, 2016-06-21 14:00:00, 0.000104699
6351, 2016-06-21 15:00:00, 4.02713e-09
6352, 2016-06-21 16:00:00, 4.01659e-09
6353, 2016-06-21 17:00:00, 4.00608e-09
6354, 2016-06-21 18:00:00, 3.9956e-09
6355, 2016-06-21 19:00:00, 3.98514e-09
6356, 2016-06-21 20:00:00, 3.97471e-09
6357, 2016-06-21 21:00:00, 3.9643e-09
6358, 2016-06-21 22:00:00, 3.95393e-09
6359, 2016-06-21 23:00:00, 3.94358e-09
6360, 2016-06-22 00:00:00, 3.93326e-09
6361, 2016-06-22 01:00:00, 3.92296e-09
6362, 2016-06-22 02:00:00, 3.91269e-09
6363, 2016-06-22 03:00:00, 3.90245e-09
6364, 2016-06-22 04:00:00, 3.89224e-09
6365, 2016-06-22 05:00:00, 3.88205e-09
6366, 2016-06-22 06:00:00, 3.87189e-09
6367, 2016-06-22 07:00:00, 3.86175e-09
6368, 2016-06-22 08:00:00, 3.85165e-09
6369, 2016-06-22 09:00:00, 3.84157e-09
6370, 2016-06-22 10:00:00, 3.83151e-09
6371, 2016-06-22 11:00:00, 3.82148e-09
6372, 2016-06-22 12:00:00, 3.81148e-09
6373, 2016-06-22 13:00:00, 3.8015e-09
6374, 2016-06-22 14:00:00, 3.79155e-09
6375, 2016-06-22 15:00:00, 3.78163e-09
6376, 2016-06-22 16:00:00, 3.77173e-09
6377, 2016-06-22 17:00:00, 3.76186e-09
6378, 2016-06-22 18:00:00, 3.75201e-09
6379, 2016-06-22 19:00:00, 3.74219e-09
6380, 2016-06-22 20:00:00, 3.7324e-09
6381, 2016-06-22 21:00:00, 3.72263e-09
6382, 2016-06-22 22:00:00, 3.71289e-09
6383, 2016-06-22 23:00:00, 3.70317e-09
6384, 2016-06-23 00:00:00, 3.69347e-09
6385, 2016-06-23 01:00:00, 3.68381e-09
6386, 2016-06-23 02:00:00, 3.67416e-09
6387, 2016-06-23 03:00:00, 3.66455e-09
6388, 2016-06-23 04:00:00, 3.65496e-09
6389, 2016-06-23 05:00:00, 3.64539e-09
6390, 2016-06-23 06:00:00, 3.63585e-09
6391, 2016-06-23 07:00:00, 3.62633e-09
6392, 2016-06-23 08:00:00, 3.61684e-09
6393, 2016-06-23 09:00:00, 3.60737e-09
6394, 2016-06-23 10:00:00, 3.59793e-09
6395, 2016-06-23 11:00:00, 3.58851e-09
6396, 2016-06-23 12:00:00, 3.57912e-09
6397, 2016-06-23 13:00:00, 3.56975e-09
6398, 2016-06-23 14:00:00, 3.56041e-09
6399, 2016-06-23 15:00:00, 3.55109e-09
6400, 2016-06-23 16:00:00, 3.5418e-09
6401, 2016-06-23 17:00:00, 3.53253e-09
6402, 2016-06-23 18:00:00, 3.52328e-09
6403, 2016-06-23 19:00:00, 3.51406e-09
6404, 2016-06-23 20:00:00, 3.50486e-09
6405, 2016-06-23 21:00:00, 3.49569e-09
6406, 2016-06-23 22:00:00, 3.48654e-09
6407, 2016-06-23 23:00:00, 3.47741e-09
6408, 2016-06-24 00:00:00, 3.46831e-09
6409, 2016-06-24 01:00:00, 3.45923e-09
6410, 2016-06-24 02:00:00, 3.45018e-09
6411, 2016-06-24 03:00:00, 4.4444e-09
6412, 2016-06-24 04:00:00, 3.88816e-09
6413, 2016-06-24 05:00:00, 3.78798e-09
6414, 2016-06-24 06:00:00, 3.4142e-09
6415, 2016-06-24 07:00:00, 3.40526e-09
6416, 2016-06-24 08:00:00, 3.39635e-09
6417, 2016-06-24 09:00:00, 3.38746e-09
6418, 2016-06-24 10:00:00, 3.37859e-09
6419, 2016-06-24 11:00:00, 3.36975e-09
6420, 2016-06-24 12:00:00, 3.36093e-09
6421, 2016-06-24 13:00:00, 3.35213e-09
6422, 2016-06-24 14:00:00, 3.34336e-09
6423, 2016-06-24 15:00:00, 3.33461e-09
6424, 2016-06-24 16:00:00, 3.32588e-09
6425, 2016-06-24 17:00:00, 3.31717e-09
6426, 2016-06-24 18:00:00, 3.30849e-09
6427, 2016-06-24 19:00:00, 3.29983e-09
6428, 2016-06-24 20:00:00, 3.2912e-09
6429, 2016-06-24 21:00:00, 3.28258e-09
6430, 2016-06-24 22:00:00, 3.27399e-09
6431, 2016-06-24 23:00:00, 3.26542e-09
6432, 2016-06-25 00:00:00, 3.25687e-09
6433, 2016-06-25 01:00:00, 3.24835e-09
6434, 2016-06-25 02:00:00, 3.23985e-09
6435, 2016-06-25 03:00:00, 3.23137e-09
6436, 2016-06-25 04:00:00, 3.22291e-09
6437, 2016-06-25 05:00:00, 3.21447e-09
6438, 2016-06-25 06:00:00, 3.20606e-09
6439, 2016-06-25 07:00:00, 3.19767e-09
6440, 2016-06-25 08:00:00, 3.1893e-09
6441, 2016-06-25 09:00:00, 3.18095e-09
6442, 2016-06-25 10:00:00, 3.17262e-09
6443, 2016-06-25 11:00:00, 3.16432e-09
6444, 2016-06-25 12:00:00, 3.15604e-09
6445, 2016-06-25 13:00:00, 3.14778e-09
6446, 2016-06-25 14:00:00, 3.13954e-09
6447, 2016-06-25 15:00:00, 3.13132e-09
6448, 2016-06-25 16:00:00, 3.12313e-09
6449, 2016-06-25 17:00:00, 3.11495e-09
6450, 2016-06-25 18:00:00, 3.1068e-09
6451, 2016-06-25 19:00:00, 3.09867e-09
6452, 2016-06-25 20:00:00, 3.09056e-09
6453, 2016-06-25 21:00:00, 3.08247e-09
6454, 2016-06-25 22:00:00, 3.0744e-09
6455, 2016-06-25 23:00:00, 3.06635e-09
6456, 2016-06-26 00:00:00, 3.05833e-09
6457, 2016-06-26 01:00:00, 3.05032e-09
6458, 2016-06-26 02:00:00, 3.04234e-09
6459, 2016-06-26 03:00:00, 3.03437e-09
6460, 2016-06-26 04:00:00, 3.02643e-09
6461, 2016-06-26 05:00:00, 3.01851e-09
6462, 2016-06-26 06:00:00, 3.01061e-09
6463, 2016-06-26 07:00:00, 3.00273e-09
6464, 2016-06-26 08:00:00, 2.99487e-09
6465, 2016-06-26 09:00:00, 2.98703e-09
6466, 2016-06-26 10:00:00, 2.97921e-09
6467, 2016-06-26 11:00:00, 2.97142e-09
6468, 2016-06-26 12:00:00, 2.96364e-09
6469, 2016-06-26 13:00:00, 2.95588e-09
6470, 2016-06-26 14:00:00, 2.94814e-09
6471, 2016-06-26 15:00:00, 2.94043e-09
6472, 2016-06-26 16:00:00, 2.93273e-09
6473, 2016-06-26 17:00:00, 2.92506e-09
6474, 2016-06-26 18:00:00, 2.9174e-09
6475, 2016-06-26 19:00:00, 2.90976e-09
6476, 2016-06-26 20:00:00, 2.90215e-09
6477, 2016-06-26 21:00:00, 2.89455e-09
6478, 2016-06-26 22:00:00, 2.88697e-09
6479, 2016-06-26 23:00:00, 2.87942e-09
6480, 2016-06-27 00:00:00, 2.87188e-09
6481, 2016-06-27 01:00:00, 2.86437e-09
6482, 2016-06-27 02:00:00, 2.85687e-09
6483, 2016-06-27 03:00:00, 2.84939e-09
6484, 2016-06-27 04:00:00, 2.84193e-09
6485, 2016-06-27 05:00:00, 2.83449e-09
6486, 2016-06-27 06:00:00, 2.82707e-09
6487, 2016-06-27 07:00:00, 2.81968e-09
6488, 2016-06-27 08:00:00, 2.81229e-09
6489, 2016-06-27 09:00:00, 2.80493e-09
6490, 2016-06-27 10:00:00, 2.79759e-09
6491, 2016-06-27 11:00:00, 2.89442e-09
6492, 2016-06-27 12:00:00, 2.83031e-09
6493, 2016-06-27 13:00:00, 2.81356e-09
6494, 2016-06-27 14:00:00, 2.76842e-09
6495, 2016-06-27 15:00:00, 2.76117e-09
6496, 2016-06-27 16:00:00, 2.75394e-09
6497, 2016-06-27 17:00:00, 2.74674e-09
6498, 2016-06-27 18:00:00, 2.73955e-09
6499, 2016-06-27 19:00:00, 2.73238e-09
6500, 2016-06-27 20:00:00, 2.72522e-09
6501, 2016-06-27 21:00:00, 2.71809e-09
6502, 2016-06-27 22:00:00, 2.71098e-09
6503, 2016-06-27 23:00:00, 2.70388e-09
6504, 2016-06-28 00:00:00, 2.6968e-09
6505, 2016-06-28 01:00:00, 2.68975e-09
6506, 2016-06-28 02:00:00, 2.68271e-09
6507, 2016-06-28 03:00:00, 2.67568e-09
6508, 2016-06-28 04:00:00, 2.66868e-09
6509, 2016-06-28 05:00:00, 2.6617e-09
6510, 2016-06-28 06:00:00, 2.65473e-09
6511, 2016-06-28 07:00:00, 2.64778e-09
6512, 2016-06-28 08:00:00, 2.64085e-09
6513, 2016-06-28 09:00:00, 2.63394e-09
6514, 2016-06-28 10:00:00, 2.62704e-09
6515, 2016-06-28 11:00:00, 2.97086e-09
6516, 2016-06-28 12:00:00, 2.77272e-09
6517, 2016-06-28 13:00:00, 2.734e-09
6518, 2016-06-28 14:00:00, 2.59965e-09
6519, 2016-06-28 15:00:00, 1.01082e-05
6520, 2016-06-28 16:00:00, 0.00102741
6521, 2016-06-28 17:00:00, 0.000468594
6522, 2016-06-28 18:00:00, 0.000371936
6523, 2016-06-28 19:00:00, 2.5658e-09
6524, 2016-06-28 20:00:00, 2.55909e-09
6525, 2016-06-28 21:00:00, 2.55239e-09
6526, 2016-06-28 22:00:00, 2.54571e-09
6527, 2016-06-28 23:00:00, 2.53905e-09
6528, 2016-06-29 00:00:00, 2.5324e-09
6529, 2016-06-29 01:00:00, 2.52577e-09
6530, 2016-06-29 02:00:00, 2.51916e-09
6531, 2016-06-29 03:00:00, 1.22165e-08
6532, 2016-06-29 04:00:00, 3.79512e-08
6533, 2016-06-29 05:00:00, 0.00053738
6534, 2016-06-29 06:00:00, 0.000453753
6535, 2016-06-29 07:00:00, 0.000290659
6536, 2016-06-29 08:00:00, 7.62346e-05
6537, 2016-06-29 09:00:00, 7.34519e-08
6538, 2016-06-29 10:00:00, 3.63597e-05
6539, 2016-06-29 11:00:00, 0.0026727
6540, 2016-06-29 12:00:00, 0.00122058
6541, 2016-06-29 13:00:00, 0.000965895
6542, 2016-06-29 14:00:00, 9.45656e-09
6543, 2016-06-29 15:00:00, 4.2789e-09
6544, 2016-06-29 16:00:00, 2.4284e-09
6545, 2016-06-29 17:00:00, 2.42205e-09
6546, 2016-06-29 18:00:00, 2.41571e-09
6547, 2016-06-29 19:00:00, 2.40939e-09
6548, 2016-06-29 20:00:00, 2.40308e-09
6549, 2016-06-29 21:00:00, 2.39679e-09
6550, 2016-06-29 22:00:00, 2.39052e-09
6551, 2016-06-29 23:00:00, 2.38426e-09
6552, 2016-06-30 00:00:00, 2.37802e-09
6553, 2016-06-30 01:00:00, 2.37179e-09
6554, 2016-06-30 02:00:00, 2.36559e-09
6555, 2016-06-30 03:00:00, 2.35939e-09
6556, 2016-06-30 04:00:00, 2.35322e-09
6557, 2016-06-30 05:00:00, 2.34706e-09
6558, 2016-06-30 06:00:00, 2.34092e-09
6559, 2016-06-30 07:00:00, 2.33479e-09
6560, 2016-06-30 08:00:00, 2.32868e-09
6561, 2016-06-30 09:00:00, 2.32258e-09
6562, 2016-06-30 10:00:00, 2.3165e-09
6563, 2016-06-30 11:00:00, 2.31044e-09
6564, 2016-06-30 12:00:00, 2.30439e-09
6565, 2016-06-30 13:00:00, 2.29836e-09
6566, 2016-06-30 14:00:00, 2.29235e-09
6567, 2016-06-30 15:00:00, 2.28635e-09
6568, 2016-06-30 16:00:00, 2.28036e-09
6569, 2016-06-30 17:00:00, 2.27439e-09
6570, 2016-06-30 18:00:00, 2.26844e-09
6571, 2016-06-30 19:00:00, 2.2625e-09
6572, 2016-06-30 20:00:00, 2.25658e-09
6573, 2016-06-30 21:00:00, 2.25067e-09
6574, 2016-06-30 22:00:00, 2.24478e-09
6575, 2016-06-30 23:00:00, 2.23891e-09
6576, 2016-07-01 00:00:00, 2.23305e-09
6577, 2016-07-01 01:00:00, 2.2272e-09
6578, 2016-07-01 02:00:00, 2.22137e-09
6579, 2016-07-01 03:00:00, 2.21556e-09
6580, 2016-07-01 04:00:00, 2.20976e-09
6581, 2016-07-01 05:00:00, 2.20398e-09
6582, 2016-07-01 06:00:00, 2.19821e-09
6583, 2016-07-01 07:00:00, 2.19245e-09
6584, 2016-07-01 08:00:00, 2.18672e-09
6585, 2016-07-01 09:00:00, 2.18099e-09
6586, 2016-07-01 10:00:00, 2.17528e-09
6587, 2016-07-01 11:00:00, 2.16959e-09
6588, 2016-07-01 12:00:00, 2.16391e-09
6589, 2016-07-01 13:00:00, 2.15825e-09
6590, 2016-07-01 14:00:00, 2.1526e-09
6591, 2016-07-01 15:00:00, 2.14696e-09
6592, 2016-07-01 16:00:00, 2.14135e-09
6593, 2016-07-01 17:00:00, 2.13574e-09
6594, 2016-07-01 18:00:00, 2.13015e-09
6595, 2016-07-01 19:00:00, 2.12457e-09
6596, 2016-07-01 20:00:00, 2.11901e-09
6597, 2016-07-01 21:00:00, 2.11347e-09
6598, 2016-07-01 22:00:00, 2.10794e-09
6599, 2016-07-01 23:00:00, 2.10242e-09
6600, 2016-07-02 00:00:00, 0.220237
6601, 2016-07-02 01:00:00, 1.50295
6602, 2016-07-02 02:00:00, 0.717742
6603, 2016-07-02 03:00:00, 0.510125
6604, 2016-07-02 04:00:00, 2.07505e-09
6605, 2016-07-02 05:00:00, 2.06962e-09
6606, 2016-07-02 06:00:00, 2.0642e-09
6607, 2016-07-02 07:00:00, 2.0588e-09
6608, 2016-07-02 08:00:00, 2.05341e-09
6609, 2016-07-02 09:00:00, 2.04803e-09
6610, 2016-07-02 10:00:00, 2.04267e-09
6611, 2016-07-02 11:00:00, 2.03733e-09
6612, 2016-07-02 12:00:00, 2.03199e-09
6613, 2016-07-02 13:00:00, 2.02668e-09
6614, 2016-07-02 14:00:00, 2.02137e-09
6615, 2016-07-02 15:00:00, 2.01608e-09
6616, 2016-07-02 16:00:00, 2.0108e-09
6617, 2016-07-02 17:00:00, 2.00554e-09
6618, 2016-07-02 18:00:00, 2.00029e-09
6619, 2016-07-02 19:00:00, 1.99506e-09
6620, 2016-07-02 20:00:00, 1.98983e-09
6621, 2016-07-02 21:00:00, 1.98463e-09
6622, 2016-07-02 22:00:00, 1.97943e-09
6623, 2016-07-02 23:00:00, 1.97425e-09
6624, 2016-07-03 00:00:00, 1.96908e-09
6625, 2016-07-03 01:00:00, 1.96393e-09
6626, 2016-07-03 02:00:00, 1.95879e-09
6627, 2016-07-03 03:00:00, 1.95366e-09
6628, 2016-07-03 04:00:00, 1.94855e-09
6629, 2016-07-03 05:00:00, 1.94345e-09
6630, 2016-07-03 06:00:00, 1.93836e-09
6631, 2016-07-03 07:00:00, 1.93329e-09
6632, 2016-07-03 08:00:00, 1.92823e-09
6633, 2016-07-03 09:00:00, 1.92318e-09
6634, 2016-07-03 10:00:00, 1.91815e-09
6635, 2016-07-03 11:00:00, 1.91313e-09
6636, 2016-07-03 12:00:00, 1.90812e-09
6637, 2016-07-03 13:00:00, 1.90312e-09
6638, 2016-07-03 14:00:00, 1.89814e-09
6639, 2016-07-03 15:00:00, 1.89317e-09
6640, 2016-07-03 16:00:00, 1.88822e-09
6641, 2016-07-03 17:00:00, 1.88328e-09
6642, 2016-07-03 18:00:00, 1.87835e-09
6643, 2016-07-03 19:00:00, 1.87343e-09
6644, 2016-07-03 20:00:00, 1.86853e-09
6645, 2016-07-03 21:00:00, 1.86364e-09
6646, 2016-07-03 22:00:00, 1.85876e-09
6647, 2016-07-03 23:00:00, 1.85389e-09
6648, 2016-07-04 00:00:00, 1.84904e-09
6649, 2016-07-04 01:00:00, 1.8442e-09
6650, 2016-07-04 02:00:00, 1.83937e-09
6651, 2016-07-04 03:00:00, 1.83456e-09
6652, 2016-07-04 04:00:00, 1.82976e-09
6653, 2016-07-04 05:00:00, 1.82497e-09
6654, 2016-07-04 06:00:00, 1.82019e-09
6655, 2016-07-04 07:00:00, 1.81543e-09
6656, 2016-07-04 08:00:00, 1.81068e-09
6657, 2016-07-04 09:00:00, 1.80594e-09
6658, 2016-07-04 10:00:00, 1.80121e-09
6659, 2016-07-04 11:00:00, 1.7965e-09
6660, 2016-07-04 12:00:00, 1.79179e-09
6661, 2016-07-04 13:00:00, 1.7871e-09
6662, 2016-07-04 14:00:00, 1.78243e-09
6663, 2016-07-04 15:00:00, 1.77776e-09
6664, 2016-07-04 16:00:00, 1.77311e-09
6665, 2016-07-04 17:00:00, 1.76847e-09
6666, 2016-07-04 18:00:00, 1.76384e-09
6667, 2016-07-04 19:00:00, 1.75922e-09
6668, 2016-07-04 20:00:00, 1.75462e-09
6669, 2016-07-04 21:00:00, 1.75002e-09
6670, 2016-07-04 22:00:00, 1.74544e-09
6671, 2016-07-04 23:00:00, 1.74088e-09
6672, 2016-07-05 00:00:00, 1.73632e-09
6673, 2016-07-05 01:00:00, 1.73177e-09
6674, 2016-07-05 02:00:00, 1.72724e-09
6675, 2016-07-05 03:00:00, 1.72272e-09
6676, 2016-07-05 04:00:00, 1.71821e-09
6677, 2016-07-05 05:00:00, 1.71371e-09
6678, 2016-07-05 06:00:00, 5.36546e-06
6679, 2016-07-05 07:00:00, 0.0302987
6680, 2016-07-05 08:00:00, 0.101183
6681, 2016-07-05 09:00:00, 0.0557749
6682, 2016-07-05 10:00:00, 0.0359937
6683, 2016-07-05 11:00:00, 0.00320497
6684, 2016-07-05 12:00:00, 0.000928052
6685, 2016-07-05 13:00:00, 0.000182854
6686, 2016-07-05 14:00:00, 2.26325e-09
6687, 2016-07-05 15:00:00, 1.66938e-09
6688, 2016-07-05 16:00:00, 1.66502e-09
6689, 2016-07-05 17:00:00, 1.66066e-09
6690, 2016-07-05 18:00:00, 1.65631e-09
6691, 2016-07-05 19:00:00, 1.65198e-09
6692, 2016-07-05 20:00:00, 1.64765e-09
6693, 2016-07-05 21:00:00, 1.64334e-09
6694, 2016-07-05 22:00:00, 1.63904e-09
6695, 2016-07-05 23:00:00, 1.63475e-09
6696, 2016-07-06 00:00:00, 1.98335e-09
6697, 2016-07-06 01:00:00, 1.7866e-09
6698, 2016-07-06 02:00:00, 1.75027e-09
6699, 2016-07-06 03:00:00, 1.6177e-09
6700, 2016-07-06 04:00:00, 1.61347e-09
6701, 2016-07-06 05:00:00, 1.60924e-09
6702, 2016-07-06 06:00:00, 1.60503e-09
6703, 2016-07-06 07:00:00, 1.60083e-09
6704, 2016-07-06 08:00:00, 1.59664e-09
6705, 2016-07-06 09:00:00, 1.59246e-09
6706, 2016-07-06 10:00:00, 1.58829e-09
6707, 2016-07-06 11:00:00, 1.58413e-09
6708, 2016-07-06 12:00:00, 1.57999e-09
6709, 2016-07-06 13:00:00, 1.57585e-09
6710, 2016-07-06 14:00:00, 1.57173e-09
6711, 2016-07-06 15:00:00, 1.56761e-09
6712, 2016-07-06 16:00:00, 1.56351e-09
6713, 2016-07-06 17:00:00, 1.55942e-09
6714, 2016-07-06 18:00:00, 1.55534e-09
6715, 2016-07-06 19:00:00, 1.55127e-09
6716, 2016-07-06 20:00:00, 1.54721e-09
6717, 2016-07-06 21:00:00, 1.54316e-09
6718, 2016-07-06 22:00:00, 1.53912e-09
6719, 2016-07-06 23:00:00, 1.53509e-09
6720, 2016-07-07 00:00:00, 1.53107e-09
6721, 2016-07-07 01:00:00, 1.52706e-09
6722, 2016-07-07 02:00:00, 1.52307e-09
6723, 2016-07-07 03:00:00, 1.51908e-09
6724, 2016-07-07 04:00:00, 1.5151e-09
6725, 2016-07-07 05:00:00, 1.51114e-09
6726, 2016-07-07 06:00:00, 1.50718e-09
6727, 2016-07-07 07:00:00, 1.5869e-09
6728, 2016-07-07 08:00:00, 5.28874e-09
6729, 2016-07-07 09:00:00, 1.38491e-08
6730, 2016-07-07 10:00:00, 1.77561e-08
6731, 2016-07-07 11:00:00, 1.89038e-08
6732, 2016-07-07 12:00:00, 9.22695e-09
6733, 2016-07-07 13:00:00, 4.74377e-09
6734, 2016-07-07 14:00:00, 1.47591e-09
6735, 2016-07-07 15:00:00, 1.47205e-09
6736, 2016-07-07 16:00:00, 1.4682e-09
6737, 2016-07-07 17:00:00, 1.46435e-09
6738, 2016-07-07 18:00:00, 1.46052e-09
6739, 2016-07-07 19:00:00, 0.00114944
6740, 2016-07-07 20:00:00, 0.00133187
6741, 2016-07-07 21:00:00, 0.000800527
6742, 2016-07-07 22:00:00, 0.00030098
6743, 2016-07-07 23:00:00, 5.37972e-06
6744, 2016-07-08 00:00:00, 2.61976e-08
6745, 2016-07-08 01:00:00, 2.11802e-08
6746, 2016-07-08 02:00:00, 2.46517e-09
6747, 2016-07-08 03:00:00, 4.04656e-09
6748, 2016-07-08 04:00:00, 1.96242e-08
6749, 2016-07-08 05:00:00, 9.87425e-09
6750, 2016-07-08 06:00:00, 7.54556e-09
6751, 2016-07-08 07:00:00, 1.4116e-09
6752, 2016-07-08 08:00:00, 1.4079e-09
6753, 2016-07-08 09:00:00, 1.59213e-09
6754, 2016-07-08 10:00:00, 1.48596e-09
6755, 2016-07-08 11:00:00, 1.46521e-09
6756, 2016-07-08 12:00:00, 1.39322e-09
6757, 2016-07-08 13:00:00, 1.38957e-09
6758, 2016-07-08 14:00:00, 1.38594e-09
6759, 2016-07-08 15:00:00, 1.38231e-09
6760, 2016-07-08 16:00:00, 1.37869e-09
6761, 2016-07-08 17:00:00, 1.37508e-09
6762, 2016-07-08 18:00:00, 1.37148e-09
6763, 2016-07-08 19:00:00, 1.36789e-09
6764, 2016-07-08 20:00:00, 1.36431e-09
6765, 2016-07-08 21:00:00, 1.36074e-09
6766, 2016-07-08 22:00:00, 1.35718e-09
6767, 2016-07-08 23:00:00, 1.35363e-09
6768, 2016-07-09 00:00:00, 1.35008e-09
6769, 2016-07-09 01:00:00, 1.34655e-09
6770, 2016-07-09 02:00:00, 1.34303e-09
6771, 2016-07-09 03:00:00, 1.33951e-09
6772, 2016-07-09 04:00:00, 1.33601e-09
6773, 2016-07-09 05:00:00, 1.33251e-09
6774, 2016-07-09 06:00:00, 1.32902e-09
6775, 2016-07-09 07:00:00, 1.32554e-09
6776, 2016-07-09 08:00:00, 1.32207e-09
6777, 2016-07-09 09:00:00, 1.31861e-09
6778, 2016-07-09 10:00:00, 1.31516e-09
6779, 2016-07-09 11:00:00, 1.31172e-09
6780, 2016-07-09 12:00:00, 1.30829e-09
6781, 2016-07-09 13:00:00, 1.30486e-09
6782, 2016-07-09 14:00:00, 1.30145e-09
6783, 2016-07-09 15:00:00, 1.29804e-09
6784, 2016-07-09 16:00:00, 1.29464e-09
6785, 2016-07-09 17:00:00, 1.29125e-09
6786, 2016-07-09 18:00:00, 1.28787e-09
6787, 2016-07-09 19:00:00, 1.2845e-09
6788, 2016-07-09 20:00:00, 1.28114e-09
6789, 2016-07-09 21:00:00, 1.27779e-09
6790, 2016-07-09 22:00:00, 1.27444e-09
6791, 2016-07-09 23:00:00, 1.27111e-09
6792, 2016-07-10 00:00:00, 1.26778e-09
6793, 2016-07-10 01:00:00, 1.26446e-09
6794, 2016-07-10 02:00:00, 1.26115e-09
6795, 2016-07-10 03:00:00, 1.25785e-09
6796, 2016-07-10 04:00:00, 1.25456e-09
6797, 2016-07-10 05:00:00, 1.25128e-09
6798, 2016-07-10 06:00:00, 1.248e-09
6799, 2016-07-10 07:00:00, 1.24473e-09
6800, 2016-07-10 08:00:00, 1.24148e-09
6801, 2016-07-10 09:00:00, 1.23823e-09
6802, 2016-07-10 10:00:00, 1.23499e-09
6803, 2016-07-10 11:00:00, 1.23175e-09
6804, 2016-07-10 12:00:00, 1.22853e-09
6805, 2016-07-10 13:00:00, 1.22531e-09
6806, 2016-07-10 14:00:00, 1.22211e-09
6807, 2016-07-10 15:00:00, 1.21891e-09
6808, 2016-07-10 16:00:00, 1.21572e-09
6809, 2016-07-10 17:00:00, 1.21254e-09
6810, 2016-07-10 18:00:00, 1.20936e-09
6811, 2016-07-10 19:00:00, 1.2062e-09
6812, 2016-07-10 20:00:00, 1.20304e-09
6813, 2016-07-10 21:00:00, 8.25515e-05
6814, 2016-07-10 22:00:00, 0.00135875
6815, 2016-07-10 23:00:00, 0.0512043
6816, 2016-07-11 00:00:00, 0.0235783
6817, 2016-07-11 01:00:00, 0.0194301
6818, 2016-07-11 02:00:00, 0.000489826
6819, 2016-07-11 03:00:00, 0.000359925
6820, 2016-07-11 04:00:00, 1.17808e-09
6821, 2016-07-11 05:00:00, 1.17499e-09
6822, 2016-07-11 06:00:00, 1.17192e-09
6823, 2016-07-11 07:00:00, 1.16885e-09
6824, 2016-07-11 08:00:00, 1.16579e-09
6825, 2016-07-11 09:00:00, 1.16274e-09
6826, 2016-07-11 10:00:00, 1.1597e-09
6827, 2016-07-11 11:00:00, 1.15666e-09
6828, 2016-07-11 12:00:00, 1.15363e-09
6829, 2016-07-11 13:00:00, 1.15062e-09
6830, 2016-07-11 14:00:00, 1.1476e-09
6831, 2016-07-11 15:00:00, 1.1446e-09
6832, 2016-07-11 16:00:00, 1.1416e-09
6833, 2016-07-11 17:00:00, 1.13862e-09
6834, 2016-07-11 18:00:00, 1.13564e-09
6835, 2016-07-11 19:00:00, 1.13266e-09
6836, 2016-07-11 20:00:00, 1.1297e-09
6837, 2016-07-11 21:00:00, 1.12674e-09
6838, 2016-07-11 22:00:00, 1.12379e-09
6839, 2016-07-11 23:00:00, 1.12085e-09
6840, 2016-07-12 00:00:00, 1.47297e-09
6841, 2016-07-12 01:00:00, 1.78077e-09
6842, 2016-07-12 02:00:00, 1.47045e-09
6843, 2016-07-12 03:00:00, 1.29258e-09
6844, 2016-07-12 04:00:00, 1.10626e-09
6845, 2016-07-12 05:00:00, 1.10336e-09
6846, 2016-07-12 06:00:00, 1.10048e-09
6847, 2016-07-12 07:00:00, 1.0976e-09
6848, 2016-07-12 08:00:00, 1.09472e-09
6849, 2016-07-12 09:00:00, 1.09186e-09
6850, 2016-07-12 10:00:00, 1.089e-09
6851, 2016-07-12 11:00:00, 1.08615e-09
6852, 2016-07-12 12:00:00, 1.08331e-09
6853, 2016-07-12 13:00:00, 1.08047e-09
6854, 2016-07-12 14:00:00, 1.07764e-09
6855, 2016-07-12 15:00:00, 1.07482e-09
6856, 2016-07-12 16:00:00, 1.07201e-09
6857, 2016-07-12 17:00:00, 1.0692e-09
6858, 2016-07-12 18:00:00, 1.0664e-09
6859, 2016-07-12 19:00:00, 1.06361e-09
6860, 2016-07-12 20:00:00, 1.06083e-09
6861, 2016-07-12 21:00:00, 1.05805e-09
6862, 2016-07-12 22:00:00, 1.05528e-09
6863, 2016-07-12 23:00:00, 1.05252e-09
6864, 2016-07-13 00:00:00, 1.04977e-09
6865, 2016-07-13 01:00:00, 1.04702e-09
6866, 2016-07-13 02:00:00, 1.04428e-09
6867, 2016-07-13 03:00:00, 1.04154e-09
6868, 2016-07-13 04:00:00, 1.03882e-09
6869, 2016-07-13 05:00:00, 1.0361e-09
6870, 2016-07-13 06:00:00, 1.03339e-09
6871, 2016-07-13 07:00:00, 1.03068e-09
6872, 2016-07-13 08:00:00, 1.02799e-09
6873, 2016-07-13 09:00:00, 1.02529e-09
6874, 2016-07-13 10:00:00, 1.02261e-09
6875, 2016-07-13 11:00:00, 3.00805e-09
6876, 2016-07-13 12:00:00, 1.92096e-09
6877, 2016-07-13 13:00:00, 1.73756e-09
6878, 2016-07-13 14:00:00, 1.01195e-09
6879, 2016-07-13 15:00:00, 1.0093e-09
6880, 2016-07-13 16:00:00, 1.00666e-09
6881, 2016-07-13 17:00:00, 1.00402e-09
6882, 2016-07-13 18:00:00, 1.00139e-09
6883, 2016-07-13 19:00:00, 9.98772e-10
6884, 2016-07-13 20:00:00, 9.96158e-10
6885, 2016-07-13 21:00:00, 9.93551e-10
6886, 2016-07-13 22:00:00, 9.9095e-10
6887, 2016-07-13 23:00:00, 9.88357e-10
6888, 2016-07-14 00:00:00, 9.8577e-10
6889, 2016-07-14 01:00:00, 9.8319e-10
6890, 2016-07-14 02:00:00, 9.80616e-10
6891, 2016-07-14 03:00:00, 9.78049e-10
6892, 2016-07-14 04:00:00, 9.7549e-10
6893, 2016-07-14 05:00:00, 9.72936e-10
6894, 2016-07-14 06:00:00, 9.7039e-10
6895, 2016-07-14 07:00:00, 9.6785e-10
6896, 2016-07-14 08:00:00, 9.65317e-10
6897, 2016-07-14 09:00:00, 9.6279e-10
6898, 2016-07-14 10:00:00, 1.02363e-09
6899, 2016-07-14 11:00:00, 0.00208589
6900, 2016-07-14 12:00:00, 0.00112535
6901, 2016-07-14 13:00:00, 0.000839104
6902, 2016-07-14 14:00:00, 6.4464e-05
6903, 2016-07-14 15:00:00, 1.63335e-08
6904, 2016-07-14 16:00:00, 9.45288e-10
6905, 2016-07-14 17:00:00, 9.42814e-10
6906, 2016-07-14 18:00:00, 9.40346e-10
6907, 2016-07-14 19:00:00, 9.37885e-10
6908, 2016-07-14 20:00:00, 9.3543e-10
6909, 2016-07-14 21:00:00, 9.32981e-10
6910, 2016-07-14 22:00:00, 9.30539e-10
6911, 2016-07-14 23:00:00, 9.28104e-10
6912, 2016-07-15 00:00:00, 7.61735e-05
6913, 2016-07-15 01:00:00, 3.46248e-05
6914, 2016-07-15 02:00:00, 2.77001e-05
6915, 2016-07-15 03:00:00, 9.18425e-10
6916, 2016-07-15 04:00:00, 9.16021e-10
6917, 2016-07-15 05:00:00, 9.13624e-10
6918, 2016-07-15 06:00:00, 1.09308e-09
6919, 2016-07-15 07:00:00, 1.91549e-08
6920, 2016-07-15 08:00:00, 9.22866e-09
6921, 2016-07-15 09:00:00, 7.51023e-09
6922, 2016-07-15 10:00:00, 2.35393e-09
6923, 2016-07-15 11:00:00, 1.01405e-08
6924, 2016-07-15 12:00:00, 5.32524e-09
6925, 2016-07-15 13:00:00, 4.01496e-09
6926, 2016-07-15 14:00:00, 8.92326e-10
6927, 2016-07-15 15:00:00, 8.8999e-10
6928, 2016-07-15 16:00:00, 8.87661e-10
6929, 2016-07-15 17:00:00, 8.85337e-10
6930, 2016-07-15 18:00:00, 8.8302e-10
6931, 2016-07-15 19:00:00, 8.80709e-10
6932, 2016-07-15 20:00:00, 8.78403e-10
6933, 2016-07-15 21:00:00, 8.76104e-10
6934, 2016-07-15 22:00:00, 8.73811e-10
6935, 2016-07-15 23:00:00, 8.71524e-10
6936, 2016-07-16 00:00:00, 8.69243e-10
6937, 2016-07-16 01:00:00, 8.66968e-10
6938, 2016-07-16 02:00:00, 8.64699e-10
6939, 2016-07-16 03:00:00, 8.62435e-10
6940, 2016-07-16 04:00:00, 8.60178e-10
6941, 2016-07-16 05:00:00, 8.57927e-10
6942, 2016-07-16 06:00:00, 8.55681e-10
6943, 2016-07-16 07:00:00, 8.53441e-10
6944, 2016-07-16 08:00:00, 8.51208e-10
6945, 2016-07-16 09:00:00, 8.4898e-10
6946, 2016-07-16 10:00:00, 8.46758e-10
6947, 2016-07-16 11:00:00, 8.44541e-10
6948, 2016-07-16 12:00:00, 8.42331e-10
6949, 2016-07-16 13:00:00, 8.40126e-10
6950, 2016-07-16 14:00:00, 8.37927e-10
6951, 2016-07-16 15:00:00, 8.35734e-10
6952, 2016-07-16 16:00:00, 8.33546e-10
6953, 2016-07-16 17:00:00, 8.31365e-10
6954, 2016-07-16 18:00:00, 8.29189e-10
6955, 2016-07-16 19:00:00, 8.27018e-10
6956, 2016-07-16 20:00:00, 8.24854e-10
6957, 2016-07-16 21:00:00, 8.22695e-10
6958, 2016-07-16 22:00:00, 8.20541e-10
6959, 2016-07-16 23:00:00, 8.18394e-10
6960, 2016-07-17 00:00:00, 8.16252e-10
6961, 2016-07-17 01:00:00, 8.14115e-10
6962, 2016-07-17 02:00:00, 8.11984e-10
6963, 2016-07-17 03:00:00, 8.09859e-10
6964, 2016-07-17 04:00:00, 8.07739e-10
6965, 2016-07-17 05:00:00, 8.05625e-10
6966, 2016-07-17 06:00:00, 8.03517e-10
6967, 2016-07-17 07:00:00, 8.01413e-10
6968, 2016-07-17 08:00:00, 7.99316e-10
6969, 2016-07-17 09:00:00, 1.63683e-09
6970, 2016-07-17 10:00:00, 1.85628e-08
6971, 2016-07-17 11:00:00, 9.75745e-09
6972, 2016-07-17 12:00:00, 7.45696e-09
6973, 2016-07-17 13:00:00, 1.06395e-09
6974, 2016-07-17 14:00:00, 7.86845e-10
6975, 2016-07-17 15:00:00, 7.84785e-10
6976, 2016-07-17 16:00:00, 7.82731e-10
6977, 2016-07-17 17:00:00, 7.80683e-10
6978, 2016-07-17 18:00:00, 7.78639e-10
6979, 2016-07-17 19:00:00, 7.76601e-10
6980, 2016-07-17 20:00:00, 7.74568e-10
6981, 2016-07-17 21:00:00, 7.72541e-10
6982, 2016-07-17 22:00:00, 7.70519e-10
6983, 2016-07-17 23:00:00, 7.68502e-10
6984, 2016-07-18 00:00:00, 7.66491e-10
6985, 2016-07-18 01:00:00, 7.64485e-10
6986, 2016-07-18 02:00:00, 7.62484e-10
6987, 2016-07-18 03:00:00, 7.60488e-10
6988, 2016-07-18 04:00:00, 7.58497e-10
6989, 2016-07-18 05:00:00, 7.56512e-10
6990, 2016-07-18 06:00:00, 7.54532e-10
6991, 2016-07-18 07:00:00, 7.52557e-10
6992, 2016-07-18 08:00:00, 7.50587e-10
6993, 2016-07-18 09:00:00, 7.48623e-10
6994, 2016-07-18 10:00:00, 7.46663e-10
6995, 2016-07-18 11:00:00, 7.44709e-10
6996, 2016-07-18 12:00:00, 7.4276e-10
6997, 2016-07-18 13:00:00, 7.40816e-10
6998, 2016-07-18 14:00:00, 7.38877e-10
6999, 2016-07-18 15:00:00, 7.36943e-10
7000, 2016-07-18 16:00:00, 7.35014e-10
7001, 2016-07-18 17:00:00, 7.3309e-10
7002, 2016-07-18 18:00:00, 7.31171e-10
7003, 2016-07-18 19:00:00, 7.29258e-10
7004, 2016-07-18 20:00:00, 7.27349e-10
7005, 2016-07-18 21:00:00, 0.000399486
7006, 2016-07-18 22:00:00, 0.000181585
7007, 2016-07-18 23:00:00, 0.000145268
7008, 2016-07-19 00:00:00, 7.19764e-10
7009, 2016-07-19 01:00:00, 7.1788e-10
7010, 2016-07-19 02:00:00, 7.16001e-10
7011, 2016-07-19 03:00:00, 7.14127e-10
7012, 2016-07-19 04:00:00, 7.12257e-10
7013, 2016-07-19 05:00:00, 7.10393e-10
7014, 2016-07-19 06:00:00, 7.08534e-10
7015, 2016-07-19 07:00:00, 7.06679e-10
7016, 2016-07-19 08:00:00, 7.0483e-10
7017, 2016-07-19 09:00:00, 7.02985e-10
7018, 2016-07-19 10:00:00, 7.01145e-10
7019, 2016-07-19 11:00:00, 6.9931e-10
7020, 2016-07-19 12:00:00, 6.97479e-10
7021, 2016-07-19 13:00:00, 6.95654e-10
7022, 2016-07-19 14:00:00, 6.93833e-10
7023, 2016-07-19 15:00:00, 6.92017e-10
7024, 2016-07-19 16:00:00, 6.90206e-10
7025, 2016-07-19 17:00:00, 6.88399e-10
7026, 2016-07-19 18:00:00, 6.86597e-10
7027, 2016-07-19 19:00:00, 6.848e-10
7028, 2016-07-19 20:00:00, 6.83008e-10
7029, 2016-07-19 21:00:00, 6.8122e-10
7030, 2016-07-19 22:00:00, 6.79437e-10
7031, 2016-07-19 23:00:00, 6.77659e-10
7032, 2016-07-20 00:00:00, 6.75885e-10
7033, 2016-07-20 01:00:00, 6.74116e-10
7034, 2016-07-20 02:00:00, 6.72351e-10
7035, 2016-07-20 03:00:00, 6.70592e-10
7036, 2016-07-20 04:00:00, 6.68836e-10
7037, 2016-07-20 05:00:00, 6.67086e-10
7038, 2016-07-20 06:00:00, 6.6534e-10
7039, 2016-07-20 07:00:00, 6.63598e-10
7040, 2016-07-20 08:00:00, 6.61861e-10
7041, 2016-07-20 09:00:00, 6.60129e-10
7042, 2016-07-20 10:00:00, 6.58401e-10
7043, 2016-07-20 11:00:00, 6.56678e-10
7044, 2016-07-20 12:00:00, 6.54959e-10
7045, 2016-07-20 13:00:00, 6.53245e-10
7046, 2016-07-20 14:00:00, 6.51535e-10
7047, 2016-07-20 15:00:00, 6.4983e-10
7048, 2016-07-20 16:00:00, 6.48129e-10
7049, 2016-07-20 17:00:00, 6.46432e-10
7050, 2016-07-20 18:00:00, 6.4474e-10
7051, 2016-07-20 19:00:00, 6.43053e-10
7052, 2016-07-20 20:00:00, 6.4137e-10
7053, 2016-07-20 21:00:00, 6.39691e-10
7054, 2016-07-20 22:00:00, 6.38017e-10
7055, 2016-07-20 23:00:00, 6.36347e-10
7056, 2016-07-21 00:00:00, 6.34681e-10
7057, 2016-07-21 01:00:00, 6.3302e-10
7058, 2016-07-21 02:00:00, 6.31363e-10
7059, 2016-07-21 03:00:00, 6.29711e-10
7060, 2016-07-21 04:00:00, 6.28062e-10
7061, 2016-07-21 05:00:00, 6.26418e-10
7062, 2016-07-21 06:00:00, 6.24779e-10
7063, 2016-07-21 07:00:00, 6.23144e-10
7064, 2016-07-21 08:00:00, 6.21513e-10
7065, 2016-07-21 09:00:00, 6.19886e-10
7066, 2016-07-21 10:00:00, 6.18263e-10
7067, 2016-07-21 11:00:00, 6.16645e-10
7068, 2016-07-21 12:00:00, 6.15031e-10
7069, 2016-07-21 13:00:00, 6.13421e-10
7070, 2016-07-21 14:00:00, 6.11816e-10
7071, 2016-07-21 15:00:00, 6.10214e-10
7072, 2016-07-21 16:00:00, 6.08617e-10
7073, 2016-07-21 17:00:00, 6.07024e-10
7074, 2016-07-21 18:00:00, 6.05435e-10
7075, 2016-07-21 19:00:00, 6.03851e-10
7076, 2016-07-21 20:00:00, 6.0227e-10
7077, 2016-07-21 21:00:00, 6.00694e-10
7078, 2016-07-21 22:00:00, 5.99121e-10
7079, 2016-07-21 23:00:00, 5.97553e-10
7080, 2016-07-22 00:00:00, 5.95989e-10
7081, 2016-07-22 01:00:00, 5.94429e-10
7082, 2016-07-22 02:00:00, 5.92874e-10
7083, 2016-07-22 03:00:00, 5.91322e-10
7084, 2016-07-22 04:00:00, 5.89774e-10
7085, 2016-07-22 05:00:00, 5.8823e-10
7086, 2016-07-22 06:00:00, 5.86691e-10
7087, 2016-07-22 07:00:00, 5.85155e-10
7088, 2016-07-22 08:00:00, 5.83624e-10
7089, 2016-07-22 09:00:00, 5.82096e-10
7090, 2016-07-22 10:00:00, 5.80572e-10
7091, 2016-07-22 11:00:00, 5.79053e-10
7092, 2016-07-22 12:00:00, 5.77537e-10
7093, 2016-07-22 13:00:00, 5.76025e-10
7094, 2016-07-22 14:00:00, 5.74518e-10
7095, 2016-07-22 15:00:00, 5.73014e-10
7096, 2016-07-22 16:00:00, 5.71514e-10
7097, 2016-07-22 17:00:00, 5.70018e-10
7098, 2016-07-22 18:00:00, 5.68526e-10
7099, 2016-07-22 19:00:00, 5.67038e-10
7100, 2016-07-22 20:00:00, 5.65554e-10
7101, 2016-07-22 21:00:00, 5.64074e-10
7102, 2016-07-22 22:00:00, 5.62597e-10
7103, 2016-07-22 23:00:00, 5.61125e-10
7104, 2016-07-23 00:00:00, 0.0241397
7105, 2016-07-23 01:00:00, 0.0260953
7106, 2016-07-23 02:00:00, 0.149274
7107, 2016-07-23 03:00:00, 0.333412
7108, 2016-07-23 04:00:00, 0.170034
7109, 2016-07-23 05:00:00, 0.097155
7110, 2016-07-23 06:00:00, 2.89069e-07
7111, 2016-07-23 07:00:00, 5.49482e-10
7112, 2016-07-23 08:00:00, 5.48044e-10
7113, 2016-07-23 09:00:00, 5.4661e-10
7114, 2016-07-23 10:00:00, 5.45179e-10
7115, 2016-07-23 11:00:00, 5.43752e-10
7116, 2016-07-23 12:00:00, 5.42329e-10
7117, 2016-07-23 13:00:00, 5.40909e-10
7118, 2016-07-23 14:00:00, 5.39494e-10
7119, 2016-07-23 15:00:00, 5.38082e-10
7120, 2016-07-23 16:00:00, 5.36673e-10
7121, 2016-07-23 17:00:00, 5.35269e-10
7122, 2016-07-23 18:00:00, 5.33868e-10
7123, 2016-07-23 19:00:00, 5.3247e-10
7124, 2016-07-23 20:00:00, 5.31076e-10
7125, 2016-07-23 21:00:00, 5.29686e-10
7126, 2016-07-23 22:00:00, 5.283e-10
7127, 2016-07-23 23:00:00, 5.26917e-10
7128, 2016-07-24 00:00:00, 5.25538e-10
7129, 2016-07-24 01:00:00, 5.24163e-10
7130, 2016-07-24 02:00:00, 5.22791e-10
7131, 2016-07-24 03:00:00, 5.21422e-10
7132, 2016-07-24 04:00:00, 5.20058e-10
7133, 2016-07-24 05:00:00, 5.18696e-10
7134, 2016-07-24 06:00:00, 5.17339e-10
7135, 2016-07-24 07:00:00, 5.15985e-10
7136, 2016-07-24 08:00:00, 5.14634e-10
7137, 2016-07-24 09:00:00, 5.13287e-10
7138, 2016-07-24 10:00:00, 5.11944e-10
7139, 2016-07-24 11:00:00, 5.10604e-10
7140, 2016-07-24 12:00:00, 5.09267e-10
7141, 2016-07-24 13:00:00, 5.07934e-10
7142, 2016-07-24 14:00:00, 5.06605e-10
7143, 2016-07-24 15:00:00, 5.05279e-10
7144, 2016-07-24 16:00:00, 5.03956e-10
7145, 2016-07-24 17:00:00, 5.02637e-10
7146, 2016-07-24 18:00:00, 5.01322e-10
7147, 2016-07-24 19:00:00, 5.00009e-10
7148, 2016-07-24 20:00:00, 4.98701e-10
7149, 2016-07-24 21:00:00, 4.97395e-10
7150, 2016-07-24 22:00:00, 4.96093e-10
7151, 2016-07-24 23:00:00, 4.94795e-10
7152, 2016-07-25 00:00:00, 4.935e-10
7153, 2016-07-25 01:00:00, 4.92208e-10
7154, 2016-07-25 02:00:00, 4.9092e-10
7155, 2016-07-25 03:00:00, 4.89635e-10
7156, 2016-07-25 04:00:00, 4.88353e-10
7157, 2016-07-25 05:00:00, 4.87075e-10
7158, 2016-07-25 06:00:00, 4.858e-10
7159, 2016-07-25 07:00:00, 4.84529e-10
7160, 2016-07-25 08:00:00, 4.83261e-10
7161, 2016-07-25 09:00:00, 4.81996e-10
7162, 2016-07-25 10:00:00, 4.80734e-10
7163, 2016-07-25 11:00:00, 4.79476e-10
7164, 2016-07-25 12:00:00, 4.78221e-10
7165, 2016-07-25 13:00:00, 4.76969e-10
7166, 2016-07-25 14:00:00, 4.75721e-10
7167, 2016-07-25 15:00:00, 4.74476e-10
7168, 2016-07-25 16:00:00, 4.73234e-10
7169, 2016-07-25 17:00:00, 4.71995e-10
7170, 2016-07-25 18:00:00, 4.7076e-10
7171, 2016-07-25 19:00:00, 4.69527e-10
7172, 2016-07-25 20:00:00, 4.68299e-10
7173, 2016-07-25 21:00:00, 4.67073e-10
7174, 2016-07-25 22:00:00, 4.6585e-10
7175, 2016-07-25 23:00:00, 4.64631e-10
7176, 2016-07-26 00:00:00, 4.63415e-10
7177, 2016-07-26 01:00:00, 4.62202e-10
7178, 2016-07-26 02:00:00, 4.60992e-10
7179, 2016-07-26 03:00:00, 4.59786e-10
7180, 2016-07-26 04:00:00, 4.58582e-10
7181, 2016-07-26 05:00:00, 4.57382e-10
7182, 2016-07-26 06:00:00, 4.56185e-10
7183, 2016-07-26 07:00:00, 4.54991e-10
7184, 2016-07-26 08:00:00, 4.538e-10
7185, 2016-07-26 09:00:00, 4.52612e-10
7186, 2016-07-26 10:00:00, 4.51427e-10
7187, 2016-07-26 11:00:00, 4.50246e-10
7188, 2016-07-26 12:00:00, 4.49067e-10
7189, 2016-07-26 13:00:00, 4.47892e-10
7190, 2016-07-26 14:00:00, 4.4672e-10
7191, 2016-07-26 15:00:00, 4.4555e-10
7192, 2016-07-26 16:00:00, 4.44384e-10
7193, 2016-07-26 17:00:00, 4.43221e-10
7194, 2016-07-26 18:00:00, 4.42061e-10
7195, 2016-07-26 19:00:00, 4.40904e-10
7196, 2016-07-26 20:00:00, 4.3975e-10
7197, 2016-07-26 21:00:00, 4.38599e-10
7198, 2016-07-26 22:00:00, 4.37451e-10
7199, 2016-07-26 23:00:00, 4.36306e-10
7200, 2016-07-27 00:00:00, 4.35164e-10
7201, 2016-07-27 01:00:00, 4.34025e-10
7202, 2016-07-27 02:00:00, 4.32889e-10
7203, 2016-07-27 03:00:00, 4.31756e-10
7204, 2016-07-27 04:00:00, 4.30626e-10
7205, 2016-07-27 05:00:00, 4.29499e-10
7206, 2016-07-27 06:00:00, 4.28374e-10
7207, 2016-07-27 07:00:00, 4.27253e-10
7208, 2016-07-27 08:00:00, 4.26135e-10
7209, 2016-07-27 09:00:00, 4.2502e-10
7210, 2016-07-27 10:00:00, 4.23907e-10
7211, 2016-07-27 11:00:00, 4.22798e-10
7212, 2016-07-27 12:00:00, 4.21691e-10
7213, 2016-07-27 13:00:00, 4.20587e-10
7214, 2016-07-27 14:00:00, 4.19486e-10
7215, 2016-07-27 15:00:00, 4.18388e-10
7216, 2016-07-27 16:00:00, 4.17293e-10
7217, 2016-07-27 17:00:00, 4.16201e-10
7218, 2016-07-27 18:00:00, 4.15112e-10
7219, 2016-07-27 19:00:00, 4.14025e-10
7220, 2016-07-27 20:00:00, 4.12942e-10
7221, 2016-07-27 21:00:00, 4.11861e-10
7222, 2016-07-27 22:00:00, 4.10783e-10
7223, 2016-07-27 23:00:00, 4.09708e-10
7224, 2016-07-28 00:00:00, 4.08635e-10
7225, 2016-07-28 01:00:00, 4.07566e-10
7226, 2016-07-28 02:00:00, 4.06499e-10
7227, 2016-07-28 03:00:00, 4.05435e-10
7228, 2016-07-28 04:00:00, 4.04374e-10
7229, 2016-07-28 05:00:00, 4.03315e-10
7230, 2016-07-28 06:00:00, 4.0226e-10
7231, 2016-07-28 07:00:00, 4.01207e-10
7232, 2016-07-28 08:00:00, 4.00157e-10
7233, 2016-07-28 09:00:00, 3.99109e-10
7234, 2016-07-28 10:00:00, 3.98065e-10
7235, 2016-07-28 11:00:00, 3.97023e-10
7236, 2016-07-28 12:00:00, 3.95984e-10
7237, 2016-07-28 13:00:00, 3.94947e-10
7238, 2016-07-28 14:00:00, 3.93913e-10
7239, 2016-07-28 15:00:00, 3.92882e-10
7240, 2016-07-28 16:00:00, 3.91854e-10
7241, 2016-07-28 17:00:00, 3.90828e-10
7242, 2016-07-28 18:00:00, 3.89805e-10
7243, 2016-07-28 19:00:00, 3.88785e-10
7244, 2016-07-28 20:00:00, 3.87768e-10
7245, 2016-07-28 21:00:00, 3.86753e-10
7246, 2016-07-28 22:00:00, 3.8574e-10
7247, 2016-07-28 23:00:00, 3.84731e-10
7248, 2016-07-29 00:00:00, 3.83724e-10
7249, 2016-07-29 01:00:00, 3.82719e-10
7250, 2016-07-29 02:00:00, 3.81718e-10
7251, 2016-07-29 03:00:00, 3.80718e-10
7252, 2016-07-29 04:00:00, 3.79722e-10
7253, 2016-07-29 05:00:00, 3.78728e-10
7254, 2016-07-29 06:00:00, 3.77737e-10
7255, 2016-07-29 07:00:00, 2.99644e-05
7256, 2016-07-29 08:00:00, 8.91057e-05
7257, 2016-07-29 09:00:00, 0.0026447
7258, 2016-07-29 10:00:00, 0.00368008
7259, 2016-07-29 11:00:00, 0.00301861
7260, 2016-07-29 12:00:00, 0.00258114
7261, 2016-07-29 13:00:00, 0.00229391
7262, 2016-07-29 14:00:00, 0.00177171
7263, 2016-07-29 15:00:00, 0.000847461
7264, 2016-07-29 16:00:00, 0.000265422
7265, 2016-07-29 17:00:00, 1.17037e-05
7266, 2016-07-29 18:00:00, 3.66042e-10
7267, 2016-07-29 19:00:00, 3.65084e-10
7268, 2016-07-29 20:00:00, 3.64128e-10
7269, 2016-07-29 21:00:00, 3.63175e-10
7270, 2016-07-29 22:00:00, 3.62225e-10
7271, 2016-07-29 23:00:00, 3.61276e-10
7272, 2016-07-30 00:00:00, 3.60331e-10
7273, 2016-07-30 01:00:00, 0.00319976
7274, 2016-07-30 02:00:00, 0.00145444
7275, 2016-07-30 03:00:00, 0.00116355
7276, 2016-07-30 04:00:00, 3.56573e-10
7277, 2016-07-30 05:00:00, 3.5564e-10
7278, 2016-07-30 06:00:00, 3.54709e-10
7279, 2016-07-30 07:00:00, 3.53781e-10
7280, 2016-07-30 08:00:00, 3.52855e-10
7281, 2016-07-30 09:00:00, 3.51931e-10
7282, 2016-07-30 10:00:00, 3.5101e-10
7283, 2016-07-30 11:00:00, 3.50091e-10
7284, 2016-07-30 12:00:00, 3.49175e-10
7285, 2016-07-30 13:00:00, 3.48261e-10
7286, 2016-07-30 14:00:00, 3.47349e-10
7287, 2016-07-30 15:00:00, 3.4644e-10
7288, 2016-07-30 16:00:00, 3.45533e-10
7289, 2016-07-30 17:00:00, 3.44629e-10
7290, 2016-07-30 18:00:00, 3.43727e-10
7291, 2016-07-30 19:00:00, 3.42827e-10
7292, 2016-07-30 20:00:00, 3.4193e-10
7293, 2016-07-30 21:00:00, 3.41035e-10
7294, 2016-07-30 22:00:00, 3.40142e-10
7295, 2016-07-30 23:00:00, 3.39252e-10
7296, 2016-07-31 00:00:00, 3.38364e-10
7297, 2016-07-31 01:00:00, 0.00048124
7298, 2016-07-31 02:00:00, 0.000219466
7299, 2016-07-31 03:00:00, 0.00177393
7300, 2016-07-31 04:00:00, 0.0007269
7301, 2016-07-31 05:00:00, 0.000589637
7302, 2016-07-31 06:00:00, 3.78499e-06
7303, 2016-07-31 07:00:00, 3.02806e-06
7304, 2016-07-31 08:00:00, 3.31344e-10
7305, 2016-07-31 09:00:00, 3.30476e-10
7306, 2016-07-31 10:00:00, 3.29611e-10
7307, 2016-07-31 11:00:00, 4.06251e-10
7308, 2016-07-31 12:00:00, 0.00011075
7309, 2016-07-31 13:00:00, 0.00201464
7310, 2016-07-31 14:00:00, 0.000933137
7311, 2016-07-31 15:00:00, 0.000714292
7312, 2016-07-31 16:00:00, 3.24469e-10
7313, 2016-07-31 17:00:00, 3.2362e-10
7314, 2016-07-31 18:00:00, 3.22773e-10
7315, 2016-07-31 19:00:00, 3.21928e-10
7316, 2016-07-31 20:00:00, 3.21085e-10
7317, 2016-07-31 21:00:00, 3.20245e-10
7318, 2016-07-31 22:00:00, 3.19406e-10
7319, 2016-07-31 23:00:00, 3.1857e-10
7320, 2016-08-01 00:00:00, 3.17737e-10
7321, 2016-08-01 01:00:00, 3.16905e-10
7322, 2016-08-01 02:00:00, 3.16075e-10
7323, 2016-08-01 03:00:00, 3.15248e-10
7324, 2016-08-01 04:00:00, 0.0347967
7325, 2016-08-01 05:00:00, 0.111408
7326, 2016-08-01 06:00:00, 0.0606144
7327, 2016-08-01 07:00:00, 0.0368108
7328, 2016-08-01 08:00:00, 0.00164012
7329, 2016-08-01 09:00:00, 3.1033e-10
7330, 2016-08-01 10:00:00, 3.09517e-10
7331, 2016-08-01 11:00:00, 3.08707e-10
7332, 2016-08-01 12:00:00, 3.07899e-10
7333, 2016-08-01 13:00:00, 3.07093e-10
7334, 2016-08-01 14:00:00, 3.0629e-10
7335, 2016-08-01 15:00:00, 3.05488e-10
7336, 2016-08-01 16:00:00, 3.04688e-10
7337, 2016-08-01 17:00:00, 3.03891e-10
7338, 2016-08-01 18:00:00, 3.03095e-10
7339, 2016-08-01 19:00:00, 3.02302e-10
7340, 2016-08-01 20:00:00, 3.01511e-10
7341, 2016-08-01 21:00:00, 3.00722e-10
7342, 2016-08-01 22:00:00, 2.99935e-10
7343, 2016-08-01 23:00:00, 2.99149e-10
7344, 2016-08-02 00:00:00, 2.98367e-10
7345, 2016-08-02 01:00:00, 2.97586e-10
7346, 2016-08-02 02:00:00, 2.96807e-10
7347, 2016-08-02 03:00:00, 2.9603e-10
7348, 2016-08-02 04:00:00, 2.95255e-10
7349, 2016-08-02 05:00:00, 2.94482e-10
7350, 2016-08-02 06:00:00, 2.93711e-10
7351, 2016-08-02 07:00:00, 2.92943e-10
7352, 2016-08-02 08:00:00, 2.92176e-10
7353, 2016-08-02 09:00:00, 2.91411e-10
7354, 2016-08-02 10:00:00, 2.90648e-10
7355, 2016-08-02 11:00:00, 0.00585635
7356, 2016-08-02 12:00:00, 0.195849
7357, 2016-08-02 13:00:00, 0.127132
7358, 2016-08-02 14:00:00, 0.0878022
7359, 2016-08-02 15:00:00, 0.0138183
7360, 2016-08-02 16:00:00, 0.000235501
7361, 2016-08-02 17:00:00, 2.85365e-10
7362, 2016-08-02 18:00:00, 2.84618e-10
7363, 2016-08-02 19:00:00, 2.83873e-10
7364, 2016-08-02 20:00:00, 2.8313e-10
7365, 2016-08-02 21:00:00, 2.82389e-10
7366, 2016-08-02 22:00:00, 2.8165e-10
7367, 2016-08-02 23:00:00, 2.80913e-10
7368, 2016-08-03 00:00:00, 2.80177e-10
7369, 2016-08-03 01:00:00, 2.79444e-10
7370, 2016-08-03 02:00:00, 2.78713e-10
7371, 2016-08-03 03:00:00, 2.77983e-10
7372, 2016-08-03 04:00:00, 2.77255e-10
7373, 2016-08-03 05:00:00, 2.7653e-10
7374, 2016-08-03 06:00:00, 2.75806e-10
7375, 2016-08-03 07:00:00, 2.75084e-10
7376, 2016-08-03 08:00:00, 2.74364e-10
7377, 2016-08-03 09:00:00, 2.73646e-10
7378, 2016-08-03 10:00:00, 2.7293e-10
7379, 2016-08-03 11:00:00, 2.72215e-10
7380, 2016-08-03 12:00:00, 2.71503e-10
7381, 2016-08-03 13:00:00, 2.70792e-10
7382, 2016-08-03 14:00:00, 2.70083e-10
7383, 2016-08-03 15:00:00, 2.69377e-10
7384, 2016-08-03 16:00:00, 2.68671e-10
7385, 2016-08-03 17:00:00, 2.67968e-10
7386, 2016-08-03 18:00:00, 2.67267e-10
7387, 2016-08-03 19:00:00, 2.66567e-10
7388, 2016-08-03 20:00:00, 2.6587e-10
7389, 2016-08-03 21:00:00, 2.65174e-10
7390, 2016-08-03 22:00:00, 2.6448e-10
7391, 2016-08-03 23:00:00, 2.63787e-10
7392, 2016-08-04 00:00:00, 2.63097e-10
7393, 2016-08-04 01:00:00, 2.62408e-10
7394, 2016-08-04 02:00:00, 2.61722e-10
7395, 2016-08-04 03:00:00, 2.61036e-10
7396, 2016-08-04 04:00:00, 2.60353e-10
7397, 2016-08-04 05:00:00, 2.59672e-10
7398, 2016-08-04 06:00:00, 2.58992e-10
7399, 2016-08-04 07:00:00, 2.58314e-10
7400, 2016-08-04 08:00:00, 2.57638e-10
7401, 2016-08-04 09:00:00, 2.56964e-10
7402, 2016-08-04 10:00:00, 2.56291e-10
7403, 2016-08-04 11:00:00, 2.5562e-10
7404, 2016-08-04 12:00:00, 2.54951e-10
7405, 2016-08-04 13:00:00, 2.54284e-10
7406, 2016-08-04 14:00:00, 2.53618e-10
7407, 2016-08-04 15:00:00, 2.52955e-10
7408, 2016-08-04 16:00:00, 2.52293e-10
7409, 2016-08-04 17:00:00, 2.51632e-10
7410, 2016-08-04 18:00:00, 2.50974e-10
7411, 2016-08-04 19:00:00, 2.50317e-10
7412, 2016-08-04 20:00:00, 2.49662e-10
7413, 2016-08-04 21:00:00, 2.49008e-10
7414, 2016-08-04 22:00:00, 2.48356e-10
7415, 2016-08-04 23:00:00, 2.47706e-10
7416, 2016-08-05 00:00:00, 2.47058e-10
7417, 2016-08-05 01:00:00, 2.46411e-10
7418, 2016-08-05 02:00:00, 2.45766e-10
7419, 2016-08-05 03:00:00, 2.45123e-10
7420, 2016-08-05 04:00:00, 2.44481e-10
7421, 2016-08-05 05:00:00, 2.43842e-10
7422, 2016-08-05 06:00:00, 2.43203e-10
7423, 2016-08-05 07:00:00, 2.42567e-10
7424, 2016-08-05 08:00:00, 2.41932e-10
7425, 2016-08-05 09:00:00, 2.41299e-10
7426, 2016-08-05 10:00:00, 2.40667e-10
7427, 2016-08-05 11:00:00, 2.40037e-10
7428, 2016-08-05 12:00:00, 2.39409e-10
7429, 2016-08-05 13:00:00, 2.38782e-10
7430, 2016-08-05 14:00:00, 2.38157e-10
7431, 2016-08-05 15:00:00, 2.37534e-10
7432, 2016-08-05 16:00:00, 2.36912e-10
7433, 2016-08-05 17:00:00, 2.36292e-10
7434, 2016-08-05 18:00:00, 2.35674e-10
7435, 2016-08-05 19:00:00, 2.35057e-10
7436, 2016-08-05 20:00:00, 2.34442e-10
7437, 2016-08-05 21:00:00, 2.33828e-10
7438, 2016-08-05 22:00:00, 2.33216e-10
7439, 2016-08-05 23:00:00, 2.32605e-10
7440, 2016-08-06 00:00:00, 2.31997e-10
7441, 2016-08-06 01:00:00, 2.31389e-10
7442, 2016-08-06 02:00:00, 2.30784e-10
7443, 2016-08-06 03:00:00, 2.3018e-10
7444, 2016-08-06 04:00:00, 2.29577e-10
7445, 2016-08-06 05:00:00, 2.28976e-10
7446, 2016-08-06 06:00:00, 2.28377e-10
7447, 2016-08-06 07:00:00, 2.27779e-10
7448, 2016-08-06 08:00:00, 2.27183e-10
7449, 2016-08-06 09:00:00, 2.26588e-10
7450, 2016-08-06 10:00:00, 2.25995e-10
7451, 2016-08-06 11:00:00, 2.25404e-10
7452, 2016-08-06 12:00:00, 2.24814e-10
7453, 2016-08-06 13:00:00, 2.24225e-10
7454, 2016-08-06 14:00:00, 2.23639e-10
7455, 2016-08-06 15:00:00, 2.23053e-10
7456, 2016-08-06 16:00:00, 2.22469e-10
7457, 2016-08-06 17:00:00, 2.21887e-10
7458, 2016-08-06 18:00:00, 2.21306e-10
7459, 2016-08-06 19:00:00, 2.20727e-10
7460, 2016-08-06 20:00:00, 2.20149e-10
7461, 2016-08-06 21:00:00, 2.19573e-10
7462, 2016-08-06 22:00:00, 0.0624761
7463, 2016-08-06 23:00:00, 0.0283982
7464, 2016-08-07 00:00:00, 0.0227186
7465, 2016-08-07 01:00:00, 2.17283e-10
7466, 2016-08-07 02:00:00, 2.16715e-10
7467, 2016-08-07 03:00:00, 2.16147e-10
7468, 2016-08-07 04:00:00, 2.15582e-10
7469, 2016-08-07 05:00:00, 2.15017e-10
7470, 2016-08-07 06:00:00, 2.14455e-10
7471, 2016-08-07 07:00:00, 2.13893e-10
7472, 2016-08-07 08:00:00, 2.13333e-10
7473, 2016-08-07 09:00:00, 2.12775e-10
7474, 2016-08-07 10:00:00, 2.12218e-10
7475, 2016-08-07 11:00:00, 2.11663e-10
7476, 2016-08-07 12:00:00, 2.11109e-10
7477, 2016-08-07 13:00:00, 2.10556e-10
7478, 2016-08-07 14:00:00, 2.10005e-10
7479, 2016-08-07 15:00:00, 2.09455e-10
7480, 2016-08-07 16:00:00, 2.08907e-10
7481, 2016-08-07 17:00:00, 2.0836e-10
7482, 2016-08-07 18:00:00, 2.07815e-10
7483, 2016-08-07 19:00:00, 2.07271e-10
7484, 2016-08-07 20:00:00, 2.06728e-10
7485, 2016-08-07 21:00:00, 2.06187e-10
7486, 2016-08-07 22:00:00, 2.05648e-10
7487, 2016-08-07 23:00:00, 2.05109e-10
7488, 2016-08-08 00:00:00, 2.04573e-10
7489, 2016-08-08 01:00:00, 2.04037e-10
7490, 2016-08-08 02:00:00, 2.03503e-10
7491, 2016-08-08 03:00:00, 2.0297e-10
7492, 2016-08-08 04:00:00, 2.02439e-10
7493, 2016-08-08 05:00:00, 2.01909e-10
7494, 2016-08-08 06:00:00, 2.01381e-10
7495, 2016-08-08 07:00:00, 2.00854e-10
7496, 2016-08-08 08:00:00, 2.00328e-10
7497, 2016-08-08 09:00:00, 1.99804e-10
7498, 2016-08-08 10:00:00, 1.99281e-10
7499, 2016-08-08 11:00:00, 1.98759e-10
7500, 2016-08-08 12:00:00, 1.98239e-10
7501, 2016-08-08 13:00:00, 1.9772e-10
7502, 2016-08-08 14:00:00, 1.97202e-10
7503, 2016-08-08 15:00:00, 1.96686e-10
7504, 2016-08-08 16:00:00, 1.96172e-10
7505, 2016-08-08 17:00:00, 1.95658e-10
7506, 2016-08-08 18:00:00, 1.95146e-10
7507, 2016-08-08 19:00:00, 1.94635e-10
7508, 2016-08-08 20:00:00, 1.94126e-10
7509, 2016-08-08 21:00:00, 1.93618e-10
7510, 2016-08-08 22:00:00, 1.93111e-10
7511, 2016-08-08 23:00:00, 1.92605e-10
7512, 2016-08-09 00:00:00, 1.92101e-10
7513, 2016-08-09 01:00:00, 1.91598e-10
7514, 2016-08-09 02:00:00, 1.91097e-10
7515, 2016-08-09 03:00:00, 1.90597e-10
7516, 2016-08-09 04:00:00, 1.90098e-10
7517, 2016-08-09 05:00:00, 1.896e-10
7518, 2016-08-09 06:00:00, 1.89104e-10
7519, 2016-08-09 07:00:00, 1.88609e-10
7520, 2016-08-09 08:00:00, 1.88115e-10
7521, 2016-08-09 09:00:00, 1.87623e-10
7522, 2016-08-09 10:00:00, 1.87132e-10
7523, 2016-08-09 11:00:00, 1.86642e-10
7524, 2016-08-09 12:00:00, 1.86154e-10
7525, 2016-08-09 13:00:00, 1.85666e-10
7526, 2016-08-09 14:00:00, 1.8518e-10
7527, 2016-08-09 15:00:00, 1.84696e-10
7528, 2016-08-09 16:00:00, 1.84212e-10
7529, 2016-08-09 17:00:00, 1.8373e-10
7530, 2016-08-09 18:00:00, 1.83249e-10
7531, 2016-08-09 19:00:00, 1.8277e-10
7532, 2016-08-09 20:00:00, 1.82291e-10
7533, 2016-08-09 21:00:00, 1.81814e-10
7534, 2016-08-09 22:00:00, 1.81338e-10
7535, 2016-08-09 23:00:00, 1.80864e-10
7536, 2016-08-10 00:00:00, 1.8039e-10
7537, 2016-08-10 01:00:00, 1.79918e-10
7538, 2016-08-10 02:00:00, 1.79447e-10
7539, 2016-08-10 03:00:00, 1.78977e-10
7540, 2016-08-10 04:00:00, 1.78509e-10
7541, 2016-08-10 05:00:00, 1.78042e-10
7542, 2016-08-10 06:00:00, 1.77576e-10
7543, 2016-08-10 07:00:00, 1.77111e-10
7544, 2016-08-10 08:00:00, 1.76647e-10
7545, 2016-08-10 09:00:00, 1.76185e-10
7546, 2016-08-10 10:00:00, 1.75724e-10
7547, 2016-08-10 11:00:00, 1.68877e-09
7548, 2016-08-10 12:00:00, 0.000538603
7549, 2016-08-10 13:00:00, 0.000906299
7550, 2016-08-10 14:00:00, 0.000592697
7551, 2016-08-10 15:00:00, 0.000446018
7552, 2016-08-10 16:00:00, 0.0909425
7553, 2016-08-10 17:00:00, 0.207818
7554, 2016-08-10 18:00:00, 0.108699
7555, 2016-08-10 19:00:00, 0.0605349
7556, 2016-08-10 20:00:00, 1.71178e-10
7557, 2016-08-10 21:00:00, 1.7073e-10
7558, 2016-08-10 22:00:00, 1.01438e-07
7559, 2016-08-10 23:00:00, 0.000592827
7560, 2016-08-11 00:00:00, 0.000269519
7561, 2016-08-11 01:00:00, 0.000215636
7562, 2016-08-11 02:00:00, 1.75469e-07
7563, 2016-08-11 03:00:00, 1.81219e-07
7564, 2016-08-11 04:00:00, 1.51604e-07
7565, 2016-08-11 05:00:00, 1.31551e-07
7566, 2016-08-11 06:00:00, 1.87095e-07
7567, 2016-08-11 07:00:00, 2.48171e-07
7568, 2016-08-11 08:00:00, 2.20184e-07
7569, 2016-08-11 09:00:00, 2.57581e-07
7570, 2016-08-11 10:00:00, 1.73874e-07
7571, 2016-08-11 11:00:00, 1.68948e-07
7572, 2016-08-11 12:00:00, 1.59519e-07
7573, 2016-08-11 13:00:00, 8.05323e-08
7574, 2016-08-11 14:00:00, 3.84775e-08
7575, 2016-08-11 15:00:00, 2.47306e-09
7576, 2016-08-11 16:00:00, 1.62437e-10
7577, 2016-08-11 17:00:00, 1.62012e-10
7578, 2016-08-11 18:00:00, 1.61588e-10
7579, 2016-08-11 19:00:00, 1.61165e-10
7580, 2016-08-11 20:00:00, 1.60743e-10
7581, 2016-08-11 21:00:00, 1.60322e-10
7582, 2016-08-11 22:00:00, 1.59903e-10
7583, 2016-08-11 23:00:00, 1.59484e-10
7584, 2016-08-12 00:00:00, 1.59067e-10
7585, 2016-08-12 01:00:00, 1.5865e-10
7586, 2016-08-12 02:00:00, 1.58235e-10
7587, 2016-08-12 03:00:00, 1.57821e-10
7588, 2016-08-12 04:00:00, 1.57408e-10
7589, 2016-08-12 05:00:00, 1.56996e-10
7590, 2016-08-12 06:00:00, 1.56585e-10
7591, 2016-08-12 07:00:00, 1.56175e-10
7592, 2016-08-12 08:00:00, 1.55766e-10
7593, 2016-08-12 09:00:00, 1.55358e-10
7594, 2016-08-12 10:00:00, 1.54952e-10
7595, 2016-08-12 11:00:00, 1.99282e-05
7596, 2016-08-12 12:00:00, 9.05837e-06
7597, 2016-08-12 13:00:00, 7.24672e-06
7598, 2016-08-12 14:00:00, 1.53336e-10
7599, 2016-08-12 15:00:00, 1.52935e-10
7600, 2016-08-12 16:00:00, 1.52534e-10
7601, 2016-08-12 17:00:00, 1.52135e-10
7602, 2016-08-12 18:00:00, 1.51737e-10
7603, 2016-08-12 19:00:00, 1.5134e-10
7604, 2016-08-12 20:00:00, 1.50944e-10
7605, 2016-08-12 21:00:00, 0.00856749
7606, 2016-08-12 22:00:00, 0.14525
7607, 2016-08-12 23:00:00, 0.561869
7608, 2016-08-13 00:00:00, 0.276186
7609, 2016-08-13 01:00:00, 0.179823
7610, 2016-08-13 02:00:00, 1.12992e-05
7611, 2016-08-13 03:00:00, 0.000298427
7612, 2016-08-13 04:00:00, 0.000136814
7613, 2016-08-13 05:00:00, 0.000107292
7614, 2016-08-13 06:00:00, 1.47039e-10
7615, 2016-08-13 07:00:00, 1.46654e-10
7616, 2016-08-13 08:00:00, 1.59839e-05
7617, 2016-08-13 09:00:00, 7.26547e-06
7618, 2016-08-13 10:00:00, 5.8124e-06
7619, 2016-08-13 11:00:00, 1.2812e-08
7620, 2016-08-13 12:00:00, 2.93726e-08
7621, 2016-08-13 13:00:00, 1.54188e-08
7622, 2016-08-13 14:00:00, 8.67859e-09
7623, 2016-08-13 15:00:00, 1.43611e-10
7624, 2016-08-13 16:00:00, 1.43235e-10
7625, 2016-08-13 17:00:00, 1.4286e-10
7626, 2016-08-13 18:00:00, 1.42487e-10
7627, 2016-08-13 19:00:00, 1.42114e-10
7628, 2016-08-13 20:00:00, 0.000549081
7629, 2016-08-13 21:00:00, 0.000249582
7630, 2016-08-13 22:00:00, 0.000199666
7631, 2016-08-13 23:00:00, 1.40632e-10
7632, 2016-08-14 00:00:00, 1.40263e-10
7633, 2016-08-14 01:00:00, 1.39896e-10
7634, 2016-08-14 02:00:00, 1.3953e-10
7635, 2016-08-14 03:00:00, 0.0129073
7636, 2016-08-14 04:00:00, 0.860917
7637, 2016-08-14 05:00:00, 0.394013
7638, 2016-08-14 06:00:00, 0.502066
7639, 2016-08-14 07:00:00, 0.0869849
7640, 2016-08-14 08:00:00, 0.0693958
7641, 2016-08-14 09:00:00, 1.36994e-10
7642, 2016-08-14 10:00:00, 1.36635e-10
7643, 2016-08-14 11:00:00, 1.36278e-10
7644, 2016-08-14 12:00:00, 1.35921e-10
7645, 2016-08-14 13:00:00, 1.35565e-10
7646, 2016-08-14 14:00:00, 1.3521e-10
7647, 2016-08-14 15:00:00, 1.34856e-10
7648, 2016-08-14 16:00:00, 1.34503e-10
7649, 2016-08-14 17:00:00, 1.34151e-10
7650, 2016-08-14 18:00:00, 1.338e-10
7651, 2016-08-14 19:00:00, 1.3345e-10
7652, 2016-08-14 20:00:00, 1.33101e-10
7653, 2016-08-14 21:00:00, 1.32752e-10
7654, 2016-08-14 22:00:00, 1.32405e-10
7655, 2016-08-14 23:00:00, 1.32058e-10
7656, 2016-08-15 00:00:00, 1.31713e-10
7657, 2016-08-15 01:00:00, 1.31368e-10
7658, 2016-08-15 02:00:00, 1.31024e-10
7659, 2016-08-15 03:00:00, 1.30681e-10
7660, 2016-08-15 04:00:00, 1.30339e-10
7661, 2016-08-15 05:00:00, 1.29998e-10
7662, 2016-08-15 06:00:00, 1.29658e-10
7663, 2016-08-15 07:00:00, 1.29318e-10
7664, 2016-08-15 08:00:00, 1.2898e-10
7665, 2016-08-15 09:00:00, 1.28642e-10
7666, 2016-08-15 10:00:00, 1.28306e-10
7667, 2016-08-15 11:00:00, 1.2797e-10
7668, 2016-08-15 12:00:00, 1.27635e-10
7669, 2016-08-15 13:00:00, 1.27301e-10
7670, 2016-08-15 14:00:00, 1.26968e-10
7671, 2016-08-15 15:00:00, 1.26635e-10
7672, 2016-08-15 16:00:00, 1.26304e-10
7673, 2016-08-15 17:00:00, 1.25973e-10
7674, 2016-08-15 18:00:00, 1.25643e-10
7675, 2016-08-15 19:00:00, 1.25315e-10
7676, 2016-08-15 20:00:00, 1.24987e-10
7677, 2016-08-15 21:00:00, 1.24659e-10
7678, 2016-08-15 22:00:00, 1.24333e-10
7679, 2016-08-15 23:00:00, 1.24008e-10
7680, 2016-08-16 00:00:00, 1.23683e-10
7681, 2016-08-16 01:00:00, 1.23359e-10
7682, 2016-08-16 02:00:00, 1.23036e-10
7683, 2016-08-16 03:00:00, 1.22714e-10
7684, 2016-08-16 04:00:00, 1.22393e-10
7685, 2016-08-16 05:00:00, 1.22073e-10
7686, 2016-08-16 06:00:00, 1.21753e-10
7687, 2016-08-16 07:00:00, 1.21435e-10
7688, 2016-08-16 08:00:00, 1.21117e-10
7689, 2016-08-16 09:00:00, 1.208e-10
7690, 2016-08-16 10:00:00, 1.20484e-10
7691, 2016-08-16 11:00:00, 1.20168e-10
7692, 2016-08-16 12:00:00, 1.19854e-10
7693, 2016-08-16 13:00:00, 1.1954e-10
7694, 2016-08-16 14:00:00, 1.19227e-10
7695, 2016-08-16 15:00:00, 1.18915e-10
7696, 2016-08-16 16:00:00, 1.18604e-10
7697, 2016-08-16 17:00:00, 0.000202348
7698, 2016-08-16 18:00:00, 0.180521
7699, 2016-08-16 19:00:00, 0.0835883
7700, 2016-08-16 20:00:00, 0.0971461
7701, 2016-08-16 21:00:00, 0.0145702
7702, 2016-08-16 22:00:00, 0.0112193
7703, 2016-08-16 23:00:00, 1.16448e-10
7704, 2016-08-17 00:00:00, 1.16143e-10
7705, 2016-08-17 01:00:00, 1.15839e-10
7706, 2016-08-17 02:00:00, 1.15536e-10
7707, 2016-08-17 03:00:00, 0.00218808
7708, 2016-08-17 04:00:00, 0.00099458
7709, 2016-08-17 05:00:00, 0.000795668
7710, 2016-08-17 06:00:00, 2.30112e-05
7711, 2016-08-17 07:00:00, 0.00977612
7712, 2016-08-17 08:00:00, 0.0044473
7713, 2016-08-17 09:00:00, 0.00355115
7714, 2016-08-17 10:00:00, 1.13139e-10
7715, 2016-08-17 11:00:00, 1.12843e-10
7716, 2016-08-17 12:00:00, 1.12547e-10
7717, 2016-08-17 13:00:00, 1.12253e-10
7718, 2016-08-17 14:00:00, 1.11959e-10
7719, 2016-08-17 15:00:00, 1.11666e-10
7720, 2016-08-17 16:00:00, 1.11373e-10
7721, 2016-08-17 17:00:00, 1.11082e-10
7722, 2016-08-17 18:00:00, 1.10791e-10
7723, 2016-08-17 19:00:00, 1.10501e-10
7724, 2016-08-17 20:00:00, 1.10212e-10
7725, 2016-08-17 21:00:00, 1.09924e-10
7726, 2016-08-17 22:00:00, 1.09636e-10
7727, 2016-08-17 23:00:00, 1.09349e-10
7728, 2016-08-18 00:00:00, 1.09063e-10
7729, 2016-08-18 01:00:00, 1.08777e-10
7730, 2016-08-18 02:00:00, 1.08492e-10
7731, 2016-08-18 03:00:00, 1.08209e-10
7732, 2016-08-18 04:00:00, 1.07925e-10
7733, 2016-08-18 05:00:00, 1.07643e-10
7734, 2016-08-18 06:00:00, 1.07361e-10
7735, 2016-08-18 07:00:00, 1.0708e-10
7736, 2016-08-18 08:00:00, 1.068e-10
7737, 2016-08-18 09:00:00, 1.0652e-10
7738, 2016-08-18 10:00:00, 1.06241e-10
7739, 2016-08-18 11:00:00, 7.49873e-06
7740, 2016-08-18 12:00:00, 3.40857e-06
7741, 2016-08-18 13:00:00, 2.72688e-06
7742, 2016-08-18 14:00:00, 1.05133e-10
7743, 2016-08-18 15:00:00, 1.04858e-10
7744, 2016-08-18 16:00:00, 1.04584e-10
7745, 2016-08-18 17:00:00, 1.0431e-10
7746, 2016-08-18 18:00:00, 1.04037e-10
7747, 2016-08-18 19:00:00, 1.03765e-10
7748, 2016-08-18 20:00:00, 1.03493e-10
7749, 2016-08-18 21:00:00, 1.03222e-10
7750, 2016-08-18 22:00:00, 1.02952e-10
7751, 2016-08-18 23:00:00, 1.02683e-10
7752, 2016-08-19 00:00:00, 1.02414e-10
7753, 2016-08-19 01:00:00, 1.02146e-10
7754, 2016-08-19 02:00:00, 1.01878e-10
7755, 2016-08-19 03:00:00, 1.01612e-10
7756, 2016-08-19 04:00:00, 1.01346e-10
7757, 2016-08-19 05:00:00, 1.01081e-10
7758, 2016-08-19 06:00:00, 1.00816e-10
7759, 2016-08-19 07:00:00, 1.00552e-10
7760, 2016-08-19 08:00:00, 1.00289e-10
7761, 2016-08-19 09:00:00, 1.00026e-10
7762, 2016-08-19 10:00:00, 9.97647e-11
7763, 2016-08-19 11:00:00, 9.95036e-11
7764, 2016-08-19 12:00:00, 9.92431e-11
7765, 2016-08-19 13:00:00, 9.89833e-11
7766, 2016-08-19 14:00:00, 9.87243e-11
7767, 2016-08-19 15:00:00, 9.84659e-11
7768, 2016-08-19 16:00:00, 9.82082e-11
7769, 2016-08-19 17:00:00, 9.79511e-11
7770, 2016-08-19 18:00:00, 9.76947e-11
7771, 2016-08-19 19:00:00, 9.7439e-11
7772, 2016-08-19 20:00:00, 9.7184e-11
7773, 2016-08-19 21:00:00, 9.69296e-11
7774, 2016-08-19 22:00:00, 9.66759e-11
7775, 2016-08-19 23:00:00, 9.64229e-11
7776, 2016-08-20 00:00:00, 9.61705e-11
7777, 2016-08-20 01:00:00, 9.59188e-11
7778, 2016-08-20 02:00:00, 9.56677e-11
7779, 2016-08-20 03:00:00, 9.54173e-11
7780, 2016-08-20 04:00:00, 9.51676e-11
7781, 2016-08-20 05:00:00, 9.49185e-11
7782, 2016-08-20 06:00:00, 9.46701e-11
7783, 2016-08-20 07:00:00, 9.44222e-11
7784, 2016-08-20 08:00:00, 9.41751e-11
7785, 2016-08-20 09:00:00, 9.39286e-11
7786, 2016-08-20 10:00:00, 9.36828e-11
7787, 2016-08-20 11:00:00, 9.34376e-11
7788, 2016-08-20 12:00:00, 9.3193e-11
7789, 2016-08-20 13:00:00, 9.29491e-11
7790, 2016-08-20 14:00:00, 9.27058e-11
7791, 2016-08-20 15:00:00, 9.24631e-11
7792, 2016-08-20 16:00:00, 9.22211e-11
7793, 2016-08-20 17:00:00, 0.000212769
7794, 2016-08-20 18:00:00, 0.00488684
7795, 2016-08-20 19:00:00, 0.0022547
7796, 2016-08-20 20:00:00, 0.00174187
7797, 2016-08-20 21:00:00, 9.10206e-11
7798, 2016-08-20 22:00:00, 9.07823e-11
7799, 2016-08-20 23:00:00, 9.05447e-11
7800, 2016-08-21 00:00:00, 9.03077e-11
7801, 2016-08-21 01:00:00, 9.00713e-11
7802, 2016-08-21 02:00:00, 8.98355e-11
7803, 2016-08-21 03:00:00, 8.96004e-11
7804, 2016-08-21 04:00:00, 8.93659e-11
7805, 2016-08-21 05:00:00, 8.9132e-11
7806, 2016-08-21 06:00:00, 8.88987e-11
7807, 2016-08-21 07:00:00, 8.8666e-11
7808, 2016-08-21 08:00:00, 8.8434e-11
7809, 2016-08-21 09:00:00, 8.82025e-11
7810, 2016-08-21 10:00:00, 8.79716e-11
7811, 2016-08-21 11:00:00, 8.77413e-11
7812, 2016-08-21 12:00:00, 8.75117e-11
7813, 2016-08-21 13:00:00, 8.72827e-11
7814, 2016-08-21 14:00:00, 8.70542e-11
7815, 2016-08-21 15:00:00, 8.68264e-11
7816, 2016-08-21 16:00:00, 8.65991e-11
7817, 2016-08-21 17:00:00, 8.63724e-11
7818, 2016-08-21 18:00:00, 8.61464e-11
7819, 2016-08-21 19:00:00, 8.59209e-11
7820, 2016-08-21 20:00:00, 8.5696e-11
7821, 2016-08-21 21:00:00, 8.54717e-11
7822, 2016-08-21 22:00:00, 8.5248e-11
7823, 2016-08-21 23:00:00, 8.50249e-11
7824, 2016-08-22 00:00:00, 8.48023e-11
7825, 2016-08-22 01:00:00, 8.45803e-11
7826, 2016-08-22 02:00:00, 8.4359e-11
7827, 2016-08-22 03:00:00, 0.000326113
7828, 2016-08-22 04:00:00, 0.00329665
7829, 2016-08-22 05:00:00, 0.0345579
7830, 2016-08-22 06:00:00, 2.29977
7831, 2016-08-22 07:00:00, 1.06241
7832, 2016-08-22 08:00:00, 0.836044
7833, 2016-08-22 09:00:00, 0.00450965
7834, 2016-08-22 10:00:00, 8.26087e-11
7835, 2016-08-22 11:00:00, 8.23924e-11
7836, 2016-08-22 12:00:00, 8.21768e-11
7837, 2016-08-22 13:00:00, 8.19617e-11
7838, 2016-08-22 14:00:00, 8.17472e-11
7839, 2016-08-22 15:00:00, 8.15332e-11
7840, 2016-08-22 16:00:00, 8.13198e-11
7841, 2016-08-22 17:00:00, 8.1107e-11
7842, 2016-08-22 18:00:00, 8.08946e-11
7843, 2016-08-22 19:00:00, 8.06829e-11
7844, 2016-08-22 20:00:00, 8.04717e-11
7845, 2016-08-22 21:00:00, 8.02611e-11
7846, 2016-08-22 22:00:00, 8.0051e-11
7847, 2016-08-22 23:00:00, 7.98415e-11
7848, 2016-08-23 00:00:00, 7.96325e-11
7849, 2016-08-23 01:00:00, 7.94241e-11
7850, 2016-08-23 02:00:00, 7.92162e-11
7851, 2016-08-23 03:00:00, 7.90089e-11
7852, 2016-08-23 04:00:00, 7.88021e-11
7853, 2016-08-23 05:00:00, 7.85958e-11
7854, 2016-08-23 06:00:00, 7.83901e-11
7855, 2016-08-23 07:00:00, 7.81849e-11
7856, 2016-08-23 08:00:00, 7.79803e-11
7857, 2016-08-23 09:00:00, 7.77762e-11
7858, 2016-08-23 10:00:00, 7.75726e-11
7859, 2016-08-23 11:00:00, 7.73696e-11
7860, 2016-08-23 12:00:00, 7.7167e-11
7861, 2016-08-23 13:00:00, 7.69651e-11
7862, 2016-08-23 14:00:00, 7.67636e-11
7863, 2016-08-23 15:00:00, 7.65627e-11
7864, 2016-08-23 16:00:00, 7.63623e-11
7865, 2016-08-23 17:00:00, 7.61624e-11
7866, 2016-08-23 18:00:00, 7.59631e-11
7867, 2016-08-23 19:00:00, 7.57643e-11
7868, 2016-08-23 20:00:00, 7.5566e-11
7869, 2016-08-23 21:00:00, 7.53682e-11
7870, 2016-08-23 22:00:00, 7.51709e-11
7871, 2016-08-23 23:00:00, 7.49741e-11
7872, 2016-08-24 00:00:00, 7.47779e-11
7873, 2016-08-24 01:00:00, 7.45822e-11
7874, 2016-08-24 02:00:00, 7.4387e-11
7875, 2016-08-24 03:00:00, 7.41923e-11
7876, 2016-08-24 04:00:00, 7.39981e-11
7877, 2016-08-24 05:00:00, 7.38044e-11
7878, 2016-08-24 06:00:00, 7.36112e-11
7879, 2016-08-24 07:00:00, 7.34186e-11
7880, 2016-08-24 08:00:00, 7.32264e-11
7881, 2016-08-24 09:00:00, 7.30348e-11
7882, 2016-08-24 10:00:00, 7.28436e-11
7883, 2016-08-24 11:00:00, 7.26529e-11
7884, 2016-08-24 12:00:00, 7.24627e-11
7885, 2016-08-24 13:00:00, 7.22731e-11
7886, 2016-08-24 14:00:00, 7.20839e-11
7887, 2016-08-24 15:00:00, 7.18953e-11
7888, 2016-08-24 16:00:00, 7.17071e-11
7889, 2016-08-24 17:00:00, 7.15194e-11
7890, 2016-08-24 18:00:00, 7.13322e-11
7891, 2016-08-24 19:00:00, 7.11455e-11
7892, 2016-08-24 20:00:00, 7.09592e-11
7893, 2016-08-24 21:00:00, 7.07735e-11
7894, 2016-08-24 22:00:00, 7.05883e-11
7895, 2016-08-24 23:00:00, 7.04035e-11
7896, 2016-08-25 00:00:00, 7.02192e-11
7897, 2016-08-25 01:00:00, 7.00355e-11
7898, 2016-08-25 02:00:00, 6.98522e-11
7899, 2016-08-25 03:00:00, 6.96693e-11
7900, 2016-08-25 04:00:00, 6.9487e-11
7901, 2016-08-25 05:00:00, 6.93051e-11
7902, 2016-08-25 06:00:00, 6.91237e-11
7903, 2016-08-25 07:00:00, 6.89427e-11
7904, 2016-08-25 08:00:00, 6.87623e-11
7905, 2016-08-25 09:00:00, 6.85823e-11
7906, 2016-08-25 10:00:00, 6.84028e-11
7907, 2016-08-25 11:00:00, 6.82238e-11
7908, 2016-08-25 12:00:00, 6.80452e-11
7909, 2016-08-25 13:00:00, 6.78671e-11
7910, 2016-08-25 14:00:00, 6.76895e-11
7911, 2016-08-25 15:00:00, 6.75123e-11
7912, 2016-08-25 16:00:00, 6.73356e-11
7913, 2016-08-25 17:00:00, 6.71594e-11
7914, 2016-08-25 18:00:00, 6.69836e-11
7915, 2016-08-25 19:00:00, 6.68083e-11
7916, 2016-08-25 20:00:00, 6.66334e-11
7917, 2016-08-25 21:00:00, 6.6459e-11
7918, 2016-08-25 22:00:00, 6.62851e-11
7919, 2016-08-25 23:00:00, 6.61115e-11
7920, 2016-08-26 00:00:00, 6.59385e-11
7921, 2016-08-26 01:00:00, 6.57659e-11
7922, 2016-08-26 02:00:00, 6.55938e-11
7923, 2016-08-26 03:00:00, 6.54221e-11
7924, 2016-08-26 04:00:00, 6.52509e-11
7925, 2016-08-26 05:00:00, 6.508e-11
7926, 2016-08-26 06:00:00, 6.49097e-11
7927, 2016-08-26 07:00:00, 6.47399e-11
7928, 2016-08-26 08:00:00, 6.45704e-11
7929, 2016-08-26 09:00:00, 6.44014e-11
7930, 2016-08-26 10:00:00, 6.42328e-11
7931, 2016-08-26 11:00:00, 5.50257e-09
7932, 2016-08-26 12:00:00, 2.53594e-09
7933, 2016-08-26 13:00:00, 2.04137e-09
7934, 2016-08-26 14:00:00, 6.35629e-11
7935, 2016-08-26 15:00:00, 6.33966e-11
7936, 2016-08-26 16:00:00, 6.32307e-11
7937, 2016-08-26 17:00:00, 6.30651e-11
7938, 2016-08-26 18:00:00, 6.29001e-11
7939, 2016-08-26 19:00:00, 6.27354e-11
7940, 2016-08-26 20:00:00, 6.25713e-11
7941, 2016-08-26 21:00:00, 6.24075e-11
7942, 2016-08-26 22:00:00, 6.22441e-11
7943, 2016-08-26 23:00:00, 6.20812e-11
7944, 2016-08-27 00:00:00, 6.19187e-11
7945, 2016-08-27 01:00:00, 6.17567e-11
7946, 2016-08-27 02:00:00, 6.1595e-11
7947, 2016-08-27 03:00:00, 6.14338e-11
7948, 2016-08-27 04:00:00, 6.1273e-11
7949, 2016-08-27 05:00:00, 6.11126e-11
7950, 2016-08-27 06:00:00, 6.09527e-11
7951, 2016-08-27 07:00:00, 6.07931e-11
7952, 2016-08-27 08:00:00, 6.0634e-11
7953, 2016-08-27 09:00:00, 6.04753e-11
7954, 2016-08-27 10:00:00, 6.0317e-11
7955, 2016-08-27 11:00:00, 6.01591e-11
7956, 2016-08-27 12:00:00, 6.00017e-11
7957, 2016-08-27 13:00:00, 5.98446e-11
7958, 2016-08-27 14:00:00, 5.9688e-11
7959, 2016-08-27 15:00:00, 5.95318e-11
7960, 2016-08-27 16:00:00, 5.9376e-11
7961, 2016-08-27 17:00:00, 5.92205e-11
7962, 2016-08-27 18:00:00, 5.90655e-11
7963, 2016-08-27 19:00:00, 5.89109e-11
7964, 2016-08-27 20:00:00, 5.87567e-11
7965, 2016-08-27 21:00:00, 5.86029e-11
7966, 2016-08-27 22:00:00, 5.84495e-11
7967, 2016-08-27 23:00:00, 5.82966e-11
7968, 2016-08-28 00:00:00, 5.8144e-11
7969, 2016-08-28 01:00:00, 5.79918e-11
7970, 2016-08-28 02:00:00, 5.784e-11
7971, 2016-08-28 03:00:00, 5.76886e-11
7972, 2016-08-28 04:00:00, 5.75376e-11
7973, 2016-08-28 05:00:00, 5.73871e-11
7974, 2016-08-28 06:00:00, 5.72368e-11
7975, 2016-08-28 07:00:00, 5.7087e-11
7976, 2016-08-28 08:00:00, 5.69376e-11
7977, 2016-08-28 09:00:00, 5.67886e-11
7978, 2016-08-28 10:00:00, 5.664e-11
7979, 2016-08-28 11:00:00, 5.64917e-11
7980, 2016-08-28 12:00:00, 5.63438e-11
7981, 2016-08-28 13:00:00, 5.61964e-11
7982, 2016-08-28 14:00:00, 5.60493e-11
7983, 2016-08-28 15:00:00, 5.59026e-11
7984, 2016-08-28 16:00:00, 5.57562e-11
7985, 2016-08-28 17:00:00, 5.56103e-11
7986, 2016-08-28 18:00:00, 5.54647e-11
7987, 2016-08-28 19:00:00, 5.53196e-11
7988, 2016-08-28 20:00:00, 5.51748e-11
7989, 2016-08-28 21:00:00, 5.50304e-11
7990, 2016-08-28 22:00:00, 5.48863e-11
7991, 2016-08-28 23:00:00, 5.47426e-11
7992, 2016-08-29 00:00:00, 5.45994e-11
7993, 2016-08-29 01:00:00, 5.44565e-11
7994, 2016-08-29 02:00:00, 5.43139e-11
7995, 2016-08-29 03:00:00, 5.41718e-11
7996, 2016-08-29 04:00:00, 5.403e-11
7997, 2016-08-29 05:00:00, 5.38886e-11
7998, 2016-08-29 06:00:00, 5.37475e-11
7999, 2016-08-29 07:00:00, 5.36068e-11
8000, 2016-08-29 08:00:00, 5.34665e-11
8001, 2016-08-29 09:00:00, 5.33266e-11
8002, 2016-08-29 10:00:00, 5.3187e-11
8003, 2016-08-29 11:00:00, 5.30478e-11
8004, 2016-08-29 12:00:00, 5.2909e-11
8005, 2016-08-29 13:00:00, 5.27705e-11
8006, 2016-08-29 14:00:00, 5.26323e-11
8007, 2016-08-29 15:00:00, 5.24946e-11
8008, 2016-08-29 16:00:00, 5.23572e-11
8009, 2016-08-29 17:00:00, 5.22202e-11
8010, 2016-08-29 18:00:00, 5.20835e-11
8011, 2016-08-29 19:00:00, 5.19471e-11
8012, 2016-08-29 20:00:00, 5.18112e-11
8013, 2016-08-29 21:00:00, 5.16756e-11
8014, 2016-08-29 22:00:00, 5.15403e-11
8015, 2016-08-29 23:00:00, 5.14054e-11
8016, 2016-08-30 00:00:00, 5.12709e-11
8017, 2016-08-30 01:00:00, 5.11367e-11
8018, 2016-08-30 02:00:00, 5.10028e-11
8019, 2016-08-30 03:00:00, 5.08693e-11
8020, 2016-08-30 04:00:00, 5.07362e-11
8021, 2016-08-30 05:00:00, 5.06034e-11
8022, 2016-08-30 06:00:00, 5.0471e-11
8023, 2016-08-30 07:00:00, 5.03388e-11
8024, 2016-08-30 08:00:00, 5.02071e-11
8025, 2016-08-30 09:00:00, 5.00757e-11
8026, 2016-08-30 10:00:00, 4.99446e-11
8027, 2016-08-30 11:00:00, 4.98139e-11
8028, 2016-08-30 12:00:00, 4.96835e-11
8029, 2016-08-30 13:00:00, 4.95535e-11
8030, 2016-08-30 14:00:00, 4.94237e-11
8031, 2016-08-30 15:00:00, 4.92944e-11
8032, 2016-08-30 16:00:00, 4.91653e-11
8033, 2016-08-30 17:00:00, 4.90367e-11
8034, 2016-08-30 18:00:00, 4.89083e-11
8035, 2016-08-30 19:00:00, 4.87803e-11
8036, 2016-08-30 20:00:00, 4.86526e-11
8037, 2016-08-30 21:00:00, 4.85253e-11
8038, 2016-08-30 22:00:00, 4.83983e-11
8039, 2016-08-30 23:00:00, 4.82716e-11
8040, 2016-08-31 00:00:00, 4.81453e-11
8041, 2016-08-31 01:00:00, 4.80192e-11
8042, 2016-08-31 02:00:00, 4.78935e-11
8043, 2016-08-31 03:00:00, 4.77682e-11
8044, 2016-08-31 04:00:00, 4.76431e-11
8045, 2016-08-31 05:00:00, 4.75185e-11
8046, 2016-08-31 06:00:00, 4.73941e-11
8047, 2016-08-31 07:00:00, 4.72701e-11
8048, 2016-08-31 08:00:00, 4.71463e-11
8049, 2016-08-31 09:00:00, 4.70229e-11
8050, 2016-08-31 10:00:00, 4.68999e-11
8051, 2016-08-31 11:00:00, 4.67771e-11
8052, 2016-08-31 12:00:00, 4.66547e-11
8053, 2016-08-31 13:00:00, 4.65325e-11
8054, 2016-08-31 14:00:00, 4.64108e-11
8055, 2016-08-31 15:00:00, 4.62893e-11
8056, 2016-08-31 16:00:00, 4.61681e-11
8057, 2016-08-31 17:00:00, 4.60473e-11
8058, 2016-08-31 18:00:00, 4.59267e-11
8059, 2016-08-31 19:00:00, 4.58066e-11
8060, 2016-08-31 20:00:00, 4.56867e-11
8061, 2016-08-31 21:00:00, 4.55671e-11
8062, 2016-08-31 22:00:00, 4.54478e-11
8063, 2016-08-31 23:00:00, 4.53288e-11
8064, 2016-09-01 00:00:00, 4.52102e-11
8065, 2016-09-01 01:00:00, 4.50919e-11
8066, 2016-09-01 02:00:00, 1.83068e-06
8067, 2016-09-01 03:00:00, 8.32153e-07
8068, 2016-09-01 04:00:00, 6.65731e-07
8069, 2016-09-01 05:00:00, 4.46216e-11
8070, 2016-09-01 06:00:00, 4.45048e-11
8071, 2016-09-01 07:00:00, 4.43884e-11
8072, 2016-09-01 08:00:00, 4.42722e-11
8073, 2016-09-01 09:00:00, 0.000321129
8074, 2016-09-01 10:00:00, 0.000145968
8075, 2016-09-01 11:00:00, 0.000122699
8076, 2016-09-01 12:00:00, 2.693e-06
8077, 2016-09-01 13:00:00, 2.73681e-06
8078, 2016-09-01 14:00:00, 2.6477e-07
8079, 2016-09-01 15:00:00, 0.00144208
8080, 2016-09-01 16:00:00, 0.00194425
8081, 2016-09-01 17:00:00, 0.00111016
8082, 2016-09-01 18:00:00, 0.000468674
8083, 2016-09-01 19:00:00, 4.3014e-11
8084, 2016-09-01 20:00:00, 4.29015e-11
8085, 2016-09-01 21:00:00, 4.27892e-11
8086, 2016-09-01 22:00:00, 0.00118969
8087, 2016-09-01 23:00:00, 0.00056244
8088, 2016-09-02 00:00:00, 0.000442465
8089, 2016-09-02 01:00:00, 7.88073e-06
8090, 2016-09-02 02:00:00, 4.22321e-11
8091, 2016-09-02 03:00:00, 4.21216e-11
8092, 2016-09-02 04:00:00, 4.20113e-11
8093, 2016-09-02 05:00:00, 4.19013e-11
8094, 2016-09-02 06:00:00, 4.17917e-11
8095, 2016-09-02 07:00:00, 4.16823e-11
8096, 2016-09-02 08:00:00, 4.15732e-11
8097, 2016-09-02 09:00:00, 4.14644e-11
8098, 2016-09-02 10:00:00, 4.13559e-11
8099, 2016-09-02 11:00:00, 4.12476e-11
8100, 2016-09-02 12:00:00, 4.11396e-11
8101, 2016-09-02 13:00:00, 4.1032e-11
8102, 2016-09-02 14:00:00, 4.09246e-11
8103, 2016-09-02 15:00:00, 4.08175e-11
8104, 2016-09-02 16:00:00, 4.07106e-11
8105, 2016-09-02 17:00:00, 4.06041e-11
8106, 2016-09-02 18:00:00, 4.04978e-11
8107, 2016-09-02 19:00:00, 4.03918e-11
8108, 2016-09-02 20:00:00, 4.02861e-11
8109, 2016-09-02 21:00:00, 4.01806e-11
8110, 2016-09-02 22:00:00, 4.00755e-11
8111, 2016-09-02 23:00:00, 3.99706e-11
8112, 2016-09-03 00:00:00, 3.98659e-11
8113, 2016-09-03 01:00:00, 3.97616e-11
8114, 2016-09-03 02:00:00, 3.96575e-11
8115, 2016-09-03 03:00:00, 3.95537e-11
8116, 2016-09-03 04:00:00, 3.94502e-11
8117, 2016-09-03 05:00:00, 3.93469e-11
8118, 2016-09-03 06:00:00, 3.9244e-11
8119, 2016-09-03 07:00:00, 3.91412e-11
8120, 2016-09-03 08:00:00, 3.90388e-11
8121, 2016-09-03 09:00:00, 3.89366e-11
8122, 2016-09-03 10:00:00, 3.88347e-11
8123, 2016-09-03 11:00:00, 3.87331e-11
8124, 2016-09-03 12:00:00, 3.86317e-11
8125, 2016-09-03 13:00:00, 3.85305e-11
8126, 2016-09-03 14:00:00, 3.84297e-11
8127, 2016-09-03 15:00:00, 3.83291e-11
8128, 2016-09-03 16:00:00, 3.82288e-11
8129, 2016-09-03 17:00:00, 3.81288e-11
8130, 2016-09-03 18:00:00, 3.8029e-11
8131, 2016-09-03 19:00:00, 3.79294e-11
8132, 2016-09-03 20:00:00, 3.78302e-11
8133, 2016-09-03 21:00:00, 3.77311e-11
8134, 2016-09-03 22:00:00, 3.76324e-11
8135, 2016-09-03 23:00:00, 3.75338e-11
8136, 2016-09-04 00:00:00, 3.74356e-11
8137, 2016-09-04 01:00:00, 3.73377e-11
8138, 2016-09-04 02:00:00, 3.72399e-11
8139, 2016-09-04 03:00:00, 3.71425e-11
8140, 2016-09-04 04:00:00, 3.70452e-11
8141, 2016-09-04 05:00:00, 3.69482e-11
8142, 2016-09-04 06:00:00, 3.68516e-11
8143, 2016-09-04 07:00:00, 3.67551e-11
8144, 2016-09-04 08:00:00, 3.66589e-11
8145, 2016-09-04 09:00:00, 3.6563e-11
8146, 2016-09-04 10:00:00, 3.64672e-11
8147, 2016-09-04 11:00:00, 3.63718e-11
8148, 2016-09-04 12:00:00, 3.62766e-11
8149, 2016-09-04 13:00:00, 3.61816e-11
8150, 2016-09-04 14:00:00, 3.6087e-11
8151, 2016-09-04 15:00:00, 3.59925e-11
8152, 2016-09-04 16:00:00, 3.58983e-11
8153, 2016-09-04 17:00:00, 3.58043e-11
8154, 2016-09-04 18:00:00, 3.57106e-11
8155, 2016-09-04 19:00:00, 3.56171e-11
8156, 2016-09-04 20:00:00, 3.55239e-11
8157, 2016-09-04 21:00:00, 3.54309e-11
8158, 2016-09-04 22:00:00, 3.53382e-11
8159, 2016-09-04 23:00:00, 3.52457e-11
8160, 2016-09-05 00:00:00, 3.51534e-11
8161, 2016-09-05 01:00:00, 3.50614e-11
8162, 2016-09-05 02:00:00, 3.49697e-11
8163, 2016-09-05 03:00:00, 3.48781e-11
8164, 2016-09-05 04:00:00, 3.47869e-11
8165, 2016-09-05 05:00:00, 3.46958e-11
8166, 2016-09-05 06:00:00, 3.4605e-11
8167, 2016-09-05 07:00:00, 3.45144e-11
8168, 2016-09-05 08:00:00, 3.4424e-11
8169, 2016-09-05 09:00:00, 3.4334e-11
8170, 2016-09-05 10:00:00, 3.42441e-11
8171, 2016-09-05 11:00:00, 3.41545e-11
8172, 2016-09-05 12:00:00, 3.40651e-11
8173, 2016-09-05 13:00:00, 3.39759e-11
8174, 2016-09-05 14:00:00, 3.3887e-11
8175, 2016-09-05 15:00:00, 3.37983e-11
8176, 2016-09-05 16:00:00, 3.37098e-11
8177, 2016-09-05 17:00:00, 3.36216e-11
8178, 2016-09-05 18:00:00, 3.35336e-11
8179, 2016-09-05 19:00:00, 3.34458e-11
8180, 2016-09-05 20:00:00, 3.33583e-11
8181, 2016-09-05 21:00:00, 3.3271e-11
8182, 2016-09-05 22:00:00, 3.31839e-11
8183, 2016-09-05 23:00:00, 3.3097e-11
8184, 2016-09-06 00:00:00, 3.30104e-11
8185, 2016-09-06 01:00:00, 3.2924e-11
8186, 2016-09-06 02:00:00, 3.28378e-11
8187, 2016-09-06 03:00:00, 3.27518e-11
8188, 2016-09-06 04:00:00, 3.26662e-11
8189, 2016-09-06 05:00:00, 3.25806e-11
8190, 2016-09-06 06:00:00, 3.24954e-11
8191, 2016-09-06 07:00:00, 3.24103e-11
8192, 2016-09-06 08:00:00, 3.23255e-11
8193, 2016-09-06 09:00:00, 3.22409e-11
8194, 2016-09-06 10:00:00, 3.21565e-11
8195, 2016-09-06 11:00:00, 3.20723e-11
8196, 2016-09-06 12:00:00, 3.19884e-11
8197, 2016-09-06 13:00:00, 3.19046e-11
8198, 2016-09-06 14:00:00, 3.18211e-11
8199, 2016-09-06 15:00:00, 3.17378e-11
8200, 2016-09-06 16:00:00, 3.16548e-11
8201, 2016-09-06 17:00:00, 3.15719e-11
8202, 2016-09-06 18:00:00, 3.14893e-11
8203, 2016-09-06 19:00:00, 3.14069e-11
8204, 2016-09-06 20:00:00, 3.13247e-11
8205, 2016-09-06 21:00:00, 3.12427e-11
8206, 2016-09-06 22:00:00, 3.11609e-11
8207, 2016-09-06 23:00:00, 0.00022324
8208, 2016-09-07 00:00:00, 0.000121513
8209, 2016-09-07 01:00:00, 0.000161597
8210, 2016-09-07 02:00:00, 3.97008e-05
8211, 2016-09-07 03:00:00, 2.59309e-05
8212, 2016-09-07 04:00:00, 3.06747e-11
8213, 2016-09-07 05:00:00, 3.05945e-11
8214, 2016-09-07 06:00:00, 3.05144e-11
8215, 2016-09-07 07:00:00, 3.04345e-11
8216, 2016-09-07 08:00:00, 3.03548e-11
8217, 2016-09-07 09:00:00, 3.02754e-11
8218, 2016-09-07 10:00:00, 1.65435e-08
8219, 2016-09-07 11:00:00, 2.19226e-08
8220, 2016-09-07 12:00:00, 0.000553901
8221, 2016-09-07 13:00:00, 0.000251773
8222, 2016-09-07 14:00:00, 0.000201414
8223, 2016-09-07 15:00:00, 2.9803e-11
8224, 2016-09-07 16:00:00, 2.9725e-11
8225, 2016-09-07 17:00:00, 2.96472e-11
8226, 2016-09-07 18:00:00, 2.95696e-11
8227, 2016-09-07 19:00:00, 2.94923e-11
8228, 2016-09-07 20:00:00, 2.9415e-11
8229, 2016-09-07 21:00:00, 2.9338e-11
8230, 2016-09-07 22:00:00, 1.47357e-06
8231, 2016-09-07 23:00:00, 4.76626e-06
8232, 2016-09-08 00:00:00, 2.39788e-06
8233, 2016-09-08 01:00:00, 1.48964e-06
8234, 2016-09-08 02:00:00, 2.89561e-11
8235, 2016-09-08 03:00:00, 2.88803e-11
8236, 2016-09-08 04:00:00, 2.88047e-11
8237, 2016-09-08 05:00:00, 2.87294e-11
8238, 2016-09-08 06:00:00, 2.86542e-11
8239, 2016-09-08 07:00:00, 2.85791e-11
8240, 2016-09-08 08:00:00, 2.85043e-11
8241, 2016-09-08 09:00:00, 2.84297e-11
8242, 2016-09-08 10:00:00, 2.83553e-11
8243, 2016-09-08 11:00:00, 2.82811e-11
8244, 2016-09-08 12:00:00, 2.82071e-11
8245, 2016-09-08 13:00:00, 2.81332e-11
8246, 2016-09-08 14:00:00, 2.80596e-11
8247, 2016-09-08 15:00:00, 2.79862e-11
8248, 2016-09-08 16:00:00, 2.79129e-11
8249, 2016-09-08 17:00:00, 2.78398e-11
8250, 2016-09-08 18:00:00, 2.7767e-11
8251, 2016-09-08 19:00:00, 2.76943e-11
8252, 2016-09-08 20:00:00, 2.76218e-11
8253, 2016-09-08 21:00:00, 2.75495e-11
8254, 2016-09-08 22:00:00, 2.74774e-11
8255, 2016-09-08 23:00:00, 2.74055e-11
8256, 2016-09-09 00:00:00, 2.73338e-11
8257, 2016-09-09 01:00:00, 2.72622e-11
8258, 2016-09-09 02:00:00, 2.71909e-11
8259, 2016-09-09 03:00:00, 2.71197e-11
8260, 2016-09-09 04:00:00, 2.70487e-11
8261, 2016-09-09 05:00:00, 2.69779e-11
8262, 2016-09-09 06:00:00, 2.69073e-11
8263, 2016-09-09 07:00:00, 2.68369e-11
8264, 2016-09-09 08:00:00, 2.67666e-11
8265, 2016-09-09 09:00:00, 2.66966e-11
8266, 2016-09-09 10:00:00, 7.62602e-09
8267, 2016-09-09 11:00:00, 3.48083e-09
8268, 2016-09-09 12:00:00, 2.7899e-09
8269, 2016-09-09 13:00:00, 2.64181e-11
8270, 2016-09-09 14:00:00, 2.6349e-11
8271, 2016-09-09 15:00:00, 2.628e-11
8272, 2016-09-09 16:00:00, 2.62112e-11
8273, 2016-09-09 17:00:00, 2.61427e-11
8274, 2016-09-09 18:00:00, 2.60742e-11
8275, 2016-09-09 19:00:00, 2.6006e-11
8276, 2016-09-09 20:00:00, 2.59379e-11
8277, 2016-09-09 21:00:00, 2.587e-11
8278, 2016-09-09 22:00:00, 2.58023e-11
8279, 2016-09-09 23:00:00, 2.57348e-11
8280, 2016-09-10 00:00:00, 2.56674e-11
8281, 2016-09-10 01:00:00, 2.56003e-11
8282, 2016-09-10 02:00:00, 2.55333e-11
8283, 2016-09-10 03:00:00, 2.54664e-11
8284, 2016-09-10 04:00:00, 2.53998e-11
8285, 2016-09-10 05:00:00, 2.53332e-11
8286, 2016-09-10 06:00:00, 2.5267e-11
8287, 2016-09-10 07:00:00, 2.52008e-11
8288, 2016-09-10 08:00:00, 2.51349e-11
8289, 2016-09-10 09:00:00, 2.50691e-11
8290, 2016-09-10 10:00:00, 2.50034e-11
8291, 2016-09-10 11:00:00, 2.4938e-11
8292, 2016-09-10 12:00:00, 2.48727e-11
8293, 2016-09-10 13:00:00, 2.48076e-11
8294, 2016-09-10 14:00:00, 2.47427e-11
8295, 2016-09-10 15:00:00, 3.39977e-06
8296, 2016-09-10 16:00:00, 1.54536e-06
8297, 2016-09-10 17:00:00, 1.23629e-06
8298, 2016-09-10 18:00:00, 2.44847e-11
8299, 2016-09-10 19:00:00, 2.44206e-11
8300, 2016-09-10 20:00:00, 2.43567e-11
8301, 2016-09-10 21:00:00, 2.42929e-11
8302, 2016-09-10 22:00:00, 2.42293e-11
8303, 2016-09-10 23:00:00, 2.41659e-11
8304, 2016-09-11 00:00:00, 2.41027e-11
8305, 2016-09-11 01:00:00, 2.40396e-11
8306, 2016-09-11 02:00:00, 2.39766e-11
8307, 2016-09-11 03:00:00, 2.39139e-11
8308, 2016-09-11 04:00:00, 2.38513e-11
8309, 2016-09-11 05:00:00, 2.37889e-11
8310, 2016-09-11 06:00:00, 2.37266e-11
8311, 2016-09-11 07:00:00, 2.36645e-11
8312, 2016-09-11 08:00:00, 2.36026e-11
8313, 2016-09-11 09:00:00, 2.35408e-11
8314, 2016-09-11 10:00:00, 2.34792e-11
8315, 2016-09-11 11:00:00, 2.34177e-11
8316, 2016-09-11 12:00:00, 2.33564e-11
8317, 2016-09-11 13:00:00, 2.32953e-11
8318, 2016-09-11 14:00:00, 2.32343e-11
8319, 2016-09-11 15:00:00, 0.00292831
8320, 2016-09-11 16:00:00, 0.00133105
8321, 2016-09-11 17:00:00, 0.00106484
8322, 2016-09-11 18:00:00, 2.2992e-11
8323, 2016-09-11 19:00:00, 2.29319e-11
8324, 2016-09-11 20:00:00, 2.28718e-11
8325, 2016-09-11 21:00:00, 2.2812e-11
8326, 2016-09-11 22:00:00, 2.27522e-11
8327, 2016-09-11 23:00:00, 2.26927e-11
8328, 2016-09-12 00:00:00, 2.26333e-11
8329, 2016-09-12 01:00:00, 2.25741e-11
8330, 2016-09-12 02:00:00, 2.2515e-11
8331, 2016-09-12 03:00:00, 2.2456e-11
8332, 2016-09-12 04:00:00, 2.23973e-11
8333, 2016-09-12 05:00:00, 2.23386e-11
8334, 2016-09-12 06:00:00, 2.22802e-11
8335, 2016-09-12 07:00:00, 2.22219e-11
8336, 2016-09-12 08:00:00, 2.21637e-11
8337, 2016-09-12 09:00:00, 2.21057e-11
8338, 2016-09-12 10:00:00, 2.20478e-11
8339, 2016-09-12 11:00:00, 2.19901e-11
8340, 2016-09-12 12:00:00, 2.19325e-11
8341, 2016-09-12 13:00:00, 2.18752e-11
8342, 2016-09-12 14:00:00, 2.18179e-11
8343, 2016-09-12 15:00:00, 2.17608e-11
8344, 2016-09-12 16:00:00, 2.17038e-11
8345, 2016-09-12 17:00:00, 2.1647e-11
8346, 2016-09-12 18:00:00, 2.15904e-11
8347, 2016-09-12 19:00:00, 2.15339e-11
8348, 2016-09-12 20:00:00, 2.14775e-11
8349, 2016-09-12 21:00:00, 2.14213e-11
8350, 2016-09-12 22:00:00, 2.13652e-11
8351, 2016-09-12 23:00:00, 2.13093e-11
8352, 2016-09-13 00:00:00, 2.12535e-11
8353, 2016-09-13 01:00:00, 2.11979e-11
8354, 2016-09-13 02:00:00, 2.11424e-11
8355, 2016-09-13 03:00:00, 2.10871e-11
8356, 2016-09-13 04:00:00, 2.10319e-11
8357, 2016-09-13 05:00:00, 2.09768e-11
8358, 2016-09-13 06:00:00, 2.09219e-11
8359, 2016-09-13 07:00:00, 2.08672e-11
8360, 2016-09-13 08:00:00, 2.08125e-11
8361, 2016-09-13 09:00:00, 2.07581e-11
8362, 2016-09-13 10:00:00, 2.07037e-11
8363, 2016-09-13 11:00:00, 2.06496e-11
8364, 2016-09-13 12:00:00, 2.05955e-11
8365, 2016-09-13 13:00:00, 2.05416e-11
8366, 2016-09-13 14:00:00, 2.04878e-11
8367, 2016-09-13 15:00:00, 2.04342e-11
8368, 2016-09-13 16:00:00, 2.03807e-11
8369, 2016-09-13 17:00:00, 2.03274e-11
8370, 2016-09-13 18:00:00, 2.02742e-11
8371, 2016-09-13 19:00:00, 2.02211e-11
8372, 2016-09-13 20:00:00, 2.01682e-11
8373, 2016-09-13 21:00:00, 2.01154e-11
8374, 2016-09-13 22:00:00, 2.00627e-11
8375, 2016-09-13 23:00:00, 2.00102e-11
8376, 2016-09-14 00:00:00, 1.99579e-11
8377, 2016-09-14 01:00:00, 1.99056e-11
8378, 2016-09-14 02:00:00, 1.98535e-11
8379, 2016-09-14 03:00:00, 1.98016e-11
8380, 2016-09-14 04:00:00, 1.97497e-11
8381, 2016-09-14 05:00:00, 1.9698e-11
8382, 2016-09-14 06:00:00, 1.96465e-11
8383, 2016-09-14 07:00:00, 1.9595e-11
8384, 2016-09-14 08:00:00, 1.95437e-11
8385, 2016-09-14 09:00:00, 1.94926e-11
8386, 2016-09-14 10:00:00, 1.94416e-11
8387, 2016-09-14 11:00:00, 1.93907e-11
8388, 2016-09-14 12:00:00, 1.93399e-11
8389, 2016-09-14 13:00:00, 1.92893e-11
8390, 2016-09-14 14:00:00, 1.92388e-11
8391, 2016-09-14 15:00:00, 1.91885e-11
8392, 2016-09-14 16:00:00, 1.91382e-11
8393, 2016-09-14 17:00:00, 1.90882e-11
8394, 2016-09-14 18:00:00, 1.90382e-11
8395, 2016-09-14 19:00:00, 1.89884e-11
8396, 2016-09-14 20:00:00, 1.89387e-11
8397, 2016-09-14 21:00:00, 6.47363e-06
8398, 2016-09-14 22:00:00, 2.94257e-06
8399, 2016-09-14 23:00:00, 2.35406e-06
8400, 2016-09-15 00:00:00, 1.87412e-11
8401, 2016-09-15 01:00:00, 1.86921e-11
8402, 2016-09-15 02:00:00, 1.86432e-11
8403, 2016-09-15 03:00:00, 1.85944e-11
8404, 2016-09-15 04:00:00, 1.85457e-11
8405, 2016-09-15 05:00:00, 1.84972e-11
8406, 2016-09-15 06:00:00, 1.84488e-11
8407, 2016-09-15 07:00:00, 1.84005e-11
8408, 2016-09-15 08:00:00, 1.83523e-11
8409, 2016-09-15 09:00:00, 1.83043e-11
8410, 2016-09-15 10:00:00, 1.82564e-11
8411, 2016-09-15 11:00:00, 1.82086e-11
8412, 2016-09-15 12:00:00, 1.81609e-11
8413, 2016-09-15 13:00:00, 1.81134e-11
8414, 2016-09-15 14:00:00, 1.8066e-11
8415, 2016-09-15 15:00:00, 1.80187e-11
8416, 2016-09-15 16:00:00, 1.79715e-11
8417, 2016-09-15 17:00:00, 1.79245e-11
8418, 2016-09-15 18:00:00, 1.78776e-11
8419, 2016-09-15 19:00:00, 1.78308e-11
8420, 2016-09-15 20:00:00, 1.77841e-11
8421, 2016-09-15 21:00:00, 1.77376e-11
8422, 2016-09-15 22:00:00, 1.76911e-11
8423, 2016-09-15 23:00:00, 1.76448e-11
8424, 2016-09-16 00:00:00, 1.75987e-11
8425, 2016-09-16 01:00:00, 1.75526e-11
8426, 2016-09-16 02:00:00, 1.75066e-11
8427, 2016-09-16 03:00:00, 1.74608e-11
8428, 2016-09-16 04:00:00, 1.74151e-11
8429, 2016-09-16 05:00:00, 1.73695e-11
8430, 2016-09-16 06:00:00, 1.73241e-11
8431, 2016-09-16 07:00:00, 1.72788e-11
8432, 2016-09-16 08:00:00, 1.72335e-11
8433, 2016-09-16 09:00:00, 1.71884e-11
8434, 2016-09-16 10:00:00, 1.71434e-11
8435, 2016-09-16 11:00:00, 1.70985e-11
8436, 2016-09-16 12:00:00, 1.70538e-11
8437, 2016-09-16 13:00:00, 1.70092e-11
8438, 2016-09-16 14:00:00, 1.69646e-11
8439, 2016-09-16 15:00:00, 1.69203e-11
8440, 2016-09-16 16:00:00, 1.68759e-11
8441, 2016-09-16 17:00:00, 1.68318e-11
8442, 2016-09-16 18:00:00, 1.67877e-11
8443, 2016-09-16 19:00:00, 1.67438e-11
8444, 2016-09-16 20:00:00, 1.67e-11
8445, 2016-09-16 21:00:00, 1.66562e-11
8446, 2016-09-16 22:00:00, 1.66126e-11
8447, 2016-09-16 23:00:00, 1.65692e-11
8448, 2016-09-17 00:00:00, 1.65258e-11
8449, 2016-09-17 01:00:00, 1.64825e-11
8450, 2016-09-17 02:00:00, 1.64394e-11
8451, 2016-09-17 03:00:00, 1.63964e-11
8452, 2016-09-17 04:00:00, 1.63534e-11
8453, 2016-09-17 05:00:00, 1.63106e-11
8454, 2016-09-17 06:00:00, 1.6268e-11
8455, 2016-09-17 07:00:00, 1.62254e-11
8456, 2016-09-17 08:00:00, 1.61829e-11
8457, 2016-09-17 09:00:00, 1.61406e-11
8458, 2016-09-17 10:00:00, 1.60983e-11
8459, 2016-09-17 11:00:00, 1.60562e-11
8460, 2016-09-17 12:00:00, 1.60142e-11
8461, 2016-09-17 13:00:00, 1.59723e-11
8462, 2016-09-17 14:00:00, 1.59305e-11
8463, 2016-09-17 15:00:00, 1.58888e-11
8464, 2016-09-17 16:00:00, 1.58472e-11
8465, 2016-09-17 17:00:00, 1.58057e-11
8466, 2016-09-17 18:00:00, 1.57643e-11
8467, 2016-09-17 19:00:00, 1.57231e-11
8468, 2016-09-17 20:00:00, 1.56819e-11
8469, 2016-09-17 21:00:00, 1.56408e-11
8470, 2016-09-17 22:00:00, 1.55999e-11
8471, 2016-09-17 23:00:00, 1.55591e-11
8472, 2016-09-18 00:00:00, 1.55183e-11
8473, 2016-09-18 01:00:00, 1.54777e-11
8474, 2016-09-18 02:00:00, 1.54372e-11
8475, 2016-09-18 03:00:00, 1.53968e-11
8476, 2016-09-18 04:00:00, 1.53565e-11
8477, 2016-09-18 05:00:00, 1.53163e-11
8478, 2016-09-18 06:00:00, 2.35931e-09
8479, 2016-09-18 07:00:00, 1.0807e-09
8480, 2016-09-18 08:00:00, 8.67571e-10
8481, 2016-09-18 09:00:00, 4.71206e-09
8482, 2016-09-18 10:00:00, 2.39011e-08
8483, 2016-09-18 11:00:00, 1.95812e-08
8484, 2016-09-18 12:00:00, 1.15478e-08
8485, 2016-09-18 13:00:00, 2.91364e-09
8486, 2016-09-18 14:00:00, 1.49593e-11
8487, 2016-09-18 15:00:00, 1.49201e-11
8488, 2016-09-18 16:00:00, 1.48811e-11
8489, 2016-09-18 17:00:00, 1.48421e-11
8490, 2016-09-18 18:00:00, 1.48033e-11
8491, 2016-09-18 19:00:00, 1.47645e-11
8492, 2016-09-18 20:00:00, 1.47259e-11
8493, 2016-09-18 21:00:00, 1.46874e-11
8494, 2016-09-18 22:00:00, 1.46489e-11
8495, 2016-09-18 23:00:00, 1.46105e-11
8496, 2016-09-19 00:00:00, 1.45723e-11
8497, 2016-09-19 01:00:00, 1.45342e-11
8498, 2016-09-19 02:00:00, 1.44961e-11
8499, 2016-09-19 03:00:00, 1.44582e-11
8500, 2016-09-19 04:00:00, 1.44203e-11
8501, 2016-09-19 05:00:00, 1.43826e-11
8502, 2016-09-19 06:00:00, 1.43449e-11
8503, 2016-09-19 07:00:00, 1.43074e-11
8504, 2016-09-19 08:00:00, 1.42699e-11
8505, 2016-09-19 09:00:00, 1.42326e-11
8506, 2016-09-19 10:00:00, 7.70216e-09
8507, 2016-09-19 11:00:00, 3.50869e-09
8508, 2016-09-19 12:00:00, 2.80974e-09
8509, 2016-09-19 13:00:00, 1.40842e-11
8510, 2016-09-19 14:00:00, 0.00158706
8511, 2016-09-19 15:00:00, 0.000829038
8512, 2016-09-19 16:00:00, 0.00273126
8513, 2016-09-19 17:00:00, 0.0215837
8514, 2016-09-19 18:00:00, 0.0747251
8515, 2016-09-19 19:00:00, 0.0441398
8516, 2016-09-19 20:00:00, 0.0268047
8517, 2016-09-19 21:00:00, 0.00265056
8518, 2016-09-19 22:00:00, 1.37559e-11
8519, 2016-09-19 23:00:00, 1.37198e-11
8520, 2016-09-20 00:00:00, 1.36839e-11
8521, 2016-09-20 01:00:00, 1.36481e-11
8522, 2016-09-20 02:00:00, 1.36124e-11
8523, 2016-09-20 03:00:00, 1.35768e-11
8524, 2016-09-20 04:00:00, 1.35413e-11
8525, 2016-09-20 05:00:00, 1.35058e-11
8526, 2016-09-20 06:00:00, 1.34704e-11
8527, 2016-09-20 07:00:00, 1.34352e-11
8528, 2016-09-20 08:00:00, 1.34e-11
8529, 2016-09-20 09:00:00, 1.3365e-11
8530, 2016-09-20 10:00:00, 1.333e-11
8531, 2016-09-20 11:00:00, 1.32951e-11
8532, 2016-09-20 12:00:00, 1.32602e-11
8533, 2016-09-20 13:00:00, 1.32255e-11
8534, 2016-09-20 14:00:00, 1.3191e-11
8535, 2016-09-20 15:00:00, 1.31564e-11
8536, 2016-09-20 16:00:00, 1.3122e-11
8537, 2016-09-20 17:00:00, 1.30877e-11
8538, 2016-09-20 18:00:00, 1.30534e-11
8539, 2016-09-20 19:00:00, 1.30192e-11
8540, 2016-09-20 20:00:00, 1.29851e-11
8541, 2016-09-20 21:00:00, 1.29512e-11
8542, 2016-09-20 22:00:00, 1.29173e-11
8543, 2016-09-20 23:00:00, 1.28834e-11
8544, 2016-09-21 00:00:00, 1.28497e-11
8545, 2016-09-21 01:00:00, 1.28161e-11
8546, 2016-09-21 02:00:00, 1.27826e-11
8547, 2016-09-21 03:00:00, 1.27491e-11
8548, 2016-09-21 04:00:00, 1.27157e-11
8549, 2016-09-21 05:00:00, 1.26824e-11
8550, 2016-09-21 06:00:00, 1.26492e-11
8551, 2016-09-21 07:00:00, 1.26162e-11
8552, 2016-09-21 08:00:00, 1.25831e-11
8553, 2016-09-21 09:00:00, 1.25502e-11
8554, 2016-09-21 10:00:00, 1.25173e-11
8555, 2016-09-21 11:00:00, 1.24846e-11
8556, 2016-09-21 12:00:00, 1.24519e-11
8557, 2016-09-21 13:00:00, 1.24193e-11
8558, 2016-09-21 14:00:00, 1.23868e-11
8559, 2016-09-21 15:00:00, 1.23544e-11
8560, 2016-09-21 16:00:00, 1.2322e-11
8561, 2016-09-21 17:00:00, 1.22898e-11
8562, 2016-09-21 18:00:00, 1.22576e-11
8563, 2016-09-21 19:00:00, 1.22255e-11
8564, 2016-09-21 20:00:00, 1.21936e-11
8565, 2016-09-21 21:00:00, 1.21616e-11
8566, 2016-09-21 22:00:00, 1.21298e-11
8567, 2016-09-21 23:00:00, 1.2098e-11
8568, 2016-09-22 00:00:00, 1.20664e-11
8569, 2016-09-22 01:00:00, 1.20348e-11
8570, 2016-09-22 02:00:00, 1.20033e-11
8571, 2016-09-22 03:00:00, 1.19719e-11
8572, 2016-09-22 04:00:00, 1.19405e-11
8573, 2016-09-22 05:00:00, 1.19093e-11
8574, 2016-09-22 06:00:00, 1.18781e-11
8575, 2016-09-22 07:00:00, 1.1847e-11
8576, 2016-09-22 08:00:00, 1.1816e-11
8577, 2016-09-22 09:00:00, 1.17851e-11
8578, 2016-09-22 10:00:00, 1.17542e-11
8579, 2016-09-22 11:00:00, 1.17235e-11
8580, 2016-09-22 12:00:00, 1.16928e-11
8581, 2016-09-22 13:00:00, 1.16622e-11
8582, 2016-09-22 14:00:00, 1.16317e-11
8583, 2016-09-22 15:00:00, 1.16012e-11
8584, 2016-09-22 16:00:00, 1.15708e-11
8585, 2016-09-22 17:00:00, 1.15406e-11
8586, 2016-09-22 18:00:00, 1.15103e-11
8587, 2016-09-22 19:00:00, 1.14802e-11
8588, 2016-09-22 20:00:00, 1.14502e-11
8589, 2016-09-22 21:00:00, 1.14202e-11
8590, 2016-09-22 22:00:00, 1.13903e-11
8591, 2016-09-22 23:00:00, 1.13605e-11
8592, 2016-09-23 00:00:00, 1.13308e-11
8593, 2016-09-23 01:00:00, 1.13011e-11
8594, 2016-09-23 02:00:00, 1.12715e-11
8595, 2016-09-23 03:00:00, 1.12421e-11
8596, 2016-09-23 04:00:00, 1.12126e-11
8597, 2016-09-23 05:00:00, 1.11833e-11
8598, 2016-09-23 06:00:00, 1.1154e-11
8599, 2016-09-23 07:00:00, 1.11248e-11
8600, 2016-09-23 08:00:00, 1.10957e-11
8601, 2016-09-23 09:00:00, 1.10666e-11
8602, 2016-09-23 10:00:00, 1.10377e-11
8603, 2016-09-23 11:00:00, 1.10088e-11
8604, 2016-09-23 12:00:00, 1.098e-11
8605, 2016-09-23 13:00:00, 1.09512e-11
8606, 2016-09-23 14:00:00, 1.09226e-11
8607, 2016-09-23 15:00:00, 1.0894e-11
8608, 2016-09-23 16:00:00, 1.08655e-11
8609, 2016-09-23 17:00:00, 1.0837e-11
8610, 2016-09-23 18:00:00, 1.08086e-11
8611, 2016-09-23 19:00:00, 1.07804e-11
8612, 2016-09-23 20:00:00, 1.07521e-11
8613, 2016-09-23 21:00:00, 1.0724e-11
8614, 2016-09-23 22:00:00, 1.0696e-11
8615, 2016-09-23 23:00:00, 1.06679e-11
8616, 2016-09-24 00:00:00, 1.064e-11
8617, 2016-09-24 01:00:00, 1.06122e-11
8618, 2016-09-24 02:00:00, 0.0139003
8619, 2016-09-24 03:00:00, 0.00634258
8620, 2016-09-24 04:00:00, 0.0066866
8621, 2016-09-24 05:00:00, 0.00799164
8622, 2016-09-24 06:00:00, 0.0060806
8623, 2016-09-24 07:00:00, 0.0036338
8624, 2016-09-24 08:00:00, 0.0007991
8625, 2016-09-24 09:00:00, 1.0392e-11
8626, 2016-09-24 10:00:00, 1.03648e-11
8627, 2016-09-24 11:00:00, 1.03377e-11
8628, 2016-09-24 12:00:00, 1.03106e-11
8629, 2016-09-24 13:00:00, 1.02836e-11
8630, 2016-09-24 14:00:00, 1.02567e-11
8631, 2016-09-24 15:00:00, 1.02299e-11
8632, 2016-09-24 16:00:00, 1.02031e-11
8633, 2016-09-24 17:00:00, 1.01764e-11
8634, 2016-09-24 18:00:00, 1.01497e-11
8635, 2016-09-24 19:00:00, 1.01232e-11
8636, 2016-09-24 20:00:00, 1.00967e-11
8637, 2016-09-24 21:00:00, 1.00702e-11
8638, 2016-09-24 22:00:00, 1.00439e-11
8639, 2016-09-24 23:00:00, 1.00176e-11
8640, 2016-09-25 00:00:00, 9.99136e-12
8641, 2016-09-25 01:00:00, 9.96524e-12
8642, 2016-09-25 02:00:00, 9.93912e-12
8643, 2016-09-25 03:00:00, 9.91311e-12
8644, 2016-09-25 04:00:00, 9.8872e-12
8645, 2016-09-25 05:00:00, 9.8613e-12
8646, 2016-09-25 06:00:00, 9.8355e-12
8647, 2016-09-25 07:00:00, 9.80977e-12
8648, 2016-09-25 08:00:00, 9.78408e-12
8649, 2016-09-25 09:00:00, 9.75845e-12
8650, 2016-09-25 10:00:00, 9.73293e-12
8651, 2016-09-25 11:00:00, 9.70746e-12
8652, 2016-09-25 12:00:00, 9.68205e-12
8653, 2016-09-25 13:00:00, 9.65669e-12
8654, 2016-09-25 14:00:00, 9.63145e-12
8655, 2016-09-25 15:00:00, 9.6062e-12
8656, 2016-09-25 16:00:00, 9.58106e-12
8657, 2016-09-25 17:00:00, 9.55598e-12
8658, 2016-09-25 18:00:00, 9.531e-12
8659, 2016-09-25 19:00:00, 9.50603e-12
8660, 2016-09-25 20:00:00, 9.48116e-12
8661, 2016-09-25 21:00:00, 9.45635e-12
8662, 2016-09-25 22:00:00, 9.43159e-12
8663, 2016-09-25 23:00:00, 9.40689e-12
8664, 2016-09-26 00:00:00, 9.3823e-12
8665, 2016-09-26 01:00:00, 9.35771e-12
8666, 2016-09-26 02:00:00, 9.33323e-12
8667, 2016-09-26 03:00:00, 9.3088e-12
8668, 2016-09-26 04:00:00, 9.28442e-12
8669, 2016-09-26 05:00:00, 9.26011e-12
8670, 2016-09-26 06:00:00, 9.2359e-12
8671, 2016-09-26 07:00:00, 9.21174e-12
8672, 2016-09-26 08:00:00, 9.18759e-12
8673, 2016-09-26 09:00:00, 9.16354e-12
8674, 2016-09-26 10:00:00, 9.13955e-12
8675, 2016-09-26 11:00:00, 9.11567e-12
8676, 2016-09-26 12:00:00, 9.09179e-12
8677, 2016-09-26 13:00:00, 9.06801e-12
8678, 2016-09-26 14:00:00, 9.04424e-12
8679, 2016-09-26 15:00:00, 9.02058e-12
8680, 2016-09-26 16:00:00, 8.99697e-12
8681, 2016-09-26 17:00:00, 8.97342e-12
8682, 2016-09-26 18:00:00, 8.94992e-12
8683, 2016-09-26 19:00:00, 8.92653e-12
8684, 2016-09-26 20:00:00, 8.90314e-12
8685, 2016-09-26 21:00:00, 8.87986e-12
8686, 2016-09-26 22:00:00, 8.85663e-12
8687, 2016-09-26 23:00:00, 8.83341e-12
8688, 2016-09-27 00:00:00, 8.81029e-12
8689, 2016-09-27 01:00:00, 8.78723e-12
8690, 2016-09-27 02:00:00, 8.76428e-12
8691, 2016-09-27 03:00:00, 8.74132e-12
8692, 2016-09-27 04:00:00, 8.71843e-12
8693, 2016-09-27 05:00:00, 8.69564e-12
8694, 2016-09-27 06:00:00, 8.67285e-12
8695, 2016-09-27 07:00:00, 8.65017e-12
8696, 2016-09-27 08:00:00, 8.62749e-12
8697, 2016-09-27 09:00:00, 0.000419136
8698, 2016-09-27 10:00:00, 0.0434902
8699, 2016-09-27 11:00:00, 0.0593077
8700, 2016-09-27 12:00:00, 0.0336879
8701, 2016-09-27 13:00:00, 0.0143541
8702, 2016-09-27 14:00:00, 8.49289e-12
8703, 2016-09-27 15:00:00, 8.47065e-12
8704, 2016-09-27 16:00:00, 8.44851e-12
8705, 2016-09-27 17:00:00, 8.42638e-12
8706, 2016-09-27 18:00:00, 8.40436e-12
8707, 2016-09-27 19:00:00, 8.38233e-12
8708, 2016-09-27 20:00:00, 8.36042e-12
8709, 2016-09-27 21:00:00, 8.33851e-12
8710, 2016-09-27 22:00:00, 8.3167e-12
8711, 2016-09-27 23:00:00, 8.2949e-12
8712, 2016-09-28 00:00:00, 8.2732e-12
8713, 2016-09-28 01:00:00, 8.25156e-12
8714, 2016-09-28 02:00:00, 8.22997e-12
8715, 2016-09-28 03:00:00, 8.20844e-12
8716, 2016-09-28 04:00:00, 8.18691e-12
8717, 2016-09-28 05:00:00, 1.49116e-08
8718, 2016-09-28 06:00:00, 2.41563e-08
8719, 2016-09-28 07:00:00, 1.66906e-08
8720, 2016-09-28 08:00:00, 1.45955e-08
8721, 2016-09-28 09:00:00, 6.61684e-09
8722, 2016-09-28 10:00:00, 1.04682e-07
8723, 2016-09-28 11:00:00, 4.73003e-08
8724, 2016-09-28 12:00:00, 3.70068e-08
8725, 2016-09-28 13:00:00, 1.76204e-10
8726, 2016-09-28 14:00:00, 7.97514e-12
8727, 2016-09-28 15:00:00, 7.95427e-12
8728, 2016-09-28 16:00:00, 7.93345e-12
8729, 2016-09-28 17:00:00, 7.91268e-12
8730, 2016-09-28 18:00:00, 7.89197e-12
8731, 2016-09-28 19:00:00, 7.87131e-12
8732, 2016-09-28 20:00:00, 7.85071e-12
8733, 2016-09-28 21:00:00, 7.83016e-12
8734, 2016-09-28 22:00:00, 7.80967e-12
8735, 2016-09-28 23:00:00, 7.78923e-12
8736, 2016-09-29 00:00:00, 7.76884e-12
8737, 2016-09-29 01:00:00, 7.74851e-12
8738, 2016-09-29 02:00:00, 7.72824e-12
8739, 2016-09-29 03:00:00, 7.70802e-12
8740, 2016-09-29 04:00:00, 7.68785e-12
8741, 2016-09-29 05:00:00, 7.66769e-12
8742, 2016-09-29 06:00:00, 7.64763e-12
8743, 2016-09-29 07:00:00, 7.62763e-12
8744, 2016-09-29 08:00:00, 7.60768e-12
8745, 2016-09-29 09:00:00, 7.58774e-12
8746, 2016-09-29 10:00:00, 7.5679e-12
8747, 2016-09-29 11:00:00, 7.54806e-12
8748, 2016-09-29 12:00:00, 7.52833e-12
8749, 2016-09-29 13:00:00, 7.50861e-12
8750, 2016-09-29 14:00:00, 7.48899e-12
8751, 2016-09-29 15:00:00, 7.46937e-12
8752, 2016-09-29 16:00:00, 7.4498e-12
8753, 2016-09-29 17:00:00, 7.43029e-12
8754, 2016-09-29 18:00:00, 7.41089e-12
8755, 2016-09-29 19:00:00, 7.39149e-12
8756, 2016-09-29 20:00:00, 7.37215e-12
8757, 2016-09-29 21:00:00, 7.3528e-12
8758, 2016-09-29 22:00:00, 7.33357e-12
8759, 2016-09-29 23:00:00, 7.31438e-12
8760, 2016-09-30 00:00:00, 7.29526e-12
8761, 2016-09-30 01:00:00, 7.27613e-12
8762, 2016-09-30 02:00:00, 7.25711e-12
8763, 2016-09-30 03:00:00, 7.23809e-12
8764, 2016-09-30 04:00:00, 7.21918e-12
8765, 2016-09-30 05:00:00, 7.20028e-12
8766, 2016-09-30 06:00:00, 7.18142e-12
8767, 2016-09-30 07:00:00, 7.16262e-12
8768, 2016-09-30 08:00:00, 7.14388e-12
8769, 2016-09-30 09:00:00, 7.12519e-12
8770, 2016-09-30 10:00:00, 7.10655e-12
8771, 2016-09-30 11:00:00, 7.08792e-12
8772, 2016-09-30 12:00:00, 7.06939e-12
8773, 2016-09-30 13:00:00, 7.05087e-12
8774, 2016-09-30 14:00:00, 7.03239e-12
8775, 2016-09-30 15:00:00, 7.01403e-12
8776, 2016-09-30 16:00:00, 6.99567e-12
8777, 2016-09-30 17:00:00, 6.97736e-12
8778, 2016-09-30 18:00:00, 0.000411675
8779, 2016-09-30 19:00:00, 0.00129639
8780, 2016-09-30 20:00:00, 0.000701188
8781, 2016-09-30 21:00:00, 0.000563678
8782, 2016-09-30 22:00:00, 8.0292e-05
8783, 2016-09-30 23:00:00, 0.000262548
8784, 2016-10-01 00:00:00, 0.00200512
8785, 2016-10-01 01:00:00, 0.00102188
8786, 2016-10-01 02:00:00, 0.000858468
8787, 2016-10-01 03:00:00, 0.000219234
8788, 2016-10-01 04:00:00, 0.00392004
8789, 2016-10-01 05:00:00, 0.0019366
8790, 2016-10-01 06:00:00, 0.00490059
8791, 2016-10-01 07:00:00, 0.00166385
8792, 2016-10-01 08:00:00, 0.0013077
8793, 2016-10-01 09:00:00, 0.000421764
8794, 2016-10-01 10:00:00, 0.000608946
8795, 2016-10-01 11:00:00, 0.000332008
8796, 2016-10-01 12:00:00, 0.000152178
8797, 2016-10-01 13:00:00, 6.62105e-12
8798, 2016-10-01 14:00:00, 6.60373e-12
8799, 2016-10-01 15:00:00, 6.5864e-12
8800, 2016-10-01 16:00:00, 6.56919e-12
8801, 2016-10-01 17:00:00, 6.55198e-12
8802, 2016-10-01 18:00:00, 6.53482e-12
8803, 2016-10-01 19:00:00, 6.51771e-12
8804, 2016-10-01 20:00:00, 6.50066e-12
8805, 2016-10-01 21:00:00, 6.48366e-12
8806, 2016-10-01 22:00:00, 6.46667e-12
8807, 2016-10-01 23:00:00, 6.44978e-12
8808, 2016-10-02 00:00:00, 6.4329e-12
8809, 2016-10-02 01:00:00, 6.41606e-12
8810, 2016-10-02 02:00:00, 6.39923e-12
8811, 2016-10-02 03:00:00, 6.38251e-12
8812, 2016-10-02 04:00:00, 6.36579e-12
8813, 2016-10-02 05:00:00, 6.34912e-12
8814, 2016-10-02 06:00:00, 6.33251e-12
8815, 2016-10-02 07:00:00, 6.31595e-12
8816, 2016-10-02 08:00:00, 6.29939e-12
8817, 2016-10-02 09:00:00, 6.28294e-12
8818, 2016-10-02 10:00:00, 6.26649e-12
8819, 2016-10-02 11:00:00, 6.25009e-12
8820, 2016-10-02 12:00:00, 6.2337e-12
8821, 2016-10-02 13:00:00, 6.21741e-12
8822, 2016-10-02 14:00:00, 6.20113e-12
8823, 2016-10-02 15:00:00, 6.1849e-12
8824, 2016-10-02 16:00:00, 6.16872e-12
8825, 2016-10-02 17:00:00, 6.15255e-12
8826, 2016-10-02 18:00:00, 6.13648e-12
8827, 2016-10-02 19:00:00, 6.12041e-12
8828, 2016-10-02 20:00:00, 6.1044e-12
8829, 2016-10-02 21:00:00, 6.08839e-12
8830, 2016-10-02 22:00:00, 6.07249e-12
8831, 2016-10-02 23:00:00, 6.05658e-12
8832, 2016-10-03 00:00:00, 6.04073e-12
8833, 2016-10-03 01:00:00, 6.02489e-12
8834, 2016-10-03 02:00:00, 4.20262e-09
8835, 2016-10-03 03:00:00, 8.08397e-09
8836, 2016-10-03 04:00:00, 1.69714e-08
8837, 2016-10-03 05:00:00, 3.50209e-08
8838, 2016-10-03 06:00:00, 5.31851e-08
8839, 2016-10-03 07:00:00, 9.56036e-08
8840, 2016-10-03 08:00:00, 7.36077e-08
8841, 2016-10-03 09:00:00, 9.72757e-08
8842, 2016-10-03 10:00:00, 1.03953e-07
8843, 2016-10-03 11:00:00, 9.0411e-08
8844, 2016-10-03 12:00:00, 4.1822e-08
8845, 2016-10-03 13:00:00, 1.40717e-08
8846, 2016-10-03 14:00:00, 5.82307e-12
8847, 2016-10-03 15:00:00, 5.80782e-12
8848, 2016-10-03 16:00:00, 5.79263e-12
8849, 2016-10-03 17:00:00, 5.77749e-12
8850, 2016-10-03 18:00:00, 5.76235e-12
8851, 2016-10-03 19:00:00, 5.74727e-12
8852, 2016-10-03 20:00:00, 5.73224e-12
8853, 2016-10-03 21:00:00, 5.71721e-12
8854, 2016-10-03 22:00:00, 0.000215419
8855, 2016-10-03 23:00:00, 0.000822711
8856, 2016-10-04 00:00:00, 0.000407786
8857, 2016-10-04 01:00:00, 0.000263561
8858, 2016-10-04 02:00:00, 5.64278e-12
8859, 2016-10-04 03:00:00, 5.62803e-12
8860, 2016-10-04 04:00:00, 5.61332e-12
8861, 2016-10-04 05:00:00, 5.59862e-12
8862, 2016-10-04 06:00:00, 5.58398e-12
8863, 2016-10-04 07:00:00, 5.56933e-12
8864, 2016-10-04 08:00:00, 5.55474e-12
8865, 2016-10-04 09:00:00, 5.5402e-12
8866, 2016-10-04 10:00:00, 5.52572e-12
8867, 2016-10-04 11:00:00, 5.51124e-12
8868, 2016-10-04 12:00:00, 5.49681e-12
8869, 2016-10-04 13:00:00, 5.48244e-12
8870, 2016-10-04 14:00:00, 5.46812e-12
8871, 2016-10-04 15:00:00, 5.4538e-12
8872, 2016-10-04 16:00:00, 5.43949e-12
8873, 2016-10-04 17:00:00, 5.42528e-12
8874, 2016-10-04 18:00:00, 5.41107e-12
8875, 2016-10-04 19:00:00, 5.39691e-12
8876, 2016-10-04 20:00:00, 5.38276e-12
8877, 2016-10-04 21:00:00, 5.36872e-12
8878, 2016-10-04 22:00:00, 5.35462e-12
8879, 2016-10-04 23:00:00, 5.34063e-12
8880, 2016-10-05 00:00:00, 5.32664e-12
8881, 2016-10-05 01:00:00, 5.3127e-12
8882, 2016-10-05 02:00:00, 5.29882e-12
8883, 2016-10-05 03:00:00, 5.28494e-12
8884, 2016-10-05 04:00:00, 5.27111e-12
8885, 2016-10-05 05:00:00, 5.25729e-12
8886, 2016-10-05 06:00:00, 5.24357e-12
8887, 2016-10-05 07:00:00, 5.2298e-12
8888, 2016-10-05 08:00:00, 5.21614e-12
8889, 2016-10-05 09:00:00, 5.20247e-12
8890, 2016-10-05 10:00:00, 5.18887e-12
8891, 2016-10-05 11:00:00, 5.17526e-12
8892, 2016-10-05 12:00:00, 5.16176e-12
8893, 2016-10-05 13:00:00, 5.14821e-12
8894, 2016-10-05 14:00:00, 5.13476e-12
8895, 2016-10-05 15:00:00, 5.12132e-12
8896, 2016-10-05 16:00:00, 5.10793e-12
8897, 2016-10-05 17:00:00, 5.09454e-12
8898, 2016-10-05 18:00:00, 5.08121e-12
8899, 2016-10-05 19:00:00, 5.06793e-12
8900, 2016-10-05 20:00:00, 5.05465e-12
8901, 2016-10-05 21:00:00, 5.04142e-12
8902, 2016-10-05 22:00:00, 5.0282e-12
8903, 2016-10-05 23:00:00, 5.01503e-12
8904, 2016-10-06 00:00:00, 5.00191e-12
8905, 2016-10-06 01:00:00, 4.98885e-12
8906, 2016-10-06 02:00:00, 4.97579e-12
8907, 2016-10-06 03:00:00, 4.96273e-12
8908, 2016-10-06 04:00:00, 4.94978e-12
8909, 2016-10-06 05:00:00, 4.93682e-12
8910, 2016-10-06 06:00:00, 4.92387e-12
8911, 2016-10-06 07:00:00, 4.91098e-12
8912, 2016-10-06 08:00:00, 4.89813e-12
8913, 2016-10-06 09:00:00, 4.88535e-12
8914, 2016-10-06 10:00:00, 4.87256e-12
8915, 2016-10-06 11:00:00, 4.58067e-09
8916, 2016-10-06 12:00:00, 2.08476e-09
8917, 2016-10-06 13:00:00, 1.66876e-09
8918, 2016-10-06 14:00:00, 4.82173e-12
8919, 2016-10-06 15:00:00, 4.80911e-12
8920, 2016-10-06 16:00:00, 4.79649e-12
8921, 2016-10-06 17:00:00, 4.78397e-12
8922, 2016-10-06 18:00:00, 4.77146e-12
8923, 2016-10-06 19:00:00, 4.75894e-12
8924, 2016-10-06 20:00:00, 4.74648e-12
8925, 2016-10-06 21:00:00, 4.73408e-12
8926, 2016-10-06 22:00:00, 4.72167e-12
8927, 2016-10-06 23:00:00, 4.70932e-12
8928, 2016-10-07 00:00:00, 4.69697e-12
8929, 2016-10-07 01:00:00, 4.68467e-12
8930, 2016-10-07 02:00:00, 4.67243e-12
8931, 2016-10-07 03:00:00, 4.66019e-12
8932, 2016-10-07 04:00:00, 4.64801e-12
8933, 2016-10-07 05:00:00, 4.63582e-12
8934, 2016-10-07 06:00:00, 4.62369e-12
8935, 2016-10-07 07:00:00, 4.61161e-12
8936, 2016-10-07 08:00:00, 4.59953e-12
8937, 2016-10-07 09:00:00, 4.58751e-12
8938, 2016-10-07 10:00:00, 4.57549e-12
8939, 2016-10-07 11:00:00, 2.42762e-09
8940, 2016-10-07 12:00:00, 1.10594e-09
8941, 2016-10-07 13:00:00, 8.85651e-10
8942, 2016-10-07 14:00:00, 4.52778e-12
8943, 2016-10-07 15:00:00, 4.51592e-12
8944, 2016-10-07 16:00:00, 4.50411e-12
8945, 2016-10-07 17:00:00, 4.49231e-12
8946, 2016-10-07 18:00:00, 4.48056e-12
8947, 2016-10-07 19:00:00, 4.46881e-12
8948, 2016-10-07 20:00:00, 4.45712e-12
8949, 2016-10-07 21:00:00, 4.44548e-12
8950, 2016-10-07 22:00:00, 4.43384e-12
8951, 2016-10-07 23:00:00, 4.42225e-12
8952, 2016-10-08 00:00:00, 4.41066e-12
8953, 2016-10-08 01:00:00, 4.39913e-12
8954, 2016-10-08 02:00:00, 4.3876e-12
8955, 2016-10-08 03:00:00, 4.37613e-12
8956, 2016-10-08 04:00:00, 4.36465e-12
8957, 2016-10-08 05:00:00, 4.35323e-12
8958, 2016-10-08 06:00:00, 4.34186e-12
8959, 2016-10-08 07:00:00, 4.33049e-12
8960, 2016-10-08 08:00:00, 4.31913e-12
8961, 2016-10-08 09:00:00, 4.30782e-12
8962, 2016-10-08 10:00:00, 4.29656e-12
8963, 2016-10-08 11:00:00, 4.2853e-12
8964, 2016-10-08 12:00:00, 4.2741e-12
8965, 2016-10-08 13:00:00, 4.26289e-12
8966, 2016-10-08 14:00:00, 4.25175e-12
8967, 2016-10-08 15:00:00, 4.2406e-12
8968, 2016-10-08 16:00:00, 4.2295e-12
8969, 2016-10-08 17:00:00, 4.21846e-12
8970, 2016-10-08 18:00:00, 4.20742e-12
8971, 2016-10-08 19:00:00, 4.19639e-12
8972, 2016-10-08 20:00:00, 4.1854e-12
8973, 2016-10-08 21:00:00, 4.26475e-05
8974, 2016-10-08 22:00:00, 1.93852e-05
8975, 2016-10-08 23:00:00, 2.98644e-05
8976, 2016-10-09 00:00:00, 0.000345267
8977, 2016-10-09 01:00:00, 0.106701
8978, 2016-10-09 02:00:00, 0.0491709
8979, 2016-10-09 03:00:00, 0.0418551
8980, 2016-10-09 04:00:00, 0.00219098
8981, 2016-10-09 05:00:00, 0.00137182
8982, 2016-10-09 06:00:00, 0.00205589
8983, 2016-10-09 07:00:00, 0.00119333
8984, 2016-10-09 08:00:00, 0.000818488
8985, 2016-10-09 09:00:00, 0.000221059
8986, 2016-10-09 10:00:00, 4.00321e-05
8987, 2016-10-09 11:00:00, 0.0017056
8988, 2016-10-09 12:00:00, 0.00133786
8989, 2016-10-09 13:00:00, 0.0205376
8990, 2016-10-09 14:00:00, 0.0209898
8991, 2016-10-09 15:00:00, 0.0280937
8992, 2016-10-09 16:00:00, 0.0190073
8993, 2016-10-09 17:00:00, 0.0169205
8994, 2016-10-09 18:00:00, 0.0124483
8995, 2016-10-09 19:00:00, 0.0288273
8996, 2016-10-09 20:00:00, 0.0522665
8997, 2016-10-09 21:00:00, 0.0578039
8998, 2016-10-09 22:00:00, 0.0440197
8999, 2016-10-09 23:00:00, 0.0184398
9000, 2016-10-10 00:00:00, 0.00560409
9001, 2016-10-10 01:00:00, 9.05786e-06
9002, 2016-10-10 02:00:00, 3.86893e-12
9003, 2016-10-10 03:00:00, 3.85882e-12
9004, 2016-10-10 04:00:00, 3.84871e-12
9005, 2016-10-10 05:00:00, 3.83865e-12
9006, 2016-10-10 06:00:00, 3.8286e-12
9007, 2016-10-10 07:00:00, 3.8186e-12
9008, 2016-10-10 08:00:00, 3.8086e-12
9009, 2016-10-10 09:00:00, 3.7986e-12
9010, 2016-10-10 10:00:00, 3.78865e-12
9011, 2016-10-10 11:00:00, 3.77876e-12
9012, 2016-10-10 12:00:00, 3.76887e-12
9013, 2016-10-10 13:00:00, 3.75898e-12
9014, 2016-10-10 14:00:00, 3.74914e-12
9015, 2016-10-10 15:00:00, 3.73936e-12
9016, 2016-10-10 16:00:00, 3.72957e-12
9017, 2016-10-10 17:00:00, 3.71979e-12
9018, 2016-10-10 18:00:00, 3.71006e-12
9019, 2016-10-10 19:00:00, 3.70034e-12
9020, 2016-10-10 20:00:00, 3.69066e-12
9021, 2016-10-10 21:00:00, 3.68099e-12
9022, 2016-10-10 22:00:00, 3.67137e-12
9023, 2016-10-10 23:00:00, 3.66175e-12
9024, 2016-10-11 00:00:00, 3.65219e-12
9025, 2016-10-11 01:00:00, 3.64263e-12
9026, 2016-10-11 02:00:00, 3.63306e-12
9027, 2016-10-11 03:00:00, 3.62356e-12
9028, 2016-10-11 04:00:00, 3.6141e-12
9029, 2016-10-11 05:00:00, 3.60465e-12
9030, 2016-10-11 06:00:00, 3.59519e-12
9031, 2016-10-11 07:00:00, 3.58579e-12
9032, 2016-10-11 08:00:00, 3.57639e-12
9033, 2016-10-11 09:00:00, 3.56705e-12
9034, 2016-10-11 10:00:00, 3.5577e-12
9035, 2016-10-11 11:00:00, 3.54841e-12
9036, 2016-10-11 12:00:00, 3.53912e-12
9037, 2016-10-11 13:00:00, 3.52983e-12
9038, 2016-10-11 14:00:00, 3.5206e-12
9039, 2016-10-11 15:00:00, 3.51136e-12
9040, 2016-10-11 16:00:00, 3.50218e-12
9041, 2016-10-11 17:00:00, 3.493e-12
9042, 2016-10-11 18:00:00, 3.48387e-12
9043, 2016-10-11 19:00:00, 3.47475e-12
9044, 2016-10-11 20:00:00, 3.46567e-12
9045, 2016-10-11 21:00:00, 3.4566e-12
9046, 2016-10-11 22:00:00, 3.44753e-12
9047, 2016-10-11 23:00:00, 3.43851e-12
9048, 2016-10-12 00:00:00, 3.42955e-12
9049, 2016-10-12 01:00:00, 3.42053e-12
9050, 2016-10-12 02:00:00, 3.41157e-12
9051, 2016-10-12 03:00:00, 3.40266e-12
9052, 2016-10-12 04:00:00, 3.39376e-12
9053, 2016-10-12 05:00:00, 3.3849e-12
9054, 2016-10-12 06:00:00, 3.376e-12
9055, 2016-10-12 07:00:00, 3.3672e-12
9056, 2016-10-12 08:00:00, 3.35834e-12
9057, 2016-10-12 09:00:00, 3.3496e-12
9058, 2016-10-12 10:00:00, 3.3408e-12
9059, 2016-10-12 11:00:00, 3.33206e-12
9060, 2016-10-12 12:00:00, 3.32337e-12
9061, 2016-10-12 13:00:00, 3.31462e-12
9062, 2016-10-12 14:00:00, 3.30599e-12
9063, 2016-10-12 15:00:00, 3.2973e-12
9064, 2016-10-12 16:00:00, 3.28867e-12
9065, 2016-10-12 17:00:00, 3.28009e-12
9066, 2016-10-12 18:00:00, 3.27151e-12
9067, 2016-10-12 19:00:00, 3.26293e-12
9068, 2016-10-12 20:00:00, 3.2544e-12
9069, 2016-10-12 21:00:00, 3.24588e-12
9070, 2016-10-12 22:00:00, 3.23741e-12
9071, 2016-10-12 23:00:00, 3.22888e-12
9072, 2016-10-13 00:00:00, 3.22046e-12
9073, 2016-10-13 01:00:00, 3.21205e-12
9074, 2016-10-13 02:00:00, 3.20363e-12
9075, 2016-10-13 03:00:00, 3.19522e-12
9076, 2016-10-13 04:00:00, 3.18686e-12
9077, 2016-10-13 05:00:00, 3.17855e-12
9078, 2016-10-13 06:00:00, 3.17019e-12
9079, 2016-10-13 07:00:00, 3.16194e-12
9080, 2016-10-13 08:00:00, 3.43286e-09
9081, 2016-10-13 09:00:00, 2.14086e-09
9082, 2016-10-13 10:00:00, 6.97266e-08
9083, 2016-10-13 11:00:00, 1.44876e-07
9084, 2016-10-13 12:00:00, 7.647e-08
9085, 2016-10-13 13:00:00, 4.13327e-08
9086, 2016-10-13 14:00:00, 3.10444e-12
9087, 2016-10-13 15:00:00, 3.0963e-12
9088, 2016-10-13 16:00:00, 3.08821e-12
9089, 2016-10-13 17:00:00, 3.08013e-12
9090, 2016-10-13 18:00:00, 3.07204e-12
9091, 2016-10-13 19:00:00, 3.064e-12
9092, 2016-10-13 20:00:00, 3.05597e-12
9093, 2016-10-13 21:00:00, 3.04799e-12
9094, 2016-10-13 22:00:00, 3.04001e-12
9095, 2016-10-13 23:00:00, 3.03209e-12
9096, 2016-10-14 00:00:00, 3.02411e-12
9097, 2016-10-14 01:00:00, 3.01619e-12
9098, 2016-10-14 02:00:00, 3.00832e-12
9099, 2016-10-14 03:00:00, 3.00045e-12
9100, 2016-10-14 04:00:00, 2.99258e-12
9101, 2016-10-14 05:00:00, 2.98476e-12
9102, 2016-10-14 06:00:00, 2.97695e-12
9103, 2016-10-14 07:00:00, 2.96913e-12
9104, 2016-10-14 08:00:00, 2.96137e-12
9105, 2016-10-14 09:00:00, 2.95361e-12
9106, 2016-10-14 10:00:00, 2.94591e-12
9107, 2016-10-14 11:00:00, 2.9382e-12
9108, 2016-10-14 12:00:00, 2.9305e-12
9109, 2016-10-14 13:00:00, 2.92285e-12
9110, 2016-10-14 14:00:00, 2.9152e-12
9111, 2016-10-14 15:00:00, 2.90754e-12
9112, 2016-10-14 16:00:00, 2.89995e-12
9113, 2016-10-14 17:00:00, 2.89235e-12
9114, 2016-10-14 18:00:00, 2.88476e-12
9115, 2016-10-14 19:00:00, 2.87721e-12
9116, 2016-10-14 20:00:00, 2.86967e-12
9117, 2016-10-14 21:00:00, 2.86219e-12
9118, 2016-10-14 22:00:00, 2.8547e-12
9119, 2016-10-14 23:00:00, 2.84721e-12
9120, 2016-10-15 00:00:00, 2.83978e-12
9121, 2016-10-15 01:00:00, 2.83235e-12
9122, 2016-10-15 02:00:00, 2.82492e-12
9123, 2016-10-15 03:00:00, 2.81754e-12
9124, 2016-10-15 04:00:00, 2.81016e-12
9125, 2016-10-15 05:00:00, 2.80278e-12
9126, 2016-10-15 06:00:00, 2.79546e-12
9127, 2016-10-15 07:00:00, 2.78814e-12
9128, 2016-10-15 08:00:00, 2.78087e-12
9129, 2016-10-15 09:00:00, 2.77355e-12
9130, 2016-10-15 10:00:00, 2.76633e-12
9131, 2016-10-15 11:00:00, 2.75906e-12
9132, 2016-10-15 12:00:00, 2.75185e-12
9133, 2016-10-15 13:00:00, 2.74464e-12
9134, 2016-10-15 14:00:00, 2.73748e-12
9135, 2016-10-15 15:00:00, 2.73032e-12
9136, 2016-10-15 16:00:00, 2.72316e-12
9137, 2016-10-15 17:00:00, 2.716e-12
9138, 2016-10-15 18:00:00, 2.7089e-12
9139, 2016-10-15 19:00:00, 2.70185e-12
9140, 2016-10-15 20:00:00, 2.69474e-12
9141, 2016-10-15 21:00:00, 2.68769e-12
9142, 2016-10-15 22:00:00, 2.68064e-12
9143, 2016-10-15 23:00:00, 2.67365e-12
9144, 2016-10-16 00:00:00, 2.66665e-12
9145, 2016-10-16 01:00:00, 2.65966e-12
9146, 2016-10-16 02:00:00, 2.65272e-12
9147, 2016-10-16 03:00:00, 2.64578e-12
9148, 2016-10-16 04:00:00, 2.63884e-12
9149, 2016-10-16 05:00:00, 2.63195e-12
9150, 2016-10-16 06:00:00, 2.62506e-12
9151, 2016-10-16 07:00:00, 2.61818e-12
9152, 2016-10-16 08:00:00, 2.61135e-12
9153, 2016-10-16 09:00:00, 2.60446e-12
9154, 2016-10-16 10:00:00, 2.59768e-12
9155, 2016-10-16 11:00:00, 2.59085e-12
9156, 2016-10-16 12:00:00, 2.58408e-12
9157, 2016-10-16 13:00:00, 2.5773e-12
9158, 2016-10-16 14:00:00, 2.57058e-12
9159, 2016-10-16 15:00:00, 2.56386e-12
9160, 2016-10-16 16:00:00, 2.55714e-12
9161, 2016-10-16 17:00:00, 2.55047e-12
9162, 2016-10-16 18:00:00, 2.54375e-12
9163, 2016-10-16 19:00:00, 2.53713e-12
9164, 2016-10-16 20:00:00, 2.53047e-12
9165, 2016-10-16 21:00:00, 2.52385e-12
9166, 2016-10-16 22:00:00, 2.51724e-12
9167, 2016-10-16 23:00:00, 2.51063e-12
9168, 2016-10-17 00:00:00, 2.50407e-12
9169, 2016-10-17 01:00:00, 2.49751e-12
9170, 2016-10-17 02:00:00, 2.49101e-12
9171, 2016-10-17 03:00:00, 2.48445e-12
9172, 2016-10-17 04:00:00, 2.47795e-12
9173, 2016-10-17 05:00:00, 2.4715e-12
9174, 2016-10-17 06:00:00, 2.465e-12
9175, 2016-10-17 07:00:00, 2.45855e-12
9176, 2016-10-17 08:00:00, 2.45215e-12
9177, 2016-10-17 09:00:00, 2.44571e-12
9178, 2016-10-17 10:00:00, 2.43931e-12
9179, 2016-10-17 11:00:00, 2.43292e-12
9180, 2016-10-17 12:00:00, 2.42658e-12
9181, 2016-10-17 13:00:00, 2.42018e-12
9182, 2016-10-17 14:00:00, 2.41385e-12
9183, 2016-10-17 15:00:00, 2.40756e-12
9184, 2016-10-17 16:00:00, 2.40128e-12
9185, 2016-10-17 17:00:00, 2.39499e-12
9186, 2016-10-17 18:00:00, 2.38871e-12
9187, 2016-10-17 19:00:00, 2.38242e-12
9188, 2016-10-17 20:00:00, 2.37619e-12
9189, 2016-10-17 21:00:00, 2.36996e-12
9190, 2016-10-17 22:00:00, 2.36379e-12
9191, 2016-10-17 23:00:00, 2.35761e-12
9192, 2016-10-18 00:00:00, 2.35144e-12
9193, 2016-10-18 01:00:00, 2.34526e-12
9194, 2016-10-18 02:00:00, 2.33914e-12
9195, 2016-10-18 03:00:00, 2.33302e-12
9196, 2016-10-18 04:00:00, 2.3269e-12
9197, 2016-10-18 05:00:00, 2.32083e-12
9198, 2016-10-18 06:00:00, 2.31477e-12
9199, 2016-10-18 07:00:00, 2.3087e-12
9200, 2016-10-18 08:00:00, 2.30263e-12
9201, 2016-10-18 09:00:00, 2.29662e-12
9202, 2016-10-18 10:00:00, 2.29061e-12
9203, 2016-10-18 11:00:00, 2.2846e-12
9204, 2016-10-18 12:00:00, 2.27864e-12
9205, 2016-10-18 13:00:00, 2.27269e-12
9206, 2016-10-18 14:00:00, 2.26673e-12
9207, 2016-10-18 15:00:00, 2.26077e-12
9208, 2016-10-18 16:00:00, 2.25487e-12
9209, 2016-10-18 17:00:00, 2.24897e-12
9210, 2016-10-18 18:00:00, 2.24307e-12
9211, 2016-10-18 19:00:00, 2.23722e-12
9212, 2016-10-18 20:00:00, 2.23137e-12
9213, 2016-10-18 21:00:00, 2.22553e-12
9214, 2016-10-18 22:00:00, 2.21968e-12
9215, 2016-10-18 23:00:00, 2.21388e-12
9216, 2016-10-19 00:00:00, 2.20809e-12
9217, 2016-10-19 01:00:00, 2.2023e-12
9218, 2016-10-19 02:00:00, 2.19656e-12
9219, 2016-10-19 03:00:00, 2.19077e-12
9220, 2016-10-19 04:00:00, 2.18503e-12
9221, 2016-10-19 05:00:00, 2.17935e-12
9222, 2016-10-19 06:00:00, 2.17361e-12
9223, 2016-10-19 07:00:00, 2.16793e-12
9224, 2016-10-19 08:00:00, 2.16224e-12
9225, 2016-10-19 09:00:00, 2.15661e-12
9226, 2016-10-19 10:00:00, 2.15098e-12
9227, 2016-10-19 11:00:00, 2.14536e-12
9228, 2016-10-19 12:00:00, 2.13973e-12
9229, 2016-10-19 13:00:00, 2.1341e-12
9230, 2016-10-19 14:00:00, 2.12852e-12
9231, 2016-10-19 15:00:00, 2.12295e-12
9232, 2016-10-19 16:00:00, 2.11737e-12
9233, 2016-10-19 17:00:00, 2.11186e-12
9234, 2016-10-19 18:00:00, 2.10634e-12
9235, 2016-10-19 19:00:00, 2.10082e-12
9236, 2016-10-19 20:00:00, 2.0953e-12
9237, 2016-10-19 21:00:00, 2.08983e-12
9238, 2016-10-19 22:00:00, 2.08437e-12
9239, 2016-10-19 23:00:00, 2.0789e-12
9240, 2016-10-20 00:00:00, 2.07349e-12
9241, 2016-10-20 01:00:00, 2.06803e-12
9242, 2016-10-20 02:00:00, 2.06262e-12
9243, 2016-10-20 03:00:00, 2.05721e-12
9244, 2016-10-20 04:00:00, 2.05185e-12
9245, 2016-10-20 05:00:00, 2.04649e-12
9246, 2016-10-20 06:00:00, 2.04114e-12
9247, 2016-10-20 07:00:00, 2.03578e-12
9248, 2016-10-20 08:00:00, 2.03043e-12
9249, 2016-10-20 09:00:00, 2.02513e-12
9250, 2016-10-20 10:00:00, 2.01983e-12
9251, 2016-10-20 11:00:00, 2.01453e-12
9252, 2016-10-20 12:00:00, 2.00928e-12
9253, 2016-10-20 13:00:00, 2.00403e-12
9254, 2016-10-20 14:00:00, 1.99879e-12
9255, 2016-10-20 15:00:00, 1.99354e-12
9256, 2016-10-20 16:00:00, 1.98829e-12
9257, 2016-10-20 17:00:00, 1.9831e-12
9258, 2016-10-20 18:00:00, 1.97791e-12
9259, 2016-10-20 19:00:00, 1.97277e-12
9260, 2016-10-20 20:00:00, 1.96758e-12
9261, 2016-10-20 21:00:00, 1.96244e-12
9262, 2016-10-20 22:00:00, 1.95731e-12
9263, 2016-10-20 23:00:00, 1.95217e-12
9264, 2016-10-21 00:00:00, 1.94709e-12
9265, 2016-10-21 01:00:00, 1.94195e-12
9266, 2016-10-21 02:00:00, 1.93687e-12
9267, 2016-10-21 03:00:00, 1.93184e-12
9268, 2016-10-21 04:00:00, 1.92676e-12
9269, 2016-10-21 05:00:00, 1.92173e-12
9270, 2016-10-21 06:00:00, 1.9167e-12
9271, 2016-10-21 07:00:00, 1.91168e-12
9272, 2016-10-21 08:00:00, 1.90665e-12
9273, 2016-10-21 09:00:00, 1.2793e-09
9274, 2016-10-21 10:00:00, 1.11861e-07
9275, 2016-10-21 11:00:00, 1.92141e-07
9276, 2016-10-21 12:00:00, 1.046e-07
9277, 2016-10-21 13:00:00, 0.000159177
9278, 2016-10-21 14:00:00, 7.23297e-05
9279, 2016-10-21 15:00:00, 5.78637e-05
9280, 2016-10-21 16:00:00, 1.86708e-12
9281, 2016-10-21 17:00:00, 1.86222e-12
9282, 2016-10-21 18:00:00, 1.85735e-12
9283, 2016-10-21 19:00:00, 0.00486961
9284, 2016-10-21 20:00:00, 0.00221346
9285, 2016-10-21 21:00:00, 0.0277306
9286, 2016-10-21 22:00:00, 3.53128
9287, 2016-10-21 23:00:00, 4.15039
9288, 2016-10-22 00:00:00, 2.53222
9289, 2016-10-22 01:00:00, 0.972084
9290, 2016-10-22 02:00:00, 0.0394361
9291, 2016-10-22 03:00:00, 0.00298825
9292, 2016-10-22 04:00:00, 0.0012577
9293, 2016-10-22 05:00:00, 0.00027387
9294, 2016-10-22 06:00:00, 5.74012e-05
9295, 2016-10-22 07:00:00, 1.79511e-12
9296, 2016-10-22 08:00:00, 1.79041e-12
9297, 2016-10-22 09:00:00, 2.15512e-05
9298, 2016-10-22 10:00:00, 9.79599e-06
9299, 2016-10-22 11:00:00, 7.8368e-06
9300, 2016-10-22 12:00:00, 1.77177e-12
9301, 2016-10-22 13:00:00, 1.76713e-12
9302, 2016-10-22 14:00:00, 1.76248e-12
9303, 2016-10-22 15:00:00, 1.75789e-12
9304, 2016-10-22 16:00:00, 0.000955616
9305, 2016-10-22 17:00:00, 0.00043443
9306, 2016-10-22 18:00:00, 0.000347524
9307, 2016-10-22 19:00:00, 2.15666e-08
9308, 2016-10-22 20:00:00, 0.000279575
9309, 2016-10-22 21:00:00, 0.00012708
9310, 2016-10-22 22:00:00, 0.000101664
9311, 2016-10-22 23:00:00, 1.72139e-12
9312, 2016-10-23 00:00:00, 1.71691e-12
9313, 2016-10-23 01:00:00, 1.71243e-12
9314, 2016-10-23 02:00:00, 1.70794e-12
9315, 2016-10-23 03:00:00, 1.70346e-12
9316, 2016-10-23 04:00:00, 1.96071e-06
9317, 2016-10-23 05:00:00, 0.000613903
9318, 2016-10-23 06:00:00, 0.000279355
9319, 2016-10-23 07:00:00, 0.000222913
9320, 2016-10-23 08:00:00, 0.00102722
9321, 2016-10-23 09:00:00, 0.00064828
9322, 2016-10-23 10:00:00, 0.000455972
9323, 2016-10-23 11:00:00, 6.595e-05
9324, 2016-10-23 12:00:00, 1.66373e-12
9325, 2016-10-23 13:00:00, 1.65942e-12
9326, 2016-10-23 14:00:00, 1.65504e-12
9327, 2016-10-23 15:00:00, 1.65073e-12
9328, 2016-10-23 16:00:00, 1.64641e-12
9329, 2016-10-23 17:00:00, 1.64209e-12
9330, 2016-10-23 18:00:00, 1.63778e-12
9331, 2016-10-23 19:00:00, 1.63351e-12
9332, 2016-10-23 20:00:00, 1.62925e-12
9333, 2016-10-23 21:00:00, 1.62499e-12
9334, 2016-10-23 22:00:00, 1.62072e-12
9335, 2016-10-23 23:00:00, 1.61646e-12
9336, 2016-10-24 00:00:00, 1.61225e-12
9337, 2016-10-24 01:00:00, 1.60799e-12
9338, 2016-10-24 02:00:00, 1.60378e-12
9339, 2016-10-24 03:00:00, 1.59963e-12
9340, 2016-10-24 04:00:00, 1.59542e-12
9341, 2016-10-24 05:00:00, 1.59127e-12
9342, 2016-10-24 06:00:00, 1.58706e-12
9343, 2016-10-24 07:00:00, 1.58291e-12
9344, 2016-10-24 08:00:00, 4.88447e-05
9345, 2016-10-24 09:00:00, 0.00351673
9346, 2016-10-24 10:00:00, 0.00166273
9347, 2016-10-24 11:00:00, 0.00129644
9348, 2016-10-24 12:00:00, 2.05643e-05
9349, 2016-10-24 13:00:00, 1.55821e-12
9350, 2016-10-24 14:00:00, 1.55416e-12
9351, 2016-10-24 15:00:00, 1.55006e-12
9352, 2016-10-24 16:00:00, 1.54602e-12
9353, 2016-10-24 17:00:00, 1.54198e-12
9354, 2016-10-24 18:00:00, 1.53793e-12
9355, 2016-10-24 19:00:00, 1.53394e-12
9356, 2016-10-24 20:00:00, 1.5299e-12
9357, 2016-10-24 21:00:00, 1.52591e-12
9358, 2016-10-24 22:00:00, 1.52192e-12
9359, 2016-10-24 23:00:00, 1.51793e-12
9360, 2016-10-25 00:00:00, 1.51394e-12
9361, 2016-10-25 01:00:00, 1.51001e-12
9362, 2016-10-25 02:00:00, 1.50602e-12
9363, 2016-10-25 03:00:00, 1.50208e-12
9364, 2016-10-25 04:00:00, 1.49815e-12
9365, 2016-10-25 05:00:00, 1.49427e-12
9366, 2016-10-25 06:00:00, 1.49033e-12
9367, 2016-10-25 07:00:00, 1.48645e-12
9368, 2016-10-25 08:00:00, 1.48252e-12
9369, 2016-10-25 09:00:00, 1.47864e-12
9370, 2016-10-25 10:00:00, 1.47481e-12
9371, 2016-10-25 11:00:00, 1.47093e-12
9372, 2016-10-25 12:00:00, 1.46705e-12
9373, 2016-10-25 13:00:00, 1.46323e-12
9374, 2016-10-25 14:00:00, 1.4594e-12
9375, 2016-10-25 15:00:00, 1.45558e-12
9376, 2016-10-25 16:00:00, 1.4518e-12
9377, 2016-10-25 17:00:00, 1.44798e-12
9378, 2016-10-25 18:00:00, 1.44421e-12
9379, 2016-10-25 19:00:00, 1.44038e-12
9380, 2016-10-25 20:00:00, 1.43661e-12
9381, 2016-10-25 21:00:00, 1.4329e-12
9382, 2016-10-25 22:00:00, 1.42913e-12
9383, 2016-10-25 23:00:00, 1.42541e-12
9384, 2016-10-26 00:00:00, 1.42164e-12
9385, 2016-10-26 01:00:00, 1.41792e-12
9386, 2016-10-26 02:00:00, 1.41421e-12
9387, 2016-10-26 03:00:00, 1.41054e-12
9388, 2016-10-26 04:00:00, 1.40683e-12
9389, 2016-10-26 05:00:00, 1.40317e-12
9390, 2016-10-26 06:00:00, 1.39945e-12
9391, 2016-10-26 07:00:00, 1.39579e-12
9392, 2016-10-26 08:00:00, 1.39218e-12
9393, 2016-10-26 09:00:00, 1.38852e-12
9394, 2016-10-26 10:00:00, 1.38486e-12
9395, 2016-10-26 11:00:00, 1.38125e-12
9396, 2016-10-26 12:00:00, 1.37765e-12
9397, 2016-10-26 13:00:00, 1.37404e-12
9398, 2016-10-26 14:00:00, 1.37043e-12
9399, 2016-10-26 15:00:00, 1.36683e-12
9400, 2016-10-26 16:00:00, 1.36327e-12
9401, 2016-10-26 17:00:00, 1.35972e-12
9402, 2016-10-26 18:00:00, 1.35617e-12
9403, 2016-10-26 19:00:00, 1.35262e-12
9404, 2016-10-26 20:00:00, 1.34906e-12
9405, 2016-10-26 21:00:00, 1.34551e-12
9406, 2016-10-26 22:00:00, 1.34201e-12
9407, 2016-10-26 23:00:00, 1.33852e-12
9408, 2016-10-27 00:00:00, 1.33497e-12
9409, 2016-10-27 01:00:00, 1.33147e-12
9410, 2016-10-27 02:00:00, 1.32802e-12
9411, 2016-10-27 03:00:00, 1.32453e-12
9412, 2016-10-27 04:00:00, 1.32108e-12
9413, 2016-10-27 05:00:00, 1.31759e-12
9414, 2016-10-27 06:00:00, 1.31414e-12
9415, 2016-10-27 07:00:00, 1.3107e-12
9416, 2016-10-27 08:00:00, 1.30731e-12
9417, 2016-10-27 09:00:00, 1.30387e-12
9418, 2016-10-27 10:00:00, 1.30048e-12
9419, 2016-10-27 11:00:00, 1.29704e-12
9420, 2016-10-27 12:00:00, 1.29365e-12
9421, 2016-10-27 13:00:00, 1.29026e-12
9422, 2016-10-27 14:00:00, 1.28687e-12
9423, 2016-10-27 15:00:00, 1.28354e-12
9424, 2016-10-27 16:00:00, 1.28015e-12
9425, 2016-10-27 17:00:00, 1.25892e-05
9426, 2016-10-27 18:00:00, 9.54637e-06
9427, 2016-10-27 19:00:00, 0.00312499
9428, 2016-10-27 20:00:00, 0.00141897
9429, 2016-10-27 21:00:00, 0.00277652
9430, 2016-10-27 22:00:00, 0.083208
9431, 2016-10-27 23:00:00, 0.0628498
9432, 2016-10-28 00:00:00, 0.0682275
9433, 2016-10-28 01:00:00, 0.029912
9434, 2016-10-28 02:00:00, 0.014272
9435, 2016-10-28 03:00:00, 0.0221651
9436, 2016-10-28 04:00:00, 0.0433375
9437, 2016-10-28 05:00:00, 0.0666315
9438, 2016-10-28 06:00:00, 0.0430606
9439, 2016-10-28 07:00:00, 0.0318254
9440, 2016-10-28 08:00:00, 0.00889371
9441, 2016-10-28 09:00:00, 0.00405281
9442, 2016-10-28 10:00:00, 0.000177201
9443, 2016-10-28 11:00:00, 6.8754e-05
9444, 2016-10-28 12:00:00, 5.47194e-05
9445, 2016-10-28 13:00:00, 1.21162e-12
9446, 2016-10-28 14:00:00, 1.20845e-12
9447, 2016-10-28 15:00:00, 1.20528e-12
9448, 2016-10-28 16:00:00, 1.20211e-12
9449, 2016-10-28 17:00:00, 1.199e-12
9450, 2016-10-28 18:00:00, 1.19583e-12
9451, 2016-10-28 19:00:00, 1.19271e-12
9452, 2016-10-28 20:00:00, 1.1896e-12
9453, 2016-10-28 21:00:00, 1.18648e-12
9454, 2016-10-28 22:00:00, 1.18337e-12
9455, 2016-10-28 23:00:00, 1.18025e-12
9456, 2016-10-29 00:00:00, 1.17719e-12
9457, 2016-10-29 01:00:00, 1.17408e-12
9458, 2016-10-29 02:00:00, 1.17102e-12
9459, 2016-10-29 03:00:00, 1.16796e-12
9460, 2016-10-29 04:00:00, 1.1649e-12
9461, 2016-10-29 05:00:00, 1.16184e-12
9462, 2016-10-29 06:00:00, 1.15883e-12
9463, 2016-10-29 07:00:00, 1.15577e-12
9464, 2016-10-29 08:00:00, 1.15277e-12
9465, 2016-10-29 09:00:00, 1.14976e-12
9466, 2016-10-29 10:00:00, 1.14675e-12
9467, 2016-10-29 11:00:00, 1.14375e-12
9468, 2016-10-29 12:00:00, 1.14074e-12
9469, 2016-10-29 13:00:00, 1.13774e-12
9470, 2016-10-29 14:00:00, 1.13479e-12
9471, 2016-10-29 15:00:00, 1.13178e-12
9472, 2016-10-29 16:00:00, 1.12883e-12
9473, 2016-10-29 17:00:00, 1.12588e-12
9474, 2016-10-29 18:00:00, 1.12293e-12
9475, 2016-10-29 19:00:00, 1.11998e-12
9476, 2016-10-29 20:00:00, 1.11708e-12
9477, 2016-10-29 21:00:00, 1.11413e-12
9478, 2016-10-29 22:00:00, 1.11123e-12
9479, 2016-10-29 23:00:00, 1.10834e-12
9480, 2016-10-30 00:00:00, 1.10544e-12
9481, 2016-10-30 01:00:00, 1.10254e-12
9482, 2016-10-30 02:00:00, 1.09965e-12
9483, 2016-10-30 03:00:00, 1.09675e-12
9484, 2016-10-30 04:00:00, 1.09391e-12
9485, 2016-10-30 05:00:00, 1.09101e-12
9486, 2016-10-30 06:00:00, 1.08817e-12
9487, 2016-10-30 07:00:00, 1.08533e-12
9488, 2016-10-30 08:00:00, 1.08249e-12
9489, 2016-10-30 09:00:00, 1.07965e-12
9490, 2016-10-30 10:00:00, 1.0768e-12
9491, 2016-10-30 11:00:00, 1.07402e-12
9492, 2016-10-30 12:00:00, 1.07117e-12
9493, 2016-10-30 13:00:00, 1.06839e-12
9494, 2016-10-30 14:00:00, 1.0656e-12
9495, 2016-10-30 15:00:00, 1.06281e-12
9496, 2016-10-30 16:00:00, 1.06003e-12
9497, 2016-10-30 17:00:00, 1.05724e-12
9498, 2016-10-30 18:00:00, 1.05445e-12
9499, 2016-10-30 19:00:00, 1.05172e-12
9500, 2016-10-30 20:00:00, 1.04899e-12
9501, 2016-10-30 21:00:00, 0.00710256
9502, 2016-10-30 22:00:00, 0.00658209
9503, 2016-10-30 23:00:00, 0.0115911
9504, 2016-10-31 00:00:00, 0.0126012
9505, 2016-10-31 01:00:00, 0.0165399
9506, 2016-10-31 02:00:00, 0.00864397
9507, 2016-10-31 03:00:00, 0.00421036
9508, 2016-10-31 04:00:00, 0.000403575
9509, 2016-10-31 05:00:00, 1.0245e-12
9510, 2016-10-31 06:00:00, 1.02183e-12
9511, 2016-10-31 07:00:00, 1.01915e-12
9512, 2016-10-31 08:00:00, 1.01647e-12
9513, 2016-10-31 09:00:00, 1.01385e-12
9514, 2016-10-31 10:00:00, 1.01117e-12
9515, 2016-10-31 11:00:00, 1.00855e-12
9516, 2016-10-31 12:00:00, 1.00587e-12
9517, 2016-10-31 13:00:00, 1.00325e-12
9518, 2016-10-31 14:00:00, 1.00062e-12
9519, 2016-10-31 15:00:00, 9.98e-13
9520, 2016-10-31 16:00:00, 9.95377e-13
9521, 2016-10-31 17:00:00, 9.92808e-13
9522, 2016-10-31 18:00:00, 9.90185e-13
9523, 2016-10-31 19:00:00, 9.87616e-13
9524, 2016-10-31 20:00:00, 9.84993e-13
9525, 2016-10-31 21:00:00, 9.82425e-13
9526, 2016-10-31 22:00:00, 9.79856e-13
9527, 2016-10-31 23:00:00, 9.77288e-13
9528, 2016-11-01 00:00:00, 9.74774e-13
9529, 2016-11-01 01:00:00, 9.72205e-13
9530, 2016-11-01 02:00:00, 9.69637e-13
9531, 2016-11-01 03:00:00, 9.67123e-13
9532, 2016-11-01 04:00:00, 9.64554e-13
9533, 2016-11-01 05:00:00, 9.62041e-13
9534, 2016-11-01 06:00:00, 9.59527e-13
9535, 2016-11-01 07:00:00, 9.57013e-13
9536, 2016-11-01 08:00:00, 9.54499e-13
9537, 2016-11-01 09:00:00, 9.5204e-13
9538, 2016-11-01 10:00:00, 9.49526e-13
9539, 2016-11-01 11:00:00, 9.47067e-13
9540, 2016-11-01 12:00:00, 9.44553e-13
9541, 2016-11-01 13:00:00, 9.42094e-13
9542, 2016-11-01 14:00:00, 9.39635e-13
9543, 2016-11-01 15:00:00, 9.37175e-13
9544, 2016-11-01 16:00:00, 9.34716e-13
9545, 2016-11-01 17:00:00, 9.32257e-13
9546, 2016-11-01 18:00:00, 9.29852e-13
9547, 2016-11-01 19:00:00, 9.27393e-13
9548, 2016-11-01 20:00:00, 9.24989e-13
9549, 2016-11-01 21:00:00, 9.22529e-13
9550, 2016-11-01 22:00:00, 9.20125e-13
9551, 2016-11-01 23:00:00, 9.1772e-13
9552, 2016-11-02 00:00:00, 9.15316e-13
9553, 2016-11-02 01:00:00, 9.12911e-13
9554, 2016-11-02 02:00:00, 9.10561e-13
9555, 2016-11-02 03:00:00, 9.08157e-13
9556, 2016-11-02 04:00:00, 9.05752e-13
9557, 2016-11-02 05:00:00, 9.03402e-13
9558, 2016-11-02 06:00:00, 9.01052e-13
9559, 2016-11-02 07:00:00, 8.98702e-13
9560, 2016-11-02 08:00:00, 2.65754e-11
9561, 2016-11-02 09:00:00, 1.25663e-11
9562, 2016-11-02 10:00:00, 1.02295e-11
9563, 2016-11-02 11:00:00, 8.89303e-13
9564, 2016-11-02 12:00:00, 8.87008e-13
9565, 2016-11-02 13:00:00, 8.84658e-13
9566, 2016-11-02 14:00:00, 8.82362e-13
9567, 2016-11-02 15:00:00, 8.80013e-13
9568, 2016-11-02 16:00:00, 8.77717e-13
9569, 2016-11-02 17:00:00, 8.75422e-13
9570, 2016-11-02 18:00:00, 8.73127e-13
9571, 2016-11-02 19:00:00, 8.70886e-13
9572, 2016-11-02 20:00:00, 8.68591e-13
9573, 2016-11-02 21:00:00, 8.66296e-13
9574, 2016-11-02 22:00:00, 8.64055e-13
9575, 2016-11-02 23:00:00, 8.6176e-13
9576, 2016-11-03 00:00:00, 8.59519e-13
9577, 2016-11-03 01:00:00, 8.57279e-13
9578, 2016-11-03 02:00:00, 8.55038e-13
9579, 2016-11-03 03:00:00, 8.52797e-13
9580, 2016-11-03 04:00:00, 8.50557e-13
9581, 2016-11-03 05:00:00, 8.48316e-13
9582, 2016-11-03 06:00:00, 8.4613e-13
9583, 2016-11-03 07:00:00, 8.4389e-13
9584, 2016-11-03 08:00:00, 8.41704e-13
9585, 2016-11-03 09:00:00, 8.39463e-13
9586, 2016-11-03 10:00:00, 8.37277e-13
9587, 2016-11-03 11:00:00, 8.35091e-13
9588, 2016-11-03 12:00:00, 8.32905e-13
9589, 2016-11-03 13:00:00, 8.30719e-13
9590, 2016-11-03 14:00:00, 8.28533e-13
9591, 2016-11-03 15:00:00, 8.26402e-13
9592, 2016-11-03 16:00:00, 8.24216e-13
9593, 2016-11-03 17:00:00, 8.22085e-13
9594, 2016-11-03 18:00:00, 8.19899e-13
9595, 2016-11-03 19:00:00, 8.17767e-13
9596, 2016-11-03 20:00:00, 8.15636e-13
9597, 2016-11-03 21:00:00, 8.13505e-13
9598, 2016-11-03 22:00:00, 8.11373e-13
9599, 2016-11-03 23:00:00, 8.09242e-13
9600, 2016-11-04 00:00:00, 8.07111e-13
9601, 2016-11-04 01:00:00, 8.05034e-13
9602, 2016-11-04 02:00:00, 8.02903e-13
9603, 2016-11-04 03:00:00, 8.00826e-13
9604, 2016-11-04 04:00:00, 7.98695e-13
9605, 2016-11-04 05:00:00, 7.96618e-13
9606, 2016-11-04 06:00:00, 7.94542e-13
9607, 2016-11-04 07:00:00, 7.92465e-13
9608, 2016-11-04 08:00:00, 7.90388e-13
9609, 2016-11-04 09:00:00, 7.88312e-13
9610, 2016-11-04 10:00:00, 7.86235e-13
9611, 2016-11-04 11:00:00, 7.84213e-13
9612, 2016-11-04 12:00:00, 7.82136e-13
9613, 2016-11-04 13:00:00, 7.80114e-13
9614, 2016-11-04 14:00:00, 7.78038e-13
9615, 2016-11-04 15:00:00, 7.76016e-13
9616, 2016-11-04 16:00:00, 7.73994e-13
9617, 2016-11-04 17:00:00, 7.71971e-13
9618, 2016-11-04 18:00:00, 7.69949e-13
9619, 2016-11-04 19:00:00, 7.67927e-13
9620, 2016-11-04 20:00:00, 7.65905e-13
9621, 2016-11-04 21:00:00, 7.63883e-13
9622, 2016-11-04 22:00:00, 7.61916e-13
9623, 2016-11-04 23:00:00, 7.59894e-13
9624, 2016-11-05 00:00:00, 7.57927e-13
9625, 2016-11-05 01:00:00, 7.55959e-13
9626, 2016-11-05 02:00:00, 7.53937e-13
9627, 2016-11-05 03:00:00, 7.5197e-13
9628, 2016-11-05 04:00:00, 7.50003e-13
9629, 2016-11-05 05:00:00, 7.48035e-13
9630, 2016-11-05 06:00:00, 7.46068e-13
9631, 2016-11-05 07:00:00, 7.44155e-13
9632, 2016-11-05 08:00:00, 7.42188e-13
9633, 2016-11-05 09:00:00, 7.40275e-13
9634, 2016-11-05 10:00:00, 7.38308e-13
9635, 2016-11-05 11:00:00, 7.36395e-13
9636, 2016-11-05 12:00:00, 7.34428e-13
9637, 2016-11-05 13:00:00, 7.32515e-13
9638, 2016-11-05 14:00:00, 7.30602e-13
9639, 2016-11-05 15:00:00, 7.28689e-13
9640, 2016-11-05 16:00:00, 7.26777e-13
9641, 2016-11-05 17:00:00, 7.24919e-13
9642, 2016-11-05 18:00:00, 7.23006e-13
9643, 2016-11-05 19:00:00, 7.21093e-13
9644, 2016-11-05 20:00:00, 7.19235e-13
9645, 2016-11-05 21:00:00, 7.17323e-13
9646, 2016-11-05 22:00:00, 7.15464e-13
9647, 2016-11-05 23:00:00, 7.13606e-13
9648, 2016-11-06 00:00:00, 7.11694e-13
9649, 2016-11-06 01:00:00, 7.09836e-13
9650, 2016-11-06 02:00:00, 7.07978e-13
9651, 2016-11-06 03:00:00, 7.06119e-13
9652, 2016-11-06 04:00:00, 7.04316e-13
9653, 2016-11-06 05:00:00, 7.02458e-13
9654, 2016-11-06 06:00:00, 7.006e-13
9655, 2016-11-06 07:00:00, 6.98797e-13
9656, 2016-11-06 08:00:00, 0.00512054
9657, 2016-11-06 09:00:00, 0.00237628
9658, 2016-11-06 10:00:00, 0.00188418
9659, 2016-11-06 11:00:00, 1.77315e-05
9660, 2016-11-06 12:00:00, 6.8967e-13
9661, 2016-11-06 13:00:00, 0.000153568
9662, 2016-11-06 14:00:00, 6.98038e-05
9663, 2016-11-06 15:00:00, 5.5843e-05
9664, 2016-11-06 16:00:00, 6.82511e-13
9665, 2016-11-06 17:00:00, 6.80708e-13
9666, 2016-11-06 18:00:00, 6.78904e-13
9667, 2016-11-06 19:00:00, 6.77156e-13
9668, 2016-11-06 20:00:00, 6.75352e-13
9669, 2016-11-06 21:00:00, 6.73603e-13
9670, 2016-11-06 22:00:00, 6.71855e-13
9671, 2016-11-06 23:00:00, 6.70106e-13
9672, 2016-11-07 00:00:00, 6.68302e-13
9673, 2016-11-07 01:00:00, 6.66554e-13
9674, 2016-11-07 02:00:00, 6.64859e-13
9675, 2016-11-07 03:00:00, 6.63111e-13
9676, 2016-11-07 04:00:00, 6.61362e-13
9677, 2016-11-07 05:00:00, 6.59613e-13
9678, 2016-11-07 06:00:00, 6.57919e-13
9679, 2016-11-07 07:00:00, 6.5617e-13
9680, 2016-11-07 08:00:00, 6.54476e-13
9681, 2016-11-07 09:00:00, 6.52727e-13
9682, 2016-11-07 10:00:00, 6.51033e-13
9683, 2016-11-07 11:00:00, 6.49339e-13
9684, 2016-11-07 12:00:00, 6.47645e-13
9685, 2016-11-07 13:00:00, 6.45951e-13
9686, 2016-11-07 14:00:00, 6.44257e-13
9687, 2016-11-07 15:00:00, 6.42563e-13
9688, 2016-11-07 16:00:00, 6.40869e-13
9689, 2016-11-07 17:00:00, 6.39229e-13
9690, 2016-11-07 18:00:00, 6.37535e-13
9691, 2016-11-07 19:00:00, 6.35841e-13
9692, 2016-11-07 20:00:00, 6.34201e-13
9693, 2016-11-07 21:00:00, 6.32562e-13
9694, 2016-11-07 22:00:00, 6.30868e-13
9695, 2016-11-07 23:00:00, 6.29228e-13
9696, 2016-11-08 00:00:00, 6.27589e-13
9697, 2016-11-08 01:00:00, 6.25949e-13
9698, 2016-11-08 02:00:00, 6.2431e-13
9699, 2016-11-08 03:00:00, 6.2267e-13
9700, 2016-11-08 04:00:00, 6.21031e-13
9701, 2016-11-08 05:00:00, 6.19392e-13
9702, 2016-11-08 06:00:00, 6.17807e-13
9703, 2016-11-08 07:00:00, 6.16167e-13
9704, 2016-11-08 08:00:00, 6.14582e-13
9705, 2016-11-08 09:00:00, 6.12943e-13
9706, 2016-11-08 10:00:00, 6.11358e-13
9707, 2016-11-08 11:00:00, 6.09773e-13
9708, 2016-11-08 12:00:00, 6.08134e-13
9709, 2016-11-08 13:00:00, 6.06549e-13
9710, 2016-11-08 14:00:00, 6.04964e-13
9711, 2016-11-08 15:00:00, 6.03379e-13
9712, 2016-11-08 16:00:00, 6.01795e-13
9713, 2016-11-08 17:00:00, 6.0021e-13
9714, 2016-11-08 18:00:00, 5.9868e-13
9715, 2016-11-08 19:00:00, 5.97095e-13
9716, 2016-11-08 20:00:00, 5.9551e-13
9717, 2016-11-08 21:00:00, 5.9398e-13
9718, 2016-11-08 22:00:00, 5.9245e-13
9719, 2016-11-08 23:00:00, 5.90865e-13
9720, 2016-11-09 00:00:00, 5.89335e-13
9721, 2016-11-09 01:00:00, 5.87804e-13
9722, 2016-11-09 02:00:00, 5.8622e-13
9723, 2016-11-09 03:00:00, 5.84689e-13
9724, 2016-11-09 04:00:00, 5.83159e-13
9725, 2016-11-09 05:00:00, 5.81629e-13
9726, 2016-11-09 06:00:00, 5.80154e-13
9727, 2016-11-09 07:00:00, 5.78623e-13
9728, 2016-11-09 08:00:00, 5.77093e-13
9729, 2016-11-09 09:00:00, 5.75563e-13
9730, 2016-11-09 10:00:00, 5.74088e-13
9731, 2016-11-09 11:00:00, 5.72557e-13
9732, 2016-11-09 12:00:00, 5.71082e-13
9733, 2016-11-09 13:00:00, 5.69606e-13
9734, 2016-11-09 14:00:00, 5.68076e-13
9735, 2016-11-09 15:00:00, 5.66601e-13
9736, 2016-11-09 16:00:00, 5.65125e-13
9737, 2016-11-09 17:00:00, 5.6365e-13
9738, 2016-11-09 18:00:00, 1.50062e-08
9739, 2016-11-09 19:00:00, 6.8213e-09
9740, 2016-11-09 20:00:00, 5.45715e-09
9741, 2016-11-09 21:00:00, 5.57747e-13
9742, 2016-11-09 22:00:00, 5.56327e-13
9743, 2016-11-09 23:00:00, 5.54851e-13
9744, 2016-11-10 00:00:00, 5.53376e-13
9745, 2016-11-10 01:00:00, 5.51955e-13
9746, 2016-11-10 02:00:00, 5.50479e-13
9747, 2016-11-10 03:00:00, 5.49058e-13
9748, 2016-11-10 04:00:00, 5.47637e-13
9749, 2016-11-10 05:00:00, 5.46217e-13
9750, 2016-11-10 06:00:00, 5.44741e-13
9751, 2016-11-10 07:00:00, 5.4332e-13
9752, 2016-11-10 08:00:00, 5.41899e-13
9753, 2016-11-10 09:00:00, 5.40478e-13
9754, 2016-11-10 10:00:00, 5.39058e-13
9755, 2016-11-10 11:00:00, 5.37691e-13
9756, 2016-11-10 12:00:00, 5.3627e-13
9757, 2016-11-10 13:00:00, 5.3485e-13
9758, 2016-11-10 14:00:00, 5.33483e-13
9759, 2016-11-10 15:00:00, 5.32062e-13
9760, 2016-11-10 16:00:00, 5.30696e-13
9761, 2016-11-10 17:00:00, 5.29275e-13
9762, 2016-11-10 18:00:00, 5.27909e-13
9763, 2016-11-10 19:00:00, 5.26543e-13
9764, 2016-11-10 20:00:00, 5.25122e-13
9765, 2016-11-10 21:00:00, 5.23756e-13
9766, 2016-11-10 22:00:00, 5.2239e-13
9767, 2016-11-10 23:00:00, 5.21023e-13
9768, 2016-11-11 00:00:00, 5.19657e-13
9769, 2016-11-11 01:00:00, 5.18291e-13
9770, 2016-11-11 02:00:00, 5.16925e-13
9771, 2016-11-11 03:00:00, 5.15613e-13
9772, 2016-11-11 04:00:00, 5.14247e-13
9773, 2016-11-11 05:00:00, 5.12881e-13
9774, 2016-11-11 06:00:00, 5.11569e-13
9775, 2016-11-11 07:00:00, 5.10203e-13
9776, 2016-11-11 08:00:00, 5.08891e-13
9777, 2016-11-11 09:00:00, 5.07525e-13
9778, 2016-11-11 10:00:00, 5.06214e-13
9779, 2016-11-11 11:00:00, 5.04902e-13
9780, 2016-11-11 12:00:00, 5.0359e-13
9781, 2016-11-11 13:00:00, 5.02279e-13
9782, 2016-11-11 14:00:00, 5.00967e-13
9783, 2016-11-11 15:00:00, 4.99656e-13
9784, 2016-11-11 16:00:00, 4.98344e-13
9785, 2016-11-11 17:00:00, 4.97032e-13
9786, 2016-11-11 18:00:00, 4.95721e-13
9787, 2016-11-11 19:00:00, 4.94409e-13
9788, 2016-11-11 20:00:00, 4.93098e-13
9789, 2016-11-11 21:00:00, 4.91841e-13
9790, 2016-11-11 22:00:00, 4.90529e-13
9791, 2016-11-11 23:00:00, 4.89272e-13
9792, 2016-11-12 00:00:00, 4.87961e-13
9793, 2016-11-12 01:00:00, 4.86704e-13
9794, 2016-11-12 02:00:00, 4.85447e-13
9795, 2016-11-12 03:00:00, 4.84135e-13
9796, 2016-11-12 04:00:00, 4.82878e-13
9797, 2016-11-12 05:00:00, 4.81621e-13
9798, 2016-11-12 06:00:00, 4.80365e-13
9799, 2016-11-12 07:00:00, 4.79108e-13
9800, 2016-11-12 08:00:00, 4.77851e-13
9801, 2016-11-12 09:00:00, 4.76594e-13
9802, 2016-11-12 10:00:00, 4.75337e-13
9803, 2016-11-12 11:00:00, 4.74135e-13
9804, 2016-11-12 12:00:00, 4.72878e-13
9805, 2016-11-12 13:00:00, 4.71621e-13
9806, 2016-11-12 14:00:00, 4.70418e-13
9807, 2016-11-12 15:00:00, 4.69161e-13
9808, 2016-11-12 16:00:00, 4.67959e-13
9809, 2016-11-12 17:00:00, 4.66702e-13
9810, 2016-11-12 18:00:00, 4.655e-13
9811, 2016-11-12 19:00:00, 4.64298e-13
9812, 2016-11-12 20:00:00, 4.63041e-13
9813, 2016-11-12 21:00:00, 4.61839e-13
9814, 2016-11-12 22:00:00, 4.60636e-13
9815, 2016-11-12 23:00:00, 4.59434e-13
9816, 2016-11-13 00:00:00, 4.58232e-13
9817, 2016-11-13 01:00:00, 4.57029e-13
9818, 2016-11-13 02:00:00, 4.55827e-13
9819, 2016-11-13 03:00:00, 4.54625e-13
9820, 2016-11-13 04:00:00, 4.53477e-13
9821, 2016-11-13 05:00:00, 4.52275e-13
9822, 2016-11-13 06:00:00, 4.51073e-13
9823, 2016-11-13 07:00:00, 4.49925e-13
9824, 2016-11-13 08:00:00, 4.48723e-13
9825, 2016-11-13 09:00:00, 4.47575e-13
9826, 2016-11-13 10:00:00, 4.46373e-13
9827, 2016-11-13 11:00:00, 4.45225e-13
9828, 2016-11-13 12:00:00, 4.44023e-13
9829, 2016-11-13 13:00:00, 4.42875e-13
9830, 2016-11-13 14:00:00, 4.41728e-13
9831, 2016-11-13 15:00:00, 4.4058e-13
9832, 2016-11-13 16:00:00, 4.39432e-13
9833, 2016-11-13 17:00:00, 4.38285e-13
9834, 2016-11-13 18:00:00, 4.37137e-13
9835, 2016-11-13 19:00:00, 4.3599e-13
9836, 2016-11-13 20:00:00, 4.34842e-13
9837, 2016-11-13 21:00:00, 4.33694e-13
9838, 2016-11-13 22:00:00, 4.32547e-13
9839, 2016-11-13 23:00:00, 4.31454e-13
9840, 2016-11-14 00:00:00, 4.30306e-13
9841, 2016-11-14 01:00:00, 4.29158e-13
9842, 2016-11-14 02:00:00, 4.28065e-13
9843, 2016-11-14 03:00:00, 4.26918e-13
9844, 2016-11-14 04:00:00, 4.25825e-13
9845, 2016-11-14 05:00:00, 4.24677e-13
9846, 2016-11-14 06:00:00, 4.23584e-13
9847, 2016-11-14 07:00:00, 4.22491e-13
9848, 2016-11-14 08:00:00, 4.21344e-13
9849, 2016-11-14 09:00:00, 4.20251e-13
9850, 2016-11-14 10:00:00, 4.19158e-13
9851, 2016-11-14 11:00:00, 4.18065e-13
9852, 2016-11-14 12:00:00, 4.16972e-13
9853, 2016-11-14 13:00:00, 4.15879e-13
9854, 2016-11-14 14:00:00, 4.14786e-13
9855, 2016-11-14 15:00:00, 4.13693e-13
9856, 2016-11-14 16:00:00, 4.12654e-13
9857, 2016-11-14 17:00:00, 4.11561e-13
9858, 2016-11-14 18:00:00, 4.10468e-13
9859, 2016-11-14 19:00:00, 4.09376e-13
9860, 2016-11-14 20:00:00, 4.08337e-13
9861, 2016-11-14 21:00:00, 4.07244e-13
9862, 2016-11-14 22:00:00, 4.06206e-13
9863, 2016-11-14 23:00:00, 4.05113e-13
9864, 2016-11-15 00:00:00, 4.04075e-13
9865, 2016-11-15 01:00:00, 4.02982e-13
9866, 2016-11-15 02:00:00, 4.01943e-13
9867, 2016-11-15 03:00:00, 4.00905e-13
9868, 2016-11-15 04:00:00, 3.99867e-13
9869, 2016-11-15 05:00:00, 3.98828e-13
9870, 2016-11-15 06:00:00, 3.97735e-13
9871, 2016-11-15 07:00:00, 3.96697e-13
9872, 2016-11-15 08:00:00, 3.95659e-13
9873, 2016-11-15 09:00:00, 3.9462e-13
9874, 2016-11-15 10:00:00, 3.93637e-13
9875, 2016-11-15 11:00:00, 3.92598e-13
9876, 2016-11-15 12:00:00, 3.9156e-13
9877, 2016-11-15 13:00:00, 3.90522e-13
9878, 2016-11-15 14:00:00, 3.89483e-13
9879, 2016-11-15 15:00:00, 4.57404e-07
9880, 2016-11-15 16:00:00, 0.00121977
9881, 2016-11-15 17:00:00, 0.00233011
9882, 2016-11-15 18:00:00, 0.0556416
9883, 2016-11-15 19:00:00, 0.0424067
9884, 2016-11-15 20:00:00, 0.0829898
9885, 2016-11-15 21:00:00, 0.1064
9886, 2016-11-15 22:00:00, 0.0620904
9887, 2016-11-15 23:00:00, 0.0380779
9888, 2016-11-16 00:00:00, 0.00631082
9889, 2016-11-16 01:00:00, 0.00276534
9890, 2016-11-16 02:00:00, 0.000210338
9891, 2016-11-16 03:00:00, 0.000114259
9892, 2016-11-16 04:00:00, 6.27648e-05
9893, 2016-11-16 05:00:00, 1.39352e-05
9894, 2016-11-16 06:00:00, 4.09909e-05
9895, 2016-11-16 07:00:00, 5.90181e-05
9896, 2016-11-16 08:00:00, 3.33524e-05
9897, 2016-11-16 09:00:00, 1.47611e-05
9898, 2016-11-16 10:00:00, 6.90776e-08
9899, 2016-11-16 11:00:00, 3.51028e-05
9900, 2016-11-16 12:00:00, 4.496e-05
9901, 2016-11-16 13:00:00, 2.59429e-05
9902, 2016-11-16 14:00:00, 1.05475e-05
9903, 2016-11-16 15:00:00, 3.64782e-13
9904, 2016-11-16 16:00:00, 3.63853e-13
9905, 2016-11-16 17:00:00, 3.62924e-13
9906, 2016-11-16 18:00:00, 3.6194e-13
9907, 2016-11-16 19:00:00, 3.61011e-13
9908, 2016-11-16 20:00:00, 3.60082e-13
9909, 2016-11-16 21:00:00, 3.59098e-13
9910, 2016-11-16 22:00:00, 3.58169e-13
9911, 2016-11-16 23:00:00, 3.5724e-13
9912, 2016-11-17 00:00:00, 3.56311e-13
9913, 2016-11-17 01:00:00, 3.55382e-13
9914, 2016-11-17 02:00:00, 3.54453e-13
9915, 2016-11-17 03:00:00, 3.53524e-13
9916, 2016-11-17 04:00:00, 3.52595e-13
9917, 2016-11-17 05:00:00, 3.51666e-13
9918, 2016-11-17 06:00:00, 3.50737e-13
9919, 2016-11-17 07:00:00, 3.49808e-13
9920, 2016-11-17 08:00:00, 3.48934e-13
9921, 2016-11-17 09:00:00, 3.48005e-13
9922, 2016-11-17 10:00:00, 3.47076e-13
9923, 2016-11-17 11:00:00, 3.46201e-13
9924, 2016-11-17 12:00:00, 3.45272e-13
9925, 2016-11-17 13:00:00, 3.44343e-13
9926, 2016-11-17 14:00:00, 3.43469e-13
9927, 2016-11-17 15:00:00, 3.4254e-13
9928, 2016-11-17 16:00:00, 3.41665e-13
9929, 2016-11-17 17:00:00, 3.40791e-13
9930, 2016-11-17 18:00:00, 3.39862e-13
9931, 2016-11-17 19:00:00, 3.38988e-13
9932, 2016-11-17 20:00:00, 3.38113e-13
9933, 2016-11-17 21:00:00, 3.37239e-13
9934, 2016-11-17 22:00:00, 3.36364e-13
9935, 2016-11-17 23:00:00, 3.35435e-13
9936, 2016-11-18 00:00:00, 3.34561e-13
9937, 2016-11-18 01:00:00, 3.33687e-13
9938, 2016-11-18 02:00:00, 3.32812e-13
9939, 2016-11-18 03:00:00, 3.31938e-13
9940, 2016-11-18 04:00:00, 3.31118e-13
9941, 2016-11-18 05:00:00, 3.30244e-13
9942, 2016-11-18 06:00:00, 3.29369e-13
9943, 2016-11-18 07:00:00, 3.28495e-13
9944, 2016-11-18 08:00:00, 3.27621e-13
9945, 2016-11-18 09:00:00, 3.26801e-13
9946, 2016-11-18 10:00:00, 3.25927e-13
9947, 2016-11-18 11:00:00, 3.25052e-13
9948, 2016-11-18 12:00:00, 3.24232e-13
9949, 2016-11-18 13:00:00, 3.23358e-13
9950, 2016-11-18 14:00:00, 3.22538e-13
9951, 2016-11-18 15:00:00, 3.21664e-13
9952, 2016-11-18 16:00:00, 3.20844e-13
9953, 2016-11-18 17:00:00, 3.20024e-13
9954, 2016-11-18 18:00:00, 3.1915e-13
9955, 2016-11-18 19:00:00, 3.1833e-13
9956, 2016-11-18 20:00:00, 3.17511e-13
9957, 2016-11-18 21:00:00, 3.16691e-13
9958, 2016-11-18 22:00:00, 3.15816e-13
9959, 2016-11-18 23:00:00, 3.14997e-13
9960, 2016-11-19 00:00:00, 3.14177e-13
9961, 2016-11-19 01:00:00, 3.13357e-13
9962, 2016-11-19 02:00:00, 3.12538e-13
9963, 2016-11-19 03:00:00, 3.11718e-13
9964, 2016-11-19 04:00:00, 3.10898e-13
9965, 2016-11-19 05:00:00, 3.10078e-13
9966, 2016-11-19 06:00:00, 3.09259e-13
9967, 2016-11-19 07:00:00, 3.08493e-13
9968, 2016-11-19 08:00:00, 3.07674e-13
9969, 2016-11-19 09:00:00, 3.06854e-13
9970, 2016-11-19 10:00:00, 3.06034e-13
9971, 2016-11-19 11:00:00, 3.05269e-13
9972, 2016-11-19 12:00:00, 3.04449e-13
9973, 2016-11-19 13:00:00, 3.03684e-13
9974, 2016-11-19 14:00:00, 3.02865e-13
9975, 2016-11-19 15:00:00, 3.021e-13
9976, 2016-11-19 16:00:00, 3.0128e-13
9977, 2016-11-19 17:00:00, 3.00515e-13
9978, 2016-11-19 18:00:00, 2.99695e-13
9979, 2016-11-19 19:00:00, 2.9893e-13
9980, 2016-11-19 20:00:00, 2.98165e-13
9981, 2016-11-19 21:00:00, 2.97345e-13
9982, 2016-11-19 22:00:00, 2.9658e-13
9983, 2016-11-19 23:00:00, 2.95815e-13
9984, 2016-11-20 00:00:00, 2.9505e-13
9985, 2016-11-20 01:00:00, 2.94285e-13
9986, 2016-11-20 02:00:00, 2.93465e-13
9987, 2016-11-20 03:00:00, 2.927e-13
9988, 2016-11-20 04:00:00, 2.91935e-13
9989, 2016-11-20 05:00:00, 2.9117e-13
9990, 2016-11-20 06:00:00, 2.90405e-13
9991, 2016-11-20 07:00:00, 2.89694e-13
9992, 2016-11-20 08:00:00, 2.88929e-13
9993, 2016-11-20 09:00:00, 0.0111683
9994, 2016-11-20 10:00:00, 0.0758668
9995, 2016-11-20 11:00:00, 0.0364447
9996, 2016-11-20 12:00:00, 0.0260376
9997, 2016-11-20 13:00:00, 0.000186205
9998, 2016-11-20 14:00:00, 9.29293e-05
9999, 2016-11-20 15:00:00, 1.19013e-05
10000, 2016-11-20 16:00:00, 3.87117e-06
10001, 2016-11-20 17:00:00, 2.82153e-13
10002, 2016-11-20 18:00:00, 2.81442e-13
10003, 2016-11-20 19:00:00, 2.80677e-13
10004, 2016-11-20 20:00:00, 0.000459368
10005, 2016-11-20 21:00:00, 0.00183079
10006, 2016-11-20 22:00:00, 0.000904311
10007, 2016-11-20 23:00:00, 0.000889822
10008, 2016-11-21 00:00:00, 0.000288901
10009, 2016-11-21 01:00:00, 0.000550861
10010, 2016-11-21 02:00:00, 0.000566401
10011, 2016-11-21 03:00:00, 0.000413218
10012, 2016-11-21 04:00:00, 0.000195334
10013, 2016-11-21 05:00:00, 5.99301e-05
10014, 2016-11-21 06:00:00, 2.30482e-05
10015, 2016-11-21 07:00:00, 1.5801e-05
10016, 2016-11-21 08:00:00, 1.12814e-05
10017, 2016-11-21 09:00:00, 5.67464e-06
10018, 2016-11-21 10:00:00, 2.95105e-06
10019, 2016-11-21 11:00:00, 1.58018e-06
10020, 2016-11-21 12:00:00, 5.71779e-07
10021, 2016-11-21 13:00:00, 3.52522e-07
10022, 2016-11-21 14:00:00, 1.84543e-07
10023, 2016-11-21 15:00:00, 1.96471e-07
10024, 2016-11-21 16:00:00, 1.31957e-07
10025, 2016-11-21 17:00:00, 8.06059e-08
10026, 2016-11-21 18:00:00, 3.06437e-08
10027, 2016-11-21 19:00:00, 9.11985e-09
10028, 2016-11-21 20:00:00, 2.62916e-13
10029, 2016-11-21 21:00:00, 2.62206e-13
10030, 2016-11-21 22:00:00, 2.61495e-13
10031, 2016-11-21 23:00:00, 4.64578e-11
10032, 2016-11-22 00:00:00, 9.0306e-11
10033, 2016-11-22 01:00:00, 1.46295e-10
10034, 2016-11-22 02:00:00, 1.78076e-10
10035, 2016-11-22 03:00:00, 2.12505e-10
10036, 2016-11-22 04:00:00, 9.75546e-11
10037, 2016-11-22 05:00:00, 4.66092e-11
10038, 2016-11-22 06:00:00, 2.56085e-13
10039, 2016-11-22 07:00:00, 2.55429e-13
10040, 2016-11-22 08:00:00, 2.54774e-13
10041, 2016-11-22 09:00:00, 2.54118e-13
10042, 2016-11-22 10:00:00, 2.53407e-13
10043, 2016-11-22 11:00:00, 2.52752e-13
10044, 2016-11-22 12:00:00, 2.52096e-13
10045, 2016-11-22 13:00:00, 6.94301e-10
10046, 2016-11-22 14:00:00, 9.2585e-10
10047, 2016-11-22 15:00:00, 1.16794e-09
10048, 2016-11-22 16:00:00, 5.12104e-10
10049, 2016-11-22 17:00:00, 2.32243e-10
10050, 2016-11-22 18:00:00, 2.48161e-13
10051, 2016-11-22 19:00:00, 2.47505e-13
10052, 2016-11-22 20:00:00, 2.46849e-13
10053, 2016-11-22 21:00:00, 2.46248e-13
10054, 2016-11-22 22:00:00, 2.45593e-13
10055, 2016-11-22 23:00:00, 2.44937e-13
10056, 2016-11-23 00:00:00, 2.44281e-13
10057, 2016-11-23 01:00:00, 2.4368e-13
10058, 2016-11-23 02:00:00, 2.43024e-13
10059, 2016-11-23 03:00:00, 2.42368e-13
10060, 2016-11-23 04:00:00, 2.41767e-13
10061, 2016-11-23 05:00:00, 2.41111e-13
10062, 2016-11-23 06:00:00, 2.4051e-13
10063, 2016-11-23 07:00:00, 2.39854e-13
10064, 2016-11-23 08:00:00, 2.39253e-13
10065, 2016-11-23 09:00:00, 2.38597e-13
10066, 2016-11-23 10:00:00, 2.37996e-13
10067, 2016-11-23 11:00:00, 2.37341e-13
10068, 2016-11-23 12:00:00, 2.36739e-13
10069, 2016-11-23 13:00:00, 4.75866e-10
10070, 2016-11-23 14:00:00, 6.81378e-10
10071, 2016-11-23 15:00:00, 1.30613e-09
10072, 2016-11-23 16:00:00, 5.88215e-10
10073, 2016-11-23 17:00:00, 3.3536e-10
10074, 2016-11-23 18:00:00, 2.33023e-13
10075, 2016-11-23 19:00:00, 2.32422e-13
10076, 2016-11-23 20:00:00, 2.31821e-13
10077, 2016-11-23 21:00:00, 2.3122e-13
10078, 2016-11-23 22:00:00, 2.30619e-13
10079, 2016-11-23 23:00:00, 2.30018e-13
10080, 2016-11-24 00:00:00, 2.29416e-13
10081, 2016-11-24 01:00:00, 2.28815e-13
10082, 2016-11-24 02:00:00, 2.28214e-13
10083, 2016-11-24 03:00:00, 2.27613e-13
10084, 2016-11-24 04:00:00, 2.27012e-13
10085, 2016-11-24 05:00:00, 2.26411e-13
10086, 2016-11-24 06:00:00, 2.2581e-13
10087, 2016-11-24 07:00:00, 2.25208e-13
10088, 2016-11-24 08:00:00, 2.24662e-13
10089, 2016-11-24 09:00:00, 4.66261e-12
10090, 2016-11-24 10:00:00, 2.24098e-12
10091, 2016-11-24 11:00:00, 1.83688e-12
10092, 2016-11-24 12:00:00, 8.74385e-12
10093, 2016-11-24 13:00:00, 1.33205e-11
10094, 2016-11-24 14:00:00, 7.51323e-12
10095, 2016-11-24 15:00:00, 3.57522e-12
10096, 2016-11-24 16:00:00, 2.19962e-13
10097, 2016-11-24 17:00:00, 2.19416e-13
10098, 2016-11-24 18:00:00, 2.18815e-13
10099, 2016-11-24 19:00:00, 2.18268e-13
10100, 2016-11-24 20:00:00, 2.17667e-13
10101, 2016-11-24 21:00:00, 2.1712e-13
10102, 2016-11-24 22:00:00, 0.0300573
10103, 2016-11-24 23:00:00, 0.015738
10104, 2016-11-25 00:00:00, 0.0164984
10105, 2016-11-25 01:00:00, 0.00577982
10106, 2016-11-25 02:00:00, 0.00304483
10107, 2016-11-25 03:00:00, 0.00107851
10108, 2016-11-25 04:00:00, 1.25338e-05
10109, 2016-11-25 05:00:00, 2.12639e-13
10110, 2016-11-25 06:00:00, 2.12038e-13
10111, 2016-11-25 07:00:00, 2.11492e-13
10112, 2016-11-25 08:00:00, 2.10945e-13
10113, 2016-11-25 09:00:00, 2.10399e-13
10114, 2016-11-25 10:00:00, 2.09852e-13
10115, 2016-11-25 11:00:00, 0.000290728
10116, 2016-11-25 12:00:00, 0.000151683
10117, 2016-11-25 13:00:00, 0.000171184
10118, 2016-11-25 14:00:00, 3.28241e-05
10119, 2016-11-25 15:00:00, 2.05765e-05
10120, 2016-11-25 16:00:00, 2.06573e-13
10121, 2016-11-25 17:00:00, 2.06027e-13
10122, 2016-11-25 18:00:00, 2.0548e-13
10123, 2016-11-25 19:00:00, 2.04934e-13
10124, 2016-11-25 20:00:00, 2.04442e-13
10125, 2016-11-25 21:00:00, 2.03895e-13
10126, 2016-11-25 22:00:00, 2.03349e-13
10127, 2016-11-25 23:00:00, 2.02802e-13
10128, 2016-11-26 00:00:00, 2.02311e-13
10129, 2016-11-26 01:00:00, 2.01764e-13
10130, 2016-11-26 02:00:00, 2.01218e-13
10131, 2016-11-26 03:00:00, 2.00726e-13
10132, 2016-11-26 04:00:00, 2.00179e-13
10133, 2016-11-26 05:00:00, 1.99633e-13
10134, 2016-11-26 06:00:00, 1.99141e-13
10135, 2016-11-26 07:00:00, 1.41964e-11
10136, 2016-11-26 08:00:00, 3.76534e-08
10137, 2016-11-26 09:00:00, 6.86593e-08
10138, 2016-11-26 10:00:00, 6.96572e-08
10139, 2016-11-26 11:00:00, 7.90723e-08
10140, 2016-11-26 12:00:00, 3.25322e-08
10141, 2016-11-26 13:00:00, 1.65599e-08
10142, 2016-11-26 14:00:00, 1.94988e-13
10143, 2016-11-26 15:00:00, 1.94496e-13
10144, 2016-11-26 16:00:00, 1.94004e-13
10145, 2016-11-26 17:00:00, 1.93457e-13
10146, 2016-11-26 18:00:00, 1.92966e-13
10147, 2016-11-26 19:00:00, 1.92474e-13
10148, 2016-11-26 20:00:00, 1.91927e-13
10149, 2016-11-26 21:00:00, 1.91435e-13
10150, 2016-11-26 22:00:00, 1.90944e-13
10151, 2016-11-26 23:00:00, 1.90452e-13
10152, 2016-11-27 00:00:00, 1.8996e-13
10153, 2016-11-27 01:00:00, 1.89468e-13
10154, 2016-11-27 02:00:00, 1.88976e-13
10155, 2016-11-27 03:00:00, 1.88484e-13
10156, 2016-11-27 04:00:00, 1.87992e-13
10157, 2016-11-27 05:00:00, 1.87501e-13
10158, 2016-11-27 06:00:00, 1.87009e-13
10159, 2016-11-27 07:00:00, 1.86517e-13
10160, 2016-11-27 08:00:00, 1.86025e-13
10161, 2016-11-27 09:00:00, 1.85533e-13
10162, 2016-11-27 10:00:00, 1.85041e-13
10163, 2016-11-27 11:00:00, 1.8455e-13
10164, 2016-11-27 12:00:00, 1.84058e-13
10165, 2016-11-27 13:00:00, 1.83566e-13
10166, 2016-11-27 14:00:00, 1.83129e-13
10167, 2016-11-27 15:00:00, 1.82637e-13
10168, 2016-11-27 16:00:00, 1.82145e-13
10169, 2016-11-27 17:00:00, 1.81653e-13
10170, 2016-11-27 18:00:00, 1.81216e-13
10171, 2016-11-27 19:00:00, 1.80724e-13
10172, 2016-11-27 20:00:00, 1.80232e-13
10173, 2016-11-27 21:00:00, 1.79795e-13
10174, 2016-11-27 22:00:00, 1.20074e-06
10175, 2016-11-27 23:00:00, 5.45789e-07
10176, 2016-11-28 00:00:00, 0.000100943
10177, 2016-11-28 01:00:00, 4.56845e-05
10178, 2016-11-28 02:00:00, 3.65476e-05
10179, 2016-11-28 03:00:00, 1.76953e-13
10180, 2016-11-28 04:00:00, 1.76516e-13
10181, 2016-11-28 05:00:00, 1.76024e-13
10182, 2016-11-28 06:00:00, 1.75587e-13
10183, 2016-11-28 07:00:00, 2.00672e-07
10184, 2016-11-28 08:00:00, 9.12147e-08
10185, 2016-11-28 09:00:00, 7.29718e-08
10186, 2016-11-28 10:00:00, 1.73784e-13
10187, 2016-11-28 11:00:00, 1.73292e-13
10188, 2016-11-28 12:00:00, 1.72855e-13
10189, 2016-11-28 13:00:00, 2.22757e-08
10190, 2016-11-28 14:00:00, 3.45665e-08
10191, 2016-11-28 15:00:00, 1.92099e-08
10192, 2016-11-28 16:00:00, 8.88783e-09
10193, 2016-11-28 17:00:00, 1.70614e-13
10194, 2016-11-28 18:00:00, 1.70177e-13
10195, 2016-11-28 19:00:00, 1.69685e-13
10196, 2016-11-28 20:00:00, 1.69248e-13
10197, 2016-11-28 21:00:00, 1.68811e-13
10198, 2016-11-28 22:00:00, 1.68374e-13
10199, 2016-11-28 23:00:00, 1.67936e-13
10200, 2016-11-29 00:00:00, 1.67499e-13
10201, 2016-11-29 01:00:00, 1.67062e-13
10202, 2016-11-29 02:00:00, 1.66625e-13
10203, 2016-11-29 03:00:00, 1.66188e-13
10204, 2016-11-29 04:00:00, 1.6575e-13
10205, 2016-11-29 05:00:00, 1.65313e-13
10206, 2016-11-29 06:00:00, 1.64876e-13
10207, 2016-11-29 07:00:00, 1.64439e-13
10208, 2016-11-29 08:00:00, 1.64002e-13
10209, 2016-11-29 09:00:00, 7.37561e-11
10210, 2016-11-29 10:00:00, 1.39807e-10
10211, 2016-11-29 11:00:00, 2.65771e-10
10212, 2016-11-29 12:00:00, 3.43497e-10
10213, 2016-11-29 13:00:00, 1.68596e-10
10214, 2016-11-29 14:00:00, 7.94679e-11
10215, 2016-11-29 15:00:00, 1.61051e-13
10216, 2016-11-29 16:00:00, 0.00018562
10217, 2016-11-29 17:00:00, 0.00386291
10218, 2016-11-29 18:00:00, 0.0105512
10219, 2016-11-29 19:00:00, 0.0172758
10220, 2016-11-29 20:00:00, 0.0419836
10221, 2016-11-29 21:00:00, 0.14118
10222, 2016-11-29 22:00:00, 0.153815
10223, 2016-11-29 23:00:00, 0.154875
10224, 2016-11-30 00:00:00, 0.0744296
10225, 2016-11-30 01:00:00, 0.0330548
10226, 2016-11-30 02:00:00, 0.00522643
10227, 2016-11-30 03:00:00, 0.00098699
10228, 2016-11-30 04:00:00, 0.000161119
10229, 2016-11-30 05:00:00, 5.48286e-05
10230, 2016-11-30 06:00:00, 3.09747e-05
10231, 2016-11-30 07:00:00, 1.35666e-05
10232, 2016-11-30 08:00:00, 2.74105e-08
10233, 2016-11-30 09:00:00, 5.17764e-09
10234, 2016-11-30 10:00:00, 1.53236e-13
10235, 2016-11-30 11:00:00, 2.04618e-09
10236, 2016-11-30 12:00:00, 1.38671e-08
10237, 2016-11-30 13:00:00, 6.6246e-09
10238, 2016-11-30 14:00:00, 4.7045e-09
10239, 2016-11-30 15:00:00, 1.51214e-13
10240, 2016-11-30 16:00:00, 1.50831e-13
10241, 2016-11-30 17:00:00, 1.50449e-13
10242, 2016-11-30 18:00:00, 1.50066e-13
10243, 2016-11-30 19:00:00, 0.000878441
10244, 2016-11-30 20:00:00, 0.0047455
10245, 2016-11-30 21:00:00, 0.00383096
10246, 2016-11-30 22:00:00, 0.00757388
10247, 2016-11-30 23:00:00, 0.0214676
10248, 2016-12-01 00:00:00, 0.0114712
10249, 2016-12-01 01:00:00, 0.00771956
10250, 2016-12-01 02:00:00, 0.00570045
10251, 2016-12-01 03:00:00, 0.00453836
10252, 2016-12-01 04:00:00, 0.00530564
10253, 2016-12-01 05:00:00, 0.00290027
10254, 2016-12-01 06:00:00, 0.00162016
10255, 2016-12-01 07:00:00, 0.00214491
10256, 2016-12-01 08:00:00, 0.00141613
10257, 2016-12-01 09:00:00, 0.00531131
10258, 2016-12-01 10:00:00, 0.00226622
10259, 2016-12-01 11:00:00, 0.00204993
10260, 2016-12-01 12:00:00, 0.000202927
10261, 2016-12-01 13:00:00, 0.000151138
10262, 2016-12-01 14:00:00, 9.3314e-09
10263, 2016-12-01 15:00:00, 1.41978e-13
10264, 2016-12-01 16:00:00, 1.4165e-13
10265, 2016-12-01 17:00:00, 1.41268e-13
10266, 2016-12-01 18:00:00, 1.40885e-13
10267, 2016-12-01 19:00:00, 1.40503e-13
10268, 2016-12-01 20:00:00, 1.40175e-13
10269, 2016-12-01 21:00:00, 1.39792e-13
10270, 2016-12-01 22:00:00, 1.3941e-13
10271, 2016-12-01 23:00:00, 1.39082e-13
10272, 2016-12-02 00:00:00, 1.38699e-13
10273, 2016-12-02 01:00:00, 2.02456e-05
10274, 2016-12-02 02:00:00, 9.20256e-06
10275, 2016-12-02 03:00:00, 7.36204e-06
10276, 2016-12-02 04:00:00, 1.37224e-13
10277, 2016-12-02 05:00:00, 1.36896e-13
10278, 2016-12-02 06:00:00, 1.36513e-13
10279, 2016-12-02 07:00:00, 1.36185e-13
10280, 2016-12-02 08:00:00, 1.35803e-13
10281, 2016-12-02 09:00:00, 1.35475e-13
10282, 2016-12-02 10:00:00, 1.35092e-13
10283, 2016-12-02 11:00:00, 1.34764e-13
10284, 2016-12-02 12:00:00, 1.34382e-13
10285, 2016-12-02 13:00:00, 1.34054e-13
10286, 2016-12-02 14:00:00, 1.33671e-13
10287, 2016-12-02 15:00:00, 1.33344e-13
10288, 2016-12-02 16:00:00, 1.33016e-13
10289, 2016-12-02 17:00:00, 1.32633e-13
10290, 2016-12-02 18:00:00, 1.32305e-13
10291, 2016-12-02 19:00:00, 1.31977e-13
10292, 2016-12-02 20:00:00, 1.31595e-13
10293, 2016-12-02 21:00:00, 1.31267e-13
10294, 2016-12-02 22:00:00, 1.30939e-13
10295, 2016-12-02 23:00:00, 1.30556e-13
10296, 2016-12-03 00:00:00, 1.30229e-13
10297, 2016-12-03 01:00:00, 1.29901e-13
10298, 2016-12-03 02:00:00, 1.29573e-13
10299, 2016-12-03 03:00:00, 1.29245e-13
10300, 2016-12-03 04:00:00, 1.28862e-13
10301, 2016-12-03 05:00:00, 1.28534e-13
10302, 2016-12-03 06:00:00, 1.28207e-13
10303, 2016-12-03 07:00:00, 1.27879e-13
10304, 2016-12-03 08:00:00, 1.27551e-13
10305, 2016-12-03 09:00:00, 1.27223e-13
10306, 2016-12-03 10:00:00, 1.26895e-13
10307, 2016-12-03 11:00:00, 1.26512e-13
10308, 2016-12-03 12:00:00, 1.26184e-13
10309, 2016-12-03 13:00:00, 1.25857e-13
10310, 2016-12-03 14:00:00, 1.25529e-13
10311, 2016-12-03 15:00:00, 1.25201e-13
10312, 2016-12-03 16:00:00, 1.24873e-13
10313, 2016-12-03 17:00:00, 1.24545e-13
10314, 2016-12-03 18:00:00, 1.24217e-13
10315, 2016-12-03 19:00:00, 1.23889e-13
10316, 2016-12-03 20:00:00, 1.23616e-13
10317, 2016-12-03 21:00:00, 1.23288e-13
10318, 2016-12-03 22:00:00, 1.2296e-13
10319, 2016-12-03 23:00:00, 1.22632e-13
10320, 2016-12-04 00:00:00, 1.22304e-13
10321, 2016-12-04 01:00:00, 1.21977e-13
10322, 2016-12-04 02:00:00, 1.21649e-13
10323, 2016-12-04 03:00:00, 1.21321e-13
10324, 2016-12-04 04:00:00, 1.21047e-13
10325, 2016-12-04 05:00:00, 1.2072e-13
10326, 2016-12-04 06:00:00, 1.20392e-13
10327, 2016-12-04 07:00:00, 1.20064e-13
10328, 2016-12-04 08:00:00, 1.19736e-13
10329, 2016-12-04 09:00:00, 1.19463e-13
10330, 2016-12-04 10:00:00, 1.19135e-13
10331, 2016-12-04 11:00:00, 1.18807e-13
10332, 2016-12-04 12:00:00, 1.18534e-13
10333, 2016-12-04 13:00:00, 1.18206e-13
10334, 2016-12-04 14:00:00, 1.17878e-13
10335, 2016-12-04 15:00:00, 1.17605e-13
10336, 2016-12-04 16:00:00, 1.17277e-13
10337, 2016-12-04 17:00:00, 1.16949e-13
10338, 2016-12-04 18:00:00, 1.16676e-13
10339, 2016-12-04 19:00:00, 1.16348e-13
10340, 2016-12-04 20:00:00, 1.16074e-13
10341, 2016-12-04 21:00:00, 1.15747e-13
10342, 2016-12-04 22:00:00, 1.15473e-13
10343, 2016-12-04 23:00:00, 1.15145e-13
10344, 2016-12-05 00:00:00, 1.14818e-13
10345, 2016-12-05 01:00:00, 1.14544e-13
10346, 2016-12-05 02:00:00, 1.14216e-13
10347, 2016-12-05 03:00:00, 1.13943e-13
10348, 2016-12-05 04:00:00, 1.1367e-13
10349, 2016-12-05 05:00:00, 1.13342e-13
10350, 2016-12-05 06:00:00, 1.13069e-13
10351, 2016-12-05 07:00:00, 1.12741e-13
10352, 2016-12-05 08:00:00, 1.12468e-13
10353, 2016-12-05 09:00:00, 1.1214e-13
10354, 2016-12-05 10:00:00, 1.11866e-13
10355, 2016-12-05 11:00:00, 1.11593e-13
10356, 2016-12-05 12:00:00, 1.11265e-13
10357, 2016-12-05 13:00:00, 1.10992e-13
10358, 2016-12-05 14:00:00, 3.40154e-05
10359, 2016-12-05 15:00:00, 0.000382169
10360, 2016-12-05 16:00:00, 0.00116011
10361, 2016-12-05 17:00:00, 0.00200583
10362, 2016-12-05 18:00:00, 0.00122031
10363, 2016-12-05 19:00:00, 0.000616533
10364, 2016-12-05 20:00:00, 0.000129618
10365, 2016-12-05 21:00:00, 6.23414e-05
10366, 2016-12-05 22:00:00, 3.84323e-05
10367, 2016-12-05 23:00:00, 1.54936e-05
10368, 2016-12-06 00:00:00, 9.30945e-07
10369, 2016-12-06 01:00:00, 1.5909e-07
10370, 2016-12-06 02:00:00, 8.84275e-09
10371, 2016-12-06 03:00:00, 3.08051e-09
10372, 2016-12-06 04:00:00, 1.06729e-13
10373, 2016-12-06 05:00:00, 1.06456e-13
10374, 2016-12-06 06:00:00, 1.06183e-13
10375, 2016-12-06 07:00:00, 1.0591e-13
10376, 2016-12-06 08:00:00, 1.05582e-13
10377, 2016-12-06 09:00:00, 1.05309e-13
10378, 2016-12-06 10:00:00, 1.05035e-13
10379, 2016-12-06 11:00:00, 1.04762e-13
10380, 2016-12-06 12:00:00, 1.04489e-13
10381, 2016-12-06 13:00:00, 1.58289e-08
10382, 2016-12-06 14:00:00, 2.12926e-08
10383, 2016-12-06 15:00:00, 1.2164e-08
10384, 2016-12-06 16:00:00, 5.12649e-09
10385, 2016-12-06 17:00:00, 1.03123e-13
10386, 2016-12-06 18:00:00, 1.02849e-13
10387, 2016-12-06 19:00:00, 1.02631e-13
10388, 2016-12-06 20:00:00, 1.02358e-13
10389, 2016-12-06 21:00:00, 1.02084e-13
10390, 2016-12-06 22:00:00, 1.01811e-13
10391, 2016-12-06 23:00:00, 1.01538e-13
10392, 2016-12-07 00:00:00, 1.01265e-13
10393, 2016-12-07 01:00:00, 1.00991e-13
10394, 2016-12-07 02:00:00, 1.00718e-13
10395, 2016-12-07 03:00:00, 3.81448e-06
10396, 2016-12-07 04:00:00, 1.82158e-05
10397, 2016-12-07 05:00:00, 4.91761e-05
10398, 2016-12-07 06:00:00, 0.000230065
10399, 2016-12-07 07:00:00, 0.000634906
10400, 2016-12-07 08:00:00, 0.000888285
10401, 2016-12-07 09:00:00, 0.000651031
10402, 2016-12-07 10:00:00, 0.000450137
10403, 2016-12-07 11:00:00, 0.00049891
10404, 2016-12-07 12:00:00, 0.000517534
10405, 2016-12-07 13:00:00, 0.000410867
10406, 2016-12-07 14:00:00, 0.000193027
10407, 2016-12-07 15:00:00, 6.33988e-05
10408, 2016-12-07 16:00:00, 7.83445e-06
10409, 2016-12-07 17:00:00, 9.26472e-07
10410, 2016-12-07 18:00:00, 9.66194e-14
10411, 2016-12-07 19:00:00, 9.63462e-14
10412, 2016-12-07 20:00:00, 9.60729e-14
10413, 2016-12-07 21:00:00, 9.58543e-14
10414, 2016-12-07 22:00:00, 9.55811e-14
10415, 2016-12-07 23:00:00, 9.53625e-14
10416, 2016-12-08 00:00:00, 9.50892e-14
10417, 2016-12-08 01:00:00, 9.48706e-14
10418, 2016-12-08 02:00:00, 9.45974e-14
10419, 2016-12-08 03:00:00, 9.43241e-14
10420, 2016-12-08 04:00:00, 9.41055e-14
10421, 2016-12-08 05:00:00, 9.38323e-14
10422, 2016-12-08 06:00:00, 9.36137e-14
10423, 2016-12-08 07:00:00, 9.33405e-14
10424, 2016-12-08 08:00:00, 9.31219e-14
10425, 2016-12-08 09:00:00, 9.29033e-14
10426, 2016-12-08 10:00:00, 9.263e-14
10427, 2016-12-08 11:00:00, 9.24114e-14
10428, 2016-12-08 12:00:00, 9.21382e-14
10429, 2016-12-08 13:00:00, 9.19196e-14
10430, 2016-12-08 14:00:00, 9.16463e-14
10431, 2016-12-08 15:00:00, 9.14277e-14
10432, 2016-12-08 16:00:00, 9.12091e-14
10433, 2016-12-08 17:00:00, 9.09359e-14
10434, 2016-12-08 18:00:00, 9.07173e-14
10435, 2016-12-08 19:00:00, 9.04987e-14
10436, 2016-12-08 20:00:00, 9.02255e-14
10437, 2016-12-08 21:00:00, 9.00069e-14
10438, 2016-12-08 22:00:00, 8.97883e-14
10439, 2016-12-08 23:00:00, 8.9515e-14
10440, 2016-12-09 00:00:00, 8.92964e-14
10441, 2016-12-09 01:00:00, 8.90778e-14
10442, 2016-12-09 02:00:00, 8.88046e-14
10443, 2016-12-09 03:00:00, 8.8586e-14
10444, 2016-12-09 04:00:00, 8.83674e-14
10445, 2016-12-09 05:00:00, 8.81488e-14
10446, 2016-12-09 06:00:00, 8.79302e-14
10447, 2016-12-09 07:00:00, 8.7657e-14
10448, 2016-12-09 08:00:00, 8.74384e-14
10449, 2016-12-09 09:00:00, 8.72198e-14
10450, 2016-12-09 10:00:00, 8.70012e-14
10451, 2016-12-09 11:00:00, 8.67826e-14
10452, 2016-12-09 12:00:00, 8.65093e-14
10453, 2016-12-09 13:00:00, 1.16754e-08
10454, 2016-12-09 14:00:00, 1.97056e-08
10455, 2016-12-09 15:00:00, 3.2151e-08
10456, 2016-12-09 16:00:00, 3.32429e-08
10457, 2016-12-09 17:00:00, 1.60847e-08
10458, 2016-12-09 18:00:00, 6.65378e-09
10459, 2016-12-09 19:00:00, 8.49792e-14
10460, 2016-12-09 20:00:00, 8.47606e-14
10461, 2016-12-09 21:00:00, 8.4542e-14
10462, 2016-12-09 22:00:00, 6.06069e-11
10463, 2016-12-09 23:00:00, 2.75943e-11
10464, 2016-12-10 00:00:00, 2.20921e-11
10465, 2016-12-10 01:00:00, 8.36129e-14
10466, 2016-12-10 02:00:00, 8.33943e-14
10467, 2016-12-10 03:00:00, 8.31757e-14
10468, 2016-12-10 04:00:00, 8.29572e-14
10469, 2016-12-10 05:00:00, 8.27386e-14
10470, 2016-12-10 06:00:00, 8.252e-14
10471, 2016-12-10 07:00:00, 8.2356e-14
10472, 2016-12-10 08:00:00, 8.21374e-14
10473, 2016-12-10 09:00:00, 8.19188e-14
10474, 2016-12-10 10:00:00, 8.17002e-14
10475, 2016-12-10 11:00:00, 8.14816e-14
10476, 2016-12-10 12:00:00, 8.1263e-14
10477, 2016-12-10 13:00:00, 8.10444e-14
10478, 2016-12-10 14:00:00, 8.08258e-14
10479, 2016-12-10 15:00:00, 8.06072e-14
10480, 2016-12-10 16:00:00, 9.59909e-09
10481, 2016-12-10 17:00:00, 1.31213e-08
10482, 2016-12-10 18:00:00, 1.26276e-08
10483, 2016-12-10 19:00:00, 7.7417e-09
10484, 2016-12-10 20:00:00, 2.88101e-09
10485, 2016-12-10 21:00:00, 8.04885e-10
10486, 2016-12-10 22:00:00, 7.91317e-14
10487, 2016-12-10 23:00:00, 7.89678e-14
10488, 2016-12-11 00:00:00, 7.87492e-14
10489, 2016-12-11 01:00:00, 7.85306e-14
10490, 2016-12-11 02:00:00, 7.8312e-14
10491, 2016-12-11 03:00:00, 7.8148e-14
10492, 2016-12-11 04:00:00, 7.79294e-14
10493, 2016-12-11 05:00:00, 7.77108e-14
10494, 2016-12-11 06:00:00, 7.74923e-14
10495, 2016-12-11 07:00:00, 7.73283e-14
10496, 2016-12-11 08:00:00, 7.71097e-14
10497, 2016-12-11 09:00:00, 7.68911e-14
10498, 2016-12-11 10:00:00, 7.67272e-14
10499, 2016-12-11 11:00:00, 7.65086e-14
10500, 2016-12-11 12:00:00, 7.629e-14
10501, 2016-12-11 13:00:00, 7.6126e-14
10502, 2016-12-11 14:00:00, 7.59074e-14
10503, 2016-12-11 15:00:00, 3.90824e-09
10504, 2016-12-11 16:00:00, 2.08382e-09
10505, 2016-12-11 17:00:00, 2.27693e-09
10506, 2016-12-11 18:00:00, 1.33924e-09
10507, 2016-12-11 19:00:00, 1.29309e-09
10508, 2016-12-11 20:00:00, 6.11086e-10
10509, 2016-12-11 21:00:00, 2.26496e-10
10510, 2016-12-11 22:00:00, 7.43226e-14
10511, 2016-12-11 23:00:00, 7.41587e-14
10512, 2016-12-12 00:00:00, 7.39401e-14
10513, 2016-12-12 01:00:00, 7.37215e-14
10514, 2016-12-12 02:00:00, 7.35575e-14
10515, 2016-12-12 03:00:00, 7.33389e-14
10516, 2016-12-12 04:00:00, 7.3175e-14
10517, 2016-12-12 05:00:00, 7.29564e-14
10518, 2016-12-12 06:00:00, 7.27924e-14
10519, 2016-12-12 07:00:00, 7.25738e-14
10520, 2016-12-12 08:00:00, 7.24099e-14
10521, 2016-12-12 09:00:00, 7.21913e-14
10522, 2016-12-12 10:00:00, 7.20274e-14
10523, 2016-12-12 11:00:00, 7.18634e-14
10524, 2016-12-12 12:00:00, 7.16448e-14
10525, 2016-12-12 13:00:00, 7.14809e-14
10526, 2016-12-12 14:00:00, 0.000617056
10527, 2016-12-12 15:00:00, 0.0761995
10528, 2016-12-12 16:00:00, 0.262453
10529, 2016-12-12 17:00:00, 0.301594
10530, 2016-12-12 18:00:00, 0.160297
10531, 2016-12-12 19:00:00, 0.0620721
10532, 2016-12-12 20:00:00, 6.54907e-05
10533, 2016-12-12 21:00:00, 5.0123e-05
10534, 2016-12-12 22:00:00, 1.4207e-05
10535, 2016-12-12 23:00:00, 2.90187e-06
10536, 2016-12-13 00:00:00, 9.99431e-08
10537, 2016-12-13 01:00:00, 2.90724e-08
10538, 2016-12-13 02:00:00, 1.61328e-08
10539, 2016-12-13 03:00:00, 7.45209e-08
10540, 2016-12-13 04:00:00, 3.48138e-08
10541, 2016-12-13 05:00:00, 2.75261e-08
10542, 2016-12-13 06:00:00, 3.42123e-10
10543, 2016-12-13 07:00:00, 6.81473e-14
10544, 2016-12-13 08:00:00, 6.79833e-14
10545, 2016-12-13 09:00:00, 6.78194e-14
10546, 2016-12-13 10:00:00, 6.76554e-14
10547, 2016-12-13 11:00:00, 6.74368e-14
10548, 2016-12-13 12:00:00, 6.72729e-14
10549, 2016-12-13 13:00:00, 8.32242e-09
10550, 2016-12-13 14:00:00, 1.27591e-08
10551, 2016-12-13 15:00:00, 7.10644e-09
10552, 2016-12-13 16:00:00, 3.26412e-09
10553, 2016-12-13 17:00:00, 6.63985e-14
10554, 2016-12-13 18:00:00, 6.62346e-14
10555, 2016-12-13 19:00:00, 6.60706e-14
10556, 2016-12-13 20:00:00, 6.59067e-14
10557, 2016-12-13 21:00:00, 6.57427e-14
10558, 2016-12-13 22:00:00, 6.55241e-14
10559, 2016-12-13 23:00:00, 6.53602e-14
10560, 2016-12-14 00:00:00, 6.51962e-14
10561, 2016-12-14 01:00:00, 6.50323e-14
10562, 2016-12-14 02:00:00, 6.48683e-14
10563, 2016-12-14 03:00:00, 6.47044e-14
10564, 2016-12-14 04:00:00, 6.45404e-14
10565, 2016-12-14 05:00:00, 6.43765e-14
10566, 2016-12-14 06:00:00, 6.41579e-14
10567, 2016-12-14 07:00:00, 6.3994e-14
10568, 2016-12-14 08:00:00, 6.383e-14
10569, 2016-12-14 09:00:00, 6.36661e-14
10570, 2016-12-14 10:00:00, 6.35021e-14
10571, 2016-12-14 11:00:00, 6.33382e-14
10572, 2016-12-14 12:00:00, 6.31742e-14
10573, 2016-12-14 13:00:00, 1.82185e-10
10574, 2016-12-14 14:00:00, 5.56174e-10
10575, 2016-12-14 15:00:00, 2.81438e-10
10576, 2016-12-14 16:00:00, 1.72182e-10
10577, 2016-12-14 17:00:00, 6.23545e-14
10578, 2016-12-14 18:00:00, 6.21905e-14
10579, 2016-12-14 19:00:00, 6.20266e-14
10580, 2016-12-14 20:00:00, 6.18626e-14
10581, 2016-12-14 21:00:00, 6.16987e-14
10582, 2016-12-14 22:00:00, 6.15348e-14
10583, 2016-12-14 23:00:00, 6.13708e-14
10584, 2016-12-15 00:00:00, 6.12069e-14
10585, 2016-12-15 01:00:00, 6.10429e-14
10586, 2016-12-15 02:00:00, 6.09336e-14
10587, 2016-12-15 03:00:00, 6.07697e-14
10588, 2016-12-15 04:00:00, 6.06057e-14
10589, 2016-12-15 05:00:00, 6.04418e-14
10590, 2016-12-15 06:00:00, 6.02778e-14
10591, 2016-12-15 07:00:00, 6.01139e-14
10592, 2016-12-15 08:00:00, 5.99499e-14
10593, 2016-12-15 09:00:00, 5.9786e-14
10594, 2016-12-15 10:00:00, 5.9622e-14
10595, 2016-12-15 11:00:00, 5.95127e-14
10596, 2016-12-15 12:00:00, 5.93488e-14
10597, 2016-12-15 13:00:00, 5.91848e-14
10598, 2016-12-15 14:00:00, 5.90209e-14
10599, 2016-12-15 15:00:00, 5.8857e-14
10600, 2016-12-15 16:00:00, 5.8693e-14
10601, 2016-12-15 17:00:00, 5.85837e-14
10602, 2016-12-15 18:00:00, 5.84198e-14
10603, 2016-12-15 19:00:00, 5.82558e-14
10604, 2016-12-15 20:00:00, 5.80919e-14
10605, 2016-12-15 21:00:00, 5.79279e-14
10606, 2016-12-15 22:00:00, 5.78186e-14
10607, 2016-12-15 23:00:00, 5.76547e-14
10608, 2016-12-16 00:00:00, 5.74907e-14
10609, 2016-12-16 01:00:00, 5.73268e-14
10610, 2016-12-16 02:00:00, 5.72175e-14
10611, 2016-12-16 03:00:00, 5.70535e-14
10612, 2016-12-16 04:00:00, 5.68896e-14
10613, 2016-12-16 05:00:00, 5.67256e-14
10614, 2016-12-16 06:00:00, 5.66163e-14
10615, 2016-12-16 07:00:00, 5.64524e-14
10616, 2016-12-16 08:00:00, 5.62884e-14
10617, 2016-12-16 09:00:00, 5.61792e-14
10618, 2016-12-16 10:00:00, 5.60152e-14
10619, 2016-12-16 11:00:00, 5.58513e-14
10620, 2016-12-16 12:00:00, 5.56873e-14
10621, 2016-12-16 13:00:00, 5.5578e-14
10622, 2016-12-16 14:00:00, 5.54141e-14
10623, 2016-12-16 15:00:00, 5.53048e-14
10624, 2016-12-16 16:00:00, 5.51408e-14
10625, 2016-12-16 17:00:00, 5.49769e-14
10626, 2016-12-16 18:00:00, 5.48676e-14
10627, 2016-12-16 19:00:00, 5.47036e-14
10628, 2016-12-16 20:00:00, 5.45397e-14
10629, 2016-12-16 21:00:00, 5.44304e-14
10630, 2016-12-16 22:00:00, 5.42664e-14
10631, 2016-12-16 23:00:00, 5.41571e-14
10632, 2016-12-17 00:00:00, 5.39932e-14
10633, 2016-12-17 01:00:00, 5.38292e-14
10634, 2016-12-17 02:00:00, 5.37199e-14
10635, 2016-12-17 03:00:00, 5.3556e-14
10636, 2016-12-17 04:00:00, 5.34467e-14
10637, 2016-12-17 05:00:00, 5.32828e-14
10638, 2016-12-17 06:00:00, 5.31735e-14
10639, 2016-12-17 07:00:00, 5.30095e-14
10640, 2016-12-17 08:00:00, 5.28456e-14
10641, 2016-12-17 09:00:00, 5.27363e-14
10642, 2016-12-17 10:00:00, 5.25723e-14
10643, 2016-12-17 11:00:00, 5.2463e-14
10644, 2016-12-17 12:00:00, 5.22991e-14
10645, 2016-12-17 13:00:00, 5.21898e-14
10646, 2016-12-17 14:00:00, 5.20258e-14
10647, 2016-12-17 15:00:00, 5.19165e-14
10648, 2016-12-17 16:00:00, 5.17526e-14
10649, 2016-12-17 17:00:00, 5.16433e-14
10650, 2016-12-17 18:00:00, 5.14793e-14
10651, 2016-12-17 19:00:00, 5.137e-14
10652, 2016-12-17 20:00:00, 5.12061e-14
10653, 2016-12-17 21:00:00, 5.10968e-14
10654, 2016-12-17 22:00:00, 5.09875e-14
10655, 2016-12-17 23:00:00, 5.08236e-14
10656, 2016-12-18 00:00:00, 5.07143e-14
10657, 2016-12-18 01:00:00, 5.05503e-14
10658, 2016-12-18 02:00:00, 5.0441e-14
10659, 2016-12-18 03:00:00, 5.02771e-14
10660, 2016-12-18 04:00:00, 5.01678e-14
10661, 2016-12-18 05:00:00, 5.00585e-14
10662, 2016-12-18 06:00:00, 4.98945e-14
10663, 2016-12-18 07:00:00, 4.97852e-14
10664, 2016-12-18 08:00:00, 7.91466e-05
10665, 2016-12-18 09:00:00, 0.0010839
10666, 2016-12-18 10:00:00, 0.136383
10667, 2016-12-18 11:00:00, 0.118583
10668, 2016-12-18 12:00:00, 0.422421
10669, 2016-12-18 13:00:00, 0.185204
10670, 2016-12-18 14:00:00, 0.129909
10671, 2016-12-18 15:00:00, 0.00270247
10672, 2016-12-18 16:00:00, 0.000186381
10673, 2016-12-18 17:00:00, 1.74288e-05
10674, 2016-12-18 18:00:00, 0.00347464
10675, 2016-12-18 19:00:00, 0.00299144
10676, 2016-12-18 20:00:00, 0.00190131
10677, 2016-12-18 21:00:00, 0.000512513
10678, 2016-12-18 22:00:00, 4.97875e-10
10679, 2016-12-18 23:00:00, 4.77086e-14
10680, 2016-12-19 00:00:00, 4.75993e-14
10681, 2016-12-19 01:00:00, 4.749e-14
10682, 2016-12-19 02:00:00, 4.73807e-14
10683, 2016-12-19 03:00:00, 4.72167e-14
10684, 2016-12-19 04:00:00, 4.71074e-14
10685, 2016-12-19 05:00:00, 4.69981e-14
10686, 2016-12-19 06:00:00, 4.68888e-14
10687, 2016-12-19 07:00:00, 4.67249e-14
10688, 2016-12-19 08:00:00, 4.66156e-14
10689, 2016-12-19 09:00:00, 4.65063e-14
10690, 2016-12-19 10:00:00, 4.6397e-14
10691, 2016-12-19 11:00:00, 4.6233e-14
10692, 2016-12-19 12:00:00, 4.61237e-14
10693, 2016-12-19 13:00:00, 4.60144e-14
10694, 2016-12-19 14:00:00, 4.59051e-14
10695, 2016-12-19 15:00:00, 4.57958e-14
10696, 2016-12-19 16:00:00, 1.99681e-07
10697, 2016-12-19 17:00:00, 3.19391e-07
10698, 2016-12-19 18:00:00, 3.32564e-07
10699, 2016-12-19 19:00:00, 2.20803e-07
10700, 2016-12-19 20:00:00, 8.70763e-08
10701, 2016-12-19 21:00:00, 2.42702e-08
10702, 2016-12-19 22:00:00, 4.49215e-14
10703, 2016-12-19 23:00:00, 4.48122e-14
10704, 2016-12-20 00:00:00, 4.47029e-14
10705, 2016-12-20 01:00:00, 4.45936e-14
10706, 2016-12-20 02:00:00, 4.44843e-14
10707, 2016-12-20 03:00:00, 4.4375e-14
10708, 2016-12-20 04:00:00, 4.42657e-14
10709, 2016-12-20 05:00:00, 4.41017e-14
10710, 2016-12-20 06:00:00, 4.39924e-14
10711, 2016-12-20 07:00:00, 4.38831e-14
10712, 2016-12-20 08:00:00, 4.37738e-14
10713, 2016-12-20 09:00:00, 4.36645e-14
10714, 2016-12-20 10:00:00, 4.35552e-14
10715, 2016-12-20 11:00:00, 4.34459e-14
10716, 2016-12-20 12:00:00, 4.33366e-14
10717, 2016-12-20 13:00:00, 4.32273e-14
10718, 2016-12-20 14:00:00, 4.3118e-14
10719, 2016-12-20 15:00:00, 3.71022e-08
10720, 2016-12-20 16:00:00, 1.71635e-08
10721, 2016-12-20 17:00:00, 1.2385e-07
10722, 2016-12-20 18:00:00, 2.68257e-07
10723, 2016-12-20 19:00:00, 3.16564e-07
10724, 2016-12-20 20:00:00, 1.59913e-07
10725, 2016-12-20 21:00:00, 6.44983e-08
10726, 2016-12-20 22:00:00, 4.2189e-14
10727, 2016-12-20 23:00:00, 4.20797e-14
10728, 2016-12-21 00:00:00, 4.19704e-14
10729, 2016-12-21 01:00:00, 4.18611e-14
10730, 2016-12-21 02:00:00, 4.17518e-14
10731, 2016-12-21 03:00:00, 4.16425e-14
10732, 2016-12-21 04:00:00, 4.15332e-14
10733, 2016-12-21 05:00:00, 4.14239e-14
10734, 2016-12-21 06:00:00, 4.13146e-14
10735, 2016-12-21 07:00:00, 4.12053e-14
10736, 2016-12-21 08:00:00, 4.1096e-14
10737, 2016-12-21 09:00:00, 4.09867e-14
10738, 2016-12-21 10:00:00, 4.08774e-14
10739, 2016-12-21 11:00:00, 4.07681e-14
10740, 2016-12-21 12:00:00, 4.06588e-14
10741, 2016-12-21 13:00:00, 4.05495e-14
10742, 2016-12-21 14:00:00, 4.04949e-14
10743, 2016-12-21 15:00:00, 1.39223e-11
10744, 2016-12-21 16:00:00, 4.42442e-11
10745, 2016-12-21 17:00:00, 9.42416e-11
10746, 2016-12-21 18:00:00, 4.65147e-11
10747, 2016-12-21 19:00:00, 2.61959e-11
10748, 2016-12-21 20:00:00, 3.98391e-14
10749, 2016-12-21 21:00:00, 3.97298e-14
10750, 2016-12-21 22:00:00, 3.96205e-14
10751, 2016-12-21 23:00:00, 3.95112e-14
10752, 2016-12-22 00:00:00, 3.94019e-14
10753, 2016-12-22 01:00:00, 3.92926e-14
10754, 2016-12-22 02:00:00, 3.9238e-14
10755, 2016-12-22 03:00:00, 3.91287e-14
10756, 2016-12-22 04:00:00, 3.90194e-14
10757, 2016-12-22 05:00:00, 3.89101e-14
10758, 2016-12-22 06:00:00, 3.88008e-14
10759, 2016-12-22 07:00:00, 3.86915e-14
10760, 2016-12-22 08:00:00, 3.85822e-14
10761, 2016-12-22 09:00:00, 3.85275e-14
10762, 2016-12-22 10:00:00, 3.84182e-14
10763, 2016-12-22 11:00:00, 3.83089e-14
10764, 2016-12-22 12:00:00, 3.81996e-14
10765, 2016-12-22 13:00:00, 3.80903e-14
10766, 2016-12-22 14:00:00, 3.7981e-14
10767, 2016-12-22 15:00:00, 1.35533e-05
10768, 2016-12-22 16:00:00, 0.000365027
10769, 2016-12-22 17:00:00, 0.000174354
10770, 2016-12-22 18:00:00, 0.000133362
10771, 2016-12-22 19:00:00, 6.64839e-06
10772, 2016-12-22 20:00:00, 1.91719e-05
10773, 2016-12-22 21:00:00, 1.39457e-05
10774, 2016-12-22 22:00:00, 8.39186e-06
10775, 2016-12-22 23:00:00, 1.68789e-06
10776, 2016-12-23 00:00:00, 2.71472e-08
10777, 2016-12-23 01:00:00, 3.77297e-10
10778, 2016-12-23 02:00:00, 3.68334e-14
10779, 2016-12-23 03:00:00, 3.67241e-14
10780, 2016-12-23 04:00:00, 3.66148e-14
10781, 2016-12-23 05:00:00, 3.65602e-14
10782, 2016-12-23 06:00:00, 3.64509e-14
10783, 2016-12-23 07:00:00, 3.63416e-14
10784, 2016-12-23 08:00:00, 3.62323e-14
10785, 2016-12-23 09:00:00, 3.61776e-14
10786, 2016-12-23 10:00:00, 3.60683e-14
10787, 2016-12-23 11:00:00, 3.5959e-14
10788, 2016-12-23 12:00:00, 3.58497e-14
10789, 2016-12-23 13:00:00, 3.57951e-14
10790, 2016-12-23 14:00:00, 7.94388e-10
10791, 2016-12-23 15:00:00, 3.61105e-10
10792, 2016-12-23 16:00:00, 2.88891e-10
10793, 2016-12-23 17:00:00, 3.54125e-14
10794, 2016-12-23 18:00:00, 3.53032e-14
10795, 2016-12-23 19:00:00, 3.51939e-14
10796, 2016-12-23 20:00:00, 3.51393e-14
10797, 2016-12-23 21:00:00, 3.503e-14
10798, 2016-12-23 22:00:00, 3.49207e-14
10799, 2016-12-23 23:00:00, 3.4866e-14
10800, 2016-12-24 00:00:00, 3.47568e-14
10801, 2016-12-24 01:00:00, 3.46475e-14
10802, 2016-12-24 02:00:00, 3.45928e-14
10803, 2016-12-24 03:00:00, 3.44835e-14
10804, 2016-12-24 04:00:00, 3.43742e-14
10805, 2016-12-24 05:00:00, 3.43196e-14
10806, 2016-12-24 06:00:00, 3.42103e-14
10807, 2016-12-24 07:00:00, 3.41556e-14
10808, 2016-12-24 08:00:00, 3.40463e-14
10809, 2016-12-24 09:00:00, 3.3937e-14
10810, 2016-12-24 10:00:00, 3.38824e-14
10811, 2016-12-24 11:00:00, 3.37731e-14
10812, 2016-12-24 12:00:00, 3.36638e-14
10813, 2016-12-24 13:00:00, 3.36091e-14
10814, 2016-12-24 14:00:00, 0.00209308
10815, 2016-12-24 15:00:00, 0.0178508
10816, 2016-12-24 16:00:00, 0.039468
10817, 2016-12-24 17:00:00, 0.0898768
10818, 2016-12-24 18:00:00, 0.101624
10819, 2016-12-24 19:00:00, 0.0581141
10820, 2016-12-24 20:00:00, 0.0241575
10821, 2016-12-24 21:00:00, 0.00223989
10822, 2016-12-24 22:00:00, 1.26573e-05
10823, 2016-12-24 23:00:00, 3.27347e-14
10824, 2016-12-25 00:00:00, 3.26254e-14
10825, 2016-12-25 01:00:00, 3.25708e-14
10826, 2016-12-25 02:00:00, 3.24615e-14
10827, 2016-12-25 03:00:00, 3.24068e-14
10828, 2016-12-25 04:00:00, 3.22975e-14
10829, 2016-12-25 05:00:00, 3.22429e-14
10830, 2016-12-25 06:00:00, 3.21336e-14
10831, 2016-12-25 07:00:00, 3.20243e-14
10832, 2016-12-25 08:00:00, 3.19697e-14
10833, 2016-12-25 09:00:00, 3.18604e-14
10834, 2016-12-25 10:00:00, 3.18057e-14
10835, 2016-12-25 11:00:00, 3.16964e-14
10836, 2016-12-25 12:00:00, 3.16418e-14
10837, 2016-12-25 13:00:00, 9.05517e-10
10838, 2016-12-25 14:00:00, 4.11616e-10
10839, 2016-12-25 15:00:00, 3.29299e-10
10840, 2016-12-25 16:00:00, 3.13139e-14
10841, 2016-12-25 17:00:00, 3.12046e-14
10842, 2016-12-25 18:00:00, 3.11499e-14
10843, 2016-12-25 19:00:00, 3.10406e-14
10844, 2016-12-25 20:00:00, 3.0986e-14
10845, 2016-12-25 21:00:00, 3.08767e-14
10846, 2016-12-25 22:00:00, 3.0822e-14
10847, 2016-12-25 23:00:00, 3.07127e-14
10848, 2016-12-26 00:00:00, 3.06581e-14
10849, 2016-12-26 01:00:00, 3.05488e-14
10850, 2016-12-26 02:00:00, 3.04941e-14
10851, 2016-12-26 03:00:00, 3.03848e-14
10852, 2016-12-26 04:00:00, 3.03302e-14
10853, 2016-12-26 05:00:00, 3.02755e-14
10854, 2016-12-26 06:00:00, 3.01662e-14
10855, 2016-12-26 07:00:00, 3.01116e-14
10856, 2016-12-26 08:00:00, 3.00023e-14
10857, 2016-12-26 09:00:00, 2.99476e-14
10858, 2016-12-26 10:00:00, 2.98383e-14
10859, 2016-12-26 11:00:00, 2.97837e-14
10860, 2016-12-26 12:00:00, 2.9729e-14
10861, 2016-12-26 13:00:00, 2.96197e-14
10862, 2016-12-26 14:00:00, 2.95651e-14
10863, 2016-12-26 15:00:00, 2.93848e-09
10864, 2016-12-26 16:00:00, 1.32102e-08
10865, 2016-12-26 17:00:00, 3.02037e-08
10866, 2016-12-26 18:00:00, 3.16792e-08
10867, 2016-12-26 19:00:00, 1.61643e-08
10868, 2016-12-26 20:00:00, 6.02595e-09
10869, 2016-12-26 21:00:00, 2.90186e-14
10870, 2016-12-26 22:00:00, 2.89093e-14
10871, 2016-12-26 23:00:00, 2.88547e-14
10872, 2016-12-27 00:00:00, 2.88e-14
10873, 2016-12-27 01:00:00, 8.0344e-10
10874, 2016-12-27 02:00:00, 2.15608e-05
10875, 2016-12-27 03:00:00, 7.89312e-05
10876, 2016-12-27 04:00:00, 0.0010774
10877, 2016-12-27 05:00:00, 0.000575907
10878, 2016-12-27 06:00:00, 0.000414019
10879, 2016-12-27 07:00:00, 2.94544e-05
10880, 2016-12-27 08:00:00, 6.76448e-07
10881, 2016-12-27 09:00:00, 3.69989e-07
10882, 2016-12-27 10:00:00, 5.23756e-05
10883, 2016-12-27 11:00:00, 3.68032e-05
10884, 2016-12-27 12:00:00, 0.000414876
10885, 2016-12-27 13:00:00, 0.000181988
10886, 2016-12-27 14:00:00, 0.000141803
10887, 2016-12-27 15:00:00, 2.76524e-14
10888, 2016-12-27 16:00:00, 2.75977e-14
10889, 2016-12-27 17:00:00, 2.75431e-14
10890, 2016-12-27 18:00:00, 2.74338e-14
10891, 2016-12-27 19:00:00, 2.73791e-14
10892, 2016-12-27 20:00:00, 2.73245e-14
10893, 2016-12-27 21:00:00, 2.72152e-14
10894, 2016-12-27 22:00:00, 2.71605e-14
10895, 2016-12-27 23:00:00, 2.71059e-14
10896, 2016-12-28 00:00:00, 2.70512e-14
10897, 2016-12-28 01:00:00, 2.69419e-14
10898, 2016-12-28 02:00:00, 2.68873e-14
10899, 2016-12-28 03:00:00, 2.68326e-14
10900, 2016-12-28 04:00:00, 2.67234e-14
10901, 2016-12-28 05:00:00, 2.66687e-14
10902, 2016-12-28 06:00:00, 2.66141e-14
10903, 2016-12-28 07:00:00, 2.65594e-14
10904, 2016-12-28 08:00:00, 2.64501e-14
10905, 2016-12-28 09:00:00, 2.63955e-14
10906, 2016-12-28 10:00:00, 2.63408e-14
10907, 2016-12-28 11:00:00, 2.62862e-14
10908, 2016-12-28 12:00:00, 2.61769e-14
10909, 2016-12-28 13:00:00, 2.61222e-14
10910, 2016-12-28 14:00:00, 2.60676e-14
10911, 2016-12-28 15:00:00, 2.60129e-14
10912, 2016-12-28 16:00:00, 2.59036e-14
10913, 2016-12-28 17:00:00, 2.5849e-14
10914, 2016-12-28 18:00:00, 2.57943e-14
10915, 2016-12-28 19:00:00, 2.57397e-14
10916, 2016-12-28 20:00:00, 2.56304e-14
10917, 2016-12-28 21:00:00, 2.55757e-14
10918, 2016-12-28 22:00:00, 2.55211e-14
10919, 2016-12-28 23:00:00, 2.54664e-14
10920, 2016-12-29 00:00:00, 2.53571e-14
10921, 2016-12-29 01:00:00, 2.53025e-14
10922, 2016-12-29 02:00:00, 2.52478e-14
10923, 2016-12-29 03:00:00, 2.51932e-14
10924, 2016-12-29 04:00:00, 2.51385e-14
10925, 2016-12-29 05:00:00, 2.50292e-14
10926, 2016-12-29 06:00:00, 2.49746e-14
10927, 2016-12-29 07:00:00, 2.49199e-14
10928, 2016-12-29 08:00:00, 2.48653e-14
10929, 2016-12-29 09:00:00, 2.48106e-14
10930, 2016-12-29 10:00:00, 2.47013e-14
10931, 2016-12-29 11:00:00, 2.46467e-14
10932, 2016-12-29 12:00:00, 2.4592e-14
10933, 2016-12-29 13:00:00, 2.45374e-14
10934, 2016-12-29 14:00:00, 2.44827e-14
10935, 2016-12-29 15:00:00, 2.44281e-14
10936, 2016-12-29 16:00:00, 2.43188e-14
10937, 2016-12-29 17:00:00, 1.3999e-05
10938, 2016-12-29 18:00:00, 0.000388732
10939, 2016-12-29 19:00:00, 0.00651197
10940, 2016-12-29 20:00:00, 0.00819143
10941, 2016-12-29 21:00:00, 0.0423092
10942, 2016-12-29 22:00:00, 0.0611316
10943, 2016-12-29 23:00:00, 0.0328459
10944, 2016-12-30 00:00:00, 0.0153222
10945, 2016-12-30 01:00:00, 4.54736e-07
10946, 2016-12-30 02:00:00, 2.37177e-14
10947, 2016-12-30 03:00:00, 2.3663e-14
10948, 2016-12-30 04:00:00, 2.36084e-14
10949, 2016-12-30 05:00:00, 2.34991e-14
10950, 2016-12-30 06:00:00, 2.34444e-14
10951, 2016-12-30 07:00:00, 2.33898e-14
10952, 2016-12-30 08:00:00, 2.33351e-14
10953, 2016-12-30 09:00:00, 2.32805e-14
10954, 2016-12-30 10:00:00, 2.32258e-14
10955, 2016-12-30 11:00:00, 2.31712e-14
10956, 2016-12-30 12:00:00, 2.31165e-14
10957, 2016-12-30 13:00:00, 2.30619e-14
10958, 2016-12-30 14:00:00, 2.29526e-14
10959, 2016-12-30 15:00:00, 3.86128e-06
10960, 2016-12-30 16:00:00, 0.0116935
10961, 2016-12-30 17:00:00, 0.163614
10962, 2016-12-30 18:00:00, 0.0762051
10963, 2016-12-30 19:00:00, 0.0696028
10964, 2016-12-30 20:00:00, 0.00548228
10965, 2016-12-30 21:00:00, 0.00439215
10966, 2016-12-30 22:00:00, 7.84884e-06
10967, 2016-12-30 23:00:00, 3.5017e-06
10968, 2016-12-31 00:00:00, 2.24061e-14
10969, 2016-12-31 01:00:00, 2.22968e-14
10970, 2016-12-31 02:00:00, 2.22421e-14
10971, 2016-12-31 03:00:00, 2.21875e-14
10972, 2016-12-31 04:00:00, 2.21328e-14
10973, 2016-12-31 05:00:00, 2.20782e-14
10974, 2016-12-31 06:00:00, 2.20235e-14
10975, 2016-12-31 07:00:00, 2.19689e-14
10976, 2016-12-31 08:00:00, 2.19142e-14
10977, 2016-12-31 09:00:00, 2.18596e-14
10978, 2016-12-31 10:00:00, 2.18049e-14
10979, 2016-12-31 11:00:00, 2.17503e-14
10980, 2016-12-31 12:00:00, 2.16956e-14
10981, 2016-12-31 13:00:00, 2.1641e-14
10982, 2016-12-31 14:00:00, 2.15863e-14
10983, 2016-12-31 15:00:00, 1.04131e-05
10984, 2016-12-31 16:00:00, 0.000115614
10985, 2016-12-31 17:00:00, 5.42345e-05
10986, 2016-12-31 18:00:00, 4.036e-05
10987, 2016-12-31 19:00:00, 2.5563e-08
10988, 2016-12-31 20:00:00, 6.59557e-09
10989, 2016-12-31 21:00:00, 2.12038e-14
10990, 2016-12-31 22:00:00, 2.11492e-14
10991, 2016-12-31 23:00:00, 2.10945e-14
10992, 2017-01-01 00:00:00, 2.10399e-14
10993, 2017-01-01 01:00:00, 0.000562136
10994, 2017-01-01 02:00:00, 0.00410252
10995, 2017-01-01 03:00:00, 0.00376916
10996, 2017-01-01 04:00:00, 0.00363881
10997, 2017-01-01 05:00:00, 0.00130331
10998, 2017-01-01 06:00:00, 0.000884867
10999, 2017-01-01 07:00:00, 0.000428162
11000, 2017-01-01 08:00:00, 0.000347749
11001, 2017-01-01 09:00:00, 0.000216211
11002, 2017-01-01 10:00:00, 0.000159229
11003, 2017-01-01 11:00:00, 0.000112237
11004, 2017-01-01 12:00:00, 5.19952e-05
11005, 2017-01-01 13:00:00, 7.45624e-05
11006, 2017-01-01 14:00:00, 0.000556259
11007, 2017-01-01 15:00:00, 0.00268974
11008, 2017-01-01 16:00:00, 0.00191565
11009, 2017-01-01 17:00:00, 0.00116443
11010, 2017-01-01 18:00:00, 0.000225316
11011, 2017-01-01 19:00:00, 2.00015e-14
11012, 2017-01-01 20:00:00, 1.99469e-14
11013, 2017-01-01 21:00:00, 1.98922e-14
11014, 2017-01-01 22:00:00, 1.98376e-14
11015, 2017-01-01 23:00:00, 1.97829e-14
11016, 2017-01-02 00:00:00, 1.97283e-14
11017, 2017-01-02 01:00:00, 1.96736e-14
11018, 2017-01-02 02:00:00, 1.9619e-14
11019, 2017-01-02 03:00:00, 1.95643e-14
11020, 2017-01-02 04:00:00, 1.95097e-14
11021, 2017-01-02 05:00:00, 1.9455e-14
11022, 2017-01-02 06:00:00, 1.94004e-14
11023, 2017-01-02 07:00:00, 1.94004e-14
11024, 2017-01-02 08:00:00, 1.93457e-14
11025, 2017-01-02 09:00:00, 1.92911e-14
11026, 2017-01-02 10:00:00, 1.92364e-14
11027, 2017-01-02 11:00:00, 1.91818e-14
11028, 2017-01-02 12:00:00, 1.91271e-14
11029, 2017-01-02 13:00:00, 1.90725e-14
11030, 2017-01-02 14:00:00, 1.46799e-09
11031, 2017-01-02 15:00:00, 2.34972e-09
11032, 2017-01-02 16:00:00, 7.72322e-09
11033, 2017-01-02 17:00:00, 1.35126e-08
11034, 2017-01-02 18:00:00, 6.87282e-09
11035, 2017-01-02 19:00:00, 3.62928e-09
11036, 2017-01-02 20:00:00, 1.87446e-14
11037, 2017-01-02 21:00:00, 1.869e-14
11038, 2017-01-02 22:00:00, 1.86353e-14
11039, 2017-01-02 23:00:00, 1.85807e-14
11040, 2017-01-03 00:00:00, 1.8526e-14
11041, 2017-01-03 01:00:00, 1.84714e-14
11042, 2017-01-03 02:00:00, 1.84167e-14
11043, 2017-01-03 03:00:00, 1.83621e-14
11044, 2017-01-03 04:00:00, 1.83621e-14
11045, 2017-01-03 05:00:00, 1.83074e-14
11046, 2017-01-03 06:00:00, 1.82528e-14
11047, 2017-01-03 07:00:00, 1.81981e-14
11048, 2017-01-03 08:00:00, 3.06993e-05
11049, 2017-01-03 09:00:00, 0.000312835
11050, 2017-01-03 10:00:00, 0.00224097
11051, 2017-01-03 11:00:00, 0.00106048
11052, 2017-01-03 12:00:00, 0.000761435
11053, 2017-01-03 13:00:00, 1.79249e-14
11054, 2017-01-03 14:00:00, 3.44484e-05
11055, 2017-01-03 15:00:00, 4.45378e-05
11056, 2017-01-03 16:00:00, 0.000161897
11057, 2017-01-03 17:00:00, 9.09865e-05
11058, 2017-01-03 18:00:00, 0.000164857
11059, 2017-01-03 19:00:00, 5.78453e-05
11060, 2017-01-03 20:00:00, 0.00114264
11061, 2017-01-03 21:00:00, 0.0020772
11062, 2017-01-03 22:00:00, 0.0074464
11063, 2017-01-03 23:00:00, 0.0396494
11064, 2017-01-04 00:00:00, 0.149058
11065, 2017-01-04 01:00:00, 0.0745044
11066, 2017-01-04 02:00:00, 0.0483429
11067, 2017-01-04 03:00:00, 0.000768334
11068, 2017-01-04 04:00:00, 4.48984e-05
11069, 2017-01-04 05:00:00, 2.05679e-05
11070, 2017-01-04 06:00:00, 0.000207097
11071, 2017-01-04 07:00:00, 8.67467e-05
11072, 2017-01-04 08:00:00, 6.93465e-05
11073, 2017-01-04 09:00:00, 1.69958e-14
11074, 2017-01-04 10:00:00, 1.69412e-14
11075, 2017-01-04 11:00:00, 1.68865e-14
11076, 2017-01-04 12:00:00, 1.68865e-14
11077, 2017-01-04 13:00:00, 1.68319e-14
11078, 2017-01-04 14:00:00, 1.67772e-14
11079, 2017-01-04 15:00:00, 1.67226e-14
11080, 2017-01-04 16:00:00, 1.66679e-14
11081, 2017-01-04 17:00:00, 1.66679e-14
11082, 2017-01-04 18:00:00, 1.66133e-14
11083, 2017-01-04 19:00:00, 1.65586e-14
11084, 2017-01-04 20:00:00, 1.6504e-14
11085, 2017-01-04 21:00:00, 1.64493e-14
11086, 2017-01-04 22:00:00, 1.64493e-14
11087, 2017-01-04 23:00:00, 1.63947e-14
11088, 2017-01-05 00:00:00, 1.634e-14
11089, 2017-01-05 01:00:00, 1.62854e-14
11090, 2017-01-05 02:00:00, 1.62307e-14
11091, 2017-01-05 03:00:00, 1.62307e-14
11092, 2017-01-05 04:00:00, 1.61761e-14
11093, 2017-01-05 05:00:00, 1.61214e-14
11094, 2017-01-05 06:00:00, 1.60668e-14
11095, 2017-01-05 07:00:00, 1.60668e-14
11096, 2017-01-05 08:00:00, 1.60122e-14
11097, 2017-01-05 09:00:00, 1.59575e-14
11098, 2017-01-05 10:00:00, 1.59029e-14
11099, 2017-01-05 11:00:00, 1.59029e-14
11100, 2017-01-05 12:00:00, 1.58482e-14
11101, 2017-01-05 13:00:00, 1.57936e-14
11102, 2017-01-05 14:00:00, 1.57389e-14
11103, 2017-01-05 15:00:00, 1.56843e-14
11104, 2017-01-05 16:00:00, 1.56843e-14
11105, 2017-01-05 17:00:00, 1.56296e-14
11106, 2017-01-05 18:00:00, 1.5575e-14
11107, 2017-01-05 19:00:00, 1.55203e-14
11108, 2017-01-05 20:00:00, 1.55203e-14
11109, 2017-01-05 21:00:00, 1.54657e-14
11110, 2017-01-05 22:00:00, 1.5411e-14
11111, 2017-01-05 23:00:00, 1.5411e-14
11112, 2017-01-06 00:00:00, 1.53564e-14
11113, 2017-01-06 01:00:00, 1.53017e-14
11114, 2017-01-06 02:00:00, 1.52471e-14
11115, 2017-01-06 03:00:00, 1.52471e-14
11116, 2017-01-06 04:00:00, 1.51924e-14
11117, 2017-01-06 05:00:00, 1.51378e-14
11118, 2017-01-06 06:00:00, 1.50831e-14
11119, 2017-01-06 07:00:00, 1.50831e-14
11120, 2017-01-06 08:00:00, 1.50285e-14
11121, 2017-01-06 09:00:00, 1.49738e-14
11122, 2017-01-06 10:00:00, 1.49738e-14
11123, 2017-01-06 11:00:00, 1.49192e-14
11124, 2017-01-06 12:00:00, 1.48645e-14
11125, 2017-01-06 13:00:00, 1.48099e-14
11126, 2017-01-06 14:00:00, 1.48099e-14
11127, 2017-01-06 15:00:00, 1.47552e-14
11128, 2017-01-06 16:00:00, 1.47006e-14
11129, 2017-01-06 17:00:00, 1.47006e-14
11130, 2017-01-06 18:00:00, 1.46459e-14
11131, 2017-01-06 19:00:00, 1.45913e-14
11132, 2017-01-06 20:00:00, 1.45366e-14
11133, 2017-01-06 21:00:00, 1.45366e-14
11134, 2017-01-06 22:00:00, 1.4482e-14
11135, 2017-01-06 23:00:00, 1.44273e-14
11136, 2017-01-07 00:00:00, 1.44273e-14
11137, 2017-01-07 01:00:00, 1.43727e-14
11138, 2017-01-07 02:00:00, 1.4318e-14
11139, 2017-01-07 03:00:00, 1.4318e-14
11140, 2017-01-07 04:00:00, 1.42634e-14
11141, 2017-01-07 05:00:00, 1.42087e-14
11142, 2017-01-07 06:00:00, 1.42087e-14
11143, 2017-01-07 07:00:00, 1.41541e-14
11144, 2017-01-07 08:00:00, 1.40994e-14
11145, 2017-01-07 09:00:00, 1.40994e-14
11146, 2017-01-07 10:00:00, 1.40448e-14
11147, 2017-01-07 11:00:00, 1.39901e-14
11148, 2017-01-07 12:00:00, 1.39355e-14
11149, 2017-01-07 13:00:00, 1.39355e-14
11150, 2017-01-07 14:00:00, 1.38808e-14
11151, 2017-01-07 15:00:00, 1.38262e-14
11152, 2017-01-07 16:00:00, 1.38262e-14
11153, 2017-01-07 17:00:00, 1.37715e-14
11154, 2017-01-07 18:00:00, 1.37715e-14
11155, 2017-01-07 19:00:00, 1.37169e-14
11156, 2017-01-07 20:00:00, 1.36622e-14
11157, 2017-01-07 21:00:00, 1.36622e-14
11158, 2017-01-07 22:00:00, 1.36076e-14
11159, 2017-01-07 23:00:00, 1.35529e-14
11160, 2017-01-08 00:00:00, 1.35529e-14
11161, 2017-01-08 01:00:00, 1.34983e-14
11162, 2017-01-08 02:00:00, 1.34436e-14
11163, 2017-01-08 03:00:00, 1.34436e-14
11164, 2017-01-08 04:00:00, 1.3389e-14
11165, 2017-01-08 05:00:00, 1.33344e-14
11166, 2017-01-08 06:00:00, 1.33344e-14
11167, 2017-01-08 07:00:00, 1.32797e-14
11168, 2017-01-08 08:00:00, 1.32251e-14
11169, 2017-01-08 09:00:00, 1.32251e-14
11170, 2017-01-08 10:00:00, 1.31704e-14
11171, 2017-01-08 11:00:00, 1.31704e-14
11172, 2017-01-08 12:00:00, 1.31158e-14
11173, 2017-01-08 13:00:00, 1.30611e-14
11174, 2017-01-08 14:00:00, 1.30611e-14
11175, 2017-01-08 15:00:00, 1.30065e-14
11176, 2017-01-08 16:00:00, 1.29518e-14
11177, 2017-01-08 17:00:00, 1.29518e-14
11178, 2017-01-08 18:00:00, 1.28972e-14
11179, 2017-01-08 19:00:00, 1.28972e-14
11180, 2017-01-08 20:00:00, 1.28425e-14
11181, 2017-01-08 21:00:00, 1.27879e-14
11182, 2017-01-08 22:00:00, 1.27879e-14
11183, 2017-01-08 23:00:00, 1.27332e-14
11184, 2017-01-09 00:00:00, 1.26786e-14
11185, 2017-01-09 01:00:00, 1.26786e-14
11186, 2017-01-09 02:00:00, 1.26239e-14
11187, 2017-01-09 03:00:00, 1.26239e-14
11188, 2017-01-09 04:00:00, 1.25693e-14
11189, 2017-01-09 05:00:00, 1.25146e-14
11190, 2017-01-09 06:00:00, 1.25146e-14
11191, 2017-01-09 07:00:00, 1.246e-14
11192, 2017-01-09 08:00:00, 1.246e-14
11193, 2017-01-09 09:00:00, 1.24053e-14
11194, 2017-01-09 10:00:00, 1.23507e-14
11195, 2017-01-09 11:00:00, 1.23507e-14
11196, 2017-01-09 12:00:00, 1.2296e-14
11197, 2017-01-09 13:00:00, 1.2296e-14
11198, 2017-01-09 14:00:00, 1.22414e-14
11199, 2017-01-09 15:00:00, 1.22414e-14
11200, 2017-01-09 16:00:00, 1.21867e-14
11201, 2017-01-09 17:00:00, 1.21321e-14
11202, 2017-01-09 18:00:00, 1.21321e-14
11203, 2017-01-09 19:00:00, 1.20774e-14
11204, 2017-01-09 20:00:00, 1.20774e-14
11205, 2017-01-09 21:00:00, 1.20228e-14
11206, 2017-01-09 22:00:00, 1.19681e-14
11207, 2017-01-09 23:00:00, 1.19681e-14
11208, 2017-01-10 00:00:00, 1.19135e-14
11209, 2017-01-10 01:00:00, 1.19135e-14
11210, 2017-01-10 02:00:00, 1.18588e-14
11211, 2017-01-10 03:00:00, 1.18588e-14
11212, 2017-01-10 04:00:00, 1.18042e-14
11213, 2017-01-10 05:00:00, 1.17495e-14
11214, 2017-01-10 06:00:00, 1.17495e-14
11215, 2017-01-10 07:00:00, 1.16949e-14
11216, 2017-01-10 08:00:00, 1.16949e-14
11217, 2017-01-10 09:00:00, 1.16402e-14
11218, 2017-01-10 10:00:00, 1.16402e-14
11219, 2017-01-10 11:00:00, 1.15856e-14
11220, 2017-01-10 12:00:00, 1.15856e-14
11221, 2017-01-10 13:00:00, 1.15309e-14
11222, 2017-01-10 14:00:00, 1.14763e-14
11223, 2017-01-10 15:00:00, 1.14763e-14
11224, 2017-01-10 16:00:00, 1.14216e-14
11225, 2017-01-10 17:00:00, 1.14216e-14
11226, 2017-01-10 18:00:00, 1.1367e-14
11227, 2017-01-10 19:00:00, 1.1367e-14
11228, 2017-01-10 20:00:00, 2.68464e-10
11229, 2017-01-10 21:00:00, 3.63625e-08
11230, 2017-01-10 22:00:00, 3.04491e-06
11231, 2017-01-10 23:00:00, 3.79296e-05
11232, 2017-01-11 00:00:00, 0.000224098
11233, 2017-01-11 01:00:00, 0.00903981
11234, 2017-01-11 02:00:00, 0.0570133
11235, 2017-01-11 03:00:00, 0.0281757
11236, 2017-01-11 04:00:00, 0.127737
11237, 2017-01-11 05:00:00, 0.0603823
11238, 2017-01-11 06:00:00, 0.121817
11239, 2017-01-11 07:00:00, 0.145981
11240, 2017-01-11 08:00:00, 0.184409
11241, 2017-01-11 09:00:00, 0.263937
11242, 2017-01-11 10:00:00, 0.28457
11243, 2017-01-11 11:00:00, 0.365243
11244, 2017-01-11 12:00:00, 0.446663
11245, 2017-01-11 13:00:00, 0.492618
11246, 2017-01-11 14:00:00, 0.506203
11247, 2017-01-11 15:00:00, 0.494785
11248, 2017-01-11 16:00:00, 0.468158
11249, 2017-01-11 17:00:00, 0.433136
11250, 2017-01-11 18:00:00, 0.394356
11251, 2017-01-11 19:00:00, 0.35489
11252, 2017-01-11 20:00:00, 0.316694
11253, 2017-01-11 21:00:00, 0.280941
11254, 2017-01-11 22:00:00, 0.24826
11255, 2017-01-11 23:00:00, 0.218915
11256, 2017-01-12 00:00:00, 0.192925
11257, 2017-01-12 01:00:00, 0.170158
11258, 2017-01-12 02:00:00, 0.150392
11259, 2017-01-12 03:00:00, 0.133357
11260, 2017-01-12 04:00:00, 0.118796
11261, 2017-01-12 05:00:00, 0.109893
11262, 2017-01-12 06:00:00, 0.147759
11263, 2017-01-12 07:00:00, 0.13896
11264, 2017-01-12 08:00:00, 0.181786
11265, 2017-01-12 09:00:00, 0.256236
11266, 2017-01-12 10:00:00, 0.319031
11267, 2017-01-12 11:00:00, 0.378123
11268, 2017-01-12 12:00:00, 0.439053
11269, 2017-01-12 13:00:00, 0.46352
11270, 2017-01-12 14:00:00, 0.464297
11271, 2017-01-12 15:00:00, 0.448215
11272, 2017-01-12 16:00:00, 0.422215
11273, 2017-01-12 17:00:00, 0.391106
11274, 2017-01-12 18:00:00, 0.358125
11275, 2017-01-12 19:00:00, 0.325384
11276, 2017-01-12 20:00:00, 0.294197
11277, 2017-01-12 21:00:00, 0.265323
11278, 2017-01-12 22:00:00, 0.239136
11279, 2017-01-12 23:00:00, 0.215756
11280, 2017-01-13 00:00:00, 0.195136
11281, 2017-01-13 01:00:00, 0.179501
11282, 2017-01-13 02:00:00, 0.162603
11283, 2017-01-13 03:00:00, 0.148957
11284, 2017-01-13 04:00:00, 0.136595
11285, 2017-01-13 05:00:00, 0.126794
11286, 2017-01-13 06:00:00, 0.118471
11287, 2017-01-13 07:00:00, 0.111424
11288, 2017-01-13 08:00:00, 0.10547
11289, 2017-01-13 09:00:00, 0.100448
11290, 2017-01-13 10:00:00, 0.0962172
11291, 2017-01-13 11:00:00, 0.0926543
11292, 2017-01-13 12:00:00, 0.0896535
11293, 2017-01-13 13:00:00, 0.0871239
11294, 2017-01-13 14:00:00, 0.0849883
11295, 2017-01-13 15:00:00, 0.0831813
11296, 2017-01-13 16:00:00, 0.0816476
11297, 2017-01-13 17:00:00, 0.0803409
11298, 2017-01-13 18:00:00, 0.0792222
11299, 2017-01-13 19:00:00, 0.0782591
11300, 2017-01-13 20:00:00, 0.0774244
11301, 2017-01-13 21:00:00, 0.0766958
11302, 2017-01-13 22:00:00, 0.0760545
11303, 2017-01-13 23:00:00, 0.0754852
11304, 2017-01-14 00:00:00, 0.074975
11305, 2017-01-14 01:00:00, 0.0745135
11306, 2017-01-14 02:00:00, 0.074092
11307, 2017-01-14 03:00:00, 0.0737034
11308, 2017-01-14 04:00:00, 0.0733419
11309, 2017-01-14 05:00:00, 0.0730026
11310, 2017-01-14 06:00:00, 0.0726817
11311, 2017-01-14 07:00:00, 0.0723759
11312, 2017-01-14 08:00:00, 0.0720826
11313, 2017-01-14 09:00:00, 0.0717996
11314, 2017-01-14 10:00:00, 0.0715252
11315, 2017-01-14 11:00:00, 0.0712579
11316, 2017-01-14 12:00:00, 0.0709967
11317, 2017-01-14 13:00:00, 0.0707405
11318, 2017-01-14 14:00:00, 0.0704886
11319, 2017-01-14 15:00:00, 0.0702403
11320, 2017-01-14 16:00:00, 0.0699952
11321, 2017-01-14 17:00:00, 0.0697528
11322, 2017-01-14 18:00:00, 0.0695127
11323, 2017-01-14 19:00:00, 0.0692748
11324, 2017-01-14 20:00:00, 0.0690387
11325, 2017-01-14 21:00:00, 0.0688044
11326, 2017-01-14 22:00:00, 0.0685716
11327, 2017-01-14 23:00:00, 0.0683402
11328, 2017-01-15 00:00:00, 0.0681101
11329, 2017-01-15 01:00:00, 0.0678813
11330, 2017-01-15 02:00:00, 0.0676537
11331, 2017-01-15 03:00:00, 0.0674272
11332, 2017-01-15 04:00:00, 0.0672017
11333, 2017-01-15 05:00:00, 0.0669773
11334, 2017-01-15 06:00:00, 0.066754
11335, 2017-01-15 07:00:00, 0.0665316
11336, 2017-01-15 08:00:00, 0.0663102
11337, 2017-01-15 09:00:00, 0.0660897
11338, 2017-01-15 10:00:00, 0.0658702
11339, 2017-01-15 11:00:00, 0.0656515
11340, 2017-01-15 12:00:00, 0.0654338
11341, 2017-01-15 13:00:00, 0.065217
11342, 2017-01-15 14:00:00, 0.0650011
11343, 2017-01-15 15:00:00, 0.064786
11344, 2017-01-15 16:00:00, 0.0645718
11345, 2017-01-15 17:00:00, 0.0643585
11346, 2017-01-15 18:00:00, 0.0641461
11347, 2017-01-15 19:00:00, 0.0639344
11348, 2017-01-15 20:00:00, 0.0637237
11349, 2017-01-15 21:00:00, 0.0635138
11350, 2017-01-15 22:00:00, 0.0633047
11351, 2017-01-15 23:00:00, 0.0630964
11352, 2017-01-16 00:00:00, 0.062889
11353, 2017-01-16 01:00:00, 0.0626824
11354, 2017-01-16 02:00:00, 0.0624766
11355, 2017-01-16 03:00:00, 0.0622716
11356, 2017-01-16 04:00:00, 0.0620675
11357, 2017-01-16 05:00:00, 0.0618641
11358, 2017-01-16 06:00:00, 0.0616615
11359, 2017-01-16 07:00:00, 0.0614598
11360, 2017-01-16 08:00:00, 0.0612588
11361, 2017-01-16 09:00:00, 0.0610586
11362, 2017-01-16 10:00:00, 0.0608592
11363, 2017-01-16 11:00:00, 0.0606606
11364, 2017-01-16 12:00:00, 0.0604628
11365, 2017-01-16 13:00:00, 0.0602657
11366, 2017-01-16 14:00:00, 0.0600694
11367, 2017-01-16 15:00:00, 0.0598739
11368, 2017-01-16 16:00:00, 0.0596791
11369, 2017-01-16 17:00:00, 0.0594851
11370, 2017-01-16 18:00:00, 0.0592918
11371, 2017-01-16 19:00:00, 0.0590993
11372, 2017-01-16 20:00:00, 0.0589075
11373, 2017-01-16 21:00:00, 0.0587165
11374, 2017-01-16 22:00:00, 0.0585262
11375, 2017-01-16 23:00:00, 0.0583366
11376, 2017-01-17 00:00:00, 0.0581478
11377, 2017-01-17 01:00:00, 0.0579597
11378, 2017-01-17 02:00:00, 0.0577723
11379, 2017-01-17 03:00:00, 0.0575857
11380, 2017-01-17 04:00:00, 0.0573998
11381, 2017-01-17 05:00:00, 0.0572145
11382, 2017-01-17 06:00:00, 0.05703
11383, 2017-01-17 07:00:00, 0.0568462
11384, 2017-01-17 08:00:00, 0.0566631
11385, 2017-01-17 09:00:00, 0.0564807
11386, 2017-01-17 10:00:00, 0.056299
11387, 2017-01-17 11:00:00, 0.056118
11388, 2017-01-17 12:00:00, 0.0559377
11389, 2017-01-17 13:00:00, 0.0557581
11390, 2017-01-17 14:00:00, 0.0555791
11391, 2017-01-17 15:00:00, 0.0554008
11392, 2017-01-17 16:00:00, 0.0552232
11393, 2017-01-17 17:00:00, 0.0550463
11394, 2017-01-17 18:00:00, 0.0548701
11395, 2017-01-17 19:00:00, 0.0546945
11396, 2017-01-17 20:00:00, 0.0545196
11397, 2017-01-17 21:00:00, 0.0543453
11398, 2017-01-17 22:00:00, 0.0541717
11399, 2017-01-17 23:00:00, 0.0539987
11400, 2017-01-18 00:00:00, 0.0540152
11401, 2017-01-18 01:00:00, 0.0559615
11402, 2017-01-18 02:00:00, 0.0620882
11403, 2017-01-18 03:00:00, 0.0643087
11404, 2017-01-18 04:00:00, 0.0671868
11405, 2017-01-18 05:00:00, 0.076778
11406, 2017-01-18 06:00:00, 0.100639
11407, 2017-01-18 07:00:00, 0.163022
11408, 2017-01-18 08:00:00, 0.210079
11409, 2017-01-18 09:00:00, 0.271227
11410, 2017-01-18 10:00:00, 0.336309
11411, 2017-01-18 11:00:00, 0.374807
11412, 2017-01-18 12:00:00, 0.401078
11413, 2017-01-18 13:00:00, 0.404191
11414, 2017-01-18 14:00:00, 0.400048
11415, 2017-01-18 15:00:00, 0.38453
11416, 2017-01-18 16:00:00, 0.362138
11417, 2017-01-18 17:00:00, 0.336134
11418, 2017-01-18 18:00:00, 0.308976
11419, 2017-01-18 19:00:00, 0.282255
11420, 2017-01-18 20:00:00, 0.256951
11421, 2017-01-18 21:00:00, 0.233618
11422, 2017-01-18 22:00:00, 0.212517
11423, 2017-01-18 23:00:00, 0.193716
11424, 2017-01-19 00:00:00, 0.177158
11425, 2017-01-19 01:00:00, 0.162711
11426, 2017-01-19 02:00:00, 0.150201
11427, 2017-01-19 03:00:00, 0.139433
11428, 2017-01-19 04:00:00, 0.130212
11429, 2017-01-19 05:00:00, 0.122348
11430, 2017-01-19 06:00:00, 0.115662
11431, 2017-01-19 07:00:00, 0.109993
11432, 2017-01-19 08:00:00, 0.105194
11433, 2017-01-19 09:00:00, 0.101137
11434, 2017-01-19 10:00:00, 0.0977078
11435, 2017-01-19 11:00:00, 0.0948091
11436, 2017-01-19 12:00:00, 0.0923563
11437, 2017-01-19 13:00:00, 0.0902774
11438, 2017-01-19 14:00:00, 0.088511
11439, 2017-01-19 15:00:00, 0.087005
11440, 2017-01-19 16:00:00, 0.0857158
11441, 2017-01-19 17:00:00, 0.0846064
11442, 2017-01-19 18:00:00, 0.083646
11443, 2017-01-19 19:00:00, 0.082809
11444, 2017-01-19 20:00:00, 0.0820739
11445, 2017-01-19 21:00:00, 0.0814229
11446, 2017-01-19 22:00:00, 0.0808412
11447, 2017-01-19 23:00:00, 0.0803167
11448, 2017-01-20 00:00:00, 0.0798393
11449, 2017-01-20 01:00:00, 0.0794006
11450, 2017-01-20 02:00:00, 0.0789938
11451, 2017-01-20 03:00:00, 0.0786134
11452, 2017-01-20 04:00:00, 0.0782546
11453, 2017-01-20 05:00:00, 0.0779137
11454, 2017-01-20 06:00:00, 0.0775876
11455, 2017-01-20 07:00:00, 0.0772737
11456, 2017-01-20 08:00:00, 0.07697
11457, 2017-01-20 09:00:00, 0.0766749
11458, 2017-01-20 10:00:00, 0.0763868
11459, 2017-01-20 11:00:00, 0.0761046
11460, 2017-01-20 12:00:00, 0.0758276
11461, 2017-01-20 13:00:00, 0.0755552
11462, 2017-01-20 14:00:00, 0.0752859
11463, 2017-01-20 15:00:00, 0.0750199
11464, 2017-01-20 16:00:00, 0.0747567
11465, 2017-01-20 17:00:00, 0.074496
11466, 2017-01-20 18:00:00, 0.0742375
11467, 2017-01-20 19:00:00, 0.073981
11468, 2017-01-20 20:00:00, 0.0737263
11469, 2017-01-20 21:00:00, 0.0734732
11470, 2017-01-20 22:00:00, 0.0732216
11471, 2017-01-20 23:00:00, 0.0729715
11472, 2017-01-21 00:00:00, 0.0727227
11473, 2017-01-21 01:00:00, 0.0724752
11474, 2017-01-21 02:00:00, 0.0722289
11475, 2017-01-21 03:00:00, 0.0719838
11476, 2017-01-21 04:00:00, 0.0717399
11477, 2017-01-21 05:00:00, 0.071497
11478, 2017-01-21 06:00:00, 0.0712553
11479, 2017-01-21 07:00:00, 0.0710146
11480, 2017-01-21 08:00:00, 0.070775
11481, 2017-01-21 09:00:00, 0.0705364
11482, 2017-01-21 10:00:00, 0.0702988
11483, 2017-01-21 11:00:00, 0.0700622
11484, 2017-01-21 12:00:00, 0.0698266
11485, 2017-01-21 13:00:00, 0.069592
11486, 2017-01-21 14:00:00, 0.0693584
11487, 2017-01-21 15:00:00, 0.0691257
11488, 2017-01-21 16:00:00, 0.068894
11489, 2017-01-21 17:00:00, 0.0686633
11490, 2017-01-21 18:00:00, 0.0684335
11491, 2017-01-21 19:00:00, 0.0682046
11492, 2017-01-21 20:00:00, 0.0679767
11493, 2017-01-21 21:00:00, 0.0677497
11494, 2017-01-21 22:00:00, 0.0675236
11495, 2017-01-21 23:00:00, 0.0672985
11496, 2017-01-22 00:00:00, 0.0670742
11497, 2017-01-22 01:00:00, 0.0668509
11498, 2017-01-22 02:00:00, 0.0666285
11499, 2017-01-22 03:00:00, 0.0664069
11500, 2017-01-22 04:00:00, 0.0661863
11501, 2017-01-22 05:00:00, 0.0659665
11502, 2017-01-22 06:00:00, 0.0657477
11503, 2017-01-22 07:00:00, 0.0655297
11504, 2017-01-22 08:00:00, 0.0653126
11505, 2017-01-22 09:00:00, 0.0650963
11506, 2017-01-22 10:00:00, 0.064881
11507, 2017-01-22 11:00:00, 0.0646665
11508, 2017-01-22 12:00:00, 0.0644528
11509, 2017-01-22 13:00:00, 0.06424
11510, 2017-01-22 14:00:00, 0.064028
11511, 2017-01-22 15:00:00, 0.0638169
11512, 2017-01-22 16:00:00, 0.0636067
11513, 2017-01-22 17:00:00, 0.0633972
11514, 2017-01-22 18:00:00, 0.0631886
11515, 2017-01-22 19:00:00, 0.0629808
11516, 2017-01-22 20:00:00, 0.0627739
11517, 2017-01-22 21:00:00, 0.0625677
11518, 2017-01-22 22:00:00, 0.0623624
11519, 2017-01-22 23:00:00, 0.0621579
11520, 2017-01-23 00:00:00, 0.0619542
11521, 2017-01-23 01:00:00, 0.0617512
11522, 2017-01-23 02:00:00, 0.0615491
11523, 2017-01-23 03:00:00, 0.0613478
11524, 2017-01-23 04:00:00, 0.0611473
11525, 2017-01-23 05:00:00, 0.0609475
11526, 2017-01-23 06:00:00, 0.0607486
11527, 2017-01-23 07:00:00, 0.0605504
11528, 2017-01-23 08:00:00, 0.060353
11529, 2017-01-23 09:00:00, 0.0601563
11530, 2017-01-23 10:00:00, 0.0599605
11531, 2017-01-23 11:00:00, 0.0597653
11532, 2017-01-23 12:00:00, 0.059571
11533, 2017-01-23 13:00:00, 0.0593774
11534, 2017-01-23 14:00:00, 0.0591845
11535, 2017-01-23 15:00:00, 0.0589924
11536, 2017-01-23 16:00:00, 0.0588011
11537, 2017-01-23 17:00:00, 0.0586105
11538, 2017-01-23 18:00:00, 0.0584206
11539, 2017-01-23 19:00:00, 0.0582314
11540, 2017-01-23 20:00:00, 0.058043
11541, 2017-01-23 21:00:00, 0.0578553
11542, 2017-01-23 22:00:00, 0.0576684
11543, 2017-01-23 23:00:00, 0.057484
11544, 2017-01-24 00:00:00, 0.0572974
11545, 2017-01-24 01:00:00, 0.0571124
11546, 2017-01-24 02:00:00, 0.0570419
11547, 2017-01-24 03:00:00, 0.0605432
11548, 2017-01-24 04:00:00, 0.0583062
11549, 2017-01-24 05:00:00, 0.057742
11550, 2017-01-24 06:00:00, 0.0561982
11551, 2017-01-24 07:00:00, 0.0560175
11552, 2017-01-24 08:00:00, 0.0559023
11553, 2017-01-24 09:00:00, 0.0562017
11554, 2017-01-24 10:00:00, 0.0864587
11555, 2017-01-24 11:00:00, 0.127632
11556, 2017-01-24 12:00:00, 0.161765
11557, 2017-01-24 13:00:00, 0.243038
11558, 2017-01-24 14:00:00, 0.362473
11559, 2017-01-24 15:00:00, 0.582969
11560, 2017-01-24 16:00:00, 0.705067
11561, 2017-01-24 17:00:00, 0.89441
11562, 2017-01-24 18:00:00, 0.977906
11563, 2017-01-24 19:00:00, 1.015
11564, 2017-01-24 20:00:00, 1.00316
11565, 2017-01-24 21:00:00, 0.96901
11566, 2017-01-24 22:00:00, 0.914029
11567, 2017-01-24 23:00:00, 0.872953
11568, 2017-01-25 00:00:00, 0.829577
11569, 2017-01-25 01:00:00, 0.779611
11570, 2017-01-25 02:00:00, 0.729916
11571, 2017-01-25 03:00:00, 0.683272
11572, 2017-01-25 04:00:00, 0.637618
11573, 2017-01-25 05:00:00, 0.632583
11574, 2017-01-25 06:00:00, 0.606315
11575, 2017-01-25 07:00:00, 0.61386
11576, 2017-01-25 08:00:00, 0.631113
11577, 2017-01-25 09:00:00, 0.628145
11578, 2017-01-25 10:00:00, 0.609781
11579, 2017-01-25 11:00:00, 0.58041
11580, 2017-01-25 12:00:00, 0.544992
11581, 2017-01-25 13:00:00, 0.507275
11582, 2017-01-25 14:00:00, 0.469709
11583, 2017-01-25 15:00:00, 0.433825
11584, 2017-01-25 16:00:00, 0.400513
11585, 2017-01-25 17:00:00, 0.370217
11586, 2017-01-25 18:00:00, 0.343088
11587, 2017-01-25 19:00:00, 0.319083
11588, 2017-01-25 20:00:00, 0.29804
11589, 2017-01-25 21:00:00, 0.27973
11590, 2017-01-25 22:00:00, 0.263891
11591, 2017-01-25 23:00:00, 0.250252
11592, 2017-01-26 00:00:00, 0.238549
11593, 2017-01-26 01:00:00, 0.228531
11594, 2017-01-26 02:00:00, 0.219969
11595, 2017-01-26 03:00:00, 0.212658
11596, 2017-01-26 04:00:00, 0.206412
11597, 2017-01-26 05:00:00, 0.201073
11598, 2017-01-26 06:00:00, 0.196498
11599, 2017-01-26 07:00:00, 0.192568
11600, 2017-01-26 08:00:00, 0.18918
11601, 2017-01-26 09:00:00, 0.186245
11602, 2017-01-26 10:00:00, 0.183689
11603, 2017-01-26 11:00:00, 0.181449
11604, 2017-01-26 12:00:00, 0.179471
11605, 2017-01-26 13:00:00, 0.177711
11606, 2017-01-26 14:00:00, 0.176133
11607, 2017-01-26 15:00:00, 0.174705
11608, 2017-01-26 16:00:00, 0.17357
11609, 2017-01-26 17:00:00, 0.172642
11610, 2017-01-26 18:00:00, 0.171326
11611, 2017-01-26 19:00:00, 0.170182
11612, 2017-01-26 20:00:00, 0.169065
11613, 2017-01-26 21:00:00, 0.169213
11614, 2017-01-26 22:00:00, 0.167726
11615, 2017-01-26 23:00:00, 0.166767
11616, 2017-01-27 00:00:00, 0.16554
11617, 2017-01-27 01:00:00, 0.164733
11618, 2017-01-27 02:00:00, 0.163947
11619, 2017-01-27 03:00:00, 0.163178
11620, 2017-01-27 04:00:00, 0.162424
11621, 2017-01-27 05:00:00, 0.161683
11622, 2017-01-27 06:00:00, 0.160953
11623, 2017-01-27 07:00:00, 0.160233
11624, 2017-01-27 08:00:00, 0.159523
11625, 2017-01-27 09:00:00, 0.15882
11626, 2017-01-27 10:00:00, 0.158124
11627, 2017-01-27 11:00:00, 0.157434
11628, 2017-01-27 12:00:00, 0.156751
11629, 2017-01-27 13:00:00, 0.156074
11630, 2017-01-27 14:00:00, 0.155401
11631, 2017-01-27 15:00:00, 0.154734
11632, 2017-01-27 16:00:00, 0.154071
11633, 2017-01-27 17:00:00, 0.153413
11634, 2017-01-27 18:00:00, 0.15276
11635, 2017-01-27 19:00:00, 0.152111
11636, 2017-01-27 20:00:00, 0.151465
11637, 2017-01-27 21:00:00, 0.150824
11638, 2017-01-27 22:00:00, 0.150187
11639, 2017-01-27 23:00:00, 0.149554
11640, 2017-01-28 00:00:00, 0.148925
11641, 2017-01-28 01:00:00, 0.148299
11642, 2017-01-28 02:00:00, 0.147677
11643, 2017-01-28 03:00:00, 0.147059
11644, 2017-01-28 04:00:00, 0.146444
11645, 2017-01-28 05:00:00, 0.145833
11646, 2017-01-28 06:00:00, 0.145225
11647, 2017-01-28 07:00:00, 0.144621
11648, 2017-01-28 08:00:00, 0.144021
11649, 2017-01-28 09:00:00, 0.143423
11650, 2017-01-28 10:00:00, 0.14283
11651, 2017-01-28 11:00:00, 0.142239
11652, 2017-01-28 12:00:00, 0.141652
11653, 2017-01-28 13:00:00, 0.141068
11654, 2017-01-28 14:00:00, 0.140488
11655, 2017-01-28 15:00:00, 0.139911
11656, 2017-01-28 16:00:00, 0.139337
11657, 2017-01-28 17:00:00, 0.138766
11658, 2017-01-28 18:00:00, 0.138198
11659, 2017-01-28 19:00:00, 0.137634
11660, 2017-01-28 20:00:00, 0.137073
11661, 2017-01-28 21:00:00, 0.136515
11662, 2017-01-28 22:00:00, 0.135959
11663, 2017-01-28 23:00:00, 0.135407
11664, 2017-01-29 00:00:00, 0.134858
11665, 2017-01-29 01:00:00, 0.134312
11666, 2017-01-29 02:00:00, 0.133769
11667, 2017-01-29 03:00:00, 0.133229
11668, 2017-01-29 04:00:00, 0.132692
11669, 2017-01-29 05:00:00, 0.132158
11670, 2017-01-29 06:00:00, 0.131627
11671, 2017-01-29 07:00:00, 0.131098
11672, 2017-01-29 08:00:00, 0.130573
11673, 2017-01-29 09:00:00, 0.13005
11674, 2017-01-29 10:00:00, 0.12953
11675, 2017-01-29 11:00:00, 0.129013
11676, 2017-01-29 12:00:00, 0.128499
11677, 2017-01-29 13:00:00, 0.127987
11678, 2017-01-29 14:00:00, 0.127478
11679, 2017-01-29 15:00:00, 0.126972
11680, 2017-01-29 16:00:00, 0.126469
11681, 2017-01-29 17:00:00, 0.125968
11682, 2017-01-29 18:00:00, 0.12547
11683, 2017-01-29 19:00:00, 0.124974
11684, 2017-01-29 20:00:00, 0.124481
11685, 2017-01-29 21:00:00, 0.123991
11686, 2017-01-29 22:00:00, 0.123503
11687, 2017-01-29 23:00:00, 0.123018
11688, 2017-01-30 00:00:00, 0.122536
11689, 2017-01-30 01:00:00, 0.122056
11690, 2017-01-30 02:00:00, 0.121578
11691, 2017-01-30 03:00:00, 0.121103
11692, 2017-01-30 04:00:00, 0.12063
11693, 2017-01-30 05:00:00, 0.12016
11694, 2017-01-30 06:00:00, 0.119692
11695, 2017-01-30 07:00:00, 0.119227
11696, 2017-01-30 08:00:00, 0.118764
11697, 2017-01-30 09:00:00, 0.118303
11698, 2017-01-30 10:00:00, 0.117845
11699, 2017-01-30 11:00:00, 0.117389
11700, 2017-01-30 12:00:00, 0.116936
11701, 2017-01-30 13:00:00, 0.116485
11702, 2017-01-30 14:00:00, 0.116036
11703, 2017-01-30 15:00:00, 0.115589
11704, 2017-01-30 16:00:00, 0.115145
11705, 2017-01-30 17:00:00, 0.114703
11706, 2017-01-30 18:00:00, 0.114263
11707, 2017-01-30 19:00:00, 0.113825
11708, 2017-01-30 20:00:00, 0.11339
11709, 2017-01-30 21:00:00, 0.112956
11710, 2017-01-30 22:00:00, 0.112525
11711, 2017-01-30 23:00:00, 0.112096
11712, 2017-01-31 00:00:00, 0.11167
11713, 2017-01-31 01:00:00, 0.111245
11714, 2017-01-31 02:00:00, 0.110822
11715, 2017-01-31 03:00:00, 0.110402
11716, 2017-01-31 04:00:00, 0.109984
11717, 2017-01-31 05:00:00, 0.109567
11718, 2017-01-31 06:00:00, 0.109153
11719, 2017-01-31 07:00:00, 0.108741
11720, 2017-01-31 08:00:00, 0.108331
11721, 2017-01-31 09:00:00, 0.107923
11722, 2017-01-31 10:00:00, 0.107517
11723, 2017-01-31 11:00:00, 0.107113
11724, 2017-01-31 12:00:00, 0.10671
11725, 2017-01-31 13:00:00, 0.10631
11726, 2017-01-31 14:00:00, 0.105912
11727, 2017-01-31 15:00:00, 0.105516
11728, 2017-01-31 16:00:00, 0.105121
11729, 2017-01-31 17:00:00, 0.104729
11730, 2017-01-31 18:00:00, 0.104345
11731, 2017-01-31 19:00:00, 0.103953
11732, 2017-01-31 20:00:00, 0.103565
11733, 2017-01-31 21:00:00, 0.103178
11734, 2017-01-31 22:00:00, 0.102795
11735, 2017-01-31 23:00:00, 0.102414
11736, 2017-02-01 00:00:00, 0.102034
11737, 2017-02-01 01:00:00, 0.101657
11738, 2017-02-01 02:00:00, 0.101281
11739, 2017-02-01 03:00:00, 0.100907
11740, 2017-02-01 04:00:00, 0.100535
11741, 2017-02-01 05:00:00, 0.100164
11742, 2017-02-01 06:00:00, 0.0997957
11743, 2017-02-01 07:00:00, 0.0994288
11744, 2017-02-01 08:00:00, 0.0990636
11745, 2017-02-01 09:00:00, 0.0987001
11746, 2017-02-01 10:00:00, 0.0983384
11747, 2017-02-01 11:00:00, 0.0979783
11748, 2017-02-01 12:00:00, 0.09762
11749, 2017-02-01 13:00:00, 0.0972633
11750, 2017-02-01 14:00:00, 0.0969083
11751, 2017-02-01 15:00:00, 0.096555
11752, 2017-02-01 16:00:00, 0.0962033
11753, 2017-02-01 17:00:00, 0.0958532
11754, 2017-02-01 18:00:00, 0.0955048
11755, 2017-02-01 19:00:00, 0.095158
11756, 2017-02-01 20:00:00, 0.0948128
11757, 2017-02-01 21:00:00, 0.0944692
11758, 2017-02-01 22:00:00, 0.0941272
11759, 2017-02-01 23:00:00, 0.0937868
11760, 2017-02-02 00:00:00, 0.093448
11761, 2017-02-02 01:00:00, 0.0931107
11762, 2017-02-02 02:00:00, 0.0927749
11763, 2017-02-02 03:00:00, 0.0924407
11764, 2017-02-02 04:00:00, 0.0921081
11765, 2017-02-02 05:00:00, 0.0917769
11766, 2017-02-02 06:00:00, 0.0914473
11767, 2017-02-02 07:00:00, 0.0911191
11768, 2017-02-02 08:00:00, 0.0907925
11769, 2017-02-02 09:00:00, 0.0904674
11770, 2017-02-02 10:00:00, 0.0901437
11771, 2017-02-02 11:00:00, 0.0898215
11772, 2017-02-02 12:00:00, 0.0895007
11773, 2017-02-02 13:00:00, 0.0891814
11774, 2017-02-02 14:00:00, 0.0888636
11775, 2017-02-02 15:00:00, 0.0885472
11776, 2017-02-02 16:00:00, 0.0882322
11777, 2017-02-02 17:00:00, 0.0879186
11778, 2017-02-02 18:00:00, 0.0876064
11779, 2017-02-02 19:00:00, 0.0872956
11780, 2017-02-02 20:00:00, 0.0869862
11781, 2017-02-02 21:00:00, 0.0866782
11782, 2017-02-02 22:00:00, 0.0863716
11783, 2017-02-02 23:00:00, 0.0860663
11784, 2017-02-03 00:00:00, 0.0857624
11785, 2017-02-03 01:00:00, 0.0854599
11786, 2017-02-03 02:00:00, 0.0851587
11787, 2017-02-03 03:00:00, 0.0848588
11788, 2017-02-03 04:00:00, 0.0845602
11789, 2017-02-03 05:00:00, 0.084263
11790, 2017-02-03 06:00:00, 0.0839671
11791, 2017-02-03 07:00:00, 0.0836724
11792, 2017-02-03 08:00:00, 0.0833791
11793, 2017-02-03 09:00:00, 0.0830871
11794, 2017-02-03 10:00:00, 0.0827963
11795, 2017-02-03 11:00:00, 0.0825068
11796, 2017-02-03 12:00:00, 0.0822186
11797, 2017-02-03 13:00:00, 0.0819316
11798, 2017-02-03 14:00:00, 0.0816459
11799, 2017-02-03 15:00:00, 0.0813614
11800, 2017-02-03 16:00:00, 0.0810782
11801, 2017-02-03 17:00:00, 0.0807962
11802, 2017-02-03 18:00:00, 0.0805154
11803, 2017-02-03 19:00:00, 0.0802359
11804, 2017-02-03 20:00:00, 0.0799575
11805, 2017-02-03 21:00:00, 0.0796804
11806, 2017-02-03 22:00:00, 0.0794044
11807, 2017-02-03 23:00:00, 0.0791296
11808, 2017-02-04 00:00:00, 0.078856
11809, 2017-02-04 01:00:00, 0.0785836
11810, 2017-02-04 02:00:00, 0.0783124
11811, 2017-02-04 03:00:00, 0.0780423
11812, 2017-02-04 04:00:00, 0.0777734
11813, 2017-02-04 05:00:00, 0.0775056
11814, 2017-02-04 06:00:00, 0.077239
11815, 2017-02-04 07:00:00, 0.0769735
11816, 2017-02-04 08:00:00, 0.0767091
11817, 2017-02-04 09:00:00, 0.0764458
11818, 2017-02-04 10:00:00, 0.0761837
11819, 2017-02-04 11:00:00, 0.0759227
11820, 2017-02-04 12:00:00, 0.0756628
11821, 2017-02-04 13:00:00, 0.0754039
11822, 2017-02-04 14:00:00, 0.0751462
11823, 2017-02-04 15:00:00, 0.0748896
11824, 2017-02-04 16:00:00, 0.074634
11825, 2017-02-04 17:00:00, 0.0743795
11826, 2017-02-04 18:00:00, 0.0741261
11827, 2017-02-04 19:00:00, 0.0738738
11828, 2017-02-04 20:00:00, 0.0736225
11829, 2017-02-04 21:00:00, 0.0733722
11830, 2017-02-04 22:00:00, 0.073123
11831, 2017-02-04 23:00:00, 0.0728749
11832, 2017-02-05 00:00:00, 0.0726277
11833, 2017-02-05 01:00:00, 0.0723816
11834, 2017-02-05 02:00:00, 0.0721366
11835, 2017-02-05 03:00:00, 0.0718925
11836, 2017-02-05 04:00:00, 0.0716495
11837, 2017-02-05 05:00:00, 0.0714074
11838, 2017-02-05 06:00:00, 0.0711664
11839, 2017-02-05 07:00:00, 0.0709263
11840, 2017-02-05 08:00:00, 0.0706873
11841, 2017-02-05 09:00:00, 0.0704492
11842, 2017-02-05 10:00:00, 0.0702121
11843, 2017-02-05 11:00:00, 0.069976
11844, 2017-02-05 12:00:00, 0.0697409
11845, 2017-02-05 13:00:00, 0.0695067
11846, 2017-02-05 14:00:00, 0.0692735
11847, 2017-02-05 15:00:00, 0.0690412
11848, 2017-02-05 16:00:00, 0.0688099
11849, 2017-02-05 17:00:00, 0.0685795
11850, 2017-02-05 18:00:00, 0.0683501
11851, 2017-02-05 19:00:00, 0.0681216
11852, 2017-02-05 20:00:00, 0.067894
11853, 2017-02-05 21:00:00, 0.0676674
11854, 2017-02-05 22:00:00, 0.0674417
11855, 2017-02-05 23:00:00, 0.0672168
11856, 2017-02-06 00:00:00, 0.0669929
11857, 2017-02-06 01:00:00, 0.0667699
11858, 2017-02-06 02:00:00, 0.0665479
11859, 2017-02-06 03:00:00, 0.0663266
11860, 2017-02-06 04:00:00, 0.0661063
11861, 2017-02-06 05:00:00, 0.0658869
11862, 2017-02-06 06:00:00, 0.0656684
11863, 2017-02-06 07:00:00, 0.0654507
11864, 2017-02-06 08:00:00, 0.0652339
11865, 2017-02-06 09:00:00, 0.065018
11866, 2017-02-06 10:00:00, 0.0648029
11867, 2017-02-06 11:00:00, 0.0645887
11868, 2017-02-06 12:00:00, 0.0643754
11869, 2017-02-06 13:00:00, 0.0641629
11870, 2017-02-06 14:00:00, 0.0639512
11871, 2017-02-06 15:00:00, 0.0637404
11872, 2017-02-06 16:00:00, 0.0635305
11873, 2017-02-06 17:00:00, 0.0633213
11874, 2017-02-06 18:00:00, 0.063113
11875, 2017-02-06 19:00:00, 0.0629055
11876, 2017-02-06 20:00:00, 0.0626989
11877, 2017-02-06 21:00:00, 0.062493
11878, 2017-02-06 22:00:00, 0.062288
11879, 2017-02-06 23:00:00, 0.0620838
11880, 2017-02-07 00:00:00, 0.0618803
11881, 2017-02-07 01:00:00, 0.0616777
11882, 2017-02-07 02:00:00, 0.0614759
11883, 2017-02-07 03:00:00, 0.0612749
11884, 2017-02-07 04:00:00, 0.0610746
11885, 2017-02-07 05:00:00, 0.0608752
11886, 2017-02-07 06:00:00, 0.0606765
11887, 2017-02-07 07:00:00, 0.0604786
11888, 2017-02-07 08:00:00, 0.0602814
11889, 2017-02-07 09:00:00, 0.0600851
11890, 2017-02-07 10:00:00, 0.0598895
11891, 2017-02-07 11:00:00, 0.0596946
11892, 2017-02-07 12:00:00, 0.0595006
11893, 2017-02-07 13:00:00, 0.0593072
11894, 2017-02-07 14:00:00, 0.059141
11895, 2017-02-07 15:00:00, 0.0589348
11896, 2017-02-07 16:00:00, 0.0587517
11897, 2017-02-07 17:00:00, 0.058694
11898, 2017-02-07 18:00:00, 0.0587042
11899, 2017-02-07 19:00:00, 0.0590919
11900, 2017-02-07 20:00:00, 0.0584461
11901, 2017-02-07 21:00:00, 0.0581271
11902, 2017-02-07 22:00:00, 0.0577224
11903, 2017-02-07 23:00:00, 0.0575692
11904, 2017-02-08 00:00:00, 0.0587577
11905, 2017-02-08 01:00:00, 0.0577659
11906, 2017-02-08 02:00:00, 0.0574137
11907, 2017-02-08 03:00:00, 0.0566946
11908, 2017-02-08 04:00:00, 0.0565007
11909, 2017-02-08 05:00:00, 0.0563142
11910, 2017-02-08 06:00:00, 0.0561325
11911, 2017-02-08 07:00:00, 0.0559521
11912, 2017-02-08 08:00:00, 0.0557724
11913, 2017-02-08 09:00:00, 0.0555934
11914, 2017-02-08 10:00:00, 0.0554151
11915, 2017-02-08 11:00:00, 0.0552374
11916, 2017-02-08 12:00:00, 0.0550604
11917, 2017-02-08 13:00:00, 0.0548841
11918, 2017-02-08 14:00:00, 0.0547085
11919, 2017-02-08 15:00:00, 0.0545335
11920, 2017-02-08 16:00:00, 0.0543592
11921, 2017-02-08 17:00:00, 0.0541856
11922, 2017-02-08 18:00:00, 0.0540126
11923, 2017-02-08 19:00:00, 0.0538475
11924, 2017-02-08 20:00:00, 0.053691
11925, 2017-02-08 21:00:00, 0.0535408
11926, 2017-02-08 22:00:00, 0.0533883
11927, 2017-02-08 23:00:00, 0.053269
11928, 2017-02-09 00:00:00, 0.0531601
11929, 2017-02-09 01:00:00, 0.0529652
11930, 2017-02-09 02:00:00, 0.0527532
11931, 2017-02-09 03:00:00, 0.0525281
11932, 2017-02-09 04:00:00, 0.0523375
11933, 2017-02-09 05:00:00, 0.0521603
11934, 2017-02-09 06:00:00, 0.0519918
11935, 2017-02-09 07:00:00, 0.054754
11936, 2017-02-09 08:00:00, 0.0529902
11937, 2017-02-09 09:00:00, 0.0525596
11938, 2017-02-09 10:00:00, 0.0513311
11939, 2017-02-09 11:00:00, 0.0511688
11940, 2017-02-09 12:00:00, 0.0510071
11941, 2017-02-09 13:00:00, 0.0508459
11942, 2017-02-09 14:00:00, 0.0506854
11943, 2017-02-09 15:00:00, 0.0505254
11944, 2017-02-09 16:00:00, 0.0503661
11945, 2017-02-09 17:00:00, 0.0502073
11946, 2017-02-09 18:00:00, 0.0500492
11947, 2017-02-09 19:00:00, 0.0498916
11948, 2017-02-09 20:00:00, 0.0497345
11949, 2017-02-09 21:00:00, 0.0495781
11950, 2017-02-09 22:00:00, 0.0494222
11951, 2017-02-09 23:00:00, 0.0492669
11952, 2017-02-10 00:00:00, 0.0491122
11953, 2017-02-10 01:00:00, 0.0489581
11954, 2017-02-10 02:00:00, 0.0488045
11955, 2017-02-10 03:00:00, 0.0486514
11956, 2017-02-10 04:00:00, 0.048499
11957, 2017-02-10 05:00:00, 0.048347
11958, 2017-02-10 06:00:00, 0.0481957
11959, 2017-02-10 07:00:00, 0.0480449
11960, 2017-02-10 08:00:00, 0.0478946
11961, 2017-02-10 09:00:00, 0.0477449
11962, 2017-02-10 10:00:00, 0.0475957
11963, 2017-02-10 11:00:00, 0.0474471
11964, 2017-02-10 12:00:00, 0.047299
11965, 2017-02-10 13:00:00, 0.0471514
11966, 2017-02-10 14:00:00, 0.0470044
11967, 2017-02-10 15:00:00, 0.0468579
11968, 2017-02-10 16:00:00, 0.046712
11969, 2017-02-10 17:00:00, 0.0465665
11970, 2017-02-10 18:00:00, 0.0464216
11971, 2017-02-10 19:00:00, 0.0462772
11972, 2017-02-10 20:00:00, 0.0461334
11973, 2017-02-10 21:00:00, 0.04599
11974, 2017-02-10 22:00:00, 0.0458472
11975, 2017-02-10 23:00:00, 0.0457049
11976, 2017-02-11 00:00:00, 0.0455631
11977, 2017-02-11 01:00:00, 0.0454218
11978, 2017-02-11 02:00:00, 0.045281
11979, 2017-02-11 03:00:00, 0.0451407
11980, 2017-02-11 04:00:00, 0.0450009
11981, 2017-02-11 05:00:00, 0.0448616
11982, 2017-02-11 06:00:00, 0.0447228
11983, 2017-02-11 07:00:00, 0.0445845
11984, 2017-02-11 08:00:00, 0.0444467
11985, 2017-02-11 09:00:00, 0.0443094
11986, 2017-02-11 10:00:00, 0.0441726
11987, 2017-02-11 11:00:00, 0.0440362
11988, 2017-02-11 12:00:00, 0.0439004
11989, 2017-02-11 13:00:00, 0.043765
11990, 2017-02-11 14:00:00, 0.0436301
11991, 2017-02-11 15:00:00, 0.0434957
11992, 2017-02-11 16:00:00, 0.0433618
11993, 2017-02-11 17:00:00, 0.0432283
11994, 2017-02-11 18:00:00, 0.0430953
11995, 2017-02-11 19:00:00, 0.0429628
11996, 2017-02-11 20:00:00, 0.0428308
11997, 2017-02-11 21:00:00, 0.0426992
11998, 2017-02-11 22:00:00, 0.0425681
11999, 2017-02-11 23:00:00, 0.0424374
12000, 2017-02-12 00:00:00, 0.0423072
12001, 2017-02-12 01:00:00, 0.0421775
12002, 2017-02-12 02:00:00, 0.0420482
12003, 2017-02-12 03:00:00, 0.0419194
12004, 2017-02-12 04:00:00, 0.0417912
12005, 2017-02-12 05:00:00, 0.0416635
12006, 2017-02-12 06:00:00, 0.0415362
12007, 2017-02-12 07:00:00, 0.0414093
12008, 2017-02-12 08:00:00, 0.0412829
12009, 2017-02-12 09:00:00, 0.0411568
12010, 2017-02-12 10:00:00, 0.0410312
12011, 2017-02-12 11:00:00, 0.040906
12012, 2017-02-12 12:00:00, 0.0407811
12013, 2017-02-12 13:00:00, 0.0406567
12014, 2017-02-12 14:00:00, 0.0405327
12015, 2017-02-12 15:00:00, 0.0404092
12016, 2017-02-12 16:00:00, 0.040286
12017, 2017-02-12 17:00:00, 0.0401633
12018, 2017-02-12 18:00:00, 0.0400405
12019, 2017-02-12 19:00:00, 0.0399184
12020, 2017-02-12 20:00:00, 0.0397968
12021, 2017-02-12 21:00:00, 0.0396759
12022, 2017-02-12 22:00:00, 0.0395553
12023, 2017-02-12 23:00:00, 0.0394351
12024, 2017-02-13 00:00:00, 0.0393154
12025, 2017-02-13 01:00:00, 0.0391961
12026, 2017-02-13 02:00:00, 0.0390772
12027, 2017-02-13 03:00:00, 0.0389587
12028, 2017-02-13 04:00:00, 0.0388406
12029, 2017-02-13 05:00:00, 0.0387229
12030, 2017-02-13 06:00:00, 0.0386057
12031, 2017-02-13 07:00:00, 0.0384888
12032, 2017-02-13 08:00:00, 0.0383723
12033, 2017-02-13 09:00:00, 0.0382562
12034, 2017-02-13 10:00:00, 0.0381406
12035, 2017-02-13 11:00:00, 0.0380253
12036, 2017-02-13 12:00:00, 0.0379104
12037, 2017-02-13 13:00:00, 0.0377959
12038, 2017-02-13 14:00:00, 0.0376818
12039, 2017-02-13 15:00:00, 0.0375681
12040, 2017-02-13 16:00:00, 0.0374548
12041, 2017-02-13 17:00:00, 0.0373419
12042, 2017-02-13 18:00:00, 0.0372293
12043, 2017-02-13 19:00:00, 0.0371172
12044, 2017-02-13 20:00:00, 0.0370054
12045, 2017-02-13 21:00:00, 0.036894
12046, 2017-02-13 22:00:00, 0.036783
12047, 2017-02-13 23:00:00, 0.0366723
12048, 2017-02-14 00:00:00, 0.0365621
12049, 2017-02-14 01:00:00, 0.0364522
12050, 2017-02-14 02:00:00, 0.0363426
12051, 2017-02-14 03:00:00, 0.0362335
12052, 2017-02-14 04:00:00, 0.0361247
12053, 2017-02-14 05:00:00, 0.0360163
12054, 2017-02-14 06:00:00, 0.0359083
12055, 2017-02-14 07:00:00, 0.0358006
12056, 2017-02-14 08:00:00, 0.0356933
12057, 2017-02-14 09:00:00, 0.0355863
12058, 2017-02-14 10:00:00, 0.0354797
12059, 2017-02-14 11:00:00, 0.0353735
12060, 2017-02-14 12:00:00, 0.0352676
12061, 2017-02-14 13:00:00, 0.0351621
12062, 2017-02-14 14:00:00, 0.0350569
12063, 2017-02-14 15:00:00, 0.0349521
12064, 2017-02-14 16:00:00, 0.0348477
12065, 2017-02-14 17:00:00, 0.0347436
12066, 2017-02-14 18:00:00, 0.0346581
12067, 2017-02-14 19:00:00, 0.0354209
12068, 2017-02-14 20:00:00, 0.0353898
12069, 2017-02-14 21:00:00, 0.0352887
12070, 2017-02-14 22:00:00, 0.0348802
12071, 2017-02-14 23:00:00, 0.0345866
12072, 2017-02-15 00:00:00, 0.0343494
12073, 2017-02-15 01:00:00, 0.0341518
12074, 2017-02-15 02:00:00, 0.0339824
12075, 2017-02-15 03:00:00, 0.0338333
12076, 2017-02-15 04:00:00, 0.0336985
12077, 2017-02-15 05:00:00, 0.0335738
12078, 2017-02-15 06:00:00, 0.0334567
12079, 2017-02-15 07:00:00, 0.033345
12080, 2017-02-15 08:00:00, 0.0332375
12081, 2017-02-15 09:00:00, 0.0331328
12082, 2017-02-15 10:00:00, 0.0330305
12083, 2017-02-15 11:00:00, 0.0329299
12084, 2017-02-15 12:00:00, 0.032831
12085, 2017-02-15 13:00:00, 0.0327331
12086, 2017-02-15 14:00:00, 0.032636
12087, 2017-02-15 15:00:00, 0.03254
12088, 2017-02-15 16:00:00, 0.0324717
12089, 2017-02-15 17:00:00, 0.0336501
12090, 2017-02-15 18:00:00, 0.0408515
12091, 2017-02-15 19:00:00, 0.154505
12092, 2017-02-15 20:00:00, 0.185953
12093, 2017-02-15 21:00:00, 0.290948
12094, 2017-02-15 22:00:00, 0.416046
12095, 2017-02-15 23:00:00, 0.522845
12096, 2017-02-16 00:00:00, 0.58569
12097, 2017-02-16 01:00:00, 0.667186
12098, 2017-02-16 02:00:00, 0.711293
12099, 2017-02-16 03:00:00, 0.775796
12100, 2017-02-16 04:00:00, 0.810639
12101, 2017-02-16 05:00:00, 0.835359
12102, 2017-02-16 06:00:00, 0.838333
12103, 2017-02-16 07:00:00, 0.814944
12104, 2017-02-16 08:00:00, 0.774583
12105, 2017-02-16 09:00:00, 0.724632
12106, 2017-02-16 10:00:00, 0.67059
12107, 2017-02-16 11:00:00, 0.616095
12108, 2017-02-16 12:00:00, 0.563484
12109, 2017-02-16 13:00:00, 0.514188
12110, 2017-02-16 14:00:00, 0.468989
12111, 2017-02-16 15:00:00, 0.428267
12112, 2017-02-16 16:00:00, 0.391524
12113, 2017-02-16 17:00:00, 0.385129
12114, 2017-02-16 18:00:00, 0.40351
12115, 2017-02-16 19:00:00, 0.402043
12116, 2017-02-16 20:00:00, 0.473145
12117, 2017-02-16 21:00:00, 0.499727
12118, 2017-02-16 22:00:00, 0.513973
12119, 2017-02-16 23:00:00, 0.507585
12120, 2017-02-17 00:00:00, 0.488362
12121, 2017-02-17 01:00:00, 0.461857
12122, 2017-02-17 02:00:00, 0.4319
12123, 2017-02-17 03:00:00, 0.401045
12124, 2017-02-17 04:00:00, 0.370933
12125, 2017-02-17 05:00:00, 0.342562
12126, 2017-02-17 06:00:00, 0.316481
12127, 2017-02-17 07:00:00, 0.292939
12128, 2017-02-17 08:00:00, 0.271979
12129, 2017-02-17 09:00:00, 0.253518
12130, 2017-02-17 10:00:00, 0.237396
12131, 2017-02-17 11:00:00, 0.223412
12132, 2017-02-17 12:00:00, 0.211348
12133, 2017-02-17 13:00:00, 0.200982
12134, 2017-02-17 14:00:00, 0.192104
12135, 2017-02-17 15:00:00, 0.184516
12136, 2017-02-17 16:00:00, 0.178056
12137, 2017-02-17 17:00:00, 0.17254
12138, 2017-02-17 18:00:00, 0.16789
12139, 2017-02-17 19:00:00, 0.163926
12140, 2017-02-17 20:00:00, 0.160533
12141, 2017-02-17 21:00:00, 0.157598
12142, 2017-02-17 22:00:00, 0.155052
12143, 2017-02-17 23:00:00, 0.152836
12144, 2017-02-18 00:00:00, 0.150897
12145, 2017-02-18 01:00:00, 0.149191
12146, 2017-02-18 02:00:00, 0.14768
12147, 2017-02-18 03:00:00, 0.146332
12148, 2017-02-18 04:00:00, 0.145121
12149, 2017-02-18 05:00:00, 0.144023
12150, 2017-02-18 06:00:00, 0.143019
12151, 2017-02-18 07:00:00, 0.142094
12152, 2017-02-18 08:00:00, 0.141235
12153, 2017-02-18 09:00:00, 0.14043
12154, 2017-02-18 10:00:00, 0.13967
12155, 2017-02-18 11:00:00, 0.138948
12156, 2017-02-18 12:00:00, 0.138258
12157, 2017-02-18 13:00:00, 0.137593
12158, 2017-02-18 14:00:00, 0.136951
12159, 2017-02-18 15:00:00, 0.136328
12160, 2017-02-18 16:00:00, 0.13572
12161, 2017-02-18 17:00:00, 0.135126
12162, 2017-02-18 18:00:00, 0.134543
12163, 2017-02-18 19:00:00, 0.13397
12164, 2017-02-18 20:00:00, 0.133405
12165, 2017-02-18 21:00:00, 0.132848
12166, 2017-02-18 22:00:00, 0.132298
12167, 2017-02-18 23:00:00, 0.131753
12168, 2017-02-19 00:00:00, 0.131214
12169, 2017-02-19 01:00:00, 0.13068
12170, 2017-02-19 02:00:00, 0.13015
12171, 2017-02-19 03:00:00, 0.129624
12172, 2017-02-19 04:00:00, 0.129102
12173, 2017-02-19 05:00:00, 0.128584
12174, 2017-02-19 06:00:00, 0.128069
12175, 2017-02-19 07:00:00, 0.127558
12176, 2017-02-19 08:00:00, 0.127049
12177, 2017-02-19 09:00:00, 0.126544
12178, 2017-02-19 10:00:00, 0.126042
12179, 2017-02-19 11:00:00, 0.125542
12180, 2017-02-19 12:00:00, 0.125045
12181, 2017-02-19 13:00:00, 0.124552
12182, 2017-02-19 14:00:00, 0.12406
12183, 2017-02-19 15:00:00, 0.123572
12184, 2017-02-19 16:00:00, 0.123086
12185, 2017-02-19 17:00:00, 0.122603
12186, 2017-02-19 18:00:00, 0.122122
12187, 2017-02-19 19:00:00, 0.121644
12188, 2017-02-19 20:00:00, 0.121168
12189, 2017-02-19 21:00:00, 0.120695
12190, 2017-02-19 22:00:00, 0.120225
12191, 2017-02-19 23:00:00, 0.119757
12192, 2017-02-20 00:00:00, 0.119291
12193, 2017-02-20 01:00:00, 0.118828
12194, 2017-02-20 02:00:00, 0.118367
12195, 2017-02-20 03:00:00, 0.117908
12196, 2017-02-20 04:00:00, 0.117452
12197, 2017-02-20 05:00:00, 0.116998
12198, 2017-02-20 06:00:00, 0.116546
12199, 2017-02-20 07:00:00, 0.116097
12200, 2017-02-20 08:00:00, 0.11565
12201, 2017-02-20 09:00:00, 0.115206
12202, 2017-02-20 10:00:00, 0.114763
12203, 2017-02-20 11:00:00, 0.114323
12204, 2017-02-20 12:00:00, 0.113885
12205, 2017-02-20 13:00:00, 0.113449
12206, 2017-02-20 14:00:00, 0.113016
12207, 2017-02-20 15:00:00, 0.112584
12208, 2017-02-20 16:00:00, 0.112155
12209, 2017-02-20 17:00:00, 0.111728
12210, 2017-02-20 18:00:00, 0.111303
12211, 2017-02-20 19:00:00, 0.11088
12212, 2017-02-20 20:00:00, 0.11046
12213, 2017-02-20 21:00:00, 0.110041
12214, 2017-02-20 22:00:00, 0.109624
12215, 2017-02-20 23:00:00, 0.10921
12216, 2017-02-21 00:00:00, 0.108797
12217, 2017-02-21 01:00:00, 0.108387
12218, 2017-02-21 02:00:00, 0.107979
12219, 2017-02-21 03:00:00, 0.107572
12220, 2017-02-21 04:00:00, 0.107168
12221, 2017-02-21 05:00:00, 0.106765
12222, 2017-02-21 06:00:00, 0.106365
12223, 2017-02-21 07:00:00, 0.105967
12224, 2017-02-21 08:00:00, 0.10557
12225, 2017-02-21 09:00:00, 0.105175
12226, 2017-02-21 10:00:00, 0.104783
12227, 2017-02-21 11:00:00, 0.104392
12228, 2017-02-21 12:00:00, 0.104003
12229, 2017-02-21 13:00:00, 0.103616
12230, 2017-02-21 14:00:00, 0.103231
12231, 2017-02-21 15:00:00, 0.102847
12232, 2017-02-21 16:00:00, 0.102466
12233, 2017-02-21 17:00:00, 0.102086
12234, 2017-02-21 18:00:00, 0.101708
12235, 2017-02-21 19:00:00, 0.101332
12236, 2017-02-21 20:00:00, 0.100958
12237, 2017-02-21 21:00:00, 0.100586
12238, 2017-02-21 22:00:00, 0.100215
12239, 2017-02-21 23:00:00, 0.0998462
12240, 2017-02-22 00:00:00, 0.099479
12241, 2017-02-22 01:00:00, 0.0991136
12242, 2017-02-22 02:00:00, 0.0987499
12243, 2017-02-22 03:00:00, 0.0983879
12244, 2017-02-22 04:00:00, 0.0980276
12245, 2017-02-22 05:00:00, 0.097669
12246, 2017-02-22 06:00:00, 0.0973121
12247, 2017-02-22 07:00:00, 0.0969569
12248, 2017-02-22 08:00:00, 0.0966033
12249, 2017-02-22 09:00:00, 0.0962514
12250, 2017-02-22 10:00:00, 0.0959011
12251, 2017-02-22 11:00:00, 0.0955525
12252, 2017-02-22 12:00:00, 0.0952055
12253, 2017-02-22 13:00:00, 0.0948601
12254, 2017-02-22 14:00:00, 0.0945163
12255, 2017-02-22 15:00:00, 0.094174
12256, 2017-02-22 16:00:00, 0.0938334
12257, 2017-02-22 17:00:00, 0.0934943
12258, 2017-02-22 18:00:00, 0.0931568
12259, 2017-02-22 19:00:00, 0.0928209
12260, 2017-02-22 20:00:00, 0.0924865
12261, 2017-02-22 21:00:00, 0.0921536
12262, 2017-02-22 22:00:00, 0.0918222
12263, 2017-02-22 23:00:00, 0.0914924
12264, 2017-02-23 00:00:00, 0.0911641
12265, 2017-02-23 01:00:00, 0.0908372
12266, 2017-02-23 02:00:00, 0.0905119
12267, 2017-02-23 03:00:00, 0.090188
12268, 2017-02-23 04:00:00, 0.0898656
12269, 2017-02-23 05:00:00, 0.0895446
12270, 2017-02-23 06:00:00, 0.0892252
12271, 2017-02-23 07:00:00, 0.0889071
12272, 2017-02-23 08:00:00, 0.0885905
12273, 2017-02-23 09:00:00, 0.0882753
12274, 2017-02-23 10:00:00, 0.0879615
12275, 2017-02-23 11:00:00, 0.0876491
12276, 2017-02-23 12:00:00, 0.0873382
12277, 2017-02-23 13:00:00, 0.0870286
12278, 2017-02-23 14:00:00, 0.0867204
12279, 2017-02-23 15:00:00, 0.0864136
12280, 2017-02-23 16:00:00, 0.0861081
12281, 2017-02-23 17:00:00, 0.085804
12282, 2017-02-23 18:00:00, 0.0855013
12283, 2017-02-23 19:00:00, 0.0851999
12284, 2017-02-23 20:00:00, 0.0848998
12285, 2017-02-23 21:00:00, 0.0846011
12286, 2017-02-23 22:00:00, 0.0843037
12287, 2017-02-23 23:00:00, 0.0840076
12288, 2017-02-24 00:00:00, 0.0837128
12289, 2017-02-24 01:00:00, 0.0834193
12290, 2017-02-24 02:00:00, 0.083127
12291, 2017-02-24 03:00:00, 0.0828361
12292, 2017-02-24 04:00:00, 0.0825465
12293, 2017-02-24 05:00:00, 0.0822581
12294, 2017-02-24 06:00:00, 0.0819709
12295, 2017-02-24 07:00:00, 0.081685
12296, 2017-02-24 08:00:00, 0.0814004
12297, 2017-02-24 09:00:00, 0.081117
12298, 2017-02-24 10:00:00, 0.0808348
12299, 2017-02-24 11:00:00, 0.0805539
12300, 2017-02-24 12:00:00, 0.0802741
12301, 2017-02-24 13:00:00, 0.0799956
12302, 2017-02-24 14:00:00, 0.0797183
12303, 2017-02-24 15:00:00, 0.0794422
12304, 2017-02-24 16:00:00, 0.0791673
12305, 2017-02-24 17:00:00, 0.0788935
12306, 2017-02-24 18:00:00, 0.0786209
12307, 2017-02-24 19:00:00, 0.0783495
12308, 2017-02-24 20:00:00, 0.0780793
12309, 2017-02-24 21:00:00, 0.0778102
12310, 2017-02-24 22:00:00, 0.0775423
12311, 2017-02-24 23:00:00, 0.0772755
12312, 2017-02-25 00:00:00, 0.0770098
12313, 2017-02-25 01:00:00, 0.0767453
12314, 2017-02-25 02:00:00, 0.0764819
12315, 2017-02-25 03:00:00, 0.0762196
12316, 2017-02-25 04:00:00, 0.0759584
12317, 2017-02-25 05:00:00, 0.0756984
12318, 2017-02-25 06:00:00, 0.0754394
12319, 2017-02-25 07:00:00, 0.0751815
12320, 2017-02-25 08:00:00, 0.0749248
12321, 2017-02-25 09:00:00, 0.0746691
12322, 2017-02-25 10:00:00, 0.0744146
12323, 2017-02-25 11:00:00, 0.0741609
12324, 2017-02-25 12:00:00, 0.0739084
12325, 2017-02-25 13:00:00, 0.0736569
12326, 2017-02-25 14:00:00, 0.0734065
12327, 2017-02-25 15:00:00, 0.0731571
12328, 2017-02-25 16:00:00, 0.0729088
12329, 2017-02-25 17:00:00, 0.0726616
12330, 2017-02-25 18:00:00, 0.0724153
12331, 2017-02-25 19:00:00, 0.0722131
12332, 2017-02-25 20:00:00, 0.0719455
12333, 2017-02-25 21:00:00, 0.0716984
12334, 2017-02-25 22:00:00, 0.0714406
12335, 2017-02-25 23:00:00, 0.0711994
12336, 2017-02-26 00:00:00, 0.0709592
12337, 2017-02-26 01:00:00, 0.0707861
12338, 2017-02-26 02:00:00, 0.0966424
12339, 2017-02-26 03:00:00, 0.142532
12340, 2017-02-26 04:00:00, 0.106962
12341, 2017-02-26 05:00:00, 0.0917331
12342, 2017-02-26 06:00:00, 0.0695399
12343, 2017-02-26 07:00:00, 0.0693054
12344, 2017-02-26 08:00:00, 0.069073
12345, 2017-02-26 09:00:00, 0.0688416
12346, 2017-02-26 10:00:00, 0.0686111
12347, 2017-02-26 11:00:00, 0.0683815
12348, 2017-02-26 12:00:00, 0.0681529
12349, 2017-02-26 13:00:00, 0.0679252
12350, 2017-02-26 14:00:00, 0.0676984
12351, 2017-02-26 15:00:00, 0.0674726
12352, 2017-02-26 16:00:00, 0.0672476
12353, 2017-02-26 17:00:00, 0.0670236
12354, 2017-02-26 18:00:00, 0.0668005
12355, 2017-02-26 19:00:00, 0.0665783
12356, 2017-02-26 20:00:00, 0.0663569
12357, 2017-02-26 21:00:00, 0.0661365
12358, 2017-02-26 22:00:00, 0.065917
12359, 2017-02-26 23:00:00, 0.0656983
12360, 2017-02-27 00:00:00, 0.0654805
12361, 2017-02-27 01:00:00, 0.0652636
12362, 2017-02-27 02:00:00, 0.0650476
12363, 2017-02-27 03:00:00, 0.0648324
12364, 2017-02-27 04:00:00, 0.0646181
12365, 2017-02-27 05:00:00, 0.0644046
12366, 2017-02-27 06:00:00, 0.064192
12367, 2017-02-27 07:00:00, 0.0639802
12368, 2017-02-27 08:00:00, 0.0637693
12369, 2017-02-27 09:00:00, 0.0635592
12370, 2017-02-27 10:00:00, 0.06335
12371, 2017-02-27 11:00:00, 0.0631415
12372, 2017-02-27 12:00:00, 0.0629339
12373, 2017-02-27 13:00:00, 0.0627272
12374, 2017-02-27 14:00:00, 0.0625212
12375, 2017-02-27 15:00:00, 0.0623161
12376, 2017-02-27 16:00:00, 0.0621117
12377, 2017-02-27 17:00:00, 0.0619082
12378, 2017-02-27 18:00:00, 0.0617055
12379, 2017-02-27 19:00:00, 0.0615035
12380, 2017-02-27 20:00:00, 0.0613024
12381, 2017-02-27 21:00:00, 0.061102
12382, 2017-02-27 22:00:00, 0.0609025
12383, 2017-02-27 23:00:00, 0.0607037
12384, 2017-02-28 00:00:00, 0.0605057
12385, 2017-02-28 01:00:00, 0.0603084
12386, 2017-02-28 02:00:00, 0.060112
12387, 2017-02-28 03:00:00, 0.0599163
12388, 2017-02-28 04:00:00, 0.0597213
12389, 2017-02-28 05:00:00, 0.0595271
12390, 2017-02-28 06:00:00, 0.0593337
12391, 2017-02-28 07:00:00, 0.059141
12392, 2017-02-28 08:00:00, 0.0589491
12393, 2017-02-28 09:00:00, 0.0587579
12394, 2017-02-28 10:00:00, 0.0585675
12395, 2017-02-28 11:00:00, 0.0583777
12396, 2017-02-28 12:00:00, 0.0581888
12397, 2017-02-28 13:00:00, 0.0580092
12398, 2017-02-28 14:00:00, 0.0578169
12399, 2017-02-28 15:00:00, 0.0576293
12400, 2017-02-28 16:00:00, 0.0574401
12401, 2017-02-28 17:00:00, 0.0572547
12402, 2017-02-28 18:00:00, 0.05707
12403, 2017-02-28 19:00:00, 0.0568861
12404, 2017-02-28 20:00:00, 0.0567028
12405, 2017-02-28 21:00:00, 0.0565203
12406, 2017-02-28 22:00:00, 0.0563384
12407, 2017-02-28 23:00:00, 0.0561573
12408, 2017-03-01 00:00:00, 0.0559768
12409, 2017-03-01 01:00:00, 0.055797
12410, 2017-03-01 02:00:00, 0.0556179
12411, 2017-03-01 03:00:00, 0.0554395
12412, 2017-03-01 04:00:00, 0.0552617
12413, 2017-03-01 05:00:00, 0.0550847
12414, 2017-03-01 06:00:00, 0.0549083
12415, 2017-03-01 07:00:00, 0.0547326
12416, 2017-03-01 08:00:00, 0.0545616
12417, 2017-03-01 09:00:00, 0.054385
12418, 2017-03-01 10:00:00, 0.0542109
12419, 2017-03-01 11:00:00, 0.0540363
12420, 2017-03-01 12:00:00, 0.0538638
12421, 2017-03-01 13:00:00, 0.053692
12422, 2017-03-01 14:00:00, 0.0535209
12423, 2017-03-01 15:00:00, 0.0533504
12424, 2017-03-01 16:00:00, 0.0531805
12425, 2017-03-01 17:00:00, 0.0661854
12426, 2017-03-01 18:00:00, 0.0591723
12427, 2017-03-01 19:00:00, 0.0576205
12428, 2017-03-01 20:00:00, 0.0526315
12429, 2017-03-01 21:00:00, 0.0523407
12430, 2017-03-01 22:00:00, 0.0521746
12431, 2017-03-01 23:00:00, 0.0520092
12432, 2017-03-02 00:00:00, 0.0518443
12433, 2017-03-02 01:00:00, 0.0516801
12434, 2017-03-02 02:00:00, 0.0515165
12435, 2017-03-02 03:00:00, 0.0513534
12436, 2017-03-02 04:00:00, 0.051191
12437, 2017-03-02 05:00:00, 0.0510292
12438, 2017-03-02 06:00:00, 0.050868
12439, 2017-03-02 07:00:00, 0.0507074
12440, 2017-03-02 08:00:00, 0.0505473
12441, 2017-03-02 09:00:00, 0.0503879
12442, 2017-03-02 10:00:00, 0.0502291
12443, 2017-03-02 11:00:00, 0.0500708
12444, 2017-03-02 12:00:00, 0.0499131
12445, 2017-03-02 13:00:00, 0.049756
12446, 2017-03-02 14:00:00, 0.0495995
12447, 2017-03-02 15:00:00, 0.0494436
12448, 2017-03-02 16:00:00, 0.0492882
12449, 2017-03-02 17:00:00, 0.0491334
12450, 2017-03-02 18:00:00, 0.0489792
12451, 2017-03-02 19:00:00, 0.0488255
12452, 2017-03-02 20:00:00, 0.0486724
12453, 2017-03-02 21:00:00, 0.0485198
12454, 2017-03-02 22:00:00, 0.0483679
12455, 2017-03-02 23:00:00, 0.0482164
12456, 2017-03-03 00:00:00, 0.0480655
12457, 2017-03-03 01:00:00, 0.0479152
12458, 2017-03-03 02:00:00, 0.0477654
12459, 2017-03-03 03:00:00, 0.0476161
12460, 2017-03-03 04:00:00, 0.0474674
12461, 2017-03-03 05:00:00, 0.0473193
12462, 2017-03-03 06:00:00, 0.0471716
12463, 2017-03-03 07:00:00, 0.0470246
12464, 2017-03-03 08:00:00, 0.046878
12465, 2017-03-03 09:00:00, 0.046732
12466, 2017-03-03 10:00:00, 0.0465865
12467, 2017-03-03 11:00:00, 0.0464415
12468, 2017-03-03 12:00:00, 0.046297
12469, 2017-03-03 13:00:00, 0.0461531
12470, 2017-03-03 14:00:00, 0.0460097
12471, 2017-03-03 15:00:00, 0.0458668
12472, 2017-03-03 16:00:00, 0.0457244
12473, 2017-03-03 17:00:00, 0.0455825
12474, 2017-03-03 18:00:00, 0.0454411
12475, 2017-03-03 19:00:00, 0.0453003
12476, 2017-03-03 20:00:00, 0.0451599
12477, 2017-03-03 21:00:00, 0.04502
12478, 2017-03-03 22:00:00, 0.0448807
12479, 2017-03-03 23:00:00, 0.0447418
12480, 2017-03-04 00:00:00, 0.0446035
12481, 2017-03-04 01:00:00, 0.0444656
12482, 2017-03-04 02:00:00, 0.0443282
12483, 2017-03-04 03:00:00, 0.0441913
12484, 2017-03-04 04:00:00, 0.0440549
12485, 2017-03-04 05:00:00, 0.043919
12486, 2017-03-04 06:00:00, 0.0437836
12487, 2017-03-04 07:00:00, 0.0436486
12488, 2017-03-04 08:00:00, 0.0435141
12489, 2017-03-04 09:00:00, 0.0433801
12490, 2017-03-04 10:00:00, 0.0432466
12491, 2017-03-04 11:00:00, 0.0431136
12492, 2017-03-04 12:00:00, 0.042981
12493, 2017-03-04 13:00:00, 0.0428489
12494, 2017-03-04 14:00:00, 0.0427172
12495, 2017-03-04 15:00:00, 0.042586
12496, 2017-03-04 16:00:00, 0.0424553
12497, 2017-03-04 17:00:00, 0.042325
12498, 2017-03-04 18:00:00, 0.0421952
12499, 2017-03-04 19:00:00, 0.0420659
12500, 2017-03-04 20:00:00, 0.041937
12501, 2017-03-04 21:00:00, 0.0418086
12502, 2017-03-04 22:00:00, 0.0416806
12503, 2017-03-04 23:00:00, 0.041553
12504, 2017-03-05 00:00:00, 0.0414259
12505, 2017-03-05 01:00:00, 0.0412993
12506, 2017-03-05 02:00:00, 0.0411731
12507, 2017-03-05 03:00:00, 0.0410473
12508, 2017-03-05 04:00:00, 0.040922
12509, 2017-03-05 05:00:00, 0.0407971
12510, 2017-03-05 06:00:00, 0.0406726
12511, 2017-03-05 07:00:00, 0.0405486
12512, 2017-03-05 08:00:00, 0.040425
12513, 2017-03-05 09:00:00, 0.0403019
12514, 2017-03-05 10:00:00, 0.0401791
12515, 2017-03-05 11:00:00, 0.0400568
12516, 2017-03-05 12:00:00, 0.0399349
12517, 2017-03-05 13:00:00, 0.0398135
12518, 2017-03-05 14:00:00, 0.0396924
12519, 2017-03-05 15:00:00, 0.0395718
12520, 2017-03-05 16:00:00, 0.0394516
12521, 2017-03-05 17:00:00, 0.0393318
12522, 2017-03-05 18:00:00, 0.0392124
12523, 2017-03-05 19:00:00, 0.0390935
12524, 2017-03-05 20:00:00, 0.0389749
12525, 2017-03-05 21:00:00, 0.0388568
12526, 2017-03-05 22:00:00, 0.0387391
12527, 2017-03-05 23:00:00, 0.0386217
12528, 2017-03-06 00:00:00, 0.0385048
12529, 2017-03-06 01:00:00, 0.0383883
12530, 2017-03-06 02:00:00, 0.0382721
12531, 2017-03-06 03:00:00, 0.0381564
12532, 2017-03-06 04:00:00, 0.0380411
12533, 2017-03-06 05:00:00, 0.0379261
12534, 2017-03-06 06:00:00, 0.0378116
12535, 2017-03-06 07:00:00, 0.0376975
12536, 2017-03-06 08:00:00, 0.0375837
12537, 2017-03-06 09:00:00, 0.0374703
12538, 2017-03-06 10:00:00, 0.0373573
12539, 2017-03-06 11:00:00, 0.0372447
12540, 2017-03-06 12:00:00, 0.0371325
12541, 2017-03-06 13:00:00, 0.0370207
12542, 2017-03-06 14:00:00, 0.0369092
12543, 2017-03-06 15:00:00, 0.0367982
12544, 2017-03-06 16:00:00, 0.0366875
12545, 2017-03-06 17:00:00, 0.0365772
12546, 2017-03-06 18:00:00, 0.0364672
12547, 2017-03-06 19:00:00, 0.0363576
12548, 2017-03-06 20:00:00, 0.0362484
12549, 2017-03-06 21:00:00, 0.0361396
12550, 2017-03-06 22:00:00, 0.0360312
12551, 2017-03-06 23:00:00, 0.0359231
12552, 2017-03-07 00:00:00, 0.0358153
12553, 2017-03-07 01:00:00, 0.035708
12554, 2017-03-07 02:00:00, 0.035601
12555, 2017-03-07 03:00:00, 0.0354943
12556, 2017-03-07 04:00:00, 0.035388
12557, 2017-03-07 05:00:00, 0.0352821
12558, 2017-03-07 06:00:00, 0.0351766
12559, 2017-03-07 07:00:00, 0.0350713
12560, 2017-03-07 08:00:00, 0.0349665
12561, 2017-03-07 09:00:00, 0.034862
12562, 2017-03-07 10:00:00, 0.0347578
12563, 2017-03-07 11:00:00, 0.034654
12564, 2017-03-07 12:00:00, 0.0345506
12565, 2017-03-07 13:00:00, 0.0348813
12566, 2017-03-07 14:00:00, 0.0354451
12567, 2017-03-07 15:00:00, 0.0348323
12568, 2017-03-07 16:00:00, 0.0344904
12569, 2017-03-07 17:00:00, 0.0340562
12570, 2017-03-07 18:00:00, 0.0340065
12571, 2017-03-07 19:00:00, 0.0340686
12572, 2017-03-07 20:00:00, 0.0338502
12573, 2017-03-07 21:00:00, 0.0337756
12574, 2017-03-07 22:00:00, 0.0335662
12575, 2017-03-07 23:00:00, 0.0334601
12576, 2017-03-08 00:00:00, 0.0333855
12577, 2017-03-08 01:00:00, 0.0334404
12578, 2017-03-08 02:00:00, 0.0332383
12579, 2017-03-08 03:00:00, 0.0331055
12580, 2017-03-08 04:00:00, 0.0329415
12581, 2017-03-08 05:00:00, 0.0328438
12582, 2017-03-08 06:00:00, 0.0327464
12583, 2017-03-08 07:00:00, 0.0331078
12584, 2017-03-08 08:00:00, 0.0496499
12585, 2017-03-08 09:00:00, 0.0434231
12586, 2017-03-08 10:00:00, 0.0400764
12587, 2017-03-08 11:00:00, 0.0335507
12588, 2017-03-08 12:00:00, 0.0363405
12589, 2017-03-08 13:00:00, 0.0532981
12590, 2017-03-08 14:00:00, 0.04318
12591, 2017-03-08 15:00:00, 0.0393384
12592, 2017-03-08 16:00:00, 0.0321267
12593, 2017-03-08 17:00:00, 0.0316958
12594, 2017-03-08 18:00:00, 0.0316021
12595, 2017-03-08 19:00:00, 0.0315088
12596, 2017-03-08 20:00:00, 0.0314158
12597, 2017-03-08 21:00:00, 0.0313231
12598, 2017-03-08 22:00:00, 0.0312307
12599, 2017-03-08 23:00:00, 0.0311386
12600, 2017-03-09 00:00:00, 0.0310468
12601, 2017-03-09 01:00:00, 0.0309553
12602, 2017-03-09 02:00:00, 0.0308641
12603, 2017-03-09 03:00:00, 0.0307732
12604, 2017-03-09 04:00:00, 0.0306826
12605, 2017-03-09 05:00:00, 0.0305923
12606, 2017-03-09 06:00:00, 0.0305023
12607, 2017-03-09 07:00:00, 0.0304126
12608, 2017-03-09 08:00:00, 0.0303231
12609, 2017-03-09 09:00:00, 0.030234
12610, 2017-03-09 10:00:00, 0.0301452
12611, 2017-03-09 11:00:00, 0.0300566
12612, 2017-03-09 12:00:00, 0.0299683
12613, 2017-03-09 13:00:00, 0.0298804
12614, 2017-03-09 14:00:00, 0.0297927
12615, 2017-03-09 15:00:00, 0.0297053
12616, 2017-03-09 16:00:00, 0.0296181
12617, 2017-03-09 17:00:00, 0.0295313
12618, 2017-03-09 18:00:00, 0.0294448
12619, 2017-03-09 19:00:00, 0.0293585
12620, 2017-03-09 20:00:00, 0.0292725
12621, 2017-03-09 21:00:00, 0.0291868
12622, 2017-03-09 22:00:00, 0.0291013
12623, 2017-03-09 23:00:00, 0.0290162
12624, 2017-03-10 00:00:00, 0.0289313
12625, 2017-03-10 01:00:00, 0.0288467
12626, 2017-03-10 02:00:00, 0.0287623
12627, 2017-03-10 03:00:00, 0.0286783
12628, 2017-03-10 04:00:00, 0.0285945
12629, 2017-03-10 05:00:00, 0.0285109
12630, 2017-03-10 06:00:00, 0.0284277
12631, 2017-03-10 07:00:00, 0.0283447
12632, 2017-03-10 08:00:00, 0.028262
12633, 2017-03-10 09:00:00, 0.0281795
12634, 2017-03-10 10:00:00, 0.0280973
12635, 2017-03-10 11:00:00, 0.0280154
12636, 2017-03-10 12:00:00, 0.0280239
12637, 2017-03-10 13:00:00, 0.0278951
12638, 2017-03-10 14:00:00, 0.027812
12639, 2017-03-10 15:00:00, 0.0278198
12640, 2017-03-10 16:00:00, 0.0279601
12641, 2017-03-10 17:00:00, 0.0280893
12642, 2017-03-10 18:00:00, 0.0280462
12643, 2017-03-10 19:00:00, 0.0276527
12644, 2017-03-10 20:00:00, 0.0274053
12645, 2017-03-10 21:00:00, 0.0272105
12646, 2017-03-10 22:00:00, 0.0271314
12647, 2017-03-10 23:00:00, 0.0270525
12648, 2017-03-11 00:00:00, 0.026974
12649, 2017-03-11 01:00:00, 0.0268956
12650, 2017-03-11 02:00:00, 0.0268176
12651, 2017-03-11 03:00:00, 0.0267397
12652, 2017-03-11 04:00:00, 0.0266621
12653, 2017-03-11 05:00:00, 0.0265848
12654, 2017-03-11 06:00:00, 0.0265077
12655, 2017-03-11 07:00:00, 0.0264309
12656, 2017-03-11 08:00:00, 0.0263543
12657, 2017-03-11 09:00:00, 0.0262779
12658, 2017-03-11 10:00:00, 0.0262018
12659, 2017-03-11 11:00:00, 0.0261259
12660, 2017-03-11 12:00:00, 0.0260503
12661, 2017-03-11 13:00:00, 0.0259749
12662, 2017-03-11 14:00:00, 0.0258998
12663, 2017-03-11 15:00:00, 0.0258249
12664, 2017-03-11 16:00:00, 0.0257502
12665, 2017-03-11 17:00:00, 0.0256757
12666, 2017-03-11 18:00:00, 0.0256015
12667, 2017-03-11 19:00:00, 0.0255276
12668, 2017-03-11 20:00:00, 0.0254538
12669, 2017-03-11 21:00:00, 0.0253803
12670, 2017-03-11 22:00:00, 0.0253071
12671, 2017-03-11 23:00:00, 0.025234
12672, 2017-03-12 00:00:00, 0.0251612
12673, 2017-03-12 01:00:00, 0.0250886
12674, 2017-03-12 02:00:00, 0.0250163
12675, 2017-03-12 03:00:00, 0.0249441
12676, 2017-03-12 04:00:00, 0.0248723
12677, 2017-03-12 05:00:00, 0.0248006
12678, 2017-03-12 06:00:00, 0.0247291
12679, 2017-03-12 07:00:00, 0.0246579
12680, 2017-03-12 08:00:00, 0.0245869
12681, 2017-03-12 09:00:00, 0.0245161
12682, 2017-03-12 10:00:00, 0.0244456
12683, 2017-03-12 11:00:00, 0.0243753
12684, 2017-03-12 12:00:00, 0.0243052
12685, 2017-03-12 13:00:00, 0.0242353
12686, 2017-03-12 14:00:00, 0.0241656
12687, 2017-03-12 15:00:00, 0.0240961
12688, 2017-03-12 16:00:00, 0.0240269
12689, 2017-03-12 17:00:00, 0.0239579
12690, 2017-03-12 18:00:00, 0.0238891
12691, 2017-03-12 19:00:00, 0.0238205
12692, 2017-03-12 20:00:00, 0.0237521
12693, 2017-03-12 21:00:00, 0.023684
12694, 2017-03-12 22:00:00, 0.023616
12695, 2017-03-12 23:00:00, 0.0235483
12696, 2017-03-13 00:00:00, 0.0234808
12697, 2017-03-13 01:00:00, 0.0234134
12698, 2017-03-13 02:00:00, 0.0233463
12699, 2017-03-13 03:00:00, 0.0232794
12700, 2017-03-13 04:00:00, 0.0232128
12701, 2017-03-13 05:00:00, 0.0231463
12702, 2017-03-13 06:00:00, 0.02308
12703, 2017-03-13 07:00:00, 0.0230139
12704, 2017-03-13 08:00:00, 0.0229481
12705, 2017-03-13 09:00:00, 0.0228824
12706, 2017-03-13 10:00:00, 0.022817
12707, 2017-03-13 11:00:00, 0.0227517
12708, 2017-03-13 12:00:00, 0.0226867
12709, 2017-03-13 13:00:00, 0.0226218
12710, 2017-03-13 14:00:00, 0.0225572
12711, 2017-03-13 15:00:00, 0.0224927
12712, 2017-03-13 16:00:00, 0.0224285
12713, 2017-03-13 17:00:00, 0.0223644
12714, 2017-03-13 18:00:00, 0.0223006
12715, 2017-03-13 19:00:00, 0.0222369
12716, 2017-03-13 20:00:00, 0.0221735
12717, 2017-03-13 21:00:00, 0.0221102
12718, 2017-03-13 22:00:00, 0.0220472
12719, 2017-03-13 23:00:00, 0.0219843
12720, 2017-03-14 00:00:00, 0.0219216
12721, 2017-03-14 01:00:00, 0.0218591
12722, 2017-03-14 02:00:00, 0.0217969
12723, 2017-03-14 03:00:00, 0.0217348
12724, 2017-03-14 04:00:00, 0.0216729
12725, 2017-03-14 05:00:00, 0.0216111
12726, 2017-03-14 06:00:00, 0.0215496
12727, 2017-03-14 07:00:00, 0.0214883
12728, 2017-03-14 08:00:00, 0.0214271
12729, 2017-03-14 09:00:00, 0.0213662
12730, 2017-03-14 10:00:00, 0.0213054
12731, 2017-03-14 11:00:00, 0.0212448
12732, 2017-03-14 12:00:00, 0.0211844
12733, 2017-03-14 13:00:00, 0.0211242
12734, 2017-03-14 14:00:00, 0.0210642
12735, 2017-03-14 15:00:00, 0.0210043
12736, 2017-03-14 16:00:00, 0.0209447
12737, 2017-03-14 17:00:00, 0.0208852
12738, 2017-03-14 18:00:00, 0.0208259
12739, 2017-03-14 19:00:00, 0.0207668
12740, 2017-03-14 20:00:00, 0.0207078
12741, 2017-03-14 21:00:00, 0.0206491
12742, 2017-03-14 22:00:00, 0.0205905
12743, 2017-03-14 23:00:00, 0.0205321
12744, 2017-03-15 00:00:00, 0.0204739
12745, 2017-03-15 01:00:00, 0.0204159
12746, 2017-03-15 02:00:00, 0.020358
12747, 2017-03-15 03:00:00, 0.0203003
12748, 2017-03-15 04:00:00, 0.0202428
12749, 2017-03-15 05:00:00, 0.0201855
12750, 2017-03-15 06:00:00, 0.0201283
12751, 2017-03-15 07:00:00, 0.0200713
12752, 2017-03-15 08:00:00, 0.0200145
12753, 2017-03-15 09:00:00, 0.0199579
12754, 2017-03-15 10:00:00, 0.0199014
12755, 2017-03-15 11:00:00, 0.0198451
12756, 2017-03-15 12:00:00, 0.019789
12757, 2017-03-15 13:00:00, 0.019733
12758, 2017-03-15 14:00:00, 0.0196772
12759, 2017-03-15 15:00:00, 0.0196216
12760, 2017-03-15 16:00:00, 0.0195662
12761, 2017-03-15 17:00:00, 0.0195109
12762, 2017-03-15 18:00:00, 0.0194558
12763, 2017-03-15 19:00:00, 0.0194008
12764, 2017-03-15 20:00:00, 0.0193461
12765, 2017-03-15 21:00:00, 0.0192915
12766, 2017-03-15 22:00:00, 0.019237
12767, 2017-03-15 23:00:00, 0.0191827
12768, 2017-03-16 00:00:00, 0.0191286
12769, 2017-03-16 01:00:00, 0.0190747
12770, 2017-03-16 02:00:00, 0.0190209
12771, 2017-03-16 03:00:00, 0.0189672
12772, 2017-03-16 04:00:00, 0.0189138
12773, 2017-03-16 05:00:00, 0.0188605
12774, 2017-03-16 06:00:00, 0.0188073
12775, 2017-03-16 07:00:00, 0.0187543
12776, 2017-03-16 08:00:00, 0.0187015
12777, 2017-03-16 09:00:00, 0.0186489
12778, 2017-03-16 10:00:00, 0.0185964
12779, 2017-03-16 11:00:00, 0.018544
12780, 2017-03-16 12:00:00, 0.0184918
12781, 2017-03-16 13:00:00, 0.0184398
12782, 2017-03-16 14:00:00, 0.0183879
12783, 2017-03-16 15:00:00, 0.0183362
12784, 2017-03-16 16:00:00, 0.0182846
12785, 2017-03-16 17:00:00, 0.0182332
12786, 2017-03-16 18:00:00, 0.018182
12787, 2017-03-16 19:00:00, 0.0181309
12788, 2017-03-16 20:00:00, 0.0180799
12789, 2017-03-16 21:00:00, 0.0180291
12790, 2017-03-16 22:00:00, 0.0179785
12791, 2017-03-16 23:00:00, 0.017928
12792, 2017-03-17 00:00:00, 0.0178777
12793, 2017-03-17 01:00:00, 0.0178275
12794, 2017-03-17 02:00:00, 0.0177774
12795, 2017-03-17 03:00:00, 0.0177275
12796, 2017-03-17 04:00:00, 0.0176778
12797, 2017-03-17 05:00:00, 0.0176282
12798, 2017-03-17 06:00:00, 0.0175788
12799, 2017-03-17 07:00:00, 0.0175295
12800, 2017-03-17 08:00:00, 0.0174803
12801, 2017-03-17 09:00:00, 0.0174313
12802, 2017-03-17 10:00:00, 0.0173825
12803, 2017-03-17 11:00:00, 0.0173338
12804, 2017-03-17 12:00:00, 0.0172852
12805, 2017-03-17 13:00:00, 0.0172368
12806, 2017-03-17 14:00:00, 0.0171885
12807, 2017-03-17 15:00:00, 0.0171404
12808, 2017-03-17 16:00:00, 0.0170924
12809, 2017-03-17 17:00:00, 0.0170446
12810, 2017-03-17 18:00:00, 0.0172417
12811, 2017-03-17 19:00:00, 0.0189151
12812, 2017-03-17 20:00:00, 0.0224995
12813, 2017-03-17 21:00:00, 0.0215791
12814, 2017-03-17 22:00:00, 0.0208391
12815, 2017-03-17 23:00:00, 0.0191701
12816, 2017-03-18 00:00:00, 0.0184711
12817, 2017-03-18 01:00:00, 0.0179322
12818, 2017-03-18 02:00:00, 0.0175345
12819, 2017-03-18 03:00:00, 0.0172332
12820, 2017-03-18 04:00:00, 0.0170003
12821, 2017-03-18 05:00:00, 0.0168168
12822, 2017-03-18 06:00:00, 0.0166704
12823, 2017-03-18 07:00:00, 0.0165507
12824, 2017-03-18 08:00:00, 0.016451
12825, 2017-03-18 09:00:00, 0.0163657
12826, 2017-03-18 10:00:00, 0.0162918
12827, 2017-03-18 11:00:00, 0.0162275
12828, 2017-03-18 12:00:00, 0.0161717
12829, 2017-03-18 13:00:00, 0.0161216
12830, 2017-03-18 14:00:00, 0.0160739
12831, 2017-03-18 15:00:00, 0.0160304
12832, 2017-03-18 16:00:00, 0.0163655
12833, 2017-03-18 17:00:00, 0.0205705
12834, 2017-03-18 18:00:00, 0.162231
12835, 2017-03-18 19:00:00, 0.194157
12836, 2017-03-18 20:00:00, 0.196373
12837, 2017-03-18 21:00:00, 0.0962757
12838, 2017-03-18 22:00:00, 0.0954807
12839, 2017-03-18 23:00:00, 0.0990532
12840, 2017-03-19 00:00:00, 0.115563
12841, 2017-03-19 01:00:00, 0.122025
12842, 2017-03-19 02:00:00, 0.12183
12843, 2017-03-19 03:00:00, 0.117462
12844, 2017-03-19 04:00:00, 0.110661
12845, 2017-03-19 05:00:00, 0.102626
12846, 2017-03-19 06:00:00, 0.0941608
12847, 2017-03-19 07:00:00, 0.0857891
12848, 2017-03-19 08:00:00, 0.0778352
12849, 2017-03-19 09:00:00, 0.0704844
12850, 2017-03-19 10:00:00, 0.063827
12851, 2017-03-19 11:00:00, 0.0578896
12852, 2017-03-19 12:00:00, 0.0526578
12853, 2017-03-19 13:00:00, 0.0480921
12854, 2017-03-19 14:00:00, 0.0441388
12855, 2017-03-19 15:00:00, 0.0435354
12856, 2017-03-19 16:00:00, 0.0454075
12857, 2017-03-19 17:00:00, 0.0525713
12858, 2017-03-19 18:00:00, 0.0742101
12859, 2017-03-19 19:00:00, 0.0853896
12860, 2017-03-19 20:00:00, 0.0903512
12861, 2017-03-19 21:00:00, 0.0907447
12862, 2017-03-19 22:00:00, 0.0882521
12863, 2017-03-19 23:00:00, 0.0840532
12864, 2017-03-20 00:00:00, 0.0789622
12865, 2017-03-20 01:00:00, 0.0735282
12866, 2017-03-20 02:00:00, 0.0681105
12867, 2017-03-20 03:00:00, 0.0629341
12868, 2017-03-20 04:00:00, 0.0581295
12869, 2017-03-20 05:00:00, 0.0537625
12870, 2017-03-20 06:00:00, 0.0498555
12871, 2017-03-20 07:00:00, 0.0464027
12872, 2017-03-20 08:00:00, 0.0433808
12873, 2017-03-20 09:00:00, 0.0407565
12874, 2017-03-20 10:00:00, 0.0384919
12875, 2017-03-20 11:00:00, 0.0365476
12876, 2017-03-20 12:00:00, 0.0348848
12877, 2017-03-20 13:00:00, 0.0334674
12878, 2017-03-20 14:00:00, 0.0322619
12879, 2017-03-20 15:00:00, 0.0312382
12880, 2017-03-20 16:00:00, 0.0303696
12881, 2017-03-20 17:00:00, 0.0296325
12882, 2017-03-20 18:00:00, 0.0290066
12883, 2017-03-20 19:00:00, 0.0284743
12884, 2017-03-20 20:00:00, 0.0280205
12885, 2017-03-20 21:00:00, 0.0276323
12886, 2017-03-20 22:00:00, 0.027299
12887, 2017-03-20 23:00:00, 0.0270112
12888, 2017-03-21 00:00:00, 0.0267612
12889, 2017-03-21 01:00:00, 0.0265427
12890, 2017-03-21 02:00:00, 0.0263501
12891, 2017-03-21 03:00:00, 0.026179
12892, 2017-03-21 04:00:00, 0.0260257
12893, 2017-03-21 05:00:00, 0.0258869
12894, 2017-03-21 06:00:00, 0.0257603
12895, 2017-03-21 07:00:00, 0.0256435
12896, 2017-03-21 08:00:00, 0.0255349
12897, 2017-03-21 09:00:00, 0.025433
12898, 2017-03-21 10:00:00, 0.0253367
12899, 2017-03-21 11:00:00, 0.025245
12900, 2017-03-21 12:00:00, 0.025157
12901, 2017-03-21 13:00:00, 0.0250721
12902, 2017-03-21 14:00:00, 0.0249898
12903, 2017-03-21 15:00:00, 0.0249097
12904, 2017-03-21 16:00:00, 0.0248313
12905, 2017-03-21 17:00:00, 0.0247545
12906, 2017-03-21 18:00:00, 0.0246789
12907, 2017-03-21 19:00:00, 0.0246043
12908, 2017-03-21 20:00:00, 0.0245307
12909, 2017-03-21 21:00:00, 0.0244578
12910, 2017-03-21 22:00:00, 0.0243856
12911, 2017-03-21 23:00:00, 0.0243139
12912, 2017-03-22 00:00:00, 0.0242428
12913, 2017-03-22 01:00:00, 0.0241721
12914, 2017-03-22 02:00:00, 0.0241019
12915, 2017-03-22 03:00:00, 0.024032
12916, 2017-03-22 04:00:00, 0.0239624
12917, 2017-03-22 05:00:00, 0.0238932
12918, 2017-03-22 06:00:00, 0.0238243
12919, 2017-03-22 07:00:00, 0.0237556
12920, 2017-03-22 08:00:00, 0.0236872
12921, 2017-03-22 09:00:00, 0.0236191
12922, 2017-03-22 10:00:00, 0.0235512
12923, 2017-03-22 11:00:00, 0.0234836
12924, 2017-03-22 12:00:00, 0.0234161
12925, 2017-03-22 13:00:00, 0.023349
12926, 2017-03-22 14:00:00, 0.023282
12927, 2017-03-22 15:00:00, 0.0232153
12928, 2017-03-22 16:00:00, 0.0231487
12929, 2017-03-22 17:00:00, 0.0230824
12930, 2017-03-22 18:00:00, 0.0230163
12931, 2017-03-22 19:00:00, 0.0229504
12932, 2017-03-22 20:00:00, 0.0228847
12933, 2017-03-22 21:00:00, 0.0228193
12934, 2017-03-22 22:00:00, 0.022754
12935, 2017-03-22 23:00:00, 0.0226889
12936, 2017-03-23 00:00:00, 0.0226241
12937, 2017-03-23 01:00:00, 0.0225594
12938, 2017-03-23 02:00:00, 0.022495
12939, 2017-03-23 03:00:00, 0.0224307
12940, 2017-03-23 04:00:00, 0.0223667
12941, 2017-03-23 05:00:00, 0.0223028
12942, 2017-03-23 06:00:00, 0.0222391
12943, 2017-03-23 07:00:00, 0.0221757
12944, 2017-03-23 08:00:00, 0.0221124
12945, 2017-03-23 09:00:00, 0.0220493
12946, 2017-03-23 10:00:00, 0.0219865
12947, 2017-03-23 11:00:00, 0.0219238
12948, 2017-03-23 12:00:00, 0.0218613
12949, 2017-03-23 13:00:00, 0.021799
12950, 2017-03-23 14:00:00, 0.0217369
12951, 2017-03-23 15:00:00, 0.021675
12952, 2017-03-23 16:00:00, 0.0216133
12953, 2017-03-23 17:00:00, 0.0215517
12954, 2017-03-23 18:00:00, 0.0214904
12955, 2017-03-23 19:00:00, 0.0214292
12956, 2017-03-23 20:00:00, 0.0213683
12957, 2017-03-23 21:00:00, 0.0213075
12958, 2017-03-23 22:00:00, 0.0212469
12959, 2017-03-23 23:00:00, 0.0211865
12960, 2017-03-24 00:00:00, 0.0211263
12961, 2017-03-24 01:00:00, 0.0210662
12962, 2017-03-24 02:00:00, 0.0210064
12963, 2017-03-24 03:00:00, 0.0209467
12964, 2017-03-24 04:00:00, 0.0208872
12965, 2017-03-24 05:00:00, 0.0208279
12966, 2017-03-24 06:00:00, 0.0207688
12967, 2017-03-24 07:00:00, 0.0207099
12968, 2017-03-24 08:00:00, 0.0206511
12969, 2017-03-24 09:00:00, 0.0205925
12970, 2017-03-24 10:00:00, 0.0205341
12971, 2017-03-24 11:00:00, 0.0204759
12972, 2017-03-24 12:00:00, 0.0204179
12973, 2017-03-24 13:00:00, 0.02036
12974, 2017-03-24 14:00:00, 0.0203023
12975, 2017-03-24 15:00:00, 0.0202448
12976, 2017-03-24 16:00:00, 0.0201874
12977, 2017-03-24 17:00:00, 0.0201303
12978, 2017-03-24 18:00:00, 0.0200733
12979, 2017-03-24 19:00:00, 0.0200377
12980, 2017-03-24 20:00:00, 0.0199695
12981, 2017-03-24 21:00:00, 0.0199116
12982, 2017-03-24 22:00:00, 0.0198473
12983, 2017-03-24 23:00:00, 0.0197911
12984, 2017-03-25 00:00:00, 0.019735
12985, 2017-03-25 01:00:00, 0.0196792
12986, 2017-03-25 02:00:00, 0.0196235
12987, 2017-03-25 03:00:00, 0.0195681
12988, 2017-03-25 04:00:00, 0.0195128
12989, 2017-03-25 05:00:00, 0.0194577
12990, 2017-03-25 06:00:00, 0.0194027
12991, 2017-03-25 07:00:00, 0.019348
12992, 2017-03-25 08:00:00, 0.0192933
12993, 2017-03-25 09:00:00, 0.0192389
12994, 2017-03-25 10:00:00, 0.0191846
12995, 2017-03-25 11:00:00, 0.0191305
12996, 2017-03-25 12:00:00, 0.0190765
12997, 2017-03-25 13:00:00, 0.0190227
12998, 2017-03-25 14:00:00, 0.0189691
12999, 2017-03-25 15:00:00, 0.0189156
13000, 2017-03-25 16:00:00, 0.0188623
13001, 2017-03-25 17:00:00, 0.0188092
13002, 2017-03-25 18:00:00, 0.0187562
13003, 2017-03-25 19:00:00, 0.0187033
13004, 2017-03-25 20:00:00, 0.0186507
13005, 2017-03-25 21:00:00, 0.0192782
13006, 2017-03-25 22:00:00, 0.0188549
13007, 2017-03-25 23:00:00, 0.0187409
13008, 2017-03-26 00:00:00, 0.0184416
13009, 2017-03-26 01:00:00, 0.0183897
13010, 2017-03-26 02:00:00, 0.018338
13011, 2017-03-26 03:00:00, 0.0182864
13012, 2017-03-26 04:00:00, 0.018235
13013, 2017-03-26 05:00:00, 0.0181837
13014, 2017-03-26 06:00:00, 0.0181326
13015, 2017-03-26 07:00:00, 0.0180817
13016, 2017-03-26 08:00:00, 0.0180309
13017, 2017-03-26 09:00:00, 0.0179802
13018, 2017-03-26 10:00:00, 0.0179297
13019, 2017-03-26 11:00:00, 0.0178794
13020, 2017-03-26 12:00:00, 0.0178292
13021, 2017-03-26 13:00:00, 0.0177792
13022, 2017-03-26 14:00:00, 0.0177293
13023, 2017-03-26 15:00:00, 0.0176795
13024, 2017-03-26 16:00:00, 0.0176299
13025, 2017-03-26 17:00:00, 0.0175805
13026, 2017-03-26 18:00:00, 0.0175558
13027, 2017-03-26 19:00:00, 0.0174932
13028, 2017-03-26 20:00:00, 0.017442
13029, 2017-03-26 21:00:00, 0.0173842
13030, 2017-03-26 22:00:00, 0.0173355
13031, 2017-03-26 23:00:00, 0.0172869
13032, 2017-03-27 00:00:00, 0.0173291
13033, 2017-03-27 01:00:00, 0.0172314
13034, 2017-03-27 02:00:00, 0.017175
13035, 2017-03-27 03:00:00, 0.0170941
13036, 2017-03-27 04:00:00, 0.0170462
13037, 2017-03-27 05:00:00, 0.0169985
13038, 2017-03-27 06:00:00, 0.016951
13039, 2017-03-27 07:00:00, 0.0169036
13040, 2017-03-27 08:00:00, 0.0168563
13041, 2017-03-27 09:00:00, 0.0168091
13042, 2017-03-27 10:00:00, 0.0167709
13043, 2017-03-27 11:00:00, 0.0167193
13044, 2017-03-27 12:00:00, 0.0167585
13045, 2017-03-27 13:00:00, 0.0166614
13046, 2017-03-27 14:00:00, 0.0167413
13047, 2017-03-27 15:00:00, 0.132942
13048, 2017-03-27 16:00:00, 0.223566
13049, 2017-03-27 17:00:00, 0.158575
13050, 2017-03-27 18:00:00, 0.173945
13051, 2017-03-27 19:00:00, 0.21304
13052, 2017-03-27 20:00:00, 0.275108
13053, 2017-03-27 21:00:00, 0.309943
13054, 2017-03-27 22:00:00, 0.320464
13055, 2017-03-27 23:00:00, 0.314985
13056, 2017-03-28 00:00:00, 0.29969
13057, 2017-03-28 01:00:00, 0.278894
13058, 2017-03-28 02:00:00, 0.25554
13059, 2017-03-28 03:00:00, 0.231586
13060, 2017-03-28 04:00:00, 0.208287
13061, 2017-03-28 05:00:00, 0.186401
13062, 2017-03-28 06:00:00, 0.166342
13063, 2017-03-28 07:00:00, 0.148292
13064, 2017-03-28 08:00:00, 0.132277
13065, 2017-03-28 09:00:00, 0.118227
13066, 2017-03-28 10:00:00, 0.106011
13067, 2017-03-28 11:00:00, 0.0954693
13068, 2017-03-28 12:00:00, 0.0864283
13069, 2017-03-28 13:00:00, 0.0787147
13070, 2017-03-28 14:00:00, 0.0721622
13071, 2017-03-28 15:00:00, 0.0666164
13072, 2017-03-28 16:00:00, 0.0619368
13073, 2017-03-28 17:00:00, 0.057998
13074, 2017-03-28 18:00:00, 0.054689
13075, 2017-03-28 19:00:00, 0.052323
13076, 2017-03-28 20:00:00, 0.0668303
13077, 2017-03-28 21:00:00, 0.0682771
13078, 2017-03-28 22:00:00, 0.101434
13079, 2017-03-28 23:00:00, 0.147398
13080, 2017-03-29 00:00:00, 0.177062
13081, 2017-03-29 01:00:00, 0.214099
13082, 2017-03-29 02:00:00, 0.263713
13083, 2017-03-29 03:00:00, 0.312782
13084, 2017-03-29 04:00:00, 0.388652
13085, 2017-03-29 05:00:00, 0.466923
13086, 2017-03-29 06:00:00, 0.538471
13087, 2017-03-29 07:00:00, 0.58872
13088, 2017-03-29 08:00:00, 0.612358
13089, 2017-03-29 09:00:00, 0.605806
13090, 2017-03-29 10:00:00, 0.579876
13091, 2017-03-29 11:00:00, 0.54272
13092, 2017-03-29 12:00:00, 0.500114
13093, 2017-03-29 13:00:00, 0.455916
13094, 2017-03-29 14:00:00, 0.412615
13095, 2017-03-29 15:00:00, 0.371735
13096, 2017-03-29 16:00:00, 0.334126
13097, 2017-03-29 17:00:00, 0.300181
13098, 2017-03-29 18:00:00, 0.269988
13099, 2017-03-29 19:00:00, 0.243439
13100, 2017-03-29 20:00:00, 0.22031
13101, 2017-03-29 21:00:00, 0.200311
13102, 2017-03-29 22:00:00, 0.183127
13103, 2017-03-29 23:00:00, 0.168437
13104, 2017-03-30 00:00:00, 0.155933
13105, 2017-03-30 01:00:00, 0.145326
13106, 2017-03-30 02:00:00, 0.136354
13107, 2017-03-30 03:00:00, 0.128781
13108, 2017-03-30 04:00:00, 0.122399
13109, 2017-03-30 05:00:00, 0.117027
13110, 2017-03-30 06:00:00, 0.112505
13111, 2017-03-30 07:00:00, 0.1087
13112, 2017-03-30 08:00:00, 0.105494
13113, 2017-03-30 09:00:00, 0.102788
13114, 2017-03-30 10:00:00, 0.100501
13115, 2017-03-30 11:00:00, 0.0985601
13116, 2017-03-30 12:00:00, 0.0969075
13117, 2017-03-30 13:00:00, 0.0954933
13118, 2017-03-30 14:00:00, 0.0942764
13119, 2017-03-30 15:00:00, 0.0932224
13120, 2017-03-30 16:00:00, 0.0923027
13121, 2017-03-30 17:00:00, 0.0914937
13122, 2017-03-30 18:00:00, 0.0907758
13123, 2017-03-30 19:00:00, 0.0901328
13124, 2017-03-30 20:00:00, 0.0895515
13125, 2017-03-30 21:00:00, 0.0890208
13126, 2017-03-30 22:00:00, 0.0885318
13127, 2017-03-30 23:00:00, 0.0880771
13128, 2017-03-31 00:00:00, 0.0876506
13129, 2017-03-31 01:00:00, 0.0872473
13130, 2017-03-31 02:00:00, 0.0868632
13131, 2017-03-31 03:00:00, 0.086495
13132, 2017-03-31 04:00:00, 0.0861461
13133, 2017-03-31 05:00:00, 0.0858705
13134, 2017-03-31 06:00:00, 0.0854956
13135, 2017-03-31 07:00:00, 0.0863767
13136, 2017-03-31 08:00:00, 0.0854255
13137, 2017-03-31 09:00:00, 0.0850238
13138, 2017-03-31 10:00:00, 0.0842343
13139, 2017-03-31 11:00:00, 0.0841021
13140, 2017-03-31 12:00:00, 0.0844263
13141, 2017-03-31 13:00:00, 0.0837447
13142, 2017-03-31 14:00:00, 0.0838637
13143, 2017-03-31 15:00:00, 0.0840722
13144, 2017-03-31 16:00:00, 0.0888007
13145, 2017-03-31 17:00:00, 0.087843
13146, 2017-03-31 18:00:00, 0.085133
13147, 2017-03-31 19:00:00, 0.0831302
13148, 2017-03-31 20:00:00, 0.0848857
13149, 2017-03-31 21:00:00, 0.0877292
13150, 2017-03-31 22:00:00, 0.0884793
13151, 2017-03-31 23:00:00, 0.102246
13152, 2017-04-01 00:00:00, 0.118629
13153, 2017-04-01 01:00:00, 0.136205
13154, 2017-04-01 02:00:00, 0.145391
13155, 2017-04-01 03:00:00, 0.148606
13156, 2017-04-01 04:00:00, 0.147812
13157, 2017-04-01 05:00:00, 0.144525
13158, 2017-04-01 06:00:00, 0.139803
13159, 2017-04-01 07:00:00, 0.134373
13160, 2017-04-01 08:00:00, 0.128721
13161, 2017-04-01 09:00:00, 0.123161
13162, 2017-04-01 10:00:00, 0.117888
13163, 2017-04-01 11:00:00, 0.113009
13164, 2017-04-01 12:00:00, 0.108578
13165, 2017-04-01 13:00:00, 0.104606
13166, 2017-04-01 14:00:00, 0.101082
13167, 2017-04-01 15:00:00, 0.0979786
13168, 2017-04-01 16:00:00, 0.0976002
13169, 2017-04-01 17:00:00, 0.101041
13170, 2017-04-01 18:00:00, 0.117975
13171, 2017-04-01 19:00:00, 0.150943
13172, 2017-04-01 20:00:00, 0.204871
13173, 2017-04-01 21:00:00, 0.298994
13174, 2017-04-01 22:00:00, 0.361393
13175, 2017-04-01 23:00:00, 0.46784
13176, 2017-04-02 00:00:00, 0.546013
13177, 2017-04-02 01:00:00, 0.616303
13178, 2017-04-02 02:00:00, 0.666723
13179, 2017-04-02 03:00:00, 0.69929
13180, 2017-04-02 04:00:00, 0.720998
13181, 2017-04-02 05:00:00, 0.727005
13182, 2017-04-02 06:00:00, 0.722408
13183, 2017-04-02 07:00:00, 0.710095
13184, 2017-04-02 08:00:00, 0.692119
13185, 2017-04-02 09:00:00, 0.670092
13186, 2017-04-02 10:00:00, 0.645463
13187, 2017-04-02 11:00:00, 0.619363
13188, 2017-04-02 12:00:00, 0.593877
13189, 2017-04-02 13:00:00, 0.572021
13190, 2017-04-02 14:00:00, 0.589379
13191, 2017-04-02 15:00:00, 0.759114
13192, 2017-04-02 16:00:00, 1.12428
13193, 2017-04-02 17:00:00, 1.08435
13194, 2017-04-02 18:00:00, 1.59916
13195, 2017-04-02 19:00:00, 1.52024
13196, 2017-04-02 20:00:00, 1.73798
13197, 2017-04-02 21:00:00, 1.75194
13198, 2017-04-02 22:00:00, 1.75121
13199, 2017-04-02 23:00:00, 1.69116
13200, 2017-04-03 00:00:00, 1.59637
13201, 2017-04-03 01:00:00, 1.48379
13202, 2017-04-03 02:00:00, 1.36481
13203, 2017-04-03 03:00:00, 1.24686
13204, 2017-04-03 04:00:00, 1.13456
13205, 2017-04-03 05:00:00, 1.03055
13206, 2017-04-03 06:00:00, 0.936147
13207, 2017-04-03 07:00:00, 0.851753
13208, 2017-04-03 08:00:00, 0.77719
13209, 2017-04-03 09:00:00, 0.711923
13210, 2017-04-03 10:00:00, 0.655213
13211, 2017-04-03 11:00:00, 0.606231
13212, 2017-04-03 12:00:00, 0.564121
13213, 2017-04-03 13:00:00, 0.52805
13214, 2017-04-03 14:00:00, 0.497236
13215, 2017-04-03 15:00:00, 0.470961
13216, 2017-04-03 16:00:00, 0.44858
13217, 2017-04-03 17:00:00, 0.429522
13218, 2017-04-03 18:00:00, 0.413282
13219, 2017-04-03 19:00:00, 0.399427
13220, 2017-04-03 20:00:00, 0.387579
13221, 2017-04-03 21:00:00, 0.377418
13222, 2017-04-03 22:00:00, 0.36867
13223, 2017-04-03 23:00:00, 0.361101
13224, 2017-04-04 00:00:00, 0.354517
13225, 2017-04-04 01:00:00, 0.348753
13226, 2017-04-04 02:00:00, 0.34367
13227, 2017-04-04 03:00:00, 0.339154
13228, 2017-04-04 04:00:00, 0.335108
13229, 2017-04-04 05:00:00, 0.331565
13230, 2017-04-04 06:00:00, 0.329708
13231, 2017-04-04 07:00:00, 0.348284
13232, 2017-04-04 08:00:00, 0.356039
13233, 2017-04-04 09:00:00, 0.373795
13234, 2017-04-04 10:00:00, 0.3845
13235, 2017-04-04 11:00:00, 0.610482
13236, 2017-04-04 12:00:00, 0.66527
13237, 2017-04-04 13:00:00, 0.904451
13238, 2017-04-04 14:00:00, 1.0391
13239, 2017-04-04 15:00:00, 1.20599
13240, 2017-04-04 16:00:00, 1.3171
13241, 2017-04-04 17:00:00, 1.39185
13242, 2017-04-04 18:00:00, 1.40289
13243, 2017-04-04 19:00:00, 1.38659
13244, 2017-04-04 20:00:00, 1.35259
13245, 2017-04-04 21:00:00, 1.30159
13246, 2017-04-04 22:00:00, 1.23897
13247, 2017-04-04 23:00:00, 1.18644
13248, 2017-04-05 00:00:00, 1.12274
13249, 2017-04-05 01:00:00, 1.05512
13250, 2017-04-05 02:00:00, 1.00035
13251, 2017-04-05 03:00:00, 0.933816
13252, 2017-04-05 04:00:00, 0.892788
13253, 2017-04-05 05:00:00, 0.849631
13254, 2017-04-05 06:00:00, 0.805803
13255, 2017-04-05 07:00:00, 0.765528
13256, 2017-04-05 08:00:00, 0.726892
13257, 2017-04-05 09:00:00, 0.690827
13258, 2017-04-05 10:00:00, 0.65778
13259, 2017-04-05 11:00:00, 0.627914
13260, 2017-04-05 12:00:00, 0.601191
13261, 2017-04-05 13:00:00, 0.577458
13262, 2017-04-05 14:00:00, 0.556487
13263, 2017-04-05 15:00:00, 0.538019
13264, 2017-04-05 16:00:00, 0.521785
13265, 2017-04-05 17:00:00, 0.507521
13266, 2017-04-05 18:00:00, 0.494978
13267, 2017-04-05 19:00:00, 0.483927
13268, 2017-04-05 20:00:00, 0.47416
13269, 2017-04-05 21:00:00, 0.465494
13270, 2017-04-05 22:00:00, 0.457768
13271, 2017-04-05 23:00:00, 0.450841
13272, 2017-04-06 00:00:00, 0.444591
13273, 2017-04-06 01:00:00, 0.438914
13274, 2017-04-06 02:00:00, 0.433723
13275, 2017-04-06 03:00:00, 0.428942
13276, 2017-04-06 04:00:00, 0.424506
13277, 2017-04-06 05:00:00, 0.420363
13278, 2017-04-06 06:00:00, 0.416467
13279, 2017-04-06 07:00:00, 0.412782
13280, 2017-04-06 08:00:00, 0.409274
13281, 2017-04-06 09:00:00, 0.405919
13282, 2017-04-06 10:00:00, 0.402694
13283, 2017-04-06 11:00:00, 0.400405
13284, 2017-04-06 12:00:00, 0.396939
13285, 2017-04-06 13:00:00, 0.521072
13286, 2017-04-06 14:00:00, 0.560633
13287, 2017-04-06 15:00:00, 0.647367
13288, 2017-04-06 16:00:00, 0.758764
13289, 2017-04-06 17:00:00, 0.971815
13290, 2017-04-06 18:00:00, 1.22227
13291, 2017-04-06 19:00:00, 1.30437
13292, 2017-04-06 20:00:00, 1.46611
13293, 2017-04-06 21:00:00, 1.53153
13294, 2017-04-06 22:00:00, 1.55958
13295, 2017-04-06 23:00:00, 2.67835
13296, 2017-04-07 00:00:00, 2.25568
13297, 2017-04-07 01:00:00, 2.45778
13298, 2017-04-07 02:00:00, 2.35498
13299, 2017-04-07 03:00:00, 2.44892
13300, 2017-04-07 04:00:00, 2.45397
13301, 2017-04-07 05:00:00, 2.39058
13302, 2017-04-07 06:00:00, 2.28416
13303, 2017-04-07 07:00:00, 2.15516
13304, 2017-04-07 08:00:00, 2.01509
13305, 2017-04-07 09:00:00, 1.87375
13306, 2017-04-07 10:00:00, 1.73737
13307, 2017-04-07 11:00:00, 1.60963
13308, 2017-04-07 12:00:00, 1.49249
13309, 2017-04-07 13:00:00, 1.38672
13310, 2017-04-07 14:00:00, 1.29232
13311, 2017-04-07 15:00:00, 1.2088
13312, 2017-04-07 16:00:00, 1.13539
13313, 2017-04-07 17:00:00, 1.07118
13314, 2017-04-07 18:00:00, 1.01521
13315, 2017-04-07 19:00:00, 0.966513
13316, 2017-04-07 20:00:00, 0.924185
13317, 2017-04-07 21:00:00, 0.887411
13318, 2017-04-07 22:00:00, 0.855384
13319, 2017-04-07 23:00:00, 0.827422
13320, 2017-04-08 00:00:00, 0.802949
13321, 2017-04-08 01:00:00, 0.78145
13322, 2017-04-08 02:00:00, 0.762476
13323, 2017-04-08 03:00:00, 0.745633
13324, 2017-04-08 04:00:00, 0.73059
13325, 2017-04-08 05:00:00, 0.717067
13326, 2017-04-08 06:00:00, 0.704824
13327, 2017-04-08 07:00:00, 0.693663
13328, 2017-04-08 08:00:00, 0.683413
13329, 2017-04-08 09:00:00, 0.673935
13330, 2017-04-08 10:00:00, 0.665109
13331, 2017-04-08 11:00:00, 0.656838
13332, 2017-04-08 12:00:00, 0.649038
13333, 2017-04-08 13:00:00, 0.641642
13334, 2017-04-08 14:00:00, 0.634592
13335, 2017-04-08 15:00:00, 0.627842
13336, 2017-04-08 16:00:00, 0.621352
13337, 2017-04-08 17:00:00, 0.615089
13338, 2017-04-08 18:00:00, 0.609027
13339, 2017-04-08 19:00:00, 0.603141
13340, 2017-04-08 20:00:00, 0.597415
13341, 2017-04-08 21:00:00, 0.591832
13342, 2017-04-08 22:00:00, 0.586379
13343, 2017-04-08 23:00:00, 0.581045
13344, 2017-04-09 00:00:00, 0.575821
13345, 2017-04-09 01:00:00, 0.570698
13346, 2017-04-09 02:00:00, 0.565671
13347, 2017-04-09 03:00:00, 0.560734
13348, 2017-04-09 04:00:00, 0.555881
13349, 2017-04-09 05:00:00, 0.551109
13350, 2017-04-09 06:00:00, 0.546414
13351, 2017-04-09 07:00:00, 0.541793
13352, 2017-04-09 08:00:00, 0.537242
13353, 2017-04-09 09:00:00, 0.53276
13354, 2017-04-09 10:00:00, 0.528344
13355, 2017-04-09 11:00:00, 0.523992
13356, 2017-04-09 12:00:00, 0.519703
13357, 2017-04-09 13:00:00, 0.515473
13358, 2017-04-09 14:00:00, 0.511303
13359, 2017-04-09 15:00:00, 0.507191
13360, 2017-04-09 16:00:00, 0.503134
13361, 2017-04-09 17:00:00, 0.499132
13362, 2017-04-09 18:00:00, 0.495184
13363, 2017-04-09 19:00:00, 0.491288
13364, 2017-04-09 20:00:00, 0.487444
13365, 2017-04-09 21:00:00, 0.48365
13366, 2017-04-09 22:00:00, 0.479904
13367, 2017-04-09 23:00:00, 0.476208
13368, 2017-04-10 00:00:00, 0.472558
13369, 2017-04-10 01:00:00, 0.468955
13370, 2017-04-10 02:00:00, 0.465397
13371, 2017-04-10 03:00:00, 0.461884
13372, 2017-04-10 04:00:00, 0.458414
13373, 2017-04-10 05:00:00, 0.454987
13374, 2017-04-10 06:00:00, 0.451603
13375, 2017-04-10 07:00:00, 0.44826
13376, 2017-04-10 08:00:00, 0.444958
13377, 2017-04-10 09:00:00, 0.441695
13378, 2017-04-10 10:00:00, 0.438472
13379, 2017-04-10 11:00:00, 0.435287
13380, 2017-04-10 12:00:00, 0.43214
13381, 2017-04-10 13:00:00, 0.42903
13382, 2017-04-10 14:00:00, 0.425956
13383, 2017-04-10 15:00:00, 0.422919
13384, 2017-04-10 16:00:00, 0.419916
13385, 2017-04-10 17:00:00, 0.416948
13386, 2017-04-10 18:00:00, 0.414015
13387, 2017-04-10 19:00:00, 0.411115
13388, 2017-04-10 20:00:00, 0.408247
13389, 2017-04-10 21:00:00, 0.405413
13390, 2017-04-10 22:00:00, 0.40261
13391, 2017-04-10 23:00:00, 0.399838
13392, 2017-04-11 00:00:00, 0.397097
13393, 2017-04-11 01:00:00, 0.394386
13394, 2017-04-11 02:00:00, 0.391706
13395, 2017-04-11 03:00:00, 0.389054
13396, 2017-04-11 04:00:00, 0.386432
13397, 2017-04-11 05:00:00, 0.383837
13398, 2017-04-11 06:00:00, 0.381271
13399, 2017-04-11 07:00:00, 0.378732
13400, 2017-04-11 08:00:00, 0.376221
13401, 2017-04-11 09:00:00, 0.373736
13402, 2017-04-11 10:00:00, 0.371277
13403, 2017-04-11 11:00:00, 0.368844
13404, 2017-04-11 12:00:00, 0.366436
13405, 2017-04-11 13:00:00, 0.364054
13406, 2017-04-11 14:00:00, 0.361696
13407, 2017-04-11 15:00:00, 0.359363
13408, 2017-04-11 16:00:00, 0.357053
13409, 2017-04-11 17:00:00, 0.354767
13410, 2017-04-11 18:00:00, 0.352504
13411, 2017-04-11 19:00:00, 0.350264
13412, 2017-04-11 20:00:00, 0.348047
13413, 2017-04-11 21:00:00, 0.345852
13414, 2017-04-11 22:00:00, 0.343679
13415, 2017-04-11 23:00:00, 0.341527
13416, 2017-04-12 00:00:00, 0.339396
13417, 2017-04-12 01:00:00, 0.337287
13418, 2017-04-12 02:00:00, 0.335198
13419, 2017-04-12 03:00:00, 0.333129
13420, 2017-04-12 04:00:00, 0.331081
13421, 2017-04-12 05:00:00, 0.329052
13422, 2017-04-12 06:00:00, 0.327043
13423, 2017-04-12 07:00:00, 0.325053
13424, 2017-04-12 08:00:00, 0.323082
13425, 2017-04-12 09:00:00, 0.321129
13426, 2017-04-12 10:00:00, 0.319196
13427, 2017-04-12 11:00:00, 0.31728
13428, 2017-04-12 12:00:00, 0.315382
13429, 2017-04-12 13:00:00, 0.313502
13430, 2017-04-12 14:00:00, 0.311639
13431, 2017-04-12 15:00:00, 0.309794
13432, 2017-04-12 16:00:00, 0.307965
13433, 2017-04-12 17:00:00, 0.306154
13434, 2017-04-12 18:00:00, 0.304358
13435, 2017-04-12 19:00:00, 0.302579
13436, 2017-04-12 20:00:00, 0.30082
13437, 2017-04-12 21:00:00, 0.299071
13438, 2017-04-12 22:00:00, 0.29734
13439, 2017-04-12 23:00:00, 0.295623
13440, 2017-04-13 00:00:00, 0.293922
13441, 2017-04-13 01:00:00, 0.292237
13442, 2017-04-13 02:00:00, 0.290566
13443, 2017-04-13 03:00:00, 0.28891
13444, 2017-04-13 04:00:00, 0.287269
13445, 2017-04-13 05:00:00, 0.285642
13446, 2017-04-13 06:00:00, 0.284029
13447, 2017-04-13 07:00:00, 0.28243
13448, 2017-04-13 08:00:00, 0.280845
13449, 2017-04-13 09:00:00, 0.279273
13450, 2017-04-13 10:00:00, 0.277715
13451, 2017-04-13 11:00:00, 0.276171
13452, 2017-04-13 12:00:00, 0.274639
13453, 2017-04-13 13:00:00, 0.27312
13454, 2017-04-13 14:00:00, 0.271614
13455, 2017-04-13 15:00:00, 0.270121
13456, 2017-04-13 16:00:00, 0.26864
13457, 2017-04-13 17:00:00, 0.267171
13458, 2017-04-13 18:00:00, 0.265715
13459, 2017-04-13 19:00:00, 0.264271
13460, 2017-04-13 20:00:00, 0.262838
13461, 2017-04-13 21:00:00, 0.261418
13462, 2017-04-13 22:00:00, 0.260009
13463, 2017-04-13 23:00:00, 0.258611
13464, 2017-04-14 00:00:00, 0.257225
13465, 2017-04-14 01:00:00, 0.25585
13466, 2017-04-14 02:00:00, 0.254486
13467, 2017-04-14 03:00:00, 0.253133
13468, 2017-04-14 04:00:00, 0.251791
13469, 2017-04-14 05:00:00, 0.250459
13470, 2017-04-14 06:00:00, 0.249138
13471, 2017-04-14 07:00:00, 0.247828
13472, 2017-04-14 08:00:00, 0.246528
13473, 2017-04-14 09:00:00, 0.245238
13474, 2017-04-14 10:00:00, 0.243958
13475, 2017-04-14 11:00:00, 0.242688
13476, 2017-04-14 12:00:00, 0.241428
13477, 2017-04-14 13:00:00, 0.240178
13478, 2017-04-14 14:00:00, 0.238937
13479, 2017-04-14 15:00:00, 0.237707
13480, 2017-04-14 16:00:00, 0.236485
13481, 2017-04-14 17:00:00, 0.235273
13482, 2017-04-14 18:00:00, 0.23407
13483, 2017-04-14 19:00:00, 0.232876
13484, 2017-04-14 20:00:00, 0.231691
13485, 2017-04-14 21:00:00, 0.230515
13486, 2017-04-14 22:00:00, 0.229348
13487, 2017-04-14 23:00:00, 0.22819
13488, 2017-04-15 00:00:00, 0.22704
13489, 2017-04-15 01:00:00, 0.225899
13490, 2017-04-15 02:00:00, 0.224767
13491, 2017-04-15 03:00:00, 0.223642
13492, 2017-04-15 04:00:00, 0.222527
13493, 2017-04-15 05:00:00, 0.221419
13494, 2017-04-15 06:00:00, 0.220319
13495, 2017-04-15 07:00:00, 0.219228
13496, 2017-04-15 08:00:00, 0.218144
13497, 2017-04-15 09:00:00, 0.217068
13498, 2017-04-15 10:00:00, 0.216
13499, 2017-04-15 11:00:00, 0.21494
13500, 2017-04-15 12:00:00, 0.213887
13501, 2017-04-15 13:00:00, 0.212842
13502, 2017-04-15 14:00:00, 0.211804
13503, 2017-04-15 15:00:00, 0.210774
13504, 2017-04-15 16:00:00, 0.209751
13505, 2017-04-15 17:00:00, 0.208735
13506, 2017-04-15 18:00:00, 0.207727
13507, 2017-04-15 19:00:00, 0.206725
13508, 2017-04-15 20:00:00, 0.205731
13509, 2017-04-15 21:00:00, 0.204743
13510, 2017-04-15 22:00:00, 0.203762
13511, 2017-04-15 23:00:00, 0.202789
13512, 2017-04-16 00:00:00, 0.202527
13513, 2017-04-16 01:00:00, 0.201593
13514, 2017-04-16 02:00:00, 0.200351
13515, 2017-04-16 03:00:00, 0.19911
13516, 2017-04-16 04:00:00, 0.198019
13517, 2017-04-16 05:00:00, 0.197085
13518, 2017-04-16 06:00:00, 0.196157
13519, 2017-04-16 07:00:00, 0.195235
13520, 2017-04-16 08:00:00, 0.19432
13521, 2017-04-16 09:00:00, 0.193411
13522, 2017-04-16 10:00:00, 0.192508
13523, 2017-04-16 11:00:00, 0.191611
13524, 2017-04-16 12:00:00, 0.19072
13525, 2017-04-16 13:00:00, 0.189834
13526, 2017-04-16 14:00:00, 0.188955
13527, 2017-04-16 15:00:00, 0.188082
13528, 2017-04-16 16:00:00, 0.187214
13529, 2017-04-16 17:00:00, 0.186352
13530, 2017-04-16 18:00:00, 0.185496
13531, 2017-04-16 19:00:00, 0.184645
13532, 2017-04-16 20:00:00, 0.1838
13533, 2017-04-16 21:00:00, 0.182961
13534, 2017-04-16 22:00:00, 0.182127
13535, 2017-04-16 23:00:00, 0.181298
13536, 2017-04-17 00:00:00, 0.180475
13537, 2017-04-17 01:00:00, 0.189031
13538, 2017-04-17 02:00:00, 0.183592
13539, 2017-04-17 03:00:00, 0.181667
13540, 2017-04-17 04:00:00, 0.177425
13541, 2017-04-17 05:00:00, 0.176444
13542, 2017-04-17 06:00:00, 0.17565
13543, 2017-04-17 07:00:00, 0.174858
13544, 2017-04-17 08:00:00, 0.174076
13545, 2017-04-17 09:00:00, 0.173299
13546, 2017-04-17 10:00:00, 0.172526
13547, 2017-04-17 11:00:00, 0.171759
13548, 2017-04-17 12:00:00, 0.170996
13549, 2017-04-17 13:00:00, 0.170239
13550, 2017-04-17 14:00:00, 0.169485
13551, 2017-04-17 15:00:00, 0.168737
13552, 2017-04-17 16:00:00, 0.167993
13553, 2017-04-17 17:00:00, 0.167254
13554, 2017-04-17 18:00:00, 0.166519
13555, 2017-04-17 19:00:00, 0.165789
13556, 2017-04-17 20:00:00, 0.165064
13557, 2017-04-17 21:00:00, 0.164343
13558, 2017-04-17 22:00:00, 0.163626
13559, 2017-04-17 23:00:00, 0.162913
13560, 2017-04-18 00:00:00, 0.162205
13561, 2017-04-18 01:00:00, 0.161502
13562, 2017-04-18 02:00:00, 0.160802
13563, 2017-04-18 03:00:00, 0.160107
13564, 2017-04-18 04:00:00, 0.159416
13565, 2017-04-18 05:00:00, 0.158729
13566, 2017-04-18 06:00:00, 0.158046
13567, 2017-04-18 07:00:00, 0.157367
13568, 2017-04-18 08:00:00, 0.156693
13569, 2017-04-18 09:00:00, 0.156022
13570, 2017-04-18 10:00:00, 0.155355
13571, 2017-04-18 11:00:00, 0.154692
13572, 2017-04-18 12:00:00, 0.154034
13573, 2017-04-18 13:00:00, 0.153379
13574, 2017-04-18 14:00:00, 0.152728
13575, 2017-04-18 15:00:00, 0.15208
13576, 2017-04-18 16:00:00, 0.151437
13577, 2017-04-18 17:00:00, 0.150797
13578, 2017-04-18 18:00:00, 0.150161
13579, 2017-04-18 19:00:00, 0.149529
13580, 2017-04-18 20:00:00, 0.1489
13581, 2017-04-18 21:00:00, 0.148275
13582, 2017-04-18 22:00:00, 0.147654
13583, 2017-04-18 23:00:00, 0.147036
13584, 2017-04-19 00:00:00, 0.146421
13585, 2017-04-19 01:00:00, 0.145811
13586, 2017-04-19 02:00:00, 0.145203
13587, 2017-04-19 03:00:00, 0.1446
13588, 2017-04-19 04:00:00, 0.143999
13589, 2017-04-19 05:00:00, 0.143402
13590, 2017-04-19 06:00:00, 0.142809
13591, 2017-04-19 07:00:00, 0.142218
13592, 2017-04-19 08:00:00, 0.141632
13593, 2017-04-19 09:00:00, 0.141048
13594, 2017-04-19 10:00:00, 0.140468
13595, 2017-04-19 11:00:00, 0.139891
13596, 2017-04-19 12:00:00, 0.139317
13597, 2017-04-19 13:00:00, 0.138746
13598, 2017-04-19 14:00:00, 0.138179
13599, 2017-04-19 15:00:00, 0.137614
13600, 2017-04-19 16:00:00, 0.137053
13601, 2017-04-19 17:00:00, 0.136495
13602, 2017-04-19 18:00:00, 0.13594
13603, 2017-04-19 19:00:00, 0.135388
13604, 2017-04-19 20:00:00, 0.134839
13605, 2017-04-19 21:00:00, 0.134293
13606, 2017-04-19 22:00:00, 0.133796
13607, 2017-04-19 23:00:00, 0.135268
13608, 2017-04-20 00:00:00, 0.134608
13609, 2017-04-20 01:00:00, 0.133408
13610, 2017-04-20 02:00:00, 0.132004
13611, 2017-04-20 03:00:00, 0.131108
13612, 2017-04-20 04:00:00, 0.130573
13613, 2017-04-20 05:00:00, 0.130293
13614, 2017-04-20 06:00:00, 0.131894
13615, 2017-04-20 07:00:00, 0.130148
13616, 2017-04-20 08:00:00, 0.129318
13617, 2017-04-20 09:00:00, 0.127981
13618, 2017-04-20 10:00:00, 0.127461
13619, 2017-04-20 11:00:00, 0.126954
13620, 2017-04-20 12:00:00, 0.126785
13621, 2017-04-20 13:00:00, 0.126102
13622, 2017-04-20 14:00:00, 0.125574
13623, 2017-04-20 15:00:00, 0.124957
13624, 2017-04-20 16:00:00, 0.124464
13625, 2017-04-20 17:00:00, 0.123974
13626, 2017-04-20 18:00:00, 0.123486
13627, 2017-04-20 19:00:00, 0.123001
13628, 2017-04-20 20:00:00, 0.122519
13629, 2017-04-20 21:00:00, 0.122039
13630, 2017-04-20 22:00:00, 0.121561
13631, 2017-04-20 23:00:00, 0.121086
13632, 2017-04-21 00:00:00, 0.120614
13633, 2017-04-21 01:00:00, 0.120144
13634, 2017-04-21 02:00:00, 0.119676
13635, 2017-04-21 03:00:00, 0.119211
13636, 2017-04-21 04:00:00, 0.118874
13637, 2017-04-21 05:00:00, 0.118357
13638, 2017-04-21 06:00:00, 0.119025
13639, 2017-04-21 07:00:00, 0.117978
13640, 2017-04-21 08:00:00, 0.118073
13641, 2017-04-21 09:00:00, 0.116947
13642, 2017-04-21 10:00:00, 0.11703
13643, 2017-04-21 11:00:00, 0.129003
13644, 2017-04-21 12:00:00, 0.143291
13645, 2017-04-21 13:00:00, 0.130098
13646, 2017-04-21 14:00:00, 0.122542
13647, 2017-04-21 15:00:00, 0.114129
13648, 2017-04-21 16:00:00, 0.113409
13649, 2017-04-21 17:00:00, 0.112968
13650, 2017-04-21 18:00:00, 0.11251
13651, 2017-04-21 19:00:00, 0.112081
13652, 2017-04-21 20:00:00, 0.111681
13653, 2017-04-21 21:00:00, 0.111242
13654, 2017-04-21 22:00:00, 0.110869
13655, 2017-04-21 23:00:00, 0.110411
13656, 2017-04-22 00:00:00, 0.110081
13657, 2017-04-22 01:00:00, 0.109609
13658, 2017-04-22 02:00:00, 0.10932
13659, 2017-04-22 03:00:00, 0.108796
13660, 2017-04-22 04:00:00, 0.108368
13661, 2017-04-22 05:00:00, 0.108064
13662, 2017-04-22 06:00:00, 0.107573
13663, 2017-04-22 07:00:00, 0.107155
13664, 2017-04-22 08:00:00, 0.106696
13665, 2017-04-22 09:00:00, 0.106296
13666, 2017-04-22 10:00:00, 0.105898
13667, 2017-04-22 11:00:00, 0.105502
13668, 2017-04-22 12:00:00, 0.105108
13669, 2017-04-22 13:00:00, 0.104715
13670, 2017-04-22 14:00:00, 0.104325
13671, 2017-04-22 15:00:00, 0.105075
13672, 2017-04-22 16:00:00, 0.104143
13673, 2017-04-22 17:00:00, 0.105112
13674, 2017-04-22 18:00:00, 0.103491
13675, 2017-04-22 19:00:00, 0.102945
13676, 2017-04-22 20:00:00, 0.102021
13677, 2017-04-22 21:00:00, 0.101644
13678, 2017-04-22 22:00:00, 0.101268
13679, 2017-04-22 23:00:00, 0.100894
13680, 2017-04-23 00:00:00, 0.100522
13681, 2017-04-23 01:00:00, 0.100151
13682, 2017-04-23 02:00:00, 0.0997828
13683, 2017-04-23 03:00:00, 0.099416
13684, 2017-04-23 04:00:00, 0.0990508
13685, 2017-04-23 05:00:00, 0.0986874
13686, 2017-04-23 06:00:00, 0.0983257
13687, 2017-04-23 07:00:00, 0.0979658
13688, 2017-04-23 08:00:00, 0.0976075
13689, 2017-04-23 09:00:00, 0.0972509
13690, 2017-04-23 10:00:00, 0.0968959
13691, 2017-04-23 11:00:00, 0.0965426
13692, 2017-04-23 12:00:00, 0.096191
13693, 2017-04-23 13:00:00, 0.095841
13694, 2017-04-23 14:00:00, 0.0954926
13695, 2017-04-23 15:00:00, 0.0951459
13696, 2017-04-23 16:00:00, 0.0948008
13697, 2017-04-23 17:00:00, 0.0944572
13698, 2017-04-23 18:00:00, 0.0941153
13699, 2017-04-23 19:00:00, 0.0937749
13700, 2017-04-23 20:00:00, 0.0934361
13701, 2017-04-23 21:00:00, 0.0930989
13702, 2017-04-23 22:00:00, 0.0927632
13703, 2017-04-23 23:00:00, 0.092429
13704, 2017-04-24 00:00:00, 0.0920964
13705, 2017-04-24 01:00:00, 0.0917653
13706, 2017-04-24 02:00:00, 0.0914358
13707, 2017-04-24 03:00:00, 0.0911077
13708, 2017-04-24 04:00:00, 0.0907811
13709, 2017-04-24 05:00:00, 0.090456
13710, 2017-04-24 06:00:00, 0.0901324
13711, 2017-04-24 07:00:00, 0.0898102
13712, 2017-04-24 08:00:00, 0.0894895
13713, 2017-04-24 09:00:00, 0.0891703
13714, 2017-04-24 10:00:00, 0.0888525
13715, 2017-04-24 11:00:00, 0.0885361
13716, 2017-04-24 12:00:00, 0.0882212
13717, 2017-04-24 13:00:00, 0.0879076
13718, 2017-04-24 14:00:00, 0.0875955
13719, 2017-04-24 15:00:00, 0.0872848
13720, 2017-04-24 16:00:00, 0.0869754
13721, 2017-04-24 17:00:00, 0.0866675
13722, 2017-04-24 18:00:00, 0.0863609
13723, 2017-04-24 19:00:00, 0.0860557
13724, 2017-04-24 20:00:00, 0.0857518
13725, 2017-04-24 21:00:00, 0.0854493
13726, 2017-04-24 22:00:00, 0.0851481
13727, 2017-04-24 23:00:00, 0.0848483
13728, 2017-04-25 00:00:00, 0.0845498
13729, 2017-04-25 01:00:00, 0.0842526
13730, 2017-04-25 02:00:00, 0.0839567
13731, 2017-04-25 03:00:00, 0.0836621
13732, 2017-04-25 04:00:00, 0.0833689
13733, 2017-04-25 05:00:00, 0.0830769
13734, 2017-04-25 06:00:00, 0.0827861
13735, 2017-04-25 07:00:00, 0.082499
13736, 2017-04-25 08:00:00, 0.0822096
13737, 2017-04-25 09:00:00, 0.0819225
13738, 2017-04-25 10:00:00, 0.0817647
13739, 2017-04-25 11:00:00, 0.0817972
13740, 2017-04-25 12:00:00, 0.0820142
13741, 2017-04-25 13:00:00, 0.0813501
13742, 2017-04-25 14:00:00, 0.0808588
13743, 2017-04-25 15:00:00, 0.0802819
13744, 2017-04-25 16:00:00, 0.079965
13745, 2017-04-25 17:00:00, 0.0796707
13746, 2017-04-25 18:00:00, 0.0793948
13747, 2017-04-25 19:00:00, 0.0803204
13748, 2017-04-25 20:00:00, 0.087775
13749, 2017-04-25 21:00:00, 0.0844132
13750, 2017-04-25 22:00:00, 0.083176
13751, 2017-04-25 23:00:00, 0.0799901
13752, 2017-04-26 00:00:00, 0.0785633
13753, 2017-04-26 01:00:00, 0.0779432
13754, 2017-04-26 02:00:00, 0.0778308
13755, 2017-04-26 03:00:00, 0.0772575
13756, 2017-04-26 04:00:00, 0.105105
13757, 2017-04-26 05:00:00, 0.0901809
13758, 2017-04-26 06:00:00, 0.0947482
13759, 2017-04-26 07:00:00, 0.105
13760, 2017-04-26 08:00:00, 0.0958194
13761, 2017-04-26 09:00:00, 0.0874296
13762, 2017-04-26 10:00:00, 0.0773684
13763, 2017-04-26 11:00:00, 0.0749802
13764, 2017-04-26 12:00:00, 0.0765999
13765, 2017-04-26 13:00:00, 0.0753072
13766, 2017-04-26 14:00:00, 0.0749759
13767, 2017-04-26 15:00:00, 0.0739824
13768, 2017-04-26 16:00:00, 0.0757159
13769, 2017-04-26 17:00:00, 0.0743053
13770, 2017-04-26 18:00:00, 0.0738543
13771, 2017-04-26 19:00:00, 0.0728662
13772, 2017-04-26 20:00:00, 0.0726191
13773, 2017-04-26 21:00:00, 0.0723731
13774, 2017-04-26 22:00:00, 0.0721281
13775, 2017-04-26 23:00:00, 0.0718842
13776, 2017-04-27 00:00:00, 0.0716412
13777, 2017-04-27 01:00:00, 0.0713992
13778, 2017-04-27 02:00:00, 0.0711582
13779, 2017-04-27 03:00:00, 0.0709181
13780, 2017-04-27 04:00:00, 0.0706966
13781, 2017-04-27 05:00:00, 0.070449
13782, 2017-04-27 06:00:00, 0.0702105
13783, 2017-04-27 07:00:00, 0.069968
13784, 2017-04-27 08:00:00, 0.0697329
13785, 2017-04-27 09:00:00, 0.0694987
13786, 2017-04-27 10:00:00, 0.0692655
13787, 2017-04-27 11:00:00, 0.0690332
13788, 2017-04-27 12:00:00, 0.0688019
13789, 2017-04-27 13:00:00, 0.0685715
13790, 2017-04-27 14:00:00, 0.0683421
13791, 2017-04-27 15:00:00, 0.0681136
13792, 2017-04-27 16:00:00, 0.0678861
13793, 2017-04-27 17:00:00, 0.0676595
13794, 2017-04-27 18:00:00, 0.0674338
13795, 2017-04-27 19:00:00, 0.067209
13796, 2017-04-27 20:00:00, 0.0669851
13797, 2017-04-27 21:00:00, 0.0667622
13798, 2017-04-27 22:00:00, 0.0665401
13799, 2017-04-27 23:00:00, 0.0663189
13800, 2017-04-28 00:00:00, 0.0660986
13801, 2017-04-28 01:00:00, 0.0658793
13802, 2017-04-28 02:00:00, 0.0656607
13803, 2017-04-28 03:00:00, 0.0654431
13804, 2017-04-28 04:00:00, 0.0652263
13805, 2017-04-28 05:00:00, 0.0650105
13806, 2017-04-28 06:00:00, 0.0647954
13807, 2017-04-28 07:00:00, 0.0645813
13808, 2017-04-28 08:00:00, 0.064368
13809, 2017-04-28 09:00:00, 0.0641556
13810, 2017-04-28 10:00:00, 0.0639441
13811, 2017-04-28 11:00:00, 0.0637336
13812, 2017-04-28 12:00:00, 0.0635234
13813, 2017-04-28 13:00:00, 0.0633142
13814, 2017-04-28 14:00:00, 0.0631057
13815, 2017-04-28 15:00:00, 0.0628983
13816, 2017-04-28 16:00:00, 0.0626916
13817, 2017-04-28 17:00:00, 0.0624858
13818, 2017-04-28 18:00:00, 0.0622808
13819, 2017-04-28 19:00:00, 0.0620766
13820, 2017-04-28 20:00:00, 0.0618732
13821, 2017-04-28 21:00:00, 0.0616706
13822, 2017-04-28 22:00:00, 0.0614688
13823, 2017-04-28 23:00:00, 0.0612678
13824, 2017-04-29 00:00:00, 0.0610676
13825, 2017-04-29 01:00:00, 0.0608682
13826, 2017-04-29 02:00:00, 0.0606695
13827, 2017-04-29 03:00:00, 0.0604717
13828, 2017-04-29 04:00:00, 0.0602745
13829, 2017-04-29 05:00:00, 0.0600782
13830, 2017-04-29 06:00:00, 0.0598826
13831, 2017-04-29 07:00:00, 0.0596878
13832, 2017-04-29 08:00:00, 0.0594938
13833, 2017-04-29 09:00:00, 0.0593005
13834, 2017-04-29 10:00:00, 0.0591079
13835, 2017-04-29 11:00:00, 0.0589161
13836, 2017-04-29 12:00:00, 0.0587251
13837, 2017-04-29 13:00:00, 0.0585347
13838, 2017-04-29 14:00:00, 0.0583451
13839, 2017-04-29 15:00:00, 0.0581563
13840, 2017-04-29 16:00:00, 0.0579682
13841, 2017-04-29 17:00:00, 0.0577808
13842, 2017-04-29 18:00:00, 0.0575941
13843, 2017-04-29 19:00:00, 0.0574081
13844, 2017-04-29 20:00:00, 0.0572229
13845, 2017-04-29 21:00:00, 0.0570383
13846, 2017-04-29 22:00:00, 0.0568545
13847, 2017-04-29 23:00:00, 0.0566713
13848, 2017-04-30 00:00:00, 0.0564889
13849, 2017-04-30 01:00:00, 0.0563072
13850, 2017-04-30 02:00:00, 0.0561261
13851, 2017-04-30 03:00:00, 0.0559458
13852, 2017-04-30 04:00:00, 0.0557661
13853, 2017-04-30 05:00:00, 0.0555871
13854, 2017-04-30 06:00:00, 0.0554088
13855, 2017-04-30 07:00:00, 0.0552312
13856, 2017-04-30 08:00:00, 0.0550543
13857, 2017-04-30 09:00:00, 0.054878
13858, 2017-04-30 10:00:00, 0.0547024
13859, 2017-04-30 11:00:00, 0.0545274
13860, 2017-04-30 12:00:00, 0.0543531
13861, 2017-04-30 13:00:00, 0.0541795
13862, 2017-04-30 14:00:00, 0.0540065
13863, 2017-04-30 15:00:00, 0.0538342
13864, 2017-04-30 16:00:00, 0.0536625
13865, 2017-04-30 17:00:00, 0.0534915
13866, 2017-04-30 18:00:00, 0.0535503
13867, 2017-04-30 19:00:00, 0.0532555
13868, 2017-04-30 20:00:00, 0.0530656
13869, 2017-04-30 21:00:00, 0.0528137
13870, 2017-04-30 22:00:00, 0.0526459
13871, 2017-04-30 23:00:00, 0.0524787
13872, 2017-05-01 00:00:00, 0.0523121
13873, 2017-05-01 01:00:00, 0.0521461
13874, 2017-05-01 02:00:00, 0.0519807
13875, 2017-05-01 03:00:00, 0.051816
13876, 2017-05-01 04:00:00, 0.0516519
13877, 2017-05-01 05:00:00, 0.0514883
13878, 2017-05-01 06:00:00, 0.0513254
13879, 2017-05-01 07:00:00, 0.0511631
13880, 2017-05-01 08:00:00, 0.0510014
13881, 2017-05-01 09:00:00, 0.0508403
13882, 2017-05-01 10:00:00, 0.0506798
13883, 2017-05-01 11:00:00, 0.0505199
13884, 2017-05-01 12:00:00, 0.0503605
13885, 2017-05-01 13:00:00, 0.0502018
13886, 2017-05-01 14:00:00, 0.0500436
13887, 2017-05-01 15:00:00, 0.049886
13888, 2017-05-01 16:00:00, 0.0497291
13889, 2017-05-01 17:00:00, 0.0495726
13890, 2017-05-01 18:00:00, 0.0494168
13891, 2017-05-01 19:00:00, 0.0492615
13892, 2017-05-01 20:00:00, 0.0491068
13893, 2017-05-01 21:00:00, 0.0489527
13894, 2017-05-01 22:00:00, 0.0487991
13895, 2017-05-01 23:00:00, 0.0486461
13896, 2017-05-02 00:00:00, 0.0484936
13897, 2017-05-02 01:00:00, 0.0483417
13898, 2017-05-02 02:00:00, 0.0481904
13899, 2017-05-02 03:00:00, 0.0480396
13900, 2017-05-02 04:00:00, 0.0478894
13901, 2017-05-02 05:00:00, 0.0477397
13902, 2017-05-02 06:00:00, 0.0475905
13903, 2017-05-02 07:00:00, 0.0474419
13904, 2017-05-02 08:00:00, 0.0490747
13905, 2017-05-02 09:00:00, 0.0530102
13906, 2017-05-02 10:00:00, 0.0511342
13907, 2017-05-02 11:00:00, 0.0493737
13908, 2017-05-02 12:00:00, 0.0478873
13909, 2017-05-02 13:00:00, 0.0469237
13910, 2017-05-02 14:00:00, 0.046665
13911, 2017-05-02 15:00:00, 0.0462722
13912, 2017-05-02 16:00:00, 0.0461284
13913, 2017-05-02 17:00:00, 0.045985
13914, 2017-05-02 18:00:00, 0.0491042
13915, 2017-05-02 19:00:00, 0.0472296
13916, 2017-05-02 20:00:00, 0.0467656
13917, 2017-05-02 21:00:00, 0.0454339
13918, 2017-05-02 22:00:00, 0.0452761
13919, 2017-05-02 23:00:00, 0.0451358
13920, 2017-05-03 00:00:00, 0.044996
13921, 2017-05-03 01:00:00, 0.0448567
13922, 2017-05-03 02:00:00, 0.044718
13923, 2017-05-03 03:00:00, 0.0445797
13924, 2017-05-03 04:00:00, 0.0444419
13925, 2017-05-03 05:00:00, 0.0443046
13926, 2017-05-03 06:00:00, 0.0441678
13927, 2017-05-03 07:00:00, 0.0440315
13928, 2017-05-03 08:00:00, 0.0438956
13929, 2017-05-03 09:00:00, 0.0437603
13930, 2017-05-03 10:00:00, 0.0436254
13931, 2017-05-03 11:00:00, 0.043491
13932, 2017-05-03 12:00:00, 0.0433571
13933, 2017-05-03 13:00:00, 0.0432237
13934, 2017-05-03 14:00:00, 0.0430907
13935, 2017-05-03 15:00:00, 0.0429582
13936, 2017-05-03 16:00:00, 0.0428262
13937, 2017-05-03 17:00:00, 0.0426946
13938, 2017-05-03 18:00:00, 0.0425635
13939, 2017-05-03 19:00:00, 0.0424328
13940, 2017-05-03 20:00:00, 0.0423027
13941, 2017-05-03 21:00:00, 0.0421729
13942, 2017-05-03 22:00:00, 0.0420437
13943, 2017-05-03 23:00:00, 0.0419149
13944, 2017-05-04 00:00:00, 0.0417865
13945, 2017-05-04 01:00:00, 0.0416586
13946, 2017-05-04 02:00:00, 0.0415311
13947, 2017-05-04 03:00:00, 0.0414041
13948, 2017-05-04 04:00:00, 0.0412775
13949, 2017-05-04 05:00:00, 0.0411514
13950, 2017-05-04 06:00:00, 0.0410257
13951, 2017-05-04 07:00:00, 0.0409004
13952, 2017-05-04 08:00:00, 0.0407756
13953, 2017-05-04 09:00:00, 0.0406512
13954, 2017-05-04 10:00:00, 0.0405273
13955, 2017-05-04 11:00:00, 0.0404038
13956, 2017-05-04 12:00:00, 0.0402807
13957, 2017-05-04 13:00:00, 0.040158
13958, 2017-05-04 14:00:00, 0.0400358
13959, 2017-05-04 15:00:00, 0.039914
13960, 2017-05-04 16:00:00, 0.0397926
13961, 2017-05-04 17:00:00, 0.0396716
13962, 2017-05-04 18:00:00, 0.0395511
13963, 2017-05-04 19:00:00, 0.039431
13964, 2017-05-04 20:00:00, 0.0393112
13965, 2017-05-04 21:00:00, 0.0391919
13966, 2017-05-04 22:00:00, 0.039073
13967, 2017-05-04 23:00:00, 0.0389546
13968, 2017-05-05 00:00:00, 0.0388365
13969, 2017-05-05 01:00:00, 0.0387188
13970, 2017-05-05 02:00:00, 0.0386016
13971, 2017-05-05 03:00:00, 0.0384847
13972, 2017-05-05 04:00:00, 0.0383682
13973, 2017-05-05 05:00:00, 0.0382522
13974, 2017-05-05 06:00:00, 0.0381365
13975, 2017-05-05 07:00:00, 0.0380213
13976, 2017-05-05 08:00:00, 0.0379064
13977, 2017-05-05 09:00:00, 0.0377919
13978, 2017-05-05 10:00:00, 0.0376778
13979, 2017-05-05 11:00:00, 0.0376469
13980, 2017-05-05 12:00:00, 0.0374885
13981, 2017-05-05 13:00:00, 0.037368
13982, 2017-05-05 14:00:00, 0.0372254
13983, 2017-05-05 15:00:00, 0.0371132
13984, 2017-05-05 16:00:00, 0.0370015
13985, 2017-05-05 17:00:00, 0.0377519
13986, 2017-05-05 18:00:00, 0.0607911
13987, 2017-05-05 19:00:00, 0.419647
13988, 2017-05-05 20:00:00, 0.701264
13989, 2017-05-05 21:00:00, 0.556688
13990, 2017-05-05 22:00:00, 0.291937
13991, 2017-05-05 23:00:00, 0.0986211
13992, 2017-05-06 00:00:00, 0.0386792
13993, 2017-05-06 01:00:00, 0.0366783
13994, 2017-05-06 02:00:00, 0.0365274
13995, 2017-05-06 03:00:00, 0.0359856
13996, 2017-05-06 04:00:00, 0.0358338
13997, 2017-05-06 05:00:00, 0.0355826
13998, 2017-05-06 06:00:00, 0.0355608
13999, 2017-05-06 07:00:00, 0.0354085
14000, 2017-05-06 08:00:00, 0.0352951
14001, 2017-05-06 09:00:00, 0.0537696
14002, 2017-05-06 10:00:00, 0.0462546
14003, 2017-05-06 11:00:00, 0.0429628
14004, 2017-05-06 12:00:00, 0.0358413
14005, 2017-05-06 13:00:00, 0.0347401
14006, 2017-05-06 14:00:00, 0.0346362
14007, 2017-05-06 15:00:00, 0.0345328
14008, 2017-05-06 16:00:00, 0.0344808
14009, 2017-05-06 17:00:00, 0.0343503
14010, 2017-05-06 18:00:00, 0.0342433
14011, 2017-05-06 19:00:00, 0.0341227
14012, 2017-05-06 20:00:00, 0.034021
14013, 2017-05-06 21:00:00, 0.0339196
14014, 2017-05-06 22:00:00, 0.0338186
14015, 2017-05-06 23:00:00, 0.033718
14016, 2017-05-07 00:00:00, 0.0336177
14017, 2017-05-07 01:00:00, 0.0335177
14018, 2017-05-07 02:00:00, 0.033418
14019, 2017-05-07 03:00:00, 0.0333187
14020, 2017-05-07 04:00:00, 0.0332197
14021, 2017-05-07 05:00:00, 0.033121
14022, 2017-05-07 06:00:00, 0.0330227
14023, 2017-05-07 07:00:00, 0.0329247
14024, 2017-05-07 08:00:00, 0.032827
14025, 2017-05-07 09:00:00, 0.0327296
14026, 2017-05-07 10:00:00, 0.0326326
14027, 2017-05-07 11:00:00, 0.0325358
14028, 2017-05-07 12:00:00, 0.0324394
14029, 2017-05-07 13:00:00, 0.0323434
14030, 2017-05-07 14:00:00, 0.0322476
14031, 2017-05-07 15:00:00, 0.0321522
14032, 2017-05-07 16:00:00, 0.032057
14033, 2017-05-07 17:00:00, 0.0319622
14034, 2017-05-07 18:00:00, 0.0318677
14035, 2017-05-07 19:00:00, 0.0317735
14036, 2017-05-07 20:00:00, 0.0316796
14037, 2017-05-07 21:00:00, 0.031586
14038, 2017-05-07 22:00:00, 0.0315132
14039, 2017-05-07 23:00:00, 0.0314091
14040, 2017-05-08 00:00:00, 0.0313146
14041, 2017-05-08 01:00:00, 0.0314652
14042, 2017-05-08 02:00:00, 0.0312366
14043, 2017-05-08 03:00:00, 0.0311221
14044, 2017-05-08 04:00:00, 0.0309396
14045, 2017-05-08 05:00:00, 0.0308484
14046, 2017-05-08 06:00:00, 0.0307576
14047, 2017-05-08 07:00:00, 0.030667
14048, 2017-05-08 08:00:00, 0.0305768
14049, 2017-05-08 09:00:00, 0.0304868
14050, 2017-05-08 10:00:00, 0.0303971
14051, 2017-05-08 11:00:00, 0.0303078
14052, 2017-05-08 12:00:00, 0.0302187
14053, 2017-05-08 13:00:00, 0.0301299
14054, 2017-05-08 14:00:00, 0.0300414
14055, 2017-05-08 15:00:00, 0.0299532
14056, 2017-05-08 16:00:00, 0.0298652
14057, 2017-05-08 17:00:00, 0.0297776
14058, 2017-05-08 18:00:00, 0.0296902
14059, 2017-05-08 19:00:00, 0.0296032
14060, 2017-05-08 20:00:00, 0.0295164
14061, 2017-05-08 21:00:00, 0.0294299
14062, 2017-05-08 22:00:00, 0.0293437
14063, 2017-05-08 23:00:00, 0.0292577
14064, 2017-05-09 00:00:00, 0.029172
14065, 2017-05-09 01:00:00, 0.0290866
14066, 2017-05-09 02:00:00, 0.0290015
14067, 2017-05-09 03:00:00, 0.0289167
14068, 2017-05-09 04:00:00, 0.0288321
14069, 2017-05-09 05:00:00, 0.0287478
14070, 2017-05-09 06:00:00, 0.0286638
14071, 2017-05-09 07:00:00, 0.0285801
14072, 2017-05-09 08:00:00, 0.0284966
14073, 2017-05-09 09:00:00, 0.0284134
14074, 2017-05-09 10:00:00, 0.0283304
14075, 2017-05-09 11:00:00, 0.0282477
14076, 2017-05-09 12:00:00, 0.0281653
14077, 2017-05-09 13:00:00, 0.0280832
14078, 2017-05-09 14:00:00, 0.0280013
14079, 2017-05-09 15:00:00, 0.0279197
14080, 2017-05-09 16:00:00, 0.0278383
14081, 2017-05-09 17:00:00, 0.0277573
14082, 2017-05-09 18:00:00, 0.0276764
14083, 2017-05-09 19:00:00, 0.0277418
14084, 2017-05-09 20:00:00, 0.0275819
14085, 2017-05-09 21:00:00, 0.0274885
14086, 2017-05-09 22:00:00, 0.0273557
14087, 2017-05-09 23:00:00, 0.0272761
14088, 2017-05-10 00:00:00, 0.0271968
14089, 2017-05-10 01:00:00, 0.0271178
14090, 2017-05-10 02:00:00, 0.027039
14091, 2017-05-10 03:00:00, 0.0269605
14092, 2017-05-10 04:00:00, 0.0268822
14093, 2017-05-10 05:00:00, 0.0268041
14094, 2017-05-10 06:00:00, 0.0267264
14095, 2017-05-10 07:00:00, 0.0266488
14096, 2017-05-10 08:00:00, 0.0265715
14097, 2017-05-10 09:00:00, 0.0264945
14098, 2017-05-10 10:00:00, 0.0264177
14099, 2017-05-10 11:00:00, 0.0263411
14100, 2017-05-10 12:00:00, 0.0262648
14101, 2017-05-10 13:00:00, 0.0261887
14102, 2017-05-10 14:00:00, 0.0261129
14103, 2017-05-10 15:00:00, 0.0260373
14104, 2017-05-10 16:00:00, 0.025962
14105, 2017-05-10 17:00:00, 0.0258869
14106, 2017-05-10 18:00:00, 0.025812
14107, 2017-05-10 19:00:00, 0.0257373
14108, 2017-05-10 20:00:00, 0.0256629
14109, 2017-05-10 21:00:00, 0.0255888
14110, 2017-05-10 22:00:00, 0.0255149
14111, 2017-05-10 23:00:00, 0.0254412
14112, 2017-05-11 00:00:00, 0.0253677
14113, 2017-05-11 01:00:00, 0.0252945
14114, 2017-05-11 02:00:00, 0.0252215
14115, 2017-05-11 03:00:00, 0.0251487
14116, 2017-05-11 04:00:00, 0.0250762
14117, 2017-05-11 05:00:00, 0.0250038
14118, 2017-05-11 06:00:00, 0.0249318
14119, 2017-05-11 07:00:00, 0.0248599
14120, 2017-05-11 08:00:00, 0.0247883
14121, 2017-05-11 09:00:00, 0.0247169
14122, 2017-05-11 10:00:00, 0.0246457
14123, 2017-05-11 11:00:00, 0.0245747
14124, 2017-05-11 12:00:00, 0.024504
14125, 2017-05-11 13:00:00, 0.0244335
14126, 2017-05-11 14:00:00, 0.0243632
14127, 2017-05-11 15:00:00, 0.0242931
14128, 2017-05-11 16:00:00, 0.0242233
14129, 2017-05-11 17:00:00, 0.0241536
14130, 2017-05-11 18:00:00, 0.0240842
14131, 2017-05-11 19:00:00, 0.024015
14132, 2017-05-11 20:00:00, 0.023946
14133, 2017-05-11 21:00:00, 0.0238773
14134, 2017-05-11 22:00:00, 0.0238087
14135, 2017-05-11 23:00:00, 0.0237404
14136, 2017-05-12 00:00:00, 0.0236723
14137, 2017-05-12 01:00:00, 0.0236043
14138, 2017-05-12 02:00:00, 0.0235366
14139, 2017-05-12 03:00:00, 0.0234692
14140, 2017-05-12 04:00:00, 0.0234019
14141, 2017-05-12 05:00:00, 0.0233348
14142, 2017-05-12 06:00:00, 0.023268
14143, 2017-05-12 07:00:00, 0.0232013
14144, 2017-05-12 08:00:00, 0.0231349
14145, 2017-05-12 09:00:00, 0.0230686
14146, 2017-05-12 10:00:00, 0.0230026
14147, 2017-05-12 11:00:00, 0.0229368
14148, 2017-05-12 12:00:00, 0.0228711
14149, 2017-05-12 13:00:00, 0.0228057
14150, 2017-05-12 14:00:00, 0.0227405
14151, 2017-05-12 15:00:00, 0.0226755
14152, 2017-05-12 16:00:00, 0.0226107
14153, 2017-05-12 17:00:00, 0.0225461
14154, 2017-05-12 18:00:00, 0.0224817
14155, 2017-05-12 19:00:00, 0.0224175
14156, 2017-05-12 20:00:00, 0.0223534
14157, 2017-05-12 21:00:00, 0.0222896
14158, 2017-05-12 22:00:00, 0.022226
14159, 2017-05-12 23:00:00, 0.0221626
14160, 2017-05-13 00:00:00, 0.0220994
14161, 2017-05-13 01:00:00, 0.0220363
14162, 2017-05-13 02:00:00, 0.0219735
14163, 2017-05-13 03:00:00, 0.0219109
14164, 2017-05-13 04:00:00, 0.0218484
14165, 2017-05-13 05:00:00, 0.0217862
14166, 2017-05-13 06:00:00, 0.0217241
14167, 2017-05-13 07:00:00, 0.0216622
14168, 2017-05-13 08:00:00, 0.0216005
14169, 2017-05-13 09:00:00, 0.021539
14170, 2017-05-13 10:00:00, 0.0214777
14171, 2017-05-13 11:00:00, 0.0214166
14172, 2017-05-13 12:00:00, 0.0213557
14173, 2017-05-13 13:00:00, 0.021295
14174, 2017-05-13 14:00:00, 0.0212344
14175, 2017-05-13 15:00:00, 0.021174
14176, 2017-05-13 16:00:00, 0.0211139
14177, 2017-05-13 17:00:00, 0.0210541
14178, 2017-05-13 18:00:00, 0.0298362
14179, 2017-05-13 19:00:00, 0.0257
14180, 2017-05-13 20:00:00, 0.0249067
14181, 2017-05-13 21:00:00, 0.0230672
14182, 2017-05-13 22:00:00, 0.0225734
14183, 2017-05-13 23:00:00, 0.0349055
14184, 2017-05-14 00:00:00, 0.027424
14185, 2017-05-14 01:00:00, 0.0260761
14186, 2017-05-14 02:00:00, 0.0402959
14187, 2017-05-14 03:00:00, 0.0466633
14188, 2017-05-14 04:00:00, 0.12401
14189, 2017-05-14 05:00:00, 0.227497
14190, 2017-05-14 06:00:00, 0.441592
14191, 2017-05-14 07:00:00, 0.270637
14192, 2017-05-14 08:00:00, 0.161597
14193, 2017-05-14 09:00:00, 0.0407426
14194, 2017-05-14 10:00:00, 0.0221515
14195, 2017-05-14 11:00:00, 0.0203913
14196, 2017-05-14 12:00:00, 0.0199604
14197, 2017-05-14 13:00:00, 0.0199265
14198, 2017-05-14 14:00:00, 0.0198468
14199, 2017-05-14 15:00:00, 0.0197884
14200, 2017-05-14 16:00:00, 0.0197234
14201, 2017-05-14 17:00:00, 0.0196676
14202, 2017-05-14 18:00:00, 0.0196121
14203, 2017-05-14 19:00:00, 0.0195566
14204, 2017-05-14 20:00:00, 0.0195014
14205, 2017-05-14 21:00:00, 0.0194463
14206, 2017-05-14 22:00:00, 0.0193914
14207, 2017-05-14 23:00:00, 0.0193367
14208, 2017-05-15 00:00:00, 0.0192821
14209, 2017-05-15 01:00:00, 0.0192277
14210, 2017-05-15 02:00:00, 0.0191734
14211, 2017-05-15 03:00:00, 0.0191193
14212, 2017-05-15 04:00:00, 0.0190654
14213, 2017-05-15 05:00:00, 0.0190116
14214, 2017-05-15 06:00:00, 0.018958
14215, 2017-05-15 07:00:00, 0.0189126
14216, 2017-05-15 08:00:00, 0.0188917
14217, 2017-05-15 09:00:00, 0.0225991
14218, 2017-05-15 10:00:00, 0.0204774
14219, 2017-05-15 11:00:00, 0.0209439
14220, 2017-05-15 12:00:00, 0.019934
14221, 2017-05-15 13:00:00, 0.0464803
14222, 2017-05-15 14:00:00, 0.0346006
14223, 2017-05-15 15:00:00, 0.0303931
14224, 2017-05-15 16:00:00, 0.0198867
14225, 2017-05-15 17:00:00, 0.0185571
14226, 2017-05-15 18:00:00, 0.0183273
14227, 2017-05-15 19:00:00, 0.0182758
14228, 2017-05-15 20:00:00, 0.0182244
14229, 2017-05-15 21:00:00, 0.0181732
14230, 2017-05-15 22:00:00, 0.0181221
14231, 2017-05-15 23:00:00, 0.0180712
14232, 2017-05-16 00:00:00, 0.0180204
14233, 2017-05-16 01:00:00, 0.0179698
14234, 2017-05-16 02:00:00, 0.0179193
14235, 2017-05-16 03:00:00, 0.017869
14236, 2017-05-16 04:00:00, 0.0178188
14237, 2017-05-16 05:00:00, 0.0177688
14238, 2017-05-16 06:00:00, 0.017719
14239, 2017-05-16 07:00:00, 0.0176693
14240, 2017-05-16 08:00:00, 0.0176197
14241, 2017-05-16 09:00:00, 0.0175703
14242, 2017-05-16 10:00:00, 0.017521
14243, 2017-05-16 11:00:00, 0.0174719
14244, 2017-05-16 12:00:00, 0.0174229
14245, 2017-05-16 13:00:00, 0.0173741
14246, 2017-05-16 14:00:00, 0.0173254
14247, 2017-05-16 15:00:00, 0.0172769
14248, 2017-05-16 16:00:00, 0.0172285
14249, 2017-05-16 17:00:00, 0.0171802
14250, 2017-05-16 18:00:00, 0.0171321
14251, 2017-05-16 19:00:00, 0.0170842
14252, 2017-05-16 20:00:00, 0.0170364
14253, 2017-05-16 21:00:00, 0.0169887
14254, 2017-05-16 22:00:00, 0.0169412
14255, 2017-05-16 23:00:00, 0.0168938
14256, 2017-05-17 00:00:00, 0.0168465
14257, 2017-05-17 01:00:00, 0.0167994
14258, 2017-05-17 02:00:00, 0.0167524
14259, 2017-05-17 03:00:00, 0.0167056
14260, 2017-05-17 04:00:00, 0.0166589
14261, 2017-05-17 05:00:00, 0.0166124
14262, 2017-05-17 06:00:00, 0.016566
14263, 2017-05-17 07:00:00, 0.0165197
14264, 2017-05-17 08:00:00, 0.0164736
14265, 2017-05-17 09:00:00, 0.0164276
14266, 2017-05-17 10:00:00, 0.0163817
14267, 2017-05-17 11:00:00, 0.016336
14268, 2017-05-17 12:00:00, 0.0162904
14269, 2017-05-17 13:00:00, 0.0162449
14270, 2017-05-17 14:00:00, 0.0161996
14271, 2017-05-17 15:00:00, 0.0161544
14272, 2017-05-17 16:00:00, 0.0161094
14273, 2017-05-17 17:00:00, 0.0160644
14274, 2017-05-17 18:00:00, 0.0160196
14275, 2017-05-17 19:00:00, 0.015975
14276, 2017-05-17 20:00:00, 0.0159305
14277, 2017-05-17 21:00:00, 0.0158861
14278, 2017-05-17 22:00:00, 0.0158418
14279, 2017-05-17 23:00:00, 0.0157977
14280, 2017-05-18 00:00:00, 0.0157537
14281, 2017-05-18 01:00:00, 0.0157098
14282, 2017-05-18 02:00:00, 0.0156661
14283, 2017-05-18 03:00:00, 0.0156225
14284, 2017-05-18 04:00:00, 0.015579
14285, 2017-05-18 05:00:00, 0.0155356
14286, 2017-05-18 06:00:00, 0.0154924
14287, 2017-05-18 07:00:00, 0.0154493
14288, 2017-05-18 08:00:00, 0.0154063
14289, 2017-05-18 09:00:00, 0.0153635
14290, 2017-05-18 10:00:00, 0.0153208
14291, 2017-05-18 11:00:00, 0.0152782
14292, 2017-05-18 12:00:00, 0.0152357
14293, 2017-05-18 13:00:00, 0.0151934
14294, 2017-05-18 14:00:00, 0.0151511
14295, 2017-05-18 15:00:00, 0.015109
14296, 2017-05-18 16:00:00, 0.0150671
14297, 2017-05-18 17:00:00, 0.0150252
14298, 2017-05-18 18:00:00, 0.0149835
14299, 2017-05-18 19:00:00, 0.0149419
14300, 2017-05-18 20:00:00, 0.0149004
14301, 2017-05-18 21:00:00, 0.0148591
14302, 2017-05-18 22:00:00, 0.0148178
14303, 2017-05-18 23:00:00, 0.0147767
14304, 2017-05-19 00:00:00, 0.0147357
14305, 2017-05-19 01:00:00, 0.0146948
14306, 2017-05-19 02:00:00, 0.0146541
14307, 2017-05-19 03:00:00, 0.0146134
14308, 2017-05-19 04:00:00, 0.0145729
14309, 2017-05-19 05:00:00, 0.0146358
14310, 2017-05-19 06:00:00, 0.0159292
14311, 2017-05-19 07:00:00, 0.0151215
14312, 2017-05-19 08:00:00, 0.0149175
14313, 2017-05-19 09:00:00, 0.0143721
14314, 2017-05-19 10:00:00, 0.0143323
14315, 2017-05-19 11:00:00, 0.0142927
14316, 2017-05-19 12:00:00, 0.0142531
14317, 2017-05-19 13:00:00, 0.0142136
14318, 2017-05-19 14:00:00, 0.0141742
14319, 2017-05-19 15:00:00, 0.014135
14320, 2017-05-19 16:00:00, 0.0140959
14321, 2017-05-19 17:00:00, 0.0140569
14322, 2017-05-19 18:00:00, 0.014018
14323, 2017-05-19 19:00:00, 0.0139792
14324, 2017-05-19 20:00:00, 0.0139405
14325, 2017-05-19 21:00:00, 0.013902
14326, 2017-05-19 22:00:00, 0.0138635
14327, 2017-05-19 23:00:00, 0.0138252
14328, 2017-05-20 00:00:00, 0.013787
14329, 2017-05-20 01:00:00, 0.0137489
14330, 2017-05-20 02:00:00, 0.0137109
14331, 2017-05-20 03:00:00, 0.013673
14332, 2017-05-20 04:00:00, 0.0136352
14333, 2017-05-20 05:00:00, 0.0135976
14334, 2017-05-20 06:00:00, 0.01356
14335, 2017-05-20 07:00:00, 0.0135226
14336, 2017-05-20 08:00:00, 0.0134852
14337, 2017-05-20 09:00:00, 0.013448
14338, 2017-05-20 10:00:00, 0.0134109
14339, 2017-05-20 11:00:00, 0.0133739
14340, 2017-05-20 12:00:00, 0.013337
14341, 2017-05-20 13:00:00, 0.0133002
14342, 2017-05-20 14:00:00, 0.0132635
14343, 2017-05-20 15:00:00, 0.0132269
14344, 2017-05-20 16:00:00, 0.0131904
14345, 2017-05-20 17:00:00, 0.0131541
14346, 2017-05-20 18:00:00, 0.0131178
14347, 2017-05-20 19:00:00, 0.0130816
14348, 2017-05-20 20:00:00, 0.0130456
14349, 2017-05-20 21:00:00, 0.0130096
14350, 2017-05-20 22:00:00, 0.0129738
14351, 2017-05-20 23:00:00, 0.012938
14352, 2017-05-21 00:00:00, 0.0129024
14353, 2017-05-21 01:00:00, 0.0128668
14354, 2017-05-21 02:00:00, 0.0128314
14355, 2017-05-21 03:00:00, 0.0127961
14356, 2017-05-21 04:00:00, 0.0127608
14357, 2017-05-21 05:00:00, 0.0127257
14358, 2017-05-21 06:00:00, 0.0126907
14359, 2017-05-21 07:00:00, 0.0126558
14360, 2017-05-21 08:00:00, 0.0126209
14361, 2017-05-21 09:00:00, 0.0125862
14362, 2017-05-21 10:00:00, 0.0125516
14363, 2017-05-21 11:00:00, 0.0125171
14364, 2017-05-21 12:00:00, 0.0124826
14365, 2017-05-21 13:00:00, 0.0124483
14366, 2017-05-21 14:00:00, 0.0124141
14367, 2017-05-21 15:00:00, 0.0123799
14368, 2017-05-21 16:00:00, 0.0123459
14369, 2017-05-21 17:00:00, 0.012312
14370, 2017-05-21 18:00:00, 0.0122781
14371, 2017-05-21 19:00:00, 0.0122444
14372, 2017-05-21 20:00:00, 0.0122108
14373, 2017-05-21 21:00:00, 0.0121772
14374, 2017-05-21 22:00:00, 0.0121438
14375, 2017-05-21 23:00:00, 0.0121104
14376, 2017-05-22 00:00:00, 0.0120772
14377, 2017-05-22 01:00:00, 0.012044
14378, 2017-05-22 02:00:00, 0.0120109
14379, 2017-05-22 03:00:00, 0.011978
14380, 2017-05-22 04:00:00, 0.0119451
14381, 2017-05-22 05:00:00, 0.0119123
14382, 2017-05-22 06:00:00, 0.0118796
14383, 2017-05-22 07:00:00, 0.011847
14384, 2017-05-22 08:00:00, 0.011977
14385, 2017-05-22 09:00:00, 0.0124864
14386, 2017-05-22 10:00:00, 0.0125781
14387, 2017-05-22 11:00:00, 0.0122528
14388, 2017-05-22 12:00:00, 0.0119003
14389, 2017-05-22 13:00:00, 0.0116849
14390, 2017-05-22 14:00:00, 0.0116215
14391, 2017-05-22 15:00:00, 0.0115896
14392, 2017-05-22 16:00:00, 0.0115579
14393, 2017-05-22 17:00:00, 0.0115262
14394, 2017-05-22 18:00:00, 0.0114946
14395, 2017-05-22 19:00:00, 0.0114631
14396, 2017-05-22 20:00:00, 0.0114317
14397, 2017-05-22 21:00:00, 0.0114513
14398, 2017-05-22 22:00:00, 0.0114003
14399, 2017-05-22 23:00:00, 0.0122996
14400, 2017-05-23 00:00:00, 0.012741
14401, 2017-05-23 01:00:00, 0.0122645
14402, 2017-05-23 02:00:00, 0.0117365
14403, 2017-05-23 03:00:00, 0.0113017
14404, 2017-05-23 04:00:00, 0.0111982
14405, 2017-05-23 05:00:00, 0.0111532
14406, 2017-05-23 06:00:00, 0.0111226
14407, 2017-05-23 07:00:00, 0.0110922
14408, 2017-05-23 08:00:00, 0.0110619
14409, 2017-05-23 09:00:00, 0.0110316
14410, 2017-05-23 10:00:00, 0.0110015
14411, 2017-05-23 11:00:00, 0.0109714
14412, 2017-05-23 12:00:00, 0.0109414
14413, 2017-05-23 13:00:00, 0.0109115
14414, 2017-05-23 14:00:00, 0.0108817
14415, 2017-05-23 15:00:00, 0.0108519
14416, 2017-05-23 16:00:00, 0.0108223
14417, 2017-05-23 17:00:00, 0.0107927
14418, 2017-05-23 18:00:00, 0.0107632
14419, 2017-05-23 19:00:00, 0.0107338
14420, 2017-05-23 20:00:00, 0.0107045
14421, 2017-05-23 21:00:00, 0.0106752
14422, 2017-05-23 22:00:00, 0.0106461
14423, 2017-05-23 23:00:00, 0.010617
14424, 2017-05-24 00:00:00, 0.010588
14425, 2017-05-24 01:00:00, 0.0105591
14426, 2017-05-24 02:00:00, 0.0105303
14427, 2017-05-24 03:00:00, 0.0105016
14428, 2017-05-24 04:00:00, 0.0104729
14429, 2017-05-24 05:00:00, 0.0104443
14430, 2017-05-24 06:00:00, 0.0104158
14431, 2017-05-24 07:00:00, 0.0103874
14432, 2017-05-24 08:00:00, 0.0103591
14433, 2017-05-24 09:00:00, 0.0103308
14434, 2017-05-24 10:00:00, 0.0103027
14435, 2017-05-24 11:00:00, 0.0102746
14436, 2017-05-24 12:00:00, 0.0102466
14437, 2017-05-24 13:00:00, 0.0104168
14438, 2017-05-24 14:00:00, 0.0104076
14439, 2017-05-24 15:00:00, 0.0102927
14440, 2017-05-24 16:00:00, 0.0101814
14441, 2017-05-24 17:00:00, 0.0101077
14442, 2017-05-24 18:00:00, 0.0100801
14443, 2017-05-24 19:00:00, 0.0100527
14444, 2017-05-24 20:00:00, 0.0100253
14445, 2017-05-24 21:00:00, 0.00999798
14446, 2017-05-24 22:00:00, 0.00997075
14447, 2017-05-24 23:00:00, 0.0099436
14448, 2017-05-25 00:00:00, 0.00991652
14449, 2017-05-25 01:00:00, 0.00988952
14450, 2017-05-25 02:00:00, 0.0098626
14451, 2017-05-25 03:00:00, 0.00983575
14452, 2017-05-25 04:00:00, 0.00980898
14453, 2017-05-25 05:00:00, 0.00978228
14454, 2017-05-25 06:00:00, 0.00975566
14455, 2017-05-25 07:00:00, 0.00972912
14456, 2017-05-25 08:00:00, 0.00970265
14457, 2017-05-25 09:00:00, 0.00967625
14458, 2017-05-25 10:00:00, 0.00964993
14459, 2017-05-25 11:00:00, 0.00962368
14460, 2017-05-25 12:00:00, 0.00973761
14461, 2017-05-25 13:00:00, 0.0117589
14462, 2017-05-25 14:00:00, 0.0110655
14463, 2017-05-25 15:00:00, 0.0105207
14464, 2017-05-25 16:00:00, 0.00967678
14465, 2017-05-25 17:00:00, 0.00958427
14466, 2017-05-25 18:00:00, 0.00949498
14467, 2017-05-25 19:00:00, 0.00946361
14468, 2017-05-25 20:00:00, 0.0094034
14469, 2017-05-25 21:00:00, 0.00937726
14470, 2017-05-25 22:00:00, 0.00934609
14471, 2017-05-25 23:00:00, 0.00931643
14472, 2017-05-26 00:00:00, 0.00928914
14473, 2017-05-26 01:00:00, 0.00926391
14474, 2017-05-26 02:00:00, 0.00923875
14475, 2017-05-26 03:00:00, 0.0092159
14476, 2017-05-26 04:00:00, 0.0650042
14477, 2017-05-26 05:00:00, 0.103767
14478, 2017-05-26 06:00:00, 0.0653805
14479, 2017-05-26 07:00:00, 0.0424851
14480, 2017-05-26 08:00:00, 0.0847427
14481, 2017-05-26 09:00:00, 0.180871
14482, 2017-05-26 10:00:00, 0.109631
14483, 2017-05-26 11:00:00, 0.092526
14484, 2017-05-26 12:00:00, 0.0263724
14485, 2017-05-26 13:00:00, 0.0232296
14486, 2017-05-26 14:00:00, 0.0138968
14487, 2017-05-26 15:00:00, 0.0121677
14488, 2017-05-26 16:00:00, 0.0101928
14489, 2017-05-26 17:00:00, 0.00901379
14490, 2017-05-26 18:00:00, 0.00885156
14491, 2017-05-26 19:00:00, 0.00907641
14492, 2017-05-26 20:00:00, 0.00903377
14493, 2017-05-26 21:00:00, 0.00891981
14494, 2017-05-26 22:00:00, 0.00879354
14495, 2017-05-26 23:00:00, 0.00872646
14496, 2017-05-27 00:00:00, 0.0087744
14497, 2017-05-27 01:00:00, 0.00871177
14498, 2017-05-27 02:00:00, 0.00868173
14499, 2017-05-27 03:00:00, 0.00863224
14500, 2017-05-27 04:00:00, 0.00860886
14501, 2017-05-27 05:00:00, 0.00858554
14502, 2017-05-27 06:00:00, 0.00856228
14503, 2017-05-27 07:00:00, 0.00853909
14504, 2017-05-27 08:00:00, 0.00851597
14505, 2017-05-27 09:00:00, 0.00849291
14506, 2017-05-27 10:00:00, 0.00846991
14507, 2017-05-27 11:00:00, 0.00844698
14508, 2017-05-27 12:00:00, 0.00842412
14509, 2017-05-27 13:00:00, 0.00840131
14510, 2017-05-27 14:00:00, 0.00837857
14511, 2017-05-27 15:00:00, 0.0083559
14512, 2017-05-27 16:00:00, 0.00833329
14513, 2017-05-27 17:00:00, 0.00831074
14514, 2017-05-27 18:00:00, 0.00828825
14515, 2017-05-27 19:00:00, 0.00826583
14516, 2017-05-27 20:00:00, 0.00824347
14517, 2017-05-27 21:00:00, 0.00822117
14518, 2017-05-27 22:00:00, 0.00819893
14519, 2017-05-27 23:00:00, 0.00817676
14520, 2017-05-28 00:00:00, 0.00815465
14521, 2017-05-28 01:00:00, 0.0081326
14522, 2017-05-28 02:00:00, 0.00811061
14523, 2017-05-28 03:00:00, 0.00808868
14524, 2017-05-28 04:00:00, 0.00806681
14525, 2017-05-28 05:00:00, 0.00804501
14526, 2017-05-28 06:00:00, 0.00802326
14527, 2017-05-28 07:00:00, 0.00800158
14528, 2017-05-28 08:00:00, 0.00797996
14529, 2017-05-28 09:00:00, 0.00795839
14530, 2017-05-28 10:00:00, 0.00793689
14531, 2017-05-28 11:00:00, 0.00791545
14532, 2017-05-28 12:00:00, 0.00789406
14533, 2017-05-28 13:00:00, 0.00787274
14534, 2017-05-28 14:00:00, 0.00785148
14535, 2017-05-28 15:00:00, 0.00783027
14536, 2017-05-28 16:00:00, 0.00780913
14537, 2017-05-28 17:00:00, 0.00778804
14538, 2017-05-28 18:00:00, 0.00776701
14539, 2017-05-28 19:00:00, 0.00774604
14540, 2017-05-28 20:00:00, 0.00772513
14541, 2017-05-28 21:00:00, 0.00770427
14542, 2017-05-28 22:00:00, 0.00768348
14543, 2017-05-28 23:00:00, 0.00766274
14544, 2017-05-29 00:00:00, 0.00764206
14545, 2017-05-29 01:00:00, 0.00762144
14546, 2017-05-29 02:00:00, 0.00760087
14547, 2017-05-29 03:00:00, 0.00758036
14548, 2017-05-29 04:00:00, 0.00755991
14549, 2017-05-29 05:00:00, 0.00753952
14550, 2017-05-29 06:00:00, 0.00751918
14551, 2017-05-29 07:00:00, 0.0074989
14552, 2017-05-29 08:00:00, 0.00747868
14553, 2017-05-29 09:00:00, 0.00745851
14554, 2017-05-29 10:00:00, 0.00743839
14555, 2017-05-29 11:00:00, 0.00741834
14556, 2017-05-29 12:00:00, 0.00739834
14557, 2017-05-29 13:00:00, 0.00737839
14558, 2017-05-29 14:00:00, 0.0073585
14559, 2017-05-29 15:00:00, 0.00733866
14560, 2017-05-29 16:00:00, 0.00731888
14561, 2017-05-29 17:00:00, 0.00729916
14562, 2017-05-29 18:00:00, 0.00727949
14563, 2017-05-29 19:00:00, 0.00725987
14564, 2017-05-29 20:00:00, 0.00761973
14565, 2017-05-29 21:00:00, 0.00775469
14566, 2017-05-29 22:00:00, 0.00750361
14567, 2017-05-29 23:00:00, 0.00731338
14568, 2017-05-30 00:00:00, 0.0071626
14569, 2017-05-30 01:00:00, 0.00714331
14570, 2017-05-30 02:00:00, 0.00712407
14571, 2017-05-30 03:00:00, 0.00710489
14572, 2017-05-30 04:00:00, 0.00708575
14573, 2017-05-30 05:00:00, 0.00706668
14574, 2017-05-30 06:00:00, 0.00704765
14575, 2017-05-30 07:00:00, 0.00702867
14576, 2017-05-30 08:00:00, 0.00700975
14577, 2017-05-30 09:00:00, 0.00699088
14578, 2017-05-30 10:00:00, 0.00697207
14579, 2017-05-30 11:00:00, 0.0069533
14580, 2017-05-30 12:00:00, 0.00693459
14581, 2017-05-30 13:00:00, 0.00691593
14582, 2017-05-30 14:00:00, 0.00689732
14583, 2017-05-30 15:00:00, 0.00687876
14584, 2017-05-30 16:00:00, 0.00686025
14585, 2017-05-30 17:00:00, 0.0068418
14586, 2017-05-30 18:00:00, 0.00682339
14587, 2017-05-30 19:00:00, 0.00680504
14588, 2017-05-30 20:00:00, 0.00678673
14589, 2017-05-30 21:00:00, 0.00676848
14590, 2017-05-30 22:00:00, 0.00675028
14591, 2017-05-30 23:00:00, 0.00673213
14592, 2017-05-31 00:00:00, 0.00671403
14593, 2017-05-31 01:00:00, 0.00669597
14594, 2017-05-31 02:00:00, 0.00667797
14595, 2017-05-31 03:00:00, 0.00666002
14596, 2017-05-31 04:00:00, 0.00664212
14597, 2017-05-31 05:00:00, 0.00662426
14598, 2017-05-31 06:00:00, 0.00660646
14599, 2017-05-31 07:00:00, 0.0065887
14600, 2017-05-31 08:00:00, 0.006571
14601, 2017-05-31 09:00:00, 0.00655334
14602, 2017-05-31 10:00:00, 0.00653573
14603, 2017-05-31 11:00:00, 0.00651819
14604, 2017-05-31 12:00:00, 0.00650067
14605, 2017-05-31 13:00:00, 0.0064832
14606, 2017-05-31 14:00:00, 0.00646578
14607, 2017-05-31 15:00:00, 0.00644841
14608, 2017-05-31 16:00:00, 0.00643199
14609, 2017-05-31 17:00:00, 0.00641423
14610, 2017-05-31 18:00:00, 0.00639692
14611, 2017-05-31 19:00:00, 0.00637942
14612, 2017-05-31 20:00:00, 0.00636229
14613, 2017-05-31 21:00:00, 0.0063452
14614, 2017-05-31 22:00:00, 0.00632817
14615, 2017-05-31 23:00:00, 0.00631118
14616, 2017-06-01 00:00:00, 0.00629425
14617, 2017-06-01 01:00:00, 0.00627735
14618, 2017-06-01 02:00:00, 0.0349422
14619, 2017-06-01 03:00:00, 0.0193114
14620, 2017-06-01 04:00:00, 0.0166705
14621, 2017-06-01 05:00:00, 0.00667292
14622, 2017-06-01 06:00:00, 0.00645805
14623, 2017-06-01 07:00:00, 0.00636808
14624, 2017-06-01 08:00:00, 0.00618191
14625, 2017-06-01 09:00:00, 0.006144
14626, 2017-06-01 10:00:00, 0.00612743
14627, 2017-06-01 11:00:00, 0.00611099
14628, 2017-06-01 12:00:00, 0.00609467
14629, 2017-06-01 13:00:00, 0.00607826
14630, 2017-06-01 14:00:00, 0.00606194
14631, 2017-06-01 15:00:00, 0.00604563
14632, 2017-06-01 16:00:00, 0.00602942
14633, 2017-06-01 17:00:00, 0.00601325
14634, 2017-06-01 18:00:00, 0.00600971
14635, 2017-06-01 19:00:00, 0.00598677
14636, 2017-06-01 20:00:00, 0.00596959
14637, 2017-06-01 21:00:00, 0.00594902
14638, 2017-06-01 22:00:00, 0.00593308
14639, 2017-06-01 23:00:00, 0.00591717
14640, 2017-06-02 00:00:00, 0.00590131
14641, 2017-06-02 01:00:00, 0.0058855
14642, 2017-06-02 02:00:00, 0.00586972
14643, 2017-06-02 03:00:00, 0.00585399
14644, 2017-06-02 04:00:00, 0.00583831
14645, 2017-06-02 05:00:00, 0.00582267
14646, 2017-06-02 06:00:00, 0.00580706
14647, 2017-06-02 07:00:00, 0.00579151
14648, 2017-06-02 08:00:00, 0.00577599
14649, 2017-06-02 09:00:00, 0.00576052
14650, 2017-06-02 10:00:00, 0.00574509
14651, 2017-06-02 11:00:00, 0.0057297
14652, 2017-06-02 12:00:00, 0.00571436
14653, 2017-06-02 13:00:00, 0.00569905
14654, 2017-06-02 14:00:00, 0.00568379
14655, 2017-06-02 15:00:00, 0.00566857
14656, 2017-06-02 16:00:00, 0.00565339
14657, 2017-06-02 17:00:00, 0.00563826
14658, 2017-06-02 18:00:00, 0.00562316
14659, 2017-06-02 19:00:00, 0.00560811
14660, 2017-06-02 20:00:00, 0.00559309
14661, 2017-06-02 21:00:00, 0.00558782
14662, 2017-06-02 22:00:00, 0.0055676
14663, 2017-06-02 23:00:00, 0.00555183
14664, 2017-06-03 00:00:00, 0.00553345
14665, 2017-06-03 01:00:00, 0.00551865
14666, 2017-06-03 02:00:00, 0.00550388
14667, 2017-06-03 03:00:00, 0.00548915
14668, 2017-06-03 04:00:00, 0.00547446
14669, 2017-06-03 05:00:00, 0.00545982
14670, 2017-06-03 06:00:00, 0.00544521
14671, 2017-06-03 07:00:00, 0.00543064
14672, 2017-06-03 08:00:00, 0.00541611
14673, 2017-06-03 09:00:00, 0.00540163
14674, 2017-06-03 10:00:00, 0.00538718
14675, 2017-06-03 11:00:00, 0.00537277
14676, 2017-06-03 12:00:00, 0.0053584
14677, 2017-06-03 13:00:00, 0.00534407
14678, 2017-06-03 14:00:00, 0.00532978
14679, 2017-06-03 15:00:00, 0.00531553
14680, 2017-06-03 16:00:00, 0.00530131
14681, 2017-06-03 17:00:00, 0.00528714
14682, 2017-06-03 18:00:00, 0.005273
14683, 2017-06-03 19:00:00, 0.00525891
14684, 2017-06-03 20:00:00, 0.00524485
14685, 2017-06-03 21:00:00, 0.00523083
14686, 2017-06-03 22:00:00, 0.00521685
14687, 2017-06-03 23:00:00, 0.0052029
14688, 2017-06-04 00:00:00, 0.005189
14689, 2017-06-04 01:00:00, 0.00517513
14690, 2017-06-04 02:00:00, 0.0051613
14691, 2017-06-04 03:00:00, 0.00514751
14692, 2017-06-04 04:00:00, 0.00513375
14693, 2017-06-04 05:00:00, 0.00512004
14694, 2017-06-04 06:00:00, 0.00510636
14695, 2017-06-04 07:00:00, 0.00509271
14696, 2017-06-04 08:00:00, 0.00507911
14697, 2017-06-04 09:00:00, 0.00506554
14698, 2017-06-04 10:00:00, 0.00505201
14699, 2017-06-04 11:00:00, 0.00503852
14700, 2017-06-04 12:00:00, 0.00502506
14701, 2017-06-04 13:00:00, 0.00501164
14702, 2017-06-04 14:00:00, 0.00499825
14703, 2017-06-04 15:00:00, 0.00498491
14704, 2017-06-04 16:00:00, 0.00497159
14705, 2017-06-04 17:00:00, 0.00495832
14706, 2017-06-04 18:00:00, 0.00494508
14707, 2017-06-04 19:00:00, 0.00551513
14708, 2017-06-04 20:00:00, 0.00518382
14709, 2017-06-04 21:00:00, 0.00511767
14710, 2017-06-04 22:00:00, 0.00491862
14711, 2017-06-04 23:00:00, 0.00490629
14712, 2017-06-05 00:00:00, 0.00492857
14713, 2017-06-05 01:00:00, 0.00490832
14714, 2017-06-05 02:00:00, 0.00487471
14715, 2017-06-05 03:00:00, 0.00484053
14716, 2017-06-05 04:00:00, 0.00481655
14717, 2017-06-05 05:00:00, 0.00480199
14718, 2017-06-05 06:00:00, 0.00478932
14719, 2017-06-05 07:00:00, 0.00478432
14720, 2017-06-05 08:00:00, 0.00476721
14721, 2017-06-05 09:00:00, 0.00476071
14722, 2017-06-05 10:00:00, 0.00484719
14723, 2017-06-05 11:00:00, 0.00689333
14724, 2017-06-05 12:00:00, 0.00571371
14725, 2017-06-05 13:00:00, 0.00547016
14726, 2017-06-05 14:00:00, 0.00468774
14727, 2017-06-05 15:00:00, 0.00467523
14728, 2017-06-05 16:00:00, 0.00466276
14729, 2017-06-05 17:00:00, 0.00465033
14730, 2017-06-05 18:00:00, 0.00463793
14731, 2017-06-05 19:00:00, 0.00462556
14732, 2017-06-05 20:00:00, 0.00461323
14733, 2017-06-05 21:00:00, 0.00460092
14734, 2017-06-05 22:00:00, 0.00458866
14735, 2017-06-05 23:00:00, 0.00457642
14736, 2017-06-06 00:00:00, 0.00456434
14737, 2017-06-06 01:00:00, 0.00723215
14738, 2017-06-06 02:00:00, 0.082503
14739, 2017-06-06 03:00:00, 0.0807556
14740, 2017-06-06 04:00:00, 0.0651864
14741, 2017-06-06 05:00:00, 0.0257356
14742, 2017-06-06 06:00:00, 0.0100529
14743, 2017-06-06 07:00:00, 0.00462518
14744, 2017-06-06 08:00:00, 0.00458401
14745, 2017-06-06 09:00:00, 0.00445589
14746, 2017-06-06 10:00:00, 0.00444402
14747, 2017-06-06 11:00:00, 0.00443218
14748, 2017-06-06 12:00:00, 0.00442037
14749, 2017-06-06 13:00:00, 0.00718927
14750, 2017-06-06 14:00:00, 0.0219041
14751, 2017-06-06 15:00:00, 0.0313875
14752, 2017-06-06 16:00:00, 0.0438295
14753, 2017-06-06 17:00:00, 0.0225334
14754, 2017-06-06 18:00:00, 0.0134743
14755, 2017-06-06 19:00:00, 0.0043386
14756, 2017-06-06 20:00:00, 0.0260766
14757, 2017-06-06 21:00:00, 0.0434603
14758, 2017-06-06 22:00:00, 0.0629786
14759, 2017-06-06 23:00:00, 0.0365953
14760, 2017-06-07 00:00:00, 0.0200112
14761, 2017-06-07 01:00:00, 0.00595447
14762, 2017-06-07 02:00:00, 0.00425836
14763, 2017-06-07 03:00:00, 0.00424702
14764, 2017-06-07 04:00:00, 0.00423571
14765, 2017-06-07 05:00:00, 0.00422444
14766, 2017-06-07 06:00:00, 0.00421319
14767, 2017-06-07 07:00:00, 0.00420197
14768, 2017-06-07 08:00:00, 0.00419079
14769, 2017-06-07 09:00:00, 0.00417963
14770, 2017-06-07 10:00:00, 0.00416851
14771, 2017-06-07 11:00:00, 0.00415741
14772, 2017-06-07 12:00:00, 0.00414635
14773, 2017-06-07 13:00:00, 0.00413531
14774, 2017-06-07 14:00:00, 0.00412431
14775, 2017-06-07 15:00:00, 0.00411333
14776, 2017-06-07 16:00:00, 0.00410238
14777, 2017-06-07 17:00:00, 0.00409147
14778, 2017-06-07 18:00:00, 0.00408058
14779, 2017-06-07 19:00:00, 0.00406972
14780, 2017-06-07 20:00:00, 0.0040589
14781, 2017-06-07 21:00:00, 0.0040481
14782, 2017-06-07 22:00:00, 0.00403733
14783, 2017-06-07 23:00:00, 0.00402659
14784, 2017-06-08 00:00:00, 0.00401588
14785, 2017-06-08 01:00:00, 0.00400519
14786, 2017-06-08 02:00:00, 0.00399454
14787, 2017-06-08 03:00:00, 0.00398392
14788, 2017-06-08 04:00:00, 0.00397332
14789, 2017-06-08 05:00:00, 0.00396275
14790, 2017-06-08 06:00:00, 0.00395221
14791, 2017-06-08 07:00:00, 0.0039417
14792, 2017-06-08 08:00:00, 0.00393123
14793, 2017-06-08 09:00:00, 0.00392078
14794, 2017-06-08 10:00:00, 0.00391039
14795, 2017-06-08 11:00:00, 0.00389998
14796, 2017-06-08 12:00:00, 0.0038896
14797, 2017-06-08 13:00:00, 0.00387924
14798, 2017-06-08 14:00:00, 0.00386892
14799, 2017-06-08 15:00:00, 0.00385863
14800, 2017-06-08 16:00:00, 0.00384838
14801, 2017-06-08 17:00:00, 0.00383815
14802, 2017-06-08 18:00:00, 0.00382794
14803, 2017-06-08 19:00:00, 0.00381777
14804, 2017-06-08 20:00:00, 0.00380762
14805, 2017-06-08 21:00:00, 0.0037975
14806, 2017-06-08 22:00:00, 0.00378741
14807, 2017-06-08 23:00:00, 0.00377734
14808, 2017-06-09 00:00:00, 0.0037673
14809, 2017-06-09 01:00:00, 0.00375729
14810, 2017-06-09 02:00:00, 0.00374731
14811, 2017-06-09 03:00:00, 0.00373735
14812, 2017-06-09 04:00:00, 0.00372742
14813, 2017-06-09 05:00:00, 0.00371752
14814, 2017-06-09 06:00:00, 0.00370764
14815, 2017-06-09 07:00:00, 0.00369779
14816, 2017-06-09 08:00:00, 0.00368797
14817, 2017-06-09 09:00:00, 0.00367817
14818, 2017-06-09 10:00:00, 0.0036684
14819, 2017-06-09 11:00:00, 0.00365865
14820, 2017-06-09 12:00:00, 0.00364894
14821, 2017-06-09 13:00:00, 0.00363924
14822, 2017-06-09 14:00:00, 0.00362958
14823, 2017-06-09 15:00:00, 0.00361994
14824, 2017-06-09 16:00:00, 0.00361032
14825, 2017-06-09 17:00:00, 0.00360074
14826, 2017-06-09 18:00:00, 0.00359117
14827, 2017-06-09 19:00:00, 0.00358164
14828, 2017-06-09 20:00:00, 0.00357213
14829, 2017-06-09 21:00:00, 0.00356264
14830, 2017-06-09 22:00:00, 0.00355318
14831, 2017-06-09 23:00:00, 0.00354375
14832, 2017-06-10 00:00:00, 0.00353434
14833, 2017-06-10 01:00:00, 0.00352495
14834, 2017-06-10 02:00:00, 0.0035156
14835, 2017-06-10 03:00:00, 0.00350626
14836, 2017-06-10 04:00:00, 0.00349696
14837, 2017-06-10 05:00:00, 0.00348767
14838, 2017-06-10 06:00:00, 0.00347841
14839, 2017-06-10 07:00:00, 0.00346918
14840, 2017-06-10 08:00:00, 0.00345997
14841, 2017-06-10 09:00:00, 0.00345079
14842, 2017-06-10 10:00:00, 0.00344163
14843, 2017-06-10 11:00:00, 0.0034325
14844, 2017-06-10 12:00:00, 0.00342339
14845, 2017-06-10 13:00:00, 0.0034143
14846, 2017-06-10 14:00:00, 0.00340524
14847, 2017-06-10 15:00:00, 0.00339621
14848, 2017-06-10 16:00:00, 0.0033872
14849, 2017-06-10 17:00:00, 0.00337821
14850, 2017-06-10 18:00:00, 0.00336924
14851, 2017-06-10 19:00:00, 0.00336031
14852, 2017-06-10 20:00:00, 0.00335139
14853, 2017-06-10 21:00:00, 0.0033425
14854, 2017-06-10 22:00:00, 0.00333363
14855, 2017-06-10 23:00:00, 0.00332479
14856, 2017-06-11 00:00:00, 0.00331597
14857, 2017-06-11 01:00:00, 0.00330717
14858, 2017-06-11 02:00:00, 0.0032984
14859, 2017-06-11 03:00:00, 0.00328965
14860, 2017-06-11 04:00:00, 0.00328093
14861, 2017-06-11 05:00:00, 0.00327222
14862, 2017-06-11 06:00:00, 0.00326355
14863, 2017-06-11 07:00:00, 0.00325489
14864, 2017-06-11 08:00:00, 0.00324626
14865, 2017-06-11 09:00:00, 0.00323765
14866, 2017-06-11 10:00:00, 0.00322906
14867, 2017-06-11 11:00:00, 0.0032205
14868, 2017-06-11 12:00:00, 0.00321196
14869, 2017-06-11 13:00:00, 0.00320345
14870, 2017-06-11 14:00:00, 0.00319495
14871, 2017-06-11 15:00:00, 0.00318648
14872, 2017-06-11 16:00:00, 0.00317803
14873, 2017-06-11 17:00:00, 0.00316961
14874, 2017-06-11 18:00:00, 0.0031612
14875, 2017-06-11 19:00:00, 0.00315282
14876, 2017-06-11 20:00:00, 0.00314447
14877, 2017-06-11 21:00:00, 0.00313613
14878, 2017-06-11 22:00:00, 0.00312782
14879, 2017-06-11 23:00:00, 0.00311953
14880, 2017-06-12 00:00:00, 0.00311126
14881, 2017-06-12 01:00:00, 0.00310301
14882, 2017-06-12 02:00:00, 0.00309479
14883, 2017-06-12 03:00:00, 0.00308659
14884, 2017-06-12 04:00:00, 0.00307841
14885, 2017-06-12 05:00:00, 0.00307025
14886, 2017-06-12 06:00:00, 0.00306211
14887, 2017-06-12 07:00:00, 0.003054
14888, 2017-06-12 08:00:00, 0.00304591
14889, 2017-06-12 09:00:00, 0.00303783
14890, 2017-06-12 10:00:00, 0.00302979
14891, 2017-06-12 11:00:00, 0.00302176
14892, 2017-06-12 12:00:00, 0.00301375
14893, 2017-06-12 13:00:00, 0.00300577
14894, 2017-06-12 14:00:00, 0.0029978
14895, 2017-06-12 15:00:00, 0.00298986
14896, 2017-06-12 16:00:00, 0.00298194
14897, 2017-06-12 17:00:00, 0.00297404
14898, 2017-06-12 18:00:00, 0.00296616
14899, 2017-06-12 19:00:00, 0.00295831
14900, 2017-06-12 20:00:00, 0.00295047
14901, 2017-06-12 21:00:00, 0.00294266
14902, 2017-06-12 22:00:00, 0.00293486
14903, 2017-06-12 23:00:00, 0.00292709
14904, 2017-06-13 00:00:00, 0.00291934
14905, 2017-06-13 01:00:00, 0.0029116
14906, 2017-06-13 02:00:00, 0.00290389
14907, 2017-06-13 03:00:00, 0.0028962
14908, 2017-06-13 04:00:00, 0.00288853
14909, 2017-06-13 05:00:00, 0.00288088
14910, 2017-06-13 06:00:00, 0.00287326
14911, 2017-06-13 07:00:00, 0.00286565
14912, 2017-06-13 08:00:00, 0.00285806
14913, 2017-06-13 09:00:00, 0.00285049
14914, 2017-06-13 10:00:00, 0.00284295
14915, 2017-06-13 11:00:00, 0.00283542
14916, 2017-06-13 12:00:00, 0.00282791
14917, 2017-06-13 13:00:00, 0.00282042
14918, 2017-06-13 14:00:00, 0.00281296
14919, 2017-06-13 15:00:00, 0.00280551
14920, 2017-06-13 16:00:00, 0.00279808
14921, 2017-06-13 17:00:00, 0.00279068
14922, 2017-06-13 18:00:00, 0.00278329
14923, 2017-06-13 19:00:00, 0.00277592
14924, 2017-06-13 20:00:00, 0.00276858
14925, 2017-06-13 21:00:00, 0.00276125
14926, 2017-06-13 22:00:00, 0.200949
14927, 2017-06-13 23:00:00, 0.0932203
14928, 2017-06-14 00:00:00, 0.0749853
14929, 2017-06-14 01:00:00, 0.00287212
14930, 2017-06-14 02:00:00, 0.0027249
14931, 2017-06-14 03:00:00, 0.00271769
14932, 2017-06-14 04:00:00, 0.0027105
14933, 2017-06-14 05:00:00, 0.00270333
14934, 2017-06-14 06:00:00, 0.00269617
14935, 2017-06-14 07:00:00, 0.00268904
14936, 2017-06-14 08:00:00, 0.00268192
14937, 2017-06-14 09:00:00, 0.00267483
14938, 2017-06-14 10:00:00, 0.00266775
14939, 2017-06-14 11:00:00, 0.00266069
14940, 2017-06-14 12:00:00, 0.00277404
14941, 2017-06-14 13:00:00, 0.00270135
14942, 2017-06-14 14:00:00, 0.00268341
14943, 2017-06-14 15:00:00, 0.00263265
14944, 2017-06-14 16:00:00, 0.00262568
14945, 2017-06-14 17:00:00, 0.00261874
14946, 2017-06-14 18:00:00, 0.00261181
14947, 2017-06-14 19:00:00, 0.0026049
14948, 2017-06-14 20:00:00, 0.00259801
14949, 2017-06-14 21:00:00, 0.00259114
14950, 2017-06-14 22:00:00, 0.00258429
14951, 2017-06-14 23:00:00, 0.00257745
14952, 2017-06-15 00:00:00, 0.00257064
14953, 2017-06-15 01:00:00, 0.00256384
14954, 2017-06-15 02:00:00, 0.00255706
14955, 2017-06-15 03:00:00, 0.00255029
14956, 2017-06-15 04:00:00, 0.00254355
14957, 2017-06-15 05:00:00, 0.00253682
14958, 2017-06-15 06:00:00, 0.00253012
14959, 2017-06-15 07:00:00, 0.00252343
14960, 2017-06-15 08:00:00, 0.00251675
14961, 2017-06-15 09:00:00, 0.0025101
14962, 2017-06-15 10:00:00, 0.00250346
14963, 2017-06-15 11:00:00, 0.00249684
14964, 2017-06-15 12:00:00, 0.00249024
14965, 2017-06-15 13:00:00, 0.00248366
14966, 2017-06-15 14:00:00, 0.00247709
14967, 2017-06-15 15:00:00, 0.00247054
14968, 2017-06-15 16:00:00, 0.00246401
14969, 2017-06-15 17:00:00, 0.0024575
14970, 2017-06-15 18:00:00, 0.002451
14971, 2017-06-15 19:00:00, 0.00244452
14972, 2017-06-15 20:00:00, 0.00243806
14973, 2017-06-15 21:00:00, 0.00243162
14974, 2017-06-15 22:00:00, 0.00242519
14975, 2017-06-15 23:00:00, 0.00241878
14976, 2017-06-16 00:00:00, 0.00241238
14977, 2017-06-16 01:00:00, 0.00240601
14978, 2017-06-16 02:00:00, 0.00239965
14979, 2017-06-16 03:00:00, 0.00239331
14980, 2017-06-16 04:00:00, 0.00238698
14981, 2017-06-16 05:00:00, 0.00238067
14982, 2017-06-16 06:00:00, 0.00237438
14983, 2017-06-16 07:00:00, 0.00236811
14984, 2017-06-16 08:00:00, 0.00236185
14985, 2017-06-16 09:00:00, 0.00235561
14986, 2017-06-16 10:00:00, 0.00234939
14987, 2017-06-16 11:00:00, 0.00234318
14988, 2017-06-16 12:00:00, 0.00233699
14989, 2017-06-16 13:00:00, 0.00233081
14990, 2017-06-16 14:00:00, 0.00232465
14991, 2017-06-16 15:00:00, 0.00231851
14992, 2017-06-16 16:00:00, 0.00231239
14993, 2017-06-16 17:00:00, 0.00230628
14994, 2017-06-16 18:00:00, 0.00230018
14995, 2017-06-16 19:00:00, 0.226961
14996, 2017-06-16 20:00:00, 0.135939
14997, 2017-06-16 21:00:00, 0.100591
14998, 2017-06-16 22:00:00, 0.0213519
14999, 2017-06-16 23:00:00, 0.0982533
15000, 2017-06-17 00:00:00, 0.0465826
15001, 2017-06-17 01:00:00, 0.0358008
15002, 2017-06-17 02:00:00, 0.00250098
15003, 2017-06-17 03:00:00, 0.00418402
15004, 2017-06-17 04:00:00, 0.00317147
15005, 2017-06-17 05:00:00, 0.00295137
15006, 2017-06-17 06:00:00, 0.00225461
15007, 2017-06-17 07:00:00, 0.00223875
15008, 2017-06-17 08:00:00, 0.00221658
15009, 2017-06-17 09:00:00, 0.00221072
15010, 2017-06-17 10:00:00, 0.00220489
15011, 2017-06-17 11:00:00, 0.00219907
15012, 2017-06-17 12:00:00, 0.0021933
15013, 2017-06-17 13:00:00, 0.00218751
15014, 2017-06-17 14:00:00, 0.00218173
15015, 2017-06-17 15:00:00, 0.00217594
15016, 2017-06-17 16:00:00, 0.00217018
15017, 2017-06-17 17:00:00, 0.00216444
15018, 2017-06-17 18:00:00, 0.00215873
15019, 2017-06-17 19:00:00, 0.00215303
15020, 2017-06-17 20:00:00, 0.00214734
15021, 2017-06-17 21:00:00, 0.00214175
15022, 2017-06-17 22:00:00, 0.00213611
15023, 2017-06-17 23:00:00, 0.00213052
15024, 2017-06-18 00:00:00, 0.00212488
15025, 2017-06-18 01:00:00, 0.00211924
15026, 2017-06-18 02:00:00, 0.00211362
15027, 2017-06-18 03:00:00, 0.00210802
15028, 2017-06-18 04:00:00, 0.00210243
15029, 2017-06-18 05:00:00, 0.0020969
15030, 2017-06-18 06:00:00, 0.00209139
15031, 2017-06-18 07:00:00, 0.00208588
15032, 2017-06-18 08:00:00, 0.00208039
15033, 2017-06-18 09:00:00, 0.00207492
15034, 2017-06-18 10:00:00, 0.00206945
15035, 2017-06-18 11:00:00, 0.00206408
15036, 2017-06-18 12:00:00, 0.00205852
15037, 2017-06-18 13:00:00, 0.00205304
15038, 2017-06-18 14:00:00, 0.00204757
15039, 2017-06-18 15:00:00, 0.00204217
15040, 2017-06-18 16:00:00, 0.00203678
15041, 2017-06-18 17:00:00, 0.0020314
15042, 2017-06-18 18:00:00, 0.00202604
15043, 2017-06-18 19:00:00, 0.00202069
15044, 2017-06-18 20:00:00, 0.00201536
15045, 2017-06-18 21:00:00, 0.00201004
15046, 2017-06-18 22:00:00, 0.00200474
15047, 2017-06-18 23:00:00, 0.00199945
15048, 2017-06-19 00:00:00, 0.00199417
15049, 2017-06-19 01:00:00, 0.00198891
15050, 2017-06-19 02:00:00, 0.00198366
15051, 2017-06-19 03:00:00, 0.00197843
15052, 2017-06-19 04:00:00, 0.00197321
15053, 2017-06-19 05:00:00, 0.00196801
15054, 2017-06-19 06:00:00, 0.00196282
15055, 2017-06-19 07:00:00, 0.00195764
15056, 2017-06-19 08:00:00, 0.0019525
15057, 2017-06-19 09:00:00, 0.00194733
15058, 2017-06-19 10:00:00, 0.0019422
15059, 2017-06-19 11:00:00, 0.00193706
15060, 2017-06-19 12:00:00, 0.00193195
15061, 2017-06-19 13:00:00, 0.00192685
15062, 2017-06-19 14:00:00, 0.00192177
15063, 2017-06-19 15:00:00, 0.0019167
15064, 2017-06-19 16:00:00, 0.00191164
15065, 2017-06-19 17:00:00, 0.0019066
15066, 2017-06-19 18:00:00, 0.00190157
15067, 2017-06-19 19:00:00, 0.00189656
15068, 2017-06-19 20:00:00, 0.00189155
15069, 2017-06-19 21:00:00, 0.00188656
15070, 2017-06-19 22:00:00, 0.00188159
15071, 2017-06-19 23:00:00, 0.00187663
15072, 2017-06-20 00:00:00, 0.00419257
15073, 2017-06-20 01:00:00, 0.124756
15074, 2017-06-20 02:00:00, 0.0617318
15075, 2017-06-20 03:00:00, 0.047864
15076, 2017-06-20 04:00:00, 0.00319906
15077, 2017-06-20 05:00:00, 0.00186389
15078, 2017-06-20 06:00:00, 0.00184226
15079, 2017-06-20 07:00:00, 0.0018374
15080, 2017-06-20 08:00:00, 0.001839
15081, 2017-06-20 09:00:00, 0.00548477
15082, 2017-06-20 10:00:00, 0.0052992
15083, 2017-06-20 11:00:00, 0.00401528
15084, 2017-06-20 12:00:00, 0.00249272
15085, 2017-06-20 13:00:00, 0.00182464
15086, 2017-06-20 14:00:00, 0.00180375
15087, 2017-06-20 15:00:00, 0.001799
15088, 2017-06-20 16:00:00, 0.00179425
15089, 2017-06-20 17:00:00, 0.00178952
15090, 2017-06-20 18:00:00, 0.0017848
15091, 2017-06-20 19:00:00, 0.0017801
15092, 2017-06-20 20:00:00, 0.00177541
15093, 2017-06-20 21:00:00, 0.00177073
15094, 2017-06-20 22:00:00, 0.00176606
15095, 2017-06-20 23:00:00, 0.0017614
15096, 2017-06-21 00:00:00, 0.00175676
15097, 2017-06-21 01:00:00, 0.00175213
15098, 2017-06-21 02:00:00, 0.00174751
15099, 2017-06-21 03:00:00, 0.0017429
15100, 2017-06-21 04:00:00, 0.00173831
15101, 2017-06-21 05:00:00, 0.00173373
15102, 2017-06-21 06:00:00, 0.00172916
15103, 2017-06-21 07:00:00, 0.0017246
15104, 2017-06-21 08:00:00, 0.00172005
15105, 2017-06-21 09:00:00, 0.00171552
15106, 2017-06-21 10:00:00, 0.001711
15107, 2017-06-21 11:00:00, 0.00170649
15108, 2017-06-21 12:00:00, 0.00170199
15109, 2017-06-21 13:00:00, 0.00169751
15110, 2017-06-21 14:00:00, 0.00169303
15111, 2017-06-21 15:00:00, 0.00168857
15112, 2017-06-21 16:00:00, 0.00168412
15113, 2017-06-21 17:00:00, 0.00167968
15114, 2017-06-21 18:00:00, 0.00167526
15115, 2017-06-21 19:00:00, 0.00167084
15116, 2017-06-21 20:00:00, 0.00166644
15117, 2017-06-21 21:00:00, 0.00166205
15118, 2017-06-21 22:00:00, 0.00189015
15119, 2017-06-21 23:00:00, 0.00175897
15120, 2017-06-22 00:00:00, 0.00173348
15121, 2017-06-22 01:00:00, 0.0016446
15122, 2017-06-22 02:00:00, 0.00164027
15123, 2017-06-22 03:00:00, 0.00163594
15124, 2017-06-22 04:00:00, 0.00163163
15125, 2017-06-22 05:00:00, 0.00162733
15126, 2017-06-22 06:00:00, 0.00162305
15127, 2017-06-22 07:00:00, 0.00161877
15128, 2017-06-22 08:00:00, 0.00161451
15129, 2017-06-22 09:00:00, 0.00161025
15130, 2017-06-22 10:00:00, 0.00160601
15131, 2017-06-22 11:00:00, 0.00160178
15132, 2017-06-22 12:00:00, 0.00159756
15133, 2017-06-22 13:00:00, 0.00159335
15134, 2017-06-22 14:00:00, 0.00158915
15135, 2017-06-22 15:00:00, 0.00158497
15136, 2017-06-22 16:00:00, 0.00158079
15137, 2017-06-22 17:00:00, 0.00157663
15138, 2017-06-22 18:00:00, 0.00157248
15139, 2017-06-22 19:00:00, 0.00156833
15140, 2017-06-22 20:00:00, 0.0015642
15141, 2017-06-22 21:00:00, 0.00156008
15142, 2017-06-22 22:00:00, 0.00155597
15143, 2017-06-22 23:00:00, 0.00155187
15144, 2017-06-23 00:00:00, 0.00154779
15145, 2017-06-23 01:00:00, 0.00154371
15146, 2017-06-23 02:00:00, 0.00153964
15147, 2017-06-23 03:00:00, 0.00153559
15148, 2017-06-23 04:00:00, 0.00153155
15149, 2017-06-23 05:00:00, 0.00152751
15150, 2017-06-23 06:00:00, 0.00152349
15151, 2017-06-23 07:00:00, 0.00151948
15152, 2017-06-23 08:00:00, 0.00151548
15153, 2017-06-23 09:00:00, 0.00151148
15154, 2017-06-23 10:00:00, 0.0015075
15155, 2017-06-23 11:00:00, 0.00150355
15156, 2017-06-23 12:00:00, 0.00149958
15157, 2017-06-23 13:00:00, 0.00149563
15158, 2017-06-23 14:00:00, 0.00149169
15159, 2017-06-23 15:00:00, 0.00148776
15160, 2017-06-23 16:00:00, 0.00148384
15161, 2017-06-23 17:00:00, 0.00147993
15162, 2017-06-23 18:00:00, 0.00147604
15163, 2017-06-23 19:00:00, 0.00147215
15164, 2017-06-23 20:00:00, 0.00146827
15165, 2017-06-23 21:00:00, 0.00146441
15166, 2017-06-23 22:00:00, 0.00146055
15167, 2017-06-23 23:00:00, 0.00145671
15168, 2017-06-24 00:00:00, 0.00145287
15169, 2017-06-24 01:00:00, 0.00144905
15170, 2017-06-24 02:00:00, 0.00144523
15171, 2017-06-24 03:00:00, 0.00144143
15172, 2017-06-24 04:00:00, 0.00143763
15173, 2017-06-24 05:00:00, 0.00143385
15174, 2017-06-24 06:00:00, 0.00143007
15175, 2017-06-24 07:00:00, 0.00142631
15176, 2017-06-24 08:00:00, 0.00142255
15177, 2017-06-24 09:00:00, 0.00141881
15178, 2017-06-24 10:00:00, 0.00141507
15179, 2017-06-24 11:00:00, 0.00141135
15180, 2017-06-24 12:00:00, 0.00140763
15181, 2017-06-24 13:00:00, 0.00959351
15182, 2017-06-24 14:00:00, 0.01954
15183, 2017-06-24 15:00:00, 0.0109279
15184, 2017-06-24 16:00:00, 0.00679037
15185, 2017-06-24 17:00:00, 0.0014596
15186, 2017-06-24 18:00:00, 0.00144186
15187, 2017-06-24 19:00:00, 0.0013819
15188, 2017-06-24 20:00:00, 0.00137826
15189, 2017-06-24 21:00:00, 0.00137464
15190, 2017-06-24 22:00:00, 0.00137102
15191, 2017-06-24 23:00:00, 0.00136741
15192, 2017-06-25 00:00:00, 0.00136381
15193, 2017-06-25 01:00:00, 0.00136022
15194, 2017-06-25 02:00:00, 0.00135664
15195, 2017-06-25 03:00:00, 0.00135307
15196, 2017-06-25 04:00:00, 0.00134951
15197, 2017-06-25 05:00:00, 0.00134596
15198, 2017-06-25 06:00:00, 0.00134242
15199, 2017-06-25 07:00:00, 0.00133888
15200, 2017-06-25 08:00:00, 0.00133536
15201, 2017-06-25 09:00:00, 0.00133185
15202, 2017-06-25 10:00:00, 0.00132834
15203, 2017-06-25 11:00:00, 0.00132484
15204, 2017-06-25 12:00:00, 0.00132136
15205, 2017-06-25 13:00:00, 0.00131788
15206, 2017-06-25 14:00:00, 0.00131441
15207, 2017-06-25 15:00:00, 0.00131095
15208, 2017-06-25 16:00:00, 0.00130751
15209, 2017-06-25 17:00:00, 0.00130406
15210, 2017-06-25 18:00:00, 0.00130063
15211, 2017-06-25 19:00:00, 0.00129721
15212, 2017-06-25 20:00:00, 0.0012938
15213, 2017-06-25 21:00:00, 0.056938
15214, 2017-06-25 22:00:00, 0.0266018
15215, 2017-06-25 23:00:00, 0.0215284
15216, 2017-06-26 00:00:00, 0.00128765
15217, 2017-06-26 01:00:00, 0.00127687
15218, 2017-06-26 02:00:00, 0.00127351
15219, 2017-06-26 03:00:00, 0.00127016
15220, 2017-06-26 04:00:00, 0.00127185
15221, 2017-06-26 05:00:00, 0.00126577
15222, 2017-06-26 06:00:00, 0.00126199
15223, 2017-06-26 07:00:00, 0.00125684
15224, 2017-06-26 08:00:00, 0.00125354
15225, 2017-06-26 09:00:00, 0.00125024
15226, 2017-06-26 10:00:00, 0.00124695
15227, 2017-06-26 11:00:00, 0.00124367
15228, 2017-06-26 12:00:00, 0.0012404
15229, 2017-06-26 13:00:00, 0.00123714
15230, 2017-06-26 14:00:00, 0.00123388
15231, 2017-06-26 15:00:00, 0.00123064
15232, 2017-06-26 16:00:00, 0.0012274
15233, 2017-06-26 17:00:00, 0.00122417
15234, 2017-06-26 18:00:00, 0.00122095
15235, 2017-06-26 19:00:00, 0.00121774
15236, 2017-06-26 20:00:00, 0.00121454
15237, 2017-06-26 21:00:00, 0.00121134
15238, 2017-06-26 22:00:00, 0.00120815
15239, 2017-06-26 23:00:00, 0.00120498
15240, 2017-06-27 00:00:00, 0.00120181
15241, 2017-06-27 01:00:00, 0.00119865
15242, 2017-06-27 02:00:00, 0.00119549
15243, 2017-06-27 03:00:00, 0.00119235
15244, 2017-06-27 04:00:00, 0.00118921
15245, 2017-06-27 05:00:00, 0.00118609
15246, 2017-06-27 06:00:00, 0.00118297
15247, 2017-06-27 07:00:00, 0.00117986
15248, 2017-06-27 08:00:00, 0.00117675
15249, 2017-06-27 09:00:00, 0.00117366
15250, 2017-06-27 10:00:00, 0.00117057
15251, 2017-06-27 11:00:00, 0.00116749
15252, 2017-06-27 12:00:00, 0.00116442
15253, 2017-06-27 13:00:00, 0.00116136
15254, 2017-06-27 14:00:00, 0.00130949
15255, 2017-06-27 15:00:00, 0.00122398
15256, 2017-06-27 16:00:00, 0.0012072
15257, 2017-06-27 17:00:00, 0.00114919
15258, 2017-06-27 18:00:00, 0.00114617
15259, 2017-06-27 19:00:00, 0.00114316
15260, 2017-06-27 20:00:00, 0.00114015
15261, 2017-06-27 21:00:00, 0.00113715
15262, 2017-06-27 22:00:00, 0.00302328
15263, 2017-06-27 23:00:00, 0.00207357
15264, 2017-06-28 00:00:00, 0.226545
15265, 2017-06-28 01:00:00, 0.104017
15266, 2017-06-28 02:00:00, 0.0831595
15267, 2017-06-28 03:00:00, 0.00138434
15268, 2017-06-28 04:00:00, 0.00111639
15269, 2017-06-28 05:00:00, 0.00111345
15270, 2017-06-28 06:00:00, 0.00111052
15271, 2017-06-28 07:00:00, 0.0011076
15272, 2017-06-28 08:00:00, 0.00110469
15273, 2017-06-28 09:00:00, 0.00110179
15274, 2017-06-28 10:00:00, 0.00109889
15275, 2017-06-28 11:00:00, 0.001096
15276, 2017-06-28 12:00:00, 0.00109312
15277, 2017-06-28 13:00:00, 0.00109025
15278, 2017-06-28 14:00:00, 0.00108738
15279, 2017-06-28 15:00:00, 0.00108452
15280, 2017-06-28 16:00:00, 0.00108167
15281, 2017-06-28 17:00:00, 0.00107883
15282, 2017-06-28 18:00:00, 0.00107599
15283, 2017-06-28 19:00:00, 0.00107316
15284, 2017-06-28 20:00:00, 0.00107034
15285, 2017-06-28 21:00:00, 0.00106753
15286, 2017-06-28 22:00:00, 0.00106472
15287, 2017-06-28 23:00:00, 0.00106192
15288, 2017-06-29 00:00:00, 0.00105913
15289, 2017-06-29 01:00:00, 0.00105635
15290, 2017-06-29 02:00:00, 0.00105357
15291, 2017-06-29 03:00:00, 0.0010508
15292, 2017-06-29 04:00:00, 0.00104804
15293, 2017-06-29 05:00:00, 0.00104528
15294, 2017-06-29 06:00:00, 0.00104254
15295, 2017-06-29 07:00:00, 0.0010398
15296, 2017-06-29 08:00:00, 0.00103706
15297, 2017-06-29 09:00:00, 0.00103434
15298, 2017-06-29 10:00:00, 0.00103162
15299, 2017-06-29 11:00:00, 0.00102891
15300, 2017-06-29 12:00:00, 0.0010262
15301, 2017-06-29 13:00:00, 0.00102351
15302, 2017-06-29 14:00:00, 0.00102082
15303, 2017-06-29 15:00:00, 0.00101813
15304, 2017-06-29 16:00:00, 0.00101546
15305, 2017-06-29 17:00:00, 0.00101279
15306, 2017-06-29 18:00:00, 0.00101013
15307, 2017-06-29 19:00:00, 0.00100747
15308, 2017-06-29 20:00:00, 0.00100482
15309, 2017-06-29 21:00:00, 0.00100218
15310, 2017-06-29 22:00:00, 0.000999549
15311, 2017-06-29 23:00:00, 0.000996922
15312, 2017-06-30 00:00:00, 0.000994302
15313, 2017-06-30 01:00:00, 0.000991689
15314, 2017-06-30 02:00:00, 0.000989083
15315, 2017-06-30 03:00:00, 0.000986484
15316, 2017-06-30 04:00:00, 0.000983892
15317, 2017-06-30 05:00:00, 0.000981306
15318, 2017-06-30 06:00:00, 0.000978727
15319, 2017-06-30 07:00:00, 0.000976156
15320, 2017-06-30 08:00:00, 0.00097359
15321, 2017-06-30 09:00:00, 0.000971032
15322, 2017-06-30 10:00:00, 0.00096848
15323, 2017-06-30 11:00:00, 0.000965936
15324, 2017-06-30 12:00:00, 0.000963397
15325, 2017-06-30 13:00:00, 0.000960866
15326, 2017-06-30 14:00:00, 0.000958341
15327, 2017-06-30 15:00:00, 0.000955823
15328, 2017-06-30 16:00:00, 0.000953312
15329, 2017-06-30 17:00:00, 0.000950807
15330, 2017-06-30 18:00:00, 0.000948309
15331, 2017-06-30 19:00:00, 0.000945817
15332, 2017-06-30 20:00:00, 0.000943332
15333, 2017-06-30 21:00:00, 0.000940853
15334, 2017-06-30 22:00:00, 0.000938381
15335, 2017-06-30 23:00:00, 0.00180994
15336, 2017-07-01 00:00:00, 0.0656628
15337, 2017-07-01 01:00:00, 0.0392566
15338, 2017-07-01 02:00:00, 0.028344
15339, 2017-07-01 03:00:00, 0.00413075
15340, 2017-07-01 04:00:00, 0.00107289
15341, 2017-07-01 05:00:00, 0.000982887
15342, 2017-07-01 06:00:00, 0.000968141
15343, 2017-07-01 07:00:00, 0.000916425
15344, 2017-07-01 08:00:00, 0.000914017
15345, 2017-07-01 09:00:00, 0.000911616
15346, 2017-07-01 10:00:00, 0.000909221
15347, 2017-07-01 11:00:00, 0.000906844
15348, 2017-07-01 12:00:00, 0.000904808
15349, 2017-07-01 13:00:00, 0.000902239
15350, 2017-07-01 14:00:00, 0.000899832
15351, 2017-07-01 15:00:00, 0.000897341
15352, 2017-07-01 16:00:00, 0.000894984
15353, 2017-07-01 17:00:00, 0.000892633
15354, 2017-07-01 18:00:00, 0.000890288
15355, 2017-07-01 19:00:00, 0.000887949
15356, 2017-07-01 20:00:00, 0.000885617
15357, 2017-07-01 21:00:00, 0.00088329
15358, 2017-07-01 22:00:00, 0.00088097
15359, 2017-07-01 23:00:00, 0.000878656
15360, 2017-07-02 00:00:00, 0.000876348
15361, 2017-07-02 01:00:00, 0.000874046
15362, 2017-07-02 02:00:00, 0.00087175
15363, 2017-07-02 03:00:00, 0.00086946
15364, 2017-07-02 04:00:00, 0.000867177
15365, 2017-07-02 05:00:00, 0.000864899
15366, 2017-07-02 06:00:00, 0.000862627
15367, 2017-07-02 07:00:00, 0.000860361
15368, 2017-07-02 08:00:00, 0.000858102
15369, 2017-07-02 09:00:00, 0.000855865
15370, 2017-07-02 10:00:00, 0.000853668
15371, 2017-07-02 11:00:00, 0.000851463
15372, 2017-07-02 12:00:00, 0.000849176
15373, 2017-07-02 13:00:00, 0.000846918
15374, 2017-07-02 14:00:00, 0.000844668
15375, 2017-07-02 15:00:00, 0.000842449
15376, 2017-07-02 16:00:00, 0.000840237
15377, 2017-07-02 17:00:00, 0.00083803
15378, 2017-07-02 18:00:00, 0.000835829
15379, 2017-07-02 19:00:00, 0.000833634
15380, 2017-07-02 20:00:00, 0.000831444
15381, 2017-07-02 21:00:00, 0.000829261
15382, 2017-07-02 22:00:00, 0.000827083
15383, 2017-07-02 23:00:00, 0.000824911
15384, 2017-07-03 00:00:00, 0.000822745
15385, 2017-07-03 01:00:00, 0.000820584
15386, 2017-07-03 02:00:00, 0.000818429
15387, 2017-07-03 03:00:00, 0.00081628
15388, 2017-07-03 04:00:00, 0.000814136
15389, 2017-07-03 05:00:00, 0.000811998
15390, 2017-07-03 06:00:00, 0.000809866
15391, 2017-07-03 07:00:00, 0.000807739
15392, 2017-07-03 08:00:00, 0.000805618
15393, 2017-07-03 09:00:00, 0.000803503
15394, 2017-07-03 10:00:00, 0.000801393
15395, 2017-07-03 11:00:00, 0.000799288
15396, 2017-07-03 12:00:00, 0.000797189
15397, 2017-07-03 13:00:00, 0.000795096
15398, 2017-07-03 14:00:00, 0.000793008
15399, 2017-07-03 15:00:00, 0.000790926
15400, 2017-07-03 16:00:00, 0.000788849
15401, 2017-07-03 17:00:00, 0.000786778
15402, 2017-07-03 18:00:00, 0.000784712
15403, 2017-07-03 19:00:00, 0.000782651
15404, 2017-07-03 20:00:00, 0.000780596
15405, 2017-07-03 21:00:00, 0.000778547
15406, 2017-07-03 22:00:00, 0.000776503
15407, 2017-07-03 23:00:00, 0.000774464
15408, 2017-07-04 00:00:00, 0.00077243
15409, 2017-07-04 01:00:00, 0.000770402
15410, 2017-07-04 02:00:00, 0.000768379
15411, 2017-07-04 03:00:00, 0.000766362
15412, 2017-07-04 04:00:00, 0.00076435
15413, 2017-07-04 05:00:00, 0.000762343
15414, 2017-07-04 06:00:00, 0.000760342
15415, 2017-07-04 07:00:00, 0.000758345
15416, 2017-07-04 08:00:00, 0.000756354
15417, 2017-07-04 09:00:00, 0.000754369
15418, 2017-07-04 10:00:00, 0.000752388
15419, 2017-07-04 11:00:00, 0.000750413
15420, 2017-07-04 12:00:00, 0.000748443
15421, 2017-07-04 13:00:00, 0.000746478
15422, 2017-07-04 14:00:00, 0.000744518
15423, 2017-07-04 15:00:00, 0.000742563
15424, 2017-07-04 16:00:00, 0.000740614
15425, 2017-07-04 17:00:00, 0.00073867
15426, 2017-07-04 18:00:00, 0.00073673
15427, 2017-07-04 19:00:00, 0.000734796
15428, 2017-07-04 20:00:00, 0.000732867
15429, 2017-07-04 21:00:00, 0.000730943
15430, 2017-07-04 22:00:00, 0.000729025
15431, 2017-07-04 23:00:00, 0.000727111
15432, 2017-07-05 00:00:00, 0.000725202
15433, 2017-07-05 01:00:00, 0.000723298
15434, 2017-07-05 02:00:00, 0.0007214
15435, 2017-07-05 03:00:00, 0.000719506
15436, 2017-07-05 04:00:00, 0.000717617
15437, 2017-07-05 05:00:00, 0.000715733
15438, 2017-07-05 06:00:00, 0.000713855
15439, 2017-07-05 07:00:00, 0.000711981
15440, 2017-07-05 08:00:00, 0.000710112
15441, 2017-07-05 09:00:00, 0.000708248
15442, 2017-07-05 10:00:00, 0.000706389
15443, 2017-07-05 11:00:00, 0.000704534
15444, 2017-07-05 12:00:00, 0.000702685
15445, 2017-07-05 13:00:00, 0.000700841
15446, 2017-07-05 14:00:00, 0.000699001
15447, 2017-07-05 15:00:00, 0.000697166
15448, 2017-07-05 16:00:00, 0.000695336
15449, 2017-07-05 17:00:00, 0.000693511
15450, 2017-07-05 18:00:00, 0.000691691
15451, 2017-07-05 19:00:00, 0.000689875
15452, 2017-07-05 20:00:00, 0.000688065
15453, 2017-07-05 21:00:00, 0.000686259
15454, 2017-07-05 22:00:00, 0.000684458
15455, 2017-07-05 23:00:00, 0.000682661
15456, 2017-07-06 00:00:00, 0.000680869
15457, 2017-07-06 01:00:00, 0.000679082
15458, 2017-07-06 02:00:00, 0.0006773
15459, 2017-07-06 03:00:00, 0.000675522
15460, 2017-07-06 04:00:00, 0.000673749
15461, 2017-07-06 05:00:00, 0.000671981
15462, 2017-07-06 06:00:00, 0.000670217
15463, 2017-07-06 07:00:00, 0.000668458
15464, 2017-07-06 08:00:00, 0.000666704
15465, 2017-07-06 09:00:00, 0.000664954
15466, 2017-07-06 10:00:00, 0.000663209
15467, 2017-07-06 11:00:00, 0.000661475
15468, 2017-07-06 12:00:00, 0.000659735
15469, 2017-07-06 13:00:00, 0.000658003
15470, 2017-07-06 14:00:00, 0.000656274
15471, 2017-07-06 15:00:00, 0.000654552
15472, 2017-07-06 16:00:00, 0.000652834
15473, 2017-07-06 17:00:00, 0.000651121
15474, 2017-07-06 18:00:00, 0.000649412
15475, 2017-07-06 19:00:00, 0.000647708
15476, 2017-07-06 20:00:00, 0.000646008
15477, 2017-07-06 21:00:00, 0.000644313
15478, 2017-07-06 22:00:00, 0.000642622
15479, 2017-07-06 23:00:00, 0.000640936
15480, 2017-07-07 00:00:00, 0.000639254
15481, 2017-07-07 01:00:00, 0.000637576
15482, 2017-07-07 02:00:00, 0.000635903
15483, 2017-07-07 03:00:00, 0.000634234
15484, 2017-07-07 04:00:00, 0.00063257
15485, 2017-07-07 05:00:00, 0.00063091
15486, 2017-07-07 06:00:00, 0.000629255
15487, 2017-07-07 07:00:00, 0.000627603
15488, 2017-07-07 08:00:00, 0.000625957
15489, 2017-07-07 09:00:00, 0.000624314
15490, 2017-07-07 10:00:00, 0.000622676
15491, 2017-07-07 11:00:00, 0.000621042
15492, 2017-07-07 12:00:00, 0.000641217
15493, 2017-07-07 13:00:00, 0.000657686
15494, 2017-07-07 14:00:00, 0.00224217
15495, 2017-07-07 15:00:00, 0.224395
15496, 2017-07-07 16:00:00, 0.434373
15497, 2017-07-07 17:00:00, 0.475136
15498, 2017-07-07 18:00:00, 0.27077
15499, 2017-07-07 19:00:00, 0.143185
15500, 2017-07-07 20:00:00, 0.0362367
15501, 2017-07-07 21:00:00, 0.0160674
15502, 2017-07-07 22:00:00, 0.00234234
15503, 2017-07-07 23:00:00, 0.000607794
15504, 2017-07-08 00:00:00, 0.000600188
15505, 2017-07-08 01:00:00, 0.000598613
15506, 2017-07-08 02:00:00, 0.000597043
15507, 2017-07-08 03:00:00, 0.000595476
15508, 2017-07-08 04:00:00, 0.000593914
15509, 2017-07-08 05:00:00, 0.000592356
15510, 2017-07-08 06:00:00, 0.000590801
15511, 2017-07-08 07:00:00, 0.000589251
15512, 2017-07-08 08:00:00, 0.000588654
15513, 2017-07-08 09:00:00, 0.000586602
15514, 2017-07-08 10:00:00, 0.000585016
15515, 2017-07-08 11:00:00, 0.000583224
15516, 2017-07-08 12:00:00, 0.000581753
15517, 2017-07-08 13:00:00, 0.000580195
15518, 2017-07-08 14:00:00, 0.000578588
15519, 2017-07-08 15:00:00, 0.000577019
15520, 2017-07-08 16:00:00, 0.000575483
15521, 2017-07-08 17:00:00, 0.000573973
15522, 2017-07-08 18:00:00, 0.000572467
15523, 2017-07-08 19:00:00, 0.000570965
15524, 2017-07-08 20:00:00, 0.000569467
15525, 2017-07-08 21:00:00, 0.000567973
15526, 2017-07-08 22:00:00, 0.000566483
15527, 2017-07-08 23:00:00, 0.000606122
15528, 2017-07-09 00:00:00, 0.000590984
15529, 2017-07-09 01:00:00, 0.00058098
15530, 2017-07-09 02:00:00, 0.000563754
15531, 2017-07-09 03:00:00, 0.000559092
15532, 2017-07-09 04:00:00, 0.000557625
15533, 2017-07-09 05:00:00, 0.000556162
15534, 2017-07-09 06:00:00, 0.000554703
15535, 2017-07-09 07:00:00, 0.000553248
15536, 2017-07-09 08:00:00, 0.000551797
15537, 2017-07-09 09:00:00, 0.000550349
15538, 2017-07-09 10:00:00, 0.000548906
15539, 2017-07-09 11:00:00, 0.000547466
15540, 2017-07-09 12:00:00, 0.00054603
15541, 2017-07-09 13:00:00, 0.000544597
15542, 2017-07-09 14:00:00, 0.000543169
15543, 2017-07-09 15:00:00, 0.000541744
15544, 2017-07-09 16:00:00, 0.000540323
15545, 2017-07-09 17:00:00, 0.000538905
15546, 2017-07-09 18:00:00, 0.000537492
15547, 2017-07-09 19:00:00, 0.000536082
15548, 2017-07-09 20:00:00, 0.000534676
15549, 2017-07-09 21:00:00, 0.000533273
15550, 2017-07-09 22:00:00, 0.000531874
15551, 2017-07-09 23:00:00, 0.000530479
15552, 2017-07-10 00:00:00, 0.000529088
15553, 2017-07-10 01:00:00, 0.0005277
15554, 2017-07-10 02:00:00, 0.000526316
15555, 2017-07-10 03:00:00, 0.000524935
15556, 2017-07-10 04:00:00, 0.000523558
15557, 2017-07-10 05:00:00, 0.000522185
15558, 2017-07-10 06:00:00, 0.000520815
15559, 2017-07-10 07:00:00, 0.000519449
15560, 2017-07-10 08:00:00, 0.000518087
15561, 2017-07-10 09:00:00, 0.000516728
15562, 2017-07-10 10:00:00, 0.000515373
15563, 2017-07-10 11:00:00, 0.000514021
15564, 2017-07-10 12:00:00, 0.000512673
15565, 2017-07-10 13:00:00, 0.000511328
15566, 2017-07-10 14:00:00, 0.000509987
15567, 2017-07-10 15:00:00, 0.000508649
15568, 2017-07-10 16:00:00, 0.000507315
15569, 2017-07-10 17:00:00, 0.000505985
15570, 2017-07-10 18:00:00, 0.000504658
15571, 2017-07-10 19:00:00, 0.000503334
15572, 2017-07-10 20:00:00, 0.000502014
15573, 2017-07-10 21:00:00, 0.000500697
15574, 2017-07-10 22:00:00, 0.000499384
15575, 2017-07-10 23:00:00, 0.000498074
15576, 2017-07-11 00:00:00, 0.000496768
15577, 2017-07-11 01:00:00, 0.000495465
15578, 2017-07-11 02:00:00, 0.000494166
15579, 2017-07-11 03:00:00, 0.00049287
15580, 2017-07-11 04:00:00, 0.00057651
15581, 2017-07-11 05:00:00, 0.000528894
15582, 2017-07-11 06:00:00, 0.000519887
15583, 2017-07-11 07:00:00, 0.000495741
15584, 2017-07-11 08:00:00, 0.00192001
15585, 2017-07-11 09:00:00, 0.0205201
15586, 2017-07-11 10:00:00, 0.43566
15587, 2017-07-11 11:00:00, 0.229219
15588, 2017-07-11 12:00:00, 0.172548
15589, 2017-07-11 13:00:00, 0.0129656
15590, 2017-07-11 14:00:00, 0.00220154
15591, 2017-07-11 15:00:00, 0.00056682
15592, 2017-07-11 16:00:00, 0.000476328
15593, 2017-07-11 17:00:00, 0.000475079
15594, 2017-07-11 18:00:00, 0.000473833
15595, 2017-07-11 19:00:00, 0.00047259
15596, 2017-07-11 20:00:00, 0.000471351
15597, 2017-07-11 21:00:00, 0.000470115
15598, 2017-07-11 22:00:00, 0.000468882
15599, 2017-07-11 23:00:00, 0.000467653
15600, 2017-07-12 00:00:00, 0.000466426
15601, 2017-07-12 01:00:00, 0.000465203
15602, 2017-07-12 02:00:00, 0.000463983
15603, 2017-07-12 03:00:00, 0.000462766
15604, 2017-07-12 04:00:00, 0.000461553
15605, 2017-07-12 05:00:00, 0.000460343
15606, 2017-07-12 06:00:00, 0.000459135
15607, 2017-07-12 07:00:00, 0.000457932
15608, 2017-07-12 08:00:00, 0.000456731
15609, 2017-07-12 09:00:00, 0.000455533
15610, 2017-07-12 10:00:00, 0.000454351
15611, 2017-07-12 11:00:00, 0.000453219
15612, 2017-07-12 12:00:00, 0.000451994
15613, 2017-07-12 13:00:00, 0.000450798
15614, 2017-07-12 14:00:00, 0.000449592
15615, 2017-07-12 15:00:00, 0.000448413
15616, 2017-07-12 16:00:00, 0.000447237
15617, 2017-07-12 17:00:00, 0.000446064
15618, 2017-07-12 18:00:00, 0.000444895
15619, 2017-07-12 19:00:00, 0.000443728
15620, 2017-07-12 20:00:00, 0.000515404
15621, 2017-07-12 21:00:00, 0.0037626
15622, 2017-07-12 22:00:00, 1.02559
15623, 2017-07-12 23:00:00, 2.82884
15624, 2017-07-13 00:00:00, 1.44768
15625, 2017-07-13 01:00:00, 0.859958
15626, 2017-07-13 02:00:00, 0.000950061
15627, 2017-07-13 03:00:00, 0.000434505
15628, 2017-07-13 04:00:00, 0.000433376
15629, 2017-07-13 05:00:00, 0.000432239
15630, 2017-07-13 06:00:00, 0.000431107
15631, 2017-07-13 07:00:00, 0.00042997
15632, 2017-07-13 08:00:00, 0.00042884
15633, 2017-07-13 09:00:00, 0.000443486
15634, 2017-07-13 10:00:00, 0.000433762
15635, 2017-07-13 11:00:00, 0.000431321
15636, 2017-07-13 12:00:00, 0.000424635
15637, 2017-07-13 13:00:00, 0.000423703
15638, 2017-07-13 14:00:00, 0.000422383
15639, 2017-07-13 15:00:00, 0.000421154
15640, 2017-07-13 16:00:00, 0.000419934
15641, 2017-07-13 17:00:00, 0.000418825
15642, 2017-07-13 18:00:00, 0.000417727
15643, 2017-07-13 19:00:00, 0.00614928
15644, 2017-07-13 20:00:00, 0.00934499
15645, 2017-07-13 21:00:00, 0.58973
15646, 2017-07-13 22:00:00, 0.273938
15647, 2017-07-13 23:00:00, 0.215892
15648, 2017-07-14 00:00:00, 0.0026494
15649, 2017-07-14 01:00:00, 0.000569277
15650, 2017-07-14 02:00:00, 0.000409045
15651, 2017-07-14 03:00:00, 0.000407973
15652, 2017-07-14 04:00:00, 0.000406903
15653, 2017-07-14 05:00:00, 0.000405836
15654, 2017-07-14 06:00:00, 0.000404772
15655, 2017-07-14 07:00:00, 0.000403711
15656, 2017-07-14 08:00:00, 0.000402653
15657, 2017-07-14 09:00:00, 0.000401597
15658, 2017-07-14 10:00:00, 0.000400544
15659, 2017-07-14 11:00:00, 0.000399494
15660, 2017-07-14 12:00:00, 0.000398447
15661, 2017-07-14 13:00:00, 0.000397402
15662, 2017-07-14 14:00:00, 0.00109624
15663, 2017-07-14 15:00:00, 0.000734493
15664, 2017-07-14 16:00:00, 0.000658353
15665, 2017-07-14 17:00:00, 0.000400903
15666, 2017-07-14 18:00:00, 0.00039222
15667, 2017-07-14 19:00:00, 0.000391192
15668, 2017-07-14 20:00:00, 0.000390167
15669, 2017-07-14 21:00:00, 0.000389144
15670, 2017-07-14 22:00:00, 0.000388124
15671, 2017-07-14 23:00:00, 0.000387106
15672, 2017-07-15 00:00:00, 0.000386091
15673, 2017-07-15 01:00:00, 0.000385079
15674, 2017-07-15 02:00:00, 0.00038407
15675, 2017-07-15 03:00:00, 0.000383063
15676, 2017-07-15 04:00:00, 0.000382059
15677, 2017-07-15 05:00:00, 0.000381057
15678, 2017-07-15 06:00:00, 0.000380058
15679, 2017-07-15 07:00:00, 0.000379062
15680, 2017-07-15 08:00:00, 0.000378068
15681, 2017-07-15 09:00:00, 0.000377077
15682, 2017-07-15 10:00:00, 0.000376089
15683, 2017-07-15 11:00:00, 0.000375103
15684, 2017-07-15 12:00:00, 0.000374119
15685, 2017-07-15 13:00:00, 0.000373139
15686, 2017-07-15 14:00:00, 0.000372161
15687, 2017-07-15 15:00:00, 0.000371185
15688, 2017-07-15 16:00:00, 0.000370212
15689, 2017-07-15 17:00:00, 0.000369242
15690, 2017-07-15 18:00:00, 0.000368274
15691, 2017-07-15 19:00:00, 0.000367308
15692, 2017-07-15 20:00:00, 0.000366345
15693, 2017-07-15 21:00:00, 0.000365385
15694, 2017-07-15 22:00:00, 0.000364427
15695, 2017-07-15 23:00:00, 0.000363472
15696, 2017-07-16 00:00:00, 0.000362519
15697, 2017-07-16 01:00:00, 0.000361569
15698, 2017-07-16 02:00:00, 0.000360621
15699, 2017-07-16 03:00:00, 0.000359676
15700, 2017-07-16 04:00:00, 0.000358733
15701, 2017-07-16 05:00:00, 0.000357793
15702, 2017-07-16 06:00:00, 0.000356855
15703, 2017-07-16 07:00:00, 0.00035592
15704, 2017-07-16 08:00:00, 0.000354987
15705, 2017-07-16 09:00:00, 0.000354056
15706, 2017-07-16 10:00:00, 0.000353128
15707, 2017-07-16 11:00:00, 0.000352224
15708, 2017-07-16 12:00:00, 0.000351289
15709, 2017-07-16 13:00:00, 0.000350367
15710, 2017-07-16 14:00:00, 0.00034944
15711, 2017-07-16 15:00:00, 0.000348525
15712, 2017-07-16 16:00:00, 0.000347611
15713, 2017-07-16 17:00:00, 0.0003467
15714, 2017-07-16 18:00:00, 0.000345791
15715, 2017-07-16 19:00:00, 0.000344885
15716, 2017-07-16 20:00:00, 0.000343981
15717, 2017-07-16 21:00:00, 0.000343079
15718, 2017-07-16 22:00:00, 0.00034218
15719, 2017-07-16 23:00:00, 0.000341283
15720, 2017-07-17 00:00:00, 0.000340389
15721, 2017-07-17 01:00:00, 0.000339496
15722, 2017-07-17 02:00:00, 0.000338607
15723, 2017-07-17 03:00:00, 0.000337719
15724, 2017-07-17 04:00:00, 0.000336834
15725, 2017-07-17 05:00:00, 0.000335951
15726, 2017-07-17 06:00:00, 0.000335071
15727, 2017-07-17 07:00:00, 0.000334192
15728, 2017-07-17 08:00:00, 0.000333317
15729, 2017-07-17 09:00:00, 0.000332443
15730, 2017-07-17 10:00:00, 0.000331572
15731, 2017-07-17 11:00:00, 0.000330703
15732, 2017-07-17 12:00:00, 0.000329836
15733, 2017-07-17 13:00:00, 0.000328972
15734, 2017-07-17 14:00:00, 0.000328109
15735, 2017-07-17 15:00:00, 0.000327249
15736, 2017-07-17 16:00:00, 0.000326392
15737, 2017-07-17 17:00:00, 0.000325536
15738, 2017-07-17 18:00:00, 0.000324683
15739, 2017-07-17 19:00:00, 0.000323832
15740, 2017-07-17 20:00:00, 0.000322983
15741, 2017-07-17 21:00:00, 0.000322137
15742, 2017-07-17 22:00:00, 0.000321293
15743, 2017-07-17 23:00:00, 0.000320451
15744, 2017-07-18 00:00:00, 0.000319611
15745, 2017-07-18 01:00:00, 0.000318773
15746, 2017-07-18 02:00:00, 0.000317938
15747, 2017-07-18 03:00:00, 0.000317104
15748, 2017-07-18 04:00:00, 0.000316273
15749, 2017-07-18 05:00:00, 0.000315444
15750, 2017-07-18 06:00:00, 0.000314618
15751, 2017-07-18 07:00:00, 0.000313836
15752, 2017-07-18 08:00:00, 0.000313045
15753, 2017-07-18 09:00:00, 0.000312296
15754, 2017-07-18 10:00:00, 0.000311577
15755, 2017-07-18 11:00:00, 0.000310758
15756, 2017-07-18 12:00:00, 0.000309823
15757, 2017-07-18 13:00:00, 0.000308936
15758, 2017-07-18 14:00:00, 0.000308082
15759, 2017-07-18 15:00:00, 0.000307274
15760, 2017-07-18 16:00:00, 0.000306469
15761, 2017-07-18 17:00:00, 0.000305666
15762, 2017-07-18 18:00:00, 0.000304865
15763, 2017-07-18 19:00:00, 0.000304066
15764, 2017-07-18 20:00:00, 0.00146286
15765, 2017-07-18 21:00:00, 0.0245871
15766, 2017-07-18 22:00:00, 1.19194
15767, 2017-07-18 23:00:00, 0.549376
15768, 2017-07-19 00:00:00, 0.431307
15769, 2017-07-19 01:00:00, 0.00175143
15770, 2017-07-19 02:00:00, 0.000316428
15771, 2017-07-19 03:00:00, 0.000312067
15772, 2017-07-19 04:00:00, 0.000296969
15773, 2017-07-19 05:00:00, 0.000356515
15774, 2017-07-19 06:00:00, 0.00032284
15775, 2017-07-19 07:00:00, 0.000316596
15776, 2017-07-19 08:00:00, 0.000293922
15777, 2017-07-19 09:00:00, 0.000293274
15778, 2017-07-19 10:00:00, 0.00285785
15779, 2017-07-19 11:00:00, 0.00145791
15780, 2017-07-19 12:00:00, 0.00122385
15781, 2017-07-19 13:00:00, 0.000290155
15782, 2017-07-19 14:00:00, 0.000289314
15783, 2017-07-19 15:00:00, 0.000288526
15784, 2017-07-19 16:00:00, 0.000287764
15785, 2017-07-19 17:00:00, 0.00028701
15786, 2017-07-19 18:00:00, 0.000286258
15787, 2017-07-19 19:00:00, 0.000285508
15788, 2017-07-19 20:00:00, 0.00028476
15789, 2017-07-19 21:00:00, 0.000284013
15790, 2017-07-19 22:00:00, 0.000283269
15791, 2017-07-19 23:00:00, 0.000282527
15792, 2017-07-20 00:00:00, 0.000281787
15793, 2017-07-20 01:00:00, 0.000281048
15794, 2017-07-20 02:00:00, 0.000280312
15795, 2017-07-20 03:00:00, 0.000279577
15796, 2017-07-20 04:00:00, 0.000278845
15797, 2017-07-20 05:00:00, 0.000278114
15798, 2017-07-20 06:00:00, 0.000277385
15799, 2017-07-20 07:00:00, 0.000276658
15800, 2017-07-20 08:00:00, 0.000275933
15801, 2017-07-20 09:00:00, 0.00027521
15802, 2017-07-20 10:00:00, 0.000274489
15803, 2017-07-20 11:00:00, 0.00027377
15804, 2017-07-20 12:00:00, 0.000273053
15805, 2017-07-20 13:00:00, 0.000272337
15806, 2017-07-20 14:00:00, 0.000271624
15807, 2017-07-20 15:00:00, 0.000270912
15808, 2017-07-20 16:00:00, 0.000270202
15809, 2017-07-20 17:00:00, 0.000269494
15810, 2017-07-20 18:00:00, 0.000268788
15811, 2017-07-20 19:00:00, 0.000268083
15812, 2017-07-20 20:00:00, 0.000267381
15813, 2017-07-20 21:00:00, 0.00026668
15814, 2017-07-20 22:00:00, 0.00122542
15815, 2017-07-20 23:00:00, 0.00465097
15816, 2017-07-21 00:00:00, 0.00434828
15817, 2017-07-21 01:00:00, 0.00258172
15818, 2017-07-21 02:00:00, 0.00100552
15819, 2017-07-21 03:00:00, 0.000279344
15820, 2017-07-21 04:00:00, 0.000275291
15821, 2017-07-21 05:00:00, 0.000261141
15822, 2017-07-21 06:00:00, 0.000260457
15823, 2017-07-21 07:00:00, 0.000259775
15824, 2017-07-21 08:00:00, 0.000259094
15825, 2017-07-21 09:00:00, 0.000258415
15826, 2017-07-21 10:00:00, 0.000257738
15827, 2017-07-21 11:00:00, 0.000257063
15828, 2017-07-21 12:00:00, 0.000256389
15829, 2017-07-21 13:00:00, 0.000255717
15830, 2017-07-21 14:00:00, 0.000255047
15831, 2017-07-21 15:00:00, 0.000254379
15832, 2017-07-21 16:00:00, 0.000253713
15833, 2017-07-21 17:00:00, 0.000253048
15834, 2017-07-21 18:00:00, 0.000252385
15835, 2017-07-21 19:00:00, 0.000251724
15836, 2017-07-21 20:00:00, 0.000251064
15837, 2017-07-21 21:00:00, 0.000250406
15838, 2017-07-21 22:00:00, 0.00024975
15839, 2017-07-21 23:00:00, 0.000249096
15840, 2017-07-22 00:00:00, 0.000248443
15841, 2017-07-22 01:00:00, 0.000247792
15842, 2017-07-22 02:00:00, 0.000247143
15843, 2017-07-22 03:00:00, 0.000246496
15844, 2017-07-22 04:00:00, 0.00024585
15845, 2017-07-22 05:00:00, 0.000245206
15846, 2017-07-22 06:00:00, 0.000244563
15847, 2017-07-22 07:00:00, 0.000243922
15848, 2017-07-22 08:00:00, 0.000243283
15849, 2017-07-22 09:00:00, 0.000242646
15850, 2017-07-22 10:00:00, 0.00024201
15851, 2017-07-22 11:00:00, 0.000241376
15852, 2017-07-22 12:00:00, 0.000240744
15853, 2017-07-22 13:00:00, 0.000240113
15854, 2017-07-22 14:00:00, 0.000239484
15855, 2017-07-22 15:00:00, 0.000238856
15856, 2017-07-22 16:00:00, 0.000238231
15857, 2017-07-22 17:00:00, 0.000237607
15858, 2017-07-22 18:00:00, 0.000236984
15859, 2017-07-22 19:00:00, 0.000236363
15860, 2017-07-22 20:00:00, 0.000235744
15861, 2017-07-22 21:00:00, 0.000235126
15862, 2017-07-22 22:00:00, 0.00023451
15863, 2017-07-22 23:00:00, 0.000233896
15864, 2017-07-23 00:00:00, 0.000233283
15865, 2017-07-23 01:00:00, 0.000316762
15866, 2017-07-23 02:00:00, 0.000270285
15867, 2017-07-23 03:00:00, 0.000262033
15868, 2017-07-23 04:00:00, 0.000230848
15869, 2017-07-23 05:00:00, 0.000230243
15870, 2017-07-23 06:00:00, 0.00022964
15871, 2017-07-23 07:00:00, 0.000229038
15872, 2017-07-23 08:00:00, 0.000228438
15873, 2017-07-23 09:00:00, 0.00022784
15874, 2017-07-23 10:00:00, 0.000227243
15875, 2017-07-23 11:00:00, 0.000226648
15876, 2017-07-23 12:00:00, 0.000226054
15877, 2017-07-23 13:00:00, 0.000225462
15878, 2017-07-23 14:00:00, 0.000224871
15879, 2017-07-23 15:00:00, 0.000224282
15880, 2017-07-23 16:00:00, 0.000223694
15881, 2017-07-23 17:00:00, 0.000223108
15882, 2017-07-23 18:00:00, 0.000222524
15883, 2017-07-23 19:00:00, 0.000221941
15884, 2017-07-23 20:00:00, 0.000221359
15885, 2017-07-23 21:00:00, 0.000220779
15886, 2017-07-23 22:00:00, 0.000220201
15887, 2017-07-23 23:00:00, 0.000219624
15888, 2017-07-24 00:00:00, 0.000219049
15889, 2017-07-24 01:00:00, 0.000218475
15890, 2017-07-24 02:00:00, 0.000217903
15891, 2017-07-24 03:00:00, 0.000217332
15892, 2017-07-24 04:00:00, 0.000216762
15893, 2017-07-24 05:00:00, 0.000216195
15894, 2017-07-24 06:00:00, 0.000215628
15895, 2017-07-24 07:00:00, 0.000215063
15896, 2017-07-24 08:00:00, 0.0002145
15897, 2017-07-24 09:00:00, 0.000213938
15898, 2017-07-24 10:00:00, 0.000213378
15899, 2017-07-24 11:00:00, 0.000212819
15900, 2017-07-24 12:00:00, 0.00159594
15901, 2017-07-24 13:00:00, 0.00715462
15902, 2017-07-24 14:00:00, 0.00686773
15903, 2017-07-24 15:00:00, 0.104057
15904, 2017-07-24 16:00:00, 0.0588967
15905, 2017-07-24 17:00:00, 0.171038
15906, 2017-07-24 18:00:00, 0.0661071
15907, 2017-07-24 19:00:00, 0.0489918
15908, 2017-07-24 20:00:00, 0.00217256
15909, 2017-07-24 21:00:00, 0.000708991
15910, 2017-07-24 22:00:00, 0.000444783
15911, 2017-07-24 23:00:00, 0.000206224
15912, 2017-07-25 00:00:00, 0.000205684
15913, 2017-07-25 01:00:00, 0.000205145
15914, 2017-07-25 02:00:00, 0.000204608
15915, 2017-07-25 03:00:00, 0.000204072
15916, 2017-07-25 04:00:00, 0.000203537
15917, 2017-07-25 05:00:00, 0.000203004
15918, 2017-07-25 06:00:00, 0.000202472
15919, 2017-07-25 07:00:00, 0.000201942
15920, 2017-07-25 08:00:00, 0.000201413
15921, 2017-07-25 09:00:00, 0.000200885
15922, 2017-07-25 10:00:00, 0.000200359
15923, 2017-07-25 11:00:00, 0.000199834
15924, 2017-07-25 12:00:00, 0.000199311
15925, 2017-07-25 13:00:00, 0.000198789
15926, 2017-07-25 14:00:00, 0.000198268
15927, 2017-07-25 15:00:00, 0.000197748
15928, 2017-07-25 16:00:00, 0.00019723
15929, 2017-07-25 17:00:00, 0.000196714
15930, 2017-07-25 18:00:00, 0.000196199
15931, 2017-07-25 19:00:00, 0.000195685
15932, 2017-07-25 20:00:00, 0.000195172
15933, 2017-07-25 21:00:00, 0.000194661
15934, 2017-07-25 22:00:00, 0.000194151
15935, 2017-07-25 23:00:00, 0.000193642
15936, 2017-07-26 00:00:00, 0.000193135
15937, 2017-07-26 01:00:00, 0.000192629
15938, 2017-07-26 02:00:00, 0.000192125
15939, 2017-07-26 03:00:00, 0.000191621
15940, 2017-07-26 04:00:00, 0.000191119
15941, 2017-07-26 05:00:00, 0.000190619
15942, 2017-07-26 06:00:00, 0.000190119
15943, 2017-07-26 07:00:00, 0.000189621
15944, 2017-07-26 08:00:00, 0.000189125
15945, 2017-07-26 09:00:00, 0.000188629
15946, 2017-07-26 10:00:00, 0.000188135
15947, 2017-07-26 11:00:00, 0.000187642
15948, 2017-07-26 12:00:00, 0.000187151
15949, 2017-07-26 13:00:00, 0.000186661
15950, 2017-07-26 14:00:00, 0.000186172
15951, 2017-07-26 15:00:00, 0.000185684
15952, 2017-07-26 16:00:00, 0.000185198
15953, 2017-07-26 17:00:00, 0.000184713
15954, 2017-07-26 18:00:00, 0.000184229
15955, 2017-07-26 19:00:00, 0.000183746
15956, 2017-07-26 20:00:00, 0.000183265
15957, 2017-07-26 21:00:00, 0.000182785
15958, 2017-07-26 22:00:00, 0.000182306
15959, 2017-07-26 23:00:00, 0.000181829
15960, 2017-07-27 00:00:00, 0.000181352
15961, 2017-07-27 01:00:00, 0.000180877
15962, 2017-07-27 02:00:00, 0.000180404
15963, 2017-07-27 03:00:00, 0.000179931
15964, 2017-07-27 04:00:00, 0.00017946
15965, 2017-07-27 05:00:00, 0.00017899
15966, 2017-07-27 06:00:00, 0.000178521
15967, 2017-07-27 07:00:00, 0.000178053
15968, 2017-07-27 08:00:00, 0.000177587
15969, 2017-07-27 09:00:00, 0.000177122
15970, 2017-07-27 10:00:00, 0.000176658
15971, 2017-07-27 11:00:00, 0.000176195
15972, 2017-07-27 12:00:00, 0.000175734
15973, 2017-07-27 13:00:00, 0.000175273
15974, 2017-07-27 14:00:00, 0.000174814
15975, 2017-07-27 15:00:00, 0.000174356
15976, 2017-07-27 16:00:00, 0.0001739
15977, 2017-07-27 17:00:00, 0.000173444
15978, 2017-07-27 18:00:00, 0.00017299
15979, 2017-07-27 19:00:00, 0.000180989
15980, 2017-07-27 20:00:00, 0.000214998
15981, 2017-07-27 21:00:00, 0.000197466
15982, 2017-07-27 22:00:00, 0.000206299
15983, 2017-07-27 23:00:00, 0.000181024
15984, 2017-07-28 00:00:00, 0.000177065
15985, 2017-07-28 01:00:00, 0.000169843
15986, 2017-07-28 02:00:00, 0.000169398
15987, 2017-07-28 03:00:00, 0.000168954
15988, 2017-07-28 04:00:00, 0.000168512
15989, 2017-07-28 05:00:00, 0.00016807
15990, 2017-07-28 06:00:00, 0.00016763
15991, 2017-07-28 07:00:00, 0.000167216
15992, 2017-07-28 08:00:00, 0.00016677
15993, 2017-07-28 09:00:00, 0.000166368
15994, 2017-07-28 10:00:00, 0.000165904
15995, 2017-07-28 11:00:00, 0.000165535
15996, 2017-07-28 12:00:00, 0.000165047
15997, 2017-07-28 13:00:00, 0.000164608
15998, 2017-07-28 14:00:00, 0.00016415
15999, 2017-07-28 15:00:00, 0.00016372
16000, 2017-07-28 16:00:00, 0.000163291
16001, 2017-07-28 17:00:00, 0.000162863
16002, 2017-07-28 18:00:00, 0.000162437
16003, 2017-07-28 19:00:00, 0.000162011
16004, 2017-07-28 20:00:00, 0.000161587
16005, 2017-07-28 21:00:00, 0.000161164
16006, 2017-07-28 22:00:00, 0.000160742
16007, 2017-07-28 23:00:00, 0.000160321
16008, 2017-07-29 00:00:00, 0.000159901
16009, 2017-07-29 01:00:00, 0.000159482
16010, 2017-07-29 02:00:00, 0.000159064
16011, 2017-07-29 03:00:00, 0.000158648
16012, 2017-07-29 04:00:00, 0.000158232
16013, 2017-07-29 05:00:00, 0.000157818
16014, 2017-07-29 06:00:00, 0.000157405
16015, 2017-07-29 07:00:00, 0.000156992
16016, 2017-07-29 08:00:00, 0.000156581
16017, 2017-07-29 09:00:00, 0.000156171
16018, 2017-07-29 10:00:00, 0.000155762
16019, 2017-07-29 11:00:00, 0.000155354
16020, 2017-07-29 12:00:00, 0.000154947
16021, 2017-07-29 13:00:00, 0.000154541
16022, 2017-07-29 14:00:00, 0.000154137
16023, 2017-07-29 15:00:00, 0.000153733
16024, 2017-07-29 16:00:00, 0.00015333
16025, 2017-07-29 17:00:00, 0.000152929
16026, 2017-07-29 18:00:00, 0.000152528
16027, 2017-07-29 19:00:00, 0.000152129
16028, 2017-07-29 20:00:00, 0.00015173
16029, 2017-07-29 21:00:00, 0.000151333
16030, 2017-07-29 22:00:00, 0.000150937
16031, 2017-07-29 23:00:00, 0.000150541
16032, 2017-07-30 00:00:00, 0.000150147
16033, 2017-07-30 01:00:00, 0.000149754
16034, 2017-07-30 02:00:00, 0.000149362
16035, 2017-07-30 03:00:00, 0.00014897
16036, 2017-07-30 04:00:00, 0.00014858
16037, 2017-07-30 05:00:00, 0.000148191
16038, 2017-07-30 06:00:00, 0.000147803
16039, 2017-07-30 07:00:00, 0.000147416
16040, 2017-07-30 08:00:00, 0.00014703
16041, 2017-07-30 09:00:00, 0.000146645
16042, 2017-07-30 10:00:00, 0.000146261
16043, 2017-07-30 11:00:00, 0.000145878
16044, 2017-07-30 12:00:00, 0.000145496
16045, 2017-07-30 13:00:00, 0.000145115
16046, 2017-07-30 14:00:00, 0.000144735
16047, 2017-07-30 15:00:00, 0.000144355
16048, 2017-07-30 16:00:00, 0.000143977
16049, 2017-07-30 17:00:00, 0.0001436
16050, 2017-07-30 18:00:00, 0.000143224
16051, 2017-07-30 19:00:00, 0.000142849
16052, 2017-07-30 20:00:00, 0.000142475
16053, 2017-07-30 21:00:00, 0.000142102
16054, 2017-07-30 22:00:00, 0.00014173
16055, 2017-07-30 23:00:00, 0.000141359
16056, 2017-07-31 00:00:00, 0.000140988
16057, 2017-07-31 01:00:00, 0.000140619
16058, 2017-07-31 02:00:00, 0.000140251
16059, 2017-07-31 03:00:00, 0.000139884
16060, 2017-07-31 04:00:00, 0.000139517
16061, 2017-07-31 05:00:00, 0.000139152
16062, 2017-07-31 06:00:00, 0.000138787
16063, 2017-07-31 07:00:00, 0.000138424
16064, 2017-07-31 08:00:00, 0.000138061
16065, 2017-07-31 09:00:00, 0.0001377
16066, 2017-07-31 10:00:00, 0.000137339
16067, 2017-07-31 11:00:00, 0.00013698
16068, 2017-07-31 12:00:00, 0.000136621
16069, 2017-07-31 13:00:00, 0.000136263
16070, 2017-07-31 14:00:00, 0.000135906
16071, 2017-07-31 15:00:00, 0.00013555
16072, 2017-07-31 16:00:00, 0.000135195
16073, 2017-07-31 17:00:00, 0.000134841
16074, 2017-07-31 18:00:00, 0.000134488
16075, 2017-07-31 19:00:00, 0.000134136
16076, 2017-07-31 20:00:00, 0.000133785
16077, 2017-07-31 21:00:00, 0.000133434
16078, 2017-07-31 22:00:00, 0.000133085
16079, 2017-07-31 23:00:00, 0.000132736
16080, 2017-08-01 00:00:00, 0.000132389
16081, 2017-08-01 01:00:00, 0.000132042
16082, 2017-08-01 02:00:00, 0.000131696
16083, 2017-08-01 03:00:00, 0.000131351
16084, 2017-08-01 04:00:00, 0.000131007
16085, 2017-08-01 05:00:00, 0.000130664
16086, 2017-08-01 06:00:00, 0.000130322
16087, 2017-08-01 07:00:00, 0.000129981
16088, 2017-08-01 08:00:00, 0.00012964
16089, 2017-08-01 09:00:00, 0.000129301
16090, 2017-08-01 10:00:00, 0.000128962
16091, 2017-08-01 11:00:00, 0.000128628
16092, 2017-08-01 12:00:00, 0.00012829
16093, 2017-08-01 13:00:00, 0.000127953
16094, 2017-08-01 14:00:00, 0.000127617
16095, 2017-08-01 15:00:00, 0.000127283
16096, 2017-08-01 16:00:00, 0.000126949
16097, 2017-08-01 17:00:00, 0.000126617
16098, 2017-08-01 18:00:00, 0.000126285
16099, 2017-08-01 19:00:00, 0.000125954
16100, 2017-08-01 20:00:00, 0.000125625
16101, 2017-08-01 21:00:00, 0.000125296
16102, 2017-08-01 22:00:00, 0.000124968
16103, 2017-08-01 23:00:00, 0.00012464
16104, 2017-08-02 00:00:00, 0.000124314
16105, 2017-08-02 01:00:00, 0.000123988
16106, 2017-08-02 02:00:00, 0.000123664
16107, 2017-08-02 03:00:00, 0.00012334
16108, 2017-08-02 04:00:00, 0.000123017
16109, 2017-08-02 05:00:00, 0.000122695
16110, 2017-08-02 06:00:00, 0.000122373
16111, 2017-08-02 07:00:00, 0.000122053
16112, 2017-08-02 08:00:00, 0.000121733
16113, 2017-08-02 09:00:00, 0.000121415
16114, 2017-08-02 10:00:00, 0.000121097
16115, 2017-08-02 11:00:00, 0.000120782
16116, 2017-08-02 12:00:00, 0.000120465
16117, 2017-08-02 13:00:00, 0.000120149
16118, 2017-08-02 14:00:00, 0.000119833
16119, 2017-08-02 15:00:00, 0.000119519
16120, 2017-08-02 16:00:00, 0.000119206
16121, 2017-08-02 17:00:00, 0.000118894
16122, 2017-08-02 18:00:00, 0.000118583
16123, 2017-08-02 19:00:00, 0.386062
16124, 2017-08-02 20:00:00, 0.276921
16125, 2017-08-02 21:00:00, 0.193059
16126, 2017-08-02 22:00:00, 0.044007
16127, 2017-08-02 23:00:00, 0.0511886
16128, 2017-08-03 00:00:00, 0.0560143
16129, 2017-08-03 01:00:00, 0.0322328
16130, 2017-08-03 02:00:00, 0.0121711
16131, 2017-08-03 03:00:00, 0.000124084
16132, 2017-08-03 04:00:00, 0.000115514
16133, 2017-08-03 05:00:00, 0.000115211
16134, 2017-08-03 06:00:00, 0.00011491
16135, 2017-08-03 07:00:00, 0.000114609
16136, 2017-08-03 08:00:00, 0.000114309
16137, 2017-08-03 09:00:00, 0.000114009
16138, 2017-08-03 10:00:00, 0.000113711
16139, 2017-08-03 11:00:00, 0.000113413
16140, 2017-08-03 12:00:00, 0.000113117
16141, 2017-08-03 13:00:00, 0.00011282
16142, 2017-08-03 14:00:00, 0.000112525
16143, 2017-08-03 15:00:00, 0.00011223
16144, 2017-08-03 16:00:00, 0.000111936
16145, 2017-08-03 17:00:00, 0.000111643
16146, 2017-08-03 18:00:00, 0.00011135
16147, 2017-08-03 19:00:00, 0.000111059
16148, 2017-08-03 20:00:00, 0.000110768
16149, 2017-08-03 21:00:00, 0.000110478
16150, 2017-08-03 22:00:00, 0.000110189
16151, 2017-08-03 23:00:00, 0.0001099
16152, 2017-08-04 00:00:00, 0.000109612
16153, 2017-08-04 01:00:00, 0.000109325
16154, 2017-08-04 02:00:00, 0.000109039
16155, 2017-08-04 03:00:00, 0.000108754
16156, 2017-08-04 04:00:00, 0.000108469
16157, 2017-08-04 05:00:00, 0.000108185
16158, 2017-08-04 06:00:00, 0.000107901
16159, 2017-08-04 07:00:00, 0.000107619
16160, 2017-08-04 08:00:00, 0.000107337
16161, 2017-08-04 09:00:00, 0.000107056
16162, 2017-08-04 10:00:00, 0.000106781
16163, 2017-08-04 11:00:00, 0.00010651
16164, 2017-08-04 12:00:00, 0.000106224
16165, 2017-08-04 13:00:00, 0.000105943
16166, 2017-08-04 14:00:00, 0.000105662
16167, 2017-08-04 15:00:00, 0.000105385
16168, 2017-08-04 16:00:00, 0.000105109
16169, 2017-08-04 17:00:00, 0.000104834
16170, 2017-08-04 18:00:00, 0.000104559
16171, 2017-08-04 19:00:00, 0.000104286
16172, 2017-08-04 20:00:00, 0.000104012
16173, 2017-08-04 21:00:00, 0.00010374
16174, 2017-08-04 22:00:00, 0.000103468
16175, 2017-08-04 23:00:00, 0.000103198
16176, 2017-08-05 00:00:00, 0.000102927
16177, 2017-08-05 01:00:00, 0.000102658
16178, 2017-08-05 02:00:00, 0.000102389
16179, 2017-08-05 03:00:00, 0.000102121
16180, 2017-08-05 04:00:00, 0.000101853
16181, 2017-08-05 05:00:00, 0.000101587
16182, 2017-08-05 06:00:00, 0.000101321
16183, 2017-08-05 07:00:00, 0.000101057
16184, 2017-08-05 08:00:00, 0.000100807
16185, 2017-08-05 09:00:00, 0.000100539
16186, 2017-08-05 10:00:00, 0.000100294
16187, 2017-08-05 11:00:00, 0.000100021
16188, 2017-08-05 12:00:00, 9.97511e-05
16189, 2017-08-05 13:00:00, 0.331886
16190, 2017-08-05 14:00:00, 0.582024
16191, 2017-08-05 15:00:00, 0.321118
16192, 2017-08-05 16:00:00, 0.158931
16193, 2017-08-05 17:00:00, 0.0019518
16194, 2017-08-05 18:00:00, 0.0010487
16195, 2017-08-05 19:00:00, 0.000555082
16196, 2017-08-05 20:00:00, 0.000398612
16197, 2017-08-05 21:00:00, 9.74518e-05
16198, 2017-08-05 22:00:00, 9.71582e-05
16199, 2017-08-05 23:00:00, 9.69038e-05
16200, 2017-08-06 00:00:00, 0.000115788
16201, 2017-08-06 01:00:00, 0.000105096
16202, 2017-08-06 02:00:00, 0.000103104
16203, 2017-08-06 03:00:00, 9.58929e-05
16204, 2017-08-06 04:00:00, 9.56418e-05
16205, 2017-08-06 05:00:00, 9.53914e-05
16206, 2017-08-06 06:00:00, 9.51416e-05
16207, 2017-08-06 07:00:00, 9.48925e-05
16208, 2017-08-06 08:00:00, 9.4644e-05
16209, 2017-08-06 09:00:00, 9.43962e-05
16210, 2017-08-06 10:00:00, 9.4149e-05
16211, 2017-08-06 11:00:00, 9.39025e-05
16212, 2017-08-06 12:00:00, 9.36566e-05
16213, 2017-08-06 13:00:00, 9.34114e-05
16214, 2017-08-06 14:00:00, 9.31668e-05
16215, 2017-08-06 15:00:00, 9.29228e-05
16216, 2017-08-06 16:00:00, 9.26795e-05
16217, 2017-08-06 17:00:00, 9.24369e-05
16218, 2017-08-06 18:00:00, 9.21948e-05
16219, 2017-08-06 19:00:00, 9.19534e-05
16220, 2017-08-06 20:00:00, 9.17127e-05
16221, 2017-08-06 21:00:00, 9.14725e-05
16222, 2017-08-06 22:00:00, 9.1233e-05
16223, 2017-08-06 23:00:00, 9.09941e-05
16224, 2017-08-07 00:00:00, 9.07559e-05
16225, 2017-08-07 01:00:00, 9.05182e-05
16226, 2017-08-07 02:00:00, 9.02812e-05
16227, 2017-08-07 03:00:00, 9.00448e-05
16228, 2017-08-07 04:00:00, 8.98091e-05
16229, 2017-08-07 05:00:00, 8.95739e-05
16230, 2017-08-07 06:00:00, 8.93394e-05
16231, 2017-08-07 07:00:00, 8.91055e-05
16232, 2017-08-07 08:00:00, 8.88722e-05
16233, 2017-08-07 09:00:00, 8.86395e-05
16234, 2017-08-07 10:00:00, 8.84074e-05
16235, 2017-08-07 11:00:00, 8.81759e-05
16236, 2017-08-07 12:00:00, 8.7945e-05
16237, 2017-08-07 13:00:00, 8.77147e-05
16238, 2017-08-07 14:00:00, 8.74851e-05
16239, 2017-08-07 15:00:00, 8.7256e-05
16240, 2017-08-07 16:00:00, 8.70275e-05
16241, 2017-08-07 17:00:00, 8.67997e-05
16242, 2017-08-07 18:00:00, 0.000110094
16243, 2017-08-07 19:00:00, 9.70373e-05
16244, 2017-08-07 20:00:00, 9.46729e-05
16245, 2017-08-07 21:00:00, 8.58942e-05
16246, 2017-08-07 22:00:00, 0.000129751
16247, 2017-08-07 23:00:00, 0.000105491
16248, 2017-08-08 00:00:00, 0.000101255
16249, 2017-08-08 01:00:00, 8.50013e-05
16250, 2017-08-08 02:00:00, 8.47756e-05
16251, 2017-08-08 03:00:00, 8.45536e-05
16252, 2017-08-08 04:00:00, 8.43322e-05
16253, 2017-08-08 05:00:00, 8.41114e-05
16254, 2017-08-08 06:00:00, 8.38912e-05
16255, 2017-08-08 07:00:00, 8.36715e-05
16256, 2017-08-08 08:00:00, 8.34524e-05
16257, 2017-08-08 09:00:00, 8.32339e-05
16258, 2017-08-08 10:00:00, 8.3016e-05
16259, 2017-08-08 11:00:00, 8.27986e-05
16260, 2017-08-08 12:00:00, 8.25819e-05
16261, 2017-08-08 13:00:00, 8.23656e-05
16262, 2017-08-08 14:00:00, 8.215e-05
16263, 2017-08-08 15:00:00, 8.19349e-05
16264, 2017-08-08 16:00:00, 8.17204e-05
16265, 2017-08-08 17:00:00, 8.15064e-05
16266, 2017-08-08 18:00:00, 8.1293e-05
16267, 2017-08-08 19:00:00, 8.10801e-05
16268, 2017-08-08 20:00:00, 8.08678e-05
16269, 2017-08-08 21:00:00, 8.06561e-05
16270, 2017-08-08 22:00:00, 8.04449e-05
16271, 2017-08-08 23:00:00, 8.02343e-05
16272, 2017-08-09 00:00:00, 8.00242e-05
16273, 2017-08-09 01:00:00, 7.98147e-05
16274, 2017-08-09 02:00:00, 7.96057e-05
16275, 2017-08-09 03:00:00, 7.93973e-05
16276, 2017-08-09 04:00:00, 7.91894e-05
16277, 2017-08-09 05:00:00, 7.89821e-05
16278, 2017-08-09 06:00:00, 7.87753e-05
16279, 2017-08-09 07:00:00, 7.8569e-05
16280, 2017-08-09 08:00:00, 7.83633e-05
16281, 2017-08-09 09:00:00, 7.81582e-05
16282, 2017-08-09 10:00:00, 7.79535e-05
16283, 2017-08-09 11:00:00, 7.77494e-05
16284, 2017-08-09 12:00:00, 7.75459e-05
16285, 2017-08-09 13:00:00, 7.73428e-05
16286, 2017-08-09 14:00:00, 7.71403e-05
16287, 2017-08-09 15:00:00, 7.69384e-05
16288, 2017-08-09 16:00:00, 7.67369e-05
16289, 2017-08-09 17:00:00, 7.6536e-05
16290, 2017-08-09 18:00:00, 7.63356e-05
16291, 2017-08-09 19:00:00, 7.61357e-05
16292, 2017-08-09 20:00:00, 7.59364e-05
16293, 2017-08-09 21:00:00, 7.57376e-05
16294, 2017-08-09 22:00:00, 7.55393e-05
16295, 2017-08-09 23:00:00, 7.53415e-05
16296, 2017-08-10 00:00:00, 7.51443e-05
16297, 2017-08-10 01:00:00, 7.49475e-05
16298, 2017-08-10 02:00:00, 7.47513e-05
16299, 2017-08-10 03:00:00, 7.45556e-05
16300, 2017-08-10 04:00:00, 7.43604e-05
16301, 2017-08-10 05:00:00, 7.41657e-05
16302, 2017-08-10 06:00:00, 7.39715e-05
16303, 2017-08-10 07:00:00, 7.37778e-05
16304, 2017-08-10 08:00:00, 7.35847e-05
16305, 2017-08-10 09:00:00, 7.3392e-05
16306, 2017-08-10 10:00:00, 7.31999e-05
16307, 2017-08-10 11:00:00, 7.30082e-05
16308, 2017-08-10 12:00:00, 7.28171e-05
16309, 2017-08-10 13:00:00, 7.26264e-05
16310, 2017-08-10 14:00:00, 7.24363e-05
16311, 2017-08-10 15:00:00, 7.22466e-05
16312, 2017-08-10 16:00:00, 7.20575e-05
16313, 2017-08-10 17:00:00, 7.18688e-05
16314, 2017-08-10 18:00:00, 7.16806e-05
16315, 2017-08-10 19:00:00, 7.1493e-05
16316, 2017-08-10 20:00:00, 7.13058e-05
16317, 2017-08-10 21:00:00, 7.11191e-05
16318, 2017-08-10 22:00:00, 7.09329e-05
16319, 2017-08-10 23:00:00, 7.07472e-05
16320, 2017-08-11 00:00:00, 7.0562e-05
16321, 2017-08-11 01:00:00, 7.03772e-05
16322, 2017-08-11 02:00:00, 7.0193e-05
16323, 2017-08-11 03:00:00, 7.00092e-05
16324, 2017-08-11 04:00:00, 6.98259e-05
16325, 2017-08-11 05:00:00, 6.96431e-05
16326, 2017-08-11 06:00:00, 6.94607e-05
16327, 2017-08-11 07:00:00, 6.92789e-05
16328, 2017-08-11 08:00:00, 6.90975e-05
16329, 2017-08-11 09:00:00, 6.89166e-05
16330, 2017-08-11 10:00:00, 6.8748e-05
16331, 2017-08-11 11:00:00, 6.85616e-05
16332, 2017-08-11 12:00:00, 6.8381e-05
16333, 2017-08-11 13:00:00, 6.81977e-05
16334, 2017-08-11 14:00:00, 6.80191e-05
16335, 2017-08-11 15:00:00, 6.78411e-05
16336, 2017-08-11 16:00:00, 6.76634e-05
16337, 2017-08-11 17:00:00, 6.74863e-05
16338, 2017-08-11 18:00:00, 6.73096e-05
16339, 2017-08-11 19:00:00, 6.71334e-05
16340, 2017-08-11 20:00:00, 6.69576e-05
16341, 2017-08-11 21:00:00, 6.67823e-05
16342, 2017-08-11 22:00:00, 6.66075e-05
16343, 2017-08-11 23:00:00, 6.64331e-05
16344, 2017-08-12 00:00:00, 6.62592e-05
16345, 2017-08-12 01:00:00, 6.60857e-05
16346, 2017-08-12 02:00:00, 6.59127e-05
16347, 2017-08-12 03:00:00, 6.57401e-05
16348, 2017-08-12 04:00:00, 8.10313e-05
16349, 2017-08-12 05:00:00, 0.000249625
16350, 2017-08-12 06:00:00, 0.000151394
16351, 2017-08-12 07:00:00, 0.000770504
16352, 2017-08-12 08:00:00, 0.0175626
16353, 2017-08-12 09:00:00, 0.0235046
16354, 2017-08-12 10:00:00, 0.0133224
16355, 2017-08-12 11:00:00, 0.00566261
16356, 2017-08-12 12:00:00, 6.69329e-05
16357, 2017-08-12 13:00:00, 6.40391e-05
16358, 2017-08-12 14:00:00, 6.38714e-05
16359, 2017-08-12 15:00:00, 6.37042e-05
16360, 2017-08-12 16:00:00, 6.35374e-05
16361, 2017-08-12 17:00:00, 6.33711e-05
16362, 2017-08-12 18:00:00, 6.32052e-05
16363, 2017-08-12 19:00:00, 6.30397e-05
16364, 2017-08-12 20:00:00, 6.28747e-05
16365, 2017-08-12 21:00:00, 6.271e-05
16366, 2017-08-12 22:00:00, 6.25459e-05
16367, 2017-08-12 23:00:00, 6.23821e-05
16368, 2017-08-13 00:00:00, 6.22188e-05
16369, 2017-08-13 01:00:00, 6.20559e-05
16370, 2017-08-13 02:00:00, 6.18934e-05
16371, 2017-08-13 03:00:00, 6.17314e-05
16372, 2017-08-13 04:00:00, 6.15702e-05
16373, 2017-08-13 05:00:00, 6.14367e-05
16374, 2017-08-13 06:00:00, 6.13503e-05
16375, 2017-08-13 07:00:00, 6.12219e-05
16376, 2017-08-13 08:00:00, 6.10848e-05
16377, 2017-08-13 09:00:00, 6.09969e-05
16378, 2017-08-13 10:00:00, 6.09197e-05
16379, 2017-08-13 11:00:00, 6.07138e-05
16380, 2017-08-13 12:00:00, 6.0418e-05
16381, 2017-08-13 13:00:00, 6.01747e-05
16382, 2017-08-13 14:00:00, 5.99767e-05
16383, 2017-08-13 15:00:00, 5.98197e-05
16384, 2017-08-13 16:00:00, 5.96631e-05
16385, 2017-08-13 17:00:00, 5.95069e-05
16386, 2017-08-13 18:00:00, 5.93511e-05
16387, 2017-08-13 19:00:00, 5.91957e-05
16388, 2017-08-13 20:00:00, 5.90407e-05
16389, 2017-08-13 21:00:00, 5.88862e-05
16390, 2017-08-13 22:00:00, 5.8732e-05
16391, 2017-08-13 23:00:00, 5.85782e-05
16392, 2017-08-14 00:00:00, 5.84249e-05
16393, 2017-08-14 01:00:00, 5.82719e-05
16394, 2017-08-14 02:00:00, 5.81194e-05
16395, 2017-08-14 03:00:00, 5.79672e-05
16396, 2017-08-14 04:00:00, 5.78154e-05
16397, 2017-08-14 05:00:00, 5.76641e-05
16398, 2017-08-14 06:00:00, 5.75131e-05
16399, 2017-08-14 07:00:00, 5.73625e-05
16400, 2017-08-14 08:00:00, 5.72124e-05
16401, 2017-08-14 09:00:00, 5.70626e-05
16402, 2017-08-14 10:00:00, 5.69132e-05
16403, 2017-08-14 11:00:00, 5.67642e-05
16404, 2017-08-14 12:00:00, 5.66156e-05
16405, 2017-08-14 13:00:00, 5.64674e-05
16406, 2017-08-14 14:00:00, 5.63195e-05
16407, 2017-08-14 15:00:00, 5.61721e-05
16408, 2017-08-14 16:00:00, 5.6025e-05
16409, 2017-08-14 17:00:00, 5.58784e-05
16410, 2017-08-14 18:00:00, 5.57321e-05
16411, 2017-08-14 19:00:00, 5.55862e-05
16412, 2017-08-14 20:00:00, 5.54406e-05
16413, 2017-08-14 21:00:00, 5.52955e-05
16414, 2017-08-14 22:00:00, 5.51507e-05
16415, 2017-08-14 23:00:00, 5.50064e-05
16416, 2017-08-15 00:00:00, 5.48623e-05
16417, 2017-08-15 01:00:00, 5.47187e-05
16418, 2017-08-15 02:00:00, 5.45755e-05
16419, 2017-08-15 03:00:00, 5.44326e-05
16420, 2017-08-15 04:00:00, 5.42901e-05
16421, 2017-08-15 05:00:00, 5.4148e-05
16422, 2017-08-15 06:00:00, 5.40062e-05
16423, 2017-08-15 07:00:00, 5.38648e-05
16424, 2017-08-15 08:00:00, 5.37612e-05
16425, 2017-08-15 09:00:00, 5.36112e-05
16426, 2017-08-15 10:00:00, 5.34755e-05
16427, 2017-08-15 11:00:00, 5.33216e-05
16428, 2017-08-15 12:00:00, 5.31723e-05
16429, 2017-08-15 13:00:00, 5.30272e-05
16430, 2017-08-15 14:00:00, 5.28854e-05
16431, 2017-08-15 15:00:00, 5.2747e-05
16432, 2017-08-15 16:00:00, 5.26089e-05
16433, 2017-08-15 17:00:00, 5.24711e-05
16434, 2017-08-15 18:00:00, 5.23338e-05
16435, 2017-08-15 19:00:00, 5.21968e-05
16436, 2017-08-15 20:00:00, 5.20601e-05
16437, 2017-08-15 21:00:00, 5.19238e-05
16438, 2017-08-15 22:00:00, 5.17879e-05
16439, 2017-08-15 23:00:00, 5.16523e-05
16440, 2017-08-16 00:00:00, 5.15171e-05
16441, 2017-08-16 01:00:00, 5.13822e-05
16442, 2017-08-16 02:00:00, 5.12477e-05
16443, 2017-08-16 03:00:00, 5.11135e-05
16444, 2017-08-16 04:00:00, 5.09797e-05
16445, 2017-08-16 05:00:00, 5.08645e-05
16446, 2017-08-16 06:00:00, 5.07585e-05
16447, 2017-08-16 07:00:00, 5.06156e-05
16448, 2017-08-16 08:00:00, 5.04772e-05
16449, 2017-08-16 09:00:00, 5.03249e-05
16450, 2017-08-16 10:00:00, 5.02309e-05
16451, 2017-08-16 11:00:00, 5.01089e-05
16452, 2017-08-16 12:00:00, 4.9954e-05
16453, 2017-08-16 13:00:00, 4.98044e-05
16454, 2017-08-16 14:00:00, 4.96607e-05
16455, 2017-08-16 15:00:00, 4.95307e-05
16456, 2017-08-16 16:00:00, 4.9401e-05
16457, 2017-08-16 17:00:00, 4.92717e-05
16458, 2017-08-16 18:00:00, 4.91427e-05
16459, 2017-08-16 19:00:00, 4.90141e-05
16460, 2017-08-16 20:00:00, 4.88858e-05
16461, 2017-08-16 21:00:00, 4.87578e-05
16462, 2017-08-16 22:00:00, 4.86301e-05
16463, 2017-08-16 23:00:00, 4.85028e-05
16464, 2017-08-17 00:00:00, 4.83759e-05
16465, 2017-08-17 01:00:00, 4.82492e-05
16466, 2017-08-17 02:00:00, 4.81229e-05
16467, 2017-08-17 03:00:00, 4.79969e-05
16468, 2017-08-17 04:00:00, 4.78713e-05
16469, 2017-08-17 05:00:00, 4.77459e-05
16470, 2017-08-17 06:00:00, 4.76209e-05
16471, 2017-08-17 07:00:00, 4.74963e-05
16472, 2017-08-17 08:00:00, 4.73719e-05
16473, 2017-08-17 09:00:00, 4.72479e-05
16474, 2017-08-17 10:00:00, 4.71242e-05
16475, 2017-08-17 11:00:00, 4.70009e-05
16476, 2017-08-17 12:00:00, 4.68778e-05
16477, 2017-08-17 13:00:00, 4.67551e-05
16478, 2017-08-17 14:00:00, 4.66327e-05
16479, 2017-08-17 15:00:00, 4.65106e-05
16480, 2017-08-17 16:00:00, 4.63889e-05
16481, 2017-08-17 17:00:00, 4.62674e-05
16482, 2017-08-17 18:00:00, 4.61463e-05
16483, 2017-08-17 19:00:00, 4.60255e-05
16484, 2017-08-17 20:00:00, 4.5905e-05
16485, 2017-08-17 21:00:00, 4.57848e-05
16486, 2017-08-17 22:00:00, 4.5665e-05
16487, 2017-08-17 23:00:00, 4.55454e-05
16488, 2017-08-18 00:00:00, 4.54262e-05
16489, 2017-08-18 01:00:00, 4.53073e-05
16490, 2017-08-18 02:00:00, 4.51887e-05
16491, 2017-08-18 03:00:00, 4.50704e-05
16492, 2017-08-18 04:00:00, 4.49524e-05
16493, 2017-08-18 05:00:00, 4.48347e-05
16494, 2017-08-18 06:00:00, 4.47173e-05
16495, 2017-08-18 07:00:00, 4.46003e-05
16496, 2017-08-18 08:00:00, 4.44835e-05
16497, 2017-08-18 09:00:00, 4.4367e-05
16498, 2017-08-18 10:00:00, 4.42509e-05
16499, 2017-08-18 11:00:00, 4.41351e-05
16500, 2017-08-18 12:00:00, 4.40195e-05
16501, 2017-08-18 13:00:00, 4.39043e-05
16502, 2017-08-18 14:00:00, 4.37893e-05
16503, 2017-08-18 15:00:00, 4.36747e-05
16504, 2017-08-18 16:00:00, 4.35604e-05
16505, 2017-08-18 17:00:00, 4.34463e-05
16506, 2017-08-18 18:00:00, 4.33326e-05
16507, 2017-08-18 19:00:00, 4.32192e-05
16508, 2017-08-18 20:00:00, 4.3106e-05
16509, 2017-08-18 21:00:00, 4.29932e-05
16510, 2017-08-18 22:00:00, 4.2888e-05
16511, 2017-08-18 23:00:00, 4.27814e-05
16512, 2017-08-19 00:00:00, 5.85358e-05
16513, 2017-08-19 01:00:00, 4.98101e-05
16514, 2017-08-19 02:00:00, 0.00228996
16515, 2017-08-19 03:00:00, 0.00107662
16516, 2017-08-19 04:00:00, 0.000864483
16517, 2017-08-19 05:00:00, 4.78404e-05
16518, 2017-08-19 06:00:00, 4.21511e-05
16519, 2017-08-19 07:00:00, 4.20005e-05
16520, 2017-08-19 08:00:00, 4.18487e-05
16521, 2017-08-19 09:00:00, 4.17291e-05
16522, 2017-08-19 10:00:00, 4.15867e-05
16523, 2017-08-19 11:00:00, 4.14627e-05
16524, 2017-08-19 12:00:00, 4.13395e-05
16525, 2017-08-19 13:00:00, 4.12285e-05
16526, 2017-08-19 14:00:00, 4.11194e-05
16527, 2017-08-19 15:00:00, 4.10117e-05
16528, 2017-08-19 16:00:00, 4.09044e-05
16529, 2017-08-19 17:00:00, 4.07973e-05
16530, 2017-08-19 18:00:00, 4.06905e-05
16531, 2017-08-19 19:00:00, 4.0584e-05
16532, 2017-08-19 20:00:00, 4.04777e-05
16533, 2017-08-19 21:00:00, 4.03718e-05
16534, 2017-08-19 22:00:00, 4.02661e-05
16535, 2017-08-19 23:00:00, 4.01607e-05
16536, 2017-08-20 00:00:00, 4.00555e-05
16537, 2017-08-20 01:00:00, 3.99507e-05
16538, 2017-08-20 02:00:00, 3.98461e-05
16539, 2017-08-20 03:00:00, 3.97418e-05
16540, 2017-08-20 04:00:00, 3.96377e-05
16541, 2017-08-20 05:00:00, 3.9534e-05
16542, 2017-08-20 06:00:00, 3.94305e-05
16543, 2017-08-20 07:00:00, 3.93273e-05
16544, 2017-08-20 08:00:00, 3.92243e-05
16545, 2017-08-20 09:00:00, 3.91216e-05
16546, 2017-08-20 10:00:00, 3.90192e-05
16547, 2017-08-20 11:00:00, 3.89171e-05
16548, 2017-08-20 12:00:00, 3.88152e-05
16549, 2017-08-20 13:00:00, 3.87136e-05
16550, 2017-08-20 14:00:00, 3.86122e-05
16551, 2017-08-20 15:00:00, 3.85112e-05
16552, 2017-08-20 16:00:00, 3.84103e-05
16553, 2017-08-20 17:00:00, 3.83098e-05
16554, 2017-08-20 18:00:00, 3.82095e-05
16555, 2017-08-20 19:00:00, 3.81095e-05
16556, 2017-08-20 20:00:00, 3.80097e-05
16557, 2017-08-20 21:00:00, 3.79102e-05
16558, 2017-08-20 22:00:00, 3.7811e-05
16559, 2017-08-20 23:00:00, 3.7712e-05
16560, 2017-08-21 00:00:00, 3.76133e-05
16561, 2017-08-21 01:00:00, 3.75148e-05
16562, 2017-08-21 02:00:00, 3.74166e-05
16563, 2017-08-21 03:00:00, 3.73187e-05
16564, 2017-08-21 04:00:00, 3.7221e-05
16565, 2017-08-21 05:00:00, 3.71235e-05
16566, 2017-08-21 06:00:00, 3.70263e-05
16567, 2017-08-21 07:00:00, 3.69294e-05
16568, 2017-08-21 08:00:00, 3.68327e-05
16569, 2017-08-21 09:00:00, 3.67363e-05
16570, 2017-08-21 10:00:00, 3.66402e-05
16571, 2017-08-21 11:00:00, 3.65442e-05
16572, 2017-08-21 12:00:00, 3.64486e-05
16573, 2017-08-21 13:00:00, 3.63532e-05
16574, 2017-08-21 14:00:00, 3.6258e-05
16575, 2017-08-21 15:00:00, 3.61631e-05
16576, 2017-08-21 16:00:00, 3.60684e-05
16577, 2017-08-21 17:00:00, 3.5974e-05
16578, 2017-08-21 18:00:00, 3.58798e-05
16579, 2017-08-21 19:00:00, 3.57859e-05
16580, 2017-08-21 20:00:00, 3.56922e-05
16581, 2017-08-21 21:00:00, 3.55988e-05
16582, 2017-08-21 22:00:00, 3.55056e-05
16583, 2017-08-21 23:00:00, 3.54126e-05
16584, 2017-08-22 00:00:00, 3.53199e-05
16585, 2017-08-22 01:00:00, 3.52275e-05
16586, 2017-08-22 02:00:00, 3.51353e-05
16587, 2017-08-22 03:00:00, 3.50433e-05
16588, 2017-08-22 04:00:00, 3.49516e-05
16589, 2017-08-22 05:00:00, 3.48601e-05
16590, 2017-08-22 06:00:00, 3.47688e-05
16591, 2017-08-22 07:00:00, 3.46778e-05
16592, 2017-08-22 08:00:00, 3.4587e-05
16593, 2017-08-22 09:00:00, 3.44965e-05
16594, 2017-08-22 10:00:00, 3.44062e-05
16595, 2017-08-22 11:00:00, 3.43161e-05
16596, 2017-08-22 12:00:00, 3.42263e-05
16597, 2017-08-22 13:00:00, 3.41367e-05
16598, 2017-08-22 14:00:00, 3.40473e-05
16599, 2017-08-22 15:00:00, 3.39582e-05
16600, 2017-08-22 16:00:00, 3.38693e-05
16601, 2017-08-22 17:00:00, 3.37806e-05
16602, 2017-08-22 18:00:00, 3.36922e-05
16603, 2017-08-22 19:00:00, 3.3604e-05
16604, 2017-08-22 20:00:00, 3.3516e-05
16605, 2017-08-22 21:00:00, 3.34283e-05
16606, 2017-08-22 22:00:00, 3.33408e-05
16607, 2017-08-22 23:00:00, 3.32535e-05
16608, 2017-08-23 00:00:00, 3.31665e-05
16609, 2017-08-23 01:00:00, 3.30796e-05
16610, 2017-08-23 02:00:00, 3.2993e-05
16611, 2017-08-23 03:00:00, 3.29067e-05
16612, 2017-08-23 04:00:00, 3.28205e-05
16613, 2017-08-23 05:00:00, 0.000889807
16614, 2017-08-23 06:00:00, 0.00199766
16615, 2017-08-23 07:00:00, 0.00106033
16616, 2017-08-23 08:00:00, 0.000605364
16617, 2017-08-23 09:00:00, 3.23932e-05
16618, 2017-08-23 10:00:00, 3.23084e-05
16619, 2017-08-23 11:00:00, 3.22238e-05
16620, 2017-08-23 12:00:00, 3.21395e-05
16621, 2017-08-23 13:00:00, 3.20553e-05
16622, 2017-08-23 14:00:00, 3.19714e-05
16623, 2017-08-23 15:00:00, 3.18877e-05
16624, 2017-08-23 16:00:00, 3.18043e-05
16625, 2017-08-23 17:00:00, 3.1721e-05
16626, 2017-08-23 18:00:00, 3.1638e-05
16627, 2017-08-23 19:00:00, 3.15551e-05
16628, 2017-08-23 20:00:00, 3.14725e-05
16629, 2017-08-23 21:00:00, 3.13902e-05
16630, 2017-08-23 22:00:00, 3.1308e-05
16631, 2017-08-23 23:00:00, 3.1226e-05
16632, 2017-08-24 00:00:00, 3.11443e-05
16633, 2017-08-24 01:00:00, 3.10628e-05
16634, 2017-08-24 02:00:00, 3.09814e-05
16635, 2017-08-24 03:00:00, 3.09003e-05
16636, 2017-08-24 04:00:00, 3.08195e-05
16637, 2017-08-24 05:00:00, 3.07388e-05
16638, 2017-08-24 06:00:00, 3.06583e-05
16639, 2017-08-24 07:00:00, 3.05781e-05
16640, 2017-08-24 08:00:00, 3.0498e-05
16641, 2017-08-24 09:00:00, 3.04182e-05
16642, 2017-08-24 10:00:00, 3.03385e-05
16643, 2017-08-24 11:00:00, 3.02591e-05
16644, 2017-08-24 12:00:00, 3.01799e-05
16645, 2017-08-24 13:00:00, 3.01009e-05
16646, 2017-08-24 14:00:00, 3.00221e-05
16647, 2017-08-24 15:00:00, 2.99435e-05
16648, 2017-08-24 16:00:00, 2.98651e-05
16649, 2017-08-24 17:00:00, 2.9787e-05
16650, 2017-08-24 18:00:00, 2.9709e-05
16651, 2017-08-24 19:00:00, 2.96312e-05
16652, 2017-08-24 20:00:00, 2.95537e-05
16653, 2017-08-24 21:00:00, 2.94763e-05
16654, 2017-08-24 22:00:00, 2.93991e-05
16655, 2017-08-24 23:00:00, 2.93222e-05
16656, 2017-08-25 00:00:00, 2.92454e-05
16657, 2017-08-25 01:00:00, 2.91689e-05
16658, 2017-08-25 02:00:00, 2.90925e-05
16659, 2017-08-25 03:00:00, 2.90164e-05
16660, 2017-08-25 04:00:00, 2.89404e-05
16661, 2017-08-25 05:00:00, 2.88646e-05
16662, 2017-08-25 06:00:00, 2.87891e-05
16663, 2017-08-25 07:00:00, 2.87137e-05
16664, 2017-08-25 08:00:00, 2.86386e-05
16665, 2017-08-25 09:00:00, 2.85636e-05
16666, 2017-08-25 10:00:00, 2.84888e-05
16667, 2017-08-25 11:00:00, 2.84142e-05
16668, 2017-08-25 12:00:00, 2.83399e-05
16669, 2017-08-25 13:00:00, 2.82657e-05
16670, 2017-08-25 14:00:00, 2.81917e-05
16671, 2017-08-25 15:00:00, 2.81179e-05
16672, 2017-08-25 16:00:00, 2.80443e-05
16673, 2017-08-25 17:00:00, 2.79709e-05
16674, 2017-08-25 18:00:00, 2.78977e-05
16675, 2017-08-25 19:00:00, 2.78246e-05
16676, 2017-08-25 20:00:00, 2.77518e-05
16677, 2017-08-25 21:00:00, 2.76791e-05
16678, 2017-08-25 22:00:00, 2.76067e-05
16679, 2017-08-25 23:00:00, 2.75344e-05
16680, 2017-08-26 00:00:00, 2.74623e-05
16681, 2017-08-26 01:00:00, 2.73905e-05
16682, 2017-08-26 02:00:00, 2.73188e-05
16683, 2017-08-26 03:00:00, 2.72472e-05
16684, 2017-08-26 04:00:00, 2.71759e-05
16685, 2017-08-26 05:00:00, 2.71048e-05
16686, 2017-08-26 06:00:00, 2.70338e-05
16687, 2017-08-26 07:00:00, 2.69631e-05
16688, 2017-08-26 08:00:00, 2.68925e-05
16689, 2017-08-26 09:00:00, 2.68221e-05
16690, 2017-08-26 10:00:00, 2.67519e-05
16691, 2017-08-26 11:00:00, 2.66818e-05
16692, 2017-08-26 12:00:00, 2.6612e-05
16693, 2017-08-26 13:00:00, 2.65423e-05
16694, 2017-08-26 14:00:00, 2.64729e-05
16695, 2017-08-26 15:00:00, 2.64036e-05
16696, 2017-08-26 16:00:00, 2.63344e-05
16697, 2017-08-26 17:00:00, 2.62655e-05
16698, 2017-08-26 18:00:00, 2.61968e-05
16699, 2017-08-26 19:00:00, 2.61282e-05
16700, 2017-08-26 20:00:00, 2.60598e-05
16701, 2017-08-26 21:00:00, 2.59916e-05
16702, 2017-08-26 22:00:00, 2.59235e-05
16703, 2017-08-26 23:00:00, 2.58557e-05
16704, 2017-08-27 00:00:00, 2.5788e-05
16705, 2017-08-27 01:00:00, 2.57205e-05
16706, 2017-08-27 02:00:00, 2.56532e-05
16707, 2017-08-27 03:00:00, 2.5586e-05
16708, 2017-08-27 04:00:00, 2.5519e-05
16709, 2017-08-27 05:00:00, 2.54522e-05
16710, 2017-08-27 06:00:00, 2.53856e-05
16711, 2017-08-27 07:00:00, 2.53192e-05
16712, 2017-08-27 08:00:00, 2.52529e-05
16713, 2017-08-27 09:00:00, 2.51868e-05
16714, 2017-08-27 10:00:00, 2.51208e-05
16715, 2017-08-27 11:00:00, 2.50551e-05
16716, 2017-08-27 12:00:00, 2.49895e-05
16717, 2017-08-27 13:00:00, 2.49241e-05
16718, 2017-08-27 14:00:00, 2.48588e-05
16719, 2017-08-27 15:00:00, 2.47938e-05
16720, 2017-08-27 16:00:00, 2.47289e-05
16721, 2017-08-27 17:00:00, 2.46641e-05
16722, 2017-08-27 18:00:00, 2.45996e-05
16723, 2017-08-27 19:00:00, 2.45352e-05
16724, 2017-08-27 20:00:00, 2.4471e-05
16725, 2017-08-27 21:00:00, 2.44069e-05
16726, 2017-08-27 22:00:00, 2.4343e-05
16727, 2017-08-27 23:00:00, 2.42793e-05
16728, 2017-08-28 00:00:00, 2.42157e-05
16729, 2017-08-28 01:00:00, 2.41523e-05
16730, 2017-08-28 02:00:00, 2.40891e-05
16731, 2017-08-28 03:00:00, 2.40261e-05
16732, 2017-08-28 04:00:00, 2.39632e-05
16733, 2017-08-28 05:00:00, 2.39004e-05
16734, 2017-08-28 06:00:00, 2.38379e-05
16735, 2017-08-28 07:00:00, 2.37755e-05
16736, 2017-08-28 08:00:00, 2.37132e-05
16737, 2017-08-28 09:00:00, 2.36512e-05
16738, 2017-08-28 10:00:00, 2.35893e-05
16739, 2017-08-28 11:00:00, 2.35275e-05
16740, 2017-08-28 12:00:00, 2.34659e-05
16741, 2017-08-28 13:00:00, 2.34045e-05
16742, 2017-08-28 14:00:00, 2.33432e-05
16743, 2017-08-28 15:00:00, 2.32821e-05
16744, 2017-08-28 16:00:00, 2.32212e-05
16745, 2017-08-28 17:00:00, 2.31604e-05
16746, 2017-08-28 18:00:00, 2.30998e-05
16747, 2017-08-28 19:00:00, 2.30393e-05
16748, 2017-08-28 20:00:00, 2.2979e-05
16749, 2017-08-28 21:00:00, 2.29189e-05
16750, 2017-08-28 22:00:00, 2.28589e-05
16751, 2017-08-28 23:00:00, 2.2799e-05
16752, 2017-08-29 00:00:00, 2.27393e-05
16753, 2017-08-29 01:00:00, 2.26798e-05
16754, 2017-08-29 02:00:00, 2.26204e-05
16755, 2017-08-29 03:00:00, 2.25612e-05
16756, 2017-08-29 04:00:00, 2.25022e-05
16757, 2017-08-29 05:00:00, 2.24433e-05
16758, 2017-08-29 06:00:00, 2.23845e-05
16759, 2017-08-29 07:00:00, 2.23259e-05
16760, 2017-08-29 08:00:00, 2.22675e-05
16761, 2017-08-29 09:00:00, 2.22092e-05
16762, 2017-08-29 10:00:00, 2.21511e-05
16763, 2017-08-29 11:00:00, 2.20931e-05
16764, 2017-08-29 12:00:00, 2.20353e-05
16765, 2017-08-29 13:00:00, 2.19776e-05
16766, 2017-08-29 14:00:00, 2.192e-05
16767, 2017-08-29 15:00:00, 2.18627e-05
16768, 2017-08-29 16:00:00, 2.18054e-05
16769, 2017-08-29 17:00:00, 2.17484e-05
16770, 2017-08-29 18:00:00, 2.16914e-05
16771, 2017-08-29 19:00:00, 2.16346e-05
16772, 2017-08-29 20:00:00, 2.1578e-05
16773, 2017-08-29 21:00:00, 2.15215e-05
16774, 2017-08-29 22:00:00, 2.14652e-05
16775, 2017-08-29 23:00:00, 2.1409e-05
16776, 2017-08-30 00:00:00, 2.1353e-05
16777, 2017-08-30 01:00:00, 2.12971e-05
16778, 2017-08-30 02:00:00, 2.12413e-05
16779, 2017-08-30 03:00:00, 0.000208351
16780, 2017-08-30 04:00:00, 0.00202938
16781, 2017-08-30 05:00:00, 0.00269006
16782, 2017-08-30 06:00:00, 0.00173108
16783, 2017-08-30 07:00:00, 0.001234
16784, 2017-08-30 08:00:00, 0.00146094
16785, 2017-08-30 09:00:00, 0.00214186
16786, 2017-08-30 10:00:00, 0.00142189
16787, 2017-08-30 11:00:00, 0.000693641
16788, 2017-08-30 12:00:00, 0.000143584
16789, 2017-08-30 13:00:00, 2.06377e-05
16790, 2017-08-30 14:00:00, 2.05836e-05
16791, 2017-08-30 15:00:00, 2.05297e-05
16792, 2017-08-30 16:00:00, 2.0476e-05
16793, 2017-08-30 17:00:00, 2.04224e-05
16794, 2017-08-30 18:00:00, 2.0369e-05
16795, 2017-08-30 19:00:00, 2.03156e-05
16796, 2017-08-30 20:00:00, 2.02625e-05
16797, 2017-08-30 21:00:00, 2.02094e-05
16798, 2017-08-30 22:00:00, 2.01565e-05
16799, 2017-08-30 23:00:00, 2.01038e-05
16800, 2017-08-31 00:00:00, 2.00511e-05
16801, 2017-08-31 01:00:00, 1.99986e-05
16802, 2017-08-31 02:00:00, 1.99463e-05
16803, 2017-08-31 03:00:00, 1.98941e-05
16804, 2017-08-31 04:00:00, 1.9842e-05
16805, 2017-08-31 05:00:00, 1.97901e-05
16806, 2017-08-31 06:00:00, 1.97383e-05
16807, 2017-08-31 07:00:00, 1.96866e-05
16808, 2017-08-31 08:00:00, 1.96351e-05
16809, 2017-08-31 09:00:00, 1.95837e-05
16810, 2017-08-31 10:00:00, 1.95324e-05
16811, 2017-08-31 11:00:00, 1.94813e-05
16812, 2017-08-31 12:00:00, 1.94303e-05
16813, 2017-08-31 13:00:00, 1.93794e-05
16814, 2017-08-31 14:00:00, 1.93287e-05
16815, 2017-08-31 15:00:00, 1.92781e-05
16816, 2017-08-31 16:00:00, 1.92276e-05
16817, 2017-08-31 17:00:00, 1.91773e-05
16818, 2017-08-31 18:00:00, 1.91271e-05
16819, 2017-08-31 19:00:00, 1.9077e-05
16820, 2017-08-31 20:00:00, 1.90271e-05
16821, 2017-08-31 21:00:00, 1.89773e-05
16822, 2017-08-31 22:00:00, 1.89276e-05
16823, 2017-08-31 23:00:00, 1.88781e-05
16824, 2017-09-01 00:00:00, 1.88287e-05
16825, 2017-09-01 01:00:00, 1.87794e-05
16826, 2017-09-01 02:00:00, 1.87302e-05
16827, 2017-09-01 03:00:00, 1.86812e-05
16828, 2017-09-01 04:00:00, 1.86323e-05
16829, 2017-09-01 05:00:00, 1.85835e-05
16830, 2017-09-01 06:00:00, 1.85349e-05
16831, 2017-09-01 07:00:00, 1.84864e-05
16832, 2017-09-01 08:00:00, 1.8438e-05
16833, 2017-09-01 09:00:00, 1.83897e-05
16834, 2017-09-01 10:00:00, 1.83416e-05
16835, 2017-09-01 11:00:00, 1.82936e-05
16836, 2017-09-01 12:00:00, 1.82457e-05
16837, 2017-09-01 13:00:00, 1.81979e-05
16838, 2017-09-01 14:00:00, 1.81503e-05
16839, 2017-09-01 15:00:00, 1.81028e-05
16840, 2017-09-01 16:00:00, 1.80554e-05
16841, 2017-09-01 17:00:00, 1.80081e-05
16842, 2017-09-01 18:00:00, 1.7961e-05
16843, 2017-09-01 19:00:00, 1.7914e-05
16844, 2017-09-01 20:00:00, 1.78671e-05
16845, 2017-09-01 21:00:00, 1.78203e-05
16846, 2017-09-01 22:00:00, 1.77737e-05
16847, 2017-09-01 23:00:00, 1.77271e-05
16848, 2017-09-02 00:00:00, 1.76807e-05
16849, 2017-09-02 01:00:00, 1.76345e-05
16850, 2017-09-02 02:00:00, 1.75883e-05
16851, 2017-09-02 03:00:00, 1.75423e-05
16852, 2017-09-02 04:00:00, 1.74963e-05
16853, 2017-09-02 05:00:00, 1.74505e-05
16854, 2017-09-02 06:00:00, 1.74049e-05
16855, 2017-09-02 07:00:00, 1.73593e-05
16856, 2017-09-02 08:00:00, 1.73139e-05
16857, 2017-09-02 09:00:00, 1.72685e-05
16858, 2017-09-02 10:00:00, 1.72233e-05
16859, 2017-09-02 11:00:00, 1.71783e-05
16860, 2017-09-02 12:00:00, 1.71333e-05
16861, 2017-09-02 13:00:00, 1.70884e-05
16862, 2017-09-02 14:00:00, 1.70437e-05
16863, 2017-09-02 15:00:00, 1.69991e-05
16864, 2017-09-02 16:00:00, 1.69546e-05
16865, 2017-09-02 17:00:00, 1.69102e-05
16866, 2017-09-02 18:00:00, 1.6866e-05
16867, 2017-09-02 19:00:00, 1.68218e-05
16868, 2017-09-02 20:00:00, 1.67778e-05
16869, 2017-09-02 21:00:00, 1.67339e-05
16870, 2017-09-02 22:00:00, 1.66901e-05
16871, 2017-09-02 23:00:00, 1.66464e-05
16872, 2017-09-03 00:00:00, 1.66028e-05
16873, 2017-09-03 01:00:00, 1.65593e-05
16874, 2017-09-03 02:00:00, 1.6516e-05
16875, 2017-09-03 03:00:00, 1.64728e-05
16876, 2017-09-03 04:00:00, 1.64296e-05
16877, 2017-09-03 05:00:00, 1.63866e-05
16878, 2017-09-03 06:00:00, 0.000504922
16879, 2017-09-03 07:00:00, 0.00303721
16880, 2017-09-03 08:00:00, 0.00233977
16881, 2017-09-03 09:00:00, 0.00143109
16882, 2017-09-03 10:00:00, 0.000333866
16883, 2017-09-03 11:00:00, 1.6131e-05
16884, 2017-09-03 12:00:00, 1.94576e-05
16885, 2017-09-03 13:00:00, 0.00378603
16886, 2017-09-03 14:00:00, 0.00184183
16887, 2017-09-03 15:00:00, 0.00143707
16888, 2017-09-03 16:00:00, 5.65265e-05
16889, 2017-09-03 17:00:00, 1.58793e-05
16890, 2017-09-03 18:00:00, 2.27672e-05
16891, 2017-09-03 19:00:00, 0.000469745
16892, 2017-09-03 20:00:00, 0.00289668
16893, 2017-09-03 21:00:00, 0.00805773
16894, 2017-09-03 22:00:00, 0.00401643
16895, 2017-09-03 23:00:00, 0.00243849
16896, 2017-09-04 00:00:00, 1.55906e-05
16897, 2017-09-04 01:00:00, 1.55498e-05
16898, 2017-09-04 02:00:00, 1.55091e-05
16899, 2017-09-04 03:00:00, 1.54685e-05
16900, 2017-09-04 04:00:00, 1.5428e-05
16901, 2017-09-04 05:00:00, 1.53876e-05
16902, 2017-09-04 06:00:00, 1.53473e-05
16903, 2017-09-04 07:00:00, 1.53072e-05
16904, 2017-09-04 08:00:00, 1.52671e-05
16905, 2017-09-04 09:00:00, 1.52271e-05
16906, 2017-09-04 10:00:00, 1.51873e-05
16907, 2017-09-04 11:00:00, 1.51475e-05
16908, 2017-09-04 12:00:00, 1.51079e-05
16909, 2017-09-04 13:00:00, 1.50683e-05
16910, 2017-09-04 14:00:00, 1.50289e-05
16911, 2017-09-04 15:00:00, 1.49895e-05
16912, 2017-09-04 16:00:00, 1.49503e-05
16913, 2017-09-04 17:00:00, 1.49112e-05
16914, 2017-09-04 18:00:00, 1.48721e-05
16915, 2017-09-04 19:00:00, 1.48332e-05
16916, 2017-09-04 20:00:00, 1.47944e-05
16917, 2017-09-04 21:00:00, 1.47557e-05
16918, 2017-09-04 22:00:00, 1.4717e-05
16919, 2017-09-04 23:00:00, 1.46785e-05
16920, 2017-09-05 00:00:00, 1.46401e-05
16921, 2017-09-05 01:00:00, 1.46018e-05
16922, 2017-09-05 02:00:00, 1.45635e-05
16923, 2017-09-05 03:00:00, 1.45254e-05
16924, 2017-09-05 04:00:00, 1.44874e-05
16925, 2017-09-05 05:00:00, 1.44495e-05
16926, 2017-09-05 06:00:00, 1.44117e-05
16927, 2017-09-05 07:00:00, 1.43739e-05
16928, 2017-09-05 08:00:00, 1.43363e-05
16929, 2017-09-05 09:00:00, 1.42988e-05
16930, 2017-09-05 10:00:00, 1.4272e-05
16931, 2017-09-05 11:00:00, 1.42452e-05
16932, 2017-09-05 12:00:00, 1.41981e-05
16933, 2017-09-05 13:00:00, 1.41556e-05
16934, 2017-09-05 14:00:00, 1.41126e-05
16935, 2017-09-05 15:00:00, 1.40757e-05
16936, 2017-09-05 16:00:00, 1.40388e-05
16937, 2017-09-05 17:00:00, 1.40021e-05
16938, 2017-09-05 18:00:00, 1.39654e-05
16939, 2017-09-05 19:00:00, 1.39289e-05
16940, 2017-09-05 20:00:00, 1.38924e-05
16941, 2017-09-05 21:00:00, 1.38561e-05
16942, 2017-09-05 22:00:00, 1.38198e-05
16943, 2017-09-05 23:00:00, 1.37836e-05
16944, 2017-09-06 00:00:00, 1.37475e-05
16945, 2017-09-06 01:00:00, 1.37116e-05
16946, 2017-09-06 02:00:00, 1.36757e-05
16947, 2017-09-06 03:00:00, 1.36399e-05
16948, 2017-09-06 04:00:00, 1.36042e-05
16949, 2017-09-06 05:00:00, 1.35688e-05
16950, 2017-09-06 06:00:00, 1.35332e-05
16951, 2017-09-06 07:00:00, 1.34977e-05
16952, 2017-09-06 08:00:00, 1.34623e-05
16953, 2017-09-06 09:00:00, 1.34276e-05
16954, 2017-09-06 10:00:00, 1.34232e-05
16955, 2017-09-06 11:00:00, 1.34111e-05
16956, 2017-09-06 12:00:00, 1.33513e-05
16957, 2017-09-06 13:00:00, 1.33015e-05
16958, 2017-09-06 14:00:00, 1.32522e-05
16959, 2017-09-06 15:00:00, 0.334862
16960, 2017-09-06 16:00:00, 0.153239
16961, 2017-09-06 17:00:00, 0.122241
16962, 2017-09-06 18:00:00, 0.000384768
16963, 2017-09-06 19:00:00, 1.30797e-05
16964, 2017-09-06 20:00:00, 1.30455e-05
16965, 2017-09-06 21:00:00, 1.30113e-05
16966, 2017-09-06 22:00:00, 0.000174448
16967, 2017-09-06 23:00:00, 0.00118825
16968, 2017-09-07 00:00:00, 0.00788042
16969, 2017-09-07 01:00:00, 0.0614145
16970, 2017-09-07 02:00:00, 0.041837
16971, 2017-09-07 03:00:00, 0.028516
16972, 2017-09-07 04:00:00, 0.043746
16973, 2017-09-07 05:00:00, 0.210591
16974, 2017-09-07 06:00:00, 0.123022
16975, 2017-09-07 07:00:00, 0.0830981
16976, 2017-09-07 08:00:00, 0.00933147
16977, 2017-09-07 09:00:00, 0.00119768
16978, 2017-09-07 10:00:00, 1.25755e-05
16979, 2017-09-07 11:00:00, 1.25425e-05
16980, 2017-09-07 12:00:00, 1.25097e-05
16981, 2017-09-07 13:00:00, 1.2477e-05
16982, 2017-09-07 14:00:00, 1.24443e-05
16983, 2017-09-07 15:00:00, 1.24117e-05
16984, 2017-09-07 16:00:00, 1.23792e-05
16985, 2017-09-07 17:00:00, 1.23468e-05
16986, 2017-09-07 18:00:00, 1.23145e-05
16987, 2017-09-07 19:00:00, 1.22823e-05
16988, 2017-09-07 20:00:00, 1.22501e-05
16989, 2017-09-07 21:00:00, 1.22181e-05
16990, 2017-09-07 22:00:00, 1.21861e-05
16991, 2017-09-07 23:00:00, 1.21542e-05
16992, 2017-09-08 00:00:00, 1.21224e-05
16993, 2017-09-08 01:00:00, 1.20906e-05
16994, 2017-09-08 02:00:00, 1.2059e-05
16995, 2017-09-08 03:00:00, 1.20274e-05
16996, 2017-09-08 04:00:00, 1.1996e-05
16997, 2017-09-08 05:00:00, 1.19646e-05
16998, 2017-09-08 06:00:00, 1.19332e-05
16999, 2017-09-08 07:00:00, 1.1902e-05
17000, 2017-09-08 08:00:00, 1.18708e-05
17001, 2017-09-08 09:00:00, 1.18398e-05
17002, 2017-09-08 10:00:00, 1.18088e-05
17003, 2017-09-08 11:00:00, 1.17779e-05
17004, 2017-09-08 12:00:00, 1.1747e-05
17005, 2017-09-08 13:00:00, 1.17163e-05
17006, 2017-09-08 14:00:00, 1.16856e-05
17007, 2017-09-08 15:00:00, 1.1655e-05
17008, 2017-09-08 16:00:00, 1.16245e-05
17009, 2017-09-08 17:00:00, 1.15941e-05
17010, 2017-09-08 18:00:00, 1.15638e-05
17011, 2017-09-08 19:00:00, 1.15335e-05
17012, 2017-09-08 20:00:00, 1.15033e-05
17013, 2017-09-08 21:00:00, 1.14732e-05
17014, 2017-09-08 22:00:00, 1.14432e-05
17015, 2017-09-08 23:00:00, 1.14132e-05
17016, 2017-09-09 00:00:00, 1.13833e-05
17017, 2017-09-09 01:00:00, 1.13535e-05
17018, 2017-09-09 02:00:00, 1.13238e-05
17019, 2017-09-09 03:00:00, 1.12942e-05
17020, 2017-09-09 04:00:00, 1.12646e-05
17021, 2017-09-09 05:00:00, 1.12351e-05
17022, 2017-09-09 06:00:00, 1.12057e-05
17023, 2017-09-09 07:00:00, 1.11764e-05
17024, 2017-09-09 08:00:00, 1.11471e-05
17025, 2017-09-09 09:00:00, 1.1118e-05
17026, 2017-09-09 10:00:00, 1.10889e-05
17027, 2017-09-09 11:00:00, 1.10598e-05
17028, 2017-09-09 12:00:00, 1.10309e-05
17029, 2017-09-09 13:00:00, 1.1002e-05
17030, 2017-09-09 14:00:00, 1.09732e-05
17031, 2017-09-09 15:00:00, 1.09445e-05
17032, 2017-09-09 16:00:00, 1.09158e-05
17033, 2017-09-09 17:00:00, 1.08873e-05
17034, 2017-09-09 18:00:00, 1.08588e-05
17035, 2017-09-09 19:00:00, 1.08303e-05
17036, 2017-09-09 20:00:00, 1.0802e-05
17037, 2017-09-09 21:00:00, 1.07737e-05
17038, 2017-09-09 22:00:00, 1.07455e-05
17039, 2017-09-09 23:00:00, 1.07174e-05
17040, 2017-09-10 00:00:00, 1.06893e-05
17041, 2017-09-10 01:00:00, 1.06614e-05
17042, 2017-09-10 02:00:00, 1.06335e-05
17043, 2017-09-10 03:00:00, 1.06056e-05
17044, 2017-09-10 04:00:00, 1.05779e-05
17045, 2017-09-10 05:00:00, 1.05502e-05
17046, 2017-09-10 06:00:00, 1.05226e-05
17047, 2017-09-10 07:00:00, 1.0495e-05
17048, 2017-09-10 08:00:00, 1.04675e-05
17049, 2017-09-10 09:00:00, 1.04401e-05
17050, 2017-09-10 10:00:00, 1.04128e-05
17051, 2017-09-10 11:00:00, 1.03856e-05
17052, 2017-09-10 12:00:00, 1.03584e-05
17053, 2017-09-10 13:00:00, 1.03313e-05
17054, 2017-09-10 14:00:00, 1.03042e-05
17055, 2017-09-10 15:00:00, 1.02773e-05
17056, 2017-09-10 16:00:00, 1.02504e-05
17057, 2017-09-10 17:00:00, 1.02235e-05
17058, 2017-09-10 18:00:00, 1.01968e-05
17059, 2017-09-10 19:00:00, 1.01701e-05
17060, 2017-09-10 20:00:00, 1.01435e-05
17061, 2017-09-10 21:00:00, 1.01169e-05
17062, 2017-09-10 22:00:00, 1.00904e-05
17063, 2017-09-10 23:00:00, 1.0064e-05
17064, 2017-09-11 00:00:00, 1.00377e-05
17065, 2017-09-11 01:00:00, 1.00114e-05
17066, 2017-09-11 02:00:00, 9.98519e-06
17067, 2017-09-11 03:00:00, 9.95905e-06
17068, 2017-09-11 04:00:00, 9.93298e-06
17069, 2017-09-11 05:00:00, 9.90699e-06
17070, 2017-09-11 06:00:00, 9.88105e-06
17071, 2017-09-11 07:00:00, 9.85519e-06
17072, 2017-09-11 08:00:00, 9.82939e-06
17073, 2017-09-11 09:00:00, 9.80367e-06
17074, 2017-09-11 10:00:00, 9.778e-06
17075, 2017-09-11 11:00:00, 9.75241e-06
17076, 2017-09-11 12:00:00, 9.72688e-06
17077, 2017-09-11 13:00:00, 9.70142e-06
17078, 2017-09-11 14:00:00, 9.67603e-06
17079, 2017-09-11 15:00:00, 9.6507e-06
17080, 2017-09-11 16:00:00, 9.62544e-06
17081, 2017-09-11 17:00:00, 9.60025e-06
17082, 2017-09-11 18:00:00, 9.57512e-06
17083, 2017-09-11 19:00:00, 9.55006e-06
17084, 2017-09-11 20:00:00, 9.52506e-06
17085, 2017-09-11 21:00:00, 9.50013e-06
17086, 2017-09-11 22:00:00, 9.47526e-06
17087, 2017-09-11 23:00:00, 9.45046e-06
17088, 2017-09-12 00:00:00, 9.42572e-06
17089, 2017-09-12 01:00:00, 9.40105e-06
17090, 2017-09-12 02:00:00, 9.37644e-06
17091, 2017-09-12 03:00:00, 9.3519e-06
17092, 2017-09-12 04:00:00, 9.32742e-06
17093, 2017-09-12 05:00:00, 9.30301e-06
17094, 2017-09-12 06:00:00, 9.27866e-06
17095, 2017-09-12 07:00:00, 9.25437e-06
17096, 2017-09-12 08:00:00, 9.23015e-06
17097, 2017-09-12 09:00:00, 9.20599e-06
17098, 2017-09-12 10:00:00, 9.18189e-06
17099, 2017-09-12 11:00:00, 9.15786e-06
17100, 2017-09-12 12:00:00, 9.13388e-06
17101, 2017-09-12 13:00:00, 9.10998e-06
17102, 2017-09-12 14:00:00, 9.08613e-06
17103, 2017-09-12 15:00:00, 9.06235e-06
17104, 2017-09-12 16:00:00, 9.03863e-06
17105, 2017-09-12 17:00:00, 9.01497e-06
17106, 2017-09-12 18:00:00, 8.99137e-06
17107, 2017-09-12 19:00:00, 8.96784e-06
17108, 2017-09-12 20:00:00, 8.94436e-06
17109, 2017-09-12 21:00:00, 8.92095e-06
17110, 2017-09-12 22:00:00, 8.8976e-06
17111, 2017-09-12 23:00:00, 8.87431e-06
17112, 2017-09-13 00:00:00, 8.85108e-06
17113, 2017-09-13 01:00:00, 8.82792e-06
17114, 2017-09-13 02:00:00, 8.80481e-06
17115, 2017-09-13 03:00:00, 8.78176e-06
17116, 2017-09-13 04:00:00, 8.75878e-06
17117, 2017-09-13 05:00:00, 8.73585e-06
17118, 2017-09-13 06:00:00, 8.71298e-06
17119, 2017-09-13 07:00:00, 8.69018e-06
17120, 2017-09-13 08:00:00, 8.66743e-06
17121, 2017-09-13 09:00:00, 8.64474e-06
17122, 2017-09-13 10:00:00, 8.62212e-06
17123, 2017-09-13 11:00:00, 8.59955e-06
17124, 2017-09-13 12:00:00, 8.57704e-06
17125, 2017-09-13 13:00:00, 8.55459e-06
17126, 2017-09-13 14:00:00, 8.5322e-06
17127, 2017-09-13 15:00:00, 8.50986e-06
17128, 2017-09-13 16:00:00, 8.48759e-06
17129, 2017-09-13 17:00:00, 8.46537e-06
17130, 2017-09-13 18:00:00, 8.44322e-06
17131, 2017-09-13 19:00:00, 8.42112e-06
17132, 2017-09-13 20:00:00, 8.39907e-06
17133, 2017-09-13 21:00:00, 8.37709e-06
17134, 2017-09-13 22:00:00, 8.35516e-06
17135, 2017-09-13 23:00:00, 8.33329e-06
17136, 2017-09-14 00:00:00, 8.31148e-06
17137, 2017-09-14 01:00:00, 8.28973e-06
17138, 2017-09-14 02:00:00, 8.26803e-06
17139, 2017-09-14 03:00:00, 8.24639e-06
17140, 2017-09-14 04:00:00, 8.2248e-06
17141, 2017-09-14 05:00:00, 8.20327e-06
17142, 2017-09-14 06:00:00, 8.1818e-06
17143, 2017-09-14 07:00:00, 8.16038e-06
17144, 2017-09-14 08:00:00, 8.13902e-06
17145, 2017-09-14 09:00:00, 8.118e-06
17146, 2017-09-14 10:00:00, 8.0966e-06
17147, 2017-09-14 11:00:00, 8.07538e-06
17148, 2017-09-14 12:00:00, 8.05414e-06
17149, 2017-09-14 13:00:00, 8.03306e-06
17150, 2017-09-14 14:00:00, 8.01204e-06
17151, 2017-09-14 15:00:00, 7.99106e-06
17152, 2017-09-14 16:00:00, 7.97015e-06
17153, 2017-09-14 17:00:00, 7.94929e-06
17154, 2017-09-14 18:00:00, 7.92848e-06
17155, 2017-09-14 19:00:00, 7.90773e-06
17156, 2017-09-14 20:00:00, 7.88703e-06
17157, 2017-09-14 21:00:00, 7.86638e-06
17158, 2017-09-14 22:00:00, 7.84579e-06
17159, 2017-09-14 23:00:00, 7.82526e-06
17160, 2017-09-15 00:00:00, 7.80477e-06
17161, 2017-09-15 01:00:00, 7.78435e-06
17162, 2017-09-15 02:00:00, 7.76397e-06
17163, 2017-09-15 03:00:00, 7.74365e-06
17164, 2017-09-15 04:00:00, 7.72338e-06
17165, 2017-09-15 05:00:00, 7.70316e-06
17166, 2017-09-15 06:00:00, 7.683e-06
17167, 2017-09-15 07:00:00, 7.66289e-06
17168, 2017-09-15 08:00:00, 7.64549e-06
17169, 2017-09-15 09:00:00, 7.62404e-06
17170, 2017-09-15 10:00:00, 7.61199e-06
17171, 2017-09-15 11:00:00, 7.58668e-06
17172, 2017-09-15 12:00:00, 7.56609e-06
17173, 2017-09-15 13:00:00, 7.54333e-06
17174, 2017-09-15 14:00:00, 7.52359e-06
17175, 2017-09-15 15:00:00, 7.50389e-06
17176, 2017-09-15 16:00:00, 7.48425e-06
17177, 2017-09-15 17:00:00, 7.46466e-06
17178, 2017-09-15 18:00:00, 7.44512e-06
17179, 2017-09-15 19:00:00, 7.42564e-06
17180, 2017-09-15 20:00:00, 7.4062e-06
17181, 2017-09-15 21:00:00, 7.38681e-06
17182, 2017-09-15 22:00:00, 7.36748e-06
17183, 2017-09-15 23:00:00, 7.34819e-06
17184, 2017-09-16 00:00:00, 7.32896e-06
17185, 2017-09-16 01:00:00, 7.30978e-06
17186, 2017-09-16 02:00:00, 7.29064e-06
17187, 2017-09-16 03:00:00, 7.27156e-06
17188, 2017-09-16 04:00:00, 7.25253e-06
17189, 2017-09-16 05:00:00, 7.23354e-06
17190, 2017-09-16 06:00:00, 7.21461e-06
17191, 2017-09-16 07:00:00, 7.19573e-06
17192, 2017-09-16 08:00:00, 7.17692e-06
17193, 2017-09-16 09:00:00, 7.174e-06
17194, 2017-09-16 10:00:00, 7.16403e-06
17195, 2017-09-16 11:00:00, 7.13438e-06
17196, 2017-09-16 12:00:00, 7.10839e-06
17197, 2017-09-16 13:00:00, 7.08346e-06
17198, 2017-09-16 14:00:00, 7.06492e-06
17199, 2017-09-16 15:00:00, 7.04642e-06
17200, 2017-09-16 16:00:00, 7.02798e-06
17201, 2017-09-16 17:00:00, 7.00958e-06
17202, 2017-09-16 18:00:00, 6.99124e-06
17203, 2017-09-16 19:00:00, 6.97294e-06
17204, 2017-09-16 20:00:00, 6.95469e-06
17205, 2017-09-16 21:00:00, 6.93648e-06
17206, 2017-09-16 22:00:00, 6.91833e-06
17207, 2017-09-16 23:00:00, 6.90022e-06
17208, 2017-09-17 00:00:00, 6.88216e-06
17209, 2017-09-17 01:00:00, 6.86414e-06
17210, 2017-09-17 02:00:00, 6.84618e-06
17211, 2017-09-17 03:00:00, 6.82826e-06
17212, 2017-09-17 04:00:00, 6.81038e-06
17213, 2017-09-17 05:00:00, 6.79256e-06
17214, 2017-09-17 06:00:00, 6.77502e-06
17215, 2017-09-17 07:00:00, 6.75715e-06
17216, 2017-09-17 08:00:00, 6.7416e-06
17217, 2017-09-17 09:00:00, 6.73899e-06
17218, 2017-09-17 10:00:00, 6.73735e-06
17219, 2017-09-17 11:00:00, 6.70388e-06
17220, 2017-09-17 12:00:00, 6.67818e-06
17221, 2017-09-17 13:00:00, 6.65162e-06
17222, 2017-09-17 14:00:00, 6.63421e-06
17223, 2017-09-17 15:00:00, 6.61684e-06
17224, 2017-09-17 16:00:00, 6.59952e-06
17225, 2017-09-17 17:00:00, 6.58225e-06
17226, 2017-09-17 18:00:00, 6.56502e-06
17227, 2017-09-17 19:00:00, 6.54784e-06
17228, 2017-09-17 20:00:00, 6.5307e-06
17229, 2017-09-17 21:00:00, 6.5136e-06
17230, 2017-09-17 22:00:00, 6.49655e-06
17231, 2017-09-17 23:00:00, 6.47955e-06
17232, 2017-09-18 00:00:00, 6.46259e-06
17233, 2017-09-18 01:00:00, 6.44567e-06
17234, 2017-09-18 02:00:00, 6.4288e-06
17235, 2017-09-18 03:00:00, 6.41198e-06
17236, 2017-09-18 04:00:00, 6.39519e-06
17237, 2017-09-18 05:00:00, 6.37845e-06
17238, 2017-09-18 06:00:00, 6.36176e-06
17239, 2017-09-18 07:00:00, 6.34511e-06
17240, 2017-09-18 08:00:00, 6.3285e-06
17241, 2017-09-18 09:00:00, 6.31193e-06
17242, 2017-09-18 10:00:00, 6.29541e-06
17243, 2017-09-18 11:00:00, 6.27893e-06
17244, 2017-09-18 12:00:00, 6.2625e-06
17245, 2017-09-18 13:00:00, 6.24611e-06
17246, 2017-09-18 14:00:00, 6.22976e-06
17247, 2017-09-18 15:00:00, 6.21345e-06
17248, 2017-09-18 16:00:00, 6.19719e-06
17249, 2017-09-18 17:00:00, 6.18097e-06
17250, 2017-09-18 18:00:00, 6.16479e-06
17251, 2017-09-18 19:00:00, 6.14865e-06
17252, 2017-09-18 20:00:00, 6.13256e-06
17253, 2017-09-18 21:00:00, 6.11651e-06
17254, 2017-09-18 22:00:00, 6.1005e-06
17255, 2017-09-18 23:00:00, 6.08453e-06
17256, 2017-09-19 00:00:00, 6.0686e-06
17257, 2017-09-19 01:00:00, 6.05272e-06
17258, 2017-09-19 02:00:00, 6.03688e-06
17259, 2017-09-19 03:00:00, 6.02108e-06
17260, 2017-09-19 04:00:00, 6.00532e-06
17261, 2017-09-19 05:00:00, 5.9896e-06
17262, 2017-09-19 06:00:00, 5.97392e-06
17263, 2017-09-19 07:00:00, 5.95828e-06
17264, 2017-09-19 08:00:00, 5.94269e-06
17265, 2017-09-19 09:00:00, 5.92713e-06
17266, 2017-09-19 10:00:00, 5.91162e-06
17267, 2017-09-19 11:00:00, 5.89615e-06
17268, 2017-09-19 12:00:00, 5.88071e-06
17269, 2017-09-19 13:00:00, 5.86532e-06
17270, 2017-09-19 14:00:00, 6.93057e-06
17271, 2017-09-19 15:00:00, 6.32584e-06
17272, 2017-09-19 16:00:00, 6.21233e-06
17273, 2017-09-19 17:00:00, 5.80415e-06
17274, 2017-09-19 18:00:00, 5.78896e-06
17275, 2017-09-19 19:00:00, 5.77381e-06
17276, 2017-09-19 20:00:00, 5.75869e-06
17277, 2017-09-19 21:00:00, 5.74362e-06
17278, 2017-09-19 22:00:00, 5.72859e-06
17279, 2017-09-19 23:00:00, 5.71359e-06
17280, 2017-09-20 00:00:00, 5.69864e-06
17281, 2017-09-20 01:00:00, 5.68372e-06
17282, 2017-09-20 02:00:00, 5.66884e-06
17283, 2017-09-20 03:00:00, 5.65401e-06
17284, 2017-09-20 04:00:00, 5.63921e-06
17285, 2017-09-20 05:00:00, 5.62445e-06
17286, 2017-09-20 06:00:00, 5.60973e-06
17287, 2017-09-20 07:00:00, 5.59504e-06
17288, 2017-09-20 08:00:00, 5.5804e-06
17289, 2017-09-20 09:00:00, 0.00527208
17290, 2017-09-20 10:00:00, 0.00241031
17291, 2017-09-20 11:00:00, 0.00192558
17292, 2017-09-20 12:00:00, 9.48071e-06
17293, 2017-09-20 13:00:00, 5.50775e-06
17294, 2017-09-20 14:00:00, 5.49333e-06
17295, 2017-09-20 15:00:00, 5.47895e-06
17296, 2017-09-20 16:00:00, 5.46461e-06
17297, 2017-09-20 17:00:00, 5.45031e-06
17298, 2017-09-20 18:00:00, 5.43604e-06
17299, 2017-09-20 19:00:00, 5.42181e-06
17300, 2017-09-20 20:00:00, 5.40762e-06
17301, 2017-09-20 21:00:00, 5.39347e-06
17302, 2017-09-20 22:00:00, 5.37935e-06
17303, 2017-09-20 23:00:00, 5.36527e-06
17304, 2017-09-21 00:00:00, 5.35123e-06
17305, 2017-09-21 01:00:00, 5.33722e-06
17306, 2017-09-21 02:00:00, 5.32325e-06
17307, 2017-09-21 03:00:00, 5.30932e-06
17308, 2017-09-21 04:00:00, 5.29542e-06
17309, 2017-09-21 05:00:00, 5.28156e-06
17310, 2017-09-21 06:00:00, 5.26773e-06
17311, 2017-09-21 07:00:00, 5.25395e-06
17312, 2017-09-21 08:00:00, 5.24019e-06
17313, 2017-09-21 09:00:00, 5.22648e-06
17314, 2017-09-21 10:00:00, 5.2128e-06
17315, 2017-09-21 11:00:00, 5.19915e-06
17316, 2017-09-21 12:00:00, 5.18555e-06
17317, 2017-09-21 13:00:00, 5.17197e-06
17318, 2017-09-21 14:00:00, 5.15844e-06
17319, 2017-09-21 15:00:00, 5.14493e-06
17320, 2017-09-21 16:00:00, 5.13147e-06
17321, 2017-09-21 17:00:00, 5.11804e-06
17322, 2017-09-21 18:00:00, 5.10464e-06
17323, 2017-09-21 19:00:00, 5.09128e-06
17324, 2017-09-21 20:00:00, 5.07795e-06
17325, 2017-09-21 21:00:00, 5.06466e-06
17326, 2017-09-21 22:00:00, 5.0514e-06
17327, 2017-09-21 23:00:00, 5.03818e-06
17328, 2017-09-22 00:00:00, 5.02499e-06
17329, 2017-09-22 01:00:00, 5.01184e-06
17330, 2017-09-22 02:00:00, 4.99872e-06
17331, 2017-09-22 03:00:00, 4.98564e-06
17332, 2017-09-22 04:00:00, 4.97259e-06
17333, 2017-09-22 05:00:00, 4.95957e-06
17334, 2017-09-22 06:00:00, 4.94659e-06
17335, 2017-09-22 07:00:00, 4.93365e-06
17336, 2017-09-22 08:00:00, 4.92073e-06
17337, 2017-09-22 09:00:00, 4.90785e-06
17338, 2017-09-22 10:00:00, 4.89501e-06
17339, 2017-09-22 11:00:00, 4.88219e-06
17340, 2017-09-22 12:00:00, 4.86941e-06
17341, 2017-09-22 13:00:00, 4.85667e-06
17342, 2017-09-22 14:00:00, 4.84396e-06
17343, 2017-09-22 15:00:00, 4.83128e-06
17344, 2017-09-22 16:00:00, 4.81863e-06
17345, 2017-09-22 17:00:00, 4.80602e-06
17346, 2017-09-22 18:00:00, 4.79344e-06
17347, 2017-09-22 19:00:00, 4.78089e-06
17348, 2017-09-22 20:00:00, 4.76838e-06
17349, 2017-09-22 21:00:00, 4.7559e-06
17350, 2017-09-22 22:00:00, 4.74345e-06
17351, 2017-09-22 23:00:00, 4.73104e-06
17352, 2017-09-23 00:00:00, 4.71865e-06
17353, 2017-09-23 01:00:00, 4.7063e-06
17354, 2017-09-23 02:00:00, 4.69398e-06
17355, 2017-09-23 03:00:00, 4.6817e-06
17356, 2017-09-23 04:00:00, 4.66944e-06
17357, 2017-09-23 05:00:00, 4.65722e-06
17358, 2017-09-23 06:00:00, 4.64503e-06
17359, 2017-09-23 07:00:00, 4.63287e-06
17360, 2017-09-23 08:00:00, 4.62075e-06
17361, 2017-09-23 09:00:00, 4.60865e-06
17362, 2017-09-23 10:00:00, 4.59659e-06
17363, 2017-09-23 11:00:00, 4.58456e-06
17364, 2017-09-23 12:00:00, 4.57256e-06
17365, 2017-09-23 13:00:00, 4.56059e-06
17366, 2017-09-23 14:00:00, 4.54865e-06
17367, 2017-09-23 15:00:00, 4.53675e-06
17368, 2017-09-23 16:00:00, 4.52487e-06
17369, 2017-09-23 17:00:00, 4.51303e-06
17370, 2017-09-23 18:00:00, 4.50121e-06
17371, 2017-09-23 19:00:00, 4.48943e-06
17372, 2017-09-23 20:00:00, 4.47768e-06
17373, 2017-09-23 21:00:00, 4.46596e-06
17374, 2017-09-23 22:00:00, 4.45427e-06
17375, 2017-09-23 23:00:00, 4.44261e-06
17376, 2017-09-24 00:00:00, 4.43099e-06
17377, 2017-09-24 01:00:00, 4.41939e-06
17378, 2017-09-24 02:00:00, 4.40782e-06
17379, 2017-09-24 03:00:00, 4.39628e-06
17380, 2017-09-24 04:00:00, 4.38478e-06
17381, 2017-09-24 05:00:00, 4.3733e-06
17382, 2017-09-24 06:00:00, 4.36185e-06
17383, 2017-09-24 07:00:00, 4.35043e-06
17384, 2017-09-24 08:00:00, 4.33905e-06
17385, 2017-09-24 09:00:00, 4.32769e-06
17386, 2017-09-24 10:00:00, 4.31636e-06
17387, 2017-09-24 11:00:00, 4.30507e-06
17388, 2017-09-24 12:00:00, 4.2938e-06
17389, 2017-09-24 13:00:00, 4.28256e-06
17390, 2017-09-24 14:00:00, 4.27135e-06
17391, 2017-09-24 15:00:00, 4.26017e-06
17392, 2017-09-24 16:00:00, 4.24902e-06
17393, 2017-09-24 17:00:00, 4.2379e-06
17394, 2017-09-24 18:00:00, 4.2268e-06
17395, 2017-09-24 19:00:00, 4.21574e-06
17396, 2017-09-24 20:00:00, 4.20471e-06
17397, 2017-09-24 21:00:00, 4.1937e-06
17398, 2017-09-24 22:00:00, 4.18272e-06
17399, 2017-09-24 23:00:00, 4.17178e-06
17400, 2017-09-25 00:00:00, 4.16086e-06
17401, 2017-09-25 01:00:00, 4.14997e-06
17402, 2017-09-25 02:00:00, 4.1391e-06
17403, 2017-09-25 03:00:00, 4.12827e-06
17404, 2017-09-25 04:00:00, 4.11746e-06
17405, 2017-09-25 05:00:00, 4.10669e-06
17406, 2017-09-25 06:00:00, 4.09594e-06
17407, 2017-09-25 07:00:00, 4.08522e-06
17408, 2017-09-25 08:00:00, 4.07452e-06
17409, 2017-09-25 09:00:00, 4.06386e-06
17410, 2017-09-25 10:00:00, 4.05336e-06
17411, 2017-09-25 11:00:00, 4.04342e-06
17412, 2017-09-25 12:00:00, 4.03242e-06
17413, 2017-09-25 13:00:00, 4.02175e-06
17414, 2017-09-25 14:00:00, 4.01095e-06
17415, 2017-09-25 15:00:00, 4.00045e-06
17416, 2017-09-25 16:00:00, 3.98998e-06
17417, 2017-09-25 17:00:00, 3.97954e-06
17418, 2017-09-25 18:00:00, 3.96912e-06
17419, 2017-09-25 19:00:00, 3.95873e-06
17420, 2017-09-25 20:00:00, 3.94837e-06
17421, 2017-09-25 21:00:00, 3.93804e-06
17422, 2017-09-25 22:00:00, 3.92773e-06
17423, 2017-09-25 23:00:00, 3.91745e-06
17424, 2017-09-26 00:00:00, 3.9072e-06
17425, 2017-09-26 01:00:00, 3.89697e-06
17426, 2017-09-26 02:00:00, 3.88677e-06
17427, 2017-09-26 03:00:00, 3.87659e-06
17428, 2017-09-26 04:00:00, 3.86645e-06
17429, 2017-09-26 05:00:00, 3.85716e-06
17430, 2017-09-26 06:00:00, 3.86366e-06
17431, 2017-09-26 07:00:00, 3.8696e-06
17432, 2017-09-26 08:00:00, 3.86634e-06
17433, 2017-09-26 09:00:00, 3.85875e-06
17434, 2017-09-26 10:00:00, 3.85608e-06
17435, 2017-09-26 11:00:00, 3.81941e-06
17436, 2017-09-26 12:00:00, 3.79786e-06
17437, 2017-09-26 13:00:00, 3.77654e-06
17438, 2017-09-26 14:00:00, 3.76643e-06
17439, 2017-09-26 15:00:00, 3.75657e-06
17440, 2017-09-26 16:00:00, 3.74674e-06
17441, 2017-09-26 17:00:00, 3.73693e-06
17442, 2017-09-26 18:00:00, 3.72715e-06
17443, 2017-09-26 19:00:00, 3.7174e-06
17444, 2017-09-26 20:00:00, 3.70767e-06
17445, 2017-09-26 21:00:00, 3.69796e-06
17446, 2017-09-26 22:00:00, 3.68828e-06
17447, 2017-09-26 23:00:00, 3.67863e-06
17448, 2017-09-27 00:00:00, 3.669e-06
17449, 2017-09-27 01:00:00, 3.6594e-06
17450, 2017-09-27 02:00:00, 3.64982e-06
17451, 2017-09-27 03:00:00, 3.64026e-06
17452, 2017-09-27 04:00:00, 3.63074e-06
17453, 2017-09-27 05:00:00, 3.62123e-06
17454, 2017-09-27 06:00:00, 3.61175e-06
17455, 2017-09-27 07:00:00, 3.6023e-06
17456, 2017-09-27 08:00:00, 3.59287e-06
17457, 2017-09-27 09:00:00, 3.58524e-06
17458, 2017-09-27 10:00:00, 3.57489e-06
17459, 2017-09-27 11:00:00, 3.56538e-06
17460, 2017-09-27 12:00:00, 3.5554e-06
17461, 2017-09-27 13:00:00, 3.5461e-06
17462, 2017-09-27 14:00:00, 3.53682e-06
17463, 2017-09-27 15:00:00, 3.52756e-06
17464, 2017-09-27 16:00:00, 3.51832e-06
17465, 2017-09-27 17:00:00, 3.50912e-06
17466, 2017-09-27 18:00:00, 3.49993e-06
17467, 2017-09-27 19:00:00, 3.49077e-06
17468, 2017-09-27 20:00:00, 3.48163e-06
17469, 2017-09-27 21:00:00, 3.47252e-06
17470, 2017-09-27 22:00:00, 3.46343e-06
17471, 2017-09-27 23:00:00, 3.45437e-06
17472, 2017-09-28 00:00:00, 3.44532e-06
17473, 2017-09-28 01:00:00, 3.43631e-06
17474, 2017-09-28 02:00:00, 3.42731e-06
17475, 2017-09-28 03:00:00, 3.41834e-06
17476, 2017-09-28 04:00:00, 3.40939e-06
17477, 2017-09-28 05:00:00, 3.40047e-06
17478, 2017-09-28 06:00:00, 3.39264e-06
17479, 2017-09-28 07:00:00, 3.39273e-06
17480, 2017-09-28 08:00:00, 3.41622e-06
17481, 2017-09-28 09:00:00, 3.38559e-06
17482, 2017-09-28 10:00:00, 3.36989e-06
17483, 2017-09-28 11:00:00, 3.34741e-06
17484, 2017-09-28 12:00:00, 3.33865e-06
17485, 2017-09-28 13:00:00, 3.32991e-06
17486, 2017-09-28 14:00:00, 3.3212e-06
17487, 2017-09-28 15:00:00, 3.31251e-06
17488, 2017-09-28 16:00:00, 3.30384e-06
17489, 2017-09-28 17:00:00, 3.29519e-06
17490, 2017-09-28 18:00:00, 3.28656e-06
17491, 2017-09-28 19:00:00, 3.27796e-06
17492, 2017-09-28 20:00:00, 3.26938e-06
17493, 2017-09-28 21:00:00, 3.26082e-06
17494, 2017-09-28 22:00:00, 3.25229e-06
17495, 2017-09-28 23:00:00, 3.24378e-06
17496, 2017-09-29 00:00:00, 3.23529e-06
17497, 2017-09-29 01:00:00, 3.22682e-06
17498, 2017-09-29 02:00:00, 3.21837e-06
17499, 2017-09-29 03:00:00, 3.20995e-06
17500, 2017-09-29 04:00:00, 3.20155e-06
17501, 2017-09-29 05:00:00, 3.19317e-06
17502, 2017-09-29 06:00:00, 3.18481e-06
17503, 2017-09-29 07:00:00, 3.17647e-06
17504, 2017-09-29 08:00:00, 3.16816e-06
17505, 2017-09-29 09:00:00, 3.15986e-06
17506, 2017-09-29 10:00:00, 3.15159e-06
17507, 2017-09-29 11:00:00, 3.14335e-06
17508, 2017-09-29 12:00:00, 3.13512e-06
17509, 2017-09-29 13:00:00, 3.12691e-06
17510, 2017-09-29 14:00:00, 3.11873e-06
17511, 2017-09-29 15:00:00, 3.11056e-06
17512, 2017-09-29 16:00:00, 3.10242e-06
17513, 2017-09-29 17:00:00, 3.0943e-06
17514, 2017-09-29 18:00:00, 3.0862e-06
17515, 2017-09-29 19:00:00, 3.07812e-06
17516, 2017-09-29 20:00:00, 3.07007e-06
17517, 2017-09-29 21:00:00, 3.06203e-06
17518, 2017-09-29 22:00:00, 3.05402e-06
17519, 2017-09-29 23:00:00, 3.04602e-06
17520, 2017-09-30 00:00:00, 3.03805e-06
17521, 2017-09-30 01:00:00, 3.0301e-06
17522, 2017-09-30 02:00:00, 3.02217e-06
17523, 2017-09-30 03:00:00, 3.01426e-06
17524, 2017-09-30 04:00:00, 3.00637e-06
17525, 2017-09-30 05:00:00, 2.9985e-06
17526, 2017-09-30 06:00:00, 2.99065e-06
17527, 2017-09-30 07:00:00, 2.98282e-06
17528, 2017-09-30 08:00:00, 3.16624e-06
17529, 2017-09-30 09:00:00, 0.000730831
17530, 2017-09-30 10:00:00, 0.000345027
17531, 2017-09-30 11:00:00, 0.000272684
17532, 2017-09-30 12:00:00, 7.01316e-06
17533, 2017-09-30 13:00:00, 2.93628e-06
17534, 2017-09-30 14:00:00, 2.9286e-06
17535, 2017-09-30 15:00:00, 2.92093e-06
17536, 2017-09-30 16:00:00, 2.91329e-06
17537, 2017-09-30 17:00:00, 9.08097e-05
17538, 2017-09-30 18:00:00, 4.28545e-05
17539, 2017-09-30 19:00:00, 3.48556e-05
17540, 2017-09-30 20:00:00, 2.88291e-06
17541, 2017-09-30 21:00:00, 2.87536e-06
17542, 2017-09-30 22:00:00, 2.86783e-06
17543, 2017-09-30 23:00:00, 2.86033e-06
