0, 2015-10-01 00:00:00, 0.0678473
1, 2015-10-01 01:00:00, 0.0676016
2, 2015-10-01 02:00:00, 0.0673571
3, 2015-10-01 03:00:00, 0.0671137
4, 2015-10-01 04:00:00, 0.0668713
5, 2015-10-01 05:00:00, 0.0666301
6, 2015-10-01 06:00:00, 0.0663901
7, 2015-10-01 07:00:00, 0.0661511
8, 2015-10-01 08:00:00, 0.0659132
9, 2015-10-01 09:00:00, 0.0656764
10, 2015-10-01 10:00:00, 0.0654406
11, 2015-10-01 11:00:00, 0.065206
12, 2015-10-01 12:00:00, 0.0649724
13, 2015-10-01 13:00:00, 0.0647399
14, 2015-10-01 14:00:00, 0.0645084
15, 2015-10-01 15:00:00, 0.064278
16, 2015-10-01 16:00:00, 0.0640486
17, 2015-10-01 17:00:00, 0.0638203
18, 2015-10-01 18:00:00, 0.063593
19, 2015-10-01 19:00:00, 0.0633667
20, 2015-10-01 20:00:00, 0.0631414
21, 2015-10-01 21:00:00, 0.0629172
22, 2015-10-01 22:00:00, 0.0627001
23, 2015-10-01 23:00:00, 0.0624745
24, 2015-10-02 00:00:00, 0.0622526
25, 2015-10-02 01:00:00, 0.0626537
26, 2015-10-02 02:00:00, 0.0622128
27, 2015-10-02 03:00:00, 0.061878
28, 2015-10-02 04:00:00, 0.0614204
29, 2015-10-02 05:00:00, 0.0611656
30, 2015-10-02 06:00:00, 0.0609488
31, 2015-10-02 07:00:00, 0.0607322
32, 2015-10-02 08:00:00, 0.0605165
33, 2015-10-02 09:00:00, 0.0603028
34, 2015-10-02 10:00:00, 0.0600911
35, 2015-10-02 11:00:00, 0.0598804
36, 2015-10-02 12:00:00, 0.0596706
37, 2015-10-02 13:00:00, 0.0594618
38, 2015-10-02 14:00:00, 0.0592538
39, 2015-10-02 15:00:00, 0.0593809
40, 2015-10-02 16:00:00, 0.0596492
41, 2015-10-02 17:00:00, 0.0593243
42, 2015-10-02 18:00:00, 0.0590022
43, 2015-10-02 19:00:00, 0.0606563
44, 2015-10-02 20:00:00, 0.0592597
45, 2015-10-02 21:00:00, 0.0587079
46, 2015-10-02 22:00:00, 0.0576933
47, 2015-10-02 23:00:00, 0.0574493
48, 2015-10-03 00:00:00, 0.0573193
49, 2015-10-03 01:00:00, 0.0570688
50, 2015-10-03 02:00:00, 0.0568683
51, 2015-10-03 03:00:00, 0.0566361
52, 2015-10-03 04:00:00, 0.0564476
53, 2015-10-03 05:00:00, 0.0562445
54, 2015-10-03 06:00:00, 0.0560497
55, 2015-10-03 07:00:00, 0.0558561
56, 2015-10-03 08:00:00, 0.0556672
57, 2015-10-03 09:00:00, 0.0554728
58, 2015-10-03 10:00:00, 0.0554075
59, 2015-10-03 11:00:00, 0.0551647
60, 2015-10-03 12:00:00, 0.0549635
61, 2015-10-03 13:00:00, 0.0547304
62, 2015-10-03 14:00:00, 0.0545364
63, 2015-10-03 15:00:00, 0.0543427
64, 2015-10-03 16:00:00, 0.0541534
65, 2015-10-03 17:00:00, 0.0539664
66, 2015-10-03 18:00:00, 0.0537821
67, 2015-10-03 19:00:00, 0.0535985
68, 2015-10-03 20:00:00, 0.0534157
69, 2015-10-03 21:00:00, 0.0532337
70, 2015-10-03 22:00:00, 0.0530524
71, 2015-10-03 23:00:00, 0.0528719
72, 2015-10-04 00:00:00, 0.0526921
73, 2015-10-04 01:00:00, 0.0525131
74, 2015-10-04 02:00:00, 0.0523349
75, 2015-10-04 03:00:00, 0.0521574
76, 2015-10-04 04:00:00, 0.0519806
77, 2015-10-04 05:00:00, 0.0518045
78, 2015-10-04 06:00:00, 0.0516292
79, 2015-10-04 07:00:00, 0.0514547
80, 2015-10-04 08:00:00, 0.0512808
81, 2015-10-04 09:00:00, 0.0511077
82, 2015-10-04 10:00:00, 0.0509352
83, 2015-10-04 11:00:00, 0.0507635
84, 2015-10-04 12:00:00, 0.0505925
85, 2015-10-04 13:00:00, 0.0504222
86, 2015-10-04 14:00:00, 0.0502526
87, 2015-10-04 15:00:00, 0.0500837
88, 2015-10-04 16:00:00, 0.0499155
89, 2015-10-04 17:00:00, 0.049748
90, 2015-10-04 18:00:00, 0.0495812
91, 2015-10-04 19:00:00, 0.049415
92, 2015-10-04 20:00:00, 0.0492495
93, 2015-10-04 21:00:00, 0.0490847
94, 2015-10-04 22:00:00, 0.0489206
95, 2015-10-04 23:00:00, 0.0487572
96, 2015-10-05 00:00:00, 0.0485944
97, 2015-10-05 01:00:00, 0.0484322
98, 2015-10-05 02:00:00, 0.0482707
99, 2015-10-05 03:00:00, 0.0481099
100, 2015-10-05 04:00:00, 0.0479497
101, 2015-10-05 05:00:00, 0.0477902
102, 2015-10-05 06:00:00, 0.0476313
103, 2015-10-05 07:00:00, 0.0474731
104, 2015-10-05 08:00:00, 0.0473155
105, 2015-10-05 09:00:00, 0.0471585
106, 2015-10-05 10:00:00, 0.0470022
107, 2015-10-05 11:00:00, 0.0468464
108, 2015-10-05 12:00:00, 0.0466913
109, 2015-10-05 13:00:00, 0.0465369
110, 2015-10-05 14:00:00, 0.046383
111, 2015-10-05 15:00:00, 0.0462298
112, 2015-10-05 16:00:00, 0.0460771
113, 2015-10-05 17:00:00, 0.0459251
114, 2015-10-05 18:00:00, 0.0457737
115, 2015-10-05 19:00:00, 0.0456229
116, 2015-10-05 20:00:00, 0.0454727
117, 2015-10-05 21:00:00, 0.0453231
118, 2015-10-05 22:00:00, 0.045174
119, 2015-10-05 23:00:00, 0.0450256
120, 2015-10-06 00:00:00, 0.0448777
121, 2015-10-06 01:00:00, 0.0447305
122, 2015-10-06 02:00:00, 0.0445838
123, 2015-10-06 03:00:00, 0.0444377
124, 2015-10-06 04:00:00, 0.0442921
125, 2015-10-06 05:00:00, 0.0441472
126, 2015-10-06 06:00:00, 0.0440028
127, 2015-10-06 07:00:00, 0.043859
128, 2015-10-06 08:00:00, 0.0437157
129, 2015-10-06 09:00:00, 0.043573
130, 2015-10-06 10:00:00, 0.0434308
131, 2015-10-06 11:00:00, 0.0432893
132, 2015-10-06 12:00:00, 0.0431482
133, 2015-10-06 13:00:00, 0.0430077
134, 2015-10-06 14:00:00, 0.0428678
135, 2015-10-06 15:00:00, 0.0427284
136, 2015-10-06 16:00:00, 0.0425895
137, 2015-10-06 17:00:00, 0.0424512
138, 2015-10-06 18:00:00, 0.0423134
139, 2015-10-06 19:00:00, 0.0421762
140, 2015-10-06 20:00:00, 0.0420395
141, 2015-10-06 21:00:00, 0.0419033
142, 2015-10-06 22:00:00, 0.0417676
143, 2015-10-06 23:00:00, 0.0416325
144, 2015-10-07 00:00:00, 0.0414978
145, 2015-10-07 01:00:00, 0.0413637
146, 2015-10-07 02:00:00, 0.0412302
147, 2015-10-07 03:00:00, 0.0410971
148, 2015-10-07 04:00:00, 0.0409645
149, 2015-10-07 05:00:00, 0.0408325
150, 2015-10-07 06:00:00, 0.0407009
151, 2015-10-07 07:00:00, 0.0405699
152, 2015-10-07 08:00:00, 0.0404393
153, 2015-10-07 09:00:00, 0.0403093
154, 2015-10-07 10:00:00, 0.0401797
155, 2015-10-07 11:00:00, 0.0400507
156, 2015-10-07 12:00:00, 0.0399221
157, 2015-10-07 13:00:00, 0.039794
158, 2015-10-07 14:00:00, 0.0396664
159, 2015-10-07 15:00:00, 0.0395393
160, 2015-10-07 16:00:00, 0.0394127
161, 2015-10-07 17:00:00, 0.0392865
162, 2015-10-07 18:00:00, 0.0391609
163, 2015-10-07 19:00:00, 0.0390357
164, 2015-10-07 20:00:00, 0.038911
165, 2015-10-07 21:00:00, 0.0387867
166, 2015-10-07 22:00:00, 0.0386629
167, 2015-10-07 23:00:00, 0.0385396
168, 2015-10-08 00:00:00, 0.0384167
169, 2015-10-08 01:00:00, 0.0382943
170, 2015-10-08 02:00:00, 0.0381724
171, 2015-10-08 03:00:00, 0.0380509
172, 2015-10-08 04:00:00, 0.0379299
173, 2015-10-08 05:00:00, 0.0378093
174, 2015-10-08 06:00:00, 0.0376892
175, 2015-10-08 07:00:00, 0.0375696
176, 2015-10-08 08:00:00, 0.0374503
177, 2015-10-08 09:00:00, 0.0373315
178, 2015-10-08 10:00:00, 0.0372132
179, 2015-10-08 11:00:00, 0.0370953
180, 2015-10-08 12:00:00, 0.0369779
181, 2015-10-08 13:00:00, 0.0368608
182, 2015-10-08 14:00:00, 0.0367442
183, 2015-10-08 15:00:00, 0.0366281
184, 2015-10-08 16:00:00, 0.0365124
185, 2015-10-08 17:00:00, 0.0363971
186, 2015-10-08 18:00:00, 0.0362822
187, 2015-10-08 19:00:00, 0.0361677
188, 2015-10-08 20:00:00, 0.0360537
189, 2015-10-08 21:00:00, 0.0359401
190, 2015-10-08 22:00:00, 0.0358269
191, 2015-10-08 23:00:00, 0.0357142
192, 2015-10-09 00:00:00, 0.0356018
193, 2015-10-09 01:00:00, 0.0354899
194, 2015-10-09 02:00:00, 0.0353783
195, 2015-10-09 03:00:00, 0.0352672
196, 2015-10-09 04:00:00, 0.0351565
197, 2015-10-09 05:00:00, 0.0350462
198, 2015-10-09 06:00:00, 0.0349363
199, 2015-10-09 07:00:00, 0.0348268
200, 2015-10-09 08:00:00, 0.0347177
201, 2015-10-09 09:00:00, 0.0346089
202, 2015-10-09 10:00:00, 0.0345006
203, 2015-10-09 11:00:00, 0.0343927
204, 2015-10-09 12:00:00, 0.0342852
205, 2015-10-09 13:00:00, 0.0341781
206, 2015-10-09 14:00:00, 0.0340713
207, 2015-10-09 15:00:00, 0.0339649
208, 2015-10-09 16:00:00, 0.033859
209, 2015-10-09 17:00:00, 0.0337534
210, 2015-10-09 18:00:00, 0.0336482
211, 2015-10-09 19:00:00, 0.0335434
212, 2015-10-09 20:00:00, 0.0334389
213, 2015-10-09 21:00:00, 0.0337836
214, 2015-10-09 22:00:00, 0.0384117
215, 2015-10-09 23:00:00, 0.0488182
216, 2015-10-10 00:00:00, 0.0410846
217, 2015-10-10 01:00:00, 0.0378462
218, 2015-10-10 02:00:00, 0.0329002
219, 2015-10-10 03:00:00, 0.0327182
220, 2015-10-10 04:00:00, 0.0326167
221, 2015-10-10 05:00:00, 0.0325156
222, 2015-10-10 06:00:00, 0.0324149
223, 2015-10-10 07:00:00, 0.0323145
224, 2015-10-10 08:00:00, 0.0322144
225, 2015-10-10 09:00:00, 0.0321148
226, 2015-10-10 10:00:00, 0.0320154
227, 2015-10-10 11:00:00, 0.0319165
228, 2015-10-10 12:00:00, 0.0318179
229, 2015-10-10 13:00:00, 0.0317196
230, 2015-10-10 14:00:00, 0.0316217
231, 2015-10-10 15:00:00, 0.0315241
232, 2015-10-10 16:00:00, 0.0314269
233, 2015-10-10 17:00:00, 0.03133
234, 2015-10-10 18:00:00, 0.0312335
235, 2015-10-10 19:00:00, 0.0311373
236, 2015-10-10 20:00:00, 0.0310415
237, 2015-10-10 21:00:00, 0.0309459
238, 2015-10-10 22:00:00, 0.0308508
239, 2015-10-10 23:00:00, 0.0307559
240, 2015-10-11 00:00:00, 0.0306614
241, 2015-10-11 01:00:00, 0.0305673
242, 2015-10-11 02:00:00, 0.0304734
243, 2015-10-11 03:00:00, 0.0303799
244, 2015-10-11 04:00:00, 0.0302868
245, 2015-10-11 05:00:00, 0.0301939
246, 2015-10-11 06:00:00, 0.0301014
247, 2015-10-11 07:00:00, 0.0300092
248, 2015-10-11 08:00:00, 0.0299173
249, 2015-10-11 09:00:00, 0.0298258
250, 2015-10-11 10:00:00, 0.0297345
251, 2015-10-11 11:00:00, 0.0296436
252, 2015-10-11 12:00:00, 0.029553
253, 2015-10-11 13:00:00, 0.0294627
254, 2015-10-11 14:00:00, 0.0293728
255, 2015-10-11 15:00:00, 0.0292831
256, 2015-10-11 16:00:00, 0.0291938
257, 2015-10-11 17:00:00, 0.0291048
258, 2015-10-11 18:00:00, 0.029016
259, 2015-10-11 19:00:00, 0.0289276
260, 2015-10-11 20:00:00, 0.0288395
261, 2015-10-11 21:00:00, 0.0287517
262, 2015-10-11 22:00:00, 0.0286642
263, 2015-10-11 23:00:00, 0.0285771
264, 2015-10-12 00:00:00, 0.0284902
265, 2015-10-12 01:00:00, 0.0284036
266, 2015-10-12 02:00:00, 0.0283173
267, 2015-10-12 03:00:00, 0.0282313
268, 2015-10-12 04:00:00, 0.0281456
269, 2015-10-12 05:00:00, 0.0280602
270, 2015-10-12 06:00:00, 0.0279751
271, 2015-10-12 07:00:00, 0.0278903
272, 2015-10-12 08:00:00, 0.0278058
273, 2015-10-12 09:00:00, 0.0277216
274, 2015-10-12 10:00:00, 0.0276377
275, 2015-10-12 11:00:00, 0.027554
276, 2015-10-12 12:00:00, 0.0274707
277, 2015-10-12 13:00:00, 0.0273876
278, 2015-10-12 14:00:00, 0.0273048
279, 2015-10-12 15:00:00, 0.0272223
280, 2015-10-12 16:00:00, 0.0271401
281, 2015-10-12 17:00:00, 0.0270581
282, 2015-10-12 18:00:00, 0.0269765
283, 2015-10-12 19:00:00, 0.0268951
284, 2015-10-12 20:00:00, 0.026814
285, 2015-10-12 21:00:00, 0.0267332
286, 2015-10-12 22:00:00, 0.0266526
287, 2015-10-12 23:00:00, 0.0265724
288, 2015-10-13 00:00:00, 0.0264924
289, 2015-10-13 01:00:00, 0.0264126
290, 2015-10-13 02:00:00, 0.0263332
291, 2015-10-13 03:00:00, 0.026254
292, 2015-10-13 04:00:00, 0.0261751
293, 2015-10-13 05:00:00, 0.0260964
294, 2015-10-13 06:00:00, 0.026018
295, 2015-10-13 07:00:00, 0.0259399
296, 2015-10-13 08:00:00, 0.0258621
297, 2015-10-13 09:00:00, 0.0257845
298, 2015-10-13 10:00:00, 0.0257071
299, 2015-10-13 11:00:00, 0.0256301
300, 2015-10-13 12:00:00, 0.0255533
301, 2015-10-13 13:00:00, 0.0254773
302, 2015-10-13 14:00:00, 0.0254392
303, 2015-10-13 15:00:00, 0.0253421
304, 2015-10-13 16:00:00, 0.0252626
305, 2015-10-13 17:00:00, 0.0251731
306, 2015-10-13 18:00:00, 0.0250978
307, 2015-10-13 19:00:00, 0.0250228
308, 2015-10-13 20:00:00, 0.024948
309, 2015-10-13 21:00:00, 0.0248735
310, 2015-10-13 22:00:00, 0.0247993
311, 2015-10-13 23:00:00, 0.0247253
312, 2015-10-14 00:00:00, 0.0246515
313, 2015-10-14 01:00:00, 0.024578
314, 2015-10-14 02:00:00, 0.0245047
315, 2015-10-14 03:00:00, 0.0244317
316, 2015-10-14 04:00:00, 0.0243589
317, 2015-10-14 05:00:00, 0.0242864
318, 2015-10-14 06:00:00, 0.0242141
319, 2015-10-14 07:00:00, 0.024142
320, 2015-10-14 08:00:00, 0.0240702
321, 2015-10-14 09:00:00, 0.0239986
322, 2015-10-14 10:00:00, 0.0239273
323, 2015-10-14 11:00:00, 0.0238562
324, 2015-10-14 12:00:00, 0.0237853
325, 2015-10-14 13:00:00, 0.0237147
326, 2015-10-14 14:00:00, 0.0236443
327, 2015-10-14 15:00:00, 0.0235741
328, 2015-10-14 16:00:00, 0.0235042
329, 2015-10-14 17:00:00, 0.0234345
330, 2015-10-14 18:00:00, 0.023365
331, 2015-10-14 19:00:00, 0.0232958
332, 2015-10-14 20:00:00, 0.0232268
333, 2015-10-14 21:00:00, 0.023158
334, 2015-10-14 22:00:00, 0.0230895
335, 2015-10-14 23:00:00, 0.0230211
336, 2015-10-15 00:00:00, 0.022953
337, 2015-10-15 01:00:00, 0.0228852
338, 2015-10-15 02:00:00, 0.0228175
339, 2015-10-15 03:00:00, 0.0227501
340, 2015-10-15 04:00:00, 0.0226829
341, 2015-10-15 05:00:00, 0.0226159
342, 2015-10-15 06:00:00, 0.0225491
343, 2015-10-15 07:00:00, 0.0224826
344, 2015-10-15 08:00:00, 0.0224162
345, 2015-10-15 09:00:00, 0.0223501
346, 2015-10-15 10:00:00, 0.0222842
347, 2015-10-15 11:00:00, 0.0222186
348, 2015-10-15 12:00:00, 0.0221531
349, 2015-10-15 13:00:00, 0.0220879
350, 2015-10-15 14:00:00, 0.0220228
351, 2015-10-15 15:00:00, 0.021958
352, 2015-10-15 16:00:00, 0.0218934
353, 2015-10-15 17:00:00, 0.021829
354, 2015-10-15 18:00:00, 0.0217648
355, 2015-10-15 19:00:00, 0.0217008
356, 2015-10-15 20:00:00, 0.0216371
357, 2015-10-15 21:00:00, 0.0215735
358, 2015-10-15 22:00:00, 0.0215101
359, 2015-10-15 23:00:00, 0.021447
360, 2015-10-16 00:00:00, 0.021384
361, 2015-10-16 01:00:00, 0.0213213
362, 2015-10-16 02:00:00, 0.0212588
363, 2015-10-16 03:00:00, 0.0211964
364, 2015-10-16 04:00:00, 0.0211343
365, 2015-10-16 05:00:00, 0.0210724
366, 2015-10-16 06:00:00, 0.0210107
367, 2015-10-16 07:00:00, 0.0209491
368, 2015-10-16 08:00:00, 0.0208878
369, 2015-10-16 09:00:00, 0.0208267
370, 2015-10-16 10:00:00, 0.0207657
371, 2015-10-16 11:00:00, 0.020705
372, 2015-10-16 12:00:00, 0.0206445
373, 2015-10-16 13:00:00, 0.0205841
374, 2015-10-16 14:00:00, 0.020524
375, 2015-10-16 15:00:00, 0.020464
376, 2015-10-16 16:00:00, 0.0204043
377, 2015-10-16 17:00:00, 0.0203447
378, 2015-10-16 18:00:00, 0.0202853
379, 2015-10-16 19:00:00, 0.0202261
380, 2015-10-16 20:00:00, 0.0201671
381, 2015-10-16 21:00:00, 0.0201083
382, 2015-10-16 22:00:00, 0.0200497
383, 2015-10-16 23:00:00, 0.0199913
384, 2015-10-17 00:00:00, 0.019933
385, 2015-10-17 01:00:00, 0.019875
386, 2015-10-17 02:00:00, 0.0198171
387, 2015-10-17 03:00:00, 0.0197594
388, 2015-10-17 04:00:00, 0.0197019
389, 2015-10-17 05:00:00, 0.0196446
390, 2015-10-17 06:00:00, 0.0195875
391, 2015-10-17 07:00:00, 0.0195305
392, 2015-10-17 08:00:00, 0.0194738
393, 2015-10-17 09:00:00, 0.0194172
394, 2015-10-17 10:00:00, 0.0193608
395, 2015-10-17 11:00:00, 0.0193046
396, 2015-10-17 12:00:00, 0.0192485
397, 2015-10-17 13:00:00, 0.0191927
398, 2015-10-17 14:00:00, 0.019137
399, 2015-10-17 15:00:00, 0.0190815
400, 2015-10-17 16:00:00, 0.0190261
401, 2015-10-17 17:00:00, 0.018971
402, 2015-10-17 18:00:00, 0.018916
403, 2015-10-17 19:00:00, 0.0188612
404, 2015-10-17 20:00:00, 0.0188066
405, 2015-10-17 21:00:00, 0.0187521
406, 2015-10-17 22:00:00, 0.0186978
407, 2015-10-17 23:00:00, 0.0186437
408, 2015-10-18 00:00:00, 0.0185898
409, 2015-10-18 01:00:00, 0.018536
410, 2015-10-18 02:00:00, 0.0184824
411, 2015-10-18 03:00:00, 0.0184289
412, 2015-10-18 04:00:00, 0.0183757
413, 2015-10-18 05:00:00, 0.0183226
414, 2015-10-18 06:00:00, 0.0182697
415, 2015-10-18 07:00:00, 0.0182169
416, 2015-10-18 08:00:00, 0.0181643
417, 2015-10-18 09:00:00, 0.0181119
418, 2015-10-18 10:00:00, 0.0180596
419, 2015-10-18 11:00:00, 0.0180075
420, 2015-10-18 12:00:00, 0.0179556
421, 2015-10-18 13:00:00, 0.0179038
422, 2015-10-18 14:00:00, 0.0178522
423, 2015-10-18 15:00:00, 0.0178008
424, 2015-10-18 16:00:00, 0.0177495
425, 2015-10-18 17:00:00, 0.0176984
426, 2015-10-18 18:00:00, 0.0176474
427, 2015-10-18 19:00:00, 0.0175966
428, 2015-10-18 20:00:00, 0.017546
429, 2015-10-18 21:00:00, 0.0174955
430, 2015-10-18 22:00:00, 0.0174452
431, 2015-10-18 23:00:00, 0.017395
432, 2015-10-19 00:00:00, 0.017345
433, 2015-10-19 01:00:00, 0.0172951
434, 2015-10-19 02:00:00, 0.0172454
435, 2015-10-19 03:00:00, 0.0171959
436, 2015-10-19 04:00:00, 0.0171465
437, 2015-10-19 05:00:00, 0.0170973
438, 2015-10-19 06:00:00, 0.0170482
439, 2015-10-19 07:00:00, 0.0169993
440, 2015-10-19 08:00:00, 0.0169505
441, 2015-10-19 09:00:00, 0.0169019
442, 2015-10-19 10:00:00, 0.0168534
443, 2015-10-19 11:00:00, 0.0168051
444, 2015-10-19 12:00:00, 0.0167569
445, 2015-10-19 13:00:00, 0.0167089
446, 2015-10-19 14:00:00, 0.0166611
447, 2015-10-19 15:00:00, 0.0166133
448, 2015-10-19 16:00:00, 0.0165658
449, 2015-10-19 17:00:00, 0.0165183
450, 2015-10-19 18:00:00, 0.0164711
451, 2015-10-19 19:00:00, 0.0164239
452, 2015-10-19 20:00:00, 0.016377
453, 2015-10-19 21:00:00, 0.0163301
454, 2015-10-19 22:00:00, 0.0162834
455, 2015-10-19 23:00:00, 0.0162369
456, 2015-10-20 00:00:00, 0.0161905
457, 2015-10-20 01:00:00, 0.0161442
458, 2015-10-20 02:00:00, 0.0160981
459, 2015-10-20 03:00:00, 0.0160522
460, 2015-10-20 04:00:00, 0.0160063
461, 2015-10-20 05:00:00, 0.0159606
462, 2015-10-20 06:00:00, 0.0159151
463, 2015-10-20 07:00:00, 0.0158697
464, 2015-10-20 08:00:00, 0.0158244
465, 2015-10-20 09:00:00, 0.0157793
466, 2015-10-20 10:00:00, 0.0157343
467, 2015-10-20 11:00:00, 0.0156895
468, 2015-10-20 12:00:00, 0.0156448
469, 2015-10-20 13:00:00, 0.0156002
470, 2015-10-20 14:00:00, 0.0155557
471, 2015-10-20 15:00:00, 0.0155114
472, 2015-10-20 16:00:00, 0.0154673
473, 2015-10-20 17:00:00, 0.0154233
474, 2015-10-20 18:00:00, 0.0153794
475, 2015-10-20 19:00:00, 0.0153356
476, 2015-10-20 20:00:00, 0.015292
477, 2015-10-20 21:00:00, 0.0152485
478, 2015-10-20 22:00:00, 0.0152052
479, 2015-10-20 23:00:00, 0.0151619
480, 2015-10-21 00:00:00, 0.0151188
481, 2015-10-21 01:00:00, 0.0150759
482, 2015-10-21 02:00:00, 0.0150331
483, 2015-10-21 03:00:00, 0.0149904
484, 2015-10-21 04:00:00, 0.0149478
485, 2015-10-21 05:00:00, 0.0149054
486, 2015-10-21 06:00:00, 0.0148631
487, 2015-10-21 07:00:00, 0.0148209
488, 2015-10-21 08:00:00, 0.0147789
489, 2015-10-21 09:00:00, 0.0147369
490, 2015-10-21 10:00:00, 0.0146952
491, 2015-10-21 11:00:00, 0.0146535
492, 2015-10-21 12:00:00, 0.014612
493, 2015-10-21 13:00:00, 0.0145706
494, 2015-10-21 14:00:00, 0.0145293
495, 2015-10-21 15:00:00, 0.0144881
496, 2015-10-21 16:00:00, 0.0144471
497, 2015-10-21 17:00:00, 0.0144062
498, 2015-10-21 18:00:00, 0.0143654
499, 2015-10-21 19:00:00, 0.0143248
500, 2015-10-21 20:00:00, 0.0142842
501, 2015-10-21 21:00:00, 0.0142438
502, 2015-10-21 22:00:00, 0.0142035
503, 2015-10-21 23:00:00, 0.0141634
504, 2015-10-22 00:00:00, 0.0141233
505, 2015-10-22 01:00:00, 0.0140834
506, 2015-10-22 02:00:00, 0.0140436
507, 2015-10-22 03:00:00, 0.0140039
508, 2015-10-22 04:00:00, 0.0139644
509, 2015-10-22 05:00:00, 0.013925
510, 2015-10-22 06:00:00, 0.0138856
511, 2015-10-22 07:00:00, 0.0138464
512, 2015-10-22 08:00:00, 0.0138074
513, 2015-10-22 09:00:00, 0.0137684
514, 2015-10-22 10:00:00, 0.0137296
515, 2015-10-22 11:00:00, 0.0136908
516, 2015-10-22 12:00:00, 0.0136522
517, 2015-10-22 13:00:00, 0.0136137
518, 2015-10-22 14:00:00, 0.0135753
519, 2015-10-22 15:00:00, 0.0135371
520, 2015-10-22 16:00:00, 0.0134989
521, 2015-10-22 17:00:00, 0.0134609
522, 2015-10-22 18:00:00, 0.013423
523, 2015-10-22 19:00:00, 0.0133852
524, 2015-10-22 20:00:00, 0.0133475
525, 2015-10-22 21:00:00, 0.0133099
526, 2015-10-22 22:00:00, 0.0132725
527, 2015-10-22 23:00:00, 0.0132351
528, 2015-10-23 00:00:00, 0.0131979
529, 2015-10-23 01:00:00, 0.0131608
530, 2015-10-23 02:00:00, 0.0131238
531, 2015-10-23 03:00:00, 0.0130869
532, 2015-10-23 04:00:00, 0.0130501
533, 2015-10-23 05:00:00, 0.0130134
534, 2015-10-23 06:00:00, 0.0129768
535, 2015-10-23 07:00:00, 0.0129404
536, 2015-10-23 08:00:00, 0.012904
537, 2015-10-23 09:00:00, 0.0128678
538, 2015-10-23 10:00:00, 0.0128317
539, 2015-10-23 11:00:00, 0.0127956
540, 2015-10-23 12:00:00, 0.0127597
541, 2015-10-23 13:00:00, 0.0127239
542, 2015-10-23 14:00:00, 0.0126882
543, 2015-10-23 15:00:00, 0.0126526
544, 2015-10-23 16:00:00, 0.0126171
545, 2015-10-23 17:00:00, 0.0125817
546, 2015-10-23 18:00:00, 0.0125465
547, 2015-10-23 19:00:00, 0.0125113
548, 2015-10-23 20:00:00, 0.0124762
549, 2015-10-23 21:00:00, 0.0124413
550, 2015-10-23 22:00:00, 0.0124064
551, 2015-10-23 23:00:00, 0.0123717
552, 2015-10-24 00:00:00, 0.012337
553, 2015-10-24 01:00:00, 0.0123025
554, 2015-10-24 02:00:00, 0.012268
555, 2015-10-24 03:00:00, 0.0122337
556, 2015-10-24 04:00:00, 0.0121995
557, 2015-10-24 05:00:00, 0.0121653
558, 2015-10-24 06:00:00, 0.0121313
559, 2015-10-24 07:00:00, 0.0120974
560, 2015-10-24 08:00:00, 0.0120635
561, 2015-10-24 09:00:00, 0.0120298
562, 2015-10-24 10:00:00, 0.0119962
563, 2015-10-24 11:00:00, 0.0119627
564, 2015-10-24 12:00:00, 0.0119292
565, 2015-10-24 13:00:00, 0.0118959
566, 2015-10-24 14:00:00, 0.0118627
567, 2015-10-24 15:00:00, 0.0118295
568, 2015-10-24 16:00:00, 0.0117965
569, 2015-10-24 17:00:00, 0.0117636
570, 2015-10-24 18:00:00, 0.0117307
571, 2015-10-24 19:00:00, 0.011698
572, 2015-10-24 20:00:00, 0.0116653
573, 2015-10-24 21:00:00, 0.0116328
574, 2015-10-24 22:00:00, 0.0116003
575, 2015-10-24 23:00:00, 0.011568
576, 2015-10-25 00:00:00, 0.0115357
577, 2015-10-25 01:00:00, 0.0115036
578, 2015-10-25 02:00:00, 0.0114715
579, 2015-10-25 03:00:00, 0.0114395
580, 2015-10-25 04:00:00, 0.0114076
581, 2015-10-25 05:00:00, 0.0113759
582, 2015-10-25 06:00:00, 0.0113442
583, 2015-10-25 07:00:00, 0.0113126
584, 2015-10-25 08:00:00, 0.0112811
585, 2015-10-25 09:00:00, 0.0112497
586, 2015-10-25 10:00:00, 0.0112183
587, 2015-10-25 11:00:00, 0.0111871
588, 2015-10-25 12:00:00, 0.0113239
589, 2015-10-25 13:00:00, 0.0112168
590, 2015-10-25 14:00:00, 0.0111721
591, 2015-10-25 15:00:00, 0.0110733
592, 2015-10-25 16:00:00, 0.0110363
593, 2015-10-25 17:00:00, 0.0110018
594, 2015-10-25 18:00:00, 0.0109712
595, 2015-10-25 19:00:00, 0.0109406
596, 2015-10-25 20:00:00, 0.0109102
597, 2015-10-25 21:00:00, 0.0108799
598, 2015-10-25 22:00:00, 0.0108496
599, 2015-10-25 23:00:00, 0.0108195
600, 2015-10-26 00:00:00, 0.0107894
601, 2015-10-26 01:00:00, 0.0107595
602, 2015-10-26 02:00:00, 0.0107296
603, 2015-10-26 03:00:00, 0.0106998
604, 2015-10-26 04:00:00, 0.0106701
605, 2015-10-26 05:00:00, 0.0106405
606, 2015-10-26 06:00:00, 0.010611
607, 2015-10-26 07:00:00, 0.0105815
608, 2015-10-26 08:00:00, 0.0105522
609, 2015-10-26 09:00:00, 0.0105229
610, 2015-10-26 10:00:00, 0.0104937
611, 2015-10-26 11:00:00, 0.0104646
612, 2015-10-26 12:00:00, 0.0104356
613, 2015-10-26 13:00:00, 0.0104067
614, 2015-10-26 14:00:00, 0.0103779
615, 2015-10-26 15:00:00, 0.0103491
616, 2015-10-26 16:00:00, 0.0103204
617, 2015-10-26 17:00:00, 0.0102918
618, 2015-10-26 18:00:00, 0.0102633
619, 2015-10-26 19:00:00, 0.0102349
620, 2015-10-26 20:00:00, 0.0102066
621, 2015-10-26 21:00:00, 0.0101783
622, 2015-10-26 22:00:00, 0.0101501
623, 2015-10-26 23:00:00, 0.010122
624, 2015-10-27 00:00:00, 0.010094
625, 2015-10-27 01:00:00, 0.0100661
626, 2015-10-27 02:00:00, 0.0100383
627, 2015-10-27 03:00:00, 0.0100105
628, 2015-10-27 04:00:00, 0.00998281
629, 2015-10-27 05:00:00, 0.00995521
630, 2015-10-27 06:00:00, 0.00992768
631, 2015-10-27 07:00:00, 0.00990024
632, 2015-10-27 08:00:00, 0.00987288
633, 2015-10-27 09:00:00, 0.00984559
634, 2015-10-27 10:00:00, 0.00981839
635, 2015-10-27 11:00:00, 0.00979126
636, 2015-10-27 12:00:00, 0.00976421
637, 2015-10-27 13:00:00, 0.00973725
638, 2015-10-27 14:00:00, 0.00971036
639, 2015-10-27 15:00:00, 0.00968355
640, 2015-10-27 16:00:00, 0.00965681
641, 2015-10-27 17:00:00, 0.00963016
642, 2015-10-27 18:00:00, 0.00960358
643, 2015-10-27 19:00:00, 0.00957707
644, 2015-10-27 20:00:00, 0.00955065
645, 2015-10-27 21:00:00, 0.0095243
646, 2015-10-27 22:00:00, 0.00949803
647, 2015-10-27 23:00:00, 0.00947183
648, 2015-10-28 00:00:00, 0.00944571
649, 2015-10-28 01:00:00, 0.00941967
650, 2015-10-28 02:00:00, 0.0093937
651, 2015-10-28 03:00:00, 0.00936781
652, 2015-10-28 04:00:00, 0.00934199
653, 2015-10-28 05:00:00, 0.00931625
654, 2015-10-28 06:00:00, 0.00929058
655, 2015-10-28 07:00:00, 0.00926498
656, 2015-10-28 08:00:00, 0.00923946
657, 2015-10-28 09:00:00, 0.00921402
658, 2015-10-28 10:00:00, 0.00918864
659, 2015-10-28 11:00:00, 0.00916334
660, 2015-10-28 12:00:00, 0.00913811
661, 2015-10-28 13:00:00, 0.00911296
662, 2015-10-28 14:00:00, 0.00908788
663, 2015-10-28 15:00:00, 0.00906287
664, 2015-10-28 16:00:00, 0.00903793
665, 2015-10-28 17:00:00, 0.00901307
666, 2015-10-28 18:00:00, 0.00899131
667, 2015-10-28 19:00:00, 0.0167909
668, 2015-10-28 20:00:00, 0.0156698
669, 2015-10-28 21:00:00, 0.0164169
670, 2015-10-28 22:00:00, 0.0153558
671, 2015-10-28 23:00:00, 0.0322625
672, 2015-10-29 00:00:00, 0.0436484
673, 2015-10-29 01:00:00, 0.102614
674, 2015-10-29 02:00:00, 0.0702808
675, 2015-10-29 03:00:00, 0.2716
676, 2015-10-29 04:00:00, 0.242764
677, 2015-10-29 05:00:00, 0.158828
678, 2015-10-29 06:00:00, 0.0700252
679, 2015-10-29 07:00:00, 0.0896358
680, 2015-10-29 08:00:00, 0.0646736
681, 2015-10-29 09:00:00, 0.0561866
682, 2015-10-29 10:00:00, 0.0294982
683, 2015-10-29 11:00:00, 0.0168704
684, 2015-10-29 12:00:00, 0.032314
685, 2015-10-29 13:00:00, 0.0189884
686, 2015-10-29 14:00:00, 0.0165279
687, 2015-10-29 15:00:00, 0.0088475
688, 2015-10-29 16:00:00, 0.00846052
689, 2015-10-29 17:00:00, 0.00843732
690, 2015-10-29 18:00:00, 0.00841418
691, 2015-10-29 19:00:00, 0.00839111
692, 2015-10-29 20:00:00, 0.0083681
693, 2015-10-29 21:00:00, 0.00834516
694, 2015-10-29 22:00:00, 0.00832229
695, 2015-10-29 23:00:00, 0.00829948
696, 2015-10-30 00:00:00, 0.00827674
697, 2015-10-30 01:00:00, 0.00825406
698, 2015-10-30 02:00:00, 0.00823145
699, 2015-10-30 03:00:00, 0.0082089
700, 2015-10-30 04:00:00, 0.00818642
701, 2015-10-30 05:00:00, 0.008164
702, 2015-10-30 06:00:00, 0.00814164
703, 2015-10-30 07:00:00, 0.00811935
704, 2015-10-30 08:00:00, 0.00809712
705, 2015-10-30 09:00:00, 0.00807496
706, 2015-10-30 10:00:00, 0.00805286
707, 2015-10-30 11:00:00, 0.00803082
708, 2015-10-30 12:00:00, 0.00800885
709, 2015-10-30 13:00:00, 0.00798693
710, 2015-10-30 14:00:00, 0.00796509
711, 2015-10-30 15:00:00, 0.0079433
712, 2015-10-30 16:00:00, 0.00792157
713, 2015-10-30 17:00:00, 0.00789991
714, 2015-10-30 18:00:00, 0.00787831
715, 2015-10-30 19:00:00, 0.00785677
716, 2015-10-30 20:00:00, 0.00783529
717, 2015-10-30 21:00:00, 0.00781388
718, 2015-10-30 22:00:00, 0.00779252
719, 2015-10-30 23:00:00, 0.00777122
720, 2015-10-31 00:00:00, 0.00774999
721, 2015-10-31 01:00:00, 0.00772882
722, 2015-10-31 02:00:00, 0.0077077
723, 2015-10-31 03:00:00, 0.00768665
724, 2015-10-31 04:00:00, 0.00766566
725, 2015-10-31 05:00:00, 0.00764472
726, 2015-10-31 06:00:00, 0.00762385
727, 2015-10-31 07:00:00, 0.00760303
728, 2015-10-31 08:00:00, 0.00758228
729, 2015-10-31 09:00:00, 0.00756158
730, 2015-10-31 10:00:00, 0.00754094
731, 2015-10-31 11:00:00, 0.00752036
732, 2015-10-31 12:00:00, 0.00749984
733, 2015-10-31 13:00:00, 0.00747938
734, 2015-10-31 14:00:00, 0.00745897
735, 2015-10-31 15:00:00, 0.00743863
736, 2015-10-31 16:00:00, 0.00741834
737, 2015-10-31 17:00:00, 0.00739811
738, 2015-10-31 18:00:00, 0.00737793
739, 2015-10-31 19:00:00, 0.00735781
740, 2015-10-31 20:00:00, 0.00733776
741, 2015-10-31 21:00:00, 0.00731775
742, 2015-10-31 22:00:00, 0.00729781
743, 2015-10-31 23:00:00, 0.00727792
744, 2015-11-01 00:00:00, 0.00725808
745, 2015-11-01 01:00:00, 0.00723831
746, 2015-11-01 02:00:00, 0.00721858
747, 2015-11-01 03:00:00, 0.00719892
748, 2015-11-01 04:00:00, 0.00717931
749, 2015-11-01 05:00:00, 0.00715976
750, 2015-11-01 06:00:00, 0.00714026
751, 2015-11-01 07:00:00, 0.00712081
752, 2015-11-01 08:00:00, 0.00710142
753, 2015-11-01 09:00:00, 0.00708209
754, 2015-11-01 10:00:00, 0.00706281
755, 2015-11-01 11:00:00, 0.00704359
756, 2015-11-01 12:00:00, 0.00702442
757, 2015-11-01 13:00:00, 0.0070053
758, 2015-11-01 14:00:00, 0.00698624
759, 2015-11-01 15:00:00, 0.00696723
760, 2015-11-01 16:00:00, 0.00694828
761, 2015-11-01 17:00:00, 0.00692937
762, 2015-11-01 18:00:00, 0.00691053
763, 2015-11-01 19:00:00, 0.00689173
764, 2015-11-01 20:00:00, 0.00687299
765, 2015-11-01 21:00:00, 0.0068543
766, 2015-11-01 22:00:00, 0.00683567
767, 2015-11-01 23:00:00, 0.00681708
768, 2015-11-02 00:00:00, 0.00679855
769, 2015-11-02 01:00:00, 0.00678007
770, 2015-11-02 02:00:00, 0.00676165
771, 2015-11-02 03:00:00, 0.00674327
772, 2015-11-02 04:00:00, 0.00672495
773, 2015-11-02 05:00:00, 0.00670668
774, 2015-11-02 06:00:00, 0.00668846
775, 2015-11-02 07:00:00, 0.00667029
776, 2015-11-02 08:00:00, 0.00665217
777, 2015-11-02 09:00:00, 0.0066341
778, 2015-11-02 10:00:00, 0.00661609
779, 2015-11-02 11:00:00, 0.00659812
780, 2015-11-02 12:00:00, 0.00658021
781, 2015-11-02 13:00:00, 0.00656235
782, 2015-11-02 14:00:00, 0.00654453
783, 2015-11-02 15:00:00, 0.00652677
784, 2015-11-02 16:00:00, 0.00650905
785, 2015-11-02 17:00:00, 0.00649139
786, 2015-11-02 18:00:00, 0.00647378
787, 2015-11-02 19:00:00, 0.00645621
788, 2015-11-02 20:00:00, 0.0064387
789, 2015-11-02 21:00:00, 0.00642123
790, 2015-11-02 22:00:00, 0.00640381
791, 2015-11-02 23:00:00, 0.00638644
792, 2015-11-03 00:00:00, 0.00636912
793, 2015-11-03 01:00:00, 0.00635185
794, 2015-11-03 02:00:00, 0.00633463
795, 2015-11-03 03:00:00, 0.00631746
796, 2015-11-03 04:00:00, 0.00630033
797, 2015-11-03 05:00:00, 0.00628325
798, 2015-11-03 06:00:00, 0.00626622
799, 2015-11-03 07:00:00, 0.00624924
800, 2015-11-03 08:00:00, 0.0062323
801, 2015-11-03 09:00:00, 0.00621542
802, 2015-11-03 10:00:00, 0.00619858
803, 2015-11-03 11:00:00, 0.00618178
804, 2015-11-03 12:00:00, 0.00616504
805, 2015-11-03 13:00:00, 0.00614834
806, 2015-11-03 14:00:00, 0.00613169
807, 2015-11-03 15:00:00, 0.00611508
808, 2015-11-03 16:00:00, 0.00609852
809, 2015-11-03 17:00:00, 0.00608201
810, 2015-11-03 18:00:00, 0.00606554
811, 2015-11-03 19:00:00, 0.00604912
812, 2015-11-03 20:00:00, 0.00603275
813, 2015-11-03 21:00:00, 0.00601642
814, 2015-11-03 22:00:00, 0.00600014
815, 2015-11-03 23:00:00, 0.0059839
816, 2015-11-04 00:00:00, 0.00596771
817, 2015-11-04 01:00:00, 0.00595156
818, 2015-11-04 02:00:00, 0.00593546
819, 2015-11-04 03:00:00, 0.0059194
820, 2015-11-04 04:00:00, 0.00590339
821, 2015-11-04 05:00:00, 0.00588742
822, 2015-11-04 06:00:00, 0.0058715
823, 2015-11-04 07:00:00, 0.00585562
824, 2015-11-04 08:00:00, 0.00583978
825, 2015-11-04 09:00:00, 0.00582399
826, 2015-11-04 10:00:00, 0.00580825
827, 2015-11-04 11:00:00, 0.00579255
828, 2015-11-04 12:00:00, 0.00577689
829, 2015-11-04 13:00:00, 0.00576127
830, 2015-11-04 14:00:00, 0.0057457
831, 2015-11-04 15:00:00, 0.00573018
832, 2015-11-04 16:00:00, 0.00571469
833, 2015-11-04 17:00:00, 0.00569925
834, 2015-11-04 18:00:00, 0.00568385
835, 2015-11-04 19:00:00, 0.0056685
836, 2015-11-04 20:00:00, 0.00565318
837, 2015-11-04 21:00:00, 0.00563791
838, 2015-11-04 22:00:00, 0.00562269
839, 2015-11-04 23:00:00, 0.0056075
840, 2015-11-05 00:00:00, 0.00559236
841, 2015-11-05 01:00:00, 0.00557726
842, 2015-11-05 02:00:00, 0.0055622
843, 2015-11-05 03:00:00, 0.00554718
844, 2015-11-05 04:00:00, 0.00553221
845, 2015-11-05 05:00:00, 0.00551728
846, 2015-11-05 06:00:00, 0.00550239
847, 2015-11-05 07:00:00, 0.00548754
848, 2015-11-05 08:00:00, 0.00547273
849, 2015-11-05 09:00:00, 0.00545796
850, 2015-11-05 10:00:00, 0.00544323
851, 2015-11-05 11:00:00, 0.00542855
852, 2015-11-05 12:00:00, 0.0054139
853, 2015-11-05 13:00:00, 0.0053993
854, 2015-11-05 14:00:00, 0.00538473
855, 2015-11-05 15:00:00, 0.00537021
856, 2015-11-05 16:00:00, 0.00535573
857, 2015-11-05 17:00:00, 0.00534128
858, 2015-11-05 18:00:00, 0.00532688
859, 2015-11-05 19:00:00, 0.00531252
860, 2015-11-05 20:00:00, 0.0052982
861, 2015-11-05 21:00:00, 0.00528391
862, 2015-11-05 22:00:00, 0.00526967
863, 2015-11-05 23:00:00, 0.00525547
864, 2015-11-06 00:00:00, 0.0052413
865, 2015-11-06 01:00:00, 0.00522718
866, 2015-11-06 02:00:00, 0.00521309
867, 2015-11-06 03:00:00, 0.00519904
868, 2015-11-06 04:00:00, 0.00518504
869, 2015-11-06 05:00:00, 0.00517107
870, 2015-11-06 06:00:00, 0.00515714
871, 2015-11-06 07:00:00, 0.00514324
872, 2015-11-06 08:00:00, 0.00512939
873, 2015-11-06 09:00:00, 0.00511557
874, 2015-11-06 10:00:00, 0.0051018
875, 2015-11-06 11:00:00, 0.00508806
876, 2015-11-06 12:00:00, 0.00507436
877, 2015-11-06 13:00:00, 0.0050607
878, 2015-11-06 14:00:00, 0.00504707
879, 2015-11-06 15:00:00, 0.00503348
880, 2015-11-06 16:00:00, 0.00501993
881, 2015-11-06 17:00:00, 0.00500642
882, 2015-11-06 18:00:00, 0.00499295
883, 2015-11-06 19:00:00, 0.00497951
884, 2015-11-06 20:00:00, 0.00496611
885, 2015-11-06 21:00:00, 0.00495274
886, 2015-11-06 22:00:00, 0.00493942
887, 2015-11-06 23:00:00, 0.00492613
888, 2015-11-07 00:00:00, 0.00491288
889, 2015-11-07 01:00:00, 0.00489966
890, 2015-11-07 02:00:00, 0.00488648
891, 2015-11-07 03:00:00, 0.00487334
892, 2015-11-07 04:00:00, 0.00486023
893, 2015-11-07 05:00:00, 0.00484716
894, 2015-11-07 06:00:00, 0.00483412
895, 2015-11-07 07:00:00, 0.00482113
896, 2015-11-07 08:00:00, 0.00480816
897, 2015-11-07 09:00:00, 0.00479524
898, 2015-11-07 10:00:00, 0.00478234
899, 2015-11-07 11:00:00, 0.00476949
900, 2015-11-07 12:00:00, 0.00475667
901, 2015-11-07 13:00:00, 0.00474388
902, 2015-11-07 14:00:00, 0.00473113
903, 2015-11-07 15:00:00, 0.00471842
904, 2015-11-07 16:00:00, 0.00470574
905, 2015-11-07 17:00:00, 0.00469309
906, 2015-11-07 18:00:00, 0.00468048
907, 2015-11-07 19:00:00, 0.00466791
908, 2015-11-07 20:00:00, 0.00465537
909, 2015-11-07 21:00:00, 0.00464286
910, 2015-11-07 22:00:00, 0.00463039
911, 2015-11-07 23:00:00, 0.00461795
912, 2015-11-08 00:00:00, 0.00460555
913, 2015-11-08 01:00:00, 0.00459318
914, 2015-11-08 02:00:00, 0.00458085
915, 2015-11-08 03:00:00, 0.00456855
916, 2015-11-08 04:00:00, 0.00455628
917, 2015-11-08 05:00:00, 0.00454405
918, 2015-11-08 06:00:00, 0.00453185
919, 2015-11-08 07:00:00, 0.00451968
920, 2015-11-08 08:00:00, 0.00450755
921, 2015-11-08 09:00:00, 0.00449545
922, 2015-11-08 10:00:00, 0.00448339
923, 2015-11-08 11:00:00, 0.00447135
924, 2015-11-08 12:00:00, 0.00445936
925, 2015-11-08 13:00:00, 0.00444739
926, 2015-11-08 14:00:00, 0.00443546
927, 2015-11-08 15:00:00, 0.00442355
928, 2015-11-08 16:00:00, 0.00441169
929, 2015-11-08 17:00:00, 0.00439985
930, 2015-11-08 18:00:00, 0.00438805
931, 2015-11-08 19:00:00, 0.00437628
932, 2015-11-08 20:00:00, 0.00436454
933, 2015-11-08 21:00:00, 0.00435283
934, 2015-11-08 22:00:00, 0.00434116
935, 2015-11-08 23:00:00, 0.00432952
936, 2015-11-09 00:00:00, 0.00431791
937, 2015-11-09 01:00:00, 0.00430633
938, 2015-11-09 02:00:00, 0.00429479
939, 2015-11-09 03:00:00, 0.00428327
940, 2015-11-09 04:00:00, 0.00427179
941, 2015-11-09 05:00:00, 0.00426034
942, 2015-11-09 06:00:00, 0.00424892
943, 2015-11-09 07:00:00, 0.00423753
944, 2015-11-09 08:00:00, 0.00422617
945, 2015-11-09 09:00:00, 0.00421485
946, 2015-11-09 10:00:00, 0.00420355
947, 2015-11-09 11:00:00, 0.00419229
948, 2015-11-09 12:00:00, 0.00418106
949, 2015-11-09 13:00:00, 0.00416985
950, 2015-11-09 14:00:00, 0.00415868
951, 2015-11-09 15:00:00, 0.00414754
952, 2015-11-09 16:00:00, 0.00413643
953, 2015-11-09 17:00:00, 0.00412535
954, 2015-11-09 18:00:00, 0.0041143
955, 2015-11-09 19:00:00, 0.00410328
956, 2015-11-09 20:00:00, 0.00409229
957, 2015-11-09 21:00:00, 0.00408133
958, 2015-11-09 22:00:00, 0.0040704
959, 2015-11-09 23:00:00, 0.0040595
960, 2015-11-10 00:00:00, 0.00404864
961, 2015-11-10 01:00:00, 0.0040378
962, 2015-11-10 02:00:00, 0.00402699
963, 2015-11-10 03:00:00, 0.00401621
964, 2015-11-10 04:00:00, 0.00400545
965, 2015-11-10 05:00:00, 0.00399473
966, 2015-11-10 06:00:00, 0.00398404
967, 2015-11-10 07:00:00, 0.00397338
968, 2015-11-10 08:00:00, 0.00396274
969, 2015-11-10 09:00:00, 0.00395214
970, 2015-11-10 10:00:00, 0.00394156
971, 2015-11-10 11:00:00, 0.00393102
972, 2015-11-10 12:00:00, 0.0039205
973, 2015-11-10 13:00:00, 0.00391001
974, 2015-11-10 14:00:00, 0.00389955
975, 2015-11-10 15:00:00, 0.00388912
976, 2015-11-10 16:00:00, 0.00387872
977, 2015-11-10 17:00:00, 0.00386834
978, 2015-11-10 18:00:00, 0.00385799
979, 2015-11-10 19:00:00, 0.00430015
980, 2015-11-10 20:00:00, 0.00610293
981, 2015-11-10 21:00:00, 0.00851584
982, 2015-11-10 22:00:00, 0.00764124
983, 2015-11-10 23:00:00, 0.00606543
984, 2015-11-11 00:00:00, 0.00445699
985, 2015-11-11 01:00:00, 0.00496418
986, 2015-11-11 02:00:00, 0.00484767
987, 2015-11-11 03:00:00, 0.00442111
988, 2015-11-11 04:00:00, 0.00396888
989, 2015-11-11 05:00:00, 0.00374603
990, 2015-11-11 06:00:00, 0.00373602
991, 2015-11-11 07:00:00, 0.00372603
992, 2015-11-11 08:00:00, 0.00371607
993, 2015-11-11 09:00:00, 0.00371049
994, 2015-11-11 10:00:00, 0.00369821
995, 2015-11-11 11:00:00, 0.00368794
996, 2015-11-11 12:00:00, 0.00368276
997, 2015-11-11 13:00:00, 0.00434518
998, 2015-11-11 14:00:00, 0.00396628
999, 2015-11-11 15:00:00, 0.00389281
1000, 2015-11-11 16:00:00, 0.00363738
1001, 2015-11-11 17:00:00, 0.00362767
1002, 2015-11-11 18:00:00, 0.00361798
1003, 2015-11-11 19:00:00, 0.00360831
1004, 2015-11-11 20:00:00, 0.00359867
1005, 2015-11-11 21:00:00, 0.00358906
1006, 2015-11-11 22:00:00, 0.00357948
1007, 2015-11-11 23:00:00, 0.00356992
1008, 2015-11-12 00:00:00, 0.00356039
1009, 2015-11-12 01:00:00, 0.00355088
1010, 2015-11-12 02:00:00, 0.0035414
1011, 2015-11-12 03:00:00, 0.00353195
1012, 2015-11-12 04:00:00, 0.00352252
1013, 2015-11-12 05:00:00, 0.00351311
1014, 2015-11-12 06:00:00, 0.00350374
1015, 2015-11-12 07:00:00, 0.00349438
1016, 2015-11-12 08:00:00, 0.00348506
1017, 2015-11-12 09:00:00, 0.00347575
1018, 2015-11-12 10:00:00, 0.00346648
1019, 2015-11-12 11:00:00, 0.00345723
1020, 2015-11-12 12:00:00, 0.003448
1021, 2015-11-12 13:00:00, 0.0034388
1022, 2015-11-12 14:00:00, 0.00342962
1023, 2015-11-12 15:00:00, 0.00342047
1024, 2015-11-12 16:00:00, 0.00344074
1025, 2015-11-12 17:00:00, 0.00360595
1026, 2015-11-12 18:00:00, 0.00354985
1027, 2015-11-12 19:00:00, 0.0035467
1028, 2015-11-12 20:00:00, 0.00342687
1029, 2015-11-12 21:00:00, 0.00339494
1030, 2015-11-12 22:00:00, 0.00335926
1031, 2015-11-12 23:00:00, 0.00334988
1032, 2015-11-13 00:00:00, 0.00335316
1033, 2015-11-13 01:00:00, 0.00333665
1034, 2015-11-13 02:00:00, 0.00332651
1035, 2015-11-13 03:00:00, 0.00331258
1036, 2015-11-13 04:00:00, 0.00330375
1037, 2015-11-13 05:00:00, 0.00329494
1038, 2015-11-13 06:00:00, 0.00328616
1039, 2015-11-13 07:00:00, 0.0032774
1040, 2015-11-13 08:00:00, 0.00326866
1041, 2015-11-13 09:00:00, 0.00325995
1042, 2015-11-13 10:00:00, 0.00325126
1043, 2015-11-13 11:00:00, 0.00324259
1044, 2015-11-13 12:00:00, 0.00323395
1045, 2015-11-13 13:00:00, 0.00322533
1046, 2015-11-13 14:00:00, 0.00321673
1047, 2015-11-13 15:00:00, 0.00320816
1048, 2015-11-13 16:00:00, 0.00319961
1049, 2015-11-13 17:00:00, 0.00319108
1050, 2015-11-13 18:00:00, 0.00318258
1051, 2015-11-13 19:00:00, 0.0031741
1052, 2015-11-13 20:00:00, 0.00316564
1053, 2015-11-13 21:00:00, 0.00315721
1054, 2015-11-13 22:00:00, 0.0031488
1055, 2015-11-13 23:00:00, 0.00314041
1056, 2015-11-14 00:00:00, 0.00313204
1057, 2015-11-14 01:00:00, 0.0031237
1058, 2015-11-14 02:00:00, 0.00311538
1059, 2015-11-14 03:00:00, 0.00310722
1060, 2015-11-14 04:00:00, 0.00309887
1061, 2015-11-14 05:00:00, 0.0030906
1062, 2015-11-14 06:00:00, 0.00308232
1063, 2015-11-14 07:00:00, 0.00307411
1064, 2015-11-14 08:00:00, 0.00306593
1065, 2015-11-14 09:00:00, 0.00305776
1066, 2015-11-14 10:00:00, 0.00304962
1067, 2015-11-14 11:00:00, 0.0030415
1068, 2015-11-14 12:00:00, 0.00303341
1069, 2015-11-14 13:00:00, 0.00302533
1070, 2015-11-14 14:00:00, 0.00301728
1071, 2015-11-14 15:00:00, 0.00300924
1072, 2015-11-14 16:00:00, 0.00300123
1073, 2015-11-14 17:00:00, 0.00299324
1074, 2015-11-14 18:00:00, 0.00298528
1075, 2015-11-14 19:00:00, 0.00297733
1076, 2015-11-14 20:00:00, 0.00296941
1077, 2015-11-14 21:00:00, 0.0029615
1078, 2015-11-14 22:00:00, 0.00295362
1079, 2015-11-14 23:00:00, 0.00294576
1080, 2015-11-15 00:00:00, 0.00293792
1081, 2015-11-15 01:00:00, 0.00293011
1082, 2015-11-15 02:00:00, 0.00292231
1083, 2015-11-15 03:00:00, 0.00291454
1084, 2015-11-15 04:00:00, 0.00290678
1085, 2015-11-15 05:00:00, 0.00289905
1086, 2015-11-15 06:00:00, 0.00289134
1087, 2015-11-15 07:00:00, 0.00288364
1088, 2015-11-15 08:00:00, 0.00287597
1089, 2015-11-15 09:00:00, 0.00286832
1090, 2015-11-15 10:00:00, 0.00286069
1091, 2015-11-15 11:00:00, 0.00285309
1092, 2015-11-15 12:00:00, 0.0028455
1093, 2015-11-15 13:00:00, 0.00283793
1094, 2015-11-15 14:00:00, 0.00283038
1095, 2015-11-15 15:00:00, 0.00282286
1096, 2015-11-15 16:00:00, 0.00281535
1097, 2015-11-15 17:00:00, 0.00280786
1098, 2015-11-15 18:00:00, 0.0028004
1099, 2015-11-15 19:00:00, 0.00279295
1100, 2015-11-15 20:00:00, 0.00278552
1101, 2015-11-15 21:00:00, 0.00277812
1102, 2015-11-15 22:00:00, 0.00277073
1103, 2015-11-15 23:00:00, 0.00276337
1104, 2015-11-16 00:00:00, 0.00275602
1105, 2015-11-16 01:00:00, 0.0027487
1106, 2015-11-16 02:00:00, 0.00274139
1107, 2015-11-16 03:00:00, 0.0027341
1108, 2015-11-16 04:00:00, 0.00272684
1109, 2015-11-16 05:00:00, 0.00271959
1110, 2015-11-16 06:00:00, 0.00271236
1111, 2015-11-16 07:00:00, 0.00270515
1112, 2015-11-16 08:00:00, 0.00269796
1113, 2015-11-16 09:00:00, 0.00269079
1114, 2015-11-16 10:00:00, 0.00268364
1115, 2015-11-16 11:00:00, 0.00267651
1116, 2015-11-16 12:00:00, 0.0026694
1117, 2015-11-16 13:00:00, 0.00266231
1118, 2015-11-16 14:00:00, 0.00265524
1119, 2015-11-16 15:00:00, 0.00264818
1120, 2015-11-16 16:00:00, 0.00264115
1121, 2015-11-16 17:00:00, 0.00263413
1122, 2015-11-16 18:00:00, 0.00262713
1123, 2015-11-16 19:00:00, 0.00262016
1124, 2015-11-16 20:00:00, 0.0026132
1125, 2015-11-16 21:00:00, 0.00260625
1126, 2015-11-16 22:00:00, 0.00259933
1127, 2015-11-16 23:00:00, 0.00259243
1128, 2015-11-17 00:00:00, 0.00258554
1129, 2015-11-17 01:00:00, 0.00257868
1130, 2015-11-17 02:00:00, 0.00257183
1131, 2015-11-17 03:00:00, 0.002565
1132, 2015-11-17 04:00:00, 0.00255819
1133, 2015-11-17 05:00:00, 0.0025514
1134, 2015-11-17 06:00:00, 0.00254462
1135, 2015-11-17 07:00:00, 0.00253787
1136, 2015-11-17 08:00:00, 0.00253113
1137, 2015-11-17 09:00:00, 0.00252441
1138, 2015-11-17 10:00:00, 0.00251771
1139, 2015-11-17 11:00:00, 0.00251102
1140, 2015-11-17 12:00:00, 0.00250436
1141, 2015-11-17 13:00:00, 0.00249771
1142, 2015-11-17 14:00:00, 0.00249108
1143, 2015-11-17 15:00:00, 0.00248447
1144, 2015-11-17 16:00:00, 0.00247787
1145, 2015-11-17 17:00:00, 0.0024713
1146, 2015-11-17 18:00:00, 0.00246474
1147, 2015-11-17 19:00:00, 0.0024582
1148, 2015-11-17 20:00:00, 0.00245167
1149, 2015-11-17 21:00:00, 0.00244517
1150, 2015-11-17 22:00:00, 0.00243868
1151, 2015-11-17 23:00:00, 0.00243221
1152, 2015-11-18 00:00:00, 0.00242575
1153, 2015-11-18 01:00:00, 0.00241932
1154, 2015-11-18 02:00:00, 0.0024129
1155, 2015-11-18 03:00:00, 0.0024065
1156, 2015-11-18 04:00:00, 0.00240011
1157, 2015-11-18 05:00:00, 0.00239375
1158, 2015-11-18 06:00:00, 0.0023874
1159, 2015-11-18 07:00:00, 0.00238106
1160, 2015-11-18 08:00:00, 0.00237475
1161, 2015-11-18 09:00:00, 0.00236845
1162, 2015-11-18 10:00:00, 0.00236216
1163, 2015-11-18 11:00:00, 0.0023559
1164, 2015-11-18 12:00:00, 0.00234965
1165, 2015-11-18 13:00:00, 0.00234342
1166, 2015-11-18 14:00:00, 0.0023372
1167, 2015-11-18 15:00:00, 0.00233101
1168, 2015-11-18 16:00:00, 0.00232482
1169, 2015-11-18 17:00:00, 0.00231866
1170, 2015-11-18 18:00:00, 0.00231251
1171, 2015-11-18 19:00:00, 0.00230638
1172, 2015-11-18 20:00:00, 0.00230026
1173, 2015-11-18 21:00:00, 0.00229416
1174, 2015-11-18 22:00:00, 0.00228808
1175, 2015-11-18 23:00:00, 0.00228202
1176, 2015-11-19 00:00:00, 0.00227597
1177, 2015-11-19 01:00:00, 0.00226993
1178, 2015-11-19 02:00:00, 0.00226391
1179, 2015-11-19 03:00:00, 0.00225791
1180, 2015-11-19 04:00:00, 0.00225193
1181, 2015-11-19 05:00:00, 0.00224596
1182, 2015-11-19 06:00:00, 0.00224
1183, 2015-11-19 07:00:00, 0.00223407
1184, 2015-11-19 08:00:00, 0.00222815
1185, 2015-11-19 09:00:00, 0.00222224
1186, 2015-11-19 10:00:00, 0.00221635
1187, 2015-11-19 11:00:00, 0.00221049
1188, 2015-11-19 12:00:00, 0.00220464
1189, 2015-11-19 13:00:00, 0.00219879
1190, 2015-11-19 14:00:00, 0.00219296
1191, 2015-11-19 15:00:00, 0.00218714
1192, 2015-11-19 16:00:00, 0.00218134
1193, 2015-11-19 17:00:00, 0.00217556
1194, 2015-11-19 18:00:00, 0.0021698
1195, 2015-11-19 19:00:00, 0.00216405
1196, 2015-11-19 20:00:00, 0.00215832
1197, 2015-11-19 21:00:00, 0.0021526
1198, 2015-11-19 22:00:00, 0.0021469
1199, 2015-11-19 23:00:00, 0.00214121
1200, 2015-11-20 00:00:00, 0.00213554
1201, 2015-11-20 01:00:00, 0.00212988
1202, 2015-11-20 02:00:00, 0.00212424
1203, 2015-11-20 03:00:00, 0.00502591
1204, 2015-11-20 04:00:00, 0.0380338
1205, 2015-11-20 05:00:00, 0.0563835
1206, 2015-11-20 06:00:00, 0.101889
1207, 2015-11-20 07:00:00, 0.125257
1208, 2015-11-20 08:00:00, 0.18158
1209, 2015-11-20 09:00:00, 0.0913124
1210, 2015-11-20 10:00:00, 0.0484613
1211, 2015-11-20 11:00:00, 0.00464577
1212, 2015-11-20 12:00:00, 0.00207563
1213, 2015-11-20 13:00:00, 0.00206317
1214, 2015-11-20 14:00:00, 0.0020577
1215, 2015-11-20 15:00:00, 0.00205225
1216, 2015-11-20 16:00:00, 0.00204682
1217, 2015-11-20 17:00:00, 0.0020414
1218, 2015-11-20 18:00:00, 0.002036
1219, 2015-11-20 19:00:00, 0.0020306
1220, 2015-11-20 20:00:00, 0.00202523
1221, 2015-11-20 21:00:00, 0.00201987
1222, 2015-11-20 22:00:00, 0.00201452
1223, 2015-11-20 23:00:00, 0.00200919
1224, 2015-11-21 00:00:00, 0.00200387
1225, 2015-11-21 01:00:00, 0.00199856
1226, 2015-11-21 02:00:00, 0.00199327
1227, 2015-11-21 03:00:00, 0.001988
1228, 2015-11-21 04:00:00, 0.00198274
1229, 2015-11-21 05:00:00, 0.00197749
1230, 2015-11-21 06:00:00, 0.00197225
1231, 2015-11-21 07:00:00, 0.00196703
1232, 2015-11-21 08:00:00, 0.00196183
1233, 2015-11-21 09:00:00, 0.00195664
1234, 2015-11-21 10:00:00, 0.00195146
1235, 2015-11-21 11:00:00, 0.0019463
1236, 2015-11-21 12:00:00, 0.00194114
1237, 2015-11-21 13:00:00, 0.00193601
1238, 2015-11-21 14:00:00, 0.00193089
1239, 2015-11-21 15:00:00, 0.00192578
1240, 2015-11-21 16:00:00, 0.00192068
1241, 2015-11-21 17:00:00, 0.0019156
1242, 2015-11-21 18:00:00, 0.00191053
1243, 2015-11-21 19:00:00, 0.00190548
1244, 2015-11-21 20:00:00, 0.00190044
1245, 2015-11-21 21:00:00, 0.00189541
1246, 2015-11-21 22:00:00, 0.00189039
1247, 2015-11-21 23:00:00, 0.00188539
1248, 2015-11-22 00:00:00, 0.0018804
1249, 2015-11-22 01:00:00, 0.00187543
1250, 2015-11-22 02:00:00, 0.00187047
1251, 2015-11-22 03:00:00, 0.00186552
1252, 2015-11-22 04:00:00, 0.00186059
1253, 2015-11-22 05:00:00, 0.00185567
1254, 2015-11-22 06:00:00, 0.00185076
1255, 2015-11-22 07:00:00, 0.00184586
1256, 2015-11-22 08:00:00, 0.00184098
1257, 2015-11-22 09:00:00, 0.00183611
1258, 2015-11-22 10:00:00, 0.00183126
1259, 2015-11-22 11:00:00, 0.00182642
1260, 2015-11-22 12:00:00, 0.00182159
1261, 2015-11-22 13:00:00, 0.00181677
1262, 2015-11-22 14:00:00, 0.00181196
1263, 2015-11-22 15:00:00, 0.00180717
1264, 2015-11-22 16:00:00, 0.00180239
1265, 2015-11-22 17:00:00, 0.00179763
1266, 2015-11-22 18:00:00, 0.00179288
1267, 2015-11-22 19:00:00, 0.00178814
1268, 2015-11-22 20:00:00, 0.00178341
1269, 2015-11-22 21:00:00, 0.00178171
1270, 2015-11-22 22:00:00, 0.00177536
1271, 2015-11-22 23:00:00, 0.0017704
1272, 2015-11-23 00:00:00, 0.00177667
1273, 2015-11-23 01:00:00, 0.00179047
1274, 2015-11-23 02:00:00, 0.00178828
1275, 2015-11-23 03:00:00, 0.0030911
1276, 2015-11-23 04:00:00, 0.00235389
1277, 2015-11-23 05:00:00, 0.0022227
1278, 2015-11-23 06:00:00, 0.00173682
1279, 2015-11-23 07:00:00, 0.00173223
1280, 2015-11-23 08:00:00, 0.00172765
1281, 2015-11-23 09:00:00, 0.00172309
1282, 2015-11-23 10:00:00, 0.00171853
1283, 2015-11-23 11:00:00, 0.00171399
1284, 2015-11-23 12:00:00, 0.00170946
1285, 2015-11-23 13:00:00, 0.00170494
1286, 2015-11-23 14:00:00, 0.00170044
1287, 2015-11-23 15:00:00, 0.00169594
1288, 2015-11-23 16:00:00, 0.00169146
1289, 2015-11-23 17:00:00, 0.00168699
1290, 2015-11-23 18:00:00, 0.00168253
1291, 2015-11-23 19:00:00, 0.00167809
1292, 2015-11-23 20:00:00, 0.00167365
1293, 2015-11-23 21:00:00, 0.00166923
1294, 2015-11-23 22:00:00, 0.00166482
1295, 2015-11-23 23:00:00, 0.00166042
1296, 2015-11-24 00:00:00, 0.00165604
1297, 2015-11-24 01:00:00, 0.00165166
1298, 2015-11-24 02:00:00, 0.0016473
1299, 2015-11-24 03:00:00, 0.00164295
1300, 2015-11-24 04:00:00, 0.00163861
1301, 2015-11-24 05:00:00, 0.00163428
1302, 2015-11-24 06:00:00, 0.00162996
1303, 2015-11-24 07:00:00, 0.00162566
1304, 2015-11-24 08:00:00, 0.00162136
1305, 2015-11-24 09:00:00, 0.00161708
1306, 2015-11-24 10:00:00, 0.00161281
1307, 2015-11-24 11:00:00, 0.00160855
1308, 2015-11-24 12:00:00, 0.0016043
1309, 2015-11-24 13:00:00, 0.00160006
1310, 2015-11-24 14:00:00, 0.00159584
1311, 2015-11-24 15:00:00, 0.00159162
1312, 2015-11-24 16:00:00, 0.00158742
1313, 2015-11-24 17:00:00, 0.00158323
1314, 2015-11-24 18:00:00, 0.00157904
1315, 2015-11-24 19:00:00, 0.00157487
1316, 2015-11-24 20:00:00, 0.00157072
1317, 2015-11-24 21:00:00, 0.00156657
1318, 2015-11-24 22:00:00, 0.00156243
1319, 2015-11-24 23:00:00, 0.00155831
1320, 2015-11-25 00:00:00, 0.00155419
1321, 2015-11-25 01:00:00, 0.00155009
1322, 2015-11-25 02:00:00, 0.00154599
1323, 2015-11-25 03:00:00, 0.00154191
1324, 2015-11-25 04:00:00, 0.00153784
1325, 2015-11-25 05:00:00, 0.00153378
1326, 2015-11-25 06:00:00, 0.00152973
1327, 2015-11-25 07:00:00, 0.00152569
1328, 2015-11-25 08:00:00, 0.00152167
1329, 2015-11-25 09:00:00, 0.00151765
1330, 2015-11-25 10:00:00, 0.00151364
1331, 2015-11-25 11:00:00, 0.00150965
1332, 2015-11-25 12:00:00, 0.00150566
1333, 2015-11-25 13:00:00, 0.00150169
1334, 2015-11-25 14:00:00, 0.00149772
1335, 2015-11-25 15:00:00, 0.00149377
1336, 2015-11-25 16:00:00, 0.00148983
1337, 2015-11-25 17:00:00, 0.00148589
1338, 2015-11-25 18:00:00, 0.00148197
1339, 2015-11-25 19:00:00, 0.00147806
1340, 2015-11-25 20:00:00, 0.00147416
1341, 2015-11-25 21:00:00, 0.00147027
1342, 2015-11-25 22:00:00, 0.00146639
1343, 2015-11-25 23:00:00, 0.00146252
1344, 2015-11-26 00:00:00, 0.00145866
1345, 2015-11-26 01:00:00, 0.00145481
1346, 2015-11-26 02:00:00, 0.00145097
1347, 2015-11-26 03:00:00, 0.00144714
1348, 2015-11-26 04:00:00, 0.00144332
1349, 2015-11-26 05:00:00, 0.00143951
1350, 2015-11-26 06:00:00, 0.00143572
1351, 2015-11-26 07:00:00, 0.00143193
1352, 2015-11-26 08:00:00, 0.00142815
1353, 2015-11-26 09:00:00, 0.00142438
1354, 2015-11-26 10:00:00, 0.00142062
1355, 2015-11-26 11:00:00, 0.00141687
1356, 2015-11-26 12:00:00, 0.00141314
1357, 2015-11-26 13:00:00, 0.00140941
1358, 2015-11-26 14:00:00, 0.00140569
1359, 2015-11-26 15:00:00, 0.00140198
1360, 2015-11-26 16:00:00, 0.00139828
1361, 2015-11-26 17:00:00, 0.00139459
1362, 2015-11-26 18:00:00, 0.00139092
1363, 2015-11-26 19:00:00, 0.00138725
1364, 2015-11-26 20:00:00, 0.00138359
1365, 2015-11-26 21:00:00, 0.00137994
1366, 2015-11-26 22:00:00, 0.0013763
1367, 2015-11-26 23:00:00, 0.00137267
1368, 2015-11-27 00:00:00, 0.00136905
1369, 2015-11-27 01:00:00, 0.00136543
1370, 2015-11-27 02:00:00, 0.00136183
1371, 2015-11-27 03:00:00, 0.00135824
1372, 2015-11-27 04:00:00, 0.00135466
1373, 2015-11-27 05:00:00, 0.00135109
1374, 2015-11-27 06:00:00, 0.00134752
1375, 2015-11-27 07:00:00, 0.00134397
1376, 2015-11-27 08:00:00, 0.00134042
1377, 2015-11-27 09:00:00, 0.00133689
1378, 2015-11-27 10:00:00, 0.00133337
1379, 2015-11-27 11:00:00, 0.00132985
1380, 2015-11-27 12:00:00, 0.00132635
1381, 2015-11-27 13:00:00, 0.00132285
1382, 2015-11-27 14:00:00, 0.00131936
1383, 2015-11-27 15:00:00, 0.00131588
1384, 2015-11-27 16:00:00, 0.00131241
1385, 2015-11-27 17:00:00, 0.00130894
1386, 2015-11-27 18:00:00, 0.00130549
1387, 2015-11-27 19:00:00, 0.00130205
1388, 2015-11-27 20:00:00, 0.00129862
1389, 2015-11-27 21:00:00, 0.00129519
1390, 2015-11-27 22:00:00, 0.00129178
1391, 2015-11-27 23:00:00, 0.00128837
1392, 2015-11-28 00:00:00, 0.00128498
1393, 2015-11-28 01:00:00, 0.00128159
1394, 2015-11-28 02:00:00, 0.00127821
1395, 2015-11-28 03:00:00, 0.00127484
1396, 2015-11-28 04:00:00, 0.00127148
1397, 2015-11-28 05:00:00, 0.00126813
1398, 2015-11-28 06:00:00, 0.00126478
1399, 2015-11-28 07:00:00, 0.00126145
1400, 2015-11-28 08:00:00, 0.00125813
1401, 2015-11-28 09:00:00, 0.00125481
1402, 2015-11-28 10:00:00, 0.0012515
1403, 2015-11-28 11:00:00, 0.0012482
1404, 2015-11-28 12:00:00, 0.00124491
1405, 2015-11-28 13:00:00, 0.00124163
1406, 2015-11-28 14:00:00, 0.00123836
1407, 2015-11-28 15:00:00, 0.00126247
1408, 2015-11-28 16:00:00, 0.00138092
1409, 2015-11-28 17:00:00, 0.00146438
1410, 2015-11-28 18:00:00, 0.00220868
1411, 2015-11-28 19:00:00, 0.00713843
1412, 2015-11-28 20:00:00, 0.00506126
1413, 2015-11-28 21:00:00, 0.00367853
1414, 2015-11-28 22:00:00, 0.00164777
1415, 2015-11-28 23:00:00, 0.00123438
1416, 2015-11-29 00:00:00, 0.00122617
1417, 2015-11-29 01:00:00, 0.00120293
1418, 2015-11-29 02:00:00, 0.00119976
1419, 2015-11-29 03:00:00, 0.0011966
1420, 2015-11-29 04:00:00, 0.00119344
1421, 2015-11-29 05:00:00, 0.0011903
1422, 2015-11-29 06:00:00, 0.00118716
1423, 2015-11-29 07:00:00, 0.00118403
1424, 2015-11-29 08:00:00, 0.00118091
1425, 2015-11-29 09:00:00, 0.0011778
1426, 2015-11-29 10:00:00, 0.0011747
1427, 2015-11-29 11:00:00, 0.0011716
1428, 2015-11-29 12:00:00, 0.00116852
1429, 2015-11-29 13:00:00, 0.00116544
1430, 2015-11-29 14:00:00, 0.00116237
1431, 2015-11-29 15:00:00, 0.0011593
1432, 2015-11-29 16:00:00, 0.00115625
1433, 2015-11-29 17:00:00, 0.0011532
1434, 2015-11-29 18:00:00, 0.00115017
1435, 2015-11-29 19:00:00, 0.00114714
1436, 2015-11-29 20:00:00, 0.00114411
1437, 2015-11-29 21:00:00, 0.0011411
1438, 2015-11-29 22:00:00, 0.00113809
1439, 2015-11-29 23:00:00, 0.0011351
1440, 2015-11-30 00:00:00, 0.00113211
1441, 2015-11-30 01:00:00, 0.00112912
1442, 2015-11-30 02:00:00, 0.00112615
1443, 2015-11-30 03:00:00, 0.00112318
1444, 2015-11-30 04:00:00, 0.00112022
1445, 2015-11-30 05:00:00, 0.00111727
1446, 2015-11-30 06:00:00, 0.00111433
1447, 2015-11-30 07:00:00, 0.0011114
1448, 2015-11-30 08:00:00, 0.00110847
1449, 2015-11-30 09:00:00, 0.00110555
1450, 2015-11-30 10:00:00, 0.00110264
1451, 2015-11-30 11:00:00, 0.00109973
1452, 2015-11-30 12:00:00, 0.00109684
1453, 2015-11-30 13:00:00, 0.00109395
1454, 2015-11-30 14:00:00, 0.00109107
1455, 2015-11-30 15:00:00, 0.00108821
1456, 2015-11-30 16:00:00, 0.00108534
1457, 2015-11-30 17:00:00, 0.00108247
1458, 2015-11-30 18:00:00, 0.00107962
1459, 2015-11-30 19:00:00, 0.00107678
1460, 2015-11-30 20:00:00, 0.00107394
1461, 2015-11-30 21:00:00, 0.00107111
1462, 2015-11-30 22:00:00, 0.00106829
1463, 2015-11-30 23:00:00, 0.00106548
1464, 2015-12-01 00:00:00, 0.00106267
1465, 2015-12-01 01:00:00, 0.00105988
1466, 2015-12-01 02:00:00, 0.00105709
1467, 2015-12-01 03:00:00, 0.0010543
1468, 2015-12-01 04:00:00, 0.00105153
1469, 2015-12-01 05:00:00, 0.00104876
1470, 2015-12-01 06:00:00, 0.001046
1471, 2015-12-01 07:00:00, 0.00104324
1472, 2015-12-01 08:00:00, 0.0010405
1473, 2015-12-01 09:00:00, 0.00103776
1474, 2015-12-01 10:00:00, 0.00103502
1475, 2015-12-01 11:00:00, 0.0010323
1476, 2015-12-01 12:00:00, 0.00102958
1477, 2015-12-01 13:00:00, 0.00102687
1478, 2015-12-01 14:00:00, 0.00102417
1479, 2015-12-01 15:00:00, 0.00102147
1480, 2015-12-01 16:00:00, 0.00101878
1481, 2015-12-01 17:00:00, 0.0010161
1482, 2015-12-01 18:00:00, 0.00101342
1483, 2015-12-01 19:00:00, 0.00101076
1484, 2015-12-01 20:00:00, 0.00121993
1485, 2015-12-01 21:00:00, 0.00133925
1486, 2015-12-01 22:00:00, 0.00124719
1487, 2015-12-01 23:00:00, 0.00278759
1488, 2015-12-02 00:00:00, 0.00565004
1489, 2015-12-02 01:00:00, 0.00467787
1490, 2015-12-02 02:00:00, 0.00301497
1491, 2015-12-02 03:00:00, 0.00183037
1492, 2015-12-02 04:00:00, 0.00117162
1493, 2015-12-02 05:00:00, 0.00113091
1494, 2015-12-02 06:00:00, 0.000992526
1495, 2015-12-02 07:00:00, 0.000995483
1496, 2015-12-02 08:00:00, 0.000982451
1497, 2015-12-02 09:00:00, 0.00098995
1498, 2015-12-02 10:00:00, 0.000976677
1499, 2015-12-02 11:00:00, 0.000990983
1500, 2015-12-02 12:00:00, 0.000983967
1501, 2015-12-02 13:00:00, 0.000974688
1502, 2015-12-02 14:00:00, 0.000978577
1503, 2015-12-02 15:00:00, 0.000965124
1504, 2015-12-02 16:00:00, 0.000983521
1505, 2015-12-02 17:00:00, 0.000966056
1506, 2015-12-02 18:00:00, 0.000960354
1507, 2015-12-02 19:00:00, 0.000949592
1508, 2015-12-02 20:00:00, 0.00125756
1509, 2015-12-02 21:00:00, 0.00137726
1510, 2015-12-02 22:00:00, 0.00171479
1511, 2015-12-02 23:00:00, 0.00132121
1512, 2015-12-03 00:00:00, 0.00118048
1513, 2015-12-03 01:00:00, 0.000963397
1514, 2015-12-03 02:00:00, 0.000944476
1515, 2015-12-03 03:00:00, 0.000929055
1516, 2015-12-03 04:00:00, 0.000965722
1517, 2015-12-03 05:00:00, 0.000941941
1518, 2015-12-03 06:00:00, 0.000935954
1519, 2015-12-03 07:00:00, 0.000919294
1520, 2015-12-03 08:00:00, 0.000916868
1521, 2015-12-03 09:00:00, 0.000914449
1522, 2015-12-03 10:00:00, 0.000912042
1523, 2015-12-03 11:00:00, 0.000909642
1524, 2015-12-03 12:00:00, 0.000907249
1525, 2015-12-03 13:00:00, 0.000904862
1526, 2015-12-03 14:00:00, 0.000902482
1527, 2015-12-03 15:00:00, 0.000900108
1528, 2015-12-03 16:00:00, 0.00089774
1529, 2015-12-03 17:00:00, 0.000895378
1530, 2015-12-03 18:00:00, 0.000893023
1531, 2015-12-03 19:00:00, 0.000890673
1532, 2015-12-03 20:00:00, 0.00088833
1533, 2015-12-03 21:00:00, 0.000885994
1534, 2015-12-03 22:00:00, 0.000883663
1535, 2015-12-03 23:00:00, 0.000881338
1536, 2015-12-04 00:00:00, 0.00087902
1537, 2015-12-04 01:00:00, 0.000876708
1538, 2015-12-04 02:00:00, 0.000874402
1539, 2015-12-04 03:00:00, 0.000872102
1540, 2015-12-04 04:00:00, 0.000869808
1541, 2015-12-04 05:00:00, 0.00086752
1542, 2015-12-04 06:00:00, 0.000865238
1543, 2015-12-04 07:00:00, 0.000862963
1544, 2015-12-04 08:00:00, 0.000860693
1545, 2015-12-04 09:00:00, 0.000858429
1546, 2015-12-04 10:00:00, 0.000856171
1547, 2015-12-04 11:00:00, 0.00085392
1548, 2015-12-04 12:00:00, 0.000851674
1549, 2015-12-04 13:00:00, 0.000849434
1550, 2015-12-04 14:00:00, 0.0008472
1551, 2015-12-04 15:00:00, 0.000844972
1552, 2015-12-04 16:00:00, 0.00084275
1553, 2015-12-04 17:00:00, 0.000840533
1554, 2015-12-04 18:00:00, 0.000838323
1555, 2015-12-04 19:00:00, 0.000836118
1556, 2015-12-04 20:00:00, 0.000833919
1557, 2015-12-04 21:00:00, 0.000831726
1558, 2015-12-04 22:00:00, 0.000829539
1559, 2015-12-04 23:00:00, 0.000827358
1560, 2015-12-05 00:00:00, 0.000825182
1561, 2015-12-05 01:00:00, 0.000823012
1562, 2015-12-05 02:00:00, 0.000820848
1563, 2015-12-05 03:00:00, 0.000818689
1564, 2015-12-05 04:00:00, 0.000816537
1565, 2015-12-05 05:00:00, 0.00081439
1566, 2015-12-05 06:00:00, 0.000812248
1567, 2015-12-05 07:00:00, 0.000810112
1568, 2015-12-05 08:00:00, 0.000807982
1569, 2015-12-05 09:00:00, 0.000805858
1570, 2015-12-05 10:00:00, 0.000803739
1571, 2015-12-05 11:00:00, 0.000801626
1572, 2015-12-05 12:00:00, 0.000799518
1573, 2015-12-05 13:00:00, 0.000797416
1574, 2015-12-05 14:00:00, 0.000795319
1575, 2015-12-05 15:00:00, 0.000793228
1576, 2015-12-05 16:00:00, 0.000791143
1577, 2015-12-05 17:00:00, 0.000789063
1578, 2015-12-05 18:00:00, 0.000786988
1579, 2015-12-05 19:00:00, 0.000784919
1580, 2015-12-05 20:00:00, 0.000782856
1581, 2015-12-05 21:00:00, 0.000780798
1582, 2015-12-05 22:00:00, 0.000778745
1583, 2015-12-05 23:00:00, 0.000776698
1584, 2015-12-06 00:00:00, 0.000774656
1585, 2015-12-06 01:00:00, 0.000772619
1586, 2015-12-06 02:00:00, 0.000770588
1587, 2015-12-06 03:00:00, 0.000768562
1588, 2015-12-06 04:00:00, 0.000766542
1589, 2015-12-06 05:00:00, 0.000764527
1590, 2015-12-06 06:00:00, 0.000762517
1591, 2015-12-06 07:00:00, 0.000760513
1592, 2015-12-06 08:00:00, 0.000758514
1593, 2015-12-06 09:00:00, 0.00075652
1594, 2015-12-06 10:00:00, 0.000754531
1595, 2015-12-06 11:00:00, 0.000752548
1596, 2015-12-06 12:00:00, 0.00075057
1597, 2015-12-06 13:00:00, 0.000748597
1598, 2015-12-06 14:00:00, 0.000746629
1599, 2015-12-06 15:00:00, 0.000744667
1600, 2015-12-06 16:00:00, 0.00074271
1601, 2015-12-06 17:00:00, 0.000740757
1602, 2015-12-06 18:00:00, 0.00073881
1603, 2015-12-06 19:00:00, 0.000736869
1604, 2015-12-06 20:00:00, 0.000734932
1605, 2015-12-06 21:00:00, 0.000733
1606, 2015-12-06 22:00:00, 0.000731074
1607, 2015-12-06 23:00:00, 0.000729152
1608, 2015-12-07 00:00:00, 0.000727236
1609, 2015-12-07 01:00:00, 0.000725325
1610, 2015-12-07 02:00:00, 0.000723418
1611, 2015-12-07 03:00:00, 0.000721517
1612, 2015-12-07 04:00:00, 0.000719621
1613, 2015-12-07 05:00:00, 0.00071773
1614, 2015-12-07 06:00:00, 0.000715844
1615, 2015-12-07 07:00:00, 0.000713962
1616, 2015-12-07 08:00:00, 0.000712086
1617, 2015-12-07 09:00:00, 0.000710215
1618, 2015-12-07 10:00:00, 0.000708348
1619, 2015-12-07 11:00:00, 0.000706487
1620, 2015-12-07 12:00:00, 0.00070463
1621, 2015-12-07 13:00:00, 0.000702779
1622, 2015-12-07 14:00:00, 0.000700932
1623, 2015-12-07 15:00:00, 0.00069909
1624, 2015-12-07 16:00:00, 0.000697253
1625, 2015-12-07 17:00:00, 0.000695421
1626, 2015-12-07 18:00:00, 0.000693593
1627, 2015-12-07 19:00:00, 0.000691771
1628, 2015-12-07 20:00:00, 0.000689953
1629, 2015-12-07 21:00:00, 0.00068814
1630, 2015-12-07 22:00:00, 0.000686332
1631, 2015-12-07 23:00:00, 0.000684529
1632, 2015-12-08 00:00:00, 0.00068273
1633, 2015-12-08 01:00:00, 0.000680936
1634, 2015-12-08 02:00:00, 0.000679147
1635, 2015-12-08 03:00:00, 0.000677363
1636, 2015-12-08 04:00:00, 0.000675583
1637, 2015-12-08 05:00:00, 0.000673808
1638, 2015-12-08 06:00:00, 0.000672038
1639, 2015-12-08 07:00:00, 0.000670272
1640, 2015-12-08 08:00:00, 0.000668511
1641, 2015-12-08 09:00:00, 0.000666754
1642, 2015-12-08 10:00:00, 0.000665003
1643, 2015-12-08 11:00:00, 0.000663256
1644, 2015-12-08 12:00:00, 0.000661513
1645, 2015-12-08 13:00:00, 0.000659775
1646, 2015-12-08 14:00:00, 0.000658042
1647, 2015-12-08 15:00:00, 0.000656313
1648, 2015-12-08 16:00:00, 0.000654589
1649, 2015-12-08 17:00:00, 0.000652869
1650, 2015-12-08 18:00:00, 0.000651154
1651, 2015-12-08 19:00:00, 0.000649443
1652, 2015-12-08 20:00:00, 0.000647737
1653, 2015-12-08 21:00:00, 0.000646036
1654, 2015-12-08 22:00:00, 0.000644339
1655, 2015-12-08 23:00:00, 0.000642646
1656, 2015-12-09 00:00:00, 0.000640958
1657, 2015-12-09 01:00:00, 0.000639274
1658, 2015-12-09 02:00:00, 0.000637595
1659, 2015-12-09 03:00:00, 0.00063592
1660, 2015-12-09 04:00:00, 0.000634249
1661, 2015-12-09 05:00:00, 0.000632583
1662, 2015-12-09 06:00:00, 0.000630934
1663, 2015-12-09 07:00:00, 0.000629286
1664, 2015-12-09 08:00:00, 0.000627641
1665, 2015-12-09 09:00:00, 0.000625998
1666, 2015-12-09 10:00:00, 0.000624358
1667, 2015-12-09 11:00:00, 0.000622723
1668, 2015-12-09 12:00:00, 0.000621064
1669, 2015-12-09 13:00:00, 0.000619422
1670, 2015-12-09 14:00:00, 0.000617785
1671, 2015-12-09 15:00:00, 0.000616163
1672, 2015-12-09 16:00:00, 0.000614544
1673, 2015-12-09 17:00:00, 0.00061293
1674, 2015-12-09 18:00:00, 0.00061132
1675, 2015-12-09 19:00:00, 0.000609715
1676, 2015-12-09 20:00:00, 0.000608113
1677, 2015-12-09 21:00:00, 0.000606516
1678, 2015-12-09 22:00:00, 0.000604923
1679, 2015-12-09 23:00:00, 0.000603335
1680, 2015-12-10 00:00:00, 0.00060175
1681, 2015-12-10 01:00:00, 0.00060017
1682, 2015-12-10 02:00:00, 0.000598593
1683, 2015-12-10 03:00:00, 0.000597021
1684, 2015-12-10 04:00:00, 0.000595453
1685, 2015-12-10 05:00:00, 0.00059389
1686, 2015-12-10 06:00:00, 0.00059233
1687, 2015-12-10 07:00:00, 0.000590774
1688, 2015-12-10 08:00:00, 0.000589223
1689, 2015-12-10 09:00:00, 0.000587679
1690, 2015-12-10 10:00:00, 0.000624033
1691, 2015-12-10 11:00:00, 0.000639004
1692, 2015-12-10 12:00:00, 0.000613742
1693, 2015-12-10 13:00:00, 0.000595048
1694, 2015-12-10 14:00:00, 0.00058
1695, 2015-12-10 15:00:00, 0.000578477
1696, 2015-12-10 16:00:00, 0.000576957
1697, 2015-12-10 17:00:00, 0.000575442
1698, 2015-12-10 18:00:00, 0.000573931
1699, 2015-12-10 19:00:00, 0.000572424
1700, 2015-12-10 20:00:00, 0.000570921
1701, 2015-12-10 21:00:00, 0.000569422
1702, 2015-12-10 22:00:00, 0.000567927
1703, 2015-12-10 23:00:00, 0.000566436
1704, 2015-12-11 00:00:00, 0.000564948
1705, 2015-12-11 01:00:00, 0.000563465
1706, 2015-12-11 02:00:00, 0.000561985
1707, 2015-12-11 03:00:00, 0.00056051
1708, 2015-12-11 04:00:00, 0.000559038
1709, 2015-12-11 05:00:00, 0.00055757
1710, 2015-12-11 06:00:00, 0.000556106
1711, 2015-12-11 07:00:00, 0.000554646
1712, 2015-12-11 08:00:00, 0.00055319
1713, 2015-12-11 09:00:00, 0.000551737
1714, 2015-12-11 10:00:00, 0.000550289
1715, 2015-12-11 11:00:00, 0.000548844
1716, 2015-12-11 12:00:00, 0.000547403
1717, 2015-12-11 13:00:00, 0.000545966
1718, 2015-12-11 14:00:00, 0.000544532
1719, 2015-12-11 15:00:00, 0.000543102
1720, 2015-12-11 16:00:00, 0.000541677
1721, 2015-12-11 17:00:00, 0.000540254
1722, 2015-12-11 18:00:00, 0.000538836
1723, 2015-12-11 19:00:00, 0.000537421
1724, 2015-12-11 20:00:00, 0.00053601
1725, 2015-12-11 21:00:00, 0.000534603
1726, 2015-12-11 22:00:00, 0.0005332
1727, 2015-12-11 23:00:00, 0.0005318
1728, 2015-12-12 00:00:00, 0.000530404
1729, 2015-12-12 01:00:00, 0.000529011
1730, 2015-12-12 02:00:00, 0.000527623
1731, 2015-12-12 03:00:00, 0.000526238
1732, 2015-12-12 04:00:00, 0.000524856
1733, 2015-12-12 05:00:00, 0.000523478
1734, 2015-12-12 06:00:00, 0.000522104
1735, 2015-12-12 07:00:00, 0.000520733
1736, 2015-12-12 08:00:00, 0.000519366
1737, 2015-12-12 09:00:00, 0.000518003
1738, 2015-12-12 10:00:00, 0.000516643
1739, 2015-12-12 11:00:00, 0.000515287
1740, 2015-12-12 12:00:00, 0.000513934
1741, 2015-12-12 13:00:00, 0.000512585
1742, 2015-12-12 14:00:00, 0.00051124
1743, 2015-12-12 15:00:00, 0.000509898
1744, 2015-12-12 16:00:00, 0.000508559
1745, 2015-12-12 17:00:00, 0.000507224
1746, 2015-12-12 18:00:00, 0.000505893
1747, 2015-12-12 19:00:00, 0.000504565
1748, 2015-12-12 20:00:00, 0.000503241
1749, 2015-12-12 21:00:00, 0.00050192
1750, 2015-12-12 22:00:00, 0.000500602
1751, 2015-12-12 23:00:00, 0.000499288
1752, 2015-12-13 00:00:00, 0.000497978
1753, 2015-12-13 01:00:00, 0.000496671
1754, 2015-12-13 02:00:00, 0.000495367
1755, 2015-12-13 03:00:00, 0.000494067
1756, 2015-12-13 04:00:00, 0.00049277
1757, 2015-12-13 05:00:00, 0.000491477
1758, 2015-12-13 06:00:00, 0.000490187
1759, 2015-12-13 07:00:00, 0.0004889
1760, 2015-12-13 08:00:00, 0.000487617
1761, 2015-12-13 09:00:00, 0.000486337
1762, 2015-12-13 10:00:00, 0.000485061
1763, 2015-12-13 11:00:00, 0.000483788
1764, 2015-12-13 12:00:00, 0.000482518
1765, 2015-12-13 13:00:00, 0.000481251
1766, 2015-12-13 14:00:00, 0.000479988
1767, 2015-12-13 15:00:00, 0.000478729
1768, 2015-12-13 16:00:00, 0.000477472
1769, 2015-12-13 17:00:00, 0.000476219
1770, 2015-12-13 18:00:00, 0.000474969
1771, 2015-12-13 19:00:00, 0.000473723
1772, 2015-12-13 20:00:00, 0.00047248
1773, 2015-12-13 21:00:00, 0.00047124
1774, 2015-12-13 22:00:00, 0.000470003
1775, 2015-12-13 23:00:00, 0.000468769
1776, 2015-12-14 00:00:00, 0.000467539
1777, 2015-12-14 01:00:00, 0.000466312
1778, 2015-12-14 02:00:00, 0.000465088
1779, 2015-12-14 03:00:00, 0.000463868
1780, 2015-12-14 04:00:00, 0.000462651
1781, 2015-12-14 05:00:00, 0.000461437
1782, 2015-12-14 06:00:00, 0.000460226
1783, 2015-12-14 07:00:00, 0.000459018
1784, 2015-12-14 08:00:00, 0.000457813
1785, 2015-12-14 09:00:00, 0.000456612
1786, 2015-12-14 10:00:00, 0.000455414
1787, 2015-12-14 11:00:00, 0.000454219
1788, 2015-12-14 12:00:00, 0.000453027
1789, 2015-12-14 13:00:00, 0.000451838
1790, 2015-12-14 14:00:00, 0.000450652
1791, 2015-12-14 15:00:00, 0.00044947
1792, 2015-12-14 16:00:00, 0.00044829
1793, 2015-12-14 17:00:00, 0.000447114
1794, 2015-12-14 18:00:00, 0.000445941
1795, 2015-12-14 19:00:00, 0.000444771
1796, 2015-12-14 20:00:00, 0.000443604
1797, 2015-12-14 21:00:00, 0.00044244
1798, 2015-12-14 22:00:00, 0.000441279
1799, 2015-12-14 23:00:00, 0.000440121
1800, 2015-12-15 00:00:00, 0.000438966
1801, 2015-12-15 01:00:00, 0.000992419
1802, 2015-12-15 02:00:00, 0.0288326
1803, 2015-12-15 03:00:00, 0.048365
1804, 2015-12-15 04:00:00, 0.031316
1805, 2015-12-15 05:00:00, 0.0166085
1806, 2015-12-15 06:00:00, 0.0028647
1807, 2015-12-15 07:00:00, 0.00095342
1808, 2015-12-15 08:00:00, 0.000468363
1809, 2015-12-15 09:00:00, 0.000444656
1810, 2015-12-15 10:00:00, 0.00129331
1811, 2015-12-15 11:00:00, 0.000836672
1812, 2015-12-15 12:00:00, 0.000772024
1813, 2015-12-15 13:00:00, 0.000442141
1814, 2015-12-15 14:00:00, 0.000433316
1815, 2015-12-15 15:00:00, 0.000422003
1816, 2015-12-15 16:00:00, 0.000420896
1817, 2015-12-15 17:00:00, 0.000419792
1818, 2015-12-15 18:00:00, 0.00041869
1819, 2015-12-15 19:00:00, 0.000417592
1820, 2015-12-15 20:00:00, 0.000416496
1821, 2015-12-15 21:00:00, 0.000415404
1822, 2015-12-15 22:00:00, 0.000414314
1823, 2015-12-15 23:00:00, 0.000413227
1824, 2015-12-16 00:00:00, 0.000412143
1825, 2015-12-16 01:00:00, 0.000411062
1826, 2015-12-16 02:00:00, 0.000409983
1827, 2015-12-16 03:00:00, 0.000408908
1828, 2015-12-16 04:00:00, 0.000407835
1829, 2015-12-16 05:00:00, 0.000406765
1830, 2015-12-16 06:00:00, 0.000405698
1831, 2015-12-16 07:00:00, 0.000404633
1832, 2015-12-16 08:00:00, 0.000403572
1833, 2015-12-16 09:00:00, 0.000402513
1834, 2015-12-16 10:00:00, 0.000401457
1835, 2015-12-16 11:00:00, 0.000400404
1836, 2015-12-16 12:00:00, 0.000399354
1837, 2015-12-16 13:00:00, 0.000398306
1838, 2015-12-16 14:00:00, 0.000397261
1839, 2015-12-16 15:00:00, 0.000396219
1840, 2015-12-16 16:00:00, 0.00039518
1841, 2015-12-16 17:00:00, 0.000394143
1842, 2015-12-16 18:00:00, 0.000393109
1843, 2015-12-16 19:00:00, 0.000392078
1844, 2015-12-16 20:00:00, 0.000391049
1845, 2015-12-16 21:00:00, 0.000390024
1846, 2015-12-16 22:00:00, 0.000389
1847, 2015-12-16 23:00:00, 0.00038798
1848, 2015-12-17 00:00:00, 0.000386962
1849, 2015-12-17 01:00:00, 0.000385947
1850, 2015-12-17 02:00:00, 0.000384935
1851, 2015-12-17 03:00:00, 0.000383925
1852, 2015-12-17 04:00:00, 0.000382918
1853, 2015-12-17 05:00:00, 0.000381914
1854, 2015-12-17 06:00:00, 0.000380912
1855, 2015-12-17 07:00:00, 0.000379913
1856, 2015-12-17 08:00:00, 0.000378916
1857, 2015-12-17 09:00:00, 0.000377922
1858, 2015-12-17 10:00:00, 0.000376931
1859, 2015-12-17 11:00:00, 0.000375945
1860, 2015-12-17 12:00:00, 0.000378014
1861, 2015-12-17 13:00:00, 0.000375363
1862, 2015-12-17 14:00:00, 0.000374103
1863, 2015-12-17 15:00:00, 0.000372014
1864, 2015-12-17 16:00:00, 0.000372106
1865, 2015-12-17 17:00:00, 0.00037055
1866, 2015-12-17 18:00:00, 0.000369482
1867, 2015-12-17 19:00:00, 0.00128113
1868, 2015-12-17 20:00:00, 0.00321586
1869, 2015-12-17 21:00:00, 0.00373361
1870, 2015-12-17 22:00:00, 0.00583623
1871, 2015-12-17 23:00:00, 0.0116892
1872, 2015-12-18 00:00:00, 0.0226775
1873, 2015-12-18 01:00:00, 0.0131671
1874, 2015-12-18 02:00:00, 0.00861416
1875, 2015-12-18 03:00:00, 0.00169309
1876, 2015-12-18 04:00:00, 0.000853037
1877, 2015-12-18 05:00:00, 0.00040876
1878, 2015-12-18 06:00:00, 0.000367005
1879, 2015-12-18 07:00:00, 0.000364195
1880, 2015-12-18 08:00:00, 0.00035577
1881, 2015-12-18 09:00:00, 0.000354837
1882, 2015-12-18 10:00:00, 0.000353906
1883, 2015-12-18 11:00:00, 0.000352978
1884, 2015-12-18 12:00:00, 0.000352052
1885, 2015-12-18 13:00:00, 0.000351129
1886, 2015-12-18 14:00:00, 0.000350208
1887, 2015-12-18 15:00:00, 0.00034929
1888, 2015-12-18 16:00:00, 0.000348374
1889, 2015-12-18 17:00:00, 0.00034746
1890, 2015-12-18 18:00:00, 0.00037527
1891, 2015-12-18 19:00:00, 0.000358695
1892, 2015-12-18 20:00:00, 0.000355178
1893, 2015-12-18 21:00:00, 0.000343829
1894, 2015-12-18 22:00:00, 0.000342928
1895, 2015-12-18 23:00:00, 0.000342028
1896, 2015-12-19 00:00:00, 0.000341131
1897, 2015-12-19 01:00:00, 0.000340237
1898, 2015-12-19 02:00:00, 0.000339345
1899, 2015-12-19 03:00:00, 0.000338455
1900, 2015-12-19 04:00:00, 0.000337567
1901, 2015-12-19 05:00:00, 0.000336682
1902, 2015-12-19 06:00:00, 0.000335799
1903, 2015-12-19 07:00:00, 0.000334918
1904, 2015-12-19 08:00:00, 0.00033404
1905, 2015-12-19 09:00:00, 0.000333164
1906, 2015-12-19 10:00:00, 0.000332291
1907, 2015-12-19 11:00:00, 0.000331419
1908, 2015-12-19 12:00:00, 0.00033055
1909, 2015-12-19 13:00:00, 0.000329683
1910, 2015-12-19 14:00:00, 0.000328819
1911, 2015-12-19 15:00:00, 0.000327956
1912, 2015-12-19 16:00:00, 0.000327097
1913, 2015-12-19 17:00:00, 0.000326239
1914, 2015-12-19 18:00:00, 0.000325383
1915, 2015-12-19 19:00:00, 0.00032453
1916, 2015-12-19 20:00:00, 0.000323679
1917, 2015-12-19 21:00:00, 0.00032283
1918, 2015-12-19 22:00:00, 0.000321984
1919, 2015-12-19 23:00:00, 0.00032114
1920, 2015-12-20 00:00:00, 0.000320297
1921, 2015-12-20 01:00:00, 0.000319458
1922, 2015-12-20 02:00:00, 0.00031862
1923, 2015-12-20 03:00:00, 0.000317784
1924, 2015-12-20 04:00:00, 0.000316951
1925, 2015-12-20 05:00:00, 0.00031612
1926, 2015-12-20 06:00:00, 0.000315291
1927, 2015-12-20 07:00:00, 0.000314465
1928, 2015-12-20 08:00:00, 0.00031364
1929, 2015-12-20 09:00:00, 0.000312818
1930, 2015-12-20 10:00:00, 0.000311997
1931, 2015-12-20 11:00:00, 0.000311179
1932, 2015-12-20 12:00:00, 0.000310363
1933, 2015-12-20 13:00:00, 0.00030955
1934, 2015-12-20 14:00:00, 0.000308738
1935, 2015-12-20 15:00:00, 0.000307928
1936, 2015-12-20 16:00:00, 0.000307121
1937, 2015-12-20 17:00:00, 0.000306316
1938, 2015-12-20 18:00:00, 0.000305513
1939, 2015-12-20 19:00:00, 0.000304712
1940, 2015-12-20 20:00:00, 0.000303913
1941, 2015-12-20 21:00:00, 0.000303116
1942, 2015-12-20 22:00:00, 0.000302321
1943, 2015-12-20 23:00:00, 0.000301529
1944, 2015-12-21 00:00:00, 0.000300738
1945, 2015-12-21 01:00:00, 0.000299949
1946, 2015-12-21 02:00:00, 0.000299163
1947, 2015-12-21 03:00:00, 0.000298379
1948, 2015-12-21 04:00:00, 0.000297596
1949, 2015-12-21 05:00:00, 0.000296816
1950, 2015-12-21 06:00:00, 0.000296038
1951, 2015-12-21 07:00:00, 0.000295262
1952, 2015-12-21 08:00:00, 0.000294488
1953, 2015-12-21 09:00:00, 0.000293716
1954, 2015-12-21 10:00:00, 0.000292946
1955, 2015-12-21 11:00:00, 0.000292178
1956, 2015-12-21 12:00:00, 0.000291412
1957, 2015-12-21 13:00:00, 0.000290648
1958, 2015-12-21 14:00:00, 0.000289886
1959, 2015-12-21 15:00:00, 0.000289126
1960, 2015-12-21 16:00:00, 0.000288368
1961, 2015-12-21 17:00:00, 0.000287612
1962, 2015-12-21 18:00:00, 0.000286858
1963, 2015-12-21 19:00:00, 0.000286106
1964, 2015-12-21 20:00:00, 0.000285355
1965, 2015-12-21 21:00:00, 0.000284607
1966, 2015-12-21 22:00:00, 0.000283861
1967, 2015-12-21 23:00:00, 0.000283117
1968, 2015-12-22 00:00:00, 0.000282375
1969, 2015-12-22 01:00:00, 0.000281635
1970, 2015-12-22 02:00:00, 0.000280896
1971, 2015-12-22 03:00:00, 0.00028016
1972, 2015-12-22 04:00:00, 0.000279425
1973, 2015-12-22 05:00:00, 0.000278693
1974, 2015-12-22 06:00:00, 0.000277962
1975, 2015-12-22 07:00:00, 0.000277234
1976, 2015-12-22 08:00:00, 0.000276507
1977, 2015-12-22 09:00:00, 0.000275782
1978, 2015-12-22 10:00:00, 0.000275059
1979, 2015-12-22 11:00:00, 0.000274338
1980, 2015-12-22 12:00:00, 0.000273619
1981, 2015-12-22 13:00:00, 0.000312236
1982, 2015-12-22 14:00:00, 0.000299173
1983, 2015-12-22 15:00:00, 0.000635865
1984, 2015-12-22 16:00:00, 0.00135902
1985, 2015-12-22 17:00:00, 0.00162196
1986, 2015-12-22 18:00:00, 0.00199303
1987, 2015-12-22 19:00:00, 0.00700965
1988, 2015-12-22 20:00:00, 0.00456493
1989, 2015-12-22 21:00:00, 0.00326108
1990, 2015-12-22 22:00:00, 0.000934874
1991, 2015-12-22 23:00:00, 0.000412697
1992, 2015-12-23 00:00:00, 0.000304191
1993, 2015-12-23 01:00:00, 0.000264445
1994, 2015-12-23 02:00:00, 0.00026375
1995, 2015-12-23 03:00:00, 0.000263055
1996, 2015-12-23 04:00:00, 0.000262366
1997, 2015-12-23 05:00:00, 0.000261678
1998, 2015-12-23 06:00:00, 0.000260992
1999, 2015-12-23 07:00:00, 0.000260308
2000, 2015-12-23 08:00:00, 0.000259625
2001, 2015-12-23 09:00:00, 0.000258945
2002, 2015-12-23 10:00:00, 0.000258266
2003, 2015-12-23 11:00:00, 0.000257589
2004, 2015-12-23 12:00:00, 0.000256914
2005, 2015-12-23 13:00:00, 0.000256241
2006, 2015-12-23 14:00:00, 0.000255569
2007, 2015-12-23 15:00:00, 0.000254899
2008, 2015-12-23 16:00:00, 0.000254231
2009, 2015-12-23 17:00:00, 0.000253564
2010, 2015-12-23 18:00:00, 0.0002529
2011, 2015-12-23 19:00:00, 0.000252237
2012, 2015-12-23 20:00:00, 0.000251576
2013, 2015-12-23 21:00:00, 0.000250916
2014, 2015-12-23 22:00:00, 0.000433057
2015, 2015-12-23 23:00:00, 0.000696767
2016, 2015-12-24 00:00:00, 0.0255825
2017, 2015-12-24 01:00:00, 0.0439185
2018, 2015-12-24 02:00:00, 0.0479108
2019, 2015-12-24 03:00:00, 0.0280423
2020, 2015-12-24 04:00:00, 0.0177843
2021, 2015-12-24 05:00:00, 0.0560896
2022, 2015-12-24 06:00:00, 0.0306018
2023, 2015-12-24 07:00:00, 0.020985
2024, 2015-12-24 08:00:00, 0.00258925
2025, 2015-12-24 09:00:00, 0.000716235
2026, 2015-12-24 10:00:00, 0.000579379
2027, 2015-12-24 11:00:00, 0.000329391
2028, 2015-12-24 12:00:00, 0.000251795
2029, 2015-12-24 13:00:00, 0.000240604
2030, 2015-12-24 14:00:00, 0.000239972
2031, 2015-12-24 15:00:00, 0.000239339
2032, 2015-12-24 16:00:00, 0.000238711
2033, 2015-12-24 17:00:00, 0.000238086
2034, 2015-12-24 18:00:00, 0.000237462
2035, 2015-12-24 19:00:00, 0.000236839
2036, 2015-12-24 20:00:00, 0.000236219
2037, 2015-12-24 21:00:00, 0.000235599
2038, 2015-12-24 22:00:00, 0.000234982
2039, 2015-12-24 23:00:00, 0.000234366
2040, 2015-12-25 00:00:00, 0.000233752
2041, 2015-12-25 01:00:00, 0.000233139
2042, 2015-12-25 02:00:00, 0.000232528
2043, 2015-12-25 03:00:00, 0.000231919
2044, 2015-12-25 04:00:00, 0.000231311
2045, 2015-12-25 05:00:00, 0.000230705
2046, 2015-12-25 06:00:00, 0.0002301
2047, 2015-12-25 07:00:00, 0.000229497
2048, 2015-12-25 08:00:00, 0.000228896
2049, 2015-12-25 09:00:00, 0.000228296
2050, 2015-12-25 10:00:00, 0.000227697
2051, 2015-12-25 11:00:00, 0.000227101
2052, 2015-12-25 12:00:00, 0.000226505
2053, 2015-12-25 13:00:00, 0.000225912
2054, 2015-12-25 14:00:00, 0.00022532
2055, 2015-12-25 15:00:00, 0.000224729
2056, 2015-12-25 16:00:00, 0.00022414
2057, 2015-12-25 17:00:00, 0.000223553
2058, 2015-12-25 18:00:00, 0.000222967
2059, 2015-12-25 19:00:00, 0.000222383
2060, 2015-12-25 20:00:00, 0.0002218
2061, 2015-12-25 21:00:00, 0.000221219
2062, 2015-12-25 22:00:00, 0.000220639
2063, 2015-12-25 23:00:00, 0.000220061
2064, 2015-12-26 00:00:00, 0.000219484
2065, 2015-12-26 01:00:00, 0.000218909
2066, 2015-12-26 02:00:00, 0.000218335
2067, 2015-12-26 03:00:00, 0.000217763
2068, 2015-12-26 04:00:00, 0.000217192
2069, 2015-12-26 05:00:00, 0.000216623
2070, 2015-12-26 06:00:00, 0.000216055
2071, 2015-12-26 07:00:00, 0.000215489
2072, 2015-12-26 08:00:00, 0.000214924
2073, 2015-12-26 09:00:00, 0.000214361
2074, 2015-12-26 10:00:00, 0.0002138
2075, 2015-12-26 11:00:00, 0.000213239
2076, 2015-12-26 12:00:00, 0.00021268
2077, 2015-12-26 13:00:00, 0.000212123
2078, 2015-12-26 14:00:00, 0.000211567
2079, 2015-12-26 15:00:00, 0.000211013
2080, 2015-12-26 16:00:00, 0.00021046
2081, 2015-12-26 17:00:00, 0.000209908
2082, 2015-12-26 18:00:00, 0.000209358
2083, 2015-12-26 19:00:00, 0.00020881
2084, 2015-12-26 20:00:00, 0.000208262
2085, 2015-12-26 21:00:00, 0.000207717
2086, 2015-12-26 22:00:00, 0.000207172
2087, 2015-12-26 23:00:00, 0.000206629
2088, 2015-12-27 00:00:00, 0.000206088
2089, 2015-12-27 01:00:00, 0.000205548
2090, 2015-12-27 02:00:00, 0.000205009
2091, 2015-12-27 03:00:00, 0.000204472
2092, 2015-12-27 04:00:00, 0.000203936
2093, 2015-12-27 05:00:00, 0.000203402
2094, 2015-12-27 06:00:00, 0.000202869
2095, 2015-12-27 07:00:00, 0.00202786
2096, 2015-12-27 08:00:00, 0.00449297
2097, 2015-12-27 09:00:00, 0.00243846
2098, 2015-12-27 10:00:00, 0.00214067
2099, 2015-12-27 11:00:00, 0.000627265
2100, 2015-12-27 12:00:00, 0.000525278
2101, 2015-12-27 13:00:00, 0.000252999
2102, 2015-12-27 14:00:00, 0.000207563
2103, 2015-12-27 15:00:00, 0.000198134
2104, 2015-12-27 16:00:00, 0.000197615
2105, 2015-12-27 17:00:00, 0.000197097
2106, 2015-12-27 18:00:00, 0.000196581
2107, 2015-12-27 19:00:00, 0.000196066
2108, 2015-12-27 20:00:00, 0.000195552
2109, 2015-12-27 21:00:00, 0.00019504
2110, 2015-12-27 22:00:00, 0.000194529
2111, 2015-12-27 23:00:00, 0.000194019
2112, 2015-12-28 00:00:00, 0.000193511
2113, 2015-12-28 01:00:00, 0.000193004
2114, 2015-12-28 02:00:00, 0.000192498
2115, 2015-12-28 03:00:00, 0.000191993
2116, 2015-12-28 04:00:00, 0.00019149
2117, 2015-12-28 05:00:00, 0.000190989
2118, 2015-12-28 06:00:00, 0.000190488
2119, 2015-12-28 07:00:00, 0.000189989
2120, 2015-12-28 08:00:00, 0.000189491
2121, 2015-12-28 09:00:00, 0.000188995
2122, 2015-12-28 10:00:00, 0.0001885
2123, 2015-12-28 11:00:00, 0.000188006
2124, 2015-12-28 12:00:00, 0.000187513
2125, 2015-12-28 13:00:00, 0.000187022
2126, 2015-12-28 14:00:00, 0.000186532
2127, 2015-12-28 15:00:00, 0.000186043
2128, 2015-12-28 16:00:00, 0.000185555
2129, 2015-12-28 17:00:00, 0.000185069
2130, 2015-12-28 18:00:00, 0.000184584
2131, 2015-12-28 19:00:00, 0.000184101
2132, 2015-12-28 20:00:00, 0.000183618
2133, 2015-12-28 21:00:00, 0.000183137
2134, 2015-12-28 22:00:00, 0.000182657
2135, 2015-12-28 23:00:00, 0.000182179
2136, 2015-12-29 00:00:00, 0.000181702
2137, 2015-12-29 01:00:00, 0.000181225
2138, 2015-12-29 02:00:00, 0.000180751
2139, 2015-12-29 03:00:00, 0.000180277
2140, 2015-12-29 04:00:00, 0.000179805
2141, 2015-12-29 05:00:00, 0.000179334
2142, 2015-12-29 06:00:00, 0.000178864
2143, 2015-12-29 07:00:00, 0.000247952
2144, 2015-12-29 08:00:00, 0.000223905
2145, 2015-12-29 09:00:00, 0.000241129
2146, 2015-12-29 10:00:00, 0.000196694
2147, 2015-12-29 11:00:00, 0.000188113
2148, 2015-12-29 12:00:00, 0.00017607
2149, 2015-12-29 13:00:00, 0.000175609
2150, 2015-12-29 14:00:00, 0.000176051
2151, 2015-12-29 15:00:00, 0.00197054
2152, 2015-12-29 16:00:00, 0.0183574
2153, 2015-12-29 17:00:00, 0.0333986
2154, 2015-12-29 18:00:00, 0.0177956
2155, 2015-12-29 19:00:00, 0.0423359
2156, 2015-12-29 20:00:00, 0.0152812
2157, 2015-12-29 21:00:00, 0.0122339
2158, 2015-12-29 22:00:00, 0.000176482
2159, 2015-12-29 23:00:00, 0.000172547
2160, 2015-12-30 00:00:00, 0.000170628
2161, 2015-12-30 01:00:00, 0.000170178
2162, 2015-12-30 02:00:00, 0.000169721
2163, 2015-12-30 03:00:00, 0.000169276
2164, 2015-12-30 04:00:00, 0.000168869
2165, 2015-12-30 05:00:00, 0.000168426
2166, 2015-12-30 06:00:00, 0.000167984
2167, 2015-12-30 07:00:00, 0.000167522
2168, 2015-12-30 08:00:00, 0.000167075
2169, 2015-12-30 09:00:00, 0.000166633
2170, 2015-12-30 10:00:00, 0.000166196
2171, 2015-12-30 11:00:00, 0.000165761
2172, 2015-12-30 12:00:00, 0.000165327
2173, 2015-12-30 13:00:00, 0.000164896
2174, 2015-12-30 14:00:00, 0.000164467
2175, 2015-12-30 15:00:00, 0.000164056
2176, 2015-12-30 16:00:00, 0.000163613
2177, 2015-12-30 17:00:00, 0.00016318
2178, 2015-12-30 18:00:00, 0.000162745
2179, 2015-12-30 19:00:00, 0.000162318
2180, 2015-12-30 20:00:00, 0.000161893
2181, 2015-12-30 21:00:00, 0.000161469
2182, 2015-12-30 22:00:00, 0.000161046
2183, 2015-12-30 23:00:00, 0.000160624
2184, 2015-12-31 00:00:00, 0.000160203
2185, 2015-12-31 01:00:00, 0.000159784
2186, 2015-12-31 02:00:00, 0.000159365
2187, 2015-12-31 03:00:00, 0.000158947
2188, 2015-12-31 04:00:00, 0.000158531
2189, 2015-12-31 05:00:00, 0.000161614
2190, 2015-12-31 06:00:00, 0.000456244
2191, 2015-12-31 07:00:00, 0.0034723
2192, 2015-12-31 08:00:00, 0.00171724
2193, 2015-12-31 09:00:00, 0.0013201
2194, 2015-12-31 10:00:00, 0.000164037
2195, 2015-12-31 11:00:00, 0.000162247
2196, 2015-12-31 12:00:00, 0.000162426
2197, 2015-12-31 13:00:00, 0.000158583
2198, 2015-12-31 14:00:00, 0.000156236
2199, 2015-12-31 15:00:00, 0.000154194
2200, 2015-12-31 16:00:00, 0.000153619
2201, 2015-12-31 17:00:00, 0.000153216
2202, 2015-12-31 18:00:00, 0.000152815
2203, 2015-12-31 19:00:00, 0.000152414
2204, 2015-12-31 20:00:00, 0.000152015
2205, 2015-12-31 21:00:00, 0.000151617
2206, 2015-12-31 22:00:00, 0.00015122
2207, 2015-12-31 23:00:00, 0.000150824
2208, 2016-01-01 00:00:00, 0.000150429
2209, 2016-01-01 01:00:00, 0.000150034
2210, 2016-01-01 02:00:00, 0.000149641
2211, 2016-01-01 03:00:00, 0.000149249
2212, 2016-01-01 04:00:00, 0.000148858
2213, 2016-01-01 05:00:00, 0.000148468
2214, 2016-01-01 06:00:00, 0.00014808
2215, 2016-01-01 07:00:00, 0.000147692
2216, 2016-01-01 08:00:00, 0.000147305
2217, 2016-01-01 09:00:00, 0.000146919
2218, 2016-01-01 10:00:00, 0.000146534
2219, 2016-01-01 11:00:00, 0.00014615
2220, 2016-01-01 12:00:00, 0.000145767
2221, 2016-01-01 13:00:00, 0.000145385
2222, 2016-01-01 14:00:00, 0.000145005
2223, 2016-01-01 15:00:00, 0.000144625
2224, 2016-01-01 16:00:00, 0.000144246
2225, 2016-01-01 17:00:00, 0.000143868
2226, 2016-01-01 18:00:00, 0.000143491
2227, 2016-01-01 19:00:00, 0.000143115
2228, 2016-01-01 20:00:00, 0.00014274
2229, 2016-01-01 21:00:00, 0.000142367
2230, 2016-01-01 22:00:00, 0.000141994
2231, 2016-01-01 23:00:00, 0.000141622
2232, 2016-01-02 00:00:00, 0.000159484
2233, 2016-01-02 01:00:00, 0.000149169
2234, 2016-01-02 02:00:00, 0.000147142
2235, 2016-01-02 03:00:00, 0.000140144
2236, 2016-01-02 04:00:00, 0.000139776
2237, 2016-01-02 05:00:00, 0.00013941
2238, 2016-01-02 06:00:00, 0.000139045
2239, 2016-01-02 07:00:00, 0.000138681
2240, 2016-01-02 08:00:00, 0.000138318
2241, 2016-01-02 09:00:00, 0.000137955
2242, 2016-01-02 10:00:00, 0.000137594
2243, 2016-01-02 11:00:00, 0.000137234
2244, 2016-01-02 12:00:00, 0.000136874
2245, 2016-01-02 13:00:00, 0.000136516
2246, 2016-01-02 14:00:00, 0.00013617
2247, 2016-01-02 15:00:00, 0.000135823
2248, 2016-01-02 16:00:00, 0.00013548
2249, 2016-01-02 17:00:00, 0.000135107
2250, 2016-01-02 18:00:00, 0.000134745
2251, 2016-01-02 19:00:00, 0.000134384
2252, 2016-01-02 20:00:00, 0.000134032
2253, 2016-01-02 21:00:00, 0.000133681
2254, 2016-01-02 22:00:00, 0.000133331
2255, 2016-01-02 23:00:00, 0.000132981
2256, 2016-01-03 00:00:00, 0.000132633
2257, 2016-01-03 01:00:00, 0.000132286
2258, 2016-01-03 02:00:00, 0.000131939
2259, 2016-01-03 03:00:00, 0.000131594
2260, 2016-01-03 04:00:00, 0.000131249
2261, 2016-01-03 05:00:00, 0.000130905
2262, 2016-01-03 06:00:00, 0.000130562
2263, 2016-01-03 07:00:00, 0.00013022
2264, 2016-01-03 08:00:00, 0.000129879
2265, 2016-01-03 09:00:00, 0.000129539
2266, 2016-01-03 10:00:00, 0.0001292
2267, 2016-01-03 11:00:00, 0.000128861
2268, 2016-01-03 12:00:00, 0.000128524
2269, 2016-01-03 13:00:00, 0.000128188
2270, 2016-01-03 14:00:00, 0.000127852
2271, 2016-01-03 15:00:00, 0.000127517
2272, 2016-01-03 16:00:00, 0.000127183
2273, 2016-01-03 17:00:00, 0.000126849
2274, 2016-01-03 18:00:00, 0.000126517
2275, 2016-01-03 19:00:00, 0.000126186
2276, 2016-01-03 20:00:00, 0.000125855
2277, 2016-01-03 21:00:00, 0.000125526
2278, 2016-01-03 22:00:00, 0.000125197
2279, 2016-01-03 23:00:00, 0.000124869
2280, 2016-01-04 00:00:00, 0.000124542
2281, 2016-01-04 01:00:00, 0.000124216
2282, 2016-01-04 02:00:00, 0.00012389
2283, 2016-01-04 03:00:00, 0.000123566
2284, 2016-01-04 04:00:00, 0.000123242
2285, 2016-01-04 05:00:00, 0.000122919
2286, 2016-01-04 06:00:00, 0.000122597
2287, 2016-01-04 07:00:00, 0.000122276
2288, 2016-01-04 08:00:00, 0.000121956
2289, 2016-01-04 09:00:00, 0.000121637
2290, 2016-01-04 10:00:00, 0.000121318
2291, 2016-01-04 11:00:00, 0.000121
2292, 2016-01-04 12:00:00, 0.000120683
2293, 2016-01-04 13:00:00, 0.000120367
2294, 2016-01-04 14:00:00, 0.000120052
2295, 2016-01-04 15:00:00, 0.000120016
2296, 2016-01-04 16:00:00, 0.000128735
2297, 2016-01-04 17:00:00, 0.000135891
2298, 2016-01-04 18:00:00, 0.000129803
2299, 2016-01-04 19:00:00, 0.000124739
2300, 2016-01-04 20:00:00, 0.000119263
2301, 2016-01-04 21:00:00, 0.00011816
2302, 2016-01-04 22:00:00, 0.000117559
2303, 2016-01-04 23:00:00, 0.000117251
2304, 2016-01-05 00:00:00, 0.000116944
2305, 2016-01-05 01:00:00, 0.000116638
2306, 2016-01-05 02:00:00, 0.000116333
2307, 2016-01-05 03:00:00, 0.000116028
2308, 2016-01-05 04:00:00, 0.000115724
2309, 2016-01-05 05:00:00, 0.000115421
2310, 2016-01-05 06:00:00, 0.000115119
2311, 2016-01-05 07:00:00, 0.000114817
2312, 2016-01-05 08:00:00, 0.000114516
2313, 2016-01-05 09:00:00, 0.000114216
2314, 2016-01-05 10:00:00, 0.000113917
2315, 2016-01-05 11:00:00, 0.000113619
2316, 2016-01-05 12:00:00, 0.000113321
2317, 2016-01-05 13:00:00, 0.000113025
2318, 2016-01-05 14:00:00, 0.000112729
2319, 2016-01-05 15:00:00, 0.000112433
2320, 2016-01-05 16:00:00, 0.000112139
2321, 2016-01-05 17:00:00, 0.000111845
2322, 2016-01-05 18:00:00, 0.000111552
2323, 2016-01-05 19:00:00, 0.00011126
2324, 2016-01-05 20:00:00, 0.000110969
2325, 2016-01-05 21:00:00, 0.000110678
2326, 2016-01-05 22:00:00, 0.000110388
2327, 2016-01-05 23:00:00, 0.000110099
2328, 2016-01-06 00:00:00, 0.000109811
2329, 2016-01-06 01:00:00, 0.000109523
2330, 2016-01-06 02:00:00, 0.000109236
2331, 2016-01-06 03:00:00, 0.00010895
2332, 2016-01-06 04:00:00, 0.000108665
2333, 2016-01-06 05:00:00, 0.00010838
2334, 2016-01-06 06:00:00, 0.000108096
2335, 2016-01-06 07:00:00, 0.000107813
2336, 2016-01-06 08:00:00, 0.000107531
2337, 2016-01-06 09:00:00, 0.000107249
2338, 2016-01-06 10:00:00, 0.000106968
2339, 2016-01-06 11:00:00, 0.000106688
2340, 2016-01-06 12:00:00, 0.000106409
2341, 2016-01-06 13:00:00, 0.00010613
2342, 2016-01-06 14:00:00, 0.000105852
2343, 2016-01-06 15:00:00, 0.000105575
2344, 2016-01-06 16:00:00, 0.000105298
2345, 2016-01-06 17:00:00, 0.000105023
2346, 2016-01-06 18:00:00, 0.000104748
2347, 2016-01-06 19:00:00, 0.000104473
2348, 2016-01-06 20:00:00, 0.0001042
2349, 2016-01-06 21:00:00, 0.000103927
2350, 2016-01-06 22:00:00, 0.000103655
2351, 2016-01-06 23:00:00, 0.000103383
2352, 2016-01-07 00:00:00, 0.000103112
2353, 2016-01-07 01:00:00, 0.000102842
2354, 2016-01-07 02:00:00, 0.000102573
2355, 2016-01-07 03:00:00, 0.000102304
2356, 2016-01-07 04:00:00, 0.000102036
2357, 2016-01-07 05:00:00, 0.000101769
2358, 2016-01-07 06:00:00, 0.000101503
2359, 2016-01-07 07:00:00, 0.000101237
2360, 2016-01-07 08:00:00, 0.000100972
2361, 2016-01-07 09:00:00, 0.000100707
2362, 2016-01-07 10:00:00, 0.000100444
2363, 2016-01-07 11:00:00, 0.000100181
2364, 2016-01-07 12:00:00, 9.99182e-05
2365, 2016-01-07 13:00:00, 9.96565e-05
2366, 2016-01-07 14:00:00, 9.93955e-05
2367, 2016-01-07 15:00:00, 9.91352e-05
2368, 2016-01-07 16:00:00, 9.88756e-05
2369, 2016-01-07 17:00:00, 9.86167e-05
2370, 2016-01-07 18:00:00, 9.83584e-05
2371, 2016-01-07 19:00:00, 9.81008e-05
2372, 2016-01-07 20:00:00, 9.78439e-05
2373, 2016-01-07 21:00:00, 9.75877e-05
2374, 2016-01-07 22:00:00, 9.73321e-05
2375, 2016-01-07 23:00:00, 9.70772e-05
2376, 2016-01-08 00:00:00, 9.6823e-05
2377, 2016-01-08 01:00:00, 9.65694e-05
2378, 2016-01-08 02:00:00, 9.63165e-05
2379, 2016-01-08 03:00:00, 9.60643e-05
2380, 2016-01-08 04:00:00, 9.58127e-05
2381, 2016-01-08 05:00:00, 9.55618e-05
2382, 2016-01-08 06:00:00, 9.53115e-05
2383, 2016-01-08 07:00:00, 9.50619e-05
2384, 2016-01-08 08:00:00, 9.4813e-05
2385, 2016-01-08 09:00:00, 9.45647e-05
2386, 2016-01-08 10:00:00, 9.4317e-05
2387, 2016-01-08 11:00:00, 9.407e-05
2388, 2016-01-08 12:00:00, 9.38237e-05
2389, 2016-01-08 13:00:00, 9.3578e-05
2390, 2016-01-08 14:00:00, 9.33329e-05
2391, 2016-01-08 15:00:00, 9.30885e-05
2392, 2016-01-08 16:00:00, 9.28447e-05
2393, 2016-01-08 17:00:00, 9.26016e-05
2394, 2016-01-08 18:00:00, 9.23591e-05
2395, 2016-01-08 19:00:00, 9.21172e-05
2396, 2016-01-08 20:00:00, 9.1876e-05
2397, 2016-01-08 21:00:00, 9.16354e-05
2398, 2016-01-08 22:00:00, 9.13954e-05
2399, 2016-01-08 23:00:00, 9.11561e-05
2400, 2016-01-09 00:00:00, 9.09173e-05
2401, 2016-01-09 01:00:00, 9.06793e-05
2402, 2016-01-09 02:00:00, 9.04418e-05
2403, 2016-01-09 03:00:00, 9.02049e-05
2404, 2016-01-09 04:00:00, 8.99687e-05
2405, 2016-01-09 05:00:00, 8.97331e-05
2406, 2016-01-09 06:00:00, 8.94981e-05
2407, 2016-01-09 07:00:00, 8.92638e-05
2408, 2016-01-09 08:00:00, 8.903e-05
2409, 2016-01-09 09:00:00, 8.87969e-05
2410, 2016-01-09 10:00:00, 8.85643e-05
2411, 2016-01-09 11:00:00, 8.83324e-05
2412, 2016-01-09 12:00:00, 8.81011e-05
2413, 2016-01-09 13:00:00, 8.78704e-05
2414, 2016-01-09 14:00:00, 8.76403e-05
2415, 2016-01-09 15:00:00, 8.74108e-05
2416, 2016-01-09 16:00:00, 8.71819e-05
2417, 2016-01-09 17:00:00, 8.69536e-05
2418, 2016-01-09 18:00:00, 8.67259e-05
2419, 2016-01-09 19:00:00, 8.64987e-05
2420, 2016-01-09 20:00:00, 8.62722e-05
2421, 2016-01-09 21:00:00, 8.60463e-05
2422, 2016-01-09 22:00:00, 8.5821e-05
2423, 2016-01-09 23:00:00, 8.55962e-05
2424, 2016-01-10 00:00:00, 8.53721e-05
2425, 2016-01-10 01:00:00, 8.51485e-05
2426, 2016-01-10 02:00:00, 8.49256e-05
2427, 2016-01-10 03:00:00, 8.47032e-05
2428, 2016-01-10 04:00:00, 8.44814e-05
2429, 2016-01-10 05:00:00, 8.42601e-05
2430, 2016-01-10 06:00:00, 8.40395e-05
2431, 2016-01-10 07:00:00, 8.38194e-05
2432, 2016-01-10 08:00:00, 8.35999e-05
2433, 2016-01-10 09:00:00, 8.3381e-05
2434, 2016-01-10 10:00:00, 8.31627e-05
2435, 2016-01-10 11:00:00, 8.29458e-05
2436, 2016-01-10 12:00:00, 0.00316699
2437, 2016-01-10 13:00:00, 0.0145243
2438, 2016-01-10 14:00:00, 0.0551459
2439, 2016-01-10 15:00:00, 0.0866583
2440, 2016-01-10 16:00:00, 0.155546
2441, 2016-01-10 17:00:00, 0.0783963
2442, 2016-01-10 18:00:00, 0.0432038
2443, 2016-01-10 19:00:00, 0.0125409
2444, 2016-01-10 20:00:00, 0.0141063
2445, 2016-01-10 21:00:00, 0.00814621
2446, 2016-01-10 22:00:00, 0.00353359
2447, 2016-01-10 23:00:00, 0.000162818
2448, 2016-01-11 00:00:00, 0.00010128
2449, 2016-01-11 01:00:00, 9.68052e-05
2450, 2016-01-11 02:00:00, 7.97459e-05
2451, 2016-01-11 03:00:00, 7.95371e-05
2452, 2016-01-11 04:00:00, 7.93288e-05
2453, 2016-01-11 05:00:00, 7.91211e-05
2454, 2016-01-11 06:00:00, 7.89139e-05
2455, 2016-01-11 07:00:00, 7.87073e-05
2456, 2016-01-11 08:00:00, 7.85012e-05
2457, 2016-01-11 09:00:00, 7.82956e-05
2458, 2016-01-11 10:00:00, 7.80906e-05
2459, 2016-01-11 11:00:00, 7.78861e-05
2460, 2016-01-11 12:00:00, 7.76822e-05
2461, 2016-01-11 13:00:00, 7.74788e-05
2462, 2016-01-11 14:00:00, 7.72759e-05
2463, 2016-01-11 15:00:00, 7.70735e-05
2464, 2016-01-11 16:00:00, 7.68717e-05
2465, 2016-01-11 17:00:00, 7.66704e-05
2466, 2016-01-11 18:00:00, 7.64696e-05
2467, 2016-01-11 19:00:00, 7.62694e-05
2468, 2016-01-11 20:00:00, 7.60697e-05
2469, 2016-01-11 21:00:00, 7.58705e-05
2470, 2016-01-11 22:00:00, 7.56718e-05
2471, 2016-01-11 23:00:00, 7.54737e-05
2472, 2016-01-12 00:00:00, 7.52761e-05
2473, 2016-01-12 01:00:00, 7.50789e-05
2474, 2016-01-12 02:00:00, 7.48824e-05
2475, 2016-01-12 03:00:00, 7.46863e-05
2476, 2016-01-12 04:00:00, 7.44907e-05
2477, 2016-01-12 05:00:00, 7.42956e-05
2478, 2016-01-12 06:00:00, 7.41011e-05
2479, 2016-01-12 07:00:00, 7.39071e-05
2480, 2016-01-12 08:00:00, 7.37135e-05
2481, 2016-01-12 09:00:00, 7.35205e-05
2482, 2016-01-12 10:00:00, 7.3328e-05
2483, 2016-01-12 11:00:00, 7.3136e-05
2484, 2016-01-12 12:00:00, 7.29445e-05
2485, 2016-01-12 13:00:00, 7.27535e-05
2486, 2016-01-12 14:00:00, 7.2563e-05
2487, 2016-01-12 15:00:00, 7.2373e-05
2488, 2016-01-12 16:00:00, 7.21835e-05
2489, 2016-01-12 17:00:00, 7.19945e-05
2490, 2016-01-12 18:00:00, 7.1806e-05
2491, 2016-01-12 19:00:00, 7.16179e-05
2492, 2016-01-12 20:00:00, 7.14304e-05
2493, 2016-01-12 21:00:00, 7.12434e-05
2494, 2016-01-12 22:00:00, 7.10568e-05
2495, 2016-01-12 23:00:00, 0.000110363
2496, 2016-01-13 00:00:00, 8.9505e-05
2497, 2016-01-13 01:00:00, 8.527e-05
2498, 2016-01-13 02:00:00, 7.0638e-05
2499, 2016-01-13 03:00:00, 7.01366e-05
2500, 2016-01-13 04:00:00, 6.99478e-05
2501, 2016-01-13 05:00:00, 6.97646e-05
2502, 2016-01-13 06:00:00, 6.95819e-05
2503, 2016-01-13 07:00:00, 6.93997e-05
2504, 2016-01-13 08:00:00, 6.9218e-05
2505, 2016-01-13 09:00:00, 6.90368e-05
2506, 2016-01-13 10:00:00, 6.8856e-05
2507, 2016-01-13 11:00:00, 6.86757e-05
2508, 2016-01-13 12:00:00, 6.84959e-05
2509, 2016-01-13 13:00:00, 6.83165e-05
2510, 2016-01-13 14:00:00, 6.81377e-05
2511, 2016-01-13 15:00:00, 6.79592e-05
2512, 2016-01-13 16:00:00, 6.77813e-05
2513, 2016-01-13 17:00:00, 6.76038e-05
2514, 2016-01-13 18:00:00, 6.74268e-05
2515, 2016-01-13 19:00:00, 6.72503e-05
2516, 2016-01-13 20:00:00, 6.70742e-05
2517, 2016-01-13 21:00:00, 6.68985e-05
2518, 2016-01-13 22:00:00, 6.67234e-05
2519, 2016-01-13 23:00:00, 6.65487e-05
2520, 2016-01-14 00:00:00, 6.63744e-05
2521, 2016-01-14 01:00:00, 6.62006e-05
2522, 2016-01-14 02:00:00, 6.60273e-05
2523, 2016-01-14 03:00:00, 6.58544e-05
2524, 2016-01-14 04:00:00, 6.5682e-05
2525, 2016-01-14 05:00:00, 6.551e-05
2526, 2016-01-14 06:00:00, 6.53385e-05
2527, 2016-01-14 07:00:00, 6.51674e-05
2528, 2016-01-14 08:00:00, 6.49967e-05
2529, 2016-01-14 09:00:00, 6.48266e-05
2530, 2016-01-14 10:00:00, 6.46568e-05
2531, 2016-01-14 11:00:00, 6.44875e-05
2532, 2016-01-14 12:00:00, 6.43187e-05
2533, 2016-01-14 13:00:00, 6.41503e-05
2534, 2016-01-14 14:00:00, 6.39823e-05
2535, 2016-01-14 15:00:00, 6.38148e-05
2536, 2016-01-14 16:00:00, 6.36477e-05
2537, 2016-01-14 17:00:00, 6.3481e-05
2538, 2016-01-14 18:00:00, 6.33148e-05
2539, 2016-01-14 19:00:00, 0.000104589
2540, 2016-01-14 20:00:00, 8.182e-05
2541, 2016-01-14 21:00:00, 7.78878e-05
2542, 2016-01-14 22:00:00, 6.26543e-05
2543, 2016-01-14 23:00:00, 6.24902e-05
2544, 2016-01-15 00:00:00, 6.23266e-05
2545, 2016-01-15 01:00:00, 6.21634e-05
2546, 2016-01-15 02:00:00, 6.20007e-05
2547, 2016-01-15 03:00:00, 6.18383e-05
2548, 2016-01-15 04:00:00, 6.16764e-05
2549, 2016-01-15 05:00:00, 6.15149e-05
2550, 2016-01-15 06:00:00, 6.13539e-05
2551, 2016-01-15 07:00:00, 6.11932e-05
2552, 2016-01-15 08:00:00, 6.1033e-05
2553, 2016-01-15 09:00:00, 6.08732e-05
2554, 2016-01-15 10:00:00, 6.07138e-05
2555, 2016-01-15 11:00:00, 6.05548e-05
2556, 2016-01-15 12:00:00, 6.03963e-05
2557, 2016-01-15 13:00:00, 6.02382e-05
2558, 2016-01-15 14:00:00, 6.00804e-05
2559, 2016-01-15 15:00:00, 5.99231e-05
2560, 2016-01-15 16:00:00, 5.97662e-05
2561, 2016-01-15 17:00:00, 5.96097e-05
2562, 2016-01-15 18:00:00, 5.94537e-05
2563, 2016-01-15 19:00:00, 5.9298e-05
2564, 2016-01-15 20:00:00, 5.91429e-05
2565, 2016-01-15 21:00:00, 5.89882e-05
2566, 2016-01-15 22:00:00, 5.88336e-05
2567, 2016-01-15 23:00:00, 5.86795e-05
2568, 2016-01-16 00:00:00, 5.85258e-05
2569, 2016-01-16 01:00:00, 5.83725e-05
2570, 2016-01-16 02:00:00, 5.82197e-05
2571, 2016-01-16 03:00:00, 5.80673e-05
2572, 2016-01-16 04:00:00, 5.79152e-05
2573, 2016-01-16 05:00:00, 5.77636e-05
2574, 2016-01-16 06:00:00, 5.76124e-05
2575, 2016-01-16 07:00:00, 5.74615e-05
2576, 2016-01-16 08:00:00, 5.73111e-05
2577, 2016-01-16 09:00:00, 0.000960751
2578, 2016-01-16 10:00:00, 0.0161036
2579, 2016-01-16 11:00:00, 0.187372
2580, 2016-01-16 12:00:00, 0.144642
2581, 2016-01-16 13:00:00, 0.105339
2582, 2016-01-16 14:00:00, 0.0315149
2583, 2016-01-16 15:00:00, 0.0121617
2584, 2016-01-16 16:00:00, 0.00542734
2585, 2016-01-16 17:00:00, 0.00262302
2586, 2016-01-16 18:00:00, 0.000617664
2587, 2016-01-16 19:00:00, 7.42437e-05
2588, 2016-01-16 20:00:00, 5.55361e-05
2589, 2016-01-16 21:00:00, 5.53907e-05
2590, 2016-01-16 22:00:00, 5.52457e-05
2591, 2016-01-16 23:00:00, 5.5101e-05
2592, 2016-01-17 00:00:00, 5.49568e-05
2593, 2016-01-17 01:00:00, 5.48129e-05
2594, 2016-01-17 02:00:00, 5.46694e-05
2595, 2016-01-17 03:00:00, 5.45262e-05
2596, 2016-01-17 04:00:00, 5.43835e-05
2597, 2016-01-17 05:00:00, 5.42411e-05
2598, 2016-01-17 06:00:00, 5.40991e-05
2599, 2016-01-17 07:00:00, 5.39574e-05
2600, 2016-01-17 08:00:00, 5.38162e-05
2601, 2016-01-17 09:00:00, 5.36753e-05
2602, 2016-01-17 10:00:00, 5.35347e-05
2603, 2016-01-17 11:00:00, 5.33946e-05
2604, 2016-01-17 12:00:00, 5.32548e-05
2605, 2016-01-17 13:00:00, 5.31153e-05
2606, 2016-01-17 14:00:00, 5.29763e-05
2607, 2016-01-17 15:00:00, 5.28376e-05
2608, 2016-01-17 16:00:00, 5.26992e-05
2609, 2016-01-17 17:00:00, 5.25613e-05
2610, 2016-01-17 18:00:00, 5.24236e-05
2611, 2016-01-17 19:00:00, 5.22864e-05
2612, 2016-01-17 20:00:00, 5.21495e-05
2613, 2016-01-17 21:00:00, 5.20129e-05
2614, 2016-01-17 22:00:00, 5.18768e-05
2615, 2016-01-17 23:00:00, 5.17409e-05
2616, 2016-01-18 00:00:00, 5.16055e-05
2617, 2016-01-18 01:00:00, 5.14704e-05
2618, 2016-01-18 02:00:00, 5.13356e-05
2619, 2016-01-18 03:00:00, 5.12012e-05
2620, 2016-01-18 04:00:00, 5.10672e-05
2621, 2016-01-18 05:00:00, 5.09335e-05
2622, 2016-01-18 06:00:00, 5.08001e-05
2623, 2016-01-18 07:00:00, 5.06671e-05
2624, 2016-01-18 08:00:00, 5.05344e-05
2625, 2016-01-18 09:00:00, 5.04021e-05
2626, 2016-01-18 10:00:00, 5.02702e-05
2627, 2016-01-18 11:00:00, 5.01386e-05
2628, 2016-01-18 12:00:00, 5.00073e-05
2629, 2016-01-18 13:00:00, 4.98764e-05
2630, 2016-01-18 14:00:00, 4.97458e-05
2631, 2016-01-18 15:00:00, 4.96155e-05
2632, 2016-01-18 16:00:00, 4.94856e-05
2633, 2016-01-18 17:00:00, 4.93561e-05
2634, 2016-01-18 18:00:00, 4.92269e-05
2635, 2016-01-18 19:00:00, 4.9098e-05
2636, 2016-01-18 20:00:00, 4.89694e-05
2637, 2016-01-18 21:00:00, 4.88412e-05
2638, 2016-01-18 22:00:00, 4.87134e-05
2639, 2016-01-18 23:00:00, 4.85858e-05
2640, 2016-01-19 00:00:00, 4.84586e-05
2641, 2016-01-19 01:00:00, 4.83317e-05
2642, 2016-01-19 02:00:00, 4.82052e-05
2643, 2016-01-19 03:00:00, 4.8079e-05
2644, 2016-01-19 04:00:00, 4.79531e-05
2645, 2016-01-19 05:00:00, 4.78276e-05
2646, 2016-01-19 06:00:00, 4.77024e-05
2647, 2016-01-19 07:00:00, 4.75775e-05
2648, 2016-01-19 08:00:00, 4.74529e-05
2649, 2016-01-19 09:00:00, 4.73287e-05
2650, 2016-01-19 10:00:00, 4.72048e-05
2651, 2016-01-19 11:00:00, 4.70812e-05
2652, 2016-01-19 12:00:00, 4.69579e-05
2653, 2016-01-19 13:00:00, 4.6835e-05
2654, 2016-01-19 14:00:00, 4.67123e-05
2655, 2016-01-19 15:00:00, 4.659e-05
2656, 2016-01-19 16:00:00, 4.64681e-05
2657, 2016-01-19 17:00:00, 4.63464e-05
2658, 2016-01-19 18:00:00, 4.62251e-05
2659, 2016-01-19 19:00:00, 4.61041e-05
2660, 2016-01-19 20:00:00, 4.59833e-05
2661, 2016-01-19 21:00:00, 4.5863e-05
2662, 2016-01-19 22:00:00, 4.57429e-05
2663, 2016-01-19 23:00:00, 4.56231e-05
2664, 2016-01-20 00:00:00, 4.55037e-05
2665, 2016-01-20 01:00:00, 4.53846e-05
2666, 2016-01-20 02:00:00, 4.52657e-05
2667, 2016-01-20 03:00:00, 4.51472e-05
2668, 2016-01-20 04:00:00, 4.5029e-05
2669, 2016-01-20 05:00:00, 4.49111e-05
2670, 2016-01-20 06:00:00, 4.47936e-05
2671, 2016-01-20 07:00:00, 4.46763e-05
2672, 2016-01-20 08:00:00, 4.45593e-05
2673, 2016-01-20 09:00:00, 4.44427e-05
2674, 2016-01-20 10:00:00, 4.43263e-05
2675, 2016-01-20 11:00:00, 4.42103e-05
2676, 2016-01-20 12:00:00, 4.40945e-05
2677, 2016-01-20 13:00:00, 4.39791e-05
2678, 2016-01-20 14:00:00, 4.38639e-05
2679, 2016-01-20 15:00:00, 4.37491e-05
2680, 2016-01-20 16:00:00, 4.36346e-05
2681, 2016-01-20 17:00:00, 4.35203e-05
2682, 2016-01-20 18:00:00, 4.34064e-05
2683, 2016-01-20 19:00:00, 4.32927e-05
2684, 2016-01-20 20:00:00, 4.31794e-05
2685, 2016-01-20 21:00:00, 4.30664e-05
2686, 2016-01-20 22:00:00, 4.29536e-05
2687, 2016-01-20 23:00:00, 4.28411e-05
2688, 2016-01-21 00:00:00, 4.2729e-05
2689, 2016-01-21 01:00:00, 4.26171e-05
2690, 2016-01-21 02:00:00, 4.25055e-05
2691, 2016-01-21 03:00:00, 4.23943e-05
2692, 2016-01-21 04:00:00, 4.22833e-05
2693, 2016-01-21 05:00:00, 4.21726e-05
2694, 2016-01-21 06:00:00, 4.20622e-05
2695, 2016-01-21 07:00:00, 4.19521e-05
2696, 2016-01-21 08:00:00, 4.18422e-05
2697, 2016-01-21 09:00:00, 4.17327e-05
2698, 2016-01-21 10:00:00, 4.16234e-05
2699, 2016-01-21 11:00:00, 4.15144e-05
2700, 2016-01-21 12:00:00, 4.14058e-05
2701, 2016-01-21 13:00:00, 4.12974e-05
2702, 2016-01-21 14:00:00, 4.11892e-05
2703, 2016-01-21 15:00:00, 4.10814e-05
2704, 2016-01-21 16:00:00, 4.09739e-05
2705, 2016-01-21 17:00:00, 4.08666e-05
2706, 2016-01-21 18:00:00, 4.07596e-05
2707, 2016-01-21 19:00:00, 4.06529e-05
2708, 2016-01-21 20:00:00, 4.05465e-05
2709, 2016-01-21 21:00:00, 4.04403e-05
2710, 2016-01-21 22:00:00, 4.03344e-05
2711, 2016-01-21 23:00:00, 4.02288e-05
2712, 2016-01-22 00:00:00, 4.01235e-05
2713, 2016-01-22 01:00:00, 4.00185e-05
2714, 2016-01-22 02:00:00, 3.99137e-05
2715, 2016-01-22 03:00:00, 3.98092e-05
2716, 2016-01-22 04:00:00, 3.9705e-05
2717, 2016-01-22 05:00:00, 3.96011e-05
2718, 2016-01-22 06:00:00, 3.94974e-05
2719, 2016-01-22 07:00:00, 3.9394e-05
2720, 2016-01-22 08:00:00, 3.92908e-05
2721, 2016-01-22 09:00:00, 3.9188e-05
2722, 2016-01-22 10:00:00, 3.90854e-05
2723, 2016-01-22 11:00:00, 3.89831e-05
2724, 2016-01-22 12:00:00, 3.8881e-05
2725, 2016-01-22 13:00:00, 3.87792e-05
2726, 2016-01-22 14:00:00, 3.86777e-05
2727, 2016-01-22 15:00:00, 3.85764e-05
2728, 2016-01-22 16:00:00, 3.84754e-05
2729, 2016-01-22 17:00:00, 3.83747e-05
2730, 2016-01-22 18:00:00, 3.82742e-05
2731, 2016-01-22 19:00:00, 3.8174e-05
2732, 2016-01-22 20:00:00, 3.80741e-05
2733, 2016-01-22 21:00:00, 3.79744e-05
2734, 2016-01-22 22:00:00, 3.7875e-05
2735, 2016-01-22 23:00:00, 3.77759e-05
2736, 2016-01-23 00:00:00, 3.7677e-05
2737, 2016-01-23 01:00:00, 3.75783e-05
2738, 2016-01-23 02:00:00, 3.748e-05
2739, 2016-01-23 03:00:00, 3.73818e-05
2740, 2016-01-23 04:00:00, 3.7284e-05
2741, 2016-01-23 05:00:00, 3.71864e-05
2742, 2016-01-23 06:00:00, 3.7089e-05
2743, 2016-01-23 07:00:00, 3.69919e-05
2744, 2016-01-23 08:00:00, 3.68951e-05
2745, 2016-01-23 09:00:00, 3.67985e-05
2746, 2016-01-23 10:00:00, 3.67021e-05
2747, 2016-01-23 11:00:00, 3.66061e-05
2748, 2016-01-23 12:00:00, 3.65102e-05
2749, 2016-01-23 13:00:00, 3.64146e-05
2750, 2016-01-23 14:00:00, 3.63193e-05
2751, 2016-01-23 15:00:00, 3.62242e-05
2752, 2016-01-23 16:00:00, 3.61294e-05
2753, 2016-01-23 17:00:00, 3.60348e-05
2754, 2016-01-23 18:00:00, 3.59405e-05
2755, 2016-01-23 19:00:00, 3.58464e-05
2756, 2016-01-23 20:00:00, 3.57525e-05
2757, 2016-01-23 21:00:00, 3.56589e-05
2758, 2016-01-23 22:00:00, 3.55656e-05
2759, 2016-01-23 23:00:00, 3.54725e-05
2760, 2016-01-24 00:00:00, 3.53796e-05
2761, 2016-01-24 01:00:00, 3.5287e-05
2762, 2016-01-24 02:00:00, 3.51946e-05
2763, 2016-01-24 03:00:00, 3.51025e-05
2764, 2016-01-24 04:00:00, 3.50106e-05
2765, 2016-01-24 05:00:00, 3.49189e-05
2766, 2016-01-24 06:00:00, 3.48275e-05
2767, 2016-01-24 07:00:00, 3.47363e-05
2768, 2016-01-24 08:00:00, 3.46454e-05
2769, 2016-01-24 09:00:00, 3.45547e-05
2770, 2016-01-24 10:00:00, 3.44642e-05
2771, 2016-01-24 11:00:00, 3.4374e-05
2772, 2016-01-24 12:00:00, 3.4284e-05
2773, 2016-01-24 13:00:00, 3.41943e-05
2774, 2016-01-24 14:00:00, 3.41048e-05
2775, 2016-01-24 15:00:00, 3.40155e-05
2776, 2016-01-24 16:00:00, 3.39264e-05
2777, 2016-01-24 17:00:00, 3.38376e-05
2778, 2016-01-24 18:00:00, 3.3749e-05
2779, 2016-01-24 19:00:00, 0.000170948
2780, 2016-01-24 20:00:00, 0.000199257
2781, 2016-01-24 21:00:00, 0.00020962
2782, 2016-01-24 22:00:00, 0.000167733
2783, 2016-01-24 23:00:00, 0.000136331
2784, 2016-01-25 00:00:00, 0.000112678
2785, 2016-01-25 01:00:00, 9.50643e-05
2786, 2016-01-25 02:00:00, 8.18617e-05
2787, 2016-01-25 03:00:00, 7.18366e-05
2788, 2016-01-25 04:00:00, 6.41196e-05
2789, 2016-01-25 05:00:00, 5.80283e-05
2790, 2016-01-25 06:00:00, 4.34827e-05
2791, 2016-01-25 07:00:00, 3.69564e-05
2792, 2016-01-25 08:00:00, 3.25329e-05
2793, 2016-01-25 09:00:00, 3.24478e-05
2794, 2016-01-25 10:00:00, 3.23628e-05
2795, 2016-01-25 11:00:00, 3.22781e-05
2796, 2016-01-25 12:00:00, 3.21936e-05
2797, 2016-01-25 13:00:00, 3.21093e-05
2798, 2016-01-25 14:00:00, 3.20253e-05
2799, 2016-01-25 15:00:00, 3.19414e-05
2800, 2016-01-25 16:00:00, 0.000578698
2801, 2016-01-25 17:00:00, 0.0267169
2802, 2016-01-25 18:00:00, 0.0122472
2803, 2016-01-25 19:00:00, 0.0112105
2804, 2016-01-25 20:00:00, 0.00074318
2805, 2016-01-25 21:00:00, 0.000600766
2806, 2016-01-25 22:00:00, 3.13607e-05
2807, 2016-01-25 23:00:00, 3.12786e-05
2808, 2016-01-26 00:00:00, 3.11967e-05
2809, 2016-01-26 01:00:00, 3.1115e-05
2810, 2016-01-26 02:00:00, 3.10336e-05
2811, 2016-01-26 03:00:00, 3.09523e-05
2812, 2016-01-26 04:00:00, 3.08713e-05
2813, 2016-01-26 05:00:00, 3.07905e-05
2814, 2016-01-26 06:00:00, 3.07099e-05
2815, 2016-01-26 07:00:00, 3.06295e-05
2816, 2016-01-26 08:00:00, 3.05493e-05
2817, 2016-01-26 09:00:00, 3.04693e-05
2818, 2016-01-26 10:00:00, 3.03896e-05
2819, 2016-01-26 11:00:00, 3.031e-05
2820, 2016-01-26 12:00:00, 3.02307e-05
2821, 2016-01-26 13:00:00, 3.01515e-05
2822, 2016-01-26 14:00:00, 3.00726e-05
2823, 2016-01-26 15:00:00, 2.99939e-05
2824, 2016-01-26 16:00:00, 2.99153e-05
2825, 2016-01-26 17:00:00, 2.9837e-05
2826, 2016-01-26 18:00:00, 2.97589e-05
2827, 2016-01-26 19:00:00, 2.9681e-05
2828, 2016-01-26 20:00:00, 2.96033e-05
2829, 2016-01-26 21:00:00, 2.95258e-05
2830, 2016-01-26 22:00:00, 2.94485e-05
2831, 2016-01-26 23:00:00, 2.93714e-05
2832, 2016-01-27 00:00:00, 2.92945e-05
2833, 2016-01-27 01:00:00, 2.92179e-05
2834, 2016-01-27 02:00:00, 2.91414e-05
2835, 2016-01-27 03:00:00, 2.90651e-05
2836, 2016-01-27 04:00:00, 2.8989e-05
2837, 2016-01-27 05:00:00, 2.89131e-05
2838, 2016-01-27 06:00:00, 2.88374e-05
2839, 2016-01-27 07:00:00, 2.87619e-05
2840, 2016-01-27 08:00:00, 2.86866e-05
2841, 2016-01-27 09:00:00, 2.86115e-05
2842, 2016-01-27 10:00:00, 2.85366e-05
2843, 2016-01-27 11:00:00, 2.84619e-05
2844, 2016-01-27 12:00:00, 2.83874e-05
2845, 2016-01-27 13:00:00, 2.83131e-05
2846, 2016-01-27 14:00:00, 2.8239e-05
2847, 2016-01-27 15:00:00, 2.81651e-05
2848, 2016-01-27 16:00:00, 2.80913e-05
2849, 2016-01-27 17:00:00, 2.80178e-05
2850, 2016-01-27 18:00:00, 2.79445e-05
2851, 2016-01-27 19:00:00, 2.78713e-05
2852, 2016-01-27 20:00:00, 2.77983e-05
2853, 2016-01-27 21:00:00, 2.77256e-05
2854, 2016-01-27 22:00:00, 2.7653e-05
2855, 2016-01-27 23:00:00, 2.75806e-05
2856, 2016-01-28 00:00:00, 2.75084e-05
2857, 2016-01-28 01:00:00, 2.74364e-05
2858, 2016-01-28 02:00:00, 2.73646e-05
2859, 2016-01-28 03:00:00, 2.72929e-05
2860, 2016-01-28 04:00:00, 2.72215e-05
2861, 2016-01-28 05:00:00, 2.71502e-05
2862, 2016-01-28 06:00:00, 2.70791e-05
2863, 2016-01-28 07:00:00, 2.70083e-05
2864, 2016-01-28 08:00:00, 2.69376e-05
2865, 2016-01-28 09:00:00, 2.6867e-05
2866, 2016-01-28 10:00:00, 2.67967e-05
2867, 2016-01-28 11:00:00, 2.67266e-05
2868, 2016-01-28 12:00:00, 2.66566e-05
2869, 2016-01-28 13:00:00, 2.65868e-05
2870, 2016-01-28 14:00:00, 2.65172e-05
2871, 2016-01-28 15:00:00, 2.64478e-05
2872, 2016-01-28 16:00:00, 2.63786e-05
2873, 2016-01-28 17:00:00, 2.63095e-05
2874, 2016-01-28 18:00:00, 2.62406e-05
2875, 2016-01-28 19:00:00, 2.61719e-05
2876, 2016-01-28 20:00:00, 2.61034e-05
2877, 2016-01-28 21:00:00, 2.60351e-05
2878, 2016-01-28 22:00:00, 2.59669e-05
2879, 2016-01-28 23:00:00, 2.5899e-05
2880, 2016-01-29 00:00:00, 2.58312e-05
2881, 2016-01-29 01:00:00, 2.57635e-05
2882, 2016-01-29 02:00:00, 2.56961e-05
2883, 2016-01-29 03:00:00, 2.56288e-05
2884, 2016-01-29 04:00:00, 2.55617e-05
2885, 2016-01-29 05:00:00, 2.54948e-05
2886, 2016-01-29 06:00:00, 2.54281e-05
2887, 2016-01-29 07:00:00, 2.53615e-05
2888, 2016-01-29 08:00:00, 2.52951e-05
2889, 2016-01-29 09:00:00, 2.52289e-05
2890, 2016-01-29 10:00:00, 2.51629e-05
2891, 2016-01-29 11:00:00, 2.5097e-05
2892, 2016-01-29 12:00:00, 2.50313e-05
2893, 2016-01-29 13:00:00, 2.49658e-05
2894, 2016-01-29 14:00:00, 2.49004e-05
2895, 2016-01-29 15:00:00, 2.48352e-05
2896, 2016-01-29 16:00:00, 2.47702e-05
2897, 2016-01-29 17:00:00, 2.47054e-05
2898, 2016-01-29 18:00:00, 2.46407e-05
2899, 2016-01-29 19:00:00, 2.45762e-05
2900, 2016-01-29 20:00:00, 2.45119e-05
2901, 2016-01-29 21:00:00, 2.44477e-05
2902, 2016-01-29 22:00:00, 2.43837e-05
2903, 2016-01-29 23:00:00, 2.43199e-05
2904, 2016-01-30 00:00:00, 2.42562e-05
2905, 2016-01-30 01:00:00, 2.41927e-05
2906, 2016-01-30 02:00:00, 2.41294e-05
2907, 2016-01-30 03:00:00, 2.40662e-05
2908, 2016-01-30 04:00:00, 2.40032e-05
2909, 2016-01-30 05:00:00, 2.39404e-05
2910, 2016-01-30 06:00:00, 2.38777e-05
2911, 2016-01-30 07:00:00, 2.38152e-05
2912, 2016-01-30 08:00:00, 2.37529e-05
2913, 2016-01-30 09:00:00, 2.36907e-05
2914, 2016-01-30 10:00:00, 2.36287e-05
2915, 2016-01-30 11:00:00, 2.35668e-05
2916, 2016-01-30 12:00:00, 2.35051e-05
2917, 2016-01-30 13:00:00, 2.34436e-05
2918, 2016-01-30 14:00:00, 2.33822e-05
2919, 2016-01-30 15:00:00, 2.3321e-05
2920, 2016-01-30 16:00:00, 2.326e-05
2921, 2016-01-30 17:00:00, 2.31991e-05
2922, 2016-01-30 18:00:00, 2.31384e-05
2923, 2016-01-30 19:00:00, 2.30778e-05
2924, 2016-01-30 20:00:00, 2.30174e-05
2925, 2016-01-30 21:00:00, 2.29571e-05
2926, 2016-01-30 22:00:00, 2.2897e-05
2927, 2016-01-30 23:00:00, 2.28371e-05
2928, 2016-01-31 00:00:00, 2.27773e-05
2929, 2016-01-31 01:00:00, 2.27177e-05
2930, 2016-01-31 02:00:00, 2.26582e-05
2931, 2016-01-31 03:00:00, 2.25989e-05
2932, 2016-01-31 04:00:00, 2.25397e-05
2933, 2016-01-31 05:00:00, 2.24807e-05
2934, 2016-01-31 06:00:00, 2.24219e-05
2935, 2016-01-31 07:00:00, 2.23632e-05
2936, 2016-01-31 08:00:00, 2.23046e-05
2937, 2016-01-31 09:00:00, 2.22463e-05
2938, 2016-01-31 10:00:00, 2.2188e-05
2939, 2016-01-31 11:00:00, 2.21299e-05
2940, 2016-01-31 12:00:00, 2.2072e-05
2941, 2016-01-31 13:00:00, 2.20142e-05
2942, 2016-01-31 14:00:00, 2.19566e-05
2943, 2016-01-31 15:00:00, 2.18991e-05
2944, 2016-01-31 16:00:00, 2.18418e-05
2945, 2016-01-31 17:00:00, 2.17846e-05
2946, 2016-01-31 18:00:00, 2.17276e-05
2947, 2016-01-31 19:00:00, 2.16707e-05
2948, 2016-01-31 20:00:00, 2.1614e-05
2949, 2016-01-31 21:00:00, 2.15574e-05
2950, 2016-01-31 22:00:00, 2.1501e-05
2951, 2016-01-31 23:00:00, 2.14447e-05
2952, 2016-02-01 00:00:00, 2.13886e-05
2953, 2016-02-01 01:00:00, 2.13326e-05
2954, 2016-02-01 02:00:00, 2.12767e-05
2955, 2016-02-01 03:00:00, 2.1221e-05
2956, 2016-02-01 04:00:00, 2.11655e-05
2957, 2016-02-01 05:00:00, 2.11101e-05
2958, 2016-02-01 06:00:00, 2.10548e-05
2959, 2016-02-01 07:00:00, 2.09997e-05
2960, 2016-02-01 08:00:00, 2.09447e-05
2961, 2016-02-01 09:00:00, 2.08899e-05
2962, 2016-02-01 10:00:00, 2.08352e-05
2963, 2016-02-01 11:00:00, 2.07807e-05
2964, 2016-02-01 12:00:00, 2.07263e-05
2965, 2016-02-01 13:00:00, 2.0672e-05
2966, 2016-02-01 14:00:00, 2.06179e-05
2967, 2016-02-01 15:00:00, 2.05639e-05
2968, 2016-02-01 16:00:00, 2.05101e-05
2969, 2016-02-01 17:00:00, 2.04564e-05
2970, 2016-02-01 18:00:00, 2.04029e-05
2971, 2016-02-01 19:00:00, 2.03495e-05
2972, 2016-02-01 20:00:00, 2.02962e-05
2973, 2016-02-01 21:00:00, 2.02431e-05
2974, 2016-02-01 22:00:00, 2.01901e-05
2975, 2016-02-01 23:00:00, 2.01372e-05
2976, 2016-02-02 00:00:00, 2.00845e-05
2977, 2016-02-02 01:00:00, 2.00319e-05
2978, 2016-02-02 02:00:00, 1.99795e-05
2979, 2016-02-02 03:00:00, 1.99272e-05
2980, 2016-02-02 04:00:00, 1.9875e-05
2981, 2016-02-02 05:00:00, 1.9823e-05
2982, 2016-02-02 06:00:00, 1.97711e-05
2983, 2016-02-02 07:00:00, 1.97194e-05
2984, 2016-02-02 08:00:00, 1.96677e-05
2985, 2016-02-02 09:00:00, 1.96163e-05
2986, 2016-02-02 10:00:00, 1.95649e-05
2987, 2016-02-02 11:00:00, 1.95137e-05
2988, 2016-02-02 12:00:00, 1.94626e-05
2989, 2016-02-02 13:00:00, 1.94117e-05
2990, 2016-02-02 14:00:00, 1.93609e-05
2991, 2016-02-02 15:00:00, 1.93102e-05
2992, 2016-02-02 16:00:00, 1.92596e-05
2993, 2016-02-02 17:00:00, 1.92092e-05
2994, 2016-02-02 18:00:00, 1.91589e-05
2995, 2016-02-02 19:00:00, 1.91088e-05
2996, 2016-02-02 20:00:00, 1.90588e-05
2997, 2016-02-02 21:00:00, 1.90089e-05
2998, 2016-02-02 22:00:00, 1.89591e-05
2999, 2016-02-02 23:00:00, 1.89095e-05
3000, 2016-02-03 00:00:00, 1.886e-05
3001, 2016-02-03 01:00:00, 1.88106e-05
3002, 2016-02-03 02:00:00, 1.87614e-05
3003, 2016-02-03 03:00:00, 1.87123e-05
3004, 2016-02-03 04:00:00, 1.86633e-05
3005, 2016-02-03 05:00:00, 1.86144e-05
3006, 2016-02-03 06:00:00, 1.85657e-05
3007, 2016-02-03 07:00:00, 1.85171e-05
3008, 2016-02-03 08:00:00, 1.84686e-05
3009, 2016-02-03 09:00:00, 1.84203e-05
3010, 2016-02-03 10:00:00, 1.83721e-05
3011, 2016-02-03 11:00:00, 1.8324e-05
3012, 2016-02-03 12:00:00, 1.8276e-05
3013, 2016-02-03 13:00:00, 1.82282e-05
3014, 2016-02-03 14:00:00, 1.81804e-05
3015, 2016-02-03 15:00:00, 1.81329e-05
3016, 2016-02-03 16:00:00, 1.80854e-05
3017, 2016-02-03 17:00:00, 1.8038e-05
3018, 2016-02-03 18:00:00, 1.79908e-05
3019, 2016-02-03 19:00:00, 0.00101169
3020, 2016-02-03 20:00:00, 0.0163522
3021, 2016-02-03 21:00:00, 0.0253542
3022, 2016-02-03 22:00:00, 0.0144384
3023, 2016-02-03 23:00:00, 0.0742299
3024, 2016-02-04 00:00:00, 0.163073
3025, 2016-02-04 01:00:00, 0.165421
3026, 2016-02-04 02:00:00, 0.0892805
3027, 2016-02-04 03:00:00, 0.0324776
3028, 2016-02-04 04:00:00, 0.00212312
3029, 2016-02-04 05:00:00, 0.00039814
3030, 2016-02-04 06:00:00, 1.74847e-05
3031, 2016-02-04 07:00:00, 1.74238e-05
3032, 2016-02-04 08:00:00, 1.74088e-05
3033, 2016-02-04 09:00:00, 1.73751e-05
3034, 2016-02-04 10:00:00, 1.74362e-05
3035, 2016-02-04 11:00:00, 0.00012731
3036, 2016-02-04 12:00:00, 0.00602086
3037, 2016-02-04 13:00:00, 0.00280147
3038, 2016-02-04 14:00:00, 0.00223204
3039, 2016-02-04 15:00:00, 4.57487e-05
3040, 2016-02-04 16:00:00, 2.88633e-05
3041, 2016-02-04 17:00:00, 1.69383e-05
3042, 2016-02-04 18:00:00, 1.6894e-05
3043, 2016-02-04 19:00:00, 1.68497e-05
3044, 2016-02-04 20:00:00, 1.68056e-05
3045, 2016-02-04 21:00:00, 1.67616e-05
3046, 2016-02-04 22:00:00, 1.67178e-05
3047, 2016-02-04 23:00:00, 1.6674e-05
3048, 2016-02-05 00:00:00, 1.66304e-05
3049, 2016-02-05 01:00:00, 1.65868e-05
3050, 2016-02-05 02:00:00, 1.65434e-05
3051, 2016-02-05 03:00:00, 1.65001e-05
3052, 2016-02-05 04:00:00, 1.64569e-05
3053, 2016-02-05 05:00:00, 0.000342038
3054, 2016-02-05 06:00:00, 0.00513195
3055, 2016-02-05 07:00:00, 0.00299354
3056, 2016-02-05 08:00:00, 0.00209577
3057, 2016-02-05 09:00:00, 0.000254814
3058, 2016-02-05 10:00:00, 8.59091e-05
3059, 2016-02-05 11:00:00, 0.00139954
3060, 2016-02-05 12:00:00, 0.00123994
3061, 2016-02-05 13:00:00, 0.000774098
3062, 2016-02-05 14:00:00, 0.00023015
3063, 2016-02-05 15:00:00, 1.59892e-05
3064, 2016-02-05 16:00:00, 1.59473e-05
3065, 2016-02-05 17:00:00, 1.59056e-05
3066, 2016-02-05 18:00:00, 1.5864e-05
3067, 2016-02-05 19:00:00, 1.58224e-05
3068, 2016-02-05 20:00:00, 1.5781e-05
3069, 2016-02-05 21:00:00, 1.57397e-05
3070, 2016-02-05 22:00:00, 1.56985e-05
3071, 2016-02-05 23:00:00, 1.56574e-05
3072, 2016-02-06 00:00:00, 1.56164e-05
3073, 2016-02-06 01:00:00, 1.55756e-05
3074, 2016-02-06 02:00:00, 1.55348e-05
3075, 2016-02-06 03:00:00, 1.54941e-05
3076, 2016-02-06 04:00:00, 1.54536e-05
3077, 2016-02-06 05:00:00, 1.54131e-05
3078, 2016-02-06 06:00:00, 1.53728e-05
3079, 2016-02-06 07:00:00, 1.53325e-05
3080, 2016-02-06 08:00:00, 1.52924e-05
3081, 2016-02-06 09:00:00, 1.52524e-05
3082, 2016-02-06 10:00:00, 1.52124e-05
3083, 2016-02-06 11:00:00, 1.51726e-05
3084, 2016-02-06 12:00:00, 1.51329e-05
3085, 2016-02-06 13:00:00, 1.50933e-05
3086, 2016-02-06 14:00:00, 1.50538e-05
3087, 2016-02-06 15:00:00, 1.50144e-05
3088, 2016-02-06 16:00:00, 1.49751e-05
3089, 2016-02-06 17:00:00, 1.49359e-05
3090, 2016-02-06 18:00:00, 0.000194715
3091, 2016-02-06 19:00:00, 0.00130595
3092, 2016-02-06 20:00:00, 0.00146745
3093, 2016-02-06 21:00:00, 0.00141486
3094, 2016-02-06 22:00:00, 0.000985219
3095, 2016-02-06 23:00:00, 0.000688598
3096, 2016-02-07 00:00:00, 0.00048433
3097, 2016-02-07 01:00:00, 0.000343375
3098, 2016-02-07 02:00:00, 0.000245977
3099, 2016-02-07 03:00:00, 0.000178468
3100, 2016-02-07 04:00:00, 0.000131504
3101, 2016-02-07 05:00:00, 9.86901e-05
3102, 2016-02-07 06:00:00, 7.56479e-05
3103, 2016-02-07 07:00:00, 5.93712e-05
3104, 2016-02-07 08:00:00, 4.77958e-05
3105, 2016-02-07 09:00:00, 3.95012e-05
3106, 2016-02-07 10:00:00, 3.35014e-05
3107, 2016-02-07 11:00:00, 2.91187e-05
3108, 2016-02-07 12:00:00, 2.58838e-05
3109, 2016-02-07 13:00:00, 2.34938e-05
3110, 2016-02-07 14:00:00, 2.17342e-05
3111, 2016-02-07 15:00:00, 7.67002e-05
3112, 2016-02-07 16:00:00, 0.00195157
3113, 2016-02-07 17:00:00, 0.0328252
3114, 2016-02-07 18:00:00, 0.0672974
3115, 2016-02-07 19:00:00, 0.0352943
3116, 2016-02-07 20:00:00, 0.0196223
3117, 2016-02-07 21:00:00, 0.000318641
3118, 2016-02-07 22:00:00, 0.000257652
3119, 2016-02-07 23:00:00, 1.38064e-05
3120, 2016-02-08 00:00:00, 1.37703e-05
3121, 2016-02-08 01:00:00, 1.37342e-05
3122, 2016-02-08 02:00:00, 1.36983e-05
3123, 2016-02-08 03:00:00, 1.36624e-05
3124, 2016-02-08 04:00:00, 1.36267e-05
3125, 2016-02-08 05:00:00, 1.3591e-05
3126, 2016-02-08 06:00:00, 1.35554e-05
3127, 2016-02-08 07:00:00, 1.55497e-05
3128, 2016-02-08 08:00:00, 2.56861e-05
3129, 2016-02-08 09:00:00, 3.0249e-05
3130, 2016-02-08 10:00:00, 2.24859e-05
3131, 2016-02-08 11:00:00, 1.73553e-05
3132, 2016-02-08 12:00:00, 1.33439e-05
3133, 2016-02-08 13:00:00, 1.3309e-05
3134, 2016-02-08 14:00:00, 1.32742e-05
3135, 2016-02-08 15:00:00, 1.32394e-05
3136, 2016-02-08 16:00:00, 1.32048e-05
3137, 2016-02-08 17:00:00, 1.31702e-05
3138, 2016-02-08 18:00:00, 1.31357e-05
3139, 2016-02-08 19:00:00, 1.31013e-05
3140, 2016-02-08 20:00:00, 1.3067e-05
3141, 2016-02-08 21:00:00, 1.30328e-05
3142, 2016-02-08 22:00:00, 1.29987e-05
3143, 2016-02-08 23:00:00, 1.29647e-05
3144, 2016-02-09 00:00:00, 1.29308e-05
3145, 2016-02-09 01:00:00, 1.28969e-05
3146, 2016-02-09 02:00:00, 1.28631e-05
3147, 2016-02-09 03:00:00, 1.28295e-05
3148, 2016-02-09 04:00:00, 1.27959e-05
3149, 2016-02-09 05:00:00, 1.27624e-05
3150, 2016-02-09 06:00:00, 1.2729e-05
3151, 2016-02-09 07:00:00, 1.26957e-05
3152, 2016-02-09 08:00:00, 1.26624e-05
3153, 2016-02-09 09:00:00, 1.26293e-05
3154, 2016-02-09 10:00:00, 1.25962e-05
3155, 2016-02-09 11:00:00, 1.25633e-05
3156, 2016-02-09 12:00:00, 1.25304e-05
3157, 2016-02-09 13:00:00, 1.24976e-05
3158, 2016-02-09 14:00:00, 1.24649e-05
3159, 2016-02-09 15:00:00, 1.24322e-05
3160, 2016-02-09 16:00:00, 1.23997e-05
3161, 2016-02-09 17:00:00, 1.23672e-05
3162, 2016-02-09 18:00:00, 1.23349e-05
3163, 2016-02-09 19:00:00, 1.23026e-05
3164, 2016-02-09 20:00:00, 1.22704e-05
3165, 2016-02-09 21:00:00, 1.22383e-05
3166, 2016-02-09 22:00:00, 1.22062e-05
3167, 2016-02-09 23:00:00, 1.21743e-05
3168, 2016-02-10 00:00:00, 1.21424e-05
3169, 2016-02-10 01:00:00, 1.21106e-05
3170, 2016-02-10 02:00:00, 1.20789e-05
3171, 2016-02-10 03:00:00, 1.20473e-05
3172, 2016-02-10 04:00:00, 1.20158e-05
3173, 2016-02-10 05:00:00, 1.19843e-05
3174, 2016-02-10 06:00:00, 1.19529e-05
3175, 2016-02-10 07:00:00, 1.19217e-05
3176, 2016-02-10 08:00:00, 1.18905e-05
3177, 2016-02-10 09:00:00, 1.18593e-05
3178, 2016-02-10 10:00:00, 1.18283e-05
3179, 2016-02-10 11:00:00, 1.17973e-05
3180, 2016-02-10 12:00:00, 1.17664e-05
3181, 2016-02-10 13:00:00, 1.17356e-05
3182, 2016-02-10 14:00:00, 1.17049e-05
3183, 2016-02-10 15:00:00, 1.16743e-05
3184, 2016-02-10 16:00:00, 1.16437e-05
3185, 2016-02-10 17:00:00, 1.16133e-05
3186, 2016-02-10 18:00:00, 1.15829e-05
3187, 2016-02-10 19:00:00, 1.15525e-05
3188, 2016-02-10 20:00:00, 1.15223e-05
3189, 2016-02-10 21:00:00, 1.14921e-05
3190, 2016-02-10 22:00:00, 1.14621e-05
3191, 2016-02-10 23:00:00, 1.14321e-05
3192, 2016-02-11 00:00:00, 1.14021e-05
3193, 2016-02-11 01:00:00, 1.13723e-05
3194, 2016-02-11 02:00:00, 1.13425e-05
3195, 2016-02-11 03:00:00, 1.13128e-05
3196, 2016-02-11 04:00:00, 1.12832e-05
3197, 2016-02-11 05:00:00, 1.12537e-05
3198, 2016-02-11 06:00:00, 1.12242e-05
3199, 2016-02-11 07:00:00, 1.11948e-05
3200, 2016-02-11 08:00:00, 1.11655e-05
3201, 2016-02-11 09:00:00, 1.11363e-05
3202, 2016-02-11 10:00:00, 1.11072e-05
3203, 2016-02-11 11:00:00, 1.10781e-05
3204, 2016-02-11 12:00:00, 1.10491e-05
3205, 2016-02-11 13:00:00, 1.10202e-05
3206, 2016-02-11 14:00:00, 1.09913e-05
3207, 2016-02-11 15:00:00, 1.09625e-05
3208, 2016-02-11 16:00:00, 1.09339e-05
3209, 2016-02-11 17:00:00, 1.09052e-05
3210, 2016-02-11 18:00:00, 1.08767e-05
3211, 2016-02-11 19:00:00, 1.08482e-05
3212, 2016-02-11 20:00:00, 1.08198e-05
3213, 2016-02-11 21:00:00, 1.07915e-05
3214, 2016-02-11 22:00:00, 1.07633e-05
3215, 2016-02-11 23:00:00, 1.07351e-05
3216, 2016-02-12 00:00:00, 1.0707e-05
3217, 2016-02-12 01:00:00, 1.0679e-05
3218, 2016-02-12 02:00:00, 1.0651e-05
3219, 2016-02-12 03:00:00, 1.06231e-05
3220, 2016-02-12 04:00:00, 1.05953e-05
3221, 2016-02-12 05:00:00, 1.05676e-05
3222, 2016-02-12 06:00:00, 1.05399e-05
3223, 2016-02-12 07:00:00, 1.05123e-05
3224, 2016-02-12 08:00:00, 1.04848e-05
3225, 2016-02-12 09:00:00, 1.04574e-05
3226, 2016-02-12 10:00:00, 1.043e-05
3227, 2016-02-12 11:00:00, 1.04027e-05
3228, 2016-02-12 12:00:00, 1.03755e-05
3229, 2016-02-12 13:00:00, 1.03483e-05
3230, 2016-02-12 14:00:00, 1.03212e-05
3231, 2016-02-12 15:00:00, 1.02942e-05
3232, 2016-02-12 16:00:00, 1.02673e-05
3233, 2016-02-12 17:00:00, 1.02404e-05
3234, 2016-02-12 18:00:00, 1.02136e-05
3235, 2016-02-12 19:00:00, 1.01868e-05
3236, 2016-02-12 20:00:00, 1.01602e-05
3237, 2016-02-12 21:00:00, 1.01336e-05
3238, 2016-02-12 22:00:00, 1.01071e-05
3239, 2016-02-12 23:00:00, 1.00806e-05
3240, 2016-02-13 00:00:00, 1.00542e-05
3241, 2016-02-13 01:00:00, 1.00279e-05
3242, 2016-02-13 02:00:00, 1.00017e-05
3243, 2016-02-13 03:00:00, 9.97547e-06
3244, 2016-02-13 04:00:00, 9.94936e-06
3245, 2016-02-13 05:00:00, 9.92332e-06
3246, 2016-02-13 06:00:00, 9.89734e-06
3247, 2016-02-13 07:00:00, 9.87144e-06
3248, 2016-02-13 08:00:00, 9.8456e-06
3249, 2016-02-13 09:00:00, 9.81983e-06
3250, 2016-02-13 10:00:00, 9.79412e-06
3251, 2016-02-13 11:00:00, 9.76849e-06
3252, 2016-02-13 12:00:00, 9.74292e-06
3253, 2016-02-13 13:00:00, 9.71741e-06
3254, 2016-02-13 14:00:00, 9.69198e-06
3255, 2016-02-13 15:00:00, 9.66661e-06
3256, 2016-02-13 16:00:00, 9.64131e-06
3257, 2016-02-13 17:00:00, 9.61607e-06
3258, 2016-02-13 18:00:00, 9.5909e-06
3259, 2016-02-13 19:00:00, 9.56579e-06
3260, 2016-02-13 20:00:00, 9.54076e-06
3261, 2016-02-13 21:00:00, 9.51578e-06
3262, 2016-02-13 22:00:00, 9.49087e-06
3263, 2016-02-13 23:00:00, 9.46603e-06
3264, 2016-02-14 00:00:00, 9.44125e-06
3265, 2016-02-14 01:00:00, 9.41654e-06
3266, 2016-02-14 02:00:00, 9.39189e-06
3267, 2016-02-14 03:00:00, 9.36731e-06
3268, 2016-02-14 04:00:00, 9.34279e-06
3269, 2016-02-14 05:00:00, 9.31833e-06
3270, 2016-02-14 06:00:00, 9.29394e-06
3271, 2016-02-14 07:00:00, 9.26962e-06
3272, 2016-02-14 08:00:00, 9.24535e-06
3273, 2016-02-14 09:00:00, 9.22115e-06
3274, 2016-02-14 10:00:00, 9.19702e-06
3275, 2016-02-14 11:00:00, 9.17294e-06
3276, 2016-02-14 12:00:00, 9.14893e-06
3277, 2016-02-14 13:00:00, 9.12498e-06
3278, 2016-02-14 14:00:00, 9.1011e-06
3279, 2016-02-14 15:00:00, 9.07728e-06
3280, 2016-02-14 16:00:00, 9.05352e-06
3281, 2016-02-14 17:00:00, 9.02982e-06
3282, 2016-02-14 18:00:00, 9.00618e-06
3283, 2016-02-14 19:00:00, 8.98261e-06
3284, 2016-02-14 20:00:00, 8.9591e-06
3285, 2016-02-14 21:00:00, 8.93565e-06
3286, 2016-02-14 22:00:00, 8.91226e-06
3287, 2016-02-14 23:00:00, 8.88893e-06
3288, 2016-02-15 00:00:00, 8.86566e-06
3289, 2016-02-15 01:00:00, 8.84245e-06
3290, 2016-02-15 02:00:00, 8.81931e-06
3291, 2016-02-15 03:00:00, 8.79622e-06
3292, 2016-02-15 04:00:00, 8.7732e-06
3293, 2016-02-15 05:00:00, 8.75024e-06
3294, 2016-02-15 06:00:00, 8.72733e-06
3295, 2016-02-15 07:00:00, 8.70449e-06
3296, 2016-02-15 08:00:00, 8.6817e-06
3297, 2016-02-15 09:00:00, 8.65898e-06
3298, 2016-02-15 10:00:00, 8.63631e-06
3299, 2016-02-15 11:00:00, 8.61371e-06
3300, 2016-02-15 12:00:00, 8.59116e-06
3301, 2016-02-15 13:00:00, 8.56867e-06
3302, 2016-02-15 14:00:00, 8.54625e-06
3303, 2016-02-15 15:00:00, 8.52388e-06
3304, 2016-02-15 16:00:00, 8.50156e-06
3305, 2016-02-15 17:00:00, 8.47931e-06
3306, 2016-02-15 18:00:00, 8.45712e-06
3307, 2016-02-15 19:00:00, 8.43498e-06
3308, 2016-02-15 20:00:00, 8.4129e-06
3309, 2016-02-15 21:00:00, 8.39088e-06
3310, 2016-02-15 22:00:00, 8.36892e-06
3311, 2016-02-15 23:00:00, 8.34701e-06
3312, 2016-02-16 00:00:00, 8.32516e-06
3313, 2016-02-16 01:00:00, 8.30337e-06
3314, 2016-02-16 02:00:00, 8.28164e-06
3315, 2016-02-16 03:00:00, 8.25996e-06
3316, 2016-02-16 04:00:00, 8.23834e-06
3317, 2016-02-16 05:00:00, 8.21677e-06
3318, 2016-02-16 06:00:00, 8.19527e-06
3319, 2016-02-16 07:00:00, 8.17381e-06
3320, 2016-02-16 08:00:00, 8.15242e-06
3321, 2016-02-16 09:00:00, 8.13108e-06
3322, 2016-02-16 10:00:00, 0.00203355
3323, 2016-02-16 11:00:00, 0.151398
3324, 2016-02-16 12:00:00, 0.0703346
3325, 2016-02-16 13:00:00, 0.0553743
3326, 2016-02-16 14:00:00, 0.000491239
3327, 2016-02-16 15:00:00, 0.000462529
3328, 2016-02-16 16:00:00, 0.000205866
3329, 2016-02-16 17:00:00, 0.000164776
3330, 2016-02-16 18:00:00, 1.22505e-05
3331, 2016-02-16 19:00:00, 8.66129e-06
3332, 2016-02-16 20:00:00, 0.00121953
3333, 2016-02-16 21:00:00, 0.142994
3334, 2016-02-16 22:00:00, 0.13324
3335, 2016-02-16 23:00:00, 0.0833424
3336, 2016-02-17 00:00:00, 0.0250293
3337, 2016-02-17 01:00:00, 0.000229265
3338, 2016-02-17 02:00:00, 7.79394e-06
3339, 2016-02-17 03:00:00, 7.75951e-06
3340, 2016-02-17 04:00:00, 7.73754e-06
3341, 2016-02-17 05:00:00, 7.71692e-06
3342, 2016-02-17 06:00:00, 7.69564e-06
3343, 2016-02-17 07:00:00, 7.6755e-06
3344, 2016-02-17 08:00:00, 7.65541e-06
3345, 2016-02-17 09:00:00, 7.63537e-06
3346, 2016-02-17 10:00:00, 7.61538e-06
3347, 2016-02-17 11:00:00, 7.59545e-06
3348, 2016-02-17 12:00:00, 7.57557e-06
3349, 2016-02-17 13:00:00, 7.55574e-06
3350, 2016-02-17 14:00:00, 7.53596e-06
3351, 2016-02-17 15:00:00, 7.51623e-06
3352, 2016-02-17 16:00:00, 7.49656e-06
3353, 2016-02-17 17:00:00, 7.47694e-06
3354, 2016-02-17 18:00:00, 7.45737e-06
3355, 2016-02-17 19:00:00, 7.43785e-06
3356, 2016-02-17 20:00:00, 7.41838e-06
3357, 2016-02-17 21:00:00, 7.39896e-06
3358, 2016-02-17 22:00:00, 7.37959e-06
3359, 2016-02-17 23:00:00, 7.36028e-06
3360, 2016-02-18 00:00:00, 7.34101e-06
3361, 2016-02-18 01:00:00, 7.3218e-06
3362, 2016-02-18 02:00:00, 7.30263e-06
3363, 2016-02-18 03:00:00, 7.28352e-06
3364, 2016-02-18 04:00:00, 7.26445e-06
3365, 2016-02-18 05:00:00, 7.24544e-06
3366, 2016-02-18 06:00:00, 7.22647e-06
3367, 2016-02-18 07:00:00, 7.20756e-06
3368, 2016-02-18 08:00:00, 7.18869e-06
3369, 2016-02-18 09:00:00, 7.16988e-06
3370, 2016-02-18 10:00:00, 7.15111e-06
3371, 2016-02-18 11:00:00, 7.13239e-06
3372, 2016-02-18 12:00:00, 7.11372e-06
3373, 2016-02-18 13:00:00, 7.0951e-06
3374, 2016-02-18 14:00:00, 7.07653e-06
3375, 2016-02-18 15:00:00, 7.07578e-06
3376, 2016-02-18 16:00:00, 7.07131e-06
3377, 2016-02-18 17:00:00, 7.05687e-06
3378, 2016-02-18 18:00:00, 7.03123e-06
3379, 2016-02-18 19:00:00, 6.99634e-06
3380, 2016-02-18 20:00:00, 6.97028e-06
3381, 2016-02-18 21:00:00, 6.94788e-06
3382, 2016-02-18 22:00:00, 6.9297e-06
3383, 2016-02-18 23:00:00, 6.91156e-06
3384, 2016-02-19 00:00:00, 6.89347e-06
3385, 2016-02-19 01:00:00, 6.87542e-06
3386, 2016-02-19 02:00:00, 6.85743e-06
3387, 2016-02-19 03:00:00, 6.83948e-06
3388, 2016-02-19 04:00:00, 6.82158e-06
3389, 2016-02-19 05:00:00, 6.80372e-06
3390, 2016-02-19 06:00:00, 6.78591e-06
3391, 2016-02-19 07:00:00, 6.76815e-06
3392, 2016-02-19 08:00:00, 6.75043e-06
3393, 2016-02-19 09:00:00, 6.73276e-06
3394, 2016-02-19 10:00:00, 6.71514e-06
3395, 2016-02-19 11:00:00, 6.69757e-06
3396, 2016-02-19 12:00:00, 6.68003e-06
3397, 2016-02-19 13:00:00, 6.66255e-06
3398, 2016-02-19 14:00:00, 6.64511e-06
3399, 2016-02-19 15:00:00, 6.6302e-06
3400, 2016-02-19 16:00:00, 6.62398e-06
3401, 2016-02-19 17:00:00, 6.61974e-06
3402, 2016-02-19 18:00:00, 6.61332e-06
3403, 2016-02-19 19:00:00, 6.57674e-06
3404, 2016-02-19 20:00:00, 6.5501e-06
3405, 2016-02-19 21:00:00, 6.52431e-06
3406, 2016-02-19 22:00:00, 6.50723e-06
3407, 2016-02-19 23:00:00, 6.4902e-06
3408, 2016-02-20 00:00:00, 6.47321e-06
3409, 2016-02-20 01:00:00, 6.45627e-06
3410, 2016-02-20 02:00:00, 6.43937e-06
3411, 2016-02-20 03:00:00, 6.42251e-06
3412, 2016-02-20 04:00:00, 6.4057e-06
3413, 2016-02-20 05:00:00, 6.50786e-06
3414, 2016-02-20 06:00:00, 7.04379e-06
3415, 2016-02-20 07:00:00, 6.67947e-06
3416, 2016-02-20 08:00:00, 0.000168388
3417, 2016-02-20 09:00:00, 7.98874e-05
3418, 2016-02-20 10:00:00, 6.51682e-05
3419, 2016-02-20 11:00:00, 6.29976e-06
3420, 2016-02-20 12:00:00, 6.27826e-06
3421, 2016-02-20 13:00:00, 6.2569e-06
3422, 2016-02-20 14:00:00, 6.23999e-06
3423, 2016-02-20 15:00:00, 6.22366e-06
3424, 2016-02-20 16:00:00, 6.20737e-06
3425, 2016-02-20 17:00:00, 6.19112e-06
3426, 2016-02-20 18:00:00, 6.17492e-06
3427, 2016-02-20 19:00:00, 6.15875e-06
3428, 2016-02-20 20:00:00, 6.14263e-06
3429, 2016-02-20 21:00:00, 6.12655e-06
3430, 2016-02-20 22:00:00, 6.11052e-06
3431, 2016-02-20 23:00:00, 6.09452e-06
3432, 2016-02-21 00:00:00, 6.07857e-06
3433, 2016-02-21 01:00:00, 6.06266e-06
3434, 2016-02-21 02:00:00, 6.04679e-06
3435, 2016-02-21 03:00:00, 6.03096e-06
3436, 2016-02-21 04:00:00, 6.01518e-06
3437, 2016-02-21 05:00:00, 5.99943e-06
3438, 2016-02-21 06:00:00, 5.98373e-06
3439, 2016-02-21 07:00:00, 5.96807e-06
3440, 2016-02-21 08:00:00, 5.95245e-06
3441, 2016-02-21 09:00:00, 5.93687e-06
3442, 2016-02-21 10:00:00, 5.92133e-06
3443, 2016-02-21 11:00:00, 5.90583e-06
3444, 2016-02-21 12:00:00, 5.89037e-06
3445, 2016-02-21 13:00:00, 5.87495e-06
3446, 2016-02-21 14:00:00, 5.85957e-06
3447, 2016-02-21 15:00:00, 5.84424e-06
3448, 2016-02-21 16:00:00, 5.82894e-06
3449, 2016-02-21 17:00:00, 5.81368e-06
3450, 2016-02-21 18:00:00, 5.79846e-06
3451, 2016-02-21 19:00:00, 5.78329e-06
3452, 2016-02-21 20:00:00, 5.76815e-06
3453, 2016-02-21 21:00:00, 5.75305e-06
3454, 2016-02-21 22:00:00, 5.73799e-06
3455, 2016-02-21 23:00:00, 5.72297e-06
3456, 2016-02-22 00:00:00, 5.70799e-06
3457, 2016-02-22 01:00:00, 5.69305e-06
3458, 2016-02-22 02:00:00, 5.67815e-06
3459, 2016-02-22 03:00:00, 5.66329e-06
3460, 2016-02-22 04:00:00, 5.64847e-06
3461, 2016-02-22 05:00:00, 1.31624e-05
3462, 2016-02-22 06:00:00, 9.04107e-06
3463, 2016-02-22 07:00:00, 8.34194e-06
3464, 2016-02-22 08:00:00, 5.58956e-06
3465, 2016-02-22 09:00:00, 5.57493e-06
3466, 2016-02-22 10:00:00, 5.56034e-06
3467, 2016-02-22 11:00:00, 5.54578e-06
3468, 2016-02-22 12:00:00, 5.53127e-06
3469, 2016-02-22 13:00:00, 5.51679e-06
3470, 2016-02-22 14:00:00, 5.50235e-06
3471, 2016-02-22 15:00:00, 5.48794e-06
3472, 2016-02-22 16:00:00, 5.47358e-06
3473, 2016-02-22 17:00:00, 5.45925e-06
3474, 2016-02-22 18:00:00, 5.44496e-06
3475, 2016-02-22 19:00:00, 5.43071e-06
3476, 2016-02-22 20:00:00, 5.4165e-06
3477, 2016-02-22 21:00:00, 5.40232e-06
3478, 2016-02-22 22:00:00, 5.38818e-06
3479, 2016-02-22 23:00:00, 5.37408e-06
3480, 2016-02-23 00:00:00, 5.36001e-06
3481, 2016-02-23 01:00:00, 5.34598e-06
3482, 2016-02-23 02:00:00, 5.33199e-06
3483, 2016-02-23 03:00:00, 5.31803e-06
3484, 2016-02-23 04:00:00, 5.30411e-06
3485, 2016-02-23 05:00:00, 5.29023e-06
3486, 2016-02-23 06:00:00, 5.27638e-06
3487, 2016-02-23 07:00:00, 5.26257e-06
3488, 2016-02-23 08:00:00, 5.24879e-06
3489, 2016-02-23 09:00:00, 5.23506e-06
3490, 2016-02-23 10:00:00, 5.22135e-06
3491, 2016-02-23 11:00:00, 5.20769e-06
3492, 2016-02-23 12:00:00, 5.19405e-06
3493, 2016-02-23 13:00:00, 5.18046e-06
3494, 2016-02-23 14:00:00, 5.1669e-06
3495, 2016-02-23 15:00:00, 5.15338e-06
3496, 2016-02-23 16:00:00, 5.13989e-06
3497, 2016-02-23 17:00:00, 5.12643e-06
3498, 2016-02-23 18:00:00, 5.11301e-06
3499, 2016-02-23 19:00:00, 5.09963e-06
3500, 2016-02-23 20:00:00, 5.08628e-06
3501, 2016-02-23 21:00:00, 5.07297e-06
3502, 2016-02-23 22:00:00, 5.05969e-06
3503, 2016-02-23 23:00:00, 2.06681e-05
3504, 2016-02-24 00:00:00, 0.000277182
3505, 2016-02-24 01:00:00, 0.000134774
3506, 2016-02-24 02:00:00, 0.000103067
3507, 2016-02-24 03:00:00, 6.74896e-06
3508, 2016-02-24 04:00:00, 8.78945e-06
3509, 2016-02-24 05:00:00, 2.01928e-05
3510, 2016-02-24 06:00:00, 4.71068e-05
3511, 2016-02-24 07:00:00, 7.19978e-05
3512, 2016-02-24 08:00:00, 9.16326e-05
3513, 2016-02-24 09:00:00, 4.58845e-05
3514, 2016-02-24 10:00:00, 3.22157e-05
3515, 2016-02-24 11:00:00, 4.73398e-05
3516, 2016-02-24 12:00:00, 8.09137e-05
3517, 2016-02-24 13:00:00, 0.000110065
3518, 2016-02-24 14:00:00, 0.00014092
3519, 2016-02-24 15:00:00, 0.000151596
3520, 2016-02-24 16:00:00, 0.000160565
3521, 2016-02-24 17:00:00, 0.000195873
3522, 2016-02-24 18:00:00, 0.00702478
3523, 2016-02-24 19:00:00, 0.076713
3524, 2016-02-24 20:00:00, 0.067807
3525, 2016-02-24 21:00:00, 0.0486855
3526, 2016-02-24 22:00:00, 0.0352095
3527, 2016-02-24 23:00:00, 0.0167056
3528, 2016-02-25 00:00:00, 0.109104
3529, 2016-02-25 01:00:00, 0.0685911
3530, 2016-02-25 02:00:00, 0.067456
3531, 2016-02-25 03:00:00, 0.0177164
3532, 2016-02-25 04:00:00, 0.00919569
3533, 2016-02-25 05:00:00, 0.012584
3534, 2016-02-25 06:00:00, 0.00693793
3535, 2016-02-25 07:00:00, 0.0268441
3536, 2016-02-25 08:00:00, 0.258432
3537, 2016-02-25 09:00:00, 0.121023
3538, 2016-02-25 10:00:00, 0.0903185
3539, 2016-02-25 11:00:00, 9.93043e-05
3540, 2016-02-25 12:00:00, 4.58006e-06
3541, 2016-02-25 13:00:00, 4.56807e-06
3542, 2016-02-25 14:00:00, 4.55611e-06
3543, 2016-02-25 15:00:00, 4.54419e-06
3544, 2016-02-25 16:00:00, 4.53229e-06
3545, 2016-02-25 17:00:00, 4.52043e-06
3546, 2016-02-25 18:00:00, 4.5086e-06
3547, 2016-02-25 19:00:00, 4.49679e-06
3548, 2016-02-25 20:00:00, 4.48502e-06
3549, 2016-02-25 21:00:00, 0.00011235
3550, 2016-02-25 22:00:00, 0.00138636
3551, 2016-02-25 23:00:00, 0.000649523
3552, 2016-02-26 00:00:00, 0.000489114
3553, 2016-02-26 01:00:00, 4.42663e-06
3554, 2016-02-26 02:00:00, 6.86871e-06
3555, 2016-02-26 03:00:00, 5.51879e-06
3556, 2016-02-26 04:00:00, 5.2842e-06
3557, 2016-02-26 05:00:00, 1.1618e-05
3558, 2016-02-26 06:00:00, 7.65878e-06
3559, 2016-02-26 07:00:00, 6.98939e-06
3560, 2016-02-26 08:00:00, 4.34616e-06
3561, 2016-02-26 09:00:00, 4.33479e-06
3562, 2016-02-26 10:00:00, 4.32344e-06
3563, 2016-02-26 11:00:00, 4.31212e-06
3564, 2016-02-26 12:00:00, 4.30084e-06
3565, 2016-02-26 13:00:00, 4.28958e-06
3566, 2016-02-26 14:00:00, 4.27835e-06
3567, 2016-02-26 15:00:00, 4.26715e-06
3568, 2016-02-26 16:00:00, 4.25598e-06
3569, 2016-02-26 17:00:00, 4.24484e-06
3570, 2016-02-26 18:00:00, 4.23373e-06
3571, 2016-02-26 19:00:00, 4.22265e-06
3572, 2016-02-26 20:00:00, 4.2116e-06
3573, 2016-02-26 21:00:00, 4.20058e-06
3574, 2016-02-26 22:00:00, 4.18958e-06
3575, 2016-02-26 23:00:00, 4.17861e-06
3576, 2016-02-27 00:00:00, 4.16768e-06
3577, 2016-02-27 01:00:00, 4.15677e-06
3578, 2016-02-27 02:00:00, 4.14589e-06
3579, 2016-02-27 03:00:00, 4.13504e-06
3580, 2016-02-27 04:00:00, 4.12421e-06
3581, 2016-02-27 05:00:00, 4.11342e-06
3582, 2016-02-27 06:00:00, 4.10265e-06
3583, 2016-02-27 07:00:00, 4.09191e-06
3584, 2016-02-27 08:00:00, 4.0812e-06
3585, 2016-02-27 09:00:00, 4.07052e-06
3586, 2016-02-27 10:00:00, 4.05987e-06
3587, 2016-02-27 11:00:00, 4.04924e-06
3588, 2016-02-27 12:00:00, 4.03864e-06
3589, 2016-02-27 13:00:00, 4.02807e-06
3590, 2016-02-27 14:00:00, 4.01808e-06
3591, 2016-02-27 15:00:00, 4.00726e-06
3592, 2016-02-27 16:00:00, 3.99672e-06
3593, 2016-02-27 17:00:00, 3.98606e-06
3594, 2016-02-27 18:00:00, 3.97563e-06
3595, 2016-02-27 19:00:00, 3.96522e-06
3596, 2016-02-27 20:00:00, 3.95484e-06
3597, 2016-02-27 21:00:00, 3.94449e-06
3598, 2016-02-27 22:00:00, 3.93417e-06
3599, 2016-02-27 23:00:00, 3.92387e-06
3600, 2016-02-28 00:00:00, 3.9136e-06
3601, 2016-02-28 01:00:00, 3.90336e-06
3602, 2016-02-28 02:00:00, 3.89314e-06
3603, 2016-02-28 03:00:00, 3.88295e-06
3604, 2016-02-28 04:00:00, 3.87278e-06
3605, 2016-02-28 05:00:00, 3.86265e-06
3606, 2016-02-28 06:00:00, 3.85254e-06
3607, 2016-02-28 07:00:00, 3.84245e-06
3608, 2016-02-28 08:00:00, 3.8324e-06
3609, 2016-02-28 09:00:00, 3.82237e-06
3610, 2016-02-28 10:00:00, 3.81236e-06
3611, 2016-02-28 11:00:00, 3.80238e-06
3612, 2016-02-28 12:00:00, 3.79243e-06
3613, 2016-02-28 13:00:00, 3.7825e-06
3614, 2016-02-28 14:00:00, 3.7726e-06
3615, 2016-02-28 15:00:00, 3.76273e-06
3616, 2016-02-28 16:00:00, 3.75288e-06
3617, 2016-02-28 17:00:00, 3.74306e-06
3618, 2016-02-28 18:00:00, 3.73326e-06
3619, 2016-02-28 19:00:00, 3.72349e-06
3620, 2016-02-28 20:00:00, 3.71374e-06
3621, 2016-02-28 21:00:00, 3.70402e-06
3622, 2016-02-28 22:00:00, 3.69432e-06
3623, 2016-02-28 23:00:00, 3.68466e-06
3624, 2016-02-29 00:00:00, 3.67501e-06
3625, 2016-02-29 01:00:00, 3.66539e-06
3626, 2016-02-29 02:00:00, 3.6558e-06
3627, 2016-02-29 03:00:00, 3.64623e-06
3628, 2016-02-29 04:00:00, 3.63668e-06
3629, 2016-02-29 05:00:00, 3.62717e-06
3630, 2016-02-29 06:00:00, 3.61767e-06
3631, 2016-02-29 07:00:00, 3.6082e-06
3632, 2016-02-29 08:00:00, 3.59876e-06
3633, 2016-02-29 09:00:00, 3.58934e-06
3634, 2016-02-29 10:00:00, 3.57994e-06
3635, 2016-02-29 11:00:00, 3.57057e-06
3636, 2016-02-29 12:00:00, 3.56123e-06
3637, 2016-02-29 13:00:00, 3.55191e-06
3638, 2016-02-29 14:00:00, 3.54261e-06
3639, 2016-02-29 15:00:00, 3.53334e-06
3640, 2016-02-29 16:00:00, 3.52409e-06
3641, 2016-02-29 17:00:00, 3.51486e-06
3642, 2016-02-29 18:00:00, 3.50566e-06
3643, 2016-02-29 19:00:00, 0.00201472
3644, 2016-02-29 20:00:00, 0.000917681
3645, 2016-02-29 21:00:00, 0.000734833
3646, 2016-02-29 22:00:00, 3.4691e-06
3647, 2016-02-29 23:00:00, 3.46002e-06
3648, 2016-03-01 00:00:00, 3.45097e-06
3649, 2016-03-01 01:00:00, 3.44194e-06
3650, 2016-03-01 02:00:00, 3.43293e-06
3651, 2016-03-01 03:00:00, 3.42394e-06
3652, 2016-03-01 04:00:00, 3.41498e-06
3653, 2016-03-01 05:00:00, 3.40604e-06
3654, 2016-03-01 06:00:00, 3.39712e-06
3655, 2016-03-01 07:00:00, 3.38823e-06
3656, 2016-03-01 08:00:00, 3.37936e-06
3657, 2016-03-01 09:00:00, 3.37052e-06
3658, 2016-03-01 10:00:00, 3.3617e-06
3659, 2016-03-01 11:00:00, 3.3529e-06
3660, 2016-03-01 12:00:00, 3.34412e-06
3661, 2016-03-01 13:00:00, 3.33537e-06
3662, 2016-03-01 14:00:00, 3.32664e-06
3663, 2016-03-01 15:00:00, 3.31793e-06
3664, 2016-03-01 16:00:00, 3.30925e-06
3665, 2016-03-01 17:00:00, 3.30059e-06
3666, 2016-03-01 18:00:00, 3.29195e-06
3667, 2016-03-01 19:00:00, 3.28333e-06
3668, 2016-03-01 20:00:00, 3.27474e-06
3669, 2016-03-01 21:00:00, 3.26616e-06
3670, 2016-03-01 22:00:00, 3.25761e-06
3671, 2016-03-01 23:00:00, 3.24909e-06
3672, 2016-03-02 00:00:00, 3.24058e-06
3673, 2016-03-02 01:00:00, 3.2321e-06
3674, 2016-03-02 02:00:00, 3.22364e-06
3675, 2016-03-02 03:00:00, 3.2152e-06
3676, 2016-03-02 04:00:00, 3.20679e-06
3677, 2016-03-02 05:00:00, 0.0420193
3678, 2016-03-02 06:00:00, 0.0224451
3679, 2016-03-02 07:00:00, 0.0168275
3680, 2016-03-02 08:00:00, 0.00130173
3681, 2016-03-02 09:00:00, 0.00225371
3682, 2016-03-02 10:00:00, 0.0232782
3683, 2016-03-02 11:00:00, 0.0116463
3684, 2016-03-02 12:00:00, 0.0125823
3685, 2016-03-02 13:00:00, 0.0291771
3686, 2016-03-02 14:00:00, 0.0156266
3687, 2016-03-02 15:00:00, 0.0106599
3688, 2016-03-02 16:00:00, 0.000668523
3689, 2016-03-02 17:00:00, 3.09937e-06
3690, 2016-03-02 18:00:00, 3.09126e-06
3691, 2016-03-02 19:00:00, 3.08317e-06
3692, 2016-03-02 20:00:00, 3.0751e-06
3693, 2016-03-02 21:00:00, 3.06705e-06
3694, 2016-03-02 22:00:00, 3.05902e-06
3695, 2016-03-02 23:00:00, 3.05101e-06
3696, 2016-03-03 00:00:00, 3.04303e-06
3697, 2016-03-03 01:00:00, 3.03506e-06
3698, 2016-03-03 02:00:00, 3.02712e-06
3699, 2016-03-03 03:00:00, 3.01919e-06
3700, 2016-03-03 04:00:00, 3.01129e-06
3701, 2016-03-03 05:00:00, 3.00341e-06
3702, 2016-03-03 06:00:00, 2.99555e-06
3703, 2016-03-03 07:00:00, 2.98771e-06
3704, 2016-03-03 08:00:00, 2.97989e-06
3705, 2016-03-03 09:00:00, 2.97209e-06
3706, 2016-03-03 10:00:00, 2.96431e-06
3707, 2016-03-03 11:00:00, 2.95655e-06
3708, 2016-03-03 12:00:00, 2.94881e-06
3709, 2016-03-03 13:00:00, 2.94109e-06
3710, 2016-03-03 14:00:00, 2.93339e-06
3711, 2016-03-03 15:00:00, 2.92572e-06
3712, 2016-03-03 16:00:00, 2.91806e-06
3713, 2016-03-03 17:00:00, 2.91042e-06
3714, 2016-03-03 18:00:00, 2.9028e-06
3715, 2016-03-03 19:00:00, 2.8952e-06
3716, 2016-03-03 20:00:00, 2.88763e-06
3717, 2016-03-03 21:00:00, 2.88007e-06
3718, 2016-03-03 22:00:00, 2.87253e-06
3719, 2016-03-03 23:00:00, 2.86501e-06
3720, 2016-03-04 00:00:00, 2.85751e-06
3721, 2016-03-04 01:00:00, 2.85003e-06
3722, 2016-03-04 02:00:00, 2.84257e-06
3723, 2016-03-04 03:00:00, 2.83513e-06
3724, 2016-03-04 04:00:00, 2.82771e-06
3725, 2016-03-04 05:00:00, 2.82031e-06
3726, 2016-03-04 06:00:00, 2.81293e-06
3727, 2016-03-04 07:00:00, 2.80557e-06
3728, 2016-03-04 08:00:00, 2.79822e-06
3729, 2016-03-04 09:00:00, 2.7909e-06
3730, 2016-03-04 10:00:00, 2.78359e-06
3731, 2016-03-04 11:00:00, 2.77631e-06
3732, 2016-03-04 12:00:00, 2.76904e-06
3733, 2016-03-04 13:00:00, 2.76179e-06
3734, 2016-03-04 14:00:00, 2.75456e-06
3735, 2016-03-04 15:00:00, 2.74735e-06
3736, 2016-03-04 16:00:00, 2.74016e-06
3737, 2016-03-04 17:00:00, 2.73299e-06
3738, 2016-03-04 18:00:00, 2.72584e-06
3739, 2016-03-04 19:00:00, 2.7187e-06
3740, 2016-03-04 20:00:00, 2.71159e-06
3741, 2016-03-04 21:00:00, 2.70449e-06
3742, 2016-03-04 22:00:00, 2.69741e-06
3743, 2016-03-04 23:00:00, 2.69035e-06
3744, 2016-03-05 00:00:00, 2.68331e-06
3745, 2016-03-05 01:00:00, 2.67628e-06
3746, 2016-03-05 02:00:00, 2.66928e-06
3747, 2016-03-05 03:00:00, 2.66229e-06
3748, 2016-03-05 04:00:00, 2.65532e-06
3749, 2016-03-05 05:00:00, 2.64837e-06
3750, 2016-03-05 06:00:00, 2.64144e-06
3751, 2016-03-05 07:00:00, 2.63453e-06
3752, 2016-03-05 08:00:00, 2.62763e-06
3753, 2016-03-05 09:00:00, 2.62076e-06
3754, 2016-03-05 10:00:00, 2.6139e-06
3755, 2016-03-05 11:00:00, 2.60705e-06
3756, 2016-03-05 12:00:00, 2.60023e-06
3757, 2016-03-05 13:00:00, 2.59342e-06
3758, 2016-03-05 14:00:00, 2.58664e-06
3759, 2016-03-05 15:00:00, 2.57987e-06
3760, 2016-03-05 16:00:00, 2.57311e-06
3761, 2016-03-05 17:00:00, 2.56638e-06
3762, 2016-03-05 18:00:00, 2.55966e-06
3763, 2016-03-05 19:00:00, 2.55296e-06
3764, 2016-03-05 20:00:00, 2.54628e-06
3765, 2016-03-05 21:00:00, 2.53961e-06
3766, 2016-03-05 22:00:00, 2.53297e-06
3767, 2016-03-05 23:00:00, 2.52634e-06
3768, 2016-03-06 00:00:00, 2.51972e-06
3769, 2016-03-06 01:00:00, 2.51313e-06
3770, 2016-03-06 02:00:00, 2.50655e-06
3771, 2016-03-06 03:00:00, 2.49999e-06
3772, 2016-03-06 04:00:00, 2.49345e-06
3773, 2016-03-06 05:00:00, 2.48692e-06
3774, 2016-03-06 06:00:00, 2.48041e-06
3775, 2016-03-06 07:00:00, 2.47392e-06
3776, 2016-03-06 08:00:00, 2.46744e-06
3777, 2016-03-06 09:00:00, 2.46098e-06
3778, 2016-03-06 10:00:00, 2.45454e-06
3779, 2016-03-06 11:00:00, 2.44812e-06
3780, 2016-03-06 12:00:00, 2.44171e-06
3781, 2016-03-06 13:00:00, 2.43532e-06
3782, 2016-03-06 14:00:00, 2.42895e-06
3783, 2016-03-06 15:00:00, 2.42259e-06
3784, 2016-03-06 16:00:00, 2.41625e-06
3785, 2016-03-06 17:00:00, 2.40992e-06
3786, 2016-03-06 18:00:00, 2.40361e-06
3787, 2016-03-06 19:00:00, 2.39732e-06
3788, 2016-03-06 20:00:00, 2.39105e-06
3789, 2016-03-06 21:00:00, 2.38479e-06
3790, 2016-03-06 22:00:00, 2.37855e-06
3791, 2016-03-06 23:00:00, 2.37232e-06
3792, 2016-03-07 00:00:00, 2.36611e-06
3793, 2016-03-07 01:00:00, 2.35992e-06
3794, 2016-03-07 02:00:00, 2.35374e-06
3795, 2016-03-07 03:00:00, 2.34758e-06
3796, 2016-03-07 04:00:00, 2.34144e-06
3797, 2016-03-07 05:00:00, 2.33531e-06
3798, 2016-03-07 06:00:00, 2.3292e-06
3799, 2016-03-07 07:00:00, 2.3231e-06
3800, 2016-03-07 08:00:00, 2.31702e-06
3801, 2016-03-07 09:00:00, 2.31095e-06
3802, 2016-03-07 10:00:00, 2.30491e-06
3803, 2016-03-07 11:00:00, 2.29887e-06
3804, 2016-03-07 12:00:00, 2.29286e-06
3805, 2016-03-07 13:00:00, 2.28685e-06
3806, 2016-03-07 14:00:00, 2.28087e-06
3807, 2016-03-07 15:00:00, 2.2749e-06
3808, 2016-03-07 16:00:00, 2.26894e-06
3809, 2016-03-07 17:00:00, 2.26301e-06
3810, 2016-03-07 18:00:00, 2.25708e-06
3811, 2016-03-07 19:00:00, 2.25117e-06
3812, 2016-03-07 20:00:00, 2.24528e-06
3813, 2016-03-07 21:00:00, 2.23941e-06
3814, 2016-03-07 22:00:00, 2.23354e-06
3815, 2016-03-07 23:00:00, 2.2277e-06
3816, 2016-03-08 00:00:00, 2.22187e-06
3817, 2016-03-08 01:00:00, 2.21605e-06
3818, 2016-03-08 02:00:00, 2.21025e-06
3819, 2016-03-08 03:00:00, 2.20447e-06
3820, 2016-03-08 04:00:00, 2.1987e-06
3821, 2016-03-08 05:00:00, 2.19294e-06
3822, 2016-03-08 06:00:00, 2.1872e-06
3823, 2016-03-08 07:00:00, 2.18148e-06
3824, 2016-03-08 08:00:00, 2.17577e-06
3825, 2016-03-08 09:00:00, 2.17007e-06
3826, 2016-03-08 10:00:00, 2.16439e-06
3827, 2016-03-08 11:00:00, 2.15873e-06
3828, 2016-03-08 12:00:00, 2.15308e-06
3829, 2016-03-08 13:00:00, 2.14744e-06
3830, 2016-03-08 14:00:00, 2.14182e-06
3831, 2016-03-08 15:00:00, 2.13621e-06
3832, 2016-03-08 16:00:00, 2.13062e-06
3833, 2016-03-08 17:00:00, 2.12505e-06
3834, 2016-03-08 18:00:00, 2.11948e-06
3835, 2016-03-08 19:00:00, 2.11394e-06
3836, 2016-03-08 20:00:00, 2.1084e-06
3837, 2016-03-08 21:00:00, 2.10288e-06
3838, 2016-03-08 22:00:00, 2.09738e-06
3839, 2016-03-08 23:00:00, 2.09189e-06
3840, 2016-03-09 00:00:00, 2.08641e-06
3841, 2016-03-09 01:00:00, 2.08095e-06
3842, 2016-03-09 02:00:00, 2.07551e-06
3843, 2016-03-09 03:00:00, 2.07007e-06
3844, 2016-03-09 04:00:00, 2.06466e-06
3845, 2016-03-09 05:00:00, 2.05925e-06
3846, 2016-03-09 06:00:00, 2.05386e-06
3847, 2016-03-09 07:00:00, 2.04849e-06
3848, 2016-03-09 08:00:00, 2.04312e-06
3849, 2016-03-09 09:00:00, 2.03778e-06
3850, 2016-03-09 10:00:00, 2.03244e-06
3851, 2016-03-09 11:00:00, 2.02717e-06
3852, 2016-03-09 12:00:00, 2.02184e-06
3853, 2016-03-09 13:00:00, 2.01654e-06
3854, 2016-03-09 14:00:00, 2.01125e-06
3855, 2016-03-09 15:00:00, 2.00598e-06
3856, 2016-03-09 16:00:00, 2.00073e-06
3857, 2016-03-09 17:00:00, 1.9955e-06
3858, 2016-03-09 18:00:00, 1.99027e-06
3859, 2016-03-09 19:00:00, 1.98506e-06
3860, 2016-03-09 20:00:00, 1.97987e-06
3861, 2016-03-09 21:00:00, 1.97468e-06
3862, 2016-03-09 22:00:00, 1.96952e-06
3863, 2016-03-09 23:00:00, 1.96436e-06
3864, 2016-03-10 00:00:00, 1.95922e-06
3865, 2016-03-10 01:00:00, 1.95409e-06
3866, 2016-03-10 02:00:00, 1.94898e-06
3867, 2016-03-10 03:00:00, 1.94388e-06
3868, 2016-03-10 04:00:00, 1.93879e-06
3869, 2016-03-10 05:00:00, 1.93371e-06
3870, 2016-03-10 06:00:00, 1.92865e-06
3871, 2016-03-10 07:00:00, 1.9236e-06
3872, 2016-03-10 08:00:00, 1.91857e-06
3873, 2016-03-10 09:00:00, 1.91355e-06
3874, 2016-03-10 10:00:00, 1.90854e-06
3875, 2016-03-10 11:00:00, 1.90354e-06
3876, 2016-03-10 12:00:00, 1.89856e-06
3877, 2016-03-10 13:00:00, 1.89359e-06
3878, 2016-03-10 14:00:00, 1.88863e-06
3879, 2016-03-10 15:00:00, 1.88369e-06
3880, 2016-03-10 16:00:00, 1.87876e-06
3881, 2016-03-10 17:00:00, 1.87384e-06
3882, 2016-03-10 18:00:00, 1.86894e-06
3883, 2016-03-10 19:00:00, 1.86405e-06
3884, 2016-03-10 20:00:00, 3.89509e-05
3885, 2016-03-10 21:00:00, 1.87142e-05
3886, 2016-03-10 22:00:00, 1.53374e-05
3887, 2016-03-10 23:00:00, 1.84461e-06
3888, 2016-03-11 00:00:00, 1.83978e-06
3889, 2016-03-11 01:00:00, 1.83496e-06
3890, 2016-03-11 02:00:00, 1.83016e-06
3891, 2016-03-11 03:00:00, 1.82537e-06
3892, 2016-03-11 04:00:00, 1.82059e-06
3893, 2016-03-11 05:00:00, 1.81583e-06
3894, 2016-03-11 06:00:00, 1.81107e-06
3895, 2016-03-11 07:00:00, 1.80633e-06
3896, 2016-03-11 08:00:00, 5.43979e-05
3897, 2016-03-11 09:00:00, 5.35702e-05
3898, 2016-03-11 10:00:00, 0.000420077
3899, 2016-03-11 11:00:00, 0.000251133
3900, 2016-03-11 12:00:00, 0.000171205
3901, 2016-03-11 13:00:00, 2.48814e-05
3902, 2016-03-11 14:00:00, 1.7735e-06
3903, 2016-03-11 15:00:00, 1.76886e-06
3904, 2016-03-11 16:00:00, 1.76423e-06
3905, 2016-03-11 17:00:00, 1.75961e-06
3906, 2016-03-11 18:00:00, 1.755e-06
3907, 2016-03-11 19:00:00, 1.75041e-06
3908, 2016-03-11 20:00:00, 1.74583e-06
3909, 2016-03-11 21:00:00, 1.74126e-06
3910, 2016-03-11 22:00:00, 1.7367e-06
3911, 2016-03-11 23:00:00, 1.73215e-06
3912, 2016-03-12 00:00:00, 1.72762e-06
3913, 2016-03-12 01:00:00, 1.7231e-06
3914, 2016-03-12 02:00:00, 1.71859e-06
3915, 2016-03-12 03:00:00, 1.71409e-06
3916, 2016-03-12 04:00:00, 1.7096e-06
3917, 2016-03-12 05:00:00, 1.70513e-06
3918, 2016-03-12 06:00:00, 1.70067e-06
3919, 2016-03-12 07:00:00, 1.69621e-06
3920, 2016-03-12 08:00:00, 1.69177e-06
3921, 2016-03-12 09:00:00, 1.68735e-06
3922, 2016-03-12 10:00:00, 1.68293e-06
3923, 2016-03-12 11:00:00, 1.67853e-06
3924, 2016-03-12 12:00:00, 1.67413e-06
3925, 2016-03-12 13:00:00, 1.66975e-06
3926, 2016-03-12 14:00:00, 1.66538e-06
3927, 2016-03-12 15:00:00, 1.66102e-06
3928, 2016-03-12 16:00:00, 1.65667e-06
3929, 2016-03-12 17:00:00, 1.65234e-06
3930, 2016-03-12 18:00:00, 1.64801e-06
3931, 2016-03-12 19:00:00, 1.6437e-06
3932, 2016-03-12 20:00:00, 1.6394e-06
3933, 2016-03-12 21:00:00, 1.6351e-06
3934, 2016-03-12 22:00:00, 1.63083e-06
3935, 2016-03-12 23:00:00, 1.62656e-06
3936, 2016-03-13 00:00:00, 1.6223e-06
3937, 2016-03-13 01:00:00, 1.61805e-06
3938, 2016-03-13 02:00:00, 1.61382e-06
3939, 2016-03-13 03:00:00, 1.60959e-06
3940, 2016-03-13 04:00:00, 1.60538e-06
3941, 2016-03-13 05:00:00, 1.60118e-06
3942, 2016-03-13 06:00:00, 1.59699e-06
3943, 2016-03-13 07:00:00, 1.59281e-06
3944, 2016-03-13 08:00:00, 1.58864e-06
3945, 2016-03-13 09:00:00, 1.58448e-06
3946, 2016-03-13 10:00:00, 1.58033e-06
3947, 2016-03-13 11:00:00, 1.5762e-06
3948, 2016-03-13 12:00:00, 1.57207e-06
3949, 2016-03-13 13:00:00, 1.56796e-06
3950, 2016-03-13 14:00:00, 1.56385e-06
3951, 2016-03-13 15:00:00, 1.55976e-06
3952, 2016-03-13 16:00:00, 1.55568e-06
3953, 2016-03-13 17:00:00, 1.5516e-06
3954, 2016-03-13 18:00:00, 1.54754e-06
3955, 2016-03-13 19:00:00, 1.54349e-06
3956, 2016-03-13 20:00:00, 1.53945e-06
3957, 2016-03-13 21:00:00, 1.53542e-06
3958, 2016-03-13 22:00:00, 1.5314e-06
3959, 2016-03-13 23:00:00, 1.5274e-06
3960, 2016-03-14 00:00:00, 1.5234e-06
3961, 2016-03-14 01:00:00, 1.51941e-06
3962, 2016-03-14 02:00:00, 1.51543e-06
3963, 2016-03-14 03:00:00, 1.51147e-06
3964, 2016-03-14 04:00:00, 1.50751e-06
3965, 2016-03-14 05:00:00, 1.50357e-06
3966, 2016-03-14 06:00:00, 1.49963e-06
3967, 2016-03-14 07:00:00, 1.49571e-06
3968, 2016-03-14 08:00:00, 1.49179e-06
3969, 2016-03-14 09:00:00, 1.48789e-06
3970, 2016-03-14 10:00:00, 1.60844e-06
3971, 2016-03-14 11:00:00, 1.1597e-05
3972, 2016-03-14 12:00:00, 6.09434e-06
3973, 2016-03-14 13:00:00, 8.03535e-06
3974, 2016-03-14 14:00:00, 0.00137345
3975, 2016-03-14 15:00:00, 0.00284869
3976, 2016-03-14 16:00:00, 0.00270138
3977, 2016-03-14 17:00:00, 0.00402199
3978, 2016-03-14 18:00:00, 0.00219334
3979, 2016-03-14 19:00:00, 0.00122028
3980, 2016-03-14 20:00:00, 0.000199561
3981, 2016-03-14 21:00:00, 8.38025e-05
3982, 2016-03-14 22:00:00, 0.00273914
3983, 2016-03-14 23:00:00, 0.00418398
3984, 2016-03-15 00:00:00, 0.00521348
3985, 2016-03-15 01:00:00, 0.00242816
3986, 2016-03-15 02:00:00, 0.00112279
3987, 2016-03-15 03:00:00, 3.92878e-05
3988, 2016-03-15 04:00:00, 0.0215088
3989, 2016-03-15 05:00:00, 0.0114343
3990, 2016-03-15 06:00:00, 0.00866747
3991, 2016-03-15 07:00:00, 0.00153844
3992, 2016-03-15 08:00:00, 0.000926959
3993, 2016-03-15 09:00:00, 0.00351832
3994, 2016-03-15 10:00:00, 0.00230553
3995, 2016-03-15 11:00:00, 0.00164043
3996, 2016-03-15 12:00:00, 0.000376946
3997, 2016-03-15 13:00:00, 0.000129993
3998, 2016-03-15 14:00:00, 7.57883e-05
3999, 2016-03-15 15:00:00, 4.36599e-05
4000, 2016-03-15 16:00:00, 1.95223e-05
4001, 2016-03-15 17:00:00, 1.36819e-06
4002, 2016-03-15 18:00:00, 1.36461e-06
4003, 2016-03-15 19:00:00, 1.36104e-06
4004, 2016-03-15 20:00:00, 1.35747e-06
4005, 2016-03-15 21:00:00, 1.35392e-06
4006, 2016-03-15 22:00:00, 1.35038e-06
4007, 2016-03-15 23:00:00, 1.34684e-06
4008, 2016-03-16 00:00:00, 1.34332e-06
4009, 2016-03-16 01:00:00, 1.3398e-06
4010, 2016-03-16 02:00:00, 1.3363e-06
4011, 2016-03-16 03:00:00, 1.3328e-06
4012, 2016-03-16 04:00:00, 1.32931e-06
4013, 2016-03-16 05:00:00, 1.32583e-06
4014, 2016-03-16 06:00:00, 1.32236e-06
4015, 2016-03-16 07:00:00, 1.3189e-06
4016, 2016-03-16 08:00:00, 1.31545e-06
4017, 2016-03-16 09:00:00, 1.312e-06
4018, 2016-03-16 10:00:00, 1.30857e-06
4019, 2016-03-16 11:00:00, 1.30514e-06
4020, 2016-03-16 12:00:00, 1.30173e-06
4021, 2016-03-16 13:00:00, 1.29832e-06
4022, 2016-03-16 14:00:00, 1.29492e-06
4023, 2016-03-16 15:00:00, 1.29153e-06
4024, 2016-03-16 16:00:00, 1.28815e-06
4025, 2016-03-16 17:00:00, 1.28478e-06
4026, 2016-03-16 18:00:00, 1.28142e-06
4027, 2016-03-16 19:00:00, 1.27806e-06
4028, 2016-03-16 20:00:00, 1.27472e-06
4029, 2016-03-16 21:00:00, 1.27138e-06
4030, 2016-03-16 22:00:00, 1.26805e-06
4031, 2016-03-16 23:00:00, 1.26474e-06
4032, 2016-03-17 00:00:00, 1.26143e-06
4033, 2016-03-17 01:00:00, 0.00308806
4034, 2016-03-17 02:00:00, 0.00439562
4035, 2016-03-17 03:00:00, 0.0024834
4036, 2016-03-17 04:00:00, 0.00108899
4037, 2016-03-17 05:00:00, 2.88318e-05
4038, 2016-03-17 06:00:00, 0.000560561
4039, 2016-03-17 07:00:00, 0.000259806
4040, 2016-03-17 08:00:00, 0.000200064
4041, 2016-03-17 09:00:00, 1.23202e-06
4042, 2016-03-17 10:00:00, 1.22879e-06
4043, 2016-03-17 11:00:00, 1.22558e-06
4044, 2016-03-17 12:00:00, 1.22237e-06
4045, 2016-03-17 13:00:00, 1.21917e-06
4046, 2016-03-17 14:00:00, 1.21598e-06
4047, 2016-03-17 15:00:00, 1.2128e-06
4048, 2016-03-17 16:00:00, 1.20962e-06
4049, 2016-03-17 17:00:00, 1.20646e-06
4050, 2016-03-17 18:00:00, 1.2033e-06
4051, 2016-03-17 19:00:00, 1.20015e-06
4052, 2016-03-17 20:00:00, 1.19701e-06
4053, 2016-03-17 21:00:00, 1.19388e-06
4054, 2016-03-17 22:00:00, 0.00073133
4055, 2016-03-17 23:00:00, 0.000333069
4056, 2016-03-18 00:00:00, 0.00026669
4057, 2016-03-18 01:00:00, 1.18142e-06
4058, 2016-03-18 02:00:00, 1.17833e-06
4059, 2016-03-18 03:00:00, 1.17525e-06
4060, 2016-03-18 04:00:00, 1.17217e-06
4061, 2016-03-18 05:00:00, 1.1691e-06
4062, 2016-03-18 06:00:00, 1.16604e-06
4063, 2016-03-18 07:00:00, 1.16299e-06
4064, 2016-03-18 08:00:00, 1.15995e-06
4065, 2016-03-18 09:00:00, 1.15691e-06
4066, 2016-03-18 10:00:00, 1.15388e-06
4067, 2016-03-18 11:00:00, 1.15086e-06
4068, 2016-03-18 12:00:00, 1.14785e-06
4069, 2016-03-18 13:00:00, 1.14485e-06
4070, 2016-03-18 14:00:00, 1.14185e-06
4071, 2016-03-18 15:00:00, 1.13886e-06
4072, 2016-03-18 16:00:00, 1.13588e-06
4073, 2016-03-18 17:00:00, 1.13291e-06
4074, 2016-03-18 18:00:00, 1.12994e-06
4075, 2016-03-18 19:00:00, 1.12698e-06
4076, 2016-03-18 20:00:00, 1.12403e-06
4077, 2016-03-18 21:00:00, 2.76456e-05
4078, 2016-03-18 22:00:00, 8.15916e-05
4079, 2016-03-18 23:00:00, 4.18591e-05
4080, 2016-03-19 00:00:00, 2.59911e-05
4081, 2016-03-19 01:00:00, 1.1094e-06
4082, 2016-03-19 02:00:00, 1.1065e-06
4083, 2016-03-19 03:00:00, 1.1036e-06
4084, 2016-03-19 04:00:00, 1.10071e-06
4085, 2016-03-19 05:00:00, 1.09783e-06
4086, 2016-03-19 06:00:00, 1.09496e-06
4087, 2016-03-19 07:00:00, 1.09209e-06
4088, 2016-03-19 08:00:00, 1.08923e-06
4089, 2016-03-19 09:00:00, 1.08638e-06
4090, 2016-03-19 10:00:00, 1.08354e-06
4091, 2016-03-19 11:00:00, 1.0807e-06
4092, 2016-03-19 12:00:00, 1.07787e-06
4093, 2016-03-19 13:00:00, 1.07505e-06
4094, 2016-03-19 14:00:00, 1.07224e-06
4095, 2016-03-19 15:00:00, 1.06943e-06
4096, 2016-03-19 16:00:00, 1.06663e-06
4097, 2016-03-19 17:00:00, 1.06384e-06
4098, 2016-03-19 18:00:00, 1.06106e-06
4099, 2016-03-19 19:00:00, 1.05828e-06
4100, 2016-03-19 20:00:00, 1.05551e-06
4101, 2016-03-19 21:00:00, 1.05275e-06
4102, 2016-03-19 22:00:00, 1.04999e-06
4103, 2016-03-19 23:00:00, 1.04724e-06
4104, 2016-03-20 00:00:00, 1.0445e-06
4105, 2016-03-20 01:00:00, 1.04177e-06
4106, 2016-03-20 02:00:00, 1.03904e-06
4107, 2016-03-20 03:00:00, 1.03632e-06
4108, 2016-03-20 04:00:00, 1.03361e-06
4109, 2016-03-20 05:00:00, 1.0309e-06
4110, 2016-03-20 06:00:00, 1.02821e-06
4111, 2016-03-20 07:00:00, 1.02552e-06
4112, 2016-03-20 08:00:00, 1.02283e-06
4113, 2016-03-20 09:00:00, 1.02015e-06
4114, 2016-03-20 10:00:00, 1.01748e-06
4115, 2016-03-20 11:00:00, 1.01482e-06
4116, 2016-03-20 12:00:00, 1.01216e-06
4117, 2016-03-20 13:00:00, 1.00952e-06
4118, 2016-03-20 14:00:00, 1.00687e-06
4119, 2016-03-20 15:00:00, 1.00424e-06
4120, 2016-03-20 16:00:00, 1.00161e-06
4121, 2016-03-20 17:00:00, 9.98987e-07
4122, 2016-03-20 18:00:00, 9.96372e-07
4123, 2016-03-20 19:00:00, 9.93764e-07
4124, 2016-03-20 20:00:00, 9.91163e-07
4125, 2016-03-20 21:00:00, 9.88569e-07
4126, 2016-03-20 22:00:00, 9.85982e-07
4127, 2016-03-20 23:00:00, 9.83401e-07
4128, 2016-03-21 00:00:00, 9.80827e-07
4129, 2016-03-21 01:00:00, 9.7826e-07
4130, 2016-03-21 02:00:00, 9.75699e-07
4131, 2016-03-21 03:00:00, 9.73145e-07
4132, 2016-03-21 04:00:00, 0.000773517
4133, 2016-03-21 05:00:00, 0.000352125
4134, 2016-03-21 06:00:00, 0.000281891
4135, 2016-03-21 07:00:00, 9.62997e-07
4136, 2016-03-21 08:00:00, 9.60476e-07
4137, 2016-03-21 09:00:00, 9.57962e-07
4138, 2016-03-21 10:00:00, 9.55455e-07
4139, 2016-03-21 11:00:00, 9.52954e-07
4140, 2016-03-21 12:00:00, 9.5046e-07
4141, 2016-03-21 13:00:00, 9.47972e-07
4142, 2016-03-21 14:00:00, 9.45491e-07
4143, 2016-03-21 15:00:00, 9.43016e-07
4144, 2016-03-21 16:00:00, 9.40548e-07
4145, 2016-03-21 17:00:00, 9.38086e-07
4146, 2016-03-21 18:00:00, 9.35631e-07
4147, 2016-03-21 19:00:00, 9.33182e-07
4148, 2016-03-21 20:00:00, 9.30739e-07
4149, 2016-03-21 21:00:00, 9.28303e-07
4150, 2016-03-21 22:00:00, 9.25873e-07
4151, 2016-03-21 23:00:00, 9.2345e-07
4152, 2016-03-22 00:00:00, 9.21033e-07
4153, 2016-03-22 01:00:00, 9.18622e-07
4154, 2016-03-22 02:00:00, 9.16218e-07
4155, 2016-03-22 03:00:00, 9.1382e-07
4156, 2016-03-22 04:00:00, 9.11428e-07
4157, 2016-03-22 05:00:00, 9.09042e-07
4158, 2016-03-22 06:00:00, 9.06663e-07
4159, 2016-03-22 07:00:00, 9.0429e-07
4160, 2016-03-22 08:00:00, 9.01923e-07
4161, 2016-03-22 09:00:00, 8.99562e-07
4162, 2016-03-22 10:00:00, 8.97207e-07
4163, 2016-03-22 11:00:00, 8.94859e-07
4164, 2016-03-22 12:00:00, 8.92517e-07
4165, 2016-03-22 13:00:00, 8.90181e-07
4166, 2016-03-22 14:00:00, 8.87851e-07
4167, 2016-03-22 15:00:00, 8.85527e-07
4168, 2016-03-22 16:00:00, 8.83209e-07
4169, 2016-03-22 17:00:00, 8.80897e-07
4170, 2016-03-22 18:00:00, 8.78592e-07
4171, 2016-03-22 19:00:00, 8.76292e-07
4172, 2016-03-22 20:00:00, 8.71671e-05
4173, 2016-03-22 21:00:00, 0.000122279
4174, 2016-03-22 22:00:00, 0.000124934
4175, 2016-03-22 23:00:00, 8.41415e-05
4176, 2016-03-23 00:00:00, 0.000198191
4177, 2016-03-23 01:00:00, 0.000105445
4178, 2016-03-23 02:00:00, 6.95403e-05
4179, 2016-03-23 03:00:00, 7.98542e-06
4180, 2016-03-23 04:00:00, 8.55864e-07
4181, 2016-03-23 05:00:00, 8.53624e-07
4182, 2016-03-23 06:00:00, 8.5139e-07
4183, 2016-03-23 07:00:00, 8.49161e-07
4184, 2016-03-23 08:00:00, 8.46939e-07
4185, 2016-03-23 09:00:00, 8.44722e-07
4186, 2016-03-23 10:00:00, 8.42511e-07
4187, 2016-03-23 11:00:00, 8.40306e-07
4188, 2016-03-23 12:00:00, 8.38106e-07
4189, 2016-03-23 13:00:00, 0.000186463
4190, 2016-03-23 14:00:00, 8.52096e-05
4191, 2016-03-23 15:00:00, 6.83323e-05
4192, 2016-03-23 16:00:00, 8.29366e-07
4193, 2016-03-23 17:00:00, 8.27195e-07
4194, 2016-03-23 18:00:00, 8.2503e-07
4195, 2016-03-23 19:00:00, 8.22871e-07
4196, 2016-03-23 20:00:00, 8.20717e-07
4197, 2016-03-23 21:00:00, 8.18569e-07
4198, 2016-03-23 22:00:00, 8.16426e-07
4199, 2016-03-23 23:00:00, 8.14289e-07
4200, 2016-03-24 00:00:00, 8.12158e-07
4201, 2016-03-24 01:00:00, 8.10032e-07
4202, 2016-03-24 02:00:00, 8.07912e-07
4203, 2016-03-24 03:00:00, 8.05797e-07
4204, 2016-03-24 04:00:00, 8.03688e-07
4205, 2016-03-24 05:00:00, 8.01585e-07
4206, 2016-03-24 06:00:00, 7.99487e-07
4207, 2016-03-24 07:00:00, 7.97394e-07
4208, 2016-03-24 08:00:00, 7.95307e-07
4209, 2016-03-24 09:00:00, 7.93225e-07
4210, 2016-03-24 10:00:00, 7.91149e-07
4211, 2016-03-24 11:00:00, 7.89078e-07
4212, 2016-03-24 12:00:00, 7.87013e-07
4213, 2016-03-24 13:00:00, 7.84953e-07
4214, 2016-03-24 14:00:00, 7.82899e-07
4215, 2016-03-24 15:00:00, 7.80849e-07
4216, 2016-03-24 16:00:00, 7.78806e-07
4217, 2016-03-24 17:00:00, 7.76767e-07
4218, 2016-03-24 18:00:00, 7.74734e-07
4219, 2016-03-24 19:00:00, 7.72706e-07
4220, 2016-03-24 20:00:00, 7.70684e-07
4221, 2016-03-24 21:00:00, 7.68667e-07
4222, 2016-03-24 22:00:00, 7.66655e-07
4223, 2016-03-24 23:00:00, 7.64648e-07
4224, 2016-03-25 00:00:00, 7.62647e-07
4225, 2016-03-25 01:00:00, 7.6065e-07
4226, 2016-03-25 02:00:00, 7.58659e-07
4227, 2016-03-25 03:00:00, 7.56674e-07
4228, 2016-03-25 04:00:00, 7.54693e-07
4229, 2016-03-25 05:00:00, 7.52718e-07
4230, 2016-03-25 06:00:00, 7.50748e-07
4231, 2016-03-25 07:00:00, 7.48783e-07
4232, 2016-03-25 08:00:00, 7.52929e-07
4233, 2016-03-25 09:00:00, 7.68777e-07
4234, 2016-03-25 10:00:00, 7.843e-07
4235, 2016-03-25 11:00:00, 8.20392e-07
4236, 2016-03-25 12:00:00, 7.79197e-07
4237, 2016-03-25 13:00:00, 0.000433941
4238, 2016-03-25 14:00:00, 0.00127463
4239, 2016-03-25 15:00:00, 0.000667763
4240, 2016-03-25 16:00:00, 0.000401441
4241, 2016-03-25 17:00:00, 7.98996e-06
4242, 2016-03-25 18:00:00, 7.27504e-07
4243, 2016-03-25 19:00:00, 0.000123445
4244, 2016-03-25 20:00:00, 5.65051e-05
4245, 2016-03-25 21:00:00, 4.53469e-05
4246, 2016-03-25 22:00:00, 7.19917e-07
4247, 2016-03-25 23:00:00, 7.18033e-07
4248, 2016-03-26 00:00:00, 2.84585e-06
4249, 2016-03-26 01:00:00, 1.68232e-06
4250, 2016-03-26 02:00:00, 1.48684e-06
4251, 2016-03-26 03:00:00, 7.10545e-07
4252, 2016-03-26 04:00:00, 7.08685e-07
4253, 2016-03-26 05:00:00, 7.0683e-07
4254, 2016-03-26 06:00:00, 7.0498e-07
4255, 2016-03-26 07:00:00, 7.03135e-07
4256, 2016-03-26 08:00:00, 7.01294e-07
4257, 2016-03-26 09:00:00, 6.99459e-07
4258, 2016-03-26 10:00:00, 6.97628e-07
4259, 2016-03-26 11:00:00, 6.95802e-07
4260, 2016-03-26 12:00:00, 6.93981e-07
4261, 2016-03-26 13:00:00, 6.92164e-07
4262, 2016-03-26 14:00:00, 6.90353e-07
4263, 2016-03-26 15:00:00, 6.88546e-07
4264, 2016-03-26 16:00:00, 6.86744e-07
4265, 2016-03-26 17:00:00, 6.84946e-07
4266, 2016-03-26 18:00:00, 6.83153e-07
4267, 2016-03-26 19:00:00, 6.81365e-07
4268, 2016-03-26 20:00:00, 6.79582e-07
4269, 2016-03-26 21:00:00, 6.77803e-07
4270, 2016-03-26 22:00:00, 6.76029e-07
4271, 2016-03-26 23:00:00, 6.74259e-07
4272, 2016-03-27 00:00:00, 6.72495e-07
4273, 2016-03-27 01:00:00, 6.70734e-07
4274, 2016-03-27 02:00:00, 6.68979e-07
4275, 2016-03-27 03:00:00, 6.67228e-07
4276, 2016-03-27 04:00:00, 6.65481e-07
4277, 2016-03-27 05:00:00, 6.6374e-07
4278, 2016-03-27 06:00:00, 6.62002e-07
4279, 2016-03-27 07:00:00, 6.6027e-07
4280, 2016-03-27 08:00:00, 6.58541e-07
4281, 2016-03-27 09:00:00, 6.56818e-07
4282, 2016-03-27 10:00:00, 6.55099e-07
4283, 2016-03-27 11:00:00, 6.53384e-07
4284, 2016-03-27 12:00:00, 6.51674e-07
4285, 2016-03-27 13:00:00, 6.49968e-07
4286, 2016-03-27 14:00:00, 6.48267e-07
4287, 2016-03-27 15:00:00, 6.4657e-07
4288, 2016-03-27 16:00:00, 6.44878e-07
4289, 2016-03-27 17:00:00, 6.4319e-07
4290, 2016-03-27 18:00:00, 6.41506e-07
4291, 2016-03-27 19:00:00, 6.39827e-07
4292, 2016-03-27 20:00:00, 6.38153e-07
4293, 2016-03-27 21:00:00, 6.36482e-07
4294, 2016-03-27 22:00:00, 6.34816e-07
4295, 2016-03-27 23:00:00, 6.33155e-07
4296, 2016-03-28 00:00:00, 6.31497e-07
4297, 2016-03-28 01:00:00, 6.29845e-07
4298, 2016-03-28 02:00:00, 6.28196e-07
4299, 2016-03-28 03:00:00, 6.26552e-07
4300, 2016-03-28 04:00:00, 6.24912e-07
4301, 2016-03-28 05:00:00, 6.23276e-07
4302, 2016-03-28 06:00:00, 6.21645e-07
4303, 2016-03-28 07:00:00, 6.20018e-07
4304, 2016-03-28 08:00:00, 6.18395e-07
4305, 2016-03-28 09:00:00, 6.16776e-07
4306, 2016-03-28 10:00:00, 6.15162e-07
4307, 2016-03-28 11:00:00, 0.00364613
4308, 2016-03-28 12:00:00, 0.0265144
4309, 2016-03-28 13:00:00, 0.0608919
4310, 2016-03-28 14:00:00, 0.0962341
4311, 2016-03-28 15:00:00, 0.0773738
4312, 2016-03-28 16:00:00, 0.0467573
4313, 2016-03-28 17:00:00, 0.0293076
4314, 2016-03-28 18:00:00, 0.0107962
4315, 2016-03-28 19:00:00, 0.00673659
4316, 2016-03-28 20:00:00, 0.000889257
4317, 2016-03-28 21:00:00, 0.000452797
4318, 2016-03-28 22:00:00, 1.55806e-05
4319, 2016-03-28 23:00:00, 1.20951e-05
4320, 2016-03-29 00:00:00, 5.93e-07
4321, 2016-03-29 01:00:00, 6.04198e-07
4322, 2016-03-29 02:00:00, 5.95695e-07
4323, 2016-03-29 03:00:00, 5.92992e-07
4324, 2016-03-29 04:00:00, 5.86815e-07
4325, 2016-03-29 05:00:00, 5.8528e-07
4326, 2016-03-29 06:00:00, 5.83748e-07
4327, 2016-03-29 07:00:00, 5.8222e-07
4328, 2016-03-29 08:00:00, 5.80696e-07
4329, 2016-03-29 09:00:00, 5.79176e-07
4330, 2016-03-29 10:00:00, 5.7766e-07
4331, 2016-03-29 11:00:00, 5.76148e-07
4332, 2016-03-29 12:00:00, 5.7464e-07
4333, 2016-03-29 13:00:00, 5.73136e-07
4334, 2016-03-29 14:00:00, 5.71636e-07
4335, 2016-03-29 15:00:00, 5.7014e-07
4336, 2016-03-29 16:00:00, 5.68647e-07
4337, 2016-03-29 17:00:00, 5.67159e-07
4338, 2016-03-29 18:00:00, 5.65674e-07
4339, 2016-03-29 19:00:00, 5.64194e-07
4340, 2016-03-29 20:00:00, 5.62717e-07
4341, 2016-03-29 21:00:00, 5.61244e-07
4342, 2016-03-29 22:00:00, 5.59775e-07
4343, 2016-03-29 23:00:00, 5.5831e-07
4344, 2016-03-30 00:00:00, 5.56849e-07
4345, 2016-03-30 01:00:00, 5.55391e-07
4346, 2016-03-30 02:00:00, 5.53937e-07
4347, 2016-03-30 03:00:00, 5.52488e-07
4348, 2016-03-30 04:00:00, 5.51042e-07
4349, 2016-03-30 05:00:00, 5.49599e-07
4350, 2016-03-30 06:00:00, 5.48161e-07
4351, 2016-03-30 07:00:00, 5.46726e-07
4352, 2016-03-30 08:00:00, 5.45295e-07
4353, 2016-03-30 09:00:00, 5.43868e-07
4354, 2016-03-30 10:00:00, 5.42444e-07
4355, 2016-03-30 11:00:00, 5.41024e-07
4356, 2016-03-30 12:00:00, 5.39608e-07
4357, 2016-03-30 13:00:00, 5.38196e-07
4358, 2016-03-30 14:00:00, 5.36787e-07
4359, 2016-03-30 15:00:00, 5.35382e-07
4360, 2016-03-30 16:00:00, 5.33981e-07
4361, 2016-03-30 17:00:00, 5.32583e-07
4362, 2016-03-30 18:00:00, 5.31189e-07
4363, 2016-03-30 19:00:00, 5.29799e-07
4364, 2016-03-30 20:00:00, 5.28412e-07
4365, 2016-03-30 21:00:00, 5.27029e-07
4366, 2016-03-30 22:00:00, 5.2565e-07
4367, 2016-03-30 23:00:00, 5.24274e-07
4368, 2016-03-31 00:00:00, 5.22902e-07
4369, 2016-03-31 01:00:00, 5.21533e-07
4370, 2016-03-31 02:00:00, 5.20168e-07
4371, 2016-03-31 03:00:00, 5.18806e-07
4372, 2016-03-31 04:00:00, 5.17448e-07
4373, 2016-03-31 05:00:00, 5.16094e-07
4374, 2016-03-31 06:00:00, 5.14743e-07
4375, 2016-03-31 07:00:00, 5.13396e-07
4376, 2016-03-31 08:00:00, 5.12052e-07
4377, 2016-03-31 09:00:00, 5.10712e-07
4378, 2016-03-31 10:00:00, 5.09375e-07
4379, 2016-03-31 11:00:00, 5.08042e-07
4380, 2016-03-31 12:00:00, 5.06712e-07
4381, 2016-03-31 13:00:00, 5.05386e-07
4382, 2016-03-31 14:00:00, 5.04063e-07
4383, 2016-03-31 15:00:00, 5.02744e-07
4384, 2016-03-31 16:00:00, 5.01428e-07
4385, 2016-03-31 17:00:00, 5.00115e-07
4386, 2016-03-31 18:00:00, 4.98806e-07
4387, 2016-03-31 19:00:00, 4.97501e-07
4388, 2016-03-31 20:00:00, 4.96199e-07
4389, 2016-03-31 21:00:00, 4.949e-07
4390, 2016-03-31 22:00:00, 4.93605e-07
4391, 2016-03-31 23:00:00, 4.92313e-07
4392, 2016-04-01 00:00:00, 4.91024e-07
4393, 2016-04-01 01:00:00, 4.89739e-07
4394, 2016-04-01 02:00:00, 4.88457e-07
4395, 2016-04-01 03:00:00, 4.87179e-07
4396, 2016-04-01 04:00:00, 4.85903e-07
4397, 2016-04-01 05:00:00, 0.000118765
4398, 2016-04-01 06:00:00, 0.00183938
4399, 2016-04-01 07:00:00, 0.001004
4400, 2016-04-01 08:00:00, 0.00608087
4401, 2016-04-01 09:00:00, 0.0110772
4402, 2016-04-01 10:00:00, 0.00585289
4403, 2016-04-01 11:00:00, 0.00318758
4404, 2016-04-01 12:00:00, 3.02291e-05
4405, 2016-04-01 13:00:00, 2.42772e-05
4406, 2016-04-01 14:00:00, 4.73334e-07
4407, 2016-04-01 15:00:00, 4.72095e-07
4408, 2016-04-01 16:00:00, 4.70859e-07
4409, 2016-04-01 17:00:00, 4.69627e-07
4410, 2016-04-01 18:00:00, 4.68398e-07
4411, 2016-04-01 19:00:00, 4.67172e-07
4412, 2016-04-01 20:00:00, 4.65949e-07
4413, 2016-04-01 21:00:00, 4.64729e-07
4414, 2016-04-01 22:00:00, 4.63513e-07
4415, 2016-04-01 23:00:00, 4.623e-07
4416, 2016-04-02 00:00:00, 2.37275e-05
4417, 2016-04-02 01:00:00, 0.0318116
4418, 2016-04-02 02:00:00, 0.0144637
4419, 2016-04-02 03:00:00, 0.0115643
4420, 2016-04-02 04:00:00, 4.56281e-07
4421, 2016-04-02 05:00:00, 4.55087e-07
4422, 2016-04-02 06:00:00, 4.53896e-07
4423, 2016-04-02 07:00:00, 4.52708e-07
4424, 2016-04-02 08:00:00, 4.62295e-06
4425, 2016-04-02 09:00:00, 7.94213e-05
4426, 2016-04-02 10:00:00, 0.00038305
4427, 2016-04-02 11:00:00, 0.000185771
4428, 2016-04-02 12:00:00, 0.000126283
4429, 2016-04-02 13:00:00, 0.00214329
4430, 2016-04-02 14:00:00, 0.0340647
4431, 2016-04-02 15:00:00, 0.0416715
4432, 2016-04-02 16:00:00, 0.052594
4433, 2016-04-02 17:00:00, 0.0332907
4434, 2016-04-02 18:00:00, 0.0181909
4435, 2016-04-02 19:00:00, 0.0052096
4436, 2016-04-02 20:00:00, 0.0010249
4437, 2016-04-02 21:00:00, 3.27824e-06
4438, 2016-04-02 22:00:00, 4.35256e-07
4439, 2016-04-02 23:00:00, 0.014564
4440, 2016-04-03 00:00:00, 0.0287432
4441, 2016-04-03 01:00:00, 0.0153633
4442, 2016-04-03 02:00:00, 0.00805022
4443, 2016-04-03 03:00:00, 4.47059e-06
4444, 2016-04-03 04:00:00, 1.6247e-05
4445, 2016-04-03 05:00:00, 9.64381e-05
4446, 2016-04-03 06:00:00, 0.000766968
4447, 2016-04-03 07:00:00, 0.00151601
4448, 2016-04-03 08:00:00, 0.0140828
4449, 2016-04-03 09:00:00, 0.00646394
4450, 2016-04-03 10:00:00, 0.00596291
4451, 2016-04-03 11:00:00, 0.000854418
4452, 2016-04-03 12:00:00, 0.000916501
4453, 2016-04-03 13:00:00, 0.000461945
4454, 2016-04-03 14:00:00, 0.000259637
4455, 2016-04-03 15:00:00, 9.80273e-05
4456, 2016-04-03 16:00:00, 2.33402e-05
4457, 2016-04-03 17:00:00, 3.98538e-06
4458, 2016-04-03 18:00:00, 4.13029e-07
4459, 2016-04-03 19:00:00, 4.11948e-07
4460, 2016-04-03 20:00:00, 4.1087e-07
4461, 2016-04-03 21:00:00, 4.09794e-07
4462, 2016-04-03 22:00:00, 4.08722e-07
4463, 2016-04-03 23:00:00, 4.07656e-07
4464, 2016-04-04 00:00:00, 4.06587e-07
4465, 2016-04-04 01:00:00, 4.05522e-07
4466, 2016-04-04 02:00:00, 4.04459e-07
4467, 2016-04-04 03:00:00, 4.03401e-07
4468, 2016-04-04 04:00:00, 4.02345e-07
4469, 2016-04-04 05:00:00, 4.01292e-07
4470, 2016-04-04 06:00:00, 4.00241e-07
4471, 2016-04-04 07:00:00, 3.99194e-07
4472, 2016-04-04 08:00:00, 3.98149e-07
4473, 2016-04-04 09:00:00, 3.97107e-07
4474, 2016-04-04 10:00:00, 3.96067e-07
4475, 2016-04-04 11:00:00, 3.95031e-07
4476, 2016-04-04 12:00:00, 3.93997e-07
4477, 2016-04-04 13:00:00, 3.92965e-07
4478, 2016-04-04 14:00:00, 3.91937e-07
4479, 2016-04-04 15:00:00, 3.90911e-07
4480, 2016-04-04 16:00:00, 3.89888e-07
4481, 2016-04-04 17:00:00, 3.88867e-07
4482, 2016-04-04 18:00:00, 3.8785e-07
4483, 2016-04-04 19:00:00, 3.86834e-07
4484, 2016-04-04 20:00:00, 3.85822e-07
4485, 2016-04-04 21:00:00, 3.84812e-07
4486, 2016-04-04 22:00:00, 3.83805e-07
4487, 2016-04-04 23:00:00, 3.828e-07
4488, 2016-04-05 00:00:00, 3.81798e-07
4489, 2016-04-05 01:00:00, 3.80799e-07
4490, 2016-04-05 02:00:00, 3.79802e-07
4491, 2016-04-05 03:00:00, 3.78808e-07
4492, 2016-04-05 04:00:00, 3.77817e-07
4493, 2016-04-05 05:00:00, 3.76828e-07
4494, 2016-04-05 06:00:00, 3.75841e-07
4495, 2016-04-05 07:00:00, 3.74858e-07
4496, 2016-04-05 08:00:00, 3.73877e-07
4497, 2016-04-05 09:00:00, 3.72898e-07
4498, 2016-04-05 10:00:00, 3.71922e-07
4499, 2016-04-05 11:00:00, 3.70949e-07
4500, 2016-04-05 12:00:00, 3.69978e-07
4501, 2016-04-05 13:00:00, 3.69009e-07
4502, 2016-04-05 14:00:00, 3.68043e-07
4503, 2016-04-05 15:00:00, 3.6708e-07
4504, 2016-04-05 16:00:00, 3.66119e-07
4505, 2016-04-05 17:00:00, 3.65161e-07
4506, 2016-04-05 18:00:00, 3.64205e-07
4507, 2016-04-05 19:00:00, 3.63252e-07
4508, 2016-04-05 20:00:00, 3.62301e-07
4509, 2016-04-05 21:00:00, 3.61353e-07
4510, 2016-04-05 22:00:00, 3.60407e-07
4511, 2016-04-05 23:00:00, 3.59464e-07
4512, 2016-04-06 00:00:00, 3.58523e-07
4513, 2016-04-06 01:00:00, 3.57584e-07
4514, 2016-04-06 02:00:00, 3.56649e-07
4515, 2016-04-06 03:00:00, 3.55715e-07
4516, 2016-04-06 04:00:00, 3.54784e-07
4517, 2016-04-06 05:00:00, 3.53855e-07
4518, 2016-04-06 06:00:00, 3.52929e-07
4519, 2016-04-06 07:00:00, 3.52005e-07
4520, 2016-04-06 08:00:00, 3.51084e-07
4521, 2016-04-06 09:00:00, 3.50165e-07
4522, 2016-04-06 10:00:00, 3.49249e-07
4523, 2016-04-06 11:00:00, 3.48334e-07
4524, 2016-04-06 12:00:00, 3.47423e-07
4525, 2016-04-06 13:00:00, 3.46513e-07
4526, 2016-04-06 14:00:00, 3.45606e-07
4527, 2016-04-06 15:00:00, 3.441e-06
4528, 2016-04-06 16:00:00, 0.000818569
4529, 2016-04-06 17:00:00, 0.0176651
4530, 2016-04-06 18:00:00, 0.0454953
4531, 2016-04-06 19:00:00, 0.0232602
4532, 2016-04-06 20:00:00, 0.0143557
4533, 2016-04-06 21:00:00, 0.000587814
4534, 2016-04-06 22:00:00, 0.000389529
4535, 2016-04-06 23:00:00, 8.53785e-05
4536, 2016-04-07 00:00:00, 3.36666e-07
4537, 2016-04-07 01:00:00, 3.35785e-07
4538, 2016-04-07 02:00:00, 3.34906e-07
4539, 2016-04-07 03:00:00, 3.3403e-07
4540, 2016-04-07 04:00:00, 3.33155e-07
4541, 2016-04-07 05:00:00, 3.32283e-07
4542, 2016-04-07 06:00:00, 3.31414e-07
4543, 2016-04-07 07:00:00, 3.30546e-07
4544, 2016-04-07 08:00:00, 3.2969e-07
4545, 2016-04-07 09:00:00, 3.28822e-07
4546, 2016-04-07 10:00:00, 3.27961e-07
4547, 2016-04-07 11:00:00, 3.27099e-07
4548, 2016-04-07 12:00:00, 3.26243e-07
4549, 2016-04-07 13:00:00, 2.04037e-05
4550, 2016-04-07 14:00:00, 0.0237666
4551, 2016-04-07 15:00:00, 0.0186498
4552, 2016-04-07 16:00:00, 0.0207563
4553, 2016-04-07 17:00:00, 0.0868033
4554, 2016-04-07 18:00:00, 0.0790854
4555, 2016-04-07 19:00:00, 0.0623225
4556, 2016-04-07 20:00:00, 0.0328552
4557, 2016-04-07 21:00:00, 0.0314295
4558, 2016-04-07 22:00:00, 0.0145121
4559, 2016-04-07 23:00:00, 0.00793067
4560, 2016-04-08 00:00:00, 0.000337752
4561, 2016-04-08 01:00:00, 3.15315e-07
4562, 2016-04-08 02:00:00, 3.14489e-07
4563, 2016-04-08 03:00:00, 3.13666e-07
4564, 2016-04-08 04:00:00, 3.12845e-07
4565, 2016-04-08 05:00:00, 3.12026e-07
4566, 2016-04-08 06:00:00, 3.1121e-07
4567, 2016-04-08 07:00:00, 3.10395e-07
4568, 2016-04-08 08:00:00, 3.09583e-07
4569, 2016-04-08 09:00:00, 3.08772e-07
4570, 2016-04-08 10:00:00, 3.07964e-07
4571, 2016-04-08 11:00:00, 3.07158e-07
4572, 2016-04-08 12:00:00, 3.06354e-07
4573, 2016-04-08 13:00:00, 3.05552e-07
4574, 2016-04-08 14:00:00, 3.04753e-07
4575, 2016-04-08 15:00:00, 3.03955e-07
4576, 2016-04-08 16:00:00, 3.03159e-07
4577, 2016-04-08 17:00:00, 3.02366e-07
4578, 2016-04-08 18:00:00, 3.01574e-07
4579, 2016-04-08 19:00:00, 3.00785e-07
4580, 2016-04-08 20:00:00, 2.99998e-07
4581, 2016-04-08 21:00:00, 2.99213e-07
4582, 2016-04-08 22:00:00, 2.98429e-07
4583, 2016-04-08 23:00:00, 2.97648e-07
4584, 2016-04-09 00:00:00, 2.96869e-07
4585, 2016-04-09 01:00:00, 2.96092e-07
4586, 2016-04-09 02:00:00, 2.95317e-07
4587, 2016-04-09 03:00:00, 2.94544e-07
4588, 2016-04-09 04:00:00, 2.93773e-07
4589, 2016-04-09 05:00:00, 2.93004e-07
4590, 2016-04-09 06:00:00, 2.92238e-07
4591, 2016-04-09 07:00:00, 2.91473e-07
4592, 2016-04-09 08:00:00, 2.9071e-07
4593, 2016-04-09 09:00:00, 2.89949e-07
4594, 2016-04-09 10:00:00, 2.8919e-07
4595, 2016-04-09 11:00:00, 2.88433e-07
4596, 2016-04-09 12:00:00, 2.87678e-07
4597, 2016-04-09 13:00:00, 2.86925e-07
4598, 2016-04-09 14:00:00, 2.86174e-07
4599, 2016-04-09 15:00:00, 2.85425e-07
4600, 2016-04-09 16:00:00, 2.84678e-07
4601, 2016-04-09 17:00:00, 2.83933e-07
4602, 2016-04-09 18:00:00, 2.8319e-07
4603, 2016-04-09 19:00:00, 2.82448e-07
4604, 2016-04-09 20:00:00, 2.81709e-07
4605, 2016-04-09 21:00:00, 2.80972e-07
4606, 2016-04-09 22:00:00, 2.80236e-07
4607, 2016-04-09 23:00:00, 2.79503e-07
4608, 2016-04-10 00:00:00, 2.78771e-07
4609, 2016-04-10 01:00:00, 2.78042e-07
4610, 2016-04-10 02:00:00, 2.77314e-07
4611, 2016-04-10 03:00:00, 2.76588e-07
4612, 2016-04-10 04:00:00, 2.75864e-07
4613, 2016-04-10 05:00:00, 2.75142e-07
4614, 2016-04-10 06:00:00, 2.74422e-07
4615, 2016-04-10 07:00:00, 2.73704e-07
4616, 2016-04-10 08:00:00, 2.72987e-07
4617, 2016-04-10 09:00:00, 2.72273e-07
4618, 2016-04-10 10:00:00, 2.7156e-07
4619, 2016-04-10 11:00:00, 2.70849e-07
4620, 2016-04-10 12:00:00, 2.7014e-07
4621, 2016-04-10 13:00:00, 2.69433e-07
4622, 2016-04-10 14:00:00, 2.68728e-07
4623, 2016-04-10 15:00:00, 2.68025e-07
4624, 2016-04-10 16:00:00, 2.67323e-07
4625, 2016-04-10 17:00:00, 2.66624e-07
4626, 2016-04-10 18:00:00, 2.65926e-07
4627, 2016-04-10 19:00:00, 2.6523e-07
4628, 2016-04-10 20:00:00, 2.64535e-07
4629, 2016-04-10 21:00:00, 2.63843e-07
4630, 2016-04-10 22:00:00, 2.63152e-07
4631, 2016-04-10 23:00:00, 2.62464e-07
4632, 2016-04-11 00:00:00, 2.61777e-07
4633, 2016-04-11 01:00:00, 2.61092e-07
4634, 2016-04-11 02:00:00, 2.60408e-07
4635, 2016-04-11 03:00:00, 2.59727e-07
4636, 2016-04-11 04:00:00, 2.59047e-07
4637, 2016-04-11 05:00:00, 2.58369e-07
4638, 2016-04-11 06:00:00, 2.57692e-07
4639, 2016-04-11 07:00:00, 2.57018e-07
4640, 2016-04-11 08:00:00, 2.56345e-07
4641, 2016-04-11 09:00:00, 2.55674e-07
4642, 2016-04-11 10:00:00, 2.55005e-07
4643, 2016-04-11 11:00:00, 1.48164e-06
4644, 2016-04-11 12:00:00, 5.33172e-05
4645, 2016-04-11 13:00:00, 2.45655e-05
4646, 2016-04-11 14:00:00, 1.93453e-05
4647, 2016-04-11 15:00:00, 2.51685e-07
4648, 2016-04-11 16:00:00, 2.51026e-07
4649, 2016-04-11 17:00:00, 2.50369e-07
4650, 2016-04-11 18:00:00, 2.49714e-07
4651, 2016-04-11 19:00:00, 2.49061e-07
4652, 2016-04-11 20:00:00, 2.48409e-07
4653, 2016-04-11 21:00:00, 2.47758e-07
4654, 2016-04-11 22:00:00, 2.4711e-07
4655, 2016-04-11 23:00:00, 2.46463e-07
4656, 2016-04-12 00:00:00, 2.45818e-07
4657, 2016-04-12 01:00:00, 2.45175e-07
4658, 2016-04-12 02:00:00, 2.44533e-07
4659, 2016-04-12 03:00:00, 2.43893e-07
4660, 2016-04-12 04:00:00, 2.43255e-07
4661, 2016-04-12 05:00:00, 2.42618e-07
4662, 2016-04-12 06:00:00, 2.41983e-07
4663, 2016-04-12 07:00:00, 2.41349e-07
4664, 2016-04-12 08:00:00, 2.40718e-07
4665, 2016-04-12 09:00:00, 2.40088e-07
4666, 2016-04-12 10:00:00, 2.39459e-07
4667, 2016-04-12 11:00:00, 2.38833e-07
4668, 2016-04-12 12:00:00, 2.38207e-07
4669, 2016-04-12 13:00:00, 9.14759e-06
4670, 2016-04-12 14:00:00, 0.0111178
4671, 2016-04-12 15:00:00, 0.0138561
4672, 2016-04-12 16:00:00, 0.0241591
4673, 2016-04-12 17:00:00, 0.0117834
4674, 2016-04-12 18:00:00, 0.00763077
4675, 2016-04-12 19:00:00, 0.00100203
4676, 2016-04-12 20:00:00, 0.000436036
4677, 2016-04-12 21:00:00, 2.32654e-07
4678, 2016-04-12 22:00:00, 2.32045e-07
4679, 2016-04-12 23:00:00, 2.31438e-07
4680, 2016-04-13 00:00:00, 2.30832e-07
4681, 2016-04-13 01:00:00, 2.30228e-07
4682, 2016-04-13 02:00:00, 2.29626e-07
4683, 2016-04-13 03:00:00, 2.29025e-07
4684, 2016-04-13 04:00:00, 2.28425e-07
4685, 2016-04-13 05:00:00, 2.27827e-07
4686, 2016-04-13 06:00:00, 2.27231e-07
4687, 2016-04-13 07:00:00, 2.26636e-07
4688, 2016-04-13 08:00:00, 2.26043e-07
4689, 2016-04-13 09:00:00, 2.25451e-07
4690, 2016-04-13 10:00:00, 2.24861e-07
4691, 2016-04-13 11:00:00, 2.24273e-07
4692, 2016-04-13 12:00:00, 2.23686e-07
4693, 2016-04-13 13:00:00, 2.231e-07
4694, 2016-04-13 14:00:00, 2.22516e-07
4695, 2016-04-13 15:00:00, 2.21934e-07
4696, 2016-04-13 16:00:00, 2.21353e-07
4697, 2016-04-13 17:00:00, 2.20774e-07
4698, 2016-04-13 18:00:00, 2.20196e-07
4699, 2016-04-13 19:00:00, 2.19619e-07
4700, 2016-04-13 20:00:00, 2.19045e-07
4701, 2016-04-13 21:00:00, 2.18471e-07
4702, 2016-04-13 22:00:00, 2.17899e-07
4703, 2016-04-13 23:00:00, 2.17329e-07
4704, 2016-04-14 00:00:00, 2.1676e-07
4705, 2016-04-14 01:00:00, 2.16193e-07
4706, 2016-04-14 02:00:00, 2.15627e-07
4707, 2016-04-14 03:00:00, 2.15063e-07
4708, 2016-04-14 04:00:00, 2.145e-07
4709, 2016-04-14 05:00:00, 2.13938e-07
4710, 2016-04-14 06:00:00, 2.13378e-07
4711, 2016-04-14 07:00:00, 2.1282e-07
4712, 2016-04-14 08:00:00, 2.12263e-07
4713, 2016-04-14 09:00:00, 2.11707e-07
4714, 2016-04-14 10:00:00, 2.11153e-07
4715, 2016-04-14 11:00:00, 2.106e-07
4716, 2016-04-14 12:00:00, 2.10049e-07
4717, 2016-04-14 13:00:00, 2.09499e-07
4718, 2016-04-14 14:00:00, 2.08951e-07
4719, 2016-04-14 15:00:00, 2.08404e-07
4720, 2016-04-14 16:00:00, 2.07859e-07
4721, 2016-04-14 17:00:00, 2.07315e-07
4722, 2016-04-14 18:00:00, 2.06772e-07
4723, 2016-04-14 19:00:00, 2.06231e-07
4724, 2016-04-14 20:00:00, 2.05691e-07
4725, 2016-04-14 21:00:00, 2.05153e-07
4726, 2016-04-14 22:00:00, 2.04616e-07
4727, 2016-04-14 23:00:00, 2.0408e-07
4728, 2016-04-15 00:00:00, 2.03546e-07
4729, 2016-04-15 01:00:00, 2.03013e-07
4730, 2016-04-15 02:00:00, 2.02482e-07
4731, 2016-04-15 03:00:00, 2.01952e-07
4732, 2016-04-15 04:00:00, 2.01423e-07
4733, 2016-04-15 05:00:00, 2.00896e-07
4734, 2016-04-15 06:00:00, 2.0037e-07
4735, 2016-04-15 07:00:00, 1.99846e-07
4736, 2016-04-15 08:00:00, 1.99323e-07
4737, 2016-04-15 09:00:00, 1.98801e-07
4738, 2016-04-15 10:00:00, 1.98281e-07
4739, 2016-04-15 11:00:00, 1.97762e-07
4740, 2016-04-15 12:00:00, 1.97244e-07
4741, 2016-04-15 13:00:00, 1.96728e-07
4742, 2016-04-15 14:00:00, 1.96213e-07
4743, 2016-04-15 15:00:00, 1.95699e-07
4744, 2016-04-15 16:00:00, 1.95187e-07
4745, 2016-04-15 17:00:00, 1.94676e-07
4746, 2016-04-15 18:00:00, 1.94167e-07
4747, 2016-04-15 19:00:00, 1.93658e-07
4748, 2016-04-15 20:00:00, 1.93151e-07
4749, 2016-04-15 21:00:00, 1.92646e-07
4750, 2016-04-15 22:00:00, 1.92142e-07
4751, 2016-04-15 23:00:00, 1.91639e-07
4752, 2016-04-16 00:00:00, 1.91137e-07
4753, 2016-04-16 01:00:00, 1.90637e-07
4754, 2016-04-16 02:00:00, 1.90138e-07
4755, 2016-04-16 03:00:00, 1.8964e-07
4756, 2016-04-16 04:00:00, 1.89144e-07
4757, 2016-04-16 05:00:00, 1.88649e-07
4758, 2016-04-16 06:00:00, 1.88155e-07
4759, 2016-04-16 07:00:00, 1.87663e-07
4760, 2016-04-16 08:00:00, 1.87171e-07
4761, 2016-04-16 09:00:00, 1.86681e-07
4762, 2016-04-16 10:00:00, 1.86193e-07
4763, 2016-04-16 11:00:00, 1.85706e-07
4764, 2016-04-16 12:00:00, 1.85219e-07
4765, 2016-04-16 13:00:00, 1.84735e-07
4766, 2016-04-16 14:00:00, 1.84251e-07
4767, 2016-04-16 15:00:00, 1.83769e-07
4768, 2016-04-16 16:00:00, 1.83288e-07
4769, 2016-04-16 17:00:00, 1.82808e-07
4770, 2016-04-16 18:00:00, 1.8233e-07
4771, 2016-04-16 19:00:00, 1.81852e-07
4772, 2016-04-16 20:00:00, 1.81376e-07
4773, 2016-04-16 21:00:00, 1.80902e-07
4774, 2016-04-16 22:00:00, 1.80428e-07
4775, 2016-04-16 23:00:00, 1.79956e-07
4776, 2016-04-17 00:00:00, 1.79485e-07
4777, 2016-04-17 01:00:00, 1.79015e-07
4778, 2016-04-17 02:00:00, 1.78547e-07
4779, 2016-04-17 03:00:00, 1.78079e-07
4780, 2016-04-17 04:00:00, 1.77613e-07
4781, 2016-04-17 05:00:00, 1.77148e-07
4782, 2016-04-17 06:00:00, 1.76685e-07
4783, 2016-04-17 07:00:00, 1.76222e-07
4784, 2016-04-17 08:00:00, 1.75761e-07
4785, 2016-04-17 09:00:00, 1.75301e-07
4786, 2016-04-17 10:00:00, 1.74842e-07
4787, 2016-04-17 11:00:00, 1.74384e-07
4788, 2016-04-17 12:00:00, 1.73928e-07
4789, 2016-04-17 13:00:00, 1.73473e-07
4790, 2016-04-17 14:00:00, 1.73019e-07
4791, 2016-04-17 15:00:00, 1.72566e-07
4792, 2016-04-17 16:00:00, 1.72114e-07
4793, 2016-04-17 17:00:00, 1.71664e-07
4794, 2016-04-17 18:00:00, 1.71214e-07
4795, 2016-04-17 19:00:00, 1.70766e-07
4796, 2016-04-17 20:00:00, 1.70319e-07
4797, 2016-04-17 21:00:00, 1.69873e-07
4798, 2016-04-17 22:00:00, 1.69429e-07
4799, 2016-04-17 23:00:00, 1.68985e-07
4800, 2016-04-18 00:00:00, 1.68543e-07
4801, 2016-04-18 01:00:00, 1.68102e-07
4802, 2016-04-18 02:00:00, 1.67662e-07
4803, 2016-04-18 03:00:00, 1.67223e-07
4804, 2016-04-18 04:00:00, 1.66785e-07
4805, 2016-04-18 05:00:00, 1.66349e-07
4806, 2016-04-18 06:00:00, 1.65913e-07
4807, 2016-04-18 07:00:00, 1.65479e-07
4808, 2016-04-18 08:00:00, 1.65046e-07
4809, 2016-04-18 09:00:00, 1.64614e-07
4810, 2016-04-18 10:00:00, 1.64183e-07
4811, 2016-04-18 11:00:00, 1.63753e-07
4812, 2016-04-18 12:00:00, 1.63325e-07
4813, 2016-04-18 13:00:00, 1.62897e-07
4814, 2016-04-18 14:00:00, 1.62471e-07
4815, 2016-04-18 15:00:00, 1.62046e-07
4816, 2016-04-18 16:00:00, 1.61622e-07
4817, 2016-04-18 17:00:00, 1.61199e-07
4818, 2016-04-18 18:00:00, 1.60777e-07
4819, 2016-04-18 19:00:00, 1.60356e-07
4820, 2016-04-18 20:00:00, 1.59936e-07
4821, 2016-04-18 21:00:00, 1.59518e-07
4822, 2016-04-18 22:00:00, 1.591e-07
4823, 2016-04-18 23:00:00, 1.58684e-07
4824, 2016-04-19 00:00:00, 1.58268e-07
4825, 2016-04-19 01:00:00, 1.57854e-07
4826, 2016-04-19 02:00:00, 1.57441e-07
4827, 2016-04-19 03:00:00, 1.57029e-07
4828, 2016-04-19 04:00:00, 1.56618e-07
4829, 2016-04-19 05:00:00, 1.56208e-07
4830, 2016-04-19 06:00:00, 1.55799e-07
4831, 2016-04-19 07:00:00, 1.55391e-07
4832, 2016-04-19 08:00:00, 1.54984e-07
4833, 2016-04-19 09:00:00, 1.54579e-07
4834, 2016-04-19 10:00:00, 1.54174e-07
4835, 2016-04-19 11:00:00, 1.53771e-07
4836, 2016-04-19 12:00:00, 1.53368e-07
4837, 2016-04-19 13:00:00, 1.52967e-07
4838, 2016-04-19 14:00:00, 1.52566e-07
4839, 2016-04-19 15:00:00, 1.52167e-07
4840, 2016-04-19 16:00:00, 1.51769e-07
4841, 2016-04-19 17:00:00, 1.51371e-07
4842, 2016-04-19 18:00:00, 1.50975e-07
4843, 2016-04-19 19:00:00, 1.5058e-07
4844, 2016-04-19 20:00:00, 1.50186e-07
4845, 2016-04-19 21:00:00, 1.49793e-07
4846, 2016-04-19 22:00:00, 1.49401e-07
4847, 2016-04-19 23:00:00, 1.4901e-07
4848, 2016-04-20 00:00:00, 1.4862e-07
4849, 2016-04-20 01:00:00, 1.48231e-07
4850, 2016-04-20 02:00:00, 1.47843e-07
4851, 2016-04-20 03:00:00, 1.47456e-07
4852, 2016-04-20 04:00:00, 1.4707e-07
4853, 2016-04-20 05:00:00, 1.46685e-07
4854, 2016-04-20 06:00:00, 1.46301e-07
4855, 2016-04-20 07:00:00, 1.45918e-07
4856, 2016-04-20 08:00:00, 1.45536e-07
4857, 2016-04-20 09:00:00, 1.45155e-07
4858, 2016-04-20 10:00:00, 1.44775e-07
4859, 2016-04-20 11:00:00, 1.44396e-07
4860, 2016-04-20 12:00:00, 1.44018e-07
4861, 2016-04-20 13:00:00, 1.43641e-07
4862, 2016-04-20 14:00:00, 1.43265e-07
4863, 2016-04-20 15:00:00, 1.42891e-07
4864, 2016-04-20 16:00:00, 1.42517e-07
4865, 2016-04-20 17:00:00, 1.42143e-07
4866, 2016-04-20 18:00:00, 1.41771e-07
4867, 2016-04-20 19:00:00, 1.414e-07
4868, 2016-04-20 20:00:00, 1.4103e-07
4869, 2016-04-20 21:00:00, 1.40661e-07
4870, 2016-04-20 22:00:00, 1.40293e-07
4871, 2016-04-20 23:00:00, 1.39926e-07
4872, 2016-04-21 00:00:00, 1.3956e-07
4873, 2016-04-21 01:00:00, 1.39194e-07
4874, 2016-04-21 02:00:00, 1.3883e-07
4875, 2016-04-21 03:00:00, 1.38467e-07
4876, 2016-04-21 04:00:00, 1.38104e-07
4877, 2016-04-21 05:00:00, 1.37743e-07
4878, 2016-04-21 06:00:00, 1.37382e-07
4879, 2016-04-21 07:00:00, 1.37023e-07
4880, 2016-04-21 08:00:00, 1.36664e-07
4881, 2016-04-21 09:00:00, 1.36306e-07
4882, 2016-04-21 10:00:00, 1.35949e-07
4883, 2016-04-21 11:00:00, 1.35594e-07
4884, 2016-04-21 12:00:00, 1.35239e-07
4885, 2016-04-21 13:00:00, 1.34885e-07
4886, 2016-04-21 14:00:00, 1.34532e-07
4887, 2016-04-21 15:00:00, 1.3418e-07
4888, 2016-04-21 16:00:00, 1.33828e-07
4889, 2016-04-21 17:00:00, 1.33478e-07
4890, 2016-04-21 18:00:00, 1.33129e-07
4891, 2016-04-21 19:00:00, 1.3278e-07
4892, 2016-04-21 20:00:00, 1.32433e-07
4893, 2016-04-21 21:00:00, 1.32086e-07
4894, 2016-04-21 22:00:00, 1.3174e-07
4895, 2016-04-21 23:00:00, 1.31396e-07
4896, 2016-04-22 00:00:00, 1.31052e-07
4897, 2016-04-22 01:00:00, 1.30709e-07
4898, 2016-04-22 02:00:00, 1.30366e-07
4899, 2016-04-22 03:00:00, 1.30025e-07
4900, 2016-04-22 04:00:00, 1.29685e-07
4901, 2016-04-22 05:00:00, 1.29345e-07
4902, 2016-04-22 06:00:00, 1.29007e-07
4903, 2016-04-22 07:00:00, 1.28669e-07
4904, 2016-04-22 08:00:00, 1.28332e-07
4905, 2016-04-22 09:00:00, 1.27997e-07
4906, 2016-04-22 10:00:00, 1.27662e-07
4907, 2016-04-22 11:00:00, 1.27327e-07
4908, 2016-04-22 12:00:00, 1.26994e-07
4909, 2016-04-22 13:00:00, 1.26662e-07
4910, 2016-04-22 14:00:00, 1.2633e-07
4911, 2016-04-22 15:00:00, 1.26e-07
4912, 2016-04-22 16:00:00, 1.2567e-07
4913, 2016-04-22 17:00:00, 1.25341e-07
4914, 2016-04-22 18:00:00, 1.25013e-07
4915, 2016-04-22 19:00:00, 1.24686e-07
4916, 2016-04-22 20:00:00, 1.24359e-07
4917, 2016-04-22 21:00:00, 1.24034e-07
4918, 2016-04-22 22:00:00, 1.23709e-07
4919, 2016-04-22 23:00:00, 1.23385e-07
4920, 2016-04-23 00:00:00, 1.23062e-07
4921, 2016-04-23 01:00:00, 1.2274e-07
4922, 2016-04-23 02:00:00, 1.22419e-07
4923, 2016-04-23 03:00:00, 0.000540118
4924, 2016-04-23 04:00:00, 0.00625398
4925, 2016-04-23 05:00:00, 0.00292758
4926, 2016-04-23 06:00:00, 0.00237631
4927, 2016-04-23 07:00:00, 0.00086861
4928, 2016-04-23 08:00:00, 0.00110724
4929, 2016-04-23 09:00:00, 0.00272846
4930, 2016-04-23 10:00:00, 0.00269891
4931, 2016-04-23 11:00:00, 0.00199594
4932, 2016-04-23 12:00:00, 0.00078708
4933, 2016-04-23 13:00:00, 0.000198948
4934, 2016-04-23 14:00:00, 6.332e-05
4935, 2016-04-23 15:00:00, 2.88469e-05
4936, 2016-04-23 16:00:00, 2.31007e-05
4937, 2016-04-23 17:00:00, 1.17958e-07
4938, 2016-04-23 18:00:00, 1.17392e-07
4939, 2016-04-23 19:00:00, 1.17084e-07
4940, 2016-04-23 20:00:00, 1.16778e-07
4941, 2016-04-23 21:00:00, 1.16472e-07
4942, 2016-04-23 22:00:00, 1.16167e-07
4943, 2016-04-23 23:00:00, 1.15863e-07
4944, 2016-04-24 00:00:00, 1.1556e-07
4945, 2016-04-24 01:00:00, 1.15258e-07
4946, 2016-04-24 02:00:00, 1.14956e-07
4947, 2016-04-24 03:00:00, 1.14655e-07
4948, 2016-04-24 04:00:00, 1.14355e-07
4949, 2016-04-24 05:00:00, 1.14056e-07
4950, 2016-04-24 06:00:00, 1.13757e-07
4951, 2016-04-24 07:00:00, 1.13459e-07
4952, 2016-04-24 08:00:00, 1.13162e-07
4953, 2016-04-24 09:00:00, 1.12866e-07
4954, 2016-04-24 10:00:00, 1.12571e-07
4955, 2016-04-24 11:00:00, 1.12276e-07
4956, 2016-04-24 12:00:00, 1.11982e-07
4957, 2016-04-24 13:00:00, 1.11689e-07
4958, 2016-04-24 14:00:00, 1.11397e-07
4959, 2016-04-24 15:00:00, 1.11105e-07
4960, 2016-04-24 16:00:00, 1.10814e-07
4961, 2016-04-24 17:00:00, 1.10524e-07
4962, 2016-04-24 18:00:00, 1.10235e-07
4963, 2016-04-24 19:00:00, 1.09947e-07
4964, 2016-04-24 20:00:00, 1.09659e-07
4965, 2016-04-24 21:00:00, 1.09372e-07
4966, 2016-04-24 22:00:00, 1.09086e-07
4967, 2016-04-24 23:00:00, 1.088e-07
4968, 2016-04-25 00:00:00, 1.08515e-07
4969, 2016-04-25 01:00:00, 1.08231e-07
4970, 2016-04-25 02:00:00, 1.07948e-07
4971, 2016-04-25 03:00:00, 1.07665e-07
4972, 2016-04-25 04:00:00, 1.07384e-07
4973, 2016-04-25 05:00:00, 1.07103e-07
4974, 2016-04-25 06:00:00, 1.06822e-07
4975, 2016-04-25 07:00:00, 1.06543e-07
4976, 2016-04-25 08:00:00, 1.06264e-07
4977, 2016-04-25 09:00:00, 1.05986e-07
4978, 2016-04-25 10:00:00, 1.05708e-07
4979, 2016-04-25 11:00:00, 1.05432e-07
4980, 2016-04-25 12:00:00, 1.05156e-07
4981, 2016-04-25 13:00:00, 1.0488e-07
4982, 2016-04-25 14:00:00, 1.04606e-07
4983, 2016-04-25 15:00:00, 1.04332e-07
4984, 2016-04-25 16:00:00, 1.04059e-07
4985, 2016-04-25 17:00:00, 1.03787e-07
4986, 2016-04-25 18:00:00, 1.03515e-07
4987, 2016-04-25 19:00:00, 1.03244e-07
4988, 2016-04-25 20:00:00, 1.02974e-07
4989, 2016-04-25 21:00:00, 1.02704e-07
4990, 2016-04-25 22:00:00, 1.02435e-07
4991, 2016-04-25 23:00:00, 1.02167e-07
4992, 2016-04-26 00:00:00, 1.019e-07
4993, 2016-04-26 01:00:00, 1.01633e-07
4994, 2016-04-26 02:00:00, 1.01367e-07
4995, 2016-04-26 03:00:00, 1.01102e-07
4996, 2016-04-26 04:00:00, 1.00837e-07
4997, 2016-04-26 05:00:00, 1.00573e-07
4998, 2016-04-26 06:00:00, 1.0031e-07
4999, 2016-04-26 07:00:00, 1.00047e-07
5000, 2016-04-26 08:00:00, 1.53708e-06
5001, 2016-04-26 09:00:00, 6.65095e-05
5002, 2016-04-26 10:00:00, 0.000266631
5003, 2016-04-26 11:00:00, 0.000131548
5004, 2016-04-26 12:00:00, 8.60562e-05
5005, 2016-04-26 13:00:00, 1.75206e-07
5006, 2016-04-26 14:00:00, 4.29328e-05
5007, 2016-04-26 15:00:00, 1.95682e-05
5008, 2016-04-26 16:00:00, 0.00989975
5009, 2016-04-26 17:00:00, 0.0119775
5010, 2016-04-26 18:00:00, 0.00699641
5011, 2016-04-26 19:00:00, 0.00272178
5012, 2016-04-26 20:00:00, 9.66962e-08
5013, 2016-04-26 21:00:00, 9.64431e-08
5014, 2016-04-26 22:00:00, 9.61907e-08
5015, 2016-04-26 23:00:00, 9.59389e-08
5016, 2016-04-27 00:00:00, 9.56878e-08
5017, 2016-04-27 01:00:00, 9.54373e-08
5018, 2016-04-27 02:00:00, 9.51876e-08
5019, 2016-04-27 03:00:00, 9.49384e-08
5020, 2016-04-27 04:00:00, 9.46899e-08
5021, 2016-04-27 05:00:00, 9.44421e-08
5022, 2016-04-27 06:00:00, 9.41949e-08
5023, 2016-04-27 07:00:00, 9.39483e-08
5024, 2016-04-27 08:00:00, 9.37024e-08
5025, 2016-04-27 09:00:00, 9.34572e-08
5026, 2016-04-27 10:00:00, 9.32126e-08
5027, 2016-04-27 11:00:00, 9.29686e-08
5028, 2016-04-27 12:00:00, 9.27253e-08
5029, 2016-04-27 13:00:00, 9.24826e-08
5030, 2016-04-27 14:00:00, 9.22405e-08
5031, 2016-04-27 15:00:00, 9.19991e-08
5032, 2016-04-27 16:00:00, 9.17583e-08
5033, 2016-04-27 17:00:00, 9.15181e-08
5034, 2016-04-27 18:00:00, 9.12785e-08
5035, 2016-04-27 19:00:00, 9.10396e-08
5036, 2016-04-27 20:00:00, 9.08013e-08
5037, 2016-04-27 21:00:00, 9.05637e-08
5038, 2016-04-27 22:00:00, 9.03266e-08
5039, 2016-04-27 23:00:00, 9.00902e-08
5040, 2016-04-28 00:00:00, 8.98544e-08
5041, 2016-04-28 01:00:00, 8.96192e-08
5042, 2016-04-28 02:00:00, 8.93847e-08
5043, 2016-04-28 03:00:00, 8.91507e-08
5044, 2016-04-28 04:00:00, 8.89174e-08
5045, 2016-04-28 05:00:00, 8.86846e-08
5046, 2016-04-28 06:00:00, 8.84525e-08
5047, 2016-04-28 07:00:00, 8.8221e-08
5048, 2016-04-28 08:00:00, 8.79901e-08
5049, 2016-04-28 09:00:00, 8.77598e-08
5050, 2016-04-28 10:00:00, 8.75301e-08
5051, 2016-04-28 11:00:00, 8.7301e-08
5052, 2016-04-28 12:00:00, 8.70725e-08
5053, 2016-04-28 13:00:00, 8.68446e-08
5054, 2016-04-28 14:00:00, 8.66173e-08
5055, 2016-04-28 15:00:00, 8.63905e-08
5056, 2016-04-28 16:00:00, 8.61644e-08
5057, 2016-04-28 17:00:00, 8.59389e-08
5058, 2016-04-28 18:00:00, 8.5714e-08
5059, 2016-04-28 19:00:00, 8.54896e-08
5060, 2016-04-28 20:00:00, 8.52659e-08
5061, 2016-04-28 21:00:00, 8.50427e-08
5062, 2016-04-28 22:00:00, 8.48201e-08
5063, 2016-04-28 23:00:00, 8.45981e-08
5064, 2016-04-29 00:00:00, 8.43767e-08
5065, 2016-04-29 01:00:00, 8.41558e-08
5066, 2016-04-29 02:00:00, 8.39355e-08
5067, 2016-04-29 03:00:00, 8.37158e-08
5068, 2016-04-29 04:00:00, 8.34967e-08
5069, 2016-04-29 05:00:00, 8.32782e-08
5070, 2016-04-29 06:00:00, 8.30602e-08
5071, 2016-04-29 07:00:00, 1.44887e-07
5072, 2016-04-29 08:00:00, 1.10828e-07
5073, 2016-04-29 09:00:00, 1.04971e-07
5074, 2016-04-29 10:00:00, 8.2194e-08
5075, 2016-04-29 11:00:00, 8.19789e-08
5076, 2016-04-29 12:00:00, 8.17643e-08
5077, 2016-04-29 13:00:00, 8.15503e-08
5078, 2016-04-29 14:00:00, 8.13368e-08
5079, 2016-04-29 15:00:00, 8.1124e-08
5080, 2016-04-29 16:00:00, 8.09116e-08
5081, 2016-04-29 17:00:00, 8.06998e-08
5082, 2016-04-29 18:00:00, 8.04886e-08
5083, 2016-04-29 19:00:00, 8.02779e-08
5084, 2016-04-29 20:00:00, 8.00678e-08
5085, 2016-04-29 21:00:00, 7.98583e-08
5086, 2016-04-29 22:00:00, 7.96492e-08
5087, 2016-04-29 23:00:00, 7.94408e-08
5088, 2016-04-30 00:00:00, 7.92328e-08
5089, 2016-04-30 01:00:00, 7.90254e-08
5090, 2016-04-30 02:00:00, 7.88186e-08
5091, 2016-04-30 03:00:00, 7.86123e-08
5092, 2016-04-30 04:00:00, 7.84065e-08
5093, 2016-04-30 05:00:00, 7.82013e-08
5094, 2016-04-30 06:00:00, 7.79966e-08
5095, 2016-04-30 07:00:00, 7.77925e-08
5096, 2016-04-30 08:00:00, 7.75889e-08
5097, 2016-04-30 09:00:00, 7.73858e-08
5098, 2016-04-30 10:00:00, 7.71832e-08
5099, 2016-04-30 11:00:00, 7.69812e-08
5100, 2016-04-30 12:00:00, 7.67797e-08
5101, 2016-04-30 13:00:00, 7.65788e-08
5102, 2016-04-30 14:00:00, 7.63783e-08
5103, 2016-04-30 15:00:00, 7.61784e-08
5104, 2016-04-30 16:00:00, 7.5979e-08
5105, 2016-04-30 17:00:00, 7.57802e-08
5106, 2016-04-30 18:00:00, 7.55818e-08
5107, 2016-04-30 19:00:00, 7.5384e-08
5108, 2016-04-30 20:00:00, 7.51867e-08
5109, 2016-04-30 21:00:00, 7.49899e-08
5110, 2016-04-30 22:00:00, 7.47936e-08
5111, 2016-04-30 23:00:00, 7.45978e-08
5112, 2016-05-01 00:00:00, 7.44026e-08
5113, 2016-05-01 01:00:00, 7.42078e-08
5114, 2016-05-01 02:00:00, 7.40136e-08
5115, 2016-05-01 03:00:00, 7.38199e-08
5116, 2016-05-01 04:00:00, 7.36267e-08
5117, 2016-05-01 05:00:00, 7.3434e-08
5118, 2016-05-01 06:00:00, 7.32418e-08
5119, 2016-05-01 07:00:00, 7.30501e-08
5120, 2016-05-01 08:00:00, 7.28589e-08
5121, 2016-05-01 09:00:00, 7.26682e-08
5122, 2016-05-01 10:00:00, 7.24779e-08
5123, 2016-05-01 11:00:00, 7.22882e-08
5124, 2016-05-01 12:00:00, 7.2099e-08
5125, 2016-05-01 13:00:00, 7.19103e-08
5126, 2016-05-01 14:00:00, 7.17221e-08
5127, 2016-05-01 15:00:00, 7.15344e-08
5128, 2016-05-01 16:00:00, 7.13471e-08
5129, 2016-05-01 17:00:00, 7.11604e-08
5130, 2016-05-01 18:00:00, 7.09741e-08
5131, 2016-05-01 19:00:00, 7.07884e-08
5132, 2016-05-01 20:00:00, 7.06031e-08
5133, 2016-05-01 21:00:00, 7.96283e-08
5134, 2016-05-01 22:00:00, 7.44203e-08
5135, 2016-05-01 23:00:00, 4.90589e-06
5136, 2016-05-02 00:00:00, 0.00272247
5137, 2016-05-02 01:00:00, 0.00376114
5138, 2016-05-02 02:00:00, 0.00213599
5139, 2016-05-02 03:00:00, 0.000917472
5140, 2016-05-02 04:00:00, 6.91382e-08
5141, 2016-05-02 05:00:00, 6.89572e-08
5142, 2016-05-02 06:00:00, 6.87767e-08
5143, 2016-05-02 07:00:00, 6.85967e-08
5144, 2016-05-02 08:00:00, 6.84172e-08
5145, 2016-05-02 09:00:00, 6.82381e-08
5146, 2016-05-02 10:00:00, 6.80595e-08
5147, 2016-05-02 11:00:00, 6.84439e-08
5148, 2016-05-02 12:00:00, 6.79594e-08
5149, 2016-05-02 13:00:00, 6.77311e-08
5150, 2016-05-02 14:00:00, 2.31597e-05
5151, 2016-05-02 15:00:00, 7.00455e-05
5152, 2016-05-02 16:00:00, 0.126909
5153, 2016-05-02 17:00:00, 0.0640783
5154, 2016-05-02 18:00:00, 0.0490389
5155, 2016-05-02 19:00:00, 0.00232263
5156, 2016-05-02 20:00:00, 6.62989e-08
5157, 2016-05-02 21:00:00, 6.61254e-08
5158, 2016-05-02 22:00:00, 7.21332e-08
5159, 2016-05-02 23:00:00, 6.85892e-08
5160, 2016-05-03 00:00:00, 6.78551e-08
5161, 2016-05-03 01:00:00, 6.84508e-08
5162, 2016-05-03 02:00:00, 6.6635e-08
5163, 2016-05-03 03:00:00, 6.61901e-08
5164, 2016-05-03 04:00:00, 6.49233e-08
5165, 2016-05-03 05:00:00, 6.47534e-08
5166, 2016-05-03 06:00:00, 6.45839e-08
5167, 2016-05-03 07:00:00, 6.44149e-08
5168, 2016-05-03 08:00:00, 7.39101e-05
5169, 2016-05-03 09:00:00, 0.00310374
5170, 2016-05-03 10:00:00, 0.012093
5171, 2016-05-03 11:00:00, 0.00768077
5172, 2016-05-03 12:00:00, 0.00810163
5173, 2016-05-03 13:00:00, 0.00536714
5174, 2016-05-03 14:00:00, 0.0076601
5175, 2016-05-03 15:00:00, 0.00431118
5176, 2016-05-03 16:00:00, 0.00234642
5177, 2016-05-03 17:00:00, 0.000387388
5178, 2016-05-03 18:00:00, 4.83828e-05
5179, 2016-05-03 19:00:00, 6.24206e-08
5180, 2016-05-03 20:00:00, 6.22572e-08
5181, 2016-05-03 21:00:00, 7.55992e-06
5182, 2016-05-03 22:00:00, 3.47004e-06
5183, 2016-05-03 23:00:00, 2.78825e-06
5184, 2016-05-04 00:00:00, 6.16079e-08
5185, 2016-05-04 01:00:00, 6.14467e-08
5186, 2016-05-04 02:00:00, 6.12858e-08
5187, 2016-05-04 03:00:00, 6.11254e-08
5188, 2016-05-04 04:00:00, 6.09654e-08
5189, 2016-05-04 05:00:00, 6.08059e-08
5190, 2016-05-04 06:00:00, 6.06467e-08
5191, 2016-05-04 07:00:00, 6.0488e-08
5192, 2016-05-04 08:00:00, 6.03297e-08
5193, 2016-05-04 09:00:00, 6.01718e-08
5194, 2016-05-04 10:00:00, 6.00143e-08
5195, 2016-05-04 11:00:00, 5.98572e-08
5196, 2016-05-04 12:00:00, 5.97005e-08
5197, 2016-05-04 13:00:00, 5.95443e-08
5198, 2016-05-04 14:00:00, 5.93884e-08
5199, 2016-05-04 15:00:00, 5.9233e-08
5200, 2016-05-04 16:00:00, 5.90779e-08
5201, 2016-05-04 17:00:00, 5.89233e-08
5202, 2016-05-04 18:00:00, 0.000417563
5203, 2016-05-04 19:00:00, 0.000685832
5204, 2016-05-04 20:00:00, 0.000476999
5205, 2016-05-04 21:00:00, 0.000225724
5206, 2016-05-04 22:00:00, 3.63006e-05
5207, 2016-05-04 23:00:00, 0.00222176
5208, 2016-05-05 00:00:00, 0.027566
5209, 2016-05-05 01:00:00, 0.0149967
5210, 2016-05-05 02:00:00, 0.0163951
5211, 2016-05-05 03:00:00, 0.00342274
5212, 2016-05-05 04:00:00, 0.00211271
5213, 2016-05-05 05:00:00, 9.97364e-06
5214, 2016-05-05 06:00:00, 5.69495e-08
5215, 2016-05-05 07:00:00, 5.68005e-08
5216, 2016-05-05 08:00:00, 5.66518e-08
5217, 2016-05-05 09:00:00, 5.65035e-08
5218, 2016-05-05 10:00:00, 5.63556e-08
5219, 2016-05-05 11:00:00, 5.62081e-08
5220, 2016-05-05 12:00:00, 5.6061e-08
5221, 2016-05-05 13:00:00, 5.59143e-08
5222, 2016-05-05 14:00:00, 5.57679e-08
5223, 2016-05-05 15:00:00, 5.5622e-08
5224, 2016-05-05 16:00:00, 5.54764e-08
5225, 2016-05-05 17:00:00, 5.53312e-08
5226, 2016-05-05 18:00:00, 5.51863e-08
5227, 2016-05-05 19:00:00, 5.50419e-08
5228, 2016-05-05 20:00:00, 5.48978e-08
5229, 2016-05-05 21:00:00, 5.47541e-08
5230, 2016-05-05 22:00:00, 5.46108e-08
5231, 2016-05-05 23:00:00, 5.44679e-08
5232, 2016-05-06 00:00:00, 5.43253e-08
5233, 2016-05-06 01:00:00, 0.00491375
5234, 2016-05-06 02:00:00, 0.0151145
5235, 2016-05-06 03:00:00, 0.00867405
5236, 2016-05-06 04:00:00, 0.00515323
5237, 2016-05-06 05:00:00, 0.000375402
5238, 2016-05-06 06:00:00, 5.34777e-08
5239, 2016-05-06 07:00:00, 5.33378e-08
5240, 2016-05-06 08:00:00, 5.31982e-08
5241, 2016-05-06 09:00:00, 5.30589e-08
5242, 2016-05-06 10:00:00, 5.292e-08
5243, 2016-05-06 11:00:00, 5.27815e-08
5244, 2016-05-06 12:00:00, 9.45516e-06
5245, 2016-05-06 13:00:00, 4.32638e-06
5246, 2016-05-06 14:00:00, 3.47147e-06
5247, 2016-05-06 15:00:00, 5.22311e-08
5248, 2016-05-06 16:00:00, 5.20944e-08
5249, 2016-05-06 17:00:00, 5.1958e-08
5250, 2016-05-06 18:00:00, 5.1822e-08
5251, 2016-05-06 19:00:00, 2.90833e-05
5252, 2016-05-06 20:00:00, 9.20901e-05
5253, 2016-05-06 21:00:00, 0.00018473
5254, 2016-05-06 22:00:00, 0.00112913
5255, 2016-05-06 23:00:00, 0.00270898
5256, 2016-05-07 00:00:00, 0.00149382
5257, 2016-05-07 01:00:00, 0.000931431
5258, 2016-05-07 02:00:00, 0.0105123
5259, 2016-05-07 03:00:00, 0.00488174
5260, 2016-05-07 04:00:00, 0.00384365
5261, 2016-05-07 05:00:00, 4.04117e-05
5262, 2016-05-07 06:00:00, 5.02176e-08
5263, 2016-05-07 07:00:00, 5.00862e-08
5264, 2016-05-07 08:00:00, 4.99551e-08
5265, 2016-05-07 09:00:00, 4.98243e-08
5266, 2016-05-07 10:00:00, 4.96939e-08
5267, 2016-05-07 11:00:00, 4.95638e-08
5268, 2016-05-07 12:00:00, 0.000654689
5269, 2016-05-07 13:00:00, 0.00423765
5270, 2016-05-07 14:00:00, 0.00202903
5271, 2016-05-07 15:00:00, 0.00598732
5272, 2016-05-07 16:00:00, 0.00208061
5273, 2016-05-07 17:00:00, 0.00166093
5274, 2016-05-07 18:00:00, 3.80107e-06
5275, 2016-05-07 19:00:00, 4.85355e-08
5276, 2016-05-07 20:00:00, 4.84084e-08
5277, 2016-05-07 21:00:00, 4.82817e-08
5278, 2016-05-07 22:00:00, 4.81553e-08
5279, 2016-05-07 23:00:00, 4.80293e-08
5280, 2016-05-08 00:00:00, 5.14681e-08
5281, 2016-05-08 01:00:00, 5.62948e-08
5282, 2016-05-08 02:00:00, 8.88486e-08
5283, 2016-05-08 03:00:00, 1.44386e-07
5284, 2016-05-08 04:00:00, 1.8987e-07
5285, 2016-05-08 05:00:00, 2.46185e-07
5286, 2016-05-08 06:00:00, 2.47943e-07
5287, 2016-05-08 07:00:00, 2.86861e-07
5288, 2016-05-08 08:00:00, 2.46224e-07
5289, 2016-05-08 09:00:00, 1.76911e-07
5290, 2016-05-08 10:00:00, 1.09081e-07
5291, 2016-05-08 11:00:00, 8.00218e-08
5292, 2016-05-08 12:00:00, 5.77993e-08
5293, 2016-05-08 13:00:00, 5.18423e-08
5294, 2016-05-08 14:00:00, 0.0131719
5295, 2016-05-08 15:00:00, 0.0069023
5296, 2016-05-08 16:00:00, 0.0053205
5297, 2016-05-08 17:00:00, 0.000384962
5298, 2016-05-08 18:00:00, 4.69549e-05
5299, 2016-05-08 19:00:00, 0.000267628
5300, 2016-05-08 20:00:00, 0.000122487
5301, 2016-05-08 21:00:00, 9.6492e-05
5302, 2016-05-08 22:00:00, 4.52197e-08
5303, 2016-05-08 23:00:00, 4.51013e-08
5304, 2016-05-09 00:00:00, 4.49833e-08
5305, 2016-05-09 01:00:00, 4.48655e-08
5306, 2016-05-09 02:00:00, 4.47481e-08
5307, 2016-05-09 03:00:00, 4.4631e-08
5308, 2016-05-09 04:00:00, 4.45142e-08
5309, 2016-05-09 05:00:00, 4.43976e-08
5310, 2016-05-09 06:00:00, 4.42814e-08
5311, 2016-05-09 07:00:00, 4.41655e-08
5312, 2016-05-09 08:00:00, 4.40499e-08
5313, 2016-05-09 09:00:00, 4.39346e-08
5314, 2016-05-09 10:00:00, 4.38196e-08
5315, 2016-05-09 11:00:00, 4.37049e-08
5316, 2016-05-09 12:00:00, 4.35906e-08
5317, 2016-05-09 13:00:00, 4.34765e-08
5318, 2016-05-09 14:00:00, 4.33627e-08
5319, 2016-05-09 15:00:00, 4.32492e-08
5320, 2016-05-09 16:00:00, 4.3136e-08
5321, 2016-05-09 17:00:00, 4.30231e-08
5322, 2016-05-09 18:00:00, 4.29105e-08
5323, 2016-05-09 19:00:00, 4.27981e-08
5324, 2016-05-09 20:00:00, 4.26861e-08
5325, 2016-05-09 21:00:00, 4.25744e-08
5326, 2016-05-09 22:00:00, 4.2463e-08
5327, 2016-05-09 23:00:00, 4.23518e-08
5328, 2016-05-10 00:00:00, 4.2241e-08
5329, 2016-05-10 01:00:00, 4.21304e-08
5330, 2016-05-10 02:00:00, 4.20201e-08
5331, 2016-05-10 03:00:00, 4.19101e-08
5332, 2016-05-10 04:00:00, 4.18005e-08
5333, 2016-05-10 05:00:00, 4.1691e-08
5334, 2016-05-10 06:00:00, 4.15819e-08
5335, 2016-05-10 07:00:00, 4.14731e-08
5336, 2016-05-10 08:00:00, 4.13645e-08
5337, 2016-05-10 09:00:00, 4.12563e-08
5338, 2016-05-10 10:00:00, 4.11483e-08
5339, 2016-05-10 11:00:00, 4.10406e-08
5340, 2016-05-10 12:00:00, 4.09332e-08
5341, 2016-05-10 13:00:00, 4.0826e-08
5342, 2016-05-10 14:00:00, 4.07192e-08
5343, 2016-05-10 15:00:00, 4.06126e-08
5344, 2016-05-10 16:00:00, 4.05063e-08
5345, 2016-05-10 17:00:00, 4.04003e-08
5346, 2016-05-10 18:00:00, 4.02945e-08
5347, 2016-05-10 19:00:00, 4.01891e-08
5348, 2016-05-10 20:00:00, 4.00839e-08
5349, 2016-05-10 21:00:00, 3.99789e-08
5350, 2016-05-10 22:00:00, 3.98743e-08
5351, 2016-05-10 23:00:00, 3.97699e-08
5352, 2016-05-11 00:00:00, 3.96658e-08
5353, 2016-05-11 01:00:00, 3.9562e-08
5354, 2016-05-11 02:00:00, 3.94585e-08
5355, 2016-05-11 03:00:00, 3.93552e-08
5356, 2016-05-11 04:00:00, 3.92522e-08
5357, 2016-05-11 05:00:00, 3.91494e-08
5358, 2016-05-11 06:00:00, 3.9047e-08
5359, 2016-05-11 07:00:00, 3.89448e-08
5360, 2016-05-11 08:00:00, 3.88428e-08
5361, 2016-05-11 09:00:00, 3.87412e-08
5362, 2016-05-11 10:00:00, 3.86398e-08
5363, 2016-05-11 11:00:00, 3.85386e-08
5364, 2016-05-11 12:00:00, 3.84378e-08
5365, 2016-05-11 13:00:00, 3.83372e-08
5366, 2016-05-11 14:00:00, 3.82368e-08
5367, 2016-05-11 15:00:00, 3.81367e-08
5368, 2016-05-11 16:00:00, 3.80369e-08
5369, 2016-05-11 17:00:00, 3.79374e-08
5370, 2016-05-11 18:00:00, 3.78381e-08
5371, 2016-05-11 19:00:00, 3.7739e-08
5372, 2016-05-11 20:00:00, 3.76402e-08
5373, 2016-05-11 21:00:00, 3.75417e-08
5374, 2016-05-11 22:00:00, 3.74435e-08
5375, 2016-05-11 23:00:00, 3.73455e-08
5376, 2016-05-12 00:00:00, 3.72477e-08
5377, 2016-05-12 01:00:00, 3.71502e-08
5378, 2016-05-12 02:00:00, 3.7053e-08
5379, 2016-05-12 03:00:00, 3.6956e-08
5380, 2016-05-12 04:00:00, 3.68593e-08
5381, 2016-05-12 05:00:00, 3.67628e-08
5382, 2016-05-12 06:00:00, 3.66666e-08
5383, 2016-05-12 07:00:00, 3.65706e-08
5384, 2016-05-12 08:00:00, 3.64749e-08
5385, 2016-05-12 09:00:00, 3.63794e-08
5386, 2016-05-12 10:00:00, 3.62842e-08
5387, 2016-05-12 11:00:00, 3.61892e-08
5388, 2016-05-12 12:00:00, 3.60945e-08
5389, 2016-05-12 13:00:00, 3.6e-08
5390, 2016-05-12 14:00:00, 3.59058e-08
5391, 2016-05-12 15:00:00, 3.58118e-08
5392, 2016-05-12 16:00:00, 3.57181e-08
5393, 2016-05-12 17:00:00, 3.56246e-08
5394, 2016-05-12 18:00:00, 3.55314e-08
5395, 2016-05-12 19:00:00, 3.54384e-08
5396, 2016-05-12 20:00:00, 3.53456e-08
5397, 2016-05-12 21:00:00, 3.52531e-08
5398, 2016-05-12 22:00:00, 3.51608e-08
5399, 2016-05-12 23:00:00, 3.50688e-08
5400, 2016-05-13 00:00:00, 3.4977e-08
5401, 2016-05-13 01:00:00, 3.48854e-08
5402, 2016-05-13 02:00:00, 3.47941e-08
5403, 2016-05-13 03:00:00, 3.47031e-08
5404, 2016-05-13 04:00:00, 3.46122e-08
5405, 2016-05-13 05:00:00, 3.45216e-08
5406, 2016-05-13 06:00:00, 3.44313e-08
5407, 2016-05-13 07:00:00, 3.43412e-08
5408, 2016-05-13 08:00:00, 3.59018e-08
5409, 2016-05-13 09:00:00, 3.63371e-08
5410, 2016-05-13 10:00:00, 5.89054e-08
5411, 2016-05-13 11:00:00, 6.08692e-08
5412, 2016-05-13 12:00:00, 4.95829e-08
5413, 2016-05-13 13:00:00, 3.94953e-08
5414, 2016-05-13 14:00:00, 3.37169e-08
5415, 2016-05-13 15:00:00, 3.36286e-08
5416, 2016-05-13 16:00:00, 3.35406e-08
5417, 2016-05-13 17:00:00, 3.34528e-08
5418, 2016-05-13 18:00:00, 3.33653e-08
5419, 2016-05-13 19:00:00, 3.32779e-08
5420, 2016-05-13 20:00:00, 3.31908e-08
5421, 2016-05-13 21:00:00, 3.3104e-08
5422, 2016-05-13 22:00:00, 0.00242655
5423, 2016-05-13 23:00:00, 0.00576949
5424, 2016-05-14 00:00:00, 0.00466796
5425, 2016-05-14 01:00:00, 0.00367939
5426, 2016-05-14 02:00:00, 0.00117598
5427, 2016-05-14 03:00:00, 0.00109969
5428, 2016-05-14 04:00:00, 0.000529512
5429, 2016-05-14 05:00:00, 0.000340192
5430, 2016-05-14 06:00:00, 8.37229e-05
5431, 2016-05-14 07:00:00, 3.32284e-08
5432, 2016-05-14 08:00:00, 3.23016e-08
5433, 2016-05-14 09:00:00, 3.21369e-08
5434, 2016-05-14 10:00:00, 3.19951e-08
5435, 2016-05-14 11:00:00, 3.19113e-08
5436, 2016-05-14 12:00:00, 6.67848e-08
5437, 2016-05-14 13:00:00, 5.81978e-08
5438, 2016-05-14 14:00:00, 4.91747e-08
5439, 2016-05-14 15:00:00, 3.54199e-08
5440, 2016-05-14 16:00:00, 3.14959e-08
5441, 2016-05-14 17:00:00, 3.14135e-08
5442, 2016-05-14 18:00:00, 3.13312e-08
5443, 2016-05-14 19:00:00, 3.12492e-08
5444, 2016-05-14 20:00:00, 3.11674e-08
5445, 2016-05-14 21:00:00, 3.10859e-08
5446, 2016-05-14 22:00:00, 3.10045e-08
5447, 2016-05-14 23:00:00, 3.09233e-08
5448, 2016-05-15 00:00:00, 3.08424e-08
5449, 2016-05-15 01:00:00, 3.07617e-08
5450, 2016-05-15 02:00:00, 3.06812e-08
5451, 2016-05-15 03:00:00, 3.06009e-08
5452, 2016-05-15 04:00:00, 1.85563e-07
5453, 2016-05-15 05:00:00, 1.19287e-07
5454, 2016-05-15 06:00:00, 9.50911e-08
5455, 2016-05-15 07:00:00, 3.69625e-08
5456, 2016-05-15 08:00:00, 3.02025e-08
5457, 2016-05-15 09:00:00, 3.01234e-08
5458, 2016-05-15 10:00:00, 3.00446e-08
5459, 2016-05-15 11:00:00, 2.99659e-08
5460, 2016-05-15 12:00:00, 2.98875e-08
5461, 2016-05-15 13:00:00, 2.98093e-08
5462, 2016-05-15 14:00:00, 2.97313e-08
5463, 2016-05-15 15:00:00, 2.96534e-08
5464, 2016-05-15 16:00:00, 2.95758e-08
5465, 2016-05-15 17:00:00, 2.94984e-08
5466, 2016-05-15 18:00:00, 2.94212e-08
5467, 2016-05-15 19:00:00, 2.93442e-08
5468, 2016-05-15 20:00:00, 2.92674e-08
5469, 2016-05-15 21:00:00, 2.91908e-08
5470, 2016-05-15 22:00:00, 2.91144e-08
5471, 2016-05-15 23:00:00, 2.90382e-08
5472, 2016-05-16 00:00:00, 2.89622e-08
5473, 2016-05-16 01:00:00, 2.88864e-08
5474, 2016-05-16 02:00:00, 2.88108e-08
5475, 2016-05-16 03:00:00, 2.87353e-08
5476, 2016-05-16 04:00:00, 2.86601e-08
5477, 2016-05-16 05:00:00, 2.85851e-08
5478, 2016-05-16 06:00:00, 2.85103e-08
5479, 2016-05-16 07:00:00, 2.84357e-08
5480, 2016-05-16 08:00:00, 2.83612e-08
5481, 2016-05-16 09:00:00, 2.8287e-08
5482, 2016-05-16 10:00:00, 2.8213e-08
5483, 2016-05-16 11:00:00, 2.81391e-08
5484, 2016-05-16 12:00:00, 2.80655e-08
5485, 2016-05-16 13:00:00, 2.7992e-08
5486, 2016-05-16 14:00:00, 2.79188e-08
5487, 2016-05-16 15:00:00, 2.78457e-08
5488, 2016-05-16 16:00:00, 2.77728e-08
5489, 2016-05-16 17:00:00, 2.77001e-08
5490, 2016-05-16 18:00:00, 2.76276e-08
5491, 2016-05-16 19:00:00, 2.75553e-08
5492, 2016-05-16 20:00:00, 2.74832e-08
5493, 2016-05-16 21:00:00, 2.74112e-08
5494, 2016-05-16 22:00:00, 2.73395e-08
5495, 2016-05-16 23:00:00, 2.72679e-08
5496, 2016-05-17 00:00:00, 2.71966e-08
5497, 2016-05-17 01:00:00, 2.71254e-08
5498, 2016-05-17 02:00:00, 2.70544e-08
5499, 2016-05-17 03:00:00, 2.69836e-08
5500, 2016-05-17 04:00:00, 2.69129e-08
5501, 2016-05-17 05:00:00, 2.68425e-08
5502, 2016-05-17 06:00:00, 2.67722e-08
5503, 2016-05-17 07:00:00, 2.67022e-08
5504, 2016-05-17 08:00:00, 2.66323e-08
5505, 2016-05-17 09:00:00, 2.65626e-08
5506, 2016-05-17 10:00:00, 2.6493e-08
5507, 2016-05-17 11:00:00, 2.64237e-08
5508, 2016-05-17 12:00:00, 2.63545e-08
5509, 2016-05-17 13:00:00, 2.62856e-08
5510, 2016-05-17 14:00:00, 2.62168e-08
5511, 2016-05-17 15:00:00, 2.61481e-08
5512, 2016-05-17 16:00:00, 2.60797e-08
5513, 2016-05-17 17:00:00, 2.60114e-08
5514, 2016-05-17 18:00:00, 2.59434e-08
5515, 2016-05-17 19:00:00, 2.58754e-08
5516, 2016-05-17 20:00:00, 2.58077e-08
5517, 2016-05-17 21:00:00, 2.57402e-08
5518, 2016-05-17 22:00:00, 2.56728e-08
5519, 2016-05-17 23:00:00, 2.56056e-08
5520, 2016-05-18 00:00:00, 2.55386e-08
5521, 2016-05-18 01:00:00, 2.54717e-08
5522, 2016-05-18 02:00:00, 2.54051e-08
5523, 2016-05-18 03:00:00, 2.53386e-08
5524, 2016-05-18 04:00:00, 2.52723e-08
5525, 2016-05-18 05:00:00, 2.52061e-08
5526, 2016-05-18 06:00:00, 2.51401e-08
5527, 2016-05-18 07:00:00, 2.50743e-08
5528, 2016-05-18 08:00:00, 2.50087e-08
5529, 2016-05-18 09:00:00, 2.49432e-08
5530, 2016-05-18 10:00:00, 2.4878e-08
5531, 2016-05-18 11:00:00, 2.48128e-08
5532, 2016-05-18 12:00:00, 2.47479e-08
5533, 2016-05-18 13:00:00, 2.46831e-08
5534, 2016-05-18 14:00:00, 2.46185e-08
5535, 2016-05-18 15:00:00, 2.45541e-08
5536, 2016-05-18 16:00:00, 2.44898e-08
5537, 2016-05-18 17:00:00, 2.44257e-08
5538, 2016-05-18 18:00:00, 2.43618e-08
5539, 2016-05-18 19:00:00, 2.4298e-08
5540, 2016-05-18 20:00:00, 2.42344e-08
5541, 2016-05-18 21:00:00, 2.4171e-08
5542, 2016-05-18 22:00:00, 2.41077e-08
5543, 2016-05-18 23:00:00, 2.40446e-08
5544, 2016-05-19 00:00:00, 2.39817e-08
5545, 2016-05-19 01:00:00, 2.39189e-08
5546, 2016-05-19 02:00:00, 2.38563e-08
5547, 2016-05-19 03:00:00, 2.37939e-08
5548, 2016-05-19 04:00:00, 2.37316e-08
5549, 2016-05-19 05:00:00, 2.36695e-08
5550, 2016-05-19 06:00:00, 2.36075e-08
5551, 2016-05-19 07:00:00, 2.35457e-08
5552, 2016-05-19 08:00:00, 2.34841e-08
5553, 2016-05-19 09:00:00, 2.34226e-08
5554, 2016-05-19 10:00:00, 2.33613e-08
5555, 2016-05-19 11:00:00, 2.33002e-08
5556, 2016-05-19 12:00:00, 2.32392e-08
5557, 2016-05-19 13:00:00, 2.31784e-08
5558, 2016-05-19 14:00:00, 2.31177e-08
5559, 2016-05-19 15:00:00, 2.30572e-08
5560, 2016-05-19 16:00:00, 2.29968e-08
5561, 2016-05-19 17:00:00, 2.29367e-08
5562, 2016-05-19 18:00:00, 2.28766e-08
5563, 2016-05-19 19:00:00, 2.28167e-08
5564, 2016-05-19 20:00:00, 2.2757e-08
5565, 2016-05-19 21:00:00, 3.48612e-05
5566, 2016-05-19 22:00:00, 6.67064e-05
5567, 2016-05-19 23:00:00, 3.58039e-05
5568, 2016-05-20 00:00:00, 4.45672e-05
5569, 2016-05-20 01:00:00, 1.18654e-05
5570, 2016-05-20 02:00:00, 9.49677e-06
5571, 2016-05-20 03:00:00, 0.000495782
5572, 2016-05-20 04:00:00, 0.000225368
5573, 2016-05-20 05:00:00, 0.000194852
5574, 2016-05-20 06:00:00, 6.63739e-06
5575, 2016-05-20 07:00:00, 5.31429e-06
5576, 2016-05-20 08:00:00, 2.20524e-08
5577, 2016-05-20 09:00:00, 2.19947e-08
5578, 2016-05-20 10:00:00, 2.19372e-08
5579, 2016-05-20 11:00:00, 2.18797e-08
5580, 2016-05-20 12:00:00, 9.40108e-08
5581, 2016-05-20 13:00:00, 5.45782e-08
5582, 2016-05-20 14:00:00, 4.79587e-08
5583, 2016-05-20 15:00:00, 2.16516e-08
5584, 2016-05-20 16:00:00, 2.15949e-08
5585, 2016-05-20 17:00:00, 2.15384e-08
5586, 2016-05-20 18:00:00, 2.1482e-08
5587, 2016-05-20 19:00:00, 2.14258e-08
5588, 2016-05-20 20:00:00, 2.13697e-08
5589, 2016-05-20 21:00:00, 2.13138e-08
5590, 2016-05-20 22:00:00, 2.1258e-08
5591, 2016-05-20 23:00:00, 2.12023e-08
5592, 2016-05-21 00:00:00, 2.11468e-08
5593, 2016-05-21 01:00:00, 2.10915e-08
5594, 2016-05-21 02:00:00, 2.10363e-08
5595, 2016-05-21 03:00:00, 2.09812e-08
5596, 2016-05-21 04:00:00, 2.09263e-08
5597, 2016-05-21 05:00:00, 2.08715e-08
5598, 2016-05-21 06:00:00, 2.08169e-08
5599, 2016-05-21 07:00:00, 2.07624e-08
5600, 2016-05-21 08:00:00, 2.07081e-08
5601, 2016-05-21 09:00:00, 2.06539e-08
5602, 2016-05-21 10:00:00, 2.05998e-08
5603, 2016-05-21 11:00:00, 2.05459e-08
5604, 2016-05-21 12:00:00, 2.04921e-08
5605, 2016-05-21 13:00:00, 2.04385e-08
5606, 2016-05-21 14:00:00, 2.0385e-08
5607, 2016-05-21 15:00:00, 2.03316e-08
5608, 2016-05-21 16:00:00, 2.02784e-08
5609, 2016-05-21 17:00:00, 2.02253e-08
5610, 2016-05-21 18:00:00, 2.01724e-08
5611, 2016-05-21 19:00:00, 2.01196e-08
5612, 2016-05-21 20:00:00, 2.00669e-08
5613, 2016-05-21 21:00:00, 2.00144e-08
5614, 2016-05-21 22:00:00, 1.9962e-08
5615, 2016-05-21 23:00:00, 1.99098e-08
5616, 2016-05-22 00:00:00, 1.98577e-08
5617, 2016-05-22 01:00:00, 1.98057e-08
5618, 2016-05-22 02:00:00, 1.97539e-08
5619, 2016-05-22 03:00:00, 1.97022e-08
5620, 2016-05-22 04:00:00, 1.96506e-08
5621, 2016-05-22 05:00:00, 1.95991e-08
5622, 2016-05-22 06:00:00, 1.95479e-08
5623, 2016-05-22 07:00:00, 1.94967e-08
5624, 2016-05-22 08:00:00, 1.94457e-08
5625, 2016-05-22 09:00:00, 1.93948e-08
5626, 2016-05-22 10:00:00, 1.9344e-08
5627, 2016-05-22 11:00:00, 1.92934e-08
5628, 2016-05-22 12:00:00, 1.92429e-08
5629, 2016-05-22 13:00:00, 1.91925e-08
5630, 2016-05-22 14:00:00, 1.91423e-08
5631, 2016-05-22 15:00:00, 1.90922e-08
5632, 2016-05-22 16:00:00, 1.90422e-08
5633, 2016-05-22 17:00:00, 1.89923e-08
5634, 2016-05-22 18:00:00, 1.89426e-08
5635, 2016-05-22 19:00:00, 1.88931e-08
5636, 2016-05-22 20:00:00, 1.88436e-08
5637, 2016-05-22 21:00:00, 1.87943e-08
5638, 2016-05-22 22:00:00, 1.87451e-08
5639, 2016-05-22 23:00:00, 1.8696e-08
5640, 2016-05-23 00:00:00, 1.86471e-08
5641, 2016-05-23 01:00:00, 1.85983e-08
5642, 2016-05-23 02:00:00, 1.85496e-08
5643, 2016-05-23 03:00:00, 1.85011e-08
5644, 2016-05-23 04:00:00, 1.84526e-08
5645, 2016-05-23 05:00:00, 1.84043e-08
5646, 2016-05-23 06:00:00, 1.83562e-08
5647, 2016-05-23 07:00:00, 1.83081e-08
5648, 2016-05-23 08:00:00, 1.82602e-08
5649, 2016-05-23 09:00:00, 1.82124e-08
5650, 2016-05-23 10:00:00, 1.81647e-08
5651, 2016-05-23 11:00:00, 3.16857e-08
5652, 2016-05-23 12:00:00, 2.42373e-08
5653, 2016-05-23 13:00:00, 2.29565e-08
5654, 2016-05-23 14:00:00, 1.79753e-08
5655, 2016-05-23 15:00:00, 1.79283e-08
5656, 2016-05-23 16:00:00, 1.78813e-08
5657, 2016-05-23 17:00:00, 1.78345e-08
5658, 2016-05-23 18:00:00, 1.77878e-08
5659, 2016-05-23 19:00:00, 1.77413e-08
5660, 2016-05-23 20:00:00, 1.76949e-08
5661, 2016-05-23 21:00:00, 1.76485e-08
5662, 2016-05-23 22:00:00, 1.76023e-08
5663, 2016-05-23 23:00:00, 1.75563e-08
5664, 2016-05-24 00:00:00, 1.75103e-08
5665, 2016-05-24 01:00:00, 1.74645e-08
5666, 2016-05-24 02:00:00, 1.74188e-08
5667, 2016-05-24 03:00:00, 7.75813e-05
5668, 2016-05-24 04:00:00, 3.52737e-05
5669, 2016-05-24 05:00:00, 2.82224e-05
5670, 2016-05-24 06:00:00, 1.72371e-08
5671, 2016-05-24 07:00:00, 7.59611e-05
5672, 2016-05-24 08:00:00, 0.000240824
5673, 2016-05-24 09:00:00, 0.0001214
5674, 2016-05-24 10:00:00, 0.00263187
5675, 2016-05-24 11:00:00, 0.00116222
5676, 2016-05-24 12:00:00, 0.000929776
5677, 2016-05-24 13:00:00, 1.69238e-08
5678, 2016-05-24 14:00:00, 1.68795e-08
5679, 2016-05-24 15:00:00, 1.68353e-08
5680, 2016-05-24 16:00:00, 1.67912e-08
5681, 2016-05-24 17:00:00, 1.67473e-08
5682, 2016-05-24 18:00:00, 1.67035e-08
5683, 2016-05-24 19:00:00, 1.66597e-08
5684, 2016-05-24 20:00:00, 1.66161e-08
5685, 2016-05-24 21:00:00, 1.65726e-08
5686, 2016-05-24 22:00:00, 1.65293e-08
5687, 2016-05-24 23:00:00, 1.6486e-08
5688, 2016-05-25 00:00:00, 1.64428e-08
5689, 2016-05-25 01:00:00, 1.63998e-08
5690, 2016-05-25 02:00:00, 1.63569e-08
5691, 2016-05-25 03:00:00, 1.67176e-08
5692, 2016-05-25 04:00:00, 2.22132e-08
5693, 2016-05-25 05:00:00, 2.07493e-08
5694, 2016-05-25 06:00:00, 3.2776e-08
5695, 2016-05-25 07:00:00, 2.55295e-08
5696, 2016-05-25 08:00:00, 2.48634e-08
5697, 2016-05-25 09:00:00, 1.81803e-08
5698, 2016-05-25 10:00:00, 1.92141e-08
5699, 2016-05-25 11:00:00, 5.69665e-08
5700, 2016-05-25 12:00:00, 3.4916e-08
5701, 2016-05-25 13:00:00, 3.04275e-08
5702, 2016-05-25 14:00:00, 1.58505e-08
5703, 2016-05-25 15:00:00, 1.5809e-08
5704, 2016-05-25 16:00:00, 1.57676e-08
5705, 2016-05-25 17:00:00, 1.57263e-08
5706, 2016-05-25 18:00:00, 1.56852e-08
5707, 2016-05-25 19:00:00, 1.56441e-08
5708, 2016-05-25 20:00:00, 1.56032e-08
5709, 2016-05-25 21:00:00, 1.55623e-08
5710, 2016-05-25 22:00:00, 1.55216e-08
5711, 2016-05-25 23:00:00, 1.5481e-08
5712, 2016-05-26 00:00:00, 1.54404e-08
5713, 2016-05-26 01:00:00, 1.54e-08
5714, 2016-05-26 02:00:00, 1.53597e-08
5715, 2016-05-26 03:00:00, 1.53195e-08
5716, 2016-05-26 04:00:00, 1.52794e-08
5717, 2016-05-26 05:00:00, 1.52394e-08
5718, 2016-05-26 06:00:00, 1.51995e-08
5719, 2016-05-26 07:00:00, 1.51598e-08
5720, 2016-05-26 08:00:00, 1.51201e-08
5721, 2016-05-26 09:00:00, 1.50805e-08
5722, 2016-05-26 10:00:00, 1.5041e-08
5723, 2016-05-26 11:00:00, 1.50017e-08
5724, 2016-05-26 12:00:00, 1.49624e-08
5725, 2016-05-26 13:00:00, 1.49232e-08
5726, 2016-05-26 14:00:00, 1.48842e-08
5727, 2016-05-26 15:00:00, 1.48452e-08
5728, 2016-05-26 16:00:00, 1.48064e-08
5729, 2016-05-26 17:00:00, 1.47676e-08
5730, 2016-05-26 18:00:00, 1.4729e-08
5731, 2016-05-26 19:00:00, 1.46904e-08
5732, 2016-05-26 20:00:00, 1.4652e-08
5733, 2016-05-26 21:00:00, 1.46136e-08
5734, 2016-05-26 22:00:00, 1.45754e-08
5735, 2016-05-26 23:00:00, 1.45372e-08
5736, 2016-05-27 00:00:00, 1.44992e-08
5737, 2016-05-27 01:00:00, 1.44612e-08
5738, 2016-05-27 02:00:00, 1.44234e-08
5739, 2016-05-27 03:00:00, 1.43856e-08
5740, 2016-05-27 04:00:00, 1.43479e-08
5741, 2016-05-27 05:00:00, 1.43104e-08
5742, 2016-05-27 06:00:00, 1.42729e-08
5743, 2016-05-27 07:00:00, 1.42356e-08
5744, 2016-05-27 08:00:00, 1.41983e-08
5745, 2016-05-27 09:00:00, 1.41612e-08
5746, 2016-05-27 10:00:00, 1.41241e-08
5747, 2016-05-27 11:00:00, 1.40871e-08
5748, 2016-05-27 12:00:00, 1.40503e-08
5749, 2016-05-27 13:00:00, 1.40135e-08
5750, 2016-05-27 14:00:00, 1.39768e-08
5751, 2016-05-27 15:00:00, 1.39402e-08
5752, 2016-05-27 16:00:00, 1.39037e-08
5753, 2016-05-27 17:00:00, 1.38673e-08
5754, 2016-05-27 18:00:00, 1.3831e-08
5755, 2016-05-27 19:00:00, 1.37948e-08
5756, 2016-05-27 20:00:00, 1.37587e-08
5757, 2016-05-27 21:00:00, 1.37227e-08
5758, 2016-05-27 22:00:00, 1.36868e-08
5759, 2016-05-27 23:00:00, 1.3651e-08
5760, 2016-05-28 00:00:00, 1.36152e-08
5761, 2016-05-28 01:00:00, 1.35796e-08
5762, 2016-05-28 02:00:00, 1.35441e-08
5763, 2016-05-28 03:00:00, 1.35086e-08
5764, 2016-05-28 04:00:00, 1.34733e-08
5765, 2016-05-28 05:00:00, 1.3438e-08
5766, 2016-05-28 06:00:00, 1.34028e-08
5767, 2016-05-28 07:00:00, 1.33677e-08
5768, 2016-05-28 08:00:00, 1.33328e-08
5769, 2016-05-28 09:00:00, 1.32979e-08
5770, 2016-05-28 10:00:00, 1.3263e-08
5771, 2016-05-28 11:00:00, 1.32283e-08
5772, 2016-05-28 12:00:00, 1.31937e-08
5773, 2016-05-28 13:00:00, 1.31592e-08
5774, 2016-05-28 14:00:00, 1.31247e-08
5775, 2016-05-28 15:00:00, 1.30904e-08
5776, 2016-05-28 16:00:00, 1.30561e-08
5777, 2016-05-28 17:00:00, 1.30219e-08
5778, 2016-05-28 18:00:00, 1.29879e-08
5779, 2016-05-28 19:00:00, 1.29539e-08
5780, 2016-05-28 20:00:00, 1.292e-08
5781, 2016-05-28 21:00:00, 1.28861e-08
5782, 2016-05-28 22:00:00, 1.28524e-08
5783, 2016-05-28 23:00:00, 1.28188e-08
5784, 2016-05-29 00:00:00, 1.27852e-08
5785, 2016-05-29 01:00:00, 1.27518e-08
5786, 2016-05-29 02:00:00, 1.27184e-08
5787, 2016-05-29 03:00:00, 1.26851e-08
5788, 2016-05-29 04:00:00, 1.26519e-08
5789, 2016-05-29 05:00:00, 1.26188e-08
5790, 2016-05-29 06:00:00, 1.25858e-08
5791, 2016-05-29 07:00:00, 1.25528e-08
5792, 2016-05-29 08:00:00, 1.252e-08
5793, 2016-05-29 09:00:00, 1.24872e-08
5794, 2016-05-29 10:00:00, 1.24545e-08
5795, 2016-05-29 11:00:00, 1.24219e-08
5796, 2016-05-29 12:00:00, 1.23894e-08
5797, 2016-05-29 13:00:00, 1.2357e-08
5798, 2016-05-29 14:00:00, 1.23246e-08
5799, 2016-05-29 15:00:00, 1.22924e-08
5800, 2016-05-29 16:00:00, 1.22602e-08
5801, 2016-05-29 17:00:00, 1.22281e-08
5802, 2016-05-29 18:00:00, 1.21961e-08
5803, 2016-05-29 19:00:00, 1.21642e-08
5804, 2016-05-29 20:00:00, 1.21323e-08
5805, 2016-05-29 21:00:00, 1.21006e-08
5806, 2016-05-29 22:00:00, 1.20689e-08
5807, 2016-05-29 23:00:00, 1.20373e-08
5808, 2016-05-30 00:00:00, 1.20058e-08
5809, 2016-05-30 01:00:00, 1.19744e-08
5810, 2016-05-30 02:00:00, 1.1943e-08
5811, 2016-05-30 03:00:00, 1.19118e-08
5812, 2016-05-30 04:00:00, 1.18806e-08
5813, 2016-05-30 05:00:00, 1.18495e-08
5814, 2016-05-30 06:00:00, 1.18185e-08
5815, 2016-05-30 07:00:00, 1.17876e-08
5816, 2016-05-30 08:00:00, 1.17567e-08
5817, 2016-05-30 09:00:00, 0.0467724
5818, 2016-05-30 10:00:00, 0.10971
5819, 2016-05-30 11:00:00, 0.128295
5820, 2016-05-30 12:00:00, 0.0757072
5821, 2016-05-30 13:00:00, 0.0338056
5822, 2016-05-30 14:00:00, 0.00615611
5823, 2016-05-30 15:00:00, 0.00142007
5824, 2016-05-30 16:00:00, 0.0002959
5825, 2016-05-30 17:00:00, 1.12357e-05
5826, 2016-05-30 18:00:00, 1.14526e-08
5827, 2016-05-30 19:00:00, 1.14226e-08
5828, 2016-05-30 20:00:00, 1.13927e-08
5829, 2016-05-30 21:00:00, 1.13629e-08
5830, 2016-05-30 22:00:00, 1.13331e-08
5831, 2016-05-30 23:00:00, 1.13035e-08
5832, 2016-05-31 00:00:00, 1.12739e-08
5833, 2016-05-31 01:00:00, 1.12444e-08
5834, 2016-05-31 02:00:00, 1.1215e-08
5835, 2016-05-31 03:00:00, 1.44282e-08
5836, 2016-05-31 04:00:00, 1.70947e-08
5837, 2016-05-31 05:00:00, 4.01007e-08
5838, 2016-05-31 06:00:00, 5.29738e-08
5839, 2016-05-31 07:00:00, 5.81569e-08
5840, 2016-05-31 08:00:00, 5.89145e-08
5841, 2016-05-31 09:00:00, 3.28097e-08
5842, 2016-05-31 10:00:00, 4.17898e-08
5843, 2016-05-31 11:00:00, 1.83333e-07
5844, 2016-05-31 12:00:00, 9.24122e-08
5845, 2016-05-31 13:00:00, 7.00156e-08
5846, 2016-05-31 14:00:00, 1.08677e-08
5847, 2016-05-31 15:00:00, 1.08393e-08
5848, 2016-05-31 16:00:00, 1.08109e-08
5849, 2016-05-31 17:00:00, 1.07826e-08
5850, 2016-05-31 18:00:00, 1.07544e-08
5851, 2016-05-31 19:00:00, 1.07263e-08
5852, 2016-05-31 20:00:00, 1.06982e-08
5853, 2016-05-31 21:00:00, 1.06702e-08
5854, 2016-05-31 22:00:00, 1.06422e-08
5855, 2016-05-31 23:00:00, 1.06144e-08
5856, 2016-06-01 00:00:00, 1.05866e-08
5857, 2016-06-01 01:00:00, 1.05589e-08
5858, 2016-06-01 02:00:00, 1.05313e-08
5859, 2016-06-01 03:00:00, 1.05037e-08
5860, 2016-06-01 04:00:00, 1.04762e-08
5861, 2016-06-01 05:00:00, 1.04488e-08
5862, 2016-06-01 06:00:00, 1.04214e-08
5863, 2016-06-01 07:00:00, 1.03942e-08
5864, 2016-06-01 08:00:00, 1.0367e-08
5865, 2016-06-01 09:00:00, 1.03398e-08
5866, 2016-06-01 10:00:00, 1.03128e-08
5867, 2016-06-01 11:00:00, 1.02858e-08
5868, 2016-06-01 12:00:00, 1.02588e-08
5869, 2016-06-01 13:00:00, 1.0232e-08
5870, 2016-06-01 14:00:00, 1.02052e-08
5871, 2016-06-01 15:00:00, 1.01785e-08
5872, 2016-06-01 16:00:00, 1.01519e-08
5873, 2016-06-01 17:00:00, 1.01253e-08
5874, 2016-06-01 18:00:00, 1.00988e-08
5875, 2016-06-01 19:00:00, 1.00724e-08
5876, 2016-06-01 20:00:00, 1.0046e-08
5877, 2016-06-01 21:00:00, 1.00197e-08
5878, 2016-06-01 22:00:00, 9.99347e-09
5879, 2016-06-01 23:00:00, 9.96731e-09
5880, 2016-06-02 00:00:00, 9.94122e-09
5881, 2016-06-02 01:00:00, 9.9152e-09
5882, 2016-06-02 02:00:00, 9.88925e-09
5883, 2016-06-02 03:00:00, 9.86337e-09
5884, 2016-06-02 04:00:00, 9.83755e-09
5885, 2016-06-02 05:00:00, 9.8118e-09
5886, 2016-06-02 06:00:00, 9.78612e-09
5887, 2016-06-02 07:00:00, 9.76051e-09
5888, 2016-06-02 08:00:00, 9.73496e-09
5889, 2016-06-02 09:00:00, 9.70948e-09
5890, 2016-06-02 10:00:00, 9.68407e-09
5891, 2016-06-02 11:00:00, 9.65872e-09
5892, 2016-06-02 12:00:00, 9.63344e-09
5893, 2016-06-02 13:00:00, 9.60822e-09
5894, 2016-06-02 14:00:00, 9.58308e-09
5895, 2016-06-02 15:00:00, 9.55799e-09
5896, 2016-06-02 16:00:00, 9.53298e-09
5897, 2016-06-02 17:00:00, 9.50802e-09
5898, 2016-06-02 18:00:00, 9.48314e-09
5899, 2016-06-02 19:00:00, 9.45832e-09
5900, 2016-06-02 20:00:00, 9.43356e-09
5901, 2016-06-02 21:00:00, 9.40887e-09
5902, 2016-06-02 22:00:00, 9.38424e-09
5903, 2016-06-02 23:00:00, 9.35968e-09
5904, 2016-06-03 00:00:00, 9.33518e-09
5905, 2016-06-03 01:00:00, 9.31075e-09
5906, 2016-06-03 02:00:00, 9.28638e-09
5907, 2016-06-03 03:00:00, 9.26207e-09
5908, 2016-06-03 04:00:00, 9.23783e-09
5909, 2016-06-03 05:00:00, 9.21365e-09
5910, 2016-06-03 06:00:00, 9.18953e-09
5911, 2016-06-03 07:00:00, 9.16548e-09
5912, 2016-06-03 08:00:00, 9.14149e-09
5913, 2016-06-03 09:00:00, 9.11756e-09
5914, 2016-06-03 10:00:00, 9.0937e-09
5915, 2016-06-03 11:00:00, 9.0699e-09
5916, 2016-06-03 12:00:00, 9.04616e-09
5917, 2016-06-03 13:00:00, 9.02248e-09
5918, 2016-06-03 14:00:00, 0.000151683
5919, 2016-06-03 15:00:00, 7.55352e-05
5920, 2016-06-03 16:00:00, 0.000182011
5921, 2016-06-03 17:00:00, 8.19448e-05
5922, 2016-06-03 18:00:00, 5.56127e-05
5923, 2016-06-03 19:00:00, 8.46121e-06
5924, 2016-06-03 20:00:00, 8.85847e-09
5925, 2016-06-03 21:00:00, 8.83528e-09
5926, 2016-06-03 22:00:00, 8.81215e-09
5927, 2016-06-03 23:00:00, 1.31027e-08
5928, 2016-06-04 00:00:00, 3.42043e-08
5929, 2016-06-04 01:00:00, 3.67077e-08
5930, 2016-06-04 02:00:00, 5.64304e-08
5931, 2016-06-04 03:00:00, 4.86886e-08
5932, 2016-06-04 04:00:00, 6.30063e-08
5933, 2016-06-04 05:00:00, 7.30207e-08
5934, 2016-06-04 06:00:00, 9.50931e-08
5935, 2016-06-04 07:00:00, 1.54078e-07
5936, 2016-06-04 08:00:00, 1.76145e-07
5937, 2016-06-04 09:00:00, 2.06428e-07
5938, 2016-06-04 10:00:00, 1.91752e-07
5939, 2016-06-04 11:00:00, 2.7347e-07
5940, 2016-06-04 12:00:00, 1.24952e-07
5941, 2016-06-04 13:00:00, 7.40012e-08
5942, 2016-06-04 14:00:00, 8.45027e-09
5943, 2016-06-04 15:00:00, 8.42815e-09
5944, 2016-06-04 16:00:00, 8.40609e-09
5945, 2016-06-04 17:00:00, 8.38409e-09
5946, 2016-06-04 18:00:00, 8.36215e-09
5947, 2016-06-04 19:00:00, 8.34026e-09
5948, 2016-06-04 20:00:00, 8.31843e-09
5949, 2016-06-04 21:00:00, 8.29666e-09
5950, 2016-06-04 22:00:00, 8.27494e-09
5951, 2016-06-04 23:00:00, 8.25328e-09
5952, 2016-06-05 00:00:00, 8.23168e-09
5953, 2016-06-05 01:00:00, 8.21014e-09
5954, 2016-06-05 02:00:00, 8.18865e-09
5955, 2016-06-05 03:00:00, 8.16721e-09
5956, 2016-06-05 04:00:00, 8.14584e-09
5957, 2016-06-05 05:00:00, 8.12452e-09
5958, 2016-06-05 06:00:00, 1.14552e-08
5959, 2016-06-05 07:00:00, 1.24402e-08
5960, 2016-06-05 08:00:00, 2.89616e-08
5961, 2016-06-05 09:00:00, 2.90859e-08
5962, 2016-06-05 10:00:00, 4.16265e-08
5963, 2016-06-05 11:00:00, 1.42615e-05
5964, 2016-06-05 12:00:00, 2.44192e-05
5965, 2016-06-05 13:00:00, 0.000103436
5966, 2016-06-05 14:00:00, 9.60494e-05
5967, 2016-06-05 15:00:00, 0.000149769
5968, 2016-06-05 16:00:00, 0.000101066
5969, 2016-06-05 17:00:00, 0.000129689
5970, 2016-06-05 18:00:00, 7.26967e-05
5971, 2016-06-05 19:00:00, 0.001243
5972, 2016-06-05 20:00:00, 0.0111597
5973, 2016-06-05 21:00:00, 0.0137268
5974, 2016-06-05 22:00:00, 0.00797398
5975, 2016-06-05 23:00:00, 0.00358937
5976, 2016-06-06 00:00:00, 0.000331391
5977, 2016-06-06 01:00:00, 0.00606057
5978, 2016-06-06 02:00:00, 0.00381198
5979, 2016-06-06 03:00:00, 0.00265631
5980, 2016-06-06 04:00:00, 0.000432081
5981, 2016-06-06 05:00:00, 1.38009e-05
5982, 2016-06-06 06:00:00, 8.8321e-06
5983, 2016-06-06 07:00:00, 3.88926e-08
5984, 2016-06-06 08:00:00, 2.58297e-08
5985, 2016-06-06 09:00:00, 1.2307e-08
5986, 2016-06-06 10:00:00, 1.64652e-08
5987, 2016-06-06 11:00:00, 2.27061e-08
5988, 2016-06-06 12:00:00, 2.242e-08
5989, 2016-06-06 13:00:00, 1.49035e-08
5990, 2016-06-06 14:00:00, 1.00262e-08
5991, 2016-06-06 15:00:00, 7.43187e-09
5992, 2016-06-06 16:00:00, 7.41242e-09
5993, 2016-06-06 17:00:00, 7.39302e-09
5994, 2016-06-06 18:00:00, 7.37367e-09
5995, 2016-06-06 19:00:00, 7.35437e-09
5996, 2016-06-06 20:00:00, 7.33512e-09
5997, 2016-06-06 21:00:00, 7.31592e-09
5998, 2016-06-06 22:00:00, 7.29677e-09
5999, 2016-06-06 23:00:00, 7.27767e-09
6000, 2016-06-07 00:00:00, 7.25862e-09
6001, 2016-06-07 01:00:00, 7.23962e-09
6002, 2016-06-07 02:00:00, 7.22068e-09
6003, 2016-06-07 03:00:00, 7.20178e-09
6004, 2016-06-07 04:00:00, 7.18293e-09
6005, 2016-06-07 05:00:00, 7.16413e-09
6006, 2016-06-07 06:00:00, 7.14537e-09
6007, 2016-06-07 07:00:00, 7.12667e-09
6008, 2016-06-07 08:00:00, 7.10802e-09
6009, 2016-06-07 09:00:00, 1.07372e-08
6010, 2016-06-07 10:00:00, 2.09e-08
6011, 2016-06-07 11:00:00, 2.39329e-08
6012, 2016-06-07 12:00:00, 1.60151e-08
6013, 2016-06-07 13:00:00, 1.06598e-08
6014, 2016-06-07 14:00:00, 6.99712e-09
6015, 2016-06-07 15:00:00, 6.97881e-09
6016, 2016-06-07 16:00:00, 6.96054e-09
6017, 2016-06-07 17:00:00, 6.94232e-09
6018, 2016-06-07 18:00:00, 6.92415e-09
6019, 2016-06-07 19:00:00, 6.90603e-09
6020, 2016-06-07 20:00:00, 6.88795e-09
6021, 2016-06-07 21:00:00, 6.86992e-09
6022, 2016-06-07 22:00:00, 6.85194e-09
6023, 2016-06-07 23:00:00, 6.83401e-09
6024, 2016-06-08 00:00:00, 6.81612e-09
6025, 2016-06-08 01:00:00, 6.79828e-09
6026, 2016-06-08 02:00:00, 6.78048e-09
6027, 2016-06-08 03:00:00, 6.76274e-09
6028, 2016-06-08 04:00:00, 6.74504e-09
6029, 2016-06-08 05:00:00, 6.72738e-09
6030, 2016-06-08 06:00:00, 6.70977e-09
6031, 2016-06-08 07:00:00, 6.69221e-09
6032, 2016-06-08 08:00:00, 6.6747e-09
6033, 2016-06-08 09:00:00, 6.65722e-09
6034, 2016-06-08 10:00:00, 6.6398e-09
6035, 2016-06-08 11:00:00, 6.62242e-09
6036, 2016-06-08 12:00:00, 6.60509e-09
6037, 2016-06-08 13:00:00, 6.5878e-09
6038, 2016-06-08 14:00:00, 6.57056e-09
6039, 2016-06-08 15:00:00, 6.55336e-09
6040, 2016-06-08 16:00:00, 6.53621e-09
6041, 2016-06-08 17:00:00, 6.5191e-09
6042, 2016-06-08 18:00:00, 6.50204e-09
6043, 2016-06-08 19:00:00, 6.48502e-09
6044, 2016-06-08 20:00:00, 6.46804e-09
6045, 2016-06-08 21:00:00, 6.45111e-09
6046, 2016-06-08 22:00:00, 6.43423e-09
6047, 2016-06-08 23:00:00, 6.41739e-09
6048, 2016-06-09 00:00:00, 6.40059e-09
6049, 2016-06-09 01:00:00, 6.38384e-09
6050, 2016-06-09 02:00:00, 6.36713e-09
6051, 2016-06-09 03:00:00, 6.35046e-09
6052, 2016-06-09 04:00:00, 6.33384e-09
6053, 2016-06-09 05:00:00, 6.31726e-09
6054, 2016-06-09 06:00:00, 6.30073e-09
6055, 2016-06-09 07:00:00, 6.28424e-09
6056, 2016-06-09 08:00:00, 6.26779e-09
6057, 2016-06-09 09:00:00, 6.25138e-09
6058, 2016-06-09 10:00:00, 6.23502e-09
6059, 2016-06-09 11:00:00, 6.2187e-09
6060, 2016-06-09 12:00:00, 6.20242e-09
6061, 2016-06-09 13:00:00, 6.18619e-09
6062, 2016-06-09 14:00:00, 6.17e-09
6063, 2016-06-09 15:00:00, 6.15385e-09
6064, 2016-06-09 16:00:00, 6.13774e-09
6065, 2016-06-09 17:00:00, 6.12168e-09
6066, 2016-06-09 18:00:00, 6.10565e-09
6067, 2016-06-09 19:00:00, 6.08967e-09
6068, 2016-06-09 20:00:00, 6.07373e-09
6069, 2016-06-09 21:00:00, 6.05784e-09
6070, 2016-06-09 22:00:00, 6.04198e-09
6071, 2016-06-09 23:00:00, 6.02617e-09
6072, 2016-06-10 00:00:00, 6.01039e-09
6073, 2016-06-10 01:00:00, 5.99466e-09
6074, 2016-06-10 02:00:00, 5.97897e-09
6075, 2016-06-10 03:00:00, 5.96332e-09
6076, 2016-06-10 04:00:00, 5.94771e-09
6077, 2016-06-10 05:00:00, 5.93215e-09
6078, 2016-06-10 06:00:00, 5.91662e-09
6079, 2016-06-10 07:00:00, 5.90113e-09
6080, 2016-06-10 08:00:00, 5.88569e-09
6081, 2016-06-10 09:00:00, 5.87028e-09
6082, 2016-06-10 10:00:00, 5.85492e-09
6083, 2016-06-10 11:00:00, 5.83959e-09
6084, 2016-06-10 12:00:00, 5.82431e-09
6085, 2016-06-10 13:00:00, 5.80906e-09
6086, 2016-06-10 14:00:00, 5.79386e-09
6087, 2016-06-10 15:00:00, 5.77869e-09
6088, 2016-06-10 16:00:00, 5.76357e-09
6089, 2016-06-10 17:00:00, 5.74848e-09
6090, 2016-06-10 18:00:00, 5.73344e-09
6091, 2016-06-10 19:00:00, 5.71843e-09
6092, 2016-06-10 20:00:00, 5.70346e-09
6093, 2016-06-10 21:00:00, 5.68853e-09
6094, 2016-06-10 22:00:00, 5.67365e-09
6095, 2016-06-10 23:00:00, 5.6588e-09
6096, 2016-06-11 00:00:00, 5.64398e-09
6097, 2016-06-11 01:00:00, 5.62921e-09
6098, 2016-06-11 02:00:00, 5.61448e-09
6099, 2016-06-11 03:00:00, 5.59978e-09
6100, 2016-06-11 04:00:00, 5.58513e-09
6101, 2016-06-11 05:00:00, 5.57051e-09
6102, 2016-06-11 06:00:00, 5.55593e-09
6103, 2016-06-11 07:00:00, 5.54138e-09
6104, 2016-06-11 08:00:00, 5.52688e-09
6105, 2016-06-11 09:00:00, 5.51241e-09
6106, 2016-06-11 10:00:00, 5.49799e-09
6107, 2016-06-11 11:00:00, 5.4836e-09
6108, 2016-06-11 12:00:00, 5.46924e-09
6109, 2016-06-11 13:00:00, 5.45493e-09
6110, 2016-06-11 14:00:00, 5.44065e-09
6111, 2016-06-11 15:00:00, 5.42641e-09
6112, 2016-06-11 16:00:00, 5.41221e-09
6113, 2016-06-11 17:00:00, 0.000183143
6114, 2016-06-11 18:00:00, 0.01886
6115, 2016-06-11 19:00:00, 0.0148826
6116, 2016-06-11 20:00:00, 0.00968296
6117, 2016-06-11 21:00:00, 0.00228406
6118, 2016-06-11 22:00:00, 2.45726e-08
6119, 2016-06-11 23:00:00, 4.44196e-06
6120, 2016-06-12 00:00:00, 2.06284e-06
6121, 2016-06-12 01:00:00, 1.65825e-06
6122, 2016-06-12 02:00:00, 4.21197e-08
6123, 2016-06-12 03:00:00, 2.67345e-08
6124, 2016-06-12 04:00:00, 2.56909e-08
6125, 2016-06-12 05:00:00, 1.79713e-08
6126, 2016-06-12 06:00:00, 2.03694e-08
6127, 2016-06-12 07:00:00, 1.53973e-08
6128, 2016-06-12 08:00:00, 1.07453e-08
6129, 2016-06-12 09:00:00, 7.36892e-09
6130, 2016-06-12 10:00:00, 6.72165e-09
6131, 2016-06-12 11:00:00, 9.67357e-08
6132, 2016-06-12 12:00:00, 7.90167e-08
6133, 2016-06-12 13:00:00, 5.27566e-08
6134, 2016-06-12 14:00:00, 1.67802e-08
6135, 2016-06-12 15:00:00, 5.0956e-09
6136, 2016-06-12 16:00:00, 5.08226e-09
6137, 2016-06-12 17:00:00, 5.06896e-09
6138, 2016-06-12 18:00:00, 5.05569e-09
6139, 2016-06-12 19:00:00, 5.04246e-09
6140, 2016-06-12 20:00:00, 5.02926e-09
6141, 2016-06-12 21:00:00, 5.0161e-09
6142, 2016-06-12 22:00:00, 5.00297e-09
6143, 2016-06-12 23:00:00, 4.98988e-09
6144, 2016-06-13 00:00:00, 4.97682e-09
6145, 2016-06-13 01:00:00, 4.96379e-09
6146, 2016-06-13 02:00:00, 4.9508e-09
6147, 2016-06-13 03:00:00, 4.93784e-09
6148, 2016-06-13 04:00:00, 4.92491e-09
6149, 2016-06-13 05:00:00, 4.91202e-09
6150, 2016-06-13 06:00:00, 4.89917e-09
6151, 2016-06-13 07:00:00, 4.88634e-09
6152, 2016-06-13 08:00:00, 4.87355e-09
6153, 2016-06-13 09:00:00, 4.8608e-09
6154, 2016-06-13 10:00:00, 4.84808e-09
6155, 2016-06-13 11:00:00, 4.83539e-09
6156, 2016-06-13 12:00:00, 4.82273e-09
6157, 2016-06-13 13:00:00, 4.81011e-09
6158, 2016-06-13 14:00:00, 4.79752e-09
6159, 2016-06-13 15:00:00, 4.78496e-09
6160, 2016-06-13 16:00:00, 4.77244e-09
6161, 2016-06-13 17:00:00, 4.75994e-09
6162, 2016-06-13 18:00:00, 4.74749e-09
6163, 2016-06-13 19:00:00, 4.73506e-09
6164, 2016-06-13 20:00:00, 4.72267e-09
6165, 2016-06-13 21:00:00, 4.71031e-09
6166, 2016-06-13 22:00:00, 4.69798e-09
6167, 2016-06-13 23:00:00, 4.68568e-09
6168, 2016-06-14 00:00:00, 4.67342e-09
6169, 2016-06-14 01:00:00, 4.66118e-09
6170, 2016-06-14 02:00:00, 4.64898e-09
6171, 2016-06-14 03:00:00, 4.63681e-09
6172, 2016-06-14 04:00:00, 4.62468e-09
6173, 2016-06-14 05:00:00, 4.61257e-09
6174, 2016-06-14 06:00:00, 4.6005e-09
6175, 2016-06-14 07:00:00, 4.58846e-09
6176, 2016-06-14 08:00:00, 4.57645e-09
6177, 2016-06-14 09:00:00, 4.56447e-09
6178, 2016-06-14 10:00:00, 4.55252e-09
6179, 2016-06-14 11:00:00, 4.54061e-09
6180, 2016-06-14 12:00:00, 4.52872e-09
6181, 2016-06-14 13:00:00, 4.51687e-09
6182, 2016-06-14 14:00:00, 4.50505e-09
6183, 2016-06-14 15:00:00, 4.49326e-09
6184, 2016-06-14 16:00:00, 4.4815e-09
6185, 2016-06-14 17:00:00, 4.46977e-09
6186, 2016-06-14 18:00:00, 4.45807e-09
6187, 2016-06-14 19:00:00, 4.4464e-09
6188, 2016-06-14 20:00:00, 4.43476e-09
6189, 2016-06-14 21:00:00, 4.42315e-09
6190, 2016-06-14 22:00:00, 4.41158e-09
6191, 2016-06-14 23:00:00, 4.40003e-09
6192, 2016-06-15 00:00:00, 4.38851e-09
6193, 2016-06-15 01:00:00, 4.37703e-09
6194, 2016-06-15 02:00:00, 4.36557e-09
6195, 2016-06-15 03:00:00, 4.35414e-09
6196, 2016-06-15 04:00:00, 4.34275e-09
6197, 2016-06-15 05:00:00, 4.33138e-09
6198, 2016-06-15 06:00:00, 4.32004e-09
6199, 2016-06-15 07:00:00, 4.30873e-09
6200, 2016-06-15 08:00:00, 4.29746e-09
6201, 2016-06-15 09:00:00, 4.28621e-09
6202, 2016-06-15 10:00:00, 4.27499e-09
6203, 2016-06-15 11:00:00, 4.2638e-09
6204, 2016-06-15 12:00:00, 4.25264e-09
6205, 2016-06-15 13:00:00, 4.24151e-09
6206, 2016-06-15 14:00:00, 4.23041e-09
6207, 2016-06-15 15:00:00, 4.21934e-09
6208, 2016-06-15 16:00:00, 4.20829e-09
6209, 2016-06-15 17:00:00, 4.19728e-09
6210, 2016-06-15 18:00:00, 4.18629e-09
6211, 2016-06-15 19:00:00, 4.17533e-09
6212, 2016-06-15 20:00:00, 4.16441e-09
6213, 2016-06-15 21:00:00, 4.15351e-09
6214, 2016-06-15 22:00:00, 4.14263e-09
6215, 2016-06-15 23:00:00, 4.13179e-09
6216, 2016-06-16 00:00:00, 4.12098e-09
6217, 2016-06-16 01:00:00, 4.11019e-09
6218, 2016-06-16 02:00:00, 4.09943e-09
6219, 2016-06-16 03:00:00, 4.0887e-09
6220, 2016-06-16 04:00:00, 4.078e-09
6221, 2016-06-16 05:00:00, 4.06733e-09
6222, 2016-06-16 06:00:00, 4.05668e-09
6223, 2016-06-16 07:00:00, 4.04606e-09
6224, 2016-06-16 08:00:00, 4.03547e-09
6225, 2016-06-16 09:00:00, 4.02491e-09
6226, 2016-06-16 10:00:00, 4.01438e-09
6227, 2016-06-16 11:00:00, 4.00387e-09
6228, 2016-06-16 12:00:00, 3.99339e-09
6229, 2016-06-16 13:00:00, 3.98294e-09
6230, 2016-06-16 14:00:00, 3.97251e-09
6231, 2016-06-16 15:00:00, 3.96211e-09
6232, 2016-06-16 16:00:00, 3.95174e-09
6233, 2016-06-16 17:00:00, 3.9414e-09
6234, 2016-06-16 18:00:00, 3.93108e-09
6235, 2016-06-16 19:00:00, 3.92079e-09
6236, 2016-06-16 20:00:00, 3.91053e-09
6237, 2016-06-16 21:00:00, 3.9003e-09
6238, 2016-06-16 22:00:00, 3.89009e-09
6239, 2016-06-16 23:00:00, 3.87991e-09
6240, 2016-06-17 00:00:00, 3.86975e-09
6241, 2016-06-17 01:00:00, 3.85962e-09
6242, 2016-06-17 02:00:00, 3.84952e-09
6243, 2016-06-17 03:00:00, 3.83944e-09
6244, 2016-06-17 04:00:00, 3.8294e-09
6245, 2016-06-17 05:00:00, 3.81937e-09
6246, 2016-06-17 06:00:00, 3.80938e-09
6247, 2016-06-17 07:00:00, 4.33787e-09
6248, 2016-06-17 08:00:00, 4.03422e-09
6249, 2016-06-17 09:00:00, 3.97535e-09
6250, 2016-06-17 10:00:00, 3.76965e-09
6251, 2016-06-17 11:00:00, 3.75978e-09
6252, 2016-06-17 12:00:00, 3.74994e-09
6253, 2016-06-17 13:00:00, 3.74013e-09
6254, 2016-06-17 14:00:00, 3.73034e-09
6255, 2016-06-17 15:00:00, 3.72057e-09
6256, 2016-06-17 16:00:00, 3.71083e-09
6257, 2016-06-17 17:00:00, 3.70112e-09
6258, 2016-06-17 18:00:00, 3.69143e-09
6259, 2016-06-17 19:00:00, 3.68177e-09
6260, 2016-06-17 20:00:00, 3.67214e-09
6261, 2016-06-17 21:00:00, 3.66252e-09
6262, 2016-06-17 22:00:00, 3.65294e-09
6263, 2016-06-17 23:00:00, 3.64338e-09
6264, 2016-06-18 00:00:00, 3.63384e-09
6265, 2016-06-18 01:00:00, 3.62433e-09
6266, 2016-06-18 02:00:00, 3.61484e-09
6267, 2016-06-18 03:00:00, 3.60538e-09
6268, 2016-06-18 04:00:00, 3.59595e-09
6269, 2016-06-18 05:00:00, 3.58653e-09
6270, 2016-06-18 06:00:00, 3.57715e-09
6271, 2016-06-18 07:00:00, 3.56778e-09
6272, 2016-06-18 08:00:00, 3.55844e-09
6273, 2016-06-18 09:00:00, 3.54913e-09
6274, 2016-06-18 10:00:00, 3.53984e-09
6275, 2016-06-18 11:00:00, 3.53058e-09
6276, 2016-06-18 12:00:00, 3.52133e-09
6277, 2016-06-18 13:00:00, 3.51212e-09
6278, 2016-06-18 14:00:00, 3.50293e-09
6279, 2016-06-18 15:00:00, 3.49376e-09
6280, 2016-06-18 16:00:00, 3.48461e-09
6281, 2016-06-18 17:00:00, 3.47549e-09
6282, 2016-06-18 18:00:00, 3.4664e-09
6283, 2016-06-18 19:00:00, 3.45732e-09
6284, 2016-06-18 20:00:00, 3.44827e-09
6285, 2016-06-18 21:00:00, 3.43925e-09
6286, 2016-06-18 22:00:00, 3.43025e-09
6287, 2016-06-18 23:00:00, 3.42127e-09
6288, 2016-06-19 00:00:00, 3.41231e-09
6289, 2016-06-19 01:00:00, 3.40338e-09
6290, 2016-06-19 02:00:00, 3.39447e-09
6291, 2016-06-19 03:00:00, 3.38559e-09
6292, 2016-06-19 04:00:00, 3.37673e-09
6293, 2016-06-19 05:00:00, 3.36789e-09
6294, 2016-06-19 06:00:00, 3.35907e-09
6295, 2016-06-19 07:00:00, 3.35028e-09
6296, 2016-06-19 08:00:00, 3.34151e-09
6297, 2016-06-19 09:00:00, 3.33277e-09
6298, 2016-06-19 10:00:00, 3.32404e-09
6299, 2016-06-19 11:00:00, 5.47356e-09
6300, 2016-06-19 12:00:00, 4.28767e-09
6301, 2016-06-19 13:00:00, 4.08282e-09
6302, 2016-06-19 14:00:00, 3.28938e-09
6303, 2016-06-19 15:00:00, 3.28077e-09
6304, 2016-06-19 16:00:00, 3.27218e-09
6305, 2016-06-19 17:00:00, 3.26362e-09
6306, 2016-06-19 18:00:00, 3.25507e-09
6307, 2016-06-19 19:00:00, 3.24655e-09
6308, 2016-06-19 20:00:00, 3.23806e-09
6309, 2016-06-19 21:00:00, 3.22958e-09
6310, 2016-06-19 22:00:00, 3.22113e-09
6311, 2016-06-19 23:00:00, 3.2127e-09
6312, 2016-06-20 00:00:00, 3.20429e-09
6313, 2016-06-20 01:00:00, 3.1959e-09
6314, 2016-06-20 02:00:00, 3.18754e-09
6315, 2016-06-20 03:00:00, 3.17919e-09
6316, 2016-06-20 04:00:00, 3.17087e-09
6317, 2016-06-20 05:00:00, 3.16257e-09
6318, 2016-06-20 06:00:00, 3.1543e-09
6319, 2016-06-20 07:00:00, 3.14604e-09
6320, 2016-06-20 08:00:00, 3.1378e-09
6321, 2016-06-20 09:00:00, 3.12959e-09
6322, 2016-06-20 10:00:00, 3.1214e-09
6323, 2016-06-20 11:00:00, 3.21957e-08
6324, 2016-06-20 12:00:00, 1.63244e-08
6325, 2016-06-20 13:00:00, 1.36724e-08
6326, 2016-06-20 14:00:00, 3.08885e-09
6327, 2016-06-20 15:00:00, 3.08076e-09
6328, 2016-06-20 16:00:00, 3.0727e-09
6329, 2016-06-20 17:00:00, 3.06466e-09
6330, 2016-06-20 18:00:00, 3.05664e-09
6331, 2016-06-20 19:00:00, 3.04864e-09
6332, 2016-06-20 20:00:00, 3.04066e-09
6333, 2016-06-20 21:00:00, 3.0327e-09
6334, 2016-06-20 22:00:00, 3.02476e-09
6335, 2016-06-20 23:00:00, 3.01684e-09
6336, 2016-06-21 00:00:00, 3.00895e-09
6337, 2016-06-21 01:00:00, 3.00107e-09
6338, 2016-06-21 02:00:00, 2.99322e-09
6339, 2016-06-21 03:00:00, 2.98538e-09
6340, 2016-06-21 04:00:00, 2.97757e-09
6341, 2016-06-21 05:00:00, 2.96977e-09
6342, 2016-06-21 06:00:00, 2.962e-09
6343, 2016-06-21 07:00:00, 2.95425e-09
6344, 2016-06-21 08:00:00, 2.94652e-09
6345, 2016-06-21 09:00:00, 0.00667637
6346, 2016-06-21 10:00:00, 0.0073654
6347, 2016-06-21 11:00:00, 0.00442407
6348, 2016-06-21 12:00:00, 0.00167848
6349, 2016-06-21 13:00:00, 5.14944e-05
6350, 2016-06-21 14:00:00, 3.31076e-05
6351, 2016-06-21 15:00:00, 2.89295e-09
6352, 2016-06-21 16:00:00, 2.88538e-09
6353, 2016-06-21 17:00:00, 2.87783e-09
6354, 2016-06-21 18:00:00, 2.8703e-09
6355, 2016-06-21 19:00:00, 2.86278e-09
6356, 2016-06-21 20:00:00, 2.85529e-09
6357, 2016-06-21 21:00:00, 2.84782e-09
6358, 2016-06-21 22:00:00, 2.84036e-09
6359, 2016-06-21 23:00:00, 2.83293e-09
6360, 2016-06-22 00:00:00, 2.82551e-09
6361, 2016-06-22 01:00:00, 2.81812e-09
6362, 2016-06-22 02:00:00, 2.81074e-09
6363, 2016-06-22 03:00:00, 2.80339e-09
6364, 2016-06-22 04:00:00, 2.79605e-09
6365, 2016-06-22 05:00:00, 2.78873e-09
6366, 2016-06-22 06:00:00, 2.78143e-09
6367, 2016-06-22 07:00:00, 2.77415e-09
6368, 2016-06-22 08:00:00, 2.76689e-09
6369, 2016-06-22 09:00:00, 2.75965e-09
6370, 2016-06-22 10:00:00, 2.75242e-09
6371, 2016-06-22 11:00:00, 2.74522e-09
6372, 2016-06-22 12:00:00, 2.73803e-09
6373, 2016-06-22 13:00:00, 2.73087e-09
6374, 2016-06-22 14:00:00, 2.72372e-09
6375, 2016-06-22 15:00:00, 2.71659e-09
6376, 2016-06-22 16:00:00, 2.70948e-09
6377, 2016-06-22 17:00:00, 2.70239e-09
6378, 2016-06-22 18:00:00, 2.69532e-09
6379, 2016-06-22 19:00:00, 2.68826e-09
6380, 2016-06-22 20:00:00, 2.68122e-09
6381, 2016-06-22 21:00:00, 2.67421e-09
6382, 2016-06-22 22:00:00, 2.66721e-09
6383, 2016-06-22 23:00:00, 2.66023e-09
6384, 2016-06-23 00:00:00, 2.65326e-09
6385, 2016-06-23 01:00:00, 2.64632e-09
6386, 2016-06-23 02:00:00, 2.63939e-09
6387, 2016-06-23 03:00:00, 2.63248e-09
6388, 2016-06-23 04:00:00, 2.62559e-09
6389, 2016-06-23 05:00:00, 2.61872e-09
6390, 2016-06-23 06:00:00, 2.61187e-09
6391, 2016-06-23 07:00:00, 2.60503e-09
6392, 2016-06-23 08:00:00, 2.59821e-09
6393, 2016-06-23 09:00:00, 2.59141e-09
6394, 2016-06-23 10:00:00, 2.58463e-09
6395, 2016-06-23 11:00:00, 2.57786e-09
6396, 2016-06-23 12:00:00, 2.57112e-09
6397, 2016-06-23 13:00:00, 2.56439e-09
6398, 2016-06-23 14:00:00, 2.55767e-09
6399, 2016-06-23 15:00:00, 2.55098e-09
6400, 2016-06-23 16:00:00, 2.5443e-09
6401, 2016-06-23 17:00:00, 2.53764e-09
6402, 2016-06-23 18:00:00, 2.531e-09
6403, 2016-06-23 19:00:00, 2.52438e-09
6404, 2016-06-23 20:00:00, 2.51777e-09
6405, 2016-06-23 21:00:00, 2.51118e-09
6406, 2016-06-23 22:00:00, 2.50461e-09
6407, 2016-06-23 23:00:00, 2.49805e-09
6408, 2016-06-24 00:00:00, 2.49151e-09
6409, 2016-06-24 01:00:00, 2.48499e-09
6410, 2016-06-24 02:00:00, 6.79676e-09
6411, 2016-06-24 03:00:00, 1.26699e-08
6412, 2016-06-24 04:00:00, 8.57353e-09
6413, 2016-06-24 05:00:00, 5.81477e-09
6414, 2016-06-24 06:00:00, 2.74156e-09
6415, 2016-06-24 07:00:00, 2.44622e-09
6416, 2016-06-24 08:00:00, 2.43982e-09
6417, 2016-06-24 09:00:00, 2.43343e-09
6418, 2016-06-24 10:00:00, 2.42706e-09
6419, 2016-06-24 11:00:00, 2.42071e-09
6420, 2016-06-24 12:00:00, 2.41437e-09
6421, 2016-06-24 13:00:00, 2.40805e-09
6422, 2016-06-24 14:00:00, 2.40175e-09
6423, 2016-06-24 15:00:00, 2.39547e-09
6424, 2016-06-24 16:00:00, 2.3892e-09
6425, 2016-06-24 17:00:00, 2.38294e-09
6426, 2016-06-24 18:00:00, 2.37671e-09
6427, 2016-06-24 19:00:00, 2.37048e-09
6428, 2016-06-24 20:00:00, 2.36428e-09
6429, 2016-06-24 21:00:00, 2.35809e-09
6430, 2016-06-24 22:00:00, 2.35192e-09
6431, 2016-06-24 23:00:00, 2.34576e-09
6432, 2016-06-25 00:00:00, 2.33962e-09
6433, 2016-06-25 01:00:00, 2.3335e-09
6434, 2016-06-25 02:00:00, 2.32739e-09
6435, 2016-06-25 03:00:00, 2.3213e-09
6436, 2016-06-25 04:00:00, 2.31522e-09
6437, 2016-06-25 05:00:00, 2.30916e-09
6438, 2016-06-25 06:00:00, 2.30312e-09
6439, 2016-06-25 07:00:00, 2.29709e-09
6440, 2016-06-25 08:00:00, 2.29108e-09
6441, 2016-06-25 09:00:00, 2.28508e-09
6442, 2016-06-25 10:00:00, 2.2791e-09
6443, 2016-06-25 11:00:00, 2.27314e-09
6444, 2016-06-25 12:00:00, 2.26719e-09
6445, 2016-06-25 13:00:00, 2.26125e-09
6446, 2016-06-25 14:00:00, 2.25533e-09
6447, 2016-06-25 15:00:00, 2.24943e-09
6448, 2016-06-25 16:00:00, 2.24354e-09
6449, 2016-06-25 17:00:00, 2.23767e-09
6450, 2016-06-25 18:00:00, 2.23181e-09
6451, 2016-06-25 19:00:00, 2.22597e-09
6452, 2016-06-25 20:00:00, 2.22015e-09
6453, 2016-06-25 21:00:00, 2.21434e-09
6454, 2016-06-25 22:00:00, 2.20854e-09
6455, 2016-06-25 23:00:00, 2.20276e-09
6456, 2016-06-26 00:00:00, 2.19699e-09
6457, 2016-06-26 01:00:00, 2.19124e-09
6458, 2016-06-26 02:00:00, 2.18551e-09
6459, 2016-06-26 03:00:00, 2.17979e-09
6460, 2016-06-26 04:00:00, 2.17408e-09
6461, 2016-06-26 05:00:00, 2.16839e-09
6462, 2016-06-26 06:00:00, 2.16272e-09
6463, 2016-06-26 07:00:00, 2.15706e-09
6464, 2016-06-26 08:00:00, 2.15141e-09
6465, 2016-06-26 09:00:00, 2.14578e-09
6466, 2016-06-26 10:00:00, 2.14016e-09
6467, 2016-06-26 11:00:00, 2.13456e-09
6468, 2016-06-26 12:00:00, 2.12897e-09
6469, 2016-06-26 13:00:00, 2.1234e-09
6470, 2016-06-26 14:00:00, 2.11784e-09
6471, 2016-06-26 15:00:00, 2.1123e-09
6472, 2016-06-26 16:00:00, 2.10677e-09
6473, 2016-06-26 17:00:00, 2.10126e-09
6474, 2016-06-26 18:00:00, 2.09576e-09
6475, 2016-06-26 19:00:00, 2.09027e-09
6476, 2016-06-26 20:00:00, 2.0848e-09
6477, 2016-06-26 21:00:00, 2.07934e-09
6478, 2016-06-26 22:00:00, 2.0739e-09
6479, 2016-06-26 23:00:00, 2.06847e-09
6480, 2016-06-27 00:00:00, 2.06306e-09
6481, 2016-06-27 01:00:00, 2.05766e-09
6482, 2016-06-27 02:00:00, 2.05227e-09
6483, 2016-06-27 03:00:00, 2.0469e-09
6484, 2016-06-27 04:00:00, 2.04154e-09
6485, 2016-06-27 05:00:00, 2.0362e-09
6486, 2016-06-27 06:00:00, 2.03087e-09
6487, 2016-06-27 07:00:00, 2.02556e-09
6488, 2016-06-27 08:00:00, 2.02025e-09
6489, 2016-06-27 09:00:00, 2.01497e-09
6490, 2016-06-27 10:00:00, 2.00969e-09
6491, 2016-06-27 11:00:00, 1.06749e-08
6492, 2016-06-27 12:00:00, 5.94033e-09
6493, 2016-06-27 13:00:00, 5.14687e-09
6494, 2016-06-27 14:00:00, 1.98873e-09
6495, 2016-06-27 15:00:00, 1.98353e-09
6496, 2016-06-27 16:00:00, 1.97834e-09
6497, 2016-06-27 17:00:00, 1.97316e-09
6498, 2016-06-27 18:00:00, 1.96799e-09
6499, 2016-06-27 19:00:00, 1.96284e-09
6500, 2016-06-27 20:00:00, 1.95771e-09
6501, 2016-06-27 21:00:00, 1.95258e-09
6502, 2016-06-27 22:00:00, 1.94747e-09
6503, 2016-06-27 23:00:00, 1.94237e-09
6504, 2016-06-28 00:00:00, 1.93729e-09
6505, 2016-06-28 01:00:00, 1.93222e-09
6506, 2016-06-28 02:00:00, 1.92716e-09
6507, 2016-06-28 03:00:00, 1.92212e-09
6508, 2016-06-28 04:00:00, 1.91709e-09
6509, 2016-06-28 05:00:00, 1.91207e-09
6510, 2016-06-28 06:00:00, 1.90706e-09
6511, 2016-06-28 07:00:00, 1.90207e-09
6512, 2016-06-28 08:00:00, 1.89709e-09
6513, 2016-06-28 09:00:00, 1.89213e-09
6514, 2016-06-28 10:00:00, 1.88718e-09
6515, 2016-06-28 11:00:00, 3.60217e-09
6516, 2016-06-28 12:00:00, 2.6591e-09
6517, 2016-06-28 13:00:00, 2.49783e-09
6518, 2016-06-28 14:00:00, 1.8675e-09
6519, 2016-06-28 15:00:00, 5.41977e-05
6520, 2016-06-28 16:00:00, 0.000151824
6521, 2016-06-28 17:00:00, 7.75221e-05
6522, 2016-06-28 18:00:00, 4.6252e-05
6523, 2016-06-28 19:00:00, 1.84318e-09
6524, 2016-06-28 20:00:00, 1.83836e-09
6525, 2016-06-28 21:00:00, 1.83355e-09
6526, 2016-06-28 22:00:00, 1.82875e-09
6527, 2016-06-28 23:00:00, 1.82396e-09
6528, 2016-06-29 00:00:00, 1.81919e-09
6529, 2016-06-29 01:00:00, 1.81443e-09
6530, 2016-06-29 02:00:00, 1.80968e-09
6531, 2016-06-29 03:00:00, 6.858e-09
6532, 2016-06-29 04:00:00, 1.43143e-08
6533, 2016-06-29 05:00:00, 0.00078286
6534, 2016-06-29 06:00:00, 0.000399412
6535, 2016-06-29 07:00:00, 0.000304501
6536, 2016-06-29 08:00:00, 1.58779e-05
6537, 2016-06-29 09:00:00, 3.75759e-08
6538, 2016-06-29 10:00:00, 0.00372898
6539, 2016-06-29 11:00:00, 0.00344729
6540, 2016-06-29 12:00:00, 0.00215251
6541, 2016-06-29 13:00:00, 0.00063722
6542, 2016-06-29 14:00:00, 1.44176e-08
6543, 2016-06-29 15:00:00, 5.64813e-09
6544, 2016-06-29 16:00:00, 1.74448e-09
6545, 2016-06-29 17:00:00, 1.73991e-09
6546, 2016-06-29 18:00:00, 1.73536e-09
6547, 2016-06-29 19:00:00, 1.73082e-09
6548, 2016-06-29 20:00:00, 1.72629e-09
6549, 2016-06-29 21:00:00, 1.72177e-09
6550, 2016-06-29 22:00:00, 1.71726e-09
6551, 2016-06-29 23:00:00, 1.71277e-09
6552, 2016-06-30 00:00:00, 1.70829e-09
6553, 2016-06-30 01:00:00, 1.70381e-09
6554, 2016-06-30 02:00:00, 1.69935e-09
6555, 2016-06-30 03:00:00, 1.69491e-09
6556, 2016-06-30 04:00:00, 1.69047e-09
6557, 2016-06-30 05:00:00, 1.68605e-09
6558, 2016-06-30 06:00:00, 1.68163e-09
6559, 2016-06-30 07:00:00, 1.67723e-09
6560, 2016-06-30 08:00:00, 1.67284e-09
6561, 2016-06-30 09:00:00, 1.66846e-09
6562, 2016-06-30 10:00:00, 1.6641e-09
6563, 2016-06-30 11:00:00, 1.65974e-09
6564, 2016-06-30 12:00:00, 1.6554e-09
6565, 2016-06-30 13:00:00, 1.65106e-09
6566, 2016-06-30 14:00:00, 1.64674e-09
6567, 2016-06-30 15:00:00, 1.64243e-09
6568, 2016-06-30 16:00:00, 1.63813e-09
6569, 2016-06-30 17:00:00, 1.63384e-09
6570, 2016-06-30 18:00:00, 1.62957e-09
6571, 2016-06-30 19:00:00, 1.6253e-09
6572, 2016-06-30 20:00:00, 1.62105e-09
6573, 2016-06-30 21:00:00, 1.61681e-09
6574, 2016-06-30 22:00:00, 1.61257e-09
6575, 2016-06-30 23:00:00, 1.60835e-09
6576, 2016-07-01 00:00:00, 1.60414e-09
6577, 2016-07-01 01:00:00, 1.59995e-09
6578, 2016-07-01 02:00:00, 1.59576e-09
6579, 2016-07-01 03:00:00, 1.59158e-09
6580, 2016-07-01 04:00:00, 1.58741e-09
6581, 2016-07-01 05:00:00, 1.58326e-09
6582, 2016-07-01 06:00:00, 1.57912e-09
6583, 2016-07-01 07:00:00, 1.57498e-09
6584, 2016-07-01 08:00:00, 1.57086e-09
6585, 2016-07-01 09:00:00, 1.56675e-09
6586, 2016-07-01 10:00:00, 1.56265e-09
6587, 2016-07-01 11:00:00, 1.55856e-09
6588, 2016-07-01 12:00:00, 1.55448e-09
6589, 2016-07-01 13:00:00, 1.55041e-09
6590, 2016-07-01 14:00:00, 1.54635e-09
6591, 2016-07-01 15:00:00, 1.5423e-09
6592, 2016-07-01 16:00:00, 1.53827e-09
6593, 2016-07-01 17:00:00, 1.53424e-09
6594, 2016-07-01 18:00:00, 1.53023e-09
6595, 2016-07-01 19:00:00, 1.52622e-09
6596, 2016-07-01 20:00:00, 1.52223e-09
6597, 2016-07-01 21:00:00, 1.51824e-09
6598, 2016-07-01 22:00:00, 1.51427e-09
6599, 2016-07-01 23:00:00, 1.5103e-09
6600, 2016-07-02 00:00:00, 0.281136
6601, 2016-07-02 01:00:00, 0.831301
6602, 2016-07-02 02:00:00, 0.422009
6603, 2016-07-02 03:00:00, 0.255822
6604, 2016-07-02 04:00:00, 1.49064e-09
6605, 2016-07-02 05:00:00, 1.48674e-09
6606, 2016-07-02 06:00:00, 1.48285e-09
6607, 2016-07-02 07:00:00, 1.47897e-09
6608, 2016-07-02 08:00:00, 1.4751e-09
6609, 2016-07-02 09:00:00, 1.47124e-09
6610, 2016-07-02 10:00:00, 1.46738e-09
6611, 2016-07-02 11:00:00, 1.46354e-09
6612, 2016-07-02 12:00:00, 1.45971e-09
6613, 2016-07-02 13:00:00, 1.45589e-09
6614, 2016-07-02 14:00:00, 1.45208e-09
6615, 2016-07-02 15:00:00, 1.44828e-09
6616, 2016-07-02 16:00:00, 1.44449e-09
6617, 2016-07-02 17:00:00, 1.44071e-09
6618, 2016-07-02 18:00:00, 1.43694e-09
6619, 2016-07-02 19:00:00, 1.43318e-09
6620, 2016-07-02 20:00:00, 1.42943e-09
6621, 2016-07-02 21:00:00, 1.42569e-09
6622, 2016-07-02 22:00:00, 1.42195e-09
6623, 2016-07-02 23:00:00, 1.41823e-09
6624, 2016-07-03 00:00:00, 1.41452e-09
6625, 2016-07-03 01:00:00, 1.41082e-09
6626, 2016-07-03 02:00:00, 1.40712e-09
6627, 2016-07-03 03:00:00, 1.40344e-09
6628, 2016-07-03 04:00:00, 1.39977e-09
6629, 2016-07-03 05:00:00, 1.3961e-09
6630, 2016-07-03 06:00:00, 1.39245e-09
6631, 2016-07-03 07:00:00, 1.38881e-09
6632, 2016-07-03 08:00:00, 1.38517e-09
6633, 2016-07-03 09:00:00, 1.38155e-09
6634, 2016-07-03 10:00:00, 1.37793e-09
6635, 2016-07-03 11:00:00, 1.37432e-09
6636, 2016-07-03 12:00:00, 1.37073e-09
6637, 2016-07-03 13:00:00, 1.36714e-09
6638, 2016-07-03 14:00:00, 1.36356e-09
6639, 2016-07-03 15:00:00, 1.35999e-09
6640, 2016-07-03 16:00:00, 1.35643e-09
6641, 2016-07-03 17:00:00, 1.35288e-09
6642, 2016-07-03 18:00:00, 1.34934e-09
6643, 2016-07-03 19:00:00, 1.34581e-09
6644, 2016-07-03 20:00:00, 1.34229e-09
6645, 2016-07-03 21:00:00, 1.33877e-09
6646, 2016-07-03 22:00:00, 1.33527e-09
6647, 2016-07-03 23:00:00, 1.33177e-09
6648, 2016-07-04 00:00:00, 1.32829e-09
6649, 2016-07-04 01:00:00, 1.32481e-09
6650, 2016-07-04 02:00:00, 1.32134e-09
6651, 2016-07-04 03:00:00, 1.31788e-09
6652, 2016-07-04 04:00:00, 1.31443e-09
6653, 2016-07-04 05:00:00, 1.31099e-09
6654, 2016-07-04 06:00:00, 1.30756e-09
6655, 2016-07-04 07:00:00, 1.30414e-09
6656, 2016-07-04 08:00:00, 1.30073e-09
6657, 2016-07-04 09:00:00, 1.29732e-09
6658, 2016-07-04 10:00:00, 1.29393e-09
6659, 2016-07-04 11:00:00, 1.29054e-09
6660, 2016-07-04 12:00:00, 1.28716e-09
6661, 2016-07-04 13:00:00, 1.28379e-09
6662, 2016-07-04 14:00:00, 1.28043e-09
6663, 2016-07-04 15:00:00, 1.27708e-09
6664, 2016-07-04 16:00:00, 1.27374e-09
6665, 2016-07-04 17:00:00, 1.27041e-09
6666, 2016-07-04 18:00:00, 1.26708e-09
6667, 2016-07-04 19:00:00, 1.26376e-09
6668, 2016-07-04 20:00:00, 1.26046e-09
6669, 2016-07-04 21:00:00, 1.25716e-09
6670, 2016-07-04 22:00:00, 1.25387e-09
6671, 2016-07-04 23:00:00, 1.25058e-09
6672, 2016-07-05 00:00:00, 1.24731e-09
6673, 2016-07-05 01:00:00, 1.24405e-09
6674, 2016-07-05 02:00:00, 1.24079e-09
6675, 2016-07-05 03:00:00, 1.23754e-09
6676, 2016-07-05 04:00:00, 1.2343e-09
6677, 2016-07-05 05:00:00, 1.23107e-09
6678, 2016-07-05 06:00:00, 5.16565e-05
6679, 2016-07-05 07:00:00, 0.0323185
6680, 2016-07-05 08:00:00, 0.121377
6681, 2016-07-05 09:00:00, 0.0727809
6682, 2016-07-05 10:00:00, 0.0460152
6683, 2016-07-05 11:00:00, 0.00579352
6684, 2016-07-05 12:00:00, 0.000798181
6685, 2016-07-05 13:00:00, 0.000196428
6686, 2016-07-05 14:00:00, 2.08272e-09
6687, 2016-07-05 15:00:00, 1.21232e-09
6688, 2016-07-05 16:00:00, 1.19609e-09
6689, 2016-07-05 17:00:00, 1.19296e-09
6690, 2016-07-05 18:00:00, 1.18984e-09
6691, 2016-07-05 19:00:00, 1.18672e-09
6692, 2016-07-05 20:00:00, 1.18362e-09
6693, 2016-07-05 21:00:00, 1.18052e-09
6694, 2016-07-05 22:00:00, 1.17743e-09
6695, 2016-07-05 23:00:00, 1.17435e-09
6696, 2016-07-06 00:00:00, 5.4675e-09
6697, 2016-07-06 01:00:00, 3.12104e-09
6698, 2016-07-06 02:00:00, 2.72741e-09
6699, 2016-07-06 03:00:00, 1.1621e-09
6700, 2016-07-06 04:00:00, 1.15906e-09
6701, 2016-07-06 05:00:00, 1.15602e-09
6702, 2016-07-06 06:00:00, 1.153e-09
6703, 2016-07-06 07:00:00, 1.14998e-09
6704, 2016-07-06 08:00:00, 1.14697e-09
6705, 2016-07-06 09:00:00, 1.14397e-09
6706, 2016-07-06 10:00:00, 1.14097e-09
6707, 2016-07-06 11:00:00, 1.13799e-09
6708, 2016-07-06 12:00:00, 1.13501e-09
6709, 2016-07-06 13:00:00, 1.13204e-09
6710, 2016-07-06 14:00:00, 1.12907e-09
6711, 2016-07-06 15:00:00, 1.12612e-09
6712, 2016-07-06 16:00:00, 1.12317e-09
6713, 2016-07-06 17:00:00, 1.12023e-09
6714, 2016-07-06 18:00:00, 1.1173e-09
6715, 2016-07-06 19:00:00, 1.11438e-09
6716, 2016-07-06 20:00:00, 1.11146e-09
6717, 2016-07-06 21:00:00, 1.10855e-09
6718, 2016-07-06 22:00:00, 1.10565e-09
6719, 2016-07-06 23:00:00, 1.10275e-09
6720, 2016-07-07 00:00:00, 1.09987e-09
6721, 2016-07-07 01:00:00, 1.09699e-09
6722, 2016-07-07 02:00:00, 1.09412e-09
6723, 2016-07-07 03:00:00, 1.09125e-09
6724, 2016-07-07 04:00:00, 1.0884e-09
6725, 2016-07-07 05:00:00, 1.08555e-09
6726, 2016-07-07 06:00:00, 1.08271e-09
6727, 2016-07-07 07:00:00, 1.27256e-09
6728, 2016-07-07 08:00:00, 3.66164e-09
6729, 2016-07-07 09:00:00, 8.11909e-09
6730, 2016-07-07 10:00:00, 1.09201e-08
6731, 2016-07-07 11:00:00, 1.47423e-08
6732, 2016-07-07 12:00:00, 7.30297e-09
6733, 2016-07-07 13:00:00, 4.22401e-09
6734, 2016-07-07 14:00:00, 1.06024e-09
6735, 2016-07-07 15:00:00, 1.05747e-09
6736, 2016-07-07 16:00:00, 1.0547e-09
6737, 2016-07-07 17:00:00, 1.05194e-09
6738, 2016-07-07 18:00:00, 1.04919e-09
6739, 2016-07-07 19:00:00, 0.00116831
6740, 2016-07-07 20:00:00, 0.00441851
6741, 2016-07-07 21:00:00, 0.00227793
6742, 2016-07-07 22:00:00, 0.00145275
6743, 2016-07-07 23:00:00, 3.13179e-05
6744, 2016-07-08 00:00:00, 1.47724e-08
6745, 2016-07-08 01:00:00, 7.84604e-09
6746, 2016-07-08 02:00:00, 1.25197e-08
6747, 2016-07-08 03:00:00, 1.21534e-08
6748, 2016-07-08 04:00:00, 2.45987e-08
6749, 2016-07-08 05:00:00, 1.09828e-08
6750, 2016-07-08 06:00:00, 7.14726e-09
6751, 2016-07-08 07:00:00, 1.01404e-09
6752, 2016-07-08 08:00:00, 1.01139e-09
6753, 2016-07-08 09:00:00, 1.37955e-09
6754, 2016-07-08 10:00:00, 1.18602e-09
6755, 2016-07-08 11:00:00, 1.14348e-09
6756, 2016-07-08 12:00:00, 1.00498e-09
6757, 2016-07-08 13:00:00, 9.98221e-10
6758, 2016-07-08 14:00:00, 9.95608e-10
6759, 2016-07-08 15:00:00, 9.93002e-10
6760, 2016-07-08 16:00:00, 9.90403e-10
6761, 2016-07-08 17:00:00, 9.87811e-10
6762, 2016-07-08 18:00:00, 9.85225e-10
6763, 2016-07-08 19:00:00, 9.82647e-10
6764, 2016-07-08 20:00:00, 9.80075e-10
6765, 2016-07-08 21:00:00, 9.77509e-10
6766, 2016-07-08 22:00:00, 9.74951e-10
6767, 2016-07-08 23:00:00, 9.72399e-10
6768, 2016-07-09 00:00:00, 9.69854e-10
6769, 2016-07-09 01:00:00, 9.67315e-10
6770, 2016-07-09 02:00:00, 9.64783e-10
6771, 2016-07-09 03:00:00, 9.62258e-10
6772, 2016-07-09 04:00:00, 9.5974e-10
6773, 2016-07-09 05:00:00, 9.57228e-10
6774, 2016-07-09 06:00:00, 9.54722e-10
6775, 2016-07-09 07:00:00, 9.52223e-10
6776, 2016-07-09 08:00:00, 9.49731e-10
6777, 2016-07-09 09:00:00, 9.47245e-10
6778, 2016-07-09 10:00:00, 9.44766e-10
6779, 2016-07-09 11:00:00, 9.42293e-10
6780, 2016-07-09 12:00:00, 9.39827e-10
6781, 2016-07-09 13:00:00, 9.37367e-10
6782, 2016-07-09 14:00:00, 9.34913e-10
6783, 2016-07-09 15:00:00, 9.32466e-10
6784, 2016-07-09 16:00:00, 9.30026e-10
6785, 2016-07-09 17:00:00, 9.27591e-10
6786, 2016-07-09 18:00:00, 9.25163e-10
6787, 2016-07-09 19:00:00, 9.22742e-10
6788, 2016-07-09 20:00:00, 9.20327e-10
6789, 2016-07-09 21:00:00, 9.17918e-10
6790, 2016-07-09 22:00:00, 9.15515e-10
6791, 2016-07-09 23:00:00, 9.13119e-10
6792, 2016-07-10 00:00:00, 9.10729e-10
6793, 2016-07-10 01:00:00, 9.08345e-10
6794, 2016-07-10 02:00:00, 9.05968e-10
6795, 2016-07-10 03:00:00, 9.03596e-10
6796, 2016-07-10 04:00:00, 9.01231e-10
6797, 2016-07-10 05:00:00, 1.11145e-06
6798, 2016-07-10 06:00:00, 5.05693e-07
6799, 2016-07-10 07:00:00, 4.04731e-07
6800, 2016-07-10 08:00:00, 8.91833e-10
6801, 2016-07-10 09:00:00, 8.89499e-10
6802, 2016-07-10 10:00:00, 8.8717e-10
6803, 2016-07-10 11:00:00, 8.84848e-10
6804, 2016-07-10 12:00:00, 8.82532e-10
6805, 2016-07-10 13:00:00, 8.80222e-10
6806, 2016-07-10 14:00:00, 8.77918e-10
6807, 2016-07-10 15:00:00, 8.75621e-10
6808, 2016-07-10 16:00:00, 8.73329e-10
6809, 2016-07-10 17:00:00, 8.71043e-10
6810, 2016-07-10 18:00:00, 8.68763e-10
6811, 2016-07-10 19:00:00, 8.66489e-10
6812, 2016-07-10 20:00:00, 8.64221e-10
6813, 2016-07-10 21:00:00, 8.61959e-10
6814, 2016-07-10 22:00:00, 0.00080597
6815, 2016-07-10 23:00:00, 0.296328
6816, 2016-07-11 00:00:00, 0.135242
6817, 2016-07-11 01:00:00, 0.107925
6818, 2016-07-11 02:00:00, 0.00020357
6819, 2016-07-11 03:00:00, 4.05701e-05
6820, 2016-07-11 04:00:00, 8.4629e-10
6821, 2016-07-11 05:00:00, 8.44075e-10
6822, 2016-07-11 06:00:00, 8.41866e-10
6823, 2016-07-11 07:00:00, 8.39662e-10
6824, 2016-07-11 08:00:00, 8.37464e-10
6825, 2016-07-11 09:00:00, 8.35272e-10
6826, 2016-07-11 10:00:00, 8.33086e-10
6827, 2016-07-11 11:00:00, 8.30906e-10
6828, 2016-07-11 12:00:00, 8.28731e-10
6829, 2016-07-11 13:00:00, 8.26562e-10
6830, 2016-07-11 14:00:00, 8.24398e-10
6831, 2016-07-11 15:00:00, 8.2224e-10
6832, 2016-07-11 16:00:00, 8.20088e-10
6833, 2016-07-11 17:00:00, 8.17942e-10
6834, 2016-07-11 18:00:00, 8.15801e-10
6835, 2016-07-11 19:00:00, 8.13666e-10
6836, 2016-07-11 20:00:00, 8.11536e-10
6837, 2016-07-11 21:00:00, 8.09412e-10
6838, 2016-07-11 22:00:00, 8.07293e-10
6839, 2016-07-11 23:00:00, 8.0518e-10
6840, 2016-07-12 00:00:00, 2.94972e-09
6841, 2016-07-12 01:00:00, 1.88622e-09
6842, 2016-07-12 02:00:00, 1.63482e-09
6843, 2016-07-12 03:00:00, 8.39134e-10
6844, 2016-07-12 04:00:00, 7.96723e-10
6845, 2016-07-12 05:00:00, 7.92618e-10
6846, 2016-07-12 06:00:00, 7.90543e-10
6847, 2016-07-12 07:00:00, 7.88474e-10
6848, 2016-07-12 08:00:00, 7.8641e-10
6849, 2016-07-12 09:00:00, 7.84352e-10
6850, 2016-07-12 10:00:00, 7.82299e-10
6851, 2016-07-12 11:00:00, 7.80251e-10
6852, 2016-07-12 12:00:00, 7.78209e-10
6853, 2016-07-12 13:00:00, 7.76172e-10
6854, 2016-07-12 14:00:00, 7.74141e-10
6855, 2016-07-12 15:00:00, 7.72114e-10
6856, 2016-07-12 16:00:00, 7.70094e-10
6857, 2016-07-12 17:00:00, 7.68078e-10
6858, 2016-07-12 18:00:00, 7.66068e-10
6859, 2016-07-12 19:00:00, 7.64062e-10
6860, 2016-07-12 20:00:00, 7.62063e-10
6861, 2016-07-12 21:00:00, 7.60068e-10
6862, 2016-07-12 22:00:00, 7.58079e-10
6863, 2016-07-12 23:00:00, 7.56094e-10
6864, 2016-07-13 00:00:00, 7.54115e-10
6865, 2016-07-13 01:00:00, 7.52142e-10
6866, 2016-07-13 02:00:00, 7.50173e-10
6867, 2016-07-13 03:00:00, 7.48209e-10
6868, 2016-07-13 04:00:00, 7.46251e-10
6869, 2016-07-13 05:00:00, 7.44298e-10
6870, 2016-07-13 06:00:00, 7.4235e-10
6871, 2016-07-13 07:00:00, 7.40407e-10
6872, 2016-07-13 08:00:00, 7.38469e-10
6873, 2016-07-13 09:00:00, 7.36536e-10
6874, 2016-07-13 10:00:00, 7.34608e-10
6875, 2016-07-13 11:00:00, 6.91696e-09
6876, 2016-07-13 12:00:00, 3.5418e-09
6877, 2016-07-13 13:00:00, 2.97768e-09
6878, 2016-07-13 14:00:00, 7.26947e-10
6879, 2016-07-13 15:00:00, 7.25044e-10
6880, 2016-07-13 16:00:00, 7.23147e-10
6881, 2016-07-13 17:00:00, 7.21254e-10
6882, 2016-07-13 18:00:00, 7.19366e-10
6883, 2016-07-13 19:00:00, 7.17483e-10
6884, 2016-07-13 20:00:00, 7.15605e-10
6885, 2016-07-13 21:00:00, 7.13732e-10
6886, 2016-07-13 22:00:00, 7.11864e-10
6887, 2016-07-13 23:00:00, 7.10001e-10
6888, 2016-07-14 00:00:00, 7.08143e-10
6889, 2016-07-14 01:00:00, 7.06289e-10
6890, 2016-07-14 02:00:00, 7.0444e-10
6891, 2016-07-14 03:00:00, 7.02597e-10
6892, 2016-07-14 04:00:00, 7.00758e-10
6893, 2016-07-14 05:00:00, 6.98923e-10
6894, 2016-07-14 06:00:00, 6.97094e-10
6895, 2016-07-14 07:00:00, 6.95269e-10
6896, 2016-07-14 08:00:00, 6.9345e-10
6897, 2016-07-14 09:00:00, 6.91635e-10
6898, 2016-07-14 10:00:00, 6.89824e-10
6899, 2016-07-14 11:00:00, 0.00230108
6900, 2016-07-14 12:00:00, 0.00105466
6901, 2016-07-14 13:00:00, 0.000840734
6902, 2016-07-14 14:00:00, 3.17672e-06
6903, 2016-07-14 15:00:00, 6.10795e-09
6904, 2016-07-14 16:00:00, 6.79062e-10
6905, 2016-07-14 17:00:00, 6.77284e-10
6906, 2016-07-14 18:00:00, 6.75512e-10
6907, 2016-07-14 19:00:00, 6.73744e-10
6908, 2016-07-14 20:00:00, 6.7198e-10
6909, 2016-07-14 21:00:00, 6.70221e-10
6910, 2016-07-14 22:00:00, 6.68467e-10
6911, 2016-07-14 23:00:00, 6.66717e-10
6912, 2016-07-15 00:00:00, 6.05823e-05
6913, 2016-07-15 01:00:00, 2.75378e-05
6914, 2016-07-15 02:00:00, 2.20303e-05
6915, 2016-07-15 03:00:00, 6.59764e-10
6916, 2016-07-15 04:00:00, 6.58038e-10
6917, 2016-07-15 05:00:00, 6.56315e-10
6918, 2016-07-15 06:00:00, 3.93658e-09
6919, 2016-07-15 07:00:00, 1.62084e-08
6920, 2016-07-15 08:00:00, 8.23721e-09
6921, 2016-07-15 09:00:00, 6.28222e-09
6922, 2016-07-15 10:00:00, 8.83965e-10
6923, 2016-07-15 11:00:00, 1.07042e-08
6924, 2016-07-15 12:00:00, 1.18256e-08
6925, 2016-07-15 13:00:00, 7.27471e-09
6926, 2016-07-15 14:00:00, 3.07556e-09
6927, 2016-07-15 15:00:00, 6.39338e-10
6928, 2016-07-15 16:00:00, 6.37664e-10
6929, 2016-07-15 17:00:00, 6.35995e-10
6930, 2016-07-15 18:00:00, 6.34331e-10
6931, 2016-07-15 19:00:00, 6.3267e-10
6932, 2016-07-15 20:00:00, 6.31014e-10
6933, 2016-07-15 21:00:00, 6.29363e-10
6934, 2016-07-15 22:00:00, 6.27715e-10
6935, 2016-07-15 23:00:00, 6.26072e-10
6936, 2016-07-16 00:00:00, 6.24434e-10
6937, 2016-07-16 01:00:00, 6.22799e-10
6938, 2016-07-16 02:00:00, 6.21169e-10
6939, 2016-07-16 03:00:00, 6.19543e-10
6940, 2016-07-16 04:00:00, 6.17922e-10
6941, 2016-07-16 05:00:00, 6.16305e-10
6942, 2016-07-16 06:00:00, 6.14691e-10
6943, 2016-07-16 07:00:00, 6.13083e-10
6944, 2016-07-16 08:00:00, 6.11478e-10
6945, 2016-07-16 09:00:00, 6.09877e-10
6946, 2016-07-16 10:00:00, 6.08281e-10
6947, 2016-07-16 11:00:00, 6.06689e-10
6948, 2016-07-16 12:00:00, 6.05101e-10
6949, 2016-07-16 13:00:00, 6.03517e-10
6950, 2016-07-16 14:00:00, 6.01938e-10
6951, 2016-07-16 15:00:00, 6.00362e-10
6952, 2016-07-16 16:00:00, 5.98791e-10
6953, 2016-07-16 17:00:00, 5.97223e-10
6954, 2016-07-16 18:00:00, 5.9566e-10
6955, 2016-07-16 19:00:00, 5.94101e-10
6956, 2016-07-16 20:00:00, 5.92546e-10
6957, 2016-07-16 21:00:00, 5.90995e-10
6958, 2016-07-16 22:00:00, 5.89448e-10
6959, 2016-07-16 23:00:00, 5.87905e-10
6960, 2016-07-17 00:00:00, 5.86367e-10
6961, 2016-07-17 01:00:00, 5.84832e-10
6962, 2016-07-17 02:00:00, 5.83301e-10
6963, 2016-07-17 03:00:00, 5.81774e-10
6964, 2016-07-17 04:00:00, 5.80252e-10
6965, 2016-07-17 05:00:00, 5.78733e-10
6966, 2016-07-17 06:00:00, 5.77218e-10
6967, 2016-07-17 07:00:00, 5.75707e-10
6968, 2016-07-17 08:00:00, 5.74201e-10
6969, 2016-07-17 09:00:00, 1.36375e-09
6970, 2016-07-17 10:00:00, 1.40834e-08
6971, 2016-07-17 11:00:00, 1.00691e-08
6972, 2016-07-17 12:00:00, 6.82064e-09
6973, 2016-07-17 13:00:00, 1.74244e-09
6974, 2016-07-17 14:00:00, 5.65242e-10
6975, 2016-07-17 15:00:00, 5.63762e-10
6976, 2016-07-17 16:00:00, 5.62287e-10
6977, 2016-07-17 17:00:00, 5.60815e-10
6978, 2016-07-17 18:00:00, 5.59347e-10
6979, 2016-07-17 19:00:00, 5.57883e-10
6980, 2016-07-17 20:00:00, 5.56423e-10
6981, 2016-07-17 21:00:00, 5.54967e-10
6982, 2016-07-17 22:00:00, 5.53514e-10
6983, 2016-07-17 23:00:00, 5.52065e-10
6984, 2016-07-18 00:00:00, 5.5062e-10
6985, 2016-07-18 01:00:00, 5.49179e-10
6986, 2016-07-18 02:00:00, 5.47742e-10
6987, 2016-07-18 03:00:00, 5.46308e-10
6988, 2016-07-18 04:00:00, 5.44878e-10
6989, 2016-07-18 05:00:00, 5.43452e-10
6990, 2016-07-18 06:00:00, 5.42029e-10
6991, 2016-07-18 07:00:00, 5.40611e-10
6992, 2016-07-18 08:00:00, 5.39196e-10
6993, 2016-07-18 09:00:00, 5.37784e-10
6994, 2016-07-18 10:00:00, 5.36377e-10
6995, 2016-07-18 11:00:00, 5.34973e-10
6996, 2016-07-18 12:00:00, 5.33573e-10
6997, 2016-07-18 13:00:00, 5.32176e-10
6998, 2016-07-18 14:00:00, 5.30783e-10
6999, 2016-07-18 15:00:00, 5.29394e-10
7000, 2016-07-18 16:00:00, 5.28008e-10
7001, 2016-07-18 17:00:00, 5.26626e-10
7002, 2016-07-18 18:00:00, 5.25248e-10
7003, 2016-07-18 19:00:00, 5.23873e-10
7004, 2016-07-18 20:00:00, 5.22502e-10
7005, 2016-07-18 21:00:00, 0.00184582
7006, 2016-07-18 22:00:00, 0.000839008
7007, 2016-07-18 23:00:00, 0.000671206
7008, 2016-07-19 00:00:00, 5.17053e-10
7009, 2016-07-19 01:00:00, 5.157e-10
7010, 2016-07-19 02:00:00, 5.1435e-10
7011, 2016-07-19 03:00:00, 5.13004e-10
7012, 2016-07-19 04:00:00, 5.11661e-10
7013, 2016-07-19 05:00:00, 5.10322e-10
7014, 2016-07-19 06:00:00, 5.08986e-10
7015, 2016-07-19 07:00:00, 5.07654e-10
7016, 2016-07-19 08:00:00, 5.06325e-10
7017, 2016-07-19 09:00:00, 5.05e-10
7018, 2016-07-19 10:00:00, 5.03678e-10
7019, 2016-07-19 11:00:00, 5.0236e-10
7020, 2016-07-19 12:00:00, 5.01045e-10
7021, 2016-07-19 13:00:00, 4.99733e-10
7022, 2016-07-19 14:00:00, 4.98425e-10
7023, 2016-07-19 15:00:00, 4.97121e-10
7024, 2016-07-19 16:00:00, 4.9582e-10
7025, 2016-07-19 17:00:00, 4.94522e-10
7026, 2016-07-19 18:00:00, 4.93227e-10
7027, 2016-07-19 19:00:00, 4.91936e-10
7028, 2016-07-19 20:00:00, 4.90649e-10
7029, 2016-07-19 21:00:00, 4.89365e-10
7030, 2016-07-19 22:00:00, 4.88084e-10
7031, 2016-07-19 23:00:00, 4.86806e-10
7032, 2016-07-20 00:00:00, 4.85532e-10
7033, 2016-07-20 01:00:00, 4.84261e-10
7034, 2016-07-20 02:00:00, 4.82994e-10
7035, 2016-07-20 03:00:00, 4.8173e-10
7036, 2016-07-20 04:00:00, 4.80469e-10
7037, 2016-07-20 05:00:00, 4.79211e-10
7038, 2016-07-20 06:00:00, 4.77957e-10
7039, 2016-07-20 07:00:00, 4.76706e-10
7040, 2016-07-20 08:00:00, 4.75458e-10
7041, 2016-07-20 09:00:00, 4.74214e-10
7042, 2016-07-20 10:00:00, 4.72972e-10
7043, 2016-07-20 11:00:00, 4.71734e-10
7044, 2016-07-20 12:00:00, 4.705e-10
7045, 2016-07-20 13:00:00, 4.69268e-10
7046, 2016-07-20 14:00:00, 4.6804e-10
7047, 2016-07-20 15:00:00, 4.66815e-10
7048, 2016-07-20 16:00:00, 4.65593e-10
7049, 2016-07-20 17:00:00, 4.64374e-10
7050, 2016-07-20 18:00:00, 4.63159e-10
7051, 2016-07-20 19:00:00, 4.61947e-10
7052, 2016-07-20 20:00:00, 4.60738e-10
7053, 2016-07-20 21:00:00, 4.59532e-10
7054, 2016-07-20 22:00:00, 4.58329e-10
7055, 2016-07-20 23:00:00, 4.57129e-10
7056, 2016-07-21 00:00:00, 4.55933e-10
7057, 2016-07-21 01:00:00, 4.54739e-10
7058, 2016-07-21 02:00:00, 4.53549e-10
7059, 2016-07-21 03:00:00, 4.52362e-10
7060, 2016-07-21 04:00:00, 4.51178e-10
7061, 2016-07-21 05:00:00, 4.49997e-10
7062, 2016-07-21 06:00:00, 4.48819e-10
7063, 2016-07-21 07:00:00, 4.47645e-10
7064, 2016-07-21 08:00:00, 4.46473e-10
7065, 2016-07-21 09:00:00, 4.45304e-10
7066, 2016-07-21 10:00:00, 4.44139e-10
7067, 2016-07-21 11:00:00, 4.42976e-10
7068, 2016-07-21 12:00:00, 4.41817e-10
7069, 2016-07-21 13:00:00, 4.4066e-10
7070, 2016-07-21 14:00:00, 4.39507e-10
7071, 2016-07-21 15:00:00, 4.38357e-10
7072, 2016-07-21 16:00:00, 4.37209e-10
7073, 2016-07-21 17:00:00, 4.36065e-10
7074, 2016-07-21 18:00:00, 4.34924e-10
7075, 2016-07-21 19:00:00, 4.33785e-10
7076, 2016-07-21 20:00:00, 4.3265e-10
7077, 2016-07-21 21:00:00, 4.31517e-10
7078, 2016-07-21 22:00:00, 4.30388e-10
7079, 2016-07-21 23:00:00, 4.29261e-10
7080, 2016-07-22 00:00:00, 4.28138e-10
7081, 2016-07-22 01:00:00, 4.27017e-10
7082, 2016-07-22 02:00:00, 4.259e-10
7083, 2016-07-22 03:00:00, 4.24785e-10
7084, 2016-07-22 04:00:00, 4.23673e-10
7085, 2016-07-22 05:00:00, 4.22564e-10
7086, 2016-07-22 06:00:00, 4.21458e-10
7087, 2016-07-22 07:00:00, 4.20355e-10
7088, 2016-07-22 08:00:00, 4.19255e-10
7089, 2016-07-22 09:00:00, 4.18157e-10
7090, 2016-07-22 10:00:00, 4.17063e-10
7091, 2016-07-22 11:00:00, 4.15971e-10
7092, 2016-07-22 12:00:00, 4.14882e-10
7093, 2016-07-22 13:00:00, 4.13797e-10
7094, 2016-07-22 14:00:00, 4.12713e-10
7095, 2016-07-22 15:00:00, 4.11633e-10
7096, 2016-07-22 16:00:00, 4.10556e-10
7097, 2016-07-22 17:00:00, 4.09481e-10
7098, 2016-07-22 18:00:00, 4.08409e-10
7099, 2016-07-22 19:00:00, 4.07341e-10
7100, 2016-07-22 20:00:00, 4.06274e-10
7101, 2016-07-22 21:00:00, 4.05211e-10
7102, 2016-07-22 22:00:00, 4.0415e-10
7103, 2016-07-22 23:00:00, 4.03093e-10
7104, 2016-07-23 00:00:00, 4.02037e-10
7105, 2016-07-23 01:00:00, 4.00985e-10
7106, 2016-07-23 02:00:00, 0.329576
7107, 2016-07-23 03:00:00, 0.609632
7108, 2016-07-23 04:00:00, 0.328867
7109, 2016-07-23 05:00:00, 0.167227
7110, 2016-07-23 06:00:00, 9.84098e-06
7111, 2016-07-23 07:00:00, 4.93531e-06
7112, 2016-07-23 08:00:00, 3.93696e-10
7113, 2016-07-23 09:00:00, 3.92665e-10
7114, 2016-07-23 10:00:00, 3.91638e-10
7115, 2016-07-23 11:00:00, 3.90613e-10
7116, 2016-07-23 12:00:00, 3.8959e-10
7117, 2016-07-23 13:00:00, 3.8857e-10
7118, 2016-07-23 14:00:00, 3.87553e-10
7119, 2016-07-23 15:00:00, 3.86539e-10
7120, 2016-07-23 16:00:00, 3.85527e-10
7121, 2016-07-23 17:00:00, 3.84518e-10
7122, 2016-07-23 18:00:00, 3.83512e-10
7123, 2016-07-23 19:00:00, 3.82508e-10
7124, 2016-07-23 20:00:00, 3.81507e-10
7125, 2016-07-23 21:00:00, 3.80508e-10
7126, 2016-07-23 22:00:00, 3.79512e-10
7127, 2016-07-23 23:00:00, 3.78519e-10
7128, 2016-07-24 00:00:00, 3.77528e-10
7129, 2016-07-24 01:00:00, 3.7654e-10
7130, 2016-07-24 02:00:00, 3.75555e-10
7131, 2016-07-24 03:00:00, 3.74572e-10
7132, 2016-07-24 04:00:00, 3.73591e-10
7133, 2016-07-24 05:00:00, 3.72613e-10
7134, 2016-07-24 06:00:00, 3.71638e-10
7135, 2016-07-24 07:00:00, 3.70665e-10
7136, 2016-07-24 08:00:00, 3.69695e-10
7137, 2016-07-24 09:00:00, 3.68727e-10
7138, 2016-07-24 10:00:00, 3.67762e-10
7139, 2016-07-24 11:00:00, 3.668e-10
7140, 2016-07-24 12:00:00, 3.6584e-10
7141, 2016-07-24 13:00:00, 3.64882e-10
7142, 2016-07-24 14:00:00, 3.63927e-10
7143, 2016-07-24 15:00:00, 3.62975e-10
7144, 2016-07-24 16:00:00, 3.62025e-10
7145, 2016-07-24 17:00:00, 3.61077e-10
7146, 2016-07-24 18:00:00, 3.60132e-10
7147, 2016-07-24 19:00:00, 3.59189e-10
7148, 2016-07-24 20:00:00, 3.58249e-10
7149, 2016-07-24 21:00:00, 3.57311e-10
7150, 2016-07-24 22:00:00, 3.56376e-10
7151, 2016-07-24 23:00:00, 3.55443e-10
7152, 2016-07-25 00:00:00, 3.54513e-10
7153, 2016-07-25 01:00:00, 3.53585e-10
7154, 2016-07-25 02:00:00, 3.5266e-10
7155, 2016-07-25 03:00:00, 3.51737e-10
7156, 2016-07-25 04:00:00, 3.50816e-10
7157, 2016-07-25 05:00:00, 3.49898e-10
7158, 2016-07-25 06:00:00, 3.48982e-10
7159, 2016-07-25 07:00:00, 3.48069e-10
7160, 2016-07-25 08:00:00, 3.47158e-10
7161, 2016-07-25 09:00:00, 3.46249e-10
7162, 2016-07-25 10:00:00, 3.45343e-10
7163, 2016-07-25 11:00:00, 3.44439e-10
7164, 2016-07-25 12:00:00, 3.43537e-10
7165, 2016-07-25 13:00:00, 3.42638e-10
7166, 2016-07-25 14:00:00, 3.41741e-10
7167, 2016-07-25 15:00:00, 3.40847e-10
7168, 2016-07-25 16:00:00, 3.39955e-10
7169, 2016-07-25 17:00:00, 3.39065e-10
7170, 2016-07-25 18:00:00, 3.38177e-10
7171, 2016-07-25 19:00:00, 3.37292e-10
7172, 2016-07-25 20:00:00, 3.36409e-10
7173, 2016-07-25 21:00:00, 3.35529e-10
7174, 2016-07-25 22:00:00, 3.34651e-10
7175, 2016-07-25 23:00:00, 3.33775e-10
7176, 2016-07-26 00:00:00, 3.32901e-10
7177, 2016-07-26 01:00:00, 3.3203e-10
7178, 2016-07-26 02:00:00, 3.31161e-10
7179, 2016-07-26 03:00:00, 3.30294e-10
7180, 2016-07-26 04:00:00, 3.29429e-10
7181, 2016-07-26 05:00:00, 3.28567e-10
7182, 2016-07-26 06:00:00, 3.27707e-10
7183, 2016-07-26 07:00:00, 3.26849e-10
7184, 2016-07-26 08:00:00, 3.25994e-10
7185, 2016-07-26 09:00:00, 3.25141e-10
7186, 2016-07-26 10:00:00, 3.2429e-10
7187, 2016-07-26 11:00:00, 3.23441e-10
7188, 2016-07-26 12:00:00, 3.22594e-10
7189, 2016-07-26 13:00:00, 3.2175e-10
7190, 2016-07-26 14:00:00, 3.20908e-10
7191, 2016-07-26 15:00:00, 3.20068e-10
7192, 2016-07-26 16:00:00, 3.1923e-10
7193, 2016-07-26 17:00:00, 3.18394e-10
7194, 2016-07-26 18:00:00, 3.17561e-10
7195, 2016-07-26 19:00:00, 3.1673e-10
7196, 2016-07-26 20:00:00, 3.15901e-10
7197, 2016-07-26 21:00:00, 3.15074e-10
7198, 2016-07-26 22:00:00, 3.14249e-10
7199, 2016-07-26 23:00:00, 3.13427e-10
7200, 2016-07-27 00:00:00, 3.12607e-10
7201, 2016-07-27 01:00:00, 3.11788e-10
7202, 2016-07-27 02:00:00, 3.10972e-10
7203, 2016-07-27 03:00:00, 3.10158e-10
7204, 2016-07-27 04:00:00, 3.09346e-10
7205, 2016-07-27 05:00:00, 3.08537e-10
7206, 2016-07-27 06:00:00, 3.07729e-10
7207, 2016-07-27 07:00:00, 3.06924e-10
7208, 2016-07-27 08:00:00, 3.0612e-10
7209, 2016-07-27 09:00:00, 3.05319e-10
7210, 2016-07-27 10:00:00, 3.0452e-10
7211, 2016-07-27 11:00:00, 3.03723e-10
7212, 2016-07-27 12:00:00, 3.02928e-10
7213, 2016-07-27 13:00:00, 3.02135e-10
7214, 2016-07-27 14:00:00, 3.01344e-10
7215, 2016-07-27 15:00:00, 3.00556e-10
7216, 2016-07-27 16:00:00, 2.99769e-10
7217, 2016-07-27 17:00:00, 2.98984e-10
7218, 2016-07-27 18:00:00, 2.98202e-10
7219, 2016-07-27 19:00:00, 2.97421e-10
7220, 2016-07-27 20:00:00, 2.96643e-10
7221, 2016-07-27 21:00:00, 2.95866e-10
7222, 2016-07-27 22:00:00, 2.95092e-10
7223, 2016-07-27 23:00:00, 2.9432e-10
7224, 2016-07-28 00:00:00, 2.93549e-10
7225, 2016-07-28 01:00:00, 2.92781e-10
7226, 2016-07-28 02:00:00, 2.92015e-10
7227, 2016-07-28 03:00:00, 2.9125e-10
7228, 2016-07-28 04:00:00, 2.90488e-10
7229, 2016-07-28 05:00:00, 2.89728e-10
7230, 2016-07-28 06:00:00, 2.88969e-10
7231, 2016-07-28 07:00:00, 2.88213e-10
7232, 2016-07-28 08:00:00, 2.87459e-10
7233, 2016-07-28 09:00:00, 2.86706e-10
7234, 2016-07-28 10:00:00, 2.85956e-10
7235, 2016-07-28 11:00:00, 2.85207e-10
7236, 2016-07-28 12:00:00, 2.84461e-10
7237, 2016-07-28 13:00:00, 2.83716e-10
7238, 2016-07-28 14:00:00, 2.82974e-10
7239, 2016-07-28 15:00:00, 2.82233e-10
7240, 2016-07-28 16:00:00, 2.81494e-10
7241, 2016-07-28 17:00:00, 2.80757e-10
7242, 2016-07-28 18:00:00, 2.80023e-10
7243, 2016-07-28 19:00:00, 2.7929e-10
7244, 2016-07-28 20:00:00, 2.78559e-10
7245, 2016-07-28 21:00:00, 2.7783e-10
7246, 2016-07-28 22:00:00, 2.77102e-10
7247, 2016-07-28 23:00:00, 2.76377e-10
7248, 2016-07-29 00:00:00, 2.75654e-10
7249, 2016-07-29 01:00:00, 2.74932e-10
7250, 2016-07-29 02:00:00, 2.74213e-10
7251, 2016-07-29 03:00:00, 2.73495e-10
7252, 2016-07-29 04:00:00, 2.72779e-10
7253, 2016-07-29 05:00:00, 2.72104e-10
7254, 2016-07-29 06:00:00, 2.71371e-10
7255, 2016-07-29 07:00:00, 3.38831e-05
7256, 2016-07-29 08:00:00, 5.41073e-05
7257, 2016-07-29 09:00:00, 0.00216432
7258, 2016-07-29 10:00:00, 0.00188304
7259, 2016-07-29 11:00:00, 0.0017315
7260, 2016-07-29 12:00:00, 0.00130455
7261, 2016-07-29 13:00:00, 0.00108869
7262, 2016-07-29 14:00:00, 0.000700507
7263, 2016-07-29 15:00:00, 0.00030542
7264, 2016-07-29 16:00:00, 7.5033e-05
7265, 2016-07-29 17:00:00, 7.21689e-06
7266, 2016-07-29 18:00:00, 2.62952e-10
7267, 2016-07-29 19:00:00, 2.62263e-10
7268, 2016-07-29 20:00:00, 2.61577e-10
7269, 2016-07-29 21:00:00, 2.60892e-10
7270, 2016-07-29 22:00:00, 2.60209e-10
7271, 2016-07-29 23:00:00, 2.59528e-10
7272, 2016-07-30 00:00:00, 2.58849e-10
7273, 2016-07-30 01:00:00, 9.87815e-05
7274, 2016-07-30 02:00:00, 4.49008e-05
7275, 2016-07-30 03:00:00, 3.59207e-05
7276, 2016-07-30 04:00:00, 2.5615e-10
7277, 2016-07-30 05:00:00, 2.55479e-10
7278, 2016-07-30 06:00:00, 2.54811e-10
7279, 2016-07-30 07:00:00, 2.54144e-10
7280, 2016-07-30 08:00:00, 2.53478e-10
7281, 2016-07-30 09:00:00, 2.52815e-10
7282, 2016-07-30 10:00:00, 2.52153e-10
7283, 2016-07-30 11:00:00, 2.51493e-10
7284, 2016-07-30 12:00:00, 2.50835e-10
7285, 2016-07-30 13:00:00, 2.50178e-10
7286, 2016-07-30 14:00:00, 2.49524e-10
7287, 2016-07-30 15:00:00, 2.48871e-10
7288, 2016-07-30 16:00:00, 2.48219e-10
7289, 2016-07-30 17:00:00, 2.47569e-10
7290, 2016-07-30 18:00:00, 2.46921e-10
7291, 2016-07-30 19:00:00, 2.46275e-10
7292, 2016-07-30 20:00:00, 2.45631e-10
7293, 2016-07-30 21:00:00, 2.44988e-10
7294, 2016-07-30 22:00:00, 2.44346e-10
7295, 2016-07-30 23:00:00, 2.43707e-10
7296, 2016-07-31 00:00:00, 2.43069e-10
7297, 2016-07-31 01:00:00, 9.55841e-05
7298, 2016-07-31 02:00:00, 4.34475e-05
7299, 2016-07-31 03:00:00, 0.00219835
7300, 2016-07-31 04:00:00, 0.000983452
7301, 2016-07-31 05:00:00, 0.000811383
7302, 2016-07-31 06:00:00, 1.11919e-05
7303, 2016-07-31 07:00:00, 8.95357e-06
7304, 2016-07-31 08:00:00, 2.38026e-10
7305, 2016-07-31 09:00:00, 2.37403e-10
7306, 2016-07-31 10:00:00, 2.36781e-10
7307, 2016-07-31 11:00:00, 3.10002e-09
7308, 2016-07-31 12:00:00, 4.37551e-05
7309, 2016-07-31 13:00:00, 0.00052831
7310, 2016-07-31 14:00:00, 0.000247011
7311, 2016-07-31 15:00:00, 0.00018488
7312, 2016-07-31 16:00:00, 2.33087e-10
7313, 2016-07-31 17:00:00, 2.32477e-10
7314, 2016-07-31 18:00:00, 2.31868e-10
7315, 2016-07-31 19:00:00, 2.31262e-10
7316, 2016-07-31 20:00:00, 2.30656e-10
7317, 2016-07-31 21:00:00, 2.30053e-10
7318, 2016-07-31 22:00:00, 2.2945e-10
7319, 2016-07-31 23:00:00, 2.2885e-10
7320, 2016-08-01 00:00:00, 2.28251e-10
7321, 2016-08-01 01:00:00, 2.27653e-10
7322, 2016-08-01 02:00:00, 2.27058e-10
7323, 2016-08-01 03:00:00, 2.26463e-10
7324, 2016-08-01 04:00:00, 0.0139131
7325, 2016-08-01 05:00:00, 0.0844983
7326, 2016-08-01 06:00:00, 0.0455152
7327, 2016-08-01 07:00:00, 0.0306643
7328, 2016-08-01 08:00:00, 0.00178987
7329, 2016-08-01 09:00:00, 2.2293e-10
7330, 2016-08-01 10:00:00, 2.22347e-10
7331, 2016-08-01 11:00:00, 2.21765e-10
7332, 2016-08-01 12:00:00, 2.21184e-10
7333, 2016-08-01 13:00:00, 2.20605e-10
7334, 2016-08-01 14:00:00, 2.20028e-10
7335, 2016-08-01 15:00:00, 2.19452e-10
7336, 2016-08-01 16:00:00, 2.18877e-10
7337, 2016-08-01 17:00:00, 2.18305e-10
7338, 2016-08-01 18:00:00, 2.17733e-10
7339, 2016-08-01 19:00:00, 2.17163e-10
7340, 2016-08-01 20:00:00, 2.16595e-10
7341, 2016-08-01 21:00:00, 2.16028e-10
7342, 2016-08-01 22:00:00, 2.15463e-10
7343, 2016-08-01 23:00:00, 2.14899e-10
7344, 2016-08-02 00:00:00, 2.14336e-10
7345, 2016-08-02 01:00:00, 2.13775e-10
7346, 2016-08-02 02:00:00, 2.13216e-10
7347, 2016-08-02 03:00:00, 2.12657e-10
7348, 2016-08-02 04:00:00, 2.12101e-10
7349, 2016-08-02 05:00:00, 2.11546e-10
7350, 2016-08-02 06:00:00, 2.10992e-10
7351, 2016-08-02 07:00:00, 2.1044e-10
7352, 2016-08-02 08:00:00, 2.09889e-10
7353, 2016-08-02 09:00:00, 2.0934e-10
7354, 2016-08-02 10:00:00, 1.81446e-07
7355, 2016-08-02 11:00:00, 0.000720352
7356, 2016-08-02 12:00:00, 0.0962923
7357, 2016-08-02 13:00:00, 0.0791328
7358, 2016-08-02 14:00:00, 0.0510689
7359, 2016-08-02 15:00:00, 0.0128864
7360, 2016-08-02 16:00:00, 5.44052e-05
7361, 2016-08-02 17:00:00, 2.04996e-10
7362, 2016-08-02 18:00:00, 2.0446e-10
7363, 2016-08-02 19:00:00, 2.03924e-10
7364, 2016-08-02 20:00:00, 2.03391e-10
7365, 2016-08-02 21:00:00, 2.02858e-10
7366, 2016-08-02 22:00:00, 2.02327e-10
7367, 2016-08-02 23:00:00, 2.01798e-10
7368, 2016-08-03 00:00:00, 2.0127e-10
7369, 2016-08-03 01:00:00, 2.00743e-10
7370, 2016-08-03 02:00:00, 2.00217e-10
7371, 2016-08-03 03:00:00, 1.99693e-10
7372, 2016-08-03 04:00:00, 1.99171e-10
7373, 2016-08-03 05:00:00, 1.98649e-10
7374, 2016-08-03 06:00:00, 1.98129e-10
7375, 2016-08-03 07:00:00, 1.97611e-10
7376, 2016-08-03 08:00:00, 1.97094e-10
7377, 2016-08-03 09:00:00, 1.96578e-10
7378, 2016-08-03 10:00:00, 1.96063e-10
7379, 2016-08-03 11:00:00, 1.9555e-10
7380, 2016-08-03 12:00:00, 1.95038e-10
7381, 2016-08-03 13:00:00, 1.94528e-10
7382, 2016-08-03 14:00:00, 1.94019e-10
7383, 2016-08-03 15:00:00, 1.93511e-10
7384, 2016-08-03 16:00:00, 1.93004e-10
7385, 2016-08-03 17:00:00, 1.92499e-10
7386, 2016-08-03 18:00:00, 1.91995e-10
7387, 2016-08-03 19:00:00, 1.91493e-10
7388, 2016-08-03 20:00:00, 1.90991e-10
7389, 2016-08-03 21:00:00, 1.90492e-10
7390, 2016-08-03 22:00:00, 1.89993e-10
7391, 2016-08-03 23:00:00, 1.89496e-10
7392, 2016-08-04 00:00:00, 1.89e-10
7393, 2016-08-04 01:00:00, 1.88505e-10
7394, 2016-08-04 02:00:00, 1.88012e-10
7395, 2016-08-04 03:00:00, 1.8752e-10
7396, 2016-08-04 04:00:00, 1.87029e-10
7397, 2016-08-04 05:00:00, 1.86539e-10
7398, 2016-08-04 06:00:00, 1.86051e-10
7399, 2016-08-04 07:00:00, 1.85564e-10
7400, 2016-08-04 08:00:00, 1.85078e-10
7401, 2016-08-04 09:00:00, 1.84594e-10
7402, 2016-08-04 10:00:00, 1.84111e-10
7403, 2016-08-04 11:00:00, 1.83629e-10
7404, 2016-08-04 12:00:00, 1.83148e-10
7405, 2016-08-04 13:00:00, 1.82669e-10
7406, 2016-08-04 14:00:00, 1.82191e-10
7407, 2016-08-04 15:00:00, 1.81714e-10
7408, 2016-08-04 16:00:00, 1.81238e-10
7409, 2016-08-04 17:00:00, 1.80764e-10
7410, 2016-08-04 18:00:00, 1.80291e-10
7411, 2016-08-04 19:00:00, 1.79819e-10
7412, 2016-08-04 20:00:00, 1.79348e-10
7413, 2016-08-04 21:00:00, 1.78879e-10
7414, 2016-08-04 22:00:00, 1.7841e-10
7415, 2016-08-04 23:00:00, 1.77944e-10
7416, 2016-08-05 00:00:00, 1.77478e-10
7417, 2016-08-05 01:00:00, 1.77013e-10
7418, 2016-08-05 02:00:00, 1.7655e-10
7419, 2016-08-05 03:00:00, 1.76088e-10
7420, 2016-08-05 04:00:00, 1.75627e-10
7421, 2016-08-05 05:00:00, 1.75167e-10
7422, 2016-08-05 06:00:00, 1.74709e-10
7423, 2016-08-05 07:00:00, 1.74251e-10
7424, 2016-08-05 08:00:00, 1.73795e-10
7425, 2016-08-05 09:00:00, 1.7334e-10
7426, 2016-08-05 10:00:00, 1.72887e-10
7427, 2016-08-05 11:00:00, 1.72434e-10
7428, 2016-08-05 12:00:00, 1.71983e-10
7429, 2016-08-05 13:00:00, 1.71533e-10
7430, 2016-08-05 14:00:00, 1.71084e-10
7431, 2016-08-05 15:00:00, 1.70636e-10
7432, 2016-08-05 16:00:00, 1.70189e-10
7433, 2016-08-05 17:00:00, 1.69744e-10
7434, 2016-08-05 18:00:00, 1.693e-10
7435, 2016-08-05 19:00:00, 1.68857e-10
7436, 2016-08-05 20:00:00, 1.68415e-10
7437, 2016-08-05 21:00:00, 1.67974e-10
7438, 2016-08-05 22:00:00, 1.67534e-10
7439, 2016-08-05 23:00:00, 1.67096e-10
7440, 2016-08-06 00:00:00, 1.66658e-10
7441, 2016-08-06 01:00:00, 1.66222e-10
7442, 2016-08-06 02:00:00, 1.65787e-10
7443, 2016-08-06 03:00:00, 1.65353e-10
7444, 2016-08-06 04:00:00, 1.6492e-10
7445, 2016-08-06 05:00:00, 1.64489e-10
7446, 2016-08-06 06:00:00, 1.64058e-10
7447, 2016-08-06 07:00:00, 1.63629e-10
7448, 2016-08-06 08:00:00, 1.632e-10
7449, 2016-08-06 09:00:00, 1.62773e-10
7450, 2016-08-06 10:00:00, 1.62347e-10
7451, 2016-08-06 11:00:00, 1.61922e-10
7452, 2016-08-06 12:00:00, 1.61498e-10
7453, 2016-08-06 13:00:00, 1.61076e-10
7454, 2016-08-06 14:00:00, 1.60654e-10
7455, 2016-08-06 15:00:00, 1.60234e-10
7456, 2016-08-06 16:00:00, 1.59814e-10
7457, 2016-08-06 17:00:00, 1.59396e-10
7458, 2016-08-06 18:00:00, 1.58979e-10
7459, 2016-08-06 19:00:00, 1.58563e-10
7460, 2016-08-06 20:00:00, 1.58148e-10
7461, 2016-08-06 21:00:00, 1.57734e-10
7462, 2016-08-06 22:00:00, 0.0797248
7463, 2016-08-06 23:00:00, 0.0362404
7464, 2016-08-07 00:00:00, 0.0289917
7465, 2016-08-07 01:00:00, 6.85356e-07
7466, 2016-08-07 02:00:00, 1.5568e-10
7467, 2016-08-07 03:00:00, 1.55273e-10
7468, 2016-08-07 04:00:00, 1.54866e-10
7469, 2016-08-07 05:00:00, 1.54461e-10
7470, 2016-08-07 06:00:00, 1.54057e-10
7471, 2016-08-07 07:00:00, 1.53653e-10
7472, 2016-08-07 08:00:00, 1.53251e-10
7473, 2016-08-07 09:00:00, 1.5285e-10
7474, 2016-08-07 10:00:00, 1.5245e-10
7475, 2016-08-07 11:00:00, 1.52051e-10
7476, 2016-08-07 12:00:00, 1.51653e-10
7477, 2016-08-07 13:00:00, 1.51256e-10
7478, 2016-08-07 14:00:00, 1.5086e-10
7479, 2016-08-07 15:00:00, 1.50465e-10
7480, 2016-08-07 16:00:00, 1.50072e-10
7481, 2016-08-07 17:00:00, 1.49679e-10
7482, 2016-08-07 18:00:00, 1.49287e-10
7483, 2016-08-07 19:00:00, 1.48896e-10
7484, 2016-08-07 20:00:00, 1.48506e-10
7485, 2016-08-07 21:00:00, 1.48118e-10
7486, 2016-08-07 22:00:00, 1.4773e-10
7487, 2016-08-07 23:00:00, 1.47343e-10
7488, 2016-08-08 00:00:00, 1.46958e-10
7489, 2016-08-08 01:00:00, 1.46573e-10
7490, 2016-08-08 02:00:00, 1.4619e-10
7491, 2016-08-08 03:00:00, 1.45807e-10
7492, 2016-08-08 04:00:00, 1.45425e-10
7493, 2016-08-08 05:00:00, 1.45045e-10
7494, 2016-08-08 06:00:00, 1.44665e-10
7495, 2016-08-08 07:00:00, 1.44286e-10
7496, 2016-08-08 08:00:00, 1.43909e-10
7497, 2016-08-08 09:00:00, 1.43532e-10
7498, 2016-08-08 10:00:00, 1.43156e-10
7499, 2016-08-08 11:00:00, 1.42782e-10
7500, 2016-08-08 12:00:00, 1.42408e-10
7501, 2016-08-08 13:00:00, 1.42035e-10
7502, 2016-08-08 14:00:00, 1.41663e-10
7503, 2016-08-08 15:00:00, 1.41293e-10
7504, 2016-08-08 16:00:00, 1.40923e-10
7505, 2016-08-08 17:00:00, 1.40554e-10
7506, 2016-08-08 18:00:00, 1.40186e-10
7507, 2016-08-08 19:00:00, 1.39819e-10
7508, 2016-08-08 20:00:00, 1.39453e-10
7509, 2016-08-08 21:00:00, 1.39088e-10
7510, 2016-08-08 22:00:00, 1.38724e-10
7511, 2016-08-08 23:00:00, 1.38361e-10
7512, 2016-08-09 00:00:00, 1.37999e-10
7513, 2016-08-09 01:00:00, 1.37638e-10
7514, 2016-08-09 02:00:00, 1.37277e-10
7515, 2016-08-09 03:00:00, 1.36918e-10
7516, 2016-08-09 04:00:00, 1.3656e-10
7517, 2016-08-09 05:00:00, 1.36202e-10
7518, 2016-08-09 06:00:00, 1.35846e-10
7519, 2016-08-09 07:00:00, 1.3549e-10
7520, 2016-08-09 08:00:00, 1.35136e-10
7521, 2016-08-09 09:00:00, 1.34782e-10
7522, 2016-08-09 10:00:00, 1.34429e-10
7523, 2016-08-09 11:00:00, 1.34077e-10
7524, 2016-08-09 12:00:00, 1.33726e-10
7525, 2016-08-09 13:00:00, 1.33376e-10
7526, 2016-08-09 14:00:00, 1.33027e-10
7527, 2016-08-09 15:00:00, 1.32679e-10
7528, 2016-08-09 16:00:00, 1.32332e-10
7529, 2016-08-09 17:00:00, 1.31985e-10
7530, 2016-08-09 18:00:00, 1.3164e-10
7531, 2016-08-09 19:00:00, 1.31295e-10
7532, 2016-08-09 20:00:00, 1.30952e-10
7533, 2016-08-09 21:00:00, 1.30609e-10
7534, 2016-08-09 22:00:00, 1.30267e-10
7535, 2016-08-09 23:00:00, 1.29926e-10
7536, 2016-08-10 00:00:00, 1.29586e-10
7537, 2016-08-10 01:00:00, 1.29247e-10
7538, 2016-08-10 02:00:00, 1.28909e-10
7539, 2016-08-10 03:00:00, 1.28571e-10
7540, 2016-08-10 04:00:00, 1.28235e-10
7541, 2016-08-10 05:00:00, 1.27899e-10
7542, 2016-08-10 06:00:00, 1.27564e-10
7543, 2016-08-10 07:00:00, 1.2723e-10
7544, 2016-08-10 08:00:00, 1.26897e-10
7545, 2016-08-10 09:00:00, 1.26565e-10
7546, 2016-08-10 10:00:00, 1.26234e-10
7547, 2016-08-10 11:00:00, 4.4498e-09
7548, 2016-08-10 12:00:00, 0.00133738
7549, 2016-08-10 13:00:00, 0.00157785
7550, 2016-08-10 14:00:00, 0.00106331
7551, 2016-08-10 15:00:00, 0.000736432
7552, 2016-08-10 16:00:00, 0.0387009
7553, 2016-08-10 17:00:00, 0.120656
7554, 2016-08-10 18:00:00, 0.0608365
7555, 2016-08-10 19:00:00, 0.0374677
7556, 2016-08-10 20:00:00, 1.22969e-10
7557, 2016-08-10 21:00:00, 1.07415e-08
7558, 2016-08-10 22:00:00, 3.97523e-05
7559, 2016-08-10 23:00:00, 0.000272912
7560, 2016-08-11 00:00:00, 0.000130324
7561, 2016-08-11 01:00:00, 9.27346e-05
7562, 2016-08-11 02:00:00, 1.13206e-07
7563, 2016-08-11 03:00:00, 1.01143e-07
7564, 2016-08-11 04:00:00, 7.87461e-08
7565, 2016-08-11 05:00:00, 7.36116e-08
7566, 2016-08-11 06:00:00, 1.21407e-07
7567, 2016-08-11 07:00:00, 1.69067e-07
7568, 2016-08-11 08:00:00, 2.10086e-07
7569, 2016-08-11 09:00:00, 1.98955e-07
7570, 2016-08-11 10:00:00, 1.4221e-07
7571, 2016-08-11 11:00:00, 1.28011e-07
7572, 2016-08-11 12:00:00, 1.68448e-07
7573, 2016-08-11 13:00:00, 8.9261e-08
7574, 2016-08-11 14:00:00, 4.80305e-08
7575, 2016-08-11 15:00:00, 3.83954e-09
7576, 2016-08-11 16:00:00, 1.16689e-10
7577, 2016-08-11 17:00:00, 1.16384e-10
7578, 2016-08-11 18:00:00, 1.16079e-10
7579, 2016-08-11 19:00:00, 1.15775e-10
7580, 2016-08-11 20:00:00, 1.15472e-10
7581, 2016-08-11 21:00:00, 1.1517e-10
7582, 2016-08-11 22:00:00, 9.77684e-05
7583, 2016-08-11 23:00:00, 4.44403e-05
7584, 2016-08-12 00:00:00, 3.55522e-05
7585, 2016-08-12 01:00:00, 1.13969e-10
7586, 2016-08-12 02:00:00, 1.1367e-10
7587, 2016-08-12 03:00:00, 1.13373e-10
7588, 2016-08-12 04:00:00, 1.13076e-10
7589, 2016-08-12 05:00:00, 1.1278e-10
7590, 2016-08-12 06:00:00, 1.12485e-10
7591, 2016-08-12 07:00:00, 1.12191e-10
7592, 2016-08-12 08:00:00, 1.11897e-10
7593, 2016-08-12 09:00:00, 1.11604e-10
7594, 2016-08-12 10:00:00, 1.11312e-10
7595, 2016-08-12 11:00:00, 0.000248442
7596, 2016-08-12 12:00:00, 0.000112928
7597, 2016-08-12 13:00:00, 9.03427e-05
7598, 2016-08-12 14:00:00, 1.10151e-10
7599, 2016-08-12 15:00:00, 1.09863e-10
7600, 2016-08-12 16:00:00, 1.09575e-10
7601, 2016-08-12 17:00:00, 1.09288e-10
7602, 2016-08-12 18:00:00, 1.09002e-10
7603, 2016-08-12 19:00:00, 1.08717e-10
7604, 2016-08-12 20:00:00, 1.08433e-10
7605, 2016-08-12 21:00:00, 0.000203634
7606, 2016-08-12 22:00:00, 0.0010404
7607, 2016-08-12 23:00:00, 0.576224
7608, 2016-08-13 00:00:00, 0.262095
7609, 2016-08-13 01:00:00, 0.20938
7610, 2016-08-13 02:00:00, 2.49276e-05
7611, 2016-08-13 03:00:00, 4.00426e-05
7612, 2016-08-13 04:00:00, 1.87191e-05
7613, 2016-08-13 05:00:00, 1.40159e-05
7614, 2016-08-13 06:00:00, 1.05628e-10
7615, 2016-08-13 07:00:00, 1.05351e-10
7616, 2016-08-13 08:00:00, 1.06075e-05
7617, 2016-08-13 09:00:00, 1.27771e-05
7618, 2016-08-13 10:00:00, 7.47344e-06
7619, 2016-08-13 11:00:00, 2.90001e-06
7620, 2016-08-13 12:00:00, 2.21331e-08
7621, 2016-08-13 13:00:00, 1.12214e-08
7622, 2016-08-13 14:00:00, 6.95143e-09
7623, 2016-08-13 15:00:00, 1.03165e-10
7624, 2016-08-13 16:00:00, 1.02895e-10
7625, 2016-08-13 17:00:00, 1.02626e-10
7626, 2016-08-13 18:00:00, 1.02357e-10
7627, 2016-08-13 19:00:00, 1.02089e-10
7628, 2016-08-13 20:00:00, 1.01822e-10
7629, 2016-08-13 21:00:00, 1.01556e-10
7630, 2016-08-13 22:00:00, 1.0129e-10
7631, 2016-08-13 23:00:00, 1.01025e-10
7632, 2016-08-14 00:00:00, 1.0076e-10
7633, 2016-08-14 01:00:00, 1.00497e-10
7634, 2016-08-14 02:00:00, 1.00234e-10
7635, 2016-08-14 03:00:00, 0.000391581
7636, 2016-08-14 04:00:00, 0.619794
7637, 2016-08-14 05:00:00, 0.281796
7638, 2016-08-14 06:00:00, 0.339032
7639, 2016-08-14 07:00:00, 0.0516911
7640, 2016-08-14 08:00:00, 0.04135
7641, 2016-08-14 09:00:00, 9.84115e-11
7642, 2016-08-14 10:00:00, 9.81539e-11
7643, 2016-08-14 11:00:00, 9.7897e-11
7644, 2016-08-14 12:00:00, 9.76408e-11
7645, 2016-08-14 13:00:00, 9.73852e-11
7646, 2016-08-14 14:00:00, 9.71303e-11
7647, 2016-08-14 15:00:00, 9.68761e-11
7648, 2016-08-14 16:00:00, 9.66225e-11
7649, 2016-08-14 17:00:00, 9.63696e-11
7650, 2016-08-14 18:00:00, 9.61174e-11
7651, 2016-08-14 19:00:00, 9.58658e-11
7652, 2016-08-14 20:00:00, 9.56149e-11
7653, 2016-08-14 21:00:00, 9.53646e-11
7654, 2016-08-14 22:00:00, 9.5115e-11
7655, 2016-08-14 23:00:00, 9.4866e-11
7656, 2016-08-15 00:00:00, 9.46177e-11
7657, 2016-08-15 01:00:00, 9.43701e-11
7658, 2016-08-15 02:00:00, 9.41231e-11
7659, 2016-08-15 03:00:00, 9.38768e-11
7660, 2016-08-15 04:00:00, 9.3631e-11
7661, 2016-08-15 05:00:00, 9.3386e-11
7662, 2016-08-15 06:00:00, 9.31416e-11
7663, 2016-08-15 07:00:00, 9.28978e-11
7664, 2016-08-15 08:00:00, 9.26546e-11
7665, 2016-08-15 09:00:00, 9.24121e-11
7666, 2016-08-15 10:00:00, 9.21702e-11
7667, 2016-08-15 11:00:00, 9.19289e-11
7668, 2016-08-15 12:00:00, 9.16883e-11
7669, 2016-08-15 13:00:00, 9.14483e-11
7670, 2016-08-15 14:00:00, 9.1209e-11
7671, 2016-08-15 15:00:00, 9.09703e-11
7672, 2016-08-15 16:00:00, 9.07322e-11
7673, 2016-08-15 17:00:00, 9.04947e-11
7674, 2016-08-15 18:00:00, 9.02578e-11
7675, 2016-08-15 19:00:00, 9.00216e-11
7676, 2016-08-15 20:00:00, 8.9786e-11
7677, 2016-08-15 21:00:00, 8.95509e-11
7678, 2016-08-15 22:00:00, 8.93166e-11
7679, 2016-08-15 23:00:00, 8.90828e-11
7680, 2016-08-16 00:00:00, 8.88496e-11
7681, 2016-08-16 01:00:00, 8.86171e-11
7682, 2016-08-16 02:00:00, 8.83851e-11
7683, 2016-08-16 03:00:00, 8.81538e-11
7684, 2016-08-16 04:00:00, 8.79231e-11
7685, 2016-08-16 05:00:00, 8.76929e-11
7686, 2016-08-16 06:00:00, 8.74634e-11
7687, 2016-08-16 07:00:00, 8.72345e-11
7688, 2016-08-16 08:00:00, 8.70061e-11
7689, 2016-08-16 09:00:00, 8.67784e-11
7690, 2016-08-16 10:00:00, 8.65513e-11
7691, 2016-08-16 11:00:00, 8.63247e-11
7692, 2016-08-16 12:00:00, 8.60988e-11
7693, 2016-08-16 13:00:00, 8.58734e-11
7694, 2016-08-16 14:00:00, 8.56487e-11
7695, 2016-08-16 15:00:00, 8.54245e-11
7696, 2016-08-16 16:00:00, 8.52009e-11
7697, 2016-08-16 17:00:00, 0.00179242
7698, 2016-08-16 18:00:00, 0.0976128
7699, 2016-08-16 19:00:00, 0.0491291
7700, 2016-08-16 20:00:00, 0.0378309
7701, 2016-08-16 21:00:00, 0.00189935
7702, 2016-08-16 22:00:00, 0.000216745
7703, 2016-08-16 23:00:00, 8.36521e-11
7704, 2016-08-17 00:00:00, 8.34331e-11
7705, 2016-08-17 01:00:00, 8.32147e-11
7706, 2016-08-17 02:00:00, 8.29969e-11
7707, 2016-08-17 03:00:00, 0.00117682
7708, 2016-08-17 04:00:00, 0.000534916
7709, 2016-08-17 05:00:00, 0.000427934
7710, 2016-08-17 06:00:00, 3.39653e-05
7711, 2016-08-17 07:00:00, 0.000290347
7712, 2016-08-17 08:00:00, 0.000137309
7713, 2016-08-17 09:00:00, 9.99666e-05
7714, 2016-08-17 10:00:00, 8.12749e-11
7715, 2016-08-17 11:00:00, 8.10622e-11
7716, 2016-08-17 12:00:00, 8.085e-11
7717, 2016-08-17 13:00:00, 8.06384e-11
7718, 2016-08-17 14:00:00, 8.04273e-11
7719, 2016-08-17 15:00:00, 8.02168e-11
7720, 2016-08-17 16:00:00, 8.00068e-11
7721, 2016-08-17 17:00:00, 7.97974e-11
7722, 2016-08-17 18:00:00, 7.95885e-11
7723, 2016-08-17 19:00:00, 7.93802e-11
7724, 2016-08-17 20:00:00, 7.91725e-11
7725, 2016-08-17 21:00:00, 7.89652e-11
7726, 2016-08-17 22:00:00, 7.87586e-11
7727, 2016-08-17 23:00:00, 7.85524e-11
7728, 2016-08-18 00:00:00, 7.83468e-11
7729, 2016-08-18 01:00:00, 7.81418e-11
7730, 2016-08-18 02:00:00, 7.79372e-11
7731, 2016-08-18 03:00:00, 7.77332e-11
7732, 2016-08-18 04:00:00, 7.75298e-11
7733, 2016-08-18 05:00:00, 7.73268e-11
7734, 2016-08-18 06:00:00, 7.71244e-11
7735, 2016-08-18 07:00:00, 7.69226e-11
7736, 2016-08-18 08:00:00, 7.67212e-11
7737, 2016-08-18 09:00:00, 7.65204e-11
7738, 2016-08-18 10:00:00, 3.48035e-05
7739, 2016-08-18 11:00:00, 1.59558e-05
7740, 2016-08-18 12:00:00, 1.27177e-05
7741, 2016-08-18 13:00:00, 4.9524e-08
7742, 2016-08-18 14:00:00, 7.55242e-11
7743, 2016-08-18 15:00:00, 7.53266e-11
7744, 2016-08-18 16:00:00, 7.51294e-11
7745, 2016-08-18 17:00:00, 7.49328e-11
7746, 2016-08-18 18:00:00, 7.47366e-11
7747, 2016-08-18 19:00:00, 7.4541e-11
7748, 2016-08-18 20:00:00, 7.43459e-11
7749, 2016-08-18 21:00:00, 7.41513e-11
7750, 2016-08-18 22:00:00, 7.39572e-11
7751, 2016-08-18 23:00:00, 7.37637e-11
7752, 2016-08-19 00:00:00, 7.35706e-11
7753, 2016-08-19 01:00:00, 7.3378e-11
7754, 2016-08-19 02:00:00, 7.31859e-11
7755, 2016-08-19 03:00:00, 7.29944e-11
7756, 2016-08-19 04:00:00, 7.28034e-11
7757, 2016-08-19 05:00:00, 7.26128e-11
7758, 2016-08-19 06:00:00, 7.24227e-11
7759, 2016-08-19 07:00:00, 7.22332e-11
7760, 2016-08-19 08:00:00, 7.20441e-11
7761, 2016-08-19 09:00:00, 7.18555e-11
7762, 2016-08-19 10:00:00, 7.16675e-11
7763, 2016-08-19 11:00:00, 7.14799e-11
7764, 2016-08-19 12:00:00, 7.12928e-11
7765, 2016-08-19 13:00:00, 7.11062e-11
7766, 2016-08-19 14:00:00, 7.09201e-11
7767, 2016-08-19 15:00:00, 7.07345e-11
7768, 2016-08-19 16:00:00, 7.05493e-11
7769, 2016-08-19 17:00:00, 7.03647e-11
7770, 2016-08-19 18:00:00, 7.01805e-11
7771, 2016-08-19 19:00:00, 6.99968e-11
7772, 2016-08-19 20:00:00, 6.98136e-11
7773, 2016-08-19 21:00:00, 6.96309e-11
7774, 2016-08-19 22:00:00, 6.94486e-11
7775, 2016-08-19 23:00:00, 6.92668e-11
7776, 2016-08-20 00:00:00, 6.90855e-11
7777, 2016-08-20 01:00:00, 6.89047e-11
7778, 2016-08-20 02:00:00, 6.87243e-11
7779, 2016-08-20 03:00:00, 6.85445e-11
7780, 2016-08-20 04:00:00, 6.8365e-11
7781, 2016-08-20 05:00:00, 6.81861e-11
7782, 2016-08-20 06:00:00, 6.80076e-11
7783, 2016-08-20 07:00:00, 6.78296e-11
7784, 2016-08-20 08:00:00, 6.76521e-11
7785, 2016-08-20 09:00:00, 6.7475e-11
7786, 2016-08-20 10:00:00, 6.72984e-11
7787, 2016-08-20 11:00:00, 6.71223e-11
7788, 2016-08-20 12:00:00, 6.69466e-11
7789, 2016-08-20 13:00:00, 6.67714e-11
7790, 2016-08-20 14:00:00, 6.65966e-11
7791, 2016-08-20 15:00:00, 6.64223e-11
7792, 2016-08-20 16:00:00, 6.62484e-11
7793, 2016-08-20 17:00:00, 0.00228846
7794, 2016-08-20 18:00:00, 0.00104021
7795, 2016-08-20 19:00:00, 0.000832166
7796, 2016-08-20 20:00:00, 6.55576e-11
7797, 2016-08-20 21:00:00, 6.5386e-11
7798, 2016-08-20 22:00:00, 6.52148e-11
7799, 2016-08-20 23:00:00, 6.50441e-11
7800, 2016-08-21 00:00:00, 6.48739e-11
7801, 2016-08-21 01:00:00, 6.47041e-11
7802, 2016-08-21 02:00:00, 6.45347e-11
7803, 2016-08-21 03:00:00, 6.43658e-11
7804, 2016-08-21 04:00:00, 6.41973e-11
7805, 2016-08-21 05:00:00, 6.40293e-11
7806, 2016-08-21 06:00:00, 6.38617e-11
7807, 2016-08-21 07:00:00, 6.36946e-11
7808, 2016-08-21 08:00:00, 6.35279e-11
7809, 2016-08-21 09:00:00, 6.33616e-11
7810, 2016-08-21 10:00:00, 6.31958e-11
7811, 2016-08-21 11:00:00, 6.30303e-11
7812, 2016-08-21 12:00:00, 6.28654e-11
7813, 2016-08-21 13:00:00, 6.27008e-11
7814, 2016-08-21 14:00:00, 6.25367e-11
7815, 2016-08-21 15:00:00, 6.2373e-11
7816, 2016-08-21 16:00:00, 6.22098e-11
7817, 2016-08-21 17:00:00, 6.20469e-11
7818, 2016-08-21 18:00:00, 6.18845e-11
7819, 2016-08-21 19:00:00, 6.17225e-11
7820, 2016-08-21 20:00:00, 6.1561e-11
7821, 2016-08-21 21:00:00, 6.13999e-11
7822, 2016-08-21 22:00:00, 6.12392e-11
7823, 2016-08-21 23:00:00, 6.10789e-11
7824, 2016-08-22 00:00:00, 6.0919e-11
7825, 2016-08-22 01:00:00, 6.07596e-11
7826, 2016-08-22 02:00:00, 6.06005e-11
7827, 2016-08-22 03:00:00, 0.000229281
7828, 2016-08-22 04:00:00, 0.00244257
7829, 2016-08-22 05:00:00, 0.0305607
7830, 2016-08-22 06:00:00, 2.40188
7831, 2016-08-22 07:00:00, 1.11342
7832, 2016-08-22 08:00:00, 0.876161
7833, 2016-08-22 09:00:00, 0.00633714
7834, 2016-08-22 10:00:00, 5.93432e-11
7835, 2016-08-22 11:00:00, 5.91878e-11
7836, 2016-08-22 12:00:00, 5.90329e-11
7837, 2016-08-22 13:00:00, 5.88784e-11
7838, 2016-08-22 14:00:00, 5.87243e-11
7839, 2016-08-22 15:00:00, 5.85706e-11
7840, 2016-08-22 16:00:00, 5.84173e-11
7841, 2016-08-22 17:00:00, 5.82644e-11
7842, 2016-08-22 18:00:00, 5.81119e-11
7843, 2016-08-22 19:00:00, 5.79598e-11
7844, 2016-08-22 20:00:00, 5.78081e-11
7845, 2016-08-22 21:00:00, 5.76568e-11
7846, 2016-08-22 22:00:00, 5.75059e-11
7847, 2016-08-22 23:00:00, 5.73553e-11
7848, 2016-08-23 00:00:00, 5.72052e-11
7849, 2016-08-23 01:00:00, 5.70555e-11
7850, 2016-08-23 02:00:00, 5.69061e-11
7851, 2016-08-23 03:00:00, 5.67572e-11
7852, 2016-08-23 04:00:00, 5.66086e-11
7853, 2016-08-23 05:00:00, 5.64605e-11
7854, 2016-08-23 06:00:00, 5.63127e-11
7855, 2016-08-23 07:00:00, 5.61653e-11
7856, 2016-08-23 08:00:00, 5.60183e-11
7857, 2016-08-23 09:00:00, 5.58717e-11
7858, 2016-08-23 10:00:00, 5.57255e-11
7859, 2016-08-23 11:00:00, 5.55796e-11
7860, 2016-08-23 12:00:00, 5.54341e-11
7861, 2016-08-23 13:00:00, 5.5289e-11
7862, 2016-08-23 14:00:00, 5.51443e-11
7863, 2016-08-23 15:00:00, 5.5e-11
7864, 2016-08-23 16:00:00, 5.4856e-11
7865, 2016-08-23 17:00:00, 5.47124e-11
7866, 2016-08-23 18:00:00, 5.45692e-11
7867, 2016-08-23 19:00:00, 5.44264e-11
7868, 2016-08-23 20:00:00, 5.4284e-11
7869, 2016-08-23 21:00:00, 5.41419e-11
7870, 2016-08-23 22:00:00, 5.40001e-11
7871, 2016-08-23 23:00:00, 5.38588e-11
7872, 2016-08-24 00:00:00, 5.37178e-11
7873, 2016-08-24 01:00:00, 5.35772e-11
7874, 2016-08-24 02:00:00, 5.3437e-11
7875, 2016-08-24 03:00:00, 5.32972e-11
7876, 2016-08-24 04:00:00, 5.31577e-11
7877, 2016-08-24 05:00:00, 5.30185e-11
7878, 2016-08-24 06:00:00, 5.28797e-11
7879, 2016-08-24 07:00:00, 5.27413e-11
7880, 2016-08-24 08:00:00, 5.26033e-11
7881, 2016-08-24 09:00:00, 5.24656e-11
7882, 2016-08-24 10:00:00, 5.23283e-11
7883, 2016-08-24 11:00:00, 5.21913e-11
7884, 2016-08-24 12:00:00, 5.20547e-11
7885, 2016-08-24 13:00:00, 5.19185e-11
7886, 2016-08-24 14:00:00, 5.17826e-11
7887, 2016-08-24 15:00:00, 5.1647e-11
7888, 2016-08-24 16:00:00, 5.15118e-11
7889, 2016-08-24 17:00:00, 5.1377e-11
7890, 2016-08-24 18:00:00, 5.12426e-11
7891, 2016-08-24 19:00:00, 5.11084e-11
7892, 2016-08-24 20:00:00, 5.09747e-11
7893, 2016-08-24 21:00:00, 5.08412e-11
7894, 2016-08-24 22:00:00, 5.07082e-11
7895, 2016-08-24 23:00:00, 5.05755e-11
7896, 2016-08-25 00:00:00, 5.04431e-11
7897, 2016-08-25 01:00:00, 5.0311e-11
7898, 2016-08-25 02:00:00, 5.01793e-11
7899, 2016-08-25 03:00:00, 5.0048e-11
7900, 2016-08-25 04:00:00, 4.9917e-11
7901, 2016-08-25 05:00:00, 4.97864e-11
7902, 2016-08-25 06:00:00, 4.9656e-11
7903, 2016-08-25 07:00:00, 4.95261e-11
7904, 2016-08-25 08:00:00, 4.93965e-11
7905, 2016-08-25 09:00:00, 4.92671e-11
7906, 2016-08-25 10:00:00, 4.91382e-11
7907, 2016-08-25 11:00:00, 4.90096e-11
7908, 2016-08-25 12:00:00, 4.88813e-11
7909, 2016-08-25 13:00:00, 4.87534e-11
7910, 2016-08-25 14:00:00, 4.86258e-11
7911, 2016-08-25 15:00:00, 4.84985e-11
7912, 2016-08-25 16:00:00, 4.83716e-11
7913, 2016-08-25 17:00:00, 4.82449e-11
7914, 2016-08-25 18:00:00, 4.81187e-11
7915, 2016-08-25 19:00:00, 4.79927e-11
7916, 2016-08-25 20:00:00, 4.78671e-11
7917, 2016-08-25 21:00:00, 4.77418e-11
7918, 2016-08-25 22:00:00, 4.76169e-11
7919, 2016-08-25 23:00:00, 4.74922e-11
7920, 2016-08-26 00:00:00, 4.73679e-11
7921, 2016-08-26 01:00:00, 4.72439e-11
7922, 2016-08-26 02:00:00, 4.71203e-11
7923, 2016-08-26 03:00:00, 4.6997e-11
7924, 2016-08-26 04:00:00, 4.68739e-11
7925, 2016-08-26 05:00:00, 4.67512e-11
7926, 2016-08-26 06:00:00, 4.66289e-11
7927, 2016-08-26 07:00:00, 4.65068e-11
7928, 2016-08-26 08:00:00, 4.63851e-11
7929, 2016-08-26 09:00:00, 4.62637e-11
7930, 2016-08-26 10:00:00, 4.61426e-11
7931, 2016-08-26 11:00:00, 4.60218e-11
7932, 2016-08-26 12:00:00, 4.59014e-11
7933, 2016-08-26 13:00:00, 4.57813e-11
7934, 2016-08-26 14:00:00, 4.56614e-11
7935, 2016-08-26 15:00:00, 4.55419e-11
7936, 2016-08-26 16:00:00, 4.54227e-11
7937, 2016-08-26 17:00:00, 4.53038e-11
7938, 2016-08-26 18:00:00, 4.51852e-11
7939, 2016-08-26 19:00:00, 4.5067e-11
7940, 2016-08-26 20:00:00, 4.4949e-11
7941, 2016-08-26 21:00:00, 4.48313e-11
7942, 2016-08-26 22:00:00, 4.4714e-11
7943, 2016-08-26 23:00:00, 4.4597e-11
7944, 2016-08-27 00:00:00, 4.44802e-11
7945, 2016-08-27 01:00:00, 4.43638e-11
7946, 2016-08-27 02:00:00, 4.42477e-11
7947, 2016-08-27 03:00:00, 4.41319e-11
7948, 2016-08-27 04:00:00, 4.40164e-11
7949, 2016-08-27 05:00:00, 4.39012e-11
7950, 2016-08-27 06:00:00, 4.37863e-11
7951, 2016-08-27 07:00:00, 4.36717e-11
7952, 2016-08-27 08:00:00, 4.35573e-11
7953, 2016-08-27 09:00:00, 4.34434e-11
7954, 2016-08-27 10:00:00, 4.33296e-11
7955, 2016-08-27 11:00:00, 4.32162e-11
7956, 2016-08-27 12:00:00, 4.31031e-11
7957, 2016-08-27 13:00:00, 4.29903e-11
7958, 2016-08-27 14:00:00, 4.28778e-11
7959, 2016-08-27 15:00:00, 4.27655e-11
7960, 2016-08-27 16:00:00, 4.26536e-11
7961, 2016-08-27 17:00:00, 4.2542e-11
7962, 2016-08-27 18:00:00, 4.24306e-11
7963, 2016-08-27 19:00:00, 4.23196e-11
7964, 2016-08-27 20:00:00, 4.22088e-11
7965, 2016-08-27 21:00:00, 4.20983e-11
7966, 2016-08-27 22:00:00, 4.19881e-11
7967, 2016-08-27 23:00:00, 4.18782e-11
7968, 2016-08-28 00:00:00, 4.17686e-11
7969, 2016-08-28 01:00:00, 4.16593e-11
7970, 2016-08-28 02:00:00, 4.15502e-11
7971, 2016-08-28 03:00:00, 4.14415e-11
7972, 2016-08-28 04:00:00, 4.1333e-11
7973, 2016-08-28 05:00:00, 4.12249e-11
7974, 2016-08-28 06:00:00, 4.1117e-11
7975, 2016-08-28 07:00:00, 4.10093e-11
7976, 2016-08-28 08:00:00, 4.0902e-11
7977, 2016-08-28 09:00:00, 4.07949e-11
7978, 2016-08-28 10:00:00, 4.06881e-11
7979, 2016-08-28 11:00:00, 4.05817e-11
7980, 2016-08-28 12:00:00, 4.04754e-11
7981, 2016-08-28 13:00:00, 4.03695e-11
7982, 2016-08-28 14:00:00, 4.02638e-11
7983, 2016-08-28 15:00:00, 4.01585e-11
7984, 2016-08-28 16:00:00, 4.00533e-11
7985, 2016-08-28 17:00:00, 3.99485e-11
7986, 2016-08-28 18:00:00, 3.98439e-11
7987, 2016-08-28 19:00:00, 3.97396e-11
7988, 2016-08-28 20:00:00, 3.96356e-11
7989, 2016-08-28 21:00:00, 3.95319e-11
7990, 2016-08-28 22:00:00, 3.94284e-11
7991, 2016-08-28 23:00:00, 3.93252e-11
7992, 2016-08-29 00:00:00, 3.92223e-11
7993, 2016-08-29 01:00:00, 3.91196e-11
7994, 2016-08-29 02:00:00, 3.90172e-11
7995, 2016-08-29 03:00:00, 3.89151e-11
7996, 2016-08-29 04:00:00, 3.88132e-11
7997, 2016-08-29 05:00:00, 3.87117e-11
7998, 2016-08-29 06:00:00, 3.86103e-11
7999, 2016-08-29 07:00:00, 3.85093e-11
8000, 2016-08-29 08:00:00, 3.84085e-11
8001, 2016-08-29 09:00:00, 3.83079e-11
8002, 2016-08-29 10:00:00, 3.82077e-11
8003, 2016-08-29 11:00:00, 3.81077e-11
8004, 2016-08-29 12:00:00, 3.80079e-11
8005, 2016-08-29 13:00:00, 3.79085e-11
8006, 2016-08-29 14:00:00, 3.78092e-11
8007, 2016-08-29 15:00:00, 3.77103e-11
8008, 2016-08-29 16:00:00, 3.76116e-11
8009, 2016-08-29 17:00:00, 3.75131e-11
8010, 2016-08-29 18:00:00, 3.7415e-11
8011, 2016-08-29 19:00:00, 3.7317e-11
8012, 2016-08-29 20:00:00, 3.72194e-11
8013, 2016-08-29 21:00:00, 3.71219e-11
8014, 2016-08-29 22:00:00, 3.70248e-11
8015, 2016-08-29 23:00:00, 3.69278e-11
8016, 2016-08-30 00:00:00, 3.68312e-11
8017, 2016-08-30 01:00:00, 3.67348e-11
8018, 2016-08-30 02:00:00, 3.66387e-11
8019, 2016-08-30 03:00:00, 3.65427e-11
8020, 2016-08-30 04:00:00, 3.64471e-11
8021, 2016-08-30 05:00:00, 3.63517e-11
8022, 2016-08-30 06:00:00, 3.62566e-11
8023, 2016-08-30 07:00:00, 3.61617e-11
8024, 2016-08-30 08:00:00, 3.6067e-11
8025, 2016-08-30 09:00:00, 3.59726e-11
8026, 2016-08-30 10:00:00, 3.58785e-11
8027, 2016-08-30 11:00:00, 3.57846e-11
8028, 2016-08-30 12:00:00, 3.56909e-11
8029, 2016-08-30 13:00:00, 3.55975e-11
8030, 2016-08-30 14:00:00, 3.55043e-11
8031, 2016-08-30 15:00:00, 3.54113e-11
8032, 2016-08-30 16:00:00, 3.53187e-11
8033, 2016-08-30 17:00:00, 3.52262e-11
8034, 2016-08-30 18:00:00, 3.5134e-11
8035, 2016-08-30 19:00:00, 3.50421e-11
8036, 2016-08-30 20:00:00, 3.49503e-11
8037, 2016-08-30 21:00:00, 3.48589e-11
8038, 2016-08-30 22:00:00, 3.47676e-11
8039, 2016-08-30 23:00:00, 3.46766e-11
8040, 2016-08-31 00:00:00, 3.45859e-11
8041, 2016-08-31 01:00:00, 3.44953e-11
8042, 2016-08-31 02:00:00, 3.4405e-11
8043, 2016-08-31 03:00:00, 3.4315e-11
8044, 2016-08-31 04:00:00, 3.42252e-11
8045, 2016-08-31 05:00:00, 3.41356e-11
8046, 2016-08-31 06:00:00, 3.40463e-11
8047, 2016-08-31 07:00:00, 3.39571e-11
8048, 2016-08-31 08:00:00, 3.38683e-11
8049, 2016-08-31 09:00:00, 3.37796e-11
8050, 2016-08-31 10:00:00, 3.36912e-11
8051, 2016-08-31 11:00:00, 4.37442e-11
8052, 2016-08-31 12:00:00, 3.81247e-11
8053, 2016-08-31 13:00:00, 3.7115e-11
8054, 2016-08-31 14:00:00, 3.33399e-11
8055, 2016-08-31 15:00:00, 3.32526e-11
8056, 2016-08-31 16:00:00, 3.31655e-11
8057, 2016-08-31 17:00:00, 3.30787e-11
8058, 2016-08-31 18:00:00, 3.29922e-11
8059, 2016-08-31 19:00:00, 3.29058e-11
8060, 2016-08-31 20:00:00, 3.28197e-11
8061, 2016-08-31 21:00:00, 3.27338e-11
8062, 2016-08-31 22:00:00, 3.26481e-11
8063, 2016-08-31 23:00:00, 3.25627e-11
8064, 2016-09-01 00:00:00, 3.24774e-11
8065, 2016-09-01 01:00:00, 3.23924e-11
8066, 2016-09-01 02:00:00, 3.23076e-11
8067, 2016-09-01 03:00:00, 3.22231e-11
8068, 2016-09-01 04:00:00, 3.21387e-11
8069, 2016-09-01 05:00:00, 3.20546e-11
8070, 2016-09-01 06:00:00, 3.19707e-11
8071, 2016-09-01 07:00:00, 3.1887e-11
8072, 2016-09-01 08:00:00, 6.75164e-08
8073, 2016-09-01 09:00:00, 0.00130143
8074, 2016-09-01 10:00:00, 0.000591573
8075, 2016-09-01 11:00:00, 0.000550297
8076, 2016-09-01 12:00:00, 3.50284e-05
8077, 2016-09-01 13:00:00, 4.84718e-05
8078, 2016-09-01 14:00:00, 9.29557e-06
8079, 2016-09-01 15:00:00, 0.000124173
8080, 2016-09-01 16:00:00, 0.00134231
8081, 2016-09-01 17:00:00, 0.000633879
8082, 2016-09-01 18:00:00, 0.000471275
8083, 2016-09-01 19:00:00, 1.96641e-06
8084, 2016-09-01 20:00:00, 3.08189e-11
8085, 2016-09-01 21:00:00, 3.07383e-11
8086, 2016-09-01 22:00:00, 0.0043998
8087, 2016-09-01 23:00:00, 0.00237048
8088, 2016-09-02 00:00:00, 0.00176837
8089, 2016-09-02 01:00:00, 0.000134752
8090, 2016-09-02 02:00:00, 3.03381e-11
8091, 2016-09-02 03:00:00, 3.02587e-11
8092, 2016-09-02 04:00:00, 3.01795e-11
8093, 2016-09-02 05:00:00, 3.01005e-11
8094, 2016-09-02 06:00:00, 3.00217e-11
8095, 2016-09-02 07:00:00, 2.99431e-11
8096, 2016-09-02 08:00:00, 2.98648e-11
8097, 2016-09-02 09:00:00, 2.97866e-11
8098, 2016-09-02 10:00:00, 2.97086e-11
8099, 2016-09-02 11:00:00, 2.96308e-11
8100, 2016-09-02 12:00:00, 2.95533e-11
8101, 2016-09-02 13:00:00, 2.94759e-11
8102, 2016-09-02 14:00:00, 2.93988e-11
8103, 2016-09-02 15:00:00, 2.93219e-11
8104, 2016-09-02 16:00:00, 2.92451e-11
8105, 2016-09-02 17:00:00, 2.91686e-11
8106, 2016-09-02 18:00:00, 2.90922e-11
8107, 2016-09-02 19:00:00, 2.90161e-11
8108, 2016-09-02 20:00:00, 2.89401e-11
8109, 2016-09-02 21:00:00, 2.88644e-11
8110, 2016-09-02 22:00:00, 2.87888e-11
8111, 2016-09-02 23:00:00, 2.87135e-11
8112, 2016-09-03 00:00:00, 2.86383e-11
8113, 2016-09-03 01:00:00, 2.85633e-11
8114, 2016-09-03 02:00:00, 2.84886e-11
8115, 2016-09-03 03:00:00, 2.8414e-11
8116, 2016-09-03 04:00:00, 2.83397e-11
8117, 2016-09-03 05:00:00, 2.82655e-11
8118, 2016-09-03 06:00:00, 2.81915e-11
8119, 2016-09-03 07:00:00, 2.81177e-11
8120, 2016-09-03 08:00:00, 2.80441e-11
8121, 2016-09-03 09:00:00, 2.79707e-11
8122, 2016-09-03 10:00:00, 2.78975e-11
8123, 2016-09-03 11:00:00, 2.78245e-11
8124, 2016-09-03 12:00:00, 2.77516e-11
8125, 2016-09-03 13:00:00, 2.7679e-11
8126, 2016-09-03 14:00:00, 2.76066e-11
8127, 2016-09-03 15:00:00, 2.75343e-11
8128, 2016-09-03 16:00:00, 2.74622e-11
8129, 2016-09-03 17:00:00, 2.73903e-11
8130, 2016-09-03 18:00:00, 2.73187e-11
8131, 2016-09-03 19:00:00, 2.72472e-11
8132, 2016-09-03 20:00:00, 2.71758e-11
8133, 2016-09-03 21:00:00, 2.71047e-11
8134, 2016-09-03 22:00:00, 2.70338e-11
8135, 2016-09-03 23:00:00, 2.6963e-11
8136, 2016-09-04 00:00:00, 2.68924e-11
8137, 2016-09-04 01:00:00, 2.68221e-11
8138, 2016-09-04 02:00:00, 2.67518e-11
8139, 2016-09-04 03:00:00, 2.66818e-11
8140, 2016-09-04 04:00:00, 2.6612e-11
8141, 2016-09-04 05:00:00, 2.65423e-11
8142, 2016-09-04 06:00:00, 2.64728e-11
8143, 2016-09-04 07:00:00, 2.64036e-11
8144, 2016-09-04 08:00:00, 2.63344e-11
8145, 2016-09-04 09:00:00, 2.62655e-11
8146, 2016-09-04 10:00:00, 2.61968e-11
8147, 2016-09-04 11:00:00, 2.61282e-11
8148, 2016-09-04 12:00:00, 2.60598e-11
8149, 2016-09-04 13:00:00, 2.59916e-11
8150, 2016-09-04 14:00:00, 2.59236e-11
8151, 2016-09-04 15:00:00, 2.58557e-11
8152, 2016-09-04 16:00:00, 2.57881e-11
8153, 2016-09-04 17:00:00, 2.57206e-11
8154, 2016-09-04 18:00:00, 2.56533e-11
8155, 2016-09-04 19:00:00, 2.55861e-11
8156, 2016-09-04 20:00:00, 2.55191e-11
8157, 2016-09-04 21:00:00, 2.54524e-11
8158, 2016-09-04 22:00:00, 2.53857e-11
8159, 2016-09-04 23:00:00, 2.53193e-11
8160, 2016-09-05 00:00:00, 2.5253e-11
8161, 2016-09-05 01:00:00, 2.51869e-11
8162, 2016-09-05 02:00:00, 2.5121e-11
8163, 2016-09-05 03:00:00, 2.50552e-11
8164, 2016-09-05 04:00:00, 2.49896e-11
8165, 2016-09-05 05:00:00, 2.49242e-11
8166, 2016-09-05 06:00:00, 2.4859e-11
8167, 2016-09-05 07:00:00, 2.4794e-11
8168, 2016-09-05 08:00:00, 2.47291e-11
8169, 2016-09-05 09:00:00, 2.46643e-11
8170, 2016-09-05 10:00:00, 2.45998e-11
8171, 2016-09-05 11:00:00, 2.45354e-11
8172, 2016-09-05 12:00:00, 2.44712e-11
8173, 2016-09-05 13:00:00, 2.44071e-11
8174, 2016-09-05 14:00:00, 2.43432e-11
8175, 2016-09-05 15:00:00, 2.42795e-11
8176, 2016-09-05 16:00:00, 2.4216e-11
8177, 2016-09-05 17:00:00, 2.41526e-11
8178, 2016-09-05 18:00:00, 2.40894e-11
8179, 2016-09-05 19:00:00, 2.40263e-11
8180, 2016-09-05 20:00:00, 2.39634e-11
8181, 2016-09-05 21:00:00, 2.39007e-11
8182, 2016-09-05 22:00:00, 2.38382e-11
8183, 2016-09-05 23:00:00, 2.37757e-11
8184, 2016-09-06 00:00:00, 2.37135e-11
8185, 2016-09-06 01:00:00, 2.36514e-11
8186, 2016-09-06 02:00:00, 2.35895e-11
8187, 2016-09-06 03:00:00, 2.35278e-11
8188, 2016-09-06 04:00:00, 2.34662e-11
8189, 2016-09-06 05:00:00, 2.34048e-11
8190, 2016-09-06 06:00:00, 2.33436e-11
8191, 2016-09-06 07:00:00, 2.32824e-11
8192, 2016-09-06 08:00:00, 2.32215e-11
8193, 2016-09-06 09:00:00, 2.31607e-11
8194, 2016-09-06 10:00:00, 2.31001e-11
8195, 2016-09-06 11:00:00, 2.30396e-11
8196, 2016-09-06 12:00:00, 2.29793e-11
8197, 2016-09-06 13:00:00, 2.29192e-11
8198, 2016-09-06 14:00:00, 2.28592e-11
8199, 2016-09-06 15:00:00, 2.27994e-11
8200, 2016-09-06 16:00:00, 2.27397e-11
8201, 2016-09-06 17:00:00, 2.26802e-11
8202, 2016-09-06 18:00:00, 2.26208e-11
8203, 2016-09-06 19:00:00, 2.25616e-11
8204, 2016-09-06 20:00:00, 2.25026e-11
8205, 2016-09-06 21:00:00, 2.24437e-11
8206, 2016-09-06 22:00:00, 2.23849e-11
8207, 2016-09-06 23:00:00, 0.000586825
8208, 2016-09-07 00:00:00, 0.000350696
8209, 2016-09-07 01:00:00, 0.000324371
8210, 2016-09-07 02:00:00, 6.36289e-05
8211, 2016-09-07 03:00:00, 2.64792e-05
8212, 2016-09-07 04:00:00, 2.20357e-11
8213, 2016-09-07 05:00:00, 2.1978e-11
8214, 2016-09-07 06:00:00, 2.19204e-11
8215, 2016-09-07 07:00:00, 2.18631e-11
8216, 2016-09-07 08:00:00, 2.18058e-11
8217, 2016-09-07 09:00:00, 2.17488e-11
8218, 2016-09-07 10:00:00, 8.6782e-06
8219, 2016-09-07 11:00:00, 9.97893e-06
8220, 2016-09-07 12:00:00, 0.000215494
8221, 2016-09-07 13:00:00, 9.74651e-05
8222, 2016-09-07 14:00:00, 7.62167e-05
8223, 2016-09-07 15:00:00, 2.14095e-11
8224, 2016-09-07 16:00:00, 2.13534e-11
8225, 2016-09-07 17:00:00, 2.12975e-11
8226, 2016-09-07 18:00:00, 2.12418e-11
8227, 2016-09-07 19:00:00, 2.11862e-11
8228, 2016-09-07 20:00:00, 2.11307e-11
8229, 2016-09-07 21:00:00, 2.10754e-11
8230, 2016-09-07 22:00:00, 2.10203e-11
8231, 2016-09-07 23:00:00, 1.47647e-05
8232, 2016-09-08 00:00:00, 6.71124e-06
8233, 2016-09-08 01:00:00, 5.36899e-06
8234, 2016-09-08 02:00:00, 2.0801e-11
8235, 2016-09-08 03:00:00, 2.07466e-11
8236, 2016-09-08 04:00:00, 2.06923e-11
8237, 2016-09-08 05:00:00, 2.06381e-11
8238, 2016-09-08 06:00:00, 2.05841e-11
8239, 2016-09-08 07:00:00, 2.05303e-11
8240, 2016-09-08 08:00:00, 2.04765e-11
8241, 2016-09-08 09:00:00, 2.04229e-11
8242, 2016-09-08 10:00:00, 2.03695e-11
8243, 2016-09-08 11:00:00, 2.03162e-11
8244, 2016-09-08 12:00:00, 2.0263e-11
8245, 2016-09-08 13:00:00, 2.02099e-11
8246, 2016-09-08 14:00:00, 2.01571e-11
8247, 2016-09-08 15:00:00, 2.01043e-11
8248, 2016-09-08 16:00:00, 2.00517e-11
8249, 2016-09-08 17:00:00, 1.99992e-11
8250, 2016-09-08 18:00:00, 1.99468e-11
8251, 2016-09-08 19:00:00, 1.98946e-11
8252, 2016-09-08 20:00:00, 1.98425e-11
8253, 2016-09-08 21:00:00, 1.97906e-11
8254, 2016-09-08 22:00:00, 1.97388e-11
8255, 2016-09-08 23:00:00, 1.96872e-11
8256, 2016-09-09 00:00:00, 1.96356e-11
8257, 2016-09-09 01:00:00, 1.95842e-11
8258, 2016-09-09 02:00:00, 1.95329e-11
8259, 2016-09-09 03:00:00, 1.94818e-11
8260, 2016-09-09 04:00:00, 1.94309e-11
8261, 2016-09-09 05:00:00, 1.938e-11
8262, 2016-09-09 06:00:00, 1.93293e-11
8263, 2016-09-09 07:00:00, 1.92787e-11
8264, 2016-09-09 08:00:00, 1.92282e-11
8265, 2016-09-09 09:00:00, 1.91779e-11
8266, 2016-09-09 10:00:00, 4.08985e-09
8267, 2016-09-09 11:00:00, 1.86941e-09
8268, 2016-09-09 12:00:00, 1.49929e-09
8269, 2016-09-09 13:00:00, 1.89779e-11
8270, 2016-09-09 14:00:00, 1.89282e-11
8271, 2016-09-09 15:00:00, 1.88787e-11
8272, 2016-09-09 16:00:00, 1.88293e-11
8273, 2016-09-09 17:00:00, 1.878e-11
8274, 2016-09-09 18:00:00, 1.87308e-11
8275, 2016-09-09 19:00:00, 1.86818e-11
8276, 2016-09-09 20:00:00, 1.86329e-11
8277, 2016-09-09 21:00:00, 1.85841e-11
8278, 2016-09-09 22:00:00, 1.85355e-11
8279, 2016-09-09 23:00:00, 1.8487e-11
8280, 2016-09-10 00:00:00, 1.84386e-11
8281, 2016-09-10 01:00:00, 1.83903e-11
8282, 2016-09-10 02:00:00, 1.83422e-11
8283, 2016-09-10 03:00:00, 1.82942e-11
8284, 2016-09-10 04:00:00, 1.82463e-11
8285, 2016-09-10 05:00:00, 1.81985e-11
8286, 2016-09-10 06:00:00, 1.81509e-11
8287, 2016-09-10 07:00:00, 1.81034e-11
8288, 2016-09-10 08:00:00, 1.8056e-11
8289, 2016-09-10 09:00:00, 1.80088e-11
8290, 2016-09-10 10:00:00, 1.79616e-11
8291, 2016-09-10 11:00:00, 1.79146e-11
8292, 2016-09-10 12:00:00, 1.78677e-11
8293, 2016-09-10 13:00:00, 1.7821e-11
8294, 2016-09-10 14:00:00, 1.77743e-11
8295, 2016-09-10 15:00:00, 1.77278e-11
8296, 2016-09-10 16:00:00, 1.76814e-11
8297, 2016-09-10 17:00:00, 1.76351e-11
8298, 2016-09-10 18:00:00, 1.75889e-11
8299, 2016-09-10 19:00:00, 1.75429e-11
8300, 2016-09-10 20:00:00, 1.7497e-11
8301, 2016-09-10 21:00:00, 1.74512e-11
8302, 2016-09-10 22:00:00, 1.74055e-11
8303, 2016-09-10 23:00:00, 1.736e-11
8304, 2016-09-11 00:00:00, 1.73145e-11
8305, 2016-09-11 01:00:00, 1.72692e-11
8306, 2016-09-11 02:00:00, 1.7224e-11
8307, 2016-09-11 03:00:00, 1.71789e-11
8308, 2016-09-11 04:00:00, 1.7134e-11
8309, 2016-09-11 05:00:00, 1.70891e-11
8310, 2016-09-11 06:00:00, 1.70444e-11
8311, 2016-09-11 07:00:00, 1.69998e-11
8312, 2016-09-11 08:00:00, 1.69553e-11
8313, 2016-09-11 09:00:00, 1.69109e-11
8314, 2016-09-11 10:00:00, 1.68666e-11
8315, 2016-09-11 11:00:00, 1.68225e-11
8316, 2016-09-11 12:00:00, 1.67784e-11
8317, 2016-09-11 13:00:00, 1.67345e-11
8318, 2016-09-11 14:00:00, 1.66907e-11
8319, 2016-09-11 15:00:00, 0.000462137
8320, 2016-09-11 16:00:00, 0.000210062
8321, 2016-09-11 17:00:00, 0.00016805
8322, 2016-09-11 18:00:00, 1.65167e-11
8323, 2016-09-11 19:00:00, 1.64734e-11
8324, 2016-09-11 20:00:00, 1.64303e-11
8325, 2016-09-11 21:00:00, 1.63873e-11
8326, 2016-09-11 22:00:00, 1.63444e-11
8327, 2016-09-11 23:00:00, 1.63016e-11
8328, 2016-09-12 00:00:00, 1.6259e-11
8329, 2016-09-12 01:00:00, 1.62164e-11
8330, 2016-09-12 02:00:00, 1.6174e-11
8331, 2016-09-12 03:00:00, 1.61316e-11
8332, 2016-09-12 04:00:00, 1.60894e-11
8333, 2016-09-12 05:00:00, 1.60473e-11
8334, 2016-09-12 06:00:00, 1.60053e-11
8335, 2016-09-12 07:00:00, 1.59634e-11
8336, 2016-09-12 08:00:00, 1.59216e-11
8337, 2016-09-12 09:00:00, 1.588e-11
8338, 2016-09-12 10:00:00, 1.58384e-11
8339, 2016-09-12 11:00:00, 1.57969e-11
8340, 2016-09-12 12:00:00, 1.57556e-11
8341, 2016-09-12 13:00:00, 1.57143e-11
8342, 2016-09-12 14:00:00, 1.56732e-11
8343, 2016-09-12 15:00:00, 1.56322e-11
8344, 2016-09-12 16:00:00, 1.55913e-11
8345, 2016-09-12 17:00:00, 1.55505e-11
8346, 2016-09-12 18:00:00, 1.55098e-11
8347, 2016-09-12 19:00:00, 1.54692e-11
8348, 2016-09-12 20:00:00, 1.54287e-11
8349, 2016-09-12 21:00:00, 1.53883e-11
8350, 2016-09-12 22:00:00, 1.5348e-11
8351, 2016-09-12 23:00:00, 1.53078e-11
8352, 2016-09-13 00:00:00, 1.52678e-11
8353, 2016-09-13 01:00:00, 1.52278e-11
8354, 2016-09-13 02:00:00, 1.5188e-11
8355, 2016-09-13 03:00:00, 1.51482e-11
8356, 2016-09-13 04:00:00, 1.51086e-11
8357, 2016-09-13 05:00:00, 1.5069e-11
8358, 2016-09-13 06:00:00, 1.50296e-11
8359, 2016-09-13 07:00:00, 1.49902e-11
8360, 2016-09-13 08:00:00, 1.4951e-11
8361, 2016-09-13 09:00:00, 1.49119e-11
8362, 2016-09-13 10:00:00, 1.48728e-11
8363, 2016-09-13 11:00:00, 1.48339e-11
8364, 2016-09-13 12:00:00, 1.47951e-11
8365, 2016-09-13 13:00:00, 1.47564e-11
8366, 2016-09-13 14:00:00, 1.47177e-11
8367, 2016-09-13 15:00:00, 1.46792e-11
8368, 2016-09-13 16:00:00, 1.46408e-11
8369, 2016-09-13 17:00:00, 1.46025e-11
8370, 2016-09-13 18:00:00, 1.45642e-11
8371, 2016-09-13 19:00:00, 1.45261e-11
8372, 2016-09-13 20:00:00, 1.44881e-11
8373, 2016-09-13 21:00:00, 1.44502e-11
8374, 2016-09-13 22:00:00, 1.44124e-11
8375, 2016-09-13 23:00:00, 1.43746e-11
8376, 2016-09-14 00:00:00, 1.4337e-11
8377, 2016-09-14 01:00:00, 1.42995e-11
8378, 2016-09-14 02:00:00, 1.42621e-11
8379, 2016-09-14 03:00:00, 1.42247e-11
8380, 2016-09-14 04:00:00, 1.41875e-11
8381, 2016-09-14 05:00:00, 1.41504e-11
8382, 2016-09-14 06:00:00, 1.41134e-11
8383, 2016-09-14 07:00:00, 1.40764e-11
8384, 2016-09-14 08:00:00, 1.40396e-11
8385, 2016-09-14 09:00:00, 1.40028e-11
8386, 2016-09-14 10:00:00, 1.39662e-11
8387, 2016-09-14 11:00:00, 1.39296e-11
8388, 2016-09-14 12:00:00, 1.38931e-11
8389, 2016-09-14 13:00:00, 1.38568e-11
8390, 2016-09-14 14:00:00, 1.38205e-11
8391, 2016-09-14 15:00:00, 1.37843e-11
8392, 2016-09-14 16:00:00, 1.37483e-11
8393, 2016-09-14 17:00:00, 1.37123e-11
8394, 2016-09-14 18:00:00, 1.36764e-11
8395, 2016-09-14 19:00:00, 1.36406e-11
8396, 2016-09-14 20:00:00, 1.36049e-11
8397, 2016-09-14 21:00:00, 6.85071e-06
8398, 2016-09-14 22:00:00, 3.11396e-06
8399, 2016-09-14 23:00:00, 2.49117e-06
8400, 2016-09-15 00:00:00, 1.3463e-11
8401, 2016-09-15 01:00:00, 1.34278e-11
8402, 2016-09-15 02:00:00, 1.33926e-11
8403, 2016-09-15 03:00:00, 1.33576e-11
8404, 2016-09-15 04:00:00, 1.33226e-11
8405, 2016-09-15 05:00:00, 1.32877e-11
8406, 2016-09-15 06:00:00, 1.3253e-11
8407, 2016-09-15 07:00:00, 1.32183e-11
8408, 2016-09-15 08:00:00, 1.31837e-11
8409, 2016-09-15 09:00:00, 1.31492e-11
8410, 2016-09-15 10:00:00, 1.31147e-11
8411, 2016-09-15 11:00:00, 1.30804e-11
8412, 2016-09-15 12:00:00, 1.30462e-11
8413, 2016-09-15 13:00:00, 1.3012e-11
8414, 2016-09-15 14:00:00, 1.2978e-11
8415, 2016-09-15 15:00:00, 1.2944e-11
8416, 2016-09-15 16:00:00, 1.29101e-11
8417, 2016-09-15 17:00:00, 1.28763e-11
8418, 2016-09-15 18:00:00, 1.28426e-11
8419, 2016-09-15 19:00:00, 1.2809e-11
8420, 2016-09-15 20:00:00, 1.27755e-11
8421, 2016-09-15 21:00:00, 1.2742e-11
8422, 2016-09-15 22:00:00, 1.27087e-11
8423, 2016-09-15 23:00:00, 1.26754e-11
8424, 2016-09-16 00:00:00, 1.26423e-11
8425, 2016-09-16 01:00:00, 1.26092e-11
8426, 2016-09-16 02:00:00, 1.25762e-11
8427, 2016-09-16 03:00:00, 1.25433e-11
8428, 2016-09-16 04:00:00, 1.25104e-11
8429, 2016-09-16 05:00:00, 1.24777e-11
8430, 2016-09-16 06:00:00, 1.2445e-11
8431, 2016-09-16 07:00:00, 1.24124e-11
8432, 2016-09-16 08:00:00, 1.238e-11
8433, 2016-09-16 09:00:00, 1.23475e-11
8434, 2016-09-16 10:00:00, 1.23152e-11
8435, 2016-09-16 11:00:00, 1.2283e-11
8436, 2016-09-16 12:00:00, 1.22508e-11
8437, 2016-09-16 13:00:00, 1.22188e-11
8438, 2016-09-16 14:00:00, 1.21868e-11
8439, 2016-09-16 15:00:00, 1.21549e-11
8440, 2016-09-16 16:00:00, 1.21231e-11
8441, 2016-09-16 17:00:00, 1.20914e-11
8442, 2016-09-16 18:00:00, 1.20597e-11
8443, 2016-09-16 19:00:00, 1.20282e-11
8444, 2016-09-16 20:00:00, 1.19967e-11
8445, 2016-09-16 21:00:00, 1.19653e-11
8446, 2016-09-16 22:00:00, 1.19339e-11
8447, 2016-09-16 23:00:00, 1.19027e-11
8448, 2016-09-17 00:00:00, 1.18716e-11
8449, 2016-09-17 01:00:00, 1.18405e-11
8450, 2016-09-17 02:00:00, 1.18095e-11
8451, 2016-09-17 03:00:00, 1.17786e-11
8452, 2016-09-17 04:00:00, 1.17477e-11
8453, 2016-09-17 05:00:00, 1.1717e-11
8454, 2016-09-17 06:00:00, 1.16863e-11
8455, 2016-09-17 07:00:00, 1.16558e-11
8456, 2016-09-17 08:00:00, 1.16253e-11
8457, 2016-09-17 09:00:00, 1.15948e-11
8458, 2016-09-17 10:00:00, 1.15644e-11
8459, 2016-09-17 11:00:00, 1.15342e-11
8460, 2016-09-17 12:00:00, 1.1504e-11
8461, 2016-09-17 13:00:00, 1.14739e-11
8462, 2016-09-17 14:00:00, 1.14438e-11
8463, 2016-09-17 15:00:00, 1.14139e-11
8464, 2016-09-17 16:00:00, 1.13841e-11
8465, 2016-09-17 17:00:00, 1.13543e-11
8466, 2016-09-17 18:00:00, 1.13245e-11
8467, 2016-09-17 19:00:00, 1.12949e-11
8468, 2016-09-17 20:00:00, 1.12653e-11
8469, 2016-09-17 21:00:00, 1.12358e-11
8470, 2016-09-17 22:00:00, 1.12064e-11
8471, 2016-09-17 23:00:00, 1.11771e-11
8472, 2016-09-18 00:00:00, 1.11478e-11
8473, 2016-09-18 01:00:00, 1.11187e-11
8474, 2016-09-18 02:00:00, 1.10896e-11
8475, 2016-09-18 03:00:00, 1.10605e-11
8476, 2016-09-18 04:00:00, 1.10316e-11
8477, 2016-09-18 05:00:00, 1.10027e-11
8478, 2016-09-18 06:00:00, 2.39086e-09
8479, 2016-09-18 07:00:00, 1.09271e-09
8480, 2016-09-18 08:00:00, 7.78249e-09
8481, 2016-09-18 09:00:00, 1.77201e-08
8482, 2016-09-18 10:00:00, 7.11836e-08
8483, 2016-09-18 11:00:00, 4.86371e-08
8484, 2016-09-18 12:00:00, 2.9447e-08
8485, 2016-09-18 13:00:00, 5.51213e-09
8486, 2016-09-18 14:00:00, 1.07462e-11
8487, 2016-09-18 15:00:00, 1.07181e-11
8488, 2016-09-18 16:00:00, 1.069e-11
8489, 2016-09-18 17:00:00, 1.0662e-11
8490, 2016-09-18 18:00:00, 1.06341e-11
8491, 2016-09-18 19:00:00, 1.06063e-11
8492, 2016-09-18 20:00:00, 1.05785e-11
8493, 2016-09-18 21:00:00, 1.05509e-11
8494, 2016-09-18 22:00:00, 1.05233e-11
8495, 2016-09-18 23:00:00, 1.04957e-11
8496, 2016-09-19 00:00:00, 1.04682e-11
8497, 2016-09-19 01:00:00, 1.04408e-11
8498, 2016-09-19 02:00:00, 1.04135e-11
8499, 2016-09-19 03:00:00, 1.03863e-11
8500, 2016-09-19 04:00:00, 1.03591e-11
8501, 2016-09-19 05:00:00, 1.0332e-11
8502, 2016-09-19 06:00:00, 1.03049e-11
8503, 2016-09-19 07:00:00, 1.02779e-11
8504, 2016-09-19 08:00:00, 1.0251e-11
8505, 2016-09-19 09:00:00, 1.02242e-11
8506, 2016-09-19 10:00:00, 1.86229e-09
8507, 2016-09-19 11:00:00, 8.5203e-10
8508, 2016-09-19 12:00:00, 6.83632e-10
8509, 2016-09-19 13:00:00, 1.01176e-11
8510, 2016-09-19 14:00:00, 0.00163027
8511, 2016-09-19 15:00:00, 0.000968202
8512, 2016-09-19 16:00:00, 0.00240064
8513, 2016-09-19 17:00:00, 0.0197739
8514, 2016-09-19 18:00:00, 0.0403317
8515, 2016-09-19 19:00:00, 0.0250676
8516, 2016-09-19 20:00:00, 0.0131533
8517, 2016-09-19 21:00:00, 0.00147142
8518, 2016-09-19 22:00:00, 9.88171e-12
8519, 2016-09-19 23:00:00, 9.85587e-12
8520, 2016-09-20 00:00:00, 9.83007e-12
8521, 2016-09-20 01:00:00, 9.80435e-12
8522, 2016-09-20 02:00:00, 9.77867e-12
8523, 2016-09-20 03:00:00, 9.75307e-12
8524, 2016-09-20 04:00:00, 9.72754e-12
8525, 2016-09-20 05:00:00, 9.7021e-12
8526, 2016-09-20 06:00:00, 9.67669e-12
8527, 2016-09-20 07:00:00, 9.65136e-12
8528, 2016-09-20 08:00:00, 9.62611e-12
8529, 2016-09-20 09:00:00, 9.6009e-12
8530, 2016-09-20 10:00:00, 9.57577e-12
8531, 2016-09-20 11:00:00, 9.55072e-12
8532, 2016-09-20 12:00:00, 9.5257e-12
8533, 2016-09-20 13:00:00, 9.50077e-12
8534, 2016-09-20 14:00:00, 9.47591e-12
8535, 2016-09-20 15:00:00, 9.45113e-12
8536, 2016-09-20 16:00:00, 9.42639e-12
8537, 2016-09-20 17:00:00, 9.40169e-12
8538, 2016-09-20 18:00:00, 9.37711e-12
8539, 2016-09-20 19:00:00, 9.35256e-12
8540, 2016-09-20 20:00:00, 9.32806e-12
8541, 2016-09-20 21:00:00, 9.30367e-12
8542, 2016-09-20 22:00:00, 9.27932e-12
8543, 2016-09-20 23:00:00, 9.25501e-12
8544, 2016-09-21 00:00:00, 9.23078e-12
8545, 2016-09-21 01:00:00, 9.20663e-12
8546, 2016-09-21 02:00:00, 9.18252e-12
8547, 2016-09-21 03:00:00, 9.15849e-12
8548, 2016-09-21 04:00:00, 9.13453e-12
8549, 2016-09-21 05:00:00, 9.11061e-12
8550, 2016-09-21 06:00:00, 9.08678e-12
8551, 2016-09-21 07:00:00, 9.06298e-12
8552, 2016-09-21 08:00:00, 9.03926e-12
8553, 2016-09-21 09:00:00, 9.01561e-12
8554, 2016-09-21 10:00:00, 8.99201e-12
8555, 2016-09-21 11:00:00, 8.96849e-12
8556, 2016-09-21 12:00:00, 8.945e-12
8557, 2016-09-21 13:00:00, 8.9216e-12
8558, 2016-09-21 14:00:00, 8.89823e-12
8559, 2016-09-21 15:00:00, 8.87494e-12
8560, 2016-09-21 16:00:00, 8.85173e-12
8561, 2016-09-21 17:00:00, 8.82856e-12
8562, 2016-09-21 18:00:00, 8.80546e-12
8563, 2016-09-21 19:00:00, 8.78241e-12
8564, 2016-09-21 20:00:00, 8.75939e-12
8565, 2016-09-21 21:00:00, 8.7365e-12
8566, 2016-09-21 22:00:00, 8.7136e-12
8567, 2016-09-21 23:00:00, 8.69082e-12
8568, 2016-09-22 00:00:00, 8.66808e-12
8569, 2016-09-22 01:00:00, 8.64538e-12
8570, 2016-09-22 02:00:00, 8.62276e-12
8571, 2016-09-22 03:00:00, 8.60017e-12
8572, 2016-09-22 04:00:00, 8.57767e-12
8573, 2016-09-22 05:00:00, 8.5552e-12
8574, 2016-09-22 06:00:00, 8.53282e-12
8575, 2016-09-22 07:00:00, 8.51051e-12
8576, 2016-09-22 08:00:00, 8.4882e-12
8577, 2016-09-22 09:00:00, 8.46601e-12
8578, 2016-09-22 10:00:00, 8.44385e-12
8579, 2016-09-22 11:00:00, 8.42174e-12
8580, 2016-09-22 12:00:00, 8.39971e-12
8581, 2016-09-22 13:00:00, 8.37771e-12
8582, 2016-09-22 14:00:00, 8.35579e-12
8583, 2016-09-22 15:00:00, 8.33392e-12
8584, 2016-09-22 16:00:00, 8.31208e-12
8585, 2016-09-22 17:00:00, 8.29036e-12
8586, 2016-09-22 18:00:00, 8.26864e-12
8587, 2016-09-22 19:00:00, 8.24699e-12
8588, 2016-09-22 20:00:00, 8.22543e-12
8589, 2016-09-22 21:00:00, 8.20387e-12
8590, 2016-09-22 22:00:00, 8.18242e-12
8591, 2016-09-22 23:00:00, 8.16101e-12
8592, 2016-09-23 00:00:00, 8.13964e-12
8593, 2016-09-23 01:00:00, 8.11832e-12
8594, 2016-09-23 02:00:00, 8.09706e-12
8595, 2016-09-23 03:00:00, 8.07589e-12
8596, 2016-09-23 04:00:00, 8.05476e-12
8597, 2016-09-23 05:00:00, 8.03367e-12
8598, 2016-09-23 06:00:00, 8.01265e-12
8599, 2016-09-23 07:00:00, 7.99168e-12
8600, 2016-09-23 08:00:00, 7.97074e-12
8601, 2016-09-23 09:00:00, 7.94988e-12
8602, 2016-09-23 10:00:00, 7.92906e-12
8603, 2016-09-23 11:00:00, 7.90832e-12
8604, 2016-09-23 12:00:00, 7.88762e-12
8605, 2016-09-23 13:00:00, 7.867e-12
8606, 2016-09-23 14:00:00, 7.84637e-12
8607, 2016-09-23 15:00:00, 7.82587e-12
8608, 2016-09-23 16:00:00, 7.80536e-12
8609, 2016-09-23 17:00:00, 7.78493e-12
8610, 2016-09-23 18:00:00, 7.76455e-12
8611, 2016-09-23 19:00:00, 7.74424e-12
8612, 2016-09-23 20:00:00, 7.72397e-12
8613, 2016-09-23 21:00:00, 7.70374e-12
8614, 2016-09-23 22:00:00, 7.68358e-12
8615, 2016-09-23 23:00:00, 7.66347e-12
8616, 2016-09-24 00:00:00, 7.64344e-12
8617, 2016-09-24 01:00:00, 7.6234e-12
8618, 2016-09-24 02:00:00, 0.0196981
8619, 2016-09-24 03:00:00, 0.00895531
8620, 2016-09-24 04:00:00, 0.00747582
8621, 2016-09-24 05:00:00, 0.00609487
8622, 2016-09-24 06:00:00, 0.00743647
8623, 2016-09-24 07:00:00, 0.0042633
8624, 2016-09-24 08:00:00, 0.00167903
8625, 2016-09-24 09:00:00, 7.46524e-12
8626, 2016-09-24 10:00:00, 7.44571e-12
8627, 2016-09-24 11:00:00, 7.42623e-12
8628, 2016-09-24 12:00:00, 7.40678e-12
8629, 2016-09-24 13:00:00, 7.38737e-12
8630, 2016-09-24 14:00:00, 7.36804e-12
8631, 2016-09-24 15:00:00, 7.34875e-12
8632, 2016-09-24 16:00:00, 7.32954e-12
8633, 2016-09-24 17:00:00, 7.31033e-12
8634, 2016-09-24 18:00:00, 7.2912e-12
8635, 2016-09-24 19:00:00, 7.27214e-12
8636, 2016-09-24 20:00:00, 7.25309e-12
8637, 2016-09-24 21:00:00, 7.23411e-12
8638, 2016-09-24 22:00:00, 7.21517e-12
8639, 2016-09-24 23:00:00, 7.19628e-12
8640, 2016-09-25 00:00:00, 7.17746e-12
8641, 2016-09-25 01:00:00, 7.15868e-12
8642, 2016-09-25 02:00:00, 7.13993e-12
8643, 2016-09-25 03:00:00, 7.12123e-12
8644, 2016-09-25 04:00:00, 7.10261e-12
8645, 2016-09-25 05:00:00, 7.08402e-12
8646, 2016-09-25 06:00:00, 7.06548e-12
8647, 2016-09-25 07:00:00, 7.04697e-12
8648, 2016-09-25 08:00:00, 7.02855e-12
8649, 2016-09-25 09:00:00, 7.01016e-12
8650, 2016-09-25 10:00:00, 6.99181e-12
8651, 2016-09-25 11:00:00, 6.9735e-12
8652, 2016-09-25 12:00:00, 6.95523e-12
8653, 2016-09-25 13:00:00, 6.93704e-12
8654, 2016-09-25 14:00:00, 6.91888e-12
8655, 2016-09-25 15:00:00, 6.90077e-12
8656, 2016-09-25 16:00:00, 6.8827e-12
8657, 2016-09-25 17:00:00, 6.8647e-12
8658, 2016-09-25 18:00:00, 6.84674e-12
8659, 2016-09-25 19:00:00, 6.82879e-12
8660, 2016-09-25 20:00:00, 6.81095e-12
8661, 2016-09-25 21:00:00, 6.79311e-12
8662, 2016-09-25 22:00:00, 6.77531e-12
8663, 2016-09-25 23:00:00, 6.75758e-12
8664, 2016-09-26 00:00:00, 6.7399e-12
8665, 2016-09-26 01:00:00, 6.72226e-12
8666, 2016-09-26 02:00:00, 6.70465e-12
8667, 2016-09-26 03:00:00, 6.68713e-12
8668, 2016-09-26 04:00:00, 6.6696e-12
8669, 2016-09-26 05:00:00, 6.65216e-12
8670, 2016-09-26 06:00:00, 6.63475e-12
8671, 2016-09-26 07:00:00, 6.61738e-12
8672, 2016-09-26 08:00:00, 6.60005e-12
8673, 2016-09-26 09:00:00, 6.5828e-12
8674, 2016-09-26 10:00:00, 6.56555e-12
8675, 2016-09-26 11:00:00, 6.54837e-12
8676, 2016-09-26 12:00:00, 6.53124e-12
8677, 2016-09-26 13:00:00, 6.51415e-12
8678, 2016-09-26 14:00:00, 6.49709e-12
8679, 2016-09-26 15:00:00, 6.48007e-12
8680, 2016-09-26 16:00:00, 6.46314e-12
8681, 2016-09-26 17:00:00, 6.4462e-12
8682, 2016-09-26 18:00:00, 6.42934e-12
8683, 2016-09-26 19:00:00, 6.41248e-12
8684, 2016-09-26 20:00:00, 6.3957e-12
8685, 2016-09-26 21:00:00, 6.37896e-12
8686, 2016-09-26 22:00:00, 6.3623e-12
8687, 2016-09-26 23:00:00, 6.34563e-12
8688, 2016-09-27 00:00:00, 6.32901e-12
8689, 2016-09-27 01:00:00, 6.31246e-12
8690, 2016-09-27 02:00:00, 6.29592e-12
8691, 2016-09-27 03:00:00, 6.27945e-12
8692, 2016-09-27 04:00:00, 6.26302e-12
8693, 2016-09-27 05:00:00, 6.24663e-12
8694, 2016-09-27 06:00:00, 6.23028e-12
8695, 2016-09-27 07:00:00, 6.21397e-12
8696, 2016-09-27 08:00:00, 6.1977e-12
8697, 2016-09-27 09:00:00, 0.00108747
8698, 2016-09-27 10:00:00, 0.0384846
8699, 2016-09-27 11:00:00, 0.0470952
8700, 2016-09-27 12:00:00, 0.0271926
8701, 2016-09-27 13:00:00, 0.0107023
8702, 2016-09-27 14:00:00, 6.10102e-12
8703, 2016-09-27 15:00:00, 6.08502e-12
8704, 2016-09-27 16:00:00, 6.0691e-12
8705, 2016-09-27 17:00:00, 6.05322e-12
8706, 2016-09-27 18:00:00, 6.03738e-12
8707, 2016-09-27 19:00:00, 6.02158e-12
8708, 2016-09-27 20:00:00, 6.00582e-12
8709, 2016-09-27 21:00:00, 5.9901e-12
8710, 2016-09-27 22:00:00, 5.97442e-12
8711, 2016-09-27 23:00:00, 5.95877e-12
8712, 2016-09-28 00:00:00, 5.94317e-12
8713, 2016-09-28 01:00:00, 5.92764e-12
8714, 2016-09-28 02:00:00, 5.91212e-12
8715, 2016-09-28 03:00:00, 5.89663e-12
8716, 2016-09-28 04:00:00, 5.88122e-12
8717, 2016-09-28 05:00:00, 9.23476e-09
8718, 2016-09-28 06:00:00, 1.56036e-08
8719, 2016-09-28 07:00:00, 1.5458e-08
8720, 2016-09-28 08:00:00, 1.36127e-08
8721, 2016-09-28 09:00:00, 6.81954e-09
8722, 2016-09-28 10:00:00, 7.31552e-08
8723, 2016-09-28 11:00:00, 3.40206e-08
8724, 2016-09-28 12:00:00, 2.62546e-08
8725, 2016-09-28 13:00:00, 5.82182e-10
8726, 2016-09-28 14:00:00, 5.72906e-12
8727, 2016-09-28 15:00:00, 5.71408e-12
8728, 2016-09-28 16:00:00, 5.6991e-12
8729, 2016-09-28 17:00:00, 5.6842e-12
8730, 2016-09-28 18:00:00, 5.66934e-12
8731, 2016-09-28 19:00:00, 5.65449e-12
8732, 2016-09-28 20:00:00, 5.6397e-12
8733, 2016-09-28 21:00:00, 5.62492e-12
8734, 2016-09-28 22:00:00, 5.61022e-12
8735, 2016-09-28 23:00:00, 5.59552e-12
8736, 2016-09-29 00:00:00, 5.58085e-12
8737, 2016-09-29 01:00:00, 5.56627e-12
8738, 2016-09-29 02:00:00, 5.55168e-12
8739, 2016-09-29 03:00:00, 5.53718e-12
8740, 2016-09-29 04:00:00, 5.52267e-12
8741, 2016-09-29 05:00:00, 5.5082e-12
8742, 2016-09-29 06:00:00, 5.49381e-12
8743, 2016-09-29 07:00:00, 5.47942e-12
8744, 2016-09-29 08:00:00, 5.46507e-12
8745, 2016-09-29 09:00:00, 5.45076e-12
8746, 2016-09-29 10:00:00, 5.43649e-12
8747, 2016-09-29 11:00:00, 5.42226e-12
8748, 2016-09-29 12:00:00, 5.40807e-12
8749, 2016-09-29 13:00:00, 5.39391e-12
8750, 2016-09-29 14:00:00, 5.3798e-12
8751, 2016-09-29 15:00:00, 5.36572e-12
8752, 2016-09-29 16:00:00, 5.35169e-12
8753, 2016-09-29 17:00:00, 5.33769e-12
8754, 2016-09-29 18:00:00, 5.32369e-12
8755, 2016-09-29 19:00:00, 5.30977e-12
8756, 2016-09-29 20:00:00, 5.29589e-12
8757, 2016-09-29 21:00:00, 5.28202e-12
8758, 2016-09-29 22:00:00, 5.26818e-12
8759, 2016-09-29 23:00:00, 5.25441e-12
8760, 2016-09-30 00:00:00, 5.24065e-12
8761, 2016-09-30 01:00:00, 5.22693e-12
8762, 2016-09-30 02:00:00, 5.21325e-12
8763, 2016-09-30 03:00:00, 5.1996e-12
8764, 2016-09-30 04:00:00, 5.186e-12
8765, 2016-09-30 05:00:00, 5.17243e-12
8766, 2016-09-30 06:00:00, 5.15887e-12
8767, 2016-09-30 07:00:00, 5.14538e-12
8768, 2016-09-30 08:00:00, 5.13193e-12
8769, 2016-09-30 09:00:00, 5.11848e-12
8770, 2016-09-30 10:00:00, 5.10507e-12
8771, 2016-09-30 11:00:00, 5.0917e-12
8772, 2016-09-30 12:00:00, 5.07841e-12
8773, 2016-09-30 13:00:00, 5.06512e-12
8774, 2016-09-30 14:00:00, 5.05183e-12
8775, 2016-09-30 15:00:00, 5.03862e-12
8776, 2016-09-30 16:00:00, 5.02544e-12
8777, 2016-09-30 17:00:00, 5.01227e-12
8778, 2016-09-30 18:00:00, 0.000459477
8779, 2016-09-30 19:00:00, 0.00134186
8780, 2016-09-30 20:00:00, 0.000682087
8781, 2016-09-30 21:00:00, 0.000483
8782, 2016-09-30 22:00:00, 3.22707e-05
8783, 2016-09-30 23:00:00, 0.000252025
8784, 2016-10-01 00:00:00, 0.00183036
8785, 2016-10-01 01:00:00, 0.000938889
8786, 2016-10-01 02:00:00, 0.0008737
8787, 2016-10-01 03:00:00, 0.000573421
8788, 2016-10-01 04:00:00, 0.00272931
8789, 2016-10-01 05:00:00, 0.00240374
8790, 2016-10-01 06:00:00, 0.00239035
8791, 2016-10-01 07:00:00, 0.000945669
8792, 2016-10-01 08:00:00, 0.00047526
8793, 2016-10-01 09:00:00, 0.000168447
8794, 2016-10-01 10:00:00, 9.8691e-05
8795, 2016-10-01 11:00:00, 4.82269e-05
8796, 2016-10-01 12:00:00, 8.87019e-06
8797, 2016-10-01 13:00:00, 4.75632e-12
8798, 2016-10-01 14:00:00, 4.74386e-12
8799, 2016-10-01 15:00:00, 4.73147e-12
8800, 2016-10-01 16:00:00, 4.71908e-12
8801, 2016-10-01 17:00:00, 4.70673e-12
8802, 2016-10-01 18:00:00, 4.69441e-12
8803, 2016-10-01 19:00:00, 4.6821e-12
8804, 2016-10-01 20:00:00, 4.66987e-12
8805, 2016-10-01 21:00:00, 1.61002e-06
8806, 2016-10-01 22:00:00, 7.31832e-07
8807, 2016-10-01 23:00:00, 5.85466e-07
8808, 2016-10-02 00:00:00, 4.62118e-12
8809, 2016-10-02 01:00:00, 4.60906e-12
8810, 2016-10-02 02:00:00, 4.59698e-12
8811, 2016-10-02 03:00:00, 4.58495e-12
8812, 2016-10-02 04:00:00, 4.57295e-12
8813, 2016-10-02 05:00:00, 4.56099e-12
8814, 2016-10-02 06:00:00, 4.54907e-12
8815, 2016-10-02 07:00:00, 4.53715e-12
8816, 2016-10-02 08:00:00, 4.52527e-12
8817, 2016-10-02 09:00:00, 4.51343e-12
8818, 2016-10-02 10:00:00, 4.50163e-12
8819, 2016-10-02 11:00:00, 4.48983e-12
8820, 2016-10-02 12:00:00, 4.47807e-12
8821, 2016-10-02 13:00:00, 4.46635e-12
8822, 2016-10-02 14:00:00, 4.45466e-12
8823, 2016-10-02 15:00:00, 4.44302e-12
8824, 2016-10-02 16:00:00, 4.43137e-12
8825, 2016-10-02 17:00:00, 4.41977e-12
8826, 2016-10-02 18:00:00, 4.4082e-12
8827, 2016-10-02 19:00:00, 4.39667e-12
8828, 2016-10-02 20:00:00, 4.38519e-12
8829, 2016-10-02 21:00:00, 4.3737e-12
8830, 2016-10-02 22:00:00, 4.36225e-12
8831, 2016-10-02 23:00:00, 4.35084e-12
8832, 2016-10-03 00:00:00, 4.33943e-12
8833, 2016-10-03 01:00:00, 4.3281e-12
8834, 2016-10-03 02:00:00, 6.20874e-10
8835, 2016-10-03 03:00:00, 3.25459e-09
8836, 2016-10-03 04:00:00, 8.6674e-09
8837, 2016-10-03 05:00:00, 1.94922e-08
8838, 2016-10-03 06:00:00, 2.44987e-08
8839, 2016-10-03 07:00:00, 4.70863e-08
8840, 2016-10-03 08:00:00, 4.38961e-08
8841, 2016-10-03 09:00:00, 5.3333e-08
8842, 2016-10-03 10:00:00, 4.96789e-08
8843, 2016-10-03 11:00:00, 3.95272e-08
8844, 2016-10-03 12:00:00, 1.72806e-08
8845, 2016-10-03 13:00:00, 5.79036e-09
8846, 2016-10-03 14:00:00, 4.18311e-12
8847, 2016-10-03 15:00:00, 4.17217e-12
8848, 2016-10-03 16:00:00, 4.16123e-12
8849, 2016-10-03 17:00:00, 4.15033e-12
8850, 2016-10-03 18:00:00, 4.13947e-12
8851, 2016-10-03 19:00:00, 4.12865e-12
8852, 2016-10-03 20:00:00, 4.11783e-12
8853, 2016-10-03 21:00:00, 4.10705e-12
8854, 2016-10-03 22:00:00, 0.000493727
8855, 2016-10-03 23:00:00, 0.0256771
8856, 2016-10-04 00:00:00, 0.0117819
8857, 2016-10-04 01:00:00, 0.0092705
8858, 2016-10-04 02:00:00, 1.19971e-05
8859, 2016-10-04 03:00:00, 4.04298e-12
8860, 2016-10-04 04:00:00, 4.0324e-12
8861, 2016-10-04 05:00:00, 4.02185e-12
8862, 2016-10-04 06:00:00, 4.0113e-12
8863, 2016-10-04 07:00:00, 4.00084e-12
8864, 2016-10-04 08:00:00, 3.99033e-12
8865, 2016-10-04 09:00:00, 3.9799e-12
8866, 2016-10-04 10:00:00, 3.96947e-12
8867, 2016-10-04 11:00:00, 3.95908e-12
8868, 2016-10-04 12:00:00, 3.94873e-12
8869, 2016-10-04 13:00:00, 3.93842e-12
8870, 2016-10-04 14:00:00, 3.92811e-12
8871, 2016-10-04 15:00:00, 3.9178e-12
8872, 2016-10-04 16:00:00, 3.90756e-12
8873, 2016-10-04 17:00:00, 3.89733e-12
8874, 2016-10-04 18:00:00, 3.88714e-12
8875, 2016-10-04 19:00:00, 3.87694e-12
8876, 2016-10-04 20:00:00, 3.86679e-12
8877, 2016-10-04 21:00:00, 3.85667e-12
8878, 2016-10-04 22:00:00, 3.84659e-12
8879, 2016-10-04 23:00:00, 3.83652e-12
8880, 2016-10-05 00:00:00, 3.82648e-12
8881, 2016-10-05 01:00:00, 3.81648e-12
8882, 2016-10-05 02:00:00, 3.80649e-12
8883, 2016-10-05 03:00:00, 3.79653e-12
8884, 2016-10-05 04:00:00, 3.78657e-12
8885, 2016-10-05 05:00:00, 3.77665e-12
8886, 2016-10-05 06:00:00, 3.76677e-12
8887, 2016-10-05 07:00:00, 3.75693e-12
8888, 2016-10-05 08:00:00, 3.74709e-12
8889, 2016-10-05 09:00:00, 3.73728e-12
8890, 2016-10-05 10:00:00, 3.72748e-12
8891, 2016-10-05 11:00:00, 3.71776e-12
8892, 2016-10-05 12:00:00, 3.708e-12
8893, 2016-10-05 13:00:00, 3.69831e-12
8894, 2016-10-05 14:00:00, 3.68863e-12
8895, 2016-10-05 15:00:00, 3.67898e-12
8896, 2016-10-05 16:00:00, 3.66934e-12
8897, 2016-10-05 17:00:00, 3.65973e-12
8898, 2016-10-05 18:00:00, 3.65017e-12
8899, 2016-10-05 19:00:00, 3.6406e-12
8900, 2016-10-05 20:00:00, 3.63107e-12
8901, 2016-10-05 21:00:00, 3.62158e-12
8902, 2016-10-05 22:00:00, 3.6121e-12
8903, 2016-10-05 23:00:00, 3.60265e-12
8904, 2016-10-06 00:00:00, 3.5932e-12
8905, 2016-10-06 01:00:00, 3.58379e-12
8906, 2016-10-06 02:00:00, 3.57442e-12
8907, 2016-10-06 03:00:00, 3.56509e-12
8908, 2016-10-06 04:00:00, 3.55575e-12
8909, 2016-10-06 05:00:00, 3.54642e-12
8910, 2016-10-06 06:00:00, 3.53713e-12
8911, 2016-10-06 07:00:00, 3.52788e-12
8912, 2016-10-06 08:00:00, 3.51866e-12
8913, 2016-10-06 09:00:00, 3.50945e-12
8914, 2016-10-06 10:00:00, 3.50028e-12
8915, 2016-10-06 11:00:00, 1.53549e-09
8916, 2016-10-06 12:00:00, 6.99844e-10
8917, 2016-10-06 13:00:00, 5.60563e-10
8918, 2016-10-06 14:00:00, 3.46377e-12
8919, 2016-10-06 15:00:00, 3.45468e-12
8920, 2016-10-06 16:00:00, 3.44566e-12
8921, 2016-10-06 17:00:00, 3.43664e-12
8922, 2016-10-06 18:00:00, 3.42762e-12
8923, 2016-10-06 19:00:00, 3.41865e-12
8924, 2016-10-06 20:00:00, 3.40971e-12
8925, 2016-10-06 21:00:00, 3.40081e-12
8926, 2016-10-06 22:00:00, 3.39191e-12
8927, 2016-10-06 23:00:00, 3.38301e-12
8928, 2016-10-07 00:00:00, 3.37415e-12
8929, 2016-10-07 01:00:00, 3.36532e-12
8930, 2016-10-07 02:00:00, 3.3565e-12
8931, 2016-10-07 03:00:00, 3.34772e-12
8932, 2016-10-07 04:00:00, 3.33898e-12
8933, 2016-10-07 05:00:00, 3.33023e-12
8934, 2016-10-07 06:00:00, 3.32153e-12
8935, 2016-10-07 07:00:00, 3.31283e-12
8936, 2016-10-07 08:00:00, 3.30416e-12
8937, 2016-10-07 09:00:00, 3.2955e-12
8938, 2016-10-07 10:00:00, 3.28687e-12
8939, 2016-10-07 11:00:00, 4.40528e-12
8940, 2016-10-07 12:00:00, 3.78197e-12
8941, 2016-10-07 13:00:00, 3.67097e-12
8942, 2016-10-07 14:00:00, 3.2526e-12
8943, 2016-10-07 15:00:00, 3.2441e-12
8944, 2016-10-07 16:00:00, 3.23559e-12
8945, 2016-10-07 17:00:00, 3.22712e-12
8946, 2016-10-07 18:00:00, 3.21869e-12
8947, 2016-10-07 19:00:00, 3.21026e-12
8948, 2016-10-07 20:00:00, 3.20183e-12
8949, 2016-10-07 21:00:00, 3.19348e-12
8950, 2016-10-07 22:00:00, 3.18513e-12
8951, 2016-10-07 23:00:00, 3.17678e-12
8952, 2016-10-08 00:00:00, 3.16846e-12
8953, 2016-10-08 01:00:00, 3.16015e-12
8954, 2016-10-08 02:00:00, 3.15188e-12
8955, 2016-10-08 03:00:00, 3.14365e-12
8956, 2016-10-08 04:00:00, 3.13541e-12
8957, 2016-10-08 05:00:00, 3.12722e-12
8958, 2016-10-08 06:00:00, 3.11902e-12
8959, 2016-10-08 07:00:00, 3.11087e-12
8960, 2016-10-08 08:00:00, 3.10271e-12
8961, 2016-10-08 09:00:00, 3.0946e-12
8962, 2016-10-08 10:00:00, 3.08648e-12
8963, 2016-10-08 11:00:00, 3.07841e-12
8964, 2016-10-08 12:00:00, 3.07037e-12
8965, 2016-10-08 13:00:00, 3.06233e-12
8966, 2016-10-08 14:00:00, 3.05429e-12
8967, 2016-10-08 15:00:00, 3.04633e-12
8968, 2016-10-08 16:00:00, 3.03834e-12
8969, 2016-10-08 17:00:00, 3.03038e-12
8970, 2016-10-08 18:00:00, 3.02246e-12
8971, 2016-10-08 19:00:00, 3.01454e-12
8972, 2016-10-08 20:00:00, 1.22525e-05
8973, 2016-10-08 21:00:00, 0.00020707
8974, 2016-10-08 22:00:00, 9.60468e-05
8975, 2016-10-08 23:00:00, 9.96742e-05
8976, 2016-10-09 00:00:00, 8.7922e-05
8977, 2016-10-09 01:00:00, 0.0707398
8978, 2016-10-09 02:00:00, 0.032631
8979, 2016-10-09 03:00:00, 0.0277819
8980, 2016-10-09 04:00:00, 0.00106479
8981, 2016-10-09 05:00:00, 0.00119249
8982, 2016-10-09 06:00:00, 0.00335432
8983, 2016-10-09 07:00:00, 0.00206508
8984, 2016-10-09 08:00:00, 0.00134633
8985, 2016-10-09 09:00:00, 0.000258649
8986, 2016-10-09 10:00:00, 3.98299e-05
8987, 2016-10-09 11:00:00, 0.00138051
8988, 2016-10-09 12:00:00, 0.00128401
8989, 2016-10-09 13:00:00, 0.016926
8990, 2016-10-09 14:00:00, 0.0159565
8991, 2016-10-09 15:00:00, 0.0214117
8992, 2016-10-09 16:00:00, 0.0135508
8993, 2016-10-09 17:00:00, 0.0124659
8994, 2016-10-09 18:00:00, 0.00933167
8995, 2016-10-09 19:00:00, 0.0230551
8996, 2016-10-09 20:00:00, 0.0466812
8997, 2016-10-09 21:00:00, 0.0501589
8998, 2016-10-09 22:00:00, 0.0369781
8999, 2016-10-09 23:00:00, 0.0149978
9000, 2016-10-10 00:00:00, 0.00420446
9001, 2016-10-10 01:00:00, 7.94517e-07
9002, 2016-10-10 02:00:00, 2.77933e-12
9003, 2016-10-10 03:00:00, 2.77204e-12
9004, 2016-10-10 04:00:00, 2.76479e-12
9005, 2016-10-10 05:00:00, 2.75753e-12
9006, 2016-10-10 06:00:00, 2.75032e-12
9007, 2016-10-10 07:00:00, 2.74314e-12
9008, 2016-10-10 08:00:00, 2.73597e-12
9009, 2016-10-10 09:00:00, 2.72879e-12
9010, 2016-10-10 10:00:00, 2.72166e-12
9011, 2016-10-10 11:00:00, 2.71452e-12
9012, 2016-10-10 12:00:00, 2.70743e-12
9013, 2016-10-10 13:00:00, 2.70033e-12
9014, 2016-10-10 14:00:00, 2.69327e-12
9015, 2016-10-10 15:00:00, 2.68621e-12
9016, 2016-10-10 16:00:00, 2.6792e-12
9017, 2016-10-10 17:00:00, 2.67218e-12
9018, 2016-10-10 18:00:00, 2.66516e-12
9019, 2016-10-10 19:00:00, 2.65818e-12
9020, 2016-10-10 20:00:00, 2.65124e-12
9021, 2016-10-10 21:00:00, 2.6443e-12
9022, 2016-10-10 22:00:00, 2.6374e-12
9023, 2016-10-10 23:00:00, 2.63046e-12
9024, 2016-10-11 00:00:00, 2.6236e-12
9025, 2016-10-11 01:00:00, 2.61674e-12
9026, 2016-10-11 02:00:00, 2.60988e-12
9027, 2016-10-11 03:00:00, 2.60306e-12
9028, 2016-10-11 04:00:00, 2.59623e-12
9029, 2016-10-11 05:00:00, 2.58945e-12
9030, 2016-10-11 06:00:00, 2.58267e-12
9031, 2016-10-11 07:00:00, 2.57588e-12
9032, 2016-10-11 08:00:00, 2.56914e-12
9033, 2016-10-11 09:00:00, 2.56244e-12
9034, 2016-10-11 10:00:00, 2.55573e-12
9035, 2016-10-11 11:00:00, 2.54903e-12
9036, 2016-10-11 12:00:00, 2.54236e-12
9037, 2016-10-11 13:00:00, 2.5357e-12
9038, 2016-10-11 14:00:00, 2.52907e-12
9039, 2016-10-11 15:00:00, 2.52244e-12
9040, 2016-10-11 16:00:00, 2.51586e-12
9041, 2016-10-11 17:00:00, 2.50927e-12
9042, 2016-10-11 18:00:00, 2.50268e-12
9043, 2016-10-11 19:00:00, 2.49614e-12
9044, 2016-10-11 20:00:00, 2.48963e-12
9045, 2016-10-11 21:00:00, 2.48308e-12
9046, 2016-10-11 22:00:00, 2.47661e-12
9047, 2016-10-11 23:00:00, 2.4701e-12
9048, 2016-10-12 00:00:00, 2.46363e-12
9049, 2016-10-12 01:00:00, 2.4572e-12
9050, 2016-10-12 02:00:00, 2.45077e-12
9051, 2016-10-12 03:00:00, 2.44434e-12
9052, 2016-10-12 04:00:00, 2.43795e-12
9053, 2016-10-12 05:00:00, 2.43156e-12
9054, 2016-10-12 06:00:00, 2.42521e-12
9055, 2016-10-12 07:00:00, 2.41886e-12
9056, 2016-10-12 08:00:00, 2.41255e-12
9057, 2016-10-12 09:00:00, 2.40623e-12
9058, 2016-10-12 10:00:00, 2.39992e-12
9059, 2016-10-12 11:00:00, 2.39365e-12
9060, 2016-10-12 12:00:00, 2.38738e-12
9061, 2016-10-12 13:00:00, 2.38114e-12
9062, 2016-10-12 14:00:00, 2.37491e-12
9063, 2016-10-12 15:00:00, 2.36867e-12
9064, 2016-10-12 16:00:00, 2.36248e-12
9065, 2016-10-12 17:00:00, 2.35628e-12
9066, 2016-10-12 18:00:00, 2.35013e-12
9067, 2016-10-12 19:00:00, 2.34397e-12
9068, 2016-10-12 20:00:00, 2.33786e-12
9069, 2016-10-12 21:00:00, 2.33174e-12
9070, 2016-10-12 22:00:00, 2.32562e-12
9071, 2016-10-12 23:00:00, 2.31955e-12
9072, 2016-10-13 00:00:00, 2.31347e-12
9073, 2016-10-13 01:00:00, 2.30739e-12
9074, 2016-10-13 02:00:00, 2.30135e-12
9075, 2016-10-13 03:00:00, 2.29536e-12
9076, 2016-10-13 04:00:00, 2.28932e-12
9077, 2016-10-13 05:00:00, 2.28336e-12
9078, 2016-10-13 06:00:00, 2.27736e-12
9079, 2016-10-13 07:00:00, 2.2714e-12
9080, 2016-10-13 08:00:00, 1.16374e-09
9081, 2016-10-13 09:00:00, 4.11257e-09
9082, 2016-10-13 10:00:00, 5.20039e-08
9083, 2016-10-13 11:00:00, 8.64828e-08
9084, 2016-10-13 12:00:00, 4.6563e-08
9085, 2016-10-13 13:00:00, 2.27196e-08
9086, 2016-10-13 14:00:00, 2.23011e-12
9087, 2016-10-13 15:00:00, 2.22427e-12
9088, 2016-10-13 16:00:00, 2.21847e-12
9089, 2016-10-13 17:00:00, 2.21267e-12
9090, 2016-10-13 18:00:00, 2.20686e-12
9091, 2016-10-13 19:00:00, 2.2011e-12
9092, 2016-10-13 20:00:00, 2.19534e-12
9093, 2016-10-13 21:00:00, 2.18957e-12
9094, 2016-10-13 22:00:00, 2.18385e-12
9095, 2016-10-13 23:00:00, 2.17813e-12
9096, 2016-10-14 00:00:00, 2.17244e-12
9097, 2016-10-14 01:00:00, 2.16676e-12
9098, 2016-10-14 02:00:00, 2.16107e-12
9099, 2016-10-14 03:00:00, 2.15542e-12
9100, 2016-10-14 04:00:00, 2.14978e-12
9101, 2016-10-14 05:00:00, 2.14413e-12
9102, 2016-10-14 06:00:00, 2.13853e-12
9103, 2016-10-14 07:00:00, 2.13292e-12
9104, 2016-10-14 08:00:00, 2.12735e-12
9105, 2016-10-14 09:00:00, 2.12178e-12
9106, 2016-10-14 10:00:00, 2.11622e-12
9107, 2016-10-14 11:00:00, 2.11069e-12
9108, 2016-10-14 12:00:00, 2.10516e-12
9109, 2016-10-14 13:00:00, 2.09967e-12
9110, 2016-10-14 14:00:00, 2.09414e-12
9111, 2016-10-14 15:00:00, 2.08869e-12
9112, 2016-10-14 16:00:00, 2.0832e-12
9113, 2016-10-14 17:00:00, 2.07775e-12
9114, 2016-10-14 18:00:00, 2.0723e-12
9115, 2016-10-14 19:00:00, 2.06689e-12
9116, 2016-10-14 20:00:00, 2.06148e-12
9117, 2016-10-14 21:00:00, 2.05611e-12
9118, 2016-10-14 22:00:00, 2.0507e-12
9119, 2016-10-14 23:00:00, 2.04533e-12
9120, 2016-10-15 00:00:00, 2.04e-12
9121, 2016-10-15 01:00:00, 2.03467e-12
9122, 2016-10-15 02:00:00, 2.02933e-12
9123, 2016-10-15 03:00:00, 2.024e-12
9124, 2016-10-15 04:00:00, 2.01871e-12
9125, 2016-10-15 05:00:00, 2.01342e-12
9126, 2016-10-15 06:00:00, 2.00816e-12
9127, 2016-10-15 07:00:00, 2.00291e-12
9128, 2016-10-15 08:00:00, 1.99765e-12
9129, 2016-10-15 09:00:00, 1.99244e-12
9130, 2016-10-15 10:00:00, 1.98723e-12
9131, 2016-10-15 11:00:00, 1.98201e-12
9132, 2016-10-15 12:00:00, 1.97684e-12
9133, 2016-10-15 13:00:00, 1.97166e-12
9134, 2016-10-15 14:00:00, 1.96648e-12
9135, 2016-10-15 15:00:00, 1.96135e-12
9136, 2016-10-15 16:00:00, 1.95621e-12
9137, 2016-10-15 17:00:00, 1.95112e-12
9138, 2016-10-15 18:00:00, 1.94598e-12
9139, 2016-10-15 19:00:00, 1.94088e-12
9140, 2016-10-15 20:00:00, 1.93582e-12
9141, 2016-10-15 21:00:00, 1.93077e-12
9142, 2016-10-15 22:00:00, 1.92571e-12
9143, 2016-10-15 23:00:00, 1.92065e-12
9144, 2016-10-16 00:00:00, 1.91563e-12
9145, 2016-10-16 01:00:00, 1.91061e-12
9146, 2016-10-16 02:00:00, 1.9056e-12
9147, 2016-10-16 03:00:00, 1.90062e-12
9148, 2016-10-16 04:00:00, 1.89564e-12
9149, 2016-10-16 05:00:00, 1.8907e-12
9150, 2016-10-16 06:00:00, 1.88576e-12
9151, 2016-10-16 07:00:00, 1.88082e-12
9152, 2016-10-16 08:00:00, 1.87588e-12
9153, 2016-10-16 09:00:00, 1.87098e-12
9154, 2016-10-16 10:00:00, 1.86607e-12
9155, 2016-10-16 11:00:00, 1.86117e-12
9156, 2016-10-16 12:00:00, 1.85631e-12
9157, 2016-10-16 13:00:00, 1.85145e-12
9158, 2016-10-16 14:00:00, 1.84663e-12
9159, 2016-10-16 15:00:00, 1.84177e-12
9160, 2016-10-16 16:00:00, 1.83694e-12
9161, 2016-10-16 17:00:00, 1.83216e-12
9162, 2016-10-16 18:00:00, 1.82734e-12
9163, 2016-10-16 19:00:00, 1.82255e-12
9164, 2016-10-16 20:00:00, 1.81781e-12
9165, 2016-10-16 21:00:00, 1.81303e-12
9166, 2016-10-16 22:00:00, 1.80828e-12
9167, 2016-10-16 23:00:00, 1.80358e-12
9168, 2016-10-17 00:00:00, 1.79883e-12
9169, 2016-10-17 01:00:00, 1.79413e-12
9170, 2016-10-17 02:00:00, 1.78942e-12
9171, 2016-10-17 03:00:00, 1.78476e-12
9172, 2016-10-17 04:00:00, 1.78009e-12
9173, 2016-10-17 05:00:00, 1.77543e-12
9174, 2016-10-17 06:00:00, 1.77076e-12
9175, 2016-10-17 07:00:00, 1.76613e-12
9176, 2016-10-17 08:00:00, 1.76151e-12
9177, 2016-10-17 09:00:00, 1.75692e-12
9178, 2016-10-17 10:00:00, 1.75229e-12
9179, 2016-10-17 11:00:00, 1.74775e-12
9180, 2016-10-17 12:00:00, 1.74316e-12
9181, 2016-10-17 13:00:00, 1.73857e-12
9182, 2016-10-17 14:00:00, 1.73402e-12
9183, 2016-10-17 15:00:00, 1.72952e-12
9184, 2016-10-17 16:00:00, 1.72497e-12
9185, 2016-10-17 17:00:00, 1.72046e-12
9186, 2016-10-17 18:00:00, 1.71595e-12
9187, 2016-10-17 19:00:00, 1.71148e-12
9188, 2016-10-17 20:00:00, 1.70697e-12
9189, 2016-10-17 21:00:00, 1.7025e-12
9190, 2016-10-17 22:00:00, 1.69807e-12
9191, 2016-10-17 23:00:00, 1.6936e-12
9192, 2016-10-18 00:00:00, 1.68917e-12
9193, 2016-10-18 01:00:00, 1.68478e-12
9194, 2016-10-18 02:00:00, 1.68035e-12
9195, 2016-10-18 03:00:00, 1.67596e-12
9196, 2016-10-18 04:00:00, 1.67157e-12
9197, 2016-10-18 05:00:00, 1.66718e-12
9198, 2016-10-18 06:00:00, 1.66282e-12
9199, 2016-10-18 07:00:00, 1.65847e-12
9200, 2016-10-18 08:00:00, 1.65412e-12
9201, 2016-10-18 09:00:00, 1.64981e-12
9202, 2016-10-18 10:00:00, 1.64549e-12
9203, 2016-10-18 11:00:00, 1.64118e-12
9204, 2016-10-18 12:00:00, 1.63687e-12
9205, 2016-10-18 13:00:00, 1.63259e-12
9206, 2016-10-18 14:00:00, 1.62832e-12
9207, 2016-10-18 15:00:00, 1.62405e-12
9208, 2016-10-18 16:00:00, 1.61981e-12
9209, 2016-10-18 17:00:00, 1.61558e-12
9210, 2016-10-18 18:00:00, 1.61134e-12
9211, 2016-10-18 19:00:00, 1.60715e-12
9212, 2016-10-18 20:00:00, 1.60291e-12
9213, 2016-10-18 21:00:00, 1.59872e-12
9214, 2016-10-18 22:00:00, 1.59452e-12
9215, 2016-10-18 23:00:00, 1.59037e-12
9216, 2016-10-19 00:00:00, 1.58621e-12
9217, 2016-10-19 01:00:00, 1.58206e-12
9218, 2016-10-19 02:00:00, 1.5779e-12
9219, 2016-10-19 03:00:00, 1.57378e-12
9220, 2016-10-19 04:00:00, 1.56967e-12
9221, 2016-10-19 05:00:00, 1.56555e-12
9222, 2016-10-19 06:00:00, 1.56147e-12
9223, 2016-10-19 07:00:00, 1.55736e-12
9224, 2016-10-19 08:00:00, 1.55328e-12
9225, 2016-10-19 09:00:00, 1.54924e-12
9226, 2016-10-19 10:00:00, 1.54516e-12
9227, 2016-10-19 11:00:00, 1.54112e-12
9228, 2016-10-19 12:00:00, 1.53709e-12
9229, 2016-10-19 13:00:00, 1.53309e-12
9230, 2016-10-19 14:00:00, 1.52905e-12
9231, 2016-10-19 15:00:00, 1.52505e-12
9232, 2016-10-19 16:00:00, 1.52105e-12
9233, 2016-10-19 17:00:00, 1.51709e-12
9234, 2016-10-19 18:00:00, 1.51313e-12
9235, 2016-10-19 19:00:00, 1.50917e-12
9236, 2016-10-19 20:00:00, 1.50521e-12
9237, 2016-10-19 21:00:00, 1.50125e-12
9238, 2016-10-19 22:00:00, 1.49733e-12
9239, 2016-10-19 23:00:00, 1.49341e-12
9240, 2016-10-20 00:00:00, 1.48953e-12
9241, 2016-10-20 01:00:00, 1.48561e-12
9242, 2016-10-20 02:00:00, 1.48172e-12
9243, 2016-10-20 03:00:00, 1.47784e-12
9244, 2016-10-20 04:00:00, 1.47396e-12
9245, 2016-10-20 05:00:00, 1.47012e-12
9246, 2016-10-20 06:00:00, 1.46628e-12
9247, 2016-10-20 07:00:00, 1.46243e-12
9248, 2016-10-20 08:00:00, 1.45859e-12
9249, 2016-10-20 09:00:00, 1.45479e-12
9250, 2016-10-20 10:00:00, 1.45099e-12
9251, 2016-10-20 11:00:00, 1.44718e-12
9252, 2016-10-20 12:00:00, 1.44338e-12
9253, 2016-10-20 13:00:00, 1.43962e-12
9254, 2016-10-20 14:00:00, 1.43585e-12
9255, 2016-10-20 15:00:00, 1.43209e-12
9256, 2016-10-20 16:00:00, 1.42832e-12
9257, 2016-10-20 17:00:00, 1.4246e-12
9258, 2016-10-20 18:00:00, 1.42087e-12
9259, 2016-10-20 19:00:00, 1.41715e-12
9260, 2016-10-20 20:00:00, 1.41343e-12
9261, 2016-10-20 21:00:00, 1.40974e-12
9262, 2016-10-20 22:00:00, 1.40605e-12
9263, 2016-10-20 23:00:00, 1.40237e-12
9264, 2016-10-21 00:00:00, 1.39872e-12
9265, 2016-10-21 01:00:00, 1.39504e-12
9266, 2016-10-21 02:00:00, 1.39139e-12
9267, 2016-10-21 03:00:00, 1.38774e-12
9268, 2016-10-21 04:00:00, 1.3841e-12
9269, 2016-10-21 05:00:00, 1.38049e-12
9270, 2016-10-21 06:00:00, 1.37688e-12
9271, 2016-10-21 07:00:00, 1.37328e-12
9272, 2016-10-21 08:00:00, 1.36967e-12
9273, 2016-10-21 09:00:00, 1.19161e-10
9274, 2016-10-21 10:00:00, 5.73284e-08
9275, 2016-10-21 11:00:00, 1.35843e-07
9276, 2016-10-21 12:00:00, 7.07215e-08
9277, 2016-10-21 13:00:00, 0.000242295
9278, 2016-10-21 14:00:00, 0.000110116
9279, 2016-10-21 15:00:00, 8.80928e-05
9280, 2016-10-21 16:00:00, 1.34124e-12
9281, 2016-10-21 17:00:00, 1.33776e-12
9282, 2016-10-21 18:00:00, 1.33427e-12
9283, 2016-10-21 19:00:00, 0.0035695
9284, 2016-10-21 20:00:00, 0.0016225
9285, 2016-10-21 21:00:00, 0.0148155
9286, 2016-10-21 22:00:00, 3.48766
9287, 2016-10-21 23:00:00, 3.75742
9288, 2016-10-22 00:00:00, 2.28759
9289, 2016-10-22 01:00:00, 0.805777
9290, 2016-10-22 02:00:00, 0.0135493
9291, 2016-10-22 03:00:00, 0.000465558
9292, 2016-10-22 04:00:00, 0.000172115
9293, 2016-10-22 05:00:00, 1.04499e-05
9294, 2016-10-22 06:00:00, 1.46987e-06
9295, 2016-10-22 07:00:00, 1.28957e-12
9296, 2016-10-22 08:00:00, 1.2862e-12
9297, 2016-10-22 09:00:00, 2.35807e-05
9298, 2016-10-22 10:00:00, 1.07185e-05
9299, 2016-10-22 11:00:00, 8.57482e-06
9300, 2016-10-22 12:00:00, 1.27279e-12
9301, 2016-10-22 13:00:00, 1.26946e-12
9302, 2016-10-22 14:00:00, 1.26612e-12
9303, 2016-10-22 15:00:00, 1.26279e-12
9304, 2016-10-22 16:00:00, 0.00102647
9305, 2016-10-22 17:00:00, 0.000466577
9306, 2016-10-22 18:00:00, 0.000373262
9307, 2016-10-22 19:00:00, 1.24962e-12
9308, 2016-10-22 20:00:00, 5.11923e-05
9309, 2016-10-22 21:00:00, 2.32692e-05
9310, 2016-10-22 22:00:00, 1.86154e-05
9311, 2016-10-22 23:00:00, 1.2366e-12
9312, 2016-10-23 00:00:00, 1.23335e-12
9313, 2016-10-23 01:00:00, 1.23013e-12
9314, 2016-10-23 02:00:00, 1.22692e-12
9315, 2016-10-23 03:00:00, 1.2237e-12
9316, 2016-10-23 04:00:00, 1.97678e-05
9317, 2016-10-23 05:00:00, 0.000663048
9318, 2016-10-23 06:00:00, 0.00030449
9319, 2016-10-23 07:00:00, 0.000237841
9320, 2016-10-23 08:00:00, 6.65664e-05
9321, 2016-10-23 09:00:00, 3.45171e-05
9322, 2016-10-23 10:00:00, 2.61422e-05
9323, 2016-10-23 11:00:00, 1.54895e-06
9324, 2016-10-23 12:00:00, 1.1952e-12
9325, 2016-10-23 13:00:00, 1.19206e-12
9326, 2016-10-23 14:00:00, 1.18892e-12
9327, 2016-10-23 15:00:00, 1.18583e-12
9328, 2016-10-23 16:00:00, 1.18273e-12
9329, 2016-10-23 17:00:00, 1.17963e-12
9330, 2016-10-23 18:00:00, 1.17653e-12
9331, 2016-10-23 19:00:00, 1.17344e-12
9332, 2016-10-23 20:00:00, 1.17038e-12
9333, 2016-10-23 21:00:00, 1.16732e-12
9334, 2016-10-23 22:00:00, 1.16426e-12
9335, 2016-10-23 23:00:00, 1.1612e-12
9336, 2016-10-24 00:00:00, 1.15819e-12
9337, 2016-10-24 01:00:00, 1.15513e-12
9338, 2016-10-24 02:00:00, 1.15211e-12
9339, 2016-10-24 03:00:00, 1.14909e-12
9340, 2016-10-24 04:00:00, 1.14611e-12
9341, 2016-10-24 05:00:00, 1.14309e-12
9342, 2016-10-24 06:00:00, 1.14011e-12
9343, 2016-10-24 07:00:00, 1.13713e-12
9344, 2016-10-24 08:00:00, 3.64258e-05
9345, 2016-10-24 09:00:00, 0.00310997
9346, 2016-10-24 10:00:00, 0.00154613
9347, 2016-10-24 11:00:00, 0.00118251
9348, 2016-10-24 12:00:00, 4.61058e-05
9349, 2016-10-24 13:00:00, 1.11937e-12
9350, 2016-10-24 14:00:00, 1.11647e-12
9351, 2016-10-24 15:00:00, 1.11353e-12
9352, 2016-10-24 16:00:00, 1.11063e-12
9353, 2016-10-24 17:00:00, 1.10773e-12
9354, 2016-10-24 18:00:00, 1.10482e-12
9355, 2016-10-24 19:00:00, 1.10192e-12
9356, 2016-10-24 20:00:00, 1.09902e-12
9357, 2016-10-24 21:00:00, 1.09616e-12
9358, 2016-10-24 22:00:00, 1.0933e-12
9359, 2016-10-24 23:00:00, 1.09044e-12
9360, 2016-10-25 00:00:00, 1.08757e-12
9361, 2016-10-25 01:00:00, 1.08471e-12
9362, 2016-10-25 02:00:00, 1.08189e-12
9363, 2016-10-25 03:00:00, 1.07906e-12
9364, 2016-10-25 04:00:00, 1.07624e-12
9365, 2016-10-25 05:00:00, 1.07342e-12
9366, 2016-10-25 06:00:00, 1.0706e-12
9367, 2016-10-25 07:00:00, 1.06781e-12
9368, 2016-10-25 08:00:00, 1.06499e-12
9369, 2016-10-25 09:00:00, 1.06221e-12
9370, 2016-10-25 10:00:00, 1.05942e-12
9371, 2016-10-25 11:00:00, 1.05668e-12
9372, 2016-10-25 12:00:00, 1.05389e-12
9373, 2016-10-25 13:00:00, 1.05115e-12
9374, 2016-10-25 14:00:00, 1.0484e-12
9375, 2016-10-25 15:00:00, 1.04566e-12
9376, 2016-10-25 16:00:00, 1.04292e-12
9377, 2016-10-25 17:00:00, 1.04017e-12
9378, 2016-10-25 18:00:00, 1.03747e-12
9379, 2016-10-25 19:00:00, 1.03472e-12
9380, 2016-10-25 20:00:00, 1.03202e-12
9381, 2016-10-25 21:00:00, 1.02931e-12
9382, 2016-10-25 22:00:00, 1.02664e-12
9383, 2016-10-25 23:00:00, 1.02394e-12
9384, 2016-10-26 00:00:00, 1.02127e-12
9385, 2016-10-26 01:00:00, 1.01861e-12
9386, 2016-10-26 02:00:00, 1.01594e-12
9387, 2016-10-26 03:00:00, 1.01327e-12
9388, 2016-10-26 04:00:00, 1.01061e-12
9389, 2016-10-26 05:00:00, 1.00798e-12
9390, 2016-10-26 06:00:00, 1.00532e-12
9391, 2016-10-26 07:00:00, 1.00269e-12
9392, 2016-10-26 08:00:00, 1.00006e-12
9393, 2016-10-26 09:00:00, 9.97474e-13
9394, 2016-10-26 10:00:00, 9.94848e-13
9395, 2016-10-26 11:00:00, 9.9226e-13
9396, 2016-10-26 12:00:00, 9.89633e-13
9397, 2016-10-26 13:00:00, 9.87045e-13
9398, 2016-10-26 14:00:00, 9.84458e-13
9399, 2016-10-26 15:00:00, 9.81909e-13
9400, 2016-10-26 16:00:00, 9.79321e-13
9401, 2016-10-26 17:00:00, 9.76773e-13
9402, 2016-10-26 18:00:00, 9.74224e-13
9403, 2016-10-26 19:00:00, 9.71676e-13
9404, 2016-10-26 20:00:00, 9.69128e-13
9405, 2016-10-26 21:00:00, 9.66579e-13
9406, 2016-10-26 22:00:00, 9.64031e-13
9407, 2016-10-26 23:00:00, 9.61521e-13
9408, 2016-10-27 00:00:00, 9.59012e-13
9409, 2016-10-27 01:00:00, 9.56503e-13
9410, 2016-10-27 02:00:00, 9.53993e-13
9411, 2016-10-27 03:00:00, 9.51484e-13
9412, 2016-10-27 04:00:00, 9.49014e-13
9413, 2016-10-27 05:00:00, 9.46505e-13
9414, 2016-10-27 06:00:00, 9.44035e-13
9415, 2016-10-27 07:00:00, 9.41565e-13
9416, 2016-10-27 08:00:00, 9.39095e-13
9417, 2016-10-27 09:00:00, 9.36664e-13
9418, 2016-10-27 10:00:00, 9.34194e-13
9419, 2016-10-27 11:00:00, 9.31763e-13
9420, 2016-10-27 12:00:00, 9.29332e-13
9421, 2016-10-27 13:00:00, 9.26901e-13
9422, 2016-10-27 14:00:00, 9.2447e-13
9423, 2016-10-27 15:00:00, 9.22039e-13
9424, 2016-10-27 16:00:00, 9.19609e-13
9425, 2016-10-27 17:00:00, 1.05193e-05
9426, 2016-10-27 18:00:00, 2.61789e-05
9427, 2016-10-27 19:00:00, 0.00322756
9428, 2016-10-27 20:00:00, 0.00519164
9429, 2016-10-27 21:00:00, 0.00286098
9430, 2016-10-27 22:00:00, 0.078728
9431, 2016-10-27 23:00:00, 0.0554693
9432, 2016-10-28 00:00:00, 0.0750649
9433, 2016-10-28 01:00:00, 0.0307912
9434, 2016-10-28 02:00:00, 0.0168468
9435, 2016-10-28 03:00:00, 0.0166778
9436, 2016-10-28 04:00:00, 0.0355327
9437, 2016-10-28 05:00:00, 0.0563109
9438, 2016-10-28 06:00:00, 0.0364688
9439, 2016-10-28 07:00:00, 0.0227439
9440, 2016-10-28 08:00:00, 0.00544266
9441, 2016-10-28 09:00:00, 0.00182207
9442, 2016-10-28 10:00:00, 9.21893e-05
9443, 2016-10-28 11:00:00, 3.93118e-05
9444, 2016-10-28 12:00:00, 3.13339e-05
9445, 2016-10-28 13:00:00, 8.70364e-13
9446, 2016-10-28 14:00:00, 8.6809e-13
9447, 2016-10-28 15:00:00, 8.65816e-13
9448, 2016-10-28 16:00:00, 8.63581e-13
9449, 2016-10-28 17:00:00, 8.61307e-13
9450, 2016-10-28 18:00:00, 8.59033e-13
9451, 2016-10-28 19:00:00, 8.56798e-13
9452, 2016-10-28 20:00:00, 8.54564e-13
9453, 2016-10-28 21:00:00, 8.52329e-13
9454, 2016-10-28 22:00:00, 8.50094e-13
9455, 2016-10-28 23:00:00, 8.47859e-13
9456, 2016-10-29 00:00:00, 8.45664e-13
9457, 2016-10-29 01:00:00, 8.43429e-13
9458, 2016-10-29 02:00:00, 8.41233e-13
9459, 2016-10-29 03:00:00, 8.39037e-13
9460, 2016-10-29 04:00:00, 8.36842e-13
9461, 2016-10-29 05:00:00, 8.34646e-13
9462, 2016-10-29 06:00:00, 8.32451e-13
9463, 2016-10-29 07:00:00, 8.30255e-13
9464, 2016-10-29 08:00:00, 8.28099e-13
9465, 2016-10-29 09:00:00, 8.25942e-13
9466, 2016-10-29 10:00:00, 8.23786e-13
9467, 2016-10-29 11:00:00, 8.21629e-13
9468, 2016-10-29 12:00:00, 8.19473e-13
9469, 2016-10-29 13:00:00, 8.17317e-13
9470, 2016-10-29 14:00:00, 8.1516e-13
9471, 2016-10-29 15:00:00, 8.13043e-13
9472, 2016-10-29 16:00:00, 8.10926e-13
9473, 2016-10-29 17:00:00, 8.08809e-13
9474, 2016-10-29 18:00:00, 8.06691e-13
9475, 2016-10-29 19:00:00, 8.04574e-13
9476, 2016-10-29 20:00:00, 8.02457e-13
9477, 2016-10-29 21:00:00, 8.00379e-13
9478, 2016-10-29 22:00:00, 7.98262e-13
9479, 2016-10-29 23:00:00, 7.96184e-13
9480, 2016-10-30 00:00:00, 7.94106e-13
9481, 2016-10-30 01:00:00, 7.92028e-13
9482, 2016-10-30 02:00:00, 7.8995e-13
9483, 2016-10-30 03:00:00, 7.87872e-13
9484, 2016-10-30 04:00:00, 7.85794e-13
9485, 2016-10-30 05:00:00, 7.83755e-13
9486, 2016-10-30 06:00:00, 7.81716e-13
9487, 2016-10-30 07:00:00, 7.79638e-13
9488, 2016-10-30 08:00:00, 7.776e-13
9489, 2016-10-30 09:00:00, 7.756e-13
9490, 2016-10-30 10:00:00, 7.73561e-13
9491, 2016-10-30 11:00:00, 7.71522e-13
9492, 2016-10-30 12:00:00, 7.69523e-13
9493, 2016-10-30 13:00:00, 7.67484e-13
9494, 2016-10-30 14:00:00, 7.65484e-13
9495, 2016-10-30 15:00:00, 7.63485e-13
9496, 2016-10-30 16:00:00, 7.61485e-13
9497, 2016-10-30 17:00:00, 7.59486e-13
9498, 2016-10-30 18:00:00, 7.57486e-13
9499, 2016-10-30 19:00:00, 7.55526e-13
9500, 2016-10-30 20:00:00, 7.53526e-13
9501, 2016-10-30 21:00:00, 0.00934405
9502, 2016-10-30 22:00:00, 0.00653744
9503, 2016-10-30 23:00:00, 0.0120331
9504, 2016-10-31 00:00:00, 0.0117627
9505, 2016-10-31 01:00:00, 0.0135918
9506, 2016-10-31 02:00:00, 0.00661603
9507, 2016-10-31 03:00:00, 0.00293813
9508, 2016-10-31 04:00:00, 0.000188713
9509, 2016-10-31 05:00:00, 7.35961e-13
9510, 2016-10-31 06:00:00, 7.3404e-13
9511, 2016-10-31 07:00:00, 7.32119e-13
9512, 2016-10-31 08:00:00, 7.30198e-13
9513, 2016-10-31 09:00:00, 7.28316e-13
9514, 2016-10-31 10:00:00, 7.26395e-13
9515, 2016-10-31 11:00:00, 7.24474e-13
9516, 2016-10-31 12:00:00, 7.22592e-13
9517, 2016-10-31 13:00:00, 7.2071e-13
9518, 2016-10-31 14:00:00, 7.18828e-13
9519, 2016-10-31 15:00:00, 7.16946e-13
9520, 2016-10-31 16:00:00, 7.15064e-13
9521, 2016-10-31 17:00:00, 7.13182e-13
9522, 2016-10-31 18:00:00, 7.11339e-13
9523, 2016-10-31 19:00:00, 7.09457e-13
9524, 2016-10-31 20:00:00, 7.07614e-13
9525, 2016-10-31 21:00:00, 7.05732e-13
9526, 2016-10-31 22:00:00, 7.0389e-13
9527, 2016-10-31 23:00:00, 7.02047e-13
9528, 2016-11-01 00:00:00, 7.00243e-13
9529, 2016-11-01 01:00:00, 6.98401e-13
9530, 2016-11-01 02:00:00, 6.96558e-13
9531, 2016-11-01 03:00:00, 6.94754e-13
9532, 2016-11-01 04:00:00, 6.92912e-13
9533, 2016-11-01 05:00:00, 6.91108e-13
9534, 2016-11-01 06:00:00, 6.89305e-13
9535, 2016-11-01 07:00:00, 6.87501e-13
9536, 2016-11-01 08:00:00, 6.85698e-13
9537, 2016-11-01 09:00:00, 6.83894e-13
9538, 2016-11-01 10:00:00, 6.8213e-13
9539, 2016-11-01 11:00:00, 6.80326e-13
9540, 2016-11-01 12:00:00, 6.78562e-13
9541, 2016-11-01 13:00:00, 6.76758e-13
9542, 2016-11-01 14:00:00, 6.74994e-13
9543, 2016-11-01 15:00:00, 6.7323e-13
9544, 2016-11-01 16:00:00, 6.71465e-13
9545, 2016-11-01 17:00:00, 6.69701e-13
9546, 2016-11-01 18:00:00, 6.67976e-13
9547, 2016-11-01 19:00:00, 6.66211e-13
9548, 2016-11-01 20:00:00, 6.64447e-13
9549, 2016-11-01 21:00:00, 6.62722e-13
9550, 2016-11-01 22:00:00, 6.60997e-13
9551, 2016-11-01 23:00:00, 6.59272e-13
9552, 2016-11-02 00:00:00, 6.57547e-13
9553, 2016-11-02 01:00:00, 6.55822e-13
9554, 2016-11-02 02:00:00, 6.54096e-13
9555, 2016-11-02 03:00:00, 6.52371e-13
9556, 2016-11-02 04:00:00, 6.50685e-13
9557, 2016-11-02 05:00:00, 6.4896e-13
9558, 2016-11-02 06:00:00, 6.47274e-13
9559, 2016-11-02 07:00:00, 6.45588e-13
9560, 2016-11-02 08:00:00, 3.32896e-10
9561, 2016-11-02 09:00:00, 1.51666e-10
9562, 2016-11-02 10:00:00, 1.2146e-10
9563, 2016-11-02 11:00:00, 6.38845e-13
9564, 2016-11-02 12:00:00, 6.37198e-13
9565, 2016-11-02 13:00:00, 6.35512e-13
9566, 2016-11-02 14:00:00, 6.33865e-13
9567, 2016-11-02 15:00:00, 6.32179e-13
9568, 2016-11-02 16:00:00, 6.30533e-13
9569, 2016-11-02 17:00:00, 6.28886e-13
9570, 2016-11-02 18:00:00, 6.27239e-13
9571, 2016-11-02 19:00:00, 6.25593e-13
9572, 2016-11-02 20:00:00, 6.23946e-13
9573, 2016-11-02 21:00:00, 6.22338e-13
9574, 2016-11-02 22:00:00, 6.20692e-13
9575, 2016-11-02 23:00:00, 6.19084e-13
9576, 2016-11-03 00:00:00, 6.17437e-13
9577, 2016-11-03 01:00:00, 6.1583e-13
9578, 2016-11-03 02:00:00, 6.14222e-13
9579, 2016-11-03 03:00:00, 6.12615e-13
9580, 2016-11-03 04:00:00, 6.11007e-13
9581, 2016-11-03 05:00:00, 6.094e-13
9582, 2016-11-03 06:00:00, 6.07832e-13
9583, 2016-11-03 07:00:00, 6.06224e-13
9584, 2016-11-03 08:00:00, 6.04656e-13
9585, 2016-11-03 09:00:00, 6.03048e-13
9586, 2016-11-03 10:00:00, 6.0148e-13
9587, 2016-11-03 11:00:00, 5.99912e-13
9588, 2016-11-03 12:00:00, 5.98344e-13
9589, 2016-11-03 13:00:00, 5.96775e-13
9590, 2016-11-03 14:00:00, 5.95207e-13
9591, 2016-11-03 15:00:00, 5.93639e-13
9592, 2016-11-03 16:00:00, 5.9211e-13
9593, 2016-11-03 17:00:00, 5.90541e-13
9594, 2016-11-03 18:00:00, 5.89012e-13
9595, 2016-11-03 19:00:00, 5.87444e-13
9596, 2016-11-03 20:00:00, 5.85915e-13
9597, 2016-11-03 21:00:00, 5.84386e-13
9598, 2016-11-03 22:00:00, 5.82857e-13
9599, 2016-11-03 23:00:00, 5.81328e-13
9600, 2016-11-04 00:00:00, 5.79798e-13
9601, 2016-11-04 01:00:00, 5.78309e-13
9602, 2016-11-04 02:00:00, 5.76779e-13
9603, 2016-11-04 03:00:00, 5.7525e-13
9604, 2016-11-04 04:00:00, 5.7376e-13
9605, 2016-11-04 05:00:00, 5.72271e-13
9606, 2016-11-04 06:00:00, 5.70781e-13
9607, 2016-11-04 07:00:00, 5.69252e-13
9608, 2016-11-04 08:00:00, 5.67762e-13
9609, 2016-11-04 09:00:00, 5.66311e-13
9610, 2016-11-04 10:00:00, 5.64821e-13
9611, 2016-11-04 11:00:00, 5.63331e-13
9612, 2016-11-04 12:00:00, 5.61841e-13
9613, 2016-11-04 13:00:00, 5.60391e-13
9614, 2016-11-04 14:00:00, 5.5894e-13
9615, 2016-11-04 15:00:00, 5.5745e-13
9616, 2016-11-04 16:00:00, 5.56e-13
9617, 2016-11-04 17:00:00, 5.54549e-13
9618, 2016-11-04 18:00:00, 5.53098e-13
9619, 2016-11-04 19:00:00, 5.51648e-13
9620, 2016-11-04 20:00:00, 5.50197e-13
9621, 2016-11-04 21:00:00, 5.48746e-13
9622, 2016-11-04 22:00:00, 5.47335e-13
9623, 2016-11-04 23:00:00, 5.45884e-13
9624, 2016-11-05 00:00:00, 5.44473e-13
9625, 2016-11-05 01:00:00, 5.43022e-13
9626, 2016-11-05 02:00:00, 5.4161e-13
9627, 2016-11-05 03:00:00, 5.40199e-13
9628, 2016-11-05 04:00:00, 5.38788e-13
9629, 2016-11-05 05:00:00, 5.37376e-13
9630, 2016-11-05 06:00:00, 5.35965e-13
9631, 2016-11-05 07:00:00, 5.34553e-13
9632, 2016-11-05 08:00:00, 5.33181e-13
9633, 2016-11-05 09:00:00, 5.31769e-13
9634, 2016-11-05 10:00:00, 5.30397e-13
9635, 2016-11-05 11:00:00, 5.28986e-13
9636, 2016-11-05 12:00:00, 5.27613e-13
9637, 2016-11-05 13:00:00, 5.26241e-13
9638, 2016-11-05 14:00:00, 5.2483e-13
9639, 2016-11-05 15:00:00, 5.23457e-13
9640, 2016-11-05 16:00:00, 5.22085e-13
9641, 2016-11-05 17:00:00, 5.20752e-13
9642, 2016-11-05 18:00:00, 5.1938e-13
9643, 2016-11-05 19:00:00, 5.18008e-13
9644, 2016-11-05 20:00:00, 5.16675e-13
9645, 2016-11-05 21:00:00, 5.15302e-13
9646, 2016-11-05 22:00:00, 5.13969e-13
9647, 2016-11-05 23:00:00, 5.12597e-13
9648, 2016-11-06 00:00:00, 5.11264e-13
9649, 2016-11-06 01:00:00, 5.09931e-13
9650, 2016-11-06 02:00:00, 5.08598e-13
9651, 2016-11-06 03:00:00, 5.07265e-13
9652, 2016-11-06 04:00:00, 5.05932e-13
9653, 2016-11-06 05:00:00, 5.04599e-13
9654, 2016-11-06 06:00:00, 5.03305e-13
9655, 2016-11-06 07:00:00, 5.01972e-13
9656, 2016-11-06 08:00:00, 0.0245717
9657, 2016-11-06 09:00:00, 0.0111704
9658, 2016-11-06 10:00:00, 0.0089358
9659, 2016-11-06 11:00:00, 5.02205e-07
9660, 2016-11-06 12:00:00, 4.95424e-13
9661, 2016-11-06 13:00:00, 0.000362094
9662, 2016-11-06 14:00:00, 0.000164588
9663, 2016-11-06 15:00:00, 0.00013167
9664, 2016-11-06 16:00:00, 4.90288e-13
9665, 2016-11-06 17:00:00, 4.88994e-13
9666, 2016-11-06 18:00:00, 4.877e-13
9667, 2016-11-06 19:00:00, 4.86446e-13
9668, 2016-11-06 20:00:00, 4.85152e-13
9669, 2016-11-06 21:00:00, 4.83897e-13
9670, 2016-11-06 22:00:00, 4.82643e-13
9671, 2016-11-06 23:00:00, 4.81349e-13
9672, 2016-11-07 00:00:00, 4.80094e-13
9673, 2016-11-07 01:00:00, 4.78839e-13
9674, 2016-11-07 02:00:00, 4.77585e-13
9675, 2016-11-07 03:00:00, 4.7633e-13
9676, 2016-11-07 04:00:00, 4.75115e-13
9677, 2016-11-07 05:00:00, 4.7386e-13
9678, 2016-11-07 06:00:00, 4.72606e-13
9679, 2016-11-07 07:00:00, 4.7139e-13
9680, 2016-11-07 08:00:00, 4.70135e-13
9681, 2016-11-07 09:00:00, 4.6892e-13
9682, 2016-11-07 10:00:00, 4.67665e-13
9683, 2016-11-07 11:00:00, 4.6645e-13
9684, 2016-11-07 12:00:00, 4.65235e-13
9685, 2016-11-07 13:00:00, 4.64019e-13
9686, 2016-11-07 14:00:00, 4.62804e-13
9687, 2016-11-07 15:00:00, 4.61588e-13
9688, 2016-11-07 16:00:00, 4.60373e-13
9689, 2016-11-07 17:00:00, 4.59197e-13
9690, 2016-11-07 18:00:00, 4.57981e-13
9691, 2016-11-07 19:00:00, 4.56766e-13
9692, 2016-11-07 20:00:00, 4.5559e-13
9693, 2016-11-07 21:00:00, 4.54374e-13
9694, 2016-11-07 22:00:00, 4.53198e-13
9695, 2016-11-07 23:00:00, 4.52022e-13
9696, 2016-11-08 00:00:00, 4.50845e-13
9697, 2016-11-08 01:00:00, 4.49669e-13
9698, 2016-11-08 02:00:00, 4.48493e-13
9699, 2016-11-08 03:00:00, 4.47317e-13
9700, 2016-11-08 04:00:00, 4.46141e-13
9701, 2016-11-08 05:00:00, 4.44964e-13
9702, 2016-11-08 06:00:00, 4.43788e-13
9703, 2016-11-08 07:00:00, 4.42651e-13
9704, 2016-11-08 08:00:00, 4.41475e-13
9705, 2016-11-08 09:00:00, 4.40338e-13
9706, 2016-11-08 10:00:00, 4.39162e-13
9707, 2016-11-08 11:00:00, 4.38025e-13
9708, 2016-11-08 12:00:00, 4.36888e-13
9709, 2016-11-08 13:00:00, 4.35751e-13
9710, 2016-11-08 14:00:00, 4.34574e-13
9711, 2016-11-08 15:00:00, 4.33437e-13
9712, 2016-11-08 16:00:00, 4.3234e-13
9713, 2016-11-08 17:00:00, 4.31203e-13
9714, 2016-11-08 18:00:00, 4.30066e-13
9715, 2016-11-08 19:00:00, 4.28929e-13
9716, 2016-11-08 20:00:00, 4.27831e-13
9717, 2016-11-08 21:00:00, 4.26694e-13
9718, 2016-11-08 22:00:00, 4.25557e-13
9719, 2016-11-08 23:00:00, 4.24459e-13
9720, 2016-11-09 00:00:00, 4.23361e-13
9721, 2016-11-09 01:00:00, 4.22224e-13
9722, 2016-11-09 02:00:00, 4.21126e-13
9723, 2016-11-09 03:00:00, 4.20028e-13
9724, 2016-11-09 04:00:00, 4.18931e-13
9725, 2016-11-09 05:00:00, 4.17833e-13
9726, 2016-11-09 06:00:00, 4.16735e-13
9727, 2016-11-09 07:00:00, 4.15637e-13
9728, 2016-11-09 08:00:00, 4.14579e-13
9729, 2016-11-09 09:00:00, 4.13481e-13
9730, 2016-11-09 10:00:00, 4.12383e-13
9731, 2016-11-09 11:00:00, 4.11324e-13
9732, 2016-11-09 12:00:00, 4.10227e-13
9733, 2016-11-09 13:00:00, 4.09168e-13
9734, 2016-11-09 14:00:00, 4.08109e-13
9735, 2016-11-09 15:00:00, 4.07012e-13
9736, 2016-11-09 16:00:00, 4.05953e-13
9737, 2016-11-09 17:00:00, 4.04894e-13
9738, 2016-11-09 18:00:00, 4.03836e-13
9739, 2016-11-09 19:00:00, 4.02777e-13
9740, 2016-11-09 20:00:00, 4.01719e-13
9741, 2016-11-09 21:00:00, 4.00699e-13
9742, 2016-11-09 22:00:00, 3.99641e-13
9743, 2016-11-09 23:00:00, 3.98582e-13
9744, 2016-11-10 00:00:00, 3.97523e-13
9745, 2016-11-10 01:00:00, 3.96504e-13
9746, 2016-11-10 02:00:00, 3.95445e-13
9747, 2016-11-10 03:00:00, 3.94426e-13
9748, 2016-11-10 04:00:00, 3.93407e-13
9749, 2016-11-10 05:00:00, 3.92348e-13
9750, 2016-11-10 06:00:00, 3.91329e-13
9751, 2016-11-10 07:00:00, 3.90309e-13
9752, 2016-11-10 08:00:00, 3.8929e-13
9753, 2016-11-10 09:00:00, 3.8827e-13
9754, 2016-11-10 10:00:00, 3.87251e-13
9755, 2016-11-10 11:00:00, 3.86232e-13
9756, 2016-11-10 12:00:00, 3.85252e-13
9757, 2016-11-10 13:00:00, 3.84232e-13
9758, 2016-11-10 14:00:00, 3.83213e-13
9759, 2016-11-10 15:00:00, 3.82233e-13
9760, 2016-11-10 16:00:00, 3.81213e-13
9761, 2016-11-10 17:00:00, 3.80233e-13
9762, 2016-11-10 18:00:00, 3.79214e-13
9763, 2016-11-10 19:00:00, 3.78233e-13
9764, 2016-11-10 20:00:00, 3.77253e-13
9765, 2016-11-10 21:00:00, 3.76273e-13
9766, 2016-11-10 22:00:00, 3.75254e-13
9767, 2016-11-10 23:00:00, 3.74273e-13
9768, 2016-11-11 00:00:00, 3.73293e-13
9769, 2016-11-11 01:00:00, 3.72313e-13
9770, 2016-11-11 02:00:00, 3.71372e-13
9771, 2016-11-11 03:00:00, 3.70392e-13
9772, 2016-11-11 04:00:00, 3.69412e-13
9773, 2016-11-11 05:00:00, 3.68432e-13
9774, 2016-11-11 06:00:00, 3.67491e-13
9775, 2016-11-11 07:00:00, 3.6651e-13
9776, 2016-11-11 08:00:00, 3.65569e-13
9777, 2016-11-11 09:00:00, 3.64589e-13
9778, 2016-11-11 10:00:00, 3.63648e-13
9779, 2016-11-11 11:00:00, 3.62707e-13
9780, 2016-11-11 12:00:00, 3.61766e-13
9781, 2016-11-11 13:00:00, 3.60786e-13
9782, 2016-11-11 14:00:00, 3.59845e-13
9783, 2016-11-11 15:00:00, 3.58904e-13
9784, 2016-11-11 16:00:00, 3.57963e-13
9785, 2016-11-11 17:00:00, 3.57022e-13
9786, 2016-11-11 18:00:00, 3.5612e-13
9787, 2016-11-11 19:00:00, 3.55179e-13
9788, 2016-11-11 20:00:00, 3.54238e-13
9789, 2016-11-11 21:00:00, 3.53298e-13
9790, 2016-11-11 22:00:00, 3.52396e-13
9791, 2016-11-11 23:00:00, 3.51455e-13
9792, 2016-11-12 00:00:00, 3.50553e-13
9793, 2016-11-12 01:00:00, 3.49651e-13
9794, 2016-11-12 02:00:00, 3.4871e-13
9795, 2016-11-12 03:00:00, 3.47808e-13
9796, 2016-11-12 04:00:00, 3.46907e-13
9797, 2016-11-12 05:00:00, 3.46005e-13
9798, 2016-11-12 06:00:00, 3.45064e-13
9799, 2016-11-12 07:00:00, 3.44162e-13
9800, 2016-11-12 08:00:00, 3.4326e-13
9801, 2016-11-12 09:00:00, 3.42359e-13
9802, 2016-11-12 10:00:00, 3.41496e-13
9803, 2016-11-12 11:00:00, 3.40594e-13
9804, 2016-11-12 12:00:00, 3.39693e-13
9805, 2016-11-12 13:00:00, 3.38791e-13
9806, 2016-11-12 14:00:00, 3.37928e-13
9807, 2016-11-12 15:00:00, 3.37026e-13
9808, 2016-11-12 16:00:00, 3.36164e-13
9809, 2016-11-12 17:00:00, 3.35262e-13
9810, 2016-11-12 18:00:00, 3.344e-13
9811, 2016-11-12 19:00:00, 3.33537e-13
9812, 2016-11-12 20:00:00, 3.32635e-13
9813, 2016-11-12 21:00:00, 3.31773e-13
9814, 2016-11-12 22:00:00, 3.3091e-13
9815, 2016-11-12 23:00:00, 3.30048e-13
9816, 2016-11-13 00:00:00, 3.29185e-13
9817, 2016-11-13 01:00:00, 3.28322e-13
9818, 2016-11-13 02:00:00, 3.2746e-13
9819, 2016-11-13 03:00:00, 3.26597e-13
9820, 2016-11-13 04:00:00, 3.25735e-13
9821, 2016-11-13 05:00:00, 3.24911e-13
9822, 2016-11-13 06:00:00, 3.24049e-13
9823, 2016-11-13 07:00:00, 3.23186e-13
9824, 2016-11-13 08:00:00, 3.22363e-13
9825, 2016-11-13 09:00:00, 3.215e-13
9826, 2016-11-13 10:00:00, 3.20677e-13
9827, 2016-11-13 11:00:00, 3.19814e-13
9828, 2016-11-13 12:00:00, 3.18991e-13
9829, 2016-11-13 13:00:00, 3.18168e-13
9830, 2016-11-13 14:00:00, 3.17305e-13
9831, 2016-11-13 15:00:00, 3.16482e-13
9832, 2016-11-13 16:00:00, 3.15658e-13
9833, 2016-11-13 17:00:00, 3.14835e-13
9834, 2016-11-13 18:00:00, 3.14012e-13
9835, 2016-11-13 19:00:00, 3.13188e-13
9836, 2016-11-13 20:00:00, 3.12365e-13
9837, 2016-11-13 21:00:00, 3.11542e-13
9838, 2016-11-13 22:00:00, 3.10718e-13
9839, 2016-11-13 23:00:00, 3.09934e-13
9840, 2016-11-14 00:00:00, 3.09111e-13
9841, 2016-11-14 01:00:00, 3.08287e-13
9842, 2016-11-14 02:00:00, 3.07503e-13
9843, 2016-11-14 03:00:00, 3.0668e-13
9844, 2016-11-14 04:00:00, 3.05896e-13
9845, 2016-11-14 05:00:00, 3.05072e-13
9846, 2016-11-14 06:00:00, 3.04288e-13
9847, 2016-11-14 07:00:00, 3.03504e-13
9848, 2016-11-14 08:00:00, 3.02681e-13
9849, 2016-11-14 09:00:00, 3.01897e-13
9850, 2016-11-14 10:00:00, 3.01113e-13
9851, 2016-11-14 11:00:00, 3.00328e-13
9852, 2016-11-14 12:00:00, 2.99544e-13
9853, 2016-11-14 13:00:00, 2.9876e-13
9854, 2016-11-14 14:00:00, 2.97976e-13
9855, 2016-11-14 15:00:00, 2.97192e-13
9856, 2016-11-14 16:00:00, 2.96408e-13
9857, 2016-11-14 17:00:00, 2.95623e-13
9858, 2016-11-14 18:00:00, 2.94879e-13
9859, 2016-11-14 19:00:00, 2.94094e-13
9860, 2016-11-14 20:00:00, 2.9331e-13
9861, 2016-11-14 21:00:00, 2.92565e-13
9862, 2016-11-14 22:00:00, 2.91781e-13
9863, 2016-11-14 23:00:00, 2.91036e-13
9864, 2016-11-15 00:00:00, 2.90252e-13
9865, 2016-11-15 01:00:00, 2.89507e-13
9866, 2016-11-15 02:00:00, 2.88762e-13
9867, 2016-11-15 03:00:00, 2.87978e-13
9868, 2016-11-15 04:00:00, 2.87233e-13
9869, 2016-11-15 05:00:00, 2.86488e-13
9870, 2016-11-15 06:00:00, 2.85743e-13
9871, 2016-11-15 07:00:00, 2.84998e-13
9872, 2016-11-15 08:00:00, 2.84253e-13
9873, 2016-11-15 09:00:00, 2.83508e-13
9874, 2016-11-15 10:00:00, 2.82763e-13
9875, 2016-11-15 11:00:00, 2.82019e-13
9876, 2016-11-15 12:00:00, 2.81274e-13
9877, 2016-11-15 13:00:00, 2.80529e-13
9878, 2016-11-15 14:00:00, 2.79823e-13
9879, 2016-11-15 15:00:00, 6.18904e-06
9880, 2016-11-15 16:00:00, 0.00106046
9881, 2016-11-15 17:00:00, 0.00235848
9882, 2016-11-15 18:00:00, 0.0597641
9883, 2016-11-15 19:00:00, 0.034513
9884, 2016-11-15 20:00:00, 0.066888
9885, 2016-11-15 21:00:00, 0.0842069
9886, 2016-11-15 22:00:00, 0.0501205
9887, 2016-11-15 23:00:00, 0.0286934
9888, 2016-11-16 00:00:00, 0.00379595
9889, 2016-11-16 01:00:00, 0.00115808
9890, 2016-11-16 02:00:00, 8.01176e-05
9891, 2016-11-16 03:00:00, 8.6769e-05
9892, 2016-11-16 04:00:00, 4.89787e-05
9893, 2016-11-16 05:00:00, 2.16418e-05
9894, 2016-11-16 06:00:00, 6.25395e-05
9895, 2016-11-16 07:00:00, 9.05228e-05
9896, 2016-11-16 08:00:00, 5.10002e-05
9897, 2016-11-16 09:00:00, 2.26143e-05
9898, 2016-11-16 10:00:00, 2.61316e-08
9899, 2016-11-16 11:00:00, 4.0648e-05
9900, 2016-11-16 12:00:00, 5.37027e-05
9901, 2016-11-16 13:00:00, 3.0792e-05
9902, 2016-11-16 14:00:00, 1.28102e-05
9903, 2016-11-16 15:00:00, 2.62062e-13
9904, 2016-11-16 16:00:00, 2.61395e-13
9905, 2016-11-16 17:00:00, 2.6069e-13
9906, 2016-11-16 18:00:00, 2.60023e-13
9907, 2016-11-16 19:00:00, 2.59317e-13
9908, 2016-11-16 20:00:00, 2.58651e-13
9909, 2016-11-16 21:00:00, 2.57984e-13
9910, 2016-11-16 22:00:00, 2.57318e-13
9911, 2016-11-16 23:00:00, 2.56612e-13
9912, 2016-11-17 00:00:00, 2.55946e-13
9913, 2016-11-17 01:00:00, 2.55279e-13
9914, 2016-11-17 02:00:00, 2.54613e-13
9915, 2016-11-17 03:00:00, 2.53946e-13
9916, 2016-11-17 04:00:00, 2.5328e-13
9917, 2016-11-17 05:00:00, 2.52613e-13
9918, 2016-11-17 06:00:00, 2.51946e-13
9919, 2016-11-17 07:00:00, 2.51319e-13
9920, 2016-11-17 08:00:00, 2.50653e-13
9921, 2016-11-17 09:00:00, 2.49986e-13
9922, 2016-11-17 10:00:00, 2.4932e-13
9923, 2016-11-17 11:00:00, 2.48692e-13
9924, 2016-11-17 12:00:00, 2.48026e-13
9925, 2016-11-17 13:00:00, 2.47398e-13
9926, 2016-11-17 14:00:00, 2.46732e-13
9927, 2016-11-17 15:00:00, 2.46105e-13
9928, 2016-11-17 16:00:00, 2.45438e-13
9929, 2016-11-17 17:00:00, 2.44811e-13
9930, 2016-11-17 18:00:00, 2.44144e-13
9931, 2016-11-17 19:00:00, 2.43517e-13
9932, 2016-11-17 20:00:00, 2.4289e-13
9933, 2016-11-17 21:00:00, 2.42262e-13
9934, 2016-11-17 22:00:00, 2.41596e-13
9935, 2016-11-17 23:00:00, 2.40968e-13
9936, 2016-11-18 00:00:00, 2.40341e-13
9937, 2016-11-18 01:00:00, 2.39714e-13
9938, 2016-11-18 02:00:00, 2.39086e-13
9939, 2016-11-18 03:00:00, 2.38459e-13
9940, 2016-11-18 04:00:00, 2.37832e-13
9941, 2016-11-18 05:00:00, 2.37205e-13
9942, 2016-11-18 06:00:00, 2.36616e-13
9943, 2016-11-18 07:00:00, 2.35989e-13
9944, 2016-11-18 08:00:00, 2.35362e-13
9945, 2016-11-18 09:00:00, 2.34734e-13
9946, 2016-11-18 10:00:00, 2.34146e-13
9947, 2016-11-18 11:00:00, 2.33519e-13
9948, 2016-11-18 12:00:00, 2.32892e-13
9949, 2016-11-18 13:00:00, 2.32304e-13
9950, 2016-11-18 14:00:00, 2.31676e-13
9951, 2016-11-18 15:00:00, 2.31088e-13
9952, 2016-11-18 16:00:00, 2.305e-13
9953, 2016-11-18 17:00:00, 2.29873e-13
9954, 2016-11-18 18:00:00, 2.29285e-13
9955, 2016-11-18 19:00:00, 2.28657e-13
9956, 2016-11-18 20:00:00, 2.28069e-13
9957, 2016-11-18 21:00:00, 2.27481e-13
9958, 2016-11-18 22:00:00, 2.26893e-13
9959, 2016-11-18 23:00:00, 2.26305e-13
9960, 2016-11-19 00:00:00, 2.25717e-13
9961, 2016-11-19 01:00:00, 2.25089e-13
9962, 2016-11-19 02:00:00, 2.24501e-13
9963, 2016-11-19 03:00:00, 2.23913e-13
9964, 2016-11-19 04:00:00, 2.23364e-13
9965, 2016-11-19 05:00:00, 2.22776e-13
9966, 2016-11-19 06:00:00, 2.22188e-13
9967, 2016-11-19 07:00:00, 2.216e-13
9968, 2016-11-19 08:00:00, 2.21012e-13
9969, 2016-11-19 09:00:00, 2.20424e-13
9970, 2016-11-19 10:00:00, 2.19875e-13
9971, 2016-11-19 11:00:00, 2.19287e-13
9972, 2016-11-19 12:00:00, 2.18699e-13
9973, 2016-11-19 13:00:00, 2.1815e-13
9974, 2016-11-19 14:00:00, 2.17562e-13
9975, 2016-11-19 15:00:00, 2.17013e-13
9976, 2016-11-19 16:00:00, 2.16425e-13
9977, 2016-11-19 17:00:00, 2.15876e-13
9978, 2016-11-19 18:00:00, 2.15288e-13
9979, 2016-11-19 19:00:00, 2.14739e-13
9980, 2016-11-19 20:00:00, 2.1419e-13
9981, 2016-11-19 21:00:00, 2.13602e-13
9982, 2016-11-19 22:00:00, 2.13053e-13
9983, 2016-11-19 23:00:00, 2.12504e-13
9984, 2016-11-20 00:00:00, 2.11955e-13
9985, 2016-11-20 01:00:00, 2.11367e-13
9986, 2016-11-20 02:00:00, 2.10818e-13
9987, 2016-11-20 03:00:00, 2.10269e-13
9988, 2016-11-20 04:00:00, 2.0972e-13
9989, 2016-11-20 05:00:00, 2.09171e-13
9990, 2016-11-20 06:00:00, 2.08622e-13
9991, 2016-11-20 07:00:00, 2.08073e-13
9992, 2016-11-20 08:00:00, 2.07525e-13
9993, 2016-11-20 09:00:00, 0.0147663
9994, 2016-11-20 10:00:00, 0.0573089
9995, 2016-11-20 11:00:00, 0.0284284
9996, 2016-11-20 12:00:00, 0.0185846
9997, 2016-11-20 13:00:00, 0.000117525
9998, 2016-11-20 14:00:00, 7.52542e-05
9999, 2016-11-20 15:00:00, 1.17504e-05
10000, 2016-11-20 16:00:00, 2.52156e-06
10001, 2016-11-20 17:00:00, 2.02702e-13
10002, 2016-11-20 18:00:00, 2.02192e-13
10003, 2016-11-20 19:00:00, 2.01643e-13
10004, 2016-11-20 20:00:00, 0.000332977
10005, 2016-11-20 21:00:00, 0.000857501
10006, 2016-11-20 22:00:00, 0.000442059
10007, 2016-11-20 23:00:00, 0.000454535
10008, 2016-11-21 00:00:00, 0.000111513
10009, 2016-11-21 01:00:00, 0.000100529
10010, 2016-11-21 02:00:00, 1.65918e-05
10011, 2016-11-21 03:00:00, 6.91783e-06
10012, 2016-11-21 04:00:00, 6.82627e-08
10013, 2016-11-21 05:00:00, 1.96429e-13
10014, 2016-11-21 06:00:00, 1.95919e-13
10015, 2016-11-21 07:00:00, 1.95409e-13
10016, 2016-11-21 08:00:00, 1.06758e-07
10017, 2016-11-21 09:00:00, 1.03837e-07
10018, 2016-11-21 10:00:00, 9.41306e-08
10019, 2016-11-21 11:00:00, 5.08902e-08
10020, 2016-11-21 12:00:00, 2.91699e-08
10021, 2016-11-21 13:00:00, 1.79821e-08
10022, 2016-11-21 14:00:00, 1.22486e-08
10023, 2016-11-21 15:00:00, 8.99352e-09
10024, 2016-11-21 16:00:00, 6.16025e-09
10025, 2016-11-21 17:00:00, 2.56719e-09
10026, 2016-11-21 18:00:00, 8.76154e-10
10027, 2016-11-21 19:00:00, 1.89332e-13
10028, 2016-11-21 20:00:00, 1.88862e-13
10029, 2016-11-21 21:00:00, 1.88352e-13
10030, 2016-11-21 22:00:00, 1.87882e-13
10031, 2016-11-21 23:00:00, 1.87372e-13
10032, 2016-11-22 00:00:00, 1.86901e-13
10033, 2016-11-22 01:00:00, 5.53934e-11
10034, 2016-11-22 02:00:00, 1.04072e-10
10035, 2016-11-22 03:00:00, 1.51099e-10
10036, 2016-11-22 04:00:00, 1.93357e-10
10037, 2016-11-22 05:00:00, 2.98053e-10
10038, 2016-11-22 06:00:00, 1.38924e-10
10039, 2016-11-22 07:00:00, 7.58802e-11
10040, 2016-11-22 08:00:00, 1.8302e-13
10041, 2016-11-22 09:00:00, 1.82549e-13
10042, 2016-11-22 10:00:00, 1.8204e-13
10043, 2016-11-22 11:00:00, 1.81569e-13
10044, 2016-11-22 12:00:00, 1.81099e-13
10045, 2016-11-22 13:00:00, 8.68564e-10
10046, 2016-11-22 14:00:00, 1.14742e-09
10047, 2016-11-22 15:00:00, 1.38284e-09
10048, 2016-11-22 16:00:00, 6.03292e-10
10049, 2016-11-22 17:00:00, 2.63754e-10
10050, 2016-11-22 18:00:00, 1.78276e-13
10051, 2016-11-22 19:00:00, 1.77805e-13
10052, 2016-11-22 20:00:00, 1.77335e-13
10053, 2016-11-22 21:00:00, 1.76864e-13
10054, 2016-11-22 22:00:00, 1.76433e-13
10055, 2016-11-22 23:00:00, 1.75963e-13
10056, 2016-11-23 00:00:00, 1.75492e-13
10057, 2016-11-23 01:00:00, 1.75022e-13
10058, 2016-11-23 02:00:00, 1.7459e-13
10059, 2016-11-23 03:00:00, 1.7412e-13
10060, 2016-11-23 04:00:00, 9.76208e-11
10061, 2016-11-23 05:00:00, 4.44674e-11
10062, 2016-11-23 06:00:00, 3.56081e-11
10063, 2016-11-23 07:00:00, 1.72316e-13
10064, 2016-11-23 08:00:00, 1.71846e-13
10065, 2016-11-23 09:00:00, 1.71415e-13
10066, 2016-11-23 10:00:00, 1.70944e-13
10067, 2016-11-23 11:00:00, 1.70513e-13
10068, 2016-11-23 12:00:00, 1.70042e-13
10069, 2016-11-23 13:00:00, 6.67387e-10
10070, 2016-11-23 14:00:00, 9.56745e-10
10071, 2016-11-23 15:00:00, 1.78094e-09
10072, 2016-11-23 16:00:00, 8.01909e-10
10073, 2016-11-23 17:00:00, 4.51511e-10
10074, 2016-11-23 18:00:00, 1.67415e-13
10075, 2016-11-23 19:00:00, 1.66984e-13
10076, 2016-11-23 20:00:00, 1.66514e-13
10077, 2016-11-23 21:00:00, 1.66082e-13
10078, 2016-11-23 22:00:00, 1.65651e-13
10079, 2016-11-23 23:00:00, 1.6522e-13
10080, 2016-11-24 00:00:00, 1.64789e-13
10081, 2016-11-24 01:00:00, 1.64357e-13
10082, 2016-11-24 02:00:00, 1.63926e-13
10083, 2016-11-24 03:00:00, 1.63495e-13
10084, 2016-11-24 04:00:00, 1.63063e-13
10085, 2016-11-24 05:00:00, 1.62632e-13
10086, 2016-11-24 06:00:00, 1.6224e-13
10087, 2016-11-24 07:00:00, 1.61809e-13
10088, 2016-11-24 08:00:00, 1.61377e-13
10089, 2016-11-24 09:00:00, 1.14658e-11
10090, 2016-11-24 10:00:00, 2.04027e-11
10091, 2016-11-24 11:00:00, 3.08102e-11
10092, 2016-11-24 12:00:00, 3.217e-11
10093, 2016-11-24 13:00:00, 3.40872e-11
10094, 2016-11-24 14:00:00, 1.50885e-11
10095, 2016-11-24 15:00:00, 6.98932e-12
10096, 2016-11-24 16:00:00, 1.58045e-13
10097, 2016-11-24 17:00:00, 1.57614e-13
10098, 2016-11-24 18:00:00, 1.57182e-13
10099, 2016-11-24 19:00:00, 1.5679e-13
10100, 2016-11-24 20:00:00, 1.56398e-13
10101, 2016-11-24 21:00:00, 1.55967e-13
10102, 2016-11-24 22:00:00, 0.0144671
10103, 2016-11-24 23:00:00, 0.00834462
10104, 2016-11-25 00:00:00, 0.00790163
10105, 2016-11-25 01:00:00, 0.00265972
10106, 2016-11-25 02:00:00, 0.00120507
10107, 2016-11-25 03:00:00, 0.000429672
10108, 2016-11-25 04:00:00, 1.53144e-13
10109, 2016-11-25 05:00:00, 1.52752e-13
10110, 2016-11-25 06:00:00, 1.52321e-13
10111, 2016-11-25 07:00:00, 1.51929e-13
10112, 2016-11-25 08:00:00, 1.51536e-13
10113, 2016-11-25 09:00:00, 1.51144e-13
10114, 2016-11-25 10:00:00, 1.50752e-13
10115, 2016-11-25 11:00:00, 0.000107194
10116, 2016-11-25 12:00:00, 8.91876e-05
10117, 2016-11-25 13:00:00, 0.000132089
10118, 2016-11-25 14:00:00, 4.86762e-05
10119, 2016-11-25 15:00:00, 2.71699e-05
10120, 2016-11-25 16:00:00, 1.484e-13
10121, 2016-11-25 17:00:00, 1.48008e-13
10122, 2016-11-25 18:00:00, 1.47616e-13
10123, 2016-11-25 19:00:00, 1.47224e-13
10124, 2016-11-25 20:00:00, 1.46832e-13
10125, 2016-11-25 21:00:00, 1.46479e-13
10126, 2016-11-25 22:00:00, 1.46087e-13
10127, 2016-11-25 23:00:00, 1.45695e-13
10128, 2016-11-26 00:00:00, 1.45302e-13
10129, 2016-11-26 01:00:00, 1.4495e-13
10130, 2016-11-26 02:00:00, 1.44558e-13
10131, 2016-11-26 03:00:00, 1.44165e-13
10132, 2016-11-26 04:00:00, 1.43813e-13
10133, 2016-11-26 05:00:00, 1.43421e-13
10134, 2016-11-26 06:00:00, 1.43028e-13
10135, 2016-11-26 07:00:00, 1.23261e-09
10136, 2016-11-26 08:00:00, 2.77659e-08
10137, 2016-11-26 09:00:00, 4.91008e-08
10138, 2016-11-26 10:00:00, 5.19903e-08
10139, 2016-11-26 11:00:00, 5.52903e-08
10140, 2016-11-26 12:00:00, 2.31547e-08
10141, 2016-11-26 13:00:00, 1.10755e-08
10142, 2016-11-26 14:00:00, 1.40088e-13
10143, 2016-11-26 15:00:00, 1.39696e-13
10144, 2016-11-26 16:00:00, 1.39343e-13
10145, 2016-11-26 17:00:00, 1.3899e-13
10146, 2016-11-26 18:00:00, 1.38637e-13
10147, 2016-11-26 19:00:00, 1.38245e-13
10148, 2016-11-26 20:00:00, 1.37892e-13
10149, 2016-11-26 21:00:00, 1.37539e-13
10150, 2016-11-26 22:00:00, 1.37187e-13
10151, 2016-11-26 23:00:00, 1.36794e-13
10152, 2016-11-27 00:00:00, 1.36442e-13
10153, 2016-11-27 01:00:00, 1.36089e-13
10154, 2016-11-27 02:00:00, 1.35736e-13
10155, 2016-11-27 03:00:00, 1.35383e-13
10156, 2016-11-27 04:00:00, 1.3503e-13
10157, 2016-11-27 05:00:00, 1.34677e-13
10158, 2016-11-27 06:00:00, 1.34324e-13
10159, 2016-11-27 07:00:00, 1.33972e-13
10160, 2016-11-27 08:00:00, 1.33619e-13
10161, 2016-11-27 09:00:00, 1.33266e-13
10162, 2016-11-27 10:00:00, 1.32913e-13
10163, 2016-11-27 11:00:00, 1.3256e-13
10164, 2016-11-27 12:00:00, 1.32246e-13
10165, 2016-11-27 13:00:00, 1.31894e-13
10166, 2016-11-27 14:00:00, 1.31541e-13
10167, 2016-11-27 15:00:00, 1.31188e-13
10168, 2016-11-27 16:00:00, 1.30835e-13
10169, 2016-11-27 17:00:00, 1.30521e-13
10170, 2016-11-27 18:00:00, 1.30168e-13
10171, 2016-11-27 19:00:00, 1.29816e-13
10172, 2016-11-27 20:00:00, 1.29502e-13
10173, 2016-11-27 21:00:00, 1.29149e-13
10174, 2016-11-27 22:00:00, 0.000170933
10175, 2016-11-27 23:00:00, 7.76968e-05
10176, 2016-11-28 00:00:00, 0.000336402
10177, 2016-11-28 01:00:00, 0.000125769
10178, 2016-11-28 02:00:00, 0.000100438
10179, 2016-11-28 03:00:00, 5.0497e-07
10180, 2016-11-28 04:00:00, 7.80109e-08
10181, 2016-11-28 05:00:00, 2.32328e-09
10182, 2016-11-28 06:00:00, 1.2613e-13
10183, 2016-11-28 07:00:00, 1.25816e-13
10184, 2016-11-28 08:00:00, 1.25464e-13
10185, 2016-11-28 09:00:00, 1.2515e-13
10186, 2016-11-28 10:00:00, 1.24836e-13
10187, 2016-11-28 11:00:00, 1.24483e-13
10188, 2016-11-28 12:00:00, 1.2417e-13
10189, 2016-11-28 13:00:00, 7.45951e-07
10190, 2016-11-28 14:00:00, 3.80484e-07
10191, 2016-11-28 15:00:00, 2.9008e-07
10192, 2016-11-28 16:00:00, 1.50601e-08
10193, 2016-11-28 17:00:00, 1.22562e-13
10194, 2016-11-28 18:00:00, 1.22249e-13
10195, 2016-11-28 19:00:00, 1.21896e-13
10196, 2016-11-28 20:00:00, 1.21582e-13
10197, 2016-11-28 21:00:00, 1.21268e-13
10198, 2016-11-28 22:00:00, 1.20955e-13
10199, 2016-11-28 23:00:00, 1.20641e-13
10200, 2016-11-29 00:00:00, 1.20327e-13
10201, 2016-11-29 01:00:00, 1.20014e-13
10202, 2016-11-29 02:00:00, 1.197e-13
10203, 2016-11-29 03:00:00, 1.19386e-13
10204, 2016-11-29 04:00:00, 1.19073e-13
10205, 2016-11-29 05:00:00, 1.18759e-13
10206, 2016-11-29 06:00:00, 1.18445e-13
10207, 2016-11-29 07:00:00, 1.18132e-13
10208, 2016-11-29 08:00:00, 1.17818e-13
10209, 2016-11-29 09:00:00, 6.72721e-11
10210, 2016-11-29 10:00:00, 1.19227e-10
10211, 2016-11-29 11:00:00, 2.11595e-10
10212, 2016-11-29 12:00:00, 9.90529e-11
10213, 2016-11-29 13:00:00, 5.34953e-11
10214, 2016-11-29 14:00:00, 1.15975e-13
10215, 2016-11-29 15:00:00, 1.15701e-13
10216, 2016-11-29 16:00:00, 0.000134431
10217, 2016-11-29 17:00:00, 0.00341926
10218, 2016-11-29 18:00:00, 0.00952689
10219, 2016-11-29 19:00:00, 0.0150192
10220, 2016-11-29 20:00:00, 0.0362017
10221, 2016-11-29 21:00:00, 0.11594
10222, 2016-11-29 22:00:00, 0.124325
10223, 2016-11-29 23:00:00, 0.12647
10224, 2016-11-30 00:00:00, 0.0600674
10225, 2016-11-30 01:00:00, 0.0269592
10226, 2016-11-30 02:00:00, 0.00389044
10227, 2016-11-30 03:00:00, 0.000691529
10228, 2016-11-30 04:00:00, 4.57773e-05
10229, 2016-11-30 05:00:00, 3.38203e-07
10230, 2016-11-30 06:00:00, 1.88241e-07
10231, 2016-11-30 07:00:00, 8.06856e-08
10232, 2016-11-30 08:00:00, 1.6423e-08
10233, 2016-11-30 09:00:00, 3.2279e-09
10234, 2016-11-30 10:00:00, 1.10055e-13
10235, 2016-11-30 11:00:00, 2.40427e-09
10236, 2016-11-30 12:00:00, 7.62266e-09
10237, 2016-11-30 13:00:00, 3.84242e-09
10238, 2016-11-30 14:00:00, 2.37456e-09
10239, 2016-11-30 15:00:00, 1.08644e-13
10240, 2016-11-30 16:00:00, 1.08369e-13
10241, 2016-11-30 17:00:00, 1.08055e-13
10242, 2016-11-30 18:00:00, 1.07781e-13
10243, 2016-11-30 19:00:00, 0.000116345
10244, 2016-11-30 20:00:00, 0.00314772
10245, 2016-11-30 21:00:00, 0.00236091
10246, 2016-11-30 22:00:00, 0.0063779
10247, 2016-11-30 23:00:00, 0.0191243
10248, 2016-12-01 00:00:00, 0.0101301
10249, 2016-12-01 01:00:00, 0.00653384
10250, 2016-12-01 02:00:00, 0.0052212
10251, 2016-12-01 03:00:00, 0.00390894
10252, 2016-12-01 04:00:00, 0.00408862
10253, 2016-12-01 05:00:00, 0.00144524
10254, 2016-12-01 06:00:00, 0.00103314
10255, 2016-12-01 07:00:00, 0.00193264
10256, 2016-12-01 08:00:00, 0.00173082
10257, 2016-12-01 09:00:00, 0.00403376
10258, 2016-12-01 10:00:00, 0.00172523
10259, 2016-12-01 11:00:00, 0.00177212
10260, 2016-12-01 12:00:00, 0.000364605
10261, 2016-12-01 13:00:00, 0.000259234
10262, 2016-12-01 14:00:00, 2.01717e-05
10263, 2016-12-01 15:00:00, 1.02018e-13
10264, 2016-12-01 16:00:00, 1.01743e-13
10265, 2016-12-01 17:00:00, 1.01469e-13
10266, 2016-12-01 18:00:00, 1.01194e-13
10267, 2016-12-01 19:00:00, 1.00959e-13
10268, 2016-12-01 20:00:00, 1.00684e-13
10269, 2016-12-01 21:00:00, 1.0041e-13
10270, 2016-12-01 22:00:00, 1.00175e-13
10271, 2016-12-01 23:00:00, 9.99004e-14
10272, 2016-12-02 00:00:00, 9.96259e-14
10273, 2016-12-02 01:00:00, 9.93907e-14
10274, 2016-12-02 02:00:00, 9.91162e-14
10275, 2016-12-02 03:00:00, 9.88418e-14
10276, 2016-12-02 04:00:00, 9.86065e-14
10277, 2016-12-02 05:00:00, 9.83321e-14
10278, 2016-12-02 06:00:00, 9.80968e-14
10279, 2016-12-02 07:00:00, 9.78224e-14
10280, 2016-12-02 08:00:00, 9.75479e-14
10281, 2016-12-02 09:00:00, 9.73127e-14
10282, 2016-12-02 10:00:00, 9.70382e-14
10283, 2016-12-02 11:00:00, 9.6803e-14
10284, 2016-12-02 12:00:00, 9.65677e-14
10285, 2016-12-02 13:00:00, 9.62933e-14
10286, 2016-12-02 14:00:00, 9.6058e-14
10287, 2016-12-02 15:00:00, 9.57836e-14
10288, 2016-12-02 16:00:00, 9.55483e-14
10289, 2016-12-02 17:00:00, 9.52739e-14
10290, 2016-12-02 18:00:00, 9.50386e-14
10291, 2016-12-02 19:00:00, 9.48034e-14
10292, 2016-12-02 20:00:00, 9.45289e-14
10293, 2016-12-02 21:00:00, 9.42937e-14
10294, 2016-12-02 22:00:00, 9.40585e-14
10295, 2016-12-02 23:00:00, 9.38232e-14
10296, 2016-12-03 00:00:00, 9.35488e-14
10297, 2016-12-03 01:00:00, 9.33135e-14
10298, 2016-12-03 02:00:00, 9.30783e-14
10299, 2016-12-03 03:00:00, 9.2843e-14
10300, 2016-12-03 04:00:00, 9.25686e-14
10301, 2016-12-03 05:00:00, 9.23333e-14
10302, 2016-12-03 06:00:00, 9.20981e-14
10303, 2016-12-03 07:00:00, 9.18628e-14
10304, 2016-12-03 08:00:00, 9.16276e-14
10305, 2016-12-03 09:00:00, 9.13924e-14
10306, 2016-12-03 10:00:00, 9.11571e-14
10307, 2016-12-03 11:00:00, 9.08827e-14
10308, 2016-12-03 12:00:00, 9.06474e-14
10309, 2016-12-03 13:00:00, 9.04122e-14
10310, 2016-12-03 14:00:00, 9.01769e-14
10311, 2016-12-03 15:00:00, 8.99417e-14
10312, 2016-12-03 16:00:00, 8.97064e-14
10313, 2016-12-03 17:00:00, 8.94712e-14
10314, 2016-12-03 18:00:00, 8.9236e-14
10315, 2016-12-03 19:00:00, 8.90007e-14
10316, 2016-12-03 20:00:00, 8.87655e-14
10317, 2016-12-03 21:00:00, 8.85694e-14
10318, 2016-12-03 22:00:00, 8.83342e-14
10319, 2016-12-03 23:00:00, 8.80989e-14
10320, 2016-12-04 00:00:00, 8.78637e-14
10321, 2016-12-04 01:00:00, 8.76284e-14
10322, 2016-12-04 02:00:00, 8.73932e-14
10323, 2016-12-04 03:00:00, 8.7158e-14
10324, 2016-12-04 04:00:00, 8.69227e-14
10325, 2016-12-04 05:00:00, 8.67267e-14
10326, 2016-12-04 06:00:00, 8.64914e-14
10327, 2016-12-04 07:00:00, 8.62562e-14
10328, 2016-12-04 08:00:00, 8.60209e-14
10329, 2016-12-04 09:00:00, 8.58249e-14
10330, 2016-12-04 10:00:00, 8.55897e-14
10331, 2016-12-04 11:00:00, 8.53544e-14
10332, 2016-12-04 12:00:00, 8.51192e-14
10333, 2016-12-04 13:00:00, 8.49231e-14
10334, 2016-12-04 14:00:00, 8.46879e-14
10335, 2016-12-04 15:00:00, 8.44527e-14
10336, 2016-12-04 16:00:00, 8.42566e-14
10337, 2016-12-04 17:00:00, 8.40214e-14
10338, 2016-12-04 18:00:00, 8.38253e-14
10339, 2016-12-04 19:00:00, 8.35901e-14
10340, 2016-12-04 20:00:00, 8.33548e-14
10341, 2016-12-04 21:00:00, 8.31588e-14
10342, 2016-12-04 22:00:00, 8.29236e-14
10343, 2016-12-04 23:00:00, 8.27275e-14
10344, 2016-12-05 00:00:00, 8.24923e-14
10345, 2016-12-05 01:00:00, 8.22962e-14
10346, 2016-12-05 02:00:00, 8.2061e-14
10347, 2016-12-05 03:00:00, 8.1865e-14
10348, 2016-12-05 04:00:00, 8.16297e-14
10349, 2016-12-05 05:00:00, 8.14337e-14
10350, 2016-12-05 06:00:00, 8.11984e-14
10351, 2016-12-05 07:00:00, 8.10024e-14
10352, 2016-12-05 08:00:00, 8.08064e-14
10353, 2016-12-05 09:00:00, 8.05711e-14
10354, 2016-12-05 10:00:00, 8.03751e-14
10355, 2016-12-05 11:00:00, 8.01398e-14
10356, 2016-12-05 12:00:00, 7.99438e-14
10357, 2016-12-05 13:00:00, 7.97478e-14
10358, 2016-12-05 14:00:00, 4.43285e-05
10359, 2016-12-05 15:00:00, 0.000322304
10360, 2016-12-05 16:00:00, 0.000927265
10361, 2016-12-05 17:00:00, 0.00187726
10362, 2016-12-05 18:00:00, 0.00143431
10363, 2016-12-05 19:00:00, 0.000746349
10364, 2016-12-05 20:00:00, 0.000246459
10365, 2016-12-05 21:00:00, 6.87707e-05
10366, 2016-12-05 22:00:00, 4.39652e-05
10367, 2016-12-05 23:00:00, 1.70541e-05
10368, 2016-12-06 00:00:00, 1.70411e-06
10369, 2016-12-06 01:00:00, 5.07252e-07
10370, 2016-12-06 02:00:00, 2.46942e-07
10371, 2016-12-06 03:00:00, 9.31237e-08
10372, 2016-12-06 04:00:00, 3.80378e-08
10373, 2016-12-06 05:00:00, 7.64544e-14
10374, 2016-12-06 06:00:00, 7.62583e-14
10375, 2016-12-06 07:00:00, 1.22336e-07
10376, 2016-12-06 08:00:00, 5.56075e-08
10377, 2016-12-06 09:00:00, 4.4486e-08
10378, 2016-12-06 10:00:00, 7.54742e-14
10379, 2016-12-06 11:00:00, 7.52781e-14
10380, 2016-12-06 12:00:00, 7.50821e-14
10381, 2016-12-06 13:00:00, 2.23331e-08
10382, 2016-12-06 14:00:00, 2.64272e-08
10383, 2016-12-06 15:00:00, 1.55192e-08
10384, 2016-12-06 16:00:00, 5.91853e-09
10385, 2016-12-06 17:00:00, 7.41019e-14
10386, 2016-12-06 18:00:00, 7.39059e-14
10387, 2016-12-06 19:00:00, 7.37098e-14
10388, 2016-12-06 20:00:00, 7.35138e-14
10389, 2016-12-06 21:00:00, 7.33178e-14
10390, 2016-12-06 22:00:00, 7.31217e-14
10391, 2016-12-06 23:00:00, 7.29257e-14
10392, 2016-12-07 00:00:00, 7.27297e-14
10393, 2016-12-07 01:00:00, 7.25728e-14
10394, 2016-12-07 02:00:00, 7.23768e-14
10395, 2016-12-07 03:00:00, 3.30021e-06
10396, 2016-12-07 04:00:00, 1.44027e-05
10397, 2016-12-07 05:00:00, 5.87585e-05
10398, 2016-12-07 06:00:00, 0.000254274
10399, 2016-12-07 07:00:00, 0.000654074
10400, 2016-12-07 08:00:00, 0.000799091
10401, 2016-12-07 09:00:00, 0.000553827
10402, 2016-12-07 10:00:00, 0.000395357
10403, 2016-12-07 11:00:00, 0.000518058
10404, 2016-12-07 12:00:00, 0.000552312
10405, 2016-12-07 13:00:00, 0.000415459
10406, 2016-12-07 14:00:00, 0.000192855
10407, 2016-12-07 15:00:00, 5.8726e-05
10408, 2016-12-07 16:00:00, 8.52565e-06
10409, 2016-12-07 17:00:00, 1.13695e-06
10410, 2016-12-07 18:00:00, 6.9397e-14
10411, 2016-12-07 19:00:00, 6.9201e-14
10412, 2016-12-07 20:00:00, 6.90442e-14
10413, 2016-12-07 21:00:00, 6.88481e-14
10414, 2016-12-07 22:00:00, 6.86913e-14
10415, 2016-12-07 23:00:00, 6.84953e-14
10416, 2016-12-08 00:00:00, 6.82992e-14
10417, 2016-12-08 01:00:00, 6.81424e-14
10418, 2016-12-08 02:00:00, 6.79464e-14
10419, 2016-12-08 03:00:00, 6.77895e-14
10420, 2016-12-08 04:00:00, 6.75935e-14
10421, 2016-12-08 05:00:00, 6.74367e-14
10422, 2016-12-08 06:00:00, 6.72406e-14
10423, 2016-12-08 07:00:00, 6.70838e-14
10424, 2016-12-08 08:00:00, 6.68878e-14
10425, 2016-12-08 09:00:00, 6.67309e-14
10426, 2016-12-08 10:00:00, 6.65349e-14
10427, 2016-12-08 11:00:00, 6.63781e-14
10428, 2016-12-08 12:00:00, 6.6182e-14
10429, 2016-12-08 13:00:00, 6.60252e-14
10430, 2016-12-08 14:00:00, 6.58684e-14
10431, 2016-12-08 15:00:00, 6.56723e-14
10432, 2016-12-08 16:00:00, 6.55155e-14
10433, 2016-12-08 17:00:00, 6.53195e-14
10434, 2016-12-08 18:00:00, 6.51626e-14
10435, 2016-12-08 19:00:00, 6.50058e-14
10436, 2016-12-08 20:00:00, 6.48098e-14
10437, 2016-12-08 21:00:00, 6.46529e-14
10438, 2016-12-08 22:00:00, 6.44961e-14
10439, 2016-12-08 23:00:00, 6.43001e-14
10440, 2016-12-09 00:00:00, 6.41432e-14
10441, 2016-12-09 01:00:00, 6.39864e-14
10442, 2016-12-09 02:00:00, 6.38296e-14
10443, 2016-12-09 03:00:00, 6.36335e-14
10444, 2016-12-09 04:00:00, 6.34767e-14
10445, 2016-12-09 05:00:00, 6.33199e-14
10446, 2016-12-09 06:00:00, 6.31631e-14
10447, 2016-12-09 07:00:00, 9.83129e-10
10448, 2016-12-09 08:00:00, 4.46911e-10
10449, 2016-12-09 09:00:00, 3.57541e-10
10450, 2016-12-09 10:00:00, 6.24965e-14
10451, 2016-12-09 11:00:00, 6.23397e-14
10452, 2016-12-09 12:00:00, 6.21437e-14
10453, 2016-12-09 13:00:00, 1.79302e-08
10454, 2016-12-09 14:00:00, 3.03049e-08
10455, 2016-12-09 15:00:00, 4.84895e-08
10456, 2016-12-09 16:00:00, 4.96861e-08
10457, 2016-12-09 17:00:00, 2.39316e-08
10458, 2016-12-09 18:00:00, 9.86557e-09
10459, 2016-12-09 19:00:00, 6.10459e-14
10460, 2016-12-09 20:00:00, 6.0889e-14
10461, 2016-12-09 21:00:00, 6.07322e-14
10462, 2016-12-09 22:00:00, 6.05362e-14
10463, 2016-12-09 23:00:00, 6.03793e-14
10464, 2016-12-10 00:00:00, 6.02225e-14
10465, 2016-12-10 01:00:00, 6.00657e-14
10466, 2016-12-10 02:00:00, 5.99088e-14
10467, 2016-12-10 03:00:00, 5.9752e-14
10468, 2016-12-10 04:00:00, 5.95952e-14
10469, 2016-12-10 05:00:00, 5.94384e-14
10470, 2016-12-10 06:00:00, 5.92815e-14
10471, 2016-12-10 07:00:00, 5.91247e-14
10472, 2016-12-10 08:00:00, 5.90071e-14
10473, 2016-12-10 09:00:00, 5.88502e-14
10474, 2016-12-10 10:00:00, 5.86934e-14
10475, 2016-12-10 11:00:00, 5.85366e-14
10476, 2016-12-10 12:00:00, 5.83798e-14
10477, 2016-12-10 13:00:00, 5.82229e-14
10478, 2016-12-10 14:00:00, 5.80661e-14
10479, 2016-12-10 15:00:00, 5.79093e-14
10480, 2016-12-10 16:00:00, 1.82375e-08
10481, 2016-12-10 17:00:00, 2.41853e-08
10482, 2016-12-10 18:00:00, 2.30423e-08
10483, 2016-12-10 19:00:00, 1.38645e-08
10484, 2016-12-10 20:00:00, 5.11704e-09
10485, 2016-12-10 21:00:00, 1.42157e-09
10486, 2016-12-10 22:00:00, 5.68507e-14
10487, 2016-12-10 23:00:00, 5.6733e-14
10488, 2016-12-11 00:00:00, 5.65762e-14
10489, 2016-12-11 01:00:00, 5.64194e-14
10490, 2016-12-11 02:00:00, 5.62626e-14
10491, 2016-12-11 03:00:00, 5.61057e-14
10492, 2016-12-11 04:00:00, 5.59881e-14
10493, 2016-12-11 05:00:00, 5.58313e-14
10494, 2016-12-11 06:00:00, 5.56745e-14
10495, 2016-12-11 07:00:00, 5.55568e-14
10496, 2016-12-11 08:00:00, 5.54e-14
10497, 2016-12-11 09:00:00, 5.52432e-14
10498, 2016-12-11 10:00:00, 5.50863e-14
10499, 2016-12-11 11:00:00, 5.49687e-14
10500, 2016-12-11 12:00:00, 5.48119e-14
10501, 2016-12-11 13:00:00, 5.46551e-14
10502, 2016-12-11 14:00:00, 5.45374e-14
10503, 2016-12-11 15:00:00, 5.43806e-14
10504, 2016-12-11 16:00:00, 1.61852e-09
10505, 2016-12-11 17:00:00, 2.32082e-09
10506, 2016-12-11 18:00:00, 3.39345e-09
10507, 2016-12-11 19:00:00, 3.02907e-09
10508, 2016-12-11 20:00:00, 1.44218e-09
10509, 2016-12-11 21:00:00, 5.47392e-10
10510, 2016-12-11 22:00:00, 5.34004e-14
10511, 2016-12-11 23:00:00, 5.32436e-14
10512, 2016-12-12 00:00:00, 5.3126e-14
10513, 2016-12-12 01:00:00, 5.29691e-14
10514, 2016-12-12 02:00:00, 5.28515e-14
10515, 2016-12-12 03:00:00, 5.26947e-14
10516, 2016-12-12 04:00:00, 5.25771e-14
10517, 2016-12-12 05:00:00, 5.24202e-14
10518, 2016-12-12 06:00:00, 5.23026e-14
10519, 2016-12-12 07:00:00, 5.21458e-14
10520, 2016-12-12 08:00:00, 5.20282e-14
10521, 2016-12-12 09:00:00, 5.18713e-14
10522, 2016-12-12 10:00:00, 5.17537e-14
10523, 2016-12-12 11:00:00, 5.15969e-14
10524, 2016-12-12 12:00:00, 5.14793e-14
10525, 2016-12-12 13:00:00, 5.13224e-14
10526, 2016-12-12 14:00:00, 0.0037555
10527, 2016-12-12 15:00:00, 0.11653
10528, 2016-12-12 16:00:00, 0.252986
10529, 2016-12-12 17:00:00, 0.206098
10530, 2016-12-12 18:00:00, 0.106017
10531, 2016-12-12 19:00:00, 0.0268536
10532, 2016-12-12 20:00:00, 4.40546e-05
10533, 2016-12-12 21:00:00, 3.38634e-05
10534, 2016-12-12 22:00:00, 9.26983e-06
10535, 2016-12-12 23:00:00, 1.90095e-06
10536, 2016-12-13 00:00:00, 2.70667e-08
10537, 2016-12-13 01:00:00, 7.11469e-10
10538, 2016-12-13 02:00:00, 5.62547e-10
10539, 2016-12-13 03:00:00, 5.11709e-09
10540, 2016-12-13 04:00:00, 2.32598e-09
10541, 2016-12-13 05:00:00, 1.86079e-09
10542, 2016-12-13 06:00:00, 4.90876e-14
10543, 2016-12-13 07:00:00, 4.897e-14
10544, 2016-12-13 08:00:00, 4.88524e-14
10545, 2016-12-13 09:00:00, 4.87347e-14
10546, 2016-12-13 10:00:00, 4.85779e-14
10547, 2016-12-13 11:00:00, 4.84603e-14
10548, 2016-12-13 12:00:00, 4.83427e-14
10549, 2016-12-13 13:00:00, 5.82995e-09
10550, 2016-12-13 14:00:00, 9.17401e-09
10551, 2016-12-13 15:00:00, 5.08547e-09
10552, 2016-12-13 16:00:00, 2.37241e-09
10553, 2016-12-13 17:00:00, 4.77154e-14
10554, 2016-12-13 18:00:00, 4.75977e-14
10555, 2016-12-13 19:00:00, 4.74409e-14
10556, 2016-12-13 20:00:00, 4.73233e-14
10557, 2016-12-13 21:00:00, 4.72057e-14
10558, 2016-12-13 22:00:00, 4.7088e-14
10559, 2016-12-13 23:00:00, 4.69704e-14
10560, 2016-12-14 00:00:00, 4.68528e-14
10561, 2016-12-14 01:00:00, 4.67352e-14
10562, 2016-12-14 02:00:00, 4.65783e-14
10563, 2016-12-14 03:00:00, 4.64607e-14
10564, 2016-12-14 04:00:00, 4.63431e-14
10565, 2016-12-14 05:00:00, 4.62255e-14
10566, 2016-12-14 06:00:00, 4.61079e-14
10567, 2016-12-14 07:00:00, 4.59902e-14
10568, 2016-12-14 08:00:00, 2.56893e-07
10569, 2016-12-14 09:00:00, 1.1677e-07
10570, 2016-12-14 10:00:00, 9.34157e-08
10571, 2016-12-14 11:00:00, 2.37102e-08
10572, 2016-12-14 12:00:00, 1.07774e-08
10573, 2016-12-14 13:00:00, 2.05491e-08
10574, 2016-12-14 14:00:00, 5.42149e-09
10575, 2016-12-14 15:00:00, 4.3372e-09
10576, 2016-12-14 16:00:00, 4.49316e-14
10577, 2016-12-14 17:00:00, 4.4814e-14
10578, 2016-12-14 18:00:00, 4.46964e-14
10579, 2016-12-14 19:00:00, 4.45788e-14
10580, 2016-12-14 20:00:00, 4.44611e-14
10581, 2016-12-14 21:00:00, 4.43435e-14
10582, 2016-12-14 22:00:00, 4.42259e-14
10583, 2016-12-14 23:00:00, 4.41083e-14
10584, 2016-12-15 00:00:00, 4.39907e-14
10585, 2016-12-15 01:00:00, 4.3873e-14
10586, 2016-12-15 02:00:00, 4.37554e-14
10587, 2016-12-15 03:00:00, 4.36378e-14
10588, 2016-12-15 04:00:00, 4.35202e-14
10589, 2016-12-15 05:00:00, 4.34025e-14
10590, 2016-12-15 06:00:00, 4.32849e-14
10591, 2016-12-15 07:00:00, 4.31673e-14
10592, 2016-12-15 08:00:00, 4.30889e-14
10593, 2016-12-15 09:00:00, 4.29713e-14
10594, 2016-12-15 10:00:00, 4.28536e-14
10595, 2016-12-15 11:00:00, 4.2736e-14
10596, 2016-12-15 12:00:00, 4.26184e-14
10597, 2016-12-15 13:00:00, 4.25008e-14
10598, 2016-12-15 14:00:00, 4.23832e-14
10599, 2016-12-15 15:00:00, 4.23047e-14
10600, 2016-12-15 16:00:00, 4.21871e-14
10601, 2016-12-15 17:00:00, 4.20695e-14
10602, 2016-12-15 18:00:00, 4.19519e-14
10603, 2016-12-15 19:00:00, 4.18343e-14
10604, 2016-12-15 20:00:00, 4.17558e-14
10605, 2016-12-15 21:00:00, 4.16382e-14
10606, 2016-12-15 22:00:00, 4.15206e-14
10607, 2016-12-15 23:00:00, 4.1403e-14
10608, 2016-12-16 00:00:00, 4.12853e-14
10609, 2016-12-16 01:00:00, 4.12069e-14
10610, 2016-12-16 02:00:00, 4.10893e-14
10611, 2016-12-16 03:00:00, 4.09717e-14
10612, 2016-12-16 04:00:00, 4.08541e-14
10613, 2016-12-16 05:00:00, 4.07757e-14
10614, 2016-12-16 06:00:00, 4.0658e-14
10615, 2016-12-16 07:00:00, 4.05404e-14
10616, 2016-12-16 08:00:00, 4.0462e-14
10617, 2016-12-16 09:00:00, 4.03444e-14
10618, 2016-12-16 10:00:00, 4.02268e-14
10619, 2016-12-16 11:00:00, 4.01091e-14
10620, 2016-12-16 12:00:00, 4.00307e-14
10621, 2016-12-16 13:00:00, 3.99131e-14
10622, 2016-12-16 14:00:00, 3.97955e-14
10623, 2016-12-16 15:00:00, 3.97171e-14
10624, 2016-12-16 16:00:00, 3.95994e-14
10625, 2016-12-16 17:00:00, 3.9521e-14
10626, 2016-12-16 18:00:00, 3.94034e-14
10627, 2016-12-16 19:00:00, 3.92858e-14
10628, 2016-12-16 20:00:00, 3.92074e-14
10629, 2016-12-16 21:00:00, 3.90897e-14
10630, 2016-12-16 22:00:00, 3.89721e-14
10631, 2016-12-16 23:00:00, 3.88937e-14
10632, 2016-12-17 00:00:00, 3.87761e-14
10633, 2016-12-17 01:00:00, 3.86977e-14
10634, 2016-12-17 02:00:00, 3.858e-14
10635, 2016-12-17 03:00:00, 3.84624e-14
10636, 2016-12-17 04:00:00, 3.8384e-14
10637, 2016-12-17 05:00:00, 3.82664e-14
10638, 2016-12-17 06:00:00, 3.8188e-14
10639, 2016-12-17 07:00:00, 3.80703e-14
10640, 2016-12-17 08:00:00, 3.79919e-14
10641, 2016-12-17 09:00:00, 3.78743e-14
10642, 2016-12-17 10:00:00, 3.77959e-14
10643, 2016-12-17 11:00:00, 3.76783e-14
10644, 2016-12-17 12:00:00, 3.75999e-14
10645, 2016-12-17 13:00:00, 3.74822e-14
10646, 2016-12-17 14:00:00, 3.74038e-14
10647, 2016-12-17 15:00:00, 3.72862e-14
10648, 2016-12-17 16:00:00, 3.72078e-14
10649, 2016-12-17 17:00:00, 3.70902e-14
10650, 2016-12-17 18:00:00, 3.70117e-14
10651, 2016-12-17 19:00:00, 3.68941e-14
10652, 2016-12-17 20:00:00, 3.68157e-14
10653, 2016-12-17 21:00:00, 3.66981e-14
10654, 2016-12-17 22:00:00, 3.66197e-14
10655, 2016-12-17 23:00:00, 3.65021e-14
10656, 2016-12-18 00:00:00, 3.64236e-14
10657, 2016-12-18 01:00:00, 3.6306e-14
10658, 2016-12-18 02:00:00, 3.62276e-14
10659, 2016-12-18 03:00:00, 3.61492e-14
10660, 2016-12-18 04:00:00, 3.60316e-14
10661, 2016-12-18 05:00:00, 3.59531e-14
10662, 2016-12-18 06:00:00, 3.58355e-14
10663, 2016-12-18 07:00:00, 3.57571e-14
10664, 2016-12-18 08:00:00, 0.000208566
10665, 2016-12-18 09:00:00, 0.00372675
10666, 2016-12-18 10:00:00, 0.114815
10667, 2016-12-18 11:00:00, 0.112037
10668, 2016-12-18 12:00:00, 0.324581
10669, 2016-12-18 13:00:00, 0.142941
10670, 2016-12-18 14:00:00, 0.0957268
10671, 2016-12-18 15:00:00, 0.00186748
10672, 2016-12-18 16:00:00, 0.00010251
10673, 2016-12-18 17:00:00, 2.95134e-07
10674, 2016-12-18 18:00:00, 0.00227354
10675, 2016-12-18 19:00:00, 0.00176358
10676, 2016-12-18 20:00:00, 0.00115862
10677, 2016-12-18 21:00:00, 0.000271513
10678, 2016-12-18 22:00:00, 2.72636e-06
10679, 2016-12-18 23:00:00, 2.17967e-06
10680, 2016-12-19 00:00:00, 3.41888e-14
10681, 2016-12-19 01:00:00, 3.41104e-14
10682, 2016-12-19 02:00:00, 3.4032e-14
10683, 2016-12-19 03:00:00, 3.39144e-14
10684, 2016-12-19 04:00:00, 3.3836e-14
10685, 2016-12-19 05:00:00, 3.37575e-14
10686, 2016-12-19 06:00:00, 3.36791e-14
10687, 2016-12-19 07:00:00, 3.35615e-14
10688, 2016-12-19 08:00:00, 3.34831e-14
10689, 2016-12-19 09:00:00, 3.34047e-14
10690, 2016-12-19 10:00:00, 3.33263e-14
10691, 2016-12-19 11:00:00, 3.32086e-14
10692, 2016-12-19 12:00:00, 3.31302e-14
10693, 2016-12-19 13:00:00, 3.30518e-14
10694, 2016-12-19 14:00:00, 3.29734e-14
10695, 2016-12-19 15:00:00, 3.2895e-14
10696, 2016-12-19 16:00:00, 1.48243e-07
10697, 2016-12-19 17:00:00, 2.31295e-07
10698, 2016-12-19 18:00:00, 2.38854e-07
10699, 2016-12-19 19:00:00, 1.56922e-07
10700, 2016-12-19 20:00:00, 6.15777e-08
10701, 2016-12-19 21:00:00, 1.71336e-08
10702, 2016-12-19 22:00:00, 3.22677e-14
10703, 2016-12-19 23:00:00, 3.21892e-14
10704, 2016-12-20 00:00:00, 3.21108e-14
10705, 2016-12-20 01:00:00, 3.20324e-14
10706, 2016-12-20 02:00:00, 3.1954e-14
10707, 2016-12-20 03:00:00, 3.18756e-14
10708, 2016-12-20 04:00:00, 3.17972e-14
10709, 2016-12-20 05:00:00, 3.16795e-14
10710, 2016-12-20 06:00:00, 3.16011e-14
10711, 2016-12-20 07:00:00, 3.15227e-14
10712, 2016-12-20 08:00:00, 3.14443e-14
10713, 2016-12-20 09:00:00, 3.13659e-14
10714, 2016-12-20 10:00:00, 3.12875e-14
10715, 2016-12-20 11:00:00, 3.12091e-14
10716, 2016-12-20 12:00:00, 3.11306e-14
10717, 2016-12-20 13:00:00, 3.10522e-14
10718, 2016-12-20 14:00:00, 3.09738e-14
10719, 2016-12-20 15:00:00, 3.23073e-08
10720, 2016-12-20 16:00:00, 1.52846e-08
10721, 2016-12-20 17:00:00, 9.34993e-08
10722, 2016-12-20 18:00:00, 1.94592e-07
10723, 2016-12-20 19:00:00, 2.38904e-07
10724, 2016-12-20 20:00:00, 1.19831e-07
10725, 2016-12-20 21:00:00, 5.00938e-08
10726, 2016-12-20 22:00:00, 3.03073e-14
10727, 2016-12-20 23:00:00, 3.02289e-14
10728, 2016-12-21 00:00:00, 3.01505e-14
10729, 2016-12-21 01:00:00, 3.0072e-14
10730, 2016-12-21 02:00:00, 2.99936e-14
10731, 2016-12-21 03:00:00, 2.99152e-14
10732, 2016-12-21 04:00:00, 2.98368e-14
10733, 2016-12-21 05:00:00, 2.97584e-14
10734, 2016-12-21 06:00:00, 2.968e-14
10735, 2016-12-21 07:00:00, 2.96016e-14
10736, 2016-12-21 08:00:00, 2.95231e-14
10737, 2016-12-21 09:00:00, 2.94447e-14
10738, 2016-12-21 10:00:00, 2.93663e-14
10739, 2016-12-21 11:00:00, 2.92879e-14
10740, 2016-12-21 12:00:00, 2.92095e-14
10741, 2016-12-21 13:00:00, 2.91311e-14
10742, 2016-12-21 14:00:00, 2.90527e-14
10743, 2016-12-21 15:00:00, 1.07305e-11
10744, 2016-12-21 16:00:00, 3.4648e-11
10745, 2016-12-21 17:00:00, 7.18802e-11
10746, 2016-12-21 18:00:00, 3.55919e-11
10747, 2016-12-21 19:00:00, 1.98232e-11
10748, 2016-12-21 20:00:00, 2.86214e-14
10749, 2016-12-21 21:00:00, 2.8543e-14
10750, 2016-12-21 22:00:00, 2.84645e-14
10751, 2016-12-21 23:00:00, 2.83861e-14
10752, 2016-12-22 00:00:00, 2.83077e-14
10753, 2016-12-22 01:00:00, 2.82293e-14
10754, 2016-12-22 02:00:00, 2.81509e-14
10755, 2016-12-22 03:00:00, 2.81117e-14
10756, 2016-12-22 04:00:00, 2.80333e-14
10757, 2016-12-22 05:00:00, 2.79548e-14
10758, 2016-12-22 06:00:00, 2.78764e-14
10759, 2016-12-22 07:00:00, 2.7798e-14
10760, 2016-12-22 08:00:00, 2.77196e-14
10761, 2016-12-22 09:00:00, 2.76412e-14
10762, 2016-12-22 10:00:00, 2.7602e-14
10763, 2016-12-22 11:00:00, 2.75236e-14
10764, 2016-12-22 12:00:00, 2.74452e-14
10765, 2016-12-22 13:00:00, 2.73667e-14
10766, 2016-12-22 14:00:00, 2.72883e-14
10767, 2016-12-22 15:00:00, 1.95461e-05
10768, 2016-12-22 16:00:00, 0.000210374
10769, 2016-12-22 17:00:00, 9.97117e-05
10770, 2016-12-22 18:00:00, 7.37316e-05
10771, 2016-12-22 19:00:00, 6.55986e-07
10772, 2016-12-22 20:00:00, 8.32668e-06
10773, 2016-12-22 21:00:00, 5.58313e-06
10774, 2016-12-22 22:00:00, 3.78055e-06
10775, 2016-12-22 23:00:00, 6.38922e-07
10776, 2016-12-23 00:00:00, 1.05932e-09
10777, 2016-12-23 01:00:00, 2.65042e-14
10778, 2016-12-23 02:00:00, 2.6465e-14
10779, 2016-12-23 03:00:00, 2.63866e-14
10780, 2016-12-23 04:00:00, 2.63081e-14
10781, 2016-12-23 05:00:00, 2.62297e-14
10782, 2016-12-23 06:00:00, 2.61905e-14
10783, 2016-12-23 07:00:00, 2.61121e-14
10784, 2016-12-23 08:00:00, 2.60337e-14
10785, 2016-12-23 09:00:00, 2.59553e-14
10786, 2016-12-23 10:00:00, 2.59161e-14
10787, 2016-12-23 11:00:00, 2.58376e-14
10788, 2016-12-23 12:00:00, 2.57592e-14
10789, 2016-12-23 13:00:00, 2.572e-14
10790, 2016-12-23 14:00:00, 2.56416e-14
10791, 2016-12-23 15:00:00, 2.55632e-14
10792, 2016-12-23 16:00:00, 2.54848e-14
10793, 2016-12-23 17:00:00, 2.54456e-14
10794, 2016-12-23 18:00:00, 2.53672e-14
10795, 2016-12-23 19:00:00, 2.52887e-14
10796, 2016-12-23 20:00:00, 2.52495e-14
10797, 2016-12-23 21:00:00, 2.51711e-14
10798, 2016-12-23 22:00:00, 2.50927e-14
10799, 2016-12-23 23:00:00, 2.50535e-14
10800, 2016-12-24 00:00:00, 2.49751e-14
10801, 2016-12-24 01:00:00, 2.48967e-14
10802, 2016-12-24 02:00:00, 2.48575e-14
10803, 2016-12-24 03:00:00, 2.47791e-14
10804, 2016-12-24 04:00:00, 2.47006e-14
10805, 2016-12-24 05:00:00, 2.46614e-14
10806, 2016-12-24 06:00:00, 2.4583e-14
10807, 2016-12-24 07:00:00, 2.45046e-14
10808, 2016-12-24 08:00:00, 2.44654e-14
10809, 2016-12-24 09:00:00, 2.4387e-14
10810, 2016-12-24 10:00:00, 2.43086e-14
10811, 2016-12-24 11:00:00, 2.42694e-14
10812, 2016-12-24 12:00:00, 2.41909e-14
10813, 2016-12-24 13:00:00, 2.41517e-14
10814, 2016-12-24 14:00:00, 0.00127289
10815, 2016-12-24 15:00:00, 0.0149179
10816, 2016-12-24 16:00:00, 0.0334572
10817, 2016-12-24 17:00:00, 0.0801648
10818, 2016-12-24 18:00:00, 0.0890203
10819, 2016-12-24 19:00:00, 0.0511464
10820, 2016-12-24 20:00:00, 0.0208693
10821, 2016-12-24 21:00:00, 0.0019036
10822, 2016-12-24 22:00:00, 1.60926e-05
10823, 2016-12-24 23:00:00, 2.35244e-14
10824, 2016-12-25 00:00:00, 2.3446e-14
10825, 2016-12-25 01:00:00, 2.33676e-14
10826, 2016-12-25 02:00:00, 2.33284e-14
10827, 2016-12-25 03:00:00, 2.325e-14
10828, 2016-12-25 04:00:00, 2.32108e-14
10829, 2016-12-25 05:00:00, 2.31323e-14
10830, 2016-12-25 06:00:00, 2.30931e-14
10831, 2016-12-25 07:00:00, 2.30147e-14
10832, 2016-12-25 08:00:00, 2.29755e-14
10833, 2016-12-25 09:00:00, 2.28971e-14
10834, 2016-12-25 10:00:00, 2.28579e-14
10835, 2016-12-25 11:00:00, 2.27795e-14
10836, 2016-12-25 12:00:00, 2.27403e-14
10837, 2016-12-25 13:00:00, 1.04557e-09
10838, 2016-12-25 14:00:00, 4.75269e-10
10839, 2016-12-25 15:00:00, 3.8022e-10
10840, 2016-12-25 16:00:00, 2.24658e-14
10841, 2016-12-25 17:00:00, 2.24266e-14
10842, 2016-12-25 18:00:00, 2.23874e-14
10843, 2016-12-25 19:00:00, 2.2309e-14
10844, 2016-12-25 20:00:00, 2.22698e-14
10845, 2016-12-25 21:00:00, 2.21914e-14
10846, 2016-12-25 22:00:00, 2.21522e-14
10847, 2016-12-25 23:00:00, 2.20737e-14
10848, 2016-12-26 00:00:00, 2.20345e-14
10849, 2016-12-26 01:00:00, 2.19561e-14
10850, 2016-12-26 02:00:00, 2.19169e-14
10851, 2016-12-26 03:00:00, 2.18385e-14
10852, 2016-12-26 04:00:00, 2.17993e-14
10853, 2016-12-26 05:00:00, 2.17209e-14
10854, 2016-12-26 06:00:00, 2.16817e-14
10855, 2016-12-26 07:00:00, 2.16033e-14
10856, 2016-12-26 08:00:00, 2.1564e-14
10857, 2016-12-26 09:00:00, 2.15248e-14
10858, 2016-12-26 10:00:00, 2.14464e-14
10859, 2016-12-26 11:00:00, 2.14072e-14
10860, 2016-12-26 12:00:00, 2.13288e-14
10861, 2016-12-26 13:00:00, 2.12896e-14
10862, 2016-12-26 14:00:00, 2.12112e-14
10863, 2016-12-26 15:00:00, 3.52195e-09
10864, 2016-12-26 16:00:00, 1.49892e-08
10865, 2016-12-26 17:00:00, 3.33568e-08
10866, 2016-12-26 18:00:00, 3.42831e-08
10867, 2016-12-26 19:00:00, 1.74514e-08
10868, 2016-12-26 20:00:00, 6.40028e-09
10869, 2016-12-26 21:00:00, 2.08583e-14
10870, 2016-12-26 22:00:00, 2.07799e-14
10871, 2016-12-26 23:00:00, 2.07407e-14
10872, 2016-12-27 00:00:00, 2.06623e-14
10873, 2016-12-27 01:00:00, 9.3634e-10
10874, 2016-12-27 02:00:00, 4.5192e-05
10875, 2016-12-27 03:00:00, 0.000101155
10876, 2016-12-27 04:00:00, 0.000781097
10877, 2016-12-27 05:00:00, 0.000437641
10878, 2016-12-27 06:00:00, 0.00030069
10879, 2016-12-27 07:00:00, 2.87928e-05
10880, 2016-12-27 08:00:00, 6.26604e-07
10881, 2016-12-27 09:00:00, 3.01905e-07
10882, 2016-12-27 10:00:00, 2.15191e-05
10883, 2016-12-27 11:00:00, 2.28943e-05
10884, 2016-12-27 12:00:00, 0.000272169
10885, 2016-12-27 13:00:00, 0.000122238
10886, 2016-12-27 14:00:00, 9.39703e-05
10887, 2016-12-27 15:00:00, 1.98781e-14
10888, 2016-12-27 16:00:00, 1.98389e-14
10889, 2016-12-27 17:00:00, 1.97605e-14
10890, 2016-12-27 18:00:00, 1.97213e-14
10891, 2016-12-27 19:00:00, 1.96821e-14
10892, 2016-12-27 20:00:00, 1.96037e-14
10893, 2016-12-27 21:00:00, 1.95645e-14
10894, 2016-12-27 22:00:00, 1.95253e-14
10895, 2016-12-27 23:00:00, 1.94861e-14
10896, 2016-12-28 00:00:00, 1.94076e-14
10897, 2016-12-28 01:00:00, 1.93684e-14
10898, 2016-12-28 02:00:00, 1.93292e-14
10899, 2016-12-28 03:00:00, 1.92508e-14
10900, 2016-12-28 04:00:00, 1.92116e-14
10901, 2016-12-28 05:00:00, 1.91724e-14
10902, 2016-12-28 06:00:00, 1.9094e-14
10903, 2016-12-28 07:00:00, 1.90548e-14
10904, 2016-12-28 08:00:00, 1.90156e-14
10905, 2016-12-28 09:00:00, 1.89764e-14
10906, 2016-12-28 10:00:00, 1.88979e-14
10907, 2016-12-28 11:00:00, 1.88587e-14
10908, 2016-12-28 12:00:00, 1.88195e-14
10909, 2016-12-28 13:00:00, 1.87803e-14
10910, 2016-12-28 14:00:00, 1.87019e-14
10911, 2016-12-28 15:00:00, 1.86627e-14
10912, 2016-12-28 16:00:00, 1.86235e-14
10913, 2016-12-28 17:00:00, 1.85843e-14
10914, 2016-12-28 18:00:00, 1.85059e-14
10915, 2016-12-28 19:00:00, 1.84667e-14
10916, 2016-12-28 20:00:00, 1.84275e-14
10917, 2016-12-28 21:00:00, 1.83883e-14
10918, 2016-12-28 22:00:00, 1.83098e-14
10919, 2016-12-28 23:00:00, 1.82706e-14
10920, 2016-12-29 00:00:00, 1.82314e-14
10921, 2016-12-29 01:00:00, 1.81922e-14
10922, 2016-12-29 02:00:00, 1.8153e-14
10923, 2016-12-29 03:00:00, 1.80746e-14
10924, 2016-12-29 04:00:00, 1.80354e-14
10925, 2016-12-29 05:00:00, 1.79962e-14
10926, 2016-12-29 06:00:00, 1.7957e-14
10927, 2016-12-29 07:00:00, 1.79178e-14
10928, 2016-12-29 08:00:00, 1.78393e-14
10929, 2016-12-29 09:00:00, 1.78001e-14
10930, 2016-12-29 10:00:00, 1.77609e-14
10931, 2016-12-29 11:00:00, 1.77217e-14
10932, 2016-12-29 12:00:00, 1.76825e-14
10933, 2016-12-29 13:00:00, 1.76041e-14
10934, 2016-12-29 14:00:00, 1.75649e-14
10935, 2016-12-29 15:00:00, 1.75257e-14
10936, 2016-12-29 16:00:00, 1.74865e-14
10937, 2016-12-29 17:00:00, 1.06317e-05
10938, 2016-12-29 18:00:00, 0.00189613
10939, 2016-12-29 19:00:00, 0.00430932
10940, 2016-12-29 20:00:00, 0.0057072
10941, 2016-12-29 21:00:00, 0.0286108
10942, 2016-12-29 22:00:00, 0.0429505
10943, 2016-12-29 23:00:00, 0.137357
10944, 2016-12-30 00:00:00, 0.0628792
10945, 2016-12-30 01:00:00, 0.0420026
10946, 2016-12-30 02:00:00, 0.00043824
10947, 2016-12-30 03:00:00, 0.000314977
10948, 2016-12-30 04:00:00, 0.000119977
10949, 2016-12-30 05:00:00, 2.28557e-05
10950, 2016-12-30 06:00:00, 3.22959e-06
10951, 2016-12-30 07:00:00, 5.24498e-07
10952, 2016-12-30 08:00:00, 1.67807e-14
10953, 2016-12-30 09:00:00, 1.67023e-14
10954, 2016-12-30 10:00:00, 1.66631e-14
10955, 2016-12-30 11:00:00, 1.66239e-14
10956, 2016-12-30 12:00:00, 1.65847e-14
10957, 2016-12-30 13:00:00, 1.65455e-14
10958, 2016-12-30 14:00:00, 1.65063e-14
10959, 2016-12-30 15:00:00, 0.000233035
10960, 2016-12-30 16:00:00, 0.000988116
10961, 2016-12-30 17:00:00, 0.00222448
10962, 2016-12-30 18:00:00, 0.00148917
10963, 2016-12-30 19:00:00, 0.000804106
10964, 2016-12-30 20:00:00, 0.000149135
10965, 2016-12-30 21:00:00, 6.81246e-05
10966, 2016-12-30 22:00:00, 0.000138609
10967, 2016-12-30 23:00:00, 7.136e-05
10968, 2016-12-31 00:00:00, 3.86675e-05
10969, 2016-12-31 01:00:00, 1.52562e-07
10970, 2016-12-31 02:00:00, 1.59966e-14
10971, 2016-12-31 03:00:00, 1.59574e-14
10972, 2016-12-31 04:00:00, 1.59182e-14
10973, 2016-12-31 05:00:00, 1.5879e-14
10974, 2016-12-31 06:00:00, 1.58398e-14
10975, 2016-12-31 07:00:00, 1.58006e-14
10976, 2016-12-31 08:00:00, 1.57614e-14
10977, 2016-12-31 09:00:00, 1.56829e-14
10978, 2016-12-31 10:00:00, 1.56437e-14
10979, 2016-12-31 11:00:00, 1.56045e-14
10980, 2016-12-31 12:00:00, 1.55653e-14
10981, 2016-12-31 13:00:00, 1.55261e-14
10982, 2016-12-31 14:00:00, 1.54869e-14
10983, 2016-12-31 15:00:00, 8.10101e-06
10984, 2016-12-31 16:00:00, 3.7045e-06
10985, 2016-12-31 17:00:00, 2.97899e-06
10986, 2016-12-31 18:00:00, 2.85541e-08
10987, 2016-12-31 19:00:00, 1.29293e-08
10988, 2016-12-31 20:00:00, 3.63154e-09
10989, 2016-12-31 21:00:00, 1.52125e-14
10990, 2016-12-31 22:00:00, 1.51732e-14
10991, 2016-12-31 23:00:00, 1.5134e-14
10992, 2017-01-01 00:00:00, 1.50948e-14
10993, 2017-01-01 01:00:00, 0.000391608
10994, 2017-01-01 02:00:00, 0.00285025
10995, 2017-01-01 03:00:00, 0.00246766
10996, 2017-01-01 04:00:00, 0.0026392
10997, 2017-01-01 05:00:00, 0.000932337
10998, 2017-01-01 06:00:00, 0.00105724
10999, 2017-01-01 07:00:00, 0.000762762
11000, 2017-01-01 08:00:00, 0.00117954
11001, 2017-01-01 09:00:00, 0.00070998
11002, 2017-01-01 10:00:00, 0.000532767
11003, 2017-01-01 11:00:00, 0.000247199
11004, 2017-01-01 12:00:00, 0.000106295
11005, 2017-01-01 13:00:00, 0.000190759
11006, 2017-01-01 14:00:00, 0.00118966
11007, 2017-01-01 15:00:00, 0.000725069
11008, 2017-01-01 16:00:00, 0.000479364
11009, 2017-01-01 17:00:00, 5.81259e-05
11010, 2017-01-01 18:00:00, 1.43891e-14
11011, 2017-01-01 19:00:00, 1.43499e-14
11012, 2017-01-01 20:00:00, 1.43107e-14
11013, 2017-01-01 21:00:00, 1.42715e-14
11014, 2017-01-01 22:00:00, 1.42323e-14
11015, 2017-01-01 23:00:00, 1.42323e-14
11016, 2017-01-02 00:00:00, 1.41931e-14
11017, 2017-01-02 01:00:00, 1.41539e-14
11018, 2017-01-02 02:00:00, 1.41146e-14
11019, 2017-01-02 03:00:00, 1.40754e-14
11020, 2017-01-02 04:00:00, 1.40362e-14
11021, 2017-01-02 05:00:00, 1.3997e-14
11022, 2017-01-02 06:00:00, 1.39578e-14
11023, 2017-01-02 07:00:00, 1.39186e-14
11024, 2017-01-02 08:00:00, 1.38794e-14
11025, 2017-01-02 09:00:00, 1.38402e-14
11026, 2017-01-02 10:00:00, 1.3801e-14
11027, 2017-01-02 11:00:00, 1.37618e-14
11028, 2017-01-02 12:00:00, 1.37226e-14
11029, 2017-01-02 13:00:00, 1.36834e-14
11030, 2017-01-02 14:00:00, 3.58532e-09
11031, 2017-01-02 15:00:00, 6.55413e-09
11032, 2017-01-02 16:00:00, 1.67123e-08
11033, 2017-01-02 17:00:00, 7.77713e-09
11034, 2017-01-02 18:00:00, 4.78915e-09
11035, 2017-01-02 19:00:00, 1.34873e-14
11036, 2017-01-02 20:00:00, 1.34481e-14
11037, 2017-01-02 21:00:00, 1.34089e-14
11038, 2017-01-02 22:00:00, 1.33697e-14
11039, 2017-01-02 23:00:00, 1.33305e-14
11040, 2017-01-03 00:00:00, 1.33305e-14
11041, 2017-01-03 01:00:00, 1.32913e-14
11042, 2017-01-03 02:00:00, 1.32521e-14
11043, 2017-01-03 03:00:00, 1.5105e-05
11044, 2017-01-03 04:00:00, 6.86592e-06
11045, 2017-01-03 05:00:00, 5.49274e-06
11046, 2017-01-03 06:00:00, 1.30953e-14
11047, 2017-01-03 07:00:00, 2.83511e-06
11048, 2017-01-03 08:00:00, 0.000347715
11049, 2017-01-03 09:00:00, 0.00044912
11050, 2017-01-03 10:00:00, 0.00188395
11051, 2017-01-03 11:00:00, 0.000844717
11052, 2017-01-03 12:00:00, 0.000591241
11053, 2017-01-03 13:00:00, 3.03523e-05
11054, 2017-01-03 14:00:00, 7.66836e-05
11055, 2017-01-03 15:00:00, 8.02531e-05
11056, 2017-01-03 16:00:00, 0.000212292
11057, 2017-01-03 17:00:00, 0.000106586
11058, 2017-01-03 18:00:00, 0.000484911
11059, 2017-01-03 19:00:00, 0.000460809
11060, 2017-01-03 20:00:00, 0.00542095
11061, 2017-01-03 21:00:00, 0.00894633
11062, 2017-01-03 22:00:00, 0.0279606
11063, 2017-01-03 23:00:00, 0.0818502
11064, 2017-01-04 00:00:00, 0.224316
11065, 2017-01-04 01:00:00, 0.238605
11066, 2017-01-04 02:00:00, 0.369395
11067, 2017-01-04 03:00:00, 0.425691
11068, 2017-01-04 04:00:00, 0.471042
11069, 2017-01-04 05:00:00, 0.48081
11070, 2017-01-04 06:00:00, 0.472595
11071, 2017-01-04 07:00:00, 0.447835
11072, 2017-01-04 08:00:00, 0.420806
11073, 2017-01-04 09:00:00, 0.387515
11074, 2017-01-04 10:00:00, 0.351735
11075, 2017-01-04 11:00:00, 0.315862
11076, 2017-01-04 12:00:00, 0.281475
11077, 2017-01-04 13:00:00, 0.249503
11078, 2017-01-04 14:00:00, 0.220422
11079, 2017-01-04 15:00:00, 0.194407
11080, 2017-01-04 16:00:00, 0.171435
11081, 2017-01-04 17:00:00, 0.151359
11082, 2017-01-04 18:00:00, 0.133963
11083, 2017-01-04 19:00:00, 0.118995
11084, 2017-01-04 20:00:00, 0.106192
11085, 2017-01-04 21:00:00, 0.0952942
11086, 2017-01-04 22:00:00, 0.0860584
11087, 2017-01-04 23:00:00, 0.0782587
11088, 2017-01-05 00:00:00, 0.0716919
11089, 2017-01-05 01:00:00, 0.0661769
11090, 2017-01-05 02:00:00, 0.0615549
11091, 2017-01-05 03:00:00, 0.0576874
11092, 2017-01-05 04:00:00, 0.0544552
11093, 2017-01-05 05:00:00, 0.0517559
11094, 2017-01-05 06:00:00, 0.0495022
11095, 2017-01-05 07:00:00, 0.0476202
11096, 2017-01-05 08:00:00, 0.0460474
11097, 2017-01-05 09:00:00, 0.0447313
11098, 2017-01-05 10:00:00, 0.0436279
11099, 2017-01-05 11:00:00, 0.0427003
11100, 2017-01-05 12:00:00, 0.0419179
11101, 2017-01-05 13:00:00, 0.0412551
11102, 2017-01-05 14:00:00, 0.0406909
11103, 2017-01-05 15:00:00, 0.0402077
11104, 2017-01-05 16:00:00, 0.039791
11105, 2017-01-05 17:00:00, 0.0394289
11106, 2017-01-05 18:00:00, 0.0391116
11107, 2017-01-05 19:00:00, 0.038831
11108, 2017-01-05 20:00:00, 0.0385805
11109, 2017-01-05 21:00:00, 0.0383545
11110, 2017-01-05 22:00:00, 0.0381487
11111, 2017-01-05 23:00:00, 0.0379594
11112, 2017-01-06 00:00:00, 0.0377836
11113, 2017-01-06 01:00:00, 0.0376189
11114, 2017-01-06 02:00:00, 0.0374632
11115, 2017-01-06 03:00:00, 0.037315
11116, 2017-01-06 04:00:00, 0.037173
11117, 2017-01-06 05:00:00, 0.037036
11118, 2017-01-06 06:00:00, 0.0369032
11119, 2017-01-06 07:00:00, 0.0367739
11120, 2017-01-06 08:00:00, 0.0366474
11121, 2017-01-06 09:00:00, 0.0365234
11122, 2017-01-06 10:00:00, 0.0364014
11123, 2017-01-06 11:00:00, 0.0362812
11124, 2017-01-06 12:00:00, 0.0361624
11125, 2017-01-06 13:00:00, 0.0360449
11126, 2017-01-06 14:00:00, 0.0359285
11127, 2017-01-06 15:00:00, 0.0358131
11128, 2017-01-06 16:00:00, 0.0356985
11129, 2017-01-06 17:00:00, 0.0355848
11130, 2017-01-06 18:00:00, 0.0354717
11131, 2017-01-06 19:00:00, 0.0353593
11132, 2017-01-06 20:00:00, 0.0352475
11133, 2017-01-06 21:00:00, 0.0351362
11134, 2017-01-06 22:00:00, 0.0350255
11135, 2017-01-06 23:00:00, 0.0349152
11136, 2017-01-07 00:00:00, 0.0348055
11137, 2017-01-07 01:00:00, 0.0346962
11138, 2017-01-07 02:00:00, 0.0345873
11139, 2017-01-07 03:00:00, 0.0344789
11140, 2017-01-07 04:00:00, 0.034371
11141, 2017-01-07 05:00:00, 0.0342634
11142, 2017-01-07 06:00:00, 0.0341563
11143, 2017-01-07 07:00:00, 0.0340495
11144, 2017-01-07 08:00:00, 0.0339432
11145, 2017-01-07 09:00:00, 0.0338373
11146, 2017-01-07 10:00:00, 0.0337317
11147, 2017-01-07 11:00:00, 0.0336266
11148, 2017-01-07 12:00:00, 0.0335218
11149, 2017-01-07 13:00:00, 0.0334174
11150, 2017-01-07 14:00:00, 0.0333134
11151, 2017-01-07 15:00:00, 0.0332098
11152, 2017-01-07 16:00:00, 0.0331065
11153, 2017-01-07 17:00:00, 0.0330036
11154, 2017-01-07 18:00:00, 0.0329011
11155, 2017-01-07 19:00:00, 0.032799
11156, 2017-01-07 20:00:00, 0.0326972
11157, 2017-01-07 21:00:00, 0.0325958
11158, 2017-01-07 22:00:00, 0.0324947
11159, 2017-01-07 23:00:00, 0.0323941
11160, 2017-01-08 00:00:00, 0.0322937
11161, 2017-01-08 01:00:00, 0.0321938
11162, 2017-01-08 02:00:00, 0.0320942
11163, 2017-01-08 03:00:00, 0.0319949
11164, 2017-01-08 04:00:00, 0.031896
11165, 2017-01-08 05:00:00, 0.0317975
11166, 2017-01-08 06:00:00, 0.0316993
11167, 2017-01-08 07:00:00, 0.0316014
11168, 2017-01-08 08:00:00, 0.031504
11169, 2017-01-08 09:00:00, 0.0314068
11170, 2017-01-08 10:00:00, 0.03131
11171, 2017-01-08 11:00:00, 0.0312135
11172, 2017-01-08 12:00:00, 0.0311174
11173, 2017-01-08 13:00:00, 0.0310216
11174, 2017-01-08 14:00:00, 0.0309262
11175, 2017-01-08 15:00:00, 0.0308311
11176, 2017-01-08 16:00:00, 0.0307363
11177, 2017-01-08 17:00:00, 0.0306419
11178, 2017-01-08 18:00:00, 0.0305478
11179, 2017-01-08 19:00:00, 0.030454
11180, 2017-01-08 20:00:00, 0.0303606
11181, 2017-01-08 21:00:00, 0.0302675
11182, 2017-01-08 22:00:00, 0.0301747
11183, 2017-01-08 23:00:00, 0.0300823
11184, 2017-01-09 00:00:00, 0.0299901
11185, 2017-01-09 01:00:00, 0.0298983
11186, 2017-01-09 02:00:00, 0.0298068
11187, 2017-01-09 03:00:00, 0.0297157
11188, 2017-01-09 04:00:00, 0.0296248
11189, 2017-01-09 05:00:00, 0.0295343
11190, 2017-01-09 06:00:00, 0.0294441
11191, 2017-01-09 07:00:00, 0.0293542
11192, 2017-01-09 08:00:00, 0.0292646
11193, 2017-01-09 09:00:00, 0.0291753
11194, 2017-01-09 10:00:00, 0.0290864
11195, 2017-01-09 11:00:00, 0.0289977
11196, 2017-01-09 12:00:00, 0.0289094
11197, 2017-01-09 13:00:00, 0.0288213
11198, 2017-01-09 14:00:00, 0.0287336
11199, 2017-01-09 15:00:00, 0.0286462
11200, 2017-01-09 16:00:00, 0.028559
11201, 2017-01-09 17:00:00, 0.0284722
11202, 2017-01-09 18:00:00, 0.0283857
11203, 2017-01-09 19:00:00, 0.0282995
11204, 2017-01-09 20:00:00, 0.0282136
11205, 2017-01-09 21:00:00, 0.0281279
11206, 2017-01-09 22:00:00, 0.0280426
11207, 2017-01-09 23:00:00, 0.0279576
11208, 2017-01-10 00:00:00, 0.0278728
11209, 2017-01-10 01:00:00, 0.0277884
11210, 2017-01-10 02:00:00, 0.0277042
11211, 2017-01-10 03:00:00, 0.0276203
11212, 2017-01-10 04:00:00, 0.0275367
11213, 2017-01-10 05:00:00, 0.0274534
11214, 2017-01-10 06:00:00, 0.0273704
11215, 2017-01-10 07:00:00, 0.0272877
11216, 2017-01-10 08:00:00, 0.0272053
11217, 2017-01-10 09:00:00, 0.0271231
11218, 2017-01-10 10:00:00, 0.0270412
11219, 2017-01-10 11:00:00, 0.0269596
11220, 2017-01-10 12:00:00, 0.0268783
11221, 2017-01-10 13:00:00, 0.0267972
11222, 2017-01-10 14:00:00, 0.0267165
11223, 2017-01-10 15:00:00, 0.026636
11224, 2017-01-10 16:00:00, 0.0265558
11225, 2017-01-10 17:00:00, 0.0264758
11226, 2017-01-10 18:00:00, 0.0263962
11227, 2017-01-10 19:00:00, 0.026323
11228, 2017-01-10 20:00:00, 0.0262452
11229, 2017-01-10 21:00:00, 0.0261715
11230, 2017-01-10 22:00:00, 0.0261132
11231, 2017-01-10 23:00:00, 0.0261126
11232, 2017-01-11 00:00:00, 0.0263039
11233, 2017-01-11 01:00:00, 0.0480034
11234, 2017-01-11 02:00:00, 0.11494
11235, 2017-01-11 03:00:00, 0.112387
11236, 2017-01-11 04:00:00, 0.238706
11237, 2017-01-11 05:00:00, 0.272326
11238, 2017-01-11 06:00:00, 0.360913
11239, 2017-01-11 07:00:00, 0.398317
11240, 2017-01-11 08:00:00, 0.419207
11241, 2017-01-11 09:00:00, 0.460846
11242, 2017-01-11 10:00:00, 0.45744
11243, 2017-01-11 11:00:00, 0.493642
11244, 2017-01-11 12:00:00, 0.527648
11245, 2017-01-11 13:00:00, 0.538427
11246, 2017-01-11 14:00:00, 0.528056
11247, 2017-01-11 15:00:00, 0.502391
11248, 2017-01-11 16:00:00, 0.46822
11249, 2017-01-11 17:00:00, 0.430176
11250, 2017-01-11 18:00:00, 0.391333
11251, 2017-01-11 19:00:00, 0.353656
11252, 2017-01-11 20:00:00, 0.318324
11253, 2017-01-11 21:00:00, 0.285979
11254, 2017-01-11 22:00:00, 0.256892
11255, 2017-01-11 23:00:00, 0.231093
11256, 2017-01-12 00:00:00, 0.208459
11257, 2017-01-12 01:00:00, 0.188775
11258, 2017-01-12 02:00:00, 0.171781
11259, 2017-01-12 03:00:00, 0.157194
11260, 2017-01-12 04:00:00, 0.144763
11261, 2017-01-12 05:00:00, 0.137403
11262, 2017-01-12 06:00:00, 0.169563
11263, 2017-01-12 07:00:00, 0.163545
11264, 2017-01-12 08:00:00, 0.198168
11265, 2017-01-12 09:00:00, 0.25861
11266, 2017-01-12 10:00:00, 0.30519
11267, 2017-01-12 11:00:00, 0.351905
11268, 2017-01-12 12:00:00, 0.394939
11269, 2017-01-12 13:00:00, 0.41158
11270, 2017-01-12 14:00:00, 0.410391
11271, 2017-01-12 15:00:00, 0.396841
11272, 2017-01-12 16:00:00, 0.376078
11273, 2017-01-12 17:00:00, 0.351665
11274, 2017-01-12 18:00:00, 0.325999
11275, 2017-01-12 19:00:00, 0.300635
11276, 2017-01-12 20:00:00, 0.276537
11277, 2017-01-12 21:00:00, 0.254255
11278, 2017-01-12 22:00:00, 0.234055
11279, 2017-01-12 23:00:00, 0.216015
11280, 2017-01-13 00:00:00, 0.200089
11281, 2017-01-13 01:00:00, 0.188275
11282, 2017-01-13 02:00:00, 0.175068
11283, 2017-01-13 03:00:00, 0.164738
11284, 2017-01-13 04:00:00, 0.155199
11285, 2017-01-13 05:00:00, 0.147604
11286, 2017-01-13 06:00:00, 0.141075
11287, 2017-01-13 07:00:00, 0.135477
11288, 2017-01-13 08:00:00, 0.130686
11289, 2017-01-13 09:00:00, 0.126589
11290, 2017-01-13 10:00:00, 0.123086
11291, 2017-01-13 11:00:00, 0.120088
11292, 2017-01-13 12:00:00, 0.117517
11293, 2017-01-13 13:00:00, 0.115307
11294, 2017-01-13 14:00:00, 0.1134
11295, 2017-01-13 15:00:00, 0.111748
11296, 2017-01-13 16:00:00, 0.110308
11297, 2017-01-13 17:00:00, 0.109045
11298, 2017-01-13 18:00:00, 0.10793
11299, 2017-01-13 19:00:00, 0.106938
11300, 2017-01-13 20:00:00, 0.106047
11301, 2017-01-13 21:00:00, 0.105242
11302, 2017-01-13 22:00:00, 0.104506
11303, 2017-01-13 23:00:00, 0.103828
11304, 2017-01-14 00:00:00, 0.103199
11305, 2017-01-14 01:00:00, 0.102609
11306, 2017-01-14 02:00:00, 0.102053
11307, 2017-01-14 03:00:00, 0.101524
11308, 2017-01-14 04:00:00, 0.101018
11309, 2017-01-14 05:00:00, 0.100531
11310, 2017-01-14 06:00:00, 0.100061
11311, 2017-01-14 07:00:00, 0.0996035
11312, 2017-01-14 08:00:00, 0.0991577
11313, 2017-01-14 09:00:00, 0.0987216
11314, 2017-01-14 10:00:00, 0.0982938
11315, 2017-01-14 11:00:00, 0.0978731
11316, 2017-01-14 12:00:00, 0.0974587
11317, 2017-01-14 13:00:00, 0.0970496
11318, 2017-01-14 14:00:00, 0.0966454
11319, 2017-01-14 15:00:00, 0.0962455
11320, 2017-01-14 16:00:00, 0.0958494
11321, 2017-01-14 17:00:00, 0.0954569
11322, 2017-01-14 18:00:00, 0.0950676
11323, 2017-01-14 19:00:00, 0.0946813
11324, 2017-01-14 20:00:00, 0.0942979
11325, 2017-01-14 21:00:00, 0.093917
11326, 2017-01-14 22:00:00, 0.0935388
11327, 2017-01-14 23:00:00, 0.0931629
11328, 2017-01-15 00:00:00, 0.0927894
11329, 2017-01-15 01:00:00, 0.0924181
11330, 2017-01-15 02:00:00, 0.092049
11331, 2017-01-15 03:00:00, 0.0916821
11332, 2017-01-15 04:00:00, 0.0913172
11333, 2017-01-15 05:00:00, 0.0909544
11334, 2017-01-15 06:00:00, 0.0905936
11335, 2017-01-15 07:00:00, 0.0902348
11336, 2017-01-15 08:00:00, 0.0898779
11337, 2017-01-15 09:00:00, 0.089523
11338, 2017-01-15 10:00:00, 0.08917
11339, 2017-01-15 11:00:00, 0.0888188
11340, 2017-01-15 12:00:00, 0.0884695
11341, 2017-01-15 13:00:00, 0.0881221
11342, 2017-01-15 14:00:00, 0.0877765
11343, 2017-01-15 15:00:00, 0.0874327
11344, 2017-01-15 16:00:00, 0.0870907
11345, 2017-01-15 17:00:00, 0.0867505
11346, 2017-01-15 18:00:00, 0.0864121
11347, 2017-01-15 19:00:00, 0.0860755
11348, 2017-01-15 20:00:00, 0.0857405
11349, 2017-01-15 21:00:00, 0.0854073
11350, 2017-01-15 22:00:00, 0.0850759
11351, 2017-01-15 23:00:00, 0.0847461
11352, 2017-01-16 00:00:00, 0.084418
11353, 2017-01-16 01:00:00, 0.0840916
11354, 2017-01-16 02:00:00, 0.0837669
11355, 2017-01-16 03:00:00, 0.0834438
11356, 2017-01-16 04:00:00, 0.0831224
11357, 2017-01-16 05:00:00, 0.0828026
11358, 2017-01-16 06:00:00, 0.0824845
11359, 2017-01-16 07:00:00, 0.0821679
11360, 2017-01-16 08:00:00, 0.081853
11361, 2017-01-16 09:00:00, 0.0815396
11362, 2017-01-16 10:00:00, 0.0812278
11363, 2017-01-16 11:00:00, 0.0809176
11364, 2017-01-16 12:00:00, 0.0806089
11365, 2017-01-16 13:00:00, 0.0803018
11366, 2017-01-16 14:00:00, 0.0799962
11367, 2017-01-16 15:00:00, 0.0796921
11368, 2017-01-16 16:00:00, 0.0793896
11369, 2017-01-16 17:00:00, 0.0790885
11370, 2017-01-16 18:00:00, 0.078789
11371, 2017-01-16 19:00:00, 0.0784909
11372, 2017-01-16 20:00:00, 0.0781943
11373, 2017-01-16 21:00:00, 0.0778992
11374, 2017-01-16 22:00:00, 0.0776055
11375, 2017-01-16 23:00:00, 0.0773133
11376, 2017-01-17 00:00:00, 0.0770225
11377, 2017-01-17 01:00:00, 0.0767331
11378, 2017-01-17 02:00:00, 0.0764452
11379, 2017-01-17 03:00:00, 0.0761586
11380, 2017-01-17 04:00:00, 0.0758735
11381, 2017-01-17 05:00:00, 0.0755897
11382, 2017-01-17 06:00:00, 0.0753073
11383, 2017-01-17 07:00:00, 0.0750263
11384, 2017-01-17 08:00:00, 0.0747466
11385, 2017-01-17 09:00:00, 0.0744683
11386, 2017-01-17 10:00:00, 0.0741914
11387, 2017-01-17 11:00:00, 0.0739157
11388, 2017-01-17 12:00:00, 0.0736414
11389, 2017-01-17 13:00:00, 0.0733685
11390, 2017-01-17 14:00:00, 0.0730968
11391, 2017-01-17 15:00:00, 0.0728264
11392, 2017-01-17 16:00:00, 0.0725573
11393, 2017-01-17 17:00:00, 0.0722895
11394, 2017-01-17 18:00:00, 0.072023
11395, 2017-01-17 19:00:00, 0.0717577
11396, 2017-01-17 20:00:00, 0.0714937
11397, 2017-01-17 21:00:00, 0.0712309
11398, 2017-01-17 22:00:00, 0.0709694
11399, 2017-01-17 23:00:00, 0.0707092
11400, 2017-01-18 00:00:00, 0.0705829
11401, 2017-01-18 01:00:00, 0.0736572
11402, 2017-01-18 02:00:00, 0.0771848
11403, 2017-01-18 03:00:00, 0.0748686
11404, 2017-01-18 04:00:00, 0.076399
11405, 2017-01-18 05:00:00, 0.0794841
11406, 2017-01-18 06:00:00, 0.0903596
11407, 2017-01-18 07:00:00, 0.123272
11408, 2017-01-18 08:00:00, 0.15149
11409, 2017-01-18 09:00:00, 0.187595
11410, 2017-01-18 10:00:00, 0.229091
11411, 2017-01-18 11:00:00, 0.255737
11412, 2017-01-18 12:00:00, 0.278269
11413, 2017-01-18 13:00:00, 0.283533
11414, 2017-01-18 14:00:00, 0.287158
11415, 2017-01-18 15:00:00, 0.281446
11416, 2017-01-18 16:00:00, 0.269794
11417, 2017-01-18 17:00:00, 0.254683
11418, 2017-01-18 18:00:00, 0.23804
11419, 2017-01-18 19:00:00, 0.221141
11420, 2017-01-18 20:00:00, 0.204798
11421, 2017-01-18 21:00:00, 0.189494
11422, 2017-01-18 22:00:00, 0.175489
11423, 2017-01-18 23:00:00, 0.16289
11424, 2017-01-19 00:00:00, 0.151703
11425, 2017-01-19 01:00:00, 0.141872
11426, 2017-01-19 02:00:00, 0.1333
11427, 2017-01-19 03:00:00, 0.125876
11428, 2017-01-19 04:00:00, 0.119478
11429, 2017-01-19 05:00:00, 0.113986
11430, 2017-01-19 06:00:00, 0.109285
11431, 2017-01-19 07:00:00, 0.105271
11432, 2017-01-19 08:00:00, 0.101845
11433, 2017-01-19 09:00:00, 0.0989239
11434, 2017-01-19 10:00:00, 0.0964309
11435, 2017-01-19 11:00:00, 0.0943006
11436, 2017-01-19 12:00:00, 0.0924761
11437, 2017-01-19 13:00:00, 0.0909085
11438, 2017-01-19 14:00:00, 0.089556
11439, 2017-01-19 15:00:00, 0.0883835
11440, 2017-01-19 16:00:00, 0.0873608
11441, 2017-01-19 17:00:00, 0.086463
11442, 2017-01-19 18:00:00, 0.0856687
11443, 2017-01-19 19:00:00, 0.0849605
11444, 2017-01-19 20:00:00, 0.0843234
11445, 2017-01-19 21:00:00, 0.0837454
11446, 2017-01-19 22:00:00, 0.0832161
11447, 2017-01-19 23:00:00, 0.0827273
11448, 2017-01-20 00:00:00, 0.0822719
11449, 2017-01-20 01:00:00, 0.0818441
11450, 2017-01-20 02:00:00, 0.0814392
11451, 2017-01-20 03:00:00, 0.0810534
11452, 2017-01-20 04:00:00, 0.0806834
11453, 2017-01-20 05:00:00, 0.0803265
11454, 2017-01-20 06:00:00, 0.0799807
11455, 2017-01-20 07:00:00, 0.0796442
11456, 2017-01-20 08:00:00, 0.0793154
11457, 2017-01-20 09:00:00, 0.0789933
11458, 2017-01-20 10:00:00, 0.0786769
11459, 2017-01-20 11:00:00, 0.0783653
11460, 2017-01-20 12:00:00, 0.0780579
11461, 2017-01-20 13:00:00, 0.0777545
11462, 2017-01-20 14:00:00, 0.0774539
11463, 2017-01-20 15:00:00, 0.0771563
11464, 2017-01-20 16:00:00, 0.0768613
11465, 2017-01-20 17:00:00, 0.0765688
11466, 2017-01-20 18:00:00, 0.0762784
11467, 2017-01-20 19:00:00, 0.0759901
11468, 2017-01-20 20:00:00, 0.0757037
11469, 2017-01-20 21:00:00, 0.0754191
11470, 2017-01-20 22:00:00, 0.0751362
11471, 2017-01-20 23:00:00, 0.0748549
11472, 2017-01-21 00:00:00, 0.0745752
11473, 2017-01-21 01:00:00, 0.074297
11474, 2017-01-21 02:00:00, 0.0740203
11475, 2017-01-21 03:00:00, 0.073745
11476, 2017-01-21 04:00:00, 0.0734712
11477, 2017-01-21 05:00:00, 0.0731987
11478, 2017-01-21 06:00:00, 0.0729276
11479, 2017-01-21 07:00:00, 0.0726578
11480, 2017-01-21 08:00:00, 0.0723894
11481, 2017-01-21 09:00:00, 0.0721223
11482, 2017-01-21 10:00:00, 0.0718564
11483, 2017-01-21 11:00:00, 0.0715919
11484, 2017-01-21 12:00:00, 0.0713286
11485, 2017-01-21 13:00:00, 0.0710666
11486, 2017-01-21 14:00:00, 0.0708058
11487, 2017-01-21 15:00:00, 0.0705462
11488, 2017-01-21 16:00:00, 0.0702879
11489, 2017-01-21 17:00:00, 0.0700308
11490, 2017-01-21 18:00:00, 0.069775
11491, 2017-01-21 19:00:00, 0.0695203
11492, 2017-01-21 20:00:00, 0.0692668
11493, 2017-01-21 21:00:00, 0.0690145
11494, 2017-01-21 22:00:00, 0.0687634
11495, 2017-01-21 23:00:00, 0.0685134
11496, 2017-01-22 00:00:00, 0.0682646
11497, 2017-01-22 01:00:00, 0.068017
11498, 2017-01-22 02:00:00, 0.0677705
11499, 2017-01-22 03:00:00, 0.0675252
11500, 2017-01-22 04:00:00, 0.067281
11501, 2017-01-22 05:00:00, 0.0670379
11502, 2017-01-22 06:00:00, 0.0667959
11503, 2017-01-22 07:00:00, 0.0665551
11504, 2017-01-22 08:00:00, 0.0663153
11505, 2017-01-22 09:00:00, 0.0660767
11506, 2017-01-22 10:00:00, 0.0658391
11507, 2017-01-22 11:00:00, 0.0656027
11508, 2017-01-22 12:00:00, 0.0653673
11509, 2017-01-22 13:00:00, 0.065133
11510, 2017-01-22 14:00:00, 0.0648997
11511, 2017-01-22 15:00:00, 0.0646675
11512, 2017-01-22 16:00:00, 0.0644364
11513, 2017-01-22 17:00:00, 0.0642063
11514, 2017-01-22 18:00:00, 0.0639772
11515, 2017-01-22 19:00:00, 0.0637492
11516, 2017-01-22 20:00:00, 0.0635222
11517, 2017-01-22 21:00:00, 0.0632963
11518, 2017-01-22 22:00:00, 0.0630713
11519, 2017-01-22 23:00:00, 0.0628474
11520, 2017-01-23 00:00:00, 0.0626244
11521, 2017-01-23 01:00:00, 0.0624025
11522, 2017-01-23 02:00:00, 0.0621815
11523, 2017-01-23 03:00:00, 0.0619615
11524, 2017-01-23 04:00:00, 0.0617426
11525, 2017-01-23 05:00:00, 0.0615245
11526, 2017-01-23 06:00:00, 0.0613075
11527, 2017-01-23 07:00:00, 0.0610914
11528, 2017-01-23 08:00:00, 0.0608763
11529, 2017-01-23 09:00:00, 0.0606621
11530, 2017-01-23 10:00:00, 0.0604489
11531, 2017-01-23 11:00:00, 0.0602366
11532, 2017-01-23 12:00:00, 0.0600252
11533, 2017-01-23 13:00:00, 0.0598148
11534, 2017-01-23 14:00:00, 0.0596053
11535, 2017-01-23 15:00:00, 0.0593967
11536, 2017-01-23 16:00:00, 0.0591891
11537, 2017-01-23 17:00:00, 0.0589823
11538, 2017-01-23 18:00:00, 0.0587764
11539, 2017-01-23 19:00:00, 0.0585715
11540, 2017-01-23 20:00:00, 0.0583674
11541, 2017-01-23 21:00:00, 0.0581642
11542, 2017-01-23 22:00:00, 0.0579619
11543, 2017-01-23 23:00:00, 0.0577605
11544, 2017-01-24 00:00:00, 0.05756
11545, 2017-01-24 01:00:00, 0.0573603
11546, 2017-01-24 02:00:00, 0.0572465
11547, 2017-01-24 03:00:00, 0.0606454
11548, 2017-01-24 04:00:00, 0.0584533
11549, 2017-01-24 05:00:00, 0.0578949
11550, 2017-01-24 06:00:00, 0.0563778
11551, 2017-01-24 07:00:00, 0.0566263
11552, 2017-01-24 08:00:00, 0.0633972
11553, 2017-01-24 09:00:00, 0.150527
11554, 2017-01-24 10:00:00, 0.266775
11555, 2017-01-24 11:00:00, 0.300296
11556, 2017-01-24 12:00:00, 0.365484
11557, 2017-01-24 13:00:00, 0.540135
11558, 2017-01-24 14:00:00, 0.615415
11559, 2017-01-24 15:00:00, 0.736753
11560, 2017-01-24 16:00:00, 0.780046
11561, 2017-01-24 17:00:00, 0.789337
11562, 2017-01-24 18:00:00, 0.767084
11563, 2017-01-24 19:00:00, 0.725517
11564, 2017-01-24 20:00:00, 0.676157
11565, 2017-01-24 21:00:00, 0.628572
11566, 2017-01-24 22:00:00, 0.578921
11567, 2017-01-24 23:00:00, 0.545493
11568, 2017-01-25 00:00:00, 0.516985
11569, 2017-01-25 01:00:00, 0.487261
11570, 2017-01-25 02:00:00, 0.45996
11571, 2017-01-25 03:00:00, 0.436115
11572, 2017-01-25 04:00:00, 0.414746
11573, 2017-01-25 05:00:00, 0.430143
11574, 2017-01-25 06:00:00, 0.42251
11575, 2017-01-25 07:00:00, 0.442007
11576, 2017-01-25 08:00:00, 0.467369
11577, 2017-01-25 09:00:00, 0.475115
11578, 2017-01-25 10:00:00, 0.46884
11579, 2017-01-25 11:00:00, 0.452047
11580, 2017-01-25 12:00:00, 0.429011
11581, 2017-01-25 13:00:00, 0.403019
11582, 2017-01-25 14:00:00, 0.37626
11583, 2017-01-25 15:00:00, 0.350143
11584, 2017-01-25 16:00:00, 0.325523
11585, 2017-01-25 17:00:00, 0.302873
11586, 2017-01-25 18:00:00, 0.282404
11587, 2017-01-25 19:00:00, 0.264155
11588, 2017-01-25 20:00:00, 0.248053
11589, 2017-01-25 21:00:00, 0.233963
11590, 2017-01-25 22:00:00, 0.221709
11591, 2017-01-25 23:00:00, 0.211105
11592, 2017-01-26 00:00:00, 0.201962
11593, 2017-01-26 01:00:00, 0.194099
11594, 2017-01-26 02:00:00, 0.187346
11595, 2017-01-26 03:00:00, 0.181549
11596, 2017-01-26 04:00:00, 0.176572
11597, 2017-01-26 05:00:00, 0.172295
11598, 2017-01-26 06:00:00, 0.168609
11599, 2017-01-26 07:00:00, 0.165418
11600, 2017-01-26 08:00:00, 0.162648
11601, 2017-01-26 09:00:00, 0.160231
11602, 2017-01-26 10:00:00, 0.158111
11603, 2017-01-26 11:00:00, 0.156237
11604, 2017-01-26 12:00:00, 0.154569
11605, 2017-01-26 13:00:00, 0.153073
11606, 2017-01-26 14:00:00, 0.151719
11607, 2017-01-26 15:00:00, 0.150484
11608, 2017-01-26 16:00:00, 0.149574
11609, 2017-01-26 17:00:00, 0.148638
11610, 2017-01-26 18:00:00, 0.147534
11611, 2017-01-26 19:00:00, 0.146481
11612, 2017-01-26 20:00:00, 0.145509
11613, 2017-01-26 21:00:00, 0.144833
11614, 2017-01-26 22:00:00, 0.143927
11615, 2017-01-26 23:00:00, 0.143129
11616, 2017-01-27 00:00:00, 0.142307
11617, 2017-01-27 01:00:00, 0.141571
11618, 2017-01-27 02:00:00, 0.140851
11619, 2017-01-27 03:00:00, 0.140146
11620, 2017-01-27 04:00:00, 0.139454
11621, 2017-01-27 05:00:00, 0.138773
11622, 2017-01-27 06:00:00, 0.138102
11623, 2017-01-27 07:00:00, 0.13744
11624, 2017-01-27 08:00:00, 0.136786
11625, 2017-01-27 09:00:00, 0.136139
11626, 2017-01-27 10:00:00, 0.135499
11627, 2017-01-27 11:00:00, 0.134865
11628, 2017-01-27 12:00:00, 0.134236
11629, 2017-01-27 13:00:00, 0.133613
11630, 2017-01-27 14:00:00, 0.132995
11631, 2017-01-27 15:00:00, 0.132382
11632, 2017-01-27 16:00:00, 0.131774
11633, 2017-01-27 17:00:00, 0.13117
11634, 2017-01-27 18:00:00, 0.130571
11635, 2017-01-27 19:00:00, 0.129975
11636, 2017-01-27 20:00:00, 0.129384
11637, 2017-01-27 21:00:00, 0.128797
11638, 2017-01-27 22:00:00, 0.128214
11639, 2017-01-27 23:00:00, 0.127634
11640, 2017-01-28 00:00:00, 0.127059
11641, 2017-01-28 01:00:00, 0.126487
11642, 2017-01-28 02:00:00, 0.125919
11643, 2017-01-28 03:00:00, 0.125355
11644, 2017-01-28 04:00:00, 0.124794
11645, 2017-01-28 05:00:00, 0.124237
11646, 2017-01-28 06:00:00, 0.123683
11647, 2017-01-28 07:00:00, 0.123133
11648, 2017-01-28 08:00:00, 0.122587
11649, 2017-01-28 09:00:00, 0.122043
11650, 2017-01-28 10:00:00, 0.121504
11651, 2017-01-28 11:00:00, 0.120967
11652, 2017-01-28 12:00:00, 0.120434
11653, 2017-01-28 13:00:00, 0.119904
11654, 2017-01-28 14:00:00, 0.119378
11655, 2017-01-28 15:00:00, 0.118855
11656, 2017-01-28 16:00:00, 0.118335
11657, 2017-01-28 17:00:00, 0.117818
11658, 2017-01-28 18:00:00, 0.117304
11659, 2017-01-28 19:00:00, 0.116793
11660, 2017-01-28 20:00:00, 0.116286
11661, 2017-01-28 21:00:00, 0.115782
11662, 2017-01-28 22:00:00, 0.11528
11663, 2017-01-28 23:00:00, 0.114782
11664, 2017-01-29 00:00:00, 0.114287
11665, 2017-01-29 01:00:00, 0.113794
11666, 2017-01-29 02:00:00, 0.113305
11667, 2017-01-29 03:00:00, 0.112818
11668, 2017-01-29 04:00:00, 0.112335
11669, 2017-01-29 05:00:00, 0.111854
11670, 2017-01-29 06:00:00, 0.111376
11671, 2017-01-29 07:00:00, 0.110901
11672, 2017-01-29 08:00:00, 0.110429
11673, 2017-01-29 09:00:00, 0.10996
11674, 2017-01-29 10:00:00, 0.109493
11675, 2017-01-29 11:00:00, 0.109029
11676, 2017-01-29 12:00:00, 0.108568
11677, 2017-01-29 13:00:00, 0.108109
11678, 2017-01-29 14:00:00, 0.107654
11679, 2017-01-29 15:00:00, 0.1072
11680, 2017-01-29 16:00:00, 0.10675
11681, 2017-01-29 17:00:00, 0.106302
11682, 2017-01-29 18:00:00, 0.105856
11683, 2017-01-29 19:00:00, 0.105414
11684, 2017-01-29 20:00:00, 0.104973
11685, 2017-01-29 21:00:00, 0.104536
11686, 2017-01-29 22:00:00, 0.1041
11687, 2017-01-29 23:00:00, 0.103668
11688, 2017-01-30 00:00:00, 0.103237
11689, 2017-01-30 01:00:00, 0.102809
11690, 2017-01-30 02:00:00, 0.102384
11691, 2017-01-30 03:00:00, 0.101961
11692, 2017-01-30 04:00:00, 0.10154
11693, 2017-01-30 05:00:00, 0.101122
11694, 2017-01-30 06:00:00, 0.100706
11695, 2017-01-30 07:00:00, 0.100292
11696, 2017-01-30 08:00:00, 0.0998811
11697, 2017-01-30 09:00:00, 0.0994721
11698, 2017-01-30 10:00:00, 0.0990653
11699, 2017-01-30 11:00:00, 0.0986609
11700, 2017-01-30 12:00:00, 0.0982586
11701, 2017-01-30 13:00:00, 0.0978586
11702, 2017-01-30 14:00:00, 0.0974608
11703, 2017-01-30 15:00:00, 0.0970652
11704, 2017-01-30 16:00:00, 0.0966718
11705, 2017-01-30 17:00:00, 0.0962805
11706, 2017-01-30 18:00:00, 0.0958914
11707, 2017-01-30 19:00:00, 0.0955044
11708, 2017-01-30 20:00:00, 0.0951195
11709, 2017-01-30 21:00:00, 0.0947366
11710, 2017-01-30 22:00:00, 0.0943559
11711, 2017-01-30 23:00:00, 0.0939772
11712, 2017-01-31 00:00:00, 0.0936006
11713, 2017-01-31 01:00:00, 0.093226
11714, 2017-01-31 02:00:00, 0.0928534
11715, 2017-01-31 03:00:00, 0.0924828
11716, 2017-01-31 04:00:00, 0.0921143
11717, 2017-01-31 05:00:00, 0.0917476
11718, 2017-01-31 06:00:00, 0.091383
11719, 2017-01-31 07:00:00, 0.0910202
11720, 2017-01-31 08:00:00, 0.0906594
11721, 2017-01-31 09:00:00, 0.0903005
11722, 2017-01-31 10:00:00, 0.0899436
11723, 2017-01-31 11:00:00, 0.0895885
11724, 2017-01-31 12:00:00, 0.0892352
11725, 2017-01-31 13:00:00, 0.0888839
11726, 2017-01-31 14:00:00, 0.0885343
11727, 2017-01-31 15:00:00, 0.0881867
11728, 2017-01-31 16:00:00, 0.0878408
11729, 2017-01-31 17:00:00, 0.0874967
11730, 2017-01-31 18:00:00, 0.0872675
11731, 2017-01-31 19:00:00, 0.0868653
11732, 2017-01-31 20:00:00, 0.0865163
11733, 2017-01-31 21:00:00, 0.0861382
11734, 2017-01-31 22:00:00, 0.085803
11735, 2017-01-31 23:00:00, 0.0854695
11736, 2017-02-01 00:00:00, 0.0851377
11737, 2017-02-01 01:00:00, 0.0848077
11738, 2017-02-01 02:00:00, 0.0844793
11739, 2017-02-01 03:00:00, 0.0841526
11740, 2017-02-01 04:00:00, 0.0838275
11741, 2017-02-01 05:00:00, 0.0835042
11742, 2017-02-01 06:00:00, 0.0831824
11743, 2017-02-01 07:00:00, 0.0828624
11744, 2017-02-01 08:00:00, 0.0825439
11745, 2017-02-01 09:00:00, 0.082227
11746, 2017-02-01 10:00:00, 0.0819118
11747, 2017-02-01 11:00:00, 0.0815981
11748, 2017-02-01 12:00:00, 0.081286
11749, 2017-02-01 13:00:00, 0.0809755
11750, 2017-02-01 14:00:00, 0.0806666
11751, 2017-02-01 15:00:00, 0.0803591
11752, 2017-02-01 16:00:00, 0.0800533
11753, 2017-02-01 17:00:00, 0.0797489
11754, 2017-02-01 18:00:00, 0.0794461
11755, 2017-02-01 19:00:00, 0.0791448
11756, 2017-02-01 20:00:00, 0.0788449
11757, 2017-02-01 21:00:00, 0.0785466
11758, 2017-02-01 22:00:00, 0.0782497
11759, 2017-02-01 23:00:00, 0.0779543
11760, 2017-02-02 00:00:00, 0.0776604
11761, 2017-02-02 01:00:00, 0.0773679
11762, 2017-02-02 02:00:00, 0.0770768
11763, 2017-02-02 03:00:00, 0.0767872
11764, 2017-02-02 04:00:00, 0.076499
11765, 2017-02-02 05:00:00, 0.0762121
11766, 2017-02-02 06:00:00, 0.0759267
11767, 2017-02-02 07:00:00, 0.0756427
11768, 2017-02-02 08:00:00, 0.0753601
11769, 2017-02-02 09:00:00, 0.0750788
11770, 2017-02-02 10:00:00, 0.0747989
11771, 2017-02-02 11:00:00, 0.0745203
11772, 2017-02-02 12:00:00, 0.0742431
11773, 2017-02-02 13:00:00, 0.0739672
11774, 2017-02-02 14:00:00, 0.0736927
11775, 2017-02-02 15:00:00, 0.0734194
11776, 2017-02-02 16:00:00, 0.0731475
11777, 2017-02-02 17:00:00, 0.0728769
11778, 2017-02-02 18:00:00, 0.0726076
11779, 2017-02-02 19:00:00, 0.0723395
11780, 2017-02-02 20:00:00, 0.0720728
11781, 2017-02-02 21:00:00, 0.0718073
11782, 2017-02-02 22:00:00, 0.071543
11783, 2017-02-02 23:00:00, 0.07128
11784, 2017-02-03 00:00:00, 0.0710183
11785, 2017-02-03 01:00:00, 0.0707578
11786, 2017-02-03 02:00:00, 0.0704985
11787, 2017-02-03 03:00:00, 0.0702404
11788, 2017-02-03 04:00:00, 0.0699836
11789, 2017-02-03 05:00:00, 0.0697279
11790, 2017-02-03 06:00:00, 0.0694735
11791, 2017-02-03 07:00:00, 0.0692202
11792, 2017-02-03 08:00:00, 0.0689682
11793, 2017-02-03 09:00:00, 0.0687173
11794, 2017-02-03 10:00:00, 0.0684675
11795, 2017-02-03 11:00:00, 0.068219
11796, 2017-02-03 12:00:00, 0.0679716
11797, 2017-02-03 13:00:00, 0.0677253
11798, 2017-02-03 14:00:00, 0.0674802
11799, 2017-02-03 15:00:00, 0.0672362
11800, 2017-02-03 16:00:00, 0.0669933
11801, 2017-02-03 17:00:00, 0.0667515
11802, 2017-02-03 18:00:00, 0.0665109
11803, 2017-02-03 19:00:00, 0.0662793
11804, 2017-02-03 20:00:00, 0.0660365
11805, 2017-02-03 21:00:00, 0.0657984
11806, 2017-02-03 22:00:00, 0.0655593
11807, 2017-02-03 23:00:00, 0.0653241
11808, 2017-02-04 00:00:00, 0.06509
11809, 2017-02-04 01:00:00, 0.0648569
11810, 2017-02-04 02:00:00, 0.0646249
11811, 2017-02-04 03:00:00, 0.064394
11812, 2017-02-04 04:00:00, 0.0641641
11813, 2017-02-04 05:00:00, 0.0639352
11814, 2017-02-04 06:00:00, 0.0637074
11815, 2017-02-04 07:00:00, 0.0634806
11816, 2017-02-04 08:00:00, 0.0632548
11817, 2017-02-04 09:00:00, 0.06303
11818, 2017-02-04 10:00:00, 0.0628063
11819, 2017-02-04 11:00:00, 0.0625835
11820, 2017-02-04 12:00:00, 0.0623617
11821, 2017-02-04 13:00:00, 0.062141
11822, 2017-02-04 14:00:00, 0.0619212
11823, 2017-02-04 15:00:00, 0.0617024
11824, 2017-02-04 16:00:00, 0.0614845
11825, 2017-02-04 17:00:00, 0.0612677
11826, 2017-02-04 18:00:00, 0.061065
11827, 2017-02-04 19:00:00, 0.0608428
11828, 2017-02-04 20:00:00, 0.0606276
11829, 2017-02-04 21:00:00, 0.0604098
11830, 2017-02-04 22:00:00, 0.0601976
11831, 2017-02-04 23:00:00, 0.0599865
11832, 2017-02-05 00:00:00, 0.0597762
11833, 2017-02-05 01:00:00, 0.0595669
11834, 2017-02-05 02:00:00, 0.0593585
11835, 2017-02-05 03:00:00, 0.059151
11836, 2017-02-05 04:00:00, 0.0589444
11837, 2017-02-05 05:00:00, 0.0587387
11838, 2017-02-05 06:00:00, 0.0585339
11839, 2017-02-05 07:00:00, 0.05833
11840, 2017-02-05 08:00:00, 0.0581269
11841, 2017-02-05 09:00:00, 0.0579248
11842, 2017-02-05 10:00:00, 0.0577235
11843, 2017-02-05 11:00:00, 0.0575231
11844, 2017-02-05 12:00:00, 0.0573236
11845, 2017-02-05 13:00:00, 0.057125
11846, 2017-02-05 14:00:00, 0.0569272
11847, 2017-02-05 15:00:00, 0.0567302
11848, 2017-02-05 16:00:00, 0.0565341
11849, 2017-02-05 17:00:00, 0.0563388
11850, 2017-02-05 18:00:00, 0.0561444
11851, 2017-02-05 19:00:00, 0.0559508
11852, 2017-02-05 20:00:00, 0.055758
11853, 2017-02-05 21:00:00, 0.0555661
11854, 2017-02-05 22:00:00, 0.0553749
11855, 2017-02-05 23:00:00, 0.0551846
11856, 2017-02-06 00:00:00, 0.0549951
11857, 2017-02-06 01:00:00, 0.0548064
11858, 2017-02-06 02:00:00, 0.0546185
11859, 2017-02-06 03:00:00, 0.0544314
11860, 2017-02-06 04:00:00, 0.0542451
11861, 2017-02-06 05:00:00, 0.0540596
11862, 2017-02-06 06:00:00, 0.0538748
11863, 2017-02-06 07:00:00, 0.0536909
11864, 2017-02-06 08:00:00, 0.0535077
11865, 2017-02-06 09:00:00, 0.0533253
11866, 2017-02-06 10:00:00, 0.0531436
11867, 2017-02-06 11:00:00, 0.0529627
11868, 2017-02-06 12:00:00, 0.0527826
11869, 2017-02-06 13:00:00, 0.0526032
11870, 2017-02-06 14:00:00, 0.0524246
11871, 2017-02-06 15:00:00, 0.0522467
11872, 2017-02-06 16:00:00, 0.0520696
11873, 2017-02-06 17:00:00, 0.0518931
11874, 2017-02-06 18:00:00, 0.0517175
11875, 2017-02-06 19:00:00, 0.0515425
11876, 2017-02-06 20:00:00, 0.0513683
11877, 2017-02-06 21:00:00, 0.0511948
11878, 2017-02-06 22:00:00, 0.051022
11879, 2017-02-06 23:00:00, 0.05085
11880, 2017-02-07 00:00:00, 0.0506786
11881, 2017-02-07 01:00:00, 0.0505079
11882, 2017-02-07 02:00:00, 0.050338
11883, 2017-02-07 03:00:00, 0.0501687
11884, 2017-02-07 04:00:00, 0.0500002
11885, 2017-02-07 05:00:00, 0.0498323
11886, 2017-02-07 06:00:00, 0.0496651
11887, 2017-02-07 07:00:00, 0.0494986
11888, 2017-02-07 08:00:00, 0.0493328
11889, 2017-02-07 09:00:00, 0.0491677
11890, 2017-02-07 10:00:00, 0.0490032
11891, 2017-02-07 11:00:00, 0.0488394
11892, 2017-02-07 12:00:00, 0.0486763
11893, 2017-02-07 13:00:00, 0.0485138
11894, 2017-02-07 14:00:00, 0.0483899
11895, 2017-02-07 15:00:00, 0.0482181
11896, 2017-02-07 16:00:00, 0.0481127
11897, 2017-02-07 17:00:00, 0.0480896
11898, 2017-02-07 18:00:00, 0.0481129
11899, 2017-02-07 19:00:00, 0.0484671
11900, 2017-02-07 20:00:00, 0.047872
11901, 2017-02-07 21:00:00, 0.0476008
11902, 2017-02-07 22:00:00, 0.0472468
11903, 2017-02-07 23:00:00, 0.0471747
11904, 2017-02-08 00:00:00, 0.0480891
11905, 2017-02-08 01:00:00, 0.0473
11906, 2017-02-08 02:00:00, 0.0469773
11907, 2017-02-08 03:00:00, 0.0464028
11908, 2017-02-08 04:00:00, 0.0462078
11909, 2017-02-08 05:00:00, 0.0460331
11910, 2017-02-08 06:00:00, 0.0458663
11911, 2017-02-08 07:00:00, 0.0457047
11912, 2017-02-08 08:00:00, 0.045551
11913, 2017-02-08 09:00:00, 0.0453984
11914, 2017-02-08 10:00:00, 0.045249
11915, 2017-02-08 11:00:00, 0.0451191
11916, 2017-02-08 12:00:00, 0.0450062
11917, 2017-02-08 13:00:00, 0.0449786
11918, 2017-02-08 14:00:00, 0.0456077
11919, 2017-02-08 15:00:00, 0.0483821
11920, 2017-02-08 16:00:00, 0.0529092
11921, 2017-02-08 17:00:00, 0.0484989
11922, 2017-02-08 18:00:00, 0.0465022
11923, 2017-02-08 19:00:00, 0.0439317
11924, 2017-02-08 20:00:00, 0.0437878
11925, 2017-02-08 21:00:00, 0.0436448
11926, 2017-02-08 22:00:00, 0.0435024
11927, 2017-02-08 23:00:00, 0.0433605
11928, 2017-02-09 00:00:00, 0.0432192
11929, 2017-02-09 01:00:00, 0.0430784
11930, 2017-02-09 02:00:00, 0.0429382
11931, 2017-02-09 03:00:00, 0.0427985
11932, 2017-02-09 04:00:00, 0.0426594
11933, 2017-02-09 05:00:00, 0.0425208
11934, 2017-02-09 06:00:00, 0.0423828
11935, 2017-02-09 07:00:00, 0.0422453
11936, 2017-02-09 08:00:00, 0.0421083
11937, 2017-02-09 09:00:00, 0.0419718
11938, 2017-02-09 10:00:00, 0.0418359
11939, 2017-02-09 11:00:00, 0.0417005
11940, 2017-02-09 12:00:00, 0.0415656
11941, 2017-02-09 13:00:00, 0.0414312
11942, 2017-02-09 14:00:00, 0.0412974
11943, 2017-02-09 15:00:00, 0.0411641
11944, 2017-02-09 16:00:00, 0.0410312
11945, 2017-02-09 17:00:00, 0.0408989
11946, 2017-02-09 18:00:00, 0.0407671
11947, 2017-02-09 19:00:00, 0.0406358
11948, 2017-02-09 20:00:00, 0.040505
11949, 2017-02-09 21:00:00, 0.0403747
11950, 2017-02-09 22:00:00, 0.0402449
11951, 2017-02-09 23:00:00, 0.0401156
11952, 2017-02-10 00:00:00, 0.0399868
11953, 2017-02-10 01:00:00, 0.0398585
11954, 2017-02-10 02:00:00, 0.0397306
11955, 2017-02-10 03:00:00, 0.0396033
11956, 2017-02-10 04:00:00, 0.0394764
11957, 2017-02-10 05:00:00, 0.03935
11958, 2017-02-10 06:00:00, 0.0392241
11959, 2017-02-10 07:00:00, 0.0390987
11960, 2017-02-10 08:00:00, 0.0389737
11961, 2017-02-10 09:00:00, 0.0388492
11962, 2017-02-10 10:00:00, 0.0387252
11963, 2017-02-10 11:00:00, 0.0386017
11964, 2017-02-10 12:00:00, 0.0384786
11965, 2017-02-10 13:00:00, 0.038356
11966, 2017-02-10 14:00:00, 0.0382338
11967, 2017-02-10 15:00:00, 0.0381121
11968, 2017-02-10 16:00:00, 0.0379908
11969, 2017-02-10 17:00:00, 0.03787
11970, 2017-02-10 18:00:00, 0.0377497
11971, 2017-02-10 19:00:00, 0.0376298
11972, 2017-02-10 20:00:00, 0.0375103
11973, 2017-02-10 21:00:00, 0.0373913
11974, 2017-02-10 22:00:00, 0.0372728
11975, 2017-02-10 23:00:00, 0.0371547
11976, 2017-02-11 00:00:00, 0.037037
11977, 2017-02-11 01:00:00, 0.0369197
11978, 2017-02-11 02:00:00, 0.0368029
11979, 2017-02-11 03:00:00, 0.0366866
11980, 2017-02-11 04:00:00, 0.0365706
11981, 2017-02-11 05:00:00, 0.0364551
11982, 2017-02-11 06:00:00, 0.03634
11983, 2017-02-11 07:00:00, 0.0362254
11984, 2017-02-11 08:00:00, 0.0361111
11985, 2017-02-11 09:00:00, 0.0359973
11986, 2017-02-11 10:00:00, 0.0358839
11987, 2017-02-11 11:00:00, 0.0357709
11988, 2017-02-11 12:00:00, 0.0356584
11989, 2017-02-11 13:00:00, 0.0355462
11990, 2017-02-11 14:00:00, 0.0354345
11991, 2017-02-11 15:00:00, 0.0353231
11992, 2017-02-11 16:00:00, 0.0352122
11993, 2017-02-11 17:00:00, 0.0351017
11994, 2017-02-11 18:00:00, 0.0349916
11995, 2017-02-11 19:00:00, 0.0353027
11996, 2017-02-11 20:00:00, 0.0352538
11997, 2017-02-11 21:00:00, 0.0351489
11998, 2017-02-11 22:00:00, 0.0348907
11999, 2017-02-11 23:00:00, 0.0346799
12000, 2017-02-12 00:00:00, 0.0345016
12001, 2017-02-12 01:00:00, 0.0343457
12002, 2017-02-12 02:00:00, 0.0342051
12003, 2017-02-12 03:00:00, 0.0340753
12004, 2017-02-12 04:00:00, 0.0339529
12005, 2017-02-12 05:00:00, 0.0338358
12006, 2017-02-12 06:00:00, 0.0337224
12007, 2017-02-12 07:00:00, 0.0336117
12008, 2017-02-12 08:00:00, 0.0335031
12009, 2017-02-12 09:00:00, 0.0334024
12010, 2017-02-12 10:00:00, 0.0334093
12011, 2017-02-12 11:00:00, 0.0334416
12012, 2017-02-12 12:00:00, 0.0340256
12013, 2017-02-12 13:00:00, 0.0348864
12014, 2017-02-12 14:00:00, 0.0358224
12015, 2017-02-12 15:00:00, 0.0367122
12016, 2017-02-12 16:00:00, 0.0374896
12017, 2017-02-12 17:00:00, 0.0381246
12018, 2017-02-12 18:00:00, 0.0385586
12019, 2017-02-12 19:00:00, 0.0388523
12020, 2017-02-12 20:00:00, 0.0387607
12021, 2017-02-12 21:00:00, 0.0384135
12022, 2017-02-12 22:00:00, 0.0379159
12023, 2017-02-12 23:00:00, 0.0373412
12024, 2017-02-13 00:00:00, 0.0367386
12025, 2017-02-13 01:00:00, 0.0361405
12026, 2017-02-13 02:00:00, 0.0355667
12027, 2017-02-13 03:00:00, 0.0350288
12028, 2017-02-13 04:00:00, 0.0345326
12029, 2017-02-13 05:00:00, 0.0340797
12030, 2017-02-13 06:00:00, 0.0336694
12031, 2017-02-13 07:00:00, 0.0332995
12032, 2017-02-13 08:00:00, 0.0329668
12033, 2017-02-13 09:00:00, 0.0326676
12034, 2017-02-13 10:00:00, 0.0323984
12035, 2017-02-13 11:00:00, 0.0321554
12036, 2017-02-13 12:00:00, 0.0319354
12037, 2017-02-13 13:00:00, 0.0317353
12038, 2017-02-13 14:00:00, 0.0315522
12039, 2017-02-13 15:00:00, 0.0313836
12040, 2017-02-13 16:00:00, 0.0312275
12041, 2017-02-13 17:00:00, 0.031082
12042, 2017-02-13 18:00:00, 0.0309453
12043, 2017-02-13 19:00:00, 0.0308162
12044, 2017-02-13 20:00:00, 0.0306934
12045, 2017-02-13 21:00:00, 0.030576
12046, 2017-02-13 22:00:00, 0.030463
12047, 2017-02-13 23:00:00, 0.0303539
12048, 2017-02-14 00:00:00, 0.0302479
12049, 2017-02-14 01:00:00, 0.0301446
12050, 2017-02-14 02:00:00, 0.0300436
12051, 2017-02-14 03:00:00, 0.0299445
12052, 2017-02-14 04:00:00, 0.029847
12053, 2017-02-14 05:00:00, 0.029751
12054, 2017-02-14 06:00:00, 0.0296561
12055, 2017-02-14 07:00:00, 0.0295623
12056, 2017-02-14 08:00:00, 0.0294695
12057, 2017-02-14 09:00:00, 0.0293774
12058, 2017-02-14 10:00:00, 0.029286
12059, 2017-02-14 11:00:00, 0.0291953
12060, 2017-02-14 12:00:00, 0.0291051
12061, 2017-02-14 13:00:00, 0.0290155
12062, 2017-02-14 14:00:00, 0.0289263
12063, 2017-02-14 15:00:00, 0.0288376
12064, 2017-02-14 16:00:00, 0.0287494
12065, 2017-02-14 17:00:00, 0.0286615
12066, 2017-02-14 18:00:00, 0.0292535
12067, 2017-02-14 19:00:00, 0.0322913
12068, 2017-02-14 20:00:00, 0.0370645
12069, 2017-02-14 21:00:00, 0.0511612
12070, 2017-02-14 22:00:00, 0.0681249
12071, 2017-02-14 23:00:00, 0.0850475
12072, 2017-02-15 00:00:00, 0.0999668
12073, 2017-02-15 01:00:00, 0.111969
12074, 2017-02-15 02:00:00, 0.120761
12075, 2017-02-15 03:00:00, 0.12643
12076, 2017-02-15 04:00:00, 0.129276
12077, 2017-02-15 05:00:00, 0.129704
12078, 2017-02-15 06:00:00, 0.128148
12079, 2017-02-15 07:00:00, 0.125024
12080, 2017-02-15 08:00:00, 0.120711
12081, 2017-02-15 09:00:00, 0.115545
12082, 2017-02-15 10:00:00, 0.109801
12083, 2017-02-15 11:00:00, 0.103728
12084, 2017-02-15 12:00:00, 0.0975062
12085, 2017-02-15 13:00:00, 0.0912731
12086, 2017-02-15 14:00:00, 0.0851704
12087, 2017-02-15 15:00:00, 0.079383
12088, 2017-02-15 16:00:00, 0.0743424
12089, 2017-02-15 17:00:00, 0.0719506
12090, 2017-02-15 18:00:00, 0.0839009
12091, 2017-02-15 19:00:00, 0.216517
12092, 2017-02-15 20:00:00, 0.2676
12093, 2017-02-15 21:00:00, 0.351757
12094, 2017-02-15 22:00:00, 0.463488
12095, 2017-02-15 23:00:00, 0.562783
12096, 2017-02-16 00:00:00, 0.603409
12097, 2017-02-16 01:00:00, 0.666246
12098, 2017-02-16 02:00:00, 0.690157
12099, 2017-02-16 03:00:00, 0.719392
12100, 2017-02-16 04:00:00, 0.711854
12101, 2017-02-16 05:00:00, 0.685628
12102, 2017-02-16 06:00:00, 0.645786
12103, 2017-02-16 07:00:00, 0.598405
12104, 2017-02-16 08:00:00, 0.547735
12105, 2017-02-16 09:00:00, 0.497142
12106, 2017-02-16 10:00:00, 0.448761
12107, 2017-02-16 11:00:00, 0.40384
12108, 2017-02-16 12:00:00, 0.363011
12109, 2017-02-16 13:00:00, 0.326494
12110, 2017-02-16 14:00:00, 0.294242
12111, 2017-02-16 15:00:00, 0.266039
12112, 2017-02-16 16:00:00, 0.242223
12113, 2017-02-16 17:00:00, 0.221147
12114, 2017-02-16 18:00:00, 0.205299
12115, 2017-02-16 19:00:00, 0.191284
12116, 2017-02-16 20:00:00, 0.17891
12117, 2017-02-16 21:00:00, 0.168072
12118, 2017-02-16 22:00:00, 0.158645
12119, 2017-02-16 23:00:00, 0.150493
12120, 2017-02-17 00:00:00, 0.143473
12121, 2017-02-17 01:00:00, 0.137447
12122, 2017-02-17 02:00:00, 0.132287
12123, 2017-02-17 03:00:00, 0.127874
12124, 2017-02-17 04:00:00, 0.124102
12125, 2017-02-17 05:00:00, 0.120875
12126, 2017-02-17 06:00:00, 0.118112
12127, 2017-02-17 07:00:00, 0.115741
12128, 2017-02-17 08:00:00, 0.113699
12129, 2017-02-17 09:00:00, 0.111934
12130, 2017-02-17 10:00:00, 0.1104
12131, 2017-02-17 11:00:00, 0.10906
12132, 2017-02-17 12:00:00, 0.107881
12133, 2017-02-17 13:00:00, 0.106836
12134, 2017-02-17 14:00:00, 0.105902
12135, 2017-02-17 15:00:00, 0.105061
12136, 2017-02-17 16:00:00, 0.104297
12137, 2017-02-17 17:00:00, 0.103596
12138, 2017-02-17 18:00:00, 0.102948
12139, 2017-02-17 19:00:00, 0.102343
12140, 2017-02-17 20:00:00, 0.101774
12141, 2017-02-17 21:00:00, 0.101236
12142, 2017-02-17 22:00:00, 0.100723
12143, 2017-02-17 23:00:00, 0.10023
12144, 2017-02-18 00:00:00, 0.0997553
12145, 2017-02-18 01:00:00, 0.0992949
12146, 2017-02-18 02:00:00, 0.0988468
12147, 2017-02-18 03:00:00, 0.0984092
12148, 2017-02-18 04:00:00, 0.0979805
12149, 2017-02-18 05:00:00, 0.0975594
12150, 2017-02-18 06:00:00, 0.0971449
12151, 2017-02-18 07:00:00, 0.0967362
12152, 2017-02-18 08:00:00, 0.0963325
12153, 2017-02-18 09:00:00, 0.0959334
12154, 2017-02-18 10:00:00, 0.0955383
12155, 2017-02-18 11:00:00, 0.0951468
12156, 2017-02-18 12:00:00, 0.0947587
12157, 2017-02-18 13:00:00, 0.0943737
12158, 2017-02-18 14:00:00, 0.0939916
12159, 2017-02-18 15:00:00, 0.0936122
12160, 2017-02-18 16:00:00, 0.0932353
12161, 2017-02-18 17:00:00, 0.0928609
12162, 2017-02-18 18:00:00, 0.0924889
12163, 2017-02-18 19:00:00, 0.0921191
12164, 2017-02-18 20:00:00, 0.0917515
12165, 2017-02-18 21:00:00, 0.0913861
12166, 2017-02-18 22:00:00, 0.0910227
12167, 2017-02-18 23:00:00, 0.0906614
12168, 2017-02-19 00:00:00, 0.0903021
12169, 2017-02-19 01:00:00, 0.0899448
12170, 2017-02-19 02:00:00, 0.0895895
12171, 2017-02-19 03:00:00, 0.089236
12172, 2017-02-19 04:00:00, 0.0888845
12173, 2017-02-19 05:00:00, 0.0885349
12174, 2017-02-19 06:00:00, 0.0881871
12175, 2017-02-19 07:00:00, 0.0878411
12176, 2017-02-19 08:00:00, 0.087497
12177, 2017-02-19 09:00:00, 0.0871546
12178, 2017-02-19 10:00:00, 0.0868141
12179, 2017-02-19 11:00:00, 0.0864753
12180, 2017-02-19 12:00:00, 0.0861383
12181, 2017-02-19 13:00:00, 0.0858031
12182, 2017-02-19 14:00:00, 0.0854696
12183, 2017-02-19 15:00:00, 0.0851378
12184, 2017-02-19 16:00:00, 0.0848077
12185, 2017-02-19 17:00:00, 0.0844793
12186, 2017-02-19 18:00:00, 0.0841526
12187, 2017-02-19 19:00:00, 0.0838275
12188, 2017-02-19 20:00:00, 0.0835042
12189, 2017-02-19 21:00:00, 0.0831824
12190, 2017-02-19 22:00:00, 0.0828623
12191, 2017-02-19 23:00:00, 0.0825439
12192, 2017-02-20 00:00:00, 0.082227
12193, 2017-02-20 01:00:00, 0.0819117
12194, 2017-02-20 02:00:00, 0.0815981
12195, 2017-02-20 03:00:00, 0.081286
12196, 2017-02-20 04:00:00, 0.0809755
12197, 2017-02-20 05:00:00, 0.0806665
12198, 2017-02-20 06:00:00, 0.0803591
12199, 2017-02-20 07:00:00, 0.0800532
12200, 2017-02-20 08:00:00, 0.0797489
12201, 2017-02-20 09:00:00, 0.0794461
12202, 2017-02-20 10:00:00, 0.0791447
12203, 2017-02-20 11:00:00, 0.0788449
12204, 2017-02-20 12:00:00, 0.0785466
12205, 2017-02-20 13:00:00, 0.0782497
12206, 2017-02-20 14:00:00, 0.0779543
12207, 2017-02-20 15:00:00, 0.0776604
12208, 2017-02-20 16:00:00, 0.0773679
12209, 2017-02-20 17:00:00, 0.0770768
12210, 2017-02-20 18:00:00, 0.0767872
12211, 2017-02-20 19:00:00, 0.0764989
12212, 2017-02-20 20:00:00, 0.0762121
12213, 2017-02-20 21:00:00, 0.0759267
12214, 2017-02-20 22:00:00, 0.0756427
12215, 2017-02-20 23:00:00, 0.07536
12216, 2017-02-21 00:00:00, 0.0750788
12217, 2017-02-21 01:00:00, 0.0747988
12218, 2017-02-21 02:00:00, 0.0745203
12219, 2017-02-21 03:00:00, 0.0742431
12220, 2017-02-21 04:00:00, 0.0739672
12221, 2017-02-21 05:00:00, 0.0736926
12222, 2017-02-21 06:00:00, 0.0734194
12223, 2017-02-21 07:00:00, 0.0731475
12224, 2017-02-21 08:00:00, 0.0728769
12225, 2017-02-21 09:00:00, 0.0726075
12226, 2017-02-21 10:00:00, 0.0723395
12227, 2017-02-21 11:00:00, 0.0720727
12228, 2017-02-21 12:00:00, 0.0718072
12229, 2017-02-21 13:00:00, 0.071543
12230, 2017-02-21 14:00:00, 0.07128
12231, 2017-02-21 15:00:00, 0.0710183
12232, 2017-02-21 16:00:00, 0.0707577
12233, 2017-02-21 17:00:00, 0.0704985
12234, 2017-02-21 18:00:00, 0.0702404
12235, 2017-02-21 19:00:00, 0.0699836
12236, 2017-02-21 20:00:00, 0.0697279
12237, 2017-02-21 21:00:00, 0.0694735
12238, 2017-02-21 22:00:00, 0.0692202
12239, 2017-02-21 23:00:00, 0.0689681
12240, 2017-02-22 00:00:00, 0.0687172
12241, 2017-02-22 01:00:00, 0.0684675
12242, 2017-02-22 02:00:00, 0.0682189
12243, 2017-02-22 03:00:00, 0.0679715
12244, 2017-02-22 04:00:00, 0.0677253
12245, 2017-02-22 05:00:00, 0.0674801
12246, 2017-02-22 06:00:00, 0.0672361
12247, 2017-02-22 07:00:00, 0.0669933
12248, 2017-02-22 08:00:00, 0.0667515
12249, 2017-02-22 09:00:00, 0.0665109
12250, 2017-02-22 10:00:00, 0.0662713
12251, 2017-02-22 11:00:00, 0.0660329
12252, 2017-02-22 12:00:00, 0.0657955
12253, 2017-02-22 13:00:00, 0.0655592
12254, 2017-02-22 14:00:00, 0.0653241
12255, 2017-02-22 15:00:00, 0.0650899
12256, 2017-02-22 16:00:00, 0.0648569
12257, 2017-02-22 17:00:00, 0.0646249
12258, 2017-02-22 18:00:00, 0.0643939
12259, 2017-02-22 19:00:00, 0.064164
12260, 2017-02-22 20:00:00, 0.0639352
12261, 2017-02-22 21:00:00, 0.0637073
12262, 2017-02-22 22:00:00, 0.0634805
12263, 2017-02-22 23:00:00, 0.0632548
12264, 2017-02-23 00:00:00, 0.06303
12265, 2017-02-23 01:00:00, 0.0628062
12266, 2017-02-23 02:00:00, 0.0625835
12267, 2017-02-23 03:00:00, 0.0623617
12268, 2017-02-23 04:00:00, 0.0621409
12269, 2017-02-23 05:00:00, 0.0619212
12270, 2017-02-23 06:00:00, 0.0617023
12271, 2017-02-23 07:00:00, 0.0614845
12272, 2017-02-23 08:00:00, 0.0612676
12273, 2017-02-23 09:00:00, 0.0610517
12274, 2017-02-23 10:00:00, 0.0608368
12275, 2017-02-23 11:00:00, 0.0606228
12276, 2017-02-23 12:00:00, 0.0604097
12277, 2017-02-23 13:00:00, 0.0601976
12278, 2017-02-23 14:00:00, 0.0599864
12279, 2017-02-23 15:00:00, 0.0597762
12280, 2017-02-23 16:00:00, 0.0595668
12281, 2017-02-23 17:00:00, 0.0593584
12282, 2017-02-23 18:00:00, 0.0591509
12283, 2017-02-23 19:00:00, 0.0589443
12284, 2017-02-23 20:00:00, 0.0587386
12285, 2017-02-23 21:00:00, 0.0585338
12286, 2017-02-23 22:00:00, 0.0583299
12287, 2017-02-23 23:00:00, 0.0581269
12288, 2017-02-24 00:00:00, 0.0579248
12289, 2017-02-24 01:00:00, 0.0577235
12290, 2017-02-24 02:00:00, 0.0575231
12291, 2017-02-24 03:00:00, 0.0573236
12292, 2017-02-24 04:00:00, 0.0571249
12293, 2017-02-24 05:00:00, 0.0569271
12294, 2017-02-24 06:00:00, 0.0567302
12295, 2017-02-24 07:00:00, 0.0565341
12296, 2017-02-24 08:00:00, 0.0563388
12297, 2017-02-24 09:00:00, 0.0561444
12298, 2017-02-24 10:00:00, 0.0559508
12299, 2017-02-24 11:00:00, 0.055758
12300, 2017-02-24 12:00:00, 0.0555661
12301, 2017-02-24 13:00:00, 0.0553749
12302, 2017-02-24 14:00:00, 0.0551846
12303, 2017-02-24 15:00:00, 0.0549951
12304, 2017-02-24 16:00:00, 0.0548064
12305, 2017-02-24 17:00:00, 0.0546185
12306, 2017-02-24 18:00:00, 0.0544314
12307, 2017-02-24 19:00:00, 0.0542451
12308, 2017-02-24 20:00:00, 0.0540596
12309, 2017-02-24 21:00:00, 0.0538748
12310, 2017-02-24 22:00:00, 0.0536909
12311, 2017-02-24 23:00:00, 0.0535077
12312, 2017-02-25 00:00:00, 0.0533253
12313, 2017-02-25 01:00:00, 0.0531436
12314, 2017-02-25 02:00:00, 0.0529627
12315, 2017-02-25 03:00:00, 0.0527826
12316, 2017-02-25 04:00:00, 0.0526032
12317, 2017-02-25 05:00:00, 0.0524246
12318, 2017-02-25 06:00:00, 0.0522467
12319, 2017-02-25 07:00:00, 0.0520695
12320, 2017-02-25 08:00:00, 0.0518932
12321, 2017-02-25 09:00:00, 0.0517175
12322, 2017-02-25 10:00:00, 0.0515426
12323, 2017-02-25 11:00:00, 0.0513684
12324, 2017-02-25 12:00:00, 0.0511948
12325, 2017-02-25 13:00:00, 0.051022
12326, 2017-02-25 14:00:00, 0.0508499
12327, 2017-02-25 15:00:00, 0.0506786
12328, 2017-02-25 16:00:00, 0.0505079
12329, 2017-02-25 17:00:00, 0.050338
12330, 2017-02-25 18:00:00, 0.0501687
12331, 2017-02-25 19:00:00, 0.050066
12332, 2017-02-25 20:00:00, 0.0498622
12333, 2017-02-25 21:00:00, 0.049689
12334, 2017-02-25 22:00:00, 0.0494986
12335, 2017-02-25 23:00:00, 0.0493328
12336, 2017-02-26 00:00:00, 0.0491677
12337, 2017-02-26 01:00:00, 0.0490495
12338, 2017-02-26 02:00:00, 0.0840706
12339, 2017-02-26 03:00:00, 0.0971315
12340, 2017-02-26 04:00:00, 0.0760705
12341, 2017-02-26 05:00:00, 0.0601508
12342, 2017-02-26 06:00:00, 0.0481946
12343, 2017-02-26 07:00:00, 0.0480303
12344, 2017-02-26 08:00:00, 0.0478705
12345, 2017-02-26 09:00:00, 0.0477113
12346, 2017-02-26 10:00:00, 0.0475527
12347, 2017-02-26 11:00:00, 0.0473948
12348, 2017-02-26 12:00:00, 0.0472375
12349, 2017-02-26 13:00:00, 0.0470808
12350, 2017-02-26 14:00:00, 0.0469248
12351, 2017-02-26 15:00:00, 0.0467694
12352, 2017-02-26 16:00:00, 0.0466146
12353, 2017-02-26 17:00:00, 0.0464604
12354, 2017-02-26 18:00:00, 0.0463069
12355, 2017-02-26 19:00:00, 0.046154
12356, 2017-02-26 20:00:00, 0.0460016
12357, 2017-02-26 21:00:00, 0.0458499
12358, 2017-02-26 22:00:00, 0.0456988
12359, 2017-02-26 23:00:00, 0.0455483
12360, 2017-02-27 00:00:00, 0.0453983
12361, 2017-02-27 01:00:00, 0.045249
12362, 2017-02-27 02:00:00, 0.0451003
12363, 2017-02-27 03:00:00, 0.0449521
12364, 2017-02-27 04:00:00, 0.0448046
12365, 2017-02-27 05:00:00, 0.0446576
12366, 2017-02-27 06:00:00, 0.0445112
12367, 2017-02-27 07:00:00, 0.0443654
12368, 2017-02-27 08:00:00, 0.0442201
12369, 2017-02-27 09:00:00, 0.0440754
12370, 2017-02-27 10:00:00, 0.0439313
12371, 2017-02-27 11:00:00, 0.0437878
12372, 2017-02-27 12:00:00, 0.0436448
12373, 2017-02-27 13:00:00, 0.0435024
12374, 2017-02-27 14:00:00, 0.0433605
12375, 2017-02-27 15:00:00, 0.0432192
12376, 2017-02-27 16:00:00, 0.0430784
12377, 2017-02-27 17:00:00, 0.0429382
12378, 2017-02-27 18:00:00, 0.0427985
12379, 2017-02-27 19:00:00, 0.0426594
12380, 2017-02-27 20:00:00, 0.0425208
12381, 2017-02-27 21:00:00, 0.0423828
12382, 2017-02-27 22:00:00, 0.0422452
12383, 2017-02-27 23:00:00, 0.0421083
12384, 2017-02-28 00:00:00, 0.0419718
12385, 2017-02-28 01:00:00, 0.0418359
12386, 2017-02-28 02:00:00, 0.0417005
12387, 2017-02-28 03:00:00, 0.0415656
12388, 2017-02-28 04:00:00, 0.0414312
12389, 2017-02-28 05:00:00, 0.0412974
12390, 2017-02-28 06:00:00, 0.0411641
12391, 2017-02-28 07:00:00, 0.0410312
12392, 2017-02-28 08:00:00, 0.0408989
12393, 2017-02-28 09:00:00, 0.0407671
12394, 2017-02-28 10:00:00, 0.0406358
12395, 2017-02-28 11:00:00, 0.040505
12396, 2017-02-28 12:00:00, 0.0403747
12397, 2017-02-28 13:00:00, 0.0402449
12398, 2017-02-28 14:00:00, 0.0401156
12399, 2017-02-28 15:00:00, 0.0399868
12400, 2017-02-28 16:00:00, 0.0398585
12401, 2017-02-28 17:00:00, 0.0397306
12402, 2017-02-28 18:00:00, 0.0396033
12403, 2017-02-28 19:00:00, 0.0394764
12404, 2017-02-28 20:00:00, 0.03935
12405, 2017-02-28 21:00:00, 0.0392241
12406, 2017-02-28 22:00:00, 0.0390987
12407, 2017-02-28 23:00:00, 0.0389737
12408, 2017-03-01 00:00:00, 0.0388492
12409, 2017-03-01 01:00:00, 0.0387252
12410, 2017-03-01 02:00:00, 0.0386017
12411, 2017-03-01 03:00:00, 0.0384786
12412, 2017-03-01 04:00:00, 0.0383559
12413, 2017-03-01 05:00:00, 0.0382338
12414, 2017-03-01 06:00:00, 0.0381121
12415, 2017-03-01 07:00:00, 0.0379908
12416, 2017-03-01 08:00:00, 0.03787
12417, 2017-03-01 09:00:00, 0.0377497
12418, 2017-03-01 10:00:00, 0.0376298
12419, 2017-03-01 11:00:00, 0.0375104
12420, 2017-03-01 12:00:00, 0.0373913
12421, 2017-03-01 13:00:00, 0.0372728
12422, 2017-03-01 14:00:00, 0.0371546
12423, 2017-03-01 15:00:00, 0.037037
12424, 2017-03-01 16:00:00, 0.0369197
12425, 2017-03-01 17:00:00, 0.049986
12426, 2017-03-01 18:00:00, 0.0428088
12427, 2017-03-01 19:00:00, 0.0414235
12428, 2017-03-01 20:00:00, 0.0365023
12429, 2017-03-01 21:00:00, 0.03634
12430, 2017-03-01 22:00:00, 0.0362253
12431, 2017-03-01 23:00:00, 0.0361111
12432, 2017-03-02 00:00:00, 0.0359973
12433, 2017-03-02 01:00:00, 0.0358839
12434, 2017-03-02 02:00:00, 0.0357709
12435, 2017-03-02 03:00:00, 0.0356583
12436, 2017-03-02 04:00:00, 0.0355462
12437, 2017-03-02 05:00:00, 0.0354345
12438, 2017-03-02 06:00:00, 0.0353231
12439, 2017-03-02 07:00:00, 0.0352122
12440, 2017-03-02 08:00:00, 0.0351017
12441, 2017-03-02 09:00:00, 0.0349916
12442, 2017-03-02 10:00:00, 0.0348819
12443, 2017-03-02 11:00:00, 0.0347726
12444, 2017-03-02 12:00:00, 0.0346637
12445, 2017-03-02 13:00:00, 0.0345551
12446, 2017-03-02 14:00:00, 0.034447
12447, 2017-03-02 15:00:00, 0.0343393
12448, 2017-03-02 16:00:00, 0.034232
12449, 2017-03-02 17:00:00, 0.034125
12450, 2017-03-02 18:00:00, 0.0340185
12451, 2017-03-02 19:00:00, 0.0339123
12452, 2017-03-02 20:00:00, 0.0338065
12453, 2017-03-02 21:00:00, 0.0337011
12454, 2017-03-02 22:00:00, 0.0335961
12455, 2017-03-02 23:00:00, 0.0334915
12456, 2017-03-03 00:00:00, 0.0333872
12457, 2017-03-03 01:00:00, 0.0332833
12458, 2017-03-03 02:00:00, 0.0331798
12459, 2017-03-03 03:00:00, 0.0330767
12460, 2017-03-03 04:00:00, 0.0329739
12461, 2017-03-03 05:00:00, 0.0328715
12462, 2017-03-03 06:00:00, 0.0327695
12463, 2017-03-03 07:00:00, 0.0326678
12464, 2017-03-03 08:00:00, 0.0325665
12465, 2017-03-03 09:00:00, 0.0324656
12466, 2017-03-03 10:00:00, 0.032365
12467, 2017-03-03 11:00:00, 0.0322648
12468, 2017-03-03 12:00:00, 0.0321649
12469, 2017-03-03 13:00:00, 0.0320654
12470, 2017-03-03 14:00:00, 0.0319663
12471, 2017-03-03 15:00:00, 0.0318675
12472, 2017-03-03 16:00:00, 0.031769
12473, 2017-03-03 17:00:00, 0.031671
12474, 2017-03-03 18:00:00, 0.0315732
12475, 2017-03-03 19:00:00, 0.0314758
12476, 2017-03-03 20:00:00, 0.0313788
12477, 2017-03-03 21:00:00, 0.0312821
12478, 2017-03-03 22:00:00, 0.0311857
12479, 2017-03-03 23:00:00, 0.0310897
12480, 2017-03-04 00:00:00, 0.030994
12481, 2017-03-04 01:00:00, 0.0308987
12482, 2017-03-04 02:00:00, 0.0308037
12483, 2017-03-04 03:00:00, 0.030709
12484, 2017-03-04 04:00:00, 0.0306147
12485, 2017-03-04 05:00:00, 0.0305207
12486, 2017-03-04 06:00:00, 0.030427
12487, 2017-03-04 07:00:00, 0.0303336
12488, 2017-03-04 08:00:00, 0.0302406
12489, 2017-03-04 09:00:00, 0.0301479
12490, 2017-03-04 10:00:00, 0.0300556
12491, 2017-03-04 11:00:00, 0.0299635
12492, 2017-03-04 12:00:00, 0.0298718
12493, 2017-03-04 13:00:00, 0.0297804
12494, 2017-03-04 14:00:00, 0.0296894
12495, 2017-03-04 15:00:00, 0.0295986
12496, 2017-03-04 16:00:00, 0.0295082
12497, 2017-03-04 17:00:00, 0.029418
12498, 2017-03-04 18:00:00, 0.0293282
12499, 2017-03-04 19:00:00, 0.0292387
12500, 2017-03-04 20:00:00, 0.0291496
12501, 2017-03-04 21:00:00, 0.0290607
12502, 2017-03-04 22:00:00, 0.0289721
12503, 2017-03-04 23:00:00, 0.0288839
12504, 2017-03-05 00:00:00, 0.0287959
12505, 2017-03-05 01:00:00, 0.0287083
12506, 2017-03-05 02:00:00, 0.0286209
12507, 2017-03-05 03:00:00, 0.0285339
12508, 2017-03-05 04:00:00, 0.0284472
12509, 2017-03-05 05:00:00, 0.0283607
12510, 2017-03-05 06:00:00, 0.0282746
12511, 2017-03-05 07:00:00, 0.0281888
12512, 2017-03-05 08:00:00, 0.0281032
12513, 2017-03-05 09:00:00, 0.028018
12514, 2017-03-05 10:00:00, 0.027933
12515, 2017-03-05 11:00:00, 0.0278484
12516, 2017-03-05 12:00:00, 0.027764
12517, 2017-03-05 13:00:00, 0.0276799
12518, 2017-03-05 14:00:00, 0.0275961
12519, 2017-03-05 15:00:00, 0.0275126
12520, 2017-03-05 16:00:00, 0.0274294
12521, 2017-03-05 17:00:00, 0.0273465
12522, 2017-03-05 18:00:00, 0.0272638
12523, 2017-03-05 19:00:00, 0.0271815
12524, 2017-03-05 20:00:00, 0.0270994
12525, 2017-03-05 21:00:00, 0.0270176
12526, 2017-03-05 22:00:00, 0.0269361
12527, 2017-03-05 23:00:00, 0.0268548
12528, 2017-03-06 00:00:00, 0.0267739
12529, 2017-03-06 01:00:00, 0.0266932
12530, 2017-03-06 02:00:00, 0.0266128
12531, 2017-03-06 03:00:00, 0.0265326
12532, 2017-03-06 04:00:00, 0.0264528
12533, 2017-03-06 05:00:00, 0.0263732
12534, 2017-03-06 06:00:00, 0.0262938
12535, 2017-03-06 07:00:00, 0.0262148
12536, 2017-03-06 08:00:00, 0.026136
12537, 2017-03-06 09:00:00, 0.0260575
12538, 2017-03-06 10:00:00, 0.0259792
12539, 2017-03-06 11:00:00, 0.0259012
12540, 2017-03-06 12:00:00, 0.0258235
12541, 2017-03-06 13:00:00, 0.0257461
12542, 2017-03-06 14:00:00, 0.0256689
12543, 2017-03-06 15:00:00, 0.0255919
12544, 2017-03-06 16:00:00, 0.0255152
12545, 2017-03-06 17:00:00, 0.0254388
12546, 2017-03-06 18:00:00, 0.0253627
12547, 2017-03-06 19:00:00, 0.0252868
12548, 2017-03-06 20:00:00, 0.0252111
12549, 2017-03-06 21:00:00, 0.0251357
12550, 2017-03-06 22:00:00, 0.0250606
12551, 2017-03-06 23:00:00, 0.0249857
12552, 2017-03-07 00:00:00, 0.024911
12553, 2017-03-07 01:00:00, 0.0248367
12554, 2017-03-07 02:00:00, 0.0247625
12555, 2017-03-07 03:00:00, 0.0246886
12556, 2017-03-07 04:00:00, 0.024615
12557, 2017-03-07 05:00:00, 0.0245416
12558, 2017-03-07 06:00:00, 0.0244684
12559, 2017-03-07 07:00:00, 0.0243955
12560, 2017-03-07 08:00:00, 0.0243229
12561, 2017-03-07 09:00:00, 0.0242505
12562, 2017-03-07 10:00:00, 0.0241783
12563, 2017-03-07 11:00:00, 0.0241063
12564, 2017-03-07 12:00:00, 0.0240346
12565, 2017-03-07 13:00:00, 0.025837
12566, 2017-03-07 14:00:00, 0.0251095
12567, 2017-03-07 15:00:00, 0.0246751
12568, 2017-03-07 16:00:00, 0.0238889
12569, 2017-03-07 17:00:00, 0.0236841
12570, 2017-03-07 18:00:00, 0.0236374
12571, 2017-03-07 19:00:00, 0.0238524
12572, 2017-03-07 20:00:00, 0.0236159
12573, 2017-03-07 21:00:00, 0.0235976
12574, 2017-03-07 22:00:00, 0.023371
12575, 2017-03-07 23:00:00, 0.0232939
12576, 2017-03-08 00:00:00, 0.0232196
12577, 2017-03-08 01:00:00, 0.0232144
12578, 2017-03-08 02:00:00, 0.0231009
12579, 2017-03-08 03:00:00, 0.0230158
12580, 2017-03-08 04:00:00, 0.0229193
12581, 2017-03-08 05:00:00, 0.0228516
12582, 2017-03-08 06:00:00, 0.022784
12583, 2017-03-08 07:00:00, 0.0232422
12584, 2017-03-08 08:00:00, 0.0377501
12585, 2017-03-08 09:00:00, 0.0326711
12586, 2017-03-08 10:00:00, 0.0293768
12587, 2017-03-08 11:00:00, 0.0237677
12588, 2017-03-08 12:00:00, 0.0265892
12589, 2017-03-08 13:00:00, 0.0403139
12590, 2017-03-08 14:00:00, 0.0316335
12591, 2017-03-08 15:00:00, 0.0282917
12592, 2017-03-08 16:00:00, 0.0223321
12593, 2017-03-08 17:00:00, 0.0220556
12594, 2017-03-08 18:00:00, 0.0219906
12595, 2017-03-08 19:00:00, 0.0219259
12596, 2017-03-08 20:00:00, 0.0218614
12597, 2017-03-08 21:00:00, 0.0217971
12598, 2017-03-08 22:00:00, 0.021733
12599, 2017-03-08 23:00:00, 0.0216692
12600, 2017-03-09 00:00:00, 0.0216055
12601, 2017-03-09 01:00:00, 0.021542
12602, 2017-03-09 02:00:00, 0.0214788
12603, 2017-03-09 03:00:00, 0.0214157
12604, 2017-03-09 04:00:00, 0.0213529
12605, 2017-03-09 05:00:00, 0.0212902
12606, 2017-03-09 06:00:00, 0.0212278
12607, 2017-03-09 07:00:00, 0.0211656
12608, 2017-03-09 08:00:00, 0.0211036
12609, 2017-03-09 09:00:00, 0.0210417
12610, 2017-03-09 10:00:00, 0.0209801
12611, 2017-03-09 11:00:00, 0.0209187
12612, 2017-03-09 12:00:00, 0.0208574
12613, 2017-03-09 13:00:00, 0.0207964
12614, 2017-03-09 14:00:00, 0.0207356
12615, 2017-03-09 15:00:00, 0.0206749
12616, 2017-03-09 16:00:00, 0.0206145
12617, 2017-03-09 17:00:00, 0.0205542
12618, 2017-03-09 18:00:00, 0.0204942
12619, 2017-03-09 19:00:00, 0.0204343
12620, 2017-03-09 20:00:00, 0.0203747
12621, 2017-03-09 21:00:00, 0.0203152
12622, 2017-03-09 22:00:00, 0.0202559
12623, 2017-03-09 23:00:00, 0.0201968
12624, 2017-03-10 00:00:00, 0.0201379
12625, 2017-03-10 01:00:00, 0.0200792
12626, 2017-03-10 02:00:00, 0.0200207
12627, 2017-03-10 03:00:00, 0.0199624
12628, 2017-03-10 04:00:00, 0.0199042
12629, 2017-03-10 05:00:00, 0.0198462
12630, 2017-03-10 06:00:00, 0.0197885
12631, 2017-03-10 07:00:00, 0.0197309
12632, 2017-03-10 08:00:00, 0.0196735
12633, 2017-03-10 09:00:00, 0.0196163
12634, 2017-03-10 10:00:00, 0.0195592
12635, 2017-03-10 11:00:00, 0.0195024
12636, 2017-03-10 12:00:00, 0.0195488
12637, 2017-03-10 13:00:00, 0.0195129
12638, 2017-03-10 14:00:00, 0.0194391
12639, 2017-03-10 15:00:00, 0.0195096
12640, 2017-03-10 16:00:00, 0.0196186
12641, 2017-03-10 17:00:00, 0.0197654
12642, 2017-03-10 18:00:00, 0.0197211
12643, 2017-03-10 19:00:00, 0.0196328
12644, 2017-03-10 20:00:00, 0.0193682
12645, 2017-03-10 21:00:00, 0.0191034
12646, 2017-03-10 22:00:00, 0.0189328
12647, 2017-03-10 23:00:00, 0.0188341
12648, 2017-03-11 00:00:00, 0.0187795
12649, 2017-03-11 01:00:00, 0.0187251
12650, 2017-03-11 02:00:00, 0.0186709
12651, 2017-03-11 03:00:00, 0.0186169
12652, 2017-03-11 04:00:00, 0.018563
12653, 2017-03-11 05:00:00, 0.0185094
12654, 2017-03-11 06:00:00, 0.0184558
12655, 2017-03-11 07:00:00, 0.0184025
12656, 2017-03-11 08:00:00, 0.0183493
12657, 2017-03-11 09:00:00, 0.0182963
12658, 2017-03-11 10:00:00, 0.0182435
12659, 2017-03-11 11:00:00, 0.0181908
12660, 2017-03-11 12:00:00, 0.0181383
12661, 2017-03-11 13:00:00, 0.0180859
12662, 2017-03-11 14:00:00, 0.0180337
12663, 2017-03-11 15:00:00, 0.0179817
12664, 2017-03-11 16:00:00, 0.0179299
12665, 2017-03-11 17:00:00, 0.0178782
12666, 2017-03-11 18:00:00, 0.0178267
12667, 2017-03-11 19:00:00, 0.0177753
12668, 2017-03-11 20:00:00, 0.0177241
12669, 2017-03-11 21:00:00, 0.0176731
12670, 2017-03-11 22:00:00, 0.0176222
12671, 2017-03-11 23:00:00, 0.0175715
12672, 2017-03-12 00:00:00, 0.0175209
12673, 2017-03-12 01:00:00, 0.0174705
12674, 2017-03-12 02:00:00, 0.0174202
12675, 2017-03-12 03:00:00, 0.0173702
12676, 2017-03-12 04:00:00, 0.0173202
12677, 2017-03-12 05:00:00, 0.0172705
12678, 2017-03-12 06:00:00, 0.0172208
12679, 2017-03-12 07:00:00, 0.0171714
12680, 2017-03-12 08:00:00, 0.0171221
12681, 2017-03-12 09:00:00, 0.0170729
12682, 2017-03-12 10:00:00, 0.0170239
12683, 2017-03-12 11:00:00, 0.0169751
12684, 2017-03-12 12:00:00, 0.0169264
12685, 2017-03-12 13:00:00, 0.0168778
12686, 2017-03-12 14:00:00, 0.0168294
12687, 2017-03-12 15:00:00, 0.0167812
12688, 2017-03-12 16:00:00, 0.0167331
12689, 2017-03-12 17:00:00, 0.0166852
12690, 2017-03-12 18:00:00, 0.0166374
12691, 2017-03-12 19:00:00, 0.0165897
12692, 2017-03-12 20:00:00, 0.0165422
12693, 2017-03-12 21:00:00, 0.0164949
12694, 2017-03-12 22:00:00, 0.0164477
12695, 2017-03-12 23:00:00, 0.0164006
12696, 2017-03-13 00:00:00, 0.0163537
12697, 2017-03-13 01:00:00, 0.0163069
12698, 2017-03-13 02:00:00, 0.0162603
12699, 2017-03-13 03:00:00, 0.0162139
12700, 2017-03-13 04:00:00, 0.0161675
12701, 2017-03-13 05:00:00, 0.0161213
12702, 2017-03-13 06:00:00, 0.0160753
12703, 2017-03-13 07:00:00, 0.0160294
12704, 2017-03-13 08:00:00, 0.0159836
12705, 2017-03-13 09:00:00, 0.015938
12706, 2017-03-13 10:00:00, 0.0158925
12707, 2017-03-13 11:00:00, 0.0158472
12708, 2017-03-13 12:00:00, 0.015802
12709, 2017-03-13 13:00:00, 0.015757
12710, 2017-03-13 14:00:00, 0.015712
12711, 2017-03-13 15:00:00, 0.0156673
12712, 2017-03-13 16:00:00, 0.0156226
12713, 2017-03-13 17:00:00, 0.0155781
12714, 2017-03-13 18:00:00, 0.0155337
12715, 2017-03-13 19:00:00, 0.0154895
12716, 2017-03-13 20:00:00, 0.0154454
12717, 2017-03-13 21:00:00, 0.0154015
12718, 2017-03-13 22:00:00, 0.0153576
12719, 2017-03-13 23:00:00, 0.015314
12720, 2017-03-14 00:00:00, 0.0152704
12721, 2017-03-14 01:00:00, 0.015227
12722, 2017-03-14 02:00:00, 0.0151837
12723, 2017-03-14 03:00:00, 0.0151405
12724, 2017-03-14 04:00:00, 0.0150975
12725, 2017-03-14 05:00:00, 0.0150546
12726, 2017-03-14 06:00:00, 0.0150119
12727, 2017-03-14 07:00:00, 0.0149692
12728, 2017-03-14 08:00:00, 0.0149267
12729, 2017-03-14 09:00:00, 0.0148844
12730, 2017-03-14 10:00:00, 0.0148421
12731, 2017-03-14 11:00:00, 0.0148
12732, 2017-03-14 12:00:00, 0.014758
12733, 2017-03-14 13:00:00, 0.0147162
12734, 2017-03-14 14:00:00, 0.0146745
12735, 2017-03-14 15:00:00, 0.0146329
12736, 2017-03-14 16:00:00, 0.0145914
12737, 2017-03-14 17:00:00, 0.0145501
12738, 2017-03-14 18:00:00, 0.0145088
12739, 2017-03-14 19:00:00, 0.0144678
12740, 2017-03-14 20:00:00, 0.0144268
12741, 2017-03-14 21:00:00, 0.0143859
12742, 2017-03-14 22:00:00, 0.0143452
12743, 2017-03-14 23:00:00, 0.0143046
12744, 2017-03-15 00:00:00, 0.0142642
12745, 2017-03-15 01:00:00, 0.0142238
12746, 2017-03-15 02:00:00, 0.0141836
12747, 2017-03-15 03:00:00, 0.0141435
12748, 2017-03-15 04:00:00, 0.0141035
12749, 2017-03-15 05:00:00, 0.0140637
12750, 2017-03-15 06:00:00, 0.0140239
12751, 2017-03-15 07:00:00, 0.0139843
12752, 2017-03-15 08:00:00, 0.0139448
12753, 2017-03-15 09:00:00, 0.0139054
12754, 2017-03-15 10:00:00, 0.0138662
12755, 2017-03-15 11:00:00, 0.013827
12756, 2017-03-15 12:00:00, 0.013788
12757, 2017-03-15 13:00:00, 0.0137491
12758, 2017-03-15 14:00:00, 0.0137103
12759, 2017-03-15 15:00:00, 0.0136716
12760, 2017-03-15 16:00:00, 0.0136331
12761, 2017-03-15 17:00:00, 0.0135947
12762, 2017-03-15 18:00:00, 0.0135563
12763, 2017-03-15 19:00:00, 0.0135181
12764, 2017-03-15 20:00:00, 0.0134801
12765, 2017-03-15 21:00:00, 0.0134421
12766, 2017-03-15 22:00:00, 0.0134042
12767, 2017-03-15 23:00:00, 0.0133665
12768, 2017-03-16 00:00:00, 0.0133289
12769, 2017-03-16 01:00:00, 0.0132913
12770, 2017-03-16 02:00:00, 0.0132539
12771, 2017-03-16 03:00:00, 0.0132166
12772, 2017-03-16 04:00:00, 0.0131795
12773, 2017-03-16 05:00:00, 0.0131424
12774, 2017-03-16 06:00:00, 0.0131054
12775, 2017-03-16 07:00:00, 0.0130686
12776, 2017-03-16 08:00:00, 0.0130319
12777, 2017-03-16 09:00:00, 0.0129952
12778, 2017-03-16 10:00:00, 0.0129587
12779, 2017-03-16 11:00:00, 0.0129223
12780, 2017-03-16 12:00:00, 0.012886
12781, 2017-03-16 13:00:00, 0.0128498
12782, 2017-03-16 14:00:00, 0.0128138
12783, 2017-03-16 15:00:00, 0.0127778
12784, 2017-03-16 16:00:00, 0.0127419
12785, 2017-03-16 17:00:00, 0.0127062
12786, 2017-03-16 18:00:00, 0.0126705
12787, 2017-03-16 19:00:00, 0.012635
12788, 2017-03-16 20:00:00, 0.0125996
12789, 2017-03-16 21:00:00, 0.0125642
12790, 2017-03-16 22:00:00, 0.012529
12791, 2017-03-16 23:00:00, 0.0124939
12792, 2017-03-17 00:00:00, 0.0124589
12793, 2017-03-17 01:00:00, 0.012424
12794, 2017-03-17 02:00:00, 0.0123892
12795, 2017-03-17 03:00:00, 0.0123545
12796, 2017-03-17 04:00:00, 0.0123199
12797, 2017-03-17 05:00:00, 0.0122854
12798, 2017-03-17 06:00:00, 0.012251
12799, 2017-03-17 07:00:00, 0.0122167
12800, 2017-03-17 08:00:00, 0.0121825
12801, 2017-03-17 09:00:00, 0.0121484
12802, 2017-03-17 10:00:00, 0.0121144
12803, 2017-03-17 11:00:00, 0.0120806
12804, 2017-03-17 12:00:00, 0.0120468
12805, 2017-03-17 13:00:00, 0.0120131
12806, 2017-03-17 14:00:00, 0.0119795
12807, 2017-03-17 15:00:00, 0.011946
12808, 2017-03-17 16:00:00, 0.0119127
12809, 2017-03-17 17:00:00, 0.0119041
12810, 2017-03-17 18:00:00, 0.0129594
12811, 2017-03-17 19:00:00, 0.0158496
12812, 2017-03-17 20:00:00, 0.0486771
12813, 2017-03-17 21:00:00, 0.0299686
12814, 2017-03-17 22:00:00, 0.025763
12815, 2017-03-17 23:00:00, 0.0130983
12816, 2017-03-18 00:00:00, 0.0127039
12817, 2017-03-18 01:00:00, 0.0123781
12818, 2017-03-18 02:00:00, 0.0121351
12819, 2017-03-18 03:00:00, 0.0119521
12820, 2017-03-18 04:00:00, 0.0118115
12821, 2017-03-18 05:00:00, 0.0117002
12822, 2017-03-18 06:00:00, 0.0116095
12823, 2017-03-18 07:00:00, 0.0115332
12824, 2017-03-18 08:00:00, 0.0114676
12825, 2017-03-18 09:00:00, 0.0114105
12826, 2017-03-18 10:00:00, 0.0113605
12827, 2017-03-18 11:00:00, 0.0113159
12828, 2017-03-18 12:00:00, 0.0112763
12829, 2017-03-18 13:00:00, 0.0112404
12830, 2017-03-18 14:00:00, 0.011206
12831, 2017-03-18 15:00:00, 0.0111773
12832, 2017-03-18 16:00:00, 0.0115648
12833, 2017-03-18 17:00:00, 0.0646411
12834, 2017-03-18 18:00:00, 0.123511
12835, 2017-03-18 19:00:00, 0.0704592
12836, 2017-03-18 20:00:00, 0.0747706
12837, 2017-03-18 21:00:00, 0.0304932
12838, 2017-03-18 22:00:00, 0.0762646
12839, 2017-03-18 23:00:00, 0.0980956
12840, 2017-03-19 00:00:00, 0.113779
12841, 2017-03-19 01:00:00, 0.119536
12842, 2017-03-19 02:00:00, 0.118812
12843, 2017-03-19 03:00:00, 0.114049
12844, 2017-03-19 04:00:00, 0.106958
12845, 2017-03-19 05:00:00, 0.0987092
12846, 2017-03-19 06:00:00, 0.0900893
12847, 2017-03-19 07:00:00, 0.0816066
12848, 2017-03-19 08:00:00, 0.0735746
12849, 2017-03-19 09:00:00, 0.0661703
12850, 2017-03-19 10:00:00, 0.0594776
12851, 2017-03-19 11:00:00, 0.0535184
12852, 2017-03-19 12:00:00, 0.0482746
12853, 2017-03-19 13:00:00, 0.0437042
12854, 2017-03-19 14:00:00, 0.0397515
12855, 2017-03-19 15:00:00, 0.0363548
12856, 2017-03-19 16:00:00, 0.0334516
12857, 2017-03-19 17:00:00, 0.0309812
12858, 2017-03-19 18:00:00, 0.0288868
12859, 2017-03-19 19:00:00, 0.0271166
12860, 2017-03-19 20:00:00, 0.0256241
12861, 2017-03-19 21:00:00, 0.0243679
12862, 2017-03-19 22:00:00, 0.0233121
12863, 2017-03-19 23:00:00, 0.0224254
12864, 2017-03-20 00:00:00, 0.0216809
12865, 2017-03-20 01:00:00, 0.0210555
12866, 2017-03-20 02:00:00, 0.0205296
12867, 2017-03-20 03:00:00, 0.0200867
12868, 2017-03-20 04:00:00, 0.0197127
12869, 2017-03-20 05:00:00, 0.0193959
12870, 2017-03-20 06:00:00, 0.0191265
12871, 2017-03-20 07:00:00, 0.0188962
12872, 2017-03-20 08:00:00, 0.0187119
12873, 2017-03-20 09:00:00, 0.0185331
12874, 2017-03-20 10:00:00, 0.0183825
12875, 2017-03-20 11:00:00, 0.0182462
12876, 2017-03-20 12:00:00, 0.0181296
12877, 2017-03-20 13:00:00, 0.0180253
12878, 2017-03-20 14:00:00, 0.0180066
12879, 2017-03-20 15:00:00, 0.0178841
12880, 2017-03-20 16:00:00, 0.0178502
12881, 2017-03-20 17:00:00, 0.0177822
12882, 2017-03-20 18:00:00, 0.0177281
12883, 2017-03-20 19:00:00, 0.0176677
12884, 2017-03-20 20:00:00, 0.017604
12885, 2017-03-20 21:00:00, 0.0175387
12886, 2017-03-20 22:00:00, 0.0174732
12887, 2017-03-20 23:00:00, 0.0174082
12888, 2017-03-21 00:00:00, 0.0173444
12889, 2017-03-21 01:00:00, 0.0172818
12890, 2017-03-21 02:00:00, 0.0172208
12891, 2017-03-21 03:00:00, 0.0171612
12892, 2017-03-21 04:00:00, 0.0171031
12893, 2017-03-21 05:00:00, 0.0170462
12894, 2017-03-21 06:00:00, 0.0169907
12895, 2017-03-21 07:00:00, 0.0169363
12896, 2017-03-21 08:00:00, 0.0168828
12897, 2017-03-21 09:00:00, 0.0168303
12898, 2017-03-21 10:00:00, 0.0167786
12899, 2017-03-21 11:00:00, 0.0167276
12900, 2017-03-21 12:00:00, 0.0166773
12901, 2017-03-21 13:00:00, 0.0166274
12902, 2017-03-21 14:00:00, 0.0165781
12903, 2017-03-21 15:00:00, 0.0165293
12904, 2017-03-21 16:00:00, 0.0164808
12905, 2017-03-21 17:00:00, 0.0164327
12906, 2017-03-21 18:00:00, 0.0163849
12907, 2017-03-21 19:00:00, 0.0163373
12908, 2017-03-21 20:00:00, 0.0162901
12909, 2017-03-21 21:00:00, 0.0162431
12910, 2017-03-21 22:00:00, 0.0161963
12911, 2017-03-21 23:00:00, 0.0161497
12912, 2017-03-22 00:00:00, 0.0161033
12913, 2017-03-22 01:00:00, 0.0160571
12914, 2017-03-22 02:00:00, 0.0160111
12915, 2017-03-22 03:00:00, 0.0159653
12916, 2017-03-22 04:00:00, 0.0159196
12917, 2017-03-22 05:00:00, 0.0158741
12918, 2017-03-22 06:00:00, 0.0158288
12919, 2017-03-22 07:00:00, 0.0157836
12920, 2017-03-22 08:00:00, 0.0157385
12921, 2017-03-22 09:00:00, 0.0156936
12922, 2017-03-22 10:00:00, 0.0156489
12923, 2017-03-22 11:00:00, 0.0156043
12924, 2017-03-22 12:00:00, 0.0155598
12925, 2017-03-22 13:00:00, 0.0155155
12926, 2017-03-22 14:00:00, 0.0154713
12927, 2017-03-22 15:00:00, 0.0154272
12928, 2017-03-22 16:00:00, 0.0153833
12929, 2017-03-22 17:00:00, 0.0153395
12930, 2017-03-22 18:00:00, 0.0152959
12931, 2017-03-22 19:00:00, 0.0152524
12932, 2017-03-22 20:00:00, 0.015209
12933, 2017-03-22 21:00:00, 0.0151658
12934, 2017-03-22 22:00:00, 0.0151227
12935, 2017-03-22 23:00:00, 0.0150797
12936, 2017-03-23 00:00:00, 0.0150369
12937, 2017-03-23 01:00:00, 0.0149942
12938, 2017-03-23 02:00:00, 0.0149516
12939, 2017-03-23 03:00:00, 0.0149092
12940, 2017-03-23 04:00:00, 0.0148669
12941, 2017-03-23 05:00:00, 0.0148247
12942, 2017-03-23 06:00:00, 0.0147826
12943, 2017-03-23 07:00:00, 0.0147407
12944, 2017-03-23 08:00:00, 0.0146989
12945, 2017-03-23 09:00:00, 0.0146572
12946, 2017-03-23 10:00:00, 0.0146157
12947, 2017-03-23 11:00:00, 0.0145743
12948, 2017-03-23 12:00:00, 0.014533
12949, 2017-03-23 13:00:00, 0.0144918
12950, 2017-03-23 14:00:00, 0.0144508
12951, 2017-03-23 15:00:00, 0.0144098
12952, 2017-03-23 16:00:00, 0.0143691
12953, 2017-03-23 17:00:00, 0.0143284
12954, 2017-03-23 18:00:00, 0.0142878
12955, 2017-03-23 19:00:00, 0.0142474
12956, 2017-03-23 20:00:00, 0.0142071
12957, 2017-03-23 21:00:00, 0.014167
12958, 2017-03-23 22:00:00, 0.0141269
12959, 2017-03-23 23:00:00, 0.014087
12960, 2017-03-24 00:00:00, 0.0140472
12961, 2017-03-24 01:00:00, 0.0140075
12962, 2017-03-24 02:00:00, 0.0139679
12963, 2017-03-24 03:00:00, 0.0139285
12964, 2017-03-24 04:00:00, 0.0138891
12965, 2017-03-24 05:00:00, 0.0138499
12966, 2017-03-24 06:00:00, 0.0138108
12967, 2017-03-24 07:00:00, 0.0137719
12968, 2017-03-24 08:00:00, 0.013733
12969, 2017-03-24 09:00:00, 0.0136943
12970, 2017-03-24 10:00:00, 0.0136557
12971, 2017-03-24 11:00:00, 0.0136172
12972, 2017-03-24 12:00:00, 0.0135788
12973, 2017-03-24 13:00:00, 0.0135405
12974, 2017-03-24 14:00:00, 0.0135023
12975, 2017-03-24 15:00:00, 0.0134643
12976, 2017-03-24 16:00:00, 0.0134264
12977, 2017-03-24 17:00:00, 0.0133886
12978, 2017-03-24 18:00:00, 0.0134976
12979, 2017-03-24 19:00:00, 0.01338
12980, 2017-03-24 20:00:00, 0.0133292
12981, 2017-03-24 21:00:00, 0.0132385
12982, 2017-03-24 22:00:00, 0.0132012
12983, 2017-03-24 23:00:00, 0.0131641
12984, 2017-03-25 00:00:00, 0.0131271
12985, 2017-03-25 01:00:00, 0.0130902
12986, 2017-03-25 02:00:00, 0.0130534
12987, 2017-03-25 03:00:00, 0.0130167
12988, 2017-03-25 04:00:00, 0.0129801
12989, 2017-03-25 05:00:00, 0.0129436
12990, 2017-03-25 06:00:00, 0.0129073
12991, 2017-03-25 07:00:00, 0.012871
12992, 2017-03-25 08:00:00, 0.0128349
12993, 2017-03-25 09:00:00, 0.0127988
12994, 2017-03-25 10:00:00, 0.0127629
12995, 2017-03-25 11:00:00, 0.0127271
12996, 2017-03-25 12:00:00, 0.0126914
12997, 2017-03-25 13:00:00, 0.0126558
12998, 2017-03-25 14:00:00, 0.0126203
12999, 2017-03-25 15:00:00, 0.0125849
13000, 2017-03-25 16:00:00, 0.0125496
13001, 2017-03-25 17:00:00, 0.0125144
13002, 2017-03-25 18:00:00, 0.0124794
13003, 2017-03-25 19:00:00, 0.0124444
13004, 2017-03-25 20:00:00, 0.0124095
13005, 2017-03-25 21:00:00, 0.0128563
13006, 2017-03-25 22:00:00, 0.0125665
13007, 2017-03-25 23:00:00, 0.0124841
13008, 2017-03-26 00:00:00, 0.0122738
13009, 2017-03-26 01:00:00, 0.0122368
13010, 2017-03-26 02:00:00, 0.0122025
13011, 2017-03-26 03:00:00, 0.0121684
13012, 2017-03-26 04:00:00, 0.0121343
13013, 2017-03-26 05:00:00, 0.0121004
13014, 2017-03-26 06:00:00, 0.0120666
13015, 2017-03-26 07:00:00, 0.0120328
13016, 2017-03-26 08:00:00, 0.0119992
13017, 2017-03-26 09:00:00, 0.0119656
13018, 2017-03-26 10:00:00, 0.0119322
13019, 2017-03-26 11:00:00, 0.0118989
13020, 2017-03-26 12:00:00, 0.0118656
13021, 2017-03-26 13:00:00, 0.0118325
13022, 2017-03-26 14:00:00, 0.0117994
13023, 2017-03-26 15:00:00, 0.0117665
13024, 2017-03-26 16:00:00, 0.0117336
13025, 2017-03-26 17:00:00, 0.0117507
13026, 2017-03-26 18:00:00, 0.0116909
13027, 2017-03-26 19:00:00, 0.0116538
13028, 2017-03-26 20:00:00, 0.0116032
13029, 2017-03-26 21:00:00, 0.0115709
13030, 2017-03-26 22:00:00, 0.0115386
13031, 2017-03-26 23:00:00, 0.0115064
13032, 2017-03-27 00:00:00, 0.0115293
13033, 2017-03-27 01:00:00, 0.0114673
13034, 2017-03-27 02:00:00, 0.0114305
13035, 2017-03-27 03:00:00, 0.0113787
13036, 2017-03-27 04:00:00, 0.011347
13037, 2017-03-27 05:00:00, 0.0113154
13038, 2017-03-27 06:00:00, 0.0112839
13039, 2017-03-27 07:00:00, 0.0112524
13040, 2017-03-27 08:00:00, 0.0112211
13041, 2017-03-27 09:00:00, 0.0111899
13042, 2017-03-27 10:00:00, 0.0111727
13043, 2017-03-27 11:00:00, 0.0111344
13044, 2017-03-27 12:00:00, 0.0111941
13045, 2017-03-27 13:00:00, 0.0111079
13046, 2017-03-27 14:00:00, 0.0111427
13047, 2017-03-27 15:00:00, 0.10948
13048, 2017-03-27 16:00:00, 0.186519
13049, 2017-03-27 17:00:00, 0.129575
13050, 2017-03-27 18:00:00, 0.161405
13051, 2017-03-27 19:00:00, 0.200184
13052, 2017-03-27 20:00:00, 0.251861
13053, 2017-03-27 21:00:00, 0.27903
13054, 2017-03-27 22:00:00, 0.285611
13055, 2017-03-27 23:00:00, 0.278837
13056, 2017-03-28 00:00:00, 0.263964
13057, 2017-03-28 01:00:00, 0.24465
13058, 2017-03-28 02:00:00, 0.223381
13059, 2017-03-28 03:00:00, 0.201801
13060, 2017-03-28 04:00:00, 0.180954
13061, 2017-03-28 05:00:00, 0.161464
13062, 2017-03-28 06:00:00, 0.143665
13063, 2017-03-28 07:00:00, 0.127691
13064, 2017-03-28 08:00:00, 0.113549
13065, 2017-03-28 09:00:00, 0.101163
13066, 2017-03-28 10:00:00, 0.0904125
13067, 2017-03-28 11:00:00, 0.0811521
13068, 2017-03-28 12:00:00, 0.0732265
13069, 2017-03-28 13:00:00, 0.0665045
13070, 2017-03-28 14:00:00, 0.0607869
13071, 2017-03-28 15:00:00, 0.0559424
13072, 2017-03-28 16:00:00, 0.051851
13073, 2017-03-28 17:00:00, 0.0484048
13074, 2017-03-28 18:00:00, 0.045508
13075, 2017-03-28 19:00:00, 0.0442478
13076, 2017-03-28 20:00:00, 0.0534897
13077, 2017-03-28 21:00:00, 0.0576137
13078, 2017-03-28 22:00:00, 0.0827225
13079, 2017-03-28 23:00:00, 0.117095
13080, 2017-03-29 00:00:00, 0.139027
13081, 2017-03-29 01:00:00, 0.165648
13082, 2017-03-29 02:00:00, 0.19461
13083, 2017-03-29 03:00:00, 0.228978
13084, 2017-03-29 04:00:00, 0.277845
13085, 2017-03-29 05:00:00, 0.330602
13086, 2017-03-29 06:00:00, 0.380235
13087, 2017-03-29 07:00:00, 0.414123
13088, 2017-03-29 08:00:00, 0.429155
13089, 2017-03-29 09:00:00, 0.423752
13090, 2017-03-29 10:00:00, 0.405269
13091, 2017-03-29 11:00:00, 0.379274
13092, 2017-03-29 12:00:00, 0.34968
13093, 2017-03-29 13:00:00, 0.319096
13094, 2017-03-29 14:00:00, 0.289203
13095, 2017-03-29 15:00:00, 0.261025
13096, 2017-03-29 16:00:00, 0.235129
13097, 2017-03-29 17:00:00, 0.211774
13098, 2017-03-29 18:00:00, 0.191011
13099, 2017-03-29 19:00:00, 0.172762
13100, 2017-03-29 20:00:00, 0.156868
13101, 2017-03-29 21:00:00, 0.143127
13102, 2017-03-29 22:00:00, 0.13132
13103, 2017-03-29 23:00:00, 0.121227
13104, 2017-03-30 00:00:00, 0.112633
13105, 2017-03-30 01:00:00, 0.105342
13106, 2017-03-30 02:00:00, 0.0991719
13107, 2017-03-30 03:00:00, 0.0939613
13108, 2017-03-30 04:00:00, 0.0895672
13109, 2017-03-30 05:00:00, 0.0858648
13110, 2017-03-30 06:00:00, 0.0827459
13111, 2017-03-30 07:00:00, 0.0801172
13112, 2017-03-30 08:00:00, 0.0778994
13113, 2017-03-30 09:00:00, 0.0760247
13114, 2017-03-30 10:00:00, 0.0744359
13115, 2017-03-30 11:00:00, 0.0730849
13116, 2017-03-30 12:00:00, 0.0719312
13117, 2017-03-30 13:00:00, 0.0709408
13118, 2017-03-30 14:00:00, 0.0700856
13119, 2017-03-30 15:00:00, 0.0693419
13120, 2017-03-30 16:00:00, 0.0686903
13121, 2017-03-30 17:00:00, 0.0681145
13122, 2017-03-30 18:00:00, 0.0676012
13123, 2017-03-30 19:00:00, 0.0671393
13124, 2017-03-30 20:00:00, 0.0667197
13125, 2017-03-30 21:00:00, 0.0663349
13126, 2017-03-30 22:00:00, 0.0659786
13127, 2017-03-30 23:00:00, 0.065646
13128, 2017-03-31 00:00:00, 0.0653327
13129, 2017-03-31 01:00:00, 0.0650354
13130, 2017-03-31 02:00:00, 0.0647514
13131, 2017-03-31 03:00:00, 0.0644783
13132, 2017-03-31 04:00:00, 0.0642526
13133, 2017-03-31 05:00:00, 0.0639891
13134, 2017-03-31 06:00:00, 0.0643939
13135, 2017-03-31 07:00:00, 0.0638555
13136, 2017-03-31 08:00:00, 0.063527
13137, 2017-03-31 09:00:00, 0.0630281
13138, 2017-03-31 10:00:00, 0.0627621
13139, 2017-03-31 11:00:00, 0.0626151
13140, 2017-03-31 12:00:00, 0.0626128
13141, 2017-03-31 13:00:00, 0.0622854
13142, 2017-03-31 14:00:00, 0.0626897
13143, 2017-03-31 15:00:00, 0.0631937
13144, 2017-03-31 16:00:00, 0.0684614
13145, 2017-03-31 17:00:00, 0.066082
13146, 2017-03-31 18:00:00, 0.0639722
13147, 2017-03-31 19:00:00, 0.0618788
13148, 2017-03-31 20:00:00, 0.064092
13149, 2017-03-31 21:00:00, 0.066735
13150, 2017-03-31 22:00:00, 0.0718467
13151, 2017-03-31 23:00:00, 0.0872334
13152, 2017-04-01 00:00:00, 0.102165
13153, 2017-04-01 01:00:00, 0.116118
13154, 2017-04-01 02:00:00, 0.122918
13155, 2017-04-01 03:00:00, 0.124711
13156, 2017-04-01 04:00:00, 0.123198
13157, 2017-04-01 05:00:00, 0.119667
13158, 2017-04-01 06:00:00, 0.115012
13159, 2017-04-01 07:00:00, 0.109843
13160, 2017-04-01 08:00:00, 0.104567
13161, 2017-04-01 09:00:00, 0.0994412
13162, 2017-04-01 10:00:00, 0.0946222
13163, 2017-04-01 11:00:00, 0.0901943
13164, 2017-04-01 12:00:00, 0.0929664
13165, 2017-04-01 13:00:00, 0.102178
13166, 2017-04-01 14:00:00, 0.126092
13167, 2017-04-01 15:00:00, 0.178868
13168, 2017-04-01 16:00:00, 0.277567
13169, 2017-04-01 17:00:00, 0.381793
13170, 2017-04-01 18:00:00, 0.515881
13171, 2017-04-01 19:00:00, 0.656884
13172, 2017-04-01 20:00:00, 0.819626
13173, 2017-04-01 21:00:00, 0.940143
13174, 2017-04-01 22:00:00, 1.06253
13175, 2017-04-01 23:00:00, 1.14817
13176, 2017-04-02 00:00:00, 1.20881
13177, 2017-04-02 01:00:00, 1.23355
13178, 2017-04-02 02:00:00, 1.23344
13179, 2017-04-02 03:00:00, 1.20933
13180, 2017-04-02 04:00:00, 1.16857
13181, 2017-04-02 05:00:00, 1.11731
13182, 2017-04-02 06:00:00, 1.05781
13183, 2017-04-02 07:00:00, 0.99663
13184, 2017-04-02 08:00:00, 0.9307
13185, 2017-04-02 09:00:00, 0.861741
13186, 2017-04-02 10:00:00, 0.79465
13187, 2017-04-02 11:00:00, 0.730847
13188, 2017-04-02 12:00:00, 0.688448
13189, 2017-04-02 13:00:00, 0.685337
13190, 2017-04-02 14:00:00, 0.647877
13191, 2017-04-02 15:00:00, 0.674718
13192, 2017-04-02 16:00:00, 0.667631
13193, 2017-04-02 17:00:00, 0.657678
13194, 2017-04-02 18:00:00, 0.634496
13195, 2017-04-02 19:00:00, 0.604044
13196, 2017-04-02 20:00:00, 0.570228
13197, 2017-04-02 21:00:00, 0.535691
13198, 2017-04-02 22:00:00, 0.50212
13199, 2017-04-02 23:00:00, 0.470536
13200, 2017-04-03 00:00:00, 0.441491
13201, 2017-04-03 01:00:00, 0.415224
13202, 2017-04-03 02:00:00, 0.391765
13203, 2017-04-03 03:00:00, 0.371013
13204, 2017-04-03 04:00:00, 0.352786
13205, 2017-04-03 05:00:00, 0.336864
13206, 2017-04-03 06:00:00, 0.323009
13207, 2017-04-03 07:00:00, 0.310982
13208, 2017-04-03 08:00:00, 0.300556
13209, 2017-04-03 09:00:00, 0.291519
13210, 2017-04-03 10:00:00, 0.28368
13211, 2017-04-03 11:00:00, 0.276866
13212, 2017-04-03 12:00:00, 0.270926
13213, 2017-04-03 13:00:00, 0.265729
13214, 2017-04-03 14:00:00, 0.261159
13215, 2017-04-03 15:00:00, 0.257118
13216, 2017-04-03 16:00:00, 0.253523
13217, 2017-04-03 17:00:00, 0.250302
13218, 2017-04-03 18:00:00, 0.247394
13219, 2017-04-03 19:00:00, 0.24475
13220, 2017-04-03 20:00:00, 0.242325
13221, 2017-04-03 21:00:00, 0.240085
13222, 2017-04-03 22:00:00, 0.237999
13223, 2017-04-03 23:00:00, 0.236043
13224, 2017-04-04 00:00:00, 0.234195
13225, 2017-04-04 01:00:00, 0.23244
13226, 2017-04-04 02:00:00, 0.230762
13227, 2017-04-04 03:00:00, 0.229149
13228, 2017-04-04 04:00:00, 0.227593
13229, 2017-04-04 05:00:00, 0.226101
13230, 2017-04-04 06:00:00, 0.225919
13231, 2017-04-04 07:00:00, 0.250973
13232, 2017-04-04 08:00:00, 0.258175
13233, 2017-04-04 09:00:00, 0.251114
13234, 2017-04-04 10:00:00, 0.268507
13235, 2017-04-04 11:00:00, 0.401447
13236, 2017-04-04 12:00:00, 0.439184
13237, 2017-04-04 13:00:00, 0.60482
13238, 2017-04-04 14:00:00, 0.697596
13239, 2017-04-04 15:00:00, 0.821471
13240, 2017-04-04 16:00:00, 0.897575
13241, 2017-04-04 17:00:00, 0.9525
13242, 2017-04-04 18:00:00, 0.960337
13243, 2017-04-04 19:00:00, 0.950293
13244, 2017-04-04 20:00:00, 0.923802
13245, 2017-04-04 21:00:00, 0.885081
13246, 2017-04-04 22:00:00, 0.839555
13247, 2017-04-04 23:00:00, 0.799795
13248, 2017-04-05 00:00:00, 0.754203
13249, 2017-04-05 01:00:00, 0.707051
13250, 2017-04-05 02:00:00, 0.672321
13251, 2017-04-05 03:00:00, 0.626795
13252, 2017-04-05 04:00:00, 0.603412
13253, 2017-04-05 05:00:00, 0.57752
13254, 2017-04-05 06:00:00, 0.549871
13255, 2017-04-05 07:00:00, 0.524938
13256, 2017-04-05 08:00:00, 0.500093
13257, 2017-04-05 09:00:00, 0.476315
13258, 2017-04-05 10:00:00, 0.454123
13259, 2017-04-05 11:00:00, 0.433789
13260, 2017-04-05 12:00:00, 0.415407
13261, 2017-04-05 13:00:00, 0.398951
13262, 2017-04-05 14:00:00, 0.384323
13263, 2017-04-05 15:00:00, 0.371383
13264, 2017-04-05 16:00:00, 0.359972
13265, 2017-04-05 17:00:00, 0.349924
13266, 2017-04-05 18:00:00, 0.341078
13267, 2017-04-05 19:00:00, 0.333281
13268, 2017-04-05 20:00:00, 0.326394
13269, 2017-04-05 21:00:00, 0.320291
13270, 2017-04-05 22:00:00, 0.314859
13271, 2017-04-05 23:00:00, 0.309999
13272, 2017-04-06 00:00:00, 0.305627
13273, 2017-04-06 01:00:00, 0.301668
13274, 2017-04-06 02:00:00, 0.298059
13275, 2017-04-06 03:00:00, 0.294746
13276, 2017-04-06 04:00:00, 0.291683
13277, 2017-04-06 05:00:00, 0.288832
13278, 2017-04-06 06:00:00, 0.286159
13279, 2017-04-06 07:00:00, 0.283638
13280, 2017-04-06 08:00:00, 0.281245
13281, 2017-04-06 09:00:00, 0.278962
13282, 2017-04-06 10:00:00, 0.276773
13283, 2017-04-06 11:00:00, 0.27535
13284, 2017-04-06 12:00:00, 0.272934
13285, 2017-04-06 13:00:00, 0.38377
13286, 2017-04-06 14:00:00, 0.41091
13287, 2017-04-06 15:00:00, 0.477105
13288, 2017-04-06 16:00:00, 0.558864
13289, 2017-04-06 17:00:00, 0.714469
13290, 2017-04-06 18:00:00, 0.907404
13291, 2017-04-06 19:00:00, 0.955498
13292, 2017-04-06 20:00:00, 1.07354
13293, 2017-04-06 21:00:00, 1.11656
13294, 2017-04-06 22:00:00, 1.13625
13295, 2017-04-06 23:00:00, 1.75459
13296, 2017-04-07 00:00:00, 1.51779
13297, 2017-04-07 01:00:00, 1.64002
13298, 2017-04-07 02:00:00, 1.5952
13299, 2017-04-07 03:00:00, 1.63944
13300, 2017-04-07 04:00:00, 1.62979
13301, 2017-04-07 05:00:00, 1.57736
13302, 2017-04-07 06:00:00, 1.49961
13303, 2017-04-07 07:00:00, 1.40901
13304, 2017-04-07 08:00:00, 1.31404
13305, 2017-04-07 09:00:00, 1.22019
13306, 2017-04-07 10:00:00, 1.13087
13307, 2017-04-07 11:00:00, 1.04803
13308, 2017-04-07 12:00:00, 0.972616
13309, 2017-04-07 13:00:00, 0.904898
13310, 2017-04-07 14:00:00, 0.844721
13311, 2017-04-07 15:00:00, 0.791667
13312, 2017-04-07 16:00:00, 0.745165
13313, 2017-04-07 17:00:00, 0.704581
13314, 2017-04-07 18:00:00, 0.669262
13315, 2017-04-07 19:00:00, 0.638575
13316, 2017-04-07 20:00:00, 0.611926
13317, 2017-04-07 21:00:00, 0.588772
13318, 2017-04-07 22:00:00, 0.568626
13319, 2017-04-07 23:00:00, 0.551044
13320, 2017-04-08 00:00:00, 0.535653
13321, 2017-04-08 01:00:00, 0.522122
13322, 2017-04-08 02:00:00, 0.510167
13323, 2017-04-08 03:00:00, 0.499542
13324, 2017-04-08 04:00:00, 0.49004
13325, 2017-04-08 05:00:00, 0.481485
13326, 2017-04-08 06:00:00, 0.473727
13327, 2017-04-08 07:00:00, 0.466641
13328, 2017-04-08 08:00:00, 0.460121
13329, 2017-04-08 09:00:00, 0.45408
13330, 2017-04-08 10:00:00, 0.448444
13331, 2017-04-08 11:00:00, 0.443152
13332, 2017-04-08 12:00:00, 0.438152
13333, 2017-04-08 13:00:00, 0.433402
13334, 2017-04-08 14:00:00, 0.428866
13335, 2017-04-08 15:00:00, 0.424515
13336, 2017-04-08 16:00:00, 0.420326
13337, 2017-04-08 17:00:00, 0.416277
13338, 2017-04-08 18:00:00, 0.412352
13339, 2017-04-08 19:00:00, 0.408538
13340, 2017-04-08 20:00:00, 0.404821
13341, 2017-04-08 21:00:00, 0.401193
13342, 2017-04-08 22:00:00, 0.397646
13343, 2017-04-08 23:00:00, 0.394173
13344, 2017-04-09 00:00:00, 0.390768
13345, 2017-04-09 01:00:00, 0.387427
13346, 2017-04-09 02:00:00, 0.384145
13347, 2017-04-09 03:00:00, 0.380918
13348, 2017-04-09 04:00:00, 0.377745
13349, 2017-04-09 05:00:00, 0.374622
13350, 2017-04-09 06:00:00, 0.371547
13351, 2017-04-09 07:00:00, 0.368519
13352, 2017-04-09 08:00:00, 0.365534
13353, 2017-04-09 09:00:00, 0.362593
13354, 2017-04-09 10:00:00, 0.359693
13355, 2017-04-09 11:00:00, 0.356834
13356, 2017-04-09 12:00:00, 0.354014
13357, 2017-04-09 13:00:00, 0.351232
13358, 2017-04-09 14:00:00, 0.348487
13359, 2017-04-09 15:00:00, 0.345778
13360, 2017-04-09 16:00:00, 0.343105
13361, 2017-04-09 17:00:00, 0.340467
13362, 2017-04-09 18:00:00, 0.337862
13363, 2017-04-09 19:00:00, 0.335291
13364, 2017-04-09 20:00:00, 0.332752
13365, 2017-04-09 21:00:00, 0.330245
13366, 2017-04-09 22:00:00, 0.327769
13367, 2017-04-09 23:00:00, 0.325324
13368, 2017-04-10 00:00:00, 0.322909
13369, 2017-04-10 01:00:00, 0.320524
13370, 2017-04-10 02:00:00, 0.318167
13371, 2017-04-10 03:00:00, 0.315839
13372, 2017-04-10 04:00:00, 0.313539
13373, 2017-04-10 05:00:00, 0.311266
13374, 2017-04-10 06:00:00, 0.309021
13375, 2017-04-10 07:00:00, 0.306801
13376, 2017-04-10 08:00:00, 0.304608
13377, 2017-04-10 09:00:00, 0.30244
13378, 2017-04-10 10:00:00, 0.300297
13379, 2017-04-10 11:00:00, 0.298179
13380, 2017-04-10 12:00:00, 0.296085
13381, 2017-04-10 13:00:00, 0.294015
13382, 2017-04-10 14:00:00, 0.291969
13383, 2017-04-10 15:00:00, 0.289945
13384, 2017-04-10 16:00:00, 0.287945
13385, 2017-04-10 17:00:00, 0.285966
13386, 2017-04-10 18:00:00, 0.28401
13387, 2017-04-10 19:00:00, 0.282075
13388, 2017-04-10 20:00:00, 0.280161
13389, 2017-04-10 21:00:00, 0.278268
13390, 2017-04-10 22:00:00, 0.276396
13391, 2017-04-10 23:00:00, 0.274544
13392, 2017-04-11 00:00:00, 0.272712
13393, 2017-04-11 01:00:00, 0.270899
13394, 2017-04-11 02:00:00, 0.269106
13395, 2017-04-11 03:00:00, 0.267331
13396, 2017-04-11 04:00:00, 0.265576
13397, 2017-04-11 05:00:00, 0.263839
13398, 2017-04-11 06:00:00, 0.26212
13399, 2017-04-11 07:00:00, 0.260418
13400, 2017-04-11 08:00:00, 0.258735
13401, 2017-04-11 09:00:00, 0.257068
13402, 2017-04-11 10:00:00, 0.255419
13403, 2017-04-11 11:00:00, 0.253787
13404, 2017-04-11 12:00:00, 0.252171
13405, 2017-04-11 13:00:00, 0.250571
13406, 2017-04-11 14:00:00, 0.248987
13407, 2017-04-11 15:00:00, 0.24742
13408, 2017-04-11 16:00:00, 0.245867
13409, 2017-04-11 17:00:00, 0.244331
13410, 2017-04-11 18:00:00, 0.242809
13411, 2017-04-11 19:00:00, 0.241302
13412, 2017-04-11 20:00:00, 0.23981
13413, 2017-04-11 21:00:00, 0.238333
13414, 2017-04-11 22:00:00, 0.23687
13415, 2017-04-11 23:00:00, 0.23542
13416, 2017-04-12 00:00:00, 0.233985
13417, 2017-04-12 01:00:00, 0.232564
13418, 2017-04-12 02:00:00, 0.231156
13419, 2017-04-12 03:00:00, 0.229761
13420, 2017-04-12 04:00:00, 0.228379
13421, 2017-04-12 05:00:00, 0.227011
13422, 2017-04-12 06:00:00, 0.225655
13423, 2017-04-12 07:00:00, 0.224312
13424, 2017-04-12 08:00:00, 0.222981
13425, 2017-04-12 09:00:00, 0.221663
13426, 2017-04-12 10:00:00, 0.220356
13427, 2017-04-12 11:00:00, 0.219062
13428, 2017-04-12 12:00:00, 0.217779
13429, 2017-04-12 13:00:00, 0.216508
13430, 2017-04-12 14:00:00, 0.215249
13431, 2017-04-12 15:00:00, 0.214001
13432, 2017-04-12 16:00:00, 0.212764
13433, 2017-04-12 17:00:00, 0.211538
13434, 2017-04-12 18:00:00, 0.210322
13435, 2017-04-12 19:00:00, 0.209118
13436, 2017-04-12 20:00:00, 0.207924
13437, 2017-04-12 21:00:00, 0.206741
13438, 2017-04-12 22:00:00, 0.205568
13439, 2017-04-12 23:00:00, 0.204406
13440, 2017-04-13 00:00:00, 0.203253
13441, 2017-04-13 01:00:00, 0.20211
13442, 2017-04-13 02:00:00, 0.200977
13443, 2017-04-13 03:00:00, 0.199854
13444, 2017-04-13 04:00:00, 0.198741
13445, 2017-04-13 05:00:00, 0.197637
13446, 2017-04-13 06:00:00, 0.196542
13447, 2017-04-13 07:00:00, 0.195457
13448, 2017-04-13 08:00:00, 0.19438
13449, 2017-04-13 09:00:00, 0.193313
13450, 2017-04-13 10:00:00, 0.192255
13451, 2017-04-13 11:00:00, 0.191205
13452, 2017-04-13 12:00:00, 0.190164
13453, 2017-04-13 13:00:00, 0.189132
13454, 2017-04-13 14:00:00, 0.188108
13455, 2017-04-13 15:00:00, 0.187093
13456, 2017-04-13 16:00:00, 0.186085
13457, 2017-04-13 17:00:00, 0.185086
13458, 2017-04-13 18:00:00, 0.184095
13459, 2017-04-13 19:00:00, 0.183113
13460, 2017-04-13 20:00:00, 0.182138
13461, 2017-04-13 21:00:00, 0.18117
13462, 2017-04-13 22:00:00, 0.180211
13463, 2017-04-13 23:00:00, 0.179259
13464, 2017-04-14 00:00:00, 0.178315
13465, 2017-04-14 01:00:00, 0.177378
13466, 2017-04-14 02:00:00, 0.176449
13467, 2017-04-14 03:00:00, 0.175527
13468, 2017-04-14 04:00:00, 0.174612
13469, 2017-04-14 05:00:00, 0.173704
13470, 2017-04-14 06:00:00, 0.172803
13471, 2017-04-14 07:00:00, 0.171909
13472, 2017-04-14 08:00:00, 0.171022
13473, 2017-04-14 09:00:00, 0.170142
13474, 2017-04-14 10:00:00, 0.169269
13475, 2017-04-14 11:00:00, 0.168402
13476, 2017-04-14 12:00:00, 0.167542
13477, 2017-04-14 13:00:00, 0.166689
13478, 2017-04-14 14:00:00, 0.165842
13479, 2017-04-14 15:00:00, 0.165001
13480, 2017-04-14 16:00:00, 0.164166
13481, 2017-04-14 17:00:00, 0.163338
13482, 2017-04-14 18:00:00, 0.162516
13483, 2017-04-14 19:00:00, 0.1617
13484, 2017-04-14 20:00:00, 0.16089
13485, 2017-04-14 21:00:00, 0.160087
13486, 2017-04-14 22:00:00, 0.159289
13487, 2017-04-14 23:00:00, 0.158497
13488, 2017-04-15 00:00:00, 0.15771
13489, 2017-04-15 01:00:00, 0.15693
13490, 2017-04-15 02:00:00, 0.156155
13491, 2017-04-15 03:00:00, 0.155386
13492, 2017-04-15 04:00:00, 0.154622
13493, 2017-04-15 05:00:00, 0.153864
13494, 2017-04-15 06:00:00, 0.153111
13495, 2017-04-15 07:00:00, 0.152363
13496, 2017-04-15 08:00:00, 0.151621
13497, 2017-04-15 09:00:00, 0.150884
13498, 2017-04-15 10:00:00, 0.150153
13499, 2017-04-15 11:00:00, 0.149427
13500, 2017-04-15 12:00:00, 0.148705
13501, 2017-04-15 13:00:00, 0.147989
13502, 2017-04-15 14:00:00, 0.147278
13503, 2017-04-15 15:00:00, 0.146572
13504, 2017-04-15 16:00:00, 0.14587
13505, 2017-04-15 17:00:00, 0.145174
13506, 2017-04-15 18:00:00, 0.144482
13507, 2017-04-15 19:00:00, 0.143795
13508, 2017-04-15 20:00:00, 0.143113
13509, 2017-04-15 21:00:00, 0.142436
13510, 2017-04-15 22:00:00, 0.141763
13511, 2017-04-15 23:00:00, 0.141095
13512, 2017-04-16 00:00:00, 0.14107
13513, 2017-04-16 01:00:00, 0.140301
13514, 2017-04-16 02:00:00, 0.139458
13515, 2017-04-16 03:00:00, 0.138554
13516, 2017-04-16 04:00:00, 0.137821
13517, 2017-04-16 05:00:00, 0.137179
13518, 2017-04-16 06:00:00, 0.136542
13519, 2017-04-16 07:00:00, 0.135909
13520, 2017-04-16 08:00:00, 0.13528
13521, 2017-04-16 09:00:00, 0.134655
13522, 2017-04-16 10:00:00, 0.134034
13523, 2017-04-16 11:00:00, 0.133418
13524, 2017-04-16 12:00:00, 0.132805
13525, 2017-04-16 13:00:00, 0.132197
13526, 2017-04-16 14:00:00, 0.131592
13527, 2017-04-16 15:00:00, 0.130992
13528, 2017-04-16 16:00:00, 0.130395
13529, 2017-04-16 17:00:00, 0.129802
13530, 2017-04-16 18:00:00, 0.129214
13531, 2017-04-16 19:00:00, 0.128628
13532, 2017-04-16 20:00:00, 0.128047
13533, 2017-04-16 21:00:00, 0.127469
13534, 2017-04-16 22:00:00, 0.126895
13535, 2017-04-16 23:00:00, 0.126325
13536, 2017-04-17 00:00:00, 0.125759
13537, 2017-04-17 01:00:00, 0.133246
13538, 2017-04-17 02:00:00, 0.128617
13539, 2017-04-17 03:00:00, 0.127154
13540, 2017-04-17 04:00:00, 0.123659
13541, 2017-04-17 05:00:00, 0.122985
13542, 2017-04-17 06:00:00, 0.122438
13543, 2017-04-17 07:00:00, 0.121891
13544, 2017-04-17 08:00:00, 0.121352
13545, 2017-04-17 09:00:00, 0.120817
13546, 2017-04-17 10:00:00, 0.120284
13547, 2017-04-17 11:00:00, 0.119756
13548, 2017-04-17 12:00:00, 0.11923
13549, 2017-04-17 13:00:00, 0.118708
13550, 2017-04-17 14:00:00, 0.118189
13551, 2017-04-17 15:00:00, 0.117673
13552, 2017-04-17 16:00:00, 0.11716
13553, 2017-04-17 17:00:00, 0.11665
13554, 2017-04-17 18:00:00, 0.116144
13555, 2017-04-17 19:00:00, 0.11564
13556, 2017-04-17 20:00:00, 0.11514
13557, 2017-04-17 21:00:00, 0.114642
13558, 2017-04-17 22:00:00, 0.114148
13559, 2017-04-17 23:00:00, 0.113656
13560, 2017-04-18 00:00:00, 0.113168
13561, 2017-04-18 01:00:00, 0.112682
13562, 2017-04-18 02:00:00, 0.112199
13563, 2017-04-18 03:00:00, 0.111719
13564, 2017-04-18 04:00:00, 0.111242
13565, 2017-04-18 05:00:00, 0.110768
13566, 2017-04-18 06:00:00, 0.110297
13567, 2017-04-18 07:00:00, 0.109828
13568, 2017-04-18 08:00:00, 0.109362
13569, 2017-04-18 09:00:00, 0.108899
13570, 2017-04-18 10:00:00, 0.108439
13571, 2017-04-18 11:00:00, 0.107981
13572, 2017-04-18 12:00:00, 0.107526
13573, 2017-04-18 13:00:00, 0.107073
13574, 2017-04-18 14:00:00, 0.106623
13575, 2017-04-18 15:00:00, 0.106176
13576, 2017-04-18 16:00:00, 0.105731
13577, 2017-04-18 17:00:00, 0.105289
13578, 2017-04-18 18:00:00, 0.10485
13579, 2017-04-18 19:00:00, 0.104413
13580, 2017-04-18 20:00:00, 0.103978
13581, 2017-04-18 21:00:00, 0.103546
13582, 2017-04-18 22:00:00, 0.103116
13583, 2017-04-18 23:00:00, 0.102689
13584, 2017-04-19 00:00:00, 0.102265
13585, 2017-04-19 01:00:00, 0.101842
13586, 2017-04-19 02:00:00, 0.101422
13587, 2017-04-19 03:00:00, 0.101005
13588, 2017-04-19 04:00:00, 0.100589
13589, 2017-04-19 05:00:00, 0.100176
13590, 2017-04-19 06:00:00, 0.0997656
13591, 2017-04-19 07:00:00, 0.0993573
13592, 2017-04-19 08:00:00, 0.0989512
13593, 2017-04-19 09:00:00, 0.0985473
13594, 2017-04-19 10:00:00, 0.0981457
13595, 2017-04-19 11:00:00, 0.0977463
13596, 2017-04-19 12:00:00, 0.0973492
13597, 2017-04-19 13:00:00, 0.0969542
13598, 2017-04-19 14:00:00, 0.0965613
13599, 2017-04-19 15:00:00, 0.0961707
13600, 2017-04-19 16:00:00, 0.0957821
13601, 2017-04-19 17:00:00, 0.0953957
13602, 2017-04-19 18:00:00, 0.0950114
13603, 2017-04-19 19:00:00, 0.0946292
13604, 2017-04-19 20:00:00, 0.094249
13605, 2017-04-19 21:00:00, 0.0938709
13606, 2017-04-19 22:00:00, 0.0935425
13607, 2017-04-19 23:00:00, 0.0951487
13608, 2017-04-20 00:00:00, 0.0946572
13609, 2017-04-20 01:00:00, 0.0935712
13610, 2017-04-20 02:00:00, 0.0923804
13611, 2017-04-20 03:00:00, 0.0916537
13612, 2017-04-20 04:00:00, 0.0913045
13613, 2017-04-20 05:00:00, 0.0913848
13614, 2017-04-20 06:00:00, 0.0929121
13615, 2017-04-20 07:00:00, 0.091379
13616, 2017-04-20 08:00:00, 0.0906397
13617, 2017-04-20 09:00:00, 0.0895038
13618, 2017-04-20 10:00:00, 0.0891361
13619, 2017-04-20 11:00:00, 0.0887852
13620, 2017-04-20 12:00:00, 0.0887165
13621, 2017-04-20 13:00:00, 0.0882165
13622, 2017-04-20 14:00:00, 0.0878456
13623, 2017-04-20 15:00:00, 0.0874001
13624, 2017-04-20 16:00:00, 0.0870583
13625, 2017-04-20 17:00:00, 0.0867183
13626, 2017-04-20 18:00:00, 0.0863801
13627, 2017-04-20 19:00:00, 0.0860436
13628, 2017-04-20 20:00:00, 0.0857089
13629, 2017-04-20 21:00:00, 0.0853759
13630, 2017-04-20 22:00:00, 0.0850446
13631, 2017-04-20 23:00:00, 0.084715
13632, 2017-04-21 00:00:00, 0.0843871
13633, 2017-04-21 01:00:00, 0.0840608
13634, 2017-04-21 02:00:00, 0.0837363
13635, 2017-04-21 03:00:00, 0.0834134
13636, 2017-04-21 04:00:00, 0.0831315
13637, 2017-04-21 05:00:00, 0.0827906
13638, 2017-04-21 06:00:00, 0.083335
13639, 2017-04-21 07:00:00, 0.0828164
13640, 2017-04-21 08:00:00, 0.0838938
13641, 2017-04-21 09:00:00, 0.0823992
13642, 2017-04-21 10:00:00, 0.0823468
13643, 2017-04-21 11:00:00, 0.0922004
13644, 2017-04-21 12:00:00, 0.10338
13645, 2017-04-21 13:00:00, 0.0925614
13646, 2017-04-21 14:00:00, 0.0864872
13647, 2017-04-21 15:00:00, 0.0798183
13648, 2017-04-21 16:00:00, 0.0793855
13649, 2017-04-21 17:00:00, 0.0790797
13650, 2017-04-21 18:00:00, 0.0787608
13651, 2017-04-21 19:00:00, 0.0784628
13652, 2017-04-21 20:00:00, 0.0781852
13653, 2017-04-21 21:00:00, 0.07788
13654, 2017-04-21 22:00:00, 0.0776194
13655, 2017-04-21 23:00:00, 0.0773015
13656, 2017-04-22 00:00:00, 0.0770762
13657, 2017-04-22 01:00:00, 0.0767379
13658, 2017-04-22 02:00:00, 0.0765408
13659, 2017-04-22 03:00:00, 0.0761763
13660, 2017-04-22 04:00:00, 0.075882
13661, 2017-04-22 05:00:00, 0.0756767
13662, 2017-04-22 06:00:00, 0.0753324
13663, 2017-04-22 07:00:00, 0.0750412
13664, 2017-04-22 08:00:00, 0.0747203
13665, 2017-04-22 09:00:00, 0.0744421
13666, 2017-04-22 10:00:00, 0.0741653
13667, 2017-04-22 11:00:00, 0.0738897
13668, 2017-04-22 12:00:00, 0.0736156
13669, 2017-04-22 13:00:00, 0.0733427
13670, 2017-04-22 14:00:00, 0.0730712
13671, 2017-04-22 15:00:00, 0.0735136
13672, 2017-04-22 16:00:00, 0.0729089
13673, 2017-04-22 17:00:00, 0.074192
13674, 2017-04-22 18:00:00, 0.0727646
13675, 2017-04-22 19:00:00, 0.0723307
13676, 2017-04-22 20:00:00, 0.0714688
13677, 2017-04-22 21:00:00, 0.0712062
13678, 2017-04-22 22:00:00, 0.0709448
13679, 2017-04-22 23:00:00, 0.0706846
13680, 2017-04-23 00:00:00, 0.0704257
13681, 2017-04-23 01:00:00, 0.070168
13682, 2017-04-23 02:00:00, 0.0699114
13683, 2017-04-23 03:00:00, 0.0696561
13684, 2017-04-23 04:00:00, 0.069402
13685, 2017-04-23 05:00:00, 0.0691491
13686, 2017-04-23 06:00:00, 0.0688974
13687, 2017-04-23 07:00:00, 0.0686468
13688, 2017-04-23 08:00:00, 0.0683974
13689, 2017-04-23 09:00:00, 0.0681492
13690, 2017-04-23 10:00:00, 0.0679021
13691, 2017-04-23 11:00:00, 0.0676561
13692, 2017-04-23 12:00:00, 0.0674113
13693, 2017-04-23 13:00:00, 0.0671676
13694, 2017-04-23 14:00:00, 0.0669251
13695, 2017-04-23 15:00:00, 0.0666836
13696, 2017-04-23 16:00:00, 0.0664433
13697, 2017-04-23 17:00:00, 0.0662041
13698, 2017-04-23 18:00:00, 0.0659659
13699, 2017-04-23 19:00:00, 0.0657289
13700, 2017-04-23 20:00:00, 0.0654929
13701, 2017-04-23 21:00:00, 0.065258
13702, 2017-04-23 22:00:00, 0.0650242
13703, 2017-04-23 23:00:00, 0.0647914
13704, 2017-04-24 00:00:00, 0.0645597
13705, 2017-04-24 01:00:00, 0.0643291
13706, 2017-04-24 02:00:00, 0.0640995
13707, 2017-04-24 03:00:00, 0.0638709
13708, 2017-04-24 04:00:00, 0.0636434
13709, 2017-04-24 05:00:00, 0.0634169
13710, 2017-04-24 06:00:00, 0.0631914
13711, 2017-04-24 07:00:00, 0.0629669
13712, 2017-04-24 08:00:00, 0.0627434
13713, 2017-04-24 09:00:00, 0.0625209
13714, 2017-04-24 10:00:00, 0.0622994
13715, 2017-04-24 11:00:00, 0.062079
13716, 2017-04-24 12:00:00, 0.0618594
13717, 2017-04-24 13:00:00, 0.0616409
13718, 2017-04-24 14:00:00, 0.0614233
13719, 2017-04-24 15:00:00, 0.0612067
13720, 2017-04-24 16:00:00, 0.0609911
13721, 2017-04-24 17:00:00, 0.0607764
13722, 2017-04-24 18:00:00, 0.0605627
13723, 2017-04-24 19:00:00, 0.0603499
13724, 2017-04-24 20:00:00, 0.0601381
13725, 2017-04-24 21:00:00, 0.0599271
13726, 2017-04-24 22:00:00, 0.0597171
13727, 2017-04-24 23:00:00, 0.0595081
13728, 2017-04-25 00:00:00, 0.0592999
13729, 2017-04-25 01:00:00, 0.0590927
13730, 2017-04-25 02:00:00, 0.0588863
13731, 2017-04-25 03:00:00, 0.0586809
13732, 2017-04-25 04:00:00, 0.0584763
13733, 2017-04-25 05:00:00, 0.0582727
13734, 2017-04-25 06:00:00, 0.0580699
13735, 2017-04-25 07:00:00, 0.057944
13736, 2017-04-25 08:00:00, 0.0577016
13737, 2017-04-25 09:00:00, 0.0574945
13738, 2017-04-25 10:00:00, 0.0575914
13739, 2017-04-25 11:00:00, 0.0576297
13740, 2017-04-25 12:00:00, 0.0579638
13741, 2017-04-25 13:00:00, 0.0572195
13742, 2017-04-25 14:00:00, 0.0568339
13743, 2017-04-25 15:00:00, 0.0563211
13744, 2017-04-25 16:00:00, 0.0561087
13745, 2017-04-25 17:00:00, 0.0558964
13746, 2017-04-25 18:00:00, 0.0557039
13747, 2017-04-25 19:00:00, 0.056884
13748, 2017-04-25 20:00:00, 0.0591804
13749, 2017-04-25 21:00:00, 0.0582881
13750, 2017-04-25 22:00:00, 0.0572695
13751, 2017-04-25 23:00:00, 0.0556399
13752, 2017-04-26 00:00:00, 0.0548684
13753, 2017-04-26 01:00:00, 0.054648
13754, 2017-04-26 02:00:00, 0.0547027
13755, 2017-04-26 03:00:00, 0.0542729
13756, 2017-04-26 04:00:00, 0.0725134
13757, 2017-04-26 05:00:00, 0.0622336
13758, 2017-04-26 06:00:00, 0.068224
13759, 2017-04-26 07:00:00, 0.080678
13760, 2017-04-26 08:00:00, 0.0724032
13761, 2017-04-26 09:00:00, 0.0651436
13762, 2017-04-26 10:00:00, 0.0552543
13763, 2017-04-26 11:00:00, 0.052942
13764, 2017-04-26 12:00:00, 0.0526002
13765, 2017-04-26 13:00:00, 0.0523614
13766, 2017-04-26 14:00:00, 0.0523224
13767, 2017-04-26 15:00:00, 0.0520131
13768, 2017-04-26 16:00:00, 0.0527851
13769, 2017-04-26 17:00:00, 0.0519782
13770, 2017-04-26 18:00:00, 0.05169
13771, 2017-04-26 19:00:00, 0.0511461
13772, 2017-04-26 20:00:00, 0.0509735
13773, 2017-04-26 21:00:00, 0.0508017
13774, 2017-04-26 22:00:00, 0.0506306
13775, 2017-04-26 23:00:00, 0.0504601
13776, 2017-04-27 00:00:00, 0.0502904
13777, 2017-04-27 01:00:00, 0.0501213
13778, 2017-04-27 02:00:00, 0.049953
13779, 2017-04-27 03:00:00, 0.0497853
13780, 2017-04-27 04:00:00, 0.0496379
13781, 2017-04-27 05:00:00, 0.0494609
13782, 2017-04-27 06:00:00, 0.0492935
13783, 2017-04-27 07:00:00, 0.0491214
13784, 2017-04-27 08:00:00, 0.0489571
13785, 2017-04-27 09:00:00, 0.0487935
13786, 2017-04-27 10:00:00, 0.0486305
13787, 2017-04-27 11:00:00, 0.0484682
13788, 2017-04-27 12:00:00, 0.0483066
13789, 2017-04-27 13:00:00, 0.0481456
13790, 2017-04-27 14:00:00, 0.0479853
13791, 2017-04-27 15:00:00, 0.0478256
13792, 2017-04-27 16:00:00, 0.0476666
13793, 2017-04-27 17:00:00, 0.0475082
13794, 2017-04-27 18:00:00, 0.0473504
13795, 2017-04-27 19:00:00, 0.0471933
13796, 2017-04-27 20:00:00, 0.0470368
13797, 2017-04-27 21:00:00, 0.046881
13798, 2017-04-27 22:00:00, 0.0467257
13799, 2017-04-27 23:00:00, 0.0465711
13800, 2017-04-28 00:00:00, 0.0464171
13801, 2017-04-28 01:00:00, 0.0462638
13802, 2017-04-28 02:00:00, 0.046111
13803, 2017-04-28 03:00:00, 0.0459588
13804, 2017-04-28 04:00:00, 0.0458073
13805, 2017-04-28 05:00:00, 0.0456563
13806, 2017-04-28 06:00:00, 0.045506
13807, 2017-04-28 07:00:00, 0.0453563
13808, 2017-04-28 08:00:00, 0.0452071
13809, 2017-04-28 09:00:00, 0.0450586
13810, 2017-04-28 10:00:00, 0.0449107
13811, 2017-04-28 11:00:00, 0.0448236
13812, 2017-04-28 12:00:00, 0.0446438
13813, 2017-04-28 13:00:00, 0.044492
13814, 2017-04-28 14:00:00, 0.0443244
13815, 2017-04-28 15:00:00, 0.0441793
13816, 2017-04-28 16:00:00, 0.0440348
13817, 2017-04-28 17:00:00, 0.0438908
13818, 2017-04-28 18:00:00, 0.0437475
13819, 2017-04-28 19:00:00, 0.0436046
13820, 2017-04-28 20:00:00, 0.0434624
13821, 2017-04-28 21:00:00, 0.0433207
13822, 2017-04-28 22:00:00, 0.0431795
13823, 2017-04-28 23:00:00, 0.0430389
13824, 2017-04-29 00:00:00, 0.0428988
13825, 2017-04-29 01:00:00, 0.0427593
13826, 2017-04-29 02:00:00, 0.0426203
13827, 2017-04-29 03:00:00, 0.0424819
13828, 2017-04-29 04:00:00, 0.042344
13829, 2017-04-29 05:00:00, 0.0422066
13830, 2017-04-29 06:00:00, 0.0420698
13831, 2017-04-29 07:00:00, 0.0419335
13832, 2017-04-29 08:00:00, 0.0417977
13833, 2017-04-29 09:00:00, 0.0416624
13834, 2017-04-29 10:00:00, 0.0415277
13835, 2017-04-29 11:00:00, 0.0413935
13836, 2017-04-29 12:00:00, 0.0412598
13837, 2017-04-29 13:00:00, 0.0411266
13838, 2017-04-29 14:00:00, 0.0409939
13839, 2017-04-29 15:00:00, 0.0408618
13840, 2017-04-29 16:00:00, 0.0407301
13841, 2017-04-29 17:00:00, 0.0405989
13842, 2017-04-29 18:00:00, 0.0404683
13843, 2017-04-29 19:00:00, 0.0403381
13844, 2017-04-29 20:00:00, 0.0402085
13845, 2017-04-29 21:00:00, 0.0400793
13846, 2017-04-29 22:00:00, 0.0399506
13847, 2017-04-29 23:00:00, 0.0398224
13848, 2017-04-30 00:00:00, 0.0396947
13849, 2017-04-30 01:00:00, 0.0395675
13850, 2017-04-30 02:00:00, 0.0394408
13851, 2017-04-30 03:00:00, 0.0393145
13852, 2017-04-30 04:00:00, 0.0391887
13853, 2017-04-30 05:00:00, 0.0390634
13854, 2017-04-30 06:00:00, 0.0389386
13855, 2017-04-30 07:00:00, 0.0388143
13856, 2017-04-30 08:00:00, 0.0386904
13857, 2017-04-30 09:00:00, 0.0385669
13858, 2017-04-30 10:00:00, 0.038444
13859, 2017-04-30 11:00:00, 0.0383215
13860, 2017-04-30 12:00:00, 0.0381995
13861, 2017-04-30 13:00:00, 0.0380779
13862, 2017-04-30 14:00:00, 0.0379568
13863, 2017-04-30 15:00:00, 0.0378361
13864, 2017-04-30 16:00:00, 0.0377159
13865, 2017-04-30 17:00:00, 0.0375961
13866, 2017-04-30 18:00:00, 0.0375093
13867, 2017-04-30 19:00:00, 0.0373727
13868, 2017-04-30 20:00:00, 0.0372513
13869, 2017-04-30 21:00:00, 0.0371215
13870, 2017-04-30 22:00:00, 0.0370039
13871, 2017-04-30 23:00:00, 0.0368868
13872, 2017-05-01 00:00:00, 0.0367701
13873, 2017-05-01 01:00:00, 0.0366538
13874, 2017-05-01 02:00:00, 0.036538
13875, 2017-05-01 03:00:00, 0.0364226
13876, 2017-05-01 04:00:00, 0.0363077
13877, 2017-05-01 05:00:00, 0.0361931
13878, 2017-05-01 06:00:00, 0.036079
13879, 2017-05-01 07:00:00, 0.0359653
13880, 2017-05-01 08:00:00, 0.035852
13881, 2017-05-01 09:00:00, 0.0357392
13882, 2017-05-01 10:00:00, 0.0356267
13883, 2017-05-01 11:00:00, 0.0355147
13884, 2017-05-01 12:00:00, 0.0354031
13885, 2017-05-01 13:00:00, 0.0352918
13886, 2017-05-01 14:00:00, 0.035181
13887, 2017-05-01 15:00:00, 0.0350706
13888, 2017-05-01 16:00:00, 0.0349606
13889, 2017-05-01 17:00:00, 0.034851
13890, 2017-05-01 18:00:00, 0.0347419
13891, 2017-05-01 19:00:00, 0.0346331
13892, 2017-05-01 20:00:00, 0.0345247
13893, 2017-05-01 21:00:00, 0.0344167
13894, 2017-05-01 22:00:00, 0.034309
13895, 2017-05-01 23:00:00, 0.0342018
13896, 2017-05-02 00:00:00, 0.034095
13897, 2017-05-02 01:00:00, 0.0339885
13898, 2017-05-02 02:00:00, 0.0338825
13899, 2017-05-02 03:00:00, 0.0337768
13900, 2017-05-02 04:00:00, 0.0336715
13901, 2017-05-02 05:00:00, 0.0335666
13902, 2017-05-02 06:00:00, 0.0334621
13903, 2017-05-02 07:00:00, 0.0333633
13904, 2017-05-02 08:00:00, 0.0334575
13905, 2017-05-02 09:00:00, 0.0348931
13906, 2017-05-02 10:00:00, 0.0348718
13907, 2017-05-02 11:00:00, 0.034317
13908, 2017-05-02 12:00:00, 0.0336988
13909, 2017-05-02 13:00:00, 0.0330142
13910, 2017-05-02 14:00:00, 0.0327657
13911, 2017-05-02 15:00:00, 0.032538
13912, 2017-05-02 16:00:00, 0.0324372
13913, 2017-05-02 17:00:00, 0.0323367
13914, 2017-05-02 18:00:00, 0.0322366
13915, 2017-05-02 19:00:00, 0.0321369
13916, 2017-05-02 20:00:00, 0.0320375
13917, 2017-05-02 21:00:00, 0.0319384
13918, 2017-05-02 22:00:00, 0.0318397
13919, 2017-05-02 23:00:00, 0.0317414
13920, 2017-05-03 00:00:00, 0.0316434
13921, 2017-05-03 01:00:00, 0.0315458
13922, 2017-05-03 02:00:00, 0.0314485
13923, 2017-05-03 03:00:00, 0.0313515
13924, 2017-05-03 04:00:00, 0.0312549
13925, 2017-05-03 05:00:00, 0.0311586
13926, 2017-05-03 06:00:00, 0.0310627
13927, 2017-05-03 07:00:00, 0.0309671
13928, 2017-05-03 08:00:00, 0.0308719
13929, 2017-05-03 09:00:00, 0.030777
13930, 2017-05-03 10:00:00, 0.0306824
13931, 2017-05-03 11:00:00, 0.0305882
13932, 2017-05-03 12:00:00, 0.0304942
13933, 2017-05-03 13:00:00, 0.0304007
13934, 2017-05-03 14:00:00, 0.0303074
13935, 2017-05-03 15:00:00, 0.0302145
13936, 2017-05-03 16:00:00, 0.0301219
13937, 2017-05-03 17:00:00, 0.0300296
13938, 2017-05-03 18:00:00, 0.0299377
13939, 2017-05-03 19:00:00, 0.0298461
13940, 2017-05-03 20:00:00, 0.0297548
13941, 2017-05-03 21:00:00, 0.0296638
13942, 2017-05-03 22:00:00, 0.0295731
13943, 2017-05-03 23:00:00, 0.0294828
13944, 2017-05-04 00:00:00, 0.0293927
13945, 2017-05-04 01:00:00, 0.029303
13946, 2017-05-04 02:00:00, 0.0292136
13947, 2017-05-04 03:00:00, 0.0291245
13948, 2017-05-04 04:00:00, 0.0290357
13949, 2017-05-04 05:00:00, 0.0289472
13950, 2017-05-04 06:00:00, 0.0288591
13951, 2017-05-04 07:00:00, 0.0287712
13952, 2017-05-04 08:00:00, 0.0286837
13953, 2017-05-04 09:00:00, 0.0285964
13954, 2017-05-04 10:00:00, 0.0285094
13955, 2017-05-04 11:00:00, 0.0284228
13956, 2017-05-04 12:00:00, 0.0283364
13957, 2017-05-04 13:00:00, 0.0282504
13958, 2017-05-04 14:00:00, 0.0281646
13959, 2017-05-04 15:00:00, 0.0280792
13960, 2017-05-04 16:00:00, 0.027994
13961, 2017-05-04 17:00:00, 0.0279091
13962, 2017-05-04 18:00:00, 0.0278246
13963, 2017-05-04 19:00:00, 0.0277403
13964, 2017-05-04 20:00:00, 0.0276563
13965, 2017-05-04 21:00:00, 0.0275726
13966, 2017-05-04 22:00:00, 0.0274892
13967, 2017-05-04 23:00:00, 0.027406
13968, 2017-05-05 00:00:00, 0.0273232
13969, 2017-05-05 01:00:00, 0.0272406
13970, 2017-05-05 02:00:00, 0.0271583
13971, 2017-05-05 03:00:00, 0.0270763
13972, 2017-05-05 04:00:00, 0.0269946
13973, 2017-05-05 05:00:00, 0.0269132
13974, 2017-05-05 06:00:00, 0.026832
13975, 2017-05-05 07:00:00, 0.0267511
13976, 2017-05-05 08:00:00, 0.0266705
13977, 2017-05-05 09:00:00, 0.0265902
13978, 2017-05-05 10:00:00, 0.0265101
13979, 2017-05-05 11:00:00, 0.0264909
13980, 2017-05-05 12:00:00, 0.0263783
13981, 2017-05-05 13:00:00, 0.0262936
13982, 2017-05-05 14:00:00, 0.0261926
13983, 2017-05-05 15:00:00, 0.0261139
13984, 2017-05-05 16:00:00, 0.0260354
13985, 2017-05-05 17:00:00, 0.0273194
13986, 2017-05-05 18:00:00, 0.0540706
13987, 2017-05-05 19:00:00, 0.352193
13988, 2017-05-05 20:00:00, 0.533569
13989, 2017-05-05 21:00:00, 0.443995
13990, 2017-05-05 22:00:00, 0.221663
13991, 2017-05-05 23:00:00, 0.0789838
13992, 2017-05-06 00:00:00, 0.02663
13993, 2017-05-06 01:00:00, 0.0256785
13994, 2017-05-06 02:00:00, 0.0254961
13995, 2017-05-06 03:00:00, 0.02526
13996, 2017-05-06 04:00:00, 0.0251706
13997, 2017-05-06 05:00:00, 0.0250395
13998, 2017-05-06 06:00:00, 0.0252142
13999, 2017-05-06 07:00:00, 0.0250037
14000, 2017-05-06 08:00:00, 0.0249068
14001, 2017-05-06 09:00:00, 0.0419336
14002, 2017-05-06 10:00:00, 0.0333876
14003, 2017-05-06 11:00:00, 0.0312575
14004, 2017-05-06 12:00:00, 0.0248503
14005, 2017-05-06 13:00:00, 0.0244499
14006, 2017-05-06 14:00:00, 0.0243759
14007, 2017-05-06 15:00:00, 0.0243031
14008, 2017-05-06 16:00:00, 0.0242624
14009, 2017-05-06 17:00:00, 0.0241727
14010, 2017-05-06 18:00:00, 0.0240979
14011, 2017-05-06 19:00:00, 0.0240145
14012, 2017-05-06 20:00:00, 0.0239431
14013, 2017-05-06 21:00:00, 0.0238719
14014, 2017-05-06 22:00:00, 0.023801
14015, 2017-05-06 23:00:00, 0.0237303
14016, 2017-05-07 00:00:00, 0.0236599
14017, 2017-05-07 01:00:00, 0.0235897
14018, 2017-05-07 02:00:00, 0.0235197
14019, 2017-05-07 03:00:00, 0.02345
14020, 2017-05-07 04:00:00, 0.0233804
14021, 2017-05-07 05:00:00, 0.0233112
14022, 2017-05-07 06:00:00, 0.0232421
14023, 2017-05-07 07:00:00, 0.0231733
14024, 2017-05-07 08:00:00, 0.0231047
14025, 2017-05-07 09:00:00, 0.0230363
14026, 2017-05-07 10:00:00, 0.0229681
14027, 2017-05-07 11:00:00, 0.0229002
14028, 2017-05-07 12:00:00, 0.0228325
14029, 2017-05-07 13:00:00, 0.022765
14030, 2017-05-07 14:00:00, 0.0226978
14031, 2017-05-07 15:00:00, 0.0226307
14032, 2017-05-07 16:00:00, 0.0225639
14033, 2017-05-07 17:00:00, 0.0224973
14034, 2017-05-07 18:00:00, 0.022431
14035, 2017-05-07 19:00:00, 0.0223648
14036, 2017-05-07 20:00:00, 0.0222989
14037, 2017-05-07 21:00:00, 0.0222331
14038, 2017-05-07 22:00:00, 0.0221676
14039, 2017-05-07 23:00:00, 0.0221023
14040, 2017-05-08 00:00:00, 0.0220374
14041, 2017-05-08 01:00:00, 0.0220269
14042, 2017-05-08 02:00:00, 0.0219325
14043, 2017-05-08 03:00:00, 0.0218631
14044, 2017-05-08 04:00:00, 0.021779
14045, 2017-05-08 05:00:00, 0.021715
14046, 2017-05-08 06:00:00, 0.0216512
14047, 2017-05-08 07:00:00, 0.0215876
14048, 2017-05-08 08:00:00, 0.0215242
14049, 2017-05-08 09:00:00, 0.021461
14050, 2017-05-08 10:00:00, 0.021398
14051, 2017-05-08 11:00:00, 0.0213352
14052, 2017-05-08 12:00:00, 0.0212726
14053, 2017-05-08 13:00:00, 0.0212103
14054, 2017-05-08 14:00:00, 0.0211481
14055, 2017-05-08 15:00:00, 0.0210861
14056, 2017-05-08 16:00:00, 0.0210243
14057, 2017-05-08 17:00:00, 0.0209628
14058, 2017-05-08 18:00:00, 0.0209014
14059, 2017-05-08 19:00:00, 0.0208402
14060, 2017-05-08 20:00:00, 0.0207793
14061, 2017-05-08 21:00:00, 0.0207185
14062, 2017-05-08 22:00:00, 0.0206579
14063, 2017-05-08 23:00:00, 0.0205975
14064, 2017-05-09 00:00:00, 0.0205373
14065, 2017-05-09 01:00:00, 0.0204773
14066, 2017-05-09 02:00:00, 0.0204175
14067, 2017-05-09 03:00:00, 0.0203579
14068, 2017-05-09 04:00:00, 0.0202985
14069, 2017-05-09 05:00:00, 0.0202393
14070, 2017-05-09 06:00:00, 0.0201802
14071, 2017-05-09 07:00:00, 0.0201214
14072, 2017-05-09 08:00:00, 0.0200627
14073, 2017-05-09 09:00:00, 0.0200042
14074, 2017-05-09 10:00:00, 0.019946
14075, 2017-05-09 11:00:00, 0.0198879
14076, 2017-05-09 12:00:00, 0.01983
14077, 2017-05-09 13:00:00, 0.0197722
14078, 2017-05-09 14:00:00, 0.0197147
14079, 2017-05-09 15:00:00, 0.0196573
14080, 2017-05-09 16:00:00, 0.0196002
14081, 2017-05-09 17:00:00, 0.0195432
14082, 2017-05-09 18:00:00, 0.0194864
14083, 2017-05-09 19:00:00, 0.0194585
14084, 2017-05-09 20:00:00, 0.0193864
14085, 2017-05-09 21:00:00, 0.0193275
14086, 2017-05-09 22:00:00, 0.019261
14087, 2017-05-09 23:00:00, 0.0192051
14088, 2017-05-10 00:00:00, 0.0191493
14089, 2017-05-10 01:00:00, 0.0190938
14090, 2017-05-10 02:00:00, 0.0190384
14091, 2017-05-10 03:00:00, 0.0189832
14092, 2017-05-10 04:00:00, 0.0189282
14093, 2017-05-10 05:00:00, 0.0188733
14094, 2017-05-10 06:00:00, 0.0188187
14095, 2017-05-10 07:00:00, 0.0187642
14096, 2017-05-10 08:00:00, 0.0187099
14097, 2017-05-10 09:00:00, 0.0186557
14098, 2017-05-10 10:00:00, 0.0186017
14099, 2017-05-10 11:00:00, 0.0185479
14100, 2017-05-10 12:00:00, 0.0184943
14101, 2017-05-10 13:00:00, 0.0184408
14102, 2017-05-10 14:00:00, 0.0183875
14103, 2017-05-10 15:00:00, 0.0183344
14104, 2017-05-10 16:00:00, 0.0182814
14105, 2017-05-10 17:00:00, 0.0182286
14106, 2017-05-10 18:00:00, 0.018176
14107, 2017-05-10 19:00:00, 0.0181235
14108, 2017-05-10 20:00:00, 0.0180712
14109, 2017-05-10 21:00:00, 0.0180191
14110, 2017-05-10 22:00:00, 0.0179671
14111, 2017-05-10 23:00:00, 0.0179153
14112, 2017-05-11 00:00:00, 0.0178637
14113, 2017-05-11 01:00:00, 0.0178122
14114, 2017-05-11 02:00:00, 0.0177609
14115, 2017-05-11 03:00:00, 0.0177097
14116, 2017-05-11 04:00:00, 0.0176587
14117, 2017-05-11 05:00:00, 0.0176079
14118, 2017-05-11 06:00:00, 0.0175572
14119, 2017-05-11 07:00:00, 0.0175067
14120, 2017-05-11 08:00:00, 0.0174563
14121, 2017-05-11 09:00:00, 0.0174061
14122, 2017-05-11 10:00:00, 0.0173561
14123, 2017-05-11 11:00:00, 0.0173062
14124, 2017-05-11 12:00:00, 0.0172565
14125, 2017-05-11 13:00:00, 0.0172069
14126, 2017-05-11 14:00:00, 0.0171575
14127, 2017-05-11 15:00:00, 0.0171082
14128, 2017-05-11 16:00:00, 0.0170591
14129, 2017-05-11 17:00:00, 0.0170101
14130, 2017-05-11 18:00:00, 0.0169613
14131, 2017-05-11 19:00:00, 0.0169127
14132, 2017-05-11 20:00:00, 0.0168642
14133, 2017-05-11 21:00:00, 0.0168158
14134, 2017-05-11 22:00:00, 0.0167676
14135, 2017-05-11 23:00:00, 0.0167196
14136, 2017-05-12 00:00:00, 0.0166717
14137, 2017-05-12 01:00:00, 0.0166239
14138, 2017-05-12 02:00:00, 0.0165763
14139, 2017-05-12 03:00:00, 0.0165289
14140, 2017-05-12 04:00:00, 0.0164816
14141, 2017-05-12 05:00:00, 0.0164344
14142, 2017-05-12 06:00:00, 0.0163874
14143, 2017-05-12 07:00:00, 0.0163405
14144, 2017-05-12 08:00:00, 0.0162938
14145, 2017-05-12 09:00:00, 0.0162472
14146, 2017-05-12 10:00:00, 0.0162008
14147, 2017-05-12 11:00:00, 0.0161545
14148, 2017-05-12 12:00:00, 0.0161084
14149, 2017-05-12 13:00:00, 0.0160624
14150, 2017-05-12 14:00:00, 0.0160165
14151, 2017-05-12 15:00:00, 0.0159708
14152, 2017-05-12 16:00:00, 0.0159252
14153, 2017-05-12 17:00:00, 0.0158798
14154, 2017-05-12 18:00:00, 0.0158345
14155, 2017-05-12 19:00:00, 0.0157893
14156, 2017-05-12 20:00:00, 0.0157443
14157, 2017-05-12 21:00:00, 0.0156994
14158, 2017-05-12 22:00:00, 0.0156547
14159, 2017-05-12 23:00:00, 0.0156101
14160, 2017-05-13 00:00:00, 0.0155656
14161, 2017-05-13 01:00:00, 0.0155213
14162, 2017-05-13 02:00:00, 0.0154771
14163, 2017-05-13 03:00:00, 0.015433
14164, 2017-05-13 04:00:00, 0.0153891
14165, 2017-05-13 05:00:00, 0.0153453
14166, 2017-05-13 06:00:00, 0.0153017
14167, 2017-05-13 07:00:00, 0.0152582
14168, 2017-05-13 08:00:00, 0.0152148
14169, 2017-05-13 09:00:00, 0.0151715
14170, 2017-05-13 10:00:00, 0.0151284
14171, 2017-05-13 11:00:00, 0.0150854
14172, 2017-05-13 12:00:00, 0.0150426
14173, 2017-05-13 13:00:00, 0.0149998
14174, 2017-05-13 14:00:00, 0.0149573
14175, 2017-05-13 15:00:00, 0.0149148
14176, 2017-05-13 16:00:00, 0.0148725
14177, 2017-05-13 17:00:00, 0.0166004
14178, 2017-05-13 18:00:00, 0.0245622
14179, 2017-05-13 19:00:00, 0.0200191
14180, 2017-05-13 20:00:00, 0.0182784
14181, 2017-05-13 21:00:00, 0.0161659
14182, 2017-05-13 22:00:00, 0.0154463
14183, 2017-05-13 23:00:00, 0.0291701
14184, 2017-05-14 00:00:00, 0.0213468
14185, 2017-05-14 01:00:00, 0.0200482
14186, 2017-05-14 02:00:00, 0.0267955
14187, 2017-05-14 03:00:00, 0.0355474
14188, 2017-05-14 04:00:00, 0.101522
14189, 2017-05-14 05:00:00, 0.149893
14190, 2017-05-14 06:00:00, 0.232262
14191, 2017-05-14 07:00:00, 0.144423
14192, 2017-05-14 08:00:00, 0.0833994
14193, 2017-05-14 09:00:00, 0.0263536
14194, 2017-05-14 10:00:00, 0.0153672
14195, 2017-05-14 11:00:00, 0.0143197
14196, 2017-05-14 12:00:00, 0.014066
14197, 2017-05-14 13:00:00, 0.0140687
14198, 2017-05-14 14:00:00, 0.0139937
14199, 2017-05-14 15:00:00, 0.0139501
14200, 2017-05-14 16:00:00, 0.0138944
14201, 2017-05-14 17:00:00, 0.0138551
14202, 2017-05-14 18:00:00, 0.013816
14203, 2017-05-14 19:00:00, 0.013777
14204, 2017-05-14 20:00:00, 0.0137382
14205, 2017-05-14 21:00:00, 0.0136994
14206, 2017-05-14 22:00:00, 0.0136608
14207, 2017-05-14 23:00:00, 0.0136223
14208, 2017-05-15 00:00:00, 0.0135839
14209, 2017-05-15 01:00:00, 0.0135456
14210, 2017-05-15 02:00:00, 0.0135074
14211, 2017-05-15 03:00:00, 0.0134693
14212, 2017-05-15 04:00:00, 0.0134314
14213, 2017-05-15 05:00:00, 0.0133936
14214, 2017-05-15 06:00:00, 0.0133559
14215, 2017-05-15 07:00:00, 0.013319
14216, 2017-05-15 08:00:00, 0.0133079
14217, 2017-05-15 09:00:00, 0.0142736
14218, 2017-05-15 10:00:00, 0.0136785
14219, 2017-05-15 11:00:00, 0.0139297
14220, 2017-05-15 12:00:00, 0.0139627
14221, 2017-05-15 13:00:00, 0.0285933
14222, 2017-05-15 14:00:00, 0.022974
14223, 2017-05-15 15:00:00, 0.019993
14224, 2017-05-15 16:00:00, 0.0141095
14225, 2017-05-15 17:00:00, 0.0130239
14226, 2017-05-15 18:00:00, 0.0129121
14227, 2017-05-15 19:00:00, 0.0128758
14228, 2017-05-15 20:00:00, 0.0128397
14229, 2017-05-15 21:00:00, 0.0128036
14230, 2017-05-15 22:00:00, 0.0127677
14231, 2017-05-15 23:00:00, 0.0127318
14232, 2017-05-16 00:00:00, 0.0126961
14233, 2017-05-16 01:00:00, 0.0126605
14234, 2017-05-16 02:00:00, 0.012625
14235, 2017-05-16 03:00:00, 0.0125896
14236, 2017-05-16 04:00:00, 0.0125543
14237, 2017-05-16 05:00:00, 0.0125191
14238, 2017-05-16 06:00:00, 0.012484
14239, 2017-05-16 07:00:00, 0.012449
14240, 2017-05-16 08:00:00, 0.0124142
14241, 2017-05-16 09:00:00, 0.0123794
14242, 2017-05-16 10:00:00, 0.0123447
14243, 2017-05-16 11:00:00, 0.0123101
14244, 2017-05-16 12:00:00, 0.0122757
14245, 2017-05-16 13:00:00, 0.0122413
14246, 2017-05-16 14:00:00, 0.0122071
14247, 2017-05-16 15:00:00, 0.0121729
14248, 2017-05-16 16:00:00, 0.0121388
14249, 2017-05-16 17:00:00, 0.0121049
14250, 2017-05-16 18:00:00, 0.012071
14251, 2017-05-16 19:00:00, 0.0120373
14252, 2017-05-16 20:00:00, 0.0120036
14253, 2017-05-16 21:00:00, 0.0119701
14254, 2017-05-16 22:00:00, 0.0119366
14255, 2017-05-16 23:00:00, 0.0119033
14256, 2017-05-17 00:00:00, 0.01187
14257, 2017-05-17 01:00:00, 0.0118369
14258, 2017-05-17 02:00:00, 0.0118038
14259, 2017-05-17 03:00:00, 0.0117709
14260, 2017-05-17 04:00:00, 0.011738
14261, 2017-05-17 05:00:00, 0.0117052
14262, 2017-05-17 06:00:00, 0.0116726
14263, 2017-05-17 07:00:00, 0.01164
14264, 2017-05-17 08:00:00, 0.0116075
14265, 2017-05-17 09:00:00, 0.0115752
14266, 2017-05-17 10:00:00, 0.0115429
14267, 2017-05-17 11:00:00, 0.0115107
14268, 2017-05-17 12:00:00, 0.0114786
14269, 2017-05-17 13:00:00, 0.0114466
14270, 2017-05-17 14:00:00, 0.0114147
14271, 2017-05-17 15:00:00, 0.0113829
14272, 2017-05-17 16:00:00, 0.0113512
14273, 2017-05-17 17:00:00, 0.0113196
14274, 2017-05-17 18:00:00, 0.0112881
14275, 2017-05-17 19:00:00, 0.0112566
14276, 2017-05-17 20:00:00, 0.0112253
14277, 2017-05-17 21:00:00, 0.011194
14278, 2017-05-17 22:00:00, 0.0111629
14279, 2017-05-17 23:00:00, 0.0111318
14280, 2017-05-18 00:00:00, 0.0111008
14281, 2017-05-18 01:00:00, 0.01107
14282, 2017-05-18 02:00:00, 0.0110392
14283, 2017-05-18 03:00:00, 0.0110085
14284, 2017-05-18 04:00:00, 0.0109779
14285, 2017-05-18 05:00:00, 0.0109474
14286, 2017-05-18 06:00:00, 0.0109169
14287, 2017-05-18 07:00:00, 0.0108866
14288, 2017-05-18 08:00:00, 0.0108563
14289, 2017-05-18 09:00:00, 0.0108262
14290, 2017-05-18 10:00:00, 0.0107961
14291, 2017-05-18 11:00:00, 0.0107661
14292, 2017-05-18 12:00:00, 0.0107362
14293, 2017-05-18 13:00:00, 0.0107064
14294, 2017-05-18 14:00:00, 0.0106767
14295, 2017-05-18 15:00:00, 0.0106471
14296, 2017-05-18 16:00:00, 0.0106175
14297, 2017-05-18 17:00:00, 0.0105881
14298, 2017-05-18 18:00:00, 0.0105587
14299, 2017-05-18 19:00:00, 0.0105294
14300, 2017-05-18 20:00:00, 0.0105002
14301, 2017-05-18 21:00:00, 0.0104711
14302, 2017-05-18 22:00:00, 0.0104421
14303, 2017-05-18 23:00:00, 0.0104131
14304, 2017-05-19 00:00:00, 0.0103843
14305, 2017-05-19 01:00:00, 0.0103555
14306, 2017-05-19 02:00:00, 0.0103268
14307, 2017-05-19 03:00:00, 0.0102982
14308, 2017-05-19 04:00:00, 0.0102697
14309, 2017-05-19 05:00:00, 0.0110065
14310, 2017-05-19 06:00:00, 0.0111167
14311, 2017-05-19 07:00:00, 0.0107156
14312, 2017-05-19 08:00:00, 0.0103586
14313, 2017-05-19 09:00:00, 0.0101283
14314, 2017-05-19 10:00:00, 0.0101003
14315, 2017-05-19 11:00:00, 0.0100723
14316, 2017-05-19 12:00:00, 0.0100445
14317, 2017-05-19 13:00:00, 0.0100167
14318, 2017-05-19 14:00:00, 0.00998895
14319, 2017-05-19 15:00:00, 0.00996133
14320, 2017-05-19 16:00:00, 0.00993379
14321, 2017-05-19 17:00:00, 0.00990633
14322, 2017-05-19 18:00:00, 0.00987895
14323, 2017-05-19 19:00:00, 0.00985165
14324, 2017-05-19 20:00:00, 0.00982442
14325, 2017-05-19 21:00:00, 0.00979728
14326, 2017-05-19 22:00:00, 0.00977022
14327, 2017-05-19 23:00:00, 0.00974323
14328, 2017-05-20 00:00:00, 0.00971632
14329, 2017-05-20 01:00:00, 0.00968949
14330, 2017-05-20 02:00:00, 0.00966274
14331, 2017-05-20 03:00:00, 0.00963607
14332, 2017-05-20 04:00:00, 0.00960947
14333, 2017-05-20 05:00:00, 0.00958295
14334, 2017-05-20 06:00:00, 0.00955651
14335, 2017-05-20 07:00:00, 0.00953015
14336, 2017-05-20 08:00:00, 0.00950386
14337, 2017-05-20 09:00:00, 0.00947765
14338, 2017-05-20 10:00:00, 0.00945151
14339, 2017-05-20 11:00:00, 0.00942545
14340, 2017-05-20 12:00:00, 0.00939946
14341, 2017-05-20 13:00:00, 0.00937355
14342, 2017-05-20 14:00:00, 0.00934772
14343, 2017-05-20 15:00:00, 0.00932196
14344, 2017-05-20 16:00:00, 0.00929627
14345, 2017-05-20 17:00:00, 0.00927066
14346, 2017-05-20 18:00:00, 0.00924512
14347, 2017-05-20 19:00:00, 0.00921966
14348, 2017-05-20 20:00:00, 0.00919427
14349, 2017-05-20 21:00:00, 0.00916895
14350, 2017-05-20 22:00:00, 0.00914371
14351, 2017-05-20 23:00:00, 0.00911854
14352, 2017-05-21 00:00:00, 0.00909344
14353, 2017-05-21 01:00:00, 0.00906842
14354, 2017-05-21 02:00:00, 0.00904346
14355, 2017-05-21 03:00:00, 0.00901858
14356, 2017-05-21 04:00:00, 0.00899377
14357, 2017-05-21 05:00:00, 0.00896904
14358, 2017-05-21 06:00:00, 0.00894437
14359, 2017-05-21 07:00:00, 0.00891978
14360, 2017-05-21 08:00:00, 0.00889525
14361, 2017-05-21 09:00:00, 0.0088708
14362, 2017-05-21 10:00:00, 0.00884641
14363, 2017-05-21 11:00:00, 0.0088221
14364, 2017-05-21 12:00:00, 0.00879786
14365, 2017-05-21 13:00:00, 0.00877368
14366, 2017-05-21 14:00:00, 0.00874958
14367, 2017-05-21 15:00:00, 0.00872555
14368, 2017-05-21 16:00:00, 0.00870158
14369, 2017-05-21 17:00:00, 0.00867768
14370, 2017-05-21 18:00:00, 0.00865386
14371, 2017-05-21 19:00:00, 0.0086301
14372, 2017-05-21 20:00:00, 0.00860641
14373, 2017-05-21 21:00:00, 0.00858278
14374, 2017-05-21 22:00:00, 0.00855923
14375, 2017-05-21 23:00:00, 0.00853574
14376, 2017-05-22 00:00:00, 0.00851232
14377, 2017-05-22 01:00:00, 0.00848897
14378, 2017-05-22 02:00:00, 0.00846568
14379, 2017-05-22 03:00:00, 0.00844246
14380, 2017-05-22 04:00:00, 0.00841931
14381, 2017-05-22 05:00:00, 0.00839623
14382, 2017-05-22 06:00:00, 0.00837321
14383, 2017-05-22 07:00:00, 0.00835025
14384, 2017-05-22 08:00:00, 0.00859164
14385, 2017-05-22 09:00:00, 0.00899171
14386, 2017-05-22 10:00:00, 0.00938923
14387, 2017-05-22 11:00:00, 0.00888007
14388, 2017-05-22 12:00:00, 0.00854334
14389, 2017-05-22 13:00:00, 0.00824017
14390, 2017-05-22 14:00:00, 0.0081914
14391, 2017-05-22 15:00:00, 0.00816897
14392, 2017-05-22 16:00:00, 0.0081466
14393, 2017-05-22 17:00:00, 0.0081243
14394, 2017-05-22 18:00:00, 0.00810205
14395, 2017-05-22 19:00:00, 0.00807988
14396, 2017-05-22 20:00:00, 0.00805776
14397, 2017-05-22 21:00:00, 0.00819425
14398, 2017-05-22 22:00:00, 0.00809947
14399, 2017-05-22 23:00:00, 0.00926523
14400, 2017-05-23 00:00:00, 0.0135498
14401, 2017-05-23 01:00:00, 0.0108905
14402, 2017-05-23 02:00:00, 0.00991259
14403, 2017-05-23 03:00:00, 0.00801125
14404, 2017-05-23 04:00:00, 0.00790478
14405, 2017-05-23 05:00:00, 0.00786155
14406, 2017-05-23 06:00:00, 0.00784006
14407, 2017-05-23 07:00:00, 0.00781863
14408, 2017-05-23 08:00:00, 0.00779726
14409, 2017-05-23 09:00:00, 0.00777595
14410, 2017-05-23 10:00:00, 0.0077547
14411, 2017-05-23 11:00:00, 0.00773351
14412, 2017-05-23 12:00:00, 0.00771242
14413, 2017-05-23 13:00:00, 0.00769133
14414, 2017-05-23 14:00:00, 0.00767032
14415, 2017-05-23 15:00:00, 0.00764937
14416, 2017-05-23 16:00:00, 0.00762848
14417, 2017-05-23 17:00:00, 0.00760765
14418, 2017-05-23 18:00:00, 0.00758688
14419, 2017-05-23 19:00:00, 0.00756617
14420, 2017-05-23 20:00:00, 0.00754552
14421, 2017-05-23 21:00:00, 0.00752493
14422, 2017-05-23 22:00:00, 0.00750439
14423, 2017-05-23 23:00:00, 0.00748392
14424, 2017-05-24 00:00:00, 0.0074635
14425, 2017-05-24 01:00:00, 0.00744314
14426, 2017-05-24 02:00:00, 0.00742284
14427, 2017-05-24 03:00:00, 0.00740259
14428, 2017-05-24 04:00:00, 0.00738241
14429, 2017-05-24 05:00:00, 0.00736228
14430, 2017-05-24 06:00:00, 0.00734221
14431, 2017-05-24 07:00:00, 0.00732219
14432, 2017-05-24 08:00:00, 0.00730223
14433, 2017-05-24 09:00:00, 0.00728233
14434, 2017-05-24 10:00:00, 0.00726248
14435, 2017-05-24 11:00:00, 0.00724269
14436, 2017-05-24 12:00:00, 0.00722631
14437, 2017-05-24 13:00:00, 0.0074032
14438, 2017-05-24 14:00:00, 0.00741443
14439, 2017-05-24 15:00:00, 0.00729959
14440, 2017-05-24 16:00:00, 0.00719526
14441, 2017-05-24 17:00:00, 0.00712513
14442, 2017-05-24 18:00:00, 0.00710573
14443, 2017-05-24 19:00:00, 0.00708638
14444, 2017-05-24 20:00:00, 0.00706709
14445, 2017-05-24 21:00:00, 0.00704785
14446, 2017-05-24 22:00:00, 0.00702867
14447, 2017-05-24 23:00:00, 0.00700954
14448, 2017-05-25 00:00:00, 0.00699047
14449, 2017-05-25 01:00:00, 0.00697145
14450, 2017-05-25 02:00:00, 0.00695248
14451, 2017-05-25 03:00:00, 0.00693357
14452, 2017-05-25 04:00:00, 0.00691471
14453, 2017-05-25 05:00:00, 0.0068959
14454, 2017-05-25 06:00:00, 0.00687715
14455, 2017-05-25 07:00:00, 0.00685845
14456, 2017-05-25 08:00:00, 0.0068398
14457, 2017-05-25 09:00:00, 0.00682121
14458, 2017-05-25 10:00:00, 0.00680266
14459, 2017-05-25 11:00:00, 0.00678599
14460, 2017-05-25 12:00:00, 0.0068451
14461, 2017-05-25 13:00:00, 0.00804613
14462, 2017-05-25 14:00:00, 0.00766524
14463, 2017-05-25 15:00:00, 0.00732154
14464, 2017-05-25 16:00:00, 0.00681389
14465, 2017-05-25 17:00:00, 0.00671225
14466, 2017-05-25 18:00:00, 0.00667343
14467, 2017-05-25 19:00:00, 0.00665191
14468, 2017-05-25 20:00:00, 0.00662009
14469, 2017-05-25 21:00:00, 0.00660243
14470, 2017-05-25 22:00:00, 0.00658433
14471, 2017-05-25 23:00:00, 0.00656643
14472, 2017-05-26 00:00:00, 0.00654848
14473, 2017-05-26 01:00:00, 0.00653071
14474, 2017-05-26 02:00:00, 0.00651298
14475, 2017-05-26 03:00:00, 0.00650364
14476, 2017-05-26 04:00:00, 0.0312225
14477, 2017-05-26 05:00:00, 0.0471933
14478, 2017-05-26 06:00:00, 0.030475
14479, 2017-05-26 07:00:00, 0.0264395
14480, 2017-05-26 08:00:00, 0.0746605
14481, 2017-05-26 09:00:00, 0.145119
14482, 2017-05-26 10:00:00, 0.0843443
14483, 2017-05-26 11:00:00, 0.0628342
14484, 2017-05-26 12:00:00, 0.0156889
14485, 2017-05-26 13:00:00, 0.0142119
14486, 2017-05-26 14:00:00, 0.00948018
14487, 2017-05-26 15:00:00, 0.00809637
14488, 2017-05-26 16:00:00, 0.00701608
14489, 2017-05-26 17:00:00, 0.00627032
14490, 2017-05-26 18:00:00, 0.00623606
14491, 2017-05-26 19:00:00, 0.00621916
14492, 2017-05-26 20:00:00, 0.00620231
14493, 2017-05-26 21:00:00, 0.00618551
14494, 2017-05-26 22:00:00, 0.00616875
14495, 2017-05-26 23:00:00, 0.00615205
14496, 2017-05-27 00:00:00, 0.00615448
14497, 2017-05-27 01:00:00, 0.00612745
14498, 2017-05-27 02:00:00, 0.00610914
14499, 2017-05-27 03:00:00, 0.00608568
14500, 2017-05-27 04:00:00, 0.0060692
14501, 2017-05-27 05:00:00, 0.00605276
14502, 2017-05-27 06:00:00, 0.00603638
14503, 2017-05-27 07:00:00, 0.00602004
14504, 2017-05-27 08:00:00, 0.00600375
14505, 2017-05-27 09:00:00, 0.0059875
14506, 2017-05-27 10:00:00, 0.0059713
14507, 2017-05-27 11:00:00, 0.00595514
14508, 2017-05-27 12:00:00, 0.00593903
14509, 2017-05-27 13:00:00, 0.00592296
14510, 2017-05-27 14:00:00, 0.00590694
14511, 2017-05-27 15:00:00, 0.00589096
14512, 2017-05-27 16:00:00, 0.00587503
14513, 2017-05-27 17:00:00, 0.00585914
14514, 2017-05-27 18:00:00, 0.0058433
14515, 2017-05-27 19:00:00, 0.0058275
14516, 2017-05-27 20:00:00, 0.00581174
14517, 2017-05-27 21:00:00, 0.00579603
14518, 2017-05-27 22:00:00, 0.00578036
14519, 2017-05-27 23:00:00, 0.00576474
14520, 2017-05-28 00:00:00, 0.00574916
14521, 2017-05-28 01:00:00, 0.00573362
14522, 2017-05-28 02:00:00, 0.00571813
14523, 2017-05-28 03:00:00, 0.00570268
14524, 2017-05-28 04:00:00, 0.00568727
14525, 2017-05-28 05:00:00, 0.0056719
14526, 2017-05-28 06:00:00, 0.00565658
14527, 2017-05-28 07:00:00, 0.0056413
14528, 2017-05-28 08:00:00, 0.00562607
14529, 2017-05-28 09:00:00, 0.00561087
14530, 2017-05-28 10:00:00, 0.00559572
14531, 2017-05-28 11:00:00, 0.00558061
14532, 2017-05-28 12:00:00, 0.00556554
14533, 2017-05-28 13:00:00, 0.00555052
14534, 2017-05-28 14:00:00, 0.00553553
14535, 2017-05-28 15:00:00, 0.00552059
14536, 2017-05-28 16:00:00, 0.00550569
14537, 2017-05-28 17:00:00, 0.00549083
14538, 2017-05-28 18:00:00, 0.00547601
14539, 2017-05-28 19:00:00, 0.00546124
14540, 2017-05-28 20:00:00, 0.0054465
14541, 2017-05-28 21:00:00, 0.0054318
14542, 2017-05-28 22:00:00, 0.00541715
14543, 2017-05-28 23:00:00, 0.00540254
14544, 2017-05-29 00:00:00, 0.00538796
14545, 2017-05-29 01:00:00, 0.00537343
14546, 2017-05-29 02:00:00, 0.00535894
14547, 2017-05-29 03:00:00, 0.00534449
14548, 2017-05-29 04:00:00, 0.00533008
14549, 2017-05-29 05:00:00, 0.00531571
14550, 2017-05-29 06:00:00, 0.00530137
14551, 2017-05-29 07:00:00, 0.00528708
14552, 2017-05-29 08:00:00, 0.00527283
14553, 2017-05-29 09:00:00, 0.00525862
14554, 2017-05-29 10:00:00, 0.00524444
14555, 2017-05-29 11:00:00, 0.00523031
14556, 2017-05-29 12:00:00, 0.00521622
14557, 2017-05-29 13:00:00, 0.00520216
14558, 2017-05-29 14:00:00, 0.00518814
14559, 2017-05-29 15:00:00, 0.00517417
14560, 2017-05-29 16:00:00, 0.00516023
14561, 2017-05-29 17:00:00, 0.00514633
14562, 2017-05-29 18:00:00, 0.00513246
14563, 2017-05-29 19:00:00, 0.00511864
14564, 2017-05-29 20:00:00, 0.00520123
14565, 2017-05-29 21:00:00, 0.00516879
14566, 2017-05-29 22:00:00, 0.00512784
14567, 2017-05-29 23:00:00, 0.00507605
14568, 2017-05-30 00:00:00, 0.00505009
14569, 2017-05-30 01:00:00, 0.0050365
14570, 2017-05-30 02:00:00, 0.00502294
14571, 2017-05-30 03:00:00, 0.00500942
14572, 2017-05-30 04:00:00, 0.00499594
14573, 2017-05-30 05:00:00, 0.00498249
14574, 2017-05-30 06:00:00, 0.00496908
14575, 2017-05-30 07:00:00, 0.00495571
14576, 2017-05-30 08:00:00, 0.00494238
14577, 2017-05-30 09:00:00, 0.00492908
14578, 2017-05-30 10:00:00, 0.00491582
14579, 2017-05-30 11:00:00, 0.00490259
14580, 2017-05-30 12:00:00, 0.0048894
14581, 2017-05-30 13:00:00, 0.00487625
14582, 2017-05-30 14:00:00, 0.00486314
14583, 2017-05-30 15:00:00, 0.00485006
14584, 2017-05-30 16:00:00, 0.00483702
14585, 2017-05-30 17:00:00, 0.00482401
14586, 2017-05-30 18:00:00, 0.00481104
14587, 2017-05-30 19:00:00, 0.0047981
14588, 2017-05-30 20:00:00, 0.0047852
14589, 2017-05-30 21:00:00, 0.00477234
14590, 2017-05-30 22:00:00, 0.00475951
14591, 2017-05-30 23:00:00, 0.00474672
14592, 2017-05-31 00:00:00, 0.00473396
14593, 2017-05-31 01:00:00, 0.00472124
14594, 2017-05-31 02:00:00, 0.00470855
14595, 2017-05-31 03:00:00, 0.0046959
14596, 2017-05-31 04:00:00, 0.00468328
14597, 2017-05-31 05:00:00, 0.0046707
14598, 2017-05-31 06:00:00, 0.00466242
14599, 2017-05-31 07:00:00, 0.00464758
14600, 2017-05-31 08:00:00, 0.00463471
14601, 2017-05-31 09:00:00, 0.00462071
14602, 2017-05-31 10:00:00, 0.0046083
14603, 2017-05-31 11:00:00, 0.00459594
14604, 2017-05-31 12:00:00, 0.00458359
14605, 2017-05-31 13:00:00, 0.00457128
14606, 2017-05-31 14:00:00, 0.004559
14607, 2017-05-31 15:00:00, 0.00454676
14608, 2017-05-31 16:00:00, 0.00453532
14609, 2017-05-31 17:00:00, 0.00452273
14610, 2017-05-31 18:00:00, 0.00451052
14611, 2017-05-31 19:00:00, 0.00449814
14612, 2017-05-31 20:00:00, 0.00448606
14613, 2017-05-31 21:00:00, 0.00447402
14614, 2017-05-31 22:00:00, 0.00446202
14615, 2017-05-31 23:00:00, 0.00445004
14616, 2017-06-01 00:00:00, 0.00443812
14617, 2017-06-01 01:00:00, 0.0044262
14618, 2017-06-01 02:00:00, 0.0154839
14619, 2017-06-01 03:00:00, 0.00943409
14620, 2017-06-01 04:00:00, 0.00841595
14621, 2017-06-01 05:00:00, 0.00668865
14622, 2017-06-01 06:00:00, 0.00555645
14623, 2017-06-01 07:00:00, 0.00525871
14624, 2017-06-01 08:00:00, 0.00441076
14625, 2017-06-01 09:00:00, 0.00433952
14626, 2017-06-01 10:00:00, 0.00432642
14627, 2017-06-01 11:00:00, 0.00430891
14628, 2017-06-01 12:00:00, 0.00429745
14629, 2017-06-01 13:00:00, 0.0042859
14630, 2017-06-01 14:00:00, 0.00427438
14631, 2017-06-01 15:00:00, 0.00426289
14632, 2017-06-01 16:00:00, 0.00425145
14633, 2017-06-01 17:00:00, 0.00424006
14634, 2017-06-01 18:00:00, 0.00422869
14635, 2017-06-01 19:00:00, 0.00421736
14636, 2017-06-01 20:00:00, 0.00420606
14637, 2017-06-01 21:00:00, 0.00419479
14638, 2017-06-01 22:00:00, 0.00418355
14639, 2017-06-01 23:00:00, 0.00417234
14640, 2017-06-02 00:00:00, 0.00416116
14641, 2017-06-02 01:00:00, 0.00415001
14642, 2017-06-02 02:00:00, 0.0041389
14643, 2017-06-02 03:00:00, 0.00412781
14644, 2017-06-02 04:00:00, 0.00411675
14645, 2017-06-02 05:00:00, 0.00410573
14646, 2017-06-02 06:00:00, 0.00409473
14647, 2017-06-02 07:00:00, 0.00408376
14648, 2017-06-02 08:00:00, 0.00407283
14649, 2017-06-02 09:00:00, 0.00406192
14650, 2017-06-02 10:00:00, 0.00405105
14651, 2017-06-02 11:00:00, 0.0040402
14652, 2017-06-02 12:00:00, 0.00402938
14653, 2017-06-02 13:00:00, 0.0040186
14654, 2017-06-02 14:00:00, 0.00400784
14655, 2017-06-02 15:00:00, 0.00399711
14656, 2017-06-02 16:00:00, 0.00398641
14657, 2017-06-02 17:00:00, 0.00397574
14658, 2017-06-02 18:00:00, 0.0039651
14659, 2017-06-02 19:00:00, 0.00395449
14660, 2017-06-02 20:00:00, 0.00394391
14661, 2017-06-02 21:00:00, 0.0045168
14662, 2017-06-02 22:00:00, 0.00418803
14663, 2017-06-02 23:00:00, 0.0041245
14664, 2017-06-03 00:00:00, 0.00390187
14665, 2017-06-03 01:00:00, 0.00389143
14666, 2017-06-03 02:00:00, 0.00388102
14667, 2017-06-03 03:00:00, 0.00387064
14668, 2017-06-03 04:00:00, 0.00386029
14669, 2017-06-03 05:00:00, 0.00384997
14670, 2017-06-03 06:00:00, 0.00383967
14671, 2017-06-03 07:00:00, 0.0038294
14672, 2017-06-03 08:00:00, 0.00381916
14673, 2017-06-03 09:00:00, 0.00380895
14674, 2017-06-03 10:00:00, 0.00379876
14675, 2017-06-03 11:00:00, 0.00378861
14676, 2017-06-03 12:00:00, 0.00377848
14677, 2017-06-03 13:00:00, 0.00376838
14678, 2017-06-03 14:00:00, 0.0037583
14679, 2017-06-03 15:00:00, 0.00374826
14680, 2017-06-03 16:00:00, 0.00373824
14681, 2017-06-03 17:00:00, 0.00372825
14682, 2017-06-03 18:00:00, 0.00371828
14683, 2017-06-03 19:00:00, 0.00370835
14684, 2017-06-03 20:00:00, 0.00369844
14685, 2017-06-03 21:00:00, 0.00368855
14686, 2017-06-03 22:00:00, 0.0036787
14687, 2017-06-03 23:00:00, 0.00366887
14688, 2017-06-04 00:00:00, 0.00365907
14689, 2017-06-04 01:00:00, 0.00364929
14690, 2017-06-04 02:00:00, 0.00363954
14691, 2017-06-04 03:00:00, 0.00362982
14692, 2017-06-04 04:00:00, 0.00362013
14693, 2017-06-04 05:00:00, 0.00361046
14694, 2017-06-04 06:00:00, 0.00360081
14695, 2017-06-04 07:00:00, 0.0035912
14696, 2017-06-04 08:00:00, 0.00358161
14697, 2017-06-04 09:00:00, 0.00357204
14698, 2017-06-04 10:00:00, 0.0035625
14699, 2017-06-04 11:00:00, 0.00355299
14700, 2017-06-04 12:00:00, 0.0035435
14701, 2017-06-04 13:00:00, 0.00353404
14702, 2017-06-04 14:00:00, 0.00352461
14703, 2017-06-04 15:00:00, 0.0035152
14704, 2017-06-04 16:00:00, 0.00350582
14705, 2017-06-04 17:00:00, 0.00349646
14706, 2017-06-04 18:00:00, 0.00348713
14707, 2017-06-04 19:00:00, 0.00437438
14708, 2017-06-04 20:00:00, 0.00387606
14709, 2017-06-04 21:00:00, 0.0037853
14710, 2017-06-04 22:00:00, 0.00368841
14711, 2017-06-04 23:00:00, 0.00358613
14712, 2017-06-05 00:00:00, 0.00418029
14713, 2017-06-05 01:00:00, 0.00396282
14714, 2017-06-05 02:00:00, 0.00375417
14715, 2017-06-05 03:00:00, 0.00380478
14716, 2017-06-05 04:00:00, 0.00353862
14717, 2017-06-05 05:00:00, 0.00350088
14718, 2017-06-05 06:00:00, 0.00388224
14719, 2017-06-05 07:00:00, 0.0035977
14720, 2017-06-05 08:00:00, 0.00354279
14721, 2017-06-05 09:00:00, 0.00342723
14722, 2017-06-05 10:00:00, 0.00337678
14723, 2017-06-05 11:00:00, 0.00340031
14724, 2017-06-05 12:00:00, 0.00334167
14725, 2017-06-05 13:00:00, 0.003329
14726, 2017-06-05 14:00:00, 0.00330571
14727, 2017-06-05 15:00:00, 0.0032969
14728, 2017-06-05 16:00:00, 0.00328811
14729, 2017-06-05 17:00:00, 0.00327934
14730, 2017-06-05 18:00:00, 0.0032706
14731, 2017-06-05 19:00:00, 0.00326188
14732, 2017-06-05 20:00:00, 0.00325318
14733, 2017-06-05 21:00:00, 0.00324451
14734, 2017-06-05 22:00:00, 0.00323586
14735, 2017-06-05 23:00:00, 0.00322724
14736, 2017-06-06 00:00:00, 0.00321864
14737, 2017-06-06 01:00:00, 0.01887
14738, 2017-06-06 02:00:00, 0.0631099
14739, 2017-06-06 03:00:00, 0.0603919
14740, 2017-06-06 04:00:00, 0.0380954
14741, 2017-06-06 05:00:00, 0.0146385
14742, 2017-06-06 06:00:00, 0.00435154
14743, 2017-06-06 07:00:00, 0.00316662
14744, 2017-06-06 08:00:00, 0.0031567
14745, 2017-06-06 09:00:00, 0.00314227
14746, 2017-06-06 10:00:00, 0.0031339
14747, 2017-06-06 11:00:00, 0.00312555
14748, 2017-06-06 12:00:00, 0.00325363
14749, 2017-06-06 13:00:00, 0.00459543
14750, 2017-06-06 14:00:00, 0.0307428
14751, 2017-06-06 15:00:00, 0.026945
14752, 2017-06-06 16:00:00, 0.0390123
14753, 2017-06-06 17:00:00, 0.0166941
14754, 2017-06-06 18:00:00, 0.010737
14755, 2017-06-06 19:00:00, 0.00305958
14756, 2017-06-06 20:00:00, 0.0178842
14757, 2017-06-06 21:00:00, 0.0289277
14758, 2017-06-06 22:00:00, 0.032236
14759, 2017-06-06 23:00:00, 0.0183115
14760, 2017-06-07 00:00:00, 0.00917456
14761, 2017-06-07 01:00:00, 0.00354092
14762, 2017-06-07 02:00:00, 0.00300301
14763, 2017-06-07 03:00:00, 0.00299502
14764, 2017-06-07 04:00:00, 0.00298704
14765, 2017-06-07 05:00:00, 0.00297909
14766, 2017-06-07 06:00:00, 0.00297117
14767, 2017-06-07 07:00:00, 0.00296326
14768, 2017-06-07 08:00:00, 0.00295537
14769, 2017-06-07 09:00:00, 0.00294751
14770, 2017-06-07 10:00:00, 0.00293966
14771, 2017-06-07 11:00:00, 0.00293184
14772, 2017-06-07 12:00:00, 0.00292404
14773, 2017-06-07 13:00:00, 0.00291626
14774, 2017-06-07 14:00:00, 0.0029085
14775, 2017-06-07 15:00:00, 0.00290076
14776, 2017-06-07 16:00:00, 0.00289305
14777, 2017-06-07 17:00:00, 0.00288535
14778, 2017-06-07 18:00:00, 0.00287768
14779, 2017-06-07 19:00:00, 0.00287002
14780, 2017-06-07 20:00:00, 0.00286239
14781, 2017-06-07 21:00:00, 0.00285477
14782, 2017-06-07 22:00:00, 0.00284718
14783, 2017-06-07 23:00:00, 0.00283961
14784, 2017-06-08 00:00:00, 0.00283206
14785, 2017-06-08 01:00:00, 0.00282453
14786, 2017-06-08 02:00:00, 0.00281702
14787, 2017-06-08 03:00:00, 0.00280953
14788, 2017-06-08 04:00:00, 0.00280206
14789, 2017-06-08 05:00:00, 0.00279461
14790, 2017-06-08 06:00:00, 0.00278717
14791, 2017-06-08 07:00:00, 0.00277976
14792, 2017-06-08 08:00:00, 0.00277238
14793, 2017-06-08 09:00:00, 0.00276502
14794, 2017-06-08 10:00:00, 0.00275769
14795, 2017-06-08 11:00:00, 0.00275036
14796, 2017-06-08 12:00:00, 0.00274304
14797, 2017-06-08 13:00:00, 0.00273573
14798, 2017-06-08 14:00:00, 0.00272845
14799, 2017-06-08 15:00:00, 0.0027212
14800, 2017-06-08 16:00:00, 0.00271396
14801, 2017-06-08 17:00:00, 0.00270675
14802, 2017-06-08 18:00:00, 0.00269956
14803, 2017-06-08 19:00:00, 0.00269239
14804, 2017-06-08 20:00:00, 0.00268523
14805, 2017-06-08 21:00:00, 0.0026781
14806, 2017-06-08 22:00:00, 0.00267098
14807, 2017-06-08 23:00:00, 0.00266388
14808, 2017-06-09 00:00:00, 0.00265681
14809, 2017-06-09 01:00:00, 0.00264975
14810, 2017-06-09 02:00:00, 0.00264271
14811, 2017-06-09 03:00:00, 0.00263569
14812, 2017-06-09 04:00:00, 0.00262869
14813, 2017-06-09 05:00:00, 0.0026217
14814, 2017-06-09 06:00:00, 0.00261474
14815, 2017-06-09 07:00:00, 0.00260779
14816, 2017-06-09 08:00:00, 0.00260087
14817, 2017-06-09 09:00:00, 0.00259396
14818, 2017-06-09 10:00:00, 0.00258707
14819, 2017-06-09 11:00:00, 0.0025802
14820, 2017-06-09 12:00:00, 0.00257335
14821, 2017-06-09 13:00:00, 0.00256652
14822, 2017-06-09 14:00:00, 0.0025597
14823, 2017-06-09 15:00:00, 0.0025529
14824, 2017-06-09 16:00:00, 0.00254613
14825, 2017-06-09 17:00:00, 0.00253937
14826, 2017-06-09 18:00:00, 0.00253262
14827, 2017-06-09 19:00:00, 0.0025259
14828, 2017-06-09 20:00:00, 0.00251919
14829, 2017-06-09 21:00:00, 0.00251251
14830, 2017-06-09 22:00:00, 0.00250584
14831, 2017-06-09 23:00:00, 0.00249918
14832, 2017-06-10 00:00:00, 0.00249255
14833, 2017-06-10 01:00:00, 0.00248593
14834, 2017-06-10 02:00:00, 0.00247934
14835, 2017-06-10 03:00:00, 0.00247276
14836, 2017-06-10 04:00:00, 0.00246619
14837, 2017-06-10 05:00:00, 0.00245965
14838, 2017-06-10 06:00:00, 0.00245312
14839, 2017-06-10 07:00:00, 0.00244661
14840, 2017-06-10 08:00:00, 0.00244012
14841, 2017-06-10 09:00:00, 0.00243364
14842, 2017-06-10 10:00:00, 0.00242719
14843, 2017-06-10 11:00:00, 0.00242075
14844, 2017-06-10 12:00:00, 0.00241432
14845, 2017-06-10 13:00:00, 0.00240792
14846, 2017-06-10 14:00:00, 0.00240153
14847, 2017-06-10 15:00:00, 0.00239516
14848, 2017-06-10 16:00:00, 0.0023888
14849, 2017-06-10 17:00:00, 0.00238247
14850, 2017-06-10 18:00:00, 0.00237615
14851, 2017-06-10 19:00:00, 0.00236984
14852, 2017-06-10 20:00:00, 0.00236356
14853, 2017-06-10 21:00:00, 0.00235729
14854, 2017-06-10 22:00:00, 0.00235104
14855, 2017-06-10 23:00:00, 0.0023448
14856, 2017-06-11 00:00:00, 0.00233858
14857, 2017-06-11 01:00:00, 0.00233238
14858, 2017-06-11 02:00:00, 0.0023262
14859, 2017-06-11 03:00:00, 0.00232003
14860, 2017-06-11 04:00:00, 0.00231387
14861, 2017-06-11 05:00:00, 0.00230774
14862, 2017-06-11 06:00:00, 0.00230162
14863, 2017-06-11 07:00:00, 0.00229552
14864, 2017-06-11 08:00:00, 0.00228943
14865, 2017-06-11 09:00:00, 0.00228336
14866, 2017-06-11 10:00:00, 0.00227731
14867, 2017-06-11 11:00:00, 0.00227127
14868, 2017-06-11 12:00:00, 0.00226525
14869, 2017-06-11 13:00:00, 0.00225924
14870, 2017-06-11 14:00:00, 0.00225325
14871, 2017-06-11 15:00:00, 0.00224728
14872, 2017-06-11 16:00:00, 0.00224133
14873, 2017-06-11 17:00:00, 0.00223538
14874, 2017-06-11 18:00:00, 0.00222946
14875, 2017-06-11 19:00:00, 0.00222355
14876, 2017-06-11 20:00:00, 0.00221766
14877, 2017-06-11 21:00:00, 0.00221178
14878, 2017-06-11 22:00:00, 0.00220592
14879, 2017-06-11 23:00:00, 0.00220007
14880, 2017-06-12 00:00:00, 0.00219424
14881, 2017-06-12 01:00:00, 0.00218843
14882, 2017-06-12 02:00:00, 0.00218263
14883, 2017-06-12 03:00:00, 0.00217685
14884, 2017-06-12 04:00:00, 0.00217108
14885, 2017-06-12 05:00:00, 0.00216533
14886, 2017-06-12 06:00:00, 0.00215959
14887, 2017-06-12 07:00:00, 0.00215387
14888, 2017-06-12 08:00:00, 0.00214816
14889, 2017-06-12 09:00:00, 0.00214247
14890, 2017-06-12 10:00:00, 0.00213679
14891, 2017-06-12 11:00:00, 0.00213113
14892, 2017-06-12 12:00:00, 0.00212549
14893, 2017-06-12 13:00:00, 0.00211986
14894, 2017-06-12 14:00:00, 0.00211424
14895, 2017-06-12 15:00:00, 0.00210864
14896, 2017-06-12 16:00:00, 0.00210306
14897, 2017-06-12 17:00:00, 0.00209749
14898, 2017-06-12 18:00:00, 0.00209193
14899, 2017-06-12 19:00:00, 0.00208639
14900, 2017-06-12 20:00:00, 0.00208087
14901, 2017-06-12 21:00:00, 0.00207536
14902, 2017-06-12 22:00:00, 0.00206986
14903, 2017-06-12 23:00:00, 0.00206438
14904, 2017-06-13 00:00:00, 0.00205891
14905, 2017-06-13 01:00:00, 0.00205346
14906, 2017-06-13 02:00:00, 0.00204803
14907, 2017-06-13 03:00:00, 0.0020426
14908, 2017-06-13 04:00:00, 0.00203719
14909, 2017-06-13 05:00:00, 0.0020318
14910, 2017-06-13 06:00:00, 0.00202642
14911, 2017-06-13 07:00:00, 0.00202106
14912, 2017-06-13 08:00:00, 0.00201571
14913, 2017-06-13 09:00:00, 0.00201037
14914, 2017-06-13 10:00:00, 0.00200505
14915, 2017-06-13 11:00:00, 0.00199974
14916, 2017-06-13 12:00:00, 0.00199445
14917, 2017-06-13 13:00:00, 0.00198917
14918, 2017-06-13 14:00:00, 0.0019839
14919, 2017-06-13 15:00:00, 0.00197865
14920, 2017-06-13 16:00:00, 0.00197342
14921, 2017-06-13 17:00:00, 0.00196819
14922, 2017-06-13 18:00:00, 0.00196298
14923, 2017-06-13 19:00:00, 0.00195779
14924, 2017-06-13 20:00:00, 0.00195261
14925, 2017-06-13 21:00:00, 0.00194744
14926, 2017-06-13 22:00:00, 0.00276716
14927, 2017-06-13 23:00:00, 0.00231209
14928, 2017-06-14 00:00:00, 0.00223198
14929, 2017-06-14 01:00:00, 0.00192691
14930, 2017-06-14 02:00:00, 0.00192181
14931, 2017-06-14 03:00:00, 0.00191673
14932, 2017-06-14 04:00:00, 0.00191166
14933, 2017-06-14 05:00:00, 0.0019066
14934, 2017-06-14 06:00:00, 0.00190155
14935, 2017-06-14 07:00:00, 0.00189652
14936, 2017-06-14 08:00:00, 0.00189151
14937, 2017-06-14 09:00:00, 0.0018865
14938, 2017-06-14 10:00:00, 0.00188151
14939, 2017-06-14 11:00:00, 0.00187653
14940, 2017-06-14 12:00:00, 0.00187157
14941, 2017-06-14 13:00:00, 0.00186662
14942, 2017-06-14 14:00:00, 0.00186168
14943, 2017-06-14 15:00:00, 0.00185676
14944, 2017-06-14 16:00:00, 0.00185185
14945, 2017-06-14 17:00:00, 0.00184695
14946, 2017-06-14 18:00:00, 0.00184207
14947, 2017-06-14 19:00:00, 0.00183719
14948, 2017-06-14 20:00:00, 0.00183234
14949, 2017-06-14 21:00:00, 0.00182749
14950, 2017-06-14 22:00:00, 0.00182266
14951, 2017-06-14 23:00:00, 0.00181784
14952, 2017-06-15 00:00:00, 0.00181303
14953, 2017-06-15 01:00:00, 0.00180824
14954, 2017-06-15 02:00:00, 0.00180345
14955, 2017-06-15 03:00:00, 0.00179869
14956, 2017-06-15 04:00:00, 0.00179393
14957, 2017-06-15 05:00:00, 0.00178919
14958, 2017-06-15 06:00:00, 0.00178446
14959, 2017-06-15 07:00:00, 0.00177974
14960, 2017-06-15 08:00:00, 0.00177503
14961, 2017-06-15 09:00:00, 0.00177034
14962, 2017-06-15 10:00:00, 0.00176566
14963, 2017-06-15 11:00:00, 0.00176099
14964, 2017-06-15 12:00:00, 0.00175634
14965, 2017-06-15 13:00:00, 0.0017517
14966, 2017-06-15 14:00:00, 0.00174707
14967, 2017-06-15 15:00:00, 0.00174245
14968, 2017-06-15 16:00:00, 0.00173784
14969, 2017-06-15 17:00:00, 0.00173325
14970, 2017-06-15 18:00:00, 0.00172867
14971, 2017-06-15 19:00:00, 0.0017241
14972, 2017-06-15 20:00:00, 0.00171954
14973, 2017-06-15 21:00:00, 0.001715
14974, 2017-06-15 22:00:00, 0.00171047
14975, 2017-06-15 23:00:00, 0.00170594
14976, 2017-06-16 00:00:00, 0.00170144
14977, 2017-06-16 01:00:00, 0.00169694
14978, 2017-06-16 02:00:00, 0.00169246
14979, 2017-06-16 03:00:00, 0.00168798
14980, 2017-06-16 04:00:00, 0.00168352
14981, 2017-06-16 05:00:00, 0.00167908
14982, 2017-06-16 06:00:00, 0.00167464
14983, 2017-06-16 07:00:00, 0.00167021
14984, 2017-06-16 08:00:00, 0.0016658
14985, 2017-06-16 09:00:00, 0.0016614
14986, 2017-06-16 10:00:00, 0.00165701
14987, 2017-06-16 11:00:00, 0.00165263
14988, 2017-06-16 12:00:00, 0.00164827
14989, 2017-06-16 13:00:00, 0.00164391
14990, 2017-06-16 14:00:00, 0.00163957
14991, 2017-06-16 15:00:00, 0.00163524
14992, 2017-06-16 16:00:00, 0.00163092
14993, 2017-06-16 17:00:00, 0.00162661
14994, 2017-06-16 18:00:00, 0.00162231
14995, 2017-06-16 19:00:00, 0.264202
14996, 2017-06-16 20:00:00, 0.133052
14997, 2017-06-16 21:00:00, 0.103902
14998, 2017-06-16 22:00:00, 0.015402
14999, 2017-06-16 23:00:00, 0.0593425
15000, 2017-06-17 00:00:00, 0.0290615
15001, 2017-06-17 01:00:00, 0.0210465
15002, 2017-06-17 02:00:00, 0.00198893
15003, 2017-06-17 03:00:00, 0.00399611
15004, 2017-06-17 04:00:00, 0.00272535
15005, 2017-06-17 05:00:00, 0.00245598
15006, 2017-06-17 06:00:00, 0.00160392
15007, 2017-06-17 07:00:00, 0.00159218
15008, 2017-06-17 08:00:00, 0.00156336
15009, 2017-06-17 09:00:00, 0.00155924
15010, 2017-06-17 10:00:00, 0.00155513
15011, 2017-06-17 11:00:00, 0.00155102
15012, 2017-06-17 12:00:00, 0.00154696
15013, 2017-06-17 13:00:00, 0.00154288
15014, 2017-06-17 14:00:00, 0.0015388
15015, 2017-06-17 15:00:00, 0.00153471
15016, 2017-06-17 16:00:00, 0.00153064
15017, 2017-06-17 17:00:00, 0.00152659
15018, 2017-06-17 18:00:00, 0.00152256
15019, 2017-06-17 19:00:00, 0.00151854
15020, 2017-06-17 20:00:00, 0.00151453
15021, 2017-06-17 21:00:00, 0.00151057
15022, 2017-06-17 22:00:00, 0.00150661
15023, 2017-06-17 23:00:00, 0.00150267
15024, 2017-06-18 00:00:00, 0.00149869
15025, 2017-06-18 01:00:00, 0.0014947
15026, 2017-06-18 02:00:00, 0.00149075
15027, 2017-06-18 03:00:00, 0.0014868
15028, 2017-06-18 04:00:00, 0.00148286
15029, 2017-06-18 05:00:00, 0.00147896
15030, 2017-06-18 06:00:00, 0.00147506
15031, 2017-06-18 07:00:00, 0.00147118
15032, 2017-06-18 08:00:00, 0.00146732
15033, 2017-06-18 09:00:00, 0.00146345
15034, 2017-06-18 10:00:00, 0.00145961
15035, 2017-06-18 11:00:00, 0.00145584
15036, 2017-06-18 12:00:00, 0.00145191
15037, 2017-06-18 13:00:00, 0.00144804
15038, 2017-06-18 14:00:00, 0.00144417
15039, 2017-06-18 15:00:00, 0.00144036
15040, 2017-06-18 16:00:00, 0.00143656
15041, 2017-06-18 17:00:00, 0.00143277
15042, 2017-06-18 18:00:00, 0.00142899
15043, 2017-06-18 19:00:00, 0.00142522
15044, 2017-06-18 20:00:00, 0.00142146
15045, 2017-06-18 21:00:00, 0.00141771
15046, 2017-06-18 22:00:00, 0.00141397
15047, 2017-06-18 23:00:00, 0.00141024
15048, 2017-06-19 00:00:00, 0.00140652
15049, 2017-06-19 01:00:00, 0.0014028
15050, 2017-06-19 02:00:00, 0.0013991
15051, 2017-06-19 03:00:00, 0.00139541
15052, 2017-06-19 04:00:00, 0.00139173
15053, 2017-06-19 05:00:00, 0.00138806
15054, 2017-06-19 06:00:00, 0.00138441
15055, 2017-06-19 07:00:00, 0.00138076
15056, 2017-06-19 08:00:00, 0.00137713
15057, 2017-06-19 09:00:00, 0.00137348
15058, 2017-06-19 10:00:00, 0.00136987
15059, 2017-06-19 11:00:00, 0.00136625
15060, 2017-06-19 12:00:00, 0.00136264
15061, 2017-06-19 13:00:00, 0.00135904
15062, 2017-06-19 14:00:00, 0.00135545
15063, 2017-06-19 15:00:00, 0.00135188
15064, 2017-06-19 16:00:00, 0.00134831
15065, 2017-06-19 17:00:00, 0.00134476
15066, 2017-06-19 18:00:00, 0.00134121
15067, 2017-06-19 19:00:00, 0.00133767
15068, 2017-06-19 20:00:00, 0.00133415
15069, 2017-06-19 21:00:00, 0.00133063
15070, 2017-06-19 22:00:00, 0.00132712
15071, 2017-06-19 23:00:00, 0.00132362
15072, 2017-06-20 00:00:00, 0.00306767
15073, 2017-06-20 01:00:00, 0.103547
15074, 2017-06-20 02:00:00, 0.0500351
15075, 2017-06-20 03:00:00, 0.0391365
15076, 2017-06-20 04:00:00, 0.00204473
15077, 2017-06-20 05:00:00, 0.00131782
15078, 2017-06-20 06:00:00, 0.00129938
15079, 2017-06-20 07:00:00, 0.00129595
15080, 2017-06-20 08:00:00, 0.0013179
15081, 2017-06-20 09:00:00, 0.0092145
15082, 2017-06-20 10:00:00, 0.00623754
15083, 2017-06-20 11:00:00, 0.00481618
15084, 2017-06-20 12:00:00, 0.00178845
15085, 2017-06-20 13:00:00, 0.00129179
15086, 2017-06-20 14:00:00, 0.00127223
15087, 2017-06-20 15:00:00, 0.00126887
15088, 2017-06-20 16:00:00, 0.00126553
15089, 2017-06-20 17:00:00, 0.00126219
15090, 2017-06-20 18:00:00, 0.00125886
15091, 2017-06-20 19:00:00, 0.00125554
15092, 2017-06-20 20:00:00, 0.00125224
15093, 2017-06-20 21:00:00, 0.00124893
15094, 2017-06-20 22:00:00, 0.00124564
15095, 2017-06-20 23:00:00, 0.00124236
15096, 2017-06-21 00:00:00, 0.00123908
15097, 2017-06-21 01:00:00, 0.00123582
15098, 2017-06-21 02:00:00, 0.00123256
15099, 2017-06-21 03:00:00, 0.00122931
15100, 2017-06-21 04:00:00, 0.00122607
15101, 2017-06-21 05:00:00, 0.00122284
15102, 2017-06-21 06:00:00, 0.00121962
15103, 2017-06-21 07:00:00, 0.0012164
15104, 2017-06-21 08:00:00, 0.0012132
15105, 2017-06-21 09:00:00, 0.00121
15106, 2017-06-21 10:00:00, 0.00120681
15107, 2017-06-21 11:00:00, 0.00120363
15108, 2017-06-21 12:00:00, 0.00120046
15109, 2017-06-21 13:00:00, 0.0011973
15110, 2017-06-21 14:00:00, 0.00119414
15111, 2017-06-21 15:00:00, 0.001191
15112, 2017-06-21 16:00:00, 0.00118786
15113, 2017-06-21 17:00:00, 0.00118473
15114, 2017-06-21 18:00:00, 0.00118161
15115, 2017-06-21 19:00:00, 0.00117849
15116, 2017-06-21 20:00:00, 0.00117539
15117, 2017-06-21 21:00:00, 0.00117229
15118, 2017-06-21 22:00:00, 0.0011692
15119, 2017-06-21 23:00:00, 0.00116612
15120, 2017-06-22 00:00:00, 0.00116305
15121, 2017-06-22 01:00:00, 0.00115998
15122, 2017-06-22 02:00:00, 0.00115693
15123, 2017-06-22 03:00:00, 0.00115388
15124, 2017-06-22 04:00:00, 0.00115084
15125, 2017-06-22 05:00:00, 0.00114781
15126, 2017-06-22 06:00:00, 0.00114478
15127, 2017-06-22 07:00:00, 0.00114177
15128, 2017-06-22 08:00:00, 0.00113876
15129, 2017-06-22 09:00:00, 0.00113576
15130, 2017-06-22 10:00:00, 0.00113277
15131, 2017-06-22 11:00:00, 0.00112979
15132, 2017-06-22 12:00:00, 0.00112681
15133, 2017-06-22 13:00:00, 0.00112384
15134, 2017-06-22 14:00:00, 0.00112088
15135, 2017-06-22 15:00:00, 0.00111793
15136, 2017-06-22 16:00:00, 0.00111498
15137, 2017-06-22 17:00:00, 0.00111205
15138, 2017-06-22 18:00:00, 0.00110912
15139, 2017-06-22 19:00:00, 0.0011062
15140, 2017-06-22 20:00:00, 0.00110328
15141, 2017-06-22 21:00:00, 0.00110038
15142, 2017-06-22 22:00:00, 0.00109748
15143, 2017-06-22 23:00:00, 0.00109459
15144, 2017-06-23 00:00:00, 0.00109171
15145, 2017-06-23 01:00:00, 0.00108883
15146, 2017-06-23 02:00:00, 0.00108596
15147, 2017-06-23 03:00:00, 0.0010831
15148, 2017-06-23 04:00:00, 0.00108025
15149, 2017-06-23 05:00:00, 0.00107741
15150, 2017-06-23 06:00:00, 0.00107457
15151, 2017-06-23 07:00:00, 0.00107174
15152, 2017-06-23 08:00:00, 0.00106892
15153, 2017-06-23 09:00:00, 0.0010661
15154, 2017-06-23 10:00:00, 0.0010633
15155, 2017-06-23 11:00:00, 0.00106052
15156, 2017-06-23 12:00:00, 0.00105772
15157, 2017-06-23 13:00:00, 0.00105493
15158, 2017-06-23 14:00:00, 0.00105214
15159, 2017-06-23 15:00:00, 0.00104937
15160, 2017-06-23 16:00:00, 0.00104661
15161, 2017-06-23 17:00:00, 0.00104385
15162, 2017-06-23 18:00:00, 0.0010411
15163, 2017-06-23 19:00:00, 0.00103836
15164, 2017-06-23 20:00:00, 0.00103563
15165, 2017-06-23 21:00:00, 0.0010329
15166, 2017-06-23 22:00:00, 0.00103018
15167, 2017-06-23 23:00:00, 0.00102747
15168, 2017-06-24 00:00:00, 0.00102477
15169, 2017-06-24 01:00:00, 0.00102207
15170, 2017-06-24 02:00:00, 0.00101938
15171, 2017-06-24 03:00:00, 0.00101669
15172, 2017-06-24 04:00:00, 0.00101402
15173, 2017-06-24 05:00:00, 0.00101135
15174, 2017-06-24 06:00:00, 0.00100869
15175, 2017-06-24 07:00:00, 0.00100603
15176, 2017-06-24 08:00:00, 0.00100338
15177, 2017-06-24 09:00:00, 0.00100074
15178, 2017-06-24 10:00:00, 0.000998108
15179, 2017-06-24 11:00:00, 0.000995481
15180, 2017-06-24 12:00:00, 0.000992861
15181, 2017-06-24 13:00:00, 0.01634
15182, 2017-06-24 14:00:00, 0.0298386
15183, 2017-06-24 15:00:00, 0.0165094
15184, 2017-06-24 16:00:00, 0.00893884
15185, 2017-06-24 17:00:00, 0.000980909
15186, 2017-06-24 18:00:00, 0.000978121
15187, 2017-06-24 19:00:00, 0.000974712
15188, 2017-06-24 20:00:00, 0.000972147
15189, 2017-06-24 21:00:00, 0.000969588
15190, 2017-06-24 22:00:00, 0.000967037
15191, 2017-06-24 23:00:00, 0.000964492
15192, 2017-06-25 00:00:00, 0.000961953
15193, 2017-06-25 01:00:00, 0.000959422
15194, 2017-06-25 02:00:00, 0.000956897
15195, 2017-06-25 03:00:00, 0.000954379
15196, 2017-06-25 04:00:00, 0.000951868
15197, 2017-06-25 05:00:00, 0.000949363
15198, 2017-06-25 06:00:00, 0.000946864
15199, 2017-06-25 07:00:00, 0.000944373
15200, 2017-06-25 08:00:00, 0.000941888
15201, 2017-06-25 09:00:00, 0.000939409
15202, 2017-06-25 10:00:00, 0.000936938
15203, 2017-06-25 11:00:00, 0.000934472
15204, 2017-06-25 12:00:00, 0.000932013
15205, 2017-06-25 13:00:00, 0.000929561
15206, 2017-06-25 14:00:00, 0.000927115
15207, 2017-06-25 15:00:00, 0.000924676
15208, 2017-06-25 16:00:00, 0.000922243
15209, 2017-06-25 17:00:00, 0.000919817
15210, 2017-06-25 18:00:00, 0.000917396
15211, 2017-06-25 19:00:00, 0.000914983
15212, 2017-06-25 20:00:00, 0.000912576
15213, 2017-06-25 21:00:00, 0.00776578
15214, 2017-06-25 22:00:00, 0.00403915
15215, 2017-06-25 23:00:00, 0.00340524
15216, 2017-06-26 00:00:00, 0.000908531
15217, 2017-06-26 01:00:00, 0.000900634
15218, 2017-06-26 02:00:00, 0.000898265
15219, 2017-06-26 03:00:00, 0.000895902
15220, 2017-06-26 04:00:00, 0.000893545
15221, 2017-06-26 05:00:00, 0.000891195
15222, 2017-06-26 06:00:00, 0.00088885
15223, 2017-06-26 07:00:00, 0.000886512
15224, 2017-06-26 08:00:00, 0.00088418
15225, 2017-06-26 09:00:00, 0.000881854
15226, 2017-06-26 10:00:00, 0.000879535
15227, 2017-06-26 11:00:00, 0.000877221
15228, 2017-06-26 12:00:00, 0.000874914
15229, 2017-06-26 13:00:00, 0.000872612
15230, 2017-06-26 14:00:00, 0.000870317
15231, 2017-06-26 15:00:00, 0.000868028
15232, 2017-06-26 16:00:00, 0.000865745
15233, 2017-06-26 17:00:00, 0.000863468
15234, 2017-06-26 18:00:00, 0.000861196
15235, 2017-06-26 19:00:00, 0.000858931
15236, 2017-06-26 20:00:00, 0.000856672
15237, 2017-06-26 21:00:00, 0.000854419
15238, 2017-06-26 22:00:00, 0.000852172
15239, 2017-06-26 23:00:00, 0.000849931
15240, 2017-06-27 00:00:00, 0.000847695
15241, 2017-06-27 01:00:00, 0.000845466
15242, 2017-06-27 02:00:00, 0.000843243
15243, 2017-06-27 03:00:00, 0.000841025
15244, 2017-06-27 04:00:00, 0.000838813
15245, 2017-06-27 05:00:00, 0.000836607
15246, 2017-06-27 06:00:00, 0.000834407
15247, 2017-06-27 07:00:00, 0.000832213
15248, 2017-06-27 08:00:00, 0.000830024
15249, 2017-06-27 09:00:00, 0.000827842
15250, 2017-06-27 10:00:00, 0.000825665
15251, 2017-06-27 11:00:00, 0.000823494
15252, 2017-06-27 12:00:00, 0.000821328
15253, 2017-06-27 13:00:00, 0.000819168
15254, 2017-06-27 14:00:00, 0.00111254
15255, 2017-06-27 15:00:00, 0.000949194
15256, 2017-06-27 16:00:00, 0.000920186
15257, 2017-06-27 17:00:00, 0.000810586
15258, 2017-06-27 18:00:00, 0.000808455
15259, 2017-06-27 19:00:00, 0.000806329
15260, 2017-06-27 20:00:00, 0.000804209
15261, 2017-06-27 21:00:00, 0.000802095
15262, 2017-06-27 22:00:00, 0.000799986
15263, 2017-06-27 23:00:00, 0.000797882
15264, 2017-06-28 00:00:00, 0.181028
15265, 2017-06-28 01:00:00, 0.0837314
15266, 2017-06-28 02:00:00, 0.0667915
15267, 2017-06-28 03:00:00, 0.00115819
15268, 2017-06-28 04:00:00, 0.000787449
15269, 2017-06-28 05:00:00, 0.000785378
15270, 2017-06-28 06:00:00, 0.000783314
15271, 2017-06-28 07:00:00, 0.000781254
15272, 2017-06-28 08:00:00, 0.0007792
15273, 2017-06-28 09:00:00, 0.000777152
15274, 2017-06-28 10:00:00, 0.000775109
15275, 2017-06-28 11:00:00, 0.000773071
15276, 2017-06-28 12:00:00, 0.000771047
15277, 2017-06-28 13:00:00, 0.000769016
15278, 2017-06-28 14:00:00, 0.000766993
15279, 2017-06-28 15:00:00, 0.000764974
15280, 2017-06-28 16:00:00, 0.000762963
15281, 2017-06-28 17:00:00, 0.000760958
15282, 2017-06-28 18:00:00, 0.000758957
15283, 2017-06-28 19:00:00, 0.000756962
15284, 2017-06-28 20:00:00, 0.000754973
15285, 2017-06-28 21:00:00, 0.000752988
15286, 2017-06-28 22:00:00, 0.000751009
15287, 2017-06-28 23:00:00, 0.000749035
15288, 2017-06-29 00:00:00, 0.000747066
15289, 2017-06-29 01:00:00, 0.000745102
15290, 2017-06-29 02:00:00, 0.000743144
15291, 2017-06-29 03:00:00, 0.000741191
15292, 2017-06-29 04:00:00, 0.000739242
15293, 2017-06-29 05:00:00, 0.000737299
15294, 2017-06-29 06:00:00, 0.000735362
15295, 2017-06-29 07:00:00, 0.000733429
15296, 2017-06-29 08:00:00, 0.000731501
15297, 2017-06-29 09:00:00, 0.000729579
15298, 2017-06-29 10:00:00, 0.000727661
15299, 2017-06-29 11:00:00, 0.000725749
15300, 2017-06-29 12:00:00, 0.000723841
15301, 2017-06-29 13:00:00, 0.000721939
15302, 2017-06-29 14:00:00, 0.000720042
15303, 2017-06-29 15:00:00, 0.000718149
15304, 2017-06-29 16:00:00, 0.000716262
15305, 2017-06-29 17:00:00, 0.00071438
15306, 2017-06-29 18:00:00, 0.000712502
15307, 2017-06-29 19:00:00, 0.00071063
15308, 2017-06-29 20:00:00, 0.000708762
15309, 2017-06-29 21:00:00, 0.0007069
15310, 2017-06-29 22:00:00, 0.000705042
15311, 2017-06-29 23:00:00, 0.000703189
15312, 2017-06-30 00:00:00, 0.000701342
15313, 2017-06-30 01:00:00, 0.000699499
15314, 2017-06-30 02:00:00, 0.000697661
15315, 2017-06-30 03:00:00, 0.000695827
15316, 2017-06-30 04:00:00, 0.000693999
15317, 2017-06-30 05:00:00, 0.000692175
15318, 2017-06-30 06:00:00, 0.000690356
15319, 2017-06-30 07:00:00, 0.000688542
15320, 2017-06-30 08:00:00, 0.000686733
15321, 2017-06-30 09:00:00, 0.000684929
15322, 2017-06-30 10:00:00, 0.000683129
15323, 2017-06-30 11:00:00, 0.000681334
15324, 2017-06-30 12:00:00, 0.000679544
15325, 2017-06-30 13:00:00, 0.000677759
15326, 2017-06-30 14:00:00, 0.000675978
15327, 2017-06-30 15:00:00, 0.000674202
15328, 2017-06-30 16:00:00, 0.00067243
15329, 2017-06-30 17:00:00, 0.000670664
15330, 2017-06-30 18:00:00, 0.000668902
15331, 2017-06-30 19:00:00, 0.000667144
15332, 2017-06-30 20:00:00, 0.000665391
15333, 2017-06-30 21:00:00, 0.000663643
15334, 2017-06-30 22:00:00, 0.0006619
15335, 2017-06-30 23:00:00, 0.00132967
15336, 2017-07-01 00:00:00, 0.050726
15337, 2017-07-01 01:00:00, 0.0334674
15338, 2017-07-01 02:00:00, 0.0232723
15339, 2017-07-01 03:00:00, 0.00427055
15340, 2017-07-01 04:00:00, 0.0013955
15341, 2017-07-01 05:00:00, 0.000987988
15342, 2017-07-01 06:00:00, 0.000918648
15343, 2017-07-01 07:00:00, 0.000646413
15344, 2017-07-01 08:00:00, 0.000644715
15345, 2017-07-01 09:00:00, 0.000643022
15346, 2017-07-01 10:00:00, 0.000641332
15347, 2017-07-01 11:00:00, 0.000639672
15348, 2017-07-01 12:00:00, 0.000638021
15349, 2017-07-01 13:00:00, 0.00063632
15350, 2017-07-01 14:00:00, 0.000634636
15351, 2017-07-01 15:00:00, 0.000632953
15352, 2017-07-01 16:00:00, 0.00063129
15353, 2017-07-01 17:00:00, 0.000629632
15354, 2017-07-01 18:00:00, 0.000627978
15355, 2017-07-01 19:00:00, 0.000626329
15356, 2017-07-01 20:00:00, 0.000624684
15357, 2017-07-01 21:00:00, 0.000623043
15358, 2017-07-01 22:00:00, 0.000621406
15359, 2017-07-01 23:00:00, 0.000619774
15360, 2017-07-02 00:00:00, 0.000618146
15361, 2017-07-02 01:00:00, 0.000616523
15362, 2017-07-02 02:00:00, 0.000614903
15363, 2017-07-02 03:00:00, 0.000613288
15364, 2017-07-02 04:00:00, 0.000611678
15365, 2017-07-02 05:00:00, 0.000610071
15366, 2017-07-02 06:00:00, 0.000608469
15367, 2017-07-02 07:00:00, 0.000606871
15368, 2017-07-02 08:00:00, 0.000605277
15369, 2017-07-02 09:00:00, 0.000603692
15370, 2017-07-02 10:00:00, 0.000602128
15371, 2017-07-02 11:00:00, 0.000600576
15372, 2017-07-02 12:00:00, 0.000598971
15373, 2017-07-02 13:00:00, 0.000597386
15374, 2017-07-02 14:00:00, 0.000595801
15375, 2017-07-02 15:00:00, 0.000594237
15376, 2017-07-02 16:00:00, 0.000592676
15377, 2017-07-02 17:00:00, 0.000591119
15378, 2017-07-02 18:00:00, 0.000589567
15379, 2017-07-02 19:00:00, 0.000588019
15380, 2017-07-02 20:00:00, 0.000586475
15381, 2017-07-02 21:00:00, 0.000584935
15382, 2017-07-02 22:00:00, 0.000583398
15383, 2017-07-02 23:00:00, 0.000581866
15384, 2017-07-03 00:00:00, 0.000580338
15385, 2017-07-03 01:00:00, 0.000578814
15386, 2017-07-03 02:00:00, 0.000577295
15387, 2017-07-03 03:00:00, 0.000575779
15388, 2017-07-03 04:00:00, 0.000574267
15389, 2017-07-03 05:00:00, 0.000572759
15390, 2017-07-03 06:00:00, 0.000571255
15391, 2017-07-03 07:00:00, 0.000569755
15392, 2017-07-03 08:00:00, 0.000568259
15393, 2017-07-03 09:00:00, 0.000566766
15394, 2017-07-03 10:00:00, 0.000565278
15395, 2017-07-03 11:00:00, 0.000563794
15396, 2017-07-03 12:00:00, 0.000562314
15397, 2017-07-03 13:00:00, 0.000560837
15398, 2017-07-03 14:00:00, 0.000559364
15399, 2017-07-03 15:00:00, 0.000557896
15400, 2017-07-03 16:00:00, 0.000556431
15401, 2017-07-03 17:00:00, 0.00055497
15402, 2017-07-03 18:00:00, 0.000553513
15403, 2017-07-03 19:00:00, 0.000552059
15404, 2017-07-03 20:00:00, 0.00055061
15405, 2017-07-03 21:00:00, 0.000549164
15406, 2017-07-03 22:00:00, 0.000547722
15407, 2017-07-03 23:00:00, 0.000546284
15408, 2017-07-04 00:00:00, 0.00054485
15409, 2017-07-04 01:00:00, 0.00054342
15410, 2017-07-04 02:00:00, 0.000541993
15411, 2017-07-04 03:00:00, 0.00054057
15412, 2017-07-04 04:00:00, 0.000539151
15413, 2017-07-04 05:00:00, 0.000537735
15414, 2017-07-04 06:00:00, 0.000536324
15415, 2017-07-04 07:00:00, 0.000534916
15416, 2017-07-04 08:00:00, 0.000533511
15417, 2017-07-04 09:00:00, 0.000532111
15418, 2017-07-04 10:00:00, 0.000530714
15419, 2017-07-04 11:00:00, 0.00052932
15420, 2017-07-04 12:00:00, 0.000527931
15421, 2017-07-04 13:00:00, 0.000526545
15422, 2017-07-04 14:00:00, 0.000525163
15423, 2017-07-04 15:00:00, 0.000523784
15424, 2017-07-04 16:00:00, 0.000522409
15425, 2017-07-04 17:00:00, 0.000521037
15426, 2017-07-04 18:00:00, 0.00051967
15427, 2017-07-04 19:00:00, 0.000518306
15428, 2017-07-04 20:00:00, 0.000516945
15429, 2017-07-04 21:00:00, 0.000515588
15430, 2017-07-04 22:00:00, 0.000514234
15431, 2017-07-04 23:00:00, 0.000512885
15432, 2017-07-05 00:00:00, 0.000511538
15433, 2017-07-05 01:00:00, 0.000510196
15434, 2017-07-05 02:00:00, 0.000508856
15435, 2017-07-05 03:00:00, 0.000507521
15436, 2017-07-05 04:00:00, 0.000506188
15437, 2017-07-05 05:00:00, 0.00050486
15438, 2017-07-05 06:00:00, 0.000503534
15439, 2017-07-05 07:00:00, 0.000502213
15440, 2017-07-05 08:00:00, 0.000500895
15441, 2017-07-05 09:00:00, 0.00049958
15442, 2017-07-05 10:00:00, 0.000498269
15443, 2017-07-05 11:00:00, 0.000496961
15444, 2017-07-05 12:00:00, 0.000495656
15445, 2017-07-05 13:00:00, 0.000494355
15446, 2017-07-05 14:00:00, 0.000493058
15447, 2017-07-05 15:00:00, 0.000491764
15448, 2017-07-05 16:00:00, 0.000490473
15449, 2017-07-05 17:00:00, 0.000489186
15450, 2017-07-05 18:00:00, 0.000487902
15451, 2017-07-05 19:00:00, 0.000486621
15452, 2017-07-05 20:00:00, 0.000485344
15453, 2017-07-05 21:00:00, 0.00048407
15454, 2017-07-05 22:00:00, 0.0004828
15455, 2017-07-05 23:00:00, 0.000481532
15456, 2017-07-06 00:00:00, 0.000480269
15457, 2017-07-06 01:00:00, 0.000479008
15458, 2017-07-06 02:00:00, 0.000477751
15459, 2017-07-06 03:00:00, 0.000476497
15460, 2017-07-06 04:00:00, 0.000475247
15461, 2017-07-06 05:00:00, 0.000473999
15462, 2017-07-06 06:00:00, 0.000472755
15463, 2017-07-06 07:00:00, 0.000471515
15464, 2017-07-06 08:00:00, 0.000470277
15465, 2017-07-06 09:00:00, 0.000469043
15466, 2017-07-06 10:00:00, 0.000467812
15467, 2017-07-06 11:00:00, 0.000466592
15468, 2017-07-06 12:00:00, 0.000465363
15469, 2017-07-06 13:00:00, 0.000464141
15470, 2017-07-06 14:00:00, 0.000462921
15471, 2017-07-06 15:00:00, 0.000461706
15472, 2017-07-06 16:00:00, 0.000460494
15473, 2017-07-06 17:00:00, 0.000459286
15474, 2017-07-06 18:00:00, 0.000458081
15475, 2017-07-06 19:00:00, 0.000456879
15476, 2017-07-06 20:00:00, 0.00045568
15477, 2017-07-06 21:00:00, 0.000454484
15478, 2017-07-06 22:00:00, 0.000453291
15479, 2017-07-06 23:00:00, 0.000452102
15480, 2017-07-07 00:00:00, 0.000450915
15481, 2017-07-07 01:00:00, 0.000449732
15482, 2017-07-07 02:00:00, 0.000448552
15483, 2017-07-07 03:00:00, 0.000447375
15484, 2017-07-07 04:00:00, 0.000446201
15485, 2017-07-07 05:00:00, 0.00044503
15486, 2017-07-07 06:00:00, 0.000443862
15487, 2017-07-07 07:00:00, 0.000442698
15488, 2017-07-07 08:00:00, 0.000441536
15489, 2017-07-07 09:00:00, 0.000440378
15490, 2017-07-07 10:00:00, 0.000439222
15491, 2017-07-07 11:00:00, 0.00043807
15492, 2017-07-07 12:00:00, 0.00055135
15493, 2017-07-07 13:00:00, 0.000625596
15494, 2017-07-07 14:00:00, 0.00521216
15495, 2017-07-07 15:00:00, 0.250661
15496, 2017-07-07 16:00:00, 0.288975
15497, 2017-07-07 17:00:00, 0.320073
15498, 2017-07-07 18:00:00, 0.165035
15499, 2017-07-07 19:00:00, 0.109638
15500, 2017-07-07 20:00:00, 0.0355916
15501, 2017-07-07 21:00:00, 0.0171803
15502, 2017-07-07 22:00:00, 0.00231664
15503, 2017-07-07 23:00:00, 0.000427658
15504, 2017-07-08 00:00:00, 0.00042336
15505, 2017-07-08 01:00:00, 0.00042225
15506, 2017-07-08 02:00:00, 0.000421142
15507, 2017-07-08 03:00:00, 0.000420037
15508, 2017-07-08 04:00:00, 0.000418935
15509, 2017-07-08 05:00:00, 0.000417836
15510, 2017-07-08 06:00:00, 0.000416739
15511, 2017-07-08 07:00:00, 0.000415646
15512, 2017-07-08 08:00:00, 0.000423374
15513, 2017-07-08 09:00:00, 0.00041748
15514, 2017-07-08 10:00:00, 0.00041562
15515, 2017-07-08 11:00:00, 0.000411392
15516, 2017-07-08 12:00:00, 0.000410363
15517, 2017-07-08 13:00:00, 0.000409287
15518, 2017-07-08 14:00:00, 0.000408139
15519, 2017-07-08 15:00:00, 0.000407028
15520, 2017-07-08 16:00:00, 0.000405935
15521, 2017-07-08 17:00:00, 0.00040487
15522, 2017-07-08 18:00:00, 0.000403807
15523, 2017-07-08 19:00:00, 0.000402748
15524, 2017-07-08 20:00:00, 0.000401692
15525, 2017-07-08 21:00:00, 0.000400638
15526, 2017-07-08 22:00:00, 0.000399587
15527, 2017-07-08 23:00:00, 0.000398539
15528, 2017-07-09 00:00:00, 0.000607632
15529, 2017-07-09 01:00:00, 0.000491968
15530, 2017-07-09 02:00:00, 0.000471824
15531, 2017-07-09 03:00:00, 0.000394373
15532, 2017-07-09 04:00:00, 0.000393338
15533, 2017-07-09 05:00:00, 0.000392307
15534, 2017-07-09 06:00:00, 0.000391278
15535, 2017-07-09 07:00:00, 0.000390251
15536, 2017-07-09 08:00:00, 0.000389227
15537, 2017-07-09 09:00:00, 0.000388206
15538, 2017-07-09 10:00:00, 0.000387188
15539, 2017-07-09 11:00:00, 0.000386173
15540, 2017-07-09 12:00:00, 0.00038516
15541, 2017-07-09 13:00:00, 0.000384149
15542, 2017-07-09 14:00:00, 0.000383142
15543, 2017-07-09 15:00:00, 0.000382137
15544, 2017-07-09 16:00:00, 0.000381134
15545, 2017-07-09 17:00:00, 0.000380134
15546, 2017-07-09 18:00:00, 0.000379137
15547, 2017-07-09 19:00:00, 0.000378143
15548, 2017-07-09 20:00:00, 0.000377151
15549, 2017-07-09 21:00:00, 0.000376162
15550, 2017-07-09 22:00:00, 0.000375175
15551, 2017-07-09 23:00:00, 0.000374191
15552, 2017-07-10 00:00:00, 0.00037321
15553, 2017-07-10 01:00:00, 0.000372231
15554, 2017-07-10 02:00:00, 0.000371254
15555, 2017-07-10 03:00:00, 0.000370281
15556, 2017-07-10 04:00:00, 0.000369309
15557, 2017-07-10 05:00:00, 0.000368341
15558, 2017-07-10 06:00:00, 0.000367375
15559, 2017-07-10 07:00:00, 0.000366411
15560, 2017-07-10 08:00:00, 0.00036545
15561, 2017-07-10 09:00:00, 0.000364491
15562, 2017-07-10 10:00:00, 0.000363535
15563, 2017-07-10 11:00:00, 0.000362582
15564, 2017-07-10 12:00:00, 0.000361631
15565, 2017-07-10 13:00:00, 0.000360683
15566, 2017-07-10 14:00:00, 0.000359737
15567, 2017-07-10 15:00:00, 0.000358793
15568, 2017-07-10 16:00:00, 0.000357852
15569, 2017-07-10 17:00:00, 0.000356914
15570, 2017-07-10 18:00:00, 0.000355977
15571, 2017-07-10 19:00:00, 0.000355044
15572, 2017-07-10 20:00:00, 0.000354113
15573, 2017-07-10 21:00:00, 0.000353184
15574, 2017-07-10 22:00:00, 0.000352258
15575, 2017-07-10 23:00:00, 0.000351334
15576, 2017-07-11 00:00:00, 0.000350412
15577, 2017-07-11 01:00:00, 0.000349493
15578, 2017-07-11 02:00:00, 0.000348577
15579, 2017-07-11 03:00:00, 0.000347663
15580, 2017-07-11 04:00:00, 0.000346751
15581, 2017-07-11 05:00:00, 0.000345842
15582, 2017-07-11 06:00:00, 0.000344935
15583, 2017-07-11 07:00:00, 0.000367132
15584, 2017-07-11 08:00:00, 0.001738
15585, 2017-07-11 09:00:00, 0.0113751
15586, 2017-07-11 10:00:00, 0.505941
15587, 2017-07-11 11:00:00, 0.238707
15588, 2017-07-11 12:00:00, 0.191526
15589, 2017-07-11 13:00:00, 0.00596629
15590, 2017-07-11 14:00:00, 0.00265458
15591, 2017-07-11 15:00:00, 0.000449111
15592, 2017-07-11 16:00:00, 0.000335995
15593, 2017-07-11 17:00:00, 0.000335114
15594, 2017-07-11 18:00:00, 0.000334235
15595, 2017-07-11 19:00:00, 0.000333359
15596, 2017-07-11 20:00:00, 0.000332484
15597, 2017-07-11 21:00:00, 0.000331612
15598, 2017-07-11 22:00:00, 0.000330743
15599, 2017-07-11 23:00:00, 0.000329876
15600, 2017-07-12 00:00:00, 0.000329011
15601, 2017-07-12 01:00:00, 0.000328148
15602, 2017-07-12 02:00:00, 0.000327287
15603, 2017-07-12 03:00:00, 0.000326429
15604, 2017-07-12 04:00:00, 0.000325573
15605, 2017-07-12 05:00:00, 0.000324719
15606, 2017-07-12 06:00:00, 0.000323868
15607, 2017-07-12 07:00:00, 0.000323019
15608, 2017-07-12 08:00:00, 0.000322172
15609, 2017-07-12 09:00:00, 0.000321327
15610, 2017-07-12 10:00:00, 0.000320501
15611, 2017-07-12 11:00:00, 0.00031972
15612, 2017-07-12 12:00:00, 0.000318843
15613, 2017-07-12 13:00:00, 0.000317995
15614, 2017-07-12 14:00:00, 0.000317136
15615, 2017-07-12 15:00:00, 0.000316305
15616, 2017-07-12 16:00:00, 0.000315475
15617, 2017-07-12 17:00:00, 0.000314648
15618, 2017-07-12 18:00:00, 0.000313823
15619, 2017-07-12 19:00:00, 0.000313
15620, 2017-07-12 20:00:00, 0.00200859
15621, 2017-07-12 21:00:00, 0.0723931
15622, 2017-07-12 22:00:00, 1.76714
15623, 2017-07-12 23:00:00, 7.01455
15624, 2017-07-13 00:00:00, 3.46772
15625, 2017-07-13 01:00:00, 2.37455
15626, 2017-07-13 02:00:00, 0.21171
15627, 2017-07-13 03:00:00, 0.257007
15628, 2017-07-13 04:00:00, 0.276277
15629, 2017-07-13 05:00:00, 0.277374
15630, 2017-07-13 06:00:00, 0.267033
15631, 2017-07-13 07:00:00, 0.249954
15632, 2017-07-13 08:00:00, 0.229394
15633, 2017-07-13 09:00:00, 0.208073
15634, 2017-07-13 10:00:00, 0.186315
15635, 2017-07-13 11:00:00, 0.168153
15636, 2017-07-13 12:00:00, 0.150551
15637, 2017-07-13 13:00:00, 0.134106
15638, 2017-07-13 14:00:00, 0.119102
15639, 2017-07-13 15:00:00, 0.105672
15640, 2017-07-13 16:00:00, 0.0937013
15641, 2017-07-13 17:00:00, 0.0830866
15642, 2017-07-13 18:00:00, 0.073779
15643, 2017-07-13 19:00:00, 0.0656951
15644, 2017-07-13 20:00:00, 0.059165
15645, 2017-07-13 21:00:00, 0.558787
15646, 2017-07-13 22:00:00, 0.31601
15647, 2017-07-13 23:00:00, 0.482298
15648, 2017-07-14 00:00:00, 0.469888
15649, 2017-07-14 01:00:00, 0.561272
15650, 2017-07-14 02:00:00, 0.59864
15651, 2017-07-14 03:00:00, 0.599595
15652, 2017-07-14 04:00:00, 0.577421
15653, 2017-07-14 05:00:00, 0.541684
15654, 2017-07-14 06:00:00, 0.498973
15655, 2017-07-14 07:00:00, 0.453722
15656, 2017-07-14 08:00:00, 0.408824
15657, 2017-07-14 09:00:00, 0.366076
15658, 2017-07-14 10:00:00, 0.326516
15659, 2017-07-14 11:00:00, 0.290654
15660, 2017-07-14 12:00:00, 0.258652
15661, 2017-07-14 13:00:00, 0.230444
15662, 2017-07-14 14:00:00, 0.206349
15663, 2017-07-14 15:00:00, 0.18553
15664, 2017-07-14 16:00:00, 0.16708
15665, 2017-07-14 17:00:00, 0.154012
15666, 2017-07-14 18:00:00, 0.142262
15667, 2017-07-14 19:00:00, 0.131781
15668, 2017-07-14 20:00:00, 0.122511
15669, 2017-07-14 21:00:00, 0.114389
15670, 2017-07-14 22:00:00, 0.107328
15671, 2017-07-14 23:00:00, 0.101228
15672, 2017-07-15 00:00:00, 0.0959826
15673, 2017-07-15 01:00:00, 0.0914902
15674, 2017-07-15 02:00:00, 0.0876536
15675, 2017-07-15 03:00:00, 0.0843836
15676, 2017-07-15 04:00:00, 0.0815999
15677, 2017-07-15 05:00:00, 0.0792312
15678, 2017-07-15 06:00:00, 0.0772146
15679, 2017-07-15 07:00:00, 0.0754958
15680, 2017-07-15 08:00:00, 0.0740277
15681, 2017-07-15 09:00:00, 0.07277
15682, 2017-07-15 10:00:00, 0.0716884
15683, 2017-07-15 11:00:00, 0.0707538
15684, 2017-07-15 12:00:00, 0.0699416
15685, 2017-07-15 13:00:00, 0.0692312
15686, 2017-07-15 14:00:00, 0.0686052
15687, 2017-07-15 15:00:00, 0.0680491
15688, 2017-07-15 16:00:00, 0.067551
15689, 2017-07-15 17:00:00, 0.0671008
15690, 2017-07-15 18:00:00, 0.0666901
15691, 2017-07-15 19:00:00, 0.0663122
15692, 2017-07-15 20:00:00, 0.0659613
15693, 2017-07-15 21:00:00, 0.0656326
15694, 2017-07-15 22:00:00, 0.0653225
15695, 2017-07-15 23:00:00, 0.0650276
15696, 2017-07-16 00:00:00, 0.0647454
15697, 2017-07-16 01:00:00, 0.0644737
15698, 2017-07-16 02:00:00, 0.0642108
15699, 2017-07-16 03:00:00, 0.0639552
15700, 2017-07-16 04:00:00, 0.0637057
15701, 2017-07-16 05:00:00, 0.0634615
15702, 2017-07-16 06:00:00, 0.0632216
15703, 2017-07-16 07:00:00, 0.0629855
15704, 2017-07-16 08:00:00, 0.0627527
15705, 2017-07-16 09:00:00, 0.0625227
15706, 2017-07-16 10:00:00, 0.0622951
15707, 2017-07-16 11:00:00, 0.0620697
15708, 2017-07-16 12:00:00, 0.0618463
15709, 2017-07-16 13:00:00, 0.0616246
15710, 2017-07-16 14:00:00, 0.0614045
15711, 2017-07-16 15:00:00, 0.0611859
15712, 2017-07-16 16:00:00, 0.0609686
15713, 2017-07-16 17:00:00, 0.0607527
15714, 2017-07-16 18:00:00, 0.060538
15715, 2017-07-16 19:00:00, 0.0603244
15716, 2017-07-16 20:00:00, 0.0601119
15717, 2017-07-16 21:00:00, 0.0599006
15718, 2017-07-16 22:00:00, 0.0596902
15719, 2017-07-16 23:00:00, 0.0594809
15720, 2017-07-17 00:00:00, 0.0592726
15721, 2017-07-17 01:00:00, 0.0590652
15722, 2017-07-17 02:00:00, 0.0588588
15723, 2017-07-17 03:00:00, 0.0586533
15724, 2017-07-17 04:00:00, 0.0584487
15725, 2017-07-17 05:00:00, 0.0582451
15726, 2017-07-17 06:00:00, 0.0580424
15727, 2017-07-17 07:00:00, 0.0578405
15728, 2017-07-17 08:00:00, 0.0576396
15729, 2017-07-17 09:00:00, 0.0574395
15730, 2017-07-17 10:00:00, 0.0572403
15731, 2017-07-17 11:00:00, 0.057042
15732, 2017-07-17 12:00:00, 0.0568445
15733, 2017-07-17 13:00:00, 0.0566479
15734, 2017-07-17 14:00:00, 0.0564521
15735, 2017-07-17 15:00:00, 0.0562572
15736, 2017-07-17 16:00:00, 0.0560631
15737, 2017-07-17 17:00:00, 0.0558699
15738, 2017-07-17 18:00:00, 0.0556774
15739, 2017-07-17 19:00:00, 0.0554858
15740, 2017-07-17 20:00:00, 0.055295
15741, 2017-07-17 21:00:00, 0.055105
15742, 2017-07-17 22:00:00, 0.0549159
15743, 2017-07-17 23:00:00, 0.0547275
15744, 2017-07-18 00:00:00, 0.0545399
15745, 2017-07-18 01:00:00, 0.0543532
15746, 2017-07-18 02:00:00, 0.0541672
15747, 2017-07-18 03:00:00, 0.053982
15748, 2017-07-18 04:00:00, 0.0537976
15749, 2017-07-18 05:00:00, 0.0536139
15750, 2017-07-18 06:00:00, 0.0534311
15751, 2017-07-18 07:00:00, 0.053249
15752, 2017-07-18 08:00:00, 0.0530677
15753, 2017-07-18 09:00:00, 0.0528872
15754, 2017-07-18 10:00:00, 0.0527075
15755, 2017-07-18 11:00:00, 0.0525284
15756, 2017-07-18 12:00:00, 0.05235
15757, 2017-07-18 13:00:00, 0.0521723
15758, 2017-07-18 14:00:00, 0.0519955
15759, 2017-07-18 15:00:00, 0.0518194
15760, 2017-07-18 16:00:00, 0.051644
15761, 2017-07-18 17:00:00, 0.0514694
15762, 2017-07-18 18:00:00, 0.0512954
15763, 2017-07-18 19:00:00, 0.0511222
15764, 2017-07-18 20:00:00, 0.0509498
15765, 2017-07-18 21:00:00, 0.0526313
15766, 2017-07-18 22:00:00, 1.59106
15767, 2017-07-18 23:00:00, 0.90777
15768, 2017-07-19 00:00:00, 0.824341
15769, 2017-07-19 01:00:00, 0.447419
15770, 2017-07-19 02:00:00, 0.513781
15771, 2017-07-19 03:00:00, 0.563553
15772, 2017-07-19 04:00:00, 0.574785
15773, 2017-07-19 05:00:00, 0.56593
15774, 2017-07-19 06:00:00, 0.536929
15775, 2017-07-19 07:00:00, 0.512336
15776, 2017-07-19 08:00:00, 0.479389
15777, 2017-07-19 09:00:00, 0.44283
15778, 2017-07-19 10:00:00, 0.405261
15779, 2017-07-19 11:00:00, 0.368683
15780, 2017-07-19 12:00:00, 0.334379
15781, 2017-07-19 13:00:00, 0.30289
15782, 2017-07-19 14:00:00, 0.274482
15783, 2017-07-19 15:00:00, 0.249166
15784, 2017-07-19 16:00:00, 0.226831
15785, 2017-07-19 17:00:00, 0.2073
15786, 2017-07-19 18:00:00, 0.190356
15787, 2017-07-19 19:00:00, 0.175751
15788, 2017-07-19 20:00:00, 0.163226
15789, 2017-07-19 21:00:00, 0.152531
15790, 2017-07-19 22:00:00, 0.143429
15791, 2017-07-19 23:00:00, 0.135704
15792, 2017-07-20 00:00:00, 0.129159
15793, 2017-07-20 01:00:00, 0.123621
15794, 2017-07-20 02:00:00, 0.118936
15795, 2017-07-20 03:00:00, 0.114974
15796, 2017-07-20 04:00:00, 0.11162
15797, 2017-07-20 05:00:00, 0.108775
15798, 2017-07-20 06:00:00, 0.106356
15799, 2017-07-20 07:00:00, 0.104293
15800, 2017-07-20 08:00:00, 0.102527
15801, 2017-07-20 09:00:00, 0.101006
15802, 2017-07-20 10:00:00, 0.0996896
15803, 2017-07-20 11:00:00, 0.0985421
15804, 2017-07-20 12:00:00, 0.0975343
15805, 2017-07-20 13:00:00, 0.096642
15806, 2017-07-20 14:00:00, 0.095845
15807, 2017-07-20 15:00:00, 0.0951266
15808, 2017-07-20 16:00:00, 0.094473
15809, 2017-07-20 17:00:00, 0.0938729
15810, 2017-07-20 18:00:00, 0.093317
15811, 2017-07-20 19:00:00, 0.0927974
15812, 2017-07-20 20:00:00, 0.092308
15813, 2017-07-20 21:00:00, 0.0918434
15814, 2017-07-20 22:00:00, 0.0913995
15815, 2017-07-20 23:00:00, 0.0959137
15816, 2017-07-21 00:00:00, 0.098034
15817, 2017-07-21 01:00:00, 0.0943329
15818, 2017-07-21 02:00:00, 0.0916705
15819, 2017-07-21 03:00:00, 0.0893877
15820, 2017-07-21 04:00:00, 0.0890131
15821, 2017-07-21 05:00:00, 0.0886448
15822, 2017-07-21 06:00:00, 0.0882819
15823, 2017-07-21 07:00:00, 0.0879237
15824, 2017-07-21 08:00:00, 0.0875696
15825, 2017-07-21 09:00:00, 0.0872192
15826, 2017-07-21 10:00:00, 0.0868721
15827, 2017-07-21 11:00:00, 0.0865281
15828, 2017-07-21 12:00:00, 0.0861868
15829, 2017-07-21 13:00:00, 0.085848
15830, 2017-07-21 14:00:00, 0.0855116
15831, 2017-07-21 15:00:00, 0.0851775
15832, 2017-07-21 16:00:00, 0.0848455
15833, 2017-07-21 17:00:00, 0.0845155
15834, 2017-07-21 18:00:00, 0.0841875
15835, 2017-07-21 19:00:00, 0.0838614
15836, 2017-07-21 20:00:00, 0.0835371
15837, 2017-07-21 21:00:00, 0.0832146
15838, 2017-07-21 22:00:00, 0.0828939
15839, 2017-07-21 23:00:00, 0.0825749
15840, 2017-07-22 00:00:00, 0.0822576
15841, 2017-07-22 01:00:00, 0.0819419
15842, 2017-07-22 02:00:00, 0.0816279
15843, 2017-07-22 03:00:00, 0.0813155
15844, 2017-07-22 04:00:00, 0.0810047
15845, 2017-07-22 05:00:00, 0.0806955
15846, 2017-07-22 06:00:00, 0.0803879
15847, 2017-07-22 07:00:00, 0.0800818
15848, 2017-07-22 08:00:00, 0.0797773
15849, 2017-07-22 09:00:00, 0.0794743
15850, 2017-07-22 10:00:00, 0.0791728
15851, 2017-07-22 11:00:00, 0.0788728
15852, 2017-07-22 12:00:00, 0.0785743
15853, 2017-07-22 13:00:00, 0.0782772
15854, 2017-07-22 14:00:00, 0.0779817
15855, 2017-07-22 15:00:00, 0.0776876
15856, 2017-07-22 16:00:00, 0.077395
15857, 2017-07-22 17:00:00, 0.0771038
15858, 2017-07-22 18:00:00, 0.076814
15859, 2017-07-22 19:00:00, 0.0765256
15860, 2017-07-22 20:00:00, 0.0762387
15861, 2017-07-22 21:00:00, 0.0759531
15862, 2017-07-22 22:00:00, 0.075669
15863, 2017-07-22 23:00:00, 0.0753862
15864, 2017-07-23 00:00:00, 0.0751048
15865, 2017-07-23 01:00:00, 0.0748248
15866, 2017-07-23 02:00:00, 0.0745461
15867, 2017-07-23 03:00:00, 0.0742687
15868, 2017-07-23 04:00:00, 0.0739927
15869, 2017-07-23 05:00:00, 0.0737181
15870, 2017-07-23 06:00:00, 0.0734447
15871, 2017-07-23 07:00:00, 0.0731727
15872, 2017-07-23 08:00:00, 0.0729019
15873, 2017-07-23 09:00:00, 0.0726325
15874, 2017-07-23 10:00:00, 0.0723643
15875, 2017-07-23 11:00:00, 0.0720974
15876, 2017-07-23 12:00:00, 0.0718318
15877, 2017-07-23 13:00:00, 0.0715674
15878, 2017-07-23 14:00:00, 0.0713043
15879, 2017-07-23 15:00:00, 0.0710425
15880, 2017-07-23 16:00:00, 0.0707819
15881, 2017-07-23 17:00:00, 0.0705225
15882, 2017-07-23 18:00:00, 0.0702643
15883, 2017-07-23 19:00:00, 0.0700073
15884, 2017-07-23 20:00:00, 0.0697516
15885, 2017-07-23 21:00:00, 0.069497
15886, 2017-07-23 22:00:00, 0.0692437
15887, 2017-07-23 23:00:00, 0.0689915
15888, 2017-07-24 00:00:00, 0.0687405
15889, 2017-07-24 01:00:00, 0.0684906
15890, 2017-07-24 02:00:00, 0.0682419
15891, 2017-07-24 03:00:00, 0.0679944
15892, 2017-07-24 04:00:00, 0.0677481
15893, 2017-07-24 05:00:00, 0.0675028
15894, 2017-07-24 06:00:00, 0.0672587
15895, 2017-07-24 07:00:00, 0.0670157
15896, 2017-07-24 08:00:00, 0.0668
15897, 2017-07-24 09:00:00, 0.066545
15898, 2017-07-24 10:00:00, 0.066303
15899, 2017-07-24 11:00:00, 0.06606
15900, 2017-07-24 12:00:00, 0.0670256
15901, 2017-07-24 13:00:00, 0.0704922
15902, 2017-07-24 14:00:00, 0.0698336
15903, 2017-07-24 15:00:00, 0.139832
15904, 2017-07-24 16:00:00, 0.111356
15905, 2017-07-24 17:00:00, 0.182972
15906, 2017-07-24 18:00:00, 0.110084
15907, 2017-07-24 19:00:00, 0.0971131
15908, 2017-07-24 20:00:00, 0.0658926
15909, 2017-07-24 21:00:00, 0.0644331
15910, 2017-07-24 22:00:00, 0.0638421
15911, 2017-07-24 23:00:00, 0.0632757
15912, 2017-07-25 00:00:00, 0.0630508
15913, 2017-07-25 01:00:00, 0.0628269
15914, 2017-07-25 02:00:00, 0.0626041
15915, 2017-07-25 03:00:00, 0.0623822
15916, 2017-07-25 04:00:00, 0.0621614
15917, 2017-07-25 05:00:00, 0.0619415
15918, 2017-07-25 06:00:00, 0.0617226
15919, 2017-07-25 07:00:00, 0.0615047
15920, 2017-07-25 08:00:00, 0.0612877
15921, 2017-07-25 09:00:00, 0.0610717
15922, 2017-07-25 10:00:00, 0.0608567
15923, 2017-07-25 11:00:00, 0.0606426
15924, 2017-07-25 12:00:00, 0.0604295
15925, 2017-07-25 13:00:00, 0.0602172
15926, 2017-07-25 14:00:00, 0.060006
15927, 2017-07-25 15:00:00, 0.0597956
15928, 2017-07-25 16:00:00, 0.0595862
15929, 2017-07-25 17:00:00, 0.0593777
15930, 2017-07-25 18:00:00, 0.0591701
15931, 2017-07-25 19:00:00, 0.0589635
15932, 2017-07-25 20:00:00, 0.0587577
15933, 2017-07-25 21:00:00, 0.0585528
15934, 2017-07-25 22:00:00, 0.0583488
15935, 2017-07-25 23:00:00, 0.0581457
15936, 2017-07-26 00:00:00, 0.0579435
15937, 2017-07-26 01:00:00, 0.0577421
15938, 2017-07-26 02:00:00, 0.0575417
15939, 2017-07-26 03:00:00, 0.0573421
15940, 2017-07-26 04:00:00, 0.0571433
15941, 2017-07-26 05:00:00, 0.0569454
15942, 2017-07-26 06:00:00, 0.0567484
15943, 2017-07-26 07:00:00, 0.0565522
15944, 2017-07-26 08:00:00, 0.0563569
15945, 2017-07-26 09:00:00, 0.0561624
15946, 2017-07-26 10:00:00, 0.0559687
15947, 2017-07-26 11:00:00, 0.0557758
15948, 2017-07-26 12:00:00, 0.0555838
15949, 2017-07-26 13:00:00, 0.0553926
15950, 2017-07-26 14:00:00, 0.0552022
15951, 2017-07-26 15:00:00, 0.0550127
15952, 2017-07-26 16:00:00, 0.0548239
15953, 2017-07-26 17:00:00, 0.0546359
15954, 2017-07-26 18:00:00, 0.0544487
15955, 2017-07-26 19:00:00, 0.0542623
15956, 2017-07-26 20:00:00, 0.0540767
15957, 2017-07-26 21:00:00, 0.0538919
15958, 2017-07-26 22:00:00, 0.0537079
15959, 2017-07-26 23:00:00, 0.0535246
15960, 2017-07-27 00:00:00, 0.0533421
15961, 2017-07-27 01:00:00, 0.0531604
15962, 2017-07-27 02:00:00, 0.0529795
15963, 2017-07-27 03:00:00, 0.0527993
15964, 2017-07-27 04:00:00, 0.0526198
15965, 2017-07-27 05:00:00, 0.0524411
15966, 2017-07-27 06:00:00, 0.0522631
15967, 2017-07-27 07:00:00, 0.0520859
15968, 2017-07-27 08:00:00, 0.0519095
15969, 2017-07-27 09:00:00, 0.0517337
15970, 2017-07-27 10:00:00, 0.0515587
15971, 2017-07-27 11:00:00, 0.0513844
15972, 2017-07-27 12:00:00, 0.0512108
15973, 2017-07-27 13:00:00, 0.051038
15974, 2017-07-27 14:00:00, 0.0508659
15975, 2017-07-27 15:00:00, 0.0506944
15976, 2017-07-27 16:00:00, 0.0505237
15977, 2017-07-27 17:00:00, 0.0503537
15978, 2017-07-27 18:00:00, 0.0501844
15979, 2017-07-27 19:00:00, 0.0500158
15980, 2017-07-27 20:00:00, 0.04986
15981, 2017-07-27 21:00:00, 0.049688
15982, 2017-07-27 22:00:00, 0.0495193
15983, 2017-07-27 23:00:00, 0.0493488
15984, 2017-07-28 00:00:00, 0.049183
15985, 2017-07-28 01:00:00, 0.0490184
15986, 2017-07-28 02:00:00, 0.0488546
15987, 2017-07-28 03:00:00, 0.0486914
15988, 2017-07-28 04:00:00, 0.0485288
15989, 2017-07-28 05:00:00, 0.048367
15990, 2017-07-28 06:00:00, 0.0482058
15991, 2017-07-28 07:00:00, 0.0480452
15992, 2017-07-28 08:00:00, 0.0478853
15993, 2017-07-28 09:00:00, 0.047726
15994, 2017-07-28 10:00:00, 0.0475674
15995, 2017-07-28 11:00:00, 0.0474095
15996, 2017-07-28 12:00:00, 0.0472521
15997, 2017-07-28 13:00:00, 0.0470953
15998, 2017-07-28 14:00:00, 0.0469392
15999, 2017-07-28 15:00:00, 0.0467838
16000, 2017-07-28 16:00:00, 0.0466289
16001, 2017-07-28 17:00:00, 0.0464747
16002, 2017-07-28 18:00:00, 0.0463211
16003, 2017-07-28 19:00:00, 0.0461681
16004, 2017-07-28 20:00:00, 0.0460157
16005, 2017-07-28 21:00:00, 0.0458639
16006, 2017-07-28 22:00:00, 0.0457128
16007, 2017-07-28 23:00:00, 0.0455622
16008, 2017-07-29 00:00:00, 0.0454122
16009, 2017-07-29 01:00:00, 0.0452628
16010, 2017-07-29 02:00:00, 0.0451141
16011, 2017-07-29 03:00:00, 0.0449659
16012, 2017-07-29 04:00:00, 0.0448182
16013, 2017-07-29 05:00:00, 0.0446712
16014, 2017-07-29 06:00:00, 0.0445248
16015, 2017-07-29 07:00:00, 0.0443789
16016, 2017-07-29 08:00:00, 0.0442336
16017, 2017-07-29 09:00:00, 0.0440888
16018, 2017-07-29 10:00:00, 0.0439447
16019, 2017-07-29 11:00:00, 0.0438011
16020, 2017-07-29 12:00:00, 0.043658
16021, 2017-07-29 13:00:00, 0.0435156
16022, 2017-07-29 14:00:00, 0.0433736
16023, 2017-07-29 15:00:00, 0.0432323
16024, 2017-07-29 16:00:00, 0.0430915
16025, 2017-07-29 17:00:00, 0.0429512
16026, 2017-07-29 18:00:00, 0.0428115
16027, 2017-07-29 19:00:00, 0.0426723
16028, 2017-07-29 20:00:00, 0.0425336
16029, 2017-07-29 21:00:00, 0.0423955
16030, 2017-07-29 22:00:00, 0.042258
16031, 2017-07-29 23:00:00, 0.0421209
16032, 2017-07-30 00:00:00, 0.0419844
16033, 2017-07-30 01:00:00, 0.0418485
16034, 2017-07-30 02:00:00, 0.041713
16035, 2017-07-30 03:00:00, 0.0415781
16036, 2017-07-30 04:00:00, 0.0414437
16037, 2017-07-30 05:00:00, 0.0413098
16038, 2017-07-30 06:00:00, 0.0411764
16039, 2017-07-30 07:00:00, 0.0410435
16040, 2017-07-30 08:00:00, 0.0409112
16041, 2017-07-30 09:00:00, 0.0407793
16042, 2017-07-30 10:00:00, 0.040648
16043, 2017-07-30 11:00:00, 0.0405171
16044, 2017-07-30 12:00:00, 0.0403868
16045, 2017-07-30 13:00:00, 0.0402569
16046, 2017-07-30 14:00:00, 0.0401276
16047, 2017-07-30 15:00:00, 0.0399987
16048, 2017-07-30 16:00:00, 0.0398704
16049, 2017-07-30 17:00:00, 0.0397425
16050, 2017-07-30 18:00:00, 0.0396151
16051, 2017-07-30 19:00:00, 0.0394882
16052, 2017-07-30 20:00:00, 0.0393617
16053, 2017-07-30 21:00:00, 0.0392358
16054, 2017-07-30 22:00:00, 0.0391103
16055, 2017-07-30 23:00:00, 0.0389853
16056, 2017-07-31 00:00:00, 0.0388608
16057, 2017-07-31 01:00:00, 0.0387367
16058, 2017-07-31 02:00:00, 0.0386131
16059, 2017-07-31 03:00:00, 0.03849
16060, 2017-07-31 04:00:00, 0.0383673
16061, 2017-07-31 05:00:00, 0.0382451
16062, 2017-07-31 06:00:00, 0.0381233
16063, 2017-07-31 07:00:00, 0.038002
16064, 2017-07-31 08:00:00, 0.0378812
16065, 2017-07-31 09:00:00, 0.0377608
16066, 2017-07-31 10:00:00, 0.0376409
16067, 2017-07-31 11:00:00, 0.0375214
16068, 2017-07-31 12:00:00, 0.0374023
16069, 2017-07-31 13:00:00, 0.0372837
16070, 2017-07-31 14:00:00, 0.0371656
16071, 2017-07-31 15:00:00, 0.0370479
16072, 2017-07-31 16:00:00, 0.0369306
16073, 2017-07-31 17:00:00, 0.0368137
16074, 2017-07-31 18:00:00, 0.0366973
16075, 2017-07-31 19:00:00, 0.0365813
16076, 2017-07-31 20:00:00, 0.0364658
16077, 2017-07-31 21:00:00, 0.0363507
16078, 2017-07-31 22:00:00, 0.036236
16079, 2017-07-31 23:00:00, 0.0361217
16080, 2017-08-01 00:00:00, 0.0360078
16081, 2017-08-01 01:00:00, 0.0358944
16082, 2017-08-01 02:00:00, 0.0357814
16083, 2017-08-01 03:00:00, 0.0356688
16084, 2017-08-01 04:00:00, 0.0355566
16085, 2017-08-01 05:00:00, 0.0354448
16086, 2017-08-01 06:00:00, 0.0353334
16087, 2017-08-01 07:00:00, 0.0352225
16088, 2017-08-01 08:00:00, 0.0351119
16089, 2017-08-01 09:00:00, 0.0350018
16090, 2017-08-01 10:00:00, 0.034892
16091, 2017-08-01 11:00:00, 0.0347827
16092, 2017-08-01 12:00:00, 0.0346737
16093, 2017-08-01 13:00:00, 0.0345652
16094, 2017-08-01 14:00:00, 0.034457
16095, 2017-08-01 15:00:00, 0.0343493
16096, 2017-08-01 16:00:00, 0.0342419
16097, 2017-08-01 17:00:00, 0.0341349
16098, 2017-08-01 18:00:00, 0.0340283
16099, 2017-08-01 19:00:00, 0.0339221
16100, 2017-08-01 20:00:00, 0.0338163
16101, 2017-08-01 21:00:00, 0.0337109
16102, 2017-08-01 22:00:00, 0.0336058
16103, 2017-08-01 23:00:00, 0.0335012
16104, 2017-08-02 00:00:00, 0.0333969
16105, 2017-08-02 01:00:00, 0.0332929
16106, 2017-08-02 02:00:00, 0.0331894
16107, 2017-08-02 03:00:00, 0.0330862
16108, 2017-08-02 04:00:00, 0.0329834
16109, 2017-08-02 05:00:00, 0.032881
16110, 2017-08-02 06:00:00, 0.0327789
16111, 2017-08-02 07:00:00, 0.0326772
16112, 2017-08-02 08:00:00, 0.0325759
16113, 2017-08-02 09:00:00, 0.0324749
16114, 2017-08-02 10:00:00, 0.0323743
16115, 2017-08-02 11:00:00, 0.0322741
16116, 2017-08-02 12:00:00, 0.0321742
16117, 2017-08-02 13:00:00, 0.0320746
16118, 2017-08-02 14:00:00, 0.0319755
16119, 2017-08-02 15:00:00, 0.0318766
16120, 2017-08-02 16:00:00, 0.0317782
16121, 2017-08-02 17:00:00, 0.03168
16122, 2017-08-02 18:00:00, 0.0315823
16123, 2017-08-02 19:00:00, 0.479349
16124, 2017-08-02 20:00:00, 0.284262
16125, 2017-08-02 21:00:00, 0.217607
16126, 2017-08-02 22:00:00, 0.0715871
16127, 2017-08-02 23:00:00, 0.0800837
16128, 2017-08-03 00:00:00, 0.0909928
16129, 2017-08-03 01:00:00, 0.0606315
16130, 2017-08-03 02:00:00, 0.0433503
16131, 2017-08-03 03:00:00, 0.0307279
16132, 2017-08-03 04:00:00, 0.0306234
16133, 2017-08-03 05:00:00, 0.0305294
16134, 2017-08-03 06:00:00, 0.0304357
16135, 2017-08-03 07:00:00, 0.0303423
16136, 2017-08-03 08:00:00, 0.0302492
16137, 2017-08-03 09:00:00, 0.0301565
16138, 2017-08-03 10:00:00, 0.0300641
16139, 2017-08-03 11:00:00, 0.0299721
16140, 2017-08-03 12:00:00, 0.0298803
16141, 2017-08-03 13:00:00, 0.0297889
16142, 2017-08-03 14:00:00, 0.0296978
16143, 2017-08-03 15:00:00, 0.029607
16144, 2017-08-03 16:00:00, 0.0295165
16145, 2017-08-03 17:00:00, 0.0294264
16146, 2017-08-03 18:00:00, 0.0293366
16147, 2017-08-03 19:00:00, 0.029247
16148, 2017-08-03 20:00:00, 0.0291578
16149, 2017-08-03 21:00:00, 0.0290689
16150, 2017-08-03 22:00:00, 0.0289803
16151, 2017-08-03 23:00:00, 0.028892
16152, 2017-08-04 00:00:00, 0.0288041
16153, 2017-08-04 01:00:00, 0.0287164
16154, 2017-08-04 02:00:00, 0.028629
16155, 2017-08-04 03:00:00, 0.028542
16156, 2017-08-04 04:00:00, 0.0284552
16157, 2017-08-04 05:00:00, 0.0283687
16158, 2017-08-04 06:00:00, 0.0282826
16159, 2017-08-04 07:00:00, 0.0281967
16160, 2017-08-04 08:00:00, 0.0281111
16161, 2017-08-04 09:00:00, 0.0280259
16162, 2017-08-04 10:00:00, 0.0279409
16163, 2017-08-04 11:00:00, 0.0278562
16164, 2017-08-04 12:00:00, 0.0277718
16165, 2017-08-04 13:00:00, 0.0276877
16166, 2017-08-04 14:00:00, 0.0276039
16167, 2017-08-04 15:00:00, 0.0275203
16168, 2017-08-04 16:00:00, 0.0274371
16169, 2017-08-04 17:00:00, 0.0273542
16170, 2017-08-04 18:00:00, 0.0272715
16171, 2017-08-04 19:00:00, 0.0271891
16172, 2017-08-04 20:00:00, 0.027107
16173, 2017-08-04 21:00:00, 0.0270252
16174, 2017-08-04 22:00:00, 0.0269436
16175, 2017-08-04 23:00:00, 0.0268623
16176, 2017-08-05 00:00:00, 0.0267814
16177, 2017-08-05 01:00:00, 0.0267006
16178, 2017-08-05 02:00:00, 0.0266202
16179, 2017-08-05 03:00:00, 0.02654
16180, 2017-08-05 04:00:00, 0.0264602
16181, 2017-08-05 05:00:00, 0.0263805
16182, 2017-08-05 06:00:00, 0.0263012
16183, 2017-08-05 07:00:00, 0.0262221
16184, 2017-08-05 08:00:00, 0.0261433
16185, 2017-08-05 09:00:00, 0.0260648
16186, 2017-08-05 10:00:00, 0.0259865
16187, 2017-08-05 11:00:00, 0.0259085
16188, 2017-08-05 12:00:00, 0.0258307
16189, 2017-08-05 13:00:00, 0.592834
16190, 2017-08-05 14:00:00, 0.545131
16191, 2017-08-05 15:00:00, 0.351298
16192, 2017-08-05 16:00:00, 0.120927
16193, 2017-08-05 17:00:00, 0.0256415
16194, 2017-08-05 18:00:00, 0.0255046
16195, 2017-08-05 19:00:00, 0.0253558
16196, 2017-08-05 20:00:00, 0.0252674
16197, 2017-08-05 21:00:00, 0.025143
16198, 2017-08-05 22:00:00, 0.0250675
16199, 2017-08-05 23:00:00, 0.0249926
16200, 2017-08-06 00:00:00, 0.0249232
16201, 2017-08-06 01:00:00, 0.0248459
16202, 2017-08-06 02:00:00, 0.0247713
16203, 2017-08-06 03:00:00, 0.0246955
16204, 2017-08-06 04:00:00, 0.0246218
16205, 2017-08-06 05:00:00, 0.0245484
16206, 2017-08-06 06:00:00, 0.0244752
16207, 2017-08-06 07:00:00, 0.0244023
16208, 2017-08-06 08:00:00, 0.0243296
16209, 2017-08-06 09:00:00, 0.0242572
16210, 2017-08-06 10:00:00, 0.024185
16211, 2017-08-06 11:00:00, 0.024113
16212, 2017-08-06 12:00:00, 0.0240413
16213, 2017-08-06 13:00:00, 0.0239698
16214, 2017-08-06 14:00:00, 0.0238986
16215, 2017-08-06 15:00:00, 0.0238276
16216, 2017-08-06 16:00:00, 0.0237568
16217, 2017-08-06 17:00:00, 0.0236862
16218, 2017-08-06 18:00:00, 0.0236159
16219, 2017-08-06 19:00:00, 0.0235459
16220, 2017-08-06 20:00:00, 0.023476
16221, 2017-08-06 21:00:00, 0.0234064
16222, 2017-08-06 22:00:00, 0.0233371
16223, 2017-08-06 23:00:00, 0.0232679
16224, 2017-08-07 00:00:00, 0.023199
16225, 2017-08-07 01:00:00, 0.0231303
16226, 2017-08-07 02:00:00, 0.0230619
16227, 2017-08-07 03:00:00, 0.0229936
16228, 2017-08-07 04:00:00, 0.0229256
16229, 2017-08-07 05:00:00, 0.0228578
16230, 2017-08-07 06:00:00, 0.0227903
16231, 2017-08-07 07:00:00, 0.0227229
16232, 2017-08-07 08:00:00, 0.0226558
16233, 2017-08-07 09:00:00, 0.0225889
16234, 2017-08-07 10:00:00, 0.0225222
16235, 2017-08-07 11:00:00, 0.0224558
16236, 2017-08-07 12:00:00, 0.0223895
16237, 2017-08-07 13:00:00, 0.0223235
16238, 2017-08-07 14:00:00, 0.0222577
16239, 2017-08-07 15:00:00, 0.0221921
16240, 2017-08-07 16:00:00, 0.0221268
16241, 2017-08-07 17:00:00, 0.0220616
16242, 2017-08-07 18:00:00, 0.0220144
16243, 2017-08-07 19:00:00, 0.0219731
16244, 2017-08-07 20:00:00, 0.0218889
16245, 2017-08-07 21:00:00, 0.0218151
16246, 2017-08-07 22:00:00, 0.0218341
16247, 2017-08-07 23:00:00, 0.0217207
16248, 2017-08-08 00:00:00, 0.021647
16249, 2017-08-08 01:00:00, 0.0215488
16250, 2017-08-08 02:00:00, 0.0214846
16251, 2017-08-08 03:00:00, 0.0214216
16252, 2017-08-08 04:00:00, 0.0213587
16253, 2017-08-08 05:00:00, 0.021296
16254, 2017-08-08 06:00:00, 0.0212336
16255, 2017-08-08 07:00:00, 0.0211713
16256, 2017-08-08 08:00:00, 0.0211093
16257, 2017-08-08 09:00:00, 0.0210474
16258, 2017-08-08 10:00:00, 0.0209858
16259, 2017-08-08 11:00:00, 0.0209244
16260, 2017-08-08 12:00:00, 0.0208631
16261, 2017-08-08 13:00:00, 0.0208021
16262, 2017-08-08 14:00:00, 0.0207412
16263, 2017-08-08 15:00:00, 0.0206806
16264, 2017-08-08 16:00:00, 0.0206201
16265, 2017-08-08 17:00:00, 0.0205598
16266, 2017-08-08 18:00:00, 0.0204998
16267, 2017-08-08 19:00:00, 0.0204399
16268, 2017-08-08 20:00:00, 0.0203802
16269, 2017-08-08 21:00:00, 0.0203207
16270, 2017-08-08 22:00:00, 0.0202614
16271, 2017-08-08 23:00:00, 0.0202023
16272, 2017-08-09 00:00:00, 0.0201434
16273, 2017-08-09 01:00:00, 0.0200846
16274, 2017-08-09 02:00:00, 0.0200261
16275, 2017-08-09 03:00:00, 0.0199678
16276, 2017-08-09 04:00:00, 0.0199096
16277, 2017-08-09 05:00:00, 0.0198516
16278, 2017-08-09 06:00:00, 0.0197938
16279, 2017-08-09 07:00:00, 0.0197362
16280, 2017-08-09 08:00:00, 0.0196788
16281, 2017-08-09 09:00:00, 0.0196215
16282, 2017-08-09 10:00:00, 0.0195645
16283, 2017-08-09 11:00:00, 0.0195076
16284, 2017-08-09 12:00:00, 0.0194509
16285, 2017-08-09 13:00:00, 0.0193944
16286, 2017-08-09 14:00:00, 0.0193381
16287, 2017-08-09 15:00:00, 0.0192819
16288, 2017-08-09 16:00:00, 0.019226
16289, 2017-08-09 17:00:00, 0.0191702
16290, 2017-08-09 18:00:00, 0.0191146
16291, 2017-08-09 19:00:00, 0.0190591
16292, 2017-08-09 20:00:00, 0.0190039
16293, 2017-08-09 21:00:00, 0.0189488
16294, 2017-08-09 22:00:00, 0.0188939
16295, 2017-08-09 23:00:00, 0.0188391
16296, 2017-08-10 00:00:00, 0.0187846
16297, 2017-08-10 01:00:00, 0.0187302
16298, 2017-08-10 02:00:00, 0.018676
16299, 2017-08-10 03:00:00, 0.0186219
16300, 2017-08-10 04:00:00, 0.018568
16301, 2017-08-10 05:00:00, 0.0185143
16302, 2017-08-10 06:00:00, 0.0184608
16303, 2017-08-10 07:00:00, 0.0184074
16304, 2017-08-10 08:00:00, 0.0183542
16305, 2017-08-10 09:00:00, 0.0183012
16306, 2017-08-10 10:00:00, 0.0182483
16307, 2017-08-10 11:00:00, 0.0181957
16308, 2017-08-10 12:00:00, 0.0181431
16309, 2017-08-10 13:00:00, 0.0180908
16310, 2017-08-10 14:00:00, 0.0180386
16311, 2017-08-10 15:00:00, 0.0179865
16312, 2017-08-10 16:00:00, 0.0179347
16313, 2017-08-10 17:00:00, 0.017883
16314, 2017-08-10 18:00:00, 0.0178314
16315, 2017-08-10 19:00:00, 0.0177801
16316, 2017-08-10 20:00:00, 0.0177288
16317, 2017-08-10 21:00:00, 0.0176778
16318, 2017-08-10 22:00:00, 0.0176269
16319, 2017-08-10 23:00:00, 0.0175762
16320, 2017-08-11 00:00:00, 0.0175256
16321, 2017-08-11 01:00:00, 0.0174752
16322, 2017-08-11 02:00:00, 0.0174249
16323, 2017-08-11 03:00:00, 0.0173748
16324, 2017-08-11 04:00:00, 0.0173249
16325, 2017-08-11 05:00:00, 0.0172751
16326, 2017-08-11 06:00:00, 0.0172254
16327, 2017-08-11 07:00:00, 0.017176
16328, 2017-08-11 08:00:00, 0.0171266
16329, 2017-08-11 09:00:00, 0.0170775
16330, 2017-08-11 10:00:00, 0.0170285
16331, 2017-08-11 11:00:00, 0.0169796
16332, 2017-08-11 12:00:00, 0.0169309
16333, 2017-08-11 13:00:00, 0.0168823
16334, 2017-08-11 14:00:00, 0.0168339
16335, 2017-08-11 15:00:00, 0.0167857
16336, 2017-08-11 16:00:00, 0.0167375
16337, 2017-08-11 17:00:00, 0.0166896
16338, 2017-08-11 18:00:00, 0.0166418
16339, 2017-08-11 19:00:00, 0.0165941
16340, 2017-08-11 20:00:00, 0.0165466
16341, 2017-08-11 21:00:00, 0.0164993
16342, 2017-08-11 22:00:00, 0.016452
16343, 2017-08-11 23:00:00, 0.016405
16344, 2017-08-12 00:00:00, 0.0163581
16345, 2017-08-12 01:00:00, 0.0163113
16346, 2017-08-12 02:00:00, 0.0162646
16347, 2017-08-12 03:00:00, 0.0162182
16348, 2017-08-12 04:00:00, 0.0161779
16349, 2017-08-12 05:00:00, 0.0162526
16350, 2017-08-12 06:00:00, 0.0161382
16351, 2017-08-12 07:00:00, 0.0170808
16352, 2017-08-12 08:00:00, 0.0307384
16353, 2017-08-12 09:00:00, 0.0380394
16354, 2017-08-12 10:00:00, 0.0280795
16355, 2017-08-12 11:00:00, 0.0214185
16356, 2017-08-12 12:00:00, 0.0158278
16357, 2017-08-12 13:00:00, 0.0157611
16358, 2017-08-12 14:00:00, 0.0157162
16359, 2017-08-12 15:00:00, 0.0156714
16360, 2017-08-12 16:00:00, 0.0156267
16361, 2017-08-12 17:00:00, 0.0155822
16362, 2017-08-12 18:00:00, 0.0155379
16363, 2017-08-12 19:00:00, 0.0154936
16364, 2017-08-12 20:00:00, 0.0154495
16365, 2017-08-12 21:00:00, 0.0154055
16366, 2017-08-12 22:00:00, 0.0153617
16367, 2017-08-12 23:00:00, 0.015318
16368, 2017-08-13 00:00:00, 0.0152744
16369, 2017-08-13 01:00:00, 0.015231
16370, 2017-08-13 02:00:00, 0.0151877
16371, 2017-08-13 03:00:00, 0.0151445
16372, 2017-08-13 04:00:00, 0.0151015
16373, 2017-08-13 05:00:00, 0.0150586
16374, 2017-08-13 06:00:00, 0.0150159
16375, 2017-08-13 07:00:00, 0.0149733
16376, 2017-08-13 08:00:00, 0.0149308
16377, 2017-08-13 09:00:00, 0.0148885
16378, 2017-08-13 10:00:00, 0.0148463
16379, 2017-08-13 11:00:00, 0.0148042
16380, 2017-08-13 12:00:00, 0.0147621
16381, 2017-08-13 13:00:00, 0.0147201
16382, 2017-08-13 14:00:00, 0.0146783
16383, 2017-08-13 15:00:00, 0.0146367
16384, 2017-08-13 16:00:00, 0.0145952
16385, 2017-08-13 17:00:00, 0.0145539
16386, 2017-08-13 18:00:00, 0.0145127
16387, 2017-08-13 19:00:00, 0.0144716
16388, 2017-08-13 20:00:00, 0.0144306
16389, 2017-08-13 21:00:00, 0.0143897
16390, 2017-08-13 22:00:00, 0.014349
16391, 2017-08-13 23:00:00, 0.0143084
16392, 2017-08-14 00:00:00, 0.0142679
16393, 2017-08-14 01:00:00, 0.0142276
16394, 2017-08-14 02:00:00, 0.0141873
16395, 2017-08-14 03:00:00, 0.0141472
16396, 2017-08-14 04:00:00, 0.0141072
16397, 2017-08-14 05:00:00, 0.0140673
16398, 2017-08-14 06:00:00, 0.0140276
16399, 2017-08-14 07:00:00, 0.013988
16400, 2017-08-14 08:00:00, 0.0139485
16401, 2017-08-14 09:00:00, 0.0139091
16402, 2017-08-14 10:00:00, 0.0138698
16403, 2017-08-14 11:00:00, 0.0138307
16404, 2017-08-14 12:00:00, 0.0137916
16405, 2017-08-14 13:00:00, 0.0137527
16406, 2017-08-14 14:00:00, 0.0137139
16407, 2017-08-14 15:00:00, 0.0136752
16408, 2017-08-14 16:00:00, 0.0136367
16409, 2017-08-14 17:00:00, 0.0135982
16410, 2017-08-14 18:00:00, 0.0135599
16411, 2017-08-14 19:00:00, 0.0135217
16412, 2017-08-14 20:00:00, 0.0134836
16413, 2017-08-14 21:00:00, 0.0134456
16414, 2017-08-14 22:00:00, 0.0134077
16415, 2017-08-14 23:00:00, 0.01337
16416, 2017-08-15 00:00:00, 0.0133323
16417, 2017-08-15 01:00:00, 0.0132948
16418, 2017-08-15 02:00:00, 0.0132574
16419, 2017-08-15 03:00:00, 0.0132201
16420, 2017-08-15 04:00:00, 0.0131829
16421, 2017-08-15 05:00:00, 0.0131458
16422, 2017-08-15 06:00:00, 0.0131089
16423, 2017-08-15 07:00:00, 0.013072
16424, 2017-08-15 08:00:00, 0.0130353
16425, 2017-08-15 09:00:00, 0.0130077
16426, 2017-08-15 10:00:00, 0.0129663
16427, 2017-08-15 11:00:00, 0.012929
16428, 2017-08-15 12:00:00, 0.0128894
16429, 2017-08-15 13:00:00, 0.0128532
16430, 2017-08-15 14:00:00, 0.0128171
16431, 2017-08-15 15:00:00, 0.0127811
16432, 2017-08-15 16:00:00, 0.0127453
16433, 2017-08-15 17:00:00, 0.0127095
16434, 2017-08-15 18:00:00, 0.0126738
16435, 2017-08-15 19:00:00, 0.0126383
16436, 2017-08-15 20:00:00, 0.0126028
16437, 2017-08-15 21:00:00, 0.0125675
16438, 2017-08-15 22:00:00, 0.0125323
16439, 2017-08-15 23:00:00, 0.0124971
16440, 2017-08-16 00:00:00, 0.0124621
16441, 2017-08-16 01:00:00, 0.0124272
16442, 2017-08-16 02:00:00, 0.0123924
16443, 2017-08-16 03:00:00, 0.0123577
16444, 2017-08-16 04:00:00, 0.0123231
16445, 2017-08-16 05:00:00, 0.0122886
16446, 2017-08-16 06:00:00, 0.0122542
16447, 2017-08-16 07:00:00, 0.0122199
16448, 2017-08-16 08:00:00, 0.0121857
16449, 2017-08-16 09:00:00, 0.0121516
16450, 2017-08-16 10:00:00, 0.0121176
16451, 2017-08-16 11:00:00, 0.0120838
16452, 2017-08-16 12:00:00, 0.0120499
16453, 2017-08-16 13:00:00, 0.0120162
16454, 2017-08-16 14:00:00, 0.0119826
16455, 2017-08-16 15:00:00, 0.0119491
16456, 2017-08-16 16:00:00, 0.0119158
16457, 2017-08-16 17:00:00, 0.0118825
16458, 2017-08-16 18:00:00, 0.0118493
16459, 2017-08-16 19:00:00, 0.0118162
16460, 2017-08-16 20:00:00, 0.0117832
16461, 2017-08-16 21:00:00, 0.0117503
16462, 2017-08-16 22:00:00, 0.0117175
16463, 2017-08-16 23:00:00, 0.0116848
16464, 2017-08-17 00:00:00, 0.0116522
16465, 2017-08-17 01:00:00, 0.0116197
16466, 2017-08-17 02:00:00, 0.0115873
16467, 2017-08-17 03:00:00, 0.011555
16468, 2017-08-17 04:00:00, 0.0115227
16469, 2017-08-17 05:00:00, 0.0114906
16470, 2017-08-17 06:00:00, 0.0114586
16471, 2017-08-17 07:00:00, 0.0114266
16472, 2017-08-17 08:00:00, 0.0113948
16473, 2017-08-17 09:00:00, 0.0113631
16474, 2017-08-17 10:00:00, 0.0113314
16475, 2017-08-17 11:00:00, 0.0112998
16476, 2017-08-17 12:00:00, 0.0112684
16477, 2017-08-17 13:00:00, 0.011237
16478, 2017-08-17 14:00:00, 0.0112057
16479, 2017-08-17 15:00:00, 0.0111745
16480, 2017-08-17 16:00:00, 0.0111434
16481, 2017-08-17 17:00:00, 0.0111124
16482, 2017-08-17 18:00:00, 0.0110815
16483, 2017-08-17 19:00:00, 0.0110507
16484, 2017-08-17 20:00:00, 0.01102
16485, 2017-08-17 21:00:00, 0.0109893
16486, 2017-08-17 22:00:00, 0.0109588
16487, 2017-08-17 23:00:00, 0.0109283
16488, 2017-08-18 00:00:00, 0.0108979
16489, 2017-08-18 01:00:00, 0.0108677
16490, 2017-08-18 02:00:00, 0.0108375
16491, 2017-08-18 03:00:00, 0.0108074
16492, 2017-08-18 04:00:00, 0.0107773
16493, 2017-08-18 05:00:00, 0.0107474
16494, 2017-08-18 06:00:00, 0.0107176
16495, 2017-08-18 07:00:00, 0.0106878
16496, 2017-08-18 08:00:00, 0.0106582
16497, 2017-08-18 09:00:00, 0.0106286
16498, 2017-08-18 10:00:00, 0.0105991
16499, 2017-08-18 11:00:00, 0.0105697
16500, 2017-08-18 12:00:00, 0.0105404
16501, 2017-08-18 13:00:00, 0.0105111
16502, 2017-08-18 14:00:00, 0.010482
16503, 2017-08-18 15:00:00, 0.0104529
16504, 2017-08-18 16:00:00, 0.0104239
16505, 2017-08-18 17:00:00, 0.0103951
16506, 2017-08-18 18:00:00, 0.0103662
16507, 2017-08-18 19:00:00, 0.0103375
16508, 2017-08-18 20:00:00, 0.0103089
16509, 2017-08-18 21:00:00, 0.0102803
16510, 2017-08-18 22:00:00, 0.0102519
16511, 2017-08-18 23:00:00, 0.0102235
16512, 2017-08-19 00:00:00, 0.0102133
16513, 2017-08-19 01:00:00, 0.0101781
16514, 2017-08-19 02:00:00, 0.0118372
16515, 2017-08-19 03:00:00, 0.010929
16516, 2017-08-19 04:00:00, 0.0107197
16517, 2017-08-19 05:00:00, 0.0100727
16518, 2017-08-19 06:00:00, 0.0100272
16519, 2017-08-19 07:00:00, 0.0099994
16520, 2017-08-19 08:00:00, 0.00997172
16521, 2017-08-19 09:00:00, 0.00994414
16522, 2017-08-19 10:00:00, 0.00991663
16523, 2017-08-19 11:00:00, 0.00988921
16524, 2017-08-19 12:00:00, 0.00986186
16525, 2017-08-19 13:00:00, 0.00983461
16526, 2017-08-19 14:00:00, 0.00980743
16527, 2017-08-19 15:00:00, 0.00978034
16528, 2017-08-19 16:00:00, 0.00975332
16529, 2017-08-19 17:00:00, 0.00972639
16530, 2017-08-19 18:00:00, 0.00969953
16531, 2017-08-19 19:00:00, 0.00967275
16532, 2017-08-19 20:00:00, 0.00964605
16533, 2017-08-19 21:00:00, 0.00961942
16534, 2017-08-19 22:00:00, 0.00959287
16535, 2017-08-19 23:00:00, 0.0095664
16536, 2017-08-20 00:00:00, 0.00954001
16537, 2017-08-20 01:00:00, 0.00951369
16538, 2017-08-20 02:00:00, 0.00948745
16539, 2017-08-20 03:00:00, 0.00946128
16540, 2017-08-20 04:00:00, 0.0094352
16541, 2017-08-20 05:00:00, 0.00940918
16542, 2017-08-20 06:00:00, 0.00938324
16543, 2017-08-20 07:00:00, 0.00935738
16544, 2017-08-20 08:00:00, 0.00933159
16545, 2017-08-20 09:00:00, 0.00930588
16546, 2017-08-20 10:00:00, 0.00928024
16547, 2017-08-20 11:00:00, 0.00925468
16548, 2017-08-20 12:00:00, 0.00922918
16549, 2017-08-20 13:00:00, 0.00920377
16550, 2017-08-20 14:00:00, 0.00917842
16551, 2017-08-20 15:00:00, 0.00915315
16552, 2017-08-20 16:00:00, 0.00912795
16553, 2017-08-20 17:00:00, 0.00910283
16554, 2017-08-20 18:00:00, 0.00907778
16555, 2017-08-20 19:00:00, 0.0090528
16556, 2017-08-20 20:00:00, 0.00902789
16557, 2017-08-20 21:00:00, 0.00900305
16558, 2017-08-20 22:00:00, 0.00897829
16559, 2017-08-20 23:00:00, 0.0089536
16560, 2017-08-21 00:00:00, 0.00892897
16561, 2017-08-21 01:00:00, 0.00890442
16562, 2017-08-21 02:00:00, 0.00887994
16563, 2017-08-21 03:00:00, 0.00885553
16564, 2017-08-21 04:00:00, 0.00883119
16565, 2017-08-21 05:00:00, 0.00880692
16566, 2017-08-21 06:00:00, 0.00878273
16567, 2017-08-21 07:00:00, 0.0087586
16568, 2017-08-21 08:00:00, 0.00873454
16569, 2017-08-21 09:00:00, 0.00871054
16570, 2017-08-21 10:00:00, 0.00868662
16571, 2017-08-21 11:00:00, 0.00866277
16572, 2017-08-21 12:00:00, 0.00863898
16573, 2017-08-21 13:00:00, 0.00861527
16574, 2017-08-21 14:00:00, 0.00859162
16575, 2017-08-21 15:00:00, 0.00856804
16576, 2017-08-21 16:00:00, 0.00854453
16577, 2017-08-21 17:00:00, 0.00852108
16578, 2017-08-21 18:00:00, 0.0084977
16579, 2017-08-21 19:00:00, 0.00847439
16580, 2017-08-21 20:00:00, 0.00845115
16581, 2017-08-21 21:00:00, 0.00842797
16582, 2017-08-21 22:00:00, 0.00840486
16583, 2017-08-21 23:00:00, 0.00838182
16584, 2017-08-22 00:00:00, 0.00835884
16585, 2017-08-22 01:00:00, 0.00833592
16586, 2017-08-22 02:00:00, 0.00831308
16587, 2017-08-22 03:00:00, 0.0082903
16588, 2017-08-22 04:00:00, 0.00826758
16589, 2017-08-22 05:00:00, 0.00824493
16590, 2017-08-22 06:00:00, 0.00822234
16591, 2017-08-22 07:00:00, 0.00819982
16592, 2017-08-22 08:00:00, 0.00817736
16593, 2017-08-22 09:00:00, 0.00815497
16594, 2017-08-22 10:00:00, 0.00813264
16595, 2017-08-22 11:00:00, 0.00811037
16596, 2017-08-22 12:00:00, 0.00808817
16597, 2017-08-22 13:00:00, 0.00806603
16598, 2017-08-22 14:00:00, 0.00804396
16599, 2017-08-22 15:00:00, 0.00802195
16600, 2017-08-22 16:00:00, 0.008
16601, 2017-08-22 17:00:00, 0.00797811
16602, 2017-08-22 18:00:00, 0.00795629
16603, 2017-08-22 19:00:00, 0.00793452
16604, 2017-08-22 20:00:00, 0.00791282
16605, 2017-08-22 21:00:00, 0.00789119
16606, 2017-08-22 22:00:00, 0.00786961
16607, 2017-08-22 23:00:00, 0.0078481
16608, 2017-08-23 00:00:00, 0.00782664
16609, 2017-08-23 01:00:00, 0.00780525
16610, 2017-08-23 02:00:00, 0.00778392
16611, 2017-08-23 03:00:00, 0.00776265
16612, 2017-08-23 04:00:00, 0.00774144
16613, 2017-08-23 05:00:00, 0.00810245
16614, 2017-08-23 06:00:00, 0.00966606
16615, 2017-08-23 07:00:00, 0.00863221
16616, 2017-08-23 08:00:00, 0.00830926
16617, 2017-08-23 09:00:00, 0.00763629
16618, 2017-08-23 10:00:00, 0.00761544
16619, 2017-08-23 11:00:00, 0.00759465
16620, 2017-08-23 12:00:00, 0.00757392
16621, 2017-08-23 13:00:00, 0.00755324
16622, 2017-08-23 14:00:00, 0.00753263
16623, 2017-08-23 15:00:00, 0.00751207
16624, 2017-08-23 16:00:00, 0.00749158
16625, 2017-08-23 17:00:00, 0.00747114
16626, 2017-08-23 18:00:00, 0.00745076
16627, 2017-08-23 19:00:00, 0.00743043
16628, 2017-08-23 20:00:00, 0.00741017
16629, 2017-08-23 21:00:00, 0.00738996
16630, 2017-08-23 22:00:00, 0.00736981
16631, 2017-08-23 23:00:00, 0.00734971
16632, 2017-08-24 00:00:00, 0.00732968
16633, 2017-08-24 01:00:00, 0.0073097
16634, 2017-08-24 02:00:00, 0.00728977
16635, 2017-08-24 03:00:00, 0.00726991
16636, 2017-08-24 04:00:00, 0.0072501
16637, 2017-08-24 05:00:00, 0.00723034
16638, 2017-08-24 06:00:00, 0.00721064
16639, 2017-08-24 07:00:00, 0.007191
16640, 2017-08-24 08:00:00, 0.00717141
16641, 2017-08-24 09:00:00, 0.00715188
16642, 2017-08-24 10:00:00, 0.0071324
16643, 2017-08-24 11:00:00, 0.00711298
16644, 2017-08-24 12:00:00, 0.00709362
16645, 2017-08-24 13:00:00, 0.0070743
16646, 2017-08-24 14:00:00, 0.00705505
16647, 2017-08-24 15:00:00, 0.00703584
16648, 2017-08-24 16:00:00, 0.0070167
16649, 2017-08-24 17:00:00, 0.0069976
16650, 2017-08-24 18:00:00, 0.00697856
16651, 2017-08-24 19:00:00, 0.00695957
16652, 2017-08-24 20:00:00, 0.00694064
16653, 2017-08-24 21:00:00, 0.00692176
16654, 2017-08-24 22:00:00, 0.00690294
16655, 2017-08-24 23:00:00, 0.00688416
16656, 2017-08-25 00:00:00, 0.00686544
16657, 2017-08-25 01:00:00, 0.00684678
16658, 2017-08-25 02:00:00, 0.00682816
16659, 2017-08-25 03:00:00, 0.0068096
16660, 2017-08-25 04:00:00, 0.00679109
16661, 2017-08-25 05:00:00, 0.00677263
16662, 2017-08-25 06:00:00, 0.00675423
16663, 2017-08-25 07:00:00, 0.00673587
16664, 2017-08-25 08:00:00, 0.00671757
16665, 2017-08-25 09:00:00, 0.00669932
16666, 2017-08-25 10:00:00, 0.00668112
16667, 2017-08-25 11:00:00, 0.00666297
16668, 2017-08-25 12:00:00, 0.00664487
16669, 2017-08-25 13:00:00, 0.00662683
16670, 2017-08-25 14:00:00, 0.00660883
16671, 2017-08-25 15:00:00, 0.00659089
16672, 2017-08-25 16:00:00, 0.00657299
16673, 2017-08-25 17:00:00, 0.00655515
16674, 2017-08-25 18:00:00, 0.00653736
16675, 2017-08-25 19:00:00, 0.00651961
16676, 2017-08-25 20:00:00, 0.00650192
16677, 2017-08-25 21:00:00, 0.00648428
16678, 2017-08-25 22:00:00, 0.00646668
16679, 2017-08-25 23:00:00, 0.00644914
16680, 2017-08-26 00:00:00, 0.00643164
16681, 2017-08-26 01:00:00, 0.00641419
16682, 2017-08-26 02:00:00, 0.0063968
16683, 2017-08-26 03:00:00, 0.00637945
16684, 2017-08-26 04:00:00, 0.00636215
16685, 2017-08-26 05:00:00, 0.0063449
16686, 2017-08-26 06:00:00, 0.00632769
16687, 2017-08-26 07:00:00, 0.00631054
16688, 2017-08-26 08:00:00, 0.00629343
16689, 2017-08-26 09:00:00, 0.00627637
16690, 2017-08-26 10:00:00, 0.00625936
16691, 2017-08-26 11:00:00, 0.0062424
16692, 2017-08-26 12:00:00, 0.00622548
16693, 2017-08-26 13:00:00, 0.00620862
16694, 2017-08-26 14:00:00, 0.00619179
16695, 2017-08-26 15:00:00, 0.00617502
16696, 2017-08-26 16:00:00, 0.00615829
16697, 2017-08-26 17:00:00, 0.00614161
16698, 2017-08-26 18:00:00, 0.00612498
16699, 2017-08-26 19:00:00, 0.00610839
16700, 2017-08-26 20:00:00, 0.00609185
16701, 2017-08-26 21:00:00, 0.00607536
16702, 2017-08-26 22:00:00, 0.00605891
16703, 2017-08-26 23:00:00, 0.00604251
16704, 2017-08-27 00:00:00, 0.00602615
16705, 2017-08-27 01:00:00, 0.00600984
16706, 2017-08-27 02:00:00, 0.00599358
16707, 2017-08-27 03:00:00, 0.00597736
16708, 2017-08-27 04:00:00, 0.00596118
16709, 2017-08-27 05:00:00, 0.00594505
16710, 2017-08-27 06:00:00, 0.00592897
16711, 2017-08-27 07:00:00, 0.00591293
16712, 2017-08-27 08:00:00, 0.00589694
16713, 2017-08-27 09:00:00, 0.00588099
16714, 2017-08-27 10:00:00, 0.00586508
16715, 2017-08-27 11:00:00, 0.00584922
16716, 2017-08-27 12:00:00, 0.00583341
16717, 2017-08-27 13:00:00, 0.00581763
16718, 2017-08-27 14:00:00, 0.00580191
16719, 2017-08-27 15:00:00, 0.00578622
16720, 2017-08-27 16:00:00, 0.00577058
16721, 2017-08-27 17:00:00, 0.00575499
16722, 2017-08-27 18:00:00, 0.00573943
16723, 2017-08-27 19:00:00, 0.00572392
16724, 2017-08-27 20:00:00, 0.00570845
16725, 2017-08-27 21:00:00, 0.00569303
16726, 2017-08-27 22:00:00, 0.00567765
16727, 2017-08-27 23:00:00, 0.00566231
16728, 2017-08-28 00:00:00, 0.00564702
16729, 2017-08-28 01:00:00, 0.00563176
16730, 2017-08-28 02:00:00, 0.00561655
16731, 2017-08-28 03:00:00, 0.00560139
16732, 2017-08-28 04:00:00, 0.00558626
16733, 2017-08-28 05:00:00, 0.00557118
16734, 2017-08-28 06:00:00, 0.00555614
16735, 2017-08-28 07:00:00, 0.00554114
16736, 2017-08-28 08:00:00, 0.00552618
16737, 2017-08-28 09:00:00, 0.00551126
16738, 2017-08-28 10:00:00, 0.00549639
16739, 2017-08-28 11:00:00, 0.00548155
16740, 2017-08-28 12:00:00, 0.00546676
16741, 2017-08-28 13:00:00, 0.00545201
16742, 2017-08-28 14:00:00, 0.0054373
16743, 2017-08-28 15:00:00, 0.00542263
16744, 2017-08-28 16:00:00, 0.005408
16745, 2017-08-28 17:00:00, 0.00539342
16746, 2017-08-28 18:00:00, 0.00537887
16747, 2017-08-28 19:00:00, 0.00536436
16748, 2017-08-28 20:00:00, 0.00534989
16749, 2017-08-28 21:00:00, 0.00533547
16750, 2017-08-28 22:00:00, 0.00532108
16751, 2017-08-28 23:00:00, 0.00530673
16752, 2017-08-29 00:00:00, 0.00529243
16753, 2017-08-29 01:00:00, 0.00527816
16754, 2017-08-29 02:00:00, 0.00526393
16755, 2017-08-29 03:00:00, 0.00524975
16756, 2017-08-29 04:00:00, 0.0052356
16757, 2017-08-29 05:00:00, 0.00522149
16758, 2017-08-29 06:00:00, 0.00520742
16759, 2017-08-29 07:00:00, 0.00519339
16760, 2017-08-29 08:00:00, 0.00517939
16761, 2017-08-29 09:00:00, 0.00516544
16762, 2017-08-29 10:00:00, 0.00515152
16763, 2017-08-29 11:00:00, 0.00513765
16764, 2017-08-29 12:00:00, 0.00512381
16765, 2017-08-29 13:00:00, 0.00511001
16766, 2017-08-29 14:00:00, 0.00509625
16767, 2017-08-29 15:00:00, 0.00508253
16768, 2017-08-29 16:00:00, 0.00506884
16769, 2017-08-29 17:00:00, 0.00505519
16770, 2017-08-29 18:00:00, 0.00504158
16771, 2017-08-29 19:00:00, 0.00502801
16772, 2017-08-29 20:00:00, 0.00501448
16773, 2017-08-29 21:00:00, 0.00500098
16774, 2017-08-29 22:00:00, 0.00498752
16775, 2017-08-29 23:00:00, 0.0049741
16776, 2017-08-30 00:00:00, 0.00496071
16777, 2017-08-30 01:00:00, 0.00494736
16778, 2017-08-30 02:00:00, 0.00493405
16779, 2017-08-30 03:00:00, 0.00502587
16780, 2017-08-30 04:00:00, 0.00649843
16781, 2017-08-30 05:00:00, 0.00696725
16782, 2017-08-30 06:00:00, 0.00618792
16783, 2017-08-30 07:00:00, 0.00565375
16784, 2017-08-30 08:00:00, 0.00589679
16785, 2017-08-30 09:00:00, 0.00659548
16786, 2017-08-30 10:00:00, 0.00587323
16787, 2017-08-30 11:00:00, 0.00534338
16788, 2017-08-30 12:00:00, 0.0048567
16789, 2017-08-30 13:00:00, 0.00479003
16790, 2017-08-30 14:00:00, 0.00477715
16791, 2017-08-30 15:00:00, 0.00476431
16792, 2017-08-30 16:00:00, 0.0047515
16793, 2017-08-30 17:00:00, 0.00473873
16794, 2017-08-30 18:00:00, 0.004726
16795, 2017-08-30 19:00:00, 0.0047133
16796, 2017-08-30 20:00:00, 0.00470063
16797, 2017-08-30 21:00:00, 0.004688
16798, 2017-08-30 22:00:00, 0.00467541
16799, 2017-08-30 23:00:00, 0.00466284
16800, 2017-08-31 00:00:00, 0.00465032
16801, 2017-08-31 01:00:00, 0.00463783
16802, 2017-08-31 02:00:00, 0.00462537
16803, 2017-08-31 03:00:00, 0.00461295
16804, 2017-08-31 04:00:00, 0.00460056
16805, 2017-08-31 05:00:00, 0.0045882
16806, 2017-08-31 06:00:00, 0.00457588
16807, 2017-08-31 07:00:00, 0.00456359
16808, 2017-08-31 08:00:00, 0.00455134
16809, 2017-08-31 09:00:00, 0.00453912
16810, 2017-08-31 10:00:00, 0.00452694
16811, 2017-08-31 11:00:00, 0.00451478
16812, 2017-08-31 12:00:00, 0.00450266
16813, 2017-08-31 13:00:00, 0.00449058
16814, 2017-08-31 14:00:00, 0.00447853
16815, 2017-08-31 15:00:00, 0.00446651
16816, 2017-08-31 16:00:00, 0.00445452
16817, 2017-08-31 17:00:00, 0.00444257
16818, 2017-08-31 18:00:00, 0.00443065
16819, 2017-08-31 19:00:00, 0.00441876
16820, 2017-08-31 20:00:00, 0.00440691
16821, 2017-08-31 21:00:00, 0.00439508
16822, 2017-08-31 22:00:00, 0.0043833
16823, 2017-08-31 23:00:00, 0.00437154
16824, 2017-09-01 00:00:00, 0.00435981
16825, 2017-09-01 01:00:00, 0.00434812
16826, 2017-09-01 02:00:00, 0.00433646
16827, 2017-09-01 03:00:00, 0.00432483
16828, 2017-09-01 04:00:00, 0.00431323
16829, 2017-09-01 05:00:00, 0.00430167
16830, 2017-09-01 06:00:00, 0.00429014
16831, 2017-09-01 07:00:00, 0.00427863
16832, 2017-09-01 08:00:00, 0.00426716
16833, 2017-09-01 09:00:00, 0.00425573
16834, 2017-09-01 10:00:00, 0.00424432
16835, 2017-09-01 11:00:00, 0.00423294
16836, 2017-09-01 12:00:00, 0.0042216
16837, 2017-09-01 13:00:00, 0.00421029
16838, 2017-09-01 14:00:00, 0.004199
16839, 2017-09-01 15:00:00, 0.00418775
16840, 2017-09-01 16:00:00, 0.00417653
16841, 2017-09-01 17:00:00, 0.00416534
16842, 2017-09-01 18:00:00, 0.00415418
16843, 2017-09-01 19:00:00, 0.00414305
16844, 2017-09-01 20:00:00, 0.00413196
16845, 2017-09-01 21:00:00, 0.00412089
16846, 2017-09-01 22:00:00, 0.00410985
16847, 2017-09-01 23:00:00, 0.00409884
16848, 2017-09-02 00:00:00, 0.00408787
16849, 2017-09-02 01:00:00, 0.00407692
16850, 2017-09-02 02:00:00, 0.004066
16851, 2017-09-02 03:00:00, 0.00405511
16852, 2017-09-02 04:00:00, 0.00404426
16853, 2017-09-02 05:00:00, 0.00403343
16854, 2017-09-02 06:00:00, 0.00402263
16855, 2017-09-02 07:00:00, 0.00401186
16856, 2017-09-02 08:00:00, 0.00400112
16857, 2017-09-02 09:00:00, 0.00399042
16858, 2017-09-02 10:00:00, 0.00397973
16859, 2017-09-02 11:00:00, 0.00396908
16860, 2017-09-02 12:00:00, 0.00395846
16861, 2017-09-02 13:00:00, 0.00394787
16862, 2017-09-02 14:00:00, 0.00393731
16863, 2017-09-02 15:00:00, 0.00392677
16864, 2017-09-02 16:00:00, 0.00391626
16865, 2017-09-02 17:00:00, 0.00390579
16866, 2017-09-02 18:00:00, 0.00389534
16867, 2017-09-02 19:00:00, 0.00388492
16868, 2017-09-02 20:00:00, 0.00387453
16869, 2017-09-02 21:00:00, 0.00386416
16870, 2017-09-02 22:00:00, 0.00385383
16871, 2017-09-02 23:00:00, 0.00384352
16872, 2017-09-03 00:00:00, 0.00383324
16873, 2017-09-03 01:00:00, 0.00382299
16874, 2017-09-03 02:00:00, 0.00381277
16875, 2017-09-03 03:00:00, 0.00380257
16876, 2017-09-03 04:00:00, 0.00379241
16877, 2017-09-03 05:00:00, 0.00378227
16878, 2017-09-03 06:00:00, 0.00450114
16879, 2017-09-03 07:00:00, 0.00630534
16880, 2017-09-03 08:00:00, 0.00577873
16881, 2017-09-03 09:00:00, 0.00489005
16882, 2017-09-03 10:00:00, 0.00400697
16883, 2017-09-03 11:00:00, 0.00372201
16884, 2017-09-03 12:00:00, 0.00372676
16885, 2017-09-03 13:00:00, 0.0075909
16886, 2017-09-03 14:00:00, 0.00573421
16887, 2017-09-03 15:00:00, 0.0052177
16888, 2017-09-03 16:00:00, 0.00377147
16889, 2017-09-03 17:00:00, 0.00366273
16890, 2017-09-03 18:00:00, 0.00365673
16891, 2017-09-03 19:00:00, 0.00406585
16892, 2017-09-03 20:00:00, 0.00693825
16893, 2017-09-03 21:00:00, 0.0101626
16894, 2017-09-03 22:00:00, 0.00700539
16895, 2017-09-03 23:00:00, 0.00541214
16896, 2017-09-04 00:00:00, 0.00359479
16897, 2017-09-04 01:00:00, 0.00358519
16898, 2017-09-04 02:00:00, 0.00357562
16899, 2017-09-04 03:00:00, 0.00356607
16900, 2017-09-04 04:00:00, 0.00355655
16901, 2017-09-04 05:00:00, 0.00354705
16902, 2017-09-04 06:00:00, 0.00353758
16903, 2017-09-04 07:00:00, 0.00352814
16904, 2017-09-04 08:00:00, 0.00351872
16905, 2017-09-04 09:00:00, 0.00350933
16906, 2017-09-04 10:00:00, 0.00349996
16907, 2017-09-04 11:00:00, 0.00349062
16908, 2017-09-04 12:00:00, 0.0034813
16909, 2017-09-04 13:00:00, 0.00347201
16910, 2017-09-04 14:00:00, 0.00346274
16911, 2017-09-04 15:00:00, 0.0034535
16912, 2017-09-04 16:00:00, 0.00344428
16913, 2017-09-04 17:00:00, 0.00343509
16914, 2017-09-04 18:00:00, 0.00342593
16915, 2017-09-04 19:00:00, 0.00341679
16916, 2017-09-04 20:00:00, 0.00340767
16917, 2017-09-04 21:00:00, 0.00339858
16918, 2017-09-04 22:00:00, 0.00338951
16919, 2017-09-04 23:00:00, 0.00338047
16920, 2017-09-05 00:00:00, 0.00337146
16921, 2017-09-05 01:00:00, 0.00336246
16922, 2017-09-05 02:00:00, 0.00335349
16923, 2017-09-05 03:00:00, 0.00334455
16924, 2017-09-05 04:00:00, 0.00333563
16925, 2017-09-05 05:00:00, 0.00332674
16926, 2017-09-05 06:00:00, 0.00331786
16927, 2017-09-05 07:00:00, 0.00330902
16928, 2017-09-05 08:00:00, 0.00330019
16929, 2017-09-05 09:00:00, 0.00329139
16930, 2017-09-05 10:00:00, 0.00328263
16931, 2017-09-05 11:00:00, 0.0032739
16932, 2017-09-05 12:00:00, 0.00326515
16933, 2017-09-05 13:00:00, 0.00325644
16934, 2017-09-05 14:00:00, 0.00324776
16935, 2017-09-05 15:00:00, 0.0032391
16936, 2017-09-05 16:00:00, 0.00323047
16937, 2017-09-05 17:00:00, 0.00322186
16938, 2017-09-05 18:00:00, 0.00321327
16939, 2017-09-05 19:00:00, 0.00320471
16940, 2017-09-05 20:00:00, 0.00319617
16941, 2017-09-05 21:00:00, 0.00318765
16942, 2017-09-05 22:00:00, 0.00317916
16943, 2017-09-05 23:00:00, 0.00317068
16944, 2017-09-06 00:00:00, 0.00316224
16945, 2017-09-06 01:00:00, 0.00315381
16946, 2017-09-06 02:00:00, 0.00314541
16947, 2017-09-06 03:00:00, 0.00313703
16948, 2017-09-06 04:00:00, 0.00312867
16949, 2017-09-06 05:00:00, 0.00312034
16950, 2017-09-06 06:00:00, 0.00311203
16951, 2017-09-06 07:00:00, 0.00310374
16952, 2017-09-06 08:00:00, 0.00309547
16953, 2017-09-06 09:00:00, 0.00308723
16954, 2017-09-06 10:00:00, 0.00307903
16955, 2017-09-06 11:00:00, 0.00307085
16956, 2017-09-06 12:00:00, 0.00306265
16957, 2017-09-06 13:00:00, 0.00305449
16958, 2017-09-06 14:00:00, 0.00304634
16959, 2017-09-06 15:00:00, 0.242863
16960, 2017-09-06 16:00:00, 0.112336
16961, 2017-09-06 17:00:00, 0.0903649
16962, 2017-09-06 18:00:00, 0.00312111
16963, 2017-09-06 19:00:00, 0.00300601
16964, 2017-09-06 20:00:00, 0.00299801
16965, 2017-09-06 21:00:00, 0.00299003
16966, 2017-09-06 22:00:00, 0.00299074
16967, 2017-09-06 23:00:00, 0.0037047
16968, 2017-09-07 00:00:00, 0.00836445
16969, 2017-09-07 01:00:00, 0.0416239
16970, 2017-09-07 02:00:00, 0.0306483
16971, 2017-09-07 03:00:00, 0.0210187
16972, 2017-09-07 04:00:00, 0.0496011
16973, 2017-09-07 05:00:00, 0.159777
16974, 2017-09-07 06:00:00, 0.0943738
16975, 2017-09-07 07:00:00, 0.060711
16976, 2017-09-07 08:00:00, 0.00863938
16977, 2017-09-07 09:00:00, 0.00354976
16978, 2017-09-07 10:00:00, 0.00288823
16979, 2017-09-07 11:00:00, 0.00288055
16980, 2017-09-07 12:00:00, 0.00287288
16981, 2017-09-07 13:00:00, 0.00286524
16982, 2017-09-07 14:00:00, 0.00285762
16983, 2017-09-07 15:00:00, 0.00285002
16984, 2017-09-07 16:00:00, 0.00284244
16985, 2017-09-07 17:00:00, 0.00283488
16986, 2017-09-07 18:00:00, 0.00282734
16987, 2017-09-07 19:00:00, 0.00281982
16988, 2017-09-07 20:00:00, 0.00281233
16989, 2017-09-07 21:00:00, 0.00280485
16990, 2017-09-07 22:00:00, 0.00279739
16991, 2017-09-07 23:00:00, 0.00278995
16992, 2017-09-08 00:00:00, 0.00278253
16993, 2017-09-08 01:00:00, 0.00277514
16994, 2017-09-08 02:00:00, 0.00276776
16995, 2017-09-08 03:00:00, 0.0027604
16996, 2017-09-08 04:00:00, 0.00275306
16997, 2017-09-08 05:00:00, 0.00274574
16998, 2017-09-08 06:00:00, 0.00273845
16999, 2017-09-08 07:00:00, 0.00273117
17000, 2017-09-08 08:00:00, 0.00272391
17001, 2017-09-08 09:00:00, 0.00271667
17002, 2017-09-08 10:00:00, 0.00270945
17003, 2017-09-08 11:00:00, 0.00270225
17004, 2017-09-08 12:00:00, 0.00269507
17005, 2017-09-08 13:00:00, 0.00268791
17006, 2017-09-08 14:00:00, 0.00268076
17007, 2017-09-08 15:00:00, 0.00267364
17008, 2017-09-08 16:00:00, 0.00266654
17009, 2017-09-08 17:00:00, 0.00265945
17010, 2017-09-08 18:00:00, 0.00265239
17011, 2017-09-08 19:00:00, 0.00264534
17012, 2017-09-08 20:00:00, 0.00263831
17013, 2017-09-08 21:00:00, 0.0026313
17014, 2017-09-08 22:00:00, 0.00262432
17015, 2017-09-08 23:00:00, 0.00261734
17016, 2017-09-09 00:00:00, 0.00261039
17017, 2017-09-09 01:00:00, 0.00260346
17018, 2017-09-09 02:00:00, 0.00259654
17019, 2017-09-09 03:00:00, 0.00258965
17020, 2017-09-09 04:00:00, 0.00258277
17021, 2017-09-09 05:00:00, 0.00257591
17022, 2017-09-09 06:00:00, 0.00256907
17023, 2017-09-09 07:00:00, 0.00256225
17024, 2017-09-09 08:00:00, 0.00255545
17025, 2017-09-09 09:00:00, 0.00254866
17026, 2017-09-09 10:00:00, 0.00254189
17027, 2017-09-09 11:00:00, 0.00253514
17028, 2017-09-09 12:00:00, 0.00252841
17029, 2017-09-09 13:00:00, 0.0025217
17030, 2017-09-09 14:00:00, 0.00251501
17031, 2017-09-09 15:00:00, 0.00250833
17032, 2017-09-09 16:00:00, 0.00250167
17033, 2017-09-09 17:00:00, 0.00249503
17034, 2017-09-09 18:00:00, 0.00248841
17035, 2017-09-09 19:00:00, 0.0024818
17036, 2017-09-09 20:00:00, 0.00247522
17037, 2017-09-09 21:00:00, 0.00246865
17038, 2017-09-09 22:00:00, 0.0024621
17039, 2017-09-09 23:00:00, 0.00245556
17040, 2017-09-10 00:00:00, 0.00244905
17041, 2017-09-10 01:00:00, 0.00244255
17042, 2017-09-10 02:00:00, 0.00243607
17043, 2017-09-10 03:00:00, 0.0024296
17044, 2017-09-10 04:00:00, 0.00242315
17045, 2017-09-10 05:00:00, 0.00241673
17046, 2017-09-10 06:00:00, 0.00241031
17047, 2017-09-10 07:00:00, 0.00240392
17048, 2017-09-10 08:00:00, 0.00239754
17049, 2017-09-10 09:00:00, 0.00239118
17050, 2017-09-10 10:00:00, 0.00238484
17051, 2017-09-10 11:00:00, 0.00237851
17052, 2017-09-10 12:00:00, 0.0023722
17053, 2017-09-10 13:00:00, 0.00236591
17054, 2017-09-10 14:00:00, 0.00235963
17055, 2017-09-10 15:00:00, 0.00235338
17056, 2017-09-10 16:00:00, 0.00234713
17057, 2017-09-10 17:00:00, 0.00234091
17058, 2017-09-10 18:00:00, 0.0023347
17059, 2017-09-10 19:00:00, 0.00232851
17060, 2017-09-10 20:00:00, 0.00232233
17061, 2017-09-10 21:00:00, 0.00231618
17062, 2017-09-10 22:00:00, 0.00231003
17063, 2017-09-10 23:00:00, 0.00230391
17064, 2017-09-11 00:00:00, 0.0022978
17065, 2017-09-11 01:00:00, 0.00229171
17066, 2017-09-11 02:00:00, 0.00228563
17067, 2017-09-11 03:00:00, 0.00227957
17068, 2017-09-11 04:00:00, 0.00227353
17069, 2017-09-11 05:00:00, 0.0022675
17070, 2017-09-11 06:00:00, 0.00226149
17071, 2017-09-11 07:00:00, 0.0022555
17072, 2017-09-11 08:00:00, 0.00224952
17073, 2017-09-11 09:00:00, 0.00224355
17074, 2017-09-11 10:00:00, 0.00223761
17075, 2017-09-11 11:00:00, 0.00223168
17076, 2017-09-11 12:00:00, 0.00222576
17077, 2017-09-11 13:00:00, 0.00221986
17078, 2017-09-11 14:00:00, 0.00221398
17079, 2017-09-11 15:00:00, 0.00220811
17080, 2017-09-11 16:00:00, 0.00220226
17081, 2017-09-11 17:00:00, 0.00219642
17082, 2017-09-11 18:00:00, 0.0021906
17083, 2017-09-11 19:00:00, 0.0021848
17084, 2017-09-11 20:00:00, 0.00217901
17085, 2017-09-11 21:00:00, 0.00217324
17086, 2017-09-11 22:00:00, 0.00216748
17087, 2017-09-11 23:00:00, 0.00216173
17088, 2017-09-12 00:00:00, 0.00215601
17089, 2017-09-12 01:00:00, 0.0021503
17090, 2017-09-12 02:00:00, 0.0021446
17091, 2017-09-12 03:00:00, 0.00213892
17092, 2017-09-12 04:00:00, 0.00213325
17093, 2017-09-12 05:00:00, 0.0021276
17094, 2017-09-12 06:00:00, 0.00212196
17095, 2017-09-12 07:00:00, 0.00211634
17096, 2017-09-12 08:00:00, 0.00211074
17097, 2017-09-12 09:00:00, 0.00210515
17098, 2017-09-12 10:00:00, 0.00209957
17099, 2017-09-12 11:00:00, 0.00209401
17100, 2017-09-12 12:00:00, 0.00208847
17101, 2017-09-12 13:00:00, 0.00208293
17102, 2017-09-12 14:00:00, 0.00207742
17103, 2017-09-12 15:00:00, 0.00207192
17104, 2017-09-12 16:00:00, 0.00206643
17105, 2017-09-12 17:00:00, 0.00206096
17106, 2017-09-12 18:00:00, 0.0020555
17107, 2017-09-12 19:00:00, 0.00205006
17108, 2017-09-12 20:00:00, 0.00204463
17109, 2017-09-12 21:00:00, 0.00203922
17110, 2017-09-12 22:00:00, 0.00203382
17111, 2017-09-12 23:00:00, 0.00202843
17112, 2017-09-13 00:00:00, 0.00202306
17113, 2017-09-13 01:00:00, 0.00201771
17114, 2017-09-13 02:00:00, 0.00201237
17115, 2017-09-13 03:00:00, 0.00200704
17116, 2017-09-13 04:00:00, 0.00200173
17117, 2017-09-13 05:00:00, 0.00199643
17118, 2017-09-13 06:00:00, 0.00199114
17119, 2017-09-13 07:00:00, 0.00198587
17120, 2017-09-13 08:00:00, 0.00198062
17121, 2017-09-13 09:00:00, 0.00197537
17122, 2017-09-13 10:00:00, 0.00197015
17123, 2017-09-13 11:00:00, 0.00196493
17124, 2017-09-13 12:00:00, 0.00195973
17125, 2017-09-13 13:00:00, 0.00195455
17126, 2017-09-13 14:00:00, 0.00194937
17127, 2017-09-13 15:00:00, 0.00194422
17128, 2017-09-13 16:00:00, 0.00193907
17129, 2017-09-13 17:00:00, 0.00193394
17130, 2017-09-13 18:00:00, 0.00192882
17131, 2017-09-13 19:00:00, 0.00192372
17132, 2017-09-13 20:00:00, 0.00191863
17133, 2017-09-13 21:00:00, 0.00191355
17134, 2017-09-13 22:00:00, 0.00190849
17135, 2017-09-13 23:00:00, 0.00190344
17136, 2017-09-14 00:00:00, 0.0018984
17137, 2017-09-14 01:00:00, 0.00189338
17138, 2017-09-14 02:00:00, 0.00188837
17139, 2017-09-14 03:00:00, 0.00188338
17140, 2017-09-14 04:00:00, 0.0018784
17141, 2017-09-14 05:00:00, 0.00187343
17142, 2017-09-14 06:00:00, 0.00186847
17143, 2017-09-14 07:00:00, 0.00186353
17144, 2017-09-14 08:00:00, 0.0018586
17145, 2017-09-14 09:00:00, 0.00185369
17146, 2017-09-14 10:00:00, 0.00184878
17147, 2017-09-14 11:00:00, 0.00184389
17148, 2017-09-14 12:00:00, 0.00183902
17149, 2017-09-14 13:00:00, 0.00183415
17150, 2017-09-14 14:00:00, 0.0018293
17151, 2017-09-14 15:00:00, 0.00182446
17152, 2017-09-14 16:00:00, 0.00181964
17153, 2017-09-14 17:00:00, 0.00181483
17154, 2017-09-14 18:00:00, 0.00181003
17155, 2017-09-14 19:00:00, 0.00180524
17156, 2017-09-14 20:00:00, 0.00180047
17157, 2017-09-14 21:00:00, 0.00179571
17158, 2017-09-14 22:00:00, 0.00179096
17159, 2017-09-14 23:00:00, 0.00178623
17160, 2017-09-15 00:00:00, 0.0017815
17161, 2017-09-15 01:00:00, 0.00177679
17162, 2017-09-15 02:00:00, 0.0017721
17163, 2017-09-15 03:00:00, 0.00176741
17164, 2017-09-15 04:00:00, 0.00176277
17165, 2017-09-15 05:00:00, 0.00175809
17166, 2017-09-15 06:00:00, 0.00175344
17167, 2017-09-15 07:00:00, 0.0017488
17168, 2017-09-15 08:00:00, 0.00174418
17169, 2017-09-15 09:00:00, 0.00173957
17170, 2017-09-15 10:00:00, 0.00173498
17171, 2017-09-15 11:00:00, 0.00173038
17172, 2017-09-15 12:00:00, 0.00172581
17173, 2017-09-15 13:00:00, 0.00172125
17174, 2017-09-15 14:00:00, 0.0017167
17175, 2017-09-15 15:00:00, 0.00171216
17176, 2017-09-15 16:00:00, 0.00170764
17177, 2017-09-15 17:00:00, 0.00170312
17178, 2017-09-15 18:00:00, 0.00169862
17179, 2017-09-15 19:00:00, 0.00169413
17180, 2017-09-15 20:00:00, 0.00168966
17181, 2017-09-15 21:00:00, 0.00168519
17182, 2017-09-15 22:00:00, 0.00168074
17183, 2017-09-15 23:00:00, 0.0016763
17184, 2017-09-16 00:00:00, 0.00167187
17185, 2017-09-16 01:00:00, 0.00166745
17186, 2017-09-16 02:00:00, 0.00166305
17187, 2017-09-16 03:00:00, 0.00165865
17188, 2017-09-16 04:00:00, 0.00165427
17189, 2017-09-16 05:00:00, 0.0016499
17190, 2017-09-16 06:00:00, 0.00164554
17191, 2017-09-16 07:00:00, 0.0016412
17192, 2017-09-16 08:00:00, 0.00163686
17193, 2017-09-16 09:00:00, 0.00163255
17194, 2017-09-16 10:00:00, 0.00162825
17195, 2017-09-16 11:00:00, 0.00162394
17196, 2017-09-16 12:00:00, 0.00161964
17197, 2017-09-16 13:00:00, 0.00161535
17198, 2017-09-16 14:00:00, 0.00161109
17199, 2017-09-16 15:00:00, 0.00160683
17200, 2017-09-16 16:00:00, 0.00160259
17201, 2017-09-16 17:00:00, 0.00159835
17202, 2017-09-16 18:00:00, 0.00159413
17203, 2017-09-16 19:00:00, 0.00158992
17204, 2017-09-16 20:00:00, 0.00158572
17205, 2017-09-16 21:00:00, 0.00158154
17206, 2017-09-16 22:00:00, 0.00157736
17207, 2017-09-16 23:00:00, 0.00157319
17208, 2017-09-17 00:00:00, 0.00156904
17209, 2017-09-17 01:00:00, 0.0015649
17210, 2017-09-17 02:00:00, 0.00156076
17211, 2017-09-17 03:00:00, 0.00155664
17212, 2017-09-17 04:00:00, 0.00155253
17213, 2017-09-17 05:00:00, 0.00154843
17214, 2017-09-17 06:00:00, 0.00154435
17215, 2017-09-17 07:00:00, 0.00154027
17216, 2017-09-17 08:00:00, 0.00153621
17217, 2017-09-17 09:00:00, 0.00153216
17218, 2017-09-17 10:00:00, 0.00152813
17219, 2017-09-17 11:00:00, 0.00152408
17220, 2017-09-17 12:00:00, 0.00152005
17221, 2017-09-17 13:00:00, 0.00151603
17222, 2017-09-17 14:00:00, 0.00151203
17223, 2017-09-17 15:00:00, 0.00150804
17224, 2017-09-17 16:00:00, 0.00150406
17225, 2017-09-17 17:00:00, 0.00150009
17226, 2017-09-17 18:00:00, 0.00149613
17227, 2017-09-17 19:00:00, 0.00149218
17228, 2017-09-17 20:00:00, 0.00148824
17229, 2017-09-17 21:00:00, 0.00148431
17230, 2017-09-17 22:00:00, 0.0014804
17231, 2017-09-17 23:00:00, 0.00147649
17232, 2017-09-18 00:00:00, 0.00147259
17233, 2017-09-18 01:00:00, 0.0014687
17234, 2017-09-18 02:00:00, 0.00146483
17235, 2017-09-18 03:00:00, 0.00146096
17236, 2017-09-18 04:00:00, 0.0014571
17237, 2017-09-18 05:00:00, 0.00145326
17238, 2017-09-18 06:00:00, 0.00144942
17239, 2017-09-18 07:00:00, 0.0014456
17240, 2017-09-18 08:00:00, 0.00144179
17241, 2017-09-18 09:00:00, 0.00143798
17242, 2017-09-18 10:00:00, 0.00143419
17243, 2017-09-18 11:00:00, 0.0014304
17244, 2017-09-18 12:00:00, 0.00142663
17245, 2017-09-18 13:00:00, 0.00142286
17246, 2017-09-18 14:00:00, 0.00141911
17247, 2017-09-18 15:00:00, 0.00141537
17248, 2017-09-18 16:00:00, 0.00141163
17249, 2017-09-18 17:00:00, 0.00140791
17250, 2017-09-18 18:00:00, 0.00140419
17251, 2017-09-18 19:00:00, 0.00140049
17252, 2017-09-18 20:00:00, 0.00139679
17253, 2017-09-18 21:00:00, 0.00139311
17254, 2017-09-18 22:00:00, 0.00138943
17255, 2017-09-18 23:00:00, 0.00138577
17256, 2017-09-19 00:00:00, 0.00138211
17257, 2017-09-19 01:00:00, 0.00137847
17258, 2017-09-19 02:00:00, 0.00137483
17259, 2017-09-19 03:00:00, 0.0013712
17260, 2017-09-19 04:00:00, 0.00136759
17261, 2017-09-19 05:00:00, 0.00136398
17262, 2017-09-19 06:00:00, 0.00136038
17263, 2017-09-19 07:00:00, 0.00135679
17264, 2017-09-19 08:00:00, 0.00135322
17265, 2017-09-19 09:00:00, 0.00134965
17266, 2017-09-19 10:00:00, 0.00134609
17267, 2017-09-19 11:00:00, 0.00134254
17268, 2017-09-19 12:00:00, 0.001339
17269, 2017-09-19 13:00:00, 0.00133547
17270, 2017-09-19 14:00:00, 0.00134238
17271, 2017-09-19 15:00:00, 0.00133317
17272, 2017-09-19 16:00:00, 0.00132872
17273, 2017-09-19 17:00:00, 0.00132143
17274, 2017-09-19 18:00:00, 0.00131795
17275, 2017-09-19 19:00:00, 0.00131447
17276, 2017-09-19 20:00:00, 0.00131101
17277, 2017-09-19 21:00:00, 0.00130755
17278, 2017-09-19 22:00:00, 0.0013041
17279, 2017-09-19 23:00:00, 0.00130067
17280, 2017-09-20 00:00:00, 0.00129724
17281, 2017-09-20 01:00:00, 0.00129382
17282, 2017-09-20 02:00:00, 0.0012904
17283, 2017-09-20 03:00:00, 0.001287
17284, 2017-09-20 04:00:00, 0.00128361
17285, 2017-09-20 05:00:00, 0.00128022
17286, 2017-09-20 06:00:00, 0.00127685
17287, 2017-09-20 07:00:00, 0.00127348
17288, 2017-09-20 08:00:00, 0.00127013
17289, 2017-09-20 09:00:00, 0.00210381
17290, 2017-09-20 10:00:00, 0.00167644
17291, 2017-09-20 11:00:00, 0.00157927
17292, 2017-09-20 12:00:00, 0.00126862
17293, 2017-09-20 13:00:00, 0.00125347
17294, 2017-09-20 14:00:00, 0.00125017
17295, 2017-09-20 15:00:00, 0.00124687
17296, 2017-09-20 16:00:00, 0.00124359
17297, 2017-09-20 17:00:00, 0.00124031
17298, 2017-09-20 18:00:00, 0.00123704
17299, 2017-09-20 19:00:00, 0.00123378
17300, 2017-09-20 20:00:00, 0.00123053
17301, 2017-09-20 21:00:00, 0.00122728
17302, 2017-09-20 22:00:00, 0.00122405
17303, 2017-09-20 23:00:00, 0.00122082
17304, 2017-09-21 00:00:00, 0.00121761
17305, 2017-09-21 01:00:00, 0.0012144
17306, 2017-09-21 02:00:00, 0.0012112
17307, 2017-09-21 03:00:00, 0.00120801
17308, 2017-09-21 04:00:00, 0.00120482
17309, 2017-09-21 05:00:00, 0.00120165
17310, 2017-09-21 06:00:00, 0.00119848
17311, 2017-09-21 07:00:00, 0.00119532
17312, 2017-09-21 08:00:00, 0.00119217
17313, 2017-09-21 09:00:00, 0.00118903
17314, 2017-09-21 10:00:00, 0.0011859
17315, 2017-09-21 11:00:00, 0.00118277
17316, 2017-09-21 12:00:00, 0.00117966
17317, 2017-09-21 13:00:00, 0.00117655
17318, 2017-09-21 14:00:00, 0.00117345
17319, 2017-09-21 15:00:00, 0.00117036
17320, 2017-09-21 16:00:00, 0.00116727
17321, 2017-09-21 17:00:00, 0.0011642
17322, 2017-09-21 18:00:00, 0.00116113
17323, 2017-09-21 19:00:00, 0.00115807
17324, 2017-09-21 20:00:00, 0.00115502
17325, 2017-09-21 21:00:00, 0.00115198
17326, 2017-09-21 22:00:00, 0.00114894
17327, 2017-09-21 23:00:00, 0.00114592
17328, 2017-09-22 00:00:00, 0.0011429
17329, 2017-09-22 01:00:00, 0.00113989
17330, 2017-09-22 02:00:00, 0.00113688
17331, 2017-09-22 03:00:00, 0.00113389
17332, 2017-09-22 04:00:00, 0.0011309
17333, 2017-09-22 05:00:00, 0.00112792
17334, 2017-09-22 06:00:00, 0.00112495
17335, 2017-09-22 07:00:00, 0.00112199
17336, 2017-09-22 08:00:00, 0.00111903
17337, 2017-09-22 09:00:00, 0.00111609
17338, 2017-09-22 10:00:00, 0.00111315
17339, 2017-09-22 11:00:00, 0.00111021
17340, 2017-09-22 12:00:00, 0.00110729
17341, 2017-09-22 13:00:00, 0.00110437
17342, 2017-09-22 14:00:00, 0.00110146
17343, 2017-09-22 15:00:00, 0.00109856
17344, 2017-09-22 16:00:00, 0.00109567
17345, 2017-09-22 17:00:00, 0.00109279
17346, 2017-09-22 18:00:00, 0.00108991
17347, 2017-09-22 19:00:00, 0.00108704
17348, 2017-09-22 20:00:00, 0.00108417
17349, 2017-09-22 21:00:00, 0.00108132
17350, 2017-09-22 22:00:00, 0.00107847
17351, 2017-09-22 23:00:00, 0.00107563
17352, 2017-09-23 00:00:00, 0.0010728
17353, 2017-09-23 01:00:00, 0.00106997
17354, 2017-09-23 02:00:00, 0.00106716
17355, 2017-09-23 03:00:00, 0.00106435
17356, 2017-09-23 04:00:00, 0.00106154
17357, 2017-09-23 05:00:00, 0.00105875
17358, 2017-09-23 06:00:00, 0.00105596
17359, 2017-09-23 07:00:00, 0.00105318
17360, 2017-09-23 08:00:00, 0.00105041
17361, 2017-09-23 09:00:00, 0.00104764
17362, 2017-09-23 10:00:00, 0.00104488
17363, 2017-09-23 11:00:00, 0.00104213
17364, 2017-09-23 12:00:00, 0.00103939
17365, 2017-09-23 13:00:00, 0.00103665
17366, 2017-09-23 14:00:00, 0.00103392
17367, 2017-09-23 15:00:00, 0.0010312
17368, 2017-09-23 16:00:00, 0.00102849
17369, 2017-09-23 17:00:00, 0.00102578
17370, 2017-09-23 18:00:00, 0.00102308
17371, 2017-09-23 19:00:00, 0.00102038
17372, 2017-09-23 20:00:00, 0.0010177
17373, 2017-09-23 21:00:00, 0.00101502
17374, 2017-09-23 22:00:00, 0.00101235
17375, 2017-09-23 23:00:00, 0.00100968
17376, 2017-09-24 00:00:00, 0.00100702
17377, 2017-09-24 01:00:00, 0.00100437
17378, 2017-09-24 02:00:00, 0.00100173
17379, 2017-09-24 03:00:00, 0.000999093
17380, 2017-09-24 04:00:00, 0.000996464
17381, 2017-09-24 05:00:00, 0.000993841
17382, 2017-09-24 06:00:00, 0.000991225
17383, 2017-09-24 07:00:00, 0.000988616
17384, 2017-09-24 08:00:00, 0.000986014
17385, 2017-09-24 09:00:00, 0.000983419
17386, 2017-09-24 10:00:00, 0.00098083
17387, 2017-09-24 11:00:00, 0.000978249
17388, 2017-09-24 12:00:00, 0.000975674
17389, 2017-09-24 13:00:00, 0.000973106
17390, 2017-09-24 14:00:00, 0.000970545
17391, 2017-09-24 15:00:00, 0.000967991
17392, 2017-09-24 16:00:00, 0.000965444
17393, 2017-09-24 17:00:00, 0.000962903
17394, 2017-09-24 18:00:00, 0.000960369
17395, 2017-09-24 19:00:00, 0.000957842
17396, 2017-09-24 20:00:00, 0.000955321
17397, 2017-09-24 21:00:00, 0.000952807
17398, 2017-09-24 22:00:00, 0.0009503
17399, 2017-09-24 23:00:00, 0.000947799
17400, 2017-09-25 00:00:00, 0.000945305
17401, 2017-09-25 01:00:00, 0.000942817
17402, 2017-09-25 02:00:00, 0.000940336
17403, 2017-09-25 03:00:00, 0.000937862
17404, 2017-09-25 04:00:00, 0.000935394
17405, 2017-09-25 05:00:00, 0.000932933
17406, 2017-09-25 06:00:00, 0.000930478
17407, 2017-09-25 07:00:00, 0.00092803
17408, 2017-09-25 08:00:00, 0.000925588
17409, 2017-09-25 09:00:00, 0.000923153
17410, 2017-09-25 10:00:00, 0.000920724
17411, 2017-09-25 11:00:00, 0.000918302
17412, 2017-09-25 12:00:00, 0.000915886
17413, 2017-09-25 13:00:00, 0.000913476
17414, 2017-09-25 14:00:00, 0.000911073
17415, 2017-09-25 15:00:00, 0.000908676
17416, 2017-09-25 16:00:00, 0.000906285
17417, 2017-09-25 17:00:00, 0.000903901
17418, 2017-09-25 18:00:00, 0.000901523
17419, 2017-09-25 19:00:00, 0.000899151
17420, 2017-09-25 20:00:00, 0.000896786
17421, 2017-09-25 21:00:00, 0.000894427
17422, 2017-09-25 22:00:00, 0.000892074
17423, 2017-09-25 23:00:00, 0.000889727
17424, 2017-09-26 00:00:00, 0.000887387
17425, 2017-09-26 01:00:00, 0.000885052
17426, 2017-09-26 02:00:00, 0.000882724
17427, 2017-09-26 03:00:00, 0.000880402
17428, 2017-09-26 04:00:00, 0.000878086
17429, 2017-09-26 05:00:00, 0.000875777
17430, 2017-09-26 06:00:00, 0.00087349
17431, 2017-09-26 07:00:00, 0.0008712
17432, 2017-09-26 08:00:00, 0.000868911
17433, 2017-09-26 09:00:00, 0.000866622
17434, 2017-09-26 10:00:00, 0.000864349
17435, 2017-09-26 11:00:00, 0.000862059
17436, 2017-09-26 12:00:00, 0.000859786
17437, 2017-09-26 13:00:00, 0.000857517
17438, 2017-09-26 14:00:00, 0.000855262
17439, 2017-09-26 15:00:00, 0.000853013
17440, 2017-09-26 16:00:00, 0.000850769
17441, 2017-09-26 17:00:00, 0.000848532
17442, 2017-09-26 18:00:00, 0.0008463
17443, 2017-09-26 19:00:00, 0.000844074
17444, 2017-09-26 20:00:00, 0.000841854
17445, 2017-09-26 21:00:00, 0.00083964
17446, 2017-09-26 22:00:00, 0.000837432
17447, 2017-09-26 23:00:00, 0.00083523
17448, 2017-09-27 00:00:00, 0.000833034
17449, 2017-09-27 01:00:00, 0.000830843
17450, 2017-09-27 02:00:00, 0.000828658
17451, 2017-09-27 03:00:00, 0.000826479
17452, 2017-09-27 04:00:00, 0.000824306
17453, 2017-09-27 05:00:00, 0.000822138
17454, 2017-09-27 06:00:00, 0.000819976
17455, 2017-09-27 07:00:00, 0.00081782
17456, 2017-09-27 08:00:00, 0.00081567
17457, 2017-09-27 09:00:00, 0.000813525
17458, 2017-09-27 10:00:00, 0.000811386
17459, 2017-09-27 11:00:00, 0.000809252
17460, 2017-09-27 12:00:00, 0.000807124
17461, 2017-09-27 13:00:00, 0.000805002
17462, 2017-09-27 14:00:00, 0.000802886
17463, 2017-09-27 15:00:00, 0.000800774
17464, 2017-09-27 16:00:00, 0.000798669
17465, 2017-09-27 17:00:00, 0.000796569
17466, 2017-09-27 18:00:00, 0.000794475
17467, 2017-09-27 19:00:00, 0.000792386
17468, 2017-09-27 20:00:00, 0.000790303
17469, 2017-09-27 21:00:00, 0.000788225
17470, 2017-09-27 22:00:00, 0.000786153
17471, 2017-09-27 23:00:00, 0.000784086
17472, 2017-09-28 00:00:00, 0.000782024
17473, 2017-09-28 01:00:00, 0.000779969
17474, 2017-09-28 02:00:00, 0.000777918
17475, 2017-09-28 03:00:00, 0.000775873
17476, 2017-09-28 04:00:00, 0.000773833
17477, 2017-09-28 05:00:00, 0.000771799
17478, 2017-09-28 06:00:00, 0.000769775
17479, 2017-09-28 07:00:00, 0.000767762
17480, 2017-09-28 08:00:00, 0.000765775
17481, 2017-09-28 09:00:00, 0.000763746
17482, 2017-09-28 10:00:00, 0.000761726
17483, 2017-09-28 11:00:00, 0.000759709
17484, 2017-09-28 12:00:00, 0.000757708
17485, 2017-09-28 13:00:00, 0.000755717
17486, 2017-09-28 14:00:00, 0.00075373
17487, 2017-09-28 15:00:00, 0.000751749
17488, 2017-09-28 16:00:00, 0.000749773
17489, 2017-09-28 17:00:00, 0.000747802
17490, 2017-09-28 18:00:00, 0.000745837
17491, 2017-09-28 19:00:00, 0.000743876
17492, 2017-09-28 20:00:00, 0.000741921
17493, 2017-09-28 21:00:00, 0.000739971
17494, 2017-09-28 22:00:00, 0.000738026
17495, 2017-09-28 23:00:00, 0.000736086
17496, 2017-09-29 00:00:00, 0.000734152
17497, 2017-09-29 01:00:00, 0.000732222
17498, 2017-09-29 02:00:00, 0.000730298
17499, 2017-09-29 03:00:00, 0.000728378
17500, 2017-09-29 04:00:00, 0.000726464
17501, 2017-09-29 05:00:00, 0.000724555
17502, 2017-09-29 06:00:00, 0.000722651
17503, 2017-09-29 07:00:00, 0.000720751
17504, 2017-09-29 08:00:00, 0.000718857
17505, 2017-09-29 09:00:00, 0.000716968
17506, 2017-09-29 10:00:00, 0.000715084
17507, 2017-09-29 11:00:00, 0.000713205
17508, 2017-09-29 12:00:00, 0.00071133
17509, 2017-09-29 13:00:00, 0.000709461
17510, 2017-09-29 14:00:00, 0.000707597
17511, 2017-09-29 15:00:00, 0.000705737
17512, 2017-09-29 16:00:00, 0.000703882
17513, 2017-09-29 17:00:00, 0.000702033
17514, 2017-09-29 18:00:00, 0.000700188
17515, 2017-09-29 19:00:00, 0.000698348
17516, 2017-09-29 20:00:00, 0.000696513
17517, 2017-09-29 21:00:00, 0.000694683
17518, 2017-09-29 22:00:00, 0.000692857
17519, 2017-09-29 23:00:00, 0.000691037
17520, 2017-09-30 00:00:00, 0.000689221
17521, 2017-09-30 01:00:00, 0.00068741
17522, 2017-09-30 02:00:00, 0.000685604
17523, 2017-09-30 03:00:00, 0.000683802
17524, 2017-09-30 04:00:00, 0.000682006
17525, 2017-09-30 05:00:00, 0.000680214
17526, 2017-09-30 06:00:00, 0.000678426
17527, 2017-09-30 07:00:00, 0.000676644
17528, 2017-09-30 08:00:00, 0.000684111
17529, 2017-09-30 09:00:00, 0.0013068
17530, 2017-09-30 10:00:00, 0.000962691
17531, 2017-09-30 11:00:00, 0.000899718
17532, 2017-09-30 12:00:00, 0.000668661
17533, 2017-09-30 13:00:00, 0.000666191
17534, 2017-09-30 14:00:00, 0.000664297
17535, 2017-09-30 15:00:00, 0.000662552
17536, 2017-09-30 16:00:00, 0.000660811
17537, 2017-09-30 17:00:00, 0.000659075
17538, 2017-09-30 18:00:00, 0.000657344
17539, 2017-09-30 19:00:00, 0.000655617
17540, 2017-09-30 20:00:00, 0.000653894
17541, 2017-09-30 21:00:00, 0.000652176
17542, 2017-09-30 22:00:00, 0.000650463
17543, 2017-09-30 23:00:00, 0.000648754
