0, 2015-10-01 00:00:00, 0.240766
1, 2015-10-01 01:00:00, 0.239895
2, 2015-10-01 02:00:00, 0.239027
3, 2015-10-01 03:00:00, 0.238163
4, 2015-10-01 04:00:00, 0.237303
5, 2015-10-01 05:00:00, 0.236447
6, 2015-10-01 06:00:00, 0.235595
7, 2015-10-01 07:00:00, 0.234747
8, 2015-10-01 08:00:00, 0.233903
9, 2015-10-01 09:00:00, 0.233063
10, 2015-10-01 10:00:00, 0.232226
11, 2015-10-01 11:00:00, 0.231394
12, 2015-10-01 12:00:00, 0.230565
13, 2015-10-01 13:00:00, 0.22974
14, 2015-10-01 14:00:00, 0.228918
15, 2015-10-01 15:00:00, 0.228101
16, 2015-10-01 16:00:00, 0.227287
17, 2015-10-01 17:00:00, 0.226477
18, 2015-10-01 18:00:00, 0.22567
19, 2015-10-01 19:00:00, 0.224867
20, 2015-10-01 20:00:00, 0.224068
21, 2015-10-01 21:00:00, 0.223272
22, 2015-10-01 22:00:00, 0.222657
23, 2015-10-01 23:00:00, 0.221771
24, 2015-10-02 00:00:00, 0.22097
25, 2015-10-02 01:00:00, 0.226223
26, 2015-10-02 02:00:00, 0.222158
27, 2015-10-02 03:00:00, 0.220807
28, 2015-10-02 04:00:00, 0.217814
29, 2015-10-02 05:00:00, 0.217032
30, 2015-10-02 06:00:00, 0.216268
31, 2015-10-02 07:00:00, 0.215507
32, 2015-10-02 08:00:00, 0.214749
33, 2015-10-02 09:00:00, 0.213995
34, 2015-10-02 10:00:00, 0.213244
35, 2015-10-02 11:00:00, 0.212496
36, 2015-10-02 12:00:00, 0.211752
37, 2015-10-02 13:00:00, 0.21101
38, 2015-10-02 14:00:00, 0.210273
39, 2015-10-02 15:00:00, 0.213056
40, 2015-10-02 16:00:00, 0.212357
41, 2015-10-02 17:00:00, 0.211001
42, 2015-10-02 18:00:00, 0.210097
43, 2015-10-02 19:00:00, 0.216495
44, 2015-10-02 20:00:00, 0.211332
45, 2015-10-02 21:00:00, 0.208961
46, 2015-10-02 22:00:00, 0.205975
47, 2015-10-02 23:00:00, 0.204563
48, 2015-10-03 00:00:00, 0.203654
49, 2015-10-03 01:00:00, 0.20248
50, 2015-10-03 02:00:00, 0.201699
51, 2015-10-03 03:00:00, 0.201151
52, 2015-10-03 04:00:00, 0.200385
53, 2015-10-03 05:00:00, 0.19966
54, 2015-10-03 06:00:00, 0.198902
55, 2015-10-03 07:00:00, 0.198207
56, 2015-10-03 08:00:00, 0.197524
57, 2015-10-03 09:00:00, 0.196844
58, 2015-10-03 10:00:00, 0.196193
59, 2015-10-03 11:00:00, 0.195505
60, 2015-10-03 12:00:00, 0.194832
61, 2015-10-03 13:00:00, 0.194155
62, 2015-10-03 14:00:00, 0.193489
63, 2015-10-03 15:00:00, 0.192827
64, 2015-10-03 16:00:00, 0.192167
65, 2015-10-03 17:00:00, 0.19151
66, 2015-10-03 18:00:00, 0.190856
67, 2015-10-03 19:00:00, 0.190204
68, 2015-10-03 20:00:00, 0.189556
69, 2015-10-03 21:00:00, 0.18891
70, 2015-10-03 22:00:00, 0.188267
71, 2015-10-03 23:00:00, 0.187626
72, 2015-10-04 00:00:00, 0.186988
73, 2015-10-04 01:00:00, 0.186353
74, 2015-10-04 02:00:00, 0.18572
75, 2015-10-04 03:00:00, 0.185091
76, 2015-10-04 04:00:00, 0.184463
77, 2015-10-04 05:00:00, 0.183839
78, 2015-10-04 06:00:00, 0.183217
79, 2015-10-04 07:00:00, 0.182597
80, 2015-10-04 08:00:00, 0.18198
81, 2015-10-04 09:00:00, 0.181366
82, 2015-10-04 10:00:00, 0.180754
83, 2015-10-04 11:00:00, 0.180145
84, 2015-10-04 12:00:00, 0.179538
85, 2015-10-04 13:00:00, 0.178933
86, 2015-10-04 14:00:00, 0.178332
87, 2015-10-04 15:00:00, 0.177732
88, 2015-10-04 16:00:00, 0.177135
89, 2015-10-04 17:00:00, 0.176541
90, 2015-10-04 18:00:00, 0.175949
91, 2015-10-04 19:00:00, 0.175359
92, 2015-10-04 20:00:00, 0.174772
93, 2015-10-04 21:00:00, 0.174187
94, 2015-10-04 22:00:00, 0.173605
95, 2015-10-04 23:00:00, 0.173025
96, 2015-10-05 00:00:00, 0.172447
97, 2015-10-05 01:00:00, 0.171872
98, 2015-10-05 02:00:00, 0.171299
99, 2015-10-05 03:00:00, 0.170728
100, 2015-10-05 04:00:00, 0.17016
101, 2015-10-05 05:00:00, 0.169593
102, 2015-10-05 06:00:00, 0.16903
103, 2015-10-05 07:00:00, 0.168468
104, 2015-10-05 08:00:00, 0.167909
105, 2015-10-05 09:00:00, 0.167352
106, 2015-10-05 10:00:00, 0.166797
107, 2015-10-05 11:00:00, 0.166244
108, 2015-10-05 12:00:00, 0.165694
109, 2015-10-05 13:00:00, 0.165146
110, 2015-10-05 14:00:00, 0.1646
111, 2015-10-05 15:00:00, 0.164056
112, 2015-10-05 16:00:00, 0.163515
113, 2015-10-05 17:00:00, 0.162975
114, 2015-10-05 18:00:00, 0.162438
115, 2015-10-05 19:00:00, 0.161903
116, 2015-10-05 20:00:00, 0.16137
117, 2015-10-05 21:00:00, 0.160839
118, 2015-10-05 22:00:00, 0.16031
119, 2015-10-05 23:00:00, 0.159783
120, 2015-10-06 00:00:00, 0.159258
121, 2015-10-06 01:00:00, 0.158736
122, 2015-10-06 02:00:00, 0.158215
123, 2015-10-06 03:00:00, 0.157697
124, 2015-10-06 04:00:00, 0.15718
125, 2015-10-06 05:00:00, 0.156666
126, 2015-10-06 06:00:00, 0.156153
127, 2015-10-06 07:00:00, 0.155643
128, 2015-10-06 08:00:00, 0.155135
129, 2015-10-06 09:00:00, 0.154628
130, 2015-10-06 10:00:00, 0.154124
131, 2015-10-06 11:00:00, 0.153621
132, 2015-10-06 12:00:00, 0.153121
133, 2015-10-06 13:00:00, 0.152622
134, 2015-10-06 14:00:00, 0.152126
135, 2015-10-06 15:00:00, 0.151631
136, 2015-10-06 16:00:00, 0.151138
137, 2015-10-06 17:00:00, 0.150648
138, 2015-10-06 18:00:00, 0.150159
139, 2015-10-06 19:00:00, 0.149672
140, 2015-10-06 20:00:00, 0.149186
141, 2015-10-06 21:00:00, 0.148703
142, 2015-10-06 22:00:00, 0.148222
143, 2015-10-06 23:00:00, 0.147742
144, 2015-10-07 00:00:00, 0.147264
145, 2015-10-07 01:00:00, 0.146789
146, 2015-10-07 02:00:00, 0.146315
147, 2015-10-07 03:00:00, 0.145842
148, 2015-10-07 04:00:00, 0.145372
149, 2015-10-07 05:00:00, 0.144903
150, 2015-10-07 06:00:00, 0.144436
151, 2015-10-07 07:00:00, 0.143971
152, 2015-10-07 08:00:00, 0.143508
153, 2015-10-07 09:00:00, 0.143047
154, 2015-10-07 10:00:00, 0.142587
155, 2015-10-07 11:00:00, 0.142129
156, 2015-10-07 12:00:00, 0.141673
157, 2015-10-07 13:00:00, 0.141218
158, 2015-10-07 14:00:00, 0.140765
159, 2015-10-07 15:00:00, 0.140314
160, 2015-10-07 16:00:00, 0.139865
161, 2015-10-07 17:00:00, 0.139417
162, 2015-10-07 18:00:00, 0.138971
163, 2015-10-07 19:00:00, 0.138527
164, 2015-10-07 20:00:00, 0.138085
165, 2015-10-07 21:00:00, 0.137644
166, 2015-10-07 22:00:00, 0.137204
167, 2015-10-07 23:00:00, 0.136767
168, 2015-10-08 00:00:00, 0.136331
169, 2015-10-08 01:00:00, 0.135896
170, 2015-10-08 02:00:00, 0.135464
171, 2015-10-08 03:00:00, 0.135033
172, 2015-10-08 04:00:00, 0.134603
173, 2015-10-08 05:00:00, 0.134175
174, 2015-10-08 06:00:00, 0.133749
175, 2015-10-08 07:00:00, 0.133324
176, 2015-10-08 08:00:00, 0.132901
177, 2015-10-08 09:00:00, 0.13248
178, 2015-10-08 10:00:00, 0.13206
179, 2015-10-08 11:00:00, 0.131642
180, 2015-10-08 12:00:00, 0.131225
181, 2015-10-08 13:00:00, 0.130809
182, 2015-10-08 14:00:00, 0.130396
183, 2015-10-08 15:00:00, 0.129984
184, 2015-10-08 16:00:00, 0.129573
185, 2015-10-08 17:00:00, 0.129164
186, 2015-10-08 18:00:00, 0.128756
187, 2015-10-08 19:00:00, 0.12835
188, 2015-10-08 20:00:00, 0.127945
189, 2015-10-08 21:00:00, 0.127542
190, 2015-10-08 22:00:00, 0.127141
191, 2015-10-08 23:00:00, 0.12674
192, 2015-10-09 00:00:00, 0.126342
193, 2015-10-09 01:00:00, 0.125944
194, 2015-10-09 02:00:00, 0.125549
195, 2015-10-09 03:00:00, 0.125154
196, 2015-10-09 04:00:00, 0.124761
197, 2015-10-09 05:00:00, 0.12437
198, 2015-10-09 06:00:00, 0.12398
199, 2015-10-09 07:00:00, 0.123591
200, 2015-10-09 08:00:00, 0.123204
201, 2015-10-09 09:00:00, 0.122818
202, 2015-10-09 10:00:00, 0.122434
203, 2015-10-09 11:00:00, 0.122051
204, 2015-10-09 12:00:00, 0.121669
205, 2015-10-09 13:00:00, 0.121289
206, 2015-10-09 14:00:00, 0.12091
207, 2015-10-09 15:00:00, 0.120533
208, 2015-10-09 16:00:00, 0.120157
209, 2015-10-09 17:00:00, 0.119782
210, 2015-10-09 18:00:00, 0.119409
211, 2015-10-09 19:00:00, 0.119037
212, 2015-10-09 20:00:00, 0.118666
213, 2015-10-09 21:00:00, 0.122288
214, 2015-10-09 22:00:00, 0.176144
215, 2015-10-09 23:00:00, 0.174597
216, 2015-10-10 00:00:00, 0.159302
217, 2015-10-10 01:00:00, 0.131351
218, 2015-10-10 02:00:00, 0.119373
219, 2015-10-10 03:00:00, 0.116109
220, 2015-10-10 04:00:00, 0.115749
221, 2015-10-10 05:00:00, 0.11539
222, 2015-10-10 06:00:00, 0.115032
223, 2015-10-10 07:00:00, 0.114676
224, 2015-10-10 08:00:00, 0.114321
225, 2015-10-10 09:00:00, 0.113967
226, 2015-10-10 10:00:00, 0.113615
227, 2015-10-10 11:00:00, 0.113264
228, 2015-10-10 12:00:00, 0.112914
229, 2015-10-10 13:00:00, 0.112565
230, 2015-10-10 14:00:00, 0.112218
231, 2015-10-10 15:00:00, 0.111871
232, 2015-10-10 16:00:00, 0.111526
233, 2015-10-10 17:00:00, 0.111183
234, 2015-10-10 18:00:00, 0.11084
235, 2015-10-10 19:00:00, 0.110499
236, 2015-10-10 20:00:00, 0.110159
237, 2015-10-10 21:00:00, 0.10982
238, 2015-10-10 22:00:00, 0.109482
239, 2015-10-10 23:00:00, 0.109145
240, 2015-10-11 00:00:00, 0.10881
241, 2015-10-11 01:00:00, 0.108476
242, 2015-10-11 02:00:00, 0.108143
243, 2015-10-11 03:00:00, 0.107811
244, 2015-10-11 04:00:00, 0.10748
245, 2015-10-11 05:00:00, 0.107151
246, 2015-10-11 06:00:00, 0.106823
247, 2015-10-11 07:00:00, 0.106495
248, 2015-10-11 08:00:00, 0.106169
249, 2015-10-11 09:00:00, 0.105844
250, 2015-10-11 10:00:00, 0.105521
251, 2015-10-11 11:00:00, 0.105198
252, 2015-10-11 12:00:00, 0.104877
253, 2015-10-11 13:00:00, 0.104556
254, 2015-10-11 14:00:00, 0.104237
255, 2015-10-11 15:00:00, 0.103919
256, 2015-10-11 16:00:00, 0.103602
257, 2015-10-11 17:00:00, 0.103286
258, 2015-10-11 18:00:00, 0.102971
259, 2015-10-11 19:00:00, 0.102657
260, 2015-10-11 20:00:00, 0.102345
261, 2015-10-11 21:00:00, 0.102033
262, 2015-10-11 22:00:00, 0.101723
263, 2015-10-11 23:00:00, 0.101413
264, 2015-10-12 00:00:00, 0.101105
265, 2015-10-12 01:00:00, 0.100798
266, 2015-10-12 02:00:00, 0.100491
267, 2015-10-12 03:00:00, 0.100186
268, 2015-10-12 04:00:00, 0.0998822
269, 2015-10-12 05:00:00, 0.0995792
270, 2015-10-12 06:00:00, 0.0992772
271, 2015-10-12 07:00:00, 0.0989763
272, 2015-10-12 08:00:00, 0.0986763
273, 2015-10-12 09:00:00, 0.0983775
274, 2015-10-12 10:00:00, 0.0980796
275, 2015-10-12 11:00:00, 0.0977828
276, 2015-10-12 12:00:00, 0.097487
277, 2015-10-12 13:00:00, 0.0971922
278, 2015-10-12 14:00:00, 0.0968984
279, 2015-10-12 15:00:00, 0.0966056
280, 2015-10-12 16:00:00, 0.0963139
281, 2015-10-12 17:00:00, 0.0960231
282, 2015-10-12 18:00:00, 0.0957333
283, 2015-10-12 19:00:00, 0.0954445
284, 2015-10-12 20:00:00, 0.0951567
285, 2015-10-12 21:00:00, 0.0948699
286, 2015-10-12 22:00:00, 0.094584
287, 2015-10-12 23:00:00, 0.0942992
288, 2015-10-13 00:00:00, 0.0940153
289, 2015-10-13 01:00:00, 0.0937323
290, 2015-10-13 02:00:00, 0.0934504
291, 2015-10-13 03:00:00, 0.0931693
292, 2015-10-13 04:00:00, 0.0928893
293, 2015-10-13 05:00:00, 0.0926102
294, 2015-10-13 06:00:00, 0.092332
295, 2015-10-13 07:00:00, 0.0920548
296, 2015-10-13 08:00:00, 0.0917785
297, 2015-10-13 09:00:00, 0.0915032
298, 2015-10-13 10:00:00, 0.0912287
299, 2015-10-13 11:00:00, 0.0909591
300, 2015-10-13 12:00:00, 0.0906844
301, 2015-10-13 13:00:00, 0.0904371
302, 2015-10-13 14:00:00, 0.0911873
303, 2015-10-13 15:00:00, 0.0903503
304, 2015-10-13 16:00:00, 0.0899783
305, 2015-10-13 17:00:00, 0.0893336
306, 2015-10-13 18:00:00, 0.0890665
307, 2015-10-13 19:00:00, 0.0888003
308, 2015-10-13 20:00:00, 0.088535
309, 2015-10-13 21:00:00, 0.0882706
310, 2015-10-13 22:00:00, 0.088007
311, 2015-10-13 23:00:00, 0.0877444
312, 2015-10-14 00:00:00, 0.0874826
313, 2015-10-14 01:00:00, 0.0872217
314, 2015-10-14 02:00:00, 0.0869617
315, 2015-10-14 03:00:00, 0.0867026
316, 2015-10-14 04:00:00, 0.0864443
317, 2015-10-14 05:00:00, 0.0861868
318, 2015-10-14 06:00:00, 0.0859303
319, 2015-10-14 07:00:00, 0.0856746
320, 2015-10-14 08:00:00, 0.0854197
321, 2015-10-14 09:00:00, 0.0851657
322, 2015-10-14 10:00:00, 0.0849126
323, 2015-10-14 11:00:00, 0.0846602
324, 2015-10-14 12:00:00, 0.0844088
325, 2015-10-14 13:00:00, 0.0841581
326, 2015-10-14 14:00:00, 0.0839083
327, 2015-10-14 15:00:00, 0.0836593
328, 2015-10-14 16:00:00, 0.0834112
329, 2015-10-14 17:00:00, 0.0831638
330, 2015-10-14 18:00:00, 0.0829173
331, 2015-10-14 19:00:00, 0.0826716
332, 2015-10-14 20:00:00, 0.0824267
333, 2015-10-14 21:00:00, 0.0821827
334, 2015-10-14 22:00:00, 0.0819394
335, 2015-10-14 23:00:00, 0.0816969
336, 2015-10-15 00:00:00, 0.0814553
337, 2015-10-15 01:00:00, 0.0812144
338, 2015-10-15 02:00:00, 0.0809743
339, 2015-10-15 03:00:00, 0.080735
340, 2015-10-15 04:00:00, 0.0804965
341, 2015-10-15 05:00:00, 0.0802588
342, 2015-10-15 06:00:00, 0.0800219
343, 2015-10-15 07:00:00, 0.0797857
344, 2015-10-15 08:00:00, 0.0795504
345, 2015-10-15 09:00:00, 0.0793158
346, 2015-10-15 10:00:00, 0.0790819
347, 2015-10-15 11:00:00, 0.0788488
348, 2015-10-15 12:00:00, 0.0786165
349, 2015-10-15 13:00:00, 0.078385
350, 2015-10-15 14:00:00, 0.0781542
351, 2015-10-15 15:00:00, 0.0779242
352, 2015-10-15 16:00:00, 0.0776949
353, 2015-10-15 17:00:00, 0.0774664
354, 2015-10-15 18:00:00, 0.0772386
355, 2015-10-15 19:00:00, 0.0770115
356, 2015-10-15 20:00:00, 0.0767852
357, 2015-10-15 21:00:00, 0.0765597
358, 2015-10-15 22:00:00, 0.0763348
359, 2015-10-15 23:00:00, 0.0761107
360, 2015-10-16 00:00:00, 0.0758874
361, 2015-10-16 01:00:00, 0.0756647
362, 2015-10-16 02:00:00, 0.0754428
363, 2015-10-16 03:00:00, 0.0752216
364, 2015-10-16 04:00:00, 0.0750011
365, 2015-10-16 05:00:00, 0.0747814
366, 2015-10-16 06:00:00, 0.0745623
367, 2015-10-16 07:00:00, 0.074344
368, 2015-10-16 08:00:00, 0.0741263
369, 2015-10-16 09:00:00, 0.0739094
370, 2015-10-16 10:00:00, 0.0736932
371, 2015-10-16 11:00:00, 0.0734776
372, 2015-10-16 12:00:00, 0.0732628
373, 2015-10-16 13:00:00, 0.0730487
374, 2015-10-16 14:00:00, 0.0728352
375, 2015-10-16 15:00:00, 0.0726224
376, 2015-10-16 16:00:00, 0.0724104
377, 2015-10-16 17:00:00, 0.072199
378, 2015-10-16 18:00:00, 0.0719883
379, 2015-10-16 19:00:00, 0.0717782
380, 2015-10-16 20:00:00, 0.0715689
381, 2015-10-16 21:00:00, 0.0713602
382, 2015-10-16 22:00:00, 0.0711522
383, 2015-10-16 23:00:00, 0.0709448
384, 2015-10-17 00:00:00, 0.0707381
385, 2015-10-17 01:00:00, 0.0705321
386, 2015-10-17 02:00:00, 0.0703268
387, 2015-10-17 03:00:00, 0.0701221
388, 2015-10-17 04:00:00, 0.069918
389, 2015-10-17 05:00:00, 0.0697146
390, 2015-10-17 06:00:00, 0.0695119
391, 2015-10-17 07:00:00, 0.0693098
392, 2015-10-17 08:00:00, 0.0691084
393, 2015-10-17 09:00:00, 0.0689076
394, 2015-10-17 10:00:00, 0.0687074
395, 2015-10-17 11:00:00, 0.0685079
396, 2015-10-17 12:00:00, 0.068309
397, 2015-10-17 13:00:00, 0.0681107
398, 2015-10-17 14:00:00, 0.0679131
399, 2015-10-17 15:00:00, 0.0677161
400, 2015-10-17 16:00:00, 0.0675198
401, 2015-10-17 17:00:00, 0.067324
402, 2015-10-17 18:00:00, 0.0671289
403, 2015-10-17 19:00:00, 0.0669344
404, 2015-10-17 20:00:00, 0.0667405
405, 2015-10-17 21:00:00, 0.0665473
406, 2015-10-17 22:00:00, 0.0663546
407, 2015-10-17 23:00:00, 0.0661626
408, 2015-10-18 00:00:00, 0.0659712
409, 2015-10-18 01:00:00, 0.0657803
410, 2015-10-18 02:00:00, 0.0655901
411, 2015-10-18 03:00:00, 0.0654005
412, 2015-10-18 04:00:00, 0.0652115
413, 2015-10-18 05:00:00, 0.0650231
414, 2015-10-18 06:00:00, 0.0648352
415, 2015-10-18 07:00:00, 0.064648
416, 2015-10-18 08:00:00, 0.0644614
417, 2015-10-18 09:00:00, 0.0642753
418, 2015-10-18 10:00:00, 0.0640899
419, 2015-10-18 11:00:00, 0.063905
420, 2015-10-18 12:00:00, 0.0637207
421, 2015-10-18 13:00:00, 0.063537
422, 2015-10-18 14:00:00, 0.0633538
423, 2015-10-18 15:00:00, 0.0631713
424, 2015-10-18 16:00:00, 0.0629893
425, 2015-10-18 17:00:00, 0.0628079
426, 2015-10-18 18:00:00, 0.062627
427, 2015-10-18 19:00:00, 0.0624468
428, 2015-10-18 20:00:00, 0.062267
429, 2015-10-18 21:00:00, 0.0620879
430, 2015-10-18 22:00:00, 0.0619093
431, 2015-10-18 23:00:00, 0.0617313
432, 2015-10-19 00:00:00, 0.0615538
433, 2015-10-19 01:00:00, 0.0613769
434, 2015-10-19 02:00:00, 0.0612005
435, 2015-10-19 03:00:00, 0.0610247
436, 2015-10-19 04:00:00, 0.0608495
437, 2015-10-19 05:00:00, 0.0606748
438, 2015-10-19 06:00:00, 0.0605006
439, 2015-10-19 07:00:00, 0.060327
440, 2015-10-19 08:00:00, 0.0601539
441, 2015-10-19 09:00:00, 0.0599814
442, 2015-10-19 10:00:00, 0.0598094
443, 2015-10-19 11:00:00, 0.0596379
444, 2015-10-19 12:00:00, 0.059467
445, 2015-10-19 13:00:00, 0.0592966
446, 2015-10-19 14:00:00, 0.0591267
447, 2015-10-19 15:00:00, 0.0589574
448, 2015-10-19 16:00:00, 0.0587886
449, 2015-10-19 17:00:00, 0.0586203
450, 2015-10-19 18:00:00, 0.0584525
451, 2015-10-19 19:00:00, 0.0582853
452, 2015-10-19 20:00:00, 0.0581186
453, 2015-10-19 21:00:00, 0.0579524
454, 2015-10-19 22:00:00, 0.0577867
455, 2015-10-19 23:00:00, 0.0576215
456, 2015-10-20 00:00:00, 0.0574568
457, 2015-10-20 01:00:00, 0.0572927
458, 2015-10-20 02:00:00, 0.057129
459, 2015-10-20 03:00:00, 0.0569659
460, 2015-10-20 04:00:00, 0.0568032
461, 2015-10-20 05:00:00, 0.0566411
462, 2015-10-20 06:00:00, 0.0564795
463, 2015-10-20 07:00:00, 0.0563183
464, 2015-10-20 08:00:00, 0.0561577
465, 2015-10-20 09:00:00, 0.0559976
466, 2015-10-20 10:00:00, 0.0558379
467, 2015-10-20 11:00:00, 0.0556788
468, 2015-10-20 12:00:00, 0.0555201
469, 2015-10-20 13:00:00, 0.0553619
470, 2015-10-20 14:00:00, 0.0552042
471, 2015-10-20 15:00:00, 0.055047
472, 2015-10-20 16:00:00, 0.0548903
473, 2015-10-20 17:00:00, 0.0547341
474, 2015-10-20 18:00:00, 0.0545783
475, 2015-10-20 19:00:00, 0.0544231
476, 2015-10-20 20:00:00, 0.0542683
477, 2015-10-20 21:00:00, 0.0541139
478, 2015-10-20 22:00:00, 0.0539601
479, 2015-10-20 23:00:00, 0.0538067
480, 2015-10-21 00:00:00, 0.0536538
481, 2015-10-21 01:00:00, 0.0535014
482, 2015-10-21 02:00:00, 0.0533494
483, 2015-10-21 03:00:00, 0.0531979
484, 2015-10-21 04:00:00, 0.0530468
485, 2015-10-21 05:00:00, 0.0528963
486, 2015-10-21 06:00:00, 0.0527461
487, 2015-10-21 07:00:00, 0.0525965
488, 2015-10-21 08:00:00, 0.0524473
489, 2015-10-21 09:00:00, 0.0522985
490, 2015-10-21 10:00:00, 0.0521502
491, 2015-10-21 11:00:00, 0.0520024
492, 2015-10-21 12:00:00, 0.0518557
493, 2015-10-21 13:00:00, 0.0517084
494, 2015-10-21 14:00:00, 0.0515618
495, 2015-10-21 15:00:00, 0.0514155
496, 2015-10-21 16:00:00, 0.0512699
497, 2015-10-21 17:00:00, 0.0511248
498, 2015-10-21 18:00:00, 0.0509801
499, 2015-10-21 19:00:00, 0.0508358
500, 2015-10-21 20:00:00, 0.050692
501, 2015-10-21 21:00:00, 0.0505486
502, 2015-10-21 22:00:00, 0.0504056
503, 2015-10-21 23:00:00, 0.0502631
504, 2015-10-22 00:00:00, 0.050121
505, 2015-10-22 01:00:00, 0.0499793
506, 2015-10-22 02:00:00, 0.0498381
507, 2015-10-22 03:00:00, 0.0496973
508, 2015-10-22 04:00:00, 0.0495569
509, 2015-10-22 05:00:00, 0.0494169
510, 2015-10-22 06:00:00, 0.0492774
511, 2015-10-22 07:00:00, 0.0491383
512, 2015-10-22 08:00:00, 0.0489996
513, 2015-10-22 09:00:00, 0.0488614
514, 2015-10-22 10:00:00, 0.0487235
515, 2015-10-22 11:00:00, 0.0485861
516, 2015-10-22 12:00:00, 0.0484491
517, 2015-10-22 13:00:00, 0.0483125
518, 2015-10-22 14:00:00, 0.0481763
519, 2015-10-22 15:00:00, 0.0480405
520, 2015-10-22 16:00:00, 0.0479051
521, 2015-10-22 17:00:00, 0.0477702
522, 2015-10-22 18:00:00, 0.0476356
523, 2015-10-22 19:00:00, 0.0475015
524, 2015-10-22 20:00:00, 0.0473677
525, 2015-10-22 21:00:00, 0.0472344
526, 2015-10-22 22:00:00, 0.0471015
527, 2015-10-22 23:00:00, 0.0469689
528, 2015-10-23 00:00:00, 0.0468368
529, 2015-10-23 01:00:00, 0.0467051
530, 2015-10-23 02:00:00, 0.0465737
531, 2015-10-23 03:00:00, 0.0464428
532, 2015-10-23 04:00:00, 0.0463122
533, 2015-10-23 05:00:00, 0.046182
534, 2015-10-23 06:00:00, 0.0460523
535, 2015-10-23 07:00:00, 0.0459229
536, 2015-10-23 08:00:00, 0.0457939
537, 2015-10-23 09:00:00, 0.0456653
538, 2015-10-23 10:00:00, 0.0455371
539, 2015-10-23 11:00:00, 0.0454092
540, 2015-10-23 12:00:00, 0.0452818
541, 2015-10-23 13:00:00, 0.0451547
542, 2015-10-23 14:00:00, 0.045028
543, 2015-10-23 15:00:00, 0.0449017
544, 2015-10-23 16:00:00, 0.0447758
545, 2015-10-23 17:00:00, 0.0446502
546, 2015-10-23 18:00:00, 0.044525
547, 2015-10-23 19:00:00, 0.0444002
548, 2015-10-23 20:00:00, 0.0442758
549, 2015-10-23 21:00:00, 0.0441517
550, 2015-10-23 22:00:00, 0.044028
551, 2015-10-23 23:00:00, 0.0439047
552, 2015-10-24 00:00:00, 0.0437818
553, 2015-10-24 01:00:00, 0.0436592
554, 2015-10-24 02:00:00, 0.0435369
555, 2015-10-24 03:00:00, 0.0434151
556, 2015-10-24 04:00:00, 0.0432936
557, 2015-10-24 05:00:00, 0.0431725
558, 2015-10-24 06:00:00, 0.0430517
559, 2015-10-24 07:00:00, 0.0429313
560, 2015-10-24 08:00:00, 0.0428112
561, 2015-10-24 09:00:00, 0.0426915
562, 2015-10-24 10:00:00, 0.0425722
563, 2015-10-24 11:00:00, 0.0424532
564, 2015-10-24 12:00:00, 0.0423346
565, 2015-10-24 13:00:00, 0.0422163
566, 2015-10-24 14:00:00, 0.0420983
567, 2015-10-24 15:00:00, 0.0419808
568, 2015-10-24 16:00:00, 0.0418635
569, 2015-10-24 17:00:00, 0.0417467
570, 2015-10-24 18:00:00, 0.0416301
571, 2015-10-24 19:00:00, 0.0415139
572, 2015-10-24 20:00:00, 0.0413981
573, 2015-10-24 21:00:00, 0.0412826
574, 2015-10-24 22:00:00, 0.0411674
575, 2015-10-24 23:00:00, 0.0410526
576, 2015-10-25 00:00:00, 0.0409381
577, 2015-10-25 01:00:00, 0.040824
578, 2015-10-25 02:00:00, 0.0407102
579, 2015-10-25 03:00:00, 0.0405967
580, 2015-10-25 04:00:00, 0.0404836
581, 2015-10-25 05:00:00, 0.0403708
582, 2015-10-25 06:00:00, 0.0402583
583, 2015-10-25 07:00:00, 0.0401462
584, 2015-10-25 08:00:00, 0.0400344
585, 2015-10-25 09:00:00, 0.0399229
586, 2015-10-25 10:00:00, 0.0398118
587, 2015-10-25 11:00:00, 0.039701
588, 2015-10-25 12:00:00, 0.0404768
589, 2015-10-25 13:00:00, 0.0398832
590, 2015-10-25 14:00:00, 0.0396928
591, 2015-10-25 15:00:00, 0.039261
592, 2015-10-25 16:00:00, 0.0391518
593, 2015-10-25 17:00:00, 0.0390429
594, 2015-10-25 18:00:00, 0.0389344
595, 2015-10-25 19:00:00, 0.0388261
596, 2015-10-25 20:00:00, 0.0387182
597, 2015-10-25 21:00:00, 0.0386106
598, 2015-10-25 22:00:00, 0.0385033
599, 2015-10-25 23:00:00, 0.0383964
600, 2015-10-26 00:00:00, 0.0382897
601, 2015-10-26 01:00:00, 0.0381834
602, 2015-10-26 02:00:00, 0.0380774
603, 2015-10-26 03:00:00, 0.0379717
604, 2015-10-26 04:00:00, 0.0378663
605, 2015-10-26 05:00:00, 0.0377612
606, 2015-10-26 06:00:00, 0.0376564
607, 2015-10-26 07:00:00, 0.0375519
608, 2015-10-26 08:00:00, 0.0374477
609, 2015-10-26 09:00:00, 0.0373439
610, 2015-10-26 10:00:00, 0.0372403
611, 2015-10-26 11:00:00, 0.0371371
612, 2015-10-26 12:00:00, 0.0370341
613, 2015-10-26 13:00:00, 0.0369315
614, 2015-10-26 14:00:00, 0.0368291
615, 2015-10-26 15:00:00, 0.0367271
616, 2015-10-26 16:00:00, 0.0366253
617, 2015-10-26 17:00:00, 0.0365238
618, 2015-10-26 18:00:00, 0.0364227
619, 2015-10-26 19:00:00, 0.0363218
620, 2015-10-26 20:00:00, 0.0362212
621, 2015-10-26 21:00:00, 0.036121
622, 2015-10-26 22:00:00, 0.036021
623, 2015-10-26 23:00:00, 0.0359213
624, 2015-10-27 00:00:00, 0.0358219
625, 2015-10-27 01:00:00, 0.0357228
626, 2015-10-27 02:00:00, 0.035624
627, 2015-10-27 03:00:00, 0.0355254
628, 2015-10-27 04:00:00, 0.0354272
629, 2015-10-27 05:00:00, 0.0353292
630, 2015-10-27 06:00:00, 0.0352315
631, 2015-10-27 07:00:00, 0.0351341
632, 2015-10-27 08:00:00, 0.035037
633, 2015-10-27 09:00:00, 0.0349402
634, 2015-10-27 10:00:00, 0.0348437
635, 2015-10-27 11:00:00, 0.0347474
636, 2015-10-27 12:00:00, 0.0346514
637, 2015-10-27 13:00:00, 0.0345557
638, 2015-10-27 14:00:00, 0.0344603
639, 2015-10-27 15:00:00, 0.0343651
640, 2015-10-27 16:00:00, 0.0342703
641, 2015-10-27 17:00:00, 0.0341757
642, 2015-10-27 18:00:00, 0.0340813
643, 2015-10-27 19:00:00, 0.0339873
644, 2015-10-27 20:00:00, 0.0338935
645, 2015-10-27 21:00:00, 0.0338
646, 2015-10-27 22:00:00, 0.0337068
647, 2015-10-27 23:00:00, 0.0336138
648, 2015-10-28 00:00:00, 0.0335211
649, 2015-10-28 01:00:00, 0.0334287
650, 2015-10-28 02:00:00, 0.0333365
651, 2015-10-28 03:00:00, 0.0332447
652, 2015-10-28 04:00:00, 0.033153
653, 2015-10-28 05:00:00, 0.0330617
654, 2015-10-28 06:00:00, 0.0329706
655, 2015-10-28 07:00:00, 0.0328797
656, 2015-10-28 08:00:00, 0.0327892
657, 2015-10-28 09:00:00, 0.0326989
658, 2015-10-28 10:00:00, 0.0326088
659, 2015-10-28 11:00:00, 0.032519
660, 2015-10-28 12:00:00, 0.0324295
661, 2015-10-28 13:00:00, 0.0323402
662, 2015-10-28 14:00:00, 0.0322512
663, 2015-10-28 15:00:00, 0.0321625
664, 2015-10-28 16:00:00, 0.032074
665, 2015-10-28 17:00:00, 0.0319858
666, 2015-10-28 18:00:00, 0.0318982
667, 2015-10-28 19:00:00, 0.0742383
668, 2015-10-28 20:00:00, 0.0631849
669, 2015-10-28 21:00:00, 0.0654461
670, 2015-10-28 22:00:00, 0.0509193
671, 2015-10-28 23:00:00, 0.120657
672, 2015-10-29 00:00:00, 0.149767
673, 2015-10-29 01:00:00, 0.319038
674, 2015-10-29 02:00:00, 0.186628
675, 2015-10-29 03:00:00, 0.793695
676, 2015-10-29 04:00:00, 0.428048
677, 2015-10-29 05:00:00, 0.344017
678, 2015-10-29 06:00:00, 0.203047
679, 2015-10-29 07:00:00, 0.284233
680, 2015-10-29 08:00:00, 0.182404
681, 2015-10-29 09:00:00, 0.141527
682, 2015-10-29 10:00:00, 0.0976458
683, 2015-10-29 11:00:00, 0.0627252
684, 2015-10-29 12:00:00, 0.083012
685, 2015-10-29 13:00:00, 0.0508325
686, 2015-10-29 14:00:00, 0.045308
687, 2015-10-29 15:00:00, 0.031507
688, 2015-10-29 16:00:00, 0.0300249
689, 2015-10-29 17:00:00, 0.0299425
690, 2015-10-29 18:00:00, 0.0298604
691, 2015-10-29 19:00:00, 0.0297785
692, 2015-10-29 20:00:00, 0.0296969
693, 2015-10-29 21:00:00, 0.0296155
694, 2015-10-29 22:00:00, 0.0295343
695, 2015-10-29 23:00:00, 0.0294534
696, 2015-10-30 00:00:00, 0.0293727
697, 2015-10-30 01:00:00, 0.0292922
698, 2015-10-30 02:00:00, 0.0292119
699, 2015-10-30 03:00:00, 0.0291319
700, 2015-10-30 04:00:00, 0.0290521
701, 2015-10-30 05:00:00, 0.0289726
702, 2015-10-30 06:00:00, 0.0288932
703, 2015-10-30 07:00:00, 0.0288141
704, 2015-10-30 08:00:00, 0.0287353
705, 2015-10-30 09:00:00, 0.0286566
706, 2015-10-30 10:00:00, 0.0285782
707, 2015-10-30 11:00:00, 0.0285
708, 2015-10-30 12:00:00, 0.028422
709, 2015-10-30 13:00:00, 0.0283442
710, 2015-10-30 14:00:00, 0.0282667
711, 2015-10-30 15:00:00, 0.0281894
712, 2015-10-30 16:00:00, 0.0281123
713, 2015-10-30 17:00:00, 0.0280354
714, 2015-10-30 18:00:00, 0.0279587
715, 2015-10-30 19:00:00, 0.0278823
716, 2015-10-30 20:00:00, 0.0278061
717, 2015-10-30 21:00:00, 0.0277301
718, 2015-10-30 22:00:00, 0.0276543
719, 2015-10-30 23:00:00, 0.0275787
720, 2015-10-31 00:00:00, 0.0275033
721, 2015-10-31 01:00:00, 0.0274282
722, 2015-10-31 02:00:00, 0.0273533
723, 2015-10-31 03:00:00, 0.0272786
724, 2015-10-31 04:00:00, 0.0272041
725, 2015-10-31 05:00:00, 0.0271298
726, 2015-10-31 06:00:00, 0.0270557
727, 2015-10-31 07:00:00, 0.0269818
728, 2015-10-31 08:00:00, 0.0269082
729, 2015-10-31 09:00:00, 0.0268347
730, 2015-10-31 10:00:00, 0.0267615
731, 2015-10-31 11:00:00, 0.0266884
732, 2015-10-31 12:00:00, 0.0266156
733, 2015-10-31 13:00:00, 0.026543
734, 2015-10-31 14:00:00, 0.0264706
735, 2015-10-31 15:00:00, 0.0263984
736, 2015-10-31 16:00:00, 0.0263264
737, 2015-10-31 17:00:00, 0.0262546
738, 2015-10-31 18:00:00, 0.026183
739, 2015-10-31 19:00:00, 0.0261116
740, 2015-10-31 20:00:00, 0.0260404
741, 2015-10-31 21:00:00, 0.0259694
742, 2015-10-31 22:00:00, 0.0258986
743, 2015-10-31 23:00:00, 0.025828
744, 2015-11-01 00:00:00, 0.0257577
745, 2015-11-01 01:00:00, 0.0256875
746, 2015-11-01 02:00:00, 0.0256175
747, 2015-11-01 03:00:00, 0.0255477
748, 2015-11-01 04:00:00, 0.0254781
749, 2015-11-01 05:00:00, 0.0254087
750, 2015-11-01 06:00:00, 0.0253395
751, 2015-11-01 07:00:00, 0.0252705
752, 2015-11-01 08:00:00, 0.0252017
753, 2015-11-01 09:00:00, 0.0251331
754, 2015-11-01 10:00:00, 0.0250647
755, 2015-11-01 11:00:00, 0.0249965
756, 2015-11-01 12:00:00, 0.0249284
757, 2015-11-01 13:00:00, 0.0248606
758, 2015-11-01 14:00:00, 0.0247929
759, 2015-11-01 15:00:00, 0.0247255
760, 2015-11-01 16:00:00, 0.0246582
761, 2015-11-01 17:00:00, 0.0245911
762, 2015-11-01 18:00:00, 0.0245243
763, 2015-11-01 19:00:00, 0.0244576
764, 2015-11-01 20:00:00, 0.024391
765, 2015-11-01 21:00:00, 0.0243247
766, 2015-11-01 22:00:00, 0.0242586
767, 2015-11-01 23:00:00, 0.0241926
768, 2015-11-02 00:00:00, 0.0241269
769, 2015-11-02 01:00:00, 0.0240613
770, 2015-11-02 02:00:00, 0.0239959
771, 2015-11-02 03:00:00, 0.0239307
772, 2015-11-02 04:00:00, 0.0238657
773, 2015-11-02 05:00:00, 0.0238008
774, 2015-11-02 06:00:00, 0.0237362
775, 2015-11-02 07:00:00, 0.0236717
776, 2015-11-02 08:00:00, 0.0236074
777, 2015-11-02 09:00:00, 0.0235433
778, 2015-11-02 10:00:00, 0.0234794
779, 2015-11-02 11:00:00, 0.0234156
780, 2015-11-02 12:00:00, 0.023352
781, 2015-11-02 13:00:00, 0.0232886
782, 2015-11-02 14:00:00, 0.0232254
783, 2015-11-02 15:00:00, 0.0231624
784, 2015-11-02 16:00:00, 0.0230995
785, 2015-11-02 17:00:00, 0.0230368
786, 2015-11-02 18:00:00, 0.0229743
787, 2015-11-02 19:00:00, 0.022912
788, 2015-11-02 20:00:00, 0.0228498
789, 2015-11-02 21:00:00, 0.0227878
790, 2015-11-02 22:00:00, 0.022726
791, 2015-11-02 23:00:00, 0.0226644
792, 2015-11-03 00:00:00, 0.0226029
793, 2015-11-03 01:00:00, 0.0225416
794, 2015-11-03 02:00:00, 0.0224805
795, 2015-11-03 03:00:00, 0.0224196
796, 2015-11-03 04:00:00, 0.0223588
797, 2015-11-03 05:00:00, 0.0222982
798, 2015-11-03 06:00:00, 0.0222377
799, 2015-11-03 07:00:00, 0.0221775
800, 2015-11-03 08:00:00, 0.0221174
801, 2015-11-03 09:00:00, 0.0220574
802, 2015-11-03 10:00:00, 0.0219977
803, 2015-11-03 11:00:00, 0.0219381
804, 2015-11-03 12:00:00, 0.0218787
805, 2015-11-03 13:00:00, 0.0218194
806, 2015-11-03 14:00:00, 0.0217603
807, 2015-11-03 15:00:00, 0.0217014
808, 2015-11-03 16:00:00, 0.0216426
809, 2015-11-03 17:00:00, 0.021584
810, 2015-11-03 18:00:00, 0.0215256
811, 2015-11-03 19:00:00, 0.0214673
812, 2015-11-03 20:00:00, 0.0214092
813, 2015-11-03 21:00:00, 0.0213512
814, 2015-11-03 22:00:00, 0.0212934
815, 2015-11-03 23:00:00, 0.0212358
816, 2015-11-04 00:00:00, 0.0211784
817, 2015-11-04 01:00:00, 0.0211211
818, 2015-11-04 02:00:00, 0.0210639
819, 2015-11-04 03:00:00, 0.0210069
820, 2015-11-04 04:00:00, 0.0209501
821, 2015-11-04 05:00:00, 0.0208934
822, 2015-11-04 06:00:00, 0.0208369
823, 2015-11-04 07:00:00, 0.0207806
824, 2015-11-04 08:00:00, 0.0207244
825, 2015-11-04 09:00:00, 0.0206684
826, 2015-11-04 10:00:00, 0.0206125
827, 2015-11-04 11:00:00, 0.0205568
828, 2015-11-04 12:00:00, 0.0205012
829, 2015-11-04 13:00:00, 0.0204458
830, 2015-11-04 14:00:00, 0.0203905
831, 2015-11-04 15:00:00, 0.0203354
832, 2015-11-04 16:00:00, 0.0202805
833, 2015-11-04 17:00:00, 0.0202257
834, 2015-11-04 18:00:00, 0.020171
835, 2015-11-04 19:00:00, 0.0201165
836, 2015-11-04 20:00:00, 0.0200622
837, 2015-11-04 21:00:00, 0.020008
838, 2015-11-04 22:00:00, 0.019954
839, 2015-11-04 23:00:00, 0.0199001
840, 2015-11-05 00:00:00, 0.0198463
841, 2015-11-05 01:00:00, 0.0197927
842, 2015-11-05 02:00:00, 0.0197393
843, 2015-11-05 03:00:00, 0.019686
844, 2015-11-05 04:00:00, 0.0196329
845, 2015-11-05 05:00:00, 0.0195799
846, 2015-11-05 06:00:00, 0.019527
847, 2015-11-05 07:00:00, 0.0194743
848, 2015-11-05 08:00:00, 0.0194218
849, 2015-11-05 09:00:00, 0.0193694
850, 2015-11-05 10:00:00, 0.0193171
851, 2015-11-05 11:00:00, 0.019265
852, 2015-11-05 12:00:00, 0.019213
853, 2015-11-05 13:00:00, 0.0191612
854, 2015-11-05 14:00:00, 0.0191095
855, 2015-11-05 15:00:00, 0.019058
856, 2015-11-05 16:00:00, 0.0190066
857, 2015-11-05 17:00:00, 0.0189553
858, 2015-11-05 18:00:00, 0.0189042
859, 2015-11-05 19:00:00, 0.0188532
860, 2015-11-05 20:00:00, 0.0188024
861, 2015-11-05 21:00:00, 0.0187517
862, 2015-11-05 22:00:00, 0.0187012
863, 2015-11-05 23:00:00, 0.0186508
864, 2015-11-06 00:00:00, 0.0186005
865, 2015-11-06 01:00:00, 0.0185504
866, 2015-11-06 02:00:00, 0.0193132
867, 2015-11-06 03:00:00, 0.01882
868, 2015-11-06 04:00:00, 0.0186964
869, 2015-11-06 05:00:00, 0.0183512
870, 2015-11-06 06:00:00, 0.0183018
871, 2015-11-06 07:00:00, 0.0182525
872, 2015-11-06 08:00:00, 0.0182033
873, 2015-11-06 09:00:00, 0.0181543
874, 2015-11-06 10:00:00, 0.0181054
875, 2015-11-06 11:00:00, 0.0180567
876, 2015-11-06 12:00:00, 0.018008
877, 2015-11-06 13:00:00, 0.0179596
878, 2015-11-06 14:00:00, 0.0179112
879, 2015-11-06 15:00:00, 0.017863
880, 2015-11-06 16:00:00, 0.0178149
881, 2015-11-06 17:00:00, 0.0177669
882, 2015-11-06 18:00:00, 0.0177191
883, 2015-11-06 19:00:00, 0.0176714
884, 2015-11-06 20:00:00, 0.0176239
885, 2015-11-06 21:00:00, 0.0175765
886, 2015-11-06 22:00:00, 0.0175292
887, 2015-11-06 23:00:00, 0.017482
888, 2015-11-07 00:00:00, 0.017435
889, 2015-11-07 01:00:00, 0.0173881
890, 2015-11-07 02:00:00, 0.0173413
891, 2015-11-07 03:00:00, 0.0172947
892, 2015-11-07 04:00:00, 0.0172481
893, 2015-11-07 05:00:00, 0.0172018
894, 2015-11-07 06:00:00, 0.0171555
895, 2015-11-07 07:00:00, 0.0171094
896, 2015-11-07 08:00:00, 0.0170634
897, 2015-11-07 09:00:00, 0.0170175
898, 2015-11-07 10:00:00, 0.0169717
899, 2015-11-07 11:00:00, 0.0169261
900, 2015-11-07 12:00:00, 0.0168806
901, 2015-11-07 13:00:00, 0.0168352
902, 2015-11-07 14:00:00, 0.01679
903, 2015-11-07 15:00:00, 0.0167449
904, 2015-11-07 16:00:00, 0.0166999
905, 2015-11-07 17:00:00, 0.016655
906, 2015-11-07 18:00:00, 0.0166103
907, 2015-11-07 19:00:00, 0.0165656
908, 2015-11-07 20:00:00, 0.0165211
909, 2015-11-07 21:00:00, 0.0164767
910, 2015-11-07 22:00:00, 0.0164325
911, 2015-11-07 23:00:00, 0.0163883
912, 2015-11-08 00:00:00, 0.0163443
913, 2015-11-08 01:00:00, 0.0163004
914, 2015-11-08 02:00:00, 0.0162567
915, 2015-11-08 03:00:00, 0.016213
916, 2015-11-08 04:00:00, 0.0161695
917, 2015-11-08 05:00:00, 0.0161261
918, 2015-11-08 06:00:00, 0.0160828
919, 2015-11-08 07:00:00, 0.0160396
920, 2015-11-08 08:00:00, 0.0159965
921, 2015-11-08 09:00:00, 0.0159536
922, 2015-11-08 10:00:00, 0.0159108
923, 2015-11-08 11:00:00, 0.0158681
924, 2015-11-08 12:00:00, 0.0158255
925, 2015-11-08 13:00:00, 0.015783
926, 2015-11-08 14:00:00, 0.0157407
927, 2015-11-08 15:00:00, 0.0156985
928, 2015-11-08 16:00:00, 0.0156563
929, 2015-11-08 17:00:00, 0.0156143
930, 2015-11-08 18:00:00, 0.0155725
931, 2015-11-08 19:00:00, 0.0155307
932, 2015-11-08 20:00:00, 0.015489
933, 2015-11-08 21:00:00, 0.0154475
934, 2015-11-08 22:00:00, 0.0154061
935, 2015-11-08 23:00:00, 0.0153647
936, 2015-11-09 00:00:00, 0.0153235
937, 2015-11-09 01:00:00, 0.0152825
938, 2015-11-09 02:00:00, 0.0152415
939, 2015-11-09 03:00:00, 0.0152006
940, 2015-11-09 04:00:00, 0.0151599
941, 2015-11-09 05:00:00, 0.0151192
942, 2015-11-09 06:00:00, 0.0150787
943, 2015-11-09 07:00:00, 0.0150383
944, 2015-11-09 08:00:00, 0.014998
945, 2015-11-09 09:00:00, 0.0149578
946, 2015-11-09 10:00:00, 0.0149177
947, 2015-11-09 11:00:00, 0.0148777
948, 2015-11-09 12:00:00, 0.0148379
949, 2015-11-09 13:00:00, 0.0147981
950, 2015-11-09 14:00:00, 0.0147585
951, 2015-11-09 15:00:00, 0.0147189
952, 2015-11-09 16:00:00, 0.0146795
953, 2015-11-09 17:00:00, 0.0146402
954, 2015-11-09 18:00:00, 0.014601
955, 2015-11-09 19:00:00, 0.0145619
956, 2015-11-09 20:00:00, 0.0145229
957, 2015-11-09 21:00:00, 0.014484
958, 2015-11-09 22:00:00, 0.0144452
959, 2015-11-09 23:00:00, 0.0144065
960, 2015-11-10 00:00:00, 0.0143679
961, 2015-11-10 01:00:00, 0.0143295
962, 2015-11-10 02:00:00, 0.0142911
963, 2015-11-10 03:00:00, 0.0142528
964, 2015-11-10 04:00:00, 0.0142147
965, 2015-11-10 05:00:00, 0.0141766
966, 2015-11-10 06:00:00, 0.0141387
967, 2015-11-10 07:00:00, 0.0141009
968, 2015-11-10 08:00:00, 0.0140631
969, 2015-11-10 09:00:00, 0.0140255
970, 2015-11-10 10:00:00, 0.013988
971, 2015-11-10 11:00:00, 0.0139505
972, 2015-11-10 12:00:00, 0.0139132
973, 2015-11-10 13:00:00, 0.013876
974, 2015-11-10 14:00:00, 0.0138389
975, 2015-11-10 15:00:00, 0.0138018
976, 2015-11-10 16:00:00, 0.0137649
977, 2015-11-10 17:00:00, 0.0137281
978, 2015-11-10 18:00:00, 0.0136914
979, 2015-11-10 19:00:00, 0.0153642
980, 2015-11-10 20:00:00, 0.0204572
981, 2015-11-10 21:00:00, 0.0306902
982, 2015-11-10 22:00:00, 0.0262202
983, 2015-11-10 23:00:00, 0.0219819
984, 2015-11-11 00:00:00, 0.0158976
985, 2015-11-11 01:00:00, 0.0190926
986, 2015-11-11 02:00:00, 0.0170389
987, 2015-11-11 03:00:00, 0.0157757
988, 2015-11-11 04:00:00, 0.013801
989, 2015-11-11 05:00:00, 0.013294
990, 2015-11-11 06:00:00, 0.0132585
991, 2015-11-11 07:00:00, 0.0132231
992, 2015-11-11 08:00:00, 0.0131877
993, 2015-11-11 09:00:00, 0.0131525
994, 2015-11-11 10:00:00, 0.0131173
995, 2015-11-11 11:00:00, 0.0130823
996, 2015-11-11 12:00:00, 0.0130473
997, 2015-11-11 13:00:00, 0.0131337
998, 2015-11-11 14:00:00, 0.0130328
999, 2015-11-11 15:00:00, 0.0129871
1000, 2015-11-11 16:00:00, 0.0129085
1001, 2015-11-11 17:00:00, 0.012874
1002, 2015-11-11 18:00:00, 0.0128396
1003, 2015-11-11 19:00:00, 0.0128053
1004, 2015-11-11 20:00:00, 0.0127711
1005, 2015-11-11 21:00:00, 0.012737
1006, 2015-11-11 22:00:00, 0.012703
1007, 2015-11-11 23:00:00, 0.0126691
1008, 2015-11-12 00:00:00, 0.0126352
1009, 2015-11-12 01:00:00, 0.0126015
1010, 2015-11-12 02:00:00, 0.0125678
1011, 2015-11-12 03:00:00, 0.0125343
1012, 2015-11-12 04:00:00, 0.0125008
1013, 2015-11-12 05:00:00, 0.0124675
1014, 2015-11-12 06:00:00, 0.0124342
1015, 2015-11-12 07:00:00, 0.012401
1016, 2015-11-12 08:00:00, 0.0123679
1017, 2015-11-12 09:00:00, 0.0123349
1018, 2015-11-12 10:00:00, 0.012302
1019, 2015-11-12 11:00:00, 0.0122691
1020, 2015-11-12 12:00:00, 0.0122364
1021, 2015-11-12 13:00:00, 0.0122037
1022, 2015-11-12 14:00:00, 0.0121712
1023, 2015-11-12 15:00:00, 0.0121387
1024, 2015-11-12 16:00:00, 0.0122264
1025, 2015-11-12 17:00:00, 0.0127304
1026, 2015-11-12 18:00:00, 0.0127421
1027, 2015-11-12 19:00:00, 0.0125946
1028, 2015-11-12 20:00:00, 0.0122042
1029, 2015-11-12 21:00:00, 0.0120227
1030, 2015-11-12 22:00:00, 0.0119171
1031, 2015-11-12 23:00:00, 0.0118847
1032, 2015-11-13 00:00:00, 0.0118504
1033, 2015-11-13 01:00:00, 0.0118188
1034, 2015-11-13 02:00:00, 0.0117872
1035, 2015-11-13 03:00:00, 0.0117558
1036, 2015-11-13 04:00:00, 0.0117245
1037, 2015-11-13 05:00:00, 0.0116932
1038, 2015-11-13 06:00:00, 0.011662
1039, 2015-11-13 07:00:00, 0.0116309
1040, 2015-11-13 08:00:00, 0.0115999
1041, 2015-11-13 09:00:00, 0.011569
1042, 2015-11-13 10:00:00, 0.0115382
1043, 2015-11-13 11:00:00, 0.0115074
1044, 2015-11-13 12:00:00, 0.0114767
1045, 2015-11-13 13:00:00, 0.0114462
1046, 2015-11-13 14:00:00, 0.0114157
1047, 2015-11-13 15:00:00, 0.0113852
1048, 2015-11-13 16:00:00, 0.0113549
1049, 2015-11-13 17:00:00, 0.0113246
1050, 2015-11-13 18:00:00, 0.0112945
1051, 2015-11-13 19:00:00, 0.0112644
1052, 2015-11-13 20:00:00, 0.0112343
1053, 2015-11-13 21:00:00, 0.0112044
1054, 2015-11-13 22:00:00, 0.0111746
1055, 2015-11-13 23:00:00, 0.0111448
1056, 2015-11-14 00:00:00, 0.0111151
1057, 2015-11-14 01:00:00, 0.0110855
1058, 2015-11-14 02:00:00, 0.011056
1059, 2015-11-14 03:00:00, 0.0110265
1060, 2015-11-14 04:00:00, 0.0109972
1061, 2015-11-14 05:00:00, 0.0109679
1062, 2015-11-14 06:00:00, 0.0109387
1063, 2015-11-14 07:00:00, 0.0109095
1064, 2015-11-14 08:00:00, 0.0108805
1065, 2015-11-14 09:00:00, 0.0108515
1066, 2015-11-14 10:00:00, 0.0108226
1067, 2015-11-14 11:00:00, 0.0107938
1068, 2015-11-14 12:00:00, 0.0107651
1069, 2015-11-14 13:00:00, 0.0107364
1070, 2015-11-14 14:00:00, 0.0107078
1071, 2015-11-14 15:00:00, 0.0106793
1072, 2015-11-14 16:00:00, 0.0106509
1073, 2015-11-14 17:00:00, 0.0106225
1074, 2015-11-14 18:00:00, 0.0105943
1075, 2015-11-14 19:00:00, 0.0105661
1076, 2015-11-14 20:00:00, 0.0105379
1077, 2015-11-14 21:00:00, 0.0105099
1078, 2015-11-14 22:00:00, 0.0104819
1079, 2015-11-14 23:00:00, 0.010454
1080, 2015-11-15 00:00:00, 0.0104262
1081, 2015-11-15 01:00:00, 0.0103985
1082, 2015-11-15 02:00:00, 0.0103708
1083, 2015-11-15 03:00:00, 0.0103432
1084, 2015-11-15 04:00:00, 0.0103157
1085, 2015-11-15 05:00:00, 0.0102882
1086, 2015-11-15 06:00:00, 0.0102609
1087, 2015-11-15 07:00:00, 0.0102336
1088, 2015-11-15 08:00:00, 0.0102064
1089, 2015-11-15 09:00:00, 0.0101792
1090, 2015-11-15 10:00:00, 0.0101521
1091, 2015-11-15 11:00:00, 0.0101251
1092, 2015-11-15 12:00:00, 0.0100982
1093, 2015-11-15 13:00:00, 0.0100713
1094, 2015-11-15 14:00:00, 0.0100446
1095, 2015-11-15 15:00:00, 0.0100179
1096, 2015-11-15 16:00:00, 0.00999122
1097, 2015-11-15 17:00:00, 0.00996465
1098, 2015-11-15 18:00:00, 0.00993815
1099, 2015-11-15 19:00:00, 0.00991173
1100, 2015-11-15 20:00:00, 0.00988538
1101, 2015-11-15 21:00:00, 0.00985909
1102, 2015-11-15 22:00:00, 0.00983288
1103, 2015-11-15 23:00:00, 0.00980674
1104, 2015-11-16 00:00:00, 0.00978067
1105, 2015-11-16 01:00:00, 0.00975468
1106, 2015-11-16 02:00:00, 0.00972875
1107, 2015-11-16 03:00:00, 0.00970289
1108, 2015-11-16 04:00:00, 0.0096771
1109, 2015-11-16 05:00:00, 0.00965138
1110, 2015-11-16 06:00:00, 0.00962573
1111, 2015-11-16 07:00:00, 0.00960015
1112, 2015-11-16 08:00:00, 0.00957464
1113, 2015-11-16 09:00:00, 0.00954919
1114, 2015-11-16 10:00:00, 0.00952382
1115, 2015-11-16 11:00:00, 0.00949851
1116, 2015-11-16 12:00:00, 0.00947328
1117, 2015-11-16 13:00:00, 0.00944811
1118, 2015-11-16 14:00:00, 0.009423
1119, 2015-11-16 15:00:00, 0.00939797
1120, 2015-11-16 16:00:00, 0.009373
1121, 2015-11-16 17:00:00, 0.0093481
1122, 2015-11-16 18:00:00, 0.00932327
1123, 2015-11-16 19:00:00, 0.00929851
1124, 2015-11-16 20:00:00, 0.00927381
1125, 2015-11-16 21:00:00, 0.00924918
1126, 2015-11-16 22:00:00, 0.00922461
1127, 2015-11-16 23:00:00, 0.00920011
1128, 2015-11-17 00:00:00, 0.00917568
1129, 2015-11-17 01:00:00, 0.00915131
1130, 2015-11-17 02:00:00, 0.00912701
1131, 2015-11-17 03:00:00, 0.00910277
1132, 2015-11-17 04:00:00, 0.0090786
1133, 2015-11-17 05:00:00, 0.00905449
1134, 2015-11-17 06:00:00, 0.00903045
1135, 2015-11-17 07:00:00, 0.00900648
1136, 2015-11-17 08:00:00, 0.00898256
1137, 2015-11-17 09:00:00, 0.00895872
1138, 2015-11-17 10:00:00, 0.00893493
1139, 2015-11-17 11:00:00, 0.00891121
1140, 2015-11-17 12:00:00, 0.00888756
1141, 2015-11-17 13:00:00, 0.00886397
1142, 2015-11-17 14:00:00, 0.00884044
1143, 2015-11-17 15:00:00, 0.00881697
1144, 2015-11-17 16:00:00, 0.00879357
1145, 2015-11-17 17:00:00, 0.00877023
1146, 2015-11-17 18:00:00, 0.00874696
1147, 2015-11-17 19:00:00, 0.00872374
1148, 2015-11-17 20:00:00, 0.00870059
1149, 2015-11-17 21:00:00, 0.0086775
1150, 2015-11-17 22:00:00, 0.00865448
1151, 2015-11-17 23:00:00, 0.00863151
1152, 2015-11-18 00:00:00, 0.00860861
1153, 2015-11-18 01:00:00, 0.00858577
1154, 2015-11-18 02:00:00, 0.00856299
1155, 2015-11-18 03:00:00, 0.00854027
1156, 2015-11-18 04:00:00, 0.00851761
1157, 2015-11-18 05:00:00, 0.00849502
1158, 2015-11-18 06:00:00, 0.00847248
1159, 2015-11-18 07:00:00, 0.00845001
1160, 2015-11-18 08:00:00, 0.00842759
1161, 2015-11-18 09:00:00, 0.00840524
1162, 2015-11-18 10:00:00, 0.00838294
1163, 2015-11-18 11:00:00, 0.00836071
1164, 2015-11-18 12:00:00, 0.00833853
1165, 2015-11-18 13:00:00, 0.00831642
1166, 2015-11-18 14:00:00, 0.00829436
1167, 2015-11-18 15:00:00, 0.00827236
1168, 2015-11-18 16:00:00, 0.00825043
1169, 2015-11-18 17:00:00, 0.00822855
1170, 2015-11-18 18:00:00, 0.00820673
1171, 2015-11-18 19:00:00, 0.00818497
1172, 2015-11-18 20:00:00, 0.00816326
1173, 2015-11-18 21:00:00, 0.00814162
1174, 2015-11-18 22:00:00, 0.00812003
1175, 2015-11-18 23:00:00, 0.0080985
1176, 2015-11-19 00:00:00, 0.00807703
1177, 2015-11-19 01:00:00, 0.00805562
1178, 2015-11-19 02:00:00, 0.00803427
1179, 2015-11-19 03:00:00, 0.00801297
1180, 2015-11-19 04:00:00, 0.00799173
1181, 2015-11-19 05:00:00, 0.00797054
1182, 2015-11-19 06:00:00, 0.00794942
1183, 2015-11-19 07:00:00, 0.00792835
1184, 2015-11-19 08:00:00, 0.00790733
1185, 2015-11-19 09:00:00, 0.00788637
1186, 2015-11-19 10:00:00, 0.00786548
1187, 2015-11-19 11:00:00, 0.00784469
1188, 2015-11-19 12:00:00, 0.00782392
1189, 2015-11-19 13:00:00, 0.00780315
1190, 2015-11-19 14:00:00, 0.00778245
1191, 2015-11-19 15:00:00, 0.0077618
1192, 2015-11-19 16:00:00, 0.00774124
1193, 2015-11-19 17:00:00, 0.00772073
1194, 2015-11-19 18:00:00, 0.00770027
1195, 2015-11-19 19:00:00, 0.00767987
1196, 2015-11-19 20:00:00, 0.00765952
1197, 2015-11-19 21:00:00, 0.00763923
1198, 2015-11-19 22:00:00, 0.00761899
1199, 2015-11-19 23:00:00, 0.0075988
1200, 2015-11-20 00:00:00, 0.00757867
1201, 2015-11-20 01:00:00, 0.0075586
1202, 2015-11-20 02:00:00, 0.00753858
1203, 2015-11-20 03:00:00, 0.011752
1204, 2015-11-20 04:00:00, 0.0785729
1205, 2015-11-20 05:00:00, 0.182485
1206, 2015-11-20 06:00:00, 0.30637
1207, 2015-11-20 07:00:00, 0.456263
1208, 2015-11-20 08:00:00, 0.624501
1209, 2015-11-20 09:00:00, 0.337307
1210, 2015-11-20 10:00:00, 0.171404
1211, 2015-11-20 11:00:00, 0.0209313
1212, 2015-11-20 12:00:00, 0.0075618
1213, 2015-11-20 13:00:00, 0.00732184
1214, 2015-11-20 14:00:00, 0.00730245
1215, 2015-11-20 15:00:00, 0.00728312
1216, 2015-11-20 16:00:00, 0.00726383
1217, 2015-11-20 17:00:00, 0.0072446
1218, 2015-11-20 18:00:00, 0.00722542
1219, 2015-11-20 19:00:00, 0.00720629
1220, 2015-11-20 20:00:00, 0.00718721
1221, 2015-11-20 21:00:00, 0.00716819
1222, 2015-11-20 22:00:00, 0.00714921
1223, 2015-11-20 23:00:00, 0.00713028
1224, 2015-11-21 00:00:00, 0.00711141
1225, 2015-11-21 01:00:00, 0.00709258
1226, 2015-11-21 02:00:00, 0.00707381
1227, 2015-11-21 03:00:00, 0.00705509
1228, 2015-11-21 04:00:00, 0.00703641
1229, 2015-11-21 05:00:00, 0.00701779
1230, 2015-11-21 06:00:00, 0.00699922
1231, 2015-11-21 07:00:00, 0.00698069
1232, 2015-11-21 08:00:00, 0.00696222
1233, 2015-11-21 09:00:00, 0.00694379
1234, 2015-11-21 10:00:00, 0.00692542
1235, 2015-11-21 11:00:00, 0.00690709
1236, 2015-11-21 12:00:00, 0.00688881
1237, 2015-11-21 13:00:00, 0.00687058
1238, 2015-11-21 14:00:00, 0.0068524
1239, 2015-11-21 15:00:00, 0.00683427
1240, 2015-11-21 16:00:00, 0.00681619
1241, 2015-11-21 17:00:00, 0.00679816
1242, 2015-11-21 18:00:00, 0.00678017
1243, 2015-11-21 19:00:00, 0.00676223
1244, 2015-11-21 20:00:00, 0.00674434
1245, 2015-11-21 21:00:00, 0.0067265
1246, 2015-11-21 22:00:00, 0.0067087
1247, 2015-11-21 23:00:00, 0.00669096
1248, 2015-11-22 00:00:00, 0.00667326
1249, 2015-11-22 01:00:00, 0.0066556
1250, 2015-11-22 02:00:00, 0.006638
1251, 2015-11-22 03:00:00, 0.00662044
1252, 2015-11-22 04:00:00, 0.00660293
1253, 2015-11-22 05:00:00, 0.00658547
1254, 2015-11-22 06:00:00, 0.00656805
1255, 2015-11-22 07:00:00, 0.00655068
1256, 2015-11-22 08:00:00, 0.00653336
1257, 2015-11-22 09:00:00, 0.00651608
1258, 2015-11-22 10:00:00, 0.00649886
1259, 2015-11-22 11:00:00, 0.00648167
1260, 2015-11-22 12:00:00, 0.00646452
1261, 2015-11-22 13:00:00, 0.00644742
1262, 2015-11-22 14:00:00, 0.00643037
1263, 2015-11-22 15:00:00, 0.00641337
1264, 2015-11-22 16:00:00, 0.00639641
1265, 2015-11-22 17:00:00, 0.0063795
1266, 2015-11-22 18:00:00, 0.00636263
1267, 2015-11-22 19:00:00, 0.00634581
1268, 2015-11-22 20:00:00, 0.00632903
1269, 2015-11-22 21:00:00, 0.00664639
1270, 2015-11-22 22:00:00, 0.0064927
1271, 2015-11-22 23:00:00, 0.00642101
1272, 2015-11-23 00:00:00, 0.00678076
1273, 2015-11-23 01:00:00, 0.00674708
1274, 2015-11-23 02:00:00, 0.00682078
1275, 2015-11-23 03:00:00, 0.0105963
1276, 2015-11-23 04:00:00, 0.00818849
1277, 2015-11-23 05:00:00, 0.00769084
1278, 2015-11-23 06:00:00, 0.0061637
1279, 2015-11-23 07:00:00, 0.00614741
1280, 2015-11-23 08:00:00, 0.00613116
1281, 2015-11-23 09:00:00, 0.00611496
1282, 2015-11-23 10:00:00, 0.00609879
1283, 2015-11-23 11:00:00, 0.00608268
1284, 2015-11-23 12:00:00, 0.0060666
1285, 2015-11-23 13:00:00, 0.00605057
1286, 2015-11-23 14:00:00, 0.00603458
1287, 2015-11-23 15:00:00, 0.00601863
1288, 2015-11-23 16:00:00, 0.00600273
1289, 2015-11-23 17:00:00, 0.00598687
1290, 2015-11-23 18:00:00, 0.00597105
1291, 2015-11-23 19:00:00, 0.00595527
1292, 2015-11-23 20:00:00, 0.00593953
1293, 2015-11-23 21:00:00, 0.00592384
1294, 2015-11-23 22:00:00, 0.00590819
1295, 2015-11-23 23:00:00, 0.00589258
1296, 2015-11-24 00:00:00, 0.00587701
1297, 2015-11-24 01:00:00, 0.00586149
1298, 2015-11-24 02:00:00, 0.005846
1299, 2015-11-24 03:00:00, 0.00583056
1300, 2015-11-24 04:00:00, 0.00581515
1301, 2015-11-24 05:00:00, 0.00579979
1302, 2015-11-24 06:00:00, 0.00578447
1303, 2015-11-24 07:00:00, 0.00576919
1304, 2015-11-24 08:00:00, 0.00575395
1305, 2015-11-24 09:00:00, 0.00573875
1306, 2015-11-24 10:00:00, 0.0057236
1307, 2015-11-24 11:00:00, 0.00570848
1308, 2015-11-24 12:00:00, 0.0056934
1309, 2015-11-24 13:00:00, 0.00567836
1310, 2015-11-24 14:00:00, 0.00566337
1311, 2015-11-24 15:00:00, 0.00564841
1312, 2015-11-24 16:00:00, 0.00563349
1313, 2015-11-24 17:00:00, 0.00561862
1314, 2015-11-24 18:00:00, 0.00560378
1315, 2015-11-24 19:00:00, 0.00558898
1316, 2015-11-24 20:00:00, 0.00557422
1317, 2015-11-24 21:00:00, 0.0055595
1318, 2015-11-24 22:00:00, 0.00554482
1319, 2015-11-24 23:00:00, 0.00553018
1320, 2015-11-25 00:00:00, 0.00551558
1321, 2015-11-25 01:00:00, 0.00550101
1322, 2015-11-25 02:00:00, 0.00548649
1323, 2015-11-25 03:00:00, 0.005472
1324, 2015-11-25 04:00:00, 0.00545756
1325, 2015-11-25 05:00:00, 0.00544315
1326, 2015-11-25 06:00:00, 0.00542878
1327, 2015-11-25 07:00:00, 0.00541444
1328, 2015-11-25 08:00:00, 0.00540015
1329, 2015-11-25 09:00:00, 0.00538589
1330, 2015-11-25 10:00:00, 0.00537168
1331, 2015-11-25 11:00:00, 0.0053575
1332, 2015-11-25 12:00:00, 0.00534335
1333, 2015-11-25 13:00:00, 0.00532925
1334, 2015-11-25 14:00:00, 0.00531518
1335, 2015-11-25 15:00:00, 0.00530115
1336, 2015-11-25 16:00:00, 0.00528716
1337, 2015-11-25 17:00:00, 0.0052732
1338, 2015-11-25 18:00:00, 0.00525929
1339, 2015-11-25 19:00:00, 0.0052454
1340, 2015-11-25 20:00:00, 0.00523156
1341, 2015-11-25 21:00:00, 0.00521775
1342, 2015-11-25 22:00:00, 0.00520398
1343, 2015-11-25 23:00:00, 0.00519025
1344, 2015-11-26 00:00:00, 0.00517655
1345, 2015-11-26 01:00:00, 0.00516289
1346, 2015-11-26 02:00:00, 0.00514927
1347, 2015-11-26 03:00:00, 0.00513568
1348, 2015-11-26 04:00:00, 0.00512213
1349, 2015-11-26 05:00:00, 0.00510861
1350, 2015-11-26 06:00:00, 0.00509513
1351, 2015-11-26 07:00:00, 0.00508169
1352, 2015-11-26 08:00:00, 0.00506828
1353, 2015-11-26 09:00:00, 0.0050549
1354, 2015-11-26 10:00:00, 0.00504157
1355, 2015-11-26 11:00:00, 0.00502826
1356, 2015-11-26 12:00:00, 0.005015
1357, 2015-11-26 13:00:00, 0.00500177
1358, 2015-11-26 14:00:00, 0.00498857
1359, 2015-11-26 15:00:00, 0.00497541
1360, 2015-11-26 16:00:00, 0.00496228
1361, 2015-11-26 17:00:00, 0.00494919
1362, 2015-11-26 18:00:00, 0.00493614
1363, 2015-11-26 19:00:00, 0.00492312
1364, 2015-11-26 20:00:00, 0.00491013
1365, 2015-11-26 21:00:00, 0.00489718
1366, 2015-11-26 22:00:00, 0.00488426
1367, 2015-11-26 23:00:00, 0.00487138
1368, 2015-11-27 00:00:00, 0.00485853
1369, 2015-11-27 01:00:00, 0.00484571
1370, 2015-11-27 02:00:00, 0.00483293
1371, 2015-11-27 03:00:00, 0.00482018
1372, 2015-11-27 04:00:00, 0.00480747
1373, 2015-11-27 05:00:00, 0.00479479
1374, 2015-11-27 06:00:00, 0.00478214
1375, 2015-11-27 07:00:00, 0.00476953
1376, 2015-11-27 08:00:00, 0.00475695
1377, 2015-11-27 09:00:00, 0.00474441
1378, 2015-11-27 10:00:00, 0.0047319
1379, 2015-11-27 11:00:00, 0.00471943
1380, 2015-11-27 12:00:00, 0.00470698
1381, 2015-11-27 13:00:00, 0.00469457
1382, 2015-11-27 14:00:00, 0.00468218
1383, 2015-11-27 15:00:00, 0.00466983
1384, 2015-11-27 16:00:00, 0.00465752
1385, 2015-11-27 17:00:00, 0.00464524
1386, 2015-11-27 18:00:00, 0.00463299
1387, 2015-11-27 19:00:00, 0.00462077
1388, 2015-11-27 20:00:00, 0.00460859
1389, 2015-11-27 21:00:00, 0.00459644
1390, 2015-11-27 22:00:00, 0.00458432
1391, 2015-11-27 23:00:00, 0.00457223
1392, 2015-11-28 00:00:00, 0.00456018
1393, 2015-11-28 01:00:00, 0.00454816
1394, 2015-11-28 02:00:00, 0.00453617
1395, 2015-11-28 03:00:00, 0.00452421
1396, 2015-11-28 04:00:00, 0.00451228
1397, 2015-11-28 05:00:00, 0.00450038
1398, 2015-11-28 06:00:00, 0.00448852
1399, 2015-11-28 07:00:00, 0.00447669
1400, 2015-11-28 08:00:00, 0.00446489
1401, 2015-11-28 09:00:00, 0.00445312
1402, 2015-11-28 10:00:00, 0.00444138
1403, 2015-11-28 11:00:00, 0.00442967
1404, 2015-11-28 12:00:00, 0.004418
1405, 2015-11-28 13:00:00, 0.00440635
1406, 2015-11-28 14:00:00, 0.00439474
1407, 2015-11-28 15:00:00, 0.00439257
1408, 2015-11-28 16:00:00, 0.00500306
1409, 2015-11-28 17:00:00, 0.00579066
1410, 2015-11-28 18:00:00, 0.00772492
1411, 2015-11-28 19:00:00, 0.0192835
1412, 2015-11-28 20:00:00, 0.0150977
1413, 2015-11-28 21:00:00, 0.0108702
1414, 2015-11-28 22:00:00, 0.00594026
1415, 2015-11-28 23:00:00, 0.0044153
1416, 2015-11-29 00:00:00, 0.00437925
1417, 2015-11-29 01:00:00, 0.004269
1418, 2015-11-29 02:00:00, 0.00425775
1419, 2015-11-29 03:00:00, 0.00424653
1420, 2015-11-29 04:00:00, 0.00423534
1421, 2015-11-29 05:00:00, 0.00422418
1422, 2015-11-29 06:00:00, 0.00421305
1423, 2015-11-29 07:00:00, 0.00420195
1424, 2015-11-29 08:00:00, 0.00419087
1425, 2015-11-29 09:00:00, 0.00417983
1426, 2015-11-29 10:00:00, 0.00416882
1427, 2015-11-29 11:00:00, 0.00415783
1428, 2015-11-29 12:00:00, 0.00414688
1429, 2015-11-29 13:00:00, 0.00413595
1430, 2015-11-29 14:00:00, 0.00412506
1431, 2015-11-29 15:00:00, 0.00411419
1432, 2015-11-29 16:00:00, 0.00410335
1433, 2015-11-29 17:00:00, 0.00409254
1434, 2015-11-29 18:00:00, 0.00408176
1435, 2015-11-29 19:00:00, 0.004071
1436, 2015-11-29 20:00:00, 0.00406028
1437, 2015-11-29 21:00:00, 0.00404958
1438, 2015-11-29 22:00:00, 0.00403892
1439, 2015-11-29 23:00:00, 0.00402828
1440, 2015-11-30 00:00:00, 0.00401767
1441, 2015-11-30 01:00:00, 0.00400708
1442, 2015-11-30 02:00:00, 0.00399653
1443, 2015-11-30 03:00:00, 0.003986
1444, 2015-11-30 04:00:00, 0.0039755
1445, 2015-11-30 05:00:00, 0.00396503
1446, 2015-11-30 06:00:00, 0.00395459
1447, 2015-11-30 07:00:00, 0.00394417
1448, 2015-11-30 08:00:00, 0.00393378
1449, 2015-11-30 09:00:00, 0.00392342
1450, 2015-11-30 10:00:00, 0.00391309
1451, 2015-11-30 11:00:00, 0.00390278
1452, 2015-11-30 12:00:00, 0.0038925
1453, 2015-11-30 13:00:00, 0.00388226
1454, 2015-11-30 14:00:00, 0.00387204
1455, 2015-11-30 15:00:00, 0.00386184
1456, 2015-11-30 16:00:00, 0.00385166
1457, 2015-11-30 17:00:00, 0.00384152
1458, 2015-11-30 18:00:00, 0.0038314
1459, 2015-11-30 19:00:00, 0.00382131
1460, 2015-11-30 20:00:00, 0.00381125
1461, 2015-11-30 21:00:00, 0.00380121
1462, 2015-11-30 22:00:00, 0.0037912
1463, 2015-11-30 23:00:00, 0.00378122
1464, 2015-12-01 00:00:00, 0.00377126
1465, 2015-12-01 01:00:00, 0.00376133
1466, 2015-12-01 02:00:00, 0.00375143
1467, 2015-12-01 03:00:00, 0.00374155
1468, 2015-12-01 04:00:00, 0.0037317
1469, 2015-12-01 05:00:00, 0.00372187
1470, 2015-12-01 06:00:00, 0.00371207
1471, 2015-12-01 07:00:00, 0.0037023
1472, 2015-12-01 08:00:00, 0.00369255
1473, 2015-12-01 09:00:00, 0.00368283
1474, 2015-12-01 10:00:00, 0.00367314
1475, 2015-12-01 11:00:00, 0.00366347
1476, 2015-12-01 12:00:00, 0.00365382
1477, 2015-12-01 13:00:00, 0.00364421
1478, 2015-12-01 14:00:00, 0.00363461
1479, 2015-12-01 15:00:00, 0.00362504
1480, 2015-12-01 16:00:00, 0.0036155
1481, 2015-12-01 17:00:00, 0.00360598
1482, 2015-12-01 18:00:00, 0.00359649
1483, 2015-12-01 19:00:00, 0.00358702
1484, 2015-12-01 20:00:00, 0.0036648
1485, 2015-12-01 21:00:00, 0.00413456
1486, 2015-12-01 22:00:00, 0.00406513
1487, 2015-12-01 23:00:00, 0.00819891
1488, 2015-12-02 00:00:00, 0.0313663
1489, 2015-12-02 01:00:00, 0.0192488
1490, 2015-12-02 02:00:00, 0.0140338
1491, 2015-12-02 03:00:00, 0.00492262
1492, 2015-12-02 04:00:00, 0.00375142
1493, 2015-12-02 05:00:00, 0.00367981
1494, 2015-12-02 06:00:00, 0.00348515
1495, 2015-12-02 07:00:00, 0.00347535
1496, 2015-12-02 08:00:00, 0.0034662
1497, 2015-12-02 09:00:00, 0.00345708
1498, 2015-12-02 10:00:00, 0.00344798
1499, 2015-12-02 11:00:00, 0.00344051
1500, 2015-12-02 12:00:00, 0.00343058
1501, 2015-12-02 13:00:00, 0.00342141
1502, 2015-12-02 14:00:00, 0.00341182
1503, 2015-12-02 15:00:00, 0.00343791
1504, 2015-12-02 16:00:00, 0.00355417
1505, 2015-12-02 17:00:00, 0.00346332
1506, 2015-12-02 18:00:00, 0.00342854
1507, 2015-12-02 19:00:00, 0.00336717
1508, 2015-12-02 20:00:00, 0.00547579
1509, 2015-12-02 21:00:00, 0.00474468
1510, 2015-12-02 22:00:00, 0.0046335
1511, 2015-12-02 23:00:00, 0.00368301
1512, 2015-12-03 00:00:00, 0.00346974
1513, 2015-12-03 01:00:00, 0.00333428
1514, 2015-12-03 02:00:00, 0.00330837
1515, 2015-12-03 03:00:00, 0.00329706
1516, 2015-12-03 04:00:00, 0.00330359
1517, 2015-12-03 05:00:00, 0.00328661
1518, 2015-12-03 06:00:00, 0.0032766
1519, 2015-12-03 07:00:00, 0.00326242
1520, 2015-12-03 08:00:00, 0.00325382
1521, 2015-12-03 09:00:00, 0.00324524
1522, 2015-12-03 10:00:00, 0.00323669
1523, 2015-12-03 11:00:00, 0.00322818
1524, 2015-12-03 12:00:00, 0.00321968
1525, 2015-12-03 13:00:00, 0.00321121
1526, 2015-12-03 14:00:00, 0.00320277
1527, 2015-12-03 15:00:00, 0.00319434
1528, 2015-12-03 16:00:00, 0.00318594
1529, 2015-12-03 17:00:00, 0.00317756
1530, 2015-12-03 18:00:00, 0.0031692
1531, 2015-12-03 19:00:00, 0.00316086
1532, 2015-12-03 20:00:00, 0.00315254
1533, 2015-12-03 21:00:00, 0.00314425
1534, 2015-12-03 22:00:00, 0.00313598
1535, 2015-12-03 23:00:00, 0.00312773
1536, 2015-12-04 00:00:00, 0.0031195
1537, 2015-12-04 01:00:00, 0.0031113
1538, 2015-12-04 02:00:00, 0.00310312
1539, 2015-12-04 03:00:00, 0.00309495
1540, 2015-12-04 04:00:00, 0.00308681
1541, 2015-12-04 05:00:00, 0.00307869
1542, 2015-12-04 06:00:00, 0.0030706
1543, 2015-12-04 07:00:00, 0.00306252
1544, 2015-12-04 08:00:00, 0.00305446
1545, 2015-12-04 09:00:00, 0.00304643
1546, 2015-12-04 10:00:00, 0.00303842
1547, 2015-12-04 11:00:00, 0.00303043
1548, 2015-12-04 12:00:00, 0.00302246
1549, 2015-12-04 13:00:00, 0.00301451
1550, 2015-12-04 14:00:00, 0.00300658
1551, 2015-12-04 15:00:00, 0.00299867
1552, 2015-12-04 16:00:00, 0.00299079
1553, 2015-12-04 17:00:00, 0.00298292
1554, 2015-12-04 18:00:00, 0.00297508
1555, 2015-12-04 19:00:00, 0.00296725
1556, 2015-12-04 20:00:00, 0.00295945
1557, 2015-12-04 21:00:00, 0.00295167
1558, 2015-12-04 22:00:00, 0.0029439
1559, 2015-12-04 23:00:00, 0.00293616
1560, 2015-12-05 00:00:00, 0.00292844
1561, 2015-12-05 01:00:00, 0.00292074
1562, 2015-12-05 02:00:00, 0.00291306
1563, 2015-12-05 03:00:00, 0.0029054
1564, 2015-12-05 04:00:00, 0.00289776
1565, 2015-12-05 05:00:00, 0.00289014
1566, 2015-12-05 06:00:00, 0.00288254
1567, 2015-12-05 07:00:00, 0.00287496
1568, 2015-12-05 08:00:00, 0.0028674
1569, 2015-12-05 09:00:00, 0.00285986
1570, 2015-12-05 10:00:00, 0.00285234
1571, 2015-12-05 11:00:00, 0.00284484
1572, 2015-12-05 12:00:00, 0.00283736
1573, 2015-12-05 13:00:00, 0.0028299
1574, 2015-12-05 14:00:00, 0.00282246
1575, 2015-12-05 15:00:00, 0.00281504
1576, 2015-12-05 16:00:00, 0.00280764
1577, 2015-12-05 17:00:00, 0.00280026
1578, 2015-12-05 18:00:00, 0.0027929
1579, 2015-12-05 19:00:00, 0.00278556
1580, 2015-12-05 20:00:00, 0.00277823
1581, 2015-12-05 21:00:00, 0.00277093
1582, 2015-12-05 22:00:00, 0.00276364
1583, 2015-12-05 23:00:00, 0.00275638
1584, 2015-12-06 00:00:00, 0.00274913
1585, 2015-12-06 01:00:00, 0.0027419
1586, 2015-12-06 02:00:00, 0.0027347
1587, 2015-12-06 03:00:00, 0.00272751
1588, 2015-12-06 04:00:00, 0.00272034
1589, 2015-12-06 05:00:00, 0.00271319
1590, 2015-12-06 06:00:00, 0.00270605
1591, 2015-12-06 07:00:00, 0.00269894
1592, 2015-12-06 08:00:00, 0.00269185
1593, 2015-12-06 09:00:00, 0.00268477
1594, 2015-12-06 10:00:00, 0.00267771
1595, 2015-12-06 11:00:00, 0.00267067
1596, 2015-12-06 12:00:00, 0.00266365
1597, 2015-12-06 13:00:00, 0.00265665
1598, 2015-12-06 14:00:00, 0.00264967
1599, 2015-12-06 15:00:00, 0.00264271
1600, 2015-12-06 16:00:00, 0.00263576
1601, 2015-12-06 17:00:00, 0.00262883
1602, 2015-12-06 18:00:00, 0.00262192
1603, 2015-12-06 19:00:00, 0.00261503
1604, 2015-12-06 20:00:00, 0.00260816
1605, 2015-12-06 21:00:00, 0.0026013
1606, 2015-12-06 22:00:00, 0.00259447
1607, 2015-12-06 23:00:00, 0.00258765
1608, 2015-12-07 00:00:00, 0.00258085
1609, 2015-12-07 01:00:00, 0.00257406
1610, 2015-12-07 02:00:00, 0.0025673
1611, 2015-12-07 03:00:00, 0.00256055
1612, 2015-12-07 04:00:00, 0.00255382
1613, 2015-12-07 05:00:00, 0.00254711
1614, 2015-12-07 06:00:00, 0.00254042
1615, 2015-12-07 07:00:00, 0.00253374
1616, 2015-12-07 08:00:00, 0.00252708
1617, 2015-12-07 09:00:00, 0.00252044
1618, 2015-12-07 10:00:00, 0.00251382
1619, 2015-12-07 11:00:00, 0.00250721
1620, 2015-12-07 12:00:00, 0.00250062
1621, 2015-12-07 13:00:00, 0.00249405
1622, 2015-12-07 14:00:00, 0.0024875
1623, 2015-12-07 15:00:00, 0.00248096
1624, 2015-12-07 16:00:00, 0.00247444
1625, 2015-12-07 17:00:00, 0.00246794
1626, 2015-12-07 18:00:00, 0.00246145
1627, 2015-12-07 19:00:00, 0.00245499
1628, 2015-12-07 20:00:00, 0.00244854
1629, 2015-12-07 21:00:00, 0.0024421
1630, 2015-12-07 22:00:00, 0.00243569
1631, 2015-12-07 23:00:00, 0.00242929
1632, 2015-12-08 00:00:00, 0.0024229
1633, 2015-12-08 01:00:00, 0.00241654
1634, 2015-12-08 02:00:00, 0.00241019
1635, 2015-12-08 03:00:00, 0.00240385
1636, 2015-12-08 04:00:00, 0.00239754
1637, 2015-12-08 05:00:00, 0.00239124
1638, 2015-12-08 06:00:00, 0.00238496
1639, 2015-12-08 07:00:00, 0.00237869
1640, 2015-12-08 08:00:00, 0.00237244
1641, 2015-12-08 09:00:00, 0.00236621
1642, 2015-12-08 10:00:00, 0.00235999
1643, 2015-12-08 11:00:00, 0.00235379
1644, 2015-12-08 12:00:00, 0.00234761
1645, 2015-12-08 13:00:00, 0.00234144
1646, 2015-12-08 14:00:00, 0.00233529
1647, 2015-12-08 15:00:00, 0.00232915
1648, 2015-12-08 16:00:00, 0.00232303
1649, 2015-12-08 17:00:00, 0.00231693
1650, 2015-12-08 18:00:00, 0.00231084
1651, 2015-12-08 19:00:00, 0.00230477
1652, 2015-12-08 20:00:00, 0.00229872
1653, 2015-12-08 21:00:00, 0.00229268
1654, 2015-12-08 22:00:00, 0.00228666
1655, 2015-12-08 23:00:00, 0.00228065
1656, 2015-12-09 00:00:00, 0.00227466
1657, 2015-12-09 01:00:00, 0.00226868
1658, 2015-12-09 02:00:00, 0.00226272
1659, 2015-12-09 03:00:00, 0.00225678
1660, 2015-12-09 04:00:00, 0.00225085
1661, 2015-12-09 05:00:00, 0.00224494
1662, 2015-12-09 06:00:00, 0.00223909
1663, 2015-12-09 07:00:00, 0.00223324
1664, 2015-12-09 08:00:00, 0.0022274
1665, 2015-12-09 09:00:00, 0.00222156
1666, 2015-12-09 10:00:00, 0.00221574
1667, 2015-12-09 11:00:00, 0.00220994
1668, 2015-12-09 12:00:00, 0.00220415
1669, 2015-12-09 13:00:00, 0.00219827
1670, 2015-12-09 14:00:00, 0.00219246
1671, 2015-12-09 15:00:00, 0.00218667
1672, 2015-12-09 16:00:00, 0.00218092
1673, 2015-12-09 17:00:00, 0.00217519
1674, 2015-12-09 18:00:00, 0.00216948
1675, 2015-12-09 19:00:00, 0.00216378
1676, 2015-12-09 20:00:00, 0.0021581
1677, 2015-12-09 21:00:00, 0.00215243
1678, 2015-12-09 22:00:00, 0.00214678
1679, 2015-12-09 23:00:00, 0.00214114
1680, 2015-12-10 00:00:00, 0.00213552
1681, 2015-12-10 01:00:00, 0.00212991
1682, 2015-12-10 02:00:00, 0.00212431
1683, 2015-12-10 03:00:00, 0.00211874
1684, 2015-12-10 04:00:00, 0.00211317
1685, 2015-12-10 05:00:00, 0.00210762
1686, 2015-12-10 06:00:00, 0.00210209
1687, 2015-12-10 07:00:00, 0.00209657
1688, 2015-12-10 08:00:00, 0.00209106
1689, 2015-12-10 09:00:00, 0.00208558
1690, 2015-12-10 10:00:00, 0.00211262
1691, 2015-12-10 11:00:00, 0.0023584
1692, 2015-12-10 12:00:00, 0.00220327
1693, 2015-12-10 13:00:00, 0.00216156
1694, 2015-12-10 14:00:00, 0.00205833
1695, 2015-12-10 15:00:00, 0.00205292
1696, 2015-12-10 16:00:00, 0.00204753
1697, 2015-12-10 17:00:00, 0.00204216
1698, 2015-12-10 18:00:00, 0.00203679
1699, 2015-12-10 19:00:00, 0.00203144
1700, 2015-12-10 20:00:00, 0.00202611
1701, 2015-12-10 21:00:00, 0.00202079
1702, 2015-12-10 22:00:00, 0.00201548
1703, 2015-12-10 23:00:00, 0.00201019
1704, 2015-12-11 00:00:00, 0.00200491
1705, 2015-12-11 01:00:00, 0.00199965
1706, 2015-12-11 02:00:00, 0.0019944
1707, 2015-12-11 03:00:00, 0.00198916
1708, 2015-12-11 04:00:00, 0.00198394
1709, 2015-12-11 05:00:00, 0.00197873
1710, 2015-12-11 06:00:00, 0.00197353
1711, 2015-12-11 07:00:00, 0.00196835
1712, 2015-12-11 08:00:00, 0.00196318
1713, 2015-12-11 09:00:00, 0.00195803
1714, 2015-12-11 10:00:00, 0.00195289
1715, 2015-12-11 11:00:00, 0.00194776
1716, 2015-12-11 12:00:00, 0.00194265
1717, 2015-12-11 13:00:00, 0.00193755
1718, 2015-12-11 14:00:00, 0.00193246
1719, 2015-12-11 15:00:00, 0.00192739
1720, 2015-12-11 16:00:00, 0.00192233
1721, 2015-12-11 17:00:00, 0.00191728
1722, 2015-12-11 18:00:00, 0.00191225
1723, 2015-12-11 19:00:00, 0.00190722
1724, 2015-12-11 20:00:00, 0.00190222
1725, 2015-12-11 21:00:00, 0.00189722
1726, 2015-12-11 22:00:00, 0.00189224
1727, 2015-12-11 23:00:00, 0.00188728
1728, 2015-12-12 00:00:00, 0.00188232
1729, 2015-12-12 01:00:00, 0.00187738
1730, 2015-12-12 02:00:00, 0.00187245
1731, 2015-12-12 03:00:00, 0.00186753
1732, 2015-12-12 04:00:00, 0.00186263
1733, 2015-12-12 05:00:00, 0.00185774
1734, 2015-12-12 06:00:00, 0.00185287
1735, 2015-12-12 07:00:00, 0.001848
1736, 2015-12-12 08:00:00, 0.00184315
1737, 2015-12-12 09:00:00, 0.00183831
1738, 2015-12-12 10:00:00, 0.00183349
1739, 2015-12-12 11:00:00, 0.00182867
1740, 2015-12-12 12:00:00, 0.00182387
1741, 2015-12-12 13:00:00, 0.00181909
1742, 2015-12-12 14:00:00, 0.00181431
1743, 2015-12-12 15:00:00, 0.00180955
1744, 2015-12-12 16:00:00, 0.0018048
1745, 2015-12-12 17:00:00, 0.00180006
1746, 2015-12-12 18:00:00, 0.00179534
1747, 2015-12-12 19:00:00, 0.00179062
1748, 2015-12-12 20:00:00, 0.00178592
1749, 2015-12-12 21:00:00, 0.00178123
1750, 2015-12-12 22:00:00, 0.00177656
1751, 2015-12-12 23:00:00, 0.0017719
1752, 2015-12-13 00:00:00, 0.00176725
1753, 2015-12-13 01:00:00, 0.00176261
1754, 2015-12-13 02:00:00, 0.00175798
1755, 2015-12-13 03:00:00, 0.00175337
1756, 2015-12-13 04:00:00, 0.00174876
1757, 2015-12-13 05:00:00, 0.00174417
1758, 2015-12-13 06:00:00, 0.0017396
1759, 2015-12-13 07:00:00, 0.00173503
1760, 2015-12-13 08:00:00, 0.00173048
1761, 2015-12-13 09:00:00, 0.00172593
1762, 2015-12-13 10:00:00, 0.0017214
1763, 2015-12-13 11:00:00, 0.00171689
1764, 2015-12-13 12:00:00, 0.00171238
1765, 2015-12-13 13:00:00, 0.00170789
1766, 2015-12-13 14:00:00, 0.0017034
1767, 2015-12-13 15:00:00, 0.00169893
1768, 2015-12-13 16:00:00, 0.00169447
1769, 2015-12-13 17:00:00, 0.00169003
1770, 2015-12-13 18:00:00, 0.00168559
1771, 2015-12-13 19:00:00, 0.00168117
1772, 2015-12-13 20:00:00, 0.00167676
1773, 2015-12-13 21:00:00, 0.00167236
1774, 2015-12-13 22:00:00, 0.00166797
1775, 2015-12-13 23:00:00, 0.00166359
1776, 2015-12-14 00:00:00, 0.00165922
1777, 2015-12-14 01:00:00, 0.00165487
1778, 2015-12-14 02:00:00, 0.00165053
1779, 2015-12-14 03:00:00, 0.0016462
1780, 2015-12-14 04:00:00, 0.00164188
1781, 2015-12-14 05:00:00, 0.00163757
1782, 2015-12-14 06:00:00, 0.00163327
1783, 2015-12-14 07:00:00, 0.00162898
1784, 2015-12-14 08:00:00, 0.00162471
1785, 2015-12-14 09:00:00, 0.00162044
1786, 2015-12-14 10:00:00, 0.00161619
1787, 2015-12-14 11:00:00, 0.00161195
1788, 2015-12-14 12:00:00, 0.00160772
1789, 2015-12-14 13:00:00, 0.0016035
1790, 2015-12-14 14:00:00, 0.00159929
1791, 2015-12-14 15:00:00, 0.0015951
1792, 2015-12-14 16:00:00, 0.00159091
1793, 2015-12-14 17:00:00, 0.00158674
1794, 2015-12-14 18:00:00, 0.00158257
1795, 2015-12-14 19:00:00, 0.00157842
1796, 2015-12-14 20:00:00, 0.00157428
1797, 2015-12-14 21:00:00, 0.00157015
1798, 2015-12-14 22:00:00, 0.00156603
1799, 2015-12-14 23:00:00, 0.00156192
1800, 2015-12-15 00:00:00, 0.00155782
1801, 2015-12-15 01:00:00, 0.00317033
1802, 2015-12-15 02:00:00, 0.0977712
1803, 2015-12-15 03:00:00, 0.195651
1804, 2015-12-15 04:00:00, 0.112787
1805, 2015-12-15 05:00:00, 0.0633124
1806, 2015-12-15 06:00:00, 0.00623589
1807, 2015-12-15 07:00:00, 0.00283391
1808, 2015-12-15 08:00:00, 0.00157405
1809, 2015-12-15 09:00:00, 0.00152232
1810, 2015-12-15 10:00:00, 0.00179416
1811, 2015-12-15 11:00:00, 0.001645
1812, 2015-12-15 12:00:00, 0.00161393
1813, 2015-12-15 13:00:00, 0.00150821
1814, 2015-12-15 14:00:00, 0.00150208
1815, 2015-12-15 15:00:00, 0.00149762
1816, 2015-12-15 16:00:00, 0.00149369
1817, 2015-12-15 17:00:00, 0.00148978
1818, 2015-12-15 18:00:00, 0.00148587
1819, 2015-12-15 19:00:00, 0.00148197
1820, 2015-12-15 20:00:00, 0.00147808
1821, 2015-12-15 21:00:00, 0.0014742
1822, 2015-12-15 22:00:00, 0.00147034
1823, 2015-12-15 23:00:00, 0.00146648
1824, 2015-12-16 00:00:00, 0.00146263
1825, 2015-12-16 01:00:00, 0.00145879
1826, 2015-12-16 02:00:00, 0.00145497
1827, 2015-12-16 03:00:00, 0.00145115
1828, 2015-12-16 04:00:00, 0.00144734
1829, 2015-12-16 05:00:00, 0.00144355
1830, 2015-12-16 06:00:00, 0.00143976
1831, 2015-12-16 07:00:00, 0.00143598
1832, 2015-12-16 08:00:00, 0.00143221
1833, 2015-12-16 09:00:00, 0.00142846
1834, 2015-12-16 10:00:00, 0.00142471
1835, 2015-12-16 11:00:00, 0.00142097
1836, 2015-12-16 12:00:00, 0.00141724
1837, 2015-12-16 13:00:00, 0.00141353
1838, 2015-12-16 14:00:00, 0.00140982
1839, 2015-12-16 15:00:00, 0.00140612
1840, 2015-12-16 16:00:00, 0.00140243
1841, 2015-12-16 17:00:00, 0.00139875
1842, 2015-12-16 18:00:00, 0.00139508
1843, 2015-12-16 19:00:00, 0.00139142
1844, 2015-12-16 20:00:00, 0.00138777
1845, 2015-12-16 21:00:00, 0.00138413
1846, 2015-12-16 22:00:00, 0.0013805
1847, 2015-12-16 23:00:00, 0.00137688
1848, 2015-12-17 00:00:00, 0.00137327
1849, 2015-12-17 01:00:00, 0.00136967
1850, 2015-12-17 02:00:00, 0.00136607
1851, 2015-12-17 03:00:00, 0.00136249
1852, 2015-12-17 04:00:00, 0.00135892
1853, 2015-12-17 05:00:00, 0.00135535
1854, 2015-12-17 06:00:00, 0.0013518
1855, 2015-12-17 07:00:00, 0.00134825
1856, 2015-12-17 08:00:00, 0.00134471
1857, 2015-12-17 09:00:00, 0.00134119
1858, 2015-12-17 10:00:00, 0.00133767
1859, 2015-12-17 11:00:00, 0.00133417
1860, 2015-12-17 12:00:00, 0.00133067
1861, 2015-12-17 13:00:00, 0.00132718
1862, 2015-12-17 14:00:00, 0.00132369
1863, 2015-12-17 15:00:00, 0.00132022
1864, 2015-12-17 16:00:00, 0.00131676
1865, 2015-12-17 17:00:00, 0.0013133
1866, 2015-12-17 18:00:00, 0.00130986
1867, 2015-12-17 19:00:00, 0.00352117
1868, 2015-12-17 20:00:00, 0.00997929
1869, 2015-12-17 21:00:00, 0.0123279
1870, 2015-12-17 22:00:00, 0.0210996
1871, 2015-12-17 23:00:00, 0.0388296
1872, 2015-12-18 00:00:00, 0.0844344
1873, 2015-12-18 01:00:00, 0.0458241
1874, 2015-12-18 02:00:00, 0.0294569
1875, 2015-12-18 03:00:00, 0.00425368
1876, 2015-12-18 04:00:00, 0.00226634
1877, 2015-12-18 05:00:00, 0.00134535
1878, 2015-12-18 06:00:00, 0.00126922
1879, 2015-12-18 07:00:00, 0.00126589
1880, 2015-12-18 08:00:00, 0.00126257
1881, 2015-12-18 09:00:00, 0.00125926
1882, 2015-12-18 10:00:00, 0.00125596
1883, 2015-12-18 11:00:00, 0.00125266
1884, 2015-12-18 12:00:00, 0.00124938
1885, 2015-12-18 13:00:00, 0.0012461
1886, 2015-12-18 14:00:00, 0.00124283
1887, 2015-12-18 15:00:00, 0.00123957
1888, 2015-12-18 16:00:00, 0.00123632
1889, 2015-12-18 17:00:00, 0.00123308
1890, 2015-12-18 18:00:00, 0.00185653
1891, 2015-12-18 19:00:00, 0.00151148
1892, 2015-12-18 20:00:00, 0.00145129
1893, 2015-12-18 21:00:00, 0.0012202
1894, 2015-12-18 22:00:00, 0.001217
1895, 2015-12-18 23:00:00, 0.00121381
1896, 2015-12-19 00:00:00, 0.00121062
1897, 2015-12-19 01:00:00, 0.00120745
1898, 2015-12-19 02:00:00, 0.00120428
1899, 2015-12-19 03:00:00, 0.00120112
1900, 2015-12-19 04:00:00, 0.00119797
1901, 2015-12-19 05:00:00, 0.00119483
1902, 2015-12-19 06:00:00, 0.0011917
1903, 2015-12-19 07:00:00, 0.00118857
1904, 2015-12-19 08:00:00, 0.00118546
1905, 2015-12-19 09:00:00, 0.00118235
1906, 2015-12-19 10:00:00, 0.00117925
1907, 2015-12-19 11:00:00, 0.00117616
1908, 2015-12-19 12:00:00, 0.00117307
1909, 2015-12-19 13:00:00, 0.00116999
1910, 2015-12-19 14:00:00, 0.00116693
1911, 2015-12-19 15:00:00, 0.00116387
1912, 2015-12-19 16:00:00, 0.00116081
1913, 2015-12-19 17:00:00, 0.00115777
1914, 2015-12-19 18:00:00, 0.00115473
1915, 2015-12-19 19:00:00, 0.00115171
1916, 2015-12-19 20:00:00, 0.00114869
1917, 2015-12-19 21:00:00, 0.00114567
1918, 2015-12-19 22:00:00, 0.00114267
1919, 2015-12-19 23:00:00, 0.00113967
1920, 2015-12-20 00:00:00, 0.00113669
1921, 2015-12-20 01:00:00, 0.00113371
1922, 2015-12-20 02:00:00, 0.00113073
1923, 2015-12-20 03:00:00, 0.00112777
1924, 2015-12-20 04:00:00, 0.00112481
1925, 2015-12-20 05:00:00, 0.00112186
1926, 2015-12-20 06:00:00, 0.00111892
1927, 2015-12-20 07:00:00, 0.00111599
1928, 2015-12-20 08:00:00, 0.00111306
1929, 2015-12-20 09:00:00, 0.00111014
1930, 2015-12-20 10:00:00, 0.00110723
1931, 2015-12-20 11:00:00, 0.00110433
1932, 2015-12-20 12:00:00, 0.00110143
1933, 2015-12-20 13:00:00, 0.00109854
1934, 2015-12-20 14:00:00, 0.00109566
1935, 2015-12-20 15:00:00, 0.00109279
1936, 2015-12-20 16:00:00, 0.00108993
1937, 2015-12-20 17:00:00, 0.00108707
1938, 2015-12-20 18:00:00, 0.00108422
1939, 2015-12-20 19:00:00, 0.00108137
1940, 2015-12-20 20:00:00, 0.00107854
1941, 2015-12-20 21:00:00, 0.00107571
1942, 2015-12-20 22:00:00, 0.00107289
1943, 2015-12-20 23:00:00, 0.00107008
1944, 2015-12-21 00:00:00, 0.00106727
1945, 2015-12-21 01:00:00, 0.00106447
1946, 2015-12-21 02:00:00, 0.00106168
1947, 2015-12-21 03:00:00, 0.0010589
1948, 2015-12-21 04:00:00, 0.00105612
1949, 2015-12-21 05:00:00, 0.00105335
1950, 2015-12-21 06:00:00, 0.00105059
1951, 2015-12-21 07:00:00, 0.00104784
1952, 2015-12-21 08:00:00, 0.00104509
1953, 2015-12-21 09:00:00, 0.00104235
1954, 2015-12-21 10:00:00, 0.00103962
1955, 2015-12-21 11:00:00, 0.00103689
1956, 2015-12-21 12:00:00, 0.00103417
1957, 2015-12-21 13:00:00, 0.00103146
1958, 2015-12-21 14:00:00, 0.00102876
1959, 2015-12-21 15:00:00, 0.00102606
1960, 2015-12-21 16:00:00, 0.00102337
1961, 2015-12-21 17:00:00, 0.00102069
1962, 2015-12-21 18:00:00, 0.00101801
1963, 2015-12-21 19:00:00, 0.00101534
1964, 2015-12-21 20:00:00, 0.00101268
1965, 2015-12-21 21:00:00, 0.00101003
1966, 2015-12-21 22:00:00, 0.00100738
1967, 2015-12-21 23:00:00, 0.00100474
1968, 2015-12-22 00:00:00, 0.0010021
1969, 2015-12-22 01:00:00, 0.000999477
1970, 2015-12-22 02:00:00, 0.000996857
1971, 2015-12-22 03:00:00, 0.000994244
1972, 2015-12-22 04:00:00, 0.000991637
1973, 2015-12-22 05:00:00, 0.000989038
1974, 2015-12-22 06:00:00, 0.000986445
1975, 2015-12-22 07:00:00, 0.000983859
1976, 2015-12-22 08:00:00, 0.00098128
1977, 2015-12-22 09:00:00, 0.000978707
1978, 2015-12-22 10:00:00, 0.000976142
1979, 2015-12-22 11:00:00, 0.000973583
1980, 2015-12-22 12:00:00, 0.000971031
1981, 2015-12-22 13:00:00, 0.00103332
1982, 2015-12-22 14:00:00, 0.00102673
1983, 2015-12-22 15:00:00, 0.00149575
1984, 2015-12-22 16:00:00, 0.00533711
1985, 2015-12-22 17:00:00, 0.00621829
1986, 2015-12-22 18:00:00, 0.0104881
1987, 2015-12-22 19:00:00, 0.0287971
1988, 2015-12-22 20:00:00, 0.0206878
1989, 2015-12-22 21:00:00, 0.0137927
1990, 2015-12-22 22:00:00, 0.00395872
1991, 2015-12-22 23:00:00, 0.00142029
1992, 2015-12-23 00:00:00, 0.000962022
1993, 2015-12-23 01:00:00, 0.000938477
1994, 2015-12-23 02:00:00, 0.000936011
1995, 2015-12-23 03:00:00, 0.000933544
1996, 2015-12-23 04:00:00, 0.000931095
1997, 2015-12-23 05:00:00, 0.000928654
1998, 2015-12-23 06:00:00, 0.00092622
1999, 2015-12-23 07:00:00, 0.000923792
2000, 2015-12-23 08:00:00, 0.00092137
2001, 2015-12-23 09:00:00, 0.000918955
2002, 2015-12-23 10:00:00, 0.000916546
2003, 2015-12-23 11:00:00, 0.000914144
2004, 2015-12-23 12:00:00, 0.000911748
2005, 2015-12-23 13:00:00, 0.000909358
2006, 2015-12-23 14:00:00, 0.000906974
2007, 2015-12-23 15:00:00, 0.000904597
2008, 2015-12-23 16:00:00, 0.000902226
2009, 2015-12-23 17:00:00, 0.000899861
2010, 2015-12-23 18:00:00, 0.000897502
2011, 2015-12-23 19:00:00, 0.00089515
2012, 2015-12-23 20:00:00, 0.000892803
2013, 2015-12-23 21:00:00, 0.00096732
2014, 2015-12-23 22:00:00, 0.00164326
2015, 2015-12-23 23:00:00, 0.0021379
2016, 2015-12-24 00:00:00, 0.0992656
2017, 2015-12-24 01:00:00, 0.187319
2018, 2015-12-24 02:00:00, 0.195607
2019, 2015-12-24 03:00:00, 0.114971
2020, 2015-12-24 04:00:00, 0.0740098
2021, 2015-12-24 05:00:00, 0.141186
2022, 2015-12-24 06:00:00, 0.0775996
2023, 2015-12-24 07:00:00, 0.0496097
2024, 2015-12-24 08:00:00, 0.00593495
2025, 2015-12-24 09:00:00, 0.00217767
2026, 2015-12-24 10:00:00, 0.00159824
2027, 2015-12-24 11:00:00, 0.0011891
2028, 2015-12-24 12:00:00, 0.000856125
2029, 2015-12-24 13:00:00, 0.00085386
2030, 2015-12-24 14:00:00, 0.000851618
2031, 2015-12-24 15:00:00, 0.000849376
2032, 2015-12-24 16:00:00, 0.000847149
2033, 2015-12-24 17:00:00, 0.000844929
2034, 2015-12-24 18:00:00, 0.000842715
2035, 2015-12-24 19:00:00, 0.000840506
2036, 2015-12-24 20:00:00, 0.000838303
2037, 2015-12-24 21:00:00, 0.000836106
2038, 2015-12-24 22:00:00, 0.000833915
2039, 2015-12-24 23:00:00, 0.000831729
2040, 2015-12-25 00:00:00, 0.000829549
2041, 2015-12-25 01:00:00, 0.000827375
2042, 2015-12-25 02:00:00, 0.000825206
2043, 2015-12-25 03:00:00, 0.000823044
2044, 2015-12-25 04:00:00, 0.000820887
2045, 2015-12-25 05:00:00, 0.000818735
2046, 2015-12-25 06:00:00, 0.00081659
2047, 2015-12-25 07:00:00, 0.000814449
2048, 2015-12-25 08:00:00, 0.000812315
2049, 2015-12-25 09:00:00, 0.000810186
2050, 2015-12-25 10:00:00, 0.000808063
2051, 2015-12-25 11:00:00, 0.000805945
2052, 2015-12-25 12:00:00, 0.000803833
2053, 2015-12-25 13:00:00, 0.000801726
2054, 2015-12-25 14:00:00, 0.000799625
2055, 2015-12-25 15:00:00, 0.000797529
2056, 2015-12-25 16:00:00, 0.000795439
2057, 2015-12-25 17:00:00, 0.000793355
2058, 2015-12-25 18:00:00, 0.000791275
2059, 2015-12-25 19:00:00, 0.000789202
2060, 2015-12-25 20:00:00, 0.000787134
2061, 2015-12-25 21:00:00, 0.000785071
2062, 2015-12-25 22:00:00, 0.000783013
2063, 2015-12-25 23:00:00, 0.000780961
2064, 2015-12-26 00:00:00, 0.000778915
2065, 2015-12-26 01:00:00, 0.000776873
2066, 2015-12-26 02:00:00, 0.000774837
2067, 2015-12-26 03:00:00, 0.000772807
2068, 2015-12-26 04:00:00, 0.000770782
2069, 2015-12-26 05:00:00, 0.000768762
2070, 2015-12-26 06:00:00, 0.000766747
2071, 2015-12-26 07:00:00, 0.000764738
2072, 2015-12-26 08:00:00, 0.000762734
2073, 2015-12-26 09:00:00, 0.000760735
2074, 2015-12-26 10:00:00, 0.000758741
2075, 2015-12-26 11:00:00, 0.000756753
2076, 2015-12-26 12:00:00, 0.00075477
2077, 2015-12-26 13:00:00, 0.000752792
2078, 2015-12-26 14:00:00, 0.000750819
2079, 2015-12-26 15:00:00, 0.000748852
2080, 2015-12-26 16:00:00, 0.000746889
2081, 2015-12-26 17:00:00, 0.000744932
2082, 2015-12-26 18:00:00, 0.00074298
2083, 2015-12-26 19:00:00, 0.000741033
2084, 2015-12-26 20:00:00, 0.000739091
2085, 2015-12-26 21:00:00, 0.000737154
2086, 2015-12-26 22:00:00, 0.000735223
2087, 2015-12-26 23:00:00, 0.000733296
2088, 2015-12-27 00:00:00, 0.000731374
2089, 2015-12-27 01:00:00, 0.000729458
2090, 2015-12-27 02:00:00, 0.000727546
2091, 2015-12-27 03:00:00, 0.00072564
2092, 2015-12-27 04:00:00, 0.000723738
2093, 2015-12-27 05:00:00, 0.000721842
2094, 2015-12-27 06:00:00, 0.00071995
2095, 2015-12-27 07:00:00, 0.00582364
2096, 2015-12-27 08:00:00, 0.0150115
2097, 2015-12-27 09:00:00, 0.00801388
2098, 2015-12-27 10:00:00, 0.00561462
2099, 2015-12-27 11:00:00, 0.00101593
2100, 2015-12-27 12:00:00, 0.000933524
2101, 2015-12-27 13:00:00, 0.000727349
2102, 2015-12-27 14:00:00, 0.000704996
2103, 2015-12-27 15:00:00, 0.000703148
2104, 2015-12-27 16:00:00, 0.000701306
2105, 2015-12-27 17:00:00, 0.000699468
2106, 2015-12-27 18:00:00, 0.000697635
2107, 2015-12-27 19:00:00, 0.000695807
2108, 2015-12-27 20:00:00, 0.000693984
2109, 2015-12-27 21:00:00, 0.000692166
2110, 2015-12-27 22:00:00, 0.000690352
2111, 2015-12-27 23:00:00, 0.000688543
2112, 2015-12-28 00:00:00, 0.000686739
2113, 2015-12-28 01:00:00, 0.00068494
2114, 2015-12-28 02:00:00, 0.000683145
2115, 2015-12-28 03:00:00, 0.000681355
2116, 2015-12-28 04:00:00, 0.00067957
2117, 2015-12-28 05:00:00, 0.000677789
2118, 2015-12-28 06:00:00, 0.000676013
2119, 2015-12-28 07:00:00, 0.000674242
2120, 2015-12-28 08:00:00, 0.000672475
2121, 2015-12-28 09:00:00, 0.000670713
2122, 2015-12-28 10:00:00, 0.000668956
2123, 2015-12-28 11:00:00, 0.000667203
2124, 2015-12-28 12:00:00, 0.000665455
2125, 2015-12-28 13:00:00, 0.000663711
2126, 2015-12-28 14:00:00, 0.000661972
2127, 2015-12-28 15:00:00, 0.000660237
2128, 2015-12-28 16:00:00, 0.000658508
2129, 2015-12-28 17:00:00, 0.000656782
2130, 2015-12-28 18:00:00, 0.000655061
2131, 2015-12-28 19:00:00, 0.000653345
2132, 2015-12-28 20:00:00, 0.000651633
2133, 2015-12-28 21:00:00, 0.000649926
2134, 2015-12-28 22:00:00, 0.000648223
2135, 2015-12-28 23:00:00, 0.000646524
2136, 2015-12-29 00:00:00, 0.00064483
2137, 2015-12-29 01:00:00, 0.000643141
2138, 2015-12-29 02:00:00, 0.000641456
2139, 2015-12-29 03:00:00, 0.000639775
2140, 2015-12-29 04:00:00, 0.000638099
2141, 2015-12-29 05:00:00, 0.000636427
2142, 2015-12-29 06:00:00, 0.00063476
2143, 2015-12-29 07:00:00, 0.00258086
2144, 2015-12-29 08:00:00, 0.00197155
2145, 2015-12-29 09:00:00, 0.0020949
2146, 2015-12-29 10:00:00, 0.0017508
2147, 2015-12-29 11:00:00, 0.001148
2148, 2015-12-29 12:00:00, 0.000882023
2149, 2015-12-29 13:00:00, 0.000623493
2150, 2015-12-29 14:00:00, 0.0183632
2151, 2015-12-29 15:00:00, 0.0768303
2152, 2015-12-29 16:00:00, 0.134176
2153, 2015-12-29 17:00:00, 0.104176
2154, 2015-12-29 18:00:00, 0.0518947
2155, 2015-12-29 19:00:00, 0.0135419
2156, 2015-12-29 20:00:00, 0.000753231
2157, 2015-12-29 21:00:00, 0.000613117
2158, 2015-12-29 22:00:00, 0.000610689
2159, 2015-12-29 23:00:00, 0.000607345
2160, 2015-12-30 00:00:00, 0.000605482
2161, 2015-12-30 01:00:00, 0.000603896
2162, 2015-12-30 02:00:00, 0.000602313
2163, 2015-12-30 03:00:00, 0.000600735
2164, 2015-12-30 04:00:00, 0.000599162
2165, 2015-12-30 05:00:00, 0.000597592
2166, 2015-12-30 06:00:00, 0.000596043
2167, 2015-12-30 07:00:00, 0.000594485
2168, 2015-12-30 08:00:00, 0.000592921
2169, 2015-12-30 09:00:00, 0.000591359
2170, 2015-12-30 10:00:00, 0.000589805
2171, 2015-12-30 11:00:00, 0.000588259
2172, 2015-12-30 12:00:00, 0.000586718
2173, 2015-12-30 13:00:00, 0.000585186
2174, 2015-12-30 14:00:00, 0.00058366
2175, 2015-12-30 15:00:00, 0.00058217
2176, 2015-12-30 16:00:00, 0.000580618
2177, 2015-12-30 17:00:00, 0.000579089
2178, 2015-12-30 18:00:00, 0.000577556
2179, 2015-12-30 19:00:00, 0.000576043
2180, 2015-12-30 20:00:00, 0.000574534
2181, 2015-12-30 21:00:00, 0.000573028
2182, 2015-12-30 22:00:00, 0.000571527
2183, 2015-12-30 23:00:00, 0.00057003
2184, 2015-12-31 00:00:00, 0.000568537
2185, 2015-12-31 01:00:00, 0.000567047
2186, 2015-12-31 02:00:00, 0.000565562
2187, 2015-12-31 03:00:00, 0.00056408
2188, 2015-12-31 04:00:00, 0.000562602
2189, 2015-12-31 05:00:00, 0.000561128
2190, 2015-12-31 06:00:00, 0.0129278
2191, 2015-12-31 07:00:00, 0.0173809
2192, 2015-12-31 08:00:00, 0.0101523
2193, 2015-12-31 09:00:00, 0.00463413
2194, 2015-12-31 10:00:00, 0.000559323
2195, 2015-12-31 11:00:00, 0.000555764
2196, 2015-12-31 12:00:00, 0.000556814
2197, 2015-12-31 13:00:00, 0.000552128
2198, 2015-12-31 14:00:00, 0.000549689
2199, 2015-12-31 15:00:00, 0.000546606
2200, 2015-12-31 16:00:00, 0.000545169
2201, 2015-12-31 17:00:00, 0.00054374
2202, 2015-12-31 18:00:00, 0.000542316
2203, 2015-12-31 19:00:00, 0.000540895
2204, 2015-12-31 20:00:00, 0.000539478
2205, 2015-12-31 21:00:00, 0.000538065
2206, 2015-12-31 22:00:00, 0.000536656
2207, 2015-12-31 23:00:00, 0.00053525
2208, 2016-01-01 00:00:00, 0.000533848
2209, 2016-01-01 01:00:00, 0.000532449
2210, 2016-01-01 02:00:00, 0.000531054
2211, 2016-01-01 03:00:00, 0.000529663
2212, 2016-01-01 04:00:00, 0.000528276
2213, 2016-01-01 05:00:00, 0.000526892
2214, 2016-01-01 06:00:00, 0.000525511
2215, 2016-01-01 07:00:00, 0.000524135
2216, 2016-01-01 08:00:00, 0.000522762
2217, 2016-01-01 09:00:00, 0.000521392
2218, 2016-01-01 10:00:00, 0.000520027
2219, 2016-01-01 11:00:00, 0.000518664
2220, 2016-01-01 12:00:00, 0.000517306
2221, 2016-01-01 13:00:00, 0.000515951
2222, 2016-01-01 14:00:00, 0.000514599
2223, 2016-01-01 15:00:00, 0.000513251
2224, 2016-01-01 16:00:00, 0.000511906
2225, 2016-01-01 17:00:00, 0.000510566
2226, 2016-01-01 18:00:00, 0.000509228
2227, 2016-01-01 19:00:00, 0.000507894
2228, 2016-01-01 20:00:00, 0.000506564
2229, 2016-01-01 21:00:00, 0.000505237
2230, 2016-01-01 22:00:00, 0.000503913
2231, 2016-01-01 23:00:00, 0.000502593
2232, 2016-01-02 00:00:00, 0.000582721
2233, 2016-01-02 01:00:00, 0.000536984
2234, 2016-01-02 02:00:00, 0.00052827
2235, 2016-01-02 03:00:00, 0.000497348
2236, 2016-01-02 04:00:00, 0.000496045
2237, 2016-01-02 05:00:00, 0.000494746
2238, 2016-01-02 06:00:00, 0.00049345
2239, 2016-01-02 07:00:00, 0.000492264
2240, 2016-01-02 08:00:00, 0.000490917
2241, 2016-01-02 09:00:00, 0.000489621
2242, 2016-01-02 10:00:00, 0.0004883
2243, 2016-01-02 11:00:00, 0.000487021
2244, 2016-01-02 12:00:00, 0.000485745
2245, 2016-01-02 13:00:00, 0.000484472
2246, 2016-01-02 14:00:00, 0.000483225
2247, 2016-01-02 15:00:00, 0.000481975
2248, 2016-01-02 16:00:00, 0.000480696
2249, 2016-01-02 17:00:00, 0.000479426
2250, 2016-01-02 18:00:00, 0.00047816
2251, 2016-01-02 19:00:00, 0.000476908
2252, 2016-01-02 20:00:00, 0.000475659
2253, 2016-01-02 21:00:00, 0.000474413
2254, 2016-01-02 22:00:00, 0.00047317
2255, 2016-01-02 23:00:00, 0.000471931
2256, 2016-01-03 00:00:00, 0.000470695
2257, 2016-01-03 01:00:00, 0.000469462
2258, 2016-01-03 02:00:00, 0.000468232
2259, 2016-01-03 03:00:00, 0.000467006
2260, 2016-01-03 04:00:00, 0.000465782
2261, 2016-01-03 05:00:00, 0.000464562
2262, 2016-01-03 06:00:00, 0.000463345
2263, 2016-01-03 07:00:00, 0.000462132
2264, 2016-01-03 08:00:00, 0.000460921
2265, 2016-01-03 09:00:00, 0.000459714
2266, 2016-01-03 10:00:00, 0.00045851
2267, 2016-01-03 11:00:00, 0.000457309
2268, 2016-01-03 12:00:00, 0.000456111
2269, 2016-01-03 13:00:00, 0.000454916
2270, 2016-01-03 14:00:00, 0.000453725
2271, 2016-01-03 15:00:00, 0.000452536
2272, 2016-01-03 16:00:00, 0.000451351
2273, 2016-01-03 17:00:00, 0.000450169
2274, 2016-01-03 18:00:00, 0.00044899
2275, 2016-01-03 19:00:00, 0.000447814
2276, 2016-01-03 20:00:00, 0.000446641
2277, 2016-01-03 21:00:00, 0.000445471
2278, 2016-01-03 22:00:00, 0.000444304
2279, 2016-01-03 23:00:00, 0.00044314
2280, 2016-01-04 00:00:00, 0.00044198
2281, 2016-01-04 01:00:00, 0.000440822
2282, 2016-01-04 02:00:00, 0.000439667
2283, 2016-01-04 03:00:00, 0.000438516
2284, 2016-01-04 04:00:00, 0.000437367
2285, 2016-01-04 05:00:00, 0.000436222
2286, 2016-01-04 06:00:00, 0.000435079
2287, 2016-01-04 07:00:00, 0.000433939
2288, 2016-01-04 08:00:00, 0.000432803
2289, 2016-01-04 09:00:00, 0.000431669
2290, 2016-01-04 10:00:00, 0.000430539
2291, 2016-01-04 11:00:00, 0.000429411
2292, 2016-01-04 12:00:00, 0.000428286
2293, 2016-01-04 13:00:00, 0.000427164
2294, 2016-01-04 14:00:00, 0.000426046
2295, 2016-01-04 15:00:00, 0.000435856
2296, 2016-01-04 16:00:00, 0.000428783
2297, 2016-01-04 17:00:00, 0.00042668
2298, 2016-01-04 18:00:00, 0.000436374
2299, 2016-01-04 19:00:00, 0.000433094
2300, 2016-01-04 20:00:00, 0.000427441
2301, 2016-01-04 21:00:00, 0.000420435
2302, 2016-01-04 22:00:00, 0.0004172
2303, 2016-01-04 23:00:00, 0.000416107
2304, 2016-01-05 00:00:00, 0.000415017
2305, 2016-01-05 01:00:00, 0.00041393
2306, 2016-01-05 02:00:00, 0.000412846
2307, 2016-01-05 03:00:00, 0.000411765
2308, 2016-01-05 04:00:00, 0.000410687
2309, 2016-01-05 05:00:00, 0.000409611
2310, 2016-01-05 06:00:00, 0.000408538
2311, 2016-01-05 07:00:00, 0.000407468
2312, 2016-01-05 08:00:00, 0.000406401
2313, 2016-01-05 09:00:00, 0.000405337
2314, 2016-01-05 10:00:00, 0.000404275
2315, 2016-01-05 11:00:00, 0.000403216
2316, 2016-01-05 12:00:00, 0.00040216
2317, 2016-01-05 13:00:00, 0.000401107
2318, 2016-01-05 14:00:00, 0.000400056
2319, 2016-01-05 15:00:00, 0.000399008
2320, 2016-01-05 16:00:00, 0.000397963
2321, 2016-01-05 17:00:00, 0.00039715
2322, 2016-01-05 18:00:00, 0.000396021
2323, 2016-01-05 19:00:00, 0.000394944
2324, 2016-01-05 20:00:00, 0.000393824
2325, 2016-01-05 21:00:00, 0.000392779
2326, 2016-01-05 22:00:00, 0.00039175
2327, 2016-01-05 23:00:00, 0.000390724
2328, 2016-01-06 00:00:00, 0.000389701
2329, 2016-01-06 01:00:00, 0.000388681
2330, 2016-01-06 02:00:00, 0.000387663
2331, 2016-01-06 03:00:00, 0.000386647
2332, 2016-01-06 04:00:00, 0.000385635
2333, 2016-01-06 05:00:00, 0.000384625
2334, 2016-01-06 06:00:00, 0.000383617
2335, 2016-01-06 07:00:00, 0.000382613
2336, 2016-01-06 08:00:00, 0.000381611
2337, 2016-01-06 09:00:00, 0.000380611
2338, 2016-01-06 10:00:00, 0.000379614
2339, 2016-01-06 11:00:00, 0.00037862
2340, 2016-01-06 12:00:00, 0.000377628
2341, 2016-01-06 13:00:00, 0.000376639
2342, 2016-01-06 14:00:00, 0.000375653
2343, 2016-01-06 15:00:00, 0.000374669
2344, 2016-01-06 16:00:00, 0.000373688
2345, 2016-01-06 17:00:00, 0.000372709
2346, 2016-01-06 18:00:00, 0.000371733
2347, 2016-01-06 19:00:00, 0.00037076
2348, 2016-01-06 20:00:00, 0.000369789
2349, 2016-01-06 21:00:00, 0.00036882
2350, 2016-01-06 22:00:00, 0.000367854
2351, 2016-01-06 23:00:00, 0.000366891
2352, 2016-01-07 00:00:00, 0.00036593
2353, 2016-01-07 01:00:00, 0.000364972
2354, 2016-01-07 02:00:00, 0.000364016
2355, 2016-01-07 03:00:00, 0.000363063
2356, 2016-01-07 04:00:00, 0.000362112
2357, 2016-01-07 05:00:00, 0.000361163
2358, 2016-01-07 06:00:00, 0.000360218
2359, 2016-01-07 07:00:00, 0.000359274
2360, 2016-01-07 08:00:00, 0.000358333
2361, 2016-01-07 09:00:00, 0.000357395
2362, 2016-01-07 10:00:00, 0.000356459
2363, 2016-01-07 11:00:00, 0.000355525
2364, 2016-01-07 12:00:00, 0.000354594
2365, 2016-01-07 13:00:00, 0.000353666
2366, 2016-01-07 14:00:00, 0.000352739
2367, 2016-01-07 15:00:00, 0.000351816
2368, 2016-01-07 16:00:00, 0.000350894
2369, 2016-01-07 17:00:00, 0.000349975
2370, 2016-01-07 18:00:00, 0.000349059
2371, 2016-01-07 19:00:00, 0.000348145
2372, 2016-01-07 20:00:00, 0.000347233
2373, 2016-01-07 21:00:00, 0.000346324
2374, 2016-01-07 22:00:00, 0.000345417
2375, 2016-01-07 23:00:00, 0.000344512
2376, 2016-01-08 00:00:00, 0.00034361
2377, 2016-01-08 01:00:00, 0.00034271
2378, 2016-01-08 02:00:00, 0.000341812
2379, 2016-01-08 03:00:00, 0.000340917
2380, 2016-01-08 04:00:00, 0.000340024
2381, 2016-01-08 05:00:00, 0.000339134
2382, 2016-01-08 06:00:00, 0.000338246
2383, 2016-01-08 07:00:00, 0.00033736
2384, 2016-01-08 08:00:00, 0.000336477
2385, 2016-01-08 09:00:00, 0.000335595
2386, 2016-01-08 10:00:00, 0.000334717
2387, 2016-01-08 11:00:00, 0.00033384
2388, 2016-01-08 12:00:00, 0.000332966
2389, 2016-01-08 13:00:00, 0.000332094
2390, 2016-01-08 14:00:00, 0.000331224
2391, 2016-01-08 15:00:00, 0.000330357
2392, 2016-01-08 16:00:00, 0.000329492
2393, 2016-01-08 17:00:00, 0.000328629
2394, 2016-01-08 18:00:00, 0.000327768
2395, 2016-01-08 19:00:00, 0.00032691
2396, 2016-01-08 20:00:00, 0.000326054
2397, 2016-01-08 21:00:00, 0.0003252
2398, 2016-01-08 22:00:00, 0.000324348
2399, 2016-01-08 23:00:00, 0.000323499
2400, 2016-01-09 00:00:00, 0.000322652
2401, 2016-01-09 01:00:00, 0.000321807
2402, 2016-01-09 02:00:00, 0.000320964
2403, 2016-01-09 03:00:00, 0.000320123
2404, 2016-01-09 04:00:00, 0.000319285
2405, 2016-01-09 05:00:00, 0.000318449
2406, 2016-01-09 06:00:00, 0.000317615
2407, 2016-01-09 07:00:00, 0.000316783
2408, 2016-01-09 08:00:00, 0.000315954
2409, 2016-01-09 09:00:00, 0.000315126
2410, 2016-01-09 10:00:00, 0.000314301
2411, 2016-01-09 11:00:00, 0.000313478
2412, 2016-01-09 12:00:00, 0.000312657
2413, 2016-01-09 13:00:00, 0.000311838
2414, 2016-01-09 14:00:00, 0.000311022
2415, 2016-01-09 15:00:00, 0.000310207
2416, 2016-01-09 16:00:00, 0.000309395
2417, 2016-01-09 17:00:00, 0.000308585
2418, 2016-01-09 18:00:00, 0.000307777
2419, 2016-01-09 19:00:00, 0.000306971
2420, 2016-01-09 20:00:00, 0.000306167
2421, 2016-01-09 21:00:00, 0.000305365
2422, 2016-01-09 22:00:00, 0.000304565
2423, 2016-01-09 23:00:00, 0.000303768
2424, 2016-01-10 00:00:00, 0.000302972
2425, 2016-01-10 01:00:00, 0.000302179
2426, 2016-01-10 02:00:00, 0.000301388
2427, 2016-01-10 03:00:00, 0.000300598
2428, 2016-01-10 04:00:00, 0.000299811
2429, 2016-01-10 05:00:00, 0.000299026
2430, 2016-01-10 06:00:00, 0.000298243
2431, 2016-01-10 07:00:00, 0.000297462
2432, 2016-01-10 08:00:00, 0.000296683
2433, 2016-01-10 09:00:00, 0.000295906
2434, 2016-01-10 10:00:00, 0.000295131
2435, 2016-01-10 11:00:00, 0.000294372
2436, 2016-01-10 12:00:00, 0.0101759
2437, 2016-01-10 13:00:00, 0.0343316
2438, 2016-01-10 14:00:00, 0.218263
2439, 2016-01-10 15:00:00, 0.290255
2440, 2016-01-10 16:00:00, 0.517524
2441, 2016-01-10 17:00:00, 0.27398
2442, 2016-01-10 18:00:00, 0.150877
2443, 2016-01-10 19:00:00, 0.040512
2444, 2016-01-10 20:00:00, 0.10511
2445, 2016-01-10 21:00:00, 0.0526838
2446, 2016-01-10 22:00:00, 0.0347291
2447, 2016-01-10 23:00:00, 0.000679121
2448, 2016-01-11 00:00:00, 0.000287819
2449, 2016-01-11 01:00:00, 0.000286271
2450, 2016-01-11 02:00:00, 0.000283006
2451, 2016-01-11 03:00:00, 0.000282265
2452, 2016-01-11 04:00:00, 0.000281526
2453, 2016-01-11 05:00:00, 0.000280789
2454, 2016-01-11 06:00:00, 0.000280053
2455, 2016-01-11 07:00:00, 0.00027932
2456, 2016-01-11 08:00:00, 0.000278589
2457, 2016-01-11 09:00:00, 0.000277859
2458, 2016-01-11 10:00:00, 0.000277131
2459, 2016-01-11 11:00:00, 0.000276406
2460, 2016-01-11 12:00:00, 0.000275682
2461, 2016-01-11 13:00:00, 0.00027496
2462, 2016-01-11 14:00:00, 0.00027424
2463, 2016-01-11 15:00:00, 0.000273522
2464, 2016-01-11 16:00:00, 0.000272806
2465, 2016-01-11 17:00:00, 0.000272091
2466, 2016-01-11 18:00:00, 0.000271379
2467, 2016-01-11 19:00:00, 0.000270668
2468, 2016-01-11 20:00:00, 0.00026996
2469, 2016-01-11 21:00:00, 0.000269253
2470, 2016-01-11 22:00:00, 0.000268548
2471, 2016-01-11 23:00:00, 0.000267844
2472, 2016-01-12 00:00:00, 0.000267143
2473, 2016-01-12 01:00:00, 0.000266444
2474, 2016-01-12 02:00:00, 0.000265746
2475, 2016-01-12 03:00:00, 0.00026505
2476, 2016-01-12 04:00:00, 0.000264356
2477, 2016-01-12 05:00:00, 0.000263664
2478, 2016-01-12 06:00:00, 0.000262973
2479, 2016-01-12 07:00:00, 0.000262285
2480, 2016-01-12 08:00:00, 0.000261598
2481, 2016-01-12 09:00:00, 0.000260913
2482, 2016-01-12 10:00:00, 0.00026023
2483, 2016-01-12 11:00:00, 0.000259548
2484, 2016-01-12 12:00:00, 0.000258869
2485, 2016-01-12 13:00:00, 0.000258191
2486, 2016-01-12 14:00:00, 0.000257515
2487, 2016-01-12 15:00:00, 0.000256841
2488, 2016-01-12 16:00:00, 0.000256168
2489, 2016-01-12 17:00:00, 0.000255497
2490, 2016-01-12 18:00:00, 0.000254828
2491, 2016-01-12 19:00:00, 0.000254161
2492, 2016-01-12 20:00:00, 0.000253495
2493, 2016-01-12 21:00:00, 0.000252832
2494, 2016-01-12 22:00:00, 0.00025217
2495, 2016-01-12 23:00:00, 0.00064457
2496, 2016-01-13 00:00:00, 0.000570889
2497, 2016-01-13 01:00:00, 0.000567811
2498, 2016-01-13 02:00:00, 0.000399181
2499, 2016-01-13 03:00:00, 0.000310876
2500, 2016-01-13 04:00:00, 0.000265703
2501, 2016-01-13 05:00:00, 0.000247584
2502, 2016-01-13 06:00:00, 0.000246935
2503, 2016-01-13 07:00:00, 0.000246289
2504, 2016-01-13 08:00:00, 0.000245644
2505, 2016-01-13 09:00:00, 0.000245001
2506, 2016-01-13 10:00:00, 0.000244359
2507, 2016-01-13 11:00:00, 0.000243719
2508, 2016-01-13 12:00:00, 0.000243081
2509, 2016-01-13 13:00:00, 0.000242445
2510, 2016-01-13 14:00:00, 0.00024181
2511, 2016-01-13 15:00:00, 0.000241177
2512, 2016-01-13 16:00:00, 0.000240545
2513, 2016-01-13 17:00:00, 0.000239915
2514, 2016-01-13 18:00:00, 0.000239287
2515, 2016-01-13 19:00:00, 0.000238661
2516, 2016-01-13 20:00:00, 0.000238036
2517, 2016-01-13 21:00:00, 0.000237413
2518, 2016-01-13 22:00:00, 0.000236791
2519, 2016-01-13 23:00:00, 0.000236171
2520, 2016-01-14 00:00:00, 0.000235553
2521, 2016-01-14 01:00:00, 0.000234936
2522, 2016-01-14 02:00:00, 0.000234321
2523, 2016-01-14 03:00:00, 0.000233707
2524, 2016-01-14 04:00:00, 0.000233095
2525, 2016-01-14 05:00:00, 0.000232485
2526, 2016-01-14 06:00:00, 0.000231876
2527, 2016-01-14 07:00:00, 0.000231269
2528, 2016-01-14 08:00:00, 0.000230663
2529, 2016-01-14 09:00:00, 0.000230059
2530, 2016-01-14 10:00:00, 0.000229457
2531, 2016-01-14 11:00:00, 0.000228856
2532, 2016-01-14 12:00:00, 0.000228257
2533, 2016-01-14 13:00:00, 0.000227659
2534, 2016-01-14 14:00:00, 0.000227063
2535, 2016-01-14 15:00:00, 0.000226469
2536, 2016-01-14 16:00:00, 0.000225876
2537, 2016-01-14 17:00:00, 0.000225284
2538, 2016-01-14 18:00:00, 0.000301402
2539, 2016-01-14 19:00:00, 0.000258973
2540, 2016-01-14 20:00:00, 0.000251413
2541, 2016-01-14 21:00:00, 0.000222934
2542, 2016-01-14 22:00:00, 0.00022235
2543, 2016-01-14 23:00:00, 0.000221768
2544, 2016-01-15 00:00:00, 0.000221188
2545, 2016-01-15 01:00:00, 0.000220608
2546, 2016-01-15 02:00:00, 0.000220031
2547, 2016-01-15 03:00:00, 0.000219455
2548, 2016-01-15 04:00:00, 0.00021888
2549, 2016-01-15 05:00:00, 0.000218307
2550, 2016-01-15 06:00:00, 0.000217735
2551, 2016-01-15 07:00:00, 0.000217165
2552, 2016-01-15 08:00:00, 0.000216597
2553, 2016-01-15 09:00:00, 0.00021603
2554, 2016-01-15 10:00:00, 0.000215464
2555, 2016-01-15 11:00:00, 0.0002149
2556, 2016-01-15 12:00:00, 0.000214337
2557, 2016-01-15 13:00:00, 0.000213776
2558, 2016-01-15 14:00:00, 0.000213216
2559, 2016-01-15 15:00:00, 0.00023714
2560, 2016-01-15 16:00:00, 0.000223229
2561, 2016-01-15 17:00:00, 0.000220448
2562, 2016-01-15 18:00:00, 0.000210992
2563, 2016-01-15 19:00:00, 0.000210439
2564, 2016-01-15 20:00:00, 0.00020989
2565, 2016-01-15 21:00:00, 0.00020934
2566, 2016-01-15 22:00:00, 0.000208792
2567, 2016-01-15 23:00:00, 0.000208244
2568, 2016-01-16 00:00:00, 0.000207699
2569, 2016-01-16 01:00:00, 0.000207155
2570, 2016-01-16 02:00:00, 0.000206613
2571, 2016-01-16 03:00:00, 0.000206072
2572, 2016-01-16 04:00:00, 0.000205532
2573, 2016-01-16 05:00:00, 0.000228307
2574, 2016-01-16 06:00:00, 0.000219869
2575, 2016-01-16 07:00:00, 0.000214588
2576, 2016-01-16 08:00:00, 0.000205139
2577, 2016-01-16 09:00:00, 0.00550491
2578, 2016-01-16 10:00:00, 0.132354
2579, 2016-01-16 11:00:00, 0.883921
2580, 2016-01-16 12:00:00, 0.702241
2581, 2016-01-16 13:00:00, 0.470817
2582, 2016-01-16 14:00:00, 0.144339
2583, 2016-01-16 15:00:00, 0.0396431
2584, 2016-01-16 16:00:00, 0.0234826
2585, 2016-01-16 17:00:00, 0.00950551
2586, 2016-01-16 18:00:00, 0.00363151
2587, 2016-01-16 19:00:00, 0.000293576
2588, 2016-01-16 20:00:00, 0.000197089
2589, 2016-01-16 21:00:00, 0.000196573
2590, 2016-01-16 22:00:00, 0.000196058
2591, 2016-01-16 23:00:00, 0.000195545
2592, 2016-01-17 00:00:00, 0.000195033
2593, 2016-01-17 01:00:00, 0.000194522
2594, 2016-01-17 02:00:00, 0.000194013
2595, 2016-01-17 03:00:00, 0.000193505
2596, 2016-01-17 04:00:00, 0.000192999
2597, 2016-01-17 05:00:00, 0.000192493
2598, 2016-01-17 06:00:00, 0.000191989
2599, 2016-01-17 07:00:00, 0.000191487
2600, 2016-01-17 08:00:00, 0.000190985
2601, 2016-01-17 09:00:00, 0.000190485
2602, 2016-01-17 10:00:00, 0.000189986
2603, 2016-01-17 11:00:00, 0.000189489
2604, 2016-01-17 12:00:00, 0.000188993
2605, 2016-01-17 13:00:00, 0.000188498
2606, 2016-01-17 14:00:00, 0.000188005
2607, 2016-01-17 15:00:00, 0.000187512
2608, 2016-01-17 16:00:00, 0.000187021
2609, 2016-01-17 17:00:00, 0.000186532
2610, 2016-01-17 18:00:00, 0.000186043
2611, 2016-01-17 19:00:00, 0.000185556
2612, 2016-01-17 20:00:00, 0.00018507
2613, 2016-01-17 21:00:00, 0.000184586
2614, 2016-01-17 22:00:00, 0.000184103
2615, 2016-01-17 23:00:00, 0.000183621
2616, 2016-01-18 00:00:00, 0.00018314
2617, 2016-01-18 01:00:00, 0.00018266
2618, 2016-01-18 02:00:00, 0.000182182
2619, 2016-01-18 03:00:00, 0.000181705
2620, 2016-01-18 04:00:00, 0.000181229
2621, 2016-01-18 05:00:00, 0.000180755
2622, 2016-01-18 06:00:00, 0.000180282
2623, 2016-01-18 07:00:00, 0.00017981
2624, 2016-01-18 08:00:00, 0.000179339
2625, 2016-01-18 09:00:00, 0.000178869
2626, 2016-01-18 10:00:00, 0.000178401
2627, 2016-01-18 11:00:00, 0.000177934
2628, 2016-01-18 12:00:00, 0.000177468
2629, 2016-01-18 13:00:00, 0.000177004
2630, 2016-01-18 14:00:00, 0.00017654
2631, 2016-01-18 15:00:00, 0.000176078
2632, 2016-01-18 16:00:00, 0.000175617
2633, 2016-01-18 17:00:00, 0.000175157
2634, 2016-01-18 18:00:00, 0.000175331
2635, 2016-01-18 19:00:00, 0.000174544
2636, 2016-01-18 20:00:00, 0.000174022
2637, 2016-01-18 21:00:00, 0.000173336
2638, 2016-01-18 22:00:00, 0.000172876
2639, 2016-01-18 23:00:00, 0.000172424
2640, 2016-01-19 00:00:00, 0.000171972
2641, 2016-01-19 01:00:00, 0.000171522
2642, 2016-01-19 02:00:00, 0.000171073
2643, 2016-01-19 03:00:00, 0.000170625
2644, 2016-01-19 04:00:00, 0.000170178
2645, 2016-01-19 05:00:00, 0.000169733
2646, 2016-01-19 06:00:00, 0.000169288
2647, 2016-01-19 07:00:00, 0.000168845
2648, 2016-01-19 08:00:00, 0.000168403
2649, 2016-01-19 09:00:00, 0.000167962
2650, 2016-01-19 10:00:00, 0.000167522
2651, 2016-01-19 11:00:00, 0.000167084
2652, 2016-01-19 12:00:00, 0.000166646
2653, 2016-01-19 13:00:00, 0.00016621
2654, 2016-01-19 14:00:00, 0.000165775
2655, 2016-01-19 15:00:00, 0.000165341
2656, 2016-01-19 16:00:00, 0.000164908
2657, 2016-01-19 17:00:00, 0.000164476
2658, 2016-01-19 18:00:00, 0.000164046
2659, 2016-01-19 19:00:00, 0.000163616
2660, 2016-01-19 20:00:00, 0.000163188
2661, 2016-01-19 21:00:00, 0.000162761
2662, 2016-01-19 22:00:00, 0.000162334
2663, 2016-01-19 23:00:00, 0.000161909
2664, 2016-01-20 00:00:00, 0.000161486
2665, 2016-01-20 01:00:00, 0.000161063
2666, 2016-01-20 02:00:00, 0.000160641
2667, 2016-01-20 03:00:00, 0.000160221
2668, 2016-01-20 04:00:00, 0.000159801
2669, 2016-01-20 05:00:00, 0.000159383
2670, 2016-01-20 06:00:00, 0.000158965
2671, 2016-01-20 07:00:00, 0.000158549
2672, 2016-01-20 08:00:00, 0.000158134
2673, 2016-01-20 09:00:00, 0.00015772
2674, 2016-01-20 10:00:00, 0.000157307
2675, 2016-01-20 11:00:00, 0.000156895
2676, 2016-01-20 12:00:00, 0.000156485
2677, 2016-01-20 13:00:00, 0.000156075
2678, 2016-01-20 14:00:00, 0.000155666
2679, 2016-01-20 15:00:00, 0.000155259
2680, 2016-01-20 16:00:00, 0.000154852
2681, 2016-01-20 17:00:00, 0.000154447
2682, 2016-01-20 18:00:00, 0.000154043
2683, 2016-01-20 19:00:00, 0.000153639
2684, 2016-01-20 20:00:00, 0.000153237
2685, 2016-01-20 21:00:00, 0.000152836
2686, 2016-01-20 22:00:00, 0.000152436
2687, 2016-01-20 23:00:00, 0.000152037
2688, 2016-01-21 00:00:00, 0.000151639
2689, 2016-01-21 01:00:00, 0.000151242
2690, 2016-01-21 02:00:00, 0.000150846
2691, 2016-01-21 03:00:00, 0.000150451
2692, 2016-01-21 04:00:00, 0.000150057
2693, 2016-01-21 05:00:00, 0.000149664
2694, 2016-01-21 06:00:00, 0.000149272
2695, 2016-01-21 07:00:00, 0.000148881
2696, 2016-01-21 08:00:00, 0.000148492
2697, 2016-01-21 09:00:00, 0.000148103
2698, 2016-01-21 10:00:00, 0.000147715
2699, 2016-01-21 11:00:00, 0.000147328
2700, 2016-01-21 12:00:00, 0.000146943
2701, 2016-01-21 13:00:00, 0.000146558
2702, 2016-01-21 14:00:00, 0.000146174
2703, 2016-01-21 15:00:00, 0.000145792
2704, 2016-01-21 16:00:00, 0.00014541
2705, 2016-01-21 17:00:00, 0.000145029
2706, 2016-01-21 18:00:00, 0.00014465
2707, 2016-01-21 19:00:00, 0.000144271
2708, 2016-01-21 20:00:00, 0.000143893
2709, 2016-01-21 21:00:00, 0.000143516
2710, 2016-01-21 22:00:00, 0.000143141
2711, 2016-01-21 23:00:00, 0.000142766
2712, 2016-01-22 00:00:00, 0.000142392
2713, 2016-01-22 01:00:00, 0.000142019
2714, 2016-01-22 02:00:00, 0.000141648
2715, 2016-01-22 03:00:00, 0.000141277
2716, 2016-01-22 04:00:00, 0.000140907
2717, 2016-01-22 05:00:00, 0.000140538
2718, 2016-01-22 06:00:00, 0.00014017
2719, 2016-01-22 07:00:00, 0.000139803
2720, 2016-01-22 08:00:00, 0.000139437
2721, 2016-01-22 09:00:00, 0.000139072
2722, 2016-01-22 10:00:00, 0.000138708
2723, 2016-01-22 11:00:00, 0.000138345
2724, 2016-01-22 12:00:00, 0.000137983
2725, 2016-01-22 13:00:00, 0.000137621
2726, 2016-01-22 14:00:00, 0.000137261
2727, 2016-01-22 15:00:00, 0.000136902
2728, 2016-01-22 16:00:00, 0.000136543
2729, 2016-01-22 17:00:00, 0.000136186
2730, 2016-01-22 18:00:00, 0.000135829
2731, 2016-01-22 19:00:00, 0.000135474
2732, 2016-01-22 20:00:00, 0.000135119
2733, 2016-01-22 21:00:00, 0.000134765
2734, 2016-01-22 22:00:00, 0.000134413
2735, 2016-01-22 23:00:00, 0.000134061
2736, 2016-01-23 00:00:00, 0.00013371
2737, 2016-01-23 01:00:00, 0.00013336
2738, 2016-01-23 02:00:00, 0.000133011
2739, 2016-01-23 03:00:00, 0.000132662
2740, 2016-01-23 04:00:00, 0.000132315
2741, 2016-01-23 05:00:00, 0.000131969
2742, 2016-01-23 06:00:00, 0.000131623
2743, 2016-01-23 07:00:00, 0.000131279
2744, 2016-01-23 08:00:00, 0.000130935
2745, 2016-01-23 09:00:00, 0.000130592
2746, 2016-01-23 10:00:00, 0.00013025
2747, 2016-01-23 11:00:00, 0.000129909
2748, 2016-01-23 12:00:00, 0.000129569
2749, 2016-01-23 13:00:00, 0.00012923
2750, 2016-01-23 14:00:00, 0.000128892
2751, 2016-01-23 15:00:00, 0.000128554
2752, 2016-01-23 16:00:00, 0.000128218
2753, 2016-01-23 17:00:00, 0.000127882
2754, 2016-01-23 18:00:00, 0.000127547
2755, 2016-01-23 19:00:00, 0.000127213
2756, 2016-01-23 20:00:00, 0.00012688
2757, 2016-01-23 21:00:00, 0.000126548
2758, 2016-01-23 22:00:00, 0.000126217
2759, 2016-01-23 23:00:00, 0.000125886
2760, 2016-01-24 00:00:00, 0.000125557
2761, 2016-01-24 01:00:00, 0.000125228
2762, 2016-01-24 02:00:00, 0.0001249
2763, 2016-01-24 03:00:00, 0.000124573
2764, 2016-01-24 04:00:00, 0.000124247
2765, 2016-01-24 05:00:00, 0.000123922
2766, 2016-01-24 06:00:00, 0.000123597
2767, 2016-01-24 07:00:00, 0.000123274
2768, 2016-01-24 08:00:00, 0.000122951
2769, 2016-01-24 09:00:00, 0.000122629
2770, 2016-01-24 10:00:00, 0.000122308
2771, 2016-01-24 11:00:00, 0.000121988
2772, 2016-01-24 12:00:00, 0.000121669
2773, 2016-01-24 13:00:00, 0.00012135
2774, 2016-01-24 14:00:00, 0.000121033
2775, 2016-01-24 15:00:00, 0.000120716
2776, 2016-01-24 16:00:00, 0.0001204
2777, 2016-01-24 17:00:00, 0.000120084
2778, 2016-01-24 18:00:00, 0.000253
2779, 2016-01-24 19:00:00, 0.0370794
2780, 2016-01-24 20:00:00, 0.016974
2781, 2016-01-24 21:00:00, 0.0135846
2782, 2016-01-24 22:00:00, 0.000172923
2783, 2016-01-24 23:00:00, 0.000164603
2784, 2016-01-25 00:00:00, 0.000156783
2785, 2016-01-25 01:00:00, 0.000150493
2786, 2016-01-25 02:00:00, 0.000145259
2787, 2016-01-25 03:00:00, 0.000140838
2788, 2016-01-25 04:00:00, 0.00013662
2789, 2016-01-25 05:00:00, 0.000132784
2790, 2016-01-25 06:00:00, 0.000128966
2791, 2016-01-25 07:00:00, 0.000125837
2792, 2016-01-25 08:00:00, 0.000123158
2793, 2016-01-25 09:00:00, 0.000121068
2794, 2016-01-25 10:00:00, 0.000119409
2795, 2016-01-25 11:00:00, 0.000118096
2796, 2016-01-25 12:00:00, 0.000117029
2797, 2016-01-25 13:00:00, 0.000116144
2798, 2016-01-25 14:00:00, 0.000115412
2799, 2016-01-25 15:00:00, 0.000989015
2800, 2016-01-25 16:00:00, 0.00482983
2801, 2016-01-25 17:00:00, 0.0628669
2802, 2016-01-25 18:00:00, 0.0291755
2803, 2016-01-25 19:00:00, 0.0257577
2804, 2016-01-25 20:00:00, 0.00177416
2805, 2016-01-25 21:00:00, 0.00144001
2806, 2016-01-25 22:00:00, 0.000111294
2807, 2016-01-25 23:00:00, 0.000111003
2808, 2016-01-26 00:00:00, 0.000110712
2809, 2016-01-26 01:00:00, 0.000110422
2810, 2016-01-26 02:00:00, 0.000110133
2811, 2016-01-26 03:00:00, 0.000109845
2812, 2016-01-26 04:00:00, 0.000109557
2813, 2016-01-26 05:00:00, 0.000109271
2814, 2016-01-26 06:00:00, 0.000108985
2815, 2016-01-26 07:00:00, 0.000108699
2816, 2016-01-26 08:00:00, 0.000108415
2817, 2016-01-26 09:00:00, 0.000108131
2818, 2016-01-26 10:00:00, 0.000107848
2819, 2016-01-26 11:00:00, 0.000107566
2820, 2016-01-26 12:00:00, 0.000107284
2821, 2016-01-26 13:00:00, 0.000107003
2822, 2016-01-26 14:00:00, 0.000106723
2823, 2016-01-26 15:00:00, 0.000294686
2824, 2016-01-26 16:00:00, 0.00019173
2825, 2016-01-26 17:00:00, 0.000174339
2826, 2016-01-26 18:00:00, 0.00010561
2827, 2016-01-26 19:00:00, 0.000105333
2828, 2016-01-26 20:00:00, 0.000105058
2829, 2016-01-26 21:00:00, 0.000104783
2830, 2016-01-26 22:00:00, 0.000104508
2831, 2016-01-26 23:00:00, 0.000104235
2832, 2016-01-27 00:00:00, 0.000103962
2833, 2016-01-27 01:00:00, 0.00010369
2834, 2016-01-27 02:00:00, 0.000103418
2835, 2016-01-27 03:00:00, 0.000103147
2836, 2016-01-27 04:00:00, 0.000102877
2837, 2016-01-27 05:00:00, 0.000102608
2838, 2016-01-27 06:00:00, 0.00010234
2839, 2016-01-27 07:00:00, 0.000102072
2840, 2016-01-27 08:00:00, 0.000101804
2841, 2016-01-27 09:00:00, 0.000101538
2842, 2016-01-27 10:00:00, 0.000101272
2843, 2016-01-27 11:00:00, 0.000101007
2844, 2016-01-27 12:00:00, 0.000100743
2845, 2016-01-27 13:00:00, 0.000100479
2846, 2016-01-27 14:00:00, 0.000100216
2847, 2016-01-27 15:00:00, 9.99535e-05
2848, 2016-01-27 16:00:00, 9.96918e-05
2849, 2016-01-27 17:00:00, 9.94308e-05
2850, 2016-01-27 18:00:00, 9.91705e-05
2851, 2016-01-27 19:00:00, 9.89109e-05
2852, 2016-01-27 20:00:00, 9.8652e-05
2853, 2016-01-27 21:00:00, 9.83938e-05
2854, 2016-01-27 22:00:00, 9.81362e-05
2855, 2016-01-27 23:00:00, 9.78793e-05
2856, 2016-01-28 00:00:00, 9.7623e-05
2857, 2016-01-28 01:00:00, 9.73675e-05
2858, 2016-01-28 02:00:00, 9.71126e-05
2859, 2016-01-28 03:00:00, 9.68584e-05
2860, 2016-01-28 04:00:00, 9.66048e-05
2861, 2016-01-28 05:00:00, 9.63519e-05
2862, 2016-01-28 06:00:00, 9.60997e-05
2863, 2016-01-28 07:00:00, 9.58481e-05
2864, 2016-01-28 08:00:00, 9.55972e-05
2865, 2016-01-28 09:00:00, 9.5347e-05
2866, 2016-01-28 10:00:00, 9.50974e-05
2867, 2016-01-28 11:00:00, 9.48484e-05
2868, 2016-01-28 12:00:00, 9.46001e-05
2869, 2016-01-28 13:00:00, 9.43525e-05
2870, 2016-01-28 14:00:00, 9.41055e-05
2871, 2016-01-28 15:00:00, 9.38591e-05
2872, 2016-01-28 16:00:00, 9.36134e-05
2873, 2016-01-28 17:00:00, 9.33684e-05
2874, 2016-01-28 18:00:00, 9.3124e-05
2875, 2016-01-28 19:00:00, 9.28802e-05
2876, 2016-01-28 20:00:00, 9.2637e-05
2877, 2016-01-28 21:00:00, 9.23945e-05
2878, 2016-01-28 22:00:00, 9.21527e-05
2879, 2016-01-28 23:00:00, 9.19114e-05
2880, 2016-01-29 00:00:00, 9.16708e-05
2881, 2016-01-29 01:00:00, 9.14308e-05
2882, 2016-01-29 02:00:00, 9.11915e-05
2883, 2016-01-29 03:00:00, 9.09529e-05
2884, 2016-01-29 04:00:00, 9.07147e-05
2885, 2016-01-29 05:00:00, 9.04772e-05
2886, 2016-01-29 06:00:00, 9.02404e-05
2887, 2016-01-29 07:00:00, 9.00041e-05
2888, 2016-01-29 08:00:00, 8.97685e-05
2889, 2016-01-29 09:00:00, 8.95335e-05
2890, 2016-01-29 10:00:00, 8.92992e-05
2891, 2016-01-29 11:00:00, 8.90654e-05
2892, 2016-01-29 12:00:00, 8.88322e-05
2893, 2016-01-29 13:00:00, 8.85997e-05
2894, 2016-01-29 14:00:00, 8.83678e-05
2895, 2016-01-29 15:00:00, 8.81364e-05
2896, 2016-01-29 16:00:00, 8.79057e-05
2897, 2016-01-29 17:00:00, 8.76756e-05
2898, 2016-01-29 18:00:00, 8.74461e-05
2899, 2016-01-29 19:00:00, 8.72172e-05
2900, 2016-01-29 20:00:00, 8.69889e-05
2901, 2016-01-29 21:00:00, 8.67611e-05
2902, 2016-01-29 22:00:00, 8.6534e-05
2903, 2016-01-29 23:00:00, 8.63075e-05
2904, 2016-01-30 00:00:00, 8.60816e-05
2905, 2016-01-30 01:00:00, 8.58562e-05
2906, 2016-01-30 02:00:00, 8.56315e-05
2907, 2016-01-30 03:00:00, 8.54073e-05
2908, 2016-01-30 04:00:00, 8.51837e-05
2909, 2016-01-30 05:00:00, 8.49607e-05
2910, 2016-01-30 06:00:00, 8.47383e-05
2911, 2016-01-30 07:00:00, 8.45165e-05
2912, 2016-01-30 08:00:00, 8.42953e-05
2913, 2016-01-30 09:00:00, 8.40746e-05
2914, 2016-01-30 10:00:00, 8.38545e-05
2915, 2016-01-30 11:00:00, 8.3635e-05
2916, 2016-01-30 12:00:00, 8.34161e-05
2917, 2016-01-30 13:00:00, 8.31977e-05
2918, 2016-01-30 14:00:00, 8.29799e-05
2919, 2016-01-30 15:00:00, 8.27627e-05
2920, 2016-01-30 16:00:00, 8.2546e-05
2921, 2016-01-30 17:00:00, 8.233e-05
2922, 2016-01-30 18:00:00, 8.21144e-05
2923, 2016-01-30 19:00:00, 8.18995e-05
2924, 2016-01-30 20:00:00, 8.16851e-05
2925, 2016-01-30 21:00:00, 8.14713e-05
2926, 2016-01-30 22:00:00, 8.1258e-05
2927, 2016-01-30 23:00:00, 8.10453e-05
2928, 2016-01-31 00:00:00, 8.08331e-05
2929, 2016-01-31 01:00:00, 8.06215e-05
2930, 2016-01-31 02:00:00, 8.04105e-05
2931, 2016-01-31 03:00:00, 8.02e-05
2932, 2016-01-31 04:00:00, 7.999e-05
2933, 2016-01-31 05:00:00, 7.97806e-05
2934, 2016-01-31 06:00:00, 7.95718e-05
2935, 2016-01-31 07:00:00, 7.93635e-05
2936, 2016-01-31 08:00:00, 7.91558e-05
2937, 2016-01-31 09:00:00, 7.89485e-05
2938, 2016-01-31 10:00:00, 7.87419e-05
2939, 2016-01-31 11:00:00, 7.85358e-05
2940, 2016-01-31 12:00:00, 7.83302e-05
2941, 2016-01-31 13:00:00, 7.81251e-05
2942, 2016-01-31 14:00:00, 7.79206e-05
2943, 2016-01-31 15:00:00, 7.77166e-05
2944, 2016-01-31 16:00:00, 7.75132e-05
2945, 2016-01-31 17:00:00, 7.73103e-05
2946, 2016-01-31 18:00:00, 7.71079e-05
2947, 2016-01-31 19:00:00, 7.69061e-05
2948, 2016-01-31 20:00:00, 7.67047e-05
2949, 2016-01-31 21:00:00, 7.65039e-05
2950, 2016-01-31 22:00:00, 7.63037e-05
2951, 2016-01-31 23:00:00, 7.61039e-05
2952, 2016-02-01 00:00:00, 7.59047e-05
2953, 2016-02-01 01:00:00, 7.5706e-05
2954, 2016-02-01 02:00:00, 7.55078e-05
2955, 2016-02-01 03:00:00, 7.53102e-05
2956, 2016-02-01 04:00:00, 7.51131e-05
2957, 2016-02-01 05:00:00, 7.49164e-05
2958, 2016-02-01 06:00:00, 7.47203e-05
2959, 2016-02-01 07:00:00, 7.45247e-05
2960, 2016-02-01 08:00:00, 7.43296e-05
2961, 2016-02-01 09:00:00, 7.41351e-05
2962, 2016-02-01 10:00:00, 7.39412e-05
2963, 2016-02-01 11:00:00, 7.37475e-05
2964, 2016-02-01 12:00:00, 7.35544e-05
2965, 2016-02-01 13:00:00, 7.33618e-05
2966, 2016-02-01 14:00:00, 7.31698e-05
2967, 2016-02-01 15:00:00, 7.29783e-05
2968, 2016-02-01 16:00:00, 7.27872e-05
2969, 2016-02-01 17:00:00, 7.25967e-05
2970, 2016-02-01 18:00:00, 7.24067e-05
2971, 2016-02-01 19:00:00, 7.22171e-05
2972, 2016-02-01 20:00:00, 7.20281e-05
2973, 2016-02-01 21:00:00, 7.18395e-05
2974, 2016-02-01 22:00:00, 7.16515e-05
2975, 2016-02-01 23:00:00, 7.14639e-05
2976, 2016-02-02 00:00:00, 7.12768e-05
2977, 2016-02-02 01:00:00, 7.10903e-05
2978, 2016-02-02 02:00:00, 7.09042e-05
2979, 2016-02-02 03:00:00, 7.07186e-05
2980, 2016-02-02 04:00:00, 7.05334e-05
2981, 2016-02-02 05:00:00, 7.03488e-05
2982, 2016-02-02 06:00:00, 7.01647e-05
2983, 2016-02-02 07:00:00, 6.9981e-05
2984, 2016-02-02 08:00:00, 6.97978e-05
2985, 2016-02-02 09:00:00, 6.96151e-05
2986, 2016-02-02 10:00:00, 6.94329e-05
2987, 2016-02-02 11:00:00, 6.92511e-05
2988, 2016-02-02 12:00:00, 6.90698e-05
2989, 2016-02-02 13:00:00, 6.8889e-05
2990, 2016-02-02 14:00:00, 6.87087e-05
2991, 2016-02-02 15:00:00, 6.85288e-05
2992, 2016-02-02 16:00:00, 6.83494e-05
2993, 2016-02-02 17:00:00, 6.81705e-05
2994, 2016-02-02 18:00:00, 6.79921e-05
2995, 2016-02-02 19:00:00, 6.78141e-05
2996, 2016-02-02 20:00:00, 6.76366e-05
2997, 2016-02-02 21:00:00, 6.74595e-05
2998, 2016-02-02 22:00:00, 6.72829e-05
2999, 2016-02-02 23:00:00, 6.71068e-05
3000, 2016-02-03 00:00:00, 6.69312e-05
3001, 2016-02-03 01:00:00, 6.6756e-05
3002, 2016-02-03 02:00:00, 6.65812e-05
3003, 2016-02-03 03:00:00, 6.64069e-05
3004, 2016-02-03 04:00:00, 6.62331e-05
3005, 2016-02-03 05:00:00, 6.60597e-05
3006, 2016-02-03 06:00:00, 6.58868e-05
3007, 2016-02-03 07:00:00, 6.57143e-05
3008, 2016-02-03 08:00:00, 6.55423e-05
3009, 2016-02-03 09:00:00, 6.53707e-05
3010, 2016-02-03 10:00:00, 6.51996e-05
3011, 2016-02-03 11:00:00, 6.50289e-05
3012, 2016-02-03 12:00:00, 6.48587e-05
3013, 2016-02-03 13:00:00, 6.46889e-05
3014, 2016-02-03 14:00:00, 6.45196e-05
3015, 2016-02-03 15:00:00, 6.43507e-05
3016, 2016-02-03 16:00:00, 6.41823e-05
3017, 2016-02-03 17:00:00, 6.40143e-05
3018, 2016-02-03 18:00:00, 6.38467e-05
3019, 2016-02-03 19:00:00, 0.00232348
3020, 2016-02-03 20:00:00, 0.0530402
3021, 2016-02-03 21:00:00, 0.0950136
3022, 2016-02-03 22:00:00, 0.056294
3023, 2016-02-03 23:00:00, 0.18496
3024, 2016-02-04 00:00:00, 0.543743
3025, 2016-02-04 01:00:00, 0.518594
3026, 2016-02-04 02:00:00, 0.304583
3027, 2016-02-04 03:00:00, 0.107711
3028, 2016-02-04 04:00:00, 0.0113377
3029, 2016-02-04 05:00:00, 0.00300939
3030, 2016-02-04 06:00:00, 6.18965e-05
3031, 2016-02-04 07:00:00, 6.17202e-05
3032, 2016-02-04 08:00:00, 6.15936e-05
3033, 2016-02-04 09:00:00, 6.1467e-05
3034, 2016-02-04 10:00:00, 6.14654e-05
3035, 2016-02-04 11:00:00, 0.000145623
3036, 2016-02-04 12:00:00, 0.0222186
3037, 2016-02-04 13:00:00, 0.0101457
3038, 2016-02-04 14:00:00, 0.00810396
3039, 2016-02-04 15:00:00, 6.04274e-05
3040, 2016-02-04 16:00:00, 6.02692e-05
3041, 2016-02-04 17:00:00, 6.01114e-05
3042, 2016-02-04 18:00:00, 5.9954e-05
3043, 2016-02-04 19:00:00, 5.97971e-05
3044, 2016-02-04 20:00:00, 5.96406e-05
3045, 2016-02-04 21:00:00, 5.94845e-05
3046, 2016-02-04 22:00:00, 5.93288e-05
3047, 2016-02-04 23:00:00, 5.91735e-05
3048, 2016-02-05 00:00:00, 5.90186e-05
3049, 2016-02-05 01:00:00, 0.000287276
3050, 2016-02-05 02:00:00, 0.000162534
3051, 2016-02-05 03:00:00, 0.000141615
3052, 2016-02-05 04:00:00, 9.19963e-05
3053, 2016-02-05 05:00:00, 0.00236357
3054, 2016-02-05 06:00:00, 0.014807
3055, 2016-02-05 07:00:00, 0.0119476
3056, 2016-02-05 08:00:00, 0.00815947
3057, 2016-02-05 09:00:00, 0.00223514
3058, 2016-02-05 10:00:00, 0.000732786
3059, 2016-02-05 11:00:00, 0.00571014
3060, 2016-02-05 12:00:00, 0.00893268
3061, 2016-02-05 13:00:00, 0.00489879
3062, 2016-02-05 14:00:00, 0.00233065
3063, 2016-02-05 15:00:00, 5.67432e-05
3064, 2016-02-05 16:00:00, 5.65947e-05
3065, 2016-02-05 17:00:00, 8.67415e-05
3066, 2016-02-05 18:00:00, 0.00010375
3067, 2016-02-05 19:00:00, 0.000105846
3068, 2016-02-05 20:00:00, 9.64638e-05
3069, 2016-02-05 21:00:00, 8.93672e-05
3070, 2016-02-05 22:00:00, 8.69903e-05
3071, 2016-02-05 23:00:00, 8.67113e-05
3072, 2016-02-06 00:00:00, 8.63851e-05
3073, 2016-02-06 01:00:00, 8.58226e-05
3074, 2016-02-06 02:00:00, 8.48402e-05
3075, 2016-02-06 03:00:00, 8.33015e-05
3076, 2016-02-06 04:00:00, 8.12144e-05
3077, 2016-02-06 05:00:00, 7.8537e-05
3078, 2016-02-06 06:00:00, 7.54806e-05
3079, 2016-02-06 07:00:00, 7.22203e-05
3080, 2016-02-06 08:00:00, 6.89703e-05
3081, 2016-02-06 09:00:00, 6.55633e-05
3082, 2016-02-06 10:00:00, 6.21981e-05
3083, 2016-02-06 11:00:00, 5.90091e-05
3084, 2016-02-06 12:00:00, 5.64713e-05
3085, 2016-02-06 13:00:00, 5.48367e-05
3086, 2016-02-06 14:00:00, 5.40155e-05
3087, 2016-02-06 15:00:00, 5.38315e-05
3088, 2016-02-06 16:00:00, 5.99341e-05
3089, 2016-02-06 17:00:00, 0.000383185
3090, 2016-02-06 18:00:00, 0.00427752
3091, 2016-02-06 19:00:00, 0.0737532
3092, 2016-02-06 20:00:00, 0.0356138
3093, 2016-02-06 21:00:00, 0.0278398
3094, 2016-02-06 22:00:00, 0.00178559
3095, 2016-02-06 23:00:00, 0.00127322
3096, 2016-02-07 00:00:00, 0.000917007
3097, 2016-02-07 01:00:00, 0.00066837
3098, 2016-02-07 02:00:00, 0.000494169
3099, 2016-02-07 03:00:00, 0.000371597
3100, 2016-02-07 04:00:00, 0.000285047
3101, 2016-02-07 05:00:00, 0.00022346
3102, 2016-02-07 06:00:00, 0.000179343
3103, 2016-02-07 07:00:00, 0.000147295
3104, 2016-02-07 08:00:00, 0.00012371
3105, 2016-02-07 09:00:00, 0.000106112
3106, 2016-02-07 10:00:00, 9.27147e-05
3107, 2016-02-07 11:00:00, 8.23774e-05
3108, 2016-02-07 12:00:00, 7.4162e-05
3109, 2016-02-07 13:00:00, 6.82007e-05
3110, 2016-02-07 14:00:00, 6.46586e-05
3111, 2016-02-07 15:00:00, 7.69063e-05
3112, 2016-02-07 16:00:00, 0.0100177
3113, 2016-02-07 17:00:00, 0.140401
3114, 2016-02-07 18:00:00, 0.153718
3115, 2016-02-07 19:00:00, 0.0895801
3116, 2016-02-07 20:00:00, 0.0367935
3117, 2016-02-07 21:00:00, 0.00215408
3118, 2016-02-07 22:00:00, 0.00173298
3119, 2016-02-07 23:00:00, 4.89969e-05
3120, 2016-02-08 00:00:00, 4.88686e-05
3121, 2016-02-08 01:00:00, 4.87407e-05
3122, 2016-02-08 02:00:00, 4.86131e-05
3123, 2016-02-08 03:00:00, 4.84859e-05
3124, 2016-02-08 04:00:00, 4.8359e-05
3125, 2016-02-08 05:00:00, 4.82324e-05
3126, 2016-02-08 06:00:00, 7.16788e-05
3127, 2016-02-08 07:00:00, 0.000112494
3128, 2016-02-08 08:00:00, 0.000257863
3129, 2016-02-08 09:00:00, 0.000347199
3130, 2016-02-08 10:00:00, 0.000258336
3131, 2016-02-08 11:00:00, 0.000145334
3132, 2016-02-08 12:00:00, 6.76139e-05
3133, 2016-02-08 13:00:00, 4.72316e-05
3134, 2016-02-08 14:00:00, 4.71079e-05
3135, 2016-02-08 15:00:00, 4.69846e-05
3136, 2016-02-08 16:00:00, 4.68616e-05
3137, 2016-02-08 17:00:00, 4.6739e-05
3138, 2016-02-08 18:00:00, 4.66166e-05
3139, 2016-02-08 19:00:00, 4.64946e-05
3140, 2016-02-08 20:00:00, 4.63729e-05
3141, 2016-02-08 21:00:00, 4.62515e-05
3142, 2016-02-08 22:00:00, 4.61304e-05
3143, 2016-02-08 23:00:00, 4.60097e-05
3144, 2016-02-09 00:00:00, 4.58893e-05
3145, 2016-02-09 01:00:00, 4.57691e-05
3146, 2016-02-09 02:00:00, 4.56493e-05
3147, 2016-02-09 03:00:00, 4.55298e-05
3148, 2016-02-09 04:00:00, 4.54107e-05
3149, 2016-02-09 05:00:00, 4.52918e-05
3150, 2016-02-09 06:00:00, 4.51732e-05
3151, 2016-02-09 07:00:00, 4.5055e-05
3152, 2016-02-09 08:00:00, 4.49371e-05
3153, 2016-02-09 09:00:00, 4.48194e-05
3154, 2016-02-09 10:00:00, 4.47021e-05
3155, 2016-02-09 11:00:00, 4.45851e-05
3156, 2016-02-09 12:00:00, 4.44684e-05
3157, 2016-02-09 13:00:00, 4.4352e-05
3158, 2016-02-09 14:00:00, 4.42359e-05
3159, 2016-02-09 15:00:00, 4.41201e-05
3160, 2016-02-09 16:00:00, 4.40046e-05
3161, 2016-02-09 17:00:00, 4.38894e-05
3162, 2016-02-09 18:00:00, 4.37745e-05
3163, 2016-02-09 19:00:00, 4.366e-05
3164, 2016-02-09 20:00:00, 4.35457e-05
3165, 2016-02-09 21:00:00, 4.34317e-05
3166, 2016-02-09 22:00:00, 4.3318e-05
3167, 2016-02-09 23:00:00, 4.32046e-05
3168, 2016-02-10 00:00:00, 4.30915e-05
3169, 2016-02-10 01:00:00, 4.29787e-05
3170, 2016-02-10 02:00:00, 4.28662e-05
3171, 2016-02-10 03:00:00, 4.2754e-05
3172, 2016-02-10 04:00:00, 4.26421e-05
3173, 2016-02-10 05:00:00, 4.25305e-05
3174, 2016-02-10 06:00:00, 4.24192e-05
3175, 2016-02-10 07:00:00, 4.23081e-05
3176, 2016-02-10 08:00:00, 4.21974e-05
3177, 2016-02-10 09:00:00, 4.20869e-05
3178, 2016-02-10 10:00:00, 4.19768e-05
3179, 2016-02-10 11:00:00, 4.18669e-05
3180, 2016-02-10 12:00:00, 4.17573e-05
3181, 2016-02-10 13:00:00, 4.1648e-05
3182, 2016-02-10 14:00:00, 4.1539e-05
3183, 2016-02-10 15:00:00, 4.14303e-05
3184, 2016-02-10 16:00:00, 4.13218e-05
3185, 2016-02-10 17:00:00, 4.12136e-05
3186, 2016-02-10 18:00:00, 4.11058e-05
3187, 2016-02-10 19:00:00, 4.09982e-05
3188, 2016-02-10 20:00:00, 4.08908e-05
3189, 2016-02-10 21:00:00, 4.07838e-05
3190, 2016-02-10 22:00:00, 4.06771e-05
3191, 2016-02-10 23:00:00, 4.05706e-05
3192, 2016-02-11 00:00:00, 4.04644e-05
3193, 2016-02-11 01:00:00, 4.03585e-05
3194, 2016-02-11 02:00:00, 4.02528e-05
3195, 2016-02-11 03:00:00, 4.01475e-05
3196, 2016-02-11 04:00:00, 4.00424e-05
3197, 2016-02-11 05:00:00, 3.99376e-05
3198, 2016-02-11 06:00:00, 3.9833e-05
3199, 2016-02-11 07:00:00, 3.97288e-05
3200, 2016-02-11 08:00:00, 3.96248e-05
3201, 2016-02-11 09:00:00, 3.9521e-05
3202, 2016-02-11 10:00:00, 3.94176e-05
3203, 2016-02-11 11:00:00, 3.93144e-05
3204, 2016-02-11 12:00:00, 3.92115e-05
3205, 2016-02-11 13:00:00, 3.91089e-05
3206, 2016-02-11 14:00:00, 3.90065e-05
3207, 2016-02-11 15:00:00, 3.89044e-05
3208, 2016-02-11 16:00:00, 3.88026e-05
3209, 2016-02-11 17:00:00, 3.8701e-05
3210, 2016-02-11 18:00:00, 3.85997e-05
3211, 2016-02-11 19:00:00, 3.84987e-05
3212, 2016-02-11 20:00:00, 3.83979e-05
3213, 2016-02-11 21:00:00, 3.82974e-05
3214, 2016-02-11 22:00:00, 3.81971e-05
3215, 2016-02-11 23:00:00, 3.80971e-05
3216, 2016-02-12 00:00:00, 3.79974e-05
3217, 2016-02-12 01:00:00, 3.7898e-05
3218, 2016-02-12 02:00:00, 3.77988e-05
3219, 2016-02-12 03:00:00, 3.76998e-05
3220, 2016-02-12 04:00:00, 3.76011e-05
3221, 2016-02-12 05:00:00, 3.75027e-05
3222, 2016-02-12 06:00:00, 3.74046e-05
3223, 2016-02-12 07:00:00, 3.73066e-05
3224, 2016-02-12 08:00:00, 3.7209e-05
3225, 2016-02-12 09:00:00, 3.71116e-05
3226, 2016-02-12 10:00:00, 3.70145e-05
3227, 2016-02-12 11:00:00, 3.69176e-05
3228, 2016-02-12 12:00:00, 3.68209e-05
3229, 2016-02-12 13:00:00, 3.67245e-05
3230, 2016-02-12 14:00:00, 3.66284e-05
3231, 2016-02-12 15:00:00, 3.65325e-05
3232, 2016-02-12 16:00:00, 3.64369e-05
3233, 2016-02-12 17:00:00, 3.63415e-05
3234, 2016-02-12 18:00:00, 3.62464e-05
3235, 2016-02-12 19:00:00, 3.61515e-05
3236, 2016-02-12 20:00:00, 3.60569e-05
3237, 2016-02-12 21:00:00, 3.59625e-05
3238, 2016-02-12 22:00:00, 3.58684e-05
3239, 2016-02-12 23:00:00, 3.57745e-05
3240, 2016-02-13 00:00:00, 3.56809e-05
3241, 2016-02-13 01:00:00, 3.55875e-05
3242, 2016-02-13 02:00:00, 3.54943e-05
3243, 2016-02-13 03:00:00, 3.54014e-05
3244, 2016-02-13 04:00:00, 3.53087e-05
3245, 2016-02-13 05:00:00, 3.52163e-05
3246, 2016-02-13 06:00:00, 3.51241e-05
3247, 2016-02-13 07:00:00, 3.50322e-05
3248, 2016-02-13 08:00:00, 3.49405e-05
3249, 2016-02-13 09:00:00, 3.4849e-05
3250, 2016-02-13 10:00:00, 3.47578e-05
3251, 2016-02-13 11:00:00, 3.46668e-05
3252, 2016-02-13 12:00:00, 3.45761e-05
3253, 2016-02-13 13:00:00, 3.44856e-05
3254, 2016-02-13 14:00:00, 3.43953e-05
3255, 2016-02-13 15:00:00, 3.43053e-05
3256, 2016-02-13 16:00:00, 3.42155e-05
3257, 2016-02-13 17:00:00, 3.41259e-05
3258, 2016-02-13 18:00:00, 3.40366e-05
3259, 2016-02-13 19:00:00, 3.39475e-05
3260, 2016-02-13 20:00:00, 3.38587e-05
3261, 2016-02-13 21:00:00, 3.377e-05
3262, 2016-02-13 22:00:00, 3.36816e-05
3263, 2016-02-13 23:00:00, 3.35935e-05
3264, 2016-02-14 00:00:00, 3.35056e-05
3265, 2016-02-14 01:00:00, 3.34178e-05
3266, 2016-02-14 02:00:00, 3.33304e-05
3267, 2016-02-14 03:00:00, 3.32431e-05
3268, 2016-02-14 04:00:00, 3.31561e-05
3269, 2016-02-14 05:00:00, 3.30693e-05
3270, 2016-02-14 06:00:00, 3.29828e-05
3271, 2016-02-14 07:00:00, 3.28964e-05
3272, 2016-02-14 08:00:00, 3.28103e-05
3273, 2016-02-14 09:00:00, 3.27244e-05
3274, 2016-02-14 10:00:00, 3.26388e-05
3275, 2016-02-14 11:00:00, 3.25534e-05
3276, 2016-02-14 12:00:00, 3.24681e-05
3277, 2016-02-14 13:00:00, 3.23832e-05
3278, 2016-02-14 14:00:00, 3.22984e-05
3279, 2016-02-14 15:00:00, 3.22139e-05
3280, 2016-02-14 16:00:00, 3.21295e-05
3281, 2016-02-14 17:00:00, 3.20454e-05
3282, 2016-02-14 18:00:00, 3.19616e-05
3283, 2016-02-14 19:00:00, 3.18779e-05
3284, 2016-02-14 20:00:00, 3.17944e-05
3285, 2016-02-14 21:00:00, 3.17112e-05
3286, 2016-02-14 22:00:00, 3.16282e-05
3287, 2016-02-14 23:00:00, 3.15454e-05
3288, 2016-02-15 00:00:00, 3.14629e-05
3289, 2016-02-15 01:00:00, 3.13805e-05
3290, 2016-02-15 02:00:00, 3.12984e-05
3291, 2016-02-15 03:00:00, 3.12164e-05
3292, 2016-02-15 04:00:00, 3.11347e-05
3293, 2016-02-15 05:00:00, 3.10532e-05
3294, 2016-02-15 06:00:00, 3.0972e-05
3295, 2016-02-15 07:00:00, 3.08909e-05
3296, 2016-02-15 08:00:00, 3.081e-05
3297, 2016-02-15 09:00:00, 3.07294e-05
3298, 2016-02-15 10:00:00, 3.06489e-05
3299, 2016-02-15 11:00:00, 3.05687e-05
3300, 2016-02-15 12:00:00, 3.04887e-05
3301, 2016-02-15 13:00:00, 3.04089e-05
3302, 2016-02-15 14:00:00, 3.03293e-05
3303, 2016-02-15 15:00:00, 3.02499e-05
3304, 2016-02-15 16:00:00, 3.01707e-05
3305, 2016-02-15 17:00:00, 3.00918e-05
3306, 2016-02-15 18:00:00, 3.0013e-05
3307, 2016-02-15 19:00:00, 3.12286e-05
3308, 2016-02-15 20:00:00, 3.04443e-05
3309, 2016-02-15 21:00:00, 3.02485e-05
3310, 2016-02-15 22:00:00, 2.97e-05
3311, 2016-02-15 23:00:00, 2.96222e-05
3312, 2016-02-16 00:00:00, 2.95447e-05
3313, 2016-02-16 01:00:00, 2.94674e-05
3314, 2016-02-16 02:00:00, 2.93902e-05
3315, 2016-02-16 03:00:00, 2.93133e-05
3316, 2016-02-16 04:00:00, 2.92366e-05
3317, 2016-02-16 05:00:00, 2.91601e-05
3318, 2016-02-16 06:00:00, 2.90837e-05
3319, 2016-02-16 07:00:00, 2.90076e-05
3320, 2016-02-16 08:00:00, 2.89317e-05
3321, 2016-02-16 09:00:00, 5.16116e-05
3322, 2016-02-16 10:00:00, 0.23965
3323, 2016-02-16 11:00:00, 0.14715
3324, 2016-02-16 12:00:00, 0.104987
3325, 2016-02-16 13:00:00, 0.0144534
3326, 2016-02-16 14:00:00, 0.00034425
3327, 2016-02-16 15:00:00, 0.000945761
3328, 2016-02-16 16:00:00, 0.000427163
3329, 2016-02-16 17:00:00, 0.000343345
3330, 2016-02-16 18:00:00, 4.60684e-05
3331, 2016-02-16 19:00:00, 3.17879e-05
3332, 2016-02-16 20:00:00, 0.00374474
3333, 2016-02-16 21:00:00, 0.427636
3334, 2016-02-16 22:00:00, 0.409016
3335, 2016-02-16 23:00:00, 0.255974
3336, 2016-02-17 00:00:00, 0.0795762
3337, 2016-02-17 01:00:00, 0.00140105
3338, 2016-02-17 02:00:00, 2.76572e-05
3339, 2016-02-17 03:00:00, 2.75454e-05
3340, 2016-02-17 04:00:00, 2.74623e-05
3341, 2016-02-17 05:00:00, 2.73858e-05
3342, 2016-02-17 06:00:00, 2.73106e-05
3343, 2016-02-17 07:00:00, 2.72392e-05
3344, 2016-02-17 08:00:00, 2.71679e-05
3345, 2016-02-17 09:00:00, 2.70967e-05
3346, 2016-02-17 10:00:00, 2.70258e-05
3347, 2016-02-17 11:00:00, 2.69551e-05
3348, 2016-02-17 12:00:00, 2.68845e-05
3349, 2016-02-17 13:00:00, 2.68141e-05
3350, 2016-02-17 14:00:00, 2.6744e-05
3351, 2016-02-17 15:00:00, 2.6674e-05
3352, 2016-02-17 16:00:00, 2.66041e-05
3353, 2016-02-17 17:00:00, 2.65345e-05
3354, 2016-02-17 18:00:00, 2.6465e-05
3355, 2016-02-17 19:00:00, 2.63958e-05
3356, 2016-02-17 20:00:00, 2.63267e-05
3357, 2016-02-17 21:00:00, 2.62578e-05
3358, 2016-02-17 22:00:00, 2.6189e-05
3359, 2016-02-17 23:00:00, 2.61205e-05
3360, 2016-02-18 00:00:00, 2.60521e-05
3361, 2016-02-18 01:00:00, 2.59839e-05
3362, 2016-02-18 02:00:00, 2.59159e-05
3363, 2016-02-18 03:00:00, 2.58481e-05
3364, 2016-02-18 04:00:00, 2.57804e-05
3365, 2016-02-18 05:00:00, 2.57129e-05
3366, 2016-02-18 06:00:00, 2.56456e-05
3367, 2016-02-18 07:00:00, 2.55785e-05
3368, 2016-02-18 08:00:00, 2.55116e-05
3369, 2016-02-18 09:00:00, 2.54448e-05
3370, 2016-02-18 10:00:00, 2.53782e-05
3371, 2016-02-18 11:00:00, 2.53118e-05
3372, 2016-02-18 12:00:00, 2.52455e-05
3373, 2016-02-18 13:00:00, 2.51794e-05
3374, 2016-02-18 14:00:00, 2.51135e-05
3375, 2016-02-18 15:00:00, 2.50813e-05
3376, 2016-02-18 16:00:00, 2.50395e-05
3377, 2016-02-18 17:00:00, 2.49805e-05
3378, 2016-02-18 18:00:00, 2.48936e-05
3379, 2016-02-18 19:00:00, 2.48038e-05
3380, 2016-02-18 20:00:00, 2.4726e-05
3381, 2016-02-18 21:00:00, 2.4657e-05
3382, 2016-02-18 22:00:00, 2.45924e-05
3383, 2016-02-18 23:00:00, 2.45281e-05
3384, 2016-02-19 00:00:00, 2.44639e-05
3385, 2016-02-19 01:00:00, 2.43998e-05
3386, 2016-02-19 02:00:00, 2.4336e-05
3387, 2016-02-19 03:00:00, 2.42723e-05
3388, 2016-02-19 04:00:00, 2.42087e-05
3389, 2016-02-19 05:00:00, 2.41454e-05
3390, 2016-02-19 06:00:00, 2.40822e-05
3391, 2016-02-19 07:00:00, 2.40191e-05
3392, 2016-02-19 08:00:00, 2.39562e-05
3393, 2016-02-19 09:00:00, 2.38935e-05
3394, 2016-02-19 10:00:00, 2.3831e-05
3395, 2016-02-19 11:00:00, 2.37686e-05
3396, 2016-02-19 12:00:00, 2.37064e-05
3397, 2016-02-19 13:00:00, 2.36444e-05
3398, 2016-02-19 14:00:00, 2.35997e-05
3399, 2016-02-19 15:00:00, 2.35367e-05
3400, 2016-02-19 16:00:00, 2.35109e-05
3401, 2016-02-19 17:00:00, 2.34899e-05
3402, 2016-02-19 18:00:00, 2.34696e-05
3403, 2016-02-19 19:00:00, 2.334e-05
3404, 2016-02-19 20:00:00, 2.32458e-05
3405, 2016-02-19 21:00:00, 2.31538e-05
3406, 2016-02-19 22:00:00, 2.30932e-05
3407, 2016-02-19 23:00:00, 2.30327e-05
3408, 2016-02-20 00:00:00, 2.29724e-05
3409, 2016-02-20 01:00:00, 2.29123e-05
3410, 2016-02-20 02:00:00, 2.28523e-05
3411, 2016-02-20 03:00:00, 2.27925e-05
3412, 2016-02-20 04:00:00, 2.27328e-05
3413, 2016-02-20 05:00:00, 2.26733e-05
3414, 2016-02-20 06:00:00, 2.2614e-05
3415, 2016-02-20 07:00:00, 2.25548e-05
3416, 2016-02-20 08:00:00, 0.000597718
3417, 2016-02-20 09:00:00, 0.000283905
3418, 2016-02-20 10:00:00, 0.000231578
3419, 2016-02-20 11:00:00, 2.23339e-05
3420, 2016-02-20 12:00:00, 2.22713e-05
3421, 2016-02-20 13:00:00, 2.22032e-05
3422, 2016-02-20 14:00:00, 2.21448e-05
3423, 2016-02-20 15:00:00, 2.20868e-05
3424, 2016-02-20 16:00:00, 2.2029e-05
3425, 2016-02-20 17:00:00, 2.19713e-05
3426, 2016-02-20 18:00:00, 2.19138e-05
3427, 2016-02-20 19:00:00, 2.18565e-05
3428, 2016-02-20 20:00:00, 2.17993e-05
3429, 2016-02-20 21:00:00, 2.17422e-05
3430, 2016-02-20 22:00:00, 2.16853e-05
3431, 2016-02-20 23:00:00, 2.16285e-05
3432, 2016-02-21 00:00:00, 2.15719e-05
3433, 2016-02-21 01:00:00, 2.15154e-05
3434, 2016-02-21 02:00:00, 2.14591e-05
3435, 2016-02-21 03:00:00, 2.1403e-05
3436, 2016-02-21 04:00:00, 2.13469e-05
3437, 2016-02-21 05:00:00, 2.12911e-05
3438, 2016-02-21 06:00:00, 2.12353e-05
3439, 2016-02-21 07:00:00, 2.11798e-05
3440, 2016-02-21 08:00:00, 2.11243e-05
3441, 2016-02-21 09:00:00, 2.1069e-05
3442, 2016-02-21 10:00:00, 2.10139e-05
3443, 2016-02-21 11:00:00, 2.09589e-05
3444, 2016-02-21 12:00:00, 2.0904e-05
3445, 2016-02-21 13:00:00, 2.08493e-05
3446, 2016-02-21 14:00:00, 2.07947e-05
3447, 2016-02-21 15:00:00, 2.07403e-05
3448, 2016-02-21 16:00:00, 2.0686e-05
3449, 2016-02-21 17:00:00, 2.06319e-05
3450, 2016-02-21 18:00:00, 2.05779e-05
3451, 2016-02-21 19:00:00, 2.0524e-05
3452, 2016-02-21 20:00:00, 2.04703e-05
3453, 2016-02-21 21:00:00, 2.04167e-05
3454, 2016-02-21 22:00:00, 2.03632e-05
3455, 2016-02-21 23:00:00, 2.03099e-05
3456, 2016-02-22 00:00:00, 2.02568e-05
3457, 2016-02-22 01:00:00, 2.02038e-05
3458, 2016-02-22 02:00:00, 2.01509e-05
3459, 2016-02-22 03:00:00, 2.00981e-05
3460, 2016-02-22 04:00:00, 2.00455e-05
3461, 2016-02-22 05:00:00, 0.000129991
3462, 2016-02-22 06:00:00, 6.99397e-05
3463, 2016-02-22 07:00:00, 5.98877e-05
3464, 2016-02-22 08:00:00, 1.98365e-05
3465, 2016-02-22 09:00:00, 1.97846e-05
3466, 2016-02-22 10:00:00, 1.97328e-05
3467, 2016-02-22 11:00:00, 1.96811e-05
3468, 2016-02-22 12:00:00, 1.96296e-05
3469, 2016-02-22 13:00:00, 1.95782e-05
3470, 2016-02-22 14:00:00, 1.9527e-05
3471, 2016-02-22 15:00:00, 1.94759e-05
3472, 2016-02-22 16:00:00, 1.94249e-05
3473, 2016-02-22 17:00:00, 1.9374e-05
3474, 2016-02-22 18:00:00, 1.93233e-05
3475, 2016-02-22 19:00:00, 1.92728e-05
3476, 2016-02-22 20:00:00, 1.92223e-05
3477, 2016-02-22 21:00:00, 1.9172e-05
3478, 2016-02-22 22:00:00, 1.91218e-05
3479, 2016-02-22 23:00:00, 1.90718e-05
3480, 2016-02-23 00:00:00, 1.90218e-05
3481, 2016-02-23 01:00:00, 1.89721e-05
3482, 2016-02-23 02:00:00, 1.89224e-05
3483, 2016-02-23 03:00:00, 1.88729e-05
3484, 2016-02-23 04:00:00, 1.88235e-05
3485, 2016-02-23 05:00:00, 1.87742e-05
3486, 2016-02-23 06:00:00, 1.87251e-05
3487, 2016-02-23 07:00:00, 1.8676e-05
3488, 2016-02-23 08:00:00, 1.86272e-05
3489, 2016-02-23 09:00:00, 1.85784e-05
3490, 2016-02-23 10:00:00, 1.85298e-05
3491, 2016-02-23 11:00:00, 1.84813e-05
3492, 2016-02-23 12:00:00, 1.84329e-05
3493, 2016-02-23 13:00:00, 1.83847e-05
3494, 2016-02-23 14:00:00, 1.83365e-05
3495, 2016-02-23 15:00:00, 1.82885e-05
3496, 2016-02-23 16:00:00, 1.82407e-05
3497, 2016-02-23 17:00:00, 1.81929e-05
3498, 2016-02-23 18:00:00, 1.81453e-05
3499, 2016-02-23 19:00:00, 1.80978e-05
3500, 2016-02-23 20:00:00, 1.80504e-05
3501, 2016-02-23 21:00:00, 1.80032e-05
3502, 2016-02-23 22:00:00, 1.79561e-05
3503, 2016-02-23 23:00:00, 0.000233064
3504, 2016-02-24 00:00:00, 0.00228282
3505, 2016-02-24 01:00:00, 0.00135853
3506, 2016-02-24 02:00:00, 0.00103109
3507, 2016-02-24 03:00:00, 0.000217043
3508, 2016-02-24 04:00:00, 0.000164728
3509, 2016-02-24 05:00:00, 0.000252353
3510, 2016-02-24 06:00:00, 0.000410377
3511, 2016-02-24 07:00:00, 0.00054025
3512, 2016-02-24 08:00:00, 0.00380136
3513, 2016-02-24 09:00:00, 0.0102137
3514, 2016-02-24 10:00:00, 0.00810432
3515, 2016-02-24 11:00:00, 0.00944267
3516, 2016-02-24 12:00:00, 0.00743452
3517, 2016-02-24 13:00:00, 0.00684588
3518, 2016-02-24 14:00:00, 0.00875359
3519, 2016-02-24 15:00:00, 0.00383502
3520, 2016-02-24 16:00:00, 0.0021557
3521, 2016-02-24 17:00:00, 0.000151271
3522, 2016-02-24 18:00:00, 0.0181844
3523, 2016-02-24 19:00:00, 0.203631
3524, 2016-02-24 20:00:00, 0.126208
3525, 2016-02-24 21:00:00, 0.0889573
3526, 2016-02-24 22:00:00, 0.0735192
3527, 2016-02-24 23:00:00, 0.0317619
3528, 2016-02-25 00:00:00, 0.262016
3529, 2016-02-25 01:00:00, 0.161102
3530, 2016-02-25 02:00:00, 0.15027
3531, 2016-02-25 03:00:00, 0.0382157
3532, 2016-02-25 04:00:00, 0.0151421
3533, 2016-02-25 05:00:00, 0.00638983
3534, 2016-02-25 06:00:00, 0.00632749
3535, 2016-02-25 07:00:00, 0.0815546
3536, 2016-02-25 08:00:00, 1.32609
3537, 2016-02-25 09:00:00, 0.614602
3538, 2016-02-25 10:00:00, 0.468995
3539, 2016-02-25 11:00:00, 9.49647e-05
3540, 2016-02-25 12:00:00, 1.62539e-05
3541, 2016-02-25 13:00:00, 1.62114e-05
3542, 2016-02-25 14:00:00, 1.61689e-05
3543, 2016-02-25 15:00:00, 1.61266e-05
3544, 2016-02-25 16:00:00, 1.60844e-05
3545, 2016-02-25 17:00:00, 1.60423e-05
3546, 2016-02-25 18:00:00, 1.60003e-05
3547, 2016-02-25 19:00:00, 1.59584e-05
3548, 2016-02-25 20:00:00, 1.59167e-05
3549, 2016-02-25 21:00:00, 0.00122264
3550, 2016-02-25 22:00:00, 0.0043731
3551, 2016-02-25 23:00:00, 0.00218586
3552, 2016-02-26 00:00:00, 0.00140075
3553, 2016-02-26 01:00:00, 1.57094e-05
3554, 2016-02-26 02:00:00, 1.56683e-05
3555, 2016-02-26 03:00:00, 1.56273e-05
3556, 2016-02-26 04:00:00, 1.55864e-05
3557, 2016-02-26 05:00:00, 1.55456e-05
3558, 2016-02-26 06:00:00, 1.55049e-05
3559, 2016-02-26 07:00:00, 1.54643e-05
3560, 2016-02-26 08:00:00, 1.54239e-05
3561, 2016-02-26 09:00:00, 1.53835e-05
3562, 2016-02-26 10:00:00, 1.53432e-05
3563, 2016-02-26 11:00:00, 1.53031e-05
3564, 2016-02-26 12:00:00, 1.5263e-05
3565, 2016-02-26 13:00:00, 1.52231e-05
3566, 2016-02-26 14:00:00, 1.51832e-05
3567, 2016-02-26 15:00:00, 1.51435e-05
3568, 2016-02-26 16:00:00, 1.51038e-05
3569, 2016-02-26 17:00:00, 1.50643e-05
3570, 2016-02-26 18:00:00, 1.50249e-05
3571, 2016-02-26 19:00:00, 1.49855e-05
3572, 2016-02-26 20:00:00, 1.49463e-05
3573, 2016-02-26 21:00:00, 1.49072e-05
3574, 2016-02-26 22:00:00, 1.48682e-05
3575, 2016-02-26 23:00:00, 1.48293e-05
3576, 2016-02-27 00:00:00, 1.47904e-05
3577, 2016-02-27 01:00:00, 1.47517e-05
3578, 2016-02-27 02:00:00, 1.47131e-05
3579, 2016-02-27 03:00:00, 1.46746e-05
3580, 2016-02-27 04:00:00, 1.46362e-05
3581, 2016-02-27 05:00:00, 1.45979e-05
3582, 2016-02-27 06:00:00, 1.45597e-05
3583, 2016-02-27 07:00:00, 1.45216e-05
3584, 2016-02-27 08:00:00, 1.44836e-05
3585, 2016-02-27 09:00:00, 1.44456e-05
3586, 2016-02-27 10:00:00, 1.44078e-05
3587, 2016-02-27 11:00:00, 1.43701e-05
3588, 2016-02-27 12:00:00, 1.43325e-05
3589, 2016-02-27 13:00:00, 1.4295e-05
3590, 2016-02-27 14:00:00, 1.42576e-05
3591, 2016-02-27 15:00:00, 1.42203e-05
3592, 2016-02-27 16:00:00, 1.4183e-05
3593, 2016-02-27 17:00:00, 1.41459e-05
3594, 2016-02-27 18:00:00, 1.41089e-05
3595, 2016-02-27 19:00:00, 1.4072e-05
3596, 2016-02-27 20:00:00, 1.40351e-05
3597, 2016-02-27 21:00:00, 1.39984e-05
3598, 2016-02-27 22:00:00, 1.39618e-05
3599, 2016-02-27 23:00:00, 1.39252e-05
3600, 2016-02-28 00:00:00, 1.38888e-05
3601, 2016-02-28 01:00:00, 1.38524e-05
3602, 2016-02-28 02:00:00, 1.38161e-05
3603, 2016-02-28 03:00:00, 1.378e-05
3604, 2016-02-28 04:00:00, 1.37439e-05
3605, 2016-02-28 05:00:00, 1.37079e-05
3606, 2016-02-28 06:00:00, 1.36721e-05
3607, 2016-02-28 07:00:00, 1.36363e-05
3608, 2016-02-28 08:00:00, 1.36006e-05
3609, 2016-02-28 09:00:00, 1.3565e-05
3610, 2016-02-28 10:00:00, 1.35295e-05
3611, 2016-02-28 11:00:00, 1.34941e-05
3612, 2016-02-28 12:00:00, 1.34587e-05
3613, 2016-02-28 13:00:00, 1.34235e-05
3614, 2016-02-28 14:00:00, 1.33884e-05
3615, 2016-02-28 15:00:00, 1.33533e-05
3616, 2016-02-28 16:00:00, 1.33184e-05
3617, 2016-02-28 17:00:00, 1.32835e-05
3618, 2016-02-28 18:00:00, 1.32488e-05
3619, 2016-02-28 19:00:00, 1.32141e-05
3620, 2016-02-28 20:00:00, 1.31795e-05
3621, 2016-02-28 21:00:00, 1.3145e-05
3622, 2016-02-28 22:00:00, 1.31106e-05
3623, 2016-02-28 23:00:00, 1.30763e-05
3624, 2016-02-29 00:00:00, 1.3042e-05
3625, 2016-02-29 01:00:00, 1.30079e-05
3626, 2016-02-29 02:00:00, 1.29739e-05
3627, 2016-02-29 03:00:00, 1.29399e-05
3628, 2016-02-29 04:00:00, 1.2906e-05
3629, 2016-02-29 05:00:00, 1.28723e-05
3630, 2016-02-29 06:00:00, 1.28386e-05
3631, 2016-02-29 07:00:00, 1.2805e-05
3632, 2016-02-29 08:00:00, 1.27714e-05
3633, 2016-02-29 09:00:00, 1.2738e-05
3634, 2016-02-29 10:00:00, 1.27047e-05
3635, 2016-02-29 11:00:00, 1.26714e-05
3636, 2016-02-29 12:00:00, 1.26382e-05
3637, 2016-02-29 13:00:00, 1.26052e-05
3638, 2016-02-29 14:00:00, 1.25722e-05
3639, 2016-02-29 15:00:00, 1.25393e-05
3640, 2016-02-29 16:00:00, 1.25064e-05
3641, 2016-02-29 17:00:00, 1.24737e-05
3642, 2016-02-29 18:00:00, 1.24411e-05
3643, 2016-02-29 19:00:00, 0.00599081
3644, 2016-02-29 20:00:00, 0.00272983
3645, 2016-02-29 21:00:00, 0.00218631
3646, 2016-02-29 22:00:00, 1.23113e-05
3647, 2016-02-29 23:00:00, 1.22791e-05
3648, 2016-03-01 00:00:00, 1.2247e-05
3649, 2016-03-01 01:00:00, 1.22149e-05
3650, 2016-03-01 02:00:00, 1.21829e-05
3651, 2016-03-01 03:00:00, 1.2151e-05
3652, 2016-03-01 04:00:00, 1.21192e-05
3653, 2016-03-01 05:00:00, 1.20875e-05
3654, 2016-03-01 06:00:00, 1.20559e-05
3655, 2016-03-01 07:00:00, 1.20243e-05
3656, 2016-03-01 08:00:00, 1.19928e-05
3657, 2016-03-01 09:00:00, 1.19615e-05
3658, 2016-03-01 10:00:00, 1.19301e-05
3659, 2016-03-01 11:00:00, 1.18989e-05
3660, 2016-03-01 12:00:00, 1.18678e-05
3661, 2016-03-01 13:00:00, 1.18367e-05
3662, 2016-03-01 14:00:00, 1.18057e-05
3663, 2016-03-01 15:00:00, 1.17748e-05
3664, 2016-03-01 16:00:00, 1.1744e-05
3665, 2016-03-01 17:00:00, 1.17133e-05
3666, 2016-03-01 18:00:00, 1.16826e-05
3667, 2016-03-01 19:00:00, 1.1652e-05
3668, 2016-03-01 20:00:00, 1.16215e-05
3669, 2016-03-01 21:00:00, 1.15911e-05
3670, 2016-03-01 22:00:00, 1.15608e-05
3671, 2016-03-01 23:00:00, 1.15305e-05
3672, 2016-03-02 00:00:00, 1.15003e-05
3673, 2016-03-02 01:00:00, 1.14702e-05
3674, 2016-03-02 02:00:00, 1.14402e-05
3675, 2016-03-02 03:00:00, 1.14103e-05
3676, 2016-03-02 04:00:00, 1.13804e-05
3677, 2016-03-02 05:00:00, 0.113343
3678, 2016-03-02 06:00:00, 0.0747038
3679, 2016-03-02 07:00:00, 0.052313
3680, 2016-03-02 08:00:00, 0.00886797
3681, 2016-03-02 09:00:00, 0.00634307
3682, 2016-03-02 10:00:00, 0.0948468
3683, 2016-03-02 11:00:00, 0.0455503
3684, 2016-03-02 12:00:00, 0.0462913
3685, 2016-03-02 13:00:00, 0.156587
3686, 2016-03-02 14:00:00, 0.0859592
3687, 2016-03-02 15:00:00, 0.0607075
3688, 2016-03-02 16:00:00, 0.00478268
3689, 2016-03-02 17:00:00, 1.09992e-05
3690, 2016-03-02 18:00:00, 1.09704e-05
3691, 2016-03-02 19:00:00, 1.09417e-05
3692, 2016-03-02 20:00:00, 1.0913e-05
3693, 2016-03-02 21:00:00, 1.08845e-05
3694, 2016-03-02 22:00:00, 1.0856e-05
3695, 2016-03-02 23:00:00, 1.08276e-05
3696, 2016-03-03 00:00:00, 1.07992e-05
3697, 2016-03-03 01:00:00, 1.0771e-05
3698, 2016-03-03 02:00:00, 1.07428e-05
3699, 2016-03-03 03:00:00, 1.07147e-05
3700, 2016-03-03 04:00:00, 1.06866e-05
3701, 2016-03-03 05:00:00, 1.06586e-05
3702, 2016-03-03 06:00:00, 1.06307e-05
3703, 2016-03-03 07:00:00, 1.06029e-05
3704, 2016-03-03 08:00:00, 1.05752e-05
3705, 2016-03-03 09:00:00, 1.05475e-05
3706, 2016-03-03 10:00:00, 1.05199e-05
3707, 2016-03-03 11:00:00, 1.04923e-05
3708, 2016-03-03 12:00:00, 1.04649e-05
3709, 2016-03-03 13:00:00, 1.04375e-05
3710, 2016-03-03 14:00:00, 1.04102e-05
3711, 2016-03-03 15:00:00, 1.03829e-05
3712, 2016-03-03 16:00:00, 1.03557e-05
3713, 2016-03-03 17:00:00, 1.03286e-05
3714, 2016-03-03 18:00:00, 1.03016e-05
3715, 2016-03-03 19:00:00, 1.02746e-05
3716, 2016-03-03 20:00:00, 1.02477e-05
3717, 2016-03-03 21:00:00, 1.02209e-05
3718, 2016-03-03 22:00:00, 1.01942e-05
3719, 2016-03-03 23:00:00, 1.01675e-05
3720, 2016-03-04 00:00:00, 1.01409e-05
3721, 2016-03-04 01:00:00, 1.01143e-05
3722, 2016-03-04 02:00:00, 1.00879e-05
3723, 2016-03-04 03:00:00, 1.00614e-05
3724, 2016-03-04 04:00:00, 1.00351e-05
3725, 2016-03-04 05:00:00, 1.00088e-05
3726, 2016-03-04 06:00:00, 9.98265e-06
3727, 2016-03-04 07:00:00, 9.95652e-06
3728, 2016-03-04 08:00:00, 9.93046e-06
3729, 2016-03-04 09:00:00, 9.90447e-06
3730, 2016-03-04 10:00:00, 9.87854e-06
3731, 2016-03-04 11:00:00, 9.85269e-06
3732, 2016-03-04 12:00:00, 9.8269e-06
3733, 2016-03-04 13:00:00, 9.80118e-06
3734, 2016-03-04 14:00:00, 2.20479e-05
3735, 2016-03-04 15:00:00, 2.47562e-05
3736, 2016-03-04 16:00:00, 1.85932e-05
3737, 2016-03-04 17:00:00, 1.31926e-05
3738, 2016-03-04 18:00:00, 9.72221e-06
3739, 2016-03-04 19:00:00, 9.65207e-06
3740, 2016-03-04 20:00:00, 9.623e-06
3741, 2016-03-04 21:00:00, 9.60569e-06
3742, 2016-03-04 22:00:00, 9.57627e-06
3743, 2016-03-04 23:00:00, 9.5505e-06
3744, 2016-03-05 00:00:00, 9.52265e-06
3745, 2016-03-05 01:00:00, 9.49772e-06
3746, 2016-03-05 02:00:00, 9.47286e-06
3747, 2016-03-05 03:00:00, 9.44807e-06
3748, 2016-03-05 04:00:00, 9.42334e-06
3749, 2016-03-05 05:00:00, 9.39867e-06
3750, 2016-03-05 06:00:00, 9.37407e-06
3751, 2016-03-05 07:00:00, 9.34954e-06
3752, 2016-03-05 08:00:00, 9.32506e-06
3753, 2016-03-05 09:00:00, 9.30066e-06
3754, 2016-03-05 10:00:00, 9.27631e-06
3755, 2016-03-05 11:00:00, 9.25203e-06
3756, 2016-03-05 12:00:00, 9.22782e-06
3757, 2016-03-05 13:00:00, 9.20366e-06
3758, 2016-03-05 14:00:00, 9.17957e-06
3759, 2016-03-05 15:00:00, 9.15554e-06
3760, 2016-03-05 16:00:00, 9.13158e-06
3761, 2016-03-05 17:00:00, 9.10768e-06
3762, 2016-03-05 18:00:00, 9.08384e-06
3763, 2016-03-05 19:00:00, 9.06006e-06
3764, 2016-03-05 20:00:00, 9.03635e-06
3765, 2016-03-05 21:00:00, 9.0127e-06
3766, 2016-03-05 22:00:00, 8.98911e-06
3767, 2016-03-05 23:00:00, 8.96558e-06
3768, 2016-03-06 00:00:00, 8.94211e-06
3769, 2016-03-06 01:00:00, 8.91871e-06
3770, 2016-03-06 02:00:00, 8.89536e-06
3771, 2016-03-06 03:00:00, 8.87208e-06
3772, 2016-03-06 04:00:00, 8.84886e-06
3773, 2016-03-06 05:00:00, 8.8257e-06
3774, 2016-03-06 06:00:00, 8.8026e-06
3775, 2016-03-06 07:00:00, 8.77956e-06
3776, 2016-03-06 08:00:00, 8.75658e-06
3777, 2016-03-06 09:00:00, 8.73366e-06
3778, 2016-03-06 10:00:00, 8.7108e-06
3779, 2016-03-06 11:00:00, 8.688e-06
3780, 2016-03-06 12:00:00, 8.66526e-06
3781, 2016-03-06 13:00:00, 8.64257e-06
3782, 2016-03-06 14:00:00, 8.61995e-06
3783, 2016-03-06 15:00:00, 8.59739e-06
3784, 2016-03-06 16:00:00, 8.57489e-06
3785, 2016-03-06 17:00:00, 8.55244e-06
3786, 2016-03-06 18:00:00, 8.53006e-06
3787, 2016-03-06 19:00:00, 8.50773e-06
3788, 2016-03-06 20:00:00, 8.48546e-06
3789, 2016-03-06 21:00:00, 8.46325e-06
3790, 2016-03-06 22:00:00, 8.4411e-06
3791, 2016-03-06 23:00:00, 8.41901e-06
3792, 2016-03-07 00:00:00, 8.39697e-06
3793, 2016-03-07 01:00:00, 8.37499e-06
3794, 2016-03-07 02:00:00, 8.35307e-06
3795, 2016-03-07 03:00:00, 8.33121e-06
3796, 2016-03-07 04:00:00, 8.3094e-06
3797, 2016-03-07 05:00:00, 8.28765e-06
3798, 2016-03-07 06:00:00, 8.26596e-06
3799, 2016-03-07 07:00:00, 8.24432e-06
3800, 2016-03-07 08:00:00, 8.22274e-06
3801, 2016-03-07 09:00:00, 8.20122e-06
3802, 2016-03-07 10:00:00, 8.17976e-06
3803, 2016-03-07 11:00:00, 8.15835e-06
3804, 2016-03-07 12:00:00, 8.13699e-06
3805, 2016-03-07 13:00:00, 8.11569e-06
3806, 2016-03-07 14:00:00, 8.09445e-06
3807, 2016-03-07 15:00:00, 8.07326e-06
3808, 2016-03-07 16:00:00, 8.05213e-06
3809, 2016-03-07 17:00:00, 8.03106e-06
3810, 2016-03-07 18:00:00, 8.01004e-06
3811, 2016-03-07 19:00:00, 7.98907e-06
3812, 2016-03-07 20:00:00, 7.96816e-06
3813, 2016-03-07 21:00:00, 7.9473e-06
3814, 2016-03-07 22:00:00, 7.9265e-06
3815, 2016-03-07 23:00:00, 7.90576e-06
3816, 2016-03-08 00:00:00, 7.88506e-06
3817, 2016-03-08 01:00:00, 7.86442e-06
3818, 2016-03-08 02:00:00, 7.84384e-06
3819, 2016-03-08 03:00:00, 7.82331e-06
3820, 2016-03-08 04:00:00, 7.80283e-06
3821, 2016-03-08 05:00:00, 7.78241e-06
3822, 2016-03-08 06:00:00, 7.76204e-06
3823, 2016-03-08 07:00:00, 7.74172e-06
3824, 2016-03-08 08:00:00, 7.72146e-06
3825, 2016-03-08 09:00:00, 7.70125e-06
3826, 2016-03-08 10:00:00, 7.68109e-06
3827, 2016-03-08 11:00:00, 7.66099e-06
3828, 2016-03-08 12:00:00, 7.64093e-06
3829, 2016-03-08 13:00:00, 7.62093e-06
3830, 2016-03-08 14:00:00, 7.60099e-06
3831, 2016-03-08 15:00:00, 7.58109e-06
3832, 2016-03-08 16:00:00, 7.56125e-06
3833, 2016-03-08 17:00:00, 7.54146e-06
3834, 2016-03-08 18:00:00, 7.52172e-06
3835, 2016-03-08 19:00:00, 7.50203e-06
3836, 2016-03-08 20:00:00, 7.48239e-06
3837, 2016-03-08 21:00:00, 7.46281e-06
3838, 2016-03-08 22:00:00, 7.44328e-06
3839, 2016-03-08 23:00:00, 7.42379e-06
3840, 2016-03-09 00:00:00, 7.40436e-06
3841, 2016-03-09 01:00:00, 7.38498e-06
3842, 2016-03-09 02:00:00, 7.36565e-06
3843, 2016-03-09 03:00:00, 7.34637e-06
3844, 2016-03-09 04:00:00, 7.32714e-06
3845, 2016-03-09 05:00:00, 7.30797e-06
3846, 2016-03-09 06:00:00, 7.28884e-06
3847, 2016-03-09 07:00:00, 7.26976e-06
3848, 2016-03-09 08:00:00, 7.25073e-06
3849, 2016-03-09 09:00:00, 7.23175e-06
3850, 2016-03-09 10:00:00, 7.21283e-06
3851, 2016-03-09 11:00:00, 7.20856e-06
3852, 2016-03-09 12:00:00, 7.18261e-06
3853, 2016-03-09 13:00:00, 7.16204e-06
3854, 2016-03-09 14:00:00, 7.13791e-06
3855, 2016-03-09 15:00:00, 7.11892e-06
3856, 2016-03-09 16:00:00, 7.10029e-06
3857, 2016-03-09 17:00:00, 7.0817e-06
3858, 2016-03-09 18:00:00, 7.06317e-06
3859, 2016-03-09 19:00:00, 7.04468e-06
3860, 2016-03-09 20:00:00, 7.02624e-06
3861, 2016-03-09 21:00:00, 7.00785e-06
3862, 2016-03-09 22:00:00, 6.98951e-06
3863, 2016-03-09 23:00:00, 6.97121e-06
3864, 2016-03-10 00:00:00, 6.95297e-06
3865, 2016-03-10 01:00:00, 6.93477e-06
3866, 2016-03-10 02:00:00, 6.91662e-06
3867, 2016-03-10 03:00:00, 6.89851e-06
3868, 2016-03-10 04:00:00, 6.88046e-06
3869, 2016-03-10 05:00:00, 6.86245e-06
3870, 2016-03-10 06:00:00, 6.84449e-06
3871, 2016-03-10 07:00:00, 6.82657e-06
3872, 2016-03-10 08:00:00, 6.8087e-06
3873, 2016-03-10 09:00:00, 6.79088e-06
3874, 2016-03-10 10:00:00, 6.77311e-06
3875, 2016-03-10 11:00:00, 6.75538e-06
3876, 2016-03-10 12:00:00, 6.7377e-06
3877, 2016-03-10 13:00:00, 6.72006e-06
3878, 2016-03-10 14:00:00, 6.70247e-06
3879, 2016-03-10 15:00:00, 6.68493e-06
3880, 2016-03-10 16:00:00, 6.66743e-06
3881, 2016-03-10 17:00:00, 6.64998e-06
3882, 2016-03-10 18:00:00, 6.63258e-06
3883, 2016-03-10 19:00:00, 6.61521e-06
3884, 2016-03-10 20:00:00, 7.85521e-05
3885, 2016-03-10 21:00:00, 3.92871e-05
3886, 2016-03-10 22:00:00, 3.27286e-05
3887, 2016-03-10 23:00:00, 6.54623e-06
3888, 2016-03-11 00:00:00, 6.52909e-06
3889, 2016-03-11 01:00:00, 6.512e-06
3890, 2016-03-11 02:00:00, 6.49496e-06
3891, 2016-03-11 03:00:00, 6.47796e-06
3892, 2016-03-11 04:00:00, 6.461e-06
3893, 2016-03-11 05:00:00, 6.44409e-06
3894, 2016-03-11 06:00:00, 6.42722e-06
3895, 2016-03-11 07:00:00, 6.4104e-06
3896, 2016-03-11 08:00:00, 0.00012792
3897, 2016-03-11 09:00:00, 8.39204e-05
3898, 2016-03-11 10:00:00, 0.000420075
3899, 2016-03-11 11:00:00, 0.000177811
3900, 2016-03-11 12:00:00, 0.000137012
3901, 2016-03-11 13:00:00, 6.31039e-06
3902, 2016-03-11 14:00:00, 6.29387e-06
3903, 2016-03-11 15:00:00, 6.27739e-06
3904, 2016-03-11 16:00:00, 6.26096e-06
3905, 2016-03-11 17:00:00, 6.24458e-06
3906, 2016-03-11 18:00:00, 6.22823e-06
3907, 2016-03-11 19:00:00, 6.21193e-06
3908, 2016-03-11 20:00:00, 6.19567e-06
3909, 2016-03-11 21:00:00, 6.17945e-06
3910, 2016-03-11 22:00:00, 6.16328e-06
3911, 2016-03-11 23:00:00, 6.14715e-06
3912, 2016-03-12 00:00:00, 6.13106e-06
3913, 2016-03-12 01:00:00, 6.11501e-06
3914, 2016-03-12 02:00:00, 6.099e-06
3915, 2016-03-12 03:00:00, 6.08304e-06
3916, 2016-03-12 04:00:00, 6.06712e-06
3917, 2016-03-12 05:00:00, 6.05124e-06
3918, 2016-03-12 06:00:00, 6.0354e-06
3919, 2016-03-12 07:00:00, 6.0196e-06
3920, 2016-03-12 08:00:00, 6.00385e-06
3921, 2016-03-12 09:00:00, 5.98813e-06
3922, 2016-03-12 10:00:00, 5.97246e-06
3923, 2016-03-12 11:00:00, 5.95683e-06
3924, 2016-03-12 12:00:00, 5.94123e-06
3925, 2016-03-12 13:00:00, 5.92568e-06
3926, 2016-03-12 14:00:00, 5.91017e-06
3927, 2016-03-12 15:00:00, 5.8947e-06
3928, 2016-03-12 16:00:00, 5.87928e-06
3929, 2016-03-12 17:00:00, 5.86389e-06
3930, 2016-03-12 18:00:00, 5.84854e-06
3931, 2016-03-12 19:00:00, 5.83323e-06
3932, 2016-03-12 20:00:00, 5.81796e-06
3933, 2016-03-12 21:00:00, 5.80273e-06
3934, 2016-03-12 22:00:00, 5.78755e-06
3935, 2016-03-12 23:00:00, 5.7724e-06
3936, 2016-03-13 00:00:00, 5.75729e-06
3937, 2016-03-13 01:00:00, 5.74222e-06
3938, 2016-03-13 02:00:00, 5.72719e-06
3939, 2016-03-13 03:00:00, 5.7122e-06
3940, 2016-03-13 04:00:00, 5.69725e-06
3941, 2016-03-13 05:00:00, 5.68234e-06
3942, 2016-03-13 06:00:00, 5.66746e-06
3943, 2016-03-13 07:00:00, 5.65263e-06
3944, 2016-03-13 08:00:00, 5.63783e-06
3945, 2016-03-13 09:00:00, 5.62308e-06
3946, 2016-03-13 10:00:00, 5.60836e-06
3947, 2016-03-13 11:00:00, 5.59368e-06
3948, 2016-03-13 12:00:00, 5.57904e-06
3949, 2016-03-13 13:00:00, 5.56444e-06
3950, 2016-03-13 14:00:00, 5.54987e-06
3951, 2016-03-13 15:00:00, 5.53534e-06
3952, 2016-03-13 16:00:00, 5.52086e-06
3953, 2016-03-13 17:00:00, 5.50641e-06
3954, 2016-03-13 18:00:00, 5.49199e-06
3955, 2016-03-13 19:00:00, 5.47762e-06
3956, 2016-03-13 20:00:00, 5.46328e-06
3957, 2016-03-13 21:00:00, 5.44898e-06
3958, 2016-03-13 22:00:00, 5.43472e-06
3959, 2016-03-13 23:00:00, 5.42049e-06
3960, 2016-03-14 00:00:00, 5.40631e-06
3961, 2016-03-14 01:00:00, 5.39216e-06
3962, 2016-03-14 02:00:00, 5.37804e-06
3963, 2016-03-14 03:00:00, 5.36397e-06
3964, 2016-03-14 04:00:00, 5.34993e-06
3965, 2016-03-14 05:00:00, 5.33592e-06
3966, 2016-03-14 06:00:00, 5.32196e-06
3967, 2016-03-14 07:00:00, 5.30803e-06
3968, 2016-03-14 08:00:00, 5.29413e-06
3969, 2016-03-14 09:00:00, 5.28028e-06
3970, 2016-03-14 10:00:00, 4.67546e-05
3971, 2016-03-14 11:00:00, 3.06936e-05
3972, 2016-03-14 12:00:00, 2.33177e-05
3973, 2016-03-14 13:00:00, 7.61891e-06
3974, 2016-03-14 14:00:00, 0.0020248
3975, 2016-03-14 15:00:00, 0.00414315
3976, 2016-03-14 16:00:00, 0.00439163
3977, 2016-03-14 17:00:00, 0.0076538
3978, 2016-03-14 18:00:00, 0.00476166
3979, 2016-03-14 19:00:00, 0.00266643
3980, 2016-03-14 20:00:00, 0.000539109
3981, 2016-03-14 21:00:00, 0.000547404
3982, 2016-03-14 22:00:00, 0.00654624
3983, 2016-03-14 23:00:00, 0.0113821
3984, 2016-03-15 00:00:00, 0.0161865
3985, 2016-03-15 01:00:00, 0.00767788
3986, 2016-03-15 02:00:00, 0.00376005
3987, 2016-03-15 03:00:00, 0.000697975
3988, 2016-03-15 04:00:00, 0.0470413
3989, 2016-03-15 05:00:00, 0.0252769
3990, 2016-03-15 06:00:00, 0.0190794
3991, 2016-03-15 07:00:00, 0.00413441
3992, 2016-03-15 08:00:00, 0.00176409
3993, 2016-03-15 09:00:00, 0.00415068
3994, 2016-03-15 10:00:00, 0.00371116
3995, 2016-03-15 11:00:00, 0.00218407
3996, 2016-03-15 12:00:00, 0.000841648
3997, 2016-03-15 13:00:00, 5.11644e-05
3998, 2016-03-15 14:00:00, 1.49429e-05
3999, 2016-03-15 15:00:00, 1.1087e-05
4000, 2016-03-15 16:00:00, 6.798e-06
4001, 2016-03-15 17:00:00, 4.8555e-06
4002, 2016-03-15 18:00:00, 4.84279e-06
4003, 2016-03-15 19:00:00, 4.83011e-06
4004, 2016-03-15 20:00:00, 4.81747e-06
4005, 2016-03-15 21:00:00, 4.80486e-06
4006, 2016-03-15 22:00:00, 4.79228e-06
4007, 2016-03-15 23:00:00, 4.77974e-06
4008, 2016-03-16 00:00:00, 4.76723e-06
4009, 2016-03-16 01:00:00, 4.75475e-06
4010, 2016-03-16 02:00:00, 4.74231e-06
4011, 2016-03-16 03:00:00, 4.72989e-06
4012, 2016-03-16 04:00:00, 4.71751e-06
4013, 2016-03-16 05:00:00, 4.70517e-06
4014, 2016-03-16 06:00:00, 4.69285e-06
4015, 2016-03-16 07:00:00, 4.68057e-06
4016, 2016-03-16 08:00:00, 4.66832e-06
4017, 2016-03-16 09:00:00, 4.6561e-06
4018, 2016-03-16 10:00:00, 4.64391e-06
4019, 2016-03-16 11:00:00, 4.63175e-06
4020, 2016-03-16 12:00:00, 4.61963e-06
4021, 2016-03-16 13:00:00, 4.60754e-06
4022, 2016-03-16 14:00:00, 4.59548e-06
4023, 2016-03-16 15:00:00, 4.58345e-06
4024, 2016-03-16 16:00:00, 4.57145e-06
4025, 2016-03-16 17:00:00, 4.55949e-06
4026, 2016-03-16 18:00:00, 4.54756e-06
4027, 2016-03-16 19:00:00, 4.53565e-06
4028, 2016-03-16 20:00:00, 4.52378e-06
4029, 2016-03-16 21:00:00, 4.51194e-06
4030, 2016-03-16 22:00:00, 4.50013e-06
4031, 2016-03-16 23:00:00, 4.48835e-06
4032, 2016-03-17 00:00:00, 4.89795e-06
4033, 2016-03-17 01:00:00, 0.00952108
4034, 2016-03-17 02:00:00, 0.012159
4035, 2016-03-17 03:00:00, 0.00702349
4036, 2016-03-17 04:00:00, 0.00285125
4037, 2016-03-17 05:00:00, 2.34043e-05
4038, 2016-03-17 06:00:00, 0.00173124
4039, 2016-03-17 07:00:00, 0.0007923
4040, 2016-03-17 08:00:00, 0.000629185
4041, 2016-03-17 09:00:00, 4.37225e-06
4042, 2016-03-17 10:00:00, 4.3608e-06
4043, 2016-03-17 11:00:00, 4.34939e-06
4044, 2016-03-17 12:00:00, 4.338e-06
4045, 2016-03-17 13:00:00, 4.32665e-06
4046, 2016-03-17 14:00:00, 4.31533e-06
4047, 2016-03-17 15:00:00, 4.30403e-06
4048, 2016-03-17 16:00:00, 4.29276e-06
4049, 2016-03-17 17:00:00, 4.28153e-06
4050, 2016-03-17 18:00:00, 4.27032e-06
4051, 2016-03-17 19:00:00, 4.25915e-06
4052, 2016-03-17 20:00:00, 4.248e-06
4053, 2016-03-17 21:00:00, 4.23688e-06
4054, 2016-03-17 22:00:00, 0.00314382
4055, 2016-03-17 23:00:00, 0.0014313
4056, 2016-03-18 00:00:00, 0.00114587
4057, 2016-03-18 01:00:00, 4.19269e-06
4058, 2016-03-18 02:00:00, 4.18172e-06
4059, 2016-03-18 03:00:00, 4.17077e-06
4060, 2016-03-18 04:00:00, 4.15986e-06
4061, 2016-03-18 05:00:00, 4.14897e-06
4062, 2016-03-18 06:00:00, 4.13811e-06
4063, 2016-03-18 07:00:00, 4.12728e-06
4064, 2016-03-18 08:00:00, 4.11648e-06
4065, 2016-03-18 09:00:00, 4.1057e-06
4066, 2016-03-18 10:00:00, 4.09495e-06
4067, 2016-03-18 11:00:00, 4.08424e-06
4068, 2016-03-18 12:00:00, 4.07355e-06
4069, 2016-03-18 13:00:00, 4.06288e-06
4070, 2016-03-18 14:00:00, 4.05225e-06
4071, 2016-03-18 15:00:00, 4.04164e-06
4072, 2016-03-18 16:00:00, 4.03107e-06
4073, 2016-03-18 17:00:00, 4.02051e-06
4074, 2016-03-18 18:00:00, 4.00999e-06
4075, 2016-03-18 19:00:00, 3.99949e-06
4076, 2016-03-18 20:00:00, 3.98903e-06
4077, 2016-03-18 21:00:00, 3.97859e-06
4078, 2016-03-18 22:00:00, 5.63808e-05
4079, 2016-03-18 23:00:00, 2.77817e-05
4080, 2016-03-19 00:00:00, 2.30066e-05
4081, 2016-03-19 01:00:00, 3.93709e-06
4082, 2016-03-19 02:00:00, 3.92679e-06
4083, 2016-03-19 03:00:00, 3.91651e-06
4084, 2016-03-19 04:00:00, 3.90626e-06
4085, 2016-03-19 05:00:00, 3.89604e-06
4086, 2016-03-19 06:00:00, 3.88584e-06
4087, 2016-03-19 07:00:00, 3.87567e-06
4088, 2016-03-19 08:00:00, 3.86552e-06
4089, 2016-03-19 09:00:00, 3.85541e-06
4090, 2016-03-19 10:00:00, 3.84531e-06
4091, 2016-03-19 11:00:00, 3.83525e-06
4092, 2016-03-19 12:00:00, 3.82521e-06
4093, 2016-03-19 13:00:00, 3.8152e-06
4094, 2016-03-19 14:00:00, 3.80521e-06
4095, 2016-03-19 15:00:00, 3.79525e-06
4096, 2016-03-19 16:00:00, 3.78532e-06
4097, 2016-03-19 17:00:00, 3.77541e-06
4098, 2016-03-19 18:00:00, 3.76553e-06
4099, 2016-03-19 19:00:00, 3.75567e-06
4100, 2016-03-19 20:00:00, 3.74584e-06
4101, 2016-03-19 21:00:00, 3.73604e-06
4102, 2016-03-19 22:00:00, 3.72626e-06
4103, 2016-03-19 23:00:00, 3.71651e-06
4104, 2016-03-20 00:00:00, 3.70678e-06
4105, 2016-03-20 01:00:00, 3.69708e-06
4106, 2016-03-20 02:00:00, 3.6874e-06
4107, 2016-03-20 03:00:00, 3.67775e-06
4108, 2016-03-20 04:00:00, 3.66812e-06
4109, 2016-03-20 05:00:00, 3.65852e-06
4110, 2016-03-20 06:00:00, 3.64895e-06
4111, 2016-03-20 07:00:00, 3.6394e-06
4112, 2016-03-20 08:00:00, 3.62987e-06
4113, 2016-03-20 09:00:00, 3.62037e-06
4114, 2016-03-20 10:00:00, 3.61089e-06
4115, 2016-03-20 11:00:00, 3.60144e-06
4116, 2016-03-20 12:00:00, 3.59201e-06
4117, 2016-03-20 13:00:00, 3.58261e-06
4118, 2016-03-20 14:00:00, 3.57324e-06
4119, 2016-03-20 15:00:00, 3.56388e-06
4120, 2016-03-20 16:00:00, 3.55455e-06
4121, 2016-03-20 17:00:00, 3.54525e-06
4122, 2016-03-20 18:00:00, 3.53597e-06
4123, 2016-03-20 19:00:00, 3.52672e-06
4124, 2016-03-20 20:00:00, 3.51749e-06
4125, 2016-03-20 21:00:00, 3.50828e-06
4126, 2016-03-20 22:00:00, 3.4991e-06
4127, 2016-03-20 23:00:00, 3.48994e-06
4128, 2016-03-21 00:00:00, 3.4808e-06
4129, 2016-03-21 01:00:00, 3.47169e-06
4130, 2016-03-21 02:00:00, 3.46261e-06
4131, 2016-03-21 03:00:00, 3.45354e-06
4132, 2016-03-21 04:00:00, 0.00426957
4133, 2016-03-21 05:00:00, 0.00195956
4134, 2016-03-21 06:00:00, 0.00157577
4135, 2016-03-21 07:00:00, 7.52084e-05
4136, 2016-03-21 08:00:00, 3.53247e-05
4137, 2016-03-21 09:00:00, 2.50613e-05
4138, 2016-03-21 10:00:00, 3.39076e-06
4139, 2016-03-21 11:00:00, 3.38189e-06
4140, 2016-03-21 12:00:00, 3.37303e-06
4141, 2016-03-21 13:00:00, 3.36421e-06
4142, 2016-03-21 14:00:00, 3.3554e-06
4143, 2016-03-21 15:00:00, 3.34662e-06
4144, 2016-03-21 16:00:00, 3.33786e-06
4145, 2016-03-21 17:00:00, 3.32912e-06
4146, 2016-03-21 18:00:00, 3.32041e-06
4147, 2016-03-21 19:00:00, 3.31172e-06
4148, 2016-03-21 20:00:00, 3.30305e-06
4149, 2016-03-21 21:00:00, 3.2944e-06
4150, 2016-03-21 22:00:00, 3.28578e-06
4151, 2016-03-21 23:00:00, 3.27718e-06
4152, 2016-03-22 00:00:00, 3.2686e-06
4153, 2016-03-22 01:00:00, 3.26005e-06
4154, 2016-03-22 02:00:00, 3.25151e-06
4155, 2016-03-22 03:00:00, 3.243e-06
4156, 2016-03-22 04:00:00, 3.23452e-06
4157, 2016-03-22 05:00:00, 3.22605e-06
4158, 2016-03-22 06:00:00, 3.21761e-06
4159, 2016-03-22 07:00:00, 3.20918e-06
4160, 2016-03-22 08:00:00, 3.20078e-06
4161, 2016-03-22 09:00:00, 3.19241e-06
4162, 2016-03-22 10:00:00, 3.18405e-06
4163, 2016-03-22 11:00:00, 3.17572e-06
4164, 2016-03-22 12:00:00, 3.1674e-06
4165, 2016-03-22 13:00:00, 3.15911e-06
4166, 2016-03-22 14:00:00, 3.15085e-06
4167, 2016-03-22 15:00:00, 3.1426e-06
4168, 2016-03-22 16:00:00, 7.65674e-06
4169, 2016-03-22 17:00:00, 0.000107486
4170, 2016-03-22 18:00:00, 0.000192382
4171, 2016-03-22 19:00:00, 0.000473957
4172, 2016-03-22 20:00:00, 0.00148984
4173, 2016-03-22 21:00:00, 0.000713581
4174, 2016-03-22 22:00:00, 0.000463984
4175, 2016-03-22 23:00:00, 3.07739e-06
4176, 2016-03-23 00:00:00, 3.06934e-06
4177, 2016-03-23 01:00:00, 3.06131e-06
4178, 2016-03-23 02:00:00, 3.05329e-06
4179, 2016-03-23 03:00:00, 3.0453e-06
4180, 2016-03-23 04:00:00, 3.03733e-06
4181, 2016-03-23 05:00:00, 3.02938e-06
4182, 2016-03-23 06:00:00, 3.02145e-06
4183, 2016-03-23 07:00:00, 3.01354e-06
4184, 2016-03-23 08:00:00, 3.00566e-06
4185, 2016-03-23 09:00:00, 2.99779e-06
4186, 2016-03-23 10:00:00, 2.98994e-06
4187, 2016-03-23 11:00:00, 2.98212e-06
4188, 2016-03-23 12:00:00, 2.97431e-06
4189, 2016-03-23 13:00:00, 2.96653e-06
4190, 2016-03-23 14:00:00, 2.95876e-06
4191, 2016-03-23 15:00:00, 2.95102e-06
4192, 2016-03-23 16:00:00, 2.94329e-06
4193, 2016-03-23 17:00:00, 2.93559e-06
4194, 2016-03-23 18:00:00, 2.92791e-06
4195, 2016-03-23 19:00:00, 2.92024e-06
4196, 2016-03-23 20:00:00, 2.9126e-06
4197, 2016-03-23 21:00:00, 2.90497e-06
4198, 2016-03-23 22:00:00, 2.89737e-06
4199, 2016-03-23 23:00:00, 2.88979e-06
4200, 2016-03-24 00:00:00, 2.88222e-06
4201, 2016-03-24 01:00:00, 2.87468e-06
4202, 2016-03-24 02:00:00, 2.86716e-06
4203, 2016-03-24 03:00:00, 2.85965e-06
4204, 2016-03-24 04:00:00, 2.85217e-06
4205, 2016-03-24 05:00:00, 2.8447e-06
4206, 2016-03-24 06:00:00, 2.83725e-06
4207, 2016-03-24 07:00:00, 2.82983e-06
4208, 2016-03-24 08:00:00, 2.82242e-06
4209, 2016-03-24 09:00:00, 2.81503e-06
4210, 2016-03-24 10:00:00, 2.80767e-06
4211, 2016-03-24 11:00:00, 2.80032e-06
4212, 2016-03-24 12:00:00, 2.79299e-06
4213, 2016-03-24 13:00:00, 2.78568e-06
4214, 2016-03-24 14:00:00, 2.77839e-06
4215, 2016-03-24 15:00:00, 2.77111e-06
4216, 2016-03-24 16:00:00, 2.76386e-06
4217, 2016-03-24 17:00:00, 2.75663e-06
4218, 2016-03-24 18:00:00, 2.74941e-06
4219, 2016-03-24 19:00:00, 2.74222e-06
4220, 2016-03-24 20:00:00, 2.73504e-06
4221, 2016-03-24 21:00:00, 2.72788e-06
4222, 2016-03-24 22:00:00, 2.72074e-06
4223, 2016-03-24 23:00:00, 2.71362e-06
4224, 2016-03-25 00:00:00, 2.70651e-06
4225, 2016-03-25 01:00:00, 2.69943e-06
4226, 2016-03-25 02:00:00, 2.69237e-06
4227, 2016-03-25 03:00:00, 2.68532e-06
4228, 2016-03-25 04:00:00, 2.67829e-06
4229, 2016-03-25 05:00:00, 2.67128e-06
4230, 2016-03-25 06:00:00, 2.66429e-06
4231, 2016-03-25 07:00:00, 2.65731e-06
4232, 2016-03-25 08:00:00, 2.65102e-06
4233, 2016-03-25 09:00:00, 2.67066e-06
4234, 2016-03-25 10:00:00, 2.74497e-06
4235, 2016-03-25 11:00:00, 3.05495e-06
4236, 2016-03-25 12:00:00, 2.96609e-06
4237, 2016-03-25 13:00:00, 0.000241639
4238, 2016-03-25 14:00:00, 0.0024104
4239, 2016-03-25 15:00:00, 0.00113453
4240, 2016-03-25 16:00:00, 0.000838663
4241, 2016-03-25 17:00:00, 2.58857e-06
4242, 2016-03-25 18:00:00, 2.5818e-06
4243, 2016-03-25 19:00:00, 4.36919e-05
4244, 2016-03-25 20:00:00, 2.12578e-05
4245, 2016-03-25 21:00:00, 2.83456e-05
4246, 2016-03-25 22:00:00, 7.48115e-06
4247, 2016-03-25 23:00:00, 6.49407e-06
4248, 2016-03-26 00:00:00, 2.7634e-06
4249, 2016-03-26 01:00:00, 2.63621e-06
4250, 2016-03-26 02:00:00, 2.60765e-06
4251, 2016-03-26 03:00:00, 2.52161e-06
4252, 2016-03-26 04:00:00, 2.51501e-06
4253, 2016-03-26 05:00:00, 2.50843e-06
4254, 2016-03-26 06:00:00, 2.50187e-06
4255, 2016-03-26 07:00:00, 2.49532e-06
4256, 2016-03-26 08:00:00, 2.48879e-06
4257, 2016-03-26 09:00:00, 2.48227e-06
4258, 2016-03-26 10:00:00, 2.47577e-06
4259, 2016-03-26 11:00:00, 2.46929e-06
4260, 2016-03-26 12:00:00, 2.46283e-06
4261, 2016-03-26 13:00:00, 2.45638e-06
4262, 2016-03-26 14:00:00, 2.44996e-06
4263, 2016-03-26 15:00:00, 2.44354e-06
4264, 2016-03-26 16:00:00, 2.43715e-06
4265, 2016-03-26 17:00:00, 2.43077e-06
4266, 2016-03-26 18:00:00, 2.42441e-06
4267, 2016-03-26 19:00:00, 2.41806e-06
4268, 2016-03-26 20:00:00, 2.41173e-06
4269, 2016-03-26 21:00:00, 2.40542e-06
4270, 2016-03-26 22:00:00, 2.39912e-06
4271, 2016-03-26 23:00:00, 2.39284e-06
4272, 2016-03-27 00:00:00, 2.38658e-06
4273, 2016-03-27 01:00:00, 2.38033e-06
4274, 2016-03-27 02:00:00, 2.3741e-06
4275, 2016-03-27 03:00:00, 2.36789e-06
4276, 2016-03-27 04:00:00, 2.36169e-06
4277, 2016-03-27 05:00:00, 2.35551e-06
4278, 2016-03-27 06:00:00, 2.34934e-06
4279, 2016-03-27 07:00:00, 2.3432e-06
4280, 2016-03-27 08:00:00, 2.33706e-06
4281, 2016-03-27 09:00:00, 2.33094e-06
4282, 2016-03-27 10:00:00, 2.32484e-06
4283, 2016-03-27 11:00:00, 2.31876e-06
4284, 2016-03-27 12:00:00, 2.31269e-06
4285, 2016-03-27 13:00:00, 2.30664e-06
4286, 2016-03-27 14:00:00, 2.3006e-06
4287, 2016-03-27 15:00:00, 2.29458e-06
4288, 2016-03-27 16:00:00, 2.28857e-06
4289, 2016-03-27 17:00:00, 2.28258e-06
4290, 2016-03-27 18:00:00, 2.27661e-06
4291, 2016-03-27 19:00:00, 2.27065e-06
4292, 2016-03-27 20:00:00, 2.2647e-06
4293, 2016-03-27 21:00:00, 2.25878e-06
4294, 2016-03-27 22:00:00, 2.25287e-06
4295, 2016-03-27 23:00:00, 2.24697e-06
4296, 2016-03-28 00:00:00, 2.24109e-06
4297, 2016-03-28 01:00:00, 2.23522e-06
4298, 2016-03-28 02:00:00, 2.22937e-06
4299, 2016-03-28 03:00:00, 2.22354e-06
4300, 2016-03-28 04:00:00, 2.21772e-06
4301, 2016-03-28 05:00:00, 2.21191e-06
4302, 2016-03-28 06:00:00, 2.20612e-06
4303, 2016-03-28 07:00:00, 2.20035e-06
4304, 2016-03-28 08:00:00, 2.19459e-06
4305, 2016-03-28 09:00:00, 2.18884e-06
4306, 2016-03-28 10:00:00, 2.18311e-06
4307, 2016-03-28 11:00:00, 0.0314215
4308, 2016-03-28 12:00:00, 0.0838127
4309, 2016-03-28 13:00:00, 0.180811
4310, 2016-03-28 14:00:00, 0.239623
4311, 2016-03-28 15:00:00, 0.171095
4312, 2016-03-28 16:00:00, 0.107288
4313, 2016-03-28 17:00:00, 0.0701461
4314, 2016-03-28 18:00:00, 0.029555
4315, 2016-03-28 19:00:00, 0.0178257
4316, 2016-03-28 20:00:00, 0.00205843
4317, 2016-03-28 21:00:00, 0.0011579
4318, 2016-03-28 22:00:00, 1.76785e-05
4319, 2016-03-28 23:00:00, 1.4559e-05
4320, 2016-03-29 00:00:00, 2.10589e-06
4321, 2016-03-29 01:00:00, 2.18374e-06
4322, 2016-03-29 02:00:00, 2.132e-06
4323, 2016-03-29 03:00:00, 2.11881e-06
4324, 2016-03-29 04:00:00, 2.08252e-06
4325, 2016-03-29 05:00:00, 2.07707e-06
4326, 2016-03-29 06:00:00, 2.07163e-06
4327, 2016-03-29 07:00:00, 2.06621e-06
4328, 2016-03-29 08:00:00, 2.0608e-06
4329, 2016-03-29 09:00:00, 2.05541e-06
4330, 2016-03-29 10:00:00, 2.05003e-06
4331, 2016-03-29 11:00:00, 2.04466e-06
4332, 2016-03-29 12:00:00, 2.03931e-06
4333, 2016-03-29 13:00:00, 2.03397e-06
4334, 2016-03-29 14:00:00, 2.02865e-06
4335, 2016-03-29 15:00:00, 2.02334e-06
4336, 2016-03-29 16:00:00, 2.01804e-06
4337, 2016-03-29 17:00:00, 2.01276e-06
4338, 2016-03-29 18:00:00, 2.00749e-06
4339, 2016-03-29 19:00:00, 2.00224e-06
4340, 2016-03-29 20:00:00, 1.997e-06
4341, 2016-03-29 21:00:00, 1.99177e-06
4342, 2016-03-29 22:00:00, 1.98656e-06
4343, 2016-03-29 23:00:00, 1.98136e-06
4344, 2016-03-30 00:00:00, 1.97617e-06
4345, 2016-03-30 01:00:00, 1.971e-06
4346, 2016-03-30 02:00:00, 1.96584e-06
4347, 2016-03-30 03:00:00, 1.96069e-06
4348, 2016-03-30 04:00:00, 1.95556e-06
4349, 2016-03-30 05:00:00, 1.95044e-06
4350, 2016-03-30 06:00:00, 1.94534e-06
4351, 2016-03-30 07:00:00, 1.94025e-06
4352, 2016-03-30 08:00:00, 1.93517e-06
4353, 2016-03-30 09:00:00, 1.9301e-06
4354, 2016-03-30 10:00:00, 1.92505e-06
4355, 2016-03-30 11:00:00, 1.92001e-06
4356, 2016-03-30 12:00:00, 1.91499e-06
4357, 2016-03-30 13:00:00, 1.90997e-06
4358, 2016-03-30 14:00:00, 1.90497e-06
4359, 2016-03-30 15:00:00, 1.89999e-06
4360, 2016-03-30 16:00:00, 1.89502e-06
4361, 2016-03-30 17:00:00, 1.89006e-06
4362, 2016-03-30 18:00:00, 1.88511e-06
4363, 2016-03-30 19:00:00, 1.88017e-06
4364, 2016-03-30 20:00:00, 1.87525e-06
4365, 2016-03-30 21:00:00, 1.87035e-06
4366, 2016-03-30 22:00:00, 1.86545e-06
4367, 2016-03-30 23:00:00, 1.86057e-06
4368, 2016-03-31 00:00:00, 1.8557e-06
4369, 2016-03-31 01:00:00, 1.85084e-06
4370, 2016-03-31 02:00:00, 1.846e-06
4371, 2016-03-31 03:00:00, 1.84116e-06
4372, 2016-03-31 04:00:00, 1.83634e-06
4373, 2016-03-31 05:00:00, 1.83154e-06
4374, 2016-03-31 06:00:00, 1.82674e-06
4375, 2016-03-31 07:00:00, 1.82196e-06
4376, 2016-03-31 08:00:00, 1.81719e-06
4377, 2016-03-31 09:00:00, 1.81244e-06
4378, 2016-03-31 10:00:00, 1.80769e-06
4379, 2016-03-31 11:00:00, 1.80296e-06
4380, 2016-03-31 12:00:00, 1.79824e-06
4381, 2016-03-31 13:00:00, 1.79354e-06
4382, 2016-03-31 14:00:00, 1.78884e-06
4383, 2016-03-31 15:00:00, 1.78416e-06
4384, 2016-03-31 16:00:00, 1.77949e-06
4385, 2016-03-31 17:00:00, 1.77483e-06
4386, 2016-03-31 18:00:00, 1.77019e-06
4387, 2016-03-31 19:00:00, 1.76555e-06
4388, 2016-03-31 20:00:00, 1.76093e-06
4389, 2016-03-31 21:00:00, 1.75632e-06
4390, 2016-03-31 22:00:00, 1.75173e-06
4391, 2016-03-31 23:00:00, 1.74714e-06
4392, 2016-04-01 00:00:00, 1.74257e-06
4393, 2016-04-01 01:00:00, 1.73801e-06
4394, 2016-04-01 02:00:00, 1.73346e-06
4395, 2016-04-01 03:00:00, 1.72892e-06
4396, 2016-04-01 04:00:00, 1.7244e-06
4397, 2016-04-01 05:00:00, 5.41631e-05
4398, 2016-04-01 06:00:00, 0.00414248
4399, 2016-04-01 07:00:00, 0.00199279
4400, 2016-04-01 08:00:00, 0.0102282
4401, 2016-04-01 09:00:00, 0.0168174
4402, 2016-04-01 10:00:00, 0.00899212
4403, 2016-04-01 11:00:00, 0.00468245
4404, 2016-04-01 12:00:00, 8.31769e-06
4405, 2016-04-01 13:00:00, 6.98746e-06
4406, 2016-04-01 14:00:00, 1.67979e-06
4407, 2016-04-01 15:00:00, 1.67539e-06
4408, 2016-04-01 16:00:00, 1.67101e-06
4409, 2016-04-01 17:00:00, 1.66663e-06
4410, 2016-04-01 18:00:00, 1.66227e-06
4411, 2016-04-01 19:00:00, 1.65792e-06
4412, 2016-04-01 20:00:00, 1.65358e-06
4413, 2016-04-01 21:00:00, 1.64925e-06
4414, 2016-04-01 22:00:00, 1.64494e-06
4415, 2016-04-01 23:00:00, 1.64063e-06
4416, 2016-04-02 00:00:00, 1.63634e-06
4417, 2016-04-02 01:00:00, 0.0492835
4418, 2016-04-02 02:00:00, 0.023532
4419, 2016-04-02 03:00:00, 0.0184357
4420, 2016-04-02 04:00:00, 0.00041237
4421, 2016-04-02 05:00:00, 1.61503e-06
4422, 2016-04-02 06:00:00, 1.61081e-06
4423, 2016-04-02 07:00:00, 1.60659e-06
4424, 2016-04-02 08:00:00, 5.0622e-06
4425, 2016-04-02 09:00:00, 0.000170852
4426, 2016-04-02 10:00:00, 0.000718574
4427, 2016-04-02 11:00:00, 0.000353248
4428, 2016-04-02 12:00:00, 0.000234132
4429, 2016-04-02 13:00:00, 0.00866564
4430, 2016-04-02 14:00:00, 0.202404
4431, 2016-04-02 15:00:00, 0.196944
4432, 2016-04-02 16:00:00, 0.23587
4433, 2016-04-02 17:00:00, 0.144918
4434, 2016-04-02 18:00:00, 0.0743732
4435, 2016-04-02 19:00:00, 0.0230892
4436, 2016-04-02 20:00:00, 0.00267944
4437, 2016-04-02 21:00:00, 1.69749e-05
4438, 2016-04-02 22:00:00, 2.05544e-06
4439, 2016-04-02 23:00:00, 0.00803406
4440, 2016-04-03 00:00:00, 0.12247
4441, 2016-04-03 01:00:00, 0.0569946
4442, 2016-04-03 02:00:00, 0.043237
4443, 2016-04-03 03:00:00, 2.49788e-05
4444, 2016-04-03 04:00:00, 8.69931e-05
4445, 2016-04-03 05:00:00, 0.000330797
4446, 2016-04-03 06:00:00, 0.00855456
4447, 2016-04-03 07:00:00, 0.00698068
4448, 2016-04-03 08:00:00, 0.0333821
4449, 2016-04-03 09:00:00, 0.0164673
4450, 2016-04-03 10:00:00, 0.0130778
4451, 2016-04-03 11:00:00, 0.00224874
4452, 2016-04-03 12:00:00, 0.00157968
4453, 2016-04-03 13:00:00, 0.000884248
4454, 2016-04-03 14:00:00, 0.00047226
4455, 2016-04-03 15:00:00, 0.000166746
4456, 2016-04-03 16:00:00, 3.95435e-05
4457, 2016-04-03 17:00:00, 6.94104e-06
4458, 2016-04-03 18:00:00, 1.46578e-06
4459, 2016-04-03 19:00:00, 1.46194e-06
4460, 2016-04-03 20:00:00, 1.45811e-06
4461, 2016-04-03 21:00:00, 1.4543e-06
4462, 2016-04-03 22:00:00, 1.45049e-06
4463, 2016-04-03 23:00:00, 1.44669e-06
4464, 2016-04-04 00:00:00, 1.44341e-06
4465, 2016-04-04 01:00:00, 1.43936e-06
4466, 2016-04-04 02:00:00, 1.43555e-06
4467, 2016-04-04 03:00:00, 1.43161e-06
4468, 2016-04-04 04:00:00, 1.42786e-06
4469, 2016-04-04 05:00:00, 1.42412e-06
4470, 2016-04-04 06:00:00, 1.42039e-06
4471, 2016-04-04 07:00:00, 1.41668e-06
4472, 2016-04-04 08:00:00, 1.41297e-06
4473, 2016-04-04 09:00:00, 1.40927e-06
4474, 2016-04-04 10:00:00, 1.40558e-06
4475, 2016-04-04 11:00:00, 1.4019e-06
4476, 2016-04-04 12:00:00, 1.39823e-06
4477, 2016-04-04 13:00:00, 1.39457e-06
4478, 2016-04-04 14:00:00, 1.39092e-06
4479, 2016-04-04 15:00:00, 1.38728e-06
4480, 2016-04-04 16:00:00, 1.38365e-06
4481, 2016-04-04 17:00:00, 1.38003e-06
4482, 2016-04-04 18:00:00, 1.37642e-06
4483, 2016-04-04 19:00:00, 1.37282e-06
4484, 2016-04-04 20:00:00, 1.36922e-06
4485, 2016-04-04 21:00:00, 1.36564e-06
4486, 2016-04-04 22:00:00, 1.36206e-06
4487, 2016-04-04 23:00:00, 1.3585e-06
4488, 2016-04-05 00:00:00, 1.35494e-06
4489, 2016-04-05 01:00:00, 1.3514e-06
4490, 2016-04-05 02:00:00, 1.34786e-06
4491, 2016-04-05 03:00:00, 1.34433e-06
4492, 2016-04-05 04:00:00, 1.34081e-06
4493, 2016-04-05 05:00:00, 1.3373e-06
4494, 2016-04-05 06:00:00, 1.3338e-06
4495, 2016-04-05 07:00:00, 1.33031e-06
4496, 2016-04-05 08:00:00, 1.32683e-06
4497, 2016-04-05 09:00:00, 1.32336e-06
4498, 2016-04-05 10:00:00, 1.31989e-06
4499, 2016-04-05 11:00:00, 1.31644e-06
4500, 2016-04-05 12:00:00, 1.31299e-06
4501, 2016-04-05 13:00:00, 1.30956e-06
4502, 2016-04-05 14:00:00, 1.30613e-06
4503, 2016-04-05 15:00:00, 1.30271e-06
4504, 2016-04-05 16:00:00, 1.2993e-06
4505, 2016-04-05 17:00:00, 1.2959e-06
4506, 2016-04-05 18:00:00, 1.29251e-06
4507, 2016-04-05 19:00:00, 0.00371423
4508, 2016-04-05 20:00:00, 0.0168733
4509, 2016-04-05 21:00:00, 0.0184025
4510, 2016-04-05 22:00:00, 0.0102483
4511, 2016-04-05 23:00:00, 0.00375
4512, 2016-04-06 00:00:00, 4.78088e-05
4513, 2016-04-06 01:00:00, 5.84929e-06
4514, 2016-04-06 02:00:00, 2.6856e-06
4515, 2016-04-06 03:00:00, 1.63017e-06
4516, 2016-04-06 04:00:00, 1.30667e-06
4517, 2016-04-06 05:00:00, 1.25578e-06
4518, 2016-04-06 06:00:00, 1.25249e-06
4519, 2016-04-06 07:00:00, 1.24921e-06
4520, 2016-04-06 08:00:00, 1.24594e-06
4521, 2016-04-06 09:00:00, 1.24268e-06
4522, 2016-04-06 10:00:00, 1.23943e-06
4523, 2016-04-06 11:00:00, 1.23619e-06
4524, 2016-04-06 12:00:00, 1.23295e-06
4525, 2016-04-06 13:00:00, 1.22972e-06
4526, 2016-04-06 14:00:00, 1.7203e-06
4527, 2016-04-06 15:00:00, 0.00372773
4528, 2016-04-06 16:00:00, 0.00184536
4529, 2016-04-06 17:00:00, 0.0322443
4530, 2016-04-06 18:00:00, 0.0782704
4531, 2016-04-06 19:00:00, 0.0403928
4532, 2016-04-06 20:00:00, 0.0452825
4533, 2016-04-06 21:00:00, 0.0111392
4534, 2016-04-06 22:00:00, 0.00980393
4535, 2016-04-06 23:00:00, 0.00101499
4536, 2016-04-07 00:00:00, 0.00047241
4537, 2016-04-07 01:00:00, 1.19165e-06
4538, 2016-04-07 02:00:00, 1.18853e-06
4539, 2016-04-07 03:00:00, 1.18542e-06
4540, 2016-04-07 04:00:00, 1.18232e-06
4541, 2016-04-07 05:00:00, 1.17922e-06
4542, 2016-04-07 06:00:00, 1.17614e-06
4543, 2016-04-07 07:00:00, 1.17306e-06
4544, 2016-04-07 08:00:00, 1.16999e-06
4545, 2016-04-07 09:00:00, 1.16692e-06
4546, 2016-04-07 10:00:00, 1.16387e-06
4547, 2016-04-07 11:00:00, 1.16082e-06
4548, 2016-04-07 12:00:00, 1.15779e-06
4549, 2016-04-07 13:00:00, 0.000428684
4550, 2016-04-07 14:00:00, 0.0777538
4551, 2016-04-07 15:00:00, 0.0567572
4552, 2016-04-07 16:00:00, 0.135029
4553, 2016-04-07 17:00:00, 0.342101
4554, 2016-04-07 18:00:00, 0.349885
4555, 2016-04-07 19:00:00, 0.266438
4556, 2016-04-07 20:00:00, 0.139866
4557, 2016-04-07 21:00:00, 0.10151
4558, 2016-04-07 22:00:00, 0.0401099
4559, 2016-04-07 23:00:00, 0.0207217
4560, 2016-04-08 00:00:00, 0.000316926
4561, 2016-04-08 01:00:00, 1.119e-06
4562, 2016-04-08 02:00:00, 1.11607e-06
4563, 2016-04-08 03:00:00, 1.11315e-06
4564, 2016-04-08 04:00:00, 1.11024e-06
4565, 2016-04-08 05:00:00, 1.10733e-06
4566, 2016-04-08 06:00:00, 1.10444e-06
4567, 2016-04-08 07:00:00, 1.10154e-06
4568, 2016-04-08 08:00:00, 1.09866e-06
4569, 2016-04-08 09:00:00, 1.09579e-06
4570, 2016-04-08 10:00:00, 1.09292e-06
4571, 2016-04-08 11:00:00, 1.09006e-06
4572, 2016-04-08 12:00:00, 1.0872e-06
4573, 2016-04-08 13:00:00, 1.08436e-06
4574, 2016-04-08 14:00:00, 1.08152e-06
4575, 2016-04-08 15:00:00, 1.07869e-06
4576, 2016-04-08 16:00:00, 1.07587e-06
4577, 2016-04-08 17:00:00, 0.000312906
4578, 2016-04-08 18:00:00, 0.000142812
4579, 2016-04-08 19:00:00, 0.000114461
4580, 2016-04-08 20:00:00, 1.06465e-06
4581, 2016-04-08 21:00:00, 1.06186e-06
4582, 2016-04-08 22:00:00, 1.05908e-06
4583, 2016-04-08 23:00:00, 1.05631e-06
4584, 2016-04-09 00:00:00, 1.05354e-06
4585, 2016-04-09 01:00:00, 1.05079e-06
4586, 2016-04-09 02:00:00, 1.04804e-06
4587, 2016-04-09 03:00:00, 1.04529e-06
4588, 2016-04-09 04:00:00, 1.04256e-06
4589, 2016-04-09 05:00:00, 1.03983e-06
4590, 2016-04-09 06:00:00, 1.03711e-06
4591, 2016-04-09 07:00:00, 1.03439e-06
4592, 2016-04-09 08:00:00, 1.03168e-06
4593, 2016-04-09 09:00:00, 1.02898e-06
4594, 2016-04-09 10:00:00, 1.02629e-06
4595, 2016-04-09 11:00:00, 1.0236e-06
4596, 2016-04-09 12:00:00, 1.02092e-06
4597, 2016-04-09 13:00:00, 1.01825e-06
4598, 2016-04-09 14:00:00, 1.01559e-06
4599, 2016-04-09 15:00:00, 1.01293e-06
4600, 2016-04-09 16:00:00, 1.01028e-06
4601, 2016-04-09 17:00:00, 1.00763e-06
4602, 2016-04-09 18:00:00, 1.005e-06
4603, 2016-04-09 19:00:00, 1.00237e-06
4604, 2016-04-09 20:00:00, 9.99742e-07
4605, 2016-04-09 21:00:00, 9.97126e-07
4606, 2016-04-09 22:00:00, 9.94516e-07
4607, 2016-04-09 23:00:00, 9.91913e-07
4608, 2016-04-10 00:00:00, 9.89317e-07
4609, 2016-04-10 01:00:00, 9.86727e-07
4610, 2016-04-10 02:00:00, 9.84144e-07
4611, 2016-04-10 03:00:00, 9.81568e-07
4612, 2016-04-10 04:00:00, 9.78999e-07
4613, 2016-04-10 05:00:00, 9.76437e-07
4614, 2016-04-10 06:00:00, 9.73881e-07
4615, 2016-04-10 07:00:00, 9.71332e-07
4616, 2016-04-10 08:00:00, 9.6879e-07
4617, 2016-04-10 09:00:00, 9.66254e-07
4618, 2016-04-10 10:00:00, 9.63725e-07
4619, 2016-04-10 11:00:00, 9.61202e-07
4620, 2016-04-10 12:00:00, 9.58687e-07
4621, 2016-04-10 13:00:00, 9.56177e-07
4622, 2016-04-10 14:00:00, 9.53675e-07
4623, 2016-04-10 15:00:00, 9.51178e-07
4624, 2016-04-10 16:00:00, 9.48689e-07
4625, 2016-04-10 17:00:00, 9.46206e-07
4626, 2016-04-10 18:00:00, 9.43729e-07
4627, 2016-04-10 19:00:00, 9.41259e-07
4628, 2016-04-10 20:00:00, 9.38795e-07
4629, 2016-04-10 21:00:00, 9.36338e-07
4630, 2016-04-10 22:00:00, 9.33887e-07
4631, 2016-04-10 23:00:00, 9.31443e-07
4632, 2016-04-11 00:00:00, 9.29005e-07
4633, 2016-04-11 01:00:00, 9.26573e-07
4634, 2016-04-11 02:00:00, 9.24148e-07
4635, 2016-04-11 03:00:00, 9.21729e-07
4636, 2016-04-11 04:00:00, 9.19317e-07
4637, 2016-04-11 05:00:00, 9.16911e-07
4638, 2016-04-11 06:00:00, 9.14511e-07
4639, 2016-04-11 07:00:00, 9.12117e-07
4640, 2016-04-11 08:00:00, 9.0973e-07
4641, 2016-04-11 09:00:00, 9.07349e-07
4642, 2016-04-11 10:00:00, 9.04974e-07
4643, 2016-04-11 11:00:00, 5.2339e-06
4644, 2016-04-11 12:00:00, 3.63921e-05
4645, 2016-04-11 13:00:00, 1.77107e-05
4646, 2016-04-11 14:00:00, 1.30857e-05
4647, 2016-04-11 15:00:00, 8.93192e-07
4648, 2016-04-11 16:00:00, 8.90854e-07
4649, 2016-04-11 17:00:00, 8.88523e-07
4650, 2016-04-11 18:00:00, 8.86197e-07
4651, 2016-04-11 19:00:00, 8.83877e-07
4652, 2016-04-11 20:00:00, 8.81564e-07
4653, 2016-04-11 21:00:00, 8.79256e-07
4654, 2016-04-11 22:00:00, 8.76955e-07
4655, 2016-04-11 23:00:00, 8.7466e-07
4656, 2016-04-12 00:00:00, 8.7237e-07
4657, 2016-04-12 01:00:00, 8.70087e-07
4658, 2016-04-12 02:00:00, 8.6781e-07
4659, 2016-04-12 03:00:00, 8.65538e-07
4660, 2016-04-12 04:00:00, 8.63273e-07
4661, 2016-04-12 05:00:00, 8.61013e-07
4662, 2016-04-12 06:00:00, 8.5876e-07
4663, 2016-04-12 07:00:00, 8.56512e-07
4664, 2016-04-12 08:00:00, 8.5427e-07
4665, 2016-04-12 09:00:00, 8.52034e-07
4666, 2016-04-12 10:00:00, 8.49804e-07
4667, 2016-04-12 11:00:00, 8.4758e-07
4668, 2016-04-12 12:00:00, 8.45361e-07
4669, 2016-04-12 13:00:00, 8.43149e-07
4670, 2016-04-12 14:00:00, 0.0133285
4671, 2016-04-12 15:00:00, 0.0549964
4672, 2016-04-12 16:00:00, 0.0687252
4673, 2016-04-12 17:00:00, 0.0413677
4674, 2016-04-12 18:00:00, 0.0192727
4675, 2016-04-12 19:00:00, 0.00260888
4676, 2016-04-12 20:00:00, 0.000735426
4677, 2016-04-12 21:00:00, 8.25655e-07
4678, 2016-04-12 22:00:00, 8.23494e-07
4679, 2016-04-12 23:00:00, 8.21338e-07
4680, 2016-04-13 00:00:00, 8.19188e-07
4681, 2016-04-13 01:00:00, 8.17044e-07
4682, 2016-04-13 02:00:00, 8.14906e-07
4683, 2016-04-13 03:00:00, 8.12773e-07
4684, 2016-04-13 04:00:00, 8.10645e-07
4685, 2016-04-13 05:00:00, 8.08524e-07
4686, 2016-04-13 06:00:00, 8.06407e-07
4687, 2016-04-13 07:00:00, 8.04297e-07
4688, 2016-04-13 08:00:00, 8.02191e-07
4689, 2016-04-13 09:00:00, 8.00092e-07
4690, 2016-04-13 10:00:00, 7.97998e-07
4691, 2016-04-13 11:00:00, 7.95909e-07
4692, 2016-04-13 12:00:00, 7.93826e-07
4693, 2016-04-13 13:00:00, 7.91748e-07
4694, 2016-04-13 14:00:00, 7.89676e-07
4695, 2016-04-13 15:00:00, 7.87609e-07
4696, 2016-04-13 16:00:00, 7.85547e-07
4697, 2016-04-13 17:00:00, 7.83491e-07
4698, 2016-04-13 18:00:00, 7.8144e-07
4699, 2016-04-13 19:00:00, 7.79395e-07
4700, 2016-04-13 20:00:00, 7.77355e-07
4701, 2016-04-13 21:00:00, 7.7532e-07
4702, 2016-04-13 22:00:00, 7.73291e-07
4703, 2016-04-13 23:00:00, 7.71267e-07
4704, 2016-04-14 00:00:00, 7.69248e-07
4705, 2016-04-14 01:00:00, 7.67235e-07
4706, 2016-04-14 02:00:00, 7.65227e-07
4707, 2016-04-14 03:00:00, 7.63224e-07
4708, 2016-04-14 04:00:00, 7.61226e-07
4709, 2016-04-14 05:00:00, 7.59234e-07
4710, 2016-04-14 06:00:00, 7.57247e-07
4711, 2016-04-14 07:00:00, 7.55265e-07
4712, 2016-04-14 08:00:00, 7.53288e-07
4713, 2016-04-14 09:00:00, 7.51316e-07
4714, 2016-04-14 10:00:00, 7.4935e-07
4715, 2016-04-14 11:00:00, 7.47388e-07
4716, 2016-04-14 12:00:00, 7.45432e-07
4717, 2016-04-14 13:00:00, 7.43481e-07
4718, 2016-04-14 14:00:00, 7.41535e-07
4719, 2016-04-14 15:00:00, 7.39594e-07
4720, 2016-04-14 16:00:00, 7.37658e-07
4721, 2016-04-14 17:00:00, 7.35727e-07
4722, 2016-04-14 18:00:00, 7.33802e-07
4723, 2016-04-14 19:00:00, 7.31881e-07
4724, 2016-04-14 20:00:00, 7.29965e-07
4725, 2016-04-14 21:00:00, 7.28055e-07
4726, 2016-04-14 22:00:00, 7.26149e-07
4727, 2016-04-14 23:00:00, 7.24249e-07
4728, 2016-04-15 00:00:00, 7.22353e-07
4729, 2016-04-15 01:00:00, 7.20462e-07
4730, 2016-04-15 02:00:00, 7.18577e-07
4731, 2016-04-15 03:00:00, 7.16696e-07
4732, 2016-04-15 04:00:00, 7.1482e-07
4733, 2016-04-15 05:00:00, 7.12949e-07
4734, 2016-04-15 06:00:00, 7.11083e-07
4735, 2016-04-15 07:00:00, 7.09222e-07
4736, 2016-04-15 08:00:00, 7.07365e-07
4737, 2016-04-15 09:00:00, 7.05514e-07
4738, 2016-04-15 10:00:00, 7.03667e-07
4739, 2016-04-15 11:00:00, 7.01825e-07
4740, 2016-04-15 12:00:00, 6.99988e-07
4741, 2016-04-15 13:00:00, 6.98156e-07
4742, 2016-04-15 14:00:00, 6.96329e-07
4743, 2016-04-15 15:00:00, 6.94506e-07
4744, 2016-04-15 16:00:00, 6.92689e-07
4745, 2016-04-15 17:00:00, 6.90876e-07
4746, 2016-04-15 18:00:00, 6.89067e-07
4747, 2016-04-15 19:00:00, 6.87264e-07
4748, 2016-04-15 20:00:00, 6.85465e-07
4749, 2016-04-15 21:00:00, 6.83671e-07
4750, 2016-04-15 22:00:00, 6.81881e-07
4751, 2016-04-15 23:00:00, 6.80096e-07
4752, 2016-04-16 00:00:00, 6.78316e-07
4753, 2016-04-16 01:00:00, 6.76541e-07
4754, 2016-04-16 02:00:00, 6.7477e-07
4755, 2016-04-16 03:00:00, 6.73004e-07
4756, 2016-04-16 04:00:00, 6.71242e-07
4757, 2016-04-16 05:00:00, 6.69486e-07
4758, 2016-04-16 06:00:00, 6.67733e-07
4759, 2016-04-16 07:00:00, 6.65986e-07
4760, 2016-04-16 08:00:00, 6.64242e-07
4761, 2016-04-16 09:00:00, 6.62504e-07
4762, 2016-04-16 10:00:00, 6.6077e-07
4763, 2016-04-16 11:00:00, 6.5904e-07
4764, 2016-04-16 12:00:00, 6.57315e-07
4765, 2016-04-16 13:00:00, 6.55595e-07
4766, 2016-04-16 14:00:00, 6.53879e-07
4767, 2016-04-16 15:00:00, 6.52167e-07
4768, 2016-04-16 16:00:00, 6.5046e-07
4769, 2016-04-16 17:00:00, 6.48758e-07
4770, 2016-04-16 18:00:00, 6.4706e-07
4771, 2016-04-16 19:00:00, 6.45366e-07
4772, 2016-04-16 20:00:00, 6.43677e-07
4773, 2016-04-16 21:00:00, 6.41992e-07
4774, 2016-04-16 22:00:00, 6.40312e-07
4775, 2016-04-16 23:00:00, 6.38636e-07
4776, 2016-04-17 00:00:00, 6.36964e-07
4777, 2016-04-17 01:00:00, 6.35297e-07
4778, 2016-04-17 02:00:00, 6.33634e-07
4779, 2016-04-17 03:00:00, 6.31976e-07
4780, 2016-04-17 04:00:00, 6.30322e-07
4781, 2016-04-17 05:00:00, 6.28672e-07
4782, 2016-04-17 06:00:00, 6.27026e-07
4783, 2016-04-17 07:00:00, 6.25385e-07
4784, 2016-04-17 08:00:00, 6.23748e-07
4785, 2016-04-17 09:00:00, 6.22116e-07
4786, 2016-04-17 10:00:00, 6.20487e-07
4787, 2016-04-17 11:00:00, 6.18863e-07
4788, 2016-04-17 12:00:00, 6.17244e-07
4789, 2016-04-17 13:00:00, 6.15628e-07
4790, 2016-04-17 14:00:00, 6.14017e-07
4791, 2016-04-17 15:00:00, 6.1241e-07
4792, 2016-04-17 16:00:00, 6.10807e-07
4793, 2016-04-17 17:00:00, 6.09208e-07
4794, 2016-04-17 18:00:00, 6.07613e-07
4795, 2016-04-17 19:00:00, 6.06023e-07
4796, 2016-04-17 20:00:00, 6.04437e-07
4797, 2016-04-17 21:00:00, 6.02855e-07
4798, 2016-04-17 22:00:00, 6.01277e-07
4799, 2016-04-17 23:00:00, 5.99703e-07
4800, 2016-04-18 00:00:00, 5.98133e-07
4801, 2016-04-18 01:00:00, 5.96568e-07
4802, 2016-04-18 02:00:00, 5.95006e-07
4803, 2016-04-18 03:00:00, 5.93449e-07
4804, 2016-04-18 04:00:00, 5.91896e-07
4805, 2016-04-18 05:00:00, 5.90346e-07
4806, 2016-04-18 06:00:00, 5.88801e-07
4807, 2016-04-18 07:00:00, 5.8726e-07
4808, 2016-04-18 08:00:00, 5.85723e-07
4809, 2016-04-18 09:00:00, 5.8419e-07
4810, 2016-04-18 10:00:00, 5.82661e-07
4811, 2016-04-18 11:00:00, 5.81136e-07
4812, 2016-04-18 12:00:00, 5.79615e-07
4813, 2016-04-18 13:00:00, 5.78098e-07
4814, 2016-04-18 14:00:00, 5.76585e-07
4815, 2016-04-18 15:00:00, 5.75075e-07
4816, 2016-04-18 16:00:00, 5.7357e-07
4817, 2016-04-18 17:00:00, 5.72069e-07
4818, 2016-04-18 18:00:00, 5.70572e-07
4819, 2016-04-18 19:00:00, 5.69078e-07
4820, 2016-04-18 20:00:00, 5.67589e-07
4821, 2016-04-18 21:00:00, 5.66103e-07
4822, 2016-04-18 22:00:00, 5.64621e-07
4823, 2016-04-18 23:00:00, 5.63143e-07
4824, 2016-04-19 00:00:00, 5.61669e-07
4825, 2016-04-19 01:00:00, 5.60199e-07
4826, 2016-04-19 02:00:00, 5.58733e-07
4827, 2016-04-19 03:00:00, 5.57271e-07
4828, 2016-04-19 04:00:00, 5.55812e-07
4829, 2016-04-19 05:00:00, 5.54357e-07
4830, 2016-04-19 06:00:00, 5.52906e-07
4831, 2016-04-19 07:00:00, 5.51459e-07
4832, 2016-04-19 08:00:00, 5.50016e-07
4833, 2016-04-19 09:00:00, 5.48576e-07
4834, 2016-04-19 10:00:00, 5.4714e-07
4835, 2016-04-19 11:00:00, 5.45708e-07
4836, 2016-04-19 12:00:00, 5.4428e-07
4837, 2016-04-19 13:00:00, 5.42855e-07
4838, 2016-04-19 14:00:00, 5.41434e-07
4839, 2016-04-19 15:00:00, 5.40017e-07
4840, 2016-04-19 16:00:00, 5.38604e-07
4841, 2016-04-19 17:00:00, 5.37194e-07
4842, 2016-04-19 18:00:00, 5.35788e-07
4843, 2016-04-19 19:00:00, 5.34386e-07
4844, 2016-04-19 20:00:00, 5.32987e-07
4845, 2016-04-19 21:00:00, 5.31592e-07
4846, 2016-04-19 22:00:00, 5.302e-07
4847, 2016-04-19 23:00:00, 5.28813e-07
4848, 2016-04-20 00:00:00, 5.27429e-07
4849, 2016-04-20 01:00:00, 5.26048e-07
4850, 2016-04-20 02:00:00, 5.24671e-07
4851, 2016-04-20 03:00:00, 5.23298e-07
4852, 2016-04-20 04:00:00, 5.21928e-07
4853, 2016-04-20 05:00:00, 5.20562e-07
4854, 2016-04-20 06:00:00, 5.192e-07
4855, 2016-04-20 07:00:00, 5.17841e-07
4856, 2016-04-20 08:00:00, 5.16485e-07
4857, 2016-04-20 09:00:00, 5.15133e-07
4858, 2016-04-20 10:00:00, 5.13785e-07
4859, 2016-04-20 11:00:00, 5.1244e-07
4860, 2016-04-20 12:00:00, 5.11099e-07
4861, 2016-04-20 13:00:00, 5.09761e-07
4862, 2016-04-20 14:00:00, 5.08427e-07
4863, 2016-04-20 15:00:00, 5.07096e-07
4864, 2016-04-20 16:00:00, 5.05769e-07
4865, 2016-04-20 17:00:00, 5.04445e-07
4866, 2016-04-20 18:00:00, 5.03125e-07
4867, 2016-04-20 19:00:00, 5.01808e-07
4868, 2016-04-20 20:00:00, 5.00495e-07
4869, 2016-04-20 21:00:00, 4.99185e-07
4870, 2016-04-20 22:00:00, 4.97878e-07
4871, 2016-04-20 23:00:00, 4.96575e-07
4872, 2016-04-21 00:00:00, 4.95275e-07
4873, 2016-04-21 01:00:00, 4.93979e-07
4874, 2016-04-21 02:00:00, 4.92686e-07
4875, 2016-04-21 03:00:00, 4.91396e-07
4876, 2016-04-21 04:00:00, 4.9011e-07
4877, 2016-04-21 05:00:00, 4.88827e-07
4878, 2016-04-21 06:00:00, 4.87548e-07
4879, 2016-04-21 07:00:00, 4.86272e-07
4880, 2016-04-21 08:00:00, 4.84999e-07
4881, 2016-04-21 09:00:00, 4.8373e-07
4882, 2016-04-21 10:00:00, 4.82463e-07
4883, 2016-04-21 11:00:00, 4.81201e-07
4884, 2016-04-21 12:00:00, 4.79941e-07
4885, 2016-04-21 13:00:00, 4.78685e-07
4886, 2016-04-21 14:00:00, 4.77432e-07
4887, 2016-04-21 15:00:00, 4.76182e-07
4888, 2016-04-21 16:00:00, 4.74936e-07
4889, 2016-04-21 17:00:00, 4.73693e-07
4890, 2016-04-21 18:00:00, 4.72453e-07
4891, 2016-04-21 19:00:00, 4.71216e-07
4892, 2016-04-21 20:00:00, 4.69983e-07
4893, 2016-04-21 21:00:00, 4.68753e-07
4894, 2016-04-21 22:00:00, 4.67526e-07
4895, 2016-04-21 23:00:00, 4.66302e-07
4896, 2016-04-22 00:00:00, 4.65082e-07
4897, 2016-04-22 01:00:00, 4.63865e-07
4898, 2016-04-22 02:00:00, 4.6265e-07
4899, 2016-04-22 03:00:00, 4.61439e-07
4900, 2016-04-22 04:00:00, 4.60232e-07
4901, 2016-04-22 05:00:00, 4.59027e-07
4902, 2016-04-22 06:00:00, 4.57826e-07
4903, 2016-04-22 07:00:00, 4.56627e-07
4904, 2016-04-22 08:00:00, 4.55432e-07
4905, 2016-04-22 09:00:00, 4.5424e-07
4906, 2016-04-22 10:00:00, 4.53051e-07
4907, 2016-04-22 11:00:00, 4.51865e-07
4908, 2016-04-22 12:00:00, 4.50683e-07
4909, 2016-04-22 13:00:00, 4.49503e-07
4910, 2016-04-22 14:00:00, 4.48326e-07
4911, 2016-04-22 15:00:00, 4.47153e-07
4912, 2016-04-22 16:00:00, 4.45983e-07
4913, 2016-04-22 17:00:00, 4.44815e-07
4914, 2016-04-22 18:00:00, 4.43651e-07
4915, 2016-04-22 19:00:00, 4.4249e-07
4916, 2016-04-22 20:00:00, 4.41332e-07
4917, 2016-04-22 21:00:00, 4.40177e-07
4918, 2016-04-22 22:00:00, 4.39024e-07
4919, 2016-04-22 23:00:00, 4.37875e-07
4920, 2016-04-23 00:00:00, 4.36729e-07
4921, 2016-04-23 01:00:00, 4.35586e-07
4922, 2016-04-23 02:00:00, 4.34446e-07
4923, 2016-04-23 03:00:00, 0.000703481
4924, 2016-04-23 04:00:00, 0.0159238
4925, 2016-04-23 05:00:00, 0.00736171
4926, 2016-04-23 06:00:00, 0.00750025
4927, 2016-04-23 07:00:00, 0.00302757
4928, 2016-04-23 08:00:00, 0.00392722
4929, 2016-04-23 09:00:00, 0.0077669
4930, 2016-04-23 10:00:00, 0.0105601
4931, 2016-04-23 11:00:00, 0.00684626
4932, 2016-04-23 12:00:00, 0.00323561
4933, 2016-04-23 13:00:00, 0.000541645
4934, 2016-04-23 14:00:00, 1.29571e-05
4935, 2016-04-23 15:00:00, 8.30419e-05
4936, 2016-04-23 16:00:00, 3.99427e-05
4937, 2016-04-23 17:00:00, 2.839e-05
4938, 2016-04-23 18:00:00, 4.16605e-07
4939, 2016-04-23 19:00:00, 4.15515e-07
4940, 2016-04-23 20:00:00, 4.14427e-07
4941, 2016-04-23 21:00:00, 4.13342e-07
4942, 2016-04-23 22:00:00, 4.1226e-07
4943, 2016-04-23 23:00:00, 4.11181e-07
4944, 2016-04-24 00:00:00, 4.10105e-07
4945, 2016-04-24 01:00:00, 4.09032e-07
4946, 2016-04-24 02:00:00, 4.07961e-07
4947, 2016-04-24 03:00:00, 4.06893e-07
4948, 2016-04-24 04:00:00, 4.05828e-07
4949, 2016-04-24 05:00:00, 4.04766e-07
4950, 2016-04-24 06:00:00, 4.03707e-07
4951, 2016-04-24 07:00:00, 4.0265e-07
4952, 2016-04-24 08:00:00, 4.01596e-07
4953, 2016-04-24 09:00:00, 4.00545e-07
4954, 2016-04-24 10:00:00, 3.99496e-07
4955, 2016-04-24 11:00:00, 3.98451e-07
4956, 2016-04-24 12:00:00, 3.97408e-07
4957, 2016-04-24 13:00:00, 3.96368e-07
4958, 2016-04-24 14:00:00, 3.9533e-07
4959, 2016-04-24 15:00:00, 3.94296e-07
4960, 2016-04-24 16:00:00, 3.93264e-07
4961, 2016-04-24 17:00:00, 3.92234e-07
4962, 2016-04-24 18:00:00, 3.91208e-07
4963, 2016-04-24 19:00:00, 3.90184e-07
4964, 2016-04-24 20:00:00, 3.89162e-07
4965, 2016-04-24 21:00:00, 3.88144e-07
4966, 2016-04-24 22:00:00, 3.87128e-07
4967, 2016-04-24 23:00:00, 3.86115e-07
4968, 2016-04-25 00:00:00, 3.85104e-07
4969, 2016-04-25 01:00:00, 3.84096e-07
4970, 2016-04-25 02:00:00, 3.83091e-07
4971, 2016-04-25 03:00:00, 3.82088e-07
4972, 2016-04-25 04:00:00, 3.81088e-07
4973, 2016-04-25 05:00:00, 3.8009e-07
4974, 2016-04-25 06:00:00, 3.79096e-07
4975, 2016-04-25 07:00:00, 3.78103e-07
4976, 2016-04-25 08:00:00, 3.77114e-07
4977, 2016-04-25 09:00:00, 3.76127e-07
4978, 2016-04-25 10:00:00, 3.75142e-07
4979, 2016-04-25 11:00:00, 3.7416e-07
4980, 2016-04-25 12:00:00, 3.73181e-07
4981, 2016-04-25 13:00:00, 3.72204e-07
4982, 2016-04-25 14:00:00, 3.7123e-07
4983, 2016-04-25 15:00:00, 3.70258e-07
4984, 2016-04-25 16:00:00, 3.69289e-07
4985, 2016-04-25 17:00:00, 3.68323e-07
4986, 2016-04-25 18:00:00, 3.67359e-07
4987, 2016-04-25 19:00:00, 3.66397e-07
4988, 2016-04-25 20:00:00, 3.65438e-07
4989, 2016-04-25 21:00:00, 3.64481e-07
4990, 2016-04-25 22:00:00, 3.63527e-07
4991, 2016-04-25 23:00:00, 3.62576e-07
4992, 2016-04-26 00:00:00, 3.61627e-07
4993, 2016-04-26 01:00:00, 3.6068e-07
4994, 2016-04-26 02:00:00, 3.59736e-07
4995, 2016-04-26 03:00:00, 3.58795e-07
4996, 2016-04-26 04:00:00, 3.57856e-07
4997, 2016-04-26 05:00:00, 3.56919e-07
4998, 2016-04-26 06:00:00, 3.55985e-07
4999, 2016-04-26 07:00:00, 3.55053e-07
5000, 2016-04-26 08:00:00, 5.61328e-06
5001, 2016-04-26 09:00:00, 0.000291459
5002, 2016-04-26 10:00:00, 0.0015728
5003, 2016-04-26 11:00:00, 0.000761846
5004, 2016-04-26 12:00:00, 0.000524769
5005, 2016-04-26 13:00:00, 1.17806e-06
5006, 2016-04-26 14:00:00, 0.000727888
5007, 2016-04-26 15:00:00, 0.000331047
5008, 2016-04-26 16:00:00, 0.0137336
5009, 2016-04-26 17:00:00, 0.0290185
5010, 2016-04-26 18:00:00, 0.0153053
5011, 2016-04-26 19:00:00, 0.00832617
5012, 2016-04-26 20:00:00, 3.4316e-07
5013, 2016-04-26 21:00:00, 3.42262e-07
5014, 2016-04-26 22:00:00, 3.41366e-07
5015, 2016-04-26 23:00:00, 3.40472e-07
5016, 2016-04-27 00:00:00, 3.39581e-07
5017, 2016-04-27 01:00:00, 3.38692e-07
5018, 2016-04-27 02:00:00, 3.37806e-07
5019, 2016-04-27 03:00:00, 3.36922e-07
5020, 2016-04-27 04:00:00, 3.3604e-07
5021, 2016-04-27 05:00:00, 3.3516e-07
5022, 2016-04-27 06:00:00, 3.34283e-07
5023, 2016-04-27 07:00:00, 3.33408e-07
5024, 2016-04-27 08:00:00, 3.32535e-07
5025, 2016-04-27 09:00:00, 3.31665e-07
5026, 2016-04-27 10:00:00, 3.30797e-07
5027, 2016-04-27 11:00:00, 3.29931e-07
5028, 2016-04-27 12:00:00, 3.29068e-07
5029, 2016-04-27 13:00:00, 3.28206e-07
5030, 2016-04-27 14:00:00, 3.27347e-07
5031, 2016-04-27 15:00:00, 3.2649e-07
5032, 2016-04-27 16:00:00, 3.25636e-07
5033, 2016-04-27 17:00:00, 3.24784e-07
5034, 2016-04-27 18:00:00, 3.23933e-07
5035, 2016-04-27 19:00:00, 3.23086e-07
5036, 2016-04-27 20:00:00, 3.2224e-07
5037, 2016-04-27 21:00:00, 3.21397e-07
5038, 2016-04-27 22:00:00, 3.20555e-07
5039, 2016-04-27 23:00:00, 3.19716e-07
5040, 2016-04-28 00:00:00, 3.18879e-07
5041, 2016-04-28 01:00:00, 3.18045e-07
5042, 2016-04-28 02:00:00, 3.17212e-07
5043, 2016-04-28 03:00:00, 3.16382e-07
5044, 2016-04-28 04:00:00, 3.15554e-07
5045, 2016-04-28 05:00:00, 3.14728e-07
5046, 2016-04-28 06:00:00, 3.13904e-07
5047, 2016-04-28 07:00:00, 3.13083e-07
5048, 2016-04-28 08:00:00, 3.12263e-07
5049, 2016-04-28 09:00:00, 3.11446e-07
5050, 2016-04-28 10:00:00, 3.10631e-07
5051, 2016-04-28 11:00:00, 3.09818e-07
5052, 2016-04-28 12:00:00, 3.09007e-07
5053, 2016-04-28 13:00:00, 3.08198e-07
5054, 2016-04-28 14:00:00, 3.07391e-07
5055, 2016-04-28 15:00:00, 3.06587e-07
5056, 2016-04-28 16:00:00, 3.05784e-07
5057, 2016-04-28 17:00:00, 3.04984e-07
5058, 2016-04-28 18:00:00, 3.04186e-07
5059, 2016-04-28 19:00:00, 3.03389e-07
5060, 2016-04-28 20:00:00, 3.02595e-07
5061, 2016-04-28 21:00:00, 3.01803e-07
5062, 2016-04-28 22:00:00, 3.01013e-07
5063, 2016-04-28 23:00:00, 3.00226e-07
5064, 2016-04-29 00:00:00, 2.9944e-07
5065, 2016-04-29 01:00:00, 2.98656e-07
5066, 2016-04-29 02:00:00, 2.97874e-07
5067, 2016-04-29 03:00:00, 2.97095e-07
5068, 2016-04-29 04:00:00, 2.96317e-07
5069, 2016-04-29 05:00:00, 2.95541e-07
5070, 2016-04-29 06:00:00, 2.94768e-07
5071, 2016-04-29 07:00:00, 2.06881e-05
5072, 2016-04-29 08:00:00, 9.56326e-06
5073, 2016-04-29 09:00:00, 7.70849e-06
5074, 2016-04-29 10:00:00, 2.91694e-07
5075, 2016-04-29 11:00:00, 2.9093e-07
5076, 2016-04-29 12:00:00, 2.90169e-07
5077, 2016-04-29 13:00:00, 2.89409e-07
5078, 2016-04-29 14:00:00, 2.88652e-07
5079, 2016-04-29 15:00:00, 2.87896e-07
5080, 2016-04-29 16:00:00, 2.87143e-07
5081, 2016-04-29 17:00:00, 2.86391e-07
5082, 2016-04-29 18:00:00, 2.85642e-07
5083, 2016-04-29 19:00:00, 2.84894e-07
5084, 2016-04-29 20:00:00, 2.84148e-07
5085, 2016-04-29 21:00:00, 2.83405e-07
5086, 2016-04-29 22:00:00, 2.82663e-07
5087, 2016-04-29 23:00:00, 2.81923e-07
5088, 2016-04-30 00:00:00, 2.81185e-07
5089, 2016-04-30 01:00:00, 2.80449e-07
5090, 2016-04-30 02:00:00, 2.79715e-07
5091, 2016-04-30 03:00:00, 2.78983e-07
5092, 2016-04-30 04:00:00, 2.78253e-07
5093, 2016-04-30 05:00:00, 2.77524e-07
5094, 2016-04-30 06:00:00, 2.76798e-07
5095, 2016-04-30 07:00:00, 2.76074e-07
5096, 2016-04-30 08:00:00, 2.75351e-07
5097, 2016-04-30 09:00:00, 2.7463e-07
5098, 2016-04-30 10:00:00, 2.73911e-07
5099, 2016-04-30 11:00:00, 2.73194e-07
5100, 2016-04-30 12:00:00, 2.72479e-07
5101, 2016-04-30 13:00:00, 2.71766e-07
5102, 2016-04-30 14:00:00, 2.71055e-07
5103, 2016-04-30 15:00:00, 2.70345e-07
5104, 2016-04-30 16:00:00, 2.69638e-07
5105, 2016-04-30 17:00:00, 2.68932e-07
5106, 2016-04-30 18:00:00, 2.68228e-07
5107, 2016-04-30 19:00:00, 2.67526e-07
5108, 2016-04-30 20:00:00, 2.66826e-07
5109, 2016-04-30 21:00:00, 2.66128e-07
5110, 2016-04-30 22:00:00, 2.65431e-07
5111, 2016-04-30 23:00:00, 2.64736e-07
5112, 2016-05-01 00:00:00, 2.64043e-07
5113, 2016-05-01 01:00:00, 2.63352e-07
5114, 2016-05-01 02:00:00, 2.62663e-07
5115, 2016-05-01 03:00:00, 2.61975e-07
5116, 2016-05-01 04:00:00, 2.6129e-07
5117, 2016-05-01 05:00:00, 2.60606e-07
5118, 2016-05-01 06:00:00, 2.59924e-07
5119, 2016-05-01 07:00:00, 2.59243e-07
5120, 2016-05-01 08:00:00, 2.58565e-07
5121, 2016-05-01 09:00:00, 2.57888e-07
5122, 2016-05-01 10:00:00, 2.57213e-07
5123, 2016-05-01 11:00:00, 2.5654e-07
5124, 2016-05-01 12:00:00, 2.55868e-07
5125, 2016-05-01 13:00:00, 2.55199e-07
5126, 2016-05-01 14:00:00, 2.54531e-07
5127, 2016-05-01 15:00:00, 2.53864e-07
5128, 2016-05-01 16:00:00, 2.532e-07
5129, 2016-05-01 17:00:00, 2.52537e-07
5130, 2016-05-01 18:00:00, 2.51876e-07
5131, 2016-05-01 19:00:00, 2.51217e-07
5132, 2016-05-01 20:00:00, 2.50559e-07
5133, 2016-05-01 21:00:00, 6.17846e-06
5134, 2016-05-01 22:00:00, 0.000197198
5135, 2016-05-01 23:00:00, 0.000135051
5136, 2016-05-02 00:00:00, 0.0081999
5137, 2016-05-02 01:00:00, 0.00517321
5138, 2016-05-02 02:00:00, 0.00361755
5139, 2016-05-02 03:00:00, 0.000535153
5140, 2016-05-02 04:00:00, 2.45361e-07
5141, 2016-05-02 05:00:00, 2.44719e-07
5142, 2016-05-02 06:00:00, 2.44078e-07
5143, 2016-05-02 07:00:00, 2.43439e-07
5144, 2016-05-02 08:00:00, 2.42802e-07
5145, 2016-05-02 09:00:00, 2.42167e-07
5146, 2016-05-02 10:00:00, 2.41533e-07
5147, 2016-05-02 11:00:00, 2.409e-07
5148, 2016-05-02 12:00:00, 2.44417e-07
5149, 2016-05-02 13:00:00, 2.41526e-07
5150, 2016-05-02 14:00:00, 2.40522e-07
5151, 2016-05-02 15:00:00, 1.27833e-05
5152, 2016-05-02 16:00:00, 0.239781
5153, 2016-05-02 17:00:00, 0.11779
5154, 2016-05-02 18:00:00, 0.0911894
5155, 2016-05-02 19:00:00, 0.00319891
5156, 2016-05-02 20:00:00, 2.35285e-07
5157, 2016-05-02 21:00:00, 2.34669e-07
5158, 2016-05-02 22:00:00, 2.4866e-07
5159, 2016-05-02 23:00:00, 2.40081e-07
5160, 2016-05-03 00:00:00, 2.38142e-07
5161, 2016-05-03 01:00:00, 2.32222e-07
5162, 2016-05-03 02:00:00, 2.31614e-07
5163, 2016-05-03 03:00:00, 2.31008e-07
5164, 2016-05-03 04:00:00, 2.30403e-07
5165, 2016-05-03 05:00:00, 2.298e-07
5166, 2016-05-03 06:00:00, 2.29995e-07
5167, 2016-05-03 07:00:00, 2.31143e-07
5168, 2016-05-03 08:00:00, 0.000271729
5169, 2016-05-03 09:00:00, 0.00788503
5170, 2016-05-03 10:00:00, 0.0388038
5171, 2016-05-03 11:00:00, 0.0245336
5172, 2016-05-03 12:00:00, 0.0296707
5173, 2016-05-03 13:00:00, 0.0306472
5174, 2016-05-03 14:00:00, 0.0293294
5175, 2016-05-03 15:00:00, 0.0176836
5176, 2016-05-03 16:00:00, 0.0073578
5177, 2016-05-03 17:00:00, 0.00152321
5178, 2016-05-03 18:00:00, 0.000274478
5179, 2016-05-03 19:00:00, 2.21521e-07
5180, 2016-05-03 20:00:00, 2.20941e-07
5181, 2016-05-03 21:00:00, 2.20363e-07
5182, 2016-05-03 22:00:00, 2.19786e-07
5183, 2016-05-03 23:00:00, 2.19211e-07
5184, 2016-05-04 00:00:00, 2.18637e-07
5185, 2016-05-04 01:00:00, 2.18065e-07
5186, 2016-05-04 02:00:00, 2.17494e-07
5187, 2016-05-04 03:00:00, 2.16925e-07
5188, 2016-05-04 04:00:00, 2.16357e-07
5189, 2016-05-04 05:00:00, 2.15791e-07
5190, 2016-05-04 06:00:00, 2.15226e-07
5191, 2016-05-04 07:00:00, 2.14663e-07
5192, 2016-05-04 08:00:00, 2.14101e-07
5193, 2016-05-04 09:00:00, 2.1354e-07
5194, 2016-05-04 10:00:00, 2.12981e-07
5195, 2016-05-04 11:00:00, 2.12424e-07
5196, 2016-05-04 12:00:00, 2.11868e-07
5197, 2016-05-04 13:00:00, 2.11313e-07
5198, 2016-05-04 14:00:00, 2.1076e-07
5199, 2016-05-04 15:00:00, 2.10209e-07
5200, 2016-05-04 16:00:00, 2.09658e-07
5201, 2016-05-04 17:00:00, 2.0911e-07
5202, 2016-05-04 18:00:00, 0.000392549
5203, 2016-05-04 19:00:00, 0.0141157
5204, 2016-05-04 20:00:00, 0.00757239
5205, 2016-05-04 21:00:00, 0.00556573
5206, 2016-05-04 22:00:00, 0.000398185
5207, 2016-05-04 23:00:00, 0.0286691
5208, 2016-05-05 00:00:00, 0.117184
5209, 2016-05-05 01:00:00, 0.0909309
5210, 2016-05-05 02:00:00, 0.0811706
5211, 2016-05-05 03:00:00, 0.024888
5212, 2016-05-05 04:00:00, 0.0102629
5213, 2016-05-05 05:00:00, 2.16545e-07
5214, 2016-05-05 06:00:00, 2.02105e-07
5215, 2016-05-05 07:00:00, 2.01576e-07
5216, 2016-05-05 08:00:00, 2.01049e-07
5217, 2016-05-05 09:00:00, 2.00522e-07
5218, 2016-05-05 10:00:00, 1.99997e-07
5219, 2016-05-05 11:00:00, 1.99474e-07
5220, 2016-05-05 12:00:00, 1.98952e-07
5221, 2016-05-05 13:00:00, 1.98431e-07
5222, 2016-05-05 14:00:00, 1.97912e-07
5223, 2016-05-05 15:00:00, 1.97394e-07
5224, 2016-05-05 16:00:00, 1.96877e-07
5225, 2016-05-05 17:00:00, 1.96362e-07
5226, 2016-05-05 18:00:00, 1.95848e-07
5227, 2016-05-05 19:00:00, 1.95335e-07
5228, 2016-05-05 20:00:00, 1.94824e-07
5229, 2016-05-05 21:00:00, 1.94314e-07
5230, 2016-05-05 22:00:00, 1.93805e-07
5231, 2016-05-05 23:00:00, 1.93298e-07
5232, 2016-05-06 00:00:00, 1.92792e-07
5233, 2016-05-06 01:00:00, 0.0105998
5234, 2016-05-06 02:00:00, 0.042541
5235, 2016-05-06 03:00:00, 0.0240477
5236, 2016-05-06 04:00:00, 0.0151023
5237, 2016-05-06 05:00:00, 0.00110797
5238, 2016-05-06 06:00:00, 1.89784e-07
5239, 2016-05-06 07:00:00, 1.89288e-07
5240, 2016-05-06 08:00:00, 1.88792e-07
5241, 2016-05-06 09:00:00, 1.88298e-07
5242, 2016-05-06 10:00:00, 1.87805e-07
5243, 2016-05-06 11:00:00, 1.87314e-07
5244, 2016-05-06 12:00:00, 1.86823e-07
5245, 2016-05-06 13:00:00, 1.86334e-07
5246, 2016-05-06 14:00:00, 1.85847e-07
5247, 2016-05-06 15:00:00, 1.8536e-07
5248, 2016-05-06 16:00:00, 1.84875e-07
5249, 2016-05-06 17:00:00, 1.84391e-07
5250, 2016-05-06 18:00:00, 1.83908e-07
5251, 2016-05-06 19:00:00, 1.78032e-05
5252, 2016-05-06 20:00:00, 0.00033833
5253, 2016-05-06 21:00:00, 0.000212541
5254, 2016-05-06 22:00:00, 0.00592299
5255, 2016-05-06 23:00:00, 0.00689054
5256, 2016-05-07 00:00:00, 0.00578197
5257, 2016-05-07 01:00:00, 0.00256158
5258, 2016-05-07 02:00:00, 0.0438012
5259, 2016-05-07 03:00:00, 0.0196626
5260, 2016-05-07 04:00:00, 0.015663
5261, 2016-05-07 05:00:00, 2.94411e-06
5262, 2016-05-07 06:00:00, 1.78215e-07
5263, 2016-05-07 07:00:00, 1.77748e-07
5264, 2016-05-07 08:00:00, 1.77283e-07
5265, 2016-05-07 09:00:00, 1.76819e-07
5266, 2016-05-07 10:00:00, 1.76356e-07
5267, 2016-05-07 11:00:00, 1.75894e-07
5268, 2016-05-07 12:00:00, 0.000767559
5269, 2016-05-07 13:00:00, 0.0133051
5270, 2016-05-07 14:00:00, 0.00616835
5271, 2016-05-07 15:00:00, 0.0210812
5272, 2016-05-07 16:00:00, 0.00744096
5273, 2016-05-07 17:00:00, 0.0059528
5274, 2016-05-07 18:00:00, 1.72697e-07
5275, 2016-05-07 19:00:00, 1.72245e-07
5276, 2016-05-07 20:00:00, 1.71794e-07
5277, 2016-05-07 21:00:00, 1.71344e-07
5278, 2016-05-07 22:00:00, 1.70896e-07
5279, 2016-05-07 23:00:00, 1.70607e-07
5280, 2016-05-08 00:00:00, 2.13894e-07
5281, 2016-05-08 01:00:00, 2.54322e-07
5282, 2016-05-08 02:00:00, 3.83855e-07
5283, 2016-05-08 03:00:00, 5.45673e-07
5284, 2016-05-08 04:00:00, 6.64534e-07
5285, 2016-05-08 05:00:00, 7.06766e-07
5286, 2016-05-08 06:00:00, 7.14466e-07
5287, 2016-05-08 07:00:00, 7.62933e-07
5288, 2016-05-08 08:00:00, 7.38774e-07
5289, 2016-05-08 09:00:00, 5.32514e-07
5290, 2016-05-08 10:00:00, 3.36239e-07
5291, 2016-05-08 11:00:00, 2.12631e-07
5292, 2016-05-08 12:00:00, 1.71961e-07
5293, 2016-05-08 13:00:00, 1.65868e-07
5294, 2016-05-08 14:00:00, 0.0350955
5295, 2016-05-08 15:00:00, 0.0193603
5296, 2016-05-08 16:00:00, 0.0143409
5297, 2016-05-08 17:00:00, 0.00125292
5298, 2016-05-08 18:00:00, 1.10228e-05
5299, 2016-05-08 19:00:00, 6.94727e-05
5300, 2016-05-08 20:00:00, 3.16663e-05
5301, 2016-05-08 21:00:00, 2.53649e-05
5302, 2016-05-08 22:00:00, 1.60478e-07
5303, 2016-05-08 23:00:00, 1.60058e-07
5304, 2016-05-09 00:00:00, 1.59639e-07
5305, 2016-05-09 01:00:00, 1.59221e-07
5306, 2016-05-09 02:00:00, 1.58804e-07
5307, 2016-05-09 03:00:00, 1.58388e-07
5308, 2016-05-09 04:00:00, 1.57974e-07
5309, 2016-05-09 05:00:00, 1.5756e-07
5310, 2016-05-09 06:00:00, 1.57148e-07
5311, 2016-05-09 07:00:00, 1.56737e-07
5312, 2016-05-09 08:00:00, 1.56326e-07
5313, 2016-05-09 09:00:00, 1.55917e-07
5314, 2016-05-09 10:00:00, 1.55509e-07
5315, 2016-05-09 11:00:00, 1.55102e-07
5316, 2016-05-09 12:00:00, 1.54696e-07
5317, 2016-05-09 13:00:00, 1.54291e-07
5318, 2016-05-09 14:00:00, 1.53887e-07
5319, 2016-05-09 15:00:00, 1.53485e-07
5320, 2016-05-09 16:00:00, 1.53083e-07
5321, 2016-05-09 17:00:00, 1.52682e-07
5322, 2016-05-09 18:00:00, 1.52283e-07
5323, 2016-05-09 19:00:00, 1.51884e-07
5324, 2016-05-09 20:00:00, 1.51486e-07
5325, 2016-05-09 21:00:00, 1.5109e-07
5326, 2016-05-09 22:00:00, 1.50694e-07
5327, 2016-05-09 23:00:00, 1.503e-07
5328, 2016-05-10 00:00:00, 1.49907e-07
5329, 2016-05-10 01:00:00, 1.49514e-07
5330, 2016-05-10 02:00:00, 1.49123e-07
5331, 2016-05-10 03:00:00, 1.48733e-07
5332, 2016-05-10 04:00:00, 1.48343e-07
5333, 2016-05-10 05:00:00, 1.47955e-07
5334, 2016-05-10 06:00:00, 1.47568e-07
5335, 2016-05-10 07:00:00, 1.47182e-07
5336, 2016-05-10 08:00:00, 1.46796e-07
5337, 2016-05-10 09:00:00, 1.46412e-07
5338, 2016-05-10 10:00:00, 1.46029e-07
5339, 2016-05-10 11:00:00, 1.45647e-07
5340, 2016-05-10 12:00:00, 1.45265e-07
5341, 2016-05-10 13:00:00, 1.44885e-07
5342, 2016-05-10 14:00:00, 1.44506e-07
5343, 2016-05-10 15:00:00, 1.44128e-07
5344, 2016-05-10 16:00:00, 1.43751e-07
5345, 2016-05-10 17:00:00, 1.43374e-07
5346, 2016-05-10 18:00:00, 1.42999e-07
5347, 2016-05-10 19:00:00, 1.42625e-07
5348, 2016-05-10 20:00:00, 1.42251e-07
5349, 2016-05-10 21:00:00, 1.41879e-07
5350, 2016-05-10 22:00:00, 1.41508e-07
5351, 2016-05-10 23:00:00, 1.41137e-07
5352, 2016-05-11 00:00:00, 1.40768e-07
5353, 2016-05-11 01:00:00, 1.404e-07
5354, 2016-05-11 02:00:00, 1.40032e-07
5355, 2016-05-11 03:00:00, 1.39666e-07
5356, 2016-05-11 04:00:00, 1.393e-07
5357, 2016-05-11 05:00:00, 1.38935e-07
5358, 2016-05-11 06:00:00, 1.38572e-07
5359, 2016-05-11 07:00:00, 1.38209e-07
5360, 2016-05-11 08:00:00, 1.37847e-07
5361, 2016-05-11 09:00:00, 1.37486e-07
5362, 2016-05-11 10:00:00, 1.37127e-07
5363, 2016-05-11 11:00:00, 1.36768e-07
5364, 2016-05-11 12:00:00, 1.3641e-07
5365, 2016-05-11 13:00:00, 1.36053e-07
5366, 2016-05-11 14:00:00, 1.35697e-07
5367, 2016-05-11 15:00:00, 1.35341e-07
5368, 2016-05-11 16:00:00, 1.34987e-07
5369, 2016-05-11 17:00:00, 1.34634e-07
5370, 2016-05-11 18:00:00, 1.34281e-07
5371, 2016-05-11 19:00:00, 1.3393e-07
5372, 2016-05-11 20:00:00, 1.33579e-07
5373, 2016-05-11 21:00:00, 1.3323e-07
5374, 2016-05-11 22:00:00, 1.32881e-07
5375, 2016-05-11 23:00:00, 1.32533e-07
5376, 2016-05-12 00:00:00, 1.32186e-07
5377, 2016-05-12 01:00:00, 1.3184e-07
5378, 2016-05-12 02:00:00, 1.31495e-07
5379, 2016-05-12 03:00:00, 1.31151e-07
5380, 2016-05-12 04:00:00, 1.30808e-07
5381, 2016-05-12 05:00:00, 1.30465e-07
5382, 2016-05-12 06:00:00, 1.30124e-07
5383, 2016-05-12 07:00:00, 1.29783e-07
5384, 2016-05-12 08:00:00, 1.29444e-07
5385, 2016-05-12 09:00:00, 1.29105e-07
5386, 2016-05-12 10:00:00, 1.28767e-07
5387, 2016-05-12 11:00:00, 1.2843e-07
5388, 2016-05-12 12:00:00, 1.28094e-07
5389, 2016-05-12 13:00:00, 1.27759e-07
5390, 2016-05-12 14:00:00, 1.27424e-07
5391, 2016-05-12 15:00:00, 1.27091e-07
5392, 2016-05-12 16:00:00, 1.26758e-07
5393, 2016-05-12 17:00:00, 1.26426e-07
5394, 2016-05-12 18:00:00, 1.26095e-07
5395, 2016-05-12 19:00:00, 1.25765e-07
5396, 2016-05-12 20:00:00, 1.25436e-07
5397, 2016-05-12 21:00:00, 1.25108e-07
5398, 2016-05-12 22:00:00, 1.2478e-07
5399, 2016-05-12 23:00:00, 1.24454e-07
5400, 2016-05-13 00:00:00, 1.24128e-07
5401, 2016-05-13 01:00:00, 1.23803e-07
5402, 2016-05-13 02:00:00, 1.23479e-07
5403, 2016-05-13 03:00:00, 1.23156e-07
5404, 2016-05-13 04:00:00, 1.22833e-07
5405, 2016-05-13 05:00:00, 1.22512e-07
5406, 2016-05-13 06:00:00, 1.22191e-07
5407, 2016-05-13 07:00:00, 1.21871e-07
5408, 2016-05-13 08:00:00, 1.27552e-07
5409, 2016-05-13 09:00:00, 1.46554e-07
5410, 2016-05-13 10:00:00, 1.71603e-07
5411, 2016-05-13 11:00:00, 1.99869e-07
5412, 2016-05-13 12:00:00, 1.83959e-07
5413, 2016-05-13 13:00:00, 1.51021e-07
5414, 2016-05-13 14:00:00, 1.28883e-07
5415, 2016-05-13 15:00:00, 1.19343e-07
5416, 2016-05-13 16:00:00, 1.1903e-07
5417, 2016-05-13 17:00:00, 1.18719e-07
5418, 2016-05-13 18:00:00, 1.18408e-07
5419, 2016-05-13 19:00:00, 1.18098e-07
5420, 2016-05-13 20:00:00, 1.17789e-07
5421, 2016-05-13 21:00:00, 1.17481e-07
5422, 2016-05-13 22:00:00, 0.00316567
5423, 2016-05-13 23:00:00, 0.0166208
5424, 2016-05-14 00:00:00, 0.0121402
5425, 2016-05-14 01:00:00, 0.0131224
5426, 2016-05-14 02:00:00, 0.00417631
5427, 2016-05-14 03:00:00, 0.00429557
5428, 2016-05-14 04:00:00, 0.00219933
5429, 2016-05-14 05:00:00, 0.00132762
5430, 2016-05-14 06:00:00, 0.000430538
5431, 2016-05-14 07:00:00, 1.17262e-07
5432, 2016-05-14 08:00:00, 1.14142e-07
5433, 2016-05-14 09:00:00, 1.13844e-07
5434, 2016-05-14 10:00:00, 1.13546e-07
5435, 2016-05-14 11:00:00, 1.13248e-07
5436, 2016-05-14 12:00:00, 1.68402e-07
5437, 2016-05-14 13:00:00, 2.00575e-07
5438, 2016-05-14 14:00:00, 1.61031e-07
5439, 2016-05-14 15:00:00, 1.34872e-07
5440, 2016-05-14 16:00:00, 1.11774e-07
5441, 2016-05-14 17:00:00, 1.11481e-07
5442, 2016-05-14 18:00:00, 1.1119e-07
5443, 2016-05-14 19:00:00, 1.10899e-07
5444, 2016-05-14 20:00:00, 1.10608e-07
5445, 2016-05-14 21:00:00, 1.10319e-07
5446, 2016-05-14 22:00:00, 1.1003e-07
5447, 2016-05-14 23:00:00, 1.09742e-07
5448, 2016-05-15 00:00:00, 1.09455e-07
5449, 2016-05-15 01:00:00, 1.09168e-07
5450, 2016-05-15 02:00:00, 1.08883e-07
5451, 2016-05-15 03:00:00, 1.16852e-07
5452, 2016-05-15 04:00:00, 9.52487e-07
5453, 2016-05-15 05:00:00, 1.22704e-06
5454, 2016-05-15 06:00:00, 7.4699e-07
5455, 2016-05-15 07:00:00, 3.74373e-07
5456, 2016-05-15 08:00:00, 1.07184e-07
5457, 2016-05-15 09:00:00, 1.06903e-07
5458, 2016-05-15 10:00:00, 1.06624e-07
5459, 2016-05-15 11:00:00, 1.06344e-07
5460, 2016-05-15 12:00:00, 1.06066e-07
5461, 2016-05-15 13:00:00, 1.05789e-07
5462, 2016-05-15 14:00:00, 1.05512e-07
5463, 2016-05-15 15:00:00, 1.05235e-07
5464, 2016-05-15 16:00:00, 1.0496e-07
5465, 2016-05-15 17:00:00, 1.04685e-07
5466, 2016-05-15 18:00:00, 1.04411e-07
5467, 2016-05-15 19:00:00, 1.04138e-07
5468, 2016-05-15 20:00:00, 1.03865e-07
5469, 2016-05-15 21:00:00, 1.03594e-07
5470, 2016-05-15 22:00:00, 1.03322e-07
5471, 2016-05-15 23:00:00, 1.03052e-07
5472, 2016-05-16 00:00:00, 1.02782e-07
5473, 2016-05-16 01:00:00, 1.02513e-07
5474, 2016-05-16 02:00:00, 1.02245e-07
5475, 2016-05-16 03:00:00, 1.01977e-07
5476, 2016-05-16 04:00:00, 1.0171e-07
5477, 2016-05-16 05:00:00, 1.01444e-07
5478, 2016-05-16 06:00:00, 1.01179e-07
5479, 2016-05-16 07:00:00, 1.00914e-07
5480, 2016-05-16 08:00:00, 1.0065e-07
5481, 2016-05-16 09:00:00, 1.00386e-07
5482, 2016-05-16 10:00:00, 1.00124e-07
5483, 2016-05-16 11:00:00, 9.98614e-08
5484, 2016-05-16 12:00:00, 9.96001e-08
5485, 2016-05-16 13:00:00, 9.93394e-08
5486, 2016-05-16 14:00:00, 9.90794e-08
5487, 2016-05-16 15:00:00, 9.882e-08
5488, 2016-05-16 16:00:00, 9.85614e-08
5489, 2016-05-16 17:00:00, 9.83034e-08
5490, 2016-05-16 18:00:00, 9.80461e-08
5491, 2016-05-16 19:00:00, 9.77895e-08
5492, 2016-05-16 20:00:00, 9.75335e-08
5493, 2016-05-16 21:00:00, 9.72782e-08
5494, 2016-05-16 22:00:00, 9.70236e-08
5495, 2016-05-16 23:00:00, 9.67697e-08
5496, 2016-05-17 00:00:00, 9.65164e-08
5497, 2016-05-17 01:00:00, 9.62638e-08
5498, 2016-05-17 02:00:00, 9.60118e-08
5499, 2016-05-17 03:00:00, 9.57605e-08
5500, 2016-05-17 04:00:00, 9.55099e-08
5501, 2016-05-17 05:00:00, 9.52599e-08
5502, 2016-05-17 06:00:00, 9.50105e-08
5503, 2016-05-17 07:00:00, 9.47619e-08
5504, 2016-05-17 08:00:00, 9.45138e-08
5505, 2016-05-17 09:00:00, 9.42664e-08
5506, 2016-05-17 10:00:00, 9.40197e-08
5507, 2016-05-17 11:00:00, 9.37736e-08
5508, 2016-05-17 12:00:00, 9.35282e-08
5509, 2016-05-17 13:00:00, 9.32834e-08
5510, 2016-05-17 14:00:00, 9.30392e-08
5511, 2016-05-17 15:00:00, 9.27957e-08
5512, 2016-05-17 16:00:00, 9.25528e-08
5513, 2016-05-17 17:00:00, 9.23106e-08
5514, 2016-05-17 18:00:00, 9.2069e-08
5515, 2016-05-17 19:00:00, 9.1828e-08
5516, 2016-05-17 20:00:00, 9.15876e-08
5517, 2016-05-17 21:00:00, 9.13479e-08
5518, 2016-05-17 22:00:00, 9.11088e-08
5519, 2016-05-17 23:00:00, 9.08703e-08
5520, 2016-05-18 00:00:00, 9.06325e-08
5521, 2016-05-18 01:00:00, 9.03953e-08
5522, 2016-05-18 02:00:00, 9.01587e-08
5523, 2016-05-18 03:00:00, 8.99227e-08
5524, 2016-05-18 04:00:00, 8.96873e-08
5525, 2016-05-18 05:00:00, 8.94526e-08
5526, 2016-05-18 06:00:00, 8.92184e-08
5527, 2016-05-18 07:00:00, 8.89849e-08
5528, 2016-05-18 08:00:00, 8.8752e-08
5529, 2016-05-18 09:00:00, 8.85197e-08
5530, 2016-05-18 10:00:00, 8.8288e-08
5531, 2016-05-18 11:00:00, 8.80569e-08
5532, 2016-05-18 12:00:00, 8.78265e-08
5533, 2016-05-18 13:00:00, 8.75966e-08
5534, 2016-05-18 14:00:00, 8.73673e-08
5535, 2016-05-18 15:00:00, 8.71386e-08
5536, 2016-05-18 16:00:00, 8.69105e-08
5537, 2016-05-18 17:00:00, 8.66831e-08
5538, 2016-05-18 18:00:00, 8.64562e-08
5539, 2016-05-18 19:00:00, 8.62299e-08
5540, 2016-05-18 20:00:00, 8.60042e-08
5541, 2016-05-18 21:00:00, 8.57791e-08
5542, 2016-05-18 22:00:00, 8.55546e-08
5543, 2016-05-18 23:00:00, 8.53306e-08
5544, 2016-05-19 00:00:00, 8.51073e-08
5545, 2016-05-19 01:00:00, 8.48845e-08
5546, 2016-05-19 02:00:00, 8.46624e-08
5547, 2016-05-19 03:00:00, 8.44408e-08
5548, 2016-05-19 04:00:00, 8.42197e-08
5549, 2016-05-19 05:00:00, 8.39993e-08
5550, 2016-05-19 06:00:00, 8.37794e-08
5551, 2016-05-19 07:00:00, 8.35602e-08
5552, 2016-05-19 08:00:00, 8.33415e-08
5553, 2016-05-19 09:00:00, 8.31233e-08
5554, 2016-05-19 10:00:00, 8.29057e-08
5555, 2016-05-19 11:00:00, 8.26888e-08
5556, 2016-05-19 12:00:00, 8.24723e-08
5557, 2016-05-19 13:00:00, 8.22565e-08
5558, 2016-05-19 14:00:00, 8.20412e-08
5559, 2016-05-19 15:00:00, 8.18264e-08
5560, 2016-05-19 16:00:00, 8.16123e-08
5561, 2016-05-19 17:00:00, 8.13986e-08
5562, 2016-05-19 18:00:00, 8.11856e-08
5563, 2016-05-19 19:00:00, 5.80265e-06
5564, 2016-05-19 20:00:00, 2.68152e-06
5565, 2016-05-19 21:00:00, 2.16116e-06
5566, 2016-05-19 22:00:00, 7.38293e-05
5567, 2016-05-19 23:00:00, 3.36024e-05
5568, 2016-05-20 00:00:00, 3.92984e-05
5569, 2016-05-20 01:00:00, 5.71637e-06
5570, 2016-05-20 02:00:00, 4.58883e-06
5571, 2016-05-20 03:00:00, 0.000165946
5572, 2016-05-20 04:00:00, 0.000126262
5573, 2016-05-20 05:00:00, 8.34799e-05
5574, 2016-05-20 06:00:00, 1.85472e-05
5575, 2016-05-20 07:00:00, 7.84661e-08
5576, 2016-05-20 08:00:00, 7.82607e-08
5577, 2016-05-20 09:00:00, 7.80559e-08
5578, 2016-05-20 10:00:00, 7.78516e-08
5579, 2016-05-20 11:00:00, 7.76478e-08
5580, 2016-05-20 12:00:00, 1.42926e-07
5581, 2016-05-20 13:00:00, 1.07006e-07
5582, 2016-05-20 14:00:00, 1.00851e-07
5583, 2016-05-20 15:00:00, 7.68381e-08
5584, 2016-05-20 16:00:00, 7.6637e-08
5585, 2016-05-20 17:00:00, 7.64364e-08
5586, 2016-05-20 18:00:00, 7.62363e-08
5587, 2016-05-20 19:00:00, 7.60368e-08
5588, 2016-05-20 20:00:00, 7.58377e-08
5589, 2016-05-20 21:00:00, 7.56392e-08
5590, 2016-05-20 22:00:00, 7.54413e-08
5591, 2016-05-20 23:00:00, 7.52438e-08
5592, 2016-05-21 00:00:00, 7.50469e-08
5593, 2016-05-21 01:00:00, 7.48504e-08
5594, 2016-05-21 02:00:00, 7.46545e-08
5595, 2016-05-21 03:00:00, 7.44591e-08
5596, 2016-05-21 04:00:00, 7.42642e-08
5597, 2016-05-21 05:00:00, 7.40698e-08
5598, 2016-05-21 06:00:00, 7.3876e-08
5599, 2016-05-21 07:00:00, 7.36826e-08
5600, 2016-05-21 08:00:00, 7.34898e-08
5601, 2016-05-21 09:00:00, 7.32974e-08
5602, 2016-05-21 10:00:00, 7.31056e-08
5603, 2016-05-21 11:00:00, 7.29142e-08
5604, 2016-05-21 12:00:00, 7.273e-08
5605, 2016-05-21 13:00:00, 7.2536e-08
5606, 2016-05-21 14:00:00, 7.23456e-08
5607, 2016-05-21 15:00:00, 7.21538e-08
5608, 2016-05-21 16:00:00, 7.1965e-08
5609, 2016-05-21 17:00:00, 7.17766e-08
5610, 2016-05-21 18:00:00, 7.15887e-08
5611, 2016-05-21 19:00:00, 7.14014e-08
5612, 2016-05-21 20:00:00, 7.12145e-08
5613, 2016-05-21 21:00:00, 7.10281e-08
5614, 2016-05-21 22:00:00, 7.08422e-08
5615, 2016-05-21 23:00:00, 7.06567e-08
5616, 2016-05-22 00:00:00, 7.04718e-08
5617, 2016-05-22 01:00:00, 7.02874e-08
5618, 2016-05-22 02:00:00, 7.01034e-08
5619, 2016-05-22 03:00:00, 6.99199e-08
5620, 2016-05-22 04:00:00, 6.97369e-08
5621, 2016-05-22 05:00:00, 6.95544e-08
5622, 2016-05-22 06:00:00, 6.93723e-08
5623, 2016-05-22 07:00:00, 6.91907e-08
5624, 2016-05-22 08:00:00, 6.90096e-08
5625, 2016-05-22 09:00:00, 6.8829e-08
5626, 2016-05-22 10:00:00, 6.86488e-08
5627, 2016-05-22 11:00:00, 6.84692e-08
5628, 2016-05-22 12:00:00, 6.829e-08
5629, 2016-05-22 13:00:00, 6.81112e-08
5630, 2016-05-22 14:00:00, 6.79329e-08
5631, 2016-05-22 15:00:00, 6.77551e-08
5632, 2016-05-22 16:00:00, 6.75778e-08
5633, 2016-05-22 17:00:00, 6.74009e-08
5634, 2016-05-22 18:00:00, 6.72245e-08
5635, 2016-05-22 19:00:00, 6.70485e-08
5636, 2016-05-22 20:00:00, 6.6873e-08
5637, 2016-05-22 21:00:00, 6.6698e-08
5638, 2016-05-22 22:00:00, 6.65234e-08
5639, 2016-05-22 23:00:00, 6.63493e-08
5640, 2016-05-23 00:00:00, 6.61757e-08
5641, 2016-05-23 01:00:00, 6.60025e-08
5642, 2016-05-23 02:00:00, 6.58297e-08
5643, 2016-05-23 03:00:00, 6.56574e-08
5644, 2016-05-23 04:00:00, 6.54855e-08
5645, 2016-05-23 05:00:00, 6.53141e-08
5646, 2016-05-23 06:00:00, 6.51432e-08
5647, 2016-05-23 07:00:00, 6.49727e-08
5648, 2016-05-23 08:00:00, 6.48026e-08
5649, 2016-05-23 09:00:00, 6.4633e-08
5650, 2016-05-23 10:00:00, 6.44638e-08
5651, 2016-05-23 11:00:00, 8.56221e-08
5652, 2016-05-23 12:00:00, 8.83881e-08
5653, 2016-05-23 13:00:00, 7.83357e-08
5654, 2016-05-23 14:00:00, 6.90887e-08
5655, 2016-05-23 15:00:00, 6.36246e-08
5656, 2016-05-23 16:00:00, 6.34581e-08
5657, 2016-05-23 17:00:00, 6.3292e-08
5658, 2016-05-23 18:00:00, 6.31263e-08
5659, 2016-05-23 19:00:00, 6.29611e-08
5660, 2016-05-23 20:00:00, 6.27963e-08
5661, 2016-05-23 21:00:00, 6.26319e-08
5662, 2016-05-23 22:00:00, 6.2468e-08
5663, 2016-05-23 23:00:00, 6.23045e-08
5664, 2016-05-24 00:00:00, 6.21414e-08
5665, 2016-05-24 01:00:00, 6.19788e-08
5666, 2016-05-24 02:00:00, 6.18165e-08
5667, 2016-05-24 03:00:00, 0.000559367
5668, 2016-05-24 04:00:00, 0.000254291
5669, 2016-05-24 05:00:00, 0.000203445
5670, 2016-05-24 06:00:00, 2.05693e-06
5671, 2016-05-24 07:00:00, 0.000305573
5672, 2016-05-24 08:00:00, 0.000282104
5673, 2016-05-24 09:00:00, 0.000175763
5674, 2016-05-24 10:00:00, 0.00244402
5675, 2016-05-24 11:00:00, 0.00108734
5676, 2016-05-24 12:00:00, 0.00086988
5677, 2016-05-24 13:00:00, 6.00599e-08
5678, 2016-05-24 14:00:00, 5.99027e-08
5679, 2016-05-24 15:00:00, 5.97459e-08
5680, 2016-05-24 16:00:00, 5.95895e-08
5681, 2016-05-24 17:00:00, 5.94335e-08
5682, 2016-05-24 18:00:00, 5.9278e-08
5683, 2016-05-24 19:00:00, 5.91228e-08
5684, 2016-05-24 20:00:00, 5.89681e-08
5685, 2016-05-24 21:00:00, 5.88137e-08
5686, 2016-05-24 22:00:00, 5.86598e-08
5687, 2016-05-24 23:00:00, 5.85062e-08
5688, 2016-05-25 00:00:00, 5.94339e-08
5689, 2016-05-25 01:00:00, 5.96207e-08
5690, 2016-05-25 02:00:00, 5.88634e-08
5691, 2016-05-25 03:00:00, 6.82791e-08
5692, 2016-05-25 04:00:00, 7.3466e-08
5693, 2016-05-25 05:00:00, 6.77318e-08
5694, 2016-05-25 06:00:00, 1.12879e-07
5695, 2016-05-25 07:00:00, 1.00586e-07
5696, 2016-05-25 08:00:00, 9.94695e-08
5697, 2016-05-25 09:00:00, 7.61544e-08
5698, 2016-05-25 10:00:00, 6.95938e-08
5699, 2016-05-25 11:00:00, 1.48667e-07
5700, 2016-05-25 12:00:00, 1.67468e-07
5701, 2016-05-25 13:00:00, 1.19788e-07
5702, 2016-05-25 14:00:00, 8.14141e-08
5703, 2016-05-25 15:00:00, 5.61036e-08
5704, 2016-05-25 16:00:00, 5.59568e-08
5705, 2016-05-25 17:00:00, 5.58103e-08
5706, 2016-05-25 18:00:00, 5.56642e-08
5707, 2016-05-25 19:00:00, 5.55185e-08
5708, 2016-05-25 20:00:00, 5.53732e-08
5709, 2016-05-25 21:00:00, 5.52283e-08
5710, 2016-05-25 22:00:00, 5.50837e-08
5711, 2016-05-25 23:00:00, 5.49396e-08
5712, 2016-05-26 00:00:00, 5.47958e-08
5713, 2016-05-26 01:00:00, 5.46523e-08
5714, 2016-05-26 02:00:00, 5.45093e-08
5715, 2016-05-26 03:00:00, 5.43666e-08
5716, 2016-05-26 04:00:00, 5.42243e-08
5717, 2016-05-26 05:00:00, 5.40824e-08
5718, 2016-05-26 06:00:00, 5.39408e-08
5719, 2016-05-26 07:00:00, 5.37996e-08
5720, 2016-05-26 08:00:00, 5.36588e-08
5721, 2016-05-26 09:00:00, 5.35184e-08
5722, 2016-05-26 10:00:00, 5.33783e-08
5723, 2016-05-26 11:00:00, 5.32386e-08
5724, 2016-05-26 12:00:00, 5.30992e-08
5725, 2016-05-26 13:00:00, 5.29603e-08
5726, 2016-05-26 14:00:00, 5.28216e-08
5727, 2016-05-26 15:00:00, 5.26834e-08
5728, 2016-05-26 16:00:00, 5.25455e-08
5729, 2016-05-26 17:00:00, 5.2408e-08
5730, 2016-05-26 18:00:00, 5.22708e-08
5731, 2016-05-26 19:00:00, 5.2134e-08
5732, 2016-05-26 20:00:00, 5.19975e-08
5733, 2016-05-26 21:00:00, 5.18614e-08
5734, 2016-05-26 22:00:00, 5.17257e-08
5735, 2016-05-26 23:00:00, 5.15903e-08
5736, 2016-05-27 00:00:00, 5.14553e-08
5737, 2016-05-27 01:00:00, 5.13206e-08
5738, 2016-05-27 02:00:00, 5.11863e-08
5739, 2016-05-27 03:00:00, 5.10523e-08
5740, 2016-05-27 04:00:00, 5.09187e-08
5741, 2016-05-27 05:00:00, 5.07854e-08
5742, 2016-05-27 06:00:00, 5.06525e-08
5743, 2016-05-27 07:00:00, 5.05199e-08
5744, 2016-05-27 08:00:00, 5.03876e-08
5745, 2016-05-27 09:00:00, 5.02558e-08
5746, 2016-05-27 10:00:00, 5.01242e-08
5747, 2016-05-27 11:00:00, 4.9993e-08
5748, 2016-05-27 12:00:00, 4.98622e-08
5749, 2016-05-27 13:00:00, 4.97317e-08
5750, 2016-05-27 14:00:00, 4.96015e-08
5751, 2016-05-27 15:00:00, 4.94717e-08
5752, 2016-05-27 16:00:00, 4.93422e-08
5753, 2016-05-27 17:00:00, 4.9213e-08
5754, 2016-05-27 18:00:00, 4.90842e-08
5755, 2016-05-27 19:00:00, 4.89557e-08
5756, 2016-05-27 20:00:00, 4.88276e-08
5757, 2016-05-27 21:00:00, 4.86998e-08
5758, 2016-05-27 22:00:00, 4.85723e-08
5759, 2016-05-27 23:00:00, 4.84452e-08
5760, 2016-05-28 00:00:00, 4.83184e-08
5761, 2016-05-28 01:00:00, 4.81919e-08
5762, 2016-05-28 02:00:00, 4.80658e-08
5763, 2016-05-28 03:00:00, 4.794e-08
5764, 2016-05-28 04:00:00, 4.78145e-08
5765, 2016-05-28 05:00:00, 4.76894e-08
5766, 2016-05-28 06:00:00, 4.75645e-08
5767, 2016-05-28 07:00:00, 4.74401e-08
5768, 2016-05-28 08:00:00, 4.73159e-08
5769, 2016-05-28 09:00:00, 4.7192e-08
5770, 2016-05-28 10:00:00, 4.70685e-08
5771, 2016-05-28 11:00:00, 4.69453e-08
5772, 2016-05-28 12:00:00, 4.68224e-08
5773, 2016-05-28 13:00:00, 4.66999e-08
5774, 2016-05-28 14:00:00, 4.65777e-08
5775, 2016-05-28 15:00:00, 4.64557e-08
5776, 2016-05-28 16:00:00, 4.63342e-08
5777, 2016-05-28 17:00:00, 4.62129e-08
5778, 2016-05-28 18:00:00, 4.60919e-08
5779, 2016-05-28 19:00:00, 4.59713e-08
5780, 2016-05-28 20:00:00, 4.5851e-08
5781, 2016-05-28 21:00:00, 4.57309e-08
5782, 2016-05-28 22:00:00, 4.56112e-08
5783, 2016-05-28 23:00:00, 4.54919e-08
5784, 2016-05-29 00:00:00, 4.53728e-08
5785, 2016-05-29 01:00:00, 4.5254e-08
5786, 2016-05-29 02:00:00, 4.51356e-08
5787, 2016-05-29 03:00:00, 4.50174e-08
5788, 2016-05-29 04:00:00, 4.48996e-08
5789, 2016-05-29 05:00:00, 4.47821e-08
5790, 2016-05-29 06:00:00, 4.46649e-08
5791, 2016-05-29 07:00:00, 4.4548e-08
5792, 2016-05-29 08:00:00, 4.44314e-08
5793, 2016-05-29 09:00:00, 4.43151e-08
5794, 2016-05-29 10:00:00, 4.41991e-08
5795, 2016-05-29 11:00:00, 4.40834e-08
5796, 2016-05-29 12:00:00, 4.3968e-08
5797, 2016-05-29 13:00:00, 4.38529e-08
5798, 2016-05-29 14:00:00, 4.37382e-08
5799, 2016-05-29 15:00:00, 4.36237e-08
5800, 2016-05-29 16:00:00, 4.35095e-08
5801, 2016-05-29 17:00:00, 4.33956e-08
5802, 2016-05-29 18:00:00, 4.3282e-08
5803, 2016-05-29 19:00:00, 4.31687e-08
5804, 2016-05-29 20:00:00, 4.30558e-08
5805, 2016-05-29 21:00:00, 4.29431e-08
5806, 2016-05-29 22:00:00, 4.28307e-08
5807, 2016-05-29 23:00:00, 4.27186e-08
5808, 2016-05-30 00:00:00, 4.26067e-08
5809, 2016-05-30 01:00:00, 4.24952e-08
5810, 2016-05-30 02:00:00, 4.2384e-08
5811, 2016-05-30 03:00:00, 4.22731e-08
5812, 2016-05-30 04:00:00, 4.21624e-08
5813, 2016-05-30 05:00:00, 4.20521e-08
5814, 2016-05-30 06:00:00, 1.52814e-06
5815, 2016-05-30 07:00:00, 1.62455e-06
5816, 2016-05-30 08:00:00, 9.9451e-07
5817, 2016-05-30 09:00:00, 0.133177
5818, 2016-05-30 10:00:00, 0.499834
5819, 2016-05-30 11:00:00, 0.602955
5820, 2016-05-30 12:00:00, 0.339646
5821, 2016-05-30 13:00:00, 0.140306
5822, 2016-05-30 14:00:00, 0.00901698
5823, 2016-05-30 15:00:00, 0.0015208
5824, 2016-05-30 16:00:00, 0.000378803
5825, 2016-05-30 17:00:00, 2.03869e-05
5826, 2016-05-30 18:00:00, 4.06434e-08
5827, 2016-05-30 19:00:00, 4.05371e-08
5828, 2016-05-30 20:00:00, 4.0431e-08
5829, 2016-05-30 21:00:00, 4.03251e-08
5830, 2016-05-30 22:00:00, 4.02196e-08
5831, 2016-05-30 23:00:00, 4.01143e-08
5832, 2016-05-31 00:00:00, 4.00093e-08
5833, 2016-05-31 01:00:00, 3.99046e-08
5834, 2016-05-31 02:00:00, 3.98002e-08
5835, 2016-05-31 03:00:00, 3.99258e-08
5836, 2016-05-31 04:00:00, 3.97046e-08
5837, 2016-05-31 05:00:00, 4.7964e-08
5838, 2016-05-31 06:00:00, 5.42167e-08
5839, 2016-05-31 07:00:00, 7.48236e-08
5840, 2016-05-31 08:00:00, 1.00533e-07
5841, 2016-05-31 09:00:00, 8.10843e-08
5842, 2016-05-31 10:00:00, 7.63928e-08
5843, 2016-05-31 11:00:00, 1.33217e-07
5844, 2016-05-31 12:00:00, 2.10432e-07
5845, 2016-05-31 13:00:00, 1.27103e-07
5846, 2016-05-31 14:00:00, 8.51912e-08
5847, 2016-05-31 15:00:00, 3.8467e-08
5848, 2016-05-31 16:00:00, 3.83663e-08
5849, 2016-05-31 17:00:00, 3.82659e-08
5850, 2016-05-31 18:00:00, 3.81657e-08
5851, 2016-05-31 19:00:00, 3.80658e-08
5852, 2016-05-31 20:00:00, 3.79662e-08
5853, 2016-05-31 21:00:00, 3.78668e-08
5854, 2016-05-31 22:00:00, 3.77677e-08
5855, 2016-05-31 23:00:00, 3.76688e-08
5856, 2016-06-01 00:00:00, 3.75703e-08
5857, 2016-06-01 01:00:00, 3.74719e-08
5858, 2016-06-01 02:00:00, 3.73738e-08
5859, 2016-06-01 03:00:00, 3.7276e-08
5860, 2016-06-01 04:00:00, 3.71785e-08
5861, 2016-06-01 05:00:00, 3.70811e-08
5862, 2016-06-01 06:00:00, 3.69841e-08
5863, 2016-06-01 07:00:00, 3.68873e-08
5864, 2016-06-01 08:00:00, 3.67907e-08
5865, 2016-06-01 09:00:00, 3.66944e-08
5866, 2016-06-01 10:00:00, 3.65984e-08
5867, 2016-06-01 11:00:00, 3.65026e-08
5868, 2016-06-01 12:00:00, 3.64071e-08
5869, 2016-06-01 13:00:00, 3.63118e-08
5870, 2016-06-01 14:00:00, 3.62167e-08
5871, 2016-06-01 15:00:00, 3.61219e-08
5872, 2016-06-01 16:00:00, 3.60274e-08
5873, 2016-06-01 17:00:00, 3.59331e-08
5874, 2016-06-01 18:00:00, 3.5839e-08
5875, 2016-06-01 19:00:00, 3.57452e-08
5876, 2016-06-01 20:00:00, 3.56517e-08
5877, 2016-06-01 21:00:00, 3.55584e-08
5878, 2016-06-01 22:00:00, 3.54653e-08
5879, 2016-06-01 23:00:00, 3.53725e-08
5880, 2016-06-02 00:00:00, 3.52799e-08
5881, 2016-06-02 01:00:00, 3.51875e-08
5882, 2016-06-02 02:00:00, 3.50954e-08
5883, 2016-06-02 03:00:00, 3.50036e-08
5884, 2016-06-02 04:00:00, 3.4912e-08
5885, 2016-06-02 05:00:00, 3.48206e-08
5886, 2016-06-02 06:00:00, 3.47294e-08
5887, 2016-06-02 07:00:00, 3.46385e-08
5888, 2016-06-02 08:00:00, 3.45479e-08
5889, 2016-06-02 09:00:00, 3.44574e-08
5890, 2016-06-02 10:00:00, 3.43673e-08
5891, 2016-06-02 11:00:00, 3.42773e-08
5892, 2016-06-02 12:00:00, 3.41876e-08
5893, 2016-06-02 13:00:00, 3.40981e-08
5894, 2016-06-02 14:00:00, 3.40089e-08
5895, 2016-06-02 15:00:00, 3.39198e-08
5896, 2016-06-02 16:00:00, 3.38311e-08
5897, 2016-06-02 17:00:00, 3.37425e-08
5898, 2016-06-02 18:00:00, 3.36542e-08
5899, 2016-06-02 19:00:00, 3.35661e-08
5900, 2016-06-02 20:00:00, 3.34782e-08
5901, 2016-06-02 21:00:00, 3.33906e-08
5902, 2016-06-02 22:00:00, 3.33032e-08
5903, 2016-06-02 23:00:00, 3.32161e-08
5904, 2016-06-03 00:00:00, 3.31291e-08
5905, 2016-06-03 01:00:00, 3.30424e-08
5906, 2016-06-03 02:00:00, 3.29559e-08
5907, 2016-06-03 03:00:00, 3.28697e-08
5908, 2016-06-03 04:00:00, 3.27836e-08
5909, 2016-06-03 05:00:00, 3.26978e-08
5910, 2016-06-03 06:00:00, 3.26122e-08
5911, 2016-06-03 07:00:00, 3.25269e-08
5912, 2016-06-03 08:00:00, 3.24417e-08
5913, 2016-06-03 09:00:00, 3.23568e-08
5914, 2016-06-03 10:00:00, 3.22721e-08
5915, 2016-06-03 11:00:00, 3.21877e-08
5916, 2016-06-03 12:00:00, 3.21034e-08
5917, 2016-06-03 13:00:00, 3.20194e-08
5918, 2016-06-03 14:00:00, 0.000880979
5919, 2016-06-03 15:00:00, 0.000459359
5920, 2016-06-03 16:00:00, 0.000807095
5921, 2016-06-03 17:00:00, 0.000334574
5922, 2016-06-03 18:00:00, 0.000214585
5923, 2016-06-03 19:00:00, 3.7871e-05
5924, 2016-06-03 20:00:00, 3.14373e-08
5925, 2016-06-03 21:00:00, 3.1355e-08
5926, 2016-06-03 22:00:00, 3.1273e-08
5927, 2016-06-03 23:00:00, 3.12142e-08
5928, 2016-06-04 00:00:00, 3.112e-08
5929, 2016-06-04 01:00:00, 3.10364e-08
5930, 2016-06-04 02:00:00, 3.09468e-08
5931, 2016-06-04 03:00:00, 3.1638e-08
5932, 2016-06-04 04:00:00, 4.15446e-08
5933, 2016-06-04 05:00:00, 5.30233e-08
5934, 2016-06-04 06:00:00, 7.55884e-08
5935, 2016-06-04 07:00:00, 1.20042e-07
5936, 2016-06-04 08:00:00, 1.48494e-07
5937, 2016-06-04 09:00:00, 2.17237e-07
5938, 2016-06-04 10:00:00, 2.2681e-07
5939, 2016-06-04 11:00:00, 4.23738e-07
5940, 2016-06-04 12:00:00, 3.3285e-07
5941, 2016-06-04 13:00:00, 1.9586e-07
5942, 2016-06-04 14:00:00, 7.63734e-08
5943, 2016-06-04 15:00:00, 2.99102e-08
5944, 2016-06-04 16:00:00, 2.98319e-08
5945, 2016-06-04 17:00:00, 2.97538e-08
5946, 2016-06-04 18:00:00, 2.9676e-08
5947, 2016-06-04 19:00:00, 2.95983e-08
5948, 2016-06-04 20:00:00, 2.95208e-08
5949, 2016-06-04 21:00:00, 2.94436e-08
5950, 2016-06-04 22:00:00, 2.93665e-08
5951, 2016-06-04 23:00:00, 2.92896e-08
5952, 2016-06-05 00:00:00, 2.9213e-08
5953, 2016-06-05 01:00:00, 2.91365e-08
5954, 2016-06-05 02:00:00, 2.90602e-08
5955, 2016-06-05 03:00:00, 2.89842e-08
5956, 2016-06-05 04:00:00, 2.89083e-08
5957, 2016-06-05 05:00:00, 2.88327e-08
5958, 2016-06-05 06:00:00, 2.87572e-08
5959, 2016-06-05 07:00:00, 4.60483e-08
5960, 2016-06-05 08:00:00, 5.35365e-08
5961, 2016-06-05 09:00:00, 5.30133e-08
5962, 2016-06-05 10:00:00, 7.92748e-08
5963, 2016-06-05 11:00:00, 2.02245e-05
5964, 2016-06-05 12:00:00, 9.21289e-06
5965, 2016-06-05 13:00:00, 0.000399988
5966, 2016-06-05 14:00:00, 0.000397472
5967, 2016-06-05 15:00:00, 0.000344577
5968, 2016-06-05 16:00:00, 0.000216332
5969, 2016-06-05 17:00:00, 0.000143687
5970, 2016-06-05 18:00:00, 0.000102653
5971, 2016-06-05 19:00:00, 0.00261451
5972, 2016-06-05 20:00:00, 0.0783816
5973, 2016-06-05 21:00:00, 0.0647028
5974, 2016-06-05 22:00:00, 0.0442426
5975, 2016-06-05 23:00:00, 0.0143514
5976, 2016-06-06 00:00:00, 0.00235922
5977, 2016-06-06 01:00:00, 0.0545527
5978, 2016-06-06 02:00:00, 0.030168
5979, 2016-06-06 03:00:00, 0.0222019
5980, 2016-06-06 04:00:00, 0.00213757
5981, 2016-06-06 05:00:00, 3.12092e-05
5982, 2016-06-06 06:00:00, 1.59399e-07
5983, 2016-06-06 07:00:00, 1.00178e-07
5984, 2016-06-06 08:00:00, 6.31206e-08
5985, 2016-06-06 09:00:00, 3.73712e-08
5986, 2016-06-06 10:00:00, 2.67225e-08
5987, 2016-06-06 11:00:00, 3.31827e-08
5988, 2016-06-06 12:00:00, 4.27364e-08
5989, 2016-06-06 13:00:00, 3.48811e-08
5990, 2016-06-06 14:00:00, 3.12385e-08
5991, 2016-06-06 15:00:00, 2.63746e-08
5992, 2016-06-06 16:00:00, 2.63055e-08
5993, 2016-06-06 17:00:00, 2.62367e-08
5994, 2016-06-06 18:00:00, 2.6168e-08
5995, 2016-06-06 19:00:00, 2.60995e-08
5996, 2016-06-06 20:00:00, 2.60312e-08
5997, 2016-06-06 21:00:00, 2.59631e-08
5998, 2016-06-06 22:00:00, 2.58951e-08
5999, 2016-06-06 23:00:00, 2.58273e-08
6000, 2016-06-07 00:00:00, 2.57597e-08
6001, 2016-06-07 01:00:00, 2.56923e-08
6002, 2016-06-07 02:00:00, 2.56251e-08
6003, 2016-06-07 03:00:00, 2.5558e-08
6004, 2016-06-07 04:00:00, 2.54911e-08
6005, 2016-06-07 05:00:00, 2.54244e-08
6006, 2016-06-07 06:00:00, 2.53578e-08
6007, 2016-06-07 07:00:00, 2.52915e-08
6008, 2016-06-07 08:00:00, 2.52253e-08
6009, 2016-06-07 09:00:00, 3.60696e-08
6010, 2016-06-07 10:00:00, 5.24013e-08
6011, 2016-06-07 11:00:00, 6.96457e-08
6012, 2016-06-07 12:00:00, 7.982e-08
6013, 2016-06-07 13:00:00, 5.09262e-08
6014, 2016-06-07 14:00:00, 3.67848e-08
6015, 2016-06-07 15:00:00, 2.47667e-08
6016, 2016-06-07 16:00:00, 2.47019e-08
6017, 2016-06-07 17:00:00, 2.46372e-08
6018, 2016-06-07 18:00:00, 2.45727e-08
6019, 2016-06-07 19:00:00, 2.45084e-08
6020, 2016-06-07 20:00:00, 2.44443e-08
6021, 2016-06-07 21:00:00, 2.43803e-08
6022, 2016-06-07 22:00:00, 2.43165e-08
6023, 2016-06-07 23:00:00, 2.42528e-08
6024, 2016-06-08 00:00:00, 2.41894e-08
6025, 2016-06-08 01:00:00, 2.4126e-08
6026, 2016-06-08 02:00:00, 2.40629e-08
6027, 2016-06-08 03:00:00, 2.39999e-08
6028, 2016-06-08 04:00:00, 2.39371e-08
6029, 2016-06-08 05:00:00, 2.38744e-08
6030, 2016-06-08 06:00:00, 2.3812e-08
6031, 2016-06-08 07:00:00, 2.37496e-08
6032, 2016-06-08 08:00:00, 2.36875e-08
6033, 2016-06-08 09:00:00, 2.36255e-08
6034, 2016-06-08 10:00:00, 2.35636e-08
6035, 2016-06-08 11:00:00, 2.3502e-08
6036, 2016-06-08 12:00:00, 2.34404e-08
6037, 2016-06-08 13:00:00, 2.33791e-08
6038, 2016-06-08 14:00:00, 2.33179e-08
6039, 2016-06-08 15:00:00, 2.32569e-08
6040, 2016-06-08 16:00:00, 2.3196e-08
6041, 2016-06-08 17:00:00, 2.31353e-08
6042, 2016-06-08 18:00:00, 2.30747e-08
6043, 2016-06-08 19:00:00, 2.30143e-08
6044, 2016-06-08 20:00:00, 2.29541e-08
6045, 2016-06-08 21:00:00, 2.2894e-08
6046, 2016-06-08 22:00:00, 2.28341e-08
6047, 2016-06-08 23:00:00, 2.27743e-08
6048, 2016-06-09 00:00:00, 2.27147e-08
6049, 2016-06-09 01:00:00, 2.26553e-08
6050, 2016-06-09 02:00:00, 2.2596e-08
6051, 2016-06-09 03:00:00, 2.25368e-08
6052, 2016-06-09 04:00:00, 2.24778e-08
6053, 2016-06-09 05:00:00, 2.2419e-08
6054, 2016-06-09 06:00:00, 2.23603e-08
6055, 2016-06-09 07:00:00, 2.23018e-08
6056, 2016-06-09 08:00:00, 2.22434e-08
6057, 2016-06-09 09:00:00, 2.21852e-08
6058, 2016-06-09 10:00:00, 2.21271e-08
6059, 2016-06-09 11:00:00, 2.20692e-08
6060, 2016-06-09 12:00:00, 2.20114e-08
6061, 2016-06-09 13:00:00, 2.19538e-08
6062, 2016-06-09 14:00:00, 2.18964e-08
6063, 2016-06-09 15:00:00, 2.18391e-08
6064, 2016-06-09 16:00:00, 2.17819e-08
6065, 2016-06-09 17:00:00, 2.17249e-08
6066, 2016-06-09 18:00:00, 2.1668e-08
6067, 2016-06-09 19:00:00, 2.16113e-08
6068, 2016-06-09 20:00:00, 2.15547e-08
6069, 2016-06-09 21:00:00, 2.14983e-08
6070, 2016-06-09 22:00:00, 2.14421e-08
6071, 2016-06-09 23:00:00, 2.13859e-08
6072, 2016-06-10 00:00:00, 2.133e-08
6073, 2016-06-10 01:00:00, 2.12741e-08
6074, 2016-06-10 02:00:00, 2.12184e-08
6075, 2016-06-10 03:00:00, 2.11629e-08
6076, 2016-06-10 04:00:00, 2.11075e-08
6077, 2016-06-10 05:00:00, 2.10523e-08
6078, 2016-06-10 06:00:00, 2.09972e-08
6079, 2016-06-10 07:00:00, 2.09422e-08
6080, 2016-06-10 08:00:00, 2.08874e-08
6081, 2016-06-10 09:00:00, 2.08327e-08
6082, 2016-06-10 10:00:00, 2.07782e-08
6083, 2016-06-10 11:00:00, 2.07238e-08
6084, 2016-06-10 12:00:00, 2.06696e-08
6085, 2016-06-10 13:00:00, 2.06155e-08
6086, 2016-06-10 14:00:00, 2.05615e-08
6087, 2016-06-10 15:00:00, 2.05077e-08
6088, 2016-06-10 16:00:00, 2.0454e-08
6089, 2016-06-10 17:00:00, 2.04005e-08
6090, 2016-06-10 18:00:00, 2.03471e-08
6091, 2016-06-10 19:00:00, 2.02938e-08
6092, 2016-06-10 20:00:00, 2.02407e-08
6093, 2016-06-10 21:00:00, 2.01877e-08
6094, 2016-06-10 22:00:00, 2.01349e-08
6095, 2016-06-10 23:00:00, 2.00822e-08
6096, 2016-06-11 00:00:00, 2.00296e-08
6097, 2016-06-11 01:00:00, 1.99772e-08
6098, 2016-06-11 02:00:00, 1.99249e-08
6099, 2016-06-11 03:00:00, 1.98728e-08
6100, 2016-06-11 04:00:00, 1.98207e-08
6101, 2016-06-11 05:00:00, 1.97689e-08
6102, 2016-06-11 06:00:00, 1.97171e-08
6103, 2016-06-11 07:00:00, 1.96655e-08
6104, 2016-06-11 08:00:00, 1.9614e-08
6105, 2016-06-11 09:00:00, 1.95627e-08
6106, 2016-06-11 10:00:00, 1.95115e-08
6107, 2016-06-11 11:00:00, 1.94604e-08
6108, 2016-06-11 12:00:00, 2.60821e-08
6109, 2016-06-11 13:00:00, 2.23917e-08
6110, 2016-06-11 14:00:00, 2.17344e-08
6111, 2016-06-11 15:00:00, 1.92575e-08
6112, 2016-06-11 16:00:00, 1.92071e-08
6113, 2016-06-11 17:00:00, 0.000358993
6114, 2016-06-11 18:00:00, 0.0404441
6115, 2016-06-11 19:00:00, 0.0398851
6116, 2016-06-11 20:00:00, 0.0243954
6117, 2016-06-11 21:00:00, 0.00779821
6118, 2016-06-11 22:00:00, 5.66257e-08
6119, 2016-06-11 23:00:00, 3.35552e-07
6120, 2016-06-12 00:00:00, 2.29764e-07
6121, 2016-06-12 01:00:00, 1.66356e-07
6122, 2016-06-12 02:00:00, 4.75939e-08
6123, 2016-06-12 03:00:00, 2.5548e-08
6124, 2016-06-12 04:00:00, 2.02096e-08
6125, 2016-06-12 05:00:00, 1.93424e-08
6126, 2016-06-12 06:00:00, 2.2897e-08
6127, 2016-06-12 07:00:00, 2.04584e-08
6128, 2016-06-12 08:00:00, 2.00117e-08
6129, 2016-06-12 09:00:00, 1.84133e-08
6130, 2016-06-12 10:00:00, 1.83416e-08
6131, 2016-06-12 11:00:00, 3.19866e-07
6132, 2016-06-12 12:00:00, 2.29451e-07
6133, 2016-06-12 13:00:00, 1.61545e-07
6134, 2016-06-12 14:00:00, 4.50925e-08
6135, 2016-06-12 15:00:00, 1.80835e-08
6136, 2016-06-12 16:00:00, 1.80362e-08
6137, 2016-06-12 17:00:00, 1.7989e-08
6138, 2016-06-12 18:00:00, 1.79419e-08
6139, 2016-06-12 19:00:00, 1.78949e-08
6140, 2016-06-12 20:00:00, 1.78481e-08
6141, 2016-06-12 21:00:00, 1.78014e-08
6142, 2016-06-12 22:00:00, 1.77548e-08
6143, 2016-06-12 23:00:00, 1.77083e-08
6144, 2016-06-13 00:00:00, 1.76619e-08
6145, 2016-06-13 01:00:00, 1.76157e-08
6146, 2016-06-13 02:00:00, 1.75696e-08
6147, 2016-06-13 03:00:00, 1.75236e-08
6148, 2016-06-13 04:00:00, 1.74778e-08
6149, 2016-06-13 05:00:00, 1.7432e-08
6150, 2016-06-13 06:00:00, 1.73864e-08
6151, 2016-06-13 07:00:00, 1.73409e-08
6152, 2016-06-13 08:00:00, 1.72955e-08
6153, 2016-06-13 09:00:00, 1.72502e-08
6154, 2016-06-13 10:00:00, 1.72051e-08
6155, 2016-06-13 11:00:00, 1.716e-08
6156, 2016-06-13 12:00:00, 1.71151e-08
6157, 2016-06-13 13:00:00, 1.70703e-08
6158, 2016-06-13 14:00:00, 1.70256e-08
6159, 2016-06-13 15:00:00, 1.69811e-08
6160, 2016-06-13 16:00:00, 1.69366e-08
6161, 2016-06-13 17:00:00, 1.68923e-08
6162, 2016-06-13 18:00:00, 1.68481e-08
6163, 2016-06-13 19:00:00, 1.6804e-08
6164, 2016-06-13 20:00:00, 1.676e-08
6165, 2016-06-13 21:00:00, 1.67161e-08
6166, 2016-06-13 22:00:00, 1.66724e-08
6167, 2016-06-13 23:00:00, 1.66288e-08
6168, 2016-06-14 00:00:00, 1.65852e-08
6169, 2016-06-14 01:00:00, 1.65418e-08
6170, 2016-06-14 02:00:00, 1.64985e-08
6171, 2016-06-14 03:00:00, 1.64553e-08
6172, 2016-06-14 04:00:00, 1.64123e-08
6173, 2016-06-14 05:00:00, 1.63693e-08
6174, 2016-06-14 06:00:00, 1.63265e-08
6175, 2016-06-14 07:00:00, 1.62837e-08
6176, 2016-06-14 08:00:00, 1.62411e-08
6177, 2016-06-14 09:00:00, 1.61986e-08
6178, 2016-06-14 10:00:00, 1.61562e-08
6179, 2016-06-14 11:00:00, 1.61139e-08
6180, 2016-06-14 12:00:00, 1.60717e-08
6181, 2016-06-14 13:00:00, 1.60297e-08
6182, 2016-06-14 14:00:00, 1.59877e-08
6183, 2016-06-14 15:00:00, 1.59459e-08
6184, 2016-06-14 16:00:00, 1.59041e-08
6185, 2016-06-14 17:00:00, 1.58625e-08
6186, 2016-06-14 18:00:00, 1.5821e-08
6187, 2016-06-14 19:00:00, 1.57796e-08
6188, 2016-06-14 20:00:00, 1.57383e-08
6189, 2016-06-14 21:00:00, 1.56971e-08
6190, 2016-06-14 22:00:00, 1.5656e-08
6191, 2016-06-14 23:00:00, 1.5615e-08
6192, 2016-06-15 00:00:00, 1.55742e-08
6193, 2016-06-15 01:00:00, 1.55334e-08
6194, 2016-06-15 02:00:00, 1.54927e-08
6195, 2016-06-15 03:00:00, 1.54522e-08
6196, 2016-06-15 04:00:00, 1.54117e-08
6197, 2016-06-15 05:00:00, 1.53714e-08
6198, 2016-06-15 06:00:00, 1.53312e-08
6199, 2016-06-15 07:00:00, 1.5291e-08
6200, 2016-06-15 08:00:00, 1.5251e-08
6201, 2016-06-15 09:00:00, 1.52111e-08
6202, 2016-06-15 10:00:00, 1.51713e-08
6203, 2016-06-15 11:00:00, 1.51316e-08
6204, 2016-06-15 12:00:00, 1.51385e-08
6205, 2016-06-15 13:00:00, 1.50736e-08
6206, 2016-06-15 14:00:00, 1.503e-08
6207, 2016-06-15 15:00:00, 1.49738e-08
6208, 2016-06-15 16:00:00, 1.49346e-08
6209, 2016-06-15 17:00:00, 1.48955e-08
6210, 2016-06-15 18:00:00, 1.48565e-08
6211, 2016-06-15 19:00:00, 1.48176e-08
6212, 2016-06-15 20:00:00, 1.47788e-08
6213, 2016-06-15 21:00:00, 1.47401e-08
6214, 2016-06-15 22:00:00, 1.47016e-08
6215, 2016-06-15 23:00:00, 1.46631e-08
6216, 2016-06-16 00:00:00, 1.46247e-08
6217, 2016-06-16 01:00:00, 1.45864e-08
6218, 2016-06-16 02:00:00, 1.45483e-08
6219, 2016-06-16 03:00:00, 1.45102e-08
6220, 2016-06-16 04:00:00, 1.44722e-08
6221, 2016-06-16 05:00:00, 1.44343e-08
6222, 2016-06-16 06:00:00, 1.43965e-08
6223, 2016-06-16 07:00:00, 1.43589e-08
6224, 2016-06-16 08:00:00, 1.43213e-08
6225, 2016-06-16 09:00:00, 1.42838e-08
6226, 2016-06-16 10:00:00, 1.42464e-08
6227, 2016-06-16 11:00:00, 1.42091e-08
6228, 2016-06-16 12:00:00, 1.41719e-08
6229, 2016-06-16 13:00:00, 1.41348e-08
6230, 2016-06-16 14:00:00, 1.40978e-08
6231, 2016-06-16 15:00:00, 1.40609e-08
6232, 2016-06-16 16:00:00, 1.40241e-08
6233, 2016-06-16 17:00:00, 1.39874e-08
6234, 2016-06-16 18:00:00, 1.39508e-08
6235, 2016-06-16 19:00:00, 1.39143e-08
6236, 2016-06-16 20:00:00, 1.38779e-08
6237, 2016-06-16 21:00:00, 1.38416e-08
6238, 2016-06-16 22:00:00, 1.38053e-08
6239, 2016-06-16 23:00:00, 1.37692e-08
6240, 2016-06-17 00:00:00, 1.37331e-08
6241, 2016-06-17 01:00:00, 1.36972e-08
6242, 2016-06-17 02:00:00, 1.36614e-08
6243, 2016-06-17 03:00:00, 1.36256e-08
6244, 2016-06-17 04:00:00, 1.35899e-08
6245, 2016-06-17 05:00:00, 1.35544e-08
6246, 2016-06-17 06:00:00, 1.35189e-08
6247, 2016-06-17 07:00:00, 1.48948e-08
6248, 2016-06-17 08:00:00, 1.40897e-08
6249, 2016-06-17 09:00:00, 1.39262e-08
6250, 2016-06-17 10:00:00, 1.33779e-08
6251, 2016-06-17 11:00:00, 1.33429e-08
6252, 2016-06-17 12:00:00, 1.3308e-08
6253, 2016-06-17 13:00:00, 1.32731e-08
6254, 2016-06-17 14:00:00, 1.32384e-08
6255, 2016-06-17 15:00:00, 1.32037e-08
6256, 2016-06-17 16:00:00, 1.31692e-08
6257, 2016-06-17 17:00:00, 1.31347e-08
6258, 2016-06-17 18:00:00, 1.31003e-08
6259, 2016-06-17 19:00:00, 1.3066e-08
6260, 2016-06-17 20:00:00, 1.30318e-08
6261, 2016-06-17 21:00:00, 1.29977e-08
6262, 2016-06-17 22:00:00, 1.29637e-08
6263, 2016-06-17 23:00:00, 1.29298e-08
6264, 2016-06-18 00:00:00, 1.28959e-08
6265, 2016-06-18 01:00:00, 1.28622e-08
6266, 2016-06-18 02:00:00, 1.28285e-08
6267, 2016-06-18 03:00:00, 1.27949e-08
6268, 2016-06-18 04:00:00, 1.27615e-08
6269, 2016-06-18 05:00:00, 1.27281e-08
6270, 2016-06-18 06:00:00, 1.26947e-08
6271, 2016-06-18 07:00:00, 1.26615e-08
6272, 2016-06-18 08:00:00, 1.26284e-08
6273, 2016-06-18 09:00:00, 1.25953e-08
6274, 2016-06-18 10:00:00, 1.25623e-08
6275, 2016-06-18 11:00:00, 1.25295e-08
6276, 2016-06-18 12:00:00, 1.24967e-08
6277, 2016-06-18 13:00:00, 1.2464e-08
6278, 2016-06-18 14:00:00, 1.24313e-08
6279, 2016-06-18 15:00:00, 1.23988e-08
6280, 2016-06-18 16:00:00, 1.23664e-08
6281, 2016-06-18 17:00:00, 1.2334e-08
6282, 2016-06-18 18:00:00, 1.23017e-08
6283, 2016-06-18 19:00:00, 1.22695e-08
6284, 2016-06-18 20:00:00, 1.22374e-08
6285, 2016-06-18 21:00:00, 1.22054e-08
6286, 2016-06-18 22:00:00, 1.21734e-08
6287, 2016-06-18 23:00:00, 1.21415e-08
6288, 2016-06-19 00:00:00, 1.21098e-08
6289, 2016-06-19 01:00:00, 1.20781e-08
6290, 2016-06-19 02:00:00, 1.20465e-08
6291, 2016-06-19 03:00:00, 1.20149e-08
6292, 2016-06-19 04:00:00, 1.19835e-08
6293, 2016-06-19 05:00:00, 1.19521e-08
6294, 2016-06-19 06:00:00, 1.19208e-08
6295, 2016-06-19 07:00:00, 1.18896e-08
6296, 2016-06-19 08:00:00, 1.18585e-08
6297, 2016-06-19 09:00:00, 1.18275e-08
6298, 2016-06-19 10:00:00, 1.17965e-08
6299, 2016-06-19 11:00:00, 1.81776e-08
6300, 2016-06-19 12:00:00, 3.31035e-08
6301, 2016-06-19 13:00:00, 2.2424e-08
6302, 2016-06-19 14:00:00, 1.83841e-08
6303, 2016-06-19 15:00:00, 1.16429e-08
6304, 2016-06-19 16:00:00, 1.16125e-08
6305, 2016-06-19 17:00:00, 1.15821e-08
6306, 2016-06-19 18:00:00, 1.15518e-08
6307, 2016-06-19 19:00:00, 1.15215e-08
6308, 2016-06-19 20:00:00, 1.14914e-08
6309, 2016-06-19 21:00:00, 1.14613e-08
6310, 2016-06-19 22:00:00, 1.14313e-08
6311, 2016-06-19 23:00:00, 1.14014e-08
6312, 2016-06-20 00:00:00, 1.13715e-08
6313, 2016-06-20 01:00:00, 1.13418e-08
6314, 2016-06-20 02:00:00, 1.13121e-08
6315, 2016-06-20 03:00:00, 1.12825e-08
6316, 2016-06-20 04:00:00, 1.12529e-08
6317, 2016-06-20 05:00:00, 1.12235e-08
6318, 2016-06-20 06:00:00, 1.11941e-08
6319, 2016-06-20 07:00:00, 1.11648e-08
6320, 2016-06-20 08:00:00, 1.11356e-08
6321, 2016-06-20 09:00:00, 1.11064e-08
6322, 2016-06-20 10:00:00, 1.10774e-08
6323, 2016-06-20 11:00:00, 7.39107e-08
6324, 2016-06-20 12:00:00, 4.09718e-08
6325, 2016-06-20 13:00:00, 3.44763e-08
6326, 2016-06-20 14:00:00, 1.14631e-08
6327, 2016-06-20 15:00:00, 1.09332e-08
6328, 2016-06-20 16:00:00, 1.09045e-08
6329, 2016-06-20 17:00:00, 1.0876e-08
6330, 2016-06-20 18:00:00, 1.08475e-08
6331, 2016-06-20 19:00:00, 1.08191e-08
6332, 2016-06-20 20:00:00, 1.07908e-08
6333, 2016-06-20 21:00:00, 1.07626e-08
6334, 2016-06-20 22:00:00, 1.07344e-08
6335, 2016-06-20 23:00:00, 1.07063e-08
6336, 2016-06-21 00:00:00, 1.06783e-08
6337, 2016-06-21 01:00:00, 1.06503e-08
6338, 2016-06-21 02:00:00, 1.06225e-08
6339, 2016-06-21 03:00:00, 1.05947e-08
6340, 2016-06-21 04:00:00, 1.05669e-08
6341, 2016-06-21 05:00:00, 1.05393e-08
6342, 2016-06-21 06:00:00, 1.05117e-08
6343, 2016-06-21 07:00:00, 1.04842e-08
6344, 2016-06-21 08:00:00, 1.04567e-08
6345, 2016-06-21 09:00:00, 0.0164792
6346, 2016-06-21 10:00:00, 0.0145123
6347, 2016-06-21 11:00:00, 0.0091964
6348, 2016-06-21 12:00:00, 0.00296034
6349, 2016-06-21 13:00:00, 0.000186933
6350, 2016-06-21 14:00:00, 0.000145979
6351, 2016-06-21 15:00:00, 1.96722e-08
6352, 2016-06-21 16:00:00, 1.02398e-08
6353, 2016-06-21 17:00:00, 1.0213e-08
6354, 2016-06-21 18:00:00, 1.01862e-08
6355, 2016-06-21 19:00:00, 1.01596e-08
6356, 2016-06-21 20:00:00, 1.0133e-08
6357, 2016-06-21 21:00:00, 1.01065e-08
6358, 2016-06-21 22:00:00, 1.008e-08
6359, 2016-06-21 23:00:00, 1.00536e-08
6360, 2016-06-22 00:00:00, 1.00273e-08
6361, 2016-06-22 01:00:00, 1.00011e-08
6362, 2016-06-22 02:00:00, 9.97489e-09
6363, 2016-06-22 03:00:00, 9.94878e-09
6364, 2016-06-22 04:00:00, 9.92274e-09
6365, 2016-06-22 05:00:00, 9.89677e-09
6366, 2016-06-22 06:00:00, 9.87087e-09
6367, 2016-06-22 07:00:00, 9.84503e-09
6368, 2016-06-22 08:00:00, 9.81926e-09
6369, 2016-06-22 09:00:00, 9.79356e-09
6370, 2016-06-22 10:00:00, 9.76793e-09
6371, 2016-06-22 11:00:00, 9.74236e-09
6372, 2016-06-22 12:00:00, 9.71686e-09
6373, 2016-06-22 13:00:00, 9.69143e-09
6374, 2016-06-22 14:00:00, 9.66606e-09
6375, 2016-06-22 15:00:00, 9.64076e-09
6376, 2016-06-22 16:00:00, 9.61553e-09
6377, 2016-06-22 17:00:00, 9.59036e-09
6378, 2016-06-22 18:00:00, 9.56526e-09
6379, 2016-06-22 19:00:00, 9.54022e-09
6380, 2016-06-22 20:00:00, 9.51525e-09
6381, 2016-06-22 21:00:00, 9.49035e-09
6382, 2016-06-22 22:00:00, 9.46551e-09
6383, 2016-06-22 23:00:00, 9.44073e-09
6384, 2016-06-23 00:00:00, 9.41602e-09
6385, 2016-06-23 01:00:00, 9.39137e-09
6386, 2016-06-23 02:00:00, 9.36679e-09
6387, 2016-06-23 03:00:00, 9.34228e-09
6388, 2016-06-23 04:00:00, 9.31782e-09
6389, 2016-06-23 05:00:00, 9.29344e-09
6390, 2016-06-23 06:00:00, 9.26911e-09
6391, 2016-06-23 07:00:00, 9.24485e-09
6392, 2016-06-23 08:00:00, 9.22065e-09
6393, 2016-06-23 09:00:00, 9.19652e-09
6394, 2016-06-23 10:00:00, 9.17245e-09
6395, 2016-06-23 11:00:00, 9.14844e-09
6396, 2016-06-23 12:00:00, 9.12449e-09
6397, 2016-06-23 13:00:00, 9.10061e-09
6398, 2016-06-23 14:00:00, 9.07679e-09
6399, 2016-06-23 15:00:00, 9.05303e-09
6400, 2016-06-23 16:00:00, 9.02934e-09
6401, 2016-06-23 17:00:00, 9.00571e-09
6402, 2016-06-23 18:00:00, 8.98213e-09
6403, 2016-06-23 19:00:00, 8.95862e-09
6404, 2016-06-23 20:00:00, 8.93518e-09
6405, 2016-06-23 21:00:00, 8.91179e-09
6406, 2016-06-23 22:00:00, 8.88846e-09
6407, 2016-06-23 23:00:00, 8.8652e-09
6408, 2016-06-24 00:00:00, 8.84199e-09
6409, 2016-06-24 01:00:00, 8.8214e-09
6410, 2016-06-24 02:00:00, 4.04575e-08
6411, 2016-06-24 03:00:00, 5.2081e-08
6412, 2016-06-24 04:00:00, 4.69986e-08
6413, 2016-06-24 05:00:00, 2.54212e-08
6414, 2016-06-24 06:00:00, 1.36471e-08
6415, 2016-06-24 07:00:00, 8.68165e-09
6416, 2016-06-24 08:00:00, 8.65854e-09
6417, 2016-06-24 09:00:00, 8.63587e-09
6418, 2016-06-24 10:00:00, 8.61327e-09
6419, 2016-06-24 11:00:00, 8.59073e-09
6420, 2016-06-24 12:00:00, 8.56824e-09
6421, 2016-06-24 13:00:00, 8.54581e-09
6422, 2016-06-24 14:00:00, 8.52345e-09
6423, 2016-06-24 15:00:00, 8.50114e-09
6424, 2016-06-24 16:00:00, 8.47889e-09
6425, 2016-06-24 17:00:00, 8.45669e-09
6426, 2016-06-24 18:00:00, 8.43456e-09
6427, 2016-06-24 19:00:00, 8.41248e-09
6428, 2016-06-24 20:00:00, 8.39046e-09
6429, 2016-06-24 21:00:00, 8.3685e-09
6430, 2016-06-24 22:00:00, 8.3466e-09
6431, 2016-06-24 23:00:00, 8.32475e-09
6432, 2016-06-25 00:00:00, 8.30296e-09
6433, 2016-06-25 01:00:00, 8.28123e-09
6434, 2016-06-25 02:00:00, 8.25956e-09
6435, 2016-06-25 03:00:00, 8.23794e-09
6436, 2016-06-25 04:00:00, 8.21638e-09
6437, 2016-06-25 05:00:00, 8.19487e-09
6438, 2016-06-25 06:00:00, 8.17342e-09
6439, 2016-06-25 07:00:00, 8.15203e-09
6440, 2016-06-25 08:00:00, 8.13069e-09
6441, 2016-06-25 09:00:00, 8.10941e-09
6442, 2016-06-25 10:00:00, 8.08818e-09
6443, 2016-06-25 11:00:00, 8.06701e-09
6444, 2016-06-25 12:00:00, 8.0459e-09
6445, 2016-06-25 13:00:00, 8.02484e-09
6446, 2016-06-25 14:00:00, 8.00384e-09
6447, 2016-06-25 15:00:00, 7.98289e-09
6448, 2016-06-25 16:00:00, 7.96199e-09
6449, 2016-06-25 17:00:00, 7.94115e-09
6450, 2016-06-25 18:00:00, 7.92037e-09
6451, 2016-06-25 19:00:00, 7.89964e-09
6452, 2016-06-25 20:00:00, 7.87896e-09
6453, 2016-06-25 21:00:00, 7.85834e-09
6454, 2016-06-25 22:00:00, 7.83777e-09
6455, 2016-06-25 23:00:00, 7.81725e-09
6456, 2016-06-26 00:00:00, 7.79679e-09
6457, 2016-06-26 01:00:00, 7.77639e-09
6458, 2016-06-26 02:00:00, 7.75603e-09
6459, 2016-06-26 03:00:00, 7.73573e-09
6460, 2016-06-26 04:00:00, 7.71548e-09
6461, 2016-06-26 05:00:00, 7.69529e-09
6462, 2016-06-26 06:00:00, 7.67515e-09
6463, 2016-06-26 07:00:00, 7.65506e-09
6464, 2016-06-26 08:00:00, 7.63502e-09
6465, 2016-06-26 09:00:00, 7.61504e-09
6466, 2016-06-26 10:00:00, 7.59511e-09
6467, 2016-06-26 11:00:00, 7.57523e-09
6468, 2016-06-26 12:00:00, 7.5554e-09
6469, 2016-06-26 13:00:00, 7.53562e-09
6470, 2016-06-26 14:00:00, 7.5159e-09
6471, 2016-06-26 15:00:00, 7.49623e-09
6472, 2016-06-26 16:00:00, 7.47661e-09
6473, 2016-06-26 17:00:00, 7.45704e-09
6474, 2016-06-26 18:00:00, 7.43752e-09
6475, 2016-06-26 19:00:00, 7.41805e-09
6476, 2016-06-26 20:00:00, 7.39864e-09
6477, 2016-06-26 21:00:00, 7.37927e-09
6478, 2016-06-26 22:00:00, 7.35996e-09
6479, 2016-06-26 23:00:00, 7.34069e-09
6480, 2016-06-27 00:00:00, 7.32148e-09
6481, 2016-06-27 01:00:00, 7.30232e-09
6482, 2016-06-27 02:00:00, 7.2832e-09
6483, 2016-06-27 03:00:00, 7.26414e-09
6484, 2016-06-27 04:00:00, 7.24513e-09
6485, 2016-06-27 05:00:00, 7.22616e-09
6486, 2016-06-27 06:00:00, 7.20725e-09
6487, 2016-06-27 07:00:00, 7.18839e-09
6488, 2016-06-27 08:00:00, 7.16957e-09
6489, 2016-06-27 09:00:00, 7.15081e-09
6490, 2016-06-27 10:00:00, 7.13209e-09
6491, 2016-06-27 11:00:00, 1.17961e-08
6492, 2016-06-27 12:00:00, 3.22737e-08
6493, 2016-06-27 13:00:00, 1.92565e-08
6494, 2016-06-27 14:00:00, 1.54397e-08
6495, 2016-06-27 15:00:00, 7.03924e-09
6496, 2016-06-27 16:00:00, 7.02081e-09
6497, 2016-06-27 17:00:00, 7.00244e-09
6498, 2016-06-27 18:00:00, 6.98411e-09
6499, 2016-06-27 19:00:00, 6.96583e-09
6500, 2016-06-27 20:00:00, 6.9476e-09
6501, 2016-06-27 21:00:00, 6.92941e-09
6502, 2016-06-27 22:00:00, 6.91128e-09
6503, 2016-06-27 23:00:00, 6.89319e-09
6504, 2016-06-28 00:00:00, 6.87514e-09
6505, 2016-06-28 01:00:00, 6.85715e-09
6506, 2016-06-28 02:00:00, 6.8392e-09
6507, 2016-06-28 03:00:00, 6.8213e-09
6508, 2016-06-28 04:00:00, 6.80345e-09
6509, 2016-06-28 05:00:00, 6.78564e-09
6510, 2016-06-28 06:00:00, 6.76788e-09
6511, 2016-06-28 07:00:00, 6.75016e-09
6512, 2016-06-28 08:00:00, 6.7325e-09
6513, 2016-06-28 09:00:00, 6.71487e-09
6514, 2016-06-28 10:00:00, 6.6973e-09
6515, 2016-06-28 11:00:00, 6.67977e-09
6516, 2016-06-28 12:00:00, 6.66228e-09
6517, 2016-06-28 13:00:00, 6.64485e-09
6518, 2016-06-28 14:00:00, 6.62745e-09
6519, 2016-06-28 15:00:00, 6.61011e-09
6520, 2016-06-28 16:00:00, 6.59281e-09
6521, 2016-06-28 17:00:00, 6.57555e-09
6522, 2016-06-28 18:00:00, 6.55834e-09
6523, 2016-06-28 19:00:00, 6.54117e-09
6524, 2016-06-28 20:00:00, 6.52405e-09
6525, 2016-06-28 21:00:00, 6.50698e-09
6526, 2016-06-28 22:00:00, 6.48995e-09
6527, 2016-06-28 23:00:00, 6.47296e-09
6528, 2016-06-29 00:00:00, 6.45602e-09
6529, 2016-06-29 01:00:00, 6.43912e-09
6530, 2016-06-29 02:00:00, 6.42226e-09
6531, 2016-06-29 03:00:00, 9.58464e-06
6532, 2016-06-29 04:00:00, 4.3618e-06
6533, 2016-06-29 05:00:00, 0.0834596
6534, 2016-06-29 06:00:00, 0.0392391
6535, 2016-06-29 07:00:00, 0.0309977
6536, 2016-06-29 08:00:00, 0.000500367
6537, 2016-06-29 09:00:00, 2.07895e-05
6538, 2016-06-29 10:00:00, 0.16528
6539, 2016-06-29 11:00:00, 0.102224
6540, 2016-06-29 12:00:00, 0.0724185
6541, 2016-06-29 13:00:00, 0.00985344
6542, 2016-06-29 14:00:00, 2.93578e-08
6543, 2016-06-29 15:00:00, 1.15155e-08
6544, 2016-06-29 16:00:00, 6.2395e-09
6545, 2016-06-29 17:00:00, 6.17469e-09
6546, 2016-06-29 18:00:00, 6.15853e-09
6547, 2016-06-29 19:00:00, 6.14241e-09
6548, 2016-06-29 20:00:00, 0.00291504
6549, 2016-06-29 21:00:00, 0.00132502
6550, 2016-06-29 22:00:00, 0.00106002
6551, 2016-06-29 23:00:00, 6.07835e-09
6552, 2016-06-30 00:00:00, 6.06244e-09
6553, 2016-06-30 01:00:00, 6.04657e-09
6554, 2016-06-30 02:00:00, 6.03075e-09
6555, 2016-06-30 03:00:00, 6.01496e-09
6556, 2016-06-30 04:00:00, 5.99922e-09
6557, 2016-06-30 05:00:00, 5.98352e-09
6558, 2016-06-30 06:00:00, 5.96785e-09
6559, 2016-06-30 07:00:00, 5.95223e-09
6560, 2016-06-30 08:00:00, 5.93665e-09
6561, 2016-06-30 09:00:00, 5.92112e-09
6562, 2016-06-30 10:00:00, 5.90562e-09
6563, 2016-06-30 11:00:00, 5.89016e-09
6564, 2016-06-30 12:00:00, 5.87474e-09
6565, 2016-06-30 13:00:00, 5.85937e-09
6566, 2016-06-30 14:00:00, 5.84403e-09
6567, 2016-06-30 15:00:00, 5.82874e-09
6568, 2016-06-30 16:00:00, 5.81348e-09
6569, 2016-06-30 17:00:00, 5.79826e-09
6570, 2016-06-30 18:00:00, 5.78309e-09
6571, 2016-06-30 19:00:00, 5.76795e-09
6572, 2016-06-30 20:00:00, 5.75285e-09
6573, 2016-06-30 21:00:00, 5.73779e-09
6574, 2016-06-30 22:00:00, 5.72278e-09
6575, 2016-06-30 23:00:00, 5.7078e-09
6576, 2016-07-01 00:00:00, 5.69286e-09
6577, 2016-07-01 01:00:00, 5.67796e-09
6578, 2016-07-01 02:00:00, 5.6631e-09
6579, 2016-07-01 03:00:00, 5.64827e-09
6580, 2016-07-01 04:00:00, 5.63349e-09
6581, 2016-07-01 05:00:00, 5.61875e-09
6582, 2016-07-01 06:00:00, 5.60404e-09
6583, 2016-07-01 07:00:00, 5.58937e-09
6584, 2016-07-01 08:00:00, 5.57474e-09
6585, 2016-07-01 09:00:00, 5.56015e-09
6586, 2016-07-01 10:00:00, 5.5456e-09
6587, 2016-07-01 11:00:00, 5.53108e-09
6588, 2016-07-01 12:00:00, 5.5166e-09
6589, 2016-07-01 13:00:00, 5.50217e-09
6590, 2016-07-01 14:00:00, 5.48776e-09
6591, 2016-07-01 15:00:00, 5.4734e-09
6592, 2016-07-01 16:00:00, 5.45907e-09
6593, 2016-07-01 17:00:00, 5.44479e-09
6594, 2016-07-01 18:00:00, 5.43053e-09
6595, 2016-07-01 19:00:00, 5.41632e-09
6596, 2016-07-01 20:00:00, 5.40214e-09
6597, 2016-07-01 21:00:00, 5.388e-09
6598, 2016-07-01 22:00:00, 5.3739e-09
6599, 2016-07-01 23:00:00, 5.35984e-09
6600, 2016-07-02 00:00:00, 0.478684
6601, 2016-07-02 01:00:00, 1.75307
6602, 2016-07-02 02:00:00, 0.872017
6603, 2016-07-02 03:00:00, 0.55836
6604, 2016-07-02 04:00:00, 5.29006e-09
6605, 2016-07-02 05:00:00, 5.27621e-09
6606, 2016-07-02 06:00:00, 5.2624e-09
6607, 2016-07-02 07:00:00, 5.24863e-09
6608, 2016-07-02 08:00:00, 5.23489e-09
6609, 2016-07-02 09:00:00, 5.22119e-09
6610, 2016-07-02 10:00:00, 5.20752e-09
6611, 2016-07-02 11:00:00, 5.19389e-09
6612, 2016-07-02 12:00:00, 5.1803e-09
6613, 2016-07-02 13:00:00, 5.16674e-09
6614, 2016-07-02 14:00:00, 5.15322e-09
6615, 2016-07-02 15:00:00, 5.13973e-09
6616, 2016-07-02 16:00:00, 5.12627e-09
6617, 2016-07-02 17:00:00, 5.11286e-09
6618, 2016-07-02 18:00:00, 5.09947e-09
6619, 2016-07-02 19:00:00, 5.08613e-09
6620, 2016-07-02 20:00:00, 5.07281e-09
6621, 2016-07-02 21:00:00, 5.05954e-09
6622, 2016-07-02 22:00:00, 5.04629e-09
6623, 2016-07-02 23:00:00, 5.03309e-09
6624, 2016-07-03 00:00:00, 5.01991e-09
6625, 2016-07-03 01:00:00, 5.00677e-09
6626, 2016-07-03 02:00:00, 4.99367e-09
6627, 2016-07-03 03:00:00, 4.9806e-09
6628, 2016-07-03 04:00:00, 4.96756e-09
6629, 2016-07-03 05:00:00, 4.95456e-09
6630, 2016-07-03 06:00:00, 4.94159e-09
6631, 2016-07-03 07:00:00, 4.92866e-09
6632, 2016-07-03 08:00:00, 4.91576e-09
6633, 2016-07-03 09:00:00, 4.90289e-09
6634, 2016-07-03 10:00:00, 4.89006e-09
6635, 2016-07-03 11:00:00, 4.87726e-09
6636, 2016-07-03 12:00:00, 4.86449e-09
6637, 2016-07-03 13:00:00, 4.85176e-09
6638, 2016-07-03 14:00:00, 4.83906e-09
6639, 2016-07-03 15:00:00, 4.8264e-09
6640, 2016-07-03 16:00:00, 4.81376e-09
6641, 2016-07-03 17:00:00, 4.80116e-09
6642, 2016-07-03 18:00:00, 4.7886e-09
6643, 2016-07-03 19:00:00, 4.77606e-09
6644, 2016-07-03 20:00:00, 4.76356e-09
6645, 2016-07-03 21:00:00, 4.75109e-09
6646, 2016-07-03 22:00:00, 4.73866e-09
6647, 2016-07-03 23:00:00, 4.72626e-09
6648, 2016-07-04 00:00:00, 4.71389e-09
6649, 2016-07-04 01:00:00, 4.70155e-09
6650, 2016-07-04 02:00:00, 4.68924e-09
6651, 2016-07-04 03:00:00, 4.67697e-09
6652, 2016-07-04 04:00:00, 4.66473e-09
6653, 2016-07-04 05:00:00, 4.65252e-09
6654, 2016-07-04 06:00:00, 4.64034e-09
6655, 2016-07-04 07:00:00, 4.62819e-09
6656, 2016-07-04 08:00:00, 4.61608e-09
6657, 2016-07-04 09:00:00, 4.604e-09
6658, 2016-07-04 10:00:00, 4.59195e-09
6659, 2016-07-04 11:00:00, 4.57993e-09
6660, 2016-07-04 12:00:00, 4.56794e-09
6661, 2016-07-04 13:00:00, 4.55598e-09
6662, 2016-07-04 14:00:00, 4.54406e-09
6663, 2016-07-04 15:00:00, 4.53217e-09
6664, 2016-07-04 16:00:00, 4.5203e-09
6665, 2016-07-04 17:00:00, 4.50847e-09
6666, 2016-07-04 18:00:00, 4.49667e-09
6667, 2016-07-04 19:00:00, 4.4849e-09
6668, 2016-07-04 20:00:00, 4.47316e-09
6669, 2016-07-04 21:00:00, 4.46146e-09
6670, 2016-07-04 22:00:00, 4.44978e-09
6671, 2016-07-04 23:00:00, 4.43813e-09
6672, 2016-07-05 00:00:00, 4.42651e-09
6673, 2016-07-05 01:00:00, 4.41493e-09
6674, 2016-07-05 02:00:00, 4.40337e-09
6675, 2016-07-05 03:00:00, 4.39185e-09
6676, 2016-07-05 04:00:00, 4.38035e-09
6677, 2016-07-05 05:00:00, 4.36889e-09
6678, 2016-07-05 06:00:00, 8.35429e-05
6679, 2016-07-05 07:00:00, 0.0819794
6680, 2016-07-05 08:00:00, 1.10316
6681, 2016-07-05 09:00:00, 0.586085
6682, 2016-07-05 10:00:00, 0.421458
6683, 2016-07-05 11:00:00, 0.0270224
6684, 2016-07-05 12:00:00, 0.000608928
6685, 2016-07-05 13:00:00, 0.000129515
6686, 2016-07-05 14:00:00, 1.8418e-08
6687, 2016-07-05 15:00:00, 8.18634e-09
6688, 2016-07-05 16:00:00, 4.24473e-09
6689, 2016-07-05 17:00:00, 4.23362e-09
6690, 2016-07-05 18:00:00, 4.22254e-09
6691, 2016-07-05 19:00:00, 4.21149e-09
6692, 2016-07-05 20:00:00, 4.20047e-09
6693, 2016-07-05 21:00:00, 4.18947e-09
6694, 2016-07-05 22:00:00, 4.17851e-09
6695, 2016-07-05 23:00:00, 4.16757e-09
6696, 2016-07-06 00:00:00, 2.67727e-08
6697, 2016-07-06 01:00:00, 2.2411e-08
6698, 2016-07-06 02:00:00, 1.59886e-08
6699, 2016-07-06 03:00:00, 7.02783e-09
6700, 2016-07-06 04:00:00, 4.11331e-09
6701, 2016-07-06 05:00:00, 4.10255e-09
6702, 2016-07-06 06:00:00, 4.09181e-09
6703, 2016-07-06 07:00:00, 4.0811e-09
6704, 2016-07-06 08:00:00, 4.07042e-09
6705, 2016-07-06 09:00:00, 4.05976e-09
6706, 2016-07-06 10:00:00, 4.04914e-09
6707, 2016-07-06 11:00:00, 4.03854e-09
6708, 2016-07-06 12:00:00, 4.02797e-09
6709, 2016-07-06 13:00:00, 4.01743e-09
6710, 2016-07-06 14:00:00, 4.00691e-09
6711, 2016-07-06 15:00:00, 3.99642e-09
6712, 2016-07-06 16:00:00, 3.98596e-09
6713, 2016-07-06 17:00:00, 3.97553e-09
6714, 2016-07-06 18:00:00, 3.96513e-09
6715, 2016-07-06 19:00:00, 3.95475e-09
6716, 2016-07-06 20:00:00, 3.9444e-09
6717, 2016-07-06 21:00:00, 3.93407e-09
6718, 2016-07-06 22:00:00, 3.92377e-09
6719, 2016-07-06 23:00:00, 3.9135e-09
6720, 2016-07-07 00:00:00, 3.90326e-09
6721, 2016-07-07 01:00:00, 3.89305e-09
6722, 2016-07-07 02:00:00, 3.88286e-09
6723, 2016-07-07 03:00:00, 3.87269e-09
6724, 2016-07-07 04:00:00, 3.86256e-09
6725, 2016-07-07 05:00:00, 3.85245e-09
6726, 2016-07-07 06:00:00, 3.84236e-09
6727, 2016-07-07 07:00:00, 6.38164e-09
6728, 2016-07-07 08:00:00, 8.69798e-09
6729, 2016-07-07 09:00:00, 8.82147e-09
6730, 2016-07-07 10:00:00, 7.46255e-09
6731, 2016-07-07 11:00:00, 1.84214e-08
6732, 2016-07-07 12:00:00, 2.57134e-08
6733, 2016-07-07 13:00:00, 1.56127e-08
6734, 2016-07-07 14:00:00, 9.39361e-09
6735, 2016-07-07 15:00:00, 3.75279e-09
6736, 2016-07-07 16:00:00, 3.74297e-09
6737, 2016-07-07 17:00:00, 3.73317e-09
6738, 2016-07-07 18:00:00, 3.7234e-09
6739, 2016-07-07 19:00:00, 0.000117443
6740, 2016-07-07 20:00:00, 0.0102018
6741, 2016-07-07 21:00:00, 0.00588292
6742, 2016-07-07 22:00:00, 0.00424829
6743, 2016-07-07 23:00:00, 0.000446401
6744, 2016-07-08 00:00:00, 1.11728e-07
6745, 2016-07-08 01:00:00, 4.73415e-08
6746, 2016-07-08 02:00:00, 2.9277e-08
6747, 2016-07-08 03:00:00, 3.37477e-08
6748, 2016-07-08 04:00:00, 3.12278e-08
6749, 2016-07-08 05:00:00, 1.93547e-08
6750, 2016-07-08 06:00:00, 8.47158e-09
6751, 2016-07-08 07:00:00, 3.82198e-09
6752, 2016-07-08 08:00:00, 3.58926e-09
6753, 2016-07-08 09:00:00, 3.59178e-09
6754, 2016-07-08 10:00:00, 3.57591e-09
6755, 2016-07-08 11:00:00, 3.56548e-09
6756, 2016-07-08 12:00:00, 3.55183e-09
6757, 2016-07-08 13:00:00, 3.54253e-09
6758, 2016-07-08 14:00:00, 3.53326e-09
6759, 2016-07-08 15:00:00, 3.52401e-09
6760, 2016-07-08 16:00:00, 3.51479e-09
6761, 2016-07-08 17:00:00, 3.50559e-09
6762, 2016-07-08 18:00:00, 3.49641e-09
6763, 2016-07-08 19:00:00, 3.48726e-09
6764, 2016-07-08 20:00:00, 3.47813e-09
6765, 2016-07-08 21:00:00, 3.46903e-09
6766, 2016-07-08 22:00:00, 3.45995e-09
6767, 2016-07-08 23:00:00, 3.45089e-09
6768, 2016-07-09 00:00:00, 3.44186e-09
6769, 2016-07-09 01:00:00, 3.43285e-09
6770, 2016-07-09 02:00:00, 3.42387e-09
6771, 2016-07-09 03:00:00, 3.41491e-09
6772, 2016-07-09 04:00:00, 3.40597e-09
6773, 2016-07-09 05:00:00, 3.39705e-09
6774, 2016-07-09 06:00:00, 3.38816e-09
6775, 2016-07-09 07:00:00, 3.37929e-09
6776, 2016-07-09 08:00:00, 3.37045e-09
6777, 2016-07-09 09:00:00, 3.36163e-09
6778, 2016-07-09 10:00:00, 3.35283e-09
6779, 2016-07-09 11:00:00, 3.34405e-09
6780, 2016-07-09 12:00:00, 3.3353e-09
6781, 2016-07-09 13:00:00, 3.32657e-09
6782, 2016-07-09 14:00:00, 3.31786e-09
6783, 2016-07-09 15:00:00, 3.30918e-09
6784, 2016-07-09 16:00:00, 3.30052e-09
6785, 2016-07-09 17:00:00, 3.29188e-09
6786, 2016-07-09 18:00:00, 3.28326e-09
6787, 2016-07-09 19:00:00, 3.27467e-09
6788, 2016-07-09 20:00:00, 3.2661e-09
6789, 2016-07-09 21:00:00, 3.25755e-09
6790, 2016-07-09 22:00:00, 3.24902e-09
6791, 2016-07-09 23:00:00, 3.24052e-09
6792, 2016-07-10 00:00:00, 3.23204e-09
6793, 2016-07-10 01:00:00, 3.22358e-09
6794, 2016-07-10 02:00:00, 3.21514e-09
6795, 2016-07-10 03:00:00, 3.20672e-09
6796, 2016-07-10 04:00:00, 3.19833e-09
6797, 2016-07-10 05:00:00, 3.18996e-09
6798, 2016-07-10 06:00:00, 3.18161e-09
6799, 2016-07-10 07:00:00, 3.17328e-09
6800, 2016-07-10 08:00:00, 3.16498e-09
6801, 2016-07-10 09:00:00, 3.15669e-09
6802, 2016-07-10 10:00:00, 3.14843e-09
6803, 2016-07-10 11:00:00, 3.14019e-09
6804, 2016-07-10 12:00:00, 3.13197e-09
6805, 2016-07-10 13:00:00, 3.12377e-09
6806, 2016-07-10 14:00:00, 3.1156e-09
6807, 2016-07-10 15:00:00, 3.10744e-09
6808, 2016-07-10 16:00:00, 3.09931e-09
6809, 2016-07-10 17:00:00, 3.0912e-09
6810, 2016-07-10 18:00:00, 3.08311e-09
6811, 2016-07-10 19:00:00, 3.07504e-09
6812, 2016-07-10 20:00:00, 3.06699e-09
6813, 2016-07-10 21:00:00, 3.05896e-09
6814, 2016-07-10 22:00:00, 3.10215e-06
6815, 2016-07-10 23:00:00, 0.741303
6816, 2016-07-11 00:00:00, 0.378974
6817, 2016-07-11 01:00:00, 0.288751
6818, 2016-07-11 02:00:00, 0.015319
6819, 2016-07-11 03:00:00, 3.20379e-05
6820, 2016-07-11 04:00:00, 3.00335e-09
6821, 2016-07-11 05:00:00, 2.99549e-09
6822, 2016-07-11 06:00:00, 2.98765e-09
6823, 2016-07-11 07:00:00, 2.97983e-09
6824, 2016-07-11 08:00:00, 2.97203e-09
6825, 2016-07-11 09:00:00, 2.96425e-09
6826, 2016-07-11 10:00:00, 2.95649e-09
6827, 2016-07-11 11:00:00, 2.94876e-09
6828, 2016-07-11 12:00:00, 2.94104e-09
6829, 2016-07-11 13:00:00, 2.93334e-09
6830, 2016-07-11 14:00:00, 2.92566e-09
6831, 2016-07-11 15:00:00, 2.918e-09
6832, 2016-07-11 16:00:00, 2.91037e-09
6833, 2016-07-11 17:00:00, 2.90275e-09
6834, 2016-07-11 18:00:00, 2.89515e-09
6835, 2016-07-11 19:00:00, 2.88757e-09
6836, 2016-07-11 20:00:00, 2.88002e-09
6837, 2016-07-11 21:00:00, 2.87248e-09
6838, 2016-07-11 22:00:00, 2.86496e-09
6839, 2016-07-11 23:00:00, 2.85746e-09
6840, 2016-07-12 00:00:00, 9.62758e-09
6841, 2016-07-12 01:00:00, 5.92325e-09
6842, 2016-07-12 02:00:00, 5.29966e-09
6843, 2016-07-12 03:00:00, 2.82766e-09
6844, 2016-07-12 04:00:00, 2.82026e-09
6845, 2016-07-12 05:00:00, 2.81288e-09
6846, 2016-07-12 06:00:00, 2.80552e-09
6847, 2016-07-12 07:00:00, 2.79817e-09
6848, 2016-07-12 08:00:00, 2.79085e-09
6849, 2016-07-12 09:00:00, 2.78354e-09
6850, 2016-07-12 10:00:00, 2.77626e-09
6851, 2016-07-12 11:00:00, 2.76899e-09
6852, 2016-07-12 12:00:00, 1.52172e-08
6853, 2016-07-12 13:00:00, 8.4161e-09
6854, 2016-07-12 14:00:00, 7.27658e-09
6855, 2016-07-12 15:00:00, 2.74012e-09
6856, 2016-07-12 16:00:00, 2.73294e-09
6857, 2016-07-12 17:00:00, 2.72579e-09
6858, 2016-07-12 18:00:00, 2.71866e-09
6859, 2016-07-12 19:00:00, 2.71154e-09
6860, 2016-07-12 20:00:00, 2.70444e-09
6861, 2016-07-12 21:00:00, 2.69736e-09
6862, 2016-07-12 22:00:00, 2.6903e-09
6863, 2016-07-12 23:00:00, 2.68326e-09
6864, 2016-07-13 00:00:00, 2.67624e-09
6865, 2016-07-13 01:00:00, 2.66923e-09
6866, 2016-07-13 02:00:00, 2.66225e-09
6867, 2016-07-13 03:00:00, 2.65528e-09
6868, 2016-07-13 04:00:00, 2.64833e-09
6869, 2016-07-13 05:00:00, 2.6414e-09
6870, 2016-07-13 06:00:00, 2.63448e-09
6871, 2016-07-13 07:00:00, 2.62759e-09
6872, 2016-07-13 08:00:00, 2.62071e-09
6873, 2016-07-13 09:00:00, 2.61385e-09
6874, 2016-07-13 10:00:00, 2.60701e-09
6875, 2016-07-13 11:00:00, 5.82255e-09
6876, 2016-07-13 12:00:00, 4.05809e-09
6877, 2016-07-13 13:00:00, 3.75836e-09
6878, 2016-07-13 14:00:00, 2.57982e-09
6879, 2016-07-13 15:00:00, 2.57307e-09
6880, 2016-07-13 16:00:00, 2.56634e-09
6881, 2016-07-13 17:00:00, 2.55962e-09
6882, 2016-07-13 18:00:00, 2.55292e-09
6883, 2016-07-13 19:00:00, 2.54624e-09
6884, 2016-07-13 20:00:00, 2.53957e-09
6885, 2016-07-13 21:00:00, 2.53293e-09
6886, 2016-07-13 22:00:00, 2.5263e-09
6887, 2016-07-13 23:00:00, 2.51968e-09
6888, 2016-07-14 00:00:00, 2.51309e-09
6889, 2016-07-14 01:00:00, 2.50651e-09
6890, 2016-07-14 02:00:00, 2.49995e-09
6891, 2016-07-14 03:00:00, 2.49341e-09
6892, 2016-07-14 04:00:00, 2.48688e-09
6893, 2016-07-14 05:00:00, 2.48037e-09
6894, 2016-07-14 06:00:00, 2.47388e-09
6895, 2016-07-14 07:00:00, 2.4674e-09
6896, 2016-07-14 08:00:00, 2.46095e-09
6897, 2016-07-14 09:00:00, 2.4545e-09
6898, 2016-07-14 10:00:00, 2.44808e-09
6899, 2016-07-14 11:00:00, 0.0364889
6900, 2016-07-14 12:00:00, 0.016586
6901, 2016-07-14 13:00:00, 0.0132688
6902, 2016-07-14 14:00:00, 5.24433e-08
6903, 2016-07-14 15:00:00, 8.83473e-09
6904, 2016-07-14 16:00:00, 2.40989e-09
6905, 2016-07-14 17:00:00, 2.40358e-09
6906, 2016-07-14 18:00:00, 2.39729e-09
6907, 2016-07-14 19:00:00, 2.39101e-09
6908, 2016-07-14 20:00:00, 2.38475e-09
6909, 2016-07-14 21:00:00, 2.37851e-09
6910, 2016-07-14 22:00:00, 2.37229e-09
6911, 2016-07-14 23:00:00, 2.36608e-09
6912, 2016-07-15 00:00:00, 8.99055e-09
6913, 2016-07-15 01:00:00, 5.36765e-09
6914, 2016-07-15 02:00:00, 4.7587e-09
6915, 2016-07-15 03:00:00, 2.3414e-09
6916, 2016-07-15 04:00:00, 2.33527e-09
6917, 2016-07-15 05:00:00, 2.32916e-09
6918, 2016-07-15 06:00:00, 1.93804e-07
6919, 2016-07-15 07:00:00, 1.5441e-07
6920, 2016-07-15 08:00:00, 1.03372e-07
6921, 2016-07-15 09:00:00, 3.8734e-08
6922, 2016-07-15 10:00:00, 3.37721e-08
6923, 2016-07-15 11:00:00, 1.53627e-07
6924, 2016-07-15 12:00:00, 1.37839e-07
6925, 2016-07-15 13:00:00, 8.09719e-08
6926, 2016-07-15 14:00:00, 2.58205e-08
6927, 2016-07-15 15:00:00, 2.26891e-09
6928, 2016-07-15 16:00:00, 2.26297e-09
6929, 2016-07-15 17:00:00, 2.25705e-09
6930, 2016-07-15 18:00:00, 2.25114e-09
6931, 2016-07-15 19:00:00, 2.24525e-09
6932, 2016-07-15 20:00:00, 2.23937e-09
6933, 2016-07-15 21:00:00, 2.23351e-09
6934, 2016-07-15 22:00:00, 2.22767e-09
6935, 2016-07-15 23:00:00, 2.22183e-09
6936, 2016-07-16 00:00:00, 2.21602e-09
6937, 2016-07-16 01:00:00, 2.21022e-09
6938, 2016-07-16 02:00:00, 2.20443e-09
6939, 2016-07-16 03:00:00, 2.19866e-09
6940, 2016-07-16 04:00:00, 2.19291e-09
6941, 2016-07-16 05:00:00, 2.18717e-09
6942, 2016-07-16 06:00:00, 2.18144e-09
6943, 2016-07-16 07:00:00, 2.17574e-09
6944, 2016-07-16 08:00:00, 2.17004e-09
6945, 2016-07-16 09:00:00, 2.16436e-09
6946, 2016-07-16 10:00:00, 2.1587e-09
6947, 2016-07-16 11:00:00, 2.15305e-09
6948, 2016-07-16 12:00:00, 2.14741e-09
6949, 2016-07-16 13:00:00, 2.14179e-09
6950, 2016-07-16 14:00:00, 2.13618e-09
6951, 2016-07-16 15:00:00, 2.13059e-09
6952, 2016-07-16 16:00:00, 2.12502e-09
6953, 2016-07-16 17:00:00, 2.11945e-09
6954, 2016-07-16 18:00:00, 2.11391e-09
6955, 2016-07-16 19:00:00, 2.10837e-09
6956, 2016-07-16 20:00:00, 2.10285e-09
6957, 2016-07-16 21:00:00, 2.09735e-09
6958, 2016-07-16 22:00:00, 2.09186e-09
6959, 2016-07-16 23:00:00, 2.08639e-09
6960, 2016-07-17 00:00:00, 2.08092e-09
6961, 2016-07-17 01:00:00, 2.07548e-09
6962, 2016-07-17 02:00:00, 2.07005e-09
6963, 2016-07-17 03:00:00, 2.06463e-09
6964, 2016-07-17 04:00:00, 2.05922e-09
6965, 2016-07-17 05:00:00, 2.05383e-09
6966, 2016-07-17 06:00:00, 2.04846e-09
6967, 2016-07-17 07:00:00, 2.0431e-09
6968, 2016-07-17 08:00:00, 2.03775e-09
6969, 2016-07-17 09:00:00, 9.69049e-09
6970, 2016-07-17 10:00:00, 3.83818e-08
6971, 2016-07-17 11:00:00, 5.31622e-08
6972, 2016-07-17 12:00:00, 2.91702e-08
6973, 2016-07-17 13:00:00, 1.41668e-08
6974, 2016-07-17 14:00:00, 2.01026e-09
6975, 2016-07-17 15:00:00, 2.00071e-09
6976, 2016-07-17 16:00:00, 1.99547e-09
6977, 2016-07-17 17:00:00, 1.99025e-09
6978, 2016-07-17 18:00:00, 1.98504e-09
6979, 2016-07-17 19:00:00, 1.97984e-09
6980, 2016-07-17 20:00:00, 1.97466e-09
6981, 2016-07-17 21:00:00, 1.96949e-09
6982, 2016-07-17 22:00:00, 1.96434e-09
6983, 2016-07-17 23:00:00, 1.95919e-09
6984, 2016-07-18 00:00:00, 1.95407e-09
6985, 2016-07-18 01:00:00, 1.94895e-09
6986, 2016-07-18 02:00:00, 1.94385e-09
6987, 2016-07-18 03:00:00, 1.93876e-09
6988, 2016-07-18 04:00:00, 1.93369e-09
6989, 2016-07-18 05:00:00, 1.92863e-09
6990, 2016-07-18 06:00:00, 1.92358e-09
6991, 2016-07-18 07:00:00, 1.91854e-09
6992, 2016-07-18 08:00:00, 1.91352e-09
6993, 2016-07-18 09:00:00, 1.90851e-09
6994, 2016-07-18 10:00:00, 1.90352e-09
6995, 2016-07-18 11:00:00, 8.93532e-08
6996, 2016-07-18 12:00:00, 4.16457e-08
6997, 2016-07-18 13:00:00, 3.36903e-08
6998, 2016-07-18 14:00:00, 1.88367e-09
6999, 2016-07-18 15:00:00, 1.87874e-09
7000, 2016-07-18 16:00:00, 1.87382e-09
7001, 2016-07-18 17:00:00, 1.86892e-09
7002, 2016-07-18 18:00:00, 1.86402e-09
7003, 2016-07-18 19:00:00, 1.85914e-09
7004, 2016-07-18 20:00:00, 1.85428e-09
7005, 2016-07-18 21:00:00, 0.00914499
7006, 2016-07-18 22:00:00, 0.00415681
7007, 2016-07-18 23:00:00, 0.00332545
7008, 2016-07-19 00:00:00, 1.83494e-09
7009, 2016-07-19 01:00:00, 1.83014e-09
7010, 2016-07-19 02:00:00, 1.82535e-09
7011, 2016-07-19 03:00:00, 1.82057e-09
7012, 2016-07-19 04:00:00, 1.81581e-09
7013, 2016-07-19 05:00:00, 1.81105e-09
7014, 2016-07-19 06:00:00, 1.80631e-09
7015, 2016-07-19 07:00:00, 1.80158e-09
7016, 2016-07-19 08:00:00, 1.79687e-09
7017, 2016-07-19 09:00:00, 1.79217e-09
7018, 2016-07-19 10:00:00, 1.78748e-09
7019, 2016-07-19 11:00:00, 1.7828e-09
7020, 2016-07-19 12:00:00, 1.77813e-09
7021, 2016-07-19 13:00:00, 1.77348e-09
7022, 2016-07-19 14:00:00, 1.76883e-09
7023, 2016-07-19 15:00:00, 1.7642e-09
7024, 2016-07-19 16:00:00, 1.75959e-09
7025, 2016-07-19 17:00:00, 1.75498e-09
7026, 2016-07-19 18:00:00, 1.75039e-09
7027, 2016-07-19 19:00:00, 1.74581e-09
7028, 2016-07-19 20:00:00, 1.74124e-09
7029, 2016-07-19 21:00:00, 1.73668e-09
7030, 2016-07-19 22:00:00, 1.73213e-09
7031, 2016-07-19 23:00:00, 1.7276e-09
7032, 2016-07-20 00:00:00, 1.72308e-09
7033, 2016-07-20 01:00:00, 1.71857e-09
7034, 2016-07-20 02:00:00, 1.71407e-09
7035, 2016-07-20 03:00:00, 1.70958e-09
7036, 2016-07-20 04:00:00, 1.70511e-09
7037, 2016-07-20 05:00:00, 1.70065e-09
7038, 2016-07-20 06:00:00, 1.69619e-09
7039, 2016-07-20 07:00:00, 1.69176e-09
7040, 2016-07-20 08:00:00, 1.68733e-09
7041, 2016-07-20 09:00:00, 1.68291e-09
7042, 2016-07-20 10:00:00, 1.67851e-09
7043, 2016-07-20 11:00:00, 1.67411e-09
7044, 2016-07-20 12:00:00, 1.66973e-09
7045, 2016-07-20 13:00:00, 1.66536e-09
7046, 2016-07-20 14:00:00, 1.661e-09
7047, 2016-07-20 15:00:00, 1.65665e-09
7048, 2016-07-20 16:00:00, 1.65232e-09
7049, 2016-07-20 17:00:00, 1.64799e-09
7050, 2016-07-20 18:00:00, 1.64368e-09
7051, 2016-07-20 19:00:00, 1.63938e-09
7052, 2016-07-20 20:00:00, 1.63509e-09
7053, 2016-07-20 21:00:00, 1.63081e-09
7054, 2016-07-20 22:00:00, 1.62654e-09
7055, 2016-07-20 23:00:00, 1.62228e-09
7056, 2016-07-21 00:00:00, 1.61803e-09
7057, 2016-07-21 01:00:00, 1.6138e-09
7058, 2016-07-21 02:00:00, 1.60958e-09
7059, 2016-07-21 03:00:00, 1.60536e-09
7060, 2016-07-21 04:00:00, 1.60116e-09
7061, 2016-07-21 05:00:00, 1.59697e-09
7062, 2016-07-21 06:00:00, 1.59279e-09
7063, 2016-07-21 07:00:00, 1.58862e-09
7064, 2016-07-21 08:00:00, 1.58446e-09
7065, 2016-07-21 09:00:00, 1.58032e-09
7066, 2016-07-21 10:00:00, 1.57618e-09
7067, 2016-07-21 11:00:00, 1.57205e-09
7068, 2016-07-21 12:00:00, 1.56794e-09
7069, 2016-07-21 13:00:00, 1.56384e-09
7070, 2016-07-21 14:00:00, 1.55974e-09
7071, 2016-07-21 15:00:00, 1.55566e-09
7072, 2016-07-21 16:00:00, 1.55159e-09
7073, 2016-07-21 17:00:00, 1.54753e-09
7074, 2016-07-21 18:00:00, 1.54348e-09
7075, 2016-07-21 19:00:00, 1.53944e-09
7076, 2016-07-21 20:00:00, 1.53541e-09
7077, 2016-07-21 21:00:00, 1.53139e-09
7078, 2016-07-21 22:00:00, 1.52738e-09
7079, 2016-07-21 23:00:00, 1.52338e-09
7080, 2016-07-22 00:00:00, 1.5194e-09
7081, 2016-07-22 01:00:00, 1.51542e-09
7082, 2016-07-22 02:00:00, 1.51145e-09
7083, 2016-07-22 03:00:00, 1.5075e-09
7084, 2016-07-22 04:00:00, 1.50355e-09
7085, 2016-07-22 05:00:00, 1.49961e-09
7086, 2016-07-22 06:00:00, 1.49569e-09
7087, 2016-07-22 07:00:00, 1.49177e-09
7088, 2016-07-22 08:00:00, 1.48787e-09
7089, 2016-07-22 09:00:00, 1.48398e-09
7090, 2016-07-22 10:00:00, 1.48009e-09
7091, 2016-07-22 11:00:00, 1.47622e-09
7092, 2016-07-22 12:00:00, 1.47235e-09
7093, 2016-07-22 13:00:00, 1.4685e-09
7094, 2016-07-22 14:00:00, 1.46466e-09
7095, 2016-07-22 15:00:00, 1.46082e-09
7096, 2016-07-22 16:00:00, 1.457e-09
7097, 2016-07-22 17:00:00, 1.45319e-09
7098, 2016-07-22 18:00:00, 1.44938e-09
7099, 2016-07-22 19:00:00, 1.44559e-09
7100, 2016-07-22 20:00:00, 1.4418e-09
7101, 2016-07-22 21:00:00, 1.43803e-09
7102, 2016-07-22 22:00:00, 1.43427e-09
7103, 2016-07-22 23:00:00, 1.43051e-09
7104, 2016-07-23 00:00:00, 1.42677e-09
7105, 2016-07-23 01:00:00, 1.42303e-09
7106, 2016-07-23 02:00:00, 0.728103
7107, 2016-07-23 03:00:00, 0.765804
7108, 2016-07-23 04:00:00, 0.462473
7109, 2016-07-23 05:00:00, 0.15825
7110, 2016-07-23 06:00:00, 6.40938e-05
7111, 2016-07-23 07:00:00, 3.67221e-05
7112, 2016-07-23 08:00:00, 1.39717e-09
7113, 2016-07-23 09:00:00, 1.39351e-09
7114, 2016-07-23 10:00:00, 1.38986e-09
7115, 2016-07-23 11:00:00, 1.38622e-09
7116, 2016-07-23 12:00:00, 1.3826e-09
7117, 2016-07-23 13:00:00, 1.37898e-09
7118, 2016-07-23 14:00:00, 1.37537e-09
7119, 2016-07-23 15:00:00, 1.37177e-09
7120, 2016-07-23 16:00:00, 1.36818e-09
7121, 2016-07-23 17:00:00, 1.3646e-09
7122, 2016-07-23 18:00:00, 1.36102e-09
7123, 2016-07-23 19:00:00, 1.35746e-09
7124, 2016-07-23 20:00:00, 1.35391e-09
7125, 2016-07-23 21:00:00, 1.35036e-09
7126, 2016-07-23 22:00:00, 1.34683e-09
7127, 2016-07-23 23:00:00, 1.34331e-09
7128, 2016-07-24 00:00:00, 1.33979e-09
7129, 2016-07-24 01:00:00, 1.33628e-09
7130, 2016-07-24 02:00:00, 1.33278e-09
7131, 2016-07-24 03:00:00, 1.3293e-09
7132, 2016-07-24 04:00:00, 1.32582e-09
7133, 2016-07-24 05:00:00, 1.32235e-09
7134, 2016-07-24 06:00:00, 1.31889e-09
7135, 2016-07-24 07:00:00, 1.31543e-09
7136, 2016-07-24 08:00:00, 1.31199e-09
7137, 2016-07-24 09:00:00, 1.30856e-09
7138, 2016-07-24 10:00:00, 1.30513e-09
7139, 2016-07-24 11:00:00, 1.30172e-09
7140, 2016-07-24 12:00:00, 1.29831e-09
7141, 2016-07-24 13:00:00, 1.29491e-09
7142, 2016-07-24 14:00:00, 1.29152e-09
7143, 2016-07-24 15:00:00, 1.28814e-09
7144, 2016-07-24 16:00:00, 1.28477e-09
7145, 2016-07-24 17:00:00, 1.28141e-09
7146, 2016-07-24 18:00:00, 1.27805e-09
7147, 2016-07-24 19:00:00, 1.27471e-09
7148, 2016-07-24 20:00:00, 1.27137e-09
7149, 2016-07-24 21:00:00, 1.26804e-09
7150, 2016-07-24 22:00:00, 1.26472e-09
7151, 2016-07-24 23:00:00, 1.26141e-09
7152, 2016-07-25 00:00:00, 1.25811e-09
7153, 2016-07-25 01:00:00, 1.25482e-09
7154, 2016-07-25 02:00:00, 1.25153e-09
7155, 2016-07-25 03:00:00, 1.24826e-09
7156, 2016-07-25 04:00:00, 1.24499e-09
7157, 2016-07-25 05:00:00, 1.24173e-09
7158, 2016-07-25 06:00:00, 1.23848e-09
7159, 2016-07-25 07:00:00, 1.23524e-09
7160, 2016-07-25 08:00:00, 1.23201e-09
7161, 2016-07-25 09:00:00, 1.22878e-09
7162, 2016-07-25 10:00:00, 1.22557e-09
7163, 2016-07-25 11:00:00, 1.22236e-09
7164, 2016-07-25 12:00:00, 1.21916e-09
7165, 2016-07-25 13:00:00, 1.21597e-09
7166, 2016-07-25 14:00:00, 1.21279e-09
7167, 2016-07-25 15:00:00, 1.20961e-09
7168, 2016-07-25 16:00:00, 1.20645e-09
7169, 2016-07-25 17:00:00, 1.20329e-09
7170, 2016-07-25 18:00:00, 1.20014e-09
7171, 2016-07-25 19:00:00, 1.197e-09
7172, 2016-07-25 20:00:00, 1.19386e-09
7173, 2016-07-25 21:00:00, 1.19074e-09
7174, 2016-07-25 22:00:00, 1.18762e-09
7175, 2016-07-25 23:00:00, 1.18451e-09
7176, 2016-07-26 00:00:00, 1.18141e-09
7177, 2016-07-26 01:00:00, 1.17832e-09
7178, 2016-07-26 02:00:00, 1.17524e-09
7179, 2016-07-26 03:00:00, 1.17216e-09
7180, 2016-07-26 04:00:00, 1.16909e-09
7181, 2016-07-26 05:00:00, 1.16603e-09
7182, 2016-07-26 06:00:00, 1.16298e-09
7183, 2016-07-26 07:00:00, 1.15994e-09
7184, 2016-07-26 08:00:00, 1.1569e-09
7185, 2016-07-26 09:00:00, 1.15387e-09
7186, 2016-07-26 10:00:00, 1.15085e-09
7187, 2016-07-26 11:00:00, 1.14784e-09
7188, 2016-07-26 12:00:00, 1.14484e-09
7189, 2016-07-26 13:00:00, 1.14184e-09
7190, 2016-07-26 14:00:00, 1.13885e-09
7191, 2016-07-26 15:00:00, 1.13587e-09
7192, 2016-07-26 16:00:00, 1.1329e-09
7193, 2016-07-26 17:00:00, 1.12993e-09
7194, 2016-07-26 18:00:00, 1.12698e-09
7195, 2016-07-26 19:00:00, 1.12403e-09
7196, 2016-07-26 20:00:00, 1.12108e-09
7197, 2016-07-26 21:00:00, 1.11815e-09
7198, 2016-07-26 22:00:00, 1.11522e-09
7199, 2016-07-26 23:00:00, 1.1123e-09
7200, 2016-07-27 00:00:00, 1.10939e-09
7201, 2016-07-27 01:00:00, 1.10649e-09
7202, 2016-07-27 02:00:00, 1.10359e-09
7203, 2016-07-27 03:00:00, 1.1007e-09
7204, 2016-07-27 04:00:00, 1.09782e-09
7205, 2016-07-27 05:00:00, 1.09495e-09
7206, 2016-07-27 06:00:00, 1.09208e-09
7207, 2016-07-27 07:00:00, 1.08923e-09
7208, 2016-07-27 08:00:00, 1.08637e-09
7209, 2016-07-27 09:00:00, 1.08353e-09
7210, 2016-07-27 10:00:00, 1.08069e-09
7211, 2016-07-27 11:00:00, 1.07787e-09
7212, 2016-07-27 12:00:00, 1.07504e-09
7213, 2016-07-27 13:00:00, 1.07223e-09
7214, 2016-07-27 14:00:00, 1.06942e-09
7215, 2016-07-27 15:00:00, 1.06663e-09
7216, 2016-07-27 16:00:00, 1.06383e-09
7217, 2016-07-27 17:00:00, 1.06105e-09
7218, 2016-07-27 18:00:00, 1.05827e-09
7219, 2016-07-27 19:00:00, 1.0555e-09
7220, 2016-07-27 20:00:00, 1.05274e-09
7221, 2016-07-27 21:00:00, 1.04998e-09
7222, 2016-07-27 22:00:00, 1.04724e-09
7223, 2016-07-27 23:00:00, 1.04449e-09
7224, 2016-07-28 00:00:00, 1.04176e-09
7225, 2016-07-28 01:00:00, 1.03903e-09
7226, 2016-07-28 02:00:00, 1.03631e-09
7227, 2016-07-28 03:00:00, 1.0336e-09
7228, 2016-07-28 04:00:00, 1.0309e-09
7229, 2016-07-28 05:00:00, 1.0282e-09
7230, 2016-07-28 06:00:00, 1.02551e-09
7231, 2016-07-28 07:00:00, 1.02282e-09
7232, 2016-07-28 08:00:00, 1.02015e-09
7233, 2016-07-28 09:00:00, 1.01748e-09
7234, 2016-07-28 10:00:00, 1.01481e-09
7235, 2016-07-28 11:00:00, 1.01216e-09
7236, 2016-07-28 12:00:00, 1.00951e-09
7237, 2016-07-28 13:00:00, 1.00687e-09
7238, 2016-07-28 14:00:00, 1.00423e-09
7239, 2016-07-28 15:00:00, 1.0016e-09
7240, 2016-07-28 16:00:00, 9.9898e-10
7241, 2016-07-28 17:00:00, 9.96365e-10
7242, 2016-07-28 18:00:00, 9.93757e-10
7243, 2016-07-28 19:00:00, 9.91156e-10
7244, 2016-07-28 20:00:00, 9.88562e-10
7245, 2016-07-28 21:00:00, 9.85974e-10
7246, 2016-07-28 22:00:00, 9.83394e-10
7247, 2016-07-28 23:00:00, 9.8082e-10
7248, 2016-07-29 00:00:00, 9.78252e-10
7249, 2016-07-29 01:00:00, 9.75692e-10
7250, 2016-07-29 02:00:00, 9.73138e-10
7251, 2016-07-29 03:00:00, 9.70591e-10
7252, 2016-07-29 04:00:00, 9.68051e-10
7253, 2016-07-29 05:00:00, 1.47019e-09
7254, 2016-07-29 06:00:00, 1.19238e-09
7255, 2016-07-29 07:00:00, 8.41287e-05
7256, 2016-07-29 08:00:00, 0.000236403
7257, 2016-07-29 09:00:00, 0.00324481
7258, 2016-07-29 10:00:00, 0.00299959
7259, 2016-07-29 11:00:00, 0.002895
7260, 2016-07-29 12:00:00, 0.00250192
7261, 2016-07-29 13:00:00, 0.00227028
7262, 2016-07-29 14:00:00, 0.00165736
7263, 2016-07-29 15:00:00, 0.000955915
7264, 2016-07-29 16:00:00, 0.000324103
7265, 2016-07-29 17:00:00, 9.25772e-05
7266, 2016-07-29 18:00:00, 9.43355e-08
7267, 2016-07-29 19:00:00, 9.30732e-10
7268, 2016-07-29 20:00:00, 9.28296e-10
7269, 2016-07-29 21:00:00, 9.25867e-10
7270, 2016-07-29 22:00:00, 9.23443e-10
7271, 2016-07-29 23:00:00, 9.21026e-10
7272, 2016-07-30 00:00:00, 9.18616e-10
7273, 2016-07-30 01:00:00, 2.81447e-06
7274, 2016-07-30 02:00:00, 1.2798e-06
7275, 2016-07-30 03:00:00, 1.02402e-06
7276, 2016-07-30 04:00:00, 9.09036e-10
7277, 2016-07-30 05:00:00, 9.06656e-10
7278, 2016-07-30 06:00:00, 9.04283e-10
7279, 2016-07-30 07:00:00, 9.01916e-10
7280, 2016-07-30 08:00:00, 8.99556e-10
7281, 2016-07-30 09:00:00, 8.97201e-10
7282, 2016-07-30 10:00:00, 8.94853e-10
7283, 2016-07-30 11:00:00, 2.53142e-09
7284, 2016-07-30 12:00:00, 1.63513e-09
7285, 2016-07-30 13:00:00, 1.48381e-09
7286, 2016-07-30 14:00:00, 8.85521e-10
7287, 2016-07-30 15:00:00, 8.83203e-10
7288, 2016-07-30 16:00:00, 8.80891e-10
7289, 2016-07-30 17:00:00, 8.78586e-10
7290, 2016-07-30 18:00:00, 8.76286e-10
7291, 2016-07-30 19:00:00, 8.73993e-10
7292, 2016-07-30 20:00:00, 8.71705e-10
7293, 2016-07-30 21:00:00, 8.69423e-10
7294, 2016-07-30 22:00:00, 8.67148e-10
7295, 2016-07-30 23:00:00, 8.64878e-10
7296, 2016-07-31 00:00:00, 8.62614e-10
7297, 2016-07-31 01:00:00, 0.000131423
7298, 2016-07-31 02:00:00, 6.3685e-05
7299, 2016-07-31 03:00:00, 0.00043962
7300, 2016-07-31 04:00:00, 0.000178725
7301, 2016-07-31 05:00:00, 0.000141832
7302, 2016-07-31 06:00:00, 8.49156e-10
7303, 2016-07-31 07:00:00, 8.46933e-10
7304, 2016-07-31 08:00:00, 8.44716e-10
7305, 2016-07-31 09:00:00, 8.42506e-10
7306, 2016-07-31 10:00:00, 8.403e-10
7307, 2016-07-31 11:00:00, 1.55261e-09
7308, 2016-07-31 12:00:00, 2.43119e-08
7309, 2016-07-31 13:00:00, 0.000129246
7310, 2016-07-31 14:00:00, 5.87523e-05
7311, 2016-07-31 15:00:00, 4.69953e-05
7312, 2016-07-31 16:00:00, 8.2719e-10
7313, 2016-07-31 17:00:00, 8.25025e-10
7314, 2016-07-31 18:00:00, 8.22865e-10
7315, 2016-07-31 19:00:00, 8.20712e-10
7316, 2016-07-31 20:00:00, 8.18564e-10
7317, 2016-07-31 21:00:00, 8.16421e-10
7318, 2016-07-31 22:00:00, 8.14284e-10
7319, 2016-07-31 23:00:00, 8.12153e-10
7320, 2016-08-01 00:00:00, 8.10027e-10
7321, 2016-08-01 01:00:00, 8.07907e-10
7322, 2016-08-01 02:00:00, 8.05792e-10
7323, 2016-08-01 03:00:00, 8.03683e-10
7324, 2016-08-01 04:00:00, 0.0104501
7325, 2016-08-01 05:00:00, 0.233025
7326, 2016-08-01 06:00:00, 0.181445
7327, 2016-08-01 07:00:00, 0.116593
7328, 2016-08-01 08:00:00, 0.0268669
7329, 2016-08-01 09:00:00, 7.91144e-10
7330, 2016-08-01 10:00:00, 7.89073e-10
7331, 2016-08-01 11:00:00, 7.87008e-10
7332, 2016-08-01 12:00:00, 7.84948e-10
7333, 2016-08-01 13:00:00, 7.82894e-10
7334, 2016-08-01 14:00:00, 7.80844e-10
7335, 2016-08-01 15:00:00, 7.78801e-10
7336, 2016-08-01 16:00:00, 7.76762e-10
7337, 2016-08-01 17:00:00, 7.74729e-10
7338, 2016-08-01 18:00:00, 7.72701e-10
7339, 2016-08-01 19:00:00, 7.70679e-10
7340, 2016-08-01 20:00:00, 7.68662e-10
7341, 2016-08-01 21:00:00, 7.6665e-10
7342, 2016-08-01 22:00:00, 7.64643e-10
7343, 2016-08-01 23:00:00, 4.40752e-05
7344, 2016-08-02 00:00:00, 2.00346e-05
7345, 2016-08-02 01:00:00, 1.60278e-05
7346, 2016-08-02 02:00:00, 7.56669e-10
7347, 2016-08-02 03:00:00, 7.54689e-10
7348, 2016-08-02 04:00:00, 7.52713e-10
7349, 2016-08-02 05:00:00, 7.50743e-10
7350, 2016-08-02 06:00:00, 7.48778e-10
7351, 2016-08-02 07:00:00, 7.46818e-10
7352, 2016-08-02 08:00:00, 7.44864e-10
7353, 2016-08-02 09:00:00, 7.42914e-10
7354, 2016-08-02 10:00:00, 6.78645e-05
7355, 2016-08-02 11:00:00, 0.0035976
7356, 2016-08-02 12:00:00, 0.072318
7357, 2016-08-02 13:00:00, 0.15619
7358, 2016-08-02 14:00:00, 0.0829879
7359, 2016-08-02 15:00:00, 0.0453182
7360, 2016-08-02 16:00:00, 0.000539921
7361, 2016-08-02 17:00:00, 7.275e-10
7362, 2016-08-02 18:00:00, 7.25595e-10
7363, 2016-08-02 19:00:00, 7.23696e-10
7364, 2016-08-02 20:00:00, 7.21802e-10
7365, 2016-08-02 21:00:00, 7.19913e-10
7366, 2016-08-02 22:00:00, 7.18029e-10
7367, 2016-08-02 23:00:00, 7.16149e-10
7368, 2016-08-03 00:00:00, 7.14275e-10
7369, 2016-08-03 01:00:00, 7.12405e-10
7370, 2016-08-03 02:00:00, 7.10541e-10
7371, 2016-08-03 03:00:00, 7.08681e-10
7372, 2016-08-03 04:00:00, 7.06826e-10
7373, 2016-08-03 05:00:00, 7.04976e-10
7374, 2016-08-03 06:00:00, 7.03131e-10
7375, 2016-08-03 07:00:00, 7.0129e-10
7376, 2016-08-03 08:00:00, 6.99455e-10
7377, 2016-08-03 09:00:00, 6.97624e-10
7378, 2016-08-03 10:00:00, 6.95798e-10
7379, 2016-08-03 11:00:00, 6.93977e-10
7380, 2016-08-03 12:00:00, 6.9216e-10
7381, 2016-08-03 13:00:00, 6.90349e-10
7382, 2016-08-03 14:00:00, 6.88542e-10
7383, 2016-08-03 15:00:00, 6.8674e-10
7384, 2016-08-03 16:00:00, 6.84942e-10
7385, 2016-08-03 17:00:00, 6.83149e-10
7386, 2016-08-03 18:00:00, 6.81361e-10
7387, 2016-08-03 19:00:00, 6.79578e-10
7388, 2016-08-03 20:00:00, 6.77799e-10
7389, 2016-08-03 21:00:00, 6.76025e-10
7390, 2016-08-03 22:00:00, 6.74256e-10
7391, 2016-08-03 23:00:00, 6.72491e-10
7392, 2016-08-04 00:00:00, 6.70731e-10
7393, 2016-08-04 01:00:00, 6.68975e-10
7394, 2016-08-04 02:00:00, 6.67224e-10
7395, 2016-08-04 03:00:00, 6.65478e-10
7396, 2016-08-04 04:00:00, 6.63736e-10
7397, 2016-08-04 05:00:00, 6.61999e-10
7398, 2016-08-04 06:00:00, 6.60266e-10
7399, 2016-08-04 07:00:00, 6.58538e-10
7400, 2016-08-04 08:00:00, 6.56814e-10
7401, 2016-08-04 09:00:00, 6.55095e-10
7402, 2016-08-04 10:00:00, 6.5338e-10
7403, 2016-08-04 11:00:00, 6.5167e-10
7404, 2016-08-04 12:00:00, 6.49964e-10
7405, 2016-08-04 13:00:00, 6.48263e-10
7406, 2016-08-04 14:00:00, 6.46566e-10
7407, 2016-08-04 15:00:00, 6.44874e-10
7408, 2016-08-04 16:00:00, 6.43186e-10
7409, 2016-08-04 17:00:00, 6.41503e-10
7410, 2016-08-04 18:00:00, 6.39824e-10
7411, 2016-08-04 19:00:00, 6.38149e-10
7412, 2016-08-04 20:00:00, 6.36479e-10
7413, 2016-08-04 21:00:00, 6.34813e-10
7414, 2016-08-04 22:00:00, 6.33151e-10
7415, 2016-08-04 23:00:00, 6.31494e-10
7416, 2016-08-05 00:00:00, 6.29841e-10
7417, 2016-08-05 01:00:00, 6.28193e-10
7418, 2016-08-05 02:00:00, 6.26548e-10
7419, 2016-08-05 03:00:00, 6.24908e-10
7420, 2016-08-05 04:00:00, 6.23273e-10
7421, 2016-08-05 05:00:00, 6.21641e-10
7422, 2016-08-05 06:00:00, 6.20014e-10
7423, 2016-08-05 07:00:00, 6.18392e-10
7424, 2016-08-05 08:00:00, 6.16773e-10
7425, 2016-08-05 09:00:00, 6.15159e-10
7426, 2016-08-05 10:00:00, 6.13549e-10
7427, 2016-08-05 11:00:00, 1.70057e-08
7428, 2016-08-05 12:00:00, 1.53779e-08
7429, 2016-08-05 13:00:00, 9.89549e-09
7430, 2016-08-05 14:00:00, 3.26746e-09
7431, 2016-08-05 15:00:00, 6.05561e-10
7432, 2016-08-05 16:00:00, 6.03976e-10
7433, 2016-08-05 17:00:00, 6.02395e-10
7434, 2016-08-05 18:00:00, 6.00818e-10
7435, 2016-08-05 19:00:00, 5.99246e-10
7436, 2016-08-05 20:00:00, 5.97677e-10
7437, 2016-08-05 21:00:00, 5.96113e-10
7438, 2016-08-05 22:00:00, 5.94553e-10
7439, 2016-08-05 23:00:00, 5.92997e-10
7440, 2016-08-06 00:00:00, 5.91444e-10
7441, 2016-08-06 01:00:00, 5.89896e-10
7442, 2016-08-06 02:00:00, 5.88352e-10
7443, 2016-08-06 03:00:00, 5.86812e-10
7444, 2016-08-06 04:00:00, 5.85276e-10
7445, 2016-08-06 05:00:00, 5.83745e-10
7446, 2016-08-06 06:00:00, 5.82217e-10
7447, 2016-08-06 07:00:00, 5.80693e-10
7448, 2016-08-06 08:00:00, 5.79173e-10
7449, 2016-08-06 09:00:00, 5.77657e-10
7450, 2016-08-06 10:00:00, 5.76145e-10
7451, 2016-08-06 11:00:00, 5.74637e-10
7452, 2016-08-06 12:00:00, 5.73133e-10
7453, 2016-08-06 13:00:00, 5.71633e-10
7454, 2016-08-06 14:00:00, 5.70137e-10
7455, 2016-08-06 15:00:00, 5.68644e-10
7456, 2016-08-06 16:00:00, 5.67156e-10
7457, 2016-08-06 17:00:00, 5.65671e-10
7458, 2016-08-06 18:00:00, 5.64191e-10
7459, 2016-08-06 19:00:00, 5.62714e-10
7460, 2016-08-06 20:00:00, 5.61241e-10
7461, 2016-08-06 21:00:00, 5.59772e-10
7462, 2016-08-06 22:00:00, 0.0573562
7463, 2016-08-06 23:00:00, 0.0293057
7464, 2016-08-07 00:00:00, 0.0223271
7465, 2016-08-07 01:00:00, 0.00117627
7466, 2016-08-07 02:00:00, 5.52485e-10
7467, 2016-08-07 03:00:00, 5.51039e-10
7468, 2016-08-07 04:00:00, 5.49596e-10
7469, 2016-08-07 05:00:00, 5.48158e-10
7470, 2016-08-07 06:00:00, 5.46723e-10
7471, 2016-08-07 07:00:00, 5.45292e-10
7472, 2016-08-07 08:00:00, 5.43865e-10
7473, 2016-08-07 09:00:00, 5.42441e-10
7474, 2016-08-07 10:00:00, 5.41022e-10
7475, 2016-08-07 11:00:00, 5.39606e-10
7476, 2016-08-07 12:00:00, 5.38193e-10
7477, 2016-08-07 13:00:00, 5.36785e-10
7478, 2016-08-07 14:00:00, 5.3538e-10
7479, 2016-08-07 15:00:00, 5.33978e-10
7480, 2016-08-07 16:00:00, 5.32581e-10
7481, 2016-08-07 17:00:00, 5.31187e-10
7482, 2016-08-07 18:00:00, 5.29796e-10
7483, 2016-08-07 19:00:00, 5.2841e-10
7484, 2016-08-07 20:00:00, 5.27027e-10
7485, 2016-08-07 21:00:00, 5.25647e-10
7486, 2016-08-07 22:00:00, 5.24271e-10
7487, 2016-08-07 23:00:00, 5.22899e-10
7488, 2016-08-08 00:00:00, 5.2153e-10
7489, 2016-08-08 01:00:00, 5.20165e-10
7490, 2016-08-08 02:00:00, 5.18804e-10
7491, 2016-08-08 03:00:00, 5.17446e-10
7492, 2016-08-08 04:00:00, 5.16092e-10
7493, 2016-08-08 05:00:00, 5.14741e-10
7494, 2016-08-08 06:00:00, 5.13394e-10
7495, 2016-08-08 07:00:00, 5.1205e-10
7496, 2016-08-08 08:00:00, 5.1071e-10
7497, 2016-08-08 09:00:00, 5.09373e-10
7498, 2016-08-08 10:00:00, 5.0804e-10
7499, 2016-08-08 11:00:00, 5.0671e-10
7500, 2016-08-08 12:00:00, 5.05384e-10
7501, 2016-08-08 13:00:00, 5.04061e-10
7502, 2016-08-08 14:00:00, 5.02741e-10
7503, 2016-08-08 15:00:00, 5.01426e-10
7504, 2016-08-08 16:00:00, 5.00113e-10
7505, 2016-08-08 17:00:00, 4.98804e-10
7506, 2016-08-08 18:00:00, 4.97499e-10
7507, 2016-08-08 19:00:00, 4.96196e-10
7508, 2016-08-08 20:00:00, 4.94898e-10
7509, 2016-08-08 21:00:00, 4.93602e-10
7510, 2016-08-08 22:00:00, 4.9231e-10
7511, 2016-08-08 23:00:00, 4.91022e-10
7512, 2016-08-09 00:00:00, 4.89737e-10
7513, 2016-08-09 01:00:00, 4.88455e-10
7514, 2016-08-09 02:00:00, 4.87176e-10
7515, 2016-08-09 03:00:00, 4.85901e-10
7516, 2016-08-09 04:00:00, 4.84629e-10
7517, 2016-08-09 05:00:00, 4.83361e-10
7518, 2016-08-09 06:00:00, 4.82096e-10
7519, 2016-08-09 07:00:00, 4.80834e-10
7520, 2016-08-09 08:00:00, 4.79575e-10
7521, 2016-08-09 09:00:00, 4.7832e-10
7522, 2016-08-09 10:00:00, 4.77068e-10
7523, 2016-08-09 11:00:00, 4.75819e-10
7524, 2016-08-09 12:00:00, 4.74574e-10
7525, 2016-08-09 13:00:00, 4.73332e-10
7526, 2016-08-09 14:00:00, 4.72093e-10
7527, 2016-08-09 15:00:00, 4.70857e-10
7528, 2016-08-09 16:00:00, 4.69625e-10
7529, 2016-08-09 17:00:00, 4.68396e-10
7530, 2016-08-09 18:00:00, 4.6717e-10
7531, 2016-08-09 19:00:00, 4.65947e-10
7532, 2016-08-09 20:00:00, 4.64727e-10
7533, 2016-08-09 21:00:00, 4.63511e-10
7534, 2016-08-09 22:00:00, 4.62298e-10
7535, 2016-08-09 23:00:00, 4.61088e-10
7536, 2016-08-10 00:00:00, 4.59881e-10
7537, 2016-08-10 01:00:00, 4.58677e-10
7538, 2016-08-10 02:00:00, 4.57477e-10
7539, 2016-08-10 03:00:00, 4.56279e-10
7540, 2016-08-10 04:00:00, 4.55085e-10
7541, 2016-08-10 05:00:00, 4.53894e-10
7542, 2016-08-10 06:00:00, 4.52706e-10
7543, 2016-08-10 07:00:00, 4.51521e-10
7544, 2016-08-10 08:00:00, 4.50339e-10
7545, 2016-08-10 09:00:00, 4.4916e-10
7546, 2016-08-10 10:00:00, 4.47985e-10
7547, 2016-08-10 11:00:00, 2.07949e-08
7548, 2016-08-10 12:00:00, 0.00143413
7549, 2016-08-10 13:00:00, 0.00170065
7550, 2016-08-10 14:00:00, 0.00171893
7551, 2016-08-10 15:00:00, 0.00088183
7552, 2016-08-10 16:00:00, 0.0866976
7553, 2016-08-10 17:00:00, 0.333787
7554, 2016-08-10 18:00:00, 0.165253
7555, 2016-08-10 19:00:00, 0.10708
7556, 2016-08-10 20:00:00, 0.000334292
7557, 2016-08-10 21:00:00, 0.000152052
7558, 2016-08-10 22:00:00, 0.000166876
7559, 2016-08-10 23:00:00, 0.000106402
7560, 2016-08-11 00:00:00, 5.55461e-05
7561, 2016-08-11 01:00:00, 3.13599e-05
7562, 2016-08-11 02:00:00, 3.36283e-07
7563, 2016-08-11 03:00:00, 2.89615e-07
7564, 2016-08-11 04:00:00, 2.21532e-07
7565, 2016-08-11 05:00:00, 1.98473e-07
7566, 2016-08-11 06:00:00, 4.15582e-07
7567, 2016-08-11 07:00:00, 5.45767e-07
7568, 2016-08-11 08:00:00, 5.51431e-07
7569, 2016-08-11 09:00:00, 4.59119e-07
7570, 2016-08-11 10:00:00, 3.94007e-07
7571, 2016-08-11 11:00:00, 4.49587e-07
7572, 2016-08-11 12:00:00, 8.87122e-07
7573, 2016-08-11 13:00:00, 4.15112e-07
7574, 2016-08-11 14:00:00, 2.49938e-07
7575, 2016-08-11 15:00:00, 5.97918e-10
7576, 2016-08-11 16:00:00, 4.14111e-10
7577, 2016-08-11 17:00:00, 4.13027e-10
7578, 2016-08-11 18:00:00, 4.11946e-10
7579, 2016-08-11 19:00:00, 4.10868e-10
7580, 2016-08-11 20:00:00, 4.09793e-10
7581, 2016-08-11 21:00:00, 4.0872e-10
7582, 2016-08-11 22:00:00, 0.000138776
7583, 2016-08-11 23:00:00, 6.30801e-05
7584, 2016-08-12 00:00:00, 5.97229e-05
7585, 2016-08-12 01:00:00, 4.20894e-06
7586, 2016-08-12 02:00:00, 3.36723e-06
7587, 2016-08-12 03:00:00, 4.02343e-10
7588, 2016-08-12 04:00:00, 4.0129e-10
7589, 2016-08-12 05:00:00, 4.0024e-10
7590, 2016-08-12 06:00:00, 3.99192e-10
7591, 2016-08-12 07:00:00, 3.98147e-10
7592, 2016-08-12 08:00:00, 3.97105e-10
7593, 2016-08-12 09:00:00, 3.96066e-10
7594, 2016-08-12 10:00:00, 3.95029e-10
7595, 2016-08-12 11:00:00, 8.00938e-05
7596, 2016-08-12 12:00:00, 3.64065e-05
7597, 2016-08-12 13:00:00, 2.91253e-05
7598, 2016-08-12 14:00:00, 3.90909e-10
7599, 2016-08-12 15:00:00, 3.89886e-10
7600, 2016-08-12 16:00:00, 3.88866e-10
7601, 2016-08-12 17:00:00, 3.87848e-10
7602, 2016-08-12 18:00:00, 3.86833e-10
7603, 2016-08-12 19:00:00, 3.8582e-10
7604, 2016-08-12 20:00:00, 3.8481e-10
7605, 2016-08-12 21:00:00, 0.000224907
7606, 2016-08-12 22:00:00, 0.000149016
7607, 2016-08-12 23:00:00, 1.74027
7608, 2016-08-13 00:00:00, 0.795685
7609, 2016-08-13 01:00:00, 0.634952
7610, 2016-08-13 02:00:00, 0.0017301
7611, 2016-08-13 03:00:00, 1.99778e-05
7612, 2016-08-13 04:00:00, 5.00317e-06
7613, 2016-08-13 05:00:00, 9.23885e-07
7614, 2016-08-13 06:00:00, 9.98363e-08
7615, 2016-08-13 07:00:00, 3.73875e-10
7616, 2016-08-13 08:00:00, 4.15195e-05
7617, 2016-08-13 09:00:00, 4.93848e-05
7618, 2016-08-13 10:00:00, 2.89674e-05
7619, 2016-08-13 11:00:00, 1.11043e-05
7620, 2016-08-13 12:00:00, 4.19726e-08
7621, 2016-08-13 13:00:00, 4.5398e-08
7622, 2016-08-13 14:00:00, 2.53339e-08
7623, 2016-08-13 15:00:00, 9.37324e-09
7624, 2016-08-13 16:00:00, 3.6516e-10
7625, 2016-08-13 17:00:00, 3.64204e-10
7626, 2016-08-13 18:00:00, 3.6325e-10
7627, 2016-08-13 19:00:00, 3.623e-10
7628, 2016-08-13 20:00:00, 3.61351e-10
7629, 2016-08-13 21:00:00, 3.60406e-10
7630, 2016-08-13 22:00:00, 3.59462e-10
7631, 2016-08-13 23:00:00, 3.58521e-10
7632, 2016-08-14 00:00:00, 3.57583e-10
7633, 2016-08-14 01:00:00, 3.56647e-10
7634, 2016-08-14 02:00:00, 3.55714e-10
7635, 2016-08-14 03:00:00, 3.74995e-05
7636, 2016-08-14 04:00:00, 0.873636
7637, 2016-08-14 05:00:00, 0.397135
7638, 2016-08-14 06:00:00, 0.614315
7639, 2016-08-14 07:00:00, 0.134864
7640, 2016-08-14 08:00:00, 0.107876
7641, 2016-08-14 09:00:00, 9.62977e-06
7642, 2016-08-14 10:00:00, 3.48333e-10
7643, 2016-08-14 11:00:00, 3.47421e-10
7644, 2016-08-14 12:00:00, 3.51069e-10
7645, 2016-08-14 13:00:00, 3.47676e-10
7646, 2016-08-14 14:00:00, 3.46357e-10
7647, 2016-08-14 15:00:00, 3.43798e-10
7648, 2016-08-14 16:00:00, 3.42898e-10
7649, 2016-08-14 17:00:00, 3.42001e-10
7650, 2016-08-14 18:00:00, 3.41106e-10
7651, 2016-08-14 19:00:00, 3.40213e-10
7652, 2016-08-14 20:00:00, 3.39322e-10
7653, 2016-08-14 21:00:00, 3.38434e-10
7654, 2016-08-14 22:00:00, 3.37549e-10
7655, 2016-08-14 23:00:00, 3.36665e-10
7656, 2016-08-15 00:00:00, 3.35784e-10
7657, 2016-08-15 01:00:00, 3.34905e-10
7658, 2016-08-15 02:00:00, 3.34028e-10
7659, 2016-08-15 03:00:00, 3.33154e-10
7660, 2016-08-15 04:00:00, 3.32282e-10
7661, 2016-08-15 05:00:00, 3.31412e-10
7662, 2016-08-15 06:00:00, 3.30545e-10
7663, 2016-08-15 07:00:00, 3.2968e-10
7664, 2016-08-15 08:00:00, 3.28817e-10
7665, 2016-08-15 09:00:00, 3.27956e-10
7666, 2016-08-15 10:00:00, 3.27098e-10
7667, 2016-08-15 11:00:00, 3.26242e-10
7668, 2016-08-15 12:00:00, 3.25388e-10
7669, 2016-08-15 13:00:00, 3.24536e-10
7670, 2016-08-15 14:00:00, 3.23687e-10
7671, 2016-08-15 15:00:00, 3.22839e-10
7672, 2016-08-15 16:00:00, 3.21994e-10
7673, 2016-08-15 17:00:00, 3.21152e-10
7674, 2016-08-15 18:00:00, 3.20311e-10
7675, 2016-08-15 19:00:00, 3.19473e-10
7676, 2016-08-15 20:00:00, 3.18637e-10
7677, 2016-08-15 21:00:00, 3.17803e-10
7678, 2016-08-15 22:00:00, 3.16971e-10
7679, 2016-08-15 23:00:00, 3.16141e-10
7680, 2016-08-16 00:00:00, 3.15314e-10
7681, 2016-08-16 01:00:00, 3.14488e-10
7682, 2016-08-16 02:00:00, 3.13665e-10
7683, 2016-08-16 03:00:00, 3.12844e-10
7684, 2016-08-16 04:00:00, 3.12025e-10
7685, 2016-08-16 05:00:00, 3.11209e-10
7686, 2016-08-16 06:00:00, 3.10394e-10
7687, 2016-08-16 07:00:00, 3.09582e-10
7688, 2016-08-16 08:00:00, 3.08771e-10
7689, 2016-08-16 09:00:00, 3.07963e-10
7690, 2016-08-16 10:00:00, 3.07157e-10
7691, 2016-08-16 11:00:00, 3.06353e-10
7692, 2016-08-16 12:00:00, 3.05551e-10
7693, 2016-08-16 13:00:00, 3.04752e-10
7694, 2016-08-16 14:00:00, 3.03954e-10
7695, 2016-08-16 15:00:00, 3.03158e-10
7696, 2016-08-16 16:00:00, 3.02365e-10
7697, 2016-08-16 17:00:00, 0.000701624
7698, 2016-08-16 18:00:00, 0.0239906
7699, 2016-08-16 19:00:00, 0.0144949
7700, 2016-08-16 20:00:00, 0.0104097
7701, 2016-08-16 21:00:00, 0.00136544
7702, 2016-08-16 22:00:00, 8.00254e-05
7703, 2016-08-16 23:00:00, 2.96868e-10
7704, 2016-08-17 00:00:00, 2.96091e-10
7705, 2016-08-17 01:00:00, 2.95316e-10
7706, 2016-08-17 02:00:00, 2.94543e-10
7707, 2016-08-17 03:00:00, 0.0011075
7708, 2016-08-17 04:00:00, 0.000503415
7709, 2016-08-17 05:00:00, 0.00040273
7710, 2016-08-17 06:00:00, 3.78433e-09
7711, 2016-08-17 07:00:00, 4.86726e-05
7712, 2016-08-17 08:00:00, 2.21243e-05
7713, 2016-08-17 09:00:00, 1.7699e-05
7714, 2016-08-17 10:00:00, 2.88432e-10
7715, 2016-08-17 11:00:00, 2.87677e-10
7716, 2016-08-17 12:00:00, 2.86924e-10
7717, 2016-08-17 13:00:00, 2.86173e-10
7718, 2016-08-17 14:00:00, 2.85424e-10
7719, 2016-08-17 15:00:00, 2.84677e-10
7720, 2016-08-17 16:00:00, 2.83932e-10
7721, 2016-08-17 17:00:00, 2.83189e-10
7722, 2016-08-17 18:00:00, 2.82447e-10
7723, 2016-08-17 19:00:00, 2.81708e-10
7724, 2016-08-17 20:00:00, 2.80971e-10
7725, 2016-08-17 21:00:00, 2.80235e-10
7726, 2016-08-17 22:00:00, 2.79502e-10
7727, 2016-08-17 23:00:00, 2.7877e-10
7728, 2016-08-18 00:00:00, 2.78041e-10
7729, 2016-08-18 01:00:00, 2.77313e-10
7730, 2016-08-18 02:00:00, 2.76587e-10
7731, 2016-08-18 03:00:00, 2.75863e-10
7732, 2016-08-18 04:00:00, 2.75141e-10
7733, 2016-08-18 05:00:00, 2.74421e-10
7734, 2016-08-18 06:00:00, 2.73703e-10
7735, 2016-08-18 07:00:00, 2.72986e-10
7736, 2016-08-18 08:00:00, 2.72272e-10
7737, 2016-08-18 09:00:00, 2.71559e-10
7738, 2016-08-18 10:00:00, 3.22909e-06
7739, 2016-08-18 11:00:00, 1.46792e-06
7740, 2016-08-18 12:00:00, 1.17439e-06
7741, 2016-08-18 13:00:00, 2.68727e-10
7742, 2016-08-18 14:00:00, 2.68024e-10
7743, 2016-08-18 15:00:00, 2.67322e-10
7744, 2016-08-18 16:00:00, 2.66623e-10
7745, 2016-08-18 17:00:00, 2.65925e-10
7746, 2016-08-18 18:00:00, 2.65229e-10
7747, 2016-08-18 19:00:00, 2.64535e-10
7748, 2016-08-18 20:00:00, 2.63842e-10
7749, 2016-08-18 21:00:00, 2.63152e-10
7750, 2016-08-18 22:00:00, 2.62463e-10
7751, 2016-08-18 23:00:00, 2.61776e-10
7752, 2016-08-19 00:00:00, 2.61091e-10
7753, 2016-08-19 01:00:00, 2.60407e-10
7754, 2016-08-19 02:00:00, 2.59726e-10
7755, 2016-08-19 03:00:00, 2.59046e-10
7756, 2016-08-19 04:00:00, 2.58368e-10
7757, 2016-08-19 05:00:00, 2.57692e-10
7758, 2016-08-19 06:00:00, 2.57017e-10
7759, 2016-08-19 07:00:00, 2.56344e-10
7760, 2016-08-19 08:00:00, 2.55673e-10
7761, 2016-08-19 09:00:00, 2.55004e-10
7762, 2016-08-19 10:00:00, 2.54337e-10
7763, 2016-08-19 11:00:00, 2.53671e-10
7764, 2016-08-19 12:00:00, 2.53007e-10
7765, 2016-08-19 13:00:00, 2.52345e-10
7766, 2016-08-19 14:00:00, 2.51684e-10
7767, 2016-08-19 15:00:00, 2.51026e-10
7768, 2016-08-19 16:00:00, 2.50369e-10
7769, 2016-08-19 17:00:00, 2.49713e-10
7770, 2016-08-19 18:00:00, 2.4906e-10
7771, 2016-08-19 19:00:00, 2.48408e-10
7772, 2016-08-19 20:00:00, 2.47758e-10
7773, 2016-08-19 21:00:00, 2.47109e-10
7774, 2016-08-19 22:00:00, 2.46462e-10
7775, 2016-08-19 23:00:00, 2.45817e-10
7776, 2016-08-20 00:00:00, 2.45174e-10
7777, 2016-08-20 01:00:00, 2.44532e-10
7778, 2016-08-20 02:00:00, 2.43892e-10
7779, 2016-08-20 03:00:00, 2.43254e-10
7780, 2016-08-20 04:00:00, 2.42617e-10
7781, 2016-08-20 05:00:00, 2.41982e-10
7782, 2016-08-20 06:00:00, 2.41349e-10
7783, 2016-08-20 07:00:00, 2.40717e-10
7784, 2016-08-20 08:00:00, 2.40087e-10
7785, 2016-08-20 09:00:00, 2.39459e-10
7786, 2016-08-20 10:00:00, 2.38832e-10
7787, 2016-08-20 11:00:00, 2.38207e-10
7788, 2016-08-20 12:00:00, 2.37583e-10
7789, 2016-08-20 13:00:00, 2.36961e-10
7790, 2016-08-20 14:00:00, 2.36341e-10
7791, 2016-08-20 15:00:00, 2.35722e-10
7792, 2016-08-20 16:00:00, 2.35105e-10
7793, 2016-08-20 17:00:00, 0.0566622
7794, 2016-08-20 18:00:00, 0.0257555
7795, 2016-08-20 19:00:00, 0.0206044
7796, 2016-08-20 20:00:00, 2.32654e-10
7797, 2016-08-20 21:00:00, 2.32045e-10
7798, 2016-08-20 22:00:00, 2.31437e-10
7799, 2016-08-20 23:00:00, 2.30832e-10
7800, 2016-08-21 00:00:00, 2.30227e-10
7801, 2016-08-21 01:00:00, 2.29625e-10
7802, 2016-08-21 02:00:00, 2.29024e-10
7803, 2016-08-21 03:00:00, 2.28424e-10
7804, 2016-08-21 04:00:00, 2.27826e-10
7805, 2016-08-21 05:00:00, 2.2723e-10
7806, 2016-08-21 06:00:00, 2.26635e-10
7807, 2016-08-21 07:00:00, 2.26042e-10
7808, 2016-08-21 08:00:00, 2.25451e-10
7809, 2016-08-21 09:00:00, 2.2486e-10
7810, 2016-08-21 10:00:00, 2.24272e-10
7811, 2016-08-21 11:00:00, 2.23685e-10
7812, 2016-08-21 12:00:00, 2.23099e-10
7813, 2016-08-21 13:00:00, 2.22515e-10
7814, 2016-08-21 14:00:00, 2.21933e-10
7815, 2016-08-21 15:00:00, 2.21352e-10
7816, 2016-08-21 16:00:00, 2.20773e-10
7817, 2016-08-21 17:00:00, 2.20195e-10
7818, 2016-08-21 18:00:00, 2.19619e-10
7819, 2016-08-21 19:00:00, 2.19044e-10
7820, 2016-08-21 20:00:00, 2.1847e-10
7821, 2016-08-21 21:00:00, 2.17899e-10
7822, 2016-08-21 22:00:00, 2.17328e-10
7823, 2016-08-21 23:00:00, 2.16759e-10
7824, 2016-08-22 00:00:00, 2.16192e-10
7825, 2016-08-22 01:00:00, 2.15626e-10
7826, 2016-08-22 02:00:00, 2.15062e-10
7827, 2016-08-22 03:00:00, 0.000610043
7828, 2016-08-22 04:00:00, 0.00539819
7829, 2016-08-22 05:00:00, 0.0322901
7830, 2016-08-22 06:00:00, 6.8976
7831, 2016-08-22 07:00:00, 3.82601
7832, 2016-08-22 08:00:00, 2.8151
7833, 2016-08-22 09:00:00, 0.249896
7834, 2016-08-22 10:00:00, 8.69394e-05
7835, 2016-08-22 11:00:00, 2.10048e-10
7836, 2016-08-22 12:00:00, 2.09499e-10
7837, 2016-08-22 13:00:00, 2.0895e-10
7838, 2016-08-22 14:00:00, 2.08403e-10
7839, 2016-08-22 15:00:00, 2.07858e-10
7840, 2016-08-22 16:00:00, 2.07314e-10
7841, 2016-08-22 17:00:00, 2.06771e-10
7842, 2016-08-22 18:00:00, 2.0623e-10
7843, 2016-08-22 19:00:00, 2.0569e-10
7844, 2016-08-22 20:00:00, 2.05152e-10
7845, 2016-08-22 21:00:00, 2.04615e-10
7846, 2016-08-22 22:00:00, 2.04079e-10
7847, 2016-08-22 23:00:00, 2.03545e-10
7848, 2016-08-23 00:00:00, 2.03013e-10
7849, 2016-08-23 01:00:00, 2.02481e-10
7850, 2016-08-23 02:00:00, 2.01951e-10
7851, 2016-08-23 03:00:00, 2.01423e-10
7852, 2016-08-23 04:00:00, 2.00895e-10
7853, 2016-08-23 05:00:00, 2.0037e-10
7854, 2016-08-23 06:00:00, 1.99845e-10
7855, 2016-08-23 07:00:00, 1.99322e-10
7856, 2016-08-23 08:00:00, 1.988e-10
7857, 2016-08-23 09:00:00, 1.9828e-10
7858, 2016-08-23 10:00:00, 1.97761e-10
7859, 2016-08-23 11:00:00, 1.97243e-10
7860, 2016-08-23 12:00:00, 1.96727e-10
7861, 2016-08-23 13:00:00, 1.96212e-10
7862, 2016-08-23 14:00:00, 1.95699e-10
7863, 2016-08-23 15:00:00, 1.95186e-10
7864, 2016-08-23 16:00:00, 1.94676e-10
7865, 2016-08-23 17:00:00, 1.94166e-10
7866, 2016-08-23 18:00:00, 1.93658e-10
7867, 2016-08-23 19:00:00, 1.93151e-10
7868, 2016-08-23 20:00:00, 1.92645e-10
7869, 2016-08-23 21:00:00, 1.92141e-10
7870, 2016-08-23 22:00:00, 1.91638e-10
7871, 2016-08-23 23:00:00, 1.91137e-10
7872, 2016-08-24 00:00:00, 1.90636e-10
7873, 2016-08-24 01:00:00, 1.90137e-10
7874, 2016-08-24 02:00:00, 1.8964e-10
7875, 2016-08-24 03:00:00, 1.89143e-10
7876, 2016-08-24 04:00:00, 1.88648e-10
7877, 2016-08-24 05:00:00, 1.88154e-10
7878, 2016-08-24 06:00:00, 1.87662e-10
7879, 2016-08-24 07:00:00, 1.87171e-10
7880, 2016-08-24 08:00:00, 1.86681e-10
7881, 2016-08-24 09:00:00, 1.86192e-10
7882, 2016-08-24 10:00:00, 1.85705e-10
7883, 2016-08-24 11:00:00, 1.85219e-10
7884, 2016-08-24 12:00:00, 1.84734e-10
7885, 2016-08-24 13:00:00, 1.84251e-10
7886, 2016-08-24 14:00:00, 1.83768e-10
7887, 2016-08-24 15:00:00, 1.83287e-10
7888, 2016-08-24 16:00:00, 1.82808e-10
7889, 2016-08-24 17:00:00, 1.82329e-10
7890, 2016-08-24 18:00:00, 1.81852e-10
7891, 2016-08-24 19:00:00, 1.81376e-10
7892, 2016-08-24 20:00:00, 1.80901e-10
7893, 2016-08-24 21:00:00, 1.80428e-10
7894, 2016-08-24 22:00:00, 1.79955e-10
7895, 2016-08-24 23:00:00, 1.79484e-10
7896, 2016-08-25 00:00:00, 1.79015e-10
7897, 2016-08-25 01:00:00, 1.78546e-10
7898, 2016-08-25 02:00:00, 1.78079e-10
7899, 2016-08-25 03:00:00, 1.77613e-10
7900, 2016-08-25 04:00:00, 1.77148e-10
7901, 2016-08-25 05:00:00, 1.76684e-10
7902, 2016-08-25 06:00:00, 1.76222e-10
7903, 2016-08-25 07:00:00, 1.7576e-10
7904, 2016-08-25 08:00:00, 1.753e-10
7905, 2016-08-25 09:00:00, 1.74842e-10
7906, 2016-08-25 10:00:00, 1.74384e-10
7907, 2016-08-25 11:00:00, 1.73927e-10
7908, 2016-08-25 12:00:00, 1.73472e-10
7909, 2016-08-25 13:00:00, 1.73018e-10
7910, 2016-08-25 14:00:00, 1.72565e-10
7911, 2016-08-25 15:00:00, 1.72114e-10
7912, 2016-08-25 16:00:00, 1.71663e-10
7913, 2016-08-25 17:00:00, 1.71214e-10
7914, 2016-08-25 18:00:00, 1.70766e-10
7915, 2016-08-25 19:00:00, 1.70319e-10
7916, 2016-08-25 20:00:00, 1.69873e-10
7917, 2016-08-25 21:00:00, 1.69428e-10
7918, 2016-08-25 22:00:00, 1.68985e-10
7919, 2016-08-25 23:00:00, 1.68543e-10
7920, 2016-08-26 00:00:00, 1.68101e-10
7921, 2016-08-26 01:00:00, 1.67661e-10
7922, 2016-08-26 02:00:00, 1.67223e-10
7923, 2016-08-26 03:00:00, 1.66785e-10
7924, 2016-08-26 04:00:00, 1.66348e-10
7925, 2016-08-26 05:00:00, 1.65913e-10
7926, 2016-08-26 06:00:00, 1.65479e-10
7927, 2016-08-26 07:00:00, 1.65046e-10
7928, 2016-08-26 08:00:00, 1.64614e-10
7929, 2016-08-26 09:00:00, 1.64183e-10
7930, 2016-08-26 10:00:00, 1.63753e-10
7931, 2016-08-26 11:00:00, 1.63324e-10
7932, 2016-08-26 12:00:00, 1.62897e-10
7933, 2016-08-26 13:00:00, 1.62471e-10
7934, 2016-08-26 14:00:00, 0.000173232
7935, 2016-08-26 15:00:00, 7.87418e-05
7936, 2016-08-26 16:00:00, 6.29935e-05
7937, 2016-08-26 17:00:00, 1.60776e-10
7938, 2016-08-26 18:00:00, 1.60355e-10
7939, 2016-08-26 19:00:00, 1.59936e-10
7940, 2016-08-26 20:00:00, 1.59517e-10
7941, 2016-08-26 21:00:00, 1.591e-10
7942, 2016-08-26 22:00:00, 1.58683e-10
7943, 2016-08-26 23:00:00, 1.58268e-10
7944, 2016-08-27 00:00:00, 1.57854e-10
7945, 2016-08-27 01:00:00, 1.5744e-10
7946, 2016-08-27 02:00:00, 1.57028e-10
7947, 2016-08-27 03:00:00, 1.56617e-10
7948, 2016-08-27 04:00:00, 1.56207e-10
7949, 2016-08-27 05:00:00, 1.55799e-10
7950, 2016-08-27 06:00:00, 1.55391e-10
7951, 2016-08-27 07:00:00, 1.54984e-10
7952, 2016-08-27 08:00:00, 1.54578e-10
7953, 2016-08-27 09:00:00, 1.54174e-10
7954, 2016-08-27 10:00:00, 1.5377e-10
7955, 2016-08-27 11:00:00, 1.53368e-10
7956, 2016-08-27 12:00:00, 1.52966e-10
7957, 2016-08-27 13:00:00, 1.52566e-10
7958, 2016-08-27 14:00:00, 1.52167e-10
7959, 2016-08-27 15:00:00, 1.51768e-10
7960, 2016-08-27 16:00:00, 1.51371e-10
7961, 2016-08-27 17:00:00, 1.50975e-10
7962, 2016-08-27 18:00:00, 1.5058e-10
7963, 2016-08-27 19:00:00, 1.50186e-10
7964, 2016-08-27 20:00:00, 1.49792e-10
7965, 2016-08-27 21:00:00, 1.494e-10
7966, 2016-08-27 22:00:00, 1.49009e-10
7967, 2016-08-27 23:00:00, 1.48619e-10
7968, 2016-08-28 00:00:00, 1.4823e-10
7969, 2016-08-28 01:00:00, 1.47842e-10
7970, 2016-08-28 02:00:00, 1.47455e-10
7971, 2016-08-28 03:00:00, 1.4707e-10
7972, 2016-08-28 04:00:00, 1.46685e-10
7973, 2016-08-28 05:00:00, 1.46301e-10
7974, 2016-08-28 06:00:00, 1.45918e-10
7975, 2016-08-28 07:00:00, 1.45536e-10
7976, 2016-08-28 08:00:00, 1.45155e-10
7977, 2016-08-28 09:00:00, 1.44775e-10
7978, 2016-08-28 10:00:00, 1.44396e-10
7979, 2016-08-28 11:00:00, 1.44018e-10
7980, 2016-08-28 12:00:00, 1.43641e-10
7981, 2016-08-28 13:00:00, 1.43265e-10
7982, 2016-08-28 14:00:00, 1.4289e-10
7983, 2016-08-28 15:00:00, 1.42516e-10
7984, 2016-08-28 16:00:00, 1.42143e-10
7985, 2016-08-28 17:00:00, 1.41771e-10
7986, 2016-08-28 18:00:00, 1.414e-10
7987, 2016-08-28 19:00:00, 1.4103e-10
7988, 2016-08-28 20:00:00, 1.40661e-10
7989, 2016-08-28 21:00:00, 1.40293e-10
7990, 2016-08-28 22:00:00, 1.39925e-10
7991, 2016-08-28 23:00:00, 1.39559e-10
7992, 2016-08-29 00:00:00, 1.39194e-10
7993, 2016-08-29 01:00:00, 1.3883e-10
7994, 2016-08-29 02:00:00, 1.38466e-10
7995, 2016-08-29 03:00:00, 1.38104e-10
7996, 2016-08-29 04:00:00, 1.37742e-10
7997, 2016-08-29 05:00:00, 1.37382e-10
7998, 2016-08-29 06:00:00, 1.37022e-10
7999, 2016-08-29 07:00:00, 1.36663e-10
8000, 2016-08-29 08:00:00, 1.36306e-10
8001, 2016-08-29 09:00:00, 1.35949e-10
8002, 2016-08-29 10:00:00, 1.35593e-10
8003, 2016-08-29 11:00:00, 1.35238e-10
8004, 2016-08-29 12:00:00, 1.34884e-10
8005, 2016-08-29 13:00:00, 1.34531e-10
8006, 2016-08-29 14:00:00, 1.34179e-10
8007, 2016-08-29 15:00:00, 1.33828e-10
8008, 2016-08-29 16:00:00, 1.33478e-10
8009, 2016-08-29 17:00:00, 1.33128e-10
8010, 2016-08-29 18:00:00, 1.3278e-10
8011, 2016-08-29 19:00:00, 1.32432e-10
8012, 2016-08-29 20:00:00, 1.32086e-10
8013, 2016-08-29 21:00:00, 1.3174e-10
8014, 2016-08-29 22:00:00, 1.31395e-10
8015, 2016-08-29 23:00:00, 1.31051e-10
8016, 2016-08-30 00:00:00, 1.30708e-10
8017, 2016-08-30 01:00:00, 1.30366e-10
8018, 2016-08-30 02:00:00, 1.30025e-10
8019, 2016-08-30 03:00:00, 1.29685e-10
8020, 2016-08-30 04:00:00, 1.29345e-10
8021, 2016-08-30 05:00:00, 1.29007e-10
8022, 2016-08-30 06:00:00, 1.28669e-10
8023, 2016-08-30 07:00:00, 1.28332e-10
8024, 2016-08-30 08:00:00, 1.27996e-10
8025, 2016-08-30 09:00:00, 1.27661e-10
8026, 2016-08-30 10:00:00, 1.27327e-10
8027, 2016-08-30 11:00:00, 1.26994e-10
8028, 2016-08-30 12:00:00, 1.26661e-10
8029, 2016-08-30 13:00:00, 1.2633e-10
8030, 2016-08-30 14:00:00, 1.25999e-10
8031, 2016-08-30 15:00:00, 1.25669e-10
8032, 2016-08-30 16:00:00, 1.2534e-10
8033, 2016-08-30 17:00:00, 1.25012e-10
8034, 2016-08-30 18:00:00, 1.24685e-10
8035, 2016-08-30 19:00:00, 1.24359e-10
8036, 2016-08-30 20:00:00, 1.24033e-10
8037, 2016-08-30 21:00:00, 1.23709e-10
8038, 2016-08-30 22:00:00, 1.23385e-10
8039, 2016-08-30 23:00:00, 1.23062e-10
8040, 2016-08-31 00:00:00, 1.2274e-10
8041, 2016-08-31 01:00:00, 1.22419e-10
8042, 2016-08-31 02:00:00, 1.22098e-10
8043, 2016-08-31 03:00:00, 1.21779e-10
8044, 2016-08-31 04:00:00, 1.2146e-10
8045, 2016-08-31 05:00:00, 1.21142e-10
8046, 2016-08-31 06:00:00, 1.20825e-10
8047, 2016-08-31 07:00:00, 1.20509e-10
8048, 2016-08-31 08:00:00, 1.20193e-10
8049, 2016-08-31 09:00:00, 1.19879e-10
8050, 2016-08-31 10:00:00, 1.19565e-10
8051, 2016-08-31 11:00:00, 1.32709e-09
8052, 2016-08-31 12:00:00, 6.67955e-10
8053, 2016-08-31 13:00:00, 5.57841e-10
8054, 2016-08-31 14:00:00, 1.18318e-10
8055, 2016-08-31 15:00:00, 1.18008e-10
8056, 2016-08-31 16:00:00, 1.17699e-10
8057, 2016-08-31 17:00:00, 1.17391e-10
8058, 2016-08-31 18:00:00, 1.17084e-10
8059, 2016-08-31 19:00:00, 1.16778e-10
8060, 2016-08-31 20:00:00, 1.16472e-10
8061, 2016-08-31 21:00:00, 1.16167e-10
8062, 2016-08-31 22:00:00, 1.15863e-10
8063, 2016-08-31 23:00:00, 1.1556e-10
8064, 2016-09-01 00:00:00, 1.15257e-10
8065, 2016-09-01 01:00:00, 1.14956e-10
8066, 2016-09-01 02:00:00, 1.14655e-10
8067, 2016-09-01 03:00:00, 1.14355e-10
8068, 2016-09-01 04:00:00, 1.14055e-10
8069, 2016-09-01 05:00:00, 1.13757e-10
8070, 2016-09-01 06:00:00, 1.13459e-10
8071, 2016-09-01 07:00:00, 1.13162e-10
8072, 2016-09-01 08:00:00, 0.000314771
8073, 2016-09-01 09:00:00, 0.0524365
8074, 2016-09-01 10:00:00, 0.0240913
8075, 2016-09-01 11:00:00, 0.0194708
8076, 2016-09-01 12:00:00, 0.000249064
8077, 2016-09-01 13:00:00, 0.000137828
8078, 2016-09-01 14:00:00, 4.52023e-06
8079, 2016-09-01 15:00:00, 1.52786e-06
8080, 2016-09-01 16:00:00, 0.000112068
8081, 2016-09-01 17:00:00, 5.10555e-05
8082, 2016-09-01 18:00:00, 4.06305e-05
8083, 2016-09-01 19:00:00, 1.09659e-10
8084, 2016-09-01 20:00:00, 1.09372e-10
8085, 2016-09-01 21:00:00, 5.85663e-06
8086, 2016-09-01 22:00:00, 0.000223378
8087, 2016-09-01 23:00:00, 0.00332812
8088, 2016-09-02 00:00:00, 0.00154647
8089, 2016-09-02 01:00:00, 0.00117297
8090, 2016-09-02 02:00:00, 1.07665e-10
8091, 2016-09-02 03:00:00, 1.07383e-10
8092, 2016-09-02 04:00:00, 1.07102e-10
8093, 2016-09-02 05:00:00, 1.06822e-10
8094, 2016-09-02 06:00:00, 1.06542e-10
8095, 2016-09-02 07:00:00, 1.06263e-10
8096, 2016-09-02 08:00:00, 1.05985e-10
8097, 2016-09-02 09:00:00, 1.05708e-10
8098, 2016-09-02 10:00:00, 1.05431e-10
8099, 2016-09-02 11:00:00, 1.05155e-10
8100, 2016-09-02 12:00:00, 1.0488e-10
8101, 2016-09-02 13:00:00, 1.04606e-10
8102, 2016-09-02 14:00:00, 1.04332e-10
8103, 2016-09-02 15:00:00, 1.04059e-10
8104, 2016-09-02 16:00:00, 1.03786e-10
8105, 2016-09-02 17:00:00, 1.03515e-10
8106, 2016-09-02 18:00:00, 1.03244e-10
8107, 2016-09-02 19:00:00, 1.02974e-10
8108, 2016-09-02 20:00:00, 1.02704e-10
8109, 2016-09-02 21:00:00, 1.02435e-10
8110, 2016-09-02 22:00:00, 1.02167e-10
8111, 2016-09-02 23:00:00, 1.019e-10
8112, 2016-09-03 00:00:00, 1.01633e-10
8113, 2016-09-03 01:00:00, 1.01367e-10
8114, 2016-09-03 02:00:00, 1.01102e-10
8115, 2016-09-03 03:00:00, 1.00837e-10
8116, 2016-09-03 04:00:00, 1.00573e-10
8117, 2016-09-03 05:00:00, 1.0031e-10
8118, 2016-09-03 06:00:00, 1.00047e-10
8119, 2016-09-03 07:00:00, 9.97854e-11
8120, 2016-09-03 08:00:00, 9.95242e-11
8121, 2016-09-03 09:00:00, 9.92637e-11
8122, 2016-09-03 10:00:00, 9.90039e-11
8123, 2016-09-03 11:00:00, 9.87447e-11
8124, 2016-09-03 12:00:00, 9.84863e-11
8125, 2016-09-03 13:00:00, 9.82285e-11
8126, 2016-09-03 14:00:00, 9.79714e-11
8127, 2016-09-03 15:00:00, 9.7715e-11
8128, 2016-09-03 16:00:00, 9.74592e-11
8129, 2016-09-03 17:00:00, 9.72041e-11
8130, 2016-09-03 18:00:00, 9.69498e-11
8131, 2016-09-03 19:00:00, 9.6696e-11
8132, 2016-09-03 20:00:00, 9.64429e-11
8133, 2016-09-03 21:00:00, 9.61905e-11
8134, 2016-09-03 22:00:00, 9.59386e-11
8135, 2016-09-03 23:00:00, 9.56876e-11
8136, 2016-09-04 00:00:00, 9.54371e-11
8137, 2016-09-04 01:00:00, 9.51873e-11
8138, 2016-09-04 02:00:00, 9.49382e-11
8139, 2016-09-04 03:00:00, 9.46897e-11
8140, 2016-09-04 04:00:00, 9.44419e-11
8141, 2016-09-04 05:00:00, 9.41946e-11
8142, 2016-09-04 06:00:00, 9.39481e-11
8143, 2016-09-04 07:00:00, 9.37022e-11
8144, 2016-09-04 08:00:00, 9.3457e-11
8145, 2016-09-04 09:00:00, 9.32124e-11
8146, 2016-09-04 10:00:00, 9.29684e-11
8147, 2016-09-04 11:00:00, 9.2725e-11
8148, 2016-09-04 12:00:00, 9.24823e-11
8149, 2016-09-04 13:00:00, 9.22402e-11
8150, 2016-09-04 14:00:00, 9.19988e-11
8151, 2016-09-04 15:00:00, 9.17581e-11
8152, 2016-09-04 16:00:00, 9.15179e-11
8153, 2016-09-04 17:00:00, 9.12783e-11
8154, 2016-09-04 18:00:00, 9.10394e-11
8155, 2016-09-04 19:00:00, 9.08012e-11
8156, 2016-09-04 20:00:00, 9.05634e-11
8157, 2016-09-04 21:00:00, 9.03265e-11
8158, 2016-09-04 22:00:00, 9.009e-11
8159, 2016-09-04 23:00:00, 8.98542e-11
8160, 2016-09-05 00:00:00, 8.96191e-11
8161, 2016-09-05 01:00:00, 8.93844e-11
8162, 2016-09-05 02:00:00, 8.91506e-11
8163, 2016-09-05 03:00:00, 8.89172e-11
8164, 2016-09-05 04:00:00, 8.86844e-11
8165, 2016-09-05 05:00:00, 8.84523e-11
8166, 2016-09-05 06:00:00, 8.82208e-11
8167, 2016-09-05 07:00:00, 8.79898e-11
8168, 2016-09-05 08:00:00, 8.77596e-11
8169, 2016-09-05 09:00:00, 8.75299e-11
8170, 2016-09-05 10:00:00, 8.73008e-11
8171, 2016-09-05 11:00:00, 8.70723e-11
8172, 2016-09-05 12:00:00, 8.68444e-11
8173, 2016-09-05 13:00:00, 8.66171e-11
8174, 2016-09-05 14:00:00, 8.63904e-11
8175, 2016-09-05 15:00:00, 8.61643e-11
8176, 2016-09-05 16:00:00, 8.59387e-11
8177, 2016-09-05 17:00:00, 8.57137e-11
8178, 2016-09-05 18:00:00, 8.54894e-11
8179, 2016-09-05 19:00:00, 8.52657e-11
8180, 2016-09-05 20:00:00, 8.50425e-11
8181, 2016-09-05 21:00:00, 8.48199e-11
8182, 2016-09-05 22:00:00, 8.45979e-11
8183, 2016-09-05 23:00:00, 8.43764e-11
8184, 2016-09-06 00:00:00, 8.41556e-11
8185, 2016-09-06 01:00:00, 8.39354e-11
8186, 2016-09-06 02:00:00, 8.37156e-11
8187, 2016-09-06 03:00:00, 8.34965e-11
8188, 2016-09-06 04:00:00, 8.3278e-11
8189, 2016-09-06 05:00:00, 8.306e-11
8190, 2016-09-06 06:00:00, 8.28426e-11
8191, 2016-09-06 07:00:00, 8.26257e-11
8192, 2016-09-06 08:00:00, 8.24095e-11
8193, 2016-09-06 09:00:00, 8.21938e-11
8194, 2016-09-06 10:00:00, 8.19787e-11
8195, 2016-09-06 11:00:00, 8.17641e-11
8196, 2016-09-06 12:00:00, 1.12541e-07
8197, 2016-09-06 13:00:00, 1.61935e-06
8198, 2016-09-06 14:00:00, 8.95868e-07
8199, 2016-09-06 15:00:00, 6.34907e-07
8200, 2016-09-06 16:00:00, 5.17518e-08
8201, 2016-09-06 17:00:00, 8.04884e-11
8202, 2016-09-06 18:00:00, 8.02777e-11
8203, 2016-09-06 19:00:00, 8.00676e-11
8204, 2016-09-06 20:00:00, 7.98581e-11
8205, 2016-09-06 21:00:00, 6.41402e-05
8206, 2016-09-06 22:00:00, 4.20893e-05
8207, 2016-09-06 23:00:00, 0.00276112
8208, 2016-09-07 00:00:00, 0.00129783
8209, 2016-09-07 01:00:00, 0.00136641
8210, 2016-09-07 02:00:00, 0.000177603
8211, 2016-09-07 03:00:00, 0.000127145
8212, 2016-09-07 04:00:00, 7.82011e-11
8213, 2016-09-07 05:00:00, 7.79964e-11
8214, 2016-09-07 06:00:00, 7.77923e-11
8215, 2016-09-07 07:00:00, 7.75887e-11
8216, 2016-09-07 08:00:00, 7.73856e-11
8217, 2016-09-07 09:00:00, 7.7183e-11
8218, 2016-09-07 10:00:00, 3.1201e-09
8219, 2016-09-07 11:00:00, 1.79174e-09
8220, 2016-09-07 12:00:00, 4.01387e-06
8221, 2016-09-07 13:00:00, 1.82408e-06
8222, 2016-09-07 14:00:00, 1.45918e-06
8223, 2016-09-07 15:00:00, 7.59788e-11
8224, 2016-09-07 16:00:00, 7.578e-11
8225, 2016-09-07 17:00:00, 7.55816e-11
8226, 2016-09-07 18:00:00, 7.53838e-11
8227, 2016-09-07 19:00:00, 7.51865e-11
8228, 2016-09-07 20:00:00, 7.49897e-11
8229, 2016-09-07 21:00:00, 7.47934e-11
8230, 2016-09-07 22:00:00, 0.00231994
8231, 2016-09-07 23:00:00, 0.00106333
8232, 2016-09-08 00:00:00, 0.000847622
8233, 2016-09-08 01:00:00, 3.20568e-06
8234, 2016-09-08 02:00:00, 7.38197e-11
8235, 2016-09-08 03:00:00, 8.4316e-07
8236, 2016-09-08 04:00:00, 3.83294e-07
8237, 2016-09-08 05:00:00, 3.0665e-07
8238, 2016-09-08 06:00:00, 7.30499e-11
8239, 2016-09-08 07:00:00, 7.28587e-11
8240, 2016-09-08 08:00:00, 7.2668e-11
8241, 2016-09-08 09:00:00, 7.24778e-11
8242, 2016-09-08 10:00:00, 7.22881e-11
8243, 2016-09-08 11:00:00, 7.20989e-11
8244, 2016-09-08 12:00:00, 7.19102e-11
8245, 2016-09-08 13:00:00, 7.1722e-11
8246, 2016-09-08 14:00:00, 7.15342e-11
8247, 2016-09-08 15:00:00, 7.1347e-11
8248, 2016-09-08 16:00:00, 7.11602e-11
8249, 2016-09-08 17:00:00, 7.09739e-11
8250, 2016-09-08 18:00:00, 7.07882e-11
8251, 2016-09-08 19:00:00, 7.0603e-11
8252, 2016-09-08 20:00:00, 7.04182e-11
8253, 2016-09-08 21:00:00, 7.02338e-11
8254, 2016-09-08 22:00:00, 7.005e-11
8255, 2016-09-08 23:00:00, 6.98666e-11
8256, 2016-09-09 00:00:00, 6.96838e-11
8257, 2016-09-09 01:00:00, 6.95014e-11
8258, 2016-09-09 02:00:00, 6.93195e-11
8259, 2016-09-09 03:00:00, 6.9138e-11
8260, 2016-09-09 04:00:00, 6.8957e-11
8261, 2016-09-09 05:00:00, 6.87766e-11
8262, 2016-09-09 06:00:00, 6.85965e-11
8263, 2016-09-09 07:00:00, 6.84171e-11
8264, 2016-09-09 08:00:00, 6.8238e-11
8265, 2016-09-09 09:00:00, 6.80593e-11
8266, 2016-09-09 10:00:00, 2.20423e-08
8267, 2016-09-09 11:00:00, 1.00561e-08
8268, 2016-09-09 12:00:00, 8.05821e-09
8269, 2016-09-09 13:00:00, 6.73496e-11
8270, 2016-09-09 14:00:00, 6.71732e-11
8271, 2016-09-09 15:00:00, 6.69975e-11
8272, 2016-09-09 16:00:00, 6.68221e-11
8273, 2016-09-09 17:00:00, 6.66473e-11
8274, 2016-09-09 18:00:00, 6.64728e-11
8275, 2016-09-09 19:00:00, 6.62989e-11
8276, 2016-09-09 20:00:00, 6.61252e-11
8277, 2016-09-09 21:00:00, 6.59522e-11
8278, 2016-09-09 22:00:00, 6.57796e-11
8279, 2016-09-09 23:00:00, 6.56074e-11
8280, 2016-09-10 00:00:00, 6.54356e-11
8281, 2016-09-10 01:00:00, 6.52643e-11
8282, 2016-09-10 02:00:00, 6.50936e-11
8283, 2016-09-10 03:00:00, 6.49232e-11
8284, 2016-09-10 04:00:00, 6.47533e-11
8285, 2016-09-10 05:00:00, 6.45838e-11
8286, 2016-09-10 06:00:00, 6.44147e-11
8287, 2016-09-10 07:00:00, 6.42461e-11
8288, 2016-09-10 08:00:00, 6.4078e-11
8289, 2016-09-10 09:00:00, 6.39102e-11
8290, 2016-09-10 10:00:00, 6.3743e-11
8291, 2016-09-10 11:00:00, 6.35761e-11
8292, 2016-09-10 12:00:00, 6.34097e-11
8293, 2016-09-10 13:00:00, 6.32438e-11
8294, 2016-09-10 14:00:00, 6.30783e-11
8295, 2016-09-10 15:00:00, 6.29131e-11
8296, 2016-09-10 16:00:00, 6.27485e-11
8297, 2016-09-10 17:00:00, 6.25842e-11
8298, 2016-09-10 18:00:00, 6.24204e-11
8299, 2016-09-10 19:00:00, 6.22571e-11
8300, 2016-09-10 20:00:00, 6.20941e-11
8301, 2016-09-10 21:00:00, 6.19316e-11
8302, 2016-09-10 22:00:00, 6.17695e-11
8303, 2016-09-10 23:00:00, 6.16078e-11
8304, 2016-09-11 00:00:00, 6.14465e-11
8305, 2016-09-11 01:00:00, 6.12857e-11
8306, 2016-09-11 02:00:00, 6.11253e-11
8307, 2016-09-11 03:00:00, 6.09653e-11
8308, 2016-09-11 04:00:00, 6.08058e-11
8309, 2016-09-11 05:00:00, 6.06466e-11
8310, 2016-09-11 06:00:00, 6.04879e-11
8311, 2016-09-11 07:00:00, 6.03295e-11
8312, 2016-09-11 08:00:00, 6.01716e-11
8313, 2016-09-11 09:00:00, 6.00141e-11
8314, 2016-09-11 10:00:00, 5.98571e-11
8315, 2016-09-11 11:00:00, 5.97004e-11
8316, 2016-09-11 12:00:00, 5.95442e-11
8317, 2016-09-11 13:00:00, 5.93882e-11
8318, 2016-09-11 14:00:00, 5.92328e-11
8319, 2016-09-11 15:00:00, 8.95251e-05
8320, 2016-09-11 16:00:00, 4.06932e-05
8321, 2016-09-11 17:00:00, 3.25546e-05
8322, 2016-09-11 18:00:00, 5.86151e-11
8323, 2016-09-11 19:00:00, 5.84617e-11
8324, 2016-09-11 20:00:00, 5.83087e-11
8325, 2016-09-11 21:00:00, 5.81561e-11
8326, 2016-09-11 22:00:00, 5.80039e-11
8327, 2016-09-11 23:00:00, 5.7852e-11
8328, 2016-09-12 00:00:00, 5.77005e-11
8329, 2016-09-12 01:00:00, 5.75496e-11
8330, 2016-09-12 02:00:00, 5.73989e-11
8331, 2016-09-12 03:00:00, 5.72487e-11
8332, 2016-09-12 04:00:00, 5.70989e-11
8333, 2016-09-12 05:00:00, 5.69495e-11
8334, 2016-09-12 06:00:00, 5.68003e-11
8335, 2016-09-12 07:00:00, 5.66517e-11
8336, 2016-09-12 08:00:00, 5.65034e-11
8337, 2016-09-12 09:00:00, 5.63555e-11
8338, 2016-09-12 10:00:00, 5.6208e-11
8339, 2016-09-12 11:00:00, 5.60609e-11
8340, 2016-09-12 12:00:00, 5.59142e-11
8341, 2016-09-12 13:00:00, 5.57678e-11
8342, 2016-09-12 14:00:00, 5.56219e-11
8343, 2016-09-12 15:00:00, 5.54762e-11
8344, 2016-09-12 16:00:00, 5.53311e-11
8345, 2016-09-12 17:00:00, 5.51862e-11
8346, 2016-09-12 18:00:00, 5.50418e-11
8347, 2016-09-12 19:00:00, 5.48977e-11
8348, 2016-09-12 20:00:00, 5.4754e-11
8349, 2016-09-12 21:00:00, 5.46107e-11
8350, 2016-09-12 22:00:00, 5.44678e-11
8351, 2016-09-12 23:00:00, 5.43252e-11
8352, 2016-09-13 00:00:00, 5.4183e-11
8353, 2016-09-13 01:00:00, 5.40412e-11
8354, 2016-09-13 02:00:00, 5.38997e-11
8355, 2016-09-13 03:00:00, 5.37587e-11
8356, 2016-09-13 04:00:00, 5.3618e-11
8357, 2016-09-13 05:00:00, 5.34777e-11
8358, 2016-09-13 06:00:00, 5.33377e-11
8359, 2016-09-13 07:00:00, 5.3198e-11
8360, 2016-09-13 08:00:00, 5.30589e-11
8361, 2016-09-13 09:00:00, 5.29199e-11
8362, 2016-09-13 10:00:00, 5.27814e-11
8363, 2016-09-13 11:00:00, 5.26432e-11
8364, 2016-09-13 12:00:00, 5.25055e-11
8365, 2016-09-13 13:00:00, 5.2368e-11
8366, 2016-09-13 14:00:00, 5.2231e-11
8367, 2016-09-13 15:00:00, 5.20943e-11
8368, 2016-09-13 16:00:00, 5.1958e-11
8369, 2016-09-13 17:00:00, 5.18219e-11
8370, 2016-09-13 18:00:00, 5.16862e-11
8371, 2016-09-13 19:00:00, 5.1551e-11
8372, 2016-09-13 20:00:00, 5.1416e-11
8373, 2016-09-13 21:00:00, 5.12815e-11
8374, 2016-09-13 22:00:00, 5.11473e-11
8375, 2016-09-13 23:00:00, 5.10134e-11
8376, 2016-09-14 00:00:00, 5.08799e-11
8377, 2016-09-14 01:00:00, 5.07467e-11
8378, 2016-09-14 02:00:00, 5.06139e-11
8379, 2016-09-14 03:00:00, 5.04814e-11
8380, 2016-09-14 04:00:00, 5.03492e-11
8381, 2016-09-14 05:00:00, 5.02175e-11
8382, 2016-09-14 06:00:00, 5.00861e-11
8383, 2016-09-14 07:00:00, 4.9955e-11
8384, 2016-09-14 08:00:00, 4.98242e-11
8385, 2016-09-14 09:00:00, 4.96938e-11
8386, 2016-09-14 10:00:00, 4.95637e-11
8387, 2016-09-14 11:00:00, 4.94339e-11
8388, 2016-09-14 12:00:00, 4.93047e-11
8389, 2016-09-14 13:00:00, 4.91755e-11
8390, 2016-09-14 14:00:00, 4.90469e-11
8391, 2016-09-14 15:00:00, 4.89184e-11
8392, 2016-09-14 16:00:00, 4.87904e-11
8393, 2016-09-14 17:00:00, 4.86627e-11
8394, 2016-09-14 18:00:00, 4.85353e-11
8395, 2016-09-14 19:00:00, 4.84083e-11
8396, 2016-09-14 20:00:00, 4.82816e-11
8397, 2016-09-14 21:00:00, 0.00271644
8398, 2016-09-14 22:00:00, 0.00123475
8399, 2016-09-14 23:00:00, 0.000987798
8400, 2016-09-15 00:00:00, 4.77781e-11
8401, 2016-09-15 01:00:00, 4.7653e-11
8402, 2016-09-15 02:00:00, 4.75283e-11
8403, 2016-09-15 03:00:00, 4.7404e-11
8404, 2016-09-15 04:00:00, 4.72798e-11
8405, 2016-09-15 05:00:00, 4.71561e-11
8406, 2016-09-15 06:00:00, 4.70326e-11
8407, 2016-09-15 07:00:00, 4.69096e-11
8408, 2016-09-15 08:00:00, 4.67868e-11
8409, 2016-09-15 09:00:00, 4.66643e-11
8410, 2016-09-15 10:00:00, 4.65422e-11
8411, 2016-09-15 11:00:00, 4.64204e-11
8412, 2016-09-15 12:00:00, 4.62989e-11
8413, 2016-09-15 13:00:00, 4.61777e-11
8414, 2016-09-15 14:00:00, 4.60568e-11
8415, 2016-09-15 15:00:00, 4.59363e-11
8416, 2016-09-15 16:00:00, 4.58161e-11
8417, 2016-09-15 17:00:00, 4.56961e-11
8418, 2016-09-15 18:00:00, 4.55765e-11
8419, 2016-09-15 19:00:00, 4.54572e-11
8420, 2016-09-15 20:00:00, 4.53382e-11
8421, 2016-09-15 21:00:00, 4.52196e-11
8422, 2016-09-15 22:00:00, 4.51012e-11
8423, 2016-09-15 23:00:00, 4.49832e-11
8424, 2016-09-16 00:00:00, 4.48655e-11
8425, 2016-09-16 01:00:00, 4.4748e-11
8426, 2016-09-16 02:00:00, 4.46308e-11
8427, 2016-09-16 03:00:00, 4.45141e-11
8428, 2016-09-16 04:00:00, 4.43975e-11
8429, 2016-09-16 05:00:00, 4.42813e-11
8430, 2016-09-16 06:00:00, 4.41655e-11
8431, 2016-09-16 07:00:00, 4.40498e-11
8432, 2016-09-16 08:00:00, 4.39346e-11
8433, 2016-09-16 09:00:00, 4.38195e-11
8434, 2016-09-16 10:00:00, 4.37049e-11
8435, 2016-09-16 11:00:00, 4.35905e-11
8436, 2016-09-16 12:00:00, 4.34764e-11
8437, 2016-09-16 13:00:00, 4.33626e-11
8438, 2016-09-16 14:00:00, 4.3249e-11
8439, 2016-09-16 15:00:00, 4.31359e-11
8440, 2016-09-16 16:00:00, 4.3023e-11
8441, 2016-09-16 17:00:00, 4.29104e-11
8442, 2016-09-16 18:00:00, 4.27981e-11
8443, 2016-09-16 19:00:00, 4.2686e-11
8444, 2016-09-16 20:00:00, 4.25743e-11
8445, 2016-09-16 21:00:00, 4.24629e-11
8446, 2016-09-16 22:00:00, 4.23517e-11
8447, 2016-09-16 23:00:00, 4.22408e-11
8448, 2016-09-17 00:00:00, 4.21303e-11
8449, 2016-09-17 01:00:00, 4.202e-11
8450, 2016-09-17 02:00:00, 4.191e-11
8451, 2016-09-17 03:00:00, 4.18004e-11
8452, 2016-09-17 04:00:00, 4.16909e-11
8453, 2016-09-17 05:00:00, 4.15818e-11
8454, 2016-09-17 06:00:00, 4.1473e-11
8455, 2016-09-17 07:00:00, 4.13645e-11
8456, 2016-09-17 08:00:00, 4.12562e-11
8457, 2016-09-17 09:00:00, 4.11482e-11
8458, 2016-09-17 10:00:00, 4.10404e-11
8459, 2016-09-17 11:00:00, 4.09331e-11
8460, 2016-09-17 12:00:00, 4.0826e-11
8461, 2016-09-17 13:00:00, 4.07191e-11
8462, 2016-09-17 14:00:00, 4.06125e-11
8463, 2016-09-17 15:00:00, 4.05062e-11
8464, 2016-09-17 16:00:00, 4.04002e-11
8465, 2016-09-17 17:00:00, 4.02944e-11
8466, 2016-09-17 18:00:00, 4.0189e-11
8467, 2016-09-17 19:00:00, 4.00838e-11
8468, 2016-09-17 20:00:00, 3.99789e-11
8469, 2016-09-17 21:00:00, 3.98743e-11
8470, 2016-09-17 22:00:00, 3.97699e-11
8471, 2016-09-17 23:00:00, 3.96657e-11
8472, 2016-09-18 00:00:00, 3.95619e-11
8473, 2016-09-18 01:00:00, 3.94584e-11
8474, 2016-09-18 02:00:00, 3.93551e-11
8475, 2016-09-18 03:00:00, 3.92521e-11
8476, 2016-09-18 04:00:00, 3.91493e-11
8477, 2016-09-18 05:00:00, 3.90469e-11
8478, 2016-09-18 06:00:00, 1.99479e-08
8479, 2016-09-18 07:00:00, 3.10999e-08
8480, 2016-09-18 08:00:00, 1.38872e-07
8481, 2016-09-18 09:00:00, 1.5301e-07
8482, 2016-09-18 10:00:00, 2.783e-07
8483, 2016-09-18 11:00:00, 2.01012e-07
8484, 2016-09-18 12:00:00, 1.06912e-07
8485, 2016-09-18 13:00:00, 2.9312e-08
8486, 2016-09-18 14:00:00, 3.81366e-11
8487, 2016-09-18 15:00:00, 3.80369e-11
8488, 2016-09-18 16:00:00, 3.79373e-11
8489, 2016-09-18 17:00:00, 3.7838e-11
8490, 2016-09-18 18:00:00, 3.7739e-11
8491, 2016-09-18 19:00:00, 3.76402e-11
8492, 2016-09-18 20:00:00, 3.75417e-11
8493, 2016-09-18 21:00:00, 3.74434e-11
8494, 2016-09-18 22:00:00, 3.73454e-11
8495, 2016-09-18 23:00:00, 3.72477e-11
8496, 2016-09-19 00:00:00, 3.71501e-11
8497, 2016-09-19 01:00:00, 3.70529e-11
8498, 2016-09-19 02:00:00, 3.69559e-11
8499, 2016-09-19 03:00:00, 3.68592e-11
8500, 2016-09-19 04:00:00, 3.67628e-11
8501, 2016-09-19 05:00:00, 3.66665e-11
8502, 2016-09-19 06:00:00, 3.65705e-11
8503, 2016-09-19 07:00:00, 3.64747e-11
8504, 2016-09-19 08:00:00, 3.63793e-11
8505, 2016-09-19 09:00:00, 3.62841e-11
8506, 2016-09-19 10:00:00, 3.61892e-11
8507, 2016-09-19 11:00:00, 3.60945e-11
8508, 2016-09-19 12:00:00, 3.6e-11
8509, 2016-09-19 13:00:00, 3.59058e-11
8510, 2016-09-19 14:00:00, 0.0220522
8511, 2016-09-19 15:00:00, 0.0210217
8512, 2016-09-19 16:00:00, 0.0299105
8513, 2016-09-19 17:00:00, 0.0651279
8514, 2016-09-19 18:00:00, 0.103153
8515, 2016-09-19 19:00:00, 0.0683959
8516, 2016-09-19 20:00:00, 0.0336746
8517, 2016-09-19 21:00:00, 0.00578553
8518, 2016-09-19 22:00:00, 8.43346e-07
8519, 2016-09-19 23:00:00, 3.49769e-11
8520, 2016-09-20 00:00:00, 3.48853e-11
8521, 2016-09-20 01:00:00, 3.4794e-11
8522, 2016-09-20 02:00:00, 3.4703e-11
8523, 2016-09-20 03:00:00, 3.46122e-11
8524, 2016-09-20 04:00:00, 3.45216e-11
8525, 2016-09-20 05:00:00, 3.44312e-11
8526, 2016-09-20 06:00:00, 3.43411e-11
8527, 2016-09-20 07:00:00, 3.42512e-11
8528, 2016-09-20 08:00:00, 1.35853e-10
8529, 2016-09-20 09:00:00, 4.24952e-10
8530, 2016-09-20 10:00:00, 1.4832e-09
8531, 2016-09-20 11:00:00, 7.68147e-09
8532, 2016-09-20 12:00:00, 3.65017e-09
8533, 2016-09-20 13:00:00, 2.56155e-09
8534, 2016-09-20 14:00:00, 3.36286e-11
8535, 2016-09-20 15:00:00, 3.35405e-11
8536, 2016-09-20 16:00:00, 3.34527e-11
8537, 2016-09-20 17:00:00, 3.33652e-11
8538, 2016-09-20 18:00:00, 3.32779e-11
8539, 2016-09-20 19:00:00, 3.31908e-11
8540, 2016-09-20 20:00:00, 3.31039e-11
8541, 2016-09-20 21:00:00, 3.30173e-11
8542, 2016-09-20 22:00:00, 3.29308e-11
8543, 2016-09-20 23:00:00, 3.28446e-11
8544, 2016-09-21 00:00:00, 3.27587e-11
8545, 2016-09-21 01:00:00, 3.26729e-11
8546, 2016-09-21 02:00:00, 3.25874e-11
8547, 2016-09-21 03:00:00, 3.25021e-11
8548, 2016-09-21 04:00:00, 3.2417e-11
8549, 2016-09-21 05:00:00, 3.23322e-11
8550, 2016-09-21 06:00:00, 3.22476e-11
8551, 2016-09-21 07:00:00, 3.21632e-11
8552, 2016-09-21 08:00:00, 3.2079e-11
8553, 2016-09-21 09:00:00, 3.1995e-11
8554, 2016-09-21 10:00:00, 3.19113e-11
8555, 2016-09-21 11:00:00, 3.18278e-11
8556, 2016-09-21 12:00:00, 3.17444e-11
8557, 2016-09-21 13:00:00, 3.16613e-11
8558, 2016-09-21 14:00:00, 3.15785e-11
8559, 2016-09-21 15:00:00, 3.14958e-11
8560, 2016-09-21 16:00:00, 3.14134e-11
8561, 2016-09-21 17:00:00, 3.13312e-11
8562, 2016-09-21 18:00:00, 3.12492e-11
8563, 2016-09-21 19:00:00, 3.11674e-11
8564, 2016-09-21 20:00:00, 3.10857e-11
8565, 2016-09-21 21:00:00, 3.10045e-11
8566, 2016-09-21 22:00:00, 3.09232e-11
8567, 2016-09-21 23:00:00, 3.08423e-11
8568, 2016-09-22 00:00:00, 3.07616e-11
8569, 2016-09-22 01:00:00, 3.06811e-11
8570, 2016-09-22 02:00:00, 3.06008e-11
8571, 2016-09-22 03:00:00, 3.05207e-11
8572, 2016-09-22 04:00:00, 3.04408e-11
8573, 2016-09-22 05:00:00, 3.03611e-11
8574, 2016-09-22 06:00:00, 3.02816e-11
8575, 2016-09-22 07:00:00, 3.02024e-11
8576, 2016-09-22 08:00:00, 3.01234e-11
8577, 2016-09-22 09:00:00, 3.00445e-11
8578, 2016-09-22 10:00:00, 2.99659e-11
8579, 2016-09-22 11:00:00, 2.98874e-11
8580, 2016-09-22 12:00:00, 2.98092e-11
8581, 2016-09-22 13:00:00, 2.97312e-11
8582, 2016-09-22 14:00:00, 2.96534e-11
8583, 2016-09-22 15:00:00, 2.95758e-11
8584, 2016-09-22 16:00:00, 2.94984e-11
8585, 2016-09-22 17:00:00, 2.94212e-11
8586, 2016-09-22 18:00:00, 2.93441e-11
8587, 2016-09-22 19:00:00, 2.92673e-11
8588, 2016-09-22 20:00:00, 2.91907e-11
8589, 2016-09-22 21:00:00, 2.91144e-11
8590, 2016-09-22 22:00:00, 2.90381e-11
8591, 2016-09-22 23:00:00, 2.89621e-11
8592, 2016-09-23 00:00:00, 2.88863e-11
8593, 2016-09-23 01:00:00, 2.88108e-11
8594, 2016-09-23 02:00:00, 2.87353e-11
8595, 2016-09-23 03:00:00, 2.86601e-11
8596, 2016-09-23 04:00:00, 2.85851e-11
8597, 2016-09-23 05:00:00, 2.85102e-11
8598, 2016-09-23 06:00:00, 2.84356e-11
8599, 2016-09-23 07:00:00, 2.83612e-11
8600, 2016-09-23 08:00:00, 2.8287e-11
8601, 2016-09-23 09:00:00, 2.82129e-11
8602, 2016-09-23 10:00:00, 2.81391e-11
8603, 2016-09-23 11:00:00, 2.80654e-11
8604, 2016-09-23 12:00:00, 2.79919e-11
8605, 2016-09-23 13:00:00, 2.79187e-11
8606, 2016-09-23 14:00:00, 2.78456e-11
8607, 2016-09-23 15:00:00, 2.77728e-11
8608, 2016-09-23 16:00:00, 2.77001e-11
8609, 2016-09-23 17:00:00, 2.76275e-11
8610, 2016-09-23 18:00:00, 2.75553e-11
8611, 2016-09-23 19:00:00, 2.74831e-11
8612, 2016-09-23 20:00:00, 2.74111e-11
8613, 2016-09-23 21:00:00, 2.73395e-11
8614, 2016-09-23 22:00:00, 2.72679e-11
8615, 2016-09-23 23:00:00, 2.71965e-11
8616, 2016-09-24 00:00:00, 2.71253e-11
8617, 2016-09-24 01:00:00, 2.70543e-11
8618, 2016-09-24 02:00:00, 0.013654
8619, 2016-09-24 03:00:00, 0.00620635
8620, 2016-09-24 04:00:00, 0.00500817
8621, 2016-09-24 05:00:00, 0.00684494
8622, 2016-09-24 06:00:00, 0.0353983
8623, 2016-09-24 07:00:00, 0.0171548
8624, 2016-09-24 08:00:00, 0.0117383
8625, 2016-09-24 09:00:00, 2.6493e-11
8626, 2016-09-24 10:00:00, 2.64237e-11
8627, 2016-09-24 11:00:00, 2.63545e-11
8628, 2016-09-24 12:00:00, 2.62855e-11
8629, 2016-09-24 13:00:00, 2.62167e-11
8630, 2016-09-24 14:00:00, 2.61481e-11
8631, 2016-09-24 15:00:00, 2.60796e-11
8632, 2016-09-24 16:00:00, 2.60114e-11
8633, 2016-09-24 17:00:00, 2.59433e-11
8634, 2016-09-24 18:00:00, 2.58754e-11
8635, 2016-09-24 19:00:00, 2.58076e-11
8636, 2016-09-24 20:00:00, 2.57401e-11
8637, 2016-09-24 21:00:00, 2.56728e-11
8638, 2016-09-24 22:00:00, 2.56056e-11
8639, 2016-09-24 23:00:00, 2.55385e-11
8640, 2016-09-25 00:00:00, 2.54717e-11
8641, 2016-09-25 01:00:00, 2.5405e-11
8642, 2016-09-25 02:00:00, 2.53386e-11
8643, 2016-09-25 03:00:00, 2.52722e-11
8644, 2016-09-25 04:00:00, 2.52061e-11
8645, 2016-09-25 05:00:00, 2.514e-11
8646, 2016-09-25 06:00:00, 2.50742e-11
8647, 2016-09-25 07:00:00, 2.50087e-11
8648, 2016-09-25 08:00:00, 2.49432e-11
8649, 2016-09-25 09:00:00, 2.48779e-11
8650, 2016-09-25 10:00:00, 2.48128e-11
8651, 2016-09-25 11:00:00, 2.47478e-11
8652, 2016-09-25 12:00:00, 2.46831e-11
8653, 2016-09-25 13:00:00, 2.46185e-11
8654, 2016-09-25 14:00:00, 2.4554e-11
8655, 2016-09-25 15:00:00, 2.44898e-11
8656, 2016-09-25 16:00:00, 2.44257e-11
8657, 2016-09-25 17:00:00, 2.43617e-11
8658, 2016-09-25 18:00:00, 2.42979e-11
8659, 2016-09-25 19:00:00, 2.42343e-11
8660, 2016-09-25 20:00:00, 2.41709e-11
8661, 2016-09-25 21:00:00, 2.41077e-11
8662, 2016-09-25 22:00:00, 2.40446e-11
8663, 2016-09-25 23:00:00, 2.39817e-11
8664, 2016-09-26 00:00:00, 2.39189e-11
8665, 2016-09-26 01:00:00, 2.38563e-11
8666, 2016-09-26 02:00:00, 2.37938e-11
8667, 2016-09-26 03:00:00, 2.37315e-11
8668, 2016-09-26 04:00:00, 2.36694e-11
8669, 2016-09-26 05:00:00, 2.36075e-11
8670, 2016-09-26 06:00:00, 2.35457e-11
8671, 2016-09-26 07:00:00, 2.34841e-11
8672, 2016-09-26 08:00:00, 2.34226e-11
8673, 2016-09-26 09:00:00, 2.33613e-11
8674, 2016-09-26 10:00:00, 2.33002e-11
8675, 2016-09-26 11:00:00, 2.32392e-11
8676, 2016-09-26 12:00:00, 2.31783e-11
8677, 2016-09-26 13:00:00, 2.31176e-11
8678, 2016-09-26 14:00:00, 2.30572e-11
8679, 2016-09-26 15:00:00, 2.29968e-11
8680, 2016-09-26 16:00:00, 2.29366e-11
8681, 2016-09-26 17:00:00, 2.28766e-11
8682, 2016-09-26 18:00:00, 2.28167e-11
8683, 2016-09-26 19:00:00, 2.27569e-11
8684, 2016-09-26 20:00:00, 2.26974e-11
8685, 2016-09-26 21:00:00, 2.2638e-11
8686, 2016-09-26 22:00:00, 2.25787e-11
8687, 2016-09-26 23:00:00, 2.25197e-11
8688, 2016-09-27 00:00:00, 2.24607e-11
8689, 2016-09-27 01:00:00, 2.2402e-11
8690, 2016-09-27 02:00:00, 2.23433e-11
8691, 2016-09-27 03:00:00, 2.22848e-11
8692, 2016-09-27 04:00:00, 2.22265e-11
8693, 2016-09-27 05:00:00, 2.21683e-11
8694, 2016-09-27 06:00:00, 2.21103e-11
8695, 2016-09-27 07:00:00, 2.20525e-11
8696, 2016-09-27 08:00:00, 2.19947e-11
8697, 2016-09-27 09:00:00, 0.000594241
8698, 2016-09-27 10:00:00, 0.0922673
8699, 2016-09-27 11:00:00, 0.129126
8700, 2016-09-27 12:00:00, 0.0730412
8701, 2016-09-27 13:00:00, 0.0316701
8702, 2016-09-27 14:00:00, 1.42657e-10
8703, 2016-09-27 15:00:00, 2.15948e-11
8704, 2016-09-27 16:00:00, 2.15383e-11
8705, 2016-09-27 17:00:00, 2.14819e-11
8706, 2016-09-27 18:00:00, 2.14257e-11
8707, 2016-09-27 19:00:00, 2.13696e-11
8708, 2016-09-27 20:00:00, 2.13138e-11
8709, 2016-09-27 21:00:00, 2.12579e-11
8710, 2016-09-27 22:00:00, 2.12023e-11
8711, 2016-09-27 23:00:00, 2.11468e-11
8712, 2016-09-28 00:00:00, 2.10914e-11
8713, 2016-09-28 01:00:00, 2.10363e-11
8714, 2016-09-28 02:00:00, 2.09812e-11
8715, 2016-09-28 03:00:00, 2.09262e-11
8716, 2016-09-28 04:00:00, 2.08715e-11
8717, 2016-09-28 05:00:00, 6.83667e-08
8718, 2016-09-28 06:00:00, 1.11419e-07
8719, 2016-09-28 07:00:00, 1.31025e-07
8720, 2016-09-28 08:00:00, 1.49249e-07
8721, 2016-09-28 09:00:00, 7.02236e-08
8722, 2016-09-28 10:00:00, 1.36429e-07
8723, 2016-09-28 11:00:00, 4.81591e-08
8724, 2016-09-28 12:00:00, 3.71597e-08
8725, 2016-09-28 13:00:00, 2.0385e-11
8726, 2016-09-28 14:00:00, 2.03316e-11
8727, 2016-09-28 15:00:00, 2.02784e-11
8728, 2016-09-28 16:00:00, 2.02252e-11
8729, 2016-09-28 17:00:00, 2.01724e-11
8730, 2016-09-28 18:00:00, 2.01196e-11
8731, 2016-09-28 19:00:00, 2.00669e-11
8732, 2016-09-28 20:00:00, 2.00144e-11
8733, 2016-09-28 21:00:00, 1.9962e-11
8734, 2016-09-28 22:00:00, 1.99098e-11
8735, 2016-09-28 23:00:00, 1.98576e-11
8736, 2016-09-29 00:00:00, 1.98057e-11
8737, 2016-09-29 01:00:00, 1.97538e-11
8738, 2016-09-29 02:00:00, 1.9702e-11
8739, 2016-09-29 03:00:00, 1.96506e-11
8740, 2016-09-29 04:00:00, 1.95991e-11
8741, 2016-09-29 05:00:00, 1.95478e-11
8742, 2016-09-29 06:00:00, 1.94966e-11
8743, 2016-09-29 07:00:00, 1.94456e-11
8744, 2016-09-29 08:00:00, 1.93947e-11
8745, 2016-09-29 09:00:00, 1.93439e-11
8746, 2016-09-29 10:00:00, 1.92934e-11
8747, 2016-09-29 11:00:00, 1.92429e-11
8748, 2016-09-29 12:00:00, 1.91925e-11
8749, 2016-09-29 13:00:00, 1.91423e-11
8750, 2016-09-29 14:00:00, 1.90922e-11
8751, 2016-09-29 15:00:00, 1.90421e-11
8752, 2016-09-29 16:00:00, 1.89923e-11
8753, 2016-09-29 17:00:00, 1.89426e-11
8754, 2016-09-29 18:00:00, 1.88931e-11
8755, 2016-09-29 19:00:00, 1.88436e-11
8756, 2016-09-29 20:00:00, 1.87943e-11
8757, 2016-09-29 21:00:00, 1.8745e-11
8758, 2016-09-29 22:00:00, 1.8696e-11
8759, 2016-09-29 23:00:00, 1.86471e-11
8760, 2016-09-30 00:00:00, 1.85982e-11
8761, 2016-09-30 01:00:00, 1.85495e-11
8762, 2016-09-30 02:00:00, 1.8501e-11
8763, 2016-09-30 03:00:00, 1.84526e-11
8764, 2016-09-30 04:00:00, 1.84043e-11
8765, 2016-09-30 05:00:00, 1.83561e-11
8766, 2016-09-30 06:00:00, 1.83081e-11
8767, 2016-09-30 07:00:00, 1.82601e-11
8768, 2016-09-30 08:00:00, 1.82124e-11
8769, 2016-09-30 09:00:00, 1.81647e-11
8770, 2016-09-30 10:00:00, 1.81172e-11
8771, 2016-09-30 11:00:00, 1.80698e-11
8772, 2016-09-30 12:00:00, 1.80224e-11
8773, 2016-09-30 13:00:00, 1.79753e-11
8774, 2016-09-30 14:00:00, 1.79282e-11
8775, 2016-09-30 15:00:00, 1.78812e-11
8776, 2016-09-30 16:00:00, 1.78345e-11
8777, 2016-09-30 17:00:00, 1.77879e-11
8778, 2016-09-30 18:00:00, 0.00246533
8779, 2016-09-30 19:00:00, 0.00283714
8780, 2016-09-30 20:00:00, 0.00168166
8781, 2016-09-30 21:00:00, 0.000662028
8782, 2016-09-30 22:00:00, 1.79701e-05
8783, 2016-09-30 23:00:00, 0.00120272
8784, 2016-10-01 00:00:00, 0.00218947
8785, 2016-10-01 01:00:00, 0.00122435
8786, 2016-10-01 02:00:00, 0.000721703
8787, 2016-10-01 03:00:00, 0.000639782
8788, 2016-10-01 04:00:00, 0.00336784
8789, 2016-10-01 05:00:00, 0.0159964
8790, 2016-10-01 06:00:00, 0.00807949
8791, 2016-10-01 07:00:00, 0.00550537
8792, 2016-10-01 08:00:00, 0.000229433
8793, 2016-10-01 09:00:00, 0.0155923
8794, 2016-10-01 10:00:00, 0.00708342
8795, 2016-10-01 11:00:00, 0.00565418
8796, 2016-10-01 12:00:00, 1.10806e-06
8797, 2016-10-01 13:00:00, 1.68794e-11
8798, 2016-10-01 14:00:00, 1.68353e-11
8799, 2016-10-01 15:00:00, 1.67912e-11
8800, 2016-10-01 16:00:00, 1.67472e-11
8801, 2016-10-01 17:00:00, 1.67034e-11
8802, 2016-10-01 18:00:00, 1.66597e-11
8803, 2016-10-01 19:00:00, 1.66161e-11
8804, 2016-10-01 20:00:00, 1.65726e-11
8805, 2016-10-01 21:00:00, 1.65292e-11
8806, 2016-10-01 22:00:00, 1.64859e-11
8807, 2016-10-01 23:00:00, 1.64428e-11
8808, 2016-10-02 00:00:00, 1.63998e-11
8809, 2016-10-02 01:00:00, 1.63568e-11
8810, 2016-10-02 02:00:00, 1.63141e-11
8811, 2016-10-02 03:00:00, 1.62713e-11
8812, 2016-10-02 04:00:00, 1.62288e-11
8813, 2016-10-02 05:00:00, 1.61863e-11
8814, 2016-10-02 06:00:00, 1.61439e-11
8815, 2016-10-02 07:00:00, 1.61016e-11
8816, 2016-10-02 08:00:00, 1.60595e-11
8817, 2016-10-02 09:00:00, 1.60174e-11
8818, 2016-10-02 10:00:00, 1.59755e-11
8819, 2016-10-02 11:00:00, 1.59338e-11
8820, 2016-10-02 12:00:00, 1.5892e-11
8821, 2016-10-02 13:00:00, 1.58504e-11
8822, 2016-10-02 14:00:00, 1.5809e-11
8823, 2016-10-02 15:00:00, 1.57675e-11
8824, 2016-10-02 16:00:00, 1.57263e-11
8825, 2016-10-02 17:00:00, 1.56852e-11
8826, 2016-10-02 18:00:00, 1.56441e-11
8827, 2016-10-02 19:00:00, 1.56031e-11
8828, 2016-10-02 20:00:00, 1.55623e-11
8829, 2016-10-02 21:00:00, 1.55215e-11
8830, 2016-10-02 22:00:00, 1.54809e-11
8831, 2016-10-02 23:00:00, 1.54404e-11
8832, 2016-10-03 00:00:00, 1.54e-11
8833, 2016-10-03 01:00:00, 1.53597e-11
8834, 2016-10-03 02:00:00, 2.80255e-09
8835, 2016-10-03 03:00:00, 1.31988e-08
8836, 2016-10-03 04:00:00, 2.23987e-08
8837, 2016-10-03 05:00:00, 4.04743e-08
8838, 2016-10-03 06:00:00, 4.28088e-08
8839, 2016-10-03 07:00:00, 7.46972e-08
8840, 2016-10-03 08:00:00, 9.01673e-08
8841, 2016-10-03 09:00:00, 8.51014e-08
8842, 2016-10-03 10:00:00, 7.95628e-08
8843, 2016-10-03 11:00:00, 4.34358e-08
8844, 2016-10-03 12:00:00, 1.95843e-08
8845, 2016-10-03 13:00:00, 3.8301e-09
8846, 2016-10-03 14:00:00, 1.48451e-11
8847, 2016-10-03 15:00:00, 1.48063e-11
8848, 2016-10-03 16:00:00, 1.47676e-11
8849, 2016-10-03 17:00:00, 1.47289e-11
8850, 2016-10-03 18:00:00, 1.46904e-11
8851, 2016-10-03 19:00:00, 1.46519e-11
8852, 2016-10-03 20:00:00, 1.46136e-11
8853, 2016-10-03 21:00:00, 1.45753e-11
8854, 2016-10-03 22:00:00, 5.86216e-06
8855, 2016-10-03 23:00:00, 0.755387
8856, 2016-10-04 00:00:00, 0.398763
8857, 2016-10-04 01:00:00, 0.299946
8858, 2016-10-04 02:00:00, 0.020182
8859, 2016-10-04 03:00:00, 2.78325e-05
8860, 2016-10-04 04:00:00, 1.43104e-11
8861, 2016-10-04 05:00:00, 1.42729e-11
8862, 2016-10-04 06:00:00, 1.42355e-11
8863, 2016-10-04 07:00:00, 1.41983e-11
8864, 2016-10-04 08:00:00, 1.41611e-11
8865, 2016-10-04 09:00:00, 1.41241e-11
8866, 2016-10-04 10:00:00, 1.40871e-11
8867, 2016-10-04 11:00:00, 1.40502e-11
8868, 2016-10-04 12:00:00, 1.40135e-11
8869, 2016-10-04 13:00:00, 1.39767e-11
8870, 2016-10-04 14:00:00, 1.39401e-11
8871, 2016-10-04 15:00:00, 1.39037e-11
8872, 2016-10-04 16:00:00, 1.38673e-11
8873, 2016-10-04 17:00:00, 1.3831e-11
8874, 2016-10-04 18:00:00, 1.37948e-11
8875, 2016-10-04 19:00:00, 1.37587e-11
8876, 2016-10-04 20:00:00, 1.37227e-11
8877, 2016-10-04 21:00:00, 1.36868e-11
8878, 2016-10-04 22:00:00, 1.3651e-11
8879, 2016-10-04 23:00:00, 1.36152e-11
8880, 2016-10-05 00:00:00, 1.35796e-11
8881, 2016-10-05 01:00:00, 1.3544e-11
8882, 2016-10-05 02:00:00, 1.35086e-11
8883, 2016-10-05 03:00:00, 1.34732e-11
8884, 2016-10-05 04:00:00, 1.3438e-11
8885, 2016-10-05 05:00:00, 1.34028e-11
8886, 2016-10-05 06:00:00, 1.33677e-11
8887, 2016-10-05 07:00:00, 1.33327e-11
8888, 2016-10-05 08:00:00, 1.32979e-11
8889, 2016-10-05 09:00:00, 1.32631e-11
8890, 2016-10-05 10:00:00, 1.32283e-11
8891, 2016-10-05 11:00:00, 1.31936e-11
8892, 2016-10-05 12:00:00, 1.31591e-11
8893, 2016-10-05 13:00:00, 1.31248e-11
8894, 2016-10-05 14:00:00, 1.30904e-11
8895, 2016-10-05 15:00:00, 1.30561e-11
8896, 2016-10-05 16:00:00, 1.30219e-11
8897, 2016-10-05 17:00:00, 1.29879e-11
8898, 2016-10-05 18:00:00, 1.29539e-11
8899, 2016-10-05 19:00:00, 1.292e-11
8900, 2016-10-05 20:00:00, 1.28861e-11
8901, 2016-10-05 21:00:00, 1.28524e-11
8902, 2016-10-05 22:00:00, 1.28188e-11
8903, 2016-10-05 23:00:00, 1.27853e-11
8904, 2016-10-06 00:00:00, 1.27517e-11
8905, 2016-10-06 01:00:00, 1.27184e-11
8906, 2016-10-06 02:00:00, 1.26851e-11
8907, 2016-10-06 03:00:00, 1.26518e-11
8908, 2016-10-06 04:00:00, 1.26187e-11
8909, 2016-10-06 05:00:00, 1.25857e-11
8910, 2016-10-06 06:00:00, 1.25528e-11
8911, 2016-10-06 07:00:00, 1.25199e-11
8912, 2016-10-06 08:00:00, 1.24872e-11
8913, 2016-10-06 09:00:00, 1.24545e-11
8914, 2016-10-06 10:00:00, 1.24219e-11
8915, 2016-10-06 11:00:00, 1.23894e-11
8916, 2016-10-06 12:00:00, 1.2357e-11
8917, 2016-10-06 13:00:00, 1.23246e-11
8918, 2016-10-06 14:00:00, 1.22923e-11
8919, 2016-10-06 15:00:00, 1.22602e-11
8920, 2016-10-06 16:00:00, 1.2228e-11
8921, 2016-10-06 17:00:00, 1.2196e-11
8922, 2016-10-06 18:00:00, 1.21641e-11
8923, 2016-10-06 19:00:00, 1.21323e-11
8924, 2016-10-06 20:00:00, 1.21005e-11
8925, 2016-10-06 21:00:00, 1.20689e-11
8926, 2016-10-06 22:00:00, 1.20373e-11
8927, 2016-10-06 23:00:00, 1.20058e-11
8928, 2016-10-07 00:00:00, 1.19744e-11
8929, 2016-10-07 01:00:00, 1.1943e-11
8930, 2016-10-07 02:00:00, 1.19118e-11
8931, 2016-10-07 03:00:00, 1.18806e-11
8932, 2016-10-07 04:00:00, 1.18495e-11
8933, 2016-10-07 05:00:00, 1.18185e-11
8934, 2016-10-07 06:00:00, 1.17875e-11
8935, 2016-10-07 07:00:00, 1.17567e-11
8936, 2016-10-07 08:00:00, 1.1726e-11
8937, 2016-10-07 09:00:00, 1.16952e-11
8938, 2016-10-07 10:00:00, 1.16646e-11
8939, 2016-10-07 11:00:00, 1.16341e-11
8940, 2016-10-07 12:00:00, 1.16036e-11
8941, 2016-10-07 13:00:00, 1.15732e-11
8942, 2016-10-07 14:00:00, 1.1543e-11
8943, 2016-10-07 15:00:00, 1.15128e-11
8944, 2016-10-07 16:00:00, 1.14826e-11
8945, 2016-10-07 17:00:00, 1.14526e-11
8946, 2016-10-07 18:00:00, 1.14226e-11
8947, 2016-10-07 19:00:00, 1.13927e-11
8948, 2016-10-07 20:00:00, 1.13628e-11
8949, 2016-10-07 21:00:00, 1.13332e-11
8950, 2016-10-07 22:00:00, 1.13034e-11
8951, 2016-10-07 23:00:00, 1.12739e-11
8952, 2016-10-08 00:00:00, 1.12444e-11
8953, 2016-10-08 01:00:00, 1.12149e-11
8954, 2016-10-08 02:00:00, 1.11856e-11
8955, 2016-10-08 03:00:00, 1.11563e-11
8956, 2016-10-08 04:00:00, 1.11271e-11
8957, 2016-10-08 05:00:00, 1.1098e-11
8958, 2016-10-08 06:00:00, 1.1069e-11
8959, 2016-10-08 07:00:00, 1.104e-11
8960, 2016-10-08 08:00:00, 1.10111e-11
8961, 2016-10-08 09:00:00, 1.09823e-11
8962, 2016-10-08 10:00:00, 1.81252e-10
8963, 2016-10-08 11:00:00, 8.83332e-11
8964, 2016-10-08 12:00:00, 7.2823e-11
8965, 2016-10-08 13:00:00, 1.08677e-11
8966, 2016-10-08 14:00:00, 1.08392e-11
8967, 2016-10-08 15:00:00, 1.08109e-11
8968, 2016-10-08 16:00:00, 1.07826e-11
8969, 2016-10-08 17:00:00, 1.07544e-11
8970, 2016-10-08 18:00:00, 1.07262e-11
8971, 2016-10-08 19:00:00, 1.06981e-11
8972, 2016-10-08 20:00:00, 0.000115194
8973, 2016-10-08 21:00:00, 0.00534537
8974, 2016-10-08 22:00:00, 0.0024478
8975, 2016-10-08 23:00:00, 0.00192473
8976, 2016-10-09 00:00:00, 1.19667e-05
8977, 2016-10-09 01:00:00, 0.0285572
8978, 2016-10-09 02:00:00, 0.0131747
8979, 2016-10-09 03:00:00, 0.0107419
8980, 2016-10-09 04:00:00, 0.000711995
8981, 2016-10-09 05:00:00, 0.000735207
8982, 2016-10-09 06:00:00, 0.00324926
8983, 2016-10-09 07:00:00, 0.00309379
8984, 2016-10-09 08:00:00, 0.00267381
8985, 2016-10-09 09:00:00, 0.00105445
8986, 2016-10-09 10:00:00, 0.000503375
8987, 2016-10-09 11:00:00, 0.00772003
8988, 2016-10-09 12:00:00, 0.00795971
8989, 2016-10-09 13:00:00, 0.0581227
8990, 2016-10-09 14:00:00, 0.0498027
8991, 2016-10-09 15:00:00, 0.0785791
8992, 2016-10-09 16:00:00, 0.0513537
8993, 2016-10-09 17:00:00, 0.0514232
8994, 2016-10-09 18:00:00, 0.0303675
8995, 2016-10-09 19:00:00, 0.0481802
8996, 2016-10-09 20:00:00, 0.106195
8997, 2016-10-09 21:00:00, 0.178858
8998, 2016-10-09 22:00:00, 0.160851
8999, 2016-10-09 23:00:00, 0.0788546
9000, 2016-10-10 00:00:00, 0.0260595
9001, 2016-10-10 01:00:00, 2.36021e-05
9002, 2016-10-10 02:00:00, 9.86341e-12
9003, 2016-10-10 03:00:00, 9.83753e-12
9004, 2016-10-10 04:00:00, 9.81178e-12
9005, 2016-10-10 05:00:00, 9.78609e-12
9006, 2016-10-10 06:00:00, 9.76048e-12
9007, 2016-10-10 07:00:00, 9.73496e-12
9008, 2016-10-10 08:00:00, 9.7095e-12
9009, 2016-10-10 09:00:00, 9.68403e-12
9010, 2016-10-10 10:00:00, 9.6587e-12
9011, 2016-10-10 11:00:00, 9.63343e-12
9012, 2016-10-10 12:00:00, 9.60824e-12
9013, 2016-10-10 13:00:00, 9.58305e-12
9014, 2016-10-10 14:00:00, 9.558e-12
9015, 2016-10-10 15:00:00, 9.53295e-12
9016, 2016-10-10 16:00:00, 9.50804e-12
9017, 2016-10-10 17:00:00, 9.48313e-12
9018, 2016-10-10 18:00:00, 9.45836e-12
9019, 2016-10-10 19:00:00, 9.43359e-12
9020, 2016-10-10 20:00:00, 9.40882e-12
9021, 2016-10-10 21:00:00, 9.38419e-12
9022, 2016-10-10 22:00:00, 9.3597e-12
9023, 2016-10-10 23:00:00, 9.33521e-12
9024, 2016-10-11 00:00:00, 9.31071e-12
9025, 2016-10-11 01:00:00, 9.28636e-12
9026, 2016-10-11 02:00:00, 9.26206e-12
9027, 2016-10-11 03:00:00, 9.23784e-12
9028, 2016-10-11 04:00:00, 9.21363e-12
9029, 2016-10-11 05:00:00, 9.18955e-12
9030, 2016-10-11 06:00:00, 9.16548e-12
9031, 2016-10-11 07:00:00, 9.14149e-12
9032, 2016-10-11 08:00:00, 9.11761e-12
9033, 2016-10-11 09:00:00, 9.09367e-12
9034, 2016-10-11 10:00:00, 9.06987e-12
9035, 2016-10-11 11:00:00, 9.04613e-12
9036, 2016-10-11 12:00:00, 9.02242e-12
9037, 2016-10-11 13:00:00, 8.99881e-12
9038, 2016-10-11 14:00:00, 8.97529e-12
9039, 2016-10-11 15:00:00, 8.95178e-12
9040, 2016-10-11 16:00:00, 8.92835e-12
9041, 2016-10-11 17:00:00, 8.90502e-12
9042, 2016-10-11 18:00:00, 8.88173e-12
9043, 2016-10-11 19:00:00, 8.8584e-12
9044, 2016-10-11 20:00:00, 8.8353e-12
9045, 2016-10-11 21:00:00, 8.81215e-12
9046, 2016-10-11 22:00:00, 8.7891e-12
9047, 2016-10-11 23:00:00, 8.76609e-12
9048, 2016-10-12 00:00:00, 8.74317e-12
9049, 2016-10-12 01:00:00, 8.72021e-12
9050, 2016-10-12 02:00:00, 8.69739e-12
9051, 2016-10-12 03:00:00, 8.67471e-12
9052, 2016-10-12 04:00:00, 8.65193e-12
9053, 2016-10-12 05:00:00, 8.62934e-12
9054, 2016-10-12 06:00:00, 8.60671e-12
9055, 2016-10-12 07:00:00, 8.58416e-12
9056, 2016-10-12 08:00:00, 8.56171e-12
9057, 2016-10-12 09:00:00, 8.5393e-12
9058, 2016-10-12 10:00:00, 8.51695e-12
9059, 2016-10-12 11:00:00, 8.49468e-12
9060, 2016-10-12 12:00:00, 8.47242e-12
9061, 2016-10-12 13:00:00, 8.45029e-12
9062, 2016-10-12 14:00:00, 8.42816e-12
9063, 2016-10-12 15:00:00, 8.40604e-12
9064, 2016-10-12 16:00:00, 8.38405e-12
9065, 2016-10-12 17:00:00, 8.36206e-12
9066, 2016-10-12 18:00:00, 8.34021e-12
9067, 2016-10-12 19:00:00, 8.31837e-12
9068, 2016-10-12 20:00:00, 8.29666e-12
9069, 2016-10-12 21:00:00, 8.27495e-12
9070, 2016-10-12 22:00:00, 8.25324e-12
9071, 2016-10-12 23:00:00, 8.23167e-12
9072, 2016-10-13 00:00:00, 8.2101e-12
9073, 2016-10-13 01:00:00, 8.18867e-12
9074, 2016-10-13 02:00:00, 8.16724e-12
9075, 2016-10-13 03:00:00, 8.14581e-12
9076, 2016-10-13 04:00:00, 8.12451e-12
9077, 2016-10-13 05:00:00, 8.10322e-12
9078, 2016-10-13 06:00:00, 8.08198e-12
9079, 2016-10-13 07:00:00, 8.06083e-12
9080, 2016-10-13 08:00:00, 8.03982e-12
9081, 2016-10-13 09:00:00, 8.01875e-12
9082, 2016-10-13 10:00:00, 8.41747e-08
9083, 2016-10-13 11:00:00, 1.59716e-07
9084, 2016-10-13 12:00:00, 8.58185e-08
9085, 2016-10-13 13:00:00, 4.41716e-08
9086, 2016-10-13 14:00:00, 7.91429e-12
9087, 2016-10-13 15:00:00, 7.89361e-12
9088, 2016-10-13 16:00:00, 7.87296e-12
9089, 2016-10-13 17:00:00, 7.85237e-12
9090, 2016-10-13 18:00:00, 7.83177e-12
9091, 2016-10-13 19:00:00, 7.81131e-12
9092, 2016-10-13 20:00:00, 7.79086e-12
9093, 2016-10-13 21:00:00, 7.77045e-12
9094, 2016-10-13 22:00:00, 7.75013e-12
9095, 2016-10-13 23:00:00, 7.72981e-12
9096, 2016-10-14 00:00:00, 7.70964e-12
9097, 2016-10-14 01:00:00, 7.68946e-12
9098, 2016-10-14 02:00:00, 7.66928e-12
9099, 2016-10-14 03:00:00, 7.64924e-12
9100, 2016-10-14 04:00:00, 7.6292e-12
9101, 2016-10-14 05:00:00, 7.6093e-12
9102, 2016-10-14 06:00:00, 7.58926e-12
9103, 2016-10-14 07:00:00, 7.5695e-12
9104, 2016-10-14 08:00:00, 7.5496e-12
9105, 2016-10-14 09:00:00, 7.52984e-12
9106, 2016-10-14 10:00:00, 7.51022e-12
9107, 2016-10-14 11:00:00, 7.49051e-12
9108, 2016-10-14 12:00:00, 7.47089e-12
9109, 2016-10-14 13:00:00, 7.45135e-12
9110, 2016-10-14 14:00:00, 7.43187e-12
9111, 2016-10-14 15:00:00, 7.41239e-12
9112, 2016-10-14 16:00:00, 7.39305e-12
9113, 2016-10-14 17:00:00, 7.37361e-12
9114, 2016-10-14 18:00:00, 7.35436e-12
9115, 2016-10-14 19:00:00, 7.33506e-12
9116, 2016-10-14 20:00:00, 7.31586e-12
9117, 2016-10-14 21:00:00, 7.2968e-12
9118, 2016-10-14 22:00:00, 7.27768e-12
9119, 2016-10-14 23:00:00, 7.25867e-12
9120, 2016-10-15 00:00:00, 7.2396e-12
9121, 2016-10-15 01:00:00, 7.22067e-12
9122, 2016-10-15 02:00:00, 7.20175e-12
9123, 2016-10-15 03:00:00, 7.18296e-12
9124, 2016-10-15 04:00:00, 7.16409e-12
9125, 2016-10-15 05:00:00, 7.14539e-12
9126, 2016-10-15 06:00:00, 7.12665e-12
9127, 2016-10-15 07:00:00, 7.108e-12
9128, 2016-10-15 08:00:00, 7.08945e-12
9129, 2016-10-15 09:00:00, 7.07085e-12
9130, 2016-10-15 10:00:00, 7.05234e-12
9131, 2016-10-15 11:00:00, 7.03392e-12
9132, 2016-10-15 12:00:00, 7.01546e-12
9133, 2016-10-15 13:00:00, 6.99709e-12
9134, 2016-10-15 14:00:00, 6.97881e-12
9135, 2016-10-15 15:00:00, 6.96049e-12
9136, 2016-10-15 16:00:00, 6.94226e-12
9137, 2016-10-15 17:00:00, 6.92417e-12
9138, 2016-10-15 18:00:00, 6.90603e-12
9139, 2016-10-15 19:00:00, 6.88799e-12
9140, 2016-10-15 20:00:00, 6.8699e-12
9141, 2016-10-15 21:00:00, 6.85195e-12
9142, 2016-10-15 22:00:00, 6.834e-12
9143, 2016-10-15 23:00:00, 6.81604e-12
9144, 2016-10-16 00:00:00, 6.79823e-12
9145, 2016-10-16 01:00:00, 6.78042e-12
9146, 2016-10-16 02:00:00, 6.76275e-12
9147, 2016-10-16 03:00:00, 6.74507e-12
9148, 2016-10-16 04:00:00, 6.7274e-12
9149, 2016-10-16 05:00:00, 6.70972e-12
9150, 2016-10-16 06:00:00, 6.69219e-12
9151, 2016-10-16 07:00:00, 6.67466e-12
9152, 2016-10-16 08:00:00, 6.65717e-12
9153, 2016-10-16 09:00:00, 6.63978e-12
9154, 2016-10-16 10:00:00, 6.62238e-12
9155, 2016-10-16 11:00:00, 9.88764e-09
9156, 2016-10-16 12:00:00, 4.49797e-09
9157, 2016-10-16 13:00:00, 3.59967e-09
9158, 2016-10-16 14:00:00, 6.55336e-12
9159, 2016-10-16 15:00:00, 6.53619e-12
9160, 2016-10-16 16:00:00, 6.51912e-12
9161, 2016-10-16 17:00:00, 6.50201e-12
9162, 2016-10-16 18:00:00, 6.48503e-12
9163, 2016-10-16 19:00:00, 6.46805e-12
9164, 2016-10-16 20:00:00, 6.45107e-12
9165, 2016-10-16 21:00:00, 6.43424e-12
9166, 2016-10-16 22:00:00, 6.4174e-12
9167, 2016-10-16 23:00:00, 6.40056e-12
9168, 2016-10-17 00:00:00, 6.38386e-12
9169, 2016-10-17 01:00:00, 6.36716e-12
9170, 2016-10-17 02:00:00, 6.35046e-12
9171, 2016-10-17 03:00:00, 6.33381e-12
9172, 2016-10-17 04:00:00, 6.31725e-12
9173, 2016-10-17 05:00:00, 6.30069e-12
9174, 2016-10-17 06:00:00, 6.28422e-12
9175, 2016-10-17 07:00:00, 6.2678e-12
9176, 2016-10-17 08:00:00, 6.25138e-12
9177, 2016-10-17 09:00:00, 6.23501e-12
9178, 2016-10-17 10:00:00, 6.21868e-12
9179, 2016-10-17 11:00:00, 6.20244e-12
9180, 2016-10-17 12:00:00, 6.18616e-12
9181, 2016-10-17 13:00:00, 6.17002e-12
9182, 2016-10-17 14:00:00, 6.15388e-12
9183, 2016-10-17 15:00:00, 6.13773e-12
9184, 2016-10-17 16:00:00, 6.12168e-12
9185, 2016-10-17 17:00:00, 6.10559e-12
9186, 2016-10-17 18:00:00, 6.08972e-12
9187, 2016-10-17 19:00:00, 6.07372e-12
9188, 2016-10-17 20:00:00, 6.05786e-12
9189, 2016-10-17 21:00:00, 6.04199e-12
9190, 2016-10-17 22:00:00, 6.02613e-12
9191, 2016-10-17 23:00:00, 6.0104e-12
9192, 2016-10-18 00:00:00, 5.99468e-12
9193, 2016-10-18 01:00:00, 5.97895e-12
9194, 2016-10-18 02:00:00, 5.96328e-12
9195, 2016-10-18 03:00:00, 5.94769e-12
9196, 2016-10-18 04:00:00, 5.9321e-12
9197, 2016-10-18 05:00:00, 5.91661e-12
9198, 2016-10-18 06:00:00, 5.90116e-12
9199, 2016-10-18 07:00:00, 5.88571e-12
9200, 2016-10-18 08:00:00, 5.87027e-12
9201, 2016-10-18 09:00:00, 5.85487e-12
9202, 2016-10-18 10:00:00, 5.83956e-12
9203, 2016-10-18 11:00:00, 5.82425e-12
9204, 2016-10-18 12:00:00, 5.80909e-12
9205, 2016-10-18 13:00:00, 5.79387e-12
9206, 2016-10-18 14:00:00, 5.7787e-12
9207, 2016-10-18 15:00:00, 5.76358e-12
9208, 2016-10-18 16:00:00, 5.74841e-12
9209, 2016-10-18 17:00:00, 5.73338e-12
9210, 2016-10-18 18:00:00, 5.71835e-12
9211, 2016-10-18 19:00:00, 5.70346e-12
9212, 2016-10-18 20:00:00, 5.68857e-12
9213, 2016-10-18 21:00:00, 5.67368e-12
9214, 2016-10-18 22:00:00, 5.65879e-12
9215, 2016-10-18 23:00:00, 5.64395e-12
9216, 2016-10-19 00:00:00, 5.62915e-12
9217, 2016-10-19 01:00:00, 5.61445e-12
9218, 2016-10-19 02:00:00, 5.59979e-12
9219, 2016-10-19 03:00:00, 5.58509e-12
9220, 2016-10-19 04:00:00, 5.57047e-12
9221, 2016-10-19 05:00:00, 5.55595e-12
9222, 2016-10-19 06:00:00, 5.54134e-12
9223, 2016-10-19 07:00:00, 5.52687e-12
9224, 2016-10-19 08:00:00, 5.51239e-12
9225, 2016-10-19 09:00:00, 5.49797e-12
9226, 2016-10-19 10:00:00, 5.48359e-12
9227, 2016-10-19 11:00:00, 5.46925e-12
9228, 2016-10-19 12:00:00, 5.45492e-12
9229, 2016-10-19 13:00:00, 5.44064e-12
9230, 2016-10-19 14:00:00, 5.42639e-12
9231, 2016-10-19 15:00:00, 5.4122e-12
9232, 2016-10-19 16:00:00, 5.39805e-12
9233, 2016-10-19 17:00:00, 5.38386e-12
9234, 2016-10-19 18:00:00, 5.3698e-12
9235, 2016-10-19 19:00:00, 5.35575e-12
9236, 2016-10-19 20:00:00, 5.34169e-12
9237, 2016-10-19 21:00:00, 5.32778e-12
9238, 2016-10-19 22:00:00, 5.31386e-12
9239, 2016-10-19 23:00:00, 5.29994e-12
9240, 2016-10-20 00:00:00, 5.28603e-12
9241, 2016-10-20 01:00:00, 5.27225e-12
9242, 2016-10-20 02:00:00, 5.25834e-12
9243, 2016-10-20 03:00:00, 5.24461e-12
9244, 2016-10-20 04:00:00, 5.23092e-12
9245, 2016-10-20 05:00:00, 5.21719e-12
9246, 2016-10-20 06:00:00, 5.20356e-12
9247, 2016-10-20 07:00:00, 5.18992e-12
9248, 2016-10-20 08:00:00, 5.17637e-12
9249, 2016-10-20 09:00:00, 5.16278e-12
9250, 2016-10-20 10:00:00, 5.14928e-12
9251, 2016-10-20 11:00:00, 5.13578e-12
9252, 2016-10-20 12:00:00, 5.12238e-12
9253, 2016-10-20 13:00:00, 5.10893e-12
9254, 2016-10-20 14:00:00, 5.09557e-12
9255, 2016-10-20 15:00:00, 5.08221e-12
9256, 2016-10-20 16:00:00, 5.06894e-12
9257, 2016-10-20 17:00:00, 5.05572e-12
9258, 2016-10-20 18:00:00, 5.04241e-12
9259, 2016-10-20 19:00:00, 5.02928e-12
9260, 2016-10-20 20:00:00, 5.01611e-12
9261, 2016-10-20 21:00:00, 5.00298e-12
9262, 2016-10-20 22:00:00, 4.9898e-12
9263, 2016-10-20 23:00:00, 4.97681e-12
9264, 2016-10-21 00:00:00, 4.96378e-12
9265, 2016-10-21 01:00:00, 4.95084e-12
9266, 2016-10-21 02:00:00, 4.93776e-12
9267, 2016-10-21 03:00:00, 4.92496e-12
9268, 2016-10-21 04:00:00, 4.91201e-12
9269, 2016-10-21 05:00:00, 4.89921e-12
9270, 2016-10-21 06:00:00, 4.88632e-12
9271, 2016-10-21 07:00:00, 4.87352e-12
9272, 2016-10-21 08:00:00, 4.8608e-12
9273, 2016-10-21 09:00:00, 7.85296e-09
9274, 2016-10-21 10:00:00, 2.10455e-07
9275, 2016-10-21 11:00:00, 4.12415e-07
9276, 2016-10-21 12:00:00, 3.04972e-07
9277, 2016-10-21 13:00:00, 9.91293e-05
9278, 2016-10-21 14:00:00, 4.50202e-05
9279, 2016-10-21 15:00:00, 3.5991e-05
9280, 2016-10-21 16:00:00, 4.75991e-12
9281, 2016-10-21 17:00:00, 4.74744e-12
9282, 2016-10-21 18:00:00, 4.73505e-12
9283, 2016-10-21 19:00:00, 0.00324305
9284, 2016-10-21 20:00:00, 0.00147411
9285, 2016-10-21 21:00:00, 0.369659
9286, 2016-10-21 22:00:00, 3.97784
9287, 2016-10-21 23:00:00, 5.71131
9288, 2016-10-22 00:00:00, 3.35005
9289, 2016-10-22 01:00:00, 1.4986
9290, 2016-10-22 02:00:00, 0.0803096
9291, 2016-10-22 03:00:00, 0.00109502
9292, 2016-10-22 04:00:00, 0.000305044
9293, 2016-10-22 05:00:00, 3.69881e-05
9294, 2016-10-22 06:00:00, 5.09329e-07
9295, 2016-10-22 07:00:00, 4.57641e-12
9296, 2016-10-22 08:00:00, 1.56766e-10
9297, 2016-10-22 09:00:00, 7.37351e-11
9298, 2016-10-22 10:00:00, 5.98868e-11
9299, 2016-10-22 11:00:00, 4.52868e-12
9300, 2016-10-22 12:00:00, 4.51685e-12
9301, 2016-10-22 13:00:00, 4.50502e-12
9302, 2016-10-22 14:00:00, 4.49324e-12
9303, 2016-10-22 15:00:00, 4.4815e-12
9304, 2016-10-22 16:00:00, 0.00491095
9305, 2016-10-22 17:00:00, 0.00223225
9306, 2016-10-22 18:00:00, 0.0017858
9307, 2016-10-22 19:00:00, 4.43474e-12
9308, 2016-10-22 20:00:00, 4.42319e-12
9309, 2016-10-22 21:00:00, 4.41155e-12
9310, 2016-10-22 22:00:00, 4.4e-12
9311, 2016-10-22 23:00:00, 4.38854e-12
9312, 2016-10-23 00:00:00, 4.37699e-12
9313, 2016-10-23 01:00:00, 4.36558e-12
9314, 2016-10-23 02:00:00, 4.35417e-12
9315, 2016-10-23 03:00:00, 3.48509e-07
9316, 2016-10-23 04:00:00, 0.000284008
9317, 2016-10-23 05:00:00, 0.0042538
9318, 2016-10-23 06:00:00, 0.00197806
9319, 2016-10-23 07:00:00, 0.00149987
9320, 2016-10-23 08:00:00, 0.000807637
9321, 2016-10-23 09:00:00, 0.000442267
9322, 2016-10-23 10:00:00, 0.00032785
9323, 2016-10-23 11:00:00, 2.73308e-05
9324, 2016-10-23 12:00:00, 4.2415e-12
9325, 2016-10-23 13:00:00, 4.23036e-12
9326, 2016-10-23 14:00:00, 4.21937e-12
9327, 2016-10-23 15:00:00, 4.20824e-12
9328, 2016-10-23 16:00:00, 4.19724e-12
9329, 2016-10-23 17:00:00, 4.18625e-12
9330, 2016-10-23 18:00:00, 4.17526e-12
9331, 2016-10-23 19:00:00, 4.1644e-12
9332, 2016-10-23 20:00:00, 4.15355e-12
9333, 2016-10-23 21:00:00, 4.1426e-12
9334, 2016-10-23 22:00:00, 4.13184e-12
9335, 2016-10-23 23:00:00, 4.12098e-12
9336, 2016-10-24 00:00:00, 4.11013e-12
9337, 2016-10-24 01:00:00, 4.09941e-12
9338, 2016-10-24 02:00:00, 4.0887e-12
9339, 2016-10-24 03:00:00, 4.07798e-12
9340, 2016-10-24 04:00:00, 4.06732e-12
9341, 2016-10-24 05:00:00, 4.05669e-12
9342, 2016-10-24 06:00:00, 4.04602e-12
9343, 2016-10-24 07:00:00, 4.03545e-12
9344, 2016-10-24 08:00:00, 0.0001071
9345, 2016-10-24 09:00:00, 0.011054
9346, 2016-10-24 10:00:00, 0.00525926
9347, 2016-10-24 11:00:00, 0.00410098
9348, 2016-10-24 12:00:00, 7.92348e-05
9349, 2016-10-24 13:00:00, 3.9725e-12
9350, 2016-10-24 14:00:00, 3.96211e-12
9351, 2016-10-24 15:00:00, 3.95176e-12
9352, 2016-10-24 16:00:00, 3.94138e-12
9353, 2016-10-24 17:00:00, 3.93108e-12
9354, 2016-10-24 18:00:00, 3.92078e-12
9355, 2016-10-24 19:00:00, 3.91048e-12
9356, 2016-10-24 20:00:00, 3.90032e-12
9357, 2016-10-24 21:00:00, 3.89003e-12
9358, 2016-10-24 22:00:00, 3.87987e-12
9359, 2016-10-24 23:00:00, 3.86971e-12
9360, 2016-10-25 00:00:00, 3.85964e-12
9361, 2016-10-25 01:00:00, 3.84953e-12
9362, 2016-10-25 02:00:00, 3.83946e-12
9363, 2016-10-25 03:00:00, 3.82935e-12
9364, 2016-10-25 04:00:00, 3.81933e-12
9365, 2016-10-25 05:00:00, 3.80931e-12
9366, 2016-10-25 06:00:00, 3.79943e-12
9367, 2016-10-25 07:00:00, 3.78941e-12
9368, 2016-10-25 08:00:00, 3.77953e-12
9369, 2016-10-25 09:00:00, 3.76965e-12
9370, 2016-10-25 10:00:00, 3.75977e-12
9371, 2016-10-25 11:00:00, 3.74989e-12
9372, 2016-10-25 12:00:00, 3.74015e-12
9373, 2016-10-25 13:00:00, 3.73032e-12
9374, 2016-10-25 14:00:00, 3.72053e-12
9375, 2016-10-25 15:00:00, 3.71079e-12
9376, 2016-10-25 16:00:00, 3.70109e-12
9377, 2016-10-25 17:00:00, 3.69144e-12
9378, 2016-10-25 18:00:00, 3.68175e-12
9379, 2016-10-25 19:00:00, 3.6721e-12
9380, 2016-10-25 20:00:00, 3.6625e-12
9381, 2016-10-25 21:00:00, 3.6529e-12
9382, 2016-10-25 22:00:00, 3.64334e-12
9383, 2016-10-25 23:00:00, 3.63383e-12
9384, 2016-10-26 00:00:00, 3.62437e-12
9385, 2016-10-26 01:00:00, 3.61481e-12
9386, 2016-10-26 02:00:00, 3.60535e-12
9387, 2016-10-26 03:00:00, 3.59598e-12
9388, 2016-10-26 04:00:00, 3.58652e-12
9389, 2016-10-26 05:00:00, 3.5771e-12
9390, 2016-10-26 06:00:00, 3.56778e-12
9391, 2016-10-26 07:00:00, 3.55845e-12
9392, 2016-10-26 08:00:00, 3.54913e-12
9393, 2016-10-26 09:00:00, 3.53981e-12
9394, 2016-10-26 10:00:00, 3.53057e-12
9395, 2016-10-26 11:00:00, 3.5213e-12
9396, 2016-10-26 12:00:00, 3.51211e-12
9397, 2016-10-26 13:00:00, 3.50293e-12
9398, 2016-10-26 14:00:00, 3.49375e-12
9399, 2016-10-26 15:00:00, 3.48456e-12
9400, 2016-10-26 16:00:00, 3.47551e-12
9401, 2016-10-26 17:00:00, 3.46633e-12
9402, 2016-10-26 18:00:00, 3.45728e-12
9403, 2016-10-26 19:00:00, 3.44824e-12
9404, 2016-10-26 20:00:00, 3.43919e-12
9405, 2016-10-26 21:00:00, 3.43029e-12
9406, 2016-10-26 22:00:00, 3.42124e-12
9407, 2016-10-26 23:00:00, 3.41234e-12
9408, 2016-10-27 00:00:00, 3.40343e-12
9409, 2016-10-27 01:00:00, 3.39452e-12
9410, 2016-10-27 02:00:00, 3.38562e-12
9411, 2016-10-27 03:00:00, 3.37671e-12
9412, 2016-10-27 04:00:00, 3.36794e-12
9413, 2016-10-27 05:00:00, 3.35904e-12
9414, 2016-10-27 06:00:00, 3.35027e-12
9415, 2016-10-27 07:00:00, 3.3415e-12
9416, 2016-10-27 08:00:00, 3.33274e-12
9417, 2016-10-27 09:00:00, 3.32402e-12
9418, 2016-10-27 10:00:00, 3.31534e-12
9419, 2016-10-27 11:00:00, 3.30671e-12
9420, 2016-10-27 12:00:00, 3.298e-12
9421, 2016-10-27 13:00:00, 3.28937e-12
9422, 2016-10-27 14:00:00, 3.28074e-12
9423, 2016-10-27 15:00:00, 3.2722e-12
9424, 2016-10-27 16:00:00, 3.26362e-12
9425, 2016-10-27 17:00:00, 0.000542983
9426, 2016-10-27 18:00:00, 0.000874009
9427, 2016-10-27 19:00:00, 0.00802923
9428, 2016-10-27 20:00:00, 0.0204259
9429, 2016-10-27 21:00:00, 0.075137
9430, 2016-10-27 22:00:00, 0.139778
9431, 2016-10-27 23:00:00, 0.10361
9432, 2016-10-28 00:00:00, 0.13926
9433, 2016-10-28 01:00:00, 0.0736286
9434, 2016-10-28 02:00:00, 0.041912
9435, 2016-10-28 03:00:00, 0.0331161
9436, 2016-10-28 04:00:00, 0.0886346
9437, 2016-10-28 05:00:00, 0.189757
9438, 2016-10-28 06:00:00, 0.13767
9439, 2016-10-28 07:00:00, 0.0809864
9440, 2016-10-28 08:00:00, 0.0195642
9441, 2016-10-28 09:00:00, 0.00302574
9442, 2016-10-28 10:00:00, 2.13035e-05
9443, 2016-10-28 11:00:00, 8.63143e-06
9444, 2016-10-28 12:00:00, 6.89258e-06
9445, 2016-10-28 13:00:00, 3.08884e-12
9446, 2016-10-28 14:00:00, 3.08077e-12
9447, 2016-10-28 15:00:00, 3.07269e-12
9448, 2016-10-28 16:00:00, 3.06462e-12
9449, 2016-10-28 17:00:00, 3.05669e-12
9450, 2016-10-28 18:00:00, 3.04862e-12
9451, 2016-10-28 19:00:00, 3.04069e-12
9452, 2016-10-28 20:00:00, 3.03275e-12
9453, 2016-10-28 21:00:00, 3.02482e-12
9454, 2016-10-28 22:00:00, 3.01689e-12
9455, 2016-10-28 23:00:00, 3.00896e-12
9456, 2016-10-29 00:00:00, 3.00103e-12
9457, 2016-10-29 01:00:00, 2.99323e-12
9458, 2016-10-29 02:00:00, 2.98544e-12
9459, 2016-10-29 03:00:00, 2.97751e-12
9460, 2016-10-29 04:00:00, 2.96971e-12
9461, 2016-10-29 05:00:00, 2.96197e-12
9462, 2016-10-29 06:00:00, 2.95427e-12
9463, 2016-10-29 07:00:00, 2.94647e-12
9464, 2016-10-29 08:00:00, 2.93882e-12
9465, 2016-10-29 09:00:00, 2.93108e-12
9466, 2016-10-29 10:00:00, 2.92342e-12
9467, 2016-10-29 11:00:00, 2.91577e-12
9468, 2016-10-29 12:00:00, 2.90812e-12
9469, 2016-10-29 13:00:00, 2.90055e-12
9470, 2016-10-29 14:00:00, 2.89295e-12
9471, 2016-10-29 15:00:00, 2.88538e-12
9472, 2016-10-29 16:00:00, 2.87787e-12
9473, 2016-10-29 17:00:00, 2.87026e-12
9474, 2016-10-29 18:00:00, 2.86275e-12
9475, 2016-10-29 19:00:00, 2.85532e-12
9476, 2016-10-29 20:00:00, 2.84781e-12
9477, 2016-10-29 21:00:00, 2.84034e-12
9478, 2016-10-29 22:00:00, 2.83292e-12
9479, 2016-10-29 23:00:00, 2.82554e-12
9480, 2016-10-30 00:00:00, 2.81808e-12
9481, 2016-10-30 01:00:00, 2.8107e-12
9482, 2016-10-30 02:00:00, 2.80342e-12
9483, 2016-10-30 03:00:00, 2.79604e-12
9484, 2016-10-30 04:00:00, 2.78872e-12
9485, 2016-10-30 05:00:00, 2.78143e-12
9486, 2016-10-30 06:00:00, 2.7741e-12
9487, 2016-10-30 07:00:00, 2.76687e-12
9488, 2016-10-30 08:00:00, 2.75963e-12
9489, 2016-10-30 09:00:00, 2.75239e-12
9490, 2016-10-30 10:00:00, 2.74516e-12
9491, 2016-10-30 11:00:00, 2.73806e-12
9492, 2016-10-30 12:00:00, 2.73082e-12
9493, 2016-10-30 13:00:00, 2.72373e-12
9494, 2016-10-30 14:00:00, 2.71663e-12
9495, 2016-10-30 15:00:00, 2.70948e-12
9496, 2016-10-30 16:00:00, 2.70244e-12
9497, 2016-10-30 17:00:00, 2.69534e-12
9498, 2016-10-30 18:00:00, 2.68824e-12
9499, 2016-10-30 19:00:00, 2.68123e-12
9500, 2016-10-30 20:00:00, 2.67419e-12
9501, 2016-10-30 21:00:00, 0.0464383
9502, 2016-10-30 22:00:00, 0.0302662
9503, 2016-10-30 23:00:00, 0.0613496
9504, 2016-10-31 00:00:00, 0.04902
9505, 2016-10-31 01:00:00, 0.0630923
9506, 2016-10-31 02:00:00, 0.0284857
9507, 2016-10-31 03:00:00, 0.0140761
9508, 2016-10-31 04:00:00, 0.000789315
9509, 2016-10-31 05:00:00, 2.61184e-12
9510, 2016-10-31 06:00:00, 2.60502e-12
9511, 2016-10-31 07:00:00, 2.5982e-12
9512, 2016-10-31 08:00:00, 2.59139e-12
9513, 2016-10-31 09:00:00, 2.58462e-12
9514, 2016-10-31 10:00:00, 2.57789e-12
9515, 2016-10-31 11:00:00, 2.57107e-12
9516, 2016-10-31 12:00:00, 2.56439e-12
9517, 2016-10-31 13:00:00, 2.55771e-12
9518, 2016-10-31 14:00:00, 2.55103e-12
9519, 2016-10-31 15:00:00, 2.54435e-12
9520, 2016-10-31 16:00:00, 2.53767e-12
9521, 2016-10-31 17:00:00, 2.53099e-12
9522, 2016-10-31 18:00:00, 2.52436e-12
9523, 2016-10-31 19:00:00, 2.51777e-12
9524, 2016-10-31 20:00:00, 2.51114e-12
9525, 2016-10-31 21:00:00, 2.5046e-12
9526, 2016-10-31 22:00:00, 2.49806e-12
9527, 2016-10-31 23:00:00, 2.49152e-12
9528, 2016-11-01 00:00:00, 2.48498e-12
9529, 2016-11-01 01:00:00, 2.47853e-12
9530, 2016-11-01 02:00:00, 2.47199e-12
9531, 2016-11-01 03:00:00, 2.46549e-12
9532, 2016-11-01 04:00:00, 2.45909e-12
9533, 2016-11-01 05:00:00, 2.45264e-12
9534, 2016-11-01 06:00:00, 2.44624e-12
9535, 2016-11-01 07:00:00, 2.43984e-12
9536, 2016-11-01 08:00:00, 2.43344e-12
9537, 2016-11-01 09:00:00, 2.42709e-12
9538, 2016-11-01 10:00:00, 2.42068e-12
9539, 2016-11-01 11:00:00, 2.41437e-12
9540, 2016-11-01 12:00:00, 2.40802e-12
9541, 2016-11-01 13:00:00, 2.40176e-12
9542, 2016-11-01 14:00:00, 2.3955e-12
9543, 2016-11-01 15:00:00, 2.38919e-12
9544, 2016-11-01 16:00:00, 2.38297e-12
9545, 2016-11-01 17:00:00, 2.37671e-12
9546, 2016-11-01 18:00:00, 2.37045e-12
9547, 2016-11-01 19:00:00, 2.36428e-12
9548, 2016-11-01 20:00:00, 2.35806e-12
9549, 2016-11-01 21:00:00, 2.35194e-12
9550, 2016-11-01 22:00:00, 2.34577e-12
9551, 2016-11-01 23:00:00, 2.33964e-12
9552, 2016-11-02 00:00:00, 2.33352e-12
9553, 2016-11-02 01:00:00, 2.3274e-12
9554, 2016-11-02 02:00:00, 2.32132e-12
9555, 2016-11-02 03:00:00, 2.3152e-12
9556, 2016-11-02 04:00:00, 2.30922e-12
9557, 2016-11-02 05:00:00, 2.30309e-12
9558, 2016-11-02 06:00:00, 2.29711e-12
9559, 2016-11-02 07:00:00, 2.29113e-12
9560, 2016-11-02 08:00:00, 3.48367e-08
9561, 2016-11-02 09:00:00, 1.58361e-08
9562, 2016-11-02 10:00:00, 1.26693e-08
9563, 2016-11-02 11:00:00, 2.26719e-12
9564, 2016-11-02 12:00:00, 2.26121e-12
9565, 2016-11-02 13:00:00, 2.25536e-12
9566, 2016-11-02 14:00:00, 2.24938e-12
9567, 2016-11-02 15:00:00, 2.24353e-12
9568, 2016-11-02 16:00:00, 2.23769e-12
9569, 2016-11-02 17:00:00, 2.23184e-12
9570, 2016-11-02 18:00:00, 2.226e-12
9571, 2016-11-02 19:00:00, 2.22015e-12
9572, 2016-11-02 20:00:00, 2.21431e-12
9573, 2016-11-02 21:00:00, 2.20851e-12
9574, 2016-11-02 22:00:00, 2.20276e-12
9575, 2016-11-02 23:00:00, 2.19696e-12
9576, 2016-11-03 00:00:00, 2.19121e-12
9577, 2016-11-03 01:00:00, 2.1855e-12
9578, 2016-11-03 02:00:00, 2.1798e-12
9579, 2016-11-03 03:00:00, 2.17409e-12
9580, 2016-11-03 04:00:00, 2.16839e-12
9581, 2016-11-03 05:00:00, 2.16268e-12
9582, 2016-11-03 06:00:00, 2.15702e-12
9583, 2016-11-03 07:00:00, 2.15141e-12
9584, 2016-11-03 08:00:00, 2.14575e-12
9585, 2016-11-03 09:00:00, 2.14014e-12
9586, 2016-11-03 10:00:00, 2.13457e-12
9587, 2016-11-03 11:00:00, 2.129e-12
9588, 2016-11-03 12:00:00, 2.12344e-12
9589, 2016-11-03 13:00:00, 2.11787e-12
9590, 2016-11-03 14:00:00, 2.1123e-12
9591, 2016-11-03 15:00:00, 2.10674e-12
9592, 2016-11-03 16:00:00, 2.10122e-12
9593, 2016-11-03 17:00:00, 2.09574e-12
9594, 2016-11-03 18:00:00, 2.09023e-12
9595, 2016-11-03 19:00:00, 2.0848e-12
9596, 2016-11-03 20:00:00, 2.07932e-12
9597, 2016-11-03 21:00:00, 2.0739e-12
9598, 2016-11-03 22:00:00, 2.06847e-12
9599, 2016-11-03 23:00:00, 2.06304e-12
9600, 2016-11-04 00:00:00, 2.05766e-12
9601, 2016-11-04 01:00:00, 2.05224e-12
9602, 2016-11-04 02:00:00, 2.0469e-12
9603, 2016-11-04 03:00:00, 2.04152e-12
9604, 2016-11-04 04:00:00, 2.03618e-12
9605, 2016-11-04 05:00:00, 2.0309e-12
9606, 2016-11-04 06:00:00, 2.02552e-12
9607, 2016-11-04 07:00:00, 2.02023e-12
9608, 2016-11-04 08:00:00, 2.01494e-12
9609, 2016-11-04 09:00:00, 2.00965e-12
9610, 2016-11-04 10:00:00, 2.00445e-12
9611, 2016-11-04 11:00:00, 1.99922e-12
9612, 2016-11-04 12:00:00, 1.99393e-12
9613, 2016-11-04 13:00:00, 1.98873e-12
9614, 2016-11-04 14:00:00, 1.98349e-12
9615, 2016-11-04 15:00:00, 1.97834e-12
9616, 2016-11-04 16:00:00, 1.97319e-12
9617, 2016-11-04 17:00:00, 1.96799e-12
9618, 2016-11-04 18:00:00, 1.96285e-12
9619, 2016-11-04 19:00:00, 1.95775e-12
9620, 2016-11-04 20:00:00, 1.9526e-12
9621, 2016-11-04 21:00:00, 1.94745e-12
9622, 2016-11-04 22:00:00, 1.94239e-12
9623, 2016-11-04 23:00:00, 1.93729e-12
9624, 2016-11-05 00:00:00, 1.93223e-12
9625, 2016-11-05 01:00:00, 1.92713e-12
9626, 2016-11-05 02:00:00, 1.92212e-12
9627, 2016-11-05 03:00:00, 1.91711e-12
9628, 2016-11-05 04:00:00, 1.9121e-12
9629, 2016-11-05 05:00:00, 1.90709e-12
9630, 2016-11-05 06:00:00, 1.90208e-12
9631, 2016-11-05 07:00:00, 1.89707e-12
9632, 2016-11-05 08:00:00, 1.89206e-12
9633, 2016-11-05 09:00:00, 1.88719e-12
9634, 2016-11-05 10:00:00, 1.88218e-12
9635, 2016-11-05 11:00:00, 1.87731e-12
9636, 2016-11-05 12:00:00, 1.87244e-12
9637, 2016-11-05 13:00:00, 1.86743e-12
9638, 2016-11-05 14:00:00, 1.86256e-12
9639, 2016-11-05 15:00:00, 1.85769e-12
9640, 2016-11-05 16:00:00, 1.85282e-12
9641, 2016-11-05 17:00:00, 1.848e-12
9642, 2016-11-05 18:00:00, 1.84322e-12
9643, 2016-11-05 19:00:00, 1.83835e-12
9644, 2016-11-05 20:00:00, 1.83352e-12
9645, 2016-11-05 21:00:00, 1.82874e-12
9646, 2016-11-05 22:00:00, 1.82401e-12
9647, 2016-11-05 23:00:00, 1.81914e-12
9648, 2016-11-06 00:00:00, 1.81441e-12
9649, 2016-11-06 01:00:00, 1.80968e-12
9650, 2016-11-06 02:00:00, 1.80495e-12
9651, 2016-11-06 03:00:00, 1.80022e-12
9652, 2016-11-06 04:00:00, 1.79548e-12
9653, 2016-11-06 05:00:00, 1.7908e-12
9654, 2016-11-06 06:00:00, 1.78616e-12
9655, 2016-11-06 07:00:00, 1.78143e-12
9656, 2016-11-06 08:00:00, 0.0288415
9657, 2016-11-06 09:00:00, 0.0131098
9658, 2016-11-06 10:00:00, 0.0104878
9659, 2016-11-06 11:00:00, 1.76283e-12
9660, 2016-11-06 12:00:00, 1.75824e-12
9661, 2016-11-06 13:00:00, 8.00635e-05
9662, 2016-11-06 14:00:00, 3.63925e-05
9663, 2016-11-06 15:00:00, 2.9114e-05
9664, 2016-11-06 16:00:00, 1.73996e-12
9665, 2016-11-06 17:00:00, 1.73537e-12
9666, 2016-11-06 18:00:00, 1.73082e-12
9667, 2016-11-06 19:00:00, 1.72632e-12
9668, 2016-11-06 20:00:00, 1.72178e-12
9669, 2016-11-06 21:00:00, 1.71728e-12
9670, 2016-11-06 22:00:00, 1.71273e-12
9671, 2016-11-06 23:00:00, 1.70828e-12
9672, 2016-11-07 00:00:00, 1.70383e-12
9673, 2016-11-07 01:00:00, 1.69937e-12
9674, 2016-11-07 02:00:00, 1.69492e-12
9675, 2016-11-07 03:00:00, 1.69047e-12
9676, 2016-11-07 04:00:00, 1.68601e-12
9677, 2016-11-07 05:00:00, 1.68165e-12
9678, 2016-11-07 06:00:00, 1.67725e-12
9679, 2016-11-07 07:00:00, 1.67279e-12
9680, 2016-11-07 08:00:00, 1.66848e-12
9681, 2016-11-07 09:00:00, 1.66412e-12
9682, 2016-11-07 10:00:00, 1.65971e-12
9683, 2016-11-07 11:00:00, 1.6554e-12
9684, 2016-11-07 12:00:00, 1.65108e-12
9685, 2016-11-07 13:00:00, 1.64677e-12
9686, 2016-11-07 14:00:00, 1.64246e-12
9687, 2016-11-07 15:00:00, 1.63814e-12
9688, 2016-11-07 16:00:00, 1.63383e-12
9689, 2016-11-07 17:00:00, 1.62952e-12
9690, 2016-11-07 18:00:00, 1.62529e-12
9691, 2016-11-07 19:00:00, 1.62103e-12
9692, 2016-11-07 20:00:00, 1.6168e-12
9693, 2016-11-07 21:00:00, 1.61254e-12
9694, 2016-11-07 22:00:00, 1.60836e-12
9695, 2016-11-07 23:00:00, 1.60414e-12
9696, 2016-11-08 00:00:00, 1.59996e-12
9697, 2016-11-08 01:00:00, 1.5957e-12
9698, 2016-11-08 02:00:00, 1.59152e-12
9699, 2016-11-08 03:00:00, 1.58744e-12
9700, 2016-11-08 04:00:00, 1.58326e-12
9701, 2016-11-08 05:00:00, 1.57914e-12
9702, 2016-11-08 06:00:00, 1.57496e-12
9703, 2016-11-08 07:00:00, 1.57088e-12
9704, 2016-11-08 08:00:00, 1.56675e-12
9705, 2016-11-08 09:00:00, 1.56267e-12
9706, 2016-11-08 10:00:00, 1.55854e-12
9707, 2016-11-08 11:00:00, 1.55451e-12
9708, 2016-11-08 12:00:00, 1.55042e-12
9709, 2016-11-08 13:00:00, 1.5463e-12
9710, 2016-11-08 14:00:00, 1.54226e-12
9711, 2016-11-08 15:00:00, 1.53823e-12
9712, 2016-11-08 16:00:00, 1.53419e-12
9713, 2016-11-08 17:00:00, 1.53024e-12
9714, 2016-11-08 18:00:00, 1.52626e-12
9715, 2016-11-08 19:00:00, 1.52222e-12
9716, 2016-11-08 20:00:00, 1.51819e-12
9717, 2016-11-08 21:00:00, 1.51429e-12
9718, 2016-11-08 22:00:00, 1.51025e-12
9719, 2016-11-08 23:00:00, 1.50636e-12
9720, 2016-11-09 00:00:00, 1.50246e-12
9721, 2016-11-09 01:00:00, 1.49843e-12
9722, 2016-11-09 02:00:00, 1.49453e-12
9723, 2016-11-09 03:00:00, 1.49063e-12
9724, 2016-11-09 04:00:00, 1.48674e-12
9725, 2016-11-09 05:00:00, 1.48284e-12
9726, 2016-11-09 06:00:00, 1.47894e-12
9727, 2016-11-09 07:00:00, 1.47505e-12
9728, 2016-11-09 08:00:00, 1.47129e-12
9729, 2016-11-09 09:00:00, 1.46739e-12
9730, 2016-11-09 10:00:00, 1.4635e-12
9731, 2016-11-09 11:00:00, 1.45974e-12
9732, 2016-11-09 12:00:00, 1.45584e-12
9733, 2016-11-09 13:00:00, 1.45208e-12
9734, 2016-11-09 14:00:00, 1.44833e-12
9735, 2016-11-09 15:00:00, 1.44448e-12
9736, 2016-11-09 16:00:00, 1.44067e-12
9737, 2016-11-09 17:00:00, 0.000117452
9738, 2016-11-09 18:00:00, 5.33872e-05
9739, 2016-11-09 19:00:00, 4.27098e-05
9740, 2016-11-09 20:00:00, 1.42564e-12
9741, 2016-11-09 21:00:00, 1.42194e-12
9742, 2016-11-09 22:00:00, 1.41827e-12
9743, 2016-11-09 23:00:00, 1.41451e-12
9744, 2016-11-10 00:00:00, 1.4108e-12
9745, 2016-11-10 01:00:00, 1.40714e-12
9746, 2016-11-10 02:00:00, 1.40343e-12
9747, 2016-11-10 03:00:00, 1.39976e-12
9748, 2016-11-10 04:00:00, 1.39614e-12
9749, 2016-11-10 05:00:00, 1.39243e-12
9750, 2016-11-10 06:00:00, 1.38877e-12
9751, 2016-11-10 07:00:00, 1.38515e-12
9752, 2016-11-10 08:00:00, 1.38153e-12
9753, 2016-11-10 09:00:00, 1.37791e-12
9754, 2016-11-10 10:00:00, 1.37429e-12
9755, 2016-11-10 11:00:00, 1.37073e-12
9756, 2016-11-10 12:00:00, 1.36711e-12
9757, 2016-11-10 13:00:00, 1.36358e-12
9758, 2016-11-10 14:00:00, 1.35996e-12
9759, 2016-11-10 15:00:00, 1.35639e-12
9760, 2016-11-10 16:00:00, 1.35286e-12
9761, 2016-11-10 17:00:00, 1.34938e-12
9762, 2016-11-10 18:00:00, 1.34582e-12
9763, 2016-11-10 19:00:00, 1.34229e-12
9764, 2016-11-10 20:00:00, 1.33881e-12
9765, 2016-11-10 21:00:00, 1.33524e-12
9766, 2016-11-10 22:00:00, 1.33176e-12
9767, 2016-11-10 23:00:00, 1.32828e-12
9768, 2016-11-11 00:00:00, 1.3248e-12
9769, 2016-11-11 01:00:00, 1.32132e-12
9770, 2016-11-11 02:00:00, 1.31784e-12
9771, 2016-11-11 03:00:00, 1.31445e-12
9772, 2016-11-11 04:00:00, 1.31098e-12
9773, 2016-11-11 05:00:00, 1.30755e-12
9774, 2016-11-11 06:00:00, 1.30416e-12
9775, 2016-11-11 07:00:00, 1.30073e-12
9776, 2016-11-11 08:00:00, 1.29734e-12
9777, 2016-11-11 09:00:00, 1.29391e-12
9778, 2016-11-11 10:00:00, 1.29057e-12
9779, 2016-11-11 11:00:00, 1.28718e-12
9780, 2016-11-11 12:00:00, 1.28375e-12
9781, 2016-11-11 13:00:00, 1.28041e-12
9782, 2016-11-11 14:00:00, 1.27707e-12
9783, 2016-11-11 15:00:00, 1.27373e-12
9784, 2016-11-11 16:00:00, 1.27039e-12
9785, 2016-11-11 17:00:00, 1.26705e-12
9786, 2016-11-11 18:00:00, 1.26371e-12
9787, 2016-11-11 19:00:00, 1.26046e-12
9788, 2016-11-11 20:00:00, 1.25717e-12
9789, 2016-11-11 21:00:00, 1.25383e-12
9790, 2016-11-11 22:00:00, 1.25058e-12
9791, 2016-11-11 23:00:00, 1.24729e-12
9792, 2016-11-12 00:00:00, 1.24404e-12
9793, 2016-11-12 01:00:00, 1.24075e-12
9794, 2016-11-12 02:00:00, 1.23755e-12
9795, 2016-11-12 03:00:00, 1.2343e-12
9796, 2016-11-12 04:00:00, 1.2311e-12
9797, 2016-11-12 05:00:00, 1.22781e-12
9798, 2016-11-12 06:00:00, 1.22461e-12
9799, 2016-11-12 07:00:00, 1.22141e-12
9800, 2016-11-12 08:00:00, 1.2182e-12
9801, 2016-11-12 09:00:00, 1.215e-12
9802, 2016-11-12 10:00:00, 1.21189e-12
9803, 2016-11-12 11:00:00, 1.20874e-12
9804, 2016-11-12 12:00:00, 1.20554e-12
9805, 2016-11-12 13:00:00, 1.20234e-12
9806, 2016-11-12 14:00:00, 1.19928e-12
9807, 2016-11-12 15:00:00, 1.19608e-12
9808, 2016-11-12 16:00:00, 1.19297e-12
9809, 2016-11-12 17:00:00, 1.18982e-12
9810, 2016-11-12 18:00:00, 1.18675e-12
9811, 2016-11-12 19:00:00, 1.18355e-12
9812, 2016-11-12 20:00:00, 1.18049e-12
9813, 2016-11-12 21:00:00, 1.17743e-12
9814, 2016-11-12 22:00:00, 1.17437e-12
9815, 2016-11-12 23:00:00, 1.17131e-12
9816, 2016-11-13 00:00:00, 1.16825e-12
9817, 2016-11-13 01:00:00, 1.16518e-12
9818, 2016-11-13 02:00:00, 1.16212e-12
9819, 2016-11-13 03:00:00, 1.15906e-12
9820, 2016-11-13 04:00:00, 1.156e-12
9821, 2016-11-13 05:00:00, 1.15294e-12
9822, 2016-11-13 06:00:00, 1.15002e-12
9823, 2016-11-13 07:00:00, 1.14695e-12
9824, 2016-11-13 08:00:00, 1.14403e-12
9825, 2016-11-13 09:00:00, 1.14097e-12
9826, 2016-11-13 10:00:00, 1.13805e-12
9827, 2016-11-13 11:00:00, 1.13499e-12
9828, 2016-11-13 12:00:00, 1.13206e-12
9829, 2016-11-13 13:00:00, 1.12905e-12
9830, 2016-11-13 14:00:00, 1.12608e-12
9831, 2016-11-13 15:00:00, 1.12316e-12
9832, 2016-11-13 16:00:00, 1.12024e-12
9833, 2016-11-13 17:00:00, 1.11731e-12
9834, 2016-11-13 18:00:00, 1.11439e-12
9835, 2016-11-13 19:00:00, 1.11147e-12
9836, 2016-11-13 20:00:00, 1.10855e-12
9837, 2016-11-13 21:00:00, 1.10562e-12
9838, 2016-11-13 22:00:00, 1.1027e-12
9839, 2016-11-13 23:00:00, 1.09992e-12
9840, 2016-11-14 00:00:00, 1.097e-12
9841, 2016-11-14 01:00:00, 1.09407e-12
9842, 2016-11-14 02:00:00, 1.09129e-12
9843, 2016-11-14 03:00:00, 1.08837e-12
9844, 2016-11-14 04:00:00, 1.08558e-12
9845, 2016-11-14 05:00:00, 1.08266e-12
9846, 2016-11-14 06:00:00, 1.07988e-12
9847, 2016-11-14 07:00:00, 1.0771e-12
9848, 2016-11-14 08:00:00, 1.07417e-12
9849, 2016-11-14 09:00:00, 1.07139e-12
9850, 2016-11-14 10:00:00, 1.06861e-12
9851, 2016-11-14 11:00:00, 1.06582e-12
9852, 2016-11-14 12:00:00, 1.06304e-12
9853, 2016-11-14 13:00:00, 1.06026e-12
9854, 2016-11-14 14:00:00, 1.05747e-12
9855, 2016-11-14 15:00:00, 1.05469e-12
9856, 2016-11-14 16:00:00, 1.05191e-12
9857, 2016-11-14 17:00:00, 1.04917e-12
9858, 2016-11-14 18:00:00, 1.04648e-12
9859, 2016-11-14 19:00:00, 1.0437e-12
9860, 2016-11-14 20:00:00, 1.04096e-12
9861, 2016-11-14 21:00:00, 1.03827e-12
9862, 2016-11-14 22:00:00, 1.03549e-12
9863, 2016-11-14 23:00:00, 1.03284e-12
9864, 2016-11-15 00:00:00, 1.03011e-12
9865, 2016-11-15 01:00:00, 1.02742e-12
9866, 2016-11-15 02:00:00, 1.02477e-12
9867, 2016-11-15 03:00:00, 1.02204e-12
9868, 2016-11-15 04:00:00, 1.01934e-12
9869, 2016-11-15 05:00:00, 1.0167e-12
9870, 2016-11-15 06:00:00, 1.01406e-12
9871, 2016-11-15 07:00:00, 1.01141e-12
9872, 2016-11-15 08:00:00, 1.00877e-12
9873, 2016-11-15 09:00:00, 1.00612e-12
9874, 2016-11-15 10:00:00, 1.00348e-12
9875, 2016-11-15 11:00:00, 1.00084e-12
9876, 2016-11-15 12:00:00, 9.98192e-13
9877, 2016-11-15 13:00:00, 9.95597e-13
9878, 2016-11-15 14:00:00, 9.93043e-13
9879, 2016-11-15 15:00:00, 0.000599004
9880, 2016-11-15 16:00:00, 0.00528942
9881, 2016-11-15 17:00:00, 0.00709527
9882, 2016-11-15 18:00:00, 0.134143
9883, 2016-11-15 19:00:00, 0.0819375
9884, 2016-11-15 20:00:00, 0.202284
9885, 2016-11-15 21:00:00, 0.235704
9886, 2016-11-15 22:00:00, 0.148196
9887, 2016-11-15 23:00:00, 0.0745308
9888, 2016-11-16 00:00:00, 0.0105987
9889, 2016-11-16 01:00:00, 0.00213423
9890, 2016-11-16 02:00:00, 0.000110851
9891, 2016-11-16 03:00:00, 6.24099e-05
9892, 2016-11-16 04:00:00, 4.08003e-05
9893, 2016-11-16 05:00:00, 9.68587e-06
9894, 2016-11-16 06:00:00, 1.02441e-05
9895, 2016-11-16 07:00:00, 1.44992e-05
9896, 2016-11-16 08:00:00, 8.26719e-06
9897, 2016-11-16 09:00:00, 3.65368e-06
9898, 2016-11-16 10:00:00, 6.6261e-08
9899, 2016-11-16 11:00:00, 6.39726e-08
9900, 2016-11-16 12:00:00, 2.84565e-08
9901, 2016-11-16 13:00:00, 2.07639e-08
9902, 2016-11-16 14:00:00, 9.32418e-13
9903, 2016-11-16 15:00:00, 9.30003e-13
9904, 2016-11-16 16:00:00, 9.27547e-13
9905, 2016-11-16 17:00:00, 9.25182e-13
9906, 2016-11-16 18:00:00, 9.22767e-13
9907, 2016-11-16 19:00:00, 9.20311e-13
9908, 2016-11-16 20:00:00, 9.17945e-13
9909, 2016-11-16 21:00:00, 9.1553e-13
9910, 2016-11-16 22:00:00, 9.13075e-13
9911, 2016-11-16 23:00:00, 9.10709e-13
9912, 2016-11-17 00:00:00, 9.08343e-13
9913, 2016-11-17 01:00:00, 9.05977e-13
9914, 2016-11-17 02:00:00, 9.03612e-13
9915, 2016-11-17 03:00:00, 9.01246e-13
9916, 2016-11-17 04:00:00, 8.9888e-13
9917, 2016-11-17 05:00:00, 8.96515e-13
9918, 2016-11-17 06:00:00, 8.94149e-13
9919, 2016-11-17 07:00:00, 8.91783e-13
9920, 2016-11-17 08:00:00, 8.89507e-13
9921, 2016-11-17 09:00:00, 8.87191e-13
9922, 2016-11-17 10:00:00, 8.84825e-13
9923, 2016-11-17 11:00:00, 8.82549e-13
9924, 2016-11-17 12:00:00, 8.80233e-13
9925, 2016-11-17 13:00:00, 8.77867e-13
9926, 2016-11-17 14:00:00, 8.7564e-13
9927, 2016-11-17 15:00:00, 8.73275e-13
9928, 2016-11-17 16:00:00, 8.71048e-13
9929, 2016-11-17 17:00:00, 8.68772e-13
9930, 2016-11-17 18:00:00, 8.66456e-13
9931, 2016-11-17 19:00:00, 8.64229e-13
9932, 2016-11-17 20:00:00, 8.61953e-13
9933, 2016-11-17 21:00:00, 8.59727e-13
9934, 2016-11-17 22:00:00, 8.5741e-13
9935, 2016-11-17 23:00:00, 8.55184e-13
9936, 2016-11-18 00:00:00, 8.52957e-13
9937, 2016-11-18 01:00:00, 8.50731e-13
9938, 2016-11-18 02:00:00, 8.48504e-13
9939, 2016-11-18 03:00:00, 8.46277e-13
9940, 2016-11-18 04:00:00, 8.44051e-13
9941, 2016-11-18 05:00:00, 8.41824e-13
9942, 2016-11-18 06:00:00, 8.39688e-13
9943, 2016-11-18 07:00:00, 8.3751e-13
9944, 2016-11-18 08:00:00, 8.35284e-13
9945, 2016-11-18 09:00:00, 8.33057e-13
9946, 2016-11-18 10:00:00, 8.3092e-13
9947, 2016-11-18 11:00:00, 8.28743e-13
9948, 2016-11-18 12:00:00, 8.26517e-13
9949, 2016-11-18 13:00:00, 8.24429e-13
9950, 2016-11-18 14:00:00, 8.22203e-13
9951, 2016-11-18 15:00:00, 8.20115e-13
9952, 2016-11-18 16:00:00, 8.17889e-13
9953, 2016-11-18 17:00:00, 8.15801e-13
9954, 2016-11-18 18:00:00, 8.13714e-13
9955, 2016-11-18 19:00:00, 8.11487e-13
9956, 2016-11-18 20:00:00, 8.094e-13
9957, 2016-11-18 21:00:00, 8.07312e-13
9958, 2016-11-18 22:00:00, 8.05225e-13
9959, 2016-11-18 23:00:00, 8.03088e-13
9960, 2016-11-19 00:00:00, 8.00911e-13
9961, 2016-11-19 01:00:00, 7.98824e-13
9962, 2016-11-19 02:00:00, 7.96736e-13
9963, 2016-11-19 03:00:00, 7.94649e-13
9964, 2016-11-19 04:00:00, 7.92561e-13
9965, 2016-11-19 05:00:00, 7.90564e-13
9966, 2016-11-19 06:00:00, 7.88526e-13
9967, 2016-11-19 07:00:00, 7.86438e-13
9968, 2016-11-19 08:00:00, 7.84351e-13
9969, 2016-11-19 09:00:00, 7.82263e-13
9970, 2016-11-19 10:00:00, 7.80266e-13
9971, 2016-11-19 11:00:00, 7.78228e-13
9972, 2016-11-19 12:00:00, 7.7614e-13
9973, 2016-11-19 13:00:00, 7.74192e-13
9974, 2016-11-19 14:00:00, 7.72105e-13
9975, 2016-11-19 15:00:00, 7.70156e-13
9976, 2016-11-19 16:00:00, 7.68069e-13
9977, 2016-11-19 17:00:00, 7.66121e-13
9978, 2016-11-19 18:00:00, 7.64033e-13
9979, 2016-11-19 19:00:00, 7.62085e-13
9980, 2016-11-19 20:00:00, 7.60088e-13
9981, 2016-11-19 21:00:00, 7.58049e-13
9982, 2016-11-19 22:00:00, 7.56101e-13
9983, 2016-11-19 23:00:00, 7.54153e-13
9984, 2016-11-20 00:00:00, 7.52205e-13
9985, 2016-11-20 01:00:00, 7.50117e-13
9986, 2016-11-20 02:00:00, 7.48169e-13
9987, 2016-11-20 03:00:00, 7.46221e-13
9988, 2016-11-20 04:00:00, 7.44273e-13
9989, 2016-11-20 05:00:00, 7.42324e-13
9990, 2016-11-20 06:00:00, 7.40376e-13
9991, 2016-11-20 07:00:00, 7.38428e-13
9992, 2016-11-20 08:00:00, 7.3648e-13
9993, 2016-11-20 09:00:00, 0.0229379
9994, 2016-11-20 10:00:00, 0.110929
9995, 2016-11-20 11:00:00, 0.0542047
9996, 2016-11-20 12:00:00, 0.0367392
9997, 2016-11-20 13:00:00, 0.000125856
9998, 2016-11-20 14:00:00, 4.47596e-05
9999, 2016-11-20 15:00:00, 3.62202e-06
10000, 2016-11-20 16:00:00, 7.21311e-13
10001, 2016-11-20 17:00:00, 7.19363e-13
10002, 2016-11-20 18:00:00, 7.17464e-13
10003, 2016-11-20 19:00:00, 7.15605e-13
10004, 2016-11-20 20:00:00, 0.00204484
10005, 2016-11-20 21:00:00, 0.00330738
10006, 2016-11-20 22:00:00, 0.00226555
10007, 2016-11-20 23:00:00, 0.00124328
10008, 2016-11-21 00:00:00, 0.000284598
10009, 2016-11-21 01:00:00, 8.51487e-05
10010, 2016-11-21 02:00:00, 1.60595e-05
10011, 2016-11-21 03:00:00, 2.65881e-07
10012, 2016-11-21 04:00:00, 6.98906e-13
10013, 2016-11-21 05:00:00, 6.97097e-13
10014, 2016-11-21 06:00:00, 6.95288e-13
10015, 2016-11-21 07:00:00, 6.93479e-13
10016, 2016-11-21 08:00:00, 6.9167e-13
10017, 2016-11-21 09:00:00, 6.89861e-13
10018, 2016-11-21 10:00:00, 2.70645e-08
10019, 2016-11-21 11:00:00, 2.80908e-08
10020, 2016-11-21 12:00:00, 2.71865e-08
10021, 2016-11-21 13:00:00, 1.8029e-08
10022, 2016-11-21 14:00:00, 1.30675e-08
10023, 2016-11-21 15:00:00, 9.85845e-09
10024, 2016-11-21 16:00:00, 4.13861e-09
10025, 2016-11-21 17:00:00, 1.59897e-09
10026, 2016-11-21 18:00:00, 6.73718e-13
10027, 2016-11-21 19:00:00, 6.71958e-13
10028, 2016-11-21 20:00:00, 6.70239e-13
10029, 2016-11-21 21:00:00, 6.6843e-13
10030, 2016-11-21 22:00:00, 6.6676e-13
10031, 2016-11-21 23:00:00, 6.64951e-13
10032, 2016-11-22 00:00:00, 6.63281e-13
10033, 2016-11-22 01:00:00, 6.61472e-13
10034, 2016-11-22 02:00:00, 6.59802e-13
10035, 2016-11-22 03:00:00, 6.57993e-13
10036, 2016-11-22 04:00:00, 7.51494e-11
10037, 2016-11-22 05:00:00, 2.98411e-10
10038, 2016-11-22 06:00:00, 6.39723e-10
10039, 2016-11-22 07:00:00, 1.06905e-09
10040, 2016-11-22 08:00:00, 1.62902e-09
10041, 2016-11-22 09:00:00, 2.25988e-09
10042, 2016-11-22 10:00:00, 1.58508e-09
10043, 2016-11-22 11:00:00, 1.35889e-09
10044, 2016-11-22 12:00:00, 1.07617e-09
10045, 2016-11-22 13:00:00, 2.77106e-09
10046, 2016-11-22 14:00:00, 3.16194e-09
10047, 2016-11-22 15:00:00, 1.69143e-09
10048, 2016-11-22 16:00:00, 6.92045e-10
10049, 2016-11-22 17:00:00, 6.34335e-13
10050, 2016-11-22 18:00:00, 6.32666e-13
10051, 2016-11-22 19:00:00, 6.30996e-13
10052, 2016-11-22 20:00:00, 6.29326e-13
10053, 2016-11-22 21:00:00, 6.27705e-13
10054, 2016-11-22 22:00:00, 6.26035e-13
10055, 2016-11-22 23:00:00, 6.24455e-13
10056, 2016-11-23 00:00:00, 6.22785e-13
10057, 2016-11-23 01:00:00, 6.21165e-13
10058, 2016-11-23 02:00:00, 6.19584e-13
10059, 2016-11-23 03:00:00, 6.17915e-13
10060, 2016-11-23 04:00:00, 6.16294e-13
10061, 2016-11-23 05:00:00, 6.14714e-13
10062, 2016-11-23 06:00:00, 7.4326e-10
10063, 2016-11-23 07:00:00, 3.38178e-10
10064, 2016-11-23 08:00:00, 2.70663e-10
10065, 2016-11-23 09:00:00, 6.08312e-13
10066, 2016-11-23 10:00:00, 6.06692e-13
10067, 2016-11-23 11:00:00, 6.05112e-13
10068, 2016-11-23 12:00:00, 6.03491e-13
10069, 2016-11-23 13:00:00, 2.51916e-09
10070, 2016-11-23 14:00:00, 3.61778e-09
10071, 2016-11-23 15:00:00, 7.20146e-09
10072, 2016-11-23 16:00:00, 3.24565e-09
10073, 2016-11-23 17:00:00, 1.8774e-09
10074, 2016-11-23 18:00:00, 5.94118e-13
10075, 2016-11-23 19:00:00, 5.92587e-13
10076, 2016-11-23 20:00:00, 5.90967e-13
10077, 2016-11-23 21:00:00, 5.89436e-13
10078, 2016-11-23 22:00:00, 5.87905e-13
10079, 2016-11-23 23:00:00, 5.86374e-13
10080, 2016-11-24 00:00:00, 5.84844e-13
10081, 2016-11-24 01:00:00, 5.83313e-13
10082, 2016-11-24 02:00:00, 5.81782e-13
10083, 2016-11-24 03:00:00, 5.80251e-13
10084, 2016-11-24 04:00:00, 5.78721e-13
10085, 2016-11-24 05:00:00, 5.7719e-13
10086, 2016-11-24 06:00:00, 1.3327e-11
10087, 2016-11-24 07:00:00, 2.26742e-11
10088, 2016-11-24 08:00:00, 3.40793e-11
10089, 2016-11-24 09:00:00, 8.76266e-11
10090, 2016-11-24 10:00:00, 1.24903e-10
10091, 2016-11-24 11:00:00, 1.72822e-10
10092, 2016-11-24 12:00:00, 1.78404e-10
10093, 2016-11-24 13:00:00, 1.84454e-10
10094, 2016-11-24 14:00:00, 8.16949e-11
10095, 2016-11-24 15:00:00, 3.69193e-11
10096, 2016-11-24 16:00:00, 5.60769e-13
10097, 2016-11-24 17:00:00, 5.59328e-13
10098, 2016-11-24 18:00:00, 5.57846e-13
10099, 2016-11-24 19:00:00, 5.56405e-13
10100, 2016-11-24 20:00:00, 5.54924e-13
10101, 2016-11-24 21:00:00, 5.53532e-13
10102, 2016-11-24 22:00:00, 0.0215266
10103, 2016-11-24 23:00:00, 0.0144149
10104, 2016-11-25 00:00:00, 0.0141886
10105, 2016-11-25 01:00:00, 0.00583119
10106, 2016-11-25 02:00:00, 0.00255393
10107, 2016-11-25 03:00:00, 0.00080485
10108, 2016-11-25 04:00:00, 1.36552e-07
10109, 2016-11-25 05:00:00, 5.41982e-13
10110, 2016-11-25 06:00:00, 5.4059e-13
10111, 2016-11-25 07:00:00, 5.39199e-13
10112, 2016-11-25 08:00:00, 2.52374e-11
10113, 2016-11-25 09:00:00, 1.49336e-10
10114, 2016-11-25 10:00:00, 7.20497e-11
10115, 2016-11-25 11:00:00, 0.000157967
10116, 2016-11-25 12:00:00, 7.18032e-05
10117, 2016-11-25 13:00:00, 6.24671e-05
10118, 2016-11-25 14:00:00, 2.28389e-06
10119, 2016-11-25 15:00:00, 1.82711e-06
10120, 2016-11-25 16:00:00, 5.26625e-13
10121, 2016-11-25 17:00:00, 5.25233e-13
10122, 2016-11-25 18:00:00, 5.23891e-13
10123, 2016-11-25 19:00:00, 5.225e-13
10124, 2016-11-25 20:00:00, 5.21108e-13
10125, 2016-11-25 21:00:00, 5.19806e-13
10126, 2016-11-25 22:00:00, 5.18415e-13
10127, 2016-11-25 23:00:00, 5.17072e-13
10128, 2016-11-26 00:00:00, 5.54205e-06
10129, 2016-11-26 01:00:00, 2.51911e-06
10130, 2016-11-26 02:00:00, 2.01529e-06
10131, 2016-11-26 03:00:00, 5.11645e-13
10132, 2016-11-26 04:00:00, 5.10343e-13
10133, 2016-11-26 05:00:00, 5.09001e-13
10134, 2016-11-26 06:00:00, 5.07609e-13
10135, 2016-11-26 07:00:00, 4.11816e-09
10136, 2016-11-26 08:00:00, 1.36452e-08
10137, 2016-11-26 09:00:00, 2.35128e-08
10138, 2016-11-26 10:00:00, 1.47293e-08
10139, 2016-11-26 11:00:00, 1.27439e-08
10140, 2016-11-26 12:00:00, 3.48984e-09
10141, 2016-11-26 13:00:00, 1.95609e-09
10142, 2016-11-26 14:00:00, 4.97123e-13
10143, 2016-11-26 15:00:00, 4.95781e-13
10144, 2016-11-26 16:00:00, 4.94528e-13
10145, 2016-11-26 17:00:00, 4.93226e-13
10146, 2016-11-26 18:00:00, 4.91884e-13
10147, 2016-11-26 19:00:00, 4.90632e-13
10148, 2016-11-26 20:00:00, 4.89379e-13
10149, 2016-11-26 21:00:00, 4.88077e-13
10150, 2016-11-26 22:00:00, 4.86825e-13
10151, 2016-11-26 23:00:00, 4.85483e-13
10152, 2016-11-27 00:00:00, 4.8423e-13
10153, 2016-11-27 01:00:00, 4.82978e-13
10154, 2016-11-27 02:00:00, 4.81725e-13
10155, 2016-11-27 03:00:00, 4.80473e-13
10156, 2016-11-27 04:00:00, 4.79221e-13
10157, 2016-11-27 05:00:00, 4.77968e-13
10158, 2016-11-27 06:00:00, 4.76716e-13
10159, 2016-11-27 07:00:00, 4.75463e-13
10160, 2016-11-27 08:00:00, 4.74211e-13
10161, 2016-11-27 09:00:00, 4.72958e-13
10162, 2016-11-27 10:00:00, 4.71706e-13
10163, 2016-11-27 11:00:00, 4.70453e-13
10164, 2016-11-27 12:00:00, 4.69291e-13
10165, 2016-11-27 13:00:00, 4.68038e-13
10166, 2016-11-27 14:00:00, 4.66835e-13
10167, 2016-11-27 15:00:00, 4.65583e-13
10168, 2016-11-27 16:00:00, 4.6433e-13
10169, 2016-11-27 17:00:00, 4.63168e-13
10170, 2016-11-27 18:00:00, 4.61965e-13
10171, 2016-11-27 19:00:00, 4.60712e-13
10172, 2016-11-27 20:00:00, 4.59549e-13
10173, 2016-11-27 21:00:00, 4.58346e-13
10174, 2016-11-27 22:00:00, 0.000169687
10175, 2016-11-27 23:00:00, 0.00381041
10176, 2016-11-28 00:00:00, 0.00175865
10177, 2016-11-28 01:00:00, 0.00135756
10178, 2016-11-28 02:00:00, 4.52362e-13
10179, 2016-11-28 03:00:00, 4.512e-13
10180, 2016-11-28 04:00:00, 4.49997e-13
10181, 2016-11-28 05:00:00, 4.48834e-13
10182, 2016-11-28 06:00:00, 4.47631e-13
10183, 2016-11-28 07:00:00, 4.46518e-13
10184, 2016-11-28 08:00:00, 1.39485e-10
10185, 2016-11-28 09:00:00, 1.28265e-10
10186, 2016-11-28 10:00:00, 1.84207e-10
10187, 2016-11-28 11:00:00, 7.11362e-11
10188, 2016-11-28 12:00:00, 3.81973e-11
10189, 2016-11-28 13:00:00, 6.32836e-10
10190, 2016-11-28 14:00:00, 1.24854e-09
10191, 2016-11-28 15:00:00, 6.67058e-10
10192, 2016-11-28 16:00:00, 3.49763e-10
10193, 2016-11-28 17:00:00, 4.34967e-13
10194, 2016-11-28 18:00:00, 4.33805e-13
10195, 2016-11-28 19:00:00, 4.32602e-13
10196, 2016-11-28 20:00:00, 4.31488e-13
10197, 2016-11-28 21:00:00, 4.30375e-13
10198, 2016-11-28 22:00:00, 4.29262e-13
10199, 2016-11-28 23:00:00, 4.28149e-13
10200, 2016-11-29 00:00:00, 4.27035e-13
10201, 2016-11-29 01:00:00, 4.25922e-13
10202, 2016-11-29 02:00:00, 4.24809e-13
10203, 2016-11-29 03:00:00, 4.23695e-13
10204, 2016-11-29 04:00:00, 4.22582e-13
10205, 2016-11-29 05:00:00, 4.21469e-13
10206, 2016-11-29 06:00:00, 4.20356e-13
10207, 2016-11-29 07:00:00, 4.19242e-13
10208, 2016-11-29 08:00:00, 5.57603e-11
10209, 2016-11-29 09:00:00, 3.47705e-10
10210, 2016-11-29 10:00:00, 6.99504e-10
10211, 2016-11-29 11:00:00, 1.24073e-09
10212, 2016-11-29 12:00:00, 1.42527e-09
10213, 2016-11-29 13:00:00, 6.9841e-10
10214, 2016-11-29 14:00:00, 3.02485e-10
10215, 2016-11-29 15:00:00, 4.10614e-13
10216, 2016-11-29 16:00:00, 0.000486592
10217, 2016-11-29 17:00:00, 0.0111509
10218, 2016-11-29 18:00:00, 0.0283368
10219, 2016-11-29 19:00:00, 0.0447394
10220, 2016-11-29 20:00:00, 0.105639
10221, 2016-11-29 21:00:00, 0.313197
10222, 2016-11-29 22:00:00, 0.372369
10223, 2016-11-29 23:00:00, 0.411257
10224, 2016-11-30 00:00:00, 0.217906
10225, 2016-11-30 01:00:00, 0.104166
10226, 2016-11-30 02:00:00, 0.0189793
10227, 2016-11-30 03:00:00, 0.00332694
10228, 2016-11-30 04:00:00, 0.000292329
10229, 2016-11-30 05:00:00, 1.03521e-06
10230, 2016-11-30 06:00:00, 5.52286e-07
10231, 2016-11-30 07:00:00, 3.60367e-07
10232, 2016-11-30 08:00:00, 9.94602e-08
10233, 2016-11-30 09:00:00, 4.05994e-08
10234, 2016-11-30 10:00:00, 3.90575e-13
10235, 2016-11-30 11:00:00, 3.89601e-13
10236, 2016-11-30 12:00:00, 1.12609e-08
10237, 2016-11-30 13:00:00, 5.1188e-09
10238, 2016-11-30 14:00:00, 4.09512e-09
10239, 2016-11-30 15:00:00, 3.85565e-13
10240, 2016-11-30 16:00:00, 3.84452e-13
10241, 2016-11-30 17:00:00, 3.83478e-13
10242, 2016-11-30 18:00:00, 3.82504e-13
10243, 2016-11-30 19:00:00, 0.00014833
10244, 2016-11-30 20:00:00, 0.00483287
10245, 2016-11-30 21:00:00, 0.00719315
10246, 2016-11-30 22:00:00, 0.0212505
10247, 2016-11-30 23:00:00, 0.0702371
10248, 2016-12-01 00:00:00, 0.036566
10249, 2016-12-01 01:00:00, 0.0233158
10250, 2016-12-01 02:00:00, 0.0124979
10251, 2016-12-01 03:00:00, 0.0100078
10252, 2016-12-01 04:00:00, 0.0069264
10253, 2016-12-01 05:00:00, 0.00334167
10254, 2016-12-01 06:00:00, 0.00539025
10255, 2016-12-01 07:00:00, 0.00694796
10256, 2016-12-01 08:00:00, 0.00434983
10257, 2016-12-01 09:00:00, 0.0151989
10258, 2016-12-01 10:00:00, 0.00638312
10259, 2016-12-01 11:00:00, 0.00544959
10260, 2016-12-01 12:00:00, 0.00119598
10261, 2016-12-01 13:00:00, 0.000619316
10262, 2016-12-01 14:00:00, 0.000327738
10263, 2016-12-01 15:00:00, 3.62047e-13
10264, 2016-12-01 16:00:00, 3.61073e-13
10265, 2016-12-01 17:00:00, 3.60099e-13
10266, 2016-12-01 18:00:00, 3.59125e-13
10267, 2016-12-01 19:00:00, 3.5829e-13
10268, 2016-12-01 20:00:00, 3.57316e-13
10269, 2016-12-01 21:00:00, 3.56342e-13
10270, 2016-12-01 22:00:00, 3.55507e-13
10271, 2016-12-01 23:00:00, 3.54532e-13
10272, 2016-12-02 00:00:00, 3.53558e-13
10273, 2016-12-02 01:00:00, 3.52723e-13
10274, 2016-12-02 02:00:00, 3.51749e-13
10275, 2016-12-02 03:00:00, 3.50775e-13
10276, 2016-12-02 04:00:00, 3.4994e-13
10277, 2016-12-02 05:00:00, 3.48966e-13
10278, 2016-12-02 06:00:00, 3.48131e-13
10279, 2016-12-02 07:00:00, 3.47157e-13
10280, 2016-12-02 08:00:00, 3.46232e-13
10281, 2016-12-02 09:00:00, 3.45348e-13
10282, 2016-12-02 10:00:00, 3.44423e-13
10283, 2016-12-02 11:00:00, 3.43539e-13
10284, 2016-12-02 12:00:00, 3.42614e-13
10285, 2016-12-02 13:00:00, 3.4173e-13
10286, 2016-12-02 14:00:00, 3.40895e-13
10287, 2016-12-02 15:00:00, 3.39921e-13
10288, 2016-12-02 16:00:00, 3.39086e-13
10289, 2016-12-02 17:00:00, 3.38161e-13
10290, 2016-12-02 18:00:00, 3.37276e-13
10291, 2016-12-02 19:00:00, 3.36442e-13
10292, 2016-12-02 20:00:00, 3.35517e-13
10293, 2016-12-02 21:00:00, 3.34632e-13
10294, 2016-12-02 22:00:00, 3.33797e-13
10295, 2016-12-02 23:00:00, 3.32963e-13
10296, 2016-12-03 00:00:00, 3.31988e-13
10297, 2016-12-03 01:00:00, 3.31153e-13
10298, 2016-12-03 02:00:00, 3.30318e-13
10299, 2016-12-03 03:00:00, 3.29483e-13
10300, 2016-12-03 04:00:00, 3.28509e-13
10301, 2016-12-03 05:00:00, 3.27674e-13
10302, 2016-12-03 06:00:00, 3.26839e-13
10303, 2016-12-03 07:00:00, 3.26004e-13
10304, 2016-12-03 08:00:00, 3.25169e-13
10305, 2016-12-03 09:00:00, 3.24335e-13
10306, 2016-12-03 10:00:00, 3.235e-13
10307, 2016-12-03 11:00:00, 3.22575e-13
10308, 2016-12-03 12:00:00, 3.2174e-13
10309, 2016-12-03 13:00:00, 3.20856e-13
10310, 2016-12-03 14:00:00, 3.20021e-13
10311, 2016-12-03 15:00:00, 3.19186e-13
10312, 2016-12-03 16:00:00, 3.18351e-13
10313, 2016-12-03 17:00:00, 3.17516e-13
10314, 2016-12-03 18:00:00, 3.16681e-13
10315, 2016-12-03 19:00:00, 3.15846e-13
10316, 2016-12-03 20:00:00, 3.1506e-13
10317, 2016-12-03 21:00:00, 3.14225e-13
10318, 2016-12-03 22:00:00, 3.1348e-13
10319, 2016-12-03 23:00:00, 3.12645e-13
10320, 2016-12-04 00:00:00, 3.1181e-13
10321, 2016-12-04 01:00:00, 3.10975e-13
10322, 2016-12-04 02:00:00, 3.1014e-13
10323, 2016-12-04 03:00:00, 3.09305e-13
10324, 2016-12-04 04:00:00, 3.0852e-13
10325, 2016-12-04 05:00:00, 3.07774e-13
10326, 2016-12-04 06:00:00, 3.06939e-13
10327, 2016-12-04 07:00:00, 3.06104e-13
10328, 2016-12-04 08:00:00, 3.05269e-13
10329, 2016-12-04 09:00:00, 3.04574e-13
10330, 2016-12-04 10:00:00, 3.03739e-13
10331, 2016-12-04 11:00:00, 3.02904e-13
10332, 2016-12-04 12:00:00, 3.02118e-13
10333, 2016-12-04 13:00:00, 3.01373e-13
10334, 2016-12-04 14:00:00, 3.00538e-13
10335, 2016-12-04 15:00:00, 2.99752e-13
10336, 2016-12-04 16:00:00, 2.99007e-13
10337, 2016-12-04 17:00:00, 2.98172e-13
10338, 2016-12-04 18:00:00, 2.97476e-13
10339, 2016-12-04 19:00:00, 2.96642e-13
10340, 2016-12-04 20:00:00, 2.95856e-13
10341, 2016-12-04 21:00:00, 2.95111e-13
10342, 2016-12-04 22:00:00, 2.94276e-13
10343, 2016-12-04 23:00:00, 2.9358e-13
10344, 2016-12-05 00:00:00, 2.92745e-13
10345, 2016-12-05 01:00:00, 2.92049e-13
10346, 2016-12-05 02:00:00, 2.91214e-13
10347, 2016-12-05 03:00:00, 2.90518e-13
10348, 2016-12-05 04:00:00, 2.89683e-13
10349, 2016-12-05 05:00:00, 2.88988e-13
10350, 2016-12-05 06:00:00, 2.88202e-13
10351, 2016-12-05 07:00:00, 2.87457e-13
10352, 2016-12-05 08:00:00, 2.86761e-13
10353, 2016-12-05 09:00:00, 2.85926e-13
10354, 2016-12-05 10:00:00, 2.8523e-13
10355, 2016-12-05 11:00:00, 2.84445e-13
10356, 2016-12-05 12:00:00, 2.837e-13
10357, 2016-12-05 13:00:00, 3.18903e-05
10358, 2016-12-05 14:00:00, 0.000250057
10359, 2016-12-05 15:00:00, 0.00144277
10360, 2016-12-05 16:00:00, 0.00361697
10361, 2016-12-05 17:00:00, 0.00781031
10362, 2016-12-05 18:00:00, 0.00424456
10363, 2016-12-05 19:00:00, 0.00238686
10364, 2016-12-05 20:00:00, 0.000265508
10365, 2016-12-05 21:00:00, 0.000118502
10366, 2016-12-05 22:00:00, 7.52077e-05
10367, 2016-12-05 23:00:00, 2.99558e-05
10368, 2016-12-06 00:00:00, 2.73226e-06
10369, 2016-12-06 01:00:00, 1.02371e-06
10370, 2016-12-06 02:00:00, 4.97974e-07
10371, 2016-12-06 03:00:00, 2.66691e-07
10372, 2016-12-06 04:00:00, 5.59537e-08
10373, 2016-12-06 05:00:00, 2.71314e-13
10374, 2016-12-06 06:00:00, 2.70618e-13
10375, 2016-12-06 07:00:00, 2.59181e-07
10376, 2016-12-06 08:00:00, 1.1781e-07
10377, 2016-12-06 09:00:00, 9.42479e-08
10378, 2016-12-06 10:00:00, 2.67835e-13
10379, 2016-12-06 11:00:00, 2.67139e-13
10380, 2016-12-06 12:00:00, 2.66444e-13
10381, 2016-12-06 13:00:00, 7.50219e-08
10382, 2016-12-06 14:00:00, 7.38076e-08
10383, 2016-12-06 15:00:00, 4.53293e-08
10384, 2016-12-06 16:00:00, 1.4439e-08
10385, 2016-12-06 17:00:00, 2.62965e-13
10386, 2016-12-06 18:00:00, 2.62269e-13
10387, 2016-12-06 19:00:00, 2.61573e-13
10388, 2016-12-06 20:00:00, 2.60877e-13
10389, 2016-12-06 21:00:00, 2.60181e-13
10390, 2016-12-06 22:00:00, 2.59535e-13
10391, 2016-12-06 23:00:00, 2.58839e-13
10392, 2016-12-07 00:00:00, 2.58143e-13
10393, 2016-12-07 01:00:00, 2.57537e-13
10394, 2016-12-07 02:00:00, 0.00015892
10395, 2016-12-07 03:00:00, 0.00027045
10396, 2016-12-07 04:00:00, 0.000333194
10397, 2016-12-07 05:00:00, 0.00300035
10398, 2016-12-07 06:00:00, 0.00303248
10399, 2016-12-07 07:00:00, 0.00381399
10400, 2016-12-07 08:00:00, 0.00241709
10401, 2016-12-07 09:00:00, 0.00333552
10402, 2016-12-07 10:00:00, 0.00414227
10403, 2016-12-07 11:00:00, 0.00447362
10404, 2016-12-07 12:00:00, 0.00286776
10405, 2016-12-07 13:00:00, 0.00121986
10406, 2016-12-07 14:00:00, 0.000278634
10407, 2016-12-07 15:00:00, 2.99122e-06
10408, 2016-12-07 16:00:00, 4.53514e-07
10409, 2016-12-07 17:00:00, 2.46961e-13
10410, 2016-12-07 18:00:00, 2.46265e-13
10411, 2016-12-07 19:00:00, 2.45619e-13
10412, 2016-12-07 20:00:00, 2.45013e-13
10413, 2016-12-07 21:00:00, 2.44317e-13
10414, 2016-12-07 22:00:00, 2.43671e-13
10415, 2016-12-07 23:00:00, 2.43065e-13
10416, 2016-12-08 00:00:00, 2.42418e-13
10417, 2016-12-08 01:00:00, 2.41812e-13
10418, 2016-12-08 02:00:00, 2.41166e-13
10419, 2016-12-08 03:00:00, 2.4056e-13
10420, 2016-12-08 04:00:00, 2.39913e-13
10421, 2016-12-08 05:00:00, 2.39307e-13
10422, 2016-12-08 06:00:00, 2.38661e-13
10423, 2016-12-08 07:00:00, 2.38055e-13
10424, 2016-12-08 08:00:00, 2.37408e-13
10425, 2016-12-08 09:00:00, 2.36802e-13
10426, 2016-12-08 10:00:00, 2.36156e-13
10427, 2016-12-08 11:00:00, 2.3555e-13
10428, 2016-12-08 12:00:00, 2.34903e-13
10429, 2016-12-08 13:00:00, 2.34297e-13
10430, 2016-12-08 14:00:00, 2.33741e-13
10431, 2016-12-08 15:00:00, 2.33094e-13
10432, 2016-12-08 16:00:00, 2.32488e-13
10433, 2016-12-08 17:00:00, 2.31842e-13
10434, 2016-12-08 18:00:00, 2.31236e-13
10435, 2016-12-08 19:00:00, 2.30679e-13
10436, 2016-12-08 20:00:00, 2.30033e-13
10437, 2016-12-08 21:00:00, 2.29427e-13
10438, 2016-12-08 22:00:00, 2.2887e-13
10439, 2016-12-08 23:00:00, 2.28224e-13
10440, 2016-12-09 00:00:00, 2.27667e-13
10441, 2016-12-09 01:00:00, 2.27061e-13
10442, 2016-12-09 02:00:00, 2.26504e-13
10443, 2016-12-09 03:00:00, 2.25858e-13
10444, 2016-12-09 04:00:00, 2.25252e-13
10445, 2016-12-09 05:00:00, 2.24695e-13
10446, 2016-12-09 06:00:00, 2.24139e-13
10447, 2016-12-09 07:00:00, 2.23492e-13
10448, 2016-12-09 08:00:00, 1.32085e-09
10449, 2016-12-09 09:00:00, 6.00509e-10
10450, 2016-12-09 10:00:00, 4.80451e-10
10451, 2016-12-09 11:00:00, 2.21216e-13
10452, 2016-12-09 12:00:00, 2.2057e-13
10453, 2016-12-09 13:00:00, 1.44252e-08
10454, 2016-12-09 14:00:00, 2.53729e-08
10455, 2016-12-09 15:00:00, 4.32331e-08
10456, 2016-12-09 16:00:00, 2.02218e-08
10457, 2016-12-09 17:00:00, 1.07038e-08
10458, 2016-12-09 18:00:00, 2.17181e-13
10459, 2016-12-09 19:00:00, 2.16624e-13
10460, 2016-12-09 20:00:00, 2.16067e-13
10461, 2016-12-09 21:00:00, 2.15421e-13
10462, 2016-12-09 22:00:00, 2.14864e-13
10463, 2016-12-09 23:00:00, 2.14308e-13
10464, 2016-12-10 00:00:00, 2.13751e-13
10465, 2016-12-10 01:00:00, 2.13194e-13
10466, 2016-12-10 02:00:00, 2.12638e-13
10467, 2016-12-10 03:00:00, 2.12081e-13
10468, 2016-12-10 04:00:00, 2.11524e-13
10469, 2016-12-10 05:00:00, 2.10968e-13
10470, 2016-12-10 06:00:00, 2.10411e-13
10471, 2016-12-10 07:00:00, 2.09855e-13
10472, 2016-12-10 08:00:00, 2.09388e-13
10473, 2016-12-10 09:00:00, 2.08831e-13
10474, 2016-12-10 10:00:00, 2.08274e-13
10475, 2016-12-10 11:00:00, 2.07718e-13
10476, 2016-12-10 12:00:00, 2.07161e-13
10477, 2016-12-10 13:00:00, 2.06604e-13
10478, 2016-12-10 14:00:00, 2.06048e-13
10479, 2016-12-10 15:00:00, 1.20295e-08
10480, 2016-12-10 16:00:00, 2.82045e-08
10481, 2016-12-10 17:00:00, 3.33308e-08
10482, 2016-12-10 18:00:00, 2.68664e-08
10483, 2016-12-10 19:00:00, 1.56034e-08
10484, 2016-12-10 20:00:00, 5.60594e-09
10485, 2016-12-10 21:00:00, 1.5367e-09
10486, 2016-12-10 22:00:00, 2.01783e-13
10487, 2016-12-10 23:00:00, 2.01316e-13
10488, 2016-12-11 00:00:00, 2.0076e-13
10489, 2016-12-11 01:00:00, 2.00203e-13
10490, 2016-12-11 02:00:00, 1.99696e-13
10491, 2016-12-11 03:00:00, 1.99139e-13
10492, 2016-12-11 04:00:00, 1.98672e-13
10493, 2016-12-11 05:00:00, 1.98116e-13
10494, 2016-12-11 06:00:00, 1.97608e-13
10495, 2016-12-11 07:00:00, 1.97052e-13
10496, 2016-12-11 08:00:00, 1.96585e-13
10497, 2016-12-11 09:00:00, 1.96078e-13
10498, 2016-12-11 10:00:00, 1.95521e-13
10499, 2016-12-11 11:00:00, 1.95054e-13
10500, 2016-12-11 12:00:00, 1.94547e-13
10501, 2016-12-11 13:00:00, 1.9399e-13
10502, 2016-12-11 14:00:00, 1.93523e-13
10503, 2016-12-11 15:00:00, 1.93016e-13
10504, 2016-12-11 16:00:00, 1.55878e-09
10505, 2016-12-11 17:00:00, 2.839e-09
10506, 2016-12-11 18:00:00, 4.38661e-09
10507, 2016-12-11 19:00:00, 4.13813e-09
10508, 2016-12-11 20:00:00, 1.97667e-09
10509, 2016-12-11 21:00:00, 7.51902e-10
10510, 2016-12-11 22:00:00, 1.89488e-13
10511, 2016-12-11 23:00:00, 1.8898e-13
10512, 2016-12-12 00:00:00, 1.88514e-13
10513, 2016-12-12 01:00:00, 1.88006e-13
10514, 2016-12-12 02:00:00, 1.87539e-13
10515, 2016-12-12 03:00:00, 1.87032e-13
10516, 2016-12-12 04:00:00, 1.86565e-13
10517, 2016-12-12 05:00:00, 1.86058e-13
10518, 2016-12-12 06:00:00, 1.85591e-13
10519, 2016-12-12 07:00:00, 1.85084e-13
10520, 2016-12-12 08:00:00, 1.84617e-13
10521, 2016-12-12 09:00:00, 1.8411e-13
10522, 2016-12-12 10:00:00, 1.83643e-13
10523, 2016-12-12 11:00:00, 1.83136e-13
10524, 2016-12-12 12:00:00, 0.00584957
10525, 2016-12-12 13:00:00, 0.046091
10526, 2016-12-12 14:00:00, 0.239894
10527, 2016-12-12 15:00:00, 0.484478
10528, 2016-12-12 16:00:00, 0.419524
10529, 2016-12-12 17:00:00, 0.217297
10530, 2016-12-12 18:00:00, 0.0653122
10531, 2016-12-12 19:00:00, 0.00285263
10532, 2016-12-12 20:00:00, 0.000904841
10533, 2016-12-12 21:00:00, 0.000674612
10534, 2016-12-12 22:00:00, 0.000365111
10535, 2016-12-12 23:00:00, 0.000281447
10536, 2016-12-13 00:00:00, 0.000213759
10537, 2016-12-13 01:00:00, 0.000159677
10538, 2016-12-13 02:00:00, 0.000117258
10539, 2016-12-13 03:00:00, 8.73382e-05
10540, 2016-12-13 04:00:00, 6.65466e-05
10541, 2016-12-13 05:00:00, 5.07624e-05
10542, 2016-12-13 06:00:00, 3.80802e-05
10543, 2016-12-13 07:00:00, 2.81503e-05
10544, 2016-12-13 08:00:00, 2.0379e-05
10545, 2016-12-13 09:00:00, 1.41925e-05
10546, 2016-12-13 10:00:00, 9.20258e-06
10547, 2016-12-13 11:00:00, 5.11213e-06
10548, 2016-12-13 12:00:00, 2.1571e-06
10549, 2016-12-13 13:00:00, 6.63084e-07
10550, 2016-12-13 14:00:00, 1.75061e-07
10551, 2016-12-13 15:00:00, 1.60828e-06
10552, 2016-12-13 16:00:00, 1.01409e-05
10553, 2016-12-13 17:00:00, 3.69126e-05
10554, 2016-12-13 18:00:00, 0.000445756
10555, 2016-12-13 19:00:00, 0.000955958
10556, 2016-12-13 20:00:00, 0.000498996
10557, 2016-12-13 21:00:00, 0.000276341
10558, 2016-12-13 22:00:00, 4.25633e-06
10559, 2016-12-13 23:00:00, 3.68448e-06
10560, 2016-12-14 00:00:00, 3.11636e-06
10561, 2016-12-14 01:00:00, 2.64551e-06
10562, 2016-12-14 02:00:00, 0.00191256
10563, 2016-12-14 03:00:00, 0.000873136
10564, 2016-12-14 04:00:00, 0.000697029
10565, 2016-12-14 05:00:00, 1.52502e-06
10566, 2016-12-14 06:00:00, 9.4951e-08
10567, 2016-12-14 07:00:00, 1.05357e-08
10568, 2016-12-14 08:00:00, 7.09722e-05
10569, 2016-12-14 09:00:00, 6.0821e-05
10570, 2016-12-14 10:00:00, 3.87903e-05
10571, 2016-12-14 11:00:00, 1.03858e-05
10572, 2016-12-14 12:00:00, 1.61099e-13
10573, 2016-12-14 13:00:00, 2.64338e-06
10574, 2016-12-14 14:00:00, 0.0002911
10575, 2016-12-14 15:00:00, 0.00261623
10576, 2016-12-14 16:00:00, 0.00123428
10577, 2016-12-14 17:00:00, 0.00090309
10578, 2016-12-14 18:00:00, 1.58594e-13
10579, 2016-12-14 19:00:00, 1.58176e-13
10580, 2016-12-14 20:00:00, 1.57759e-13
10581, 2016-12-14 21:00:00, 1.57342e-13
10582, 2016-12-14 22:00:00, 1.56924e-13
10583, 2016-12-14 23:00:00, 1.56507e-13
10584, 2016-12-15 00:00:00, 1.56089e-13
10585, 2016-12-15 01:00:00, 1.55672e-13
10586, 2016-12-15 02:00:00, 1.55303e-13
10587, 2016-12-15 03:00:00, 1.54886e-13
10588, 2016-12-15 04:00:00, 1.54469e-13
10589, 2016-12-15 05:00:00, 1.54051e-13
10590, 2016-12-15 06:00:00, 1.53634e-13
10591, 2016-12-15 07:00:00, 1.53216e-13
10592, 2016-12-15 08:00:00, 1.52888e-13
10593, 2016-12-15 09:00:00, 1.52471e-13
10594, 2016-12-15 10:00:00, 1.52053e-13
10595, 2016-12-15 11:00:00, 1.51685e-13
10596, 2016-12-15 12:00:00, 1.51268e-13
10597, 2016-12-15 13:00:00, 1.5085e-13
10598, 2016-12-15 14:00:00, 1.50433e-13
10599, 2016-12-15 15:00:00, 1.50105e-13
10600, 2016-12-15 16:00:00, 1.49688e-13
10601, 2016-12-15 17:00:00, 1.4932e-13
10602, 2016-12-15 18:00:00, 1.48902e-13
10603, 2016-12-15 19:00:00, 1.48485e-13
10604, 2016-12-15 20:00:00, 1.48067e-13
10605, 2016-12-15 21:00:00, 1.47739e-13
10606, 2016-12-15 22:00:00, 1.47371e-13
10607, 2016-12-15 23:00:00, 1.46954e-13
10608, 2016-12-16 00:00:00, 1.46536e-13
10609, 2016-12-16 01:00:00, 1.46209e-13
10610, 2016-12-16 02:00:00, 1.45841e-13
10611, 2016-12-16 03:00:00, 1.45423e-13
10612, 2016-12-16 04:00:00, 1.45006e-13
10613, 2016-12-16 05:00:00, 1.44678e-13
10614, 2016-12-16 06:00:00, 1.4431e-13
10615, 2016-12-16 07:00:00, 1.43892e-13
10616, 2016-12-16 08:00:00, 1.43565e-13
10617, 2016-12-16 09:00:00, 1.43147e-13
10618, 2016-12-16 10:00:00, 1.42779e-13
10619, 2016-12-16 11:00:00, 1.42362e-13
10620, 2016-12-16 12:00:00, 1.42034e-13
10621, 2016-12-16 13:00:00, 1.41666e-13
10622, 2016-12-16 14:00:00, 1.41248e-13
10623, 2016-12-16 15:00:00, 1.40921e-13
10624, 2016-12-16 16:00:00, 1.40552e-13
10625, 2016-12-16 17:00:00, 1.40135e-13
10626, 2016-12-16 18:00:00, 1.39807e-13
10627, 2016-12-16 19:00:00, 1.39439e-13
10628, 2016-12-16 20:00:00, 1.39111e-13
10629, 2016-12-16 21:00:00, 1.38743e-13
10630, 2016-12-16 22:00:00, 1.38326e-13
10631, 2016-12-16 23:00:00, 1.37998e-13
10632, 2016-12-17 00:00:00, 1.3763e-13
10633, 2016-12-17 01:00:00, 1.37302e-13
10634, 2016-12-17 02:00:00, 1.36934e-13
10635, 2016-12-17 03:00:00, 1.36517e-13
10636, 2016-12-17 04:00:00, 1.36238e-13
10637, 2016-12-17 05:00:00, 1.35821e-13
10638, 2016-12-17 06:00:00, 1.35493e-13
10639, 2016-12-17 07:00:00, 1.35125e-13
10640, 2016-12-17 08:00:00, 1.34797e-13
10641, 2016-12-17 09:00:00, 1.34429e-13
10642, 2016-12-17 10:00:00, 1.34102e-13
10643, 2016-12-17 11:00:00, 1.33734e-13
10644, 2016-12-17 12:00:00, 1.33406e-13
10645, 2016-12-17 13:00:00, 1.33038e-13
10646, 2016-12-17 14:00:00, 1.3271e-13
10647, 2016-12-17 15:00:00, 1.32342e-13
10648, 2016-12-17 16:00:00, 1.32014e-13
10649, 2016-12-17 17:00:00, 1.31646e-13
10650, 2016-12-17 18:00:00, 1.31318e-13
10651, 2016-12-17 19:00:00, 1.3095e-13
10652, 2016-12-17 20:00:00, 1.30623e-13
10653, 2016-12-17 21:00:00, 1.30255e-13
10654, 2016-12-17 22:00:00, 1.29927e-13
10655, 2016-12-17 23:00:00, 1.29559e-13
10656, 2016-12-18 00:00:00, 1.2928e-13
10657, 2016-12-18 01:00:00, 1.28863e-13
10658, 2016-12-18 02:00:00, 1.28585e-13
10659, 2016-12-18 03:00:00, 1.28257e-13
10660, 2016-12-18 04:00:00, 1.27889e-13
10661, 2016-12-18 05:00:00, 1.27561e-13
10662, 2016-12-18 06:00:00, 3.64688e-05
10663, 2016-12-18 07:00:00, 0.000527628
10664, 2016-12-18 08:00:00, 0.00131716
10665, 2016-12-18 09:00:00, 0.0348667
10666, 2016-12-18 10:00:00, 0.468332
10667, 2016-12-18 11:00:00, 0.287061
10668, 2016-12-18 12:00:00, 0.86113
10669, 2016-12-18 13:00:00, 0.332342
10670, 2016-12-18 14:00:00, 0.244272
10671, 2016-12-18 15:00:00, 0.0018371
10672, 2016-12-18 16:00:00, 5.48751e-05
10673, 2016-12-18 17:00:00, 7.53955e-07
10674, 2016-12-18 18:00:00, 0.00261499
10675, 2016-12-18 19:00:00, 0.00287364
10676, 2016-12-18 20:00:00, 0.00171688
10677, 2016-12-18 21:00:00, 0.000612793
10678, 2016-12-18 22:00:00, 3.40812e-08
10679, 2016-12-18 23:00:00, 1.21716e-13
10680, 2016-12-19 00:00:00, 1.21348e-13
10681, 2016-12-19 01:00:00, 1.2107e-13
10682, 2016-12-19 02:00:00, 1.20742e-13
10683, 2016-12-19 03:00:00, 1.20374e-13
10684, 2016-12-19 04:00:00, 1.20096e-13
10685, 2016-12-19 05:00:00, 1.19817e-13
10686, 2016-12-19 06:00:00, 1.1949e-13
10687, 2016-12-19 07:00:00, 1.19122e-13
10688, 2016-12-19 08:00:00, 1.18843e-13
10689, 2016-12-19 09:00:00, 1.18565e-13
10690, 2016-12-19 10:00:00, 1.18237e-13
10691, 2016-12-19 11:00:00, 1.17869e-13
10692, 2016-12-19 12:00:00, 1.17591e-13
10693, 2016-12-19 13:00:00, 1.17313e-13
10694, 2016-12-19 14:00:00, 1.17034e-13
10695, 2016-12-19 15:00:00, 1.16707e-13
10696, 2016-12-19 16:00:00, 4.26801e-07
10697, 2016-12-19 17:00:00, 6.53585e-07
10698, 2016-12-19 18:00:00, 6.74298e-07
10699, 2016-12-19 19:00:00, 4.4076e-07
10700, 2016-12-19 20:00:00, 1.73089e-07
10701, 2016-12-19 21:00:00, 4.82329e-08
10702, 2016-12-19 22:00:00, 1.14529e-13
10703, 2016-12-19 23:00:00, 1.14251e-13
10704, 2016-12-20 00:00:00, 1.13973e-13
10705, 2016-12-20 01:00:00, 1.13694e-13
10706, 2016-12-20 02:00:00, 1.13367e-13
10707, 2016-12-20 03:00:00, 1.13088e-13
10708, 2016-12-20 04:00:00, 1.1281e-13
10709, 2016-12-20 05:00:00, 1.12442e-13
10710, 2016-12-20 06:00:00, 1.12164e-13
10711, 2016-12-20 07:00:00, 1.11885e-13
10712, 2016-12-20 08:00:00, 1.11607e-13
10713, 2016-12-20 09:00:00, 1.11329e-13
10714, 2016-12-20 10:00:00, 1.1105e-13
10715, 2016-12-20 11:00:00, 1.10772e-13
10716, 2016-12-20 12:00:00, 1.10444e-13
10717, 2016-12-20 13:00:00, 1.10166e-13
10718, 2016-12-20 14:00:00, 1.09888e-13
10719, 2016-12-20 15:00:00, 7.29567e-08
10720, 2016-12-20 16:00:00, 4.04915e-08
10721, 2016-12-20 17:00:00, 3.12534e-07
10722, 2016-12-20 18:00:00, 6.57542e-07
10723, 2016-12-20 19:00:00, 8.24293e-07
10724, 2016-12-20 20:00:00, 4.10612e-07
10725, 2016-12-20 21:00:00, 1.75358e-07
10726, 2016-12-20 22:00:00, 1.07571e-13
10727, 2016-12-20 23:00:00, 1.07293e-13
10728, 2016-12-21 00:00:00, 1.07015e-13
10729, 2016-12-21 01:00:00, 1.06736e-13
10730, 2016-12-21 02:00:00, 1.06458e-13
10731, 2016-12-21 03:00:00, 1.0618e-13
10732, 2016-12-21 04:00:00, 1.05901e-13
10733, 2016-12-21 05:00:00, 1.05623e-13
10734, 2016-12-21 06:00:00, 1.05345e-13
10735, 2016-12-21 07:00:00, 1.05066e-13
10736, 2016-12-21 08:00:00, 1.04788e-13
10737, 2016-12-21 09:00:00, 1.0451e-13
10738, 2016-12-21 10:00:00, 1.04231e-13
10739, 2016-12-21 11:00:00, 1.03953e-13
10740, 2016-12-21 12:00:00, 1.03675e-13
10741, 2016-12-21 13:00:00, 1.03396e-13
10742, 2016-12-21 14:00:00, 1.03118e-13
10743, 2016-12-21 15:00:00, 3.78232e-11
10744, 2016-12-21 16:00:00, 1.36325e-10
10745, 2016-12-21 17:00:00, 2.70675e-10
10746, 2016-12-21 18:00:00, 1.35553e-10
10747, 2016-12-21 19:00:00, 7.38221e-11
10748, 2016-12-21 20:00:00, 1.01587e-13
10749, 2016-12-21 21:00:00, 1.01309e-13
10750, 2016-12-21 22:00:00, 1.01031e-13
10751, 2016-12-21 23:00:00, 1.00752e-13
10752, 2016-12-22 00:00:00, 1.00474e-13
10753, 2016-12-22 01:00:00, 1.00196e-13
10754, 2016-12-22 02:00:00, 9.99175e-14
10755, 2016-12-22 03:00:00, 9.97289e-14
10756, 2016-12-22 04:00:00, 9.94506e-14
10757, 2016-12-22 05:00:00, 9.92217e-14
10758, 2016-12-22 06:00:00, 9.89434e-14
10759, 2016-12-22 07:00:00, 9.8665e-14
10760, 2016-12-22 08:00:00, 9.83867e-14
10761, 2016-12-22 09:00:00, 9.81084e-14
10762, 2016-12-22 10:00:00, 9.79199e-14
10763, 2016-12-22 11:00:00, 9.76415e-14
10764, 2016-12-22 12:00:00, 9.74126e-14
10765, 2016-12-22 13:00:00, 9.71343e-14
10766, 2016-12-22 14:00:00, 9.68559e-14
10767, 2016-12-22 15:00:00, 0.000168509
10768, 2016-12-22 16:00:00, 0.000962326
10769, 2016-12-22 17:00:00, 0.000469086
10770, 2016-12-22 18:00:00, 0.000470673
10771, 2016-12-22 19:00:00, 6.83576e-05
10772, 2016-12-22 20:00:00, 6.68747e-05
10773, 2016-12-22 21:00:00, 8.67249e-06
10774, 2016-12-22 22:00:00, 6.09762e-06
10775, 2016-12-22 23:00:00, 8.90477e-07
10776, 2016-12-23 00:00:00, 1.41905e-09
10777, 2016-12-23 01:00:00, 9.40727e-14
10778, 2016-12-23 02:00:00, 9.38842e-14
10779, 2016-12-23 03:00:00, 9.36552e-14
10780, 2016-12-23 04:00:00, 9.33769e-14
10781, 2016-12-23 05:00:00, 9.30986e-14
10782, 2016-12-23 06:00:00, 9.29101e-14
10783, 2016-12-23 07:00:00, 9.26811e-14
10784, 2016-12-23 08:00:00, 9.24028e-14
10785, 2016-12-23 09:00:00, 9.21245e-14
10786, 2016-12-23 10:00:00, 9.19359e-14
10787, 2016-12-23 11:00:00, 9.1707e-14
10788, 2016-12-23 12:00:00, 9.14287e-14
10789, 2016-12-23 13:00:00, 8.89998e-10
10790, 2016-12-23 14:00:00, 4.04594e-10
10791, 2016-12-23 15:00:00, 3.23693e-10
10792, 2016-12-23 16:00:00, 9.04545e-14
10793, 2016-12-23 17:00:00, 9.0266e-14
10794, 2016-12-23 18:00:00, 9.00371e-14
10795, 2016-12-23 19:00:00, 8.97587e-14
10796, 2016-12-23 20:00:00, 8.95702e-14
10797, 2016-12-23 21:00:00, 8.93413e-14
10798, 2016-12-23 22:00:00, 8.90629e-14
10799, 2016-12-23 23:00:00, 8.88744e-14
10800, 2016-12-24 00:00:00, 8.86455e-14
10801, 2016-12-24 01:00:00, 8.83671e-14
10802, 2016-12-24 02:00:00, 8.81786e-14
10803, 2016-12-24 03:00:00, 8.79496e-14
10804, 2016-12-24 04:00:00, 8.76713e-14
10805, 2016-12-24 05:00:00, 8.74828e-14
10806, 2016-12-24 06:00:00, 8.72538e-14
10807, 2016-12-24 07:00:00, 8.69755e-14
10808, 2016-12-24 08:00:00, 8.6787e-14
10809, 2016-12-24 09:00:00, 8.6558e-14
10810, 2016-12-24 10:00:00, 8.62797e-14
10811, 2016-12-24 11:00:00, 8.61406e-14
10812, 2016-12-24 12:00:00, 8.58622e-14
10813, 2016-12-24 13:00:00, 8.56737e-14
10814, 2016-12-24 14:00:00, 0.0072316
10815, 2016-12-24 15:00:00, 0.041268
10816, 2016-12-24 16:00:00, 0.0716213
10817, 2016-12-24 17:00:00, 0.18583
10818, 2016-12-24 18:00:00, 0.19779
10819, 2016-12-24 19:00:00, 0.120142
10820, 2016-12-24 20:00:00, 0.0475681
10821, 2016-12-24 21:00:00, 0.00562469
10822, 2016-12-24 22:00:00, 8.36357e-14
10823, 2016-12-24 23:00:00, 8.34471e-14
10824, 2016-12-25 00:00:00, 8.32182e-14
10825, 2016-12-25 01:00:00, 8.29399e-14
10826, 2016-12-25 02:00:00, 8.28007e-14
10827, 2016-12-25 03:00:00, 8.25224e-14
10828, 2016-12-25 04:00:00, 8.23832e-14
10829, 2016-12-25 05:00:00, 8.21049e-14
10830, 2016-12-25 06:00:00, 8.19657e-14
10831, 2016-12-25 07:00:00, 8.16874e-14
10832, 2016-12-25 08:00:00, 8.14989e-14
10833, 2016-12-25 09:00:00, 8.12699e-14
10834, 2016-12-25 10:00:00, 8.10814e-14
10835, 2016-12-25 11:00:00, 8.08524e-14
10836, 2016-12-25 12:00:00, 8.06639e-14
10837, 2016-12-25 13:00:00, 2.81011e-09
10838, 2016-12-25 14:00:00, 1.27737e-09
10839, 2016-12-25 15:00:00, 1.02191e-09
10840, 2016-12-25 16:00:00, 7.97392e-14
10841, 2016-12-25 17:00:00, 7.96e-14
10842, 2016-12-25 18:00:00, 7.93217e-14
10843, 2016-12-25 19:00:00, 7.91825e-14
10844, 2016-12-25 20:00:00, 7.8994e-14
10845, 2016-12-25 21:00:00, 7.8765e-14
10846, 2016-12-25 22:00:00, 7.85765e-14
10847, 2016-12-25 23:00:00, 7.83475e-14
10848, 2016-12-26 00:00:00, 7.8159e-14
10849, 2016-12-26 01:00:00, 7.79301e-14
10850, 2016-12-26 02:00:00, 7.77415e-14
10851, 2016-12-26 03:00:00, 7.75126e-14
10852, 2016-12-26 04:00:00, 7.73734e-14
10853, 2016-12-26 05:00:00, 7.70951e-14
10854, 2016-12-26 06:00:00, 7.69559e-14
10855, 2016-12-26 07:00:00, 7.66776e-14
10856, 2016-12-26 08:00:00, 7.65385e-14
10857, 2016-12-26 09:00:00, 7.62601e-14
10858, 2016-12-26 10:00:00, 7.6121e-14
10859, 2016-12-26 11:00:00, 7.59324e-14
10860, 2016-12-26 12:00:00, 7.57035e-14
10861, 2016-12-26 13:00:00, 7.55643e-14
10862, 2016-12-26 14:00:00, 4.21252e-09
10863, 2016-12-26 15:00:00, 8.80337e-09
10864, 2016-12-26 16:00:00, 3.34535e-08
10865, 2016-12-26 17:00:00, 6.63395e-08
10866, 2016-12-26 18:00:00, 3.35366e-08
10867, 2016-12-26 19:00:00, 1.84539e-08
10868, 2016-12-26 20:00:00, 7.41727e-14
10869, 2016-12-26 21:00:00, 7.39842e-14
10870, 2016-12-26 22:00:00, 7.37552e-14
10871, 2016-12-26 23:00:00, 7.36161e-14
10872, 2016-12-27 00:00:00, 7.33378e-14
10873, 2016-12-27 01:00:00, 4.44059e-08
10874, 2016-12-27 02:00:00, 5.04811e-05
10875, 2016-12-27 03:00:00, 3.1467e-05
10876, 2016-12-27 04:00:00, 0.00168611
10877, 2016-12-27 05:00:00, 0.000761788
10878, 2016-12-27 06:00:00, 0.000608217
10879, 2016-12-27 07:00:00, 2.93291e-06
10880, 2016-12-27 08:00:00, 1.75752e-06
10881, 2016-12-27 09:00:00, 9.79261e-07
10882, 2016-12-27 10:00:00, 7.65413e-05
10883, 2016-12-27 11:00:00, 4.98355e-05
10884, 2016-12-27 12:00:00, 0.000454245
10885, 2016-12-27 13:00:00, 0.000201819
10886, 2016-12-27 14:00:00, 0.000155146
10887, 2016-12-27 15:00:00, 0.000471883
10888, 2016-12-27 16:00:00, 0.000213571
10889, 2016-12-27 17:00:00, 0.000170857
10890, 2016-12-27 18:00:00, 6.99979e-14
10891, 2016-12-27 19:00:00, 6.98587e-14
10892, 2016-12-27 20:00:00, 6.95804e-14
10893, 2016-12-27 21:00:00, 6.94413e-14
10894, 2016-12-27 22:00:00, 6.93021e-14
10895, 2016-12-27 23:00:00, 6.91136e-14
10896, 2016-12-28 00:00:00, 6.88846e-14
10897, 2016-12-28 01:00:00, 6.87455e-14
10898, 2016-12-28 02:00:00, 6.85569e-14
10899, 2016-12-28 03:00:00, 6.8328e-14
10900, 2016-12-28 04:00:00, 6.81888e-14
10901, 2016-12-28 05:00:00, 6.80496e-14
10902, 2016-12-28 06:00:00, 6.77713e-14
10903, 2016-12-28 07:00:00, 6.76322e-14
10904, 2016-12-28 08:00:00, 6.7493e-14
10905, 2016-12-28 09:00:00, 6.73045e-14
10906, 2016-12-28 10:00:00, 6.70755e-14
10907, 2016-12-28 11:00:00, 6.69364e-14
10908, 2016-12-28 12:00:00, 6.67972e-14
10909, 2016-12-28 13:00:00, 6.66087e-14
10910, 2016-12-28 14:00:00, 6.63797e-14
10911, 2016-12-28 15:00:00, 6.62406e-14
10912, 2016-12-28 16:00:00, 6.61014e-14
10913, 2016-12-28 17:00:00, 6.59129e-14
10914, 2016-12-28 18:00:00, 6.56839e-14
10915, 2016-12-28 19:00:00, 6.55448e-14
10916, 2016-12-28 20:00:00, 6.54056e-14
10917, 2016-12-28 21:00:00, 6.52664e-14
10918, 2016-12-28 22:00:00, 6.49881e-14
10919, 2016-12-28 23:00:00, 6.48489e-14
10920, 2016-12-29 00:00:00, 6.47098e-14
10921, 2016-12-29 01:00:00, 6.45706e-14
10922, 2016-12-29 02:00:00, 6.43821e-14
10923, 2016-12-29 03:00:00, 6.41531e-14
10924, 2016-12-29 04:00:00, 6.4014e-14
10925, 2016-12-29 05:00:00, 6.38748e-14
10926, 2016-12-29 06:00:00, 6.37357e-14
10927, 2016-12-29 07:00:00, 6.35471e-14
10928, 2016-12-29 08:00:00, 6.33182e-14
10929, 2016-12-29 09:00:00, 6.3179e-14
10930, 2016-12-29 10:00:00, 6.30399e-14
10931, 2016-12-29 11:00:00, 6.29007e-14
10932, 2016-12-29 12:00:00, 6.27122e-14
10933, 2016-12-29 13:00:00, 6.24832e-14
10934, 2016-12-29 14:00:00, 6.23441e-14
10935, 2016-12-29 15:00:00, 6.22049e-14
10936, 2016-12-29 16:00:00, 6.20657e-14
10937, 2016-12-29 17:00:00, 3.37555e-05
10938, 2016-12-29 18:00:00, 0.00659044
10939, 2016-12-29 19:00:00, 0.0172733
10940, 2016-12-29 20:00:00, 0.0222902
10941, 2016-12-29 21:00:00, 0.0759584
10942, 2016-12-29 22:00:00, 0.116277
10943, 2016-12-29 23:00:00, 0.333493
10944, 2016-12-30 00:00:00, 0.153775
10945, 2016-12-30 01:00:00, 0.105804
10946, 2016-12-30 02:00:00, 0.00409481
10947, 2016-12-30 03:00:00, 0.0034587
10948, 2016-12-30 04:00:00, 0.000842369
10949, 2016-12-30 05:00:00, 0.000573761
10950, 2016-12-30 06:00:00, 0.000287899
10951, 2016-12-30 07:00:00, 0.000153747
10952, 2016-12-30 08:00:00, 5.1658e-05
10953, 2016-12-30 09:00:00, 1.47064e-05
10954, 2016-12-30 10:00:00, 7.07133e-06
10955, 2016-12-30 11:00:00, 1.41501e-06
10956, 2016-12-30 12:00:00, 5.8865e-14
10957, 2016-12-30 13:00:00, 5.87259e-14
10958, 2016-12-30 14:00:00, 0.000249524
10959, 2016-12-30 15:00:00, 0.00195815
10960, 2016-12-30 16:00:00, 0.00465093
10961, 2016-12-30 17:00:00, 0.00431686
10962, 2016-12-30 18:00:00, 0.00224169
10963, 2016-12-30 19:00:00, 0.000710682
10964, 2016-12-30 20:00:00, 5.76126e-14
10965, 2016-12-30 21:00:00, 0.000661335
10966, 2016-12-30 22:00:00, 0.000305799
10967, 2016-12-30 23:00:00, 0.000242846
10968, 2016-12-31 00:00:00, 1.88803e-06
10969, 2016-12-31 01:00:00, 5.69168e-14
10970, 2016-12-31 02:00:00, 5.67776e-14
10971, 2016-12-31 03:00:00, 5.66385e-14
10972, 2016-12-31 04:00:00, 5.64993e-14
10973, 2016-12-31 05:00:00, 5.63601e-14
10974, 2016-12-31 06:00:00, 5.61716e-14
10975, 2016-12-31 07:00:00, 5.60324e-14
10976, 2016-12-31 08:00:00, 5.58933e-14
10977, 2016-12-31 09:00:00, 5.56643e-14
10978, 2016-12-31 10:00:00, 5.55252e-14
10979, 2016-12-31 11:00:00, 5.5386e-14
10980, 2016-12-31 12:00:00, 5.52469e-14
10981, 2016-12-31 13:00:00, 5.51077e-14
10982, 2016-12-31 14:00:00, 5.49685e-14
10983, 2016-12-31 15:00:00, 4.97853e-08
10984, 2016-12-31 16:00:00, 1.03078e-07
10985, 2016-12-31 17:00:00, 1.35513e-07
10986, 2016-12-31 18:00:00, 6.60001e-08
10987, 2016-12-31 19:00:00, 2.93969e-08
10988, 2016-12-31 20:00:00, 5.41336e-14
10989, 2016-12-31 21:00:00, 5.39944e-14
10990, 2016-12-31 22:00:00, 5.38552e-14
10991, 2016-12-31 23:00:00, 5.37161e-14
10992, 2017-01-01 00:00:00, 5.35769e-14
10993, 2017-01-01 01:00:00, 3.54364e-05
10994, 2017-01-01 02:00:00, 0.00577912
10995, 2017-01-01 03:00:00, 0.00535049
10996, 2017-01-01 04:00:00, 0.00672679
10997, 2017-01-01 05:00:00, 0.0105598
10998, 2017-01-01 06:00:00, 0.00712293
10999, 2017-01-01 07:00:00, 0.0088974
11000, 2017-01-01 08:00:00, 0.00982321
11001, 2017-01-01 09:00:00, 0.00525483
11002, 2017-01-01 10:00:00, 0.00265616
11003, 2017-01-01 11:00:00, 0.000163061
11004, 2017-01-01 12:00:00, 1.53818e-05
11005, 2017-01-01 13:00:00, 4.47746e-06
11006, 2017-01-01 14:00:00, 5.16287e-14
11007, 2017-01-01 15:00:00, 5.14895e-14
11008, 2017-01-01 16:00:00, 5.13503e-14
11009, 2017-01-01 17:00:00, 5.12112e-14
11010, 2017-01-01 18:00:00, 5.1072e-14
11011, 2017-01-01 19:00:00, 5.09329e-14
11012, 2017-01-01 20:00:00, 5.07937e-14
11013, 2017-01-01 21:00:00, 5.06545e-14
11014, 2017-01-01 22:00:00, 5.05154e-14
11015, 2017-01-01 23:00:00, 5.0466e-14
11016, 2017-01-02 00:00:00, 5.03268e-14
11017, 2017-01-02 01:00:00, 5.02371e-14
11018, 2017-01-02 02:00:00, 5.00979e-14
11019, 2017-01-02 03:00:00, 4.99587e-14
11020, 2017-01-02 04:00:00, 4.98196e-14
11021, 2017-01-02 05:00:00, 4.96804e-14
11022, 2017-01-02 06:00:00, 4.95413e-14
11023, 2017-01-02 07:00:00, 4.94021e-14
11024, 2017-01-02 08:00:00, 4.92629e-14
11025, 2017-01-02 09:00:00, 4.91238e-14
11026, 2017-01-02 10:00:00, 4.89846e-14
11027, 2017-01-02 11:00:00, 4.88455e-14
11028, 2017-01-02 12:00:00, 4.87063e-14
11029, 2017-01-02 13:00:00, 4.85671e-14
11030, 2017-01-02 14:00:00, 1.04452e-08
11031, 2017-01-02 15:00:00, 1.76486e-08
11032, 2017-01-02 16:00:00, 4.73143e-08
11033, 2017-01-02 17:00:00, 5.79261e-08
11034, 2017-01-02 18:00:00, 3.011e-08
11035, 2017-01-02 19:00:00, 1.31347e-08
11036, 2017-01-02 20:00:00, 4.77322e-14
11037, 2017-01-02 21:00:00, 4.7593e-14
11038, 2017-01-02 22:00:00, 4.74538e-14
11039, 2017-01-02 23:00:00, 4.73147e-14
11040, 2017-01-03 00:00:00, 4.72653e-14
11041, 2017-01-03 01:00:00, 4.71755e-14
11042, 2017-01-03 02:00:00, 4.70364e-14
11043, 2017-01-03 03:00:00, 1.42754e-05
11044, 2017-01-03 04:00:00, 6.48881e-06
11045, 2017-01-03 05:00:00, 5.19105e-06
11046, 2017-01-03 06:00:00, 4.64797e-14
11047, 2017-01-03 07:00:00, 4.02932e-05
11048, 2017-01-03 08:00:00, 0.00200496
11049, 2017-01-03 09:00:00, 0.00154564
11050, 2017-01-03 10:00:00, 0.00219305
11051, 2017-01-03 11:00:00, 0.000777853
11052, 2017-01-03 12:00:00, 0.000435878
11053, 2017-01-03 13:00:00, 9.41679e-05
11054, 2017-01-03 14:00:00, 0.000114076
11055, 2017-01-03 15:00:00, 0.000136073
11056, 2017-01-03 16:00:00, 0.000374364
11057, 2017-01-03 17:00:00, 0.000208758
11058, 2017-01-03 18:00:00, 0.000245812
11059, 2017-01-03 19:00:00, 0.000112202
11060, 2017-01-03 20:00:00, 0.0037516
11061, 2017-01-03 21:00:00, 0.00428564
11062, 2017-01-03 22:00:00, 0.0123345
11063, 2017-01-03 23:00:00, 0.0946079
11064, 2017-01-04 00:00:00, 0.335219
11065, 2017-01-04 01:00:00, 0.165426
11066, 2017-01-04 02:00:00, 0.10616
11067, 2017-01-04 03:00:00, 0.000263285
11068, 2017-01-04 04:00:00, 0.000119577
11069, 2017-01-04 05:00:00, 5.73954e-05
11070, 2017-01-04 06:00:00, 0.000276051
11071, 2017-01-04 07:00:00, 0.000107243
11072, 2017-01-04 08:00:00, 8.57926e-05
11073, 2017-01-04 09:00:00, 4.3279e-14
11074, 2017-01-04 10:00:00, 4.32296e-14
11075, 2017-01-04 11:00:00, 4.31399e-14
11076, 2017-01-04 12:00:00, 4.30007e-14
11077, 2017-01-04 13:00:00, 4.28615e-14
11078, 2017-01-04 14:00:00, 4.27224e-14
11079, 2017-01-04 15:00:00, 4.2673e-14
11080, 2017-01-04 16:00:00, 4.25832e-14
11081, 2017-01-04 17:00:00, 4.24441e-14
11082, 2017-01-04 18:00:00, 4.23049e-14
11083, 2017-01-04 19:00:00, 4.21657e-14
11084, 2017-01-04 20:00:00, 4.21164e-14
11085, 2017-01-04 21:00:00, 4.20266e-14
11086, 2017-01-04 22:00:00, 4.18874e-14
11087, 2017-01-04 23:00:00, 4.17482e-14
11088, 2017-01-05 00:00:00, 4.16091e-14
11089, 2017-01-05 01:00:00, 4.16091e-14
11090, 2017-01-05 02:00:00, 4.14699e-14
11091, 2017-01-05 03:00:00, 4.13308e-14
11092, 2017-01-05 04:00:00, 4.11916e-14
11093, 2017-01-05 05:00:00, 4.11422e-14
11094, 2017-01-05 06:00:00, 4.10524e-14
11095, 2017-01-05 07:00:00, 4.09133e-14
11096, 2017-01-05 08:00:00, 4.07741e-14
11097, 2017-01-05 09:00:00, 4.0635e-14
11098, 2017-01-05 10:00:00, 4.0635e-14
11099, 2017-01-05 11:00:00, 4.04958e-14
11100, 2017-01-05 12:00:00, 4.03566e-14
11101, 2017-01-05 13:00:00, 4.02175e-14
11102, 2017-01-05 14:00:00, 4.02175e-14
11103, 2017-01-05 15:00:00, 4.00783e-14
11104, 2017-01-05 16:00:00, 3.99392e-14
11105, 2017-01-05 17:00:00, 3.98e-14
11106, 2017-01-05 18:00:00, 3.97506e-14
11107, 2017-01-05 19:00:00, 3.96608e-14
11108, 2017-01-05 20:00:00, 3.95217e-14
11109, 2017-01-05 21:00:00, 3.93825e-14
11110, 2017-01-05 22:00:00, 3.93825e-14
11111, 2017-01-05 23:00:00, 3.92434e-14
11112, 2017-01-06 00:00:00, 3.91042e-14
11113, 2017-01-06 01:00:00, 3.8965e-14
11114, 2017-01-06 02:00:00, 3.8965e-14
11115, 2017-01-06 03:00:00, 3.88259e-14
11116, 2017-01-06 04:00:00, 3.86867e-14
11117, 2017-01-06 05:00:00, 3.85476e-14
11118, 2017-01-06 06:00:00, 3.85476e-14
11119, 2017-01-06 07:00:00, 3.84084e-14
11120, 2017-01-06 08:00:00, 3.82692e-14
11121, 2017-01-06 09:00:00, 3.82199e-14
11122, 2017-01-06 10:00:00, 3.81301e-14
11123, 2017-01-06 11:00:00, 3.79909e-14
11124, 2017-01-06 12:00:00, 3.78517e-14
11125, 2017-01-06 13:00:00, 3.78517e-14
11126, 2017-01-06 14:00:00, 3.77126e-14
11127, 2017-01-06 15:00:00, 3.75734e-14
11128, 2017-01-06 16:00:00, 3.75734e-14
11129, 2017-01-06 17:00:00, 3.74343e-14
11130, 2017-01-06 18:00:00, 3.72951e-14
11131, 2017-01-06 19:00:00, 3.71559e-14
11132, 2017-01-06 20:00:00, 3.71559e-14
11133, 2017-01-06 21:00:00, 3.70168e-14
11134, 2017-01-06 22:00:00, 3.68776e-14
11135, 2017-01-06 23:00:00, 3.68776e-14
11136, 2017-01-07 00:00:00, 3.67385e-14
11137, 2017-01-07 01:00:00, 3.65993e-14
11138, 2017-01-07 02:00:00, 3.65993e-14
11139, 2017-01-07 03:00:00, 3.64601e-14
11140, 2017-01-07 04:00:00, 3.6321e-14
11141, 2017-01-07 05:00:00, 3.62716e-14
11142, 2017-01-07 06:00:00, 3.61818e-14
11143, 2017-01-07 07:00:00, 3.60427e-14
11144, 2017-01-07 08:00:00, 3.59933e-14
11145, 2017-01-07 09:00:00, 3.59035e-14
11146, 2017-01-07 10:00:00, 3.57643e-14
11147, 2017-01-07 11:00:00, 3.5715e-14
11148, 2017-01-07 12:00:00, 3.56252e-14
11149, 2017-01-07 13:00:00, 3.5486e-14
11150, 2017-01-07 14:00:00, 3.53469e-14
11151, 2017-01-07 15:00:00, 3.53469e-14
11152, 2017-01-07 16:00:00, 3.52077e-14
11153, 2017-01-07 17:00:00, 3.51583e-14
11154, 2017-01-07 18:00:00, 3.50685e-14
11155, 2017-01-07 19:00:00, 3.49294e-14
11156, 2017-01-07 20:00:00, 3.488e-14
11157, 2017-01-07 21:00:00, 3.47902e-14
11158, 2017-01-07 22:00:00, 3.4651e-14
11159, 2017-01-07 23:00:00, 3.46017e-14
11160, 2017-01-08 00:00:00, 3.45119e-14
11161, 2017-01-08 01:00:00, 3.43727e-14
11162, 2017-01-08 02:00:00, 3.43727e-14
11163, 2017-01-08 03:00:00, 3.42336e-14
11164, 2017-01-08 04:00:00, 3.40944e-14
11165, 2017-01-08 05:00:00, 3.40944e-14
11166, 2017-01-08 06:00:00, 3.39552e-14
11167, 2017-01-08 07:00:00, 3.38161e-14
11168, 2017-01-08 08:00:00, 3.38161e-14
11169, 2017-01-08 09:00:00, 3.36769e-14
11170, 2017-01-08 10:00:00, 3.36275e-14
11171, 2017-01-08 11:00:00, 3.35378e-14
11172, 2017-01-08 12:00:00, 3.33986e-14
11173, 2017-01-08 13:00:00, 3.33986e-14
11174, 2017-01-08 14:00:00, 3.32594e-14
11175, 2017-01-08 15:00:00, 3.31203e-14
11176, 2017-01-08 16:00:00, 3.31203e-14
11177, 2017-01-08 17:00:00, 3.29811e-14
11178, 2017-01-08 18:00:00, 3.2842e-14
11179, 2017-01-08 19:00:00, 3.2842e-14
11180, 2017-01-08 20:00:00, 3.27028e-14
11181, 2017-01-08 21:00:00, 3.27028e-14
11182, 2017-01-08 22:00:00, 3.25636e-14
11183, 2017-01-08 23:00:00, 3.24245e-14
11184, 2017-01-09 00:00:00, 3.24245e-14
11185, 2017-01-09 01:00:00, 3.22853e-14
11186, 2017-01-09 02:00:00, 3.22359e-14
11187, 2017-01-09 03:00:00, 3.21462e-14
11188, 2017-01-09 04:00:00, 3.2007e-14
11189, 2017-01-09 05:00:00, 3.2007e-14
11190, 2017-01-09 06:00:00, 3.18678e-14
11191, 2017-01-09 07:00:00, 3.18185e-14
11192, 2017-01-09 08:00:00, 3.17287e-14
11193, 2017-01-09 09:00:00, 3.15895e-14
11194, 2017-01-09 10:00:00, 3.15895e-14
11195, 2017-01-09 11:00:00, 3.14503e-14
11196, 2017-01-09 12:00:00, 3.14503e-14
11197, 2017-01-09 13:00:00, 3.13112e-14
11198, 2017-01-09 14:00:00, 3.1172e-14
11199, 2017-01-09 15:00:00, 3.1172e-14
11200, 2017-01-09 16:00:00, 3.10329e-14
11201, 2017-01-09 17:00:00, 3.10329e-14
11202, 2017-01-09 18:00:00, 3.08937e-14
11203, 2017-01-09 19:00:00, 3.07545e-14
11204, 2017-01-09 20:00:00, 3.07545e-14
11205, 2017-01-09 21:00:00, 3.06154e-14
11206, 2017-01-09 22:00:00, 3.06154e-14
11207, 2017-01-09 23:00:00, 3.04762e-14
11208, 2017-01-10 00:00:00, 3.04762e-14
11209, 2017-01-10 01:00:00, 3.03371e-14
11210, 2017-01-10 02:00:00, 3.01979e-14
11211, 2017-01-10 03:00:00, 3.01979e-14
11212, 2017-01-10 04:00:00, 3.00587e-14
11213, 2017-01-10 05:00:00, 3.00587e-14
11214, 2017-01-10 06:00:00, 2.99196e-14
11215, 2017-01-10 07:00:00, 2.99196e-14
11216, 2017-01-10 08:00:00, 2.97804e-14
11217, 2017-01-10 09:00:00, 2.9731e-14
11218, 2017-01-10 10:00:00, 2.96413e-14
11219, 2017-01-10 11:00:00, 2.95021e-14
11220, 2017-01-10 12:00:00, 2.95021e-14
11221, 2017-01-10 13:00:00, 2.93629e-14
11222, 2017-01-10 14:00:00, 2.93629e-14
11223, 2017-01-10 15:00:00, 2.92238e-14
11224, 2017-01-10 16:00:00, 2.92238e-14
11225, 2017-01-10 17:00:00, 2.90846e-14
11226, 2017-01-10 18:00:00, 2.90352e-14
11227, 2017-01-10 19:00:00, 0.00349645
11228, 2017-01-10 20:00:00, 0.00167992
11229, 2017-01-10 21:00:00, 0.00145923
11230, 2017-01-10 22:00:00, 0.000407708
11231, 2017-01-10 23:00:00, 0.00113616
11232, 2017-01-11 00:00:00, 0.00684982
11233, 2017-01-11 01:00:00, 0.0724828
11234, 2017-01-11 02:00:00, 0.195846
11235, 2017-01-11 03:00:00, 0.167867
11236, 2017-01-11 04:00:00, 0.218224
11237, 2017-01-11 05:00:00, 0.0845371
11238, 2017-01-11 06:00:00, 0.0607428
11239, 2017-01-11 07:00:00, 0.023367
11240, 2017-01-11 08:00:00, 0.038648
11241, 2017-01-11 09:00:00, 0.183697
11242, 2017-01-11 10:00:00, 0.199559
11243, 2017-01-11 11:00:00, 0.330113
11244, 2017-01-11 12:00:00, 0.459578
11245, 2017-01-11 13:00:00, 0.548735
11246, 2017-01-11 14:00:00, 0.591525
11247, 2017-01-11 15:00:00, 0.594874
11248, 2017-01-11 16:00:00, 0.573303
11249, 2017-01-11 17:00:00, 0.537026
11250, 2017-01-11 18:00:00, 0.493086
11251, 2017-01-11 19:00:00, 0.446233
11252, 2017-01-11 20:00:00, 0.399573
11253, 2017-01-11 21:00:00, 0.355046
11254, 2017-01-11 22:00:00, 0.313777
11255, 2017-01-11 23:00:00, 0.27633
11256, 2017-01-12 00:00:00, 0.242895
11257, 2017-01-12 01:00:00, 0.213416
11258, 2017-01-12 02:00:00, 0.187689
11259, 2017-01-12 03:00:00, 0.165421
11260, 2017-01-12 04:00:00, 0.146343
11261, 2017-01-12 05:00:00, 0.140552
11262, 2017-01-12 06:00:00, 0.235497
11263, 2017-01-12 07:00:00, 0.213889
11264, 2017-01-12 08:00:00, 0.290651
11265, 2017-01-12 09:00:00, 0.415641
11266, 2017-01-12 10:00:00, 0.513386
11267, 2017-01-12 11:00:00, 0.61812
11268, 2017-01-12 12:00:00, 0.706021
11269, 2017-01-12 13:00:00, 0.740214
11270, 2017-01-12 14:00:00, 0.736887
11271, 2017-01-12 15:00:00, 0.707543
11272, 2017-01-12 16:00:00, 0.663097
11273, 2017-01-12 17:00:00, 0.611084
11274, 2017-01-12 18:00:00, 0.556558
11275, 2017-01-12 19:00:00, 0.502799
11276, 2017-01-12 20:00:00, 0.451832
11277, 2017-01-12 21:00:00, 0.404804
11278, 2017-01-12 22:00:00, 0.362267
11279, 2017-01-12 23:00:00, 0.324373
11280, 2017-01-13 00:00:00, 0.291014
11281, 2017-01-13 01:00:00, 0.265778
11282, 2017-01-13 02:00:00, 0.238541
11283, 2017-01-13 03:00:00, 0.216554
11284, 2017-01-13 04:00:00, 0.196667
11285, 2017-01-13 05:00:00, 0.180927
11286, 2017-01-13 06:00:00, 0.167589
11287, 2017-01-13 07:00:00, 0.156315
11288, 2017-01-13 08:00:00, 0.14681
11289, 2017-01-13 09:00:00, 0.138811
11290, 2017-01-13 10:00:00, 0.132089
11291, 2017-01-13 11:00:00, 0.126444
11292, 2017-01-13 12:00:00, 0.121706
11293, 2017-01-13 13:00:00, 0.117727
11294, 2017-01-13 14:00:00, 0.114382
11295, 2017-01-13 15:00:00, 0.111567
11296, 2017-01-13 16:00:00, 0.109192
11297, 2017-01-13 17:00:00, 0.107182
11298, 2017-01-13 18:00:00, 0.105473
11299, 2017-01-13 19:00:00, 0.104015
11300, 2017-01-13 20:00:00, 0.102763
11301, 2017-01-13 21:00:00, 0.101682
11302, 2017-01-13 22:00:00, 0.10074
11303, 2017-01-13 23:00:00, 0.0999133
11304, 2017-01-14 00:00:00, 0.0991814
11305, 2017-01-14 01:00:00, 0.0985274
11306, 2017-01-14 02:00:00, 0.0979372
11307, 2017-01-14 03:00:00, 0.0973994
11308, 2017-01-14 04:00:00, 0.0969047
11309, 2017-01-14 05:00:00, 0.0964452
11310, 2017-01-14 06:00:00, 0.0960148
11311, 2017-01-14 07:00:00, 0.0956082
11312, 2017-01-14 08:00:00, 0.0952213
11313, 2017-01-14 09:00:00, 0.0948505
11314, 2017-01-14 10:00:00, 0.094493
11315, 2017-01-14 11:00:00, 0.0941467
11316, 2017-01-14 12:00:00, 0.0938095
11317, 2017-01-14 13:00:00, 0.09348
11318, 2017-01-14 14:00:00, 0.0931569
11319, 2017-01-14 15:00:00, 0.0928393
11320, 2017-01-14 16:00:00, 0.0925263
11321, 2017-01-14 17:00:00, 0.0922172
11322, 2017-01-14 18:00:00, 0.0919115
11323, 2017-01-14 19:00:00, 0.0916088
11324, 2017-01-14 20:00:00, 0.0913087
11325, 2017-01-14 21:00:00, 0.091011
11326, 2017-01-14 22:00:00, 0.0907153
11327, 2017-01-14 23:00:00, 0.0904215
11328, 2017-01-15 00:00:00, 0.0901294
11329, 2017-01-15 01:00:00, 0.0898389
11330, 2017-01-15 02:00:00, 0.0895499
11331, 2017-01-15 03:00:00, 0.0892624
11332, 2017-01-15 04:00:00, 0.0889762
11333, 2017-01-15 05:00:00, 0.0886912
11334, 2017-01-15 06:00:00, 0.0884076
11335, 2017-01-15 07:00:00, 0.0881251
11336, 2017-01-15 08:00:00, 0.0878438
11337, 2017-01-15 09:00:00, 0.0875636
11338, 2017-01-15 10:00:00, 0.0872846
11339, 2017-01-15 11:00:00, 0.0870067
11340, 2017-01-15 12:00:00, 0.0867298
11341, 2017-01-15 13:00:00, 0.0864541
11342, 2017-01-15 14:00:00, 0.0861797
11343, 2017-01-15 15:00:00, 0.0859624
11344, 2017-01-15 16:00:00, 0.0856596
11345, 2017-01-15 17:00:00, 0.0853832
11346, 2017-01-15 18:00:00, 0.0850915
11347, 2017-01-15 19:00:00, 0.0848217
11348, 2017-01-15 20:00:00, 0.0845528
11349, 2017-01-15 21:00:00, 0.0842853
11350, 2017-01-15 22:00:00, 0.0840188
11351, 2017-01-15 23:00:00, 0.0837532
11352, 2017-01-16 00:00:00, 0.0834886
11353, 2017-01-16 01:00:00, 0.0832251
11354, 2017-01-16 02:00:00, 0.0829625
11355, 2017-01-16 03:00:00, 0.0827008
11356, 2017-01-16 04:00:00, 0.0824402
11357, 2017-01-16 05:00:00, 0.0821805
11358, 2017-01-16 06:00:00, 0.0819217
11359, 2017-01-16 07:00:00, 0.0816639
11360, 2017-01-16 08:00:00, 0.0814071
11361, 2017-01-16 09:00:00, 0.0811512
11362, 2017-01-16 10:00:00, 0.0808962
11363, 2017-01-16 11:00:00, 0.0806422
11364, 2017-01-16 12:00:00, 0.0803891
11365, 2017-01-16 13:00:00, 0.0801369
11366, 2017-01-16 14:00:00, 0.0798856
11367, 2017-01-16 15:00:00, 0.0796353
11368, 2017-01-16 16:00:00, 0.0793859
11369, 2017-01-16 17:00:00, 0.0791374
11370, 2017-01-16 18:00:00, 0.0788898
11371, 2017-01-16 19:00:00, 0.078643
11372, 2017-01-16 20:00:00, 0.0783972
11373, 2017-01-16 21:00:00, 0.0781523
11374, 2017-01-16 22:00:00, 0.0779083
11375, 2017-01-16 23:00:00, 0.0776651
11376, 2017-01-17 00:00:00, 0.0774229
11377, 2017-01-17 01:00:00, 0.0771815
11378, 2017-01-17 02:00:00, 0.076941
11379, 2017-01-17 03:00:00, 0.0767013
11380, 2017-01-17 04:00:00, 0.0764626
11381, 2017-01-17 05:00:00, 0.0762246
11382, 2017-01-17 06:00:00, 0.0759876
11383, 2017-01-17 07:00:00, 0.0757514
11384, 2017-01-17 08:00:00, 0.075516
11385, 2017-01-17 09:00:00, 0.0752815
11386, 2017-01-17 10:00:00, 0.0750478
11387, 2017-01-17 11:00:00, 0.074815
11388, 2017-01-17 12:00:00, 0.074583
11389, 2017-01-17 13:00:00, 0.0743519
11390, 2017-01-17 14:00:00, 0.0741215
11391, 2017-01-17 15:00:00, 0.073892
11392, 2017-01-17 16:00:00, 0.0736633
11393, 2017-01-17 17:00:00, 0.0734354
11394, 2017-01-17 18:00:00, 0.0732084
11395, 2017-01-17 19:00:00, 0.0729821
11396, 2017-01-17 20:00:00, 0.0727567
11397, 2017-01-17 21:00:00, 0.072532
11398, 2017-01-17 22:00:00, 0.0723082
11399, 2017-01-17 23:00:00, 0.0720861
11400, 2017-01-18 00:00:00, 0.0722791
11401, 2017-01-18 01:00:00, 0.0954172
11402, 2017-01-18 02:00:00, 0.0984501
11403, 2017-01-18 03:00:00, 0.0905089
11404, 2017-01-18 04:00:00, 0.0850059
11405, 2017-01-18 05:00:00, 0.0797861
11406, 2017-01-18 06:00:00, 0.0929061
11407, 2017-01-18 07:00:00, 0.125068
11408, 2017-01-18 08:00:00, 0.166477
11409, 2017-01-18 09:00:00, 0.205976
11410, 2017-01-18 10:00:00, 0.282076
11411, 2017-01-18 11:00:00, 0.330904
11412, 2017-01-18 12:00:00, 0.374768
11413, 2017-01-18 13:00:00, 0.387878
11414, 2017-01-18 14:00:00, 0.403366
11415, 2017-01-18 15:00:00, 0.400721
11416, 2017-01-18 16:00:00, 0.386616
11417, 2017-01-18 17:00:00, 0.365342
11418, 2017-01-18 18:00:00, 0.340477
11419, 2017-01-18 19:00:00, 0.314419
11420, 2017-01-18 20:00:00, 0.288726
11421, 2017-01-18 21:00:00, 0.26436
11422, 2017-01-18 22:00:00, 0.241866
11423, 2017-01-18 23:00:00, 0.221506
11424, 2017-01-19 00:00:00, 0.20335
11425, 2017-01-19 01:00:00, 0.18735
11426, 2017-01-19 02:00:00, 0.17338
11427, 2017-01-19 03:00:00, 0.161274
11428, 2017-01-19 04:00:00, 0.150848
11429, 2017-01-19 05:00:00, 0.141913
11430, 2017-01-19 06:00:00, 0.134286
11431, 2017-01-19 07:00:00, 0.127797
11432, 2017-01-19 08:00:00, 0.122288
11433, 2017-01-19 09:00:00, 0.117621
11434, 2017-01-19 10:00:00, 0.113668
11435, 2017-01-19 11:00:00, 0.110323
11436, 2017-01-19 12:00:00, 0.107491
11437, 2017-01-19 13:00:00, 0.105089
11438, 2017-01-19 14:00:00, 0.103048
11439, 2017-01-19 15:00:00, 0.101309
11440, 2017-01-19 16:00:00, 0.0998226
11441, 2017-01-19 17:00:00, 0.0985452
11442, 2017-01-19 18:00:00, 0.0974417
11443, 2017-01-19 19:00:00, 0.0964823
11444, 2017-01-19 20:00:00, 0.0956421
11445, 2017-01-19 21:00:00, 0.0949004
11446, 2017-01-19 22:00:00, 0.09424
11447, 2017-01-19 23:00:00, 0.0936467
11448, 2017-01-20 00:00:00, 0.0931087
11449, 2017-01-20 01:00:00, 0.0926162
11450, 2017-01-20 02:00:00, 0.0921611
11451, 2017-01-20 03:00:00, 0.0917369
11452, 2017-01-20 04:00:00, 0.0913382
11453, 2017-01-20 05:00:00, 0.0909604
11454, 2017-01-20 06:00:00, 0.0905999
11455, 2017-01-20 07:00:00, 0.0902537
11456, 2017-01-20 08:00:00, 0.0899194
11457, 2017-01-20 09:00:00, 0.0895949
11458, 2017-01-20 10:00:00, 0.0892786
11459, 2017-01-20 11:00:00, 0.0889692
11460, 2017-01-20 12:00:00, 0.0886655
11461, 2017-01-20 13:00:00, 0.0883674
11462, 2017-01-20 14:00:00, 0.0880724
11463, 2017-01-20 15:00:00, 0.0877813
11464, 2017-01-20 16:00:00, 0.0874931
11465, 2017-01-20 17:00:00, 0.0872078
11466, 2017-01-20 18:00:00, 0.0869249
11467, 2017-01-20 19:00:00, 0.0866441
11468, 2017-01-20 20:00:00, 0.0863652
11469, 2017-01-20 21:00:00, 0.0860881
11470, 2017-01-20 22:00:00, 0.0858125
11471, 2017-01-20 23:00:00, 0.0855385
11472, 2017-01-21 00:00:00, 0.0852658
11473, 2017-01-21 01:00:00, 0.0849944
11474, 2017-01-21 02:00:00, 0.0847242
11475, 2017-01-21 03:00:00, 0.0844553
11476, 2017-01-21 04:00:00, 0.0841875
11477, 2017-01-21 05:00:00, 0.0839208
11478, 2017-01-21 06:00:00, 0.0836553
11479, 2017-01-21 07:00:00, 0.0833907
11480, 2017-01-21 08:00:00, 0.0831273
11481, 2017-01-21 09:00:00, 0.0828648
11482, 2017-01-21 10:00:00, 0.0826034
11483, 2017-01-21 11:00:00, 0.0823429
11484, 2017-01-21 12:00:00, 0.0820835
11485, 2017-01-21 13:00:00, 0.081825
11486, 2017-01-21 14:00:00, 0.0815675
11487, 2017-01-21 15:00:00, 0.0813109
11488, 2017-01-21 16:00:00, 0.0810554
11489, 2017-01-21 17:00:00, 0.0808007
11490, 2017-01-21 18:00:00, 0.080547
11491, 2017-01-21 19:00:00, 0.0802942
11492, 2017-01-21 20:00:00, 0.0800424
11493, 2017-01-21 21:00:00, 0.0797914
11494, 2017-01-21 22:00:00, 0.0795414
11495, 2017-01-21 23:00:00, 0.0792924
11496, 2017-01-22 00:00:00, 0.0790442
11497, 2017-01-22 01:00:00, 0.0787969
11498, 2017-01-22 02:00:00, 0.0785505
11499, 2017-01-22 03:00:00, 0.078305
11500, 2017-01-22 04:00:00, 0.0780605
11501, 2017-01-22 05:00:00, 0.0778168
11502, 2017-01-22 06:00:00, 0.0775739
11503, 2017-01-22 07:00:00, 0.077332
11504, 2017-01-22 08:00:00, 0.077091
11505, 2017-01-22 09:00:00, 0.0768508
11506, 2017-01-22 10:00:00, 0.0766114
11507, 2017-01-22 11:00:00, 0.076373
11508, 2017-01-22 12:00:00, 0.0761354
11509, 2017-01-22 13:00:00, 0.0758987
11510, 2017-01-22 14:00:00, 0.0756628
11511, 2017-01-22 15:00:00, 0.0754277
11512, 2017-01-22 16:00:00, 0.0751935
11513, 2017-01-22 17:00:00, 0.0749602
11514, 2017-01-22 18:00:00, 0.0747277
11515, 2017-01-22 19:00:00, 0.074496
11516, 2017-01-22 20:00:00, 0.0742651
11517, 2017-01-22 21:00:00, 0.0740351
11518, 2017-01-22 22:00:00, 0.0738059
11519, 2017-01-22 23:00:00, 0.0735775
11520, 2017-01-23 00:00:00, 0.07335
11521, 2017-01-23 01:00:00, 0.0731232
11522, 2017-01-23 02:00:00, 0.0728972
11523, 2017-01-23 03:00:00, 0.0726721
11524, 2017-01-23 04:00:00, 0.0724478
11525, 2017-01-23 05:00:00, 0.0722242
11526, 2017-01-23 06:00:00, 0.0720015
11527, 2017-01-23 07:00:00, 0.0717795
11528, 2017-01-23 08:00:00, 0.0715583
11529, 2017-01-23 09:00:00, 0.0713379
11530, 2017-01-23 10:00:00, 0.0711183
11531, 2017-01-23 11:00:00, 0.0708995
11532, 2017-01-23 12:00:00, 0.0706814
11533, 2017-01-23 13:00:00, 0.0704641
11534, 2017-01-23 14:00:00, 0.0702476
11535, 2017-01-23 15:00:00, 0.0700319
11536, 2017-01-23 16:00:00, 0.0698169
11537, 2017-01-23 17:00:00, 0.0696026
11538, 2017-01-23 18:00:00, 0.0693891
11539, 2017-01-23 19:00:00, 0.0691764
11540, 2017-01-23 20:00:00, 0.0689644
11541, 2017-01-23 21:00:00, 0.0687532
11542, 2017-01-23 22:00:00, 0.0685427
11543, 2017-01-23 23:00:00, 0.0683329
11544, 2017-01-24 00:00:00, 0.0681239
11545, 2017-01-24 01:00:00, 0.0697031
11546, 2017-01-24 02:00:00, 0.117953
11547, 2017-01-24 03:00:00, 0.213984
11548, 2017-01-24 04:00:00, 0.207697
11549, 2017-01-24 05:00:00, 0.285083
11550, 2017-01-24 06:00:00, 0.290426
11551, 2017-01-24 07:00:00, 0.540855
11552, 2017-01-24 08:00:00, 0.720183
11553, 2017-01-24 09:00:00, 0.954802
11554, 2017-01-24 10:00:00, 1.19317
11555, 2017-01-24 11:00:00, 1.33541
11556, 2017-01-24 12:00:00, 1.52915
11557, 2017-01-24 13:00:00, 1.56794
11558, 2017-01-24 14:00:00, 1.6191
11559, 2017-01-24 15:00:00, 1.59935
11560, 2017-01-24 16:00:00, 1.53355
11561, 2017-01-24 17:00:00, 1.43621
11562, 2017-01-24 18:00:00, 1.32409
11563, 2017-01-24 19:00:00, 1.2188
11564, 2017-01-24 20:00:00, 1.11876
11565, 2017-01-24 21:00:00, 1.04711
11566, 2017-01-24 22:00:00, 0.997671
11567, 2017-01-24 23:00:00, 0.964609
11568, 2017-01-25 00:00:00, 0.914642
11569, 2017-01-25 01:00:00, 0.867689
11570, 2017-01-25 02:00:00, 0.82861
11571, 2017-01-25 03:00:00, 0.79125
11572, 2017-01-25 04:00:00, 0.792984
11573, 2017-01-25 05:00:00, 0.881076
11574, 2017-01-25 06:00:00, 0.870461
11575, 2017-01-25 07:00:00, 0.927388
11576, 2017-01-25 08:00:00, 0.995672
11577, 2017-01-25 09:00:00, 1.03071
11578, 2017-01-25 10:00:00, 1.03175
11579, 2017-01-25 11:00:00, 1.00172
11580, 2017-01-25 12:00:00, 0.953239
11581, 2017-01-25 13:00:00, 0.895209
11582, 2017-01-25 14:00:00, 0.833634
11583, 2017-01-25 15:00:00, 0.772435
11584, 2017-01-25 16:00:00, 0.714057
11585, 2017-01-25 17:00:00, 0.65991
11586, 2017-01-25 18:00:00, 0.610698
11587, 2017-01-25 19:00:00, 0.566649
11588, 2017-01-25 20:00:00, 0.527683
11589, 2017-01-25 21:00:00, 0.493531
11590, 2017-01-25 22:00:00, 0.463815
11591, 2017-01-25 23:00:00, 0.438108
11592, 2017-01-26 00:00:00, 0.415968
11593, 2017-01-26 01:00:00, 0.396965
11594, 2017-01-26 02:00:00, 0.380692
11595, 2017-01-26 03:00:00, 0.366779
11596, 2017-01-26 04:00:00, 0.35489
11597, 2017-01-26 05:00:00, 0.344832
11598, 2017-01-26 06:00:00, 0.336077
11599, 2017-01-26 07:00:00, 0.328609
11600, 2017-01-26 08:00:00, 0.322156
11601, 2017-01-26 09:00:00, 0.316618
11602, 2017-01-26 10:00:00, 0.311813
11603, 2017-01-26 11:00:00, 0.307621
11604, 2017-01-26 12:00:00, 0.30394
11605, 2017-01-26 13:00:00, 0.300684
11606, 2017-01-26 14:00:00, 0.297782
11607, 2017-01-26 15:00:00, 0.295173
11608, 2017-01-26 16:00:00, 0.293408
11609, 2017-01-26 17:00:00, 0.292041
11610, 2017-01-26 18:00:00, 0.2894
11611, 2017-01-26 19:00:00, 0.28721
11612, 2017-01-26 20:00:00, 0.285058
11613, 2017-01-26 21:00:00, 0.283637
11614, 2017-01-26 22:00:00, 0.281943
11615, 2017-01-26 23:00:00, 0.280422
11616, 2017-01-27 00:00:00, 0.278894
11617, 2017-01-27 01:00:00, 0.277497
11618, 2017-01-27 02:00:00, 0.276139
11619, 2017-01-27 03:00:00, 0.274815
11620, 2017-01-27 04:00:00, 0.27352
11621, 2017-01-27 05:00:00, 0.272249
11622, 2017-01-27 06:00:00, 0.271
11623, 2017-01-27 07:00:00, 0.269769
11624, 2017-01-27 08:00:00, 0.268555
11625, 2017-01-27 09:00:00, 0.267356
11626, 2017-01-27 10:00:00, 0.266169
11627, 2017-01-27 11:00:00, 0.264995
11628, 2017-01-27 12:00:00, 0.263832
11629, 2017-01-27 13:00:00, 0.262678
11630, 2017-01-27 14:00:00, 0.261535
11631, 2017-01-27 15:00:00, 0.2604
11632, 2017-01-27 16:00:00, 0.259273
11633, 2017-01-27 17:00:00, 0.258155
11634, 2017-01-27 18:00:00, 0.257044
11635, 2017-01-27 19:00:00, 0.255941
11636, 2017-01-27 20:00:00, 0.254845
11637, 2017-01-27 21:00:00, 0.253756
11638, 2017-01-27 22:00:00, 0.252674
11639, 2017-01-27 23:00:00, 0.251599
11640, 2017-01-28 00:00:00, 0.25053
11641, 2017-01-28 01:00:00, 0.249468
11642, 2017-01-28 02:00:00, 0.248412
11643, 2017-01-28 03:00:00, 0.247363
11644, 2017-01-28 04:00:00, 0.24632
11645, 2017-01-28 05:00:00, 0.245283
11646, 2017-01-28 06:00:00, 0.244252
11647, 2017-01-28 07:00:00, 0.243227
11648, 2017-01-28 08:00:00, 0.242208
11649, 2017-01-28 09:00:00, 0.241195
11650, 2017-01-28 10:00:00, 0.240188
11651, 2017-01-28 11:00:00, 0.239186
11652, 2017-01-28 12:00:00, 0.238191
11653, 2017-01-28 13:00:00, 0.237201
11654, 2017-01-28 14:00:00, 0.236216
11655, 2017-01-28 15:00:00, 0.235238
11656, 2017-01-28 16:00:00, 0.234264
11657, 2017-01-28 17:00:00, 0.233297
11658, 2017-01-28 18:00:00, 0.232334
11659, 2017-01-28 19:00:00, 0.231378
11660, 2017-01-28 20:00:00, 0.230426
11661, 2017-01-28 21:00:00, 0.22948
11662, 2017-01-28 22:00:00, 0.228539
11663, 2017-01-28 23:00:00, 0.227604
11664, 2017-01-29 00:00:00, 0.226673
11665, 2017-01-29 01:00:00, 0.225748
11666, 2017-01-29 02:00:00, 0.224828
11667, 2017-01-29 03:00:00, 0.223913
11668, 2017-01-29 04:00:00, 0.223003
11669, 2017-01-29 05:00:00, 0.222098
11670, 2017-01-29 06:00:00, 0.221198
11671, 2017-01-29 07:00:00, 0.220303
11672, 2017-01-29 08:00:00, 0.219413
11673, 2017-01-29 09:00:00, 0.218528
11674, 2017-01-29 10:00:00, 0.217647
11675, 2017-01-29 11:00:00, 0.216772
11676, 2017-01-29 12:00:00, 0.215901
11677, 2017-01-29 13:00:00, 0.215035
11678, 2017-01-29 14:00:00, 0.214173
11679, 2017-01-29 15:00:00, 0.213316
11680, 2017-01-29 16:00:00, 0.212464
11681, 2017-01-29 17:00:00, 0.211616
11682, 2017-01-29 18:00:00, 0.210773
11683, 2017-01-29 19:00:00, 0.209934
11684, 2017-01-29 20:00:00, 0.2091
11685, 2017-01-29 21:00:00, 0.20827
11686, 2017-01-29 22:00:00, 0.207445
11687, 2017-01-29 23:00:00, 0.206624
11688, 2017-01-30 00:00:00, 0.205808
11689, 2017-01-30 01:00:00, 0.204995
11690, 2017-01-30 02:00:00, 0.204187
11691, 2017-01-30 03:00:00, 0.203383
11692, 2017-01-30 04:00:00, 0.202584
11693, 2017-01-30 05:00:00, 0.201789
11694, 2017-01-30 06:00:00, 0.200997
11695, 2017-01-30 07:00:00, 0.20021
11696, 2017-01-30 08:00:00, 0.199427
11697, 2017-01-30 09:00:00, 0.198648
11698, 2017-01-30 10:00:00, 0.197873
11699, 2017-01-30 11:00:00, 0.197103
11700, 2017-01-30 12:00:00, 0.196336
11701, 2017-01-30 13:00:00, 0.195573
11702, 2017-01-30 14:00:00, 0.194814
11703, 2017-01-30 15:00:00, 0.194059
11704, 2017-01-30 16:00:00, 0.193308
11705, 2017-01-30 17:00:00, 0.19256
11706, 2017-01-30 18:00:00, 0.191817
11707, 2017-01-30 19:00:00, 0.191077
11708, 2017-01-30 20:00:00, 0.190341
11709, 2017-01-30 21:00:00, 0.189609
11710, 2017-01-30 22:00:00, 0.18888
11711, 2017-01-30 23:00:00, 0.188155
11712, 2017-01-31 00:00:00, 0.187434
11713, 2017-01-31 01:00:00, 0.186716
11714, 2017-01-31 02:00:00, 0.186003
11715, 2017-01-31 03:00:00, 0.185292
11716, 2017-01-31 04:00:00, 0.184585
11717, 2017-01-31 05:00:00, 0.183882
11718, 2017-01-31 06:00:00, 0.183182
11719, 2017-01-31 07:00:00, 0.182486
11720, 2017-01-31 08:00:00, 0.181793
11721, 2017-01-31 09:00:00, 0.181104
11722, 2017-01-31 10:00:00, 0.180418
11723, 2017-01-31 11:00:00, 0.179736
11724, 2017-01-31 12:00:00, 0.179056
11725, 2017-01-31 13:00:00, 0.178381
11726, 2017-01-31 14:00:00, 0.177708
11727, 2017-01-31 15:00:00, 0.177039
11728, 2017-01-31 16:00:00, 0.176373
11729, 2017-01-31 17:00:00, 0.175711
11730, 2017-01-31 18:00:00, 0.175299
11731, 2017-01-31 19:00:00, 0.174849
11732, 2017-01-31 20:00:00, 0.173987
11733, 2017-01-31 21:00:00, 0.173216
11734, 2017-01-31 22:00:00, 0.172446
11735, 2017-01-31 23:00:00, 0.171802
11736, 2017-02-01 00:00:00, 0.171162
11737, 2017-02-01 01:00:00, 0.170525
11738, 2017-02-01 02:00:00, 0.16989
11739, 2017-02-01 03:00:00, 0.169259
11740, 2017-02-01 04:00:00, 0.168631
11741, 2017-02-01 05:00:00, 0.168006
11742, 2017-02-01 06:00:00, 0.167384
11743, 2017-02-01 07:00:00, 0.166765
11744, 2017-02-01 08:00:00, 0.166149
11745, 2017-02-01 09:00:00, 0.165535
11746, 2017-02-01 10:00:00, 0.164925
11747, 2017-02-01 11:00:00, 0.164318
11748, 2017-02-01 12:00:00, 0.163713
11749, 2017-02-01 13:00:00, 0.163111
11750, 2017-02-01 14:00:00, 0.162513
11751, 2017-02-01 15:00:00, 0.161917
11752, 2017-02-01 16:00:00, 0.161323
11753, 2017-02-01 17:00:00, 0.160733
11754, 2017-02-01 18:00:00, 0.160145
11755, 2017-02-01 19:00:00, 0.159561
11756, 2017-02-01 20:00:00, 0.158978
11757, 2017-02-01 21:00:00, 0.158399
11758, 2017-02-01 22:00:00, 0.157822
11759, 2017-02-01 23:00:00, 0.157248
11760, 2017-02-02 00:00:00, 0.156677
11761, 2017-02-02 01:00:00, 0.156108
11762, 2017-02-02 02:00:00, 0.155542
11763, 2017-02-02 03:00:00, 0.154979
11764, 2017-02-02 04:00:00, 0.154418
11765, 2017-02-02 05:00:00, 0.15386
11766, 2017-02-02 06:00:00, 0.153304
11767, 2017-02-02 07:00:00, 0.152751
11768, 2017-02-02 08:00:00, 0.1522
11769, 2017-02-02 09:00:00, 0.151652
11770, 2017-02-02 10:00:00, 0.151107
11771, 2017-02-02 11:00:00, 0.150564
11772, 2017-02-02 12:00:00, 0.150023
11773, 2017-02-02 13:00:00, 0.149485
11774, 2017-02-02 14:00:00, 0.14895
11775, 2017-02-02 15:00:00, 0.148416
11776, 2017-02-02 16:00:00, 0.147886
11777, 2017-02-02 17:00:00, 0.147357
11778, 2017-02-02 18:00:00, 0.146831
11779, 2017-02-02 19:00:00, 0.146308
11780, 2017-02-02 20:00:00, 0.145786
11781, 2017-02-02 21:00:00, 0.145267
11782, 2017-02-02 22:00:00, 0.144751
11783, 2017-02-02 23:00:00, 0.144237
11784, 2017-02-03 00:00:00, 0.143725
11785, 2017-02-03 01:00:00, 0.143215
11786, 2017-02-03 02:00:00, 0.142708
11787, 2017-02-03 03:00:00, 0.142202
11788, 2017-02-03 04:00:00, 0.1417
11789, 2017-02-03 05:00:00, 0.141199
11790, 2017-02-03 06:00:00, 0.140701
11791, 2017-02-03 07:00:00, 0.140204
11792, 2017-02-03 08:00:00, 0.13971
11793, 2017-02-03 09:00:00, 0.139219
11794, 2017-02-03 10:00:00, 0.138729
11795, 2017-02-03 11:00:00, 0.138242
11796, 2017-02-03 12:00:00, 0.137756
11797, 2017-02-03 13:00:00, 0.137273
11798, 2017-02-03 14:00:00, 0.136792
11799, 2017-02-03 15:00:00, 0.136313
11800, 2017-02-03 16:00:00, 0.135836
11801, 2017-02-03 17:00:00, 0.135361
11802, 2017-02-03 18:00:00, 0.135691
11803, 2017-02-03 19:00:00, 0.135765
11804, 2017-02-03 20:00:00, 0.134688
11805, 2017-02-03 21:00:00, 0.13384
11806, 2017-02-03 22:00:00, 0.133019
11807, 2017-02-03 23:00:00, 0.132556
11808, 2017-02-04 00:00:00, 0.132096
11809, 2017-02-04 01:00:00, 0.131637
11810, 2017-02-04 02:00:00, 0.131181
11811, 2017-02-04 03:00:00, 0.130726
11812, 2017-02-04 04:00:00, 0.130273
11813, 2017-02-04 05:00:00, 0.129823
11814, 2017-02-04 06:00:00, 0.129374
11815, 2017-02-04 07:00:00, 0.128927
11816, 2017-02-04 08:00:00, 0.128482
11817, 2017-02-04 09:00:00, 0.128039
11818, 2017-02-04 10:00:00, 0.127598
11819, 2017-02-04 11:00:00, 0.127159
11820, 2017-02-04 12:00:00, 0.126722
11821, 2017-02-04 13:00:00, 0.126286
11822, 2017-02-04 14:00:00, 0.125853
11823, 2017-02-04 15:00:00, 0.125421
11824, 2017-02-04 16:00:00, 0.124991
11825, 2017-02-04 17:00:00, 0.124563
11826, 2017-02-04 18:00:00, 0.124137
11827, 2017-02-04 19:00:00, 0.123712
11828, 2017-02-04 20:00:00, 0.12329
11829, 2017-02-04 21:00:00, 0.122869
11830, 2017-02-04 22:00:00, 0.12245
11831, 2017-02-04 23:00:00, 0.122032
11832, 2017-02-05 00:00:00, 0.121617
11833, 2017-02-05 01:00:00, 0.121203
11834, 2017-02-05 02:00:00, 0.12079
11835, 2017-02-05 03:00:00, 0.12038
11836, 2017-02-05 04:00:00, 0.119971
11837, 2017-02-05 05:00:00, 0.119564
11838, 2017-02-05 06:00:00, 0.119159
11839, 2017-02-05 07:00:00, 0.118755
11840, 2017-02-05 08:00:00, 0.118353
11841, 2017-02-05 09:00:00, 0.117953
11842, 2017-02-05 10:00:00, 0.117554
11843, 2017-02-05 11:00:00, 0.117157
11844, 2017-02-05 12:00:00, 0.116762
11845, 2017-02-05 13:00:00, 0.116368
11846, 2017-02-05 14:00:00, 0.115976
11847, 2017-02-05 15:00:00, 0.115597
11848, 2017-02-05 16:00:00, 0.115202
11849, 2017-02-05 17:00:00, 0.114814
11850, 2017-02-05 18:00:00, 0.114424
11851, 2017-02-05 19:00:00, 0.11404
11852, 2017-02-05 20:00:00, 0.113657
11853, 2017-02-05 21:00:00, 0.113276
11854, 2017-02-05 22:00:00, 0.112897
11855, 2017-02-05 23:00:00, 0.112519
11856, 2017-02-06 00:00:00, 0.112143
11857, 2017-02-06 01:00:00, 0.111768
11858, 2017-02-06 02:00:00, 0.111395
11859, 2017-02-06 03:00:00, 0.111023
11860, 2017-02-06 04:00:00, 0.110653
11861, 2017-02-06 05:00:00, 0.110284
11862, 2017-02-06 06:00:00, 0.109917
11863, 2017-02-06 07:00:00, 0.109551
11864, 2017-02-06 08:00:00, 0.109187
11865, 2017-02-06 09:00:00, 0.108824
11866, 2017-02-06 10:00:00, 0.108463
11867, 2017-02-06 11:00:00, 0.108103
11868, 2017-02-06 12:00:00, 0.107744
11869, 2017-02-06 13:00:00, 0.107387
11870, 2017-02-06 14:00:00, 0.107032
11871, 2017-02-06 15:00:00, 0.106677
11872, 2017-02-06 16:00:00, 0.106325
11873, 2017-02-06 17:00:00, 0.105973
11874, 2017-02-06 18:00:00, 0.105623
11875, 2017-02-06 19:00:00, 0.105275
11876, 2017-02-06 20:00:00, 0.104928
11877, 2017-02-06 21:00:00, 0.104582
11878, 2017-02-06 22:00:00, 0.104237
11879, 2017-02-06 23:00:00, 0.103894
11880, 2017-02-07 00:00:00, 0.103553
11881, 2017-02-07 01:00:00, 0.103212
11882, 2017-02-07 02:00:00, 0.102873
11883, 2017-02-07 03:00:00, 0.102536
11884, 2017-02-07 04:00:00, 0.102199
11885, 2017-02-07 05:00:00, 0.101864
11886, 2017-02-07 06:00:00, 0.101531
11887, 2017-02-07 07:00:00, 0.101198
11888, 2017-02-07 08:00:00, 0.100867
11889, 2017-02-07 09:00:00, 0.100538
11890, 2017-02-07 10:00:00, 0.100209
11891, 2017-02-07 11:00:00, 0.099882
11892, 2017-02-07 12:00:00, 0.0995561
11893, 2017-02-07 13:00:00, 0.0992314
11894, 2017-02-07 14:00:00, 0.0992947
11895, 2017-02-07 15:00:00, 0.0990034
11896, 2017-02-07 16:00:00, 0.0991032
11897, 2017-02-07 17:00:00, 0.0996328
11898, 2017-02-07 18:00:00, 0.100666
11899, 2017-02-07 19:00:00, 0.103183
11900, 2017-02-07 20:00:00, 0.104297
11901, 2017-02-07 21:00:00, 0.105596
11902, 2017-02-07 22:00:00, 0.101394
11903, 2017-02-07 23:00:00, 0.0996031
11904, 2017-02-08 00:00:00, 0.106795
11905, 2017-02-08 01:00:00, 0.100952
11906, 2017-02-08 02:00:00, 0.0994353
11907, 2017-02-08 03:00:00, 0.095364
11908, 2017-02-08 04:00:00, 0.094751
11909, 2017-02-08 05:00:00, 0.0942826
11910, 2017-02-08 06:00:00, 0.0939096
11911, 2017-02-08 07:00:00, 0.0936049
11912, 2017-02-08 08:00:00, 0.0933021
11913, 2017-02-08 09:00:00, 0.0929992
11914, 2017-02-08 10:00:00, 0.0926993
11915, 2017-02-08 11:00:00, 0.0924178
11916, 2017-02-08 12:00:00, 0.0923299
11917, 2017-02-08 13:00:00, 0.0931285
11918, 2017-02-08 14:00:00, 0.0926597
11919, 2017-02-08 15:00:00, 0.091908
11920, 2017-02-08 16:00:00, 0.0911217
11921, 2017-02-08 17:00:00, 0.0906401
11922, 2017-02-08 18:00:00, 0.0903447
11923, 2017-02-08 19:00:00, 0.0900545
11924, 2017-02-08 20:00:00, 0.0897664
11925, 2017-02-08 21:00:00, 0.0894794
11926, 2017-02-08 22:00:00, 0.0891934
11927, 2017-02-08 23:00:00, 0.0889085
11928, 2017-02-09 00:00:00, 0.0886248
11929, 2017-02-09 01:00:00, 0.088342
11930, 2017-02-09 02:00:00, 0.0880604
11931, 2017-02-09 03:00:00, 0.0877798
11932, 2017-02-09 04:00:00, 0.0875002
11933, 2017-02-09 05:00:00, 0.0872217
11934, 2017-02-09 06:00:00, 0.0869443
11935, 2017-02-09 07:00:00, 0.0866678
11936, 2017-02-09 08:00:00, 0.0863924
11937, 2017-02-09 09:00:00, 0.0861181
11938, 2017-02-09 10:00:00, 0.0858448
11939, 2017-02-09 11:00:00, 0.0855724
11940, 2017-02-09 12:00:00, 0.0853011
11941, 2017-02-09 13:00:00, 0.0850309
11942, 2017-02-09 14:00:00, 0.0852006
11943, 2017-02-09 15:00:00, 0.0847009
11944, 2017-02-09 16:00:00, 0.0843893
11945, 2017-02-09 17:00:00, 0.0839626
11946, 2017-02-09 18:00:00, 0.0836944
11947, 2017-02-09 19:00:00, 0.08343
11948, 2017-02-09 20:00:00, 0.0831667
11949, 2017-02-09 21:00:00, 0.0829043
11950, 2017-02-09 22:00:00, 0.0826429
11951, 2017-02-09 23:00:00, 0.0823825
11952, 2017-02-10 00:00:00, 0.082123
11953, 2017-02-10 01:00:00, 0.0818644
11954, 2017-02-10 02:00:00, 0.0816069
11955, 2017-02-10 03:00:00, 0.0813502
11956, 2017-02-10 04:00:00, 0.0810945
11957, 2017-02-10 05:00:00, 0.0808398
11958, 2017-02-10 06:00:00, 0.0805859
11959, 2017-02-10 07:00:00, 0.080333
11960, 2017-02-10 08:00:00, 0.0800811
11961, 2017-02-10 09:00:00, 0.07983
11962, 2017-02-10 10:00:00, 0.0795799
11963, 2017-02-10 11:00:00, 0.0793307
11964, 2017-02-10 12:00:00, 0.0790824
11965, 2017-02-10 13:00:00, 0.078835
11966, 2017-02-10 14:00:00, 0.0785884
11967, 2017-02-10 15:00:00, 0.0783428
11968, 2017-02-10 16:00:00, 0.0780981
11969, 2017-02-10 17:00:00, 0.0778543
11970, 2017-02-10 18:00:00, 0.0776113
11971, 2017-02-10 19:00:00, 0.0773693
11972, 2017-02-10 20:00:00, 0.0771281
11973, 2017-02-10 21:00:00, 0.0768878
11974, 2017-02-10 22:00:00, 0.0766483
11975, 2017-02-10 23:00:00, 0.0764097
11976, 2017-02-11 00:00:00, 0.076172
11977, 2017-02-11 01:00:00, 0.0759351
11978, 2017-02-11 02:00:00, 0.0756991
11979, 2017-02-11 03:00:00, 0.0754639
11980, 2017-02-11 04:00:00, 0.0752296
11981, 2017-02-11 05:00:00, 0.0749961
11982, 2017-02-11 06:00:00, 0.0747635
11983, 2017-02-11 07:00:00, 0.0745317
11984, 2017-02-11 08:00:00, 0.0743007
11985, 2017-02-11 09:00:00, 0.0740705
11986, 2017-02-11 10:00:00, 0.0738412
11987, 2017-02-11 11:00:00, 0.0736127
11988, 2017-02-11 12:00:00, 0.073385
11989, 2017-02-11 13:00:00, 0.0731581
11990, 2017-02-11 14:00:00, 0.0729321
11991, 2017-02-11 15:00:00, 0.0727068
11992, 2017-02-11 16:00:00, 0.0724823
11993, 2017-02-11 17:00:00, 0.0722586
11994, 2017-02-11 18:00:00, 0.072293
11995, 2017-02-11 19:00:00, 0.0808925
11996, 2017-02-11 20:00:00, 0.0764373
11997, 2017-02-11 21:00:00, 0.0754194
11998, 2017-02-11 22:00:00, 0.0719603
11999, 2017-02-11 23:00:00, 0.071511
12000, 2017-02-12 00:00:00, 0.0711319
12001, 2017-02-12 01:00:00, 0.0708011
12002, 2017-02-12 02:00:00, 0.070504
12003, 2017-02-12 03:00:00, 0.0702305
12004, 2017-02-12 04:00:00, 0.0699737
12005, 2017-02-12 05:00:00, 0.0697287
12006, 2017-02-12 06:00:00, 0.0694924
12007, 2017-02-12 07:00:00, 0.0692625
12008, 2017-02-12 08:00:00, 0.0690374
12009, 2017-02-12 09:00:00, 0.0688161
12010, 2017-02-12 10:00:00, 0.0685979
12011, 2017-02-12 11:00:00, 0.0683822
12012, 2017-02-12 12:00:00, 0.0681686
12013, 2017-02-12 13:00:00, 0.0679569
12014, 2017-02-12 14:00:00, 0.0677469
12015, 2017-02-12 15:00:00, 0.0675383
12016, 2017-02-12 16:00:00, 0.067331
12017, 2017-02-12 17:00:00, 0.0671248
12018, 2017-02-12 18:00:00, 0.0669183
12019, 2017-02-12 19:00:00, 0.0667131
12020, 2017-02-12 20:00:00, 0.0665091
12021, 2017-02-12 21:00:00, 0.0663063
12022, 2017-02-12 22:00:00, 0.0661044
12023, 2017-02-12 23:00:00, 0.0659031
12024, 2017-02-13 00:00:00, 0.0657025
12025, 2017-02-13 01:00:00, 0.0655027
12026, 2017-02-13 02:00:00, 0.0653035
12027, 2017-02-13 03:00:00, 0.065105
12028, 2017-02-13 04:00:00, 0.0649072
12029, 2017-02-13 05:00:00, 0.0647101
12030, 2017-02-13 06:00:00, 0.0645136
12031, 2017-02-13 07:00:00, 0.0643179
12032, 2017-02-13 08:00:00, 0.0641228
12033, 2017-02-13 09:00:00, 0.0639284
12034, 2017-02-13 10:00:00, 0.0637347
12035, 2017-02-13 11:00:00, 0.0635416
12036, 2017-02-13 12:00:00, 0.0633492
12037, 2017-02-13 13:00:00, 0.0631574
12038, 2017-02-13 14:00:00, 0.0629663
12039, 2017-02-13 15:00:00, 0.0627759
12040, 2017-02-13 16:00:00, 0.0625861
12041, 2017-02-13 17:00:00, 0.062397
12042, 2017-02-13 18:00:00, 0.0622085
12043, 2017-02-13 19:00:00, 0.063309
12044, 2017-02-13 20:00:00, 0.063359
12045, 2017-02-13 21:00:00, 0.063217
12046, 2017-02-13 22:00:00, 0.062597
12047, 2017-02-13 23:00:00, 0.0620961
12048, 2017-02-14 00:00:00, 0.0616858
12049, 2017-02-14 01:00:00, 0.061339
12050, 2017-02-14 02:00:00, 0.0610387
12051, 2017-02-14 03:00:00, 0.0607704
12052, 2017-02-14 04:00:00, 0.0605253
12053, 2017-02-14 05:00:00, 0.0602969
12054, 2017-02-14 06:00:00, 0.0600817
12055, 2017-02-14 07:00:00, 0.0598768
12056, 2017-02-14 08:00:00, 0.0596797
12057, 2017-02-14 09:00:00, 0.0594884
12058, 2017-02-14 10:00:00, 0.0593014
12059, 2017-02-14 11:00:00, 0.0591175
12060, 2017-02-14 12:00:00, 0.058936
12061, 2017-02-14 13:00:00, 0.0587563
12062, 2017-02-14 14:00:00, 0.0585781
12063, 2017-02-14 15:00:00, 0.058401
12064, 2017-02-14 16:00:00, 0.0582547
12065, 2017-02-14 17:00:00, 0.0583053
12066, 2017-02-14 18:00:00, 0.0680106
12067, 2017-02-14 19:00:00, 0.139237
12068, 2017-02-14 20:00:00, 0.151945
12069, 2017-02-14 21:00:00, 0.116132
12070, 2017-02-14 22:00:00, 0.0879538
12071, 2017-02-14 23:00:00, 0.0910203
12072, 2017-02-15 00:00:00, 0.121892
12073, 2017-02-15 01:00:00, 0.153809
12074, 2017-02-15 02:00:00, 0.18253
12075, 2017-02-15 03:00:00, 0.205941
12076, 2017-02-15 04:00:00, 0.223321
12077, 2017-02-15 05:00:00, 0.234756
12078, 2017-02-15 06:00:00, 0.240792
12079, 2017-02-15 07:00:00, 0.242211
12080, 2017-02-15 08:00:00, 0.239875
12081, 2017-02-15 09:00:00, 0.234628
12082, 2017-02-15 10:00:00, 0.227242
12083, 2017-02-15 11:00:00, 0.218074
12084, 2017-02-15 12:00:00, 0.20804
12085, 2017-02-15 13:00:00, 0.196043
12086, 2017-02-15 14:00:00, 0.183239
12087, 2017-02-15 15:00:00, 0.170464
12088, 2017-02-15 16:00:00, 0.176361
12089, 2017-02-15 17:00:00, 0.161667
12090, 2017-02-15 18:00:00, 0.219195
12091, 2017-02-15 19:00:00, 0.428051
12092, 2017-02-15 20:00:00, 0.518077
12093, 2017-02-15 21:00:00, 0.749082
12094, 2017-02-15 22:00:00, 0.961572
12095, 2017-02-15 23:00:00, 1.15702
12096, 2017-02-16 00:00:00, 1.23127
12097, 2017-02-16 01:00:00, 1.36283
12098, 2017-02-16 02:00:00, 1.48387
12099, 2017-02-16 03:00:00, 1.54778
12100, 2017-02-16 04:00:00, 1.62164
12101, 2017-02-16 05:00:00, 1.60937
12102, 2017-02-16 06:00:00, 1.55379
12103, 2017-02-16 07:00:00, 1.46459
12104, 2017-02-16 08:00:00, 1.3561
12105, 2017-02-16 09:00:00, 1.24005
12106, 2017-02-16 10:00:00, 1.12422
12107, 2017-02-16 11:00:00, 1.01349
12108, 2017-02-16 12:00:00, 0.910716
12109, 2017-02-16 13:00:00, 0.817325
12110, 2017-02-16 14:00:00, 0.734322
12111, 2017-02-16 15:00:00, 0.660609
12112, 2017-02-16 16:00:00, 0.598007
12113, 2017-02-16 17:00:00, 0.543314
12114, 2017-02-16 18:00:00, 0.495792
12115, 2017-02-16 19:00:00, 0.454779
12116, 2017-02-16 20:00:00, 0.419583
12117, 2017-02-16 21:00:00, 0.389516
12118, 2017-02-16 22:00:00, 0.363927
12119, 2017-02-16 23:00:00, 0.342213
12120, 2017-02-17 00:00:00, 0.323829
12121, 2017-02-17 01:00:00, 0.308289
12122, 2017-02-17 02:00:00, 0.295164
12123, 2017-02-17 03:00:00, 0.284084
12124, 2017-02-17 04:00:00, 0.274726
12125, 2017-02-17 05:00:00, 0.266813
12126, 2017-02-17 06:00:00, 0.26011
12127, 2017-02-17 07:00:00, 0.254418
12128, 2017-02-17 08:00:00, 0.249567
12129, 2017-02-17 09:00:00, 0.245415
12130, 2017-02-17 10:00:00, 0.241844
12131, 2017-02-17 11:00:00, 0.238753
12132, 2017-02-17 12:00:00, 0.236059
12133, 2017-02-17 13:00:00, 0.233693
12134, 2017-02-17 14:00:00, 0.231598
12135, 2017-02-17 15:00:00, 0.229726
12136, 2017-02-17 16:00:00, 0.228038
12137, 2017-02-17 17:00:00, 0.226503
12138, 2017-02-17 18:00:00, 0.225092
12139, 2017-02-17 19:00:00, 0.223784
12140, 2017-02-17 20:00:00, 0.222561
12141, 2017-02-17 21:00:00, 0.221408
12142, 2017-02-17 22:00:00, 0.220313
12143, 2017-02-17 23:00:00, 0.219267
12144, 2017-02-18 00:00:00, 0.21826
12145, 2017-02-18 01:00:00, 0.217287
12146, 2017-02-18 02:00:00, 0.216342
12147, 2017-02-18 03:00:00, 0.21542
12148, 2017-02-18 04:00:00, 0.214518
12149, 2017-02-18 05:00:00, 0.213633
12150, 2017-02-18 06:00:00, 0.212762
12151, 2017-02-18 07:00:00, 0.211904
12152, 2017-02-18 08:00:00, 0.211057
12153, 2017-02-18 09:00:00, 0.210219
12154, 2017-02-18 10:00:00, 0.20939
12155, 2017-02-18 11:00:00, 0.208569
12156, 2017-02-18 12:00:00, 0.207755
12157, 2017-02-18 13:00:00, 0.206947
12158, 2017-02-18 14:00:00, 0.206145
12159, 2017-02-18 15:00:00, 0.205348
12160, 2017-02-18 16:00:00, 0.204557
12161, 2017-02-18 17:00:00, 0.203771
12162, 2017-02-18 18:00:00, 0.20299
12163, 2017-02-18 19:00:00, 0.202213
12164, 2017-02-18 20:00:00, 0.20144
12165, 2017-02-18 21:00:00, 0.200672
12166, 2017-02-18 22:00:00, 0.199908
12167, 2017-02-18 23:00:00, 0.199148
12168, 2017-02-19 00:00:00, 0.198392
12169, 2017-02-19 01:00:00, 0.19764
12170, 2017-02-19 02:00:00, 0.196892
12171, 2017-02-19 03:00:00, 0.196148
12172, 2017-02-19 04:00:00, 0.195408
12173, 2017-02-19 05:00:00, 0.194671
12174, 2017-02-19 06:00:00, 0.193938
12175, 2017-02-19 07:00:00, 0.193208
12176, 2017-02-19 08:00:00, 0.192483
12177, 2017-02-19 09:00:00, 0.191761
12178, 2017-02-19 10:00:00, 0.191042
12179, 2017-02-19 11:00:00, 0.190327
12180, 2017-02-19 12:00:00, 0.189615
12181, 2017-02-19 13:00:00, 0.188907
12182, 2017-02-19 14:00:00, 0.188203
12183, 2017-02-19 15:00:00, 0.187502
12184, 2017-02-19 16:00:00, 0.186804
12185, 2017-02-19 17:00:00, 0.18611
12186, 2017-02-19 18:00:00, 0.185419
12187, 2017-02-19 19:00:00, 0.184731
12188, 2017-02-19 20:00:00, 0.184047
12189, 2017-02-19 21:00:00, 0.183366
12190, 2017-02-19 22:00:00, 0.182688
12191, 2017-02-19 23:00:00, 0.182014
12192, 2017-02-20 00:00:00, 0.181342
12193, 2017-02-20 01:00:00, 0.180674
12194, 2017-02-20 02:00:00, 0.180009
12195, 2017-02-20 03:00:00, 0.179348
12196, 2017-02-20 04:00:00, 0.178689
12197, 2017-02-20 05:00:00, 0.178034
12198, 2017-02-20 06:00:00, 0.177381
12199, 2017-02-20 07:00:00, 0.176732
12200, 2017-02-20 08:00:00, 0.176086
12201, 2017-02-20 09:00:00, 0.175443
12202, 2017-02-20 10:00:00, 0.174803
12203, 2017-02-20 11:00:00, 0.174166
12204, 2017-02-20 12:00:00, 0.173532
12205, 2017-02-20 13:00:00, 0.1729
12206, 2017-02-20 14:00:00, 0.172272
12207, 2017-02-20 15:00:00, 0.171647
12208, 2017-02-20 16:00:00, 0.171025
12209, 2017-02-20 17:00:00, 0.170405
12210, 2017-02-20 18:00:00, 0.169789
12211, 2017-02-20 19:00:00, 0.169175
12212, 2017-02-20 20:00:00, 0.168564
12213, 2017-02-20 21:00:00, 0.167956
12214, 2017-02-20 22:00:00, 0.167351
12215, 2017-02-20 23:00:00, 0.166749
12216, 2017-02-21 00:00:00, 0.166149
12217, 2017-02-21 01:00:00, 0.165552
12218, 2017-02-21 02:00:00, 0.164958
12219, 2017-02-21 03:00:00, 0.164366
12220, 2017-02-21 04:00:00, 0.163778
12221, 2017-02-21 05:00:00, 0.163192
12222, 2017-02-21 06:00:00, 0.162608
12223, 2017-02-21 07:00:00, 0.162027
12224, 2017-02-21 08:00:00, 0.161449
12225, 2017-02-21 09:00:00, 0.160874
12226, 2017-02-21 10:00:00, 0.160301
12227, 2017-02-21 11:00:00, 0.159731
12228, 2017-02-21 12:00:00, 0.159163
12229, 2017-02-21 13:00:00, 0.158598
12230, 2017-02-21 14:00:00, 0.158035
12231, 2017-02-21 15:00:00, 0.157475
12232, 2017-02-21 16:00:00, 0.156918
12233, 2017-02-21 17:00:00, 0.156363
12234, 2017-02-21 18:00:00, 0.15581
12235, 2017-02-21 19:00:00, 0.15526
12236, 2017-02-21 20:00:00, 0.154712
12237, 2017-02-21 21:00:00, 0.154167
12238, 2017-02-21 22:00:00, 0.153624
12239, 2017-02-21 23:00:00, 0.153084
12240, 2017-02-22 00:00:00, 0.152546
12241, 2017-02-22 01:00:00, 0.15201
12242, 2017-02-22 02:00:00, 0.151477
12243, 2017-02-22 03:00:00, 0.150946
12244, 2017-02-22 04:00:00, 0.150418
12245, 2017-02-22 05:00:00, 0.149891
12246, 2017-02-22 06:00:00, 0.149367
12247, 2017-02-22 07:00:00, 0.148846
12248, 2017-02-22 08:00:00, 0.148327
12249, 2017-02-22 09:00:00, 0.14781
12250, 2017-02-22 10:00:00, 0.147295
12251, 2017-02-22 11:00:00, 0.146782
12252, 2017-02-22 12:00:00, 0.146272
12253, 2017-02-22 13:00:00, 0.145764
12254, 2017-02-22 14:00:00, 0.145258
12255, 2017-02-22 15:00:00, 0.144754
12256, 2017-02-22 16:00:00, 0.144253
12257, 2017-02-22 17:00:00, 0.143753
12258, 2017-02-22 18:00:00, 0.143256
12259, 2017-02-22 19:00:00, 0.142761
12260, 2017-02-22 20:00:00, 0.142268
12261, 2017-02-22 21:00:00, 0.141778
12262, 2017-02-22 22:00:00, 0.141289
12263, 2017-02-22 23:00:00, 0.140802
12264, 2017-02-23 00:00:00, 0.140318
12265, 2017-02-23 01:00:00, 0.139835
12266, 2017-02-23 02:00:00, 0.139355
12267, 2017-02-23 03:00:00, 0.138877
12268, 2017-02-23 04:00:00, 0.1384
12269, 2017-02-23 05:00:00, 0.137926
12270, 2017-02-23 06:00:00, 0.137454
12271, 2017-02-23 07:00:00, 0.136984
12272, 2017-02-23 08:00:00, 0.136516
12273, 2017-02-23 09:00:00, 0.136049
12274, 2017-02-23 10:00:00, 0.135585
12275, 2017-02-23 11:00:00, 0.135123
12276, 2017-02-23 12:00:00, 0.134662
12277, 2017-02-23 13:00:00, 0.134204
12278, 2017-02-23 14:00:00, 0.133747
12279, 2017-02-23 15:00:00, 0.133293
12280, 2017-02-23 16:00:00, 0.13284
12281, 2017-02-23 17:00:00, 0.132389
12282, 2017-02-23 18:00:00, 0.13194
12283, 2017-02-23 19:00:00, 0.131493
12284, 2017-02-23 20:00:00, 0.131048
12285, 2017-02-23 21:00:00, 0.130605
12286, 2017-02-23 22:00:00, 0.130163
12287, 2017-02-23 23:00:00, 0.129724
12288, 2017-02-24 00:00:00, 0.129286
12289, 2017-02-24 01:00:00, 0.12885
12290, 2017-02-24 02:00:00, 0.128416
12291, 2017-02-24 03:00:00, 0.127983
12292, 2017-02-24 04:00:00, 0.127553
12293, 2017-02-24 05:00:00, 0.127124
12294, 2017-02-24 06:00:00, 0.126697
12295, 2017-02-24 07:00:00, 0.126272
12296, 2017-02-24 08:00:00, 0.125848
12297, 2017-02-24 09:00:00, 0.125426
12298, 2017-02-24 10:00:00, 0.125006
12299, 2017-02-24 11:00:00, 0.124588
12300, 2017-02-24 12:00:00, 0.124171
12301, 2017-02-24 13:00:00, 0.123756
12302, 2017-02-24 14:00:00, 0.123343
12303, 2017-02-24 15:00:00, 0.122931
12304, 2017-02-24 16:00:00, 0.122521
12305, 2017-02-24 17:00:00, 0.122113
12306, 2017-02-24 18:00:00, 0.121707
12307, 2017-02-24 19:00:00, 0.121302
12308, 2017-02-24 20:00:00, 0.120898
12309, 2017-02-24 21:00:00, 0.120497
12310, 2017-02-24 22:00:00, 0.120097
12311, 2017-02-24 23:00:00, 0.119698
12312, 2017-02-25 00:00:00, 0.119301
12313, 2017-02-25 01:00:00, 0.118906
12314, 2017-02-25 02:00:00, 0.118512
12315, 2017-02-25 03:00:00, 0.11812
12316, 2017-02-25 04:00:00, 0.11773
12317, 2017-02-25 05:00:00, 0.117341
12318, 2017-02-25 06:00:00, 0.116954
12319, 2017-02-25 07:00:00, 0.116568
12320, 2017-02-25 08:00:00, 0.116184
12321, 2017-02-25 09:00:00, 0.115801
12322, 2017-02-25 10:00:00, 0.11542
12323, 2017-02-25 11:00:00, 0.11504
12324, 2017-02-25 12:00:00, 0.114662
12325, 2017-02-25 13:00:00, 0.114285
12326, 2017-02-25 14:00:00, 0.11391
12327, 2017-02-25 15:00:00, 0.113536
12328, 2017-02-25 16:00:00, 0.113164
12329, 2017-02-25 17:00:00, 0.112793
12330, 2017-02-25 18:00:00, 0.112424
12331, 2017-02-25 19:00:00, 0.112056
12332, 2017-02-25 20:00:00, 0.111689
12333, 2017-02-25 21:00:00, 0.111324
12334, 2017-02-25 22:00:00, 0.110961
12335, 2017-02-25 23:00:00, 0.110599
12336, 2017-02-26 00:00:00, 0.110238
12337, 2017-02-26 01:00:00, 0.109919
12338, 2017-02-26 02:00:00, 0.150647
12339, 2017-02-26 03:00:00, 0.25852
12340, 2017-02-26 04:00:00, 0.183146
12341, 2017-02-26 05:00:00, 0.155967
12342, 2017-02-26 06:00:00, 0.108103
12343, 2017-02-26 07:00:00, 0.107752
12344, 2017-02-26 08:00:00, 0.107403
12345, 2017-02-26 09:00:00, 0.107054
12346, 2017-02-26 10:00:00, 0.106707
12347, 2017-02-26 11:00:00, 0.106362
12348, 2017-02-26 12:00:00, 0.106018
12349, 2017-02-26 13:00:00, 0.105675
12350, 2017-02-26 14:00:00, 0.105333
12351, 2017-02-26 15:00:00, 0.104993
12352, 2017-02-26 16:00:00, 0.104654
12353, 2017-02-26 17:00:00, 0.104316
12354, 2017-02-26 18:00:00, 0.10398
12355, 2017-02-26 19:00:00, 0.103645
12356, 2017-02-26 20:00:00, 0.103311
12357, 2017-02-26 21:00:00, 0.102979
12358, 2017-02-26 22:00:00, 0.102648
12359, 2017-02-26 23:00:00, 0.102318
12360, 2017-02-27 00:00:00, 0.101989
12361, 2017-02-27 01:00:00, 0.101662
12362, 2017-02-27 02:00:00, 0.101335
12363, 2017-02-27 03:00:00, 0.101011
12364, 2017-02-27 04:00:00, 0.100687
12365, 2017-02-27 05:00:00, 0.100364
12366, 2017-02-27 06:00:00, 0.100043
12367, 2017-02-27 07:00:00, 0.0997231
12368, 2017-02-27 08:00:00, 0.0994043
12369, 2017-02-27 09:00:00, 0.0990867
12370, 2017-02-27 10:00:00, 0.0987703
12371, 2017-02-27 11:00:00, 0.0984551
12372, 2017-02-27 12:00:00, 0.0981411
12373, 2017-02-27 13:00:00, 0.0978282
12374, 2017-02-27 14:00:00, 0.0975166
12375, 2017-02-27 15:00:00, 0.0972061
12376, 2017-02-27 16:00:00, 0.0968967
12377, 2017-02-27 17:00:00, 0.0965886
12378, 2017-02-27 18:00:00, 0.0962816
12379, 2017-02-27 19:00:00, 0.0959757
12380, 2017-02-27 20:00:00, 0.095671
12381, 2017-02-27 21:00:00, 0.0953674
12382, 2017-02-27 22:00:00, 0.095065
12383, 2017-02-27 23:00:00, 0.0947637
12384, 2017-02-28 00:00:00, 0.0944635
12385, 2017-02-28 01:00:00, 0.0941645
12386, 2017-02-28 02:00:00, 0.0938665
12387, 2017-02-28 03:00:00, 0.0935697
12388, 2017-02-28 04:00:00, 0.0932739
12389, 2017-02-28 05:00:00, 0.0929793
12390, 2017-02-28 06:00:00, 0.0926857
12391, 2017-02-28 07:00:00, 0.0923933
12392, 2017-02-28 08:00:00, 0.0921019
12393, 2017-02-28 09:00:00, 0.0918116
12394, 2017-02-28 10:00:00, 0.0915223
12395, 2017-02-28 11:00:00, 0.0912342
12396, 2017-02-28 12:00:00, 0.0909471
12397, 2017-02-28 13:00:00, 0.090661
12398, 2017-02-28 14:00:00, 0.090376
12399, 2017-02-28 15:00:00, 0.0900921
12400, 2017-02-28 16:00:00, 0.0898092
12401, 2017-02-28 17:00:00, 0.0895273
12402, 2017-02-28 18:00:00, 0.0892465
12403, 2017-02-28 19:00:00, 0.0889667
12404, 2017-02-28 20:00:00, 0.0886879
12405, 2017-02-28 21:00:00, 0.0884101
12406, 2017-02-28 22:00:00, 0.0881334
12407, 2017-02-28 23:00:00, 0.0878576
12408, 2017-03-01 00:00:00, 0.0875829
12409, 2017-03-01 01:00:00, 0.0873092
12410, 2017-03-01 02:00:00, 0.0870364
12411, 2017-03-01 03:00:00, 0.0867647
12412, 2017-03-01 04:00:00, 0.0864939
12413, 2017-03-01 05:00:00, 0.0862242
12414, 2017-03-01 06:00:00, 0.0859554
12415, 2017-03-01 07:00:00, 0.0856875
12416, 2017-03-01 08:00:00, 0.0854207
12417, 2017-03-01 09:00:00, 0.0851549
12418, 2017-03-01 10:00:00, 0.08489
12419, 2017-03-01 11:00:00, 0.0846261
12420, 2017-03-01 12:00:00, 0.084363
12421, 2017-03-01 13:00:00, 0.0841009
12422, 2017-03-01 14:00:00, 0.0838397
12423, 2017-03-01 15:00:00, 0.0835795
12424, 2017-03-01 16:00:00, 0.0833203
12425, 2017-03-01 17:00:00, 0.115206
12426, 2017-03-01 18:00:00, 0.099567
12427, 2017-03-01 19:00:00, 0.0952148
12428, 2017-03-01 20:00:00, 0.0830749
12429, 2017-03-01 21:00:00, 0.0820379
12430, 2017-03-01 22:00:00, 0.0817842
12431, 2017-03-01 23:00:00, 0.0815313
12432, 2017-03-02 00:00:00, 0.0812796
12433, 2017-03-02 01:00:00, 0.0810285
12434, 2017-03-02 02:00:00, 0.0807784
12435, 2017-03-02 03:00:00, 0.0805291
12436, 2017-03-02 04:00:00, 0.0802807
12437, 2017-03-02 05:00:00, 0.0800332
12438, 2017-03-02 06:00:00, 0.0797867
12439, 2017-03-02 07:00:00, 0.079541
12440, 2017-03-02 08:00:00, 0.0792961
12441, 2017-03-02 09:00:00, 0.0790522
12442, 2017-03-02 10:00:00, 0.078809
12443, 2017-03-02 11:00:00, 0.0785668
12444, 2017-03-02 12:00:00, 0.0783254
12445, 2017-03-02 13:00:00, 0.0780849
12446, 2017-03-02 14:00:00, 0.0778452
12447, 2017-03-02 15:00:00, 0.0776064
12448, 2017-03-02 16:00:00, 0.0773684
12449, 2017-03-02 17:00:00, 0.0771312
12450, 2017-03-02 18:00:00, 0.0768949
12451, 2017-03-02 19:00:00, 0.0766594
12452, 2017-03-02 20:00:00, 0.0764247
12453, 2017-03-02 21:00:00, 0.0761908
12454, 2017-03-02 22:00:00, 0.0759578
12455, 2017-03-02 23:00:00, 0.0757256
12456, 2017-03-03 00:00:00, 0.0754942
12457, 2017-03-03 01:00:00, 0.0752636
12458, 2017-03-03 02:00:00, 0.0750338
12459, 2017-03-03 03:00:00, 0.0748049
12460, 2017-03-03 04:00:00, 0.0745767
12461, 2017-03-03 05:00:00, 0.0743493
12462, 2017-03-03 06:00:00, 0.0741227
12463, 2017-03-03 07:00:00, 0.0738969
12464, 2017-03-03 08:00:00, 0.0736719
12465, 2017-03-03 09:00:00, 0.0734477
12466, 2017-03-03 10:00:00, 0.0732242
12467, 2017-03-03 11:00:00, 0.0730015
12468, 2017-03-03 12:00:00, 0.0727796
12469, 2017-03-03 13:00:00, 0.0725585
12470, 2017-03-03 14:00:00, 0.0723381
12471, 2017-03-03 15:00:00, 0.0721185
12472, 2017-03-03 16:00:00, 0.0718997
12473, 2017-03-03 17:00:00, 0.0716816
12474, 2017-03-03 18:00:00, 0.0714642
12475, 2017-03-03 19:00:00, 0.0712476
12476, 2017-03-03 20:00:00, 0.0710318
12477, 2017-03-03 21:00:00, 0.0708167
12478, 2017-03-03 22:00:00, 0.0706023
12479, 2017-03-03 23:00:00, 0.0703887
12480, 2017-03-04 00:00:00, 0.0701758
12481, 2017-03-04 01:00:00, 0.0699637
12482, 2017-03-04 02:00:00, 0.0697522
12483, 2017-03-04 03:00:00, 0.0695415
12484, 2017-03-04 04:00:00, 0.0693316
12485, 2017-03-04 05:00:00, 0.0691223
12486, 2017-03-04 06:00:00, 0.0689138
12487, 2017-03-04 07:00:00, 0.0687059
12488, 2017-03-04 08:00:00, 0.0684988
12489, 2017-03-04 09:00:00, 0.0682924
12490, 2017-03-04 10:00:00, 0.0680867
12491, 2017-03-04 11:00:00, 0.0678817
12492, 2017-03-04 12:00:00, 0.0676774
12493, 2017-03-04 13:00:00, 0.0674738
12494, 2017-03-04 14:00:00, 0.0672708
12495, 2017-03-04 15:00:00, 0.0670686
12496, 2017-03-04 16:00:00, 0.0668671
12497, 2017-03-04 17:00:00, 0.0666662
12498, 2017-03-04 18:00:00, 0.066466
12499, 2017-03-04 19:00:00, 0.0662665
12500, 2017-03-04 20:00:00, 0.0660677
12501, 2017-03-04 21:00:00, 0.0658696
12502, 2017-03-04 22:00:00, 0.0656721
12503, 2017-03-04 23:00:00, 0.0654753
12504, 2017-03-05 00:00:00, 0.0652791
12505, 2017-03-05 01:00:00, 0.0650836
12506, 2017-03-05 02:00:00, 0.0648888
12507, 2017-03-05 03:00:00, 0.0646947
12508, 2017-03-05 04:00:00, 0.0645012
12509, 2017-03-05 05:00:00, 0.0643083
12510, 2017-03-05 06:00:00, 0.0641161
12511, 2017-03-05 07:00:00, 0.0639245
12512, 2017-03-05 08:00:00, 0.0637336
12513, 2017-03-05 09:00:00, 0.0635433
12514, 2017-03-05 10:00:00, 0.0633537
12515, 2017-03-05 11:00:00, 0.0631647
12516, 2017-03-05 12:00:00, 0.0629763
12517, 2017-03-05 13:00:00, 0.0627886
12518, 2017-03-05 14:00:00, 0.0626015
12519, 2017-03-05 15:00:00, 0.062415
12520, 2017-03-05 16:00:00, 0.0622291
12521, 2017-03-05 17:00:00, 0.0620439
12522, 2017-03-05 18:00:00, 0.0618593
12523, 2017-03-05 19:00:00, 0.0616753
12524, 2017-03-05 20:00:00, 0.0614919
12525, 2017-03-05 21:00:00, 0.0613091
12526, 2017-03-05 22:00:00, 0.0611269
12527, 2017-03-05 23:00:00, 0.0609453
12528, 2017-03-06 00:00:00, 0.0607644
12529, 2017-03-06 01:00:00, 0.060584
12530, 2017-03-06 02:00:00, 0.0604043
12531, 2017-03-06 03:00:00, 0.0602251
12532, 2017-03-06 04:00:00, 0.0600465
12533, 2017-03-06 05:00:00, 0.0598686
12534, 2017-03-06 06:00:00, 0.0596912
12535, 2017-03-06 07:00:00, 0.0595144
12536, 2017-03-06 08:00:00, 0.0593382
12537, 2017-03-06 09:00:00, 0.0591625
12538, 2017-03-06 10:00:00, 0.0589875
12539, 2017-03-06 11:00:00, 0.058813
12540, 2017-03-06 12:00:00, 0.0586391
12541, 2017-03-06 13:00:00, 0.0584658
12542, 2017-03-06 14:00:00, 0.058293
12543, 2017-03-06 15:00:00, 0.0581208
12544, 2017-03-06 16:00:00, 0.0579492
12545, 2017-03-06 17:00:00, 0.0577782
12546, 2017-03-06 18:00:00, 0.0576077
12547, 2017-03-06 19:00:00, 0.0574377
12548, 2017-03-06 20:00:00, 0.0572684
12549, 2017-03-06 21:00:00, 0.0570996
12550, 2017-03-06 22:00:00, 0.0569313
12551, 2017-03-06 23:00:00, 0.0567636
12552, 2017-03-07 00:00:00, 0.0565964
12553, 2017-03-07 01:00:00, 0.0564298
12554, 2017-03-07 02:00:00, 0.0562638
12555, 2017-03-07 03:00:00, 0.0560982
12556, 2017-03-07 04:00:00, 0.0559332
12557, 2017-03-07 05:00:00, 0.0557688
12558, 2017-03-07 06:00:00, 0.0556049
12559, 2017-03-07 07:00:00, 0.0554415
12560, 2017-03-07 08:00:00, 0.0552787
12561, 2017-03-07 09:00:00, 0.0551164
12562, 2017-03-07 10:00:00, 0.0549546
12563, 2017-03-07 11:00:00, 0.0547933
12564, 2017-03-07 12:00:00, 0.0546326
12565, 2017-03-07 13:00:00, 0.0631238
12566, 2017-03-07 14:00:00, 0.0589771
12567, 2017-03-07 15:00:00, 0.0576466
12568, 2017-03-07 16:00:00, 0.0542727
12569, 2017-03-07 17:00:00, 0.0538457
12570, 2017-03-07 18:00:00, 0.0537869
12571, 2017-03-07 19:00:00, 0.0540143
12572, 2017-03-07 20:00:00, 0.0536055
12573, 2017-03-07 21:00:00, 0.0533843
12574, 2017-03-07 22:00:00, 0.0530611
12575, 2017-03-07 23:00:00, 0.0529046
12576, 2017-03-08 00:00:00, 0.0531836
12577, 2017-03-08 01:00:00, 0.0528199
12578, 2017-03-08 02:00:00, 0.0526099
12579, 2017-03-08 03:00:00, 0.0522944
12580, 2017-03-08 04:00:00, 0.0521308
12581, 2017-03-08 05:00:00, 0.0519786
12582, 2017-03-08 06:00:00, 0.051827
12583, 2017-03-08 07:00:00, 0.0524158
12584, 2017-03-08 08:00:00, 0.0826547
12585, 2017-03-08 09:00:00, 0.0852161
12586, 2017-03-08 10:00:00, 0.0713298
12587, 2017-03-08 11:00:00, 0.0590134
12588, 2017-03-08 12:00:00, 0.0640493
12589, 2017-03-08 13:00:00, 0.0997202
12590, 2017-03-08 14:00:00, 0.0764241
12591, 2017-03-08 15:00:00, 0.0668295
12592, 2017-03-08 16:00:00, 0.0509481
12593, 2017-03-08 17:00:00, 0.050191
12594, 2017-03-08 18:00:00, 0.0500451
12595, 2017-03-08 19:00:00, 0.0498997
12596, 2017-03-08 20:00:00, 0.0497547
12597, 2017-03-08 21:00:00, 0.0496102
12598, 2017-03-08 22:00:00, 0.0494662
12599, 2017-03-08 23:00:00, 0.0493226
12600, 2017-03-09 00:00:00, 0.0491795
12601, 2017-03-09 01:00:00, 0.0490369
12602, 2017-03-09 02:00:00, 0.0488947
12603, 2017-03-09 03:00:00, 0.0487529
12604, 2017-03-09 04:00:00, 0.0486116
12605, 2017-03-09 05:00:00, 0.0484708
12606, 2017-03-09 06:00:00, 0.0483304
12607, 2017-03-09 07:00:00, 0.0481904
12608, 2017-03-09 08:00:00, 0.0480509
12609, 2017-03-09 09:00:00, 0.0479118
12610, 2017-03-09 10:00:00, 0.0477732
12611, 2017-03-09 11:00:00, 0.047635
12612, 2017-03-09 12:00:00, 0.0474973
12613, 2017-03-09 13:00:00, 0.04736
12614, 2017-03-09 14:00:00, 0.0472231
12615, 2017-03-09 15:00:00, 0.0470867
12616, 2017-03-09 16:00:00, 0.0469506
12617, 2017-03-09 17:00:00, 0.0468151
12618, 2017-03-09 18:00:00, 0.0466799
12619, 2017-03-09 19:00:00, 0.0465452
12620, 2017-03-09 20:00:00, 0.0464109
12621, 2017-03-09 21:00:00, 0.046277
12622, 2017-03-09 22:00:00, 0.0461436
12623, 2017-03-09 23:00:00, 0.0460105
12624, 2017-03-10 00:00:00, 0.0458779
12625, 2017-03-10 01:00:00, 0.0457457
12626, 2017-03-10 02:00:00, 0.0456139
12627, 2017-03-10 03:00:00, 0.0454826
12628, 2017-03-10 04:00:00, 0.0453516
12629, 2017-03-10 05:00:00, 0.0452211
12630, 2017-03-10 06:00:00, 0.0450909
12631, 2017-03-10 07:00:00, 0.0449612
12632, 2017-03-10 08:00:00, 0.0448319
12633, 2017-03-10 09:00:00, 0.044703
12634, 2017-03-10 10:00:00, 0.0445745
12635, 2017-03-10 11:00:00, 0.0444464
12636, 2017-03-10 12:00:00, 0.0446918
12637, 2017-03-10 13:00:00, 0.0453779
12638, 2017-03-10 14:00:00, 0.0456532
12639, 2017-03-10 15:00:00, 0.0468596
12640, 2017-03-10 16:00:00, 0.0470591
12641, 2017-03-10 17:00:00, 0.0472649
12642, 2017-03-10 18:00:00, 0.0470101
12643, 2017-03-10 19:00:00, 0.0459613
12644, 2017-03-10 20:00:00, 0.0465715
12645, 2017-03-10 21:00:00, 0.0447804
12646, 2017-03-10 22:00:00, 0.0440519
12647, 2017-03-10 23:00:00, 0.0430777
12648, 2017-03-11 00:00:00, 0.0428494
12649, 2017-03-11 01:00:00, 0.0426944
12650, 2017-03-11 02:00:00, 0.0425722
12651, 2017-03-11 03:00:00, 0.0424503
12652, 2017-03-11 04:00:00, 0.0423288
12653, 2017-03-11 05:00:00, 0.0422077
12654, 2017-03-11 06:00:00, 0.042087
12655, 2017-03-11 07:00:00, 0.0419667
12656, 2017-03-11 08:00:00, 0.0418467
12657, 2017-03-11 09:00:00, 0.0417271
12658, 2017-03-11 10:00:00, 0.0416078
12659, 2017-03-11 11:00:00, 0.041489
12660, 2017-03-11 12:00:00, 0.0413705
12661, 2017-03-11 13:00:00, 0.0412524
12662, 2017-03-11 14:00:00, 0.0411346
12663, 2017-03-11 15:00:00, 0.0410172
12664, 2017-03-11 16:00:00, 0.0409002
12665, 2017-03-11 17:00:00, 0.0407835
12666, 2017-03-11 18:00:00, 0.0406672
12667, 2017-03-11 19:00:00, 0.0405512
12668, 2017-03-11 20:00:00, 0.0404356
12669, 2017-03-11 21:00:00, 0.0403204
12670, 2017-03-11 22:00:00, 0.0402055
12671, 2017-03-11 23:00:00, 0.040091
12672, 2017-03-12 00:00:00, 0.0399768
12673, 2017-03-12 01:00:00, 0.039863
12674, 2017-03-12 02:00:00, 0.0397495
12675, 2017-03-12 03:00:00, 0.0396364
12676, 2017-03-12 04:00:00, 0.0395236
12677, 2017-03-12 05:00:00, 0.0394112
12678, 2017-03-12 06:00:00, 0.0392991
12679, 2017-03-12 07:00:00, 0.0391874
12680, 2017-03-12 08:00:00, 0.039076
12681, 2017-03-12 09:00:00, 0.0389649
12682, 2017-03-12 10:00:00, 0.0388542
12683, 2017-03-12 11:00:00, 0.0387438
12684, 2017-03-12 12:00:00, 0.0386338
12685, 2017-03-12 13:00:00, 0.0385241
12686, 2017-03-12 14:00:00, 0.0384147
12687, 2017-03-12 15:00:00, 0.0383057
12688, 2017-03-12 16:00:00, 0.038197
12689, 2017-03-12 17:00:00, 0.0380886
12690, 2017-03-12 18:00:00, 0.0379806
12691, 2017-03-12 19:00:00, 0.0378729
12692, 2017-03-12 20:00:00, 0.0377655
12693, 2017-03-12 21:00:00, 0.0376585
12694, 2017-03-12 22:00:00, 0.0375518
12695, 2017-03-12 23:00:00, 0.0374454
12696, 2017-03-13 00:00:00, 0.0373393
12697, 2017-03-13 01:00:00, 0.0372335
12698, 2017-03-13 02:00:00, 0.0371281
12699, 2017-03-13 03:00:00, 0.037023
12700, 2017-03-13 04:00:00, 0.0369182
12701, 2017-03-13 05:00:00, 0.0368138
12702, 2017-03-13 06:00:00, 0.0367096
12703, 2017-03-13 07:00:00, 0.0366058
12704, 2017-03-13 08:00:00, 0.0365023
12705, 2017-03-13 09:00:00, 0.0363991
12706, 2017-03-13 10:00:00, 0.0362962
12707, 2017-03-13 11:00:00, 0.0361936
12708, 2017-03-13 12:00:00, 0.0360914
12709, 2017-03-13 13:00:00, 0.0359894
12710, 2017-03-13 14:00:00, 0.0358878
12711, 2017-03-13 15:00:00, 0.0357865
12712, 2017-03-13 16:00:00, 0.0356854
12713, 2017-03-13 17:00:00, 0.0355847
12714, 2017-03-13 18:00:00, 0.0354843
12715, 2017-03-13 19:00:00, 0.0353842
12716, 2017-03-13 20:00:00, 0.0352844
12717, 2017-03-13 21:00:00, 0.0351849
12718, 2017-03-13 22:00:00, 0.0350857
12719, 2017-03-13 23:00:00, 0.0349868
12720, 2017-03-14 00:00:00, 0.0348882
12721, 2017-03-14 01:00:00, 0.0347899
12722, 2017-03-14 02:00:00, 0.0346918
12723, 2017-03-14 03:00:00, 0.0345941
12724, 2017-03-14 04:00:00, 0.0344967
12725, 2017-03-14 05:00:00, 0.0343996
12726, 2017-03-14 06:00:00, 0.0343028
12727, 2017-03-14 07:00:00, 0.0342062
12728, 2017-03-14 08:00:00, 0.03411
12729, 2017-03-14 09:00:00, 0.034014
12730, 2017-03-14 10:00:00, 0.0339183
12731, 2017-03-14 11:00:00, 0.0338229
12732, 2017-03-14 12:00:00, 0.0337278
12733, 2017-03-14 13:00:00, 0.033633
12734, 2017-03-14 14:00:00, 0.0335385
12735, 2017-03-14 15:00:00, 0.0334443
12736, 2017-03-14 16:00:00, 0.0333503
12737, 2017-03-14 17:00:00, 0.0332566
12738, 2017-03-14 18:00:00, 0.0331632
12739, 2017-03-14 19:00:00, 0.0330701
12740, 2017-03-14 20:00:00, 0.0344865
12741, 2017-03-14 21:00:00, 0.0368573
12742, 2017-03-14 22:00:00, 0.0381973
12743, 2017-03-14 23:00:00, 0.0376262
12744, 2017-03-15 00:00:00, 0.0364542
12745, 2017-03-15 01:00:00, 0.0352621
12746, 2017-03-15 02:00:00, 0.0344691
12747, 2017-03-15 03:00:00, 0.0338682
12748, 2017-03-15 04:00:00, 0.0334053
12749, 2017-03-15 05:00:00, 0.0330409
12750, 2017-03-15 06:00:00, 0.0327467
12751, 2017-03-15 07:00:00, 0.032503
12752, 2017-03-15 08:00:00, 0.0322964
12753, 2017-03-15 09:00:00, 0.0321166
12754, 2017-03-15 10:00:00, 0.0319561
12755, 2017-03-15 11:00:00, 0.0318105
12756, 2017-03-15 12:00:00, 0.031677
12757, 2017-03-15 13:00:00, 0.031554
12758, 2017-03-15 14:00:00, 0.0314395
12759, 2017-03-15 15:00:00, 0.0313274
12760, 2017-03-15 16:00:00, 0.0312217
12761, 2017-03-15 17:00:00, 0.0311202
12762, 2017-03-15 18:00:00, 0.0310261
12763, 2017-03-15 19:00:00, 0.030934
12764, 2017-03-15 20:00:00, 0.0308426
12765, 2017-03-15 21:00:00, 0.0307571
12766, 2017-03-15 22:00:00, 0.0306695
12767, 2017-03-15 23:00:00, 0.0305824
12768, 2017-03-16 00:00:00, 0.0304943
12769, 2017-03-16 01:00:00, 0.0304069
12770, 2017-03-16 02:00:00, 0.0303204
12771, 2017-03-16 03:00:00, 0.0302345
12772, 2017-03-16 04:00:00, 0.0301493
12773, 2017-03-16 05:00:00, 0.0300646
12774, 2017-03-16 06:00:00, 0.0299805
12775, 2017-03-16 07:00:00, 0.0298968
12776, 2017-03-16 08:00:00, 0.0298135
12777, 2017-03-16 09:00:00, 0.0297303
12778, 2017-03-16 10:00:00, 0.0296474
12779, 2017-03-16 11:00:00, 0.0295648
12780, 2017-03-16 12:00:00, 0.0294824
12781, 2017-03-16 13:00:00, 0.0294002
12782, 2017-03-16 14:00:00, 0.0293183
12783, 2017-03-16 15:00:00, 0.0292367
12784, 2017-03-16 16:00:00, 0.0291552
12785, 2017-03-16 17:00:00, 0.029074
12786, 2017-03-16 18:00:00, 0.0289931
12787, 2017-03-16 19:00:00, 0.0289847
12788, 2017-03-16 20:00:00, 0.0301859
12789, 2017-03-16 21:00:00, 0.0305469
12790, 2017-03-16 22:00:00, 0.0306014
12791, 2017-03-16 23:00:00, 0.0300947
12792, 2017-03-17 00:00:00, 0.0292207
12793, 2017-03-17 01:00:00, 0.0287636
12794, 2017-03-17 02:00:00, 0.0284497
12795, 2017-03-17 03:00:00, 0.0283476
12796, 2017-03-17 04:00:00, 0.028251
12797, 2017-03-17 05:00:00, 0.0281589
12798, 2017-03-17 06:00:00, 0.0280701
12799, 2017-03-17 07:00:00, 0.027984
12800, 2017-03-17 08:00:00, 0.0279001
12801, 2017-03-17 09:00:00, 0.027818
12802, 2017-03-17 10:00:00, 0.0277373
12803, 2017-03-17 11:00:00, 0.0276577
12804, 2017-03-17 12:00:00, 0.0275792
12805, 2017-03-17 13:00:00, 0.0275015
12806, 2017-03-17 14:00:00, 0.0274241
12807, 2017-03-17 15:00:00, 0.0273481
12808, 2017-03-17 16:00:00, 0.0282384
12809, 2017-03-17 17:00:00, 0.0679521
12810, 2017-03-17 18:00:00, 0.283974
12811, 2017-03-17 19:00:00, 0.223864
12812, 2017-03-17 20:00:00, 0.211637
12813, 2017-03-17 21:00:00, 0.0853744
12814, 2017-03-17 22:00:00, 0.051746
12815, 2017-03-17 23:00:00, 0.0280788
12816, 2017-03-18 00:00:00, 0.0271907
12817, 2017-03-18 01:00:00, 0.0269779
12818, 2017-03-18 02:00:00, 0.0268115
12819, 2017-03-18 03:00:00, 0.0266683
12820, 2017-03-18 04:00:00, 0.0265433
12821, 2017-03-18 05:00:00, 0.0264314
12822, 2017-03-18 06:00:00, 0.0263292
12823, 2017-03-18 07:00:00, 0.0262336
12824, 2017-03-18 08:00:00, 0.0261431
12825, 2017-03-18 09:00:00, 0.0260564
12826, 2017-03-18 10:00:00, 0.0259731
12827, 2017-03-18 11:00:00, 0.0258927
12828, 2017-03-18 12:00:00, 0.0258156
12829, 2017-03-18 13:00:00, 0.0257411
12830, 2017-03-18 14:00:00, 0.0256677
12831, 2017-03-18 15:00:00, 0.0257425
12832, 2017-03-18 16:00:00, 0.0864364
12833, 2017-03-18 17:00:00, 0.28609
12834, 2017-03-18 18:00:00, 0.170475
12835, 2017-03-18 19:00:00, 0.295858
12836, 2017-03-18 20:00:00, 0.322326
12837, 2017-03-18 21:00:00, 0.39115
12838, 2017-03-18 22:00:00, 0.419709
12839, 2017-03-18 23:00:00, 0.422179
12840, 2017-03-19 00:00:00, 0.407919
12841, 2017-03-19 01:00:00, 0.383773
12842, 2017-03-19 02:00:00, 0.354463
12843, 2017-03-19 03:00:00, 0.323173
12844, 2017-03-19 04:00:00, 0.291987
12845, 2017-03-19 05:00:00, 0.262208
12846, 2017-03-19 06:00:00, 0.234592
12847, 2017-03-19 07:00:00, 0.209521
12848, 2017-03-19 08:00:00, 0.187123
12849, 2017-03-19 09:00:00, 0.167363
12850, 2017-03-19 10:00:00, 0.150106
12851, 2017-03-19 11:00:00, 0.135158
12852, 2017-03-19 12:00:00, 0.122299
12853, 2017-03-19 13:00:00, 0.111299
12854, 2017-03-19 14:00:00, 0.105204
12855, 2017-03-19 15:00:00, 0.102966
12856, 2017-03-19 16:00:00, 0.107552
12857, 2017-03-19 17:00:00, 0.127558
12858, 2017-03-19 18:00:00, 0.136624
12859, 2017-03-19 19:00:00, 0.139535
12860, 2017-03-19 20:00:00, 0.137904
12861, 2017-03-19 21:00:00, 0.133464
12862, 2017-03-19 22:00:00, 0.127444
12863, 2017-03-19 23:00:00, 0.120687
12864, 2017-03-20 00:00:00, 0.113752
12865, 2017-03-20 01:00:00, 0.106998
12866, 2017-03-20 02:00:00, 0.100642
12867, 2017-03-20 03:00:00, 0.0948026
12868, 2017-03-20 04:00:00, 0.0895328
12869, 2017-03-20 05:00:00, 0.0848408
12870, 2017-03-20 06:00:00, 0.0807067
12871, 2017-03-20 07:00:00, 0.0770941
12872, 2017-03-20 08:00:00, 0.0739575
12873, 2017-03-20 09:00:00, 0.0712478
12874, 2017-03-20 10:00:00, 0.0689159
12875, 2017-03-20 11:00:00, 0.0669145
12876, 2017-03-20 12:00:00, 0.0651998
12877, 2017-03-20 13:00:00, 0.0637319
12878, 2017-03-20 14:00:00, 0.0624751
12879, 2017-03-20 15:00:00, 0.0613979
12880, 2017-03-20 16:00:00, 0.0604728
12881, 2017-03-20 17:00:00, 0.059676
12882, 2017-03-20 18:00:00, 0.0589871
12883, 2017-03-20 19:00:00, 0.0583885
12884, 2017-03-20 20:00:00, 0.0578655
12885, 2017-03-20 21:00:00, 0.0574055
12886, 2017-03-20 22:00:00, 0.0569979
12887, 2017-03-20 23:00:00, 0.0566337
12888, 2017-03-21 00:00:00, 0.0563057
12889, 2017-03-21 01:00:00, 0.0560076
12890, 2017-03-21 02:00:00, 0.0557342
12891, 2017-03-21 03:00:00, 0.0554812
12892, 2017-03-21 04:00:00, 0.0552451
12893, 2017-03-21 05:00:00, 0.055023
12894, 2017-03-21 06:00:00, 0.0548125
12895, 2017-03-21 07:00:00, 0.0546115
12896, 2017-03-21 08:00:00, 0.0544184
12897, 2017-03-21 09:00:00, 0.0542318
12898, 2017-03-21 10:00:00, 0.0540507
12899, 2017-03-21 11:00:00, 0.0538742
12900, 2017-03-21 12:00:00, 0.0537014
12901, 2017-03-21 13:00:00, 0.0535318
12902, 2017-03-21 14:00:00, 0.0533649
12903, 2017-03-21 15:00:00, 0.0532003
12904, 2017-03-21 16:00:00, 0.0530376
12905, 2017-03-21 17:00:00, 0.0528766
12906, 2017-03-21 18:00:00, 0.0527171
12907, 2017-03-21 19:00:00, 0.0525588
12908, 2017-03-21 20:00:00, 0.0524016
12909, 2017-03-21 21:00:00, 0.0522455
12910, 2017-03-21 22:00:00, 0.0520902
12911, 2017-03-21 23:00:00, 0.0519358
12912, 2017-03-22 00:00:00, 0.0517822
12913, 2017-03-22 01:00:00, 0.0516293
12914, 2017-03-22 02:00:00, 0.051477
12915, 2017-03-22 03:00:00, 0.0513254
12916, 2017-03-22 04:00:00, 0.0511744
12917, 2017-03-22 05:00:00, 0.0510239
12918, 2017-03-22 06:00:00, 0.0508741
12919, 2017-03-22 07:00:00, 0.0507247
12920, 2017-03-22 08:00:00, 0.0505759
12921, 2017-03-22 09:00:00, 0.0504277
12922, 2017-03-22 10:00:00, 0.0502799
12923, 2017-03-22 11:00:00, 0.0501326
12924, 2017-03-22 12:00:00, 0.0499859
12925, 2017-03-22 13:00:00, 0.0498396
12926, 2017-03-22 14:00:00, 0.0496938
12927, 2017-03-22 15:00:00, 0.0495485
12928, 2017-03-22 16:00:00, 0.0494037
12929, 2017-03-22 17:00:00, 0.0492593
12930, 2017-03-22 18:00:00, 0.0491154
12931, 2017-03-22 19:00:00, 0.048972
12932, 2017-03-22 20:00:00, 0.0488291
12933, 2017-03-22 21:00:00, 0.0486866
12934, 2017-03-22 22:00:00, 0.0485445
12935, 2017-03-22 23:00:00, 0.048403
12936, 2017-03-23 00:00:00, 0.0482619
12937, 2017-03-23 01:00:00, 0.0481212
12938, 2017-03-23 02:00:00, 0.047981
12939, 2017-03-23 03:00:00, 0.0478412
12940, 2017-03-23 04:00:00, 0.0477019
12941, 2017-03-23 05:00:00, 0.0475631
12942, 2017-03-23 06:00:00, 0.0474247
12943, 2017-03-23 07:00:00, 0.0472867
12944, 2017-03-23 08:00:00, 0.0471492
12945, 2017-03-23 09:00:00, 0.0470121
12946, 2017-03-23 10:00:00, 0.0468754
12947, 2017-03-23 11:00:00, 0.0467392
12948, 2017-03-23 12:00:00, 0.0466035
12949, 2017-03-23 13:00:00, 0.0464681
12950, 2017-03-23 14:00:00, 0.0463332
12951, 2017-03-23 15:00:00, 0.0461987
12952, 2017-03-23 16:00:00, 0.0460647
12953, 2017-03-23 17:00:00, 0.0459311
12954, 2017-03-23 18:00:00, 0.0457979
12955, 2017-03-23 19:00:00, 0.0456651
12956, 2017-03-23 20:00:00, 0.0455327
12957, 2017-03-23 21:00:00, 0.0454008
12958, 2017-03-23 22:00:00, 0.0452693
12959, 2017-03-23 23:00:00, 0.0451382
12960, 2017-03-24 00:00:00, 0.0450075
12961, 2017-03-24 01:00:00, 0.0448773
12962, 2017-03-24 02:00:00, 0.0447474
12963, 2017-03-24 03:00:00, 0.044618
12964, 2017-03-24 04:00:00, 0.0444889
12965, 2017-03-24 05:00:00, 0.0443603
12966, 2017-03-24 06:00:00, 0.0442321
12967, 2017-03-24 07:00:00, 0.0441043
12968, 2017-03-24 08:00:00, 0.0439769
12969, 2017-03-24 09:00:00, 0.0438499
12970, 2017-03-24 10:00:00, 0.0437233
12971, 2017-03-24 11:00:00, 0.0435971
12972, 2017-03-24 12:00:00, 0.0434713
12973, 2017-03-24 13:00:00, 0.0433459
12974, 2017-03-24 14:00:00, 0.0432209
12975, 2017-03-24 15:00:00, 0.0430963
12976, 2017-03-24 16:00:00, 0.042972
12977, 2017-03-24 17:00:00, 0.0428482
12978, 2017-03-24 18:00:00, 0.0436709
12979, 2017-03-24 19:00:00, 0.0430318
12980, 2017-03-24 20:00:00, 0.0428231
12981, 2017-03-24 21:00:00, 0.0423568
12982, 2017-03-24 22:00:00, 0.0422349
12983, 2017-03-24 23:00:00, 0.0421134
12984, 2017-03-25 00:00:00, 0.0419922
12985, 2017-03-25 01:00:00, 0.0418715
12986, 2017-03-25 02:00:00, 0.0417511
12987, 2017-03-25 03:00:00, 0.0416311
12988, 2017-03-25 04:00:00, 0.0415115
12989, 2017-03-25 05:00:00, 0.0413922
12990, 2017-03-25 06:00:00, 0.0412734
12991, 2017-03-25 07:00:00, 0.0411549
12992, 2017-03-25 08:00:00, 0.0410367
12993, 2017-03-25 09:00:00, 0.040919
12994, 2017-03-25 10:00:00, 0.0408016
12995, 2017-03-25 11:00:00, 0.0406845
12996, 2017-03-25 12:00:00, 0.0405679
12997, 2017-03-25 13:00:00, 0.0404516
12998, 2017-03-25 14:00:00, 0.0403356
12999, 2017-03-25 15:00:00, 0.04022
13000, 2017-03-25 16:00:00, 0.0401048
13001, 2017-03-25 17:00:00, 0.03999
13002, 2017-03-25 18:00:00, 0.0398755
13003, 2017-03-25 19:00:00, 0.0397613
13004, 2017-03-25 20:00:00, 0.0396475
13005, 2017-03-25 21:00:00, 0.041193
13006, 2017-03-25 22:00:00, 0.040491
13007, 2017-03-25 23:00:00, 0.0400551
13008, 2017-03-26 00:00:00, 0.0393108
13009, 2017-03-26 01:00:00, 0.0390839
13010, 2017-03-26 02:00:00, 0.0389722
13011, 2017-03-26 03:00:00, 0.0388608
13012, 2017-03-26 04:00:00, 0.0387498
13013, 2017-03-26 05:00:00, 0.0386392
13014, 2017-03-26 06:00:00, 0.0385289
13015, 2017-03-26 07:00:00, 0.0384189
13016, 2017-03-26 08:00:00, 0.0383093
13017, 2017-03-26 09:00:00, 0.0382
13018, 2017-03-26 10:00:00, 0.038091
13019, 2017-03-26 11:00:00, 0.0379824
13020, 2017-03-26 12:00:00, 0.0378741
13021, 2017-03-26 13:00:00, 0.0377662
13022, 2017-03-26 14:00:00, 0.0376585
13023, 2017-03-26 15:00:00, 0.0375513
13024, 2017-03-26 16:00:00, 0.0374443
13025, 2017-03-26 17:00:00, 0.0375239
13026, 2017-03-26 18:00:00, 0.037316
13027, 2017-03-26 19:00:00, 0.0371931
13028, 2017-03-26 20:00:00, 0.0370198
13029, 2017-03-26 21:00:00, 0.0369145
13030, 2017-03-26 22:00:00, 0.0368095
13031, 2017-03-26 23:00:00, 0.0373249
13032, 2017-03-27 00:00:00, 0.0368823
13033, 2017-03-27 01:00:00, 0.0367219
13034, 2017-03-27 02:00:00, 0.0363927
13035, 2017-03-27 03:00:00, 0.0362893
13036, 2017-03-27 04:00:00, 0.0361862
13037, 2017-03-27 05:00:00, 0.0360835
13038, 2017-03-27 06:00:00, 0.035981
13039, 2017-03-27 07:00:00, 0.0358789
13040, 2017-03-27 08:00:00, 0.0357771
13041, 2017-03-27 09:00:00, 0.0356755
13042, 2017-03-27 10:00:00, 0.0355743
13043, 2017-03-27 11:00:00, 0.0354735
13044, 2017-03-27 12:00:00, 0.0354589
13045, 2017-03-27 13:00:00, 0.0353117
13046, 2017-03-27 14:00:00, 0.0352054
13047, 2017-03-27 15:00:00, 0.201878
13048, 2017-03-27 16:00:00, 0.430701
13049, 2017-03-27 17:00:00, 0.29483
13050, 2017-03-27 18:00:00, 0.223584
13051, 2017-03-27 19:00:00, 0.195814
13052, 2017-03-27 20:00:00, 0.266133
13053, 2017-03-27 21:00:00, 0.308995
13054, 2017-03-27 22:00:00, 0.332279
13055, 2017-03-27 23:00:00, 0.335448
13056, 2017-03-28 00:00:00, 0.325745
13057, 2017-03-28 01:00:00, 0.308271
13058, 2017-03-28 02:00:00, 0.286674
13059, 2017-03-28 03:00:00, 0.263363
13060, 2017-03-28 04:00:00, 0.240007
13061, 2017-03-28 05:00:00, 0.217546
13062, 2017-03-28 06:00:00, 0.196655
13063, 2017-03-28 07:00:00, 0.17768
13064, 2017-03-28 08:00:00, 0.160763
13065, 2017-03-28 09:00:00, 0.145845
13066, 2017-03-28 10:00:00, 0.132829
13067, 2017-03-28 11:00:00, 0.121531
13068, 2017-03-28 12:00:00, 0.111755
13069, 2017-03-28 13:00:00, 0.103334
13070, 2017-03-28 14:00:00, 0.0960233
13071, 2017-03-28 15:00:00, 0.0897175
13072, 2017-03-28 16:00:00, 0.0843078
13073, 2017-03-28 17:00:00, 0.0796871
13074, 2017-03-28 18:00:00, 0.0757538
13075, 2017-03-28 19:00:00, 0.0816849
13076, 2017-03-28 20:00:00, 0.0960843
13077, 2017-03-28 21:00:00, 0.128102
13078, 2017-03-28 22:00:00, 0.175703
13079, 2017-03-28 23:00:00, 0.256546
13080, 2017-03-29 00:00:00, 0.302628
13081, 2017-03-29 01:00:00, 0.357057
13082, 2017-03-29 02:00:00, 0.405434
13083, 2017-03-29 03:00:00, 0.500675
13084, 2017-03-29 04:00:00, 0.599005
13085, 2017-03-29 05:00:00, 0.697247
13086, 2017-03-29 06:00:00, 0.846298
13087, 2017-03-29 07:00:00, 0.957592
13088, 2017-03-29 08:00:00, 1.02086
13089, 2017-03-29 09:00:00, 1.02436
13090, 2017-03-29 10:00:00, 0.989053
13091, 2017-03-29 11:00:00, 0.930684
13092, 2017-03-29 12:00:00, 0.860349
13093, 2017-03-29 13:00:00, 0.785526
13094, 2017-03-29 14:00:00, 0.7111
13095, 2017-03-29 15:00:00, 0.640121
13096, 2017-03-29 16:00:00, 0.574351
13097, 2017-03-29 17:00:00, 0.514671
13098, 2017-03-29 18:00:00, 0.461369
13099, 2017-03-29 19:00:00, 0.414353
13100, 2017-03-29 20:00:00, 0.373291
13101, 2017-03-29 21:00:00, 0.337718
13102, 2017-03-29 22:00:00, 0.307105
13103, 2017-03-29 23:00:00, 0.280906
13104, 2017-03-30 00:00:00, 0.258587
13105, 2017-03-30 01:00:00, 0.239647
13106, 2017-03-30 02:00:00, 0.223623
13107, 2017-03-30 03:00:00, 0.210102
13108, 2017-03-30 04:00:00, 0.198712
13109, 2017-03-30 05:00:00, 0.189133
13110, 2017-03-30 06:00:00, 0.181082
13111, 2017-03-30 07:00:00, 0.174317
13112, 2017-03-30 08:00:00, 0.16863
13113, 2017-03-30 09:00:00, 0.163845
13114, 2017-03-30 10:00:00, 0.159812
13115, 2017-03-30 11:00:00, 0.156405
13116, 2017-03-30 12:00:00, 0.153517
13117, 2017-03-30 13:00:00, 0.15106
13118, 2017-03-30 14:00:00, 0.148958
13119, 2017-03-30 15:00:00, 0.14715
13120, 2017-03-30 16:00:00, 0.145585
13121, 2017-03-30 17:00:00, 0.14422
13122, 2017-03-30 18:00:00, 0.143018
13123, 2017-03-30 19:00:00, 0.141952
13124, 2017-03-30 20:00:00, 0.140997
13125, 2017-03-30 21:00:00, 0.140134
13126, 2017-03-30 22:00:00, 0.139345
13127, 2017-03-30 23:00:00, 0.138618
13128, 2017-03-31 00:00:00, 0.137941
13129, 2017-03-31 01:00:00, 0.137307
13130, 2017-03-31 02:00:00, 0.136706
13131, 2017-03-31 03:00:00, 0.136133
13132, 2017-03-31 04:00:00, 0.136181
13133, 2017-03-31 05:00:00, 0.135371
13134, 2017-03-31 06:00:00, 0.137096
13135, 2017-03-31 07:00:00, 0.135414
13136, 2017-03-31 08:00:00, 0.134928
13137, 2017-03-31 09:00:00, 0.133361
13138, 2017-03-31 10:00:00, 0.132745
13139, 2017-03-31 11:00:00, 0.132482
13140, 2017-03-31 12:00:00, 0.132731
13141, 2017-03-31 13:00:00, 0.131807
13142, 2017-03-31 14:00:00, 0.133674
13143, 2017-03-31 15:00:00, 0.136933
13144, 2017-03-31 16:00:00, 0.173882
13145, 2017-03-31 17:00:00, 0.150841
13146, 2017-03-31 18:00:00, 0.14928
13147, 2017-03-31 19:00:00, 0.159714
13148, 2017-03-31 20:00:00, 0.191703
13149, 2017-03-31 21:00:00, 0.273805
13150, 2017-03-31 22:00:00, 0.398476
13151, 2017-03-31 23:00:00, 0.53027
13152, 2017-04-01 00:00:00, 0.716727
13153, 2017-04-01 01:00:00, 0.813291
13154, 2017-04-01 02:00:00, 0.902736
13155, 2017-04-01 03:00:00, 0.976268
13156, 2017-04-01 04:00:00, 1.01005
13157, 2017-04-01 05:00:00, 1.02204
13158, 2017-04-01 06:00:00, 0.995767
13159, 2017-04-01 07:00:00, 0.946915
13160, 2017-04-01 08:00:00, 0.91302
13161, 2017-04-01 09:00:00, 1.66412
13162, 2017-04-01 10:00:00, 1.75983
13163, 2017-04-01 11:00:00, 2.40158
13164, 2017-04-01 12:00:00, 3.26308
13165, 2017-04-01 13:00:00, 3.6606
13166, 2017-04-01 14:00:00, 4.3562
13167, 2017-04-01 15:00:00, 4.7349
13168, 2017-04-01 16:00:00, 5.01784
13169, 2017-04-01 17:00:00, 5.11134
13170, 2017-04-01 18:00:00, 5.02005
13171, 2017-04-01 19:00:00, 4.78608
13172, 2017-04-01 20:00:00, 4.46803
13173, 2017-04-01 21:00:00, 4.1104
13174, 2017-04-01 22:00:00, 3.74319
13175, 2017-04-01 23:00:00, 3.38563
13176, 2017-04-02 00:00:00, 3.04939
13177, 2017-04-02 01:00:00, 2.74085
13178, 2017-04-02 02:00:00, 2.46282
13179, 2017-04-02 03:00:00, 2.21576
13180, 2017-04-02 04:00:00, 1.9986
13181, 2017-04-02 05:00:00, 1.8094
13182, 2017-04-02 06:00:00, 1.64571
13183, 2017-04-02 07:00:00, 1.50491
13184, 2017-04-02 08:00:00, 1.38437
13185, 2017-04-02 09:00:00, 1.28156
13186, 2017-04-02 10:00:00, 1.19412
13187, 2017-04-02 11:00:00, 1.11991
13188, 2017-04-02 12:00:00, 1.05703
13189, 2017-04-02 13:00:00, 1.00379
13190, 2017-04-02 14:00:00, 0.958718
13191, 2017-04-02 15:00:00, 0.92053
13192, 2017-04-02 16:00:00, 0.888134
13193, 2017-04-02 17:00:00, 0.860592
13194, 2017-04-02 18:00:00, 0.837109
13195, 2017-04-02 19:00:00, 0.817012
13196, 2017-04-02 20:00:00, 0.799732
13197, 2017-04-02 21:00:00, 0.784794
13198, 2017-04-02 22:00:00, 0.7718
13199, 2017-04-02 23:00:00, 0.760417
13200, 2017-04-03 00:00:00, 0.750367
13201, 2017-04-03 01:00:00, 0.741422
13202, 2017-04-03 02:00:00, 0.73339
13203, 2017-04-03 03:00:00, 0.726115
13204, 2017-04-03 04:00:00, 0.719465
13205, 2017-04-03 05:00:00, 0.713334
13206, 2017-04-03 06:00:00, 0.707633
13207, 2017-04-03 07:00:00, 0.702289
13208, 2017-04-03 08:00:00, 0.697243
13209, 2017-04-03 09:00:00, 0.692445
13210, 2017-04-03 10:00:00, 0.687856
13211, 2017-04-03 11:00:00, 0.683443
13212, 2017-04-03 12:00:00, 0.679178
13213, 2017-04-03 13:00:00, 0.675039
13214, 2017-04-03 14:00:00, 0.671009
13215, 2017-04-03 15:00:00, 0.667072
13216, 2017-04-03 16:00:00, 0.663217
13217, 2017-04-03 17:00:00, 0.659433
13218, 2017-04-03 18:00:00, 0.655712
13219, 2017-04-03 19:00:00, 0.652048
13220, 2017-04-03 20:00:00, 0.648436
13221, 2017-04-03 21:00:00, 0.64487
13222, 2017-04-03 22:00:00, 0.641346
13223, 2017-04-03 23:00:00, 0.637863
13224, 2017-04-04 00:00:00, 0.634417
13225, 2017-04-04 01:00:00, 0.631006
13226, 2017-04-04 02:00:00, 0.627628
13227, 2017-04-04 03:00:00, 0.624283
13228, 2017-04-04 04:00:00, 0.620968
13229, 2017-04-04 05:00:00, 0.617743
13230, 2017-04-04 06:00:00, 0.617118
13231, 2017-04-04 07:00:00, 0.692585
13232, 2017-04-04 08:00:00, 0.745595
13233, 2017-04-04 09:00:00, 0.716224
13234, 2017-04-04 10:00:00, 0.779227
13235, 2017-04-04 11:00:00, 1.13295
13236, 2017-04-04 12:00:00, 1.27569
13237, 2017-04-04 13:00:00, 1.75016
13238, 2017-04-04 14:00:00, 2.11407
13239, 2017-04-04 15:00:00, 2.53444
13240, 2017-04-04 16:00:00, 2.82161
13241, 2017-04-04 17:00:00, 3.02219
13242, 2017-04-04 18:00:00, 3.06129
13243, 2017-04-04 19:00:00, 3.03295
13244, 2017-04-04 20:00:00, 2.92873
13245, 2017-04-04 21:00:00, 2.77986
13246, 2017-04-04 22:00:00, 2.60726
13247, 2017-04-04 23:00:00, 2.4335
13248, 2017-04-05 00:00:00, 2.25842
13249, 2017-04-05 01:00:00, 2.08994
13250, 2017-04-05 02:00:00, 1.97453
13251, 2017-04-05 03:00:00, 1.82412
13252, 2017-04-05 04:00:00, 1.76175
13253, 2017-04-05 05:00:00, 1.68903
13254, 2017-04-05 06:00:00, 1.61098
13255, 2017-04-05 07:00:00, 1.54344
13256, 2017-04-05 08:00:00, 1.4728
13257, 2017-04-05 09:00:00, 1.40322
13258, 2017-04-05 10:00:00, 1.33698
13259, 2017-04-05 11:00:00, 1.27546
13260, 2017-04-05 12:00:00, 1.21932
13261, 2017-04-05 13:00:00, 1.16875
13262, 2017-04-05 14:00:00, 1.12362
13263, 2017-04-05 15:00:00, 1.08362
13264, 2017-04-05 16:00:00, 1.04835
13265, 2017-04-05 17:00:00, 1.01733
13266, 2017-04-05 18:00:00, 0.990107
13267, 2017-04-05 19:00:00, 0.966209
13268, 2017-04-05 20:00:00, 0.945212
13269, 2017-04-05 21:00:00, 0.926725
13270, 2017-04-05 22:00:00, 0.910393
13271, 2017-04-05 23:00:00, 0.895906
13272, 2017-04-06 00:00:00, 0.88299
13273, 2017-04-06 01:00:00, 0.871406
13274, 2017-04-06 02:00:00, 0.860951
13275, 2017-04-06 03:00:00, 0.85145
13276, 2017-04-06 04:00:00, 0.842752
13277, 2017-04-06 05:00:00, 0.834731
13278, 2017-04-06 06:00:00, 0.827282
13279, 2017-04-06 07:00:00, 0.820313
13280, 2017-04-06 08:00:00, 0.81375
13281, 2017-04-06 09:00:00, 0.80753
13282, 2017-04-06 10:00:00, 0.801603
13283, 2017-04-06 11:00:00, 0.799987
13284, 2017-04-06 12:00:00, 0.793181
13285, 2017-04-06 13:00:00, 1.12624
13286, 2017-04-06 14:00:00, 1.09943
13287, 2017-04-06 15:00:00, 1.38271
13288, 2017-04-06 16:00:00, 1.59342
13289, 2017-04-06 17:00:00, 2.11692
13290, 2017-04-06 18:00:00, 2.58275
13291, 2017-04-06 19:00:00, 2.80703
13292, 2017-04-06 20:00:00, 3.17087
13293, 2017-04-06 21:00:00, 3.31771
13294, 2017-04-06 22:00:00, 3.37601
13295, 2017-04-06 23:00:00, 5.89716
13296, 2017-04-07 00:00:00, 4.92038
13297, 2017-04-07 01:00:00, 5.40075
13298, 2017-04-07 02:00:00, 5.21934
13299, 2017-04-07 03:00:00, 5.42478
13300, 2017-04-07 04:00:00, 5.42817
13301, 2017-04-07 05:00:00, 5.26814
13302, 2017-04-07 06:00:00, 5.01081
13303, 2017-04-07 07:00:00, 4.7028
13304, 2017-04-07 08:00:00, 4.37566
13305, 2017-04-07 09:00:00, 4.05002
13306, 2017-04-07 10:00:00, 3.73877
13307, 2017-04-07 11:00:00, 3.44937
13308, 2017-04-07 12:00:00, 3.18558
13309, 2017-04-07 13:00:00, 2.94865
13310, 2017-04-07 14:00:00, 2.73823
13311, 2017-04-07 15:00:00, 2.55294
13312, 2017-04-07 16:00:00, 2.39085
13313, 2017-04-07 17:00:00, 2.24975
13314, 2017-04-07 18:00:00, 2.12736
13315, 2017-04-07 19:00:00, 2.02145
13316, 2017-04-07 20:00:00, 1.9299
13317, 2017-04-07 21:00:00, 1.85079
13318, 2017-04-07 22:00:00, 1.78263
13319, 2017-04-07 23:00:00, 1.72321
13320, 2017-04-08 00:00:00, 1.67169
13321, 2017-04-08 01:00:00, 1.62671
13322, 2017-04-08 02:00:00, 1.5874
13323, 2017-04-08 03:00:00, 1.5528
13324, 2017-04-08 04:00:00, 1.52216
13325, 2017-04-08 05:00:00, 1.49485
13326, 2017-04-08 06:00:00, 1.47034
13327, 2017-04-08 07:00:00, 1.44818
13328, 2017-04-08 08:00:00, 1.42799
13329, 2017-04-08 09:00:00, 1.40946
13330, 2017-04-08 10:00:00, 1.39231
13331, 2017-04-08 11:00:00, 1.37634
13332, 2017-04-08 12:00:00, 1.36136
13333, 2017-04-08 13:00:00, 1.34722
13334, 2017-04-08 14:00:00, 1.33379
13335, 2017-04-08 15:00:00, 1.32097
13336, 2017-04-08 16:00:00, 1.30867
13337, 2017-04-08 17:00:00, 1.29683
13338, 2017-04-08 18:00:00, 1.28537
13339, 2017-04-08 19:00:00, 1.27426
13340, 2017-04-08 20:00:00, 1.26345
13341, 2017-04-08 21:00:00, 1.25291
13342, 2017-04-08 22:00:00, 1.24261
13343, 2017-04-08 23:00:00, 1.23253
13344, 2017-04-09 00:00:00, 1.22265
13345, 2017-04-09 01:00:00, 1.21296
13346, 2017-04-09 02:00:00, 1.20343
13347, 2017-04-09 03:00:00, 1.19406
13348, 2017-04-09 04:00:00, 1.18484
13349, 2017-04-09 05:00:00, 1.17575
13350, 2017-04-09 06:00:00, 1.16681
13351, 2017-04-09 07:00:00, 1.15798
13352, 2017-04-09 08:00:00, 1.14928
13353, 2017-04-09 09:00:00, 1.1407
13354, 2017-04-09 10:00:00, 1.13223
13355, 2017-04-09 11:00:00, 1.12387
13356, 2017-04-09 12:00:00, 1.11562
13357, 2017-04-09 13:00:00, 1.10747
13358, 2017-04-09 14:00:00, 1.09942
13359, 2017-04-09 15:00:00, 1.09147
13360, 2017-04-09 16:00:00, 1.08362
13361, 2017-04-09 17:00:00, 1.07586
13362, 2017-04-09 18:00:00, 1.06819
13363, 2017-04-09 19:00:00, 1.06062
13364, 2017-04-09 20:00:00, 1.05313
13365, 2017-04-09 21:00:00, 1.04573
13366, 2017-04-09 22:00:00, 1.03841
13367, 2017-04-09 23:00:00, 1.03118
13368, 2017-04-10 00:00:00, 1.02402
13369, 2017-04-10 01:00:00, 1.01695
13370, 2017-04-10 02:00:00, 1.00996
13371, 2017-04-10 03:00:00, 1.00305
13372, 2017-04-10 04:00:00, 0.996214
13373, 2017-04-10 05:00:00, 0.989453
13374, 2017-04-10 06:00:00, 0.982767
13375, 2017-04-10 07:00:00, 0.976153
13376, 2017-04-10 08:00:00, 0.96961
13377, 2017-04-10 09:00:00, 0.963139
13378, 2017-04-10 10:00:00, 0.956736
13379, 2017-04-10 11:00:00, 0.950402
13380, 2017-04-10 12:00:00, 0.944135
13381, 2017-04-10 13:00:00, 0.937935
13382, 2017-04-10 14:00:00, 0.931799
13383, 2017-04-10 15:00:00, 0.925728
13384, 2017-04-10 16:00:00, 0.91972
13385, 2017-04-10 17:00:00, 0.913774
13386, 2017-04-10 18:00:00, 0.90789
13387, 2017-04-10 19:00:00, 0.902065
13388, 2017-04-10 20:00:00, 0.8963
13389, 2017-04-10 21:00:00, 0.890594
13390, 2017-04-10 22:00:00, 0.884945
13391, 2017-04-10 23:00:00, 0.879353
13392, 2017-04-11 00:00:00, 0.873818
13393, 2017-04-11 01:00:00, 0.868337
13394, 2017-04-11 02:00:00, 0.86291
13395, 2017-04-11 03:00:00, 0.857538
13396, 2017-04-11 04:00:00, 0.852218
13397, 2017-04-11 05:00:00, 0.84695
13398, 2017-04-11 06:00:00, 0.841733
13399, 2017-04-11 07:00:00, 0.836567
13400, 2017-04-11 08:00:00, 0.83145
13401, 2017-04-11 09:00:00, 0.826383
13402, 2017-04-11 10:00:00, 0.821364
13403, 2017-04-11 11:00:00, 0.816393
13404, 2017-04-11 12:00:00, 0.811469
13405, 2017-04-11 13:00:00, 0.806592
13406, 2017-04-11 14:00:00, 0.80176
13407, 2017-04-11 15:00:00, 0.796974
13408, 2017-04-11 16:00:00, 0.792232
13409, 2017-04-11 17:00:00, 0.787534
13410, 2017-04-11 18:00:00, 0.78288
13411, 2017-04-11 19:00:00, 0.778268
13412, 2017-04-11 20:00:00, 0.773698
13413, 2017-04-11 21:00:00, 0.76917
13414, 2017-04-11 22:00:00, 0.764684
13415, 2017-04-11 23:00:00, 0.760237
13416, 2017-04-12 00:00:00, 0.755831
13417, 2017-04-12 01:00:00, 0.751464
13418, 2017-04-12 02:00:00, 0.747137
13419, 2017-04-12 03:00:00, 0.742847
13420, 2017-04-12 04:00:00, 0.738596
13421, 2017-04-12 05:00:00, 0.734382
13422, 2017-04-12 06:00:00, 0.730206
13423, 2017-04-12 07:00:00, 0.726065
13424, 2017-04-12 08:00:00, 0.721961
13425, 2017-04-12 09:00:00, 0.717893
13426, 2017-04-12 10:00:00, 0.713859
13427, 2017-04-12 11:00:00, 0.709861
13428, 2017-04-12 12:00:00, 0.705896
13429, 2017-04-12 13:00:00, 0.701966
13430, 2017-04-12 14:00:00, 0.698069
13431, 2017-04-12 15:00:00, 0.694205
13432, 2017-04-12 16:00:00, 0.690373
13433, 2017-04-12 17:00:00, 0.686574
13434, 2017-04-12 18:00:00, 0.682807
13435, 2017-04-12 19:00:00, 0.679071
13436, 2017-04-12 20:00:00, 0.675366
13437, 2017-04-12 21:00:00, 0.671692
13438, 2017-04-12 22:00:00, 0.668048
13439, 2017-04-12 23:00:00, 0.664434
13440, 2017-04-13 00:00:00, 0.66085
13441, 2017-04-13 01:00:00, 0.657295
13442, 2017-04-13 02:00:00, 0.653769
13443, 2017-04-13 03:00:00, 0.650271
13444, 2017-04-13 04:00:00, 0.646802
13445, 2017-04-13 05:00:00, 0.643361
13446, 2017-04-13 06:00:00, 0.639947
13447, 2017-04-13 07:00:00, 0.63656
13448, 2017-04-13 08:00:00, 0.633201
13449, 2017-04-13 09:00:00, 0.629868
13450, 2017-04-13 10:00:00, 0.626561
13451, 2017-04-13 11:00:00, 0.623281
13452, 2017-04-13 12:00:00, 0.620026
13453, 2017-04-13 13:00:00, 0.616796
13454, 2017-04-13 14:00:00, 0.613592
13455, 2017-04-13 15:00:00, 0.610413
13456, 2017-04-13 16:00:00, 0.607258
13457, 2017-04-13 17:00:00, 0.604128
13458, 2017-04-13 18:00:00, 0.601021
13459, 2017-04-13 19:00:00, 0.597939
13460, 2017-04-13 20:00:00, 0.594879
13461, 2017-04-13 21:00:00, 0.591844
13462, 2017-04-13 22:00:00, 0.588831
13463, 2017-04-13 23:00:00, 0.585841
13464, 2017-04-14 00:00:00, 0.582873
13465, 2017-04-14 01:00:00, 0.579928
13466, 2017-04-14 02:00:00, 0.577005
13467, 2017-04-14 03:00:00, 0.574103
13468, 2017-04-14 04:00:00, 0.571224
13469, 2017-04-14 05:00:00, 0.568365
13470, 2017-04-14 06:00:00, 0.565528
13471, 2017-04-14 07:00:00, 0.562711
13472, 2017-04-14 08:00:00, 0.559915
13473, 2017-04-14 09:00:00, 0.55714
13474, 2017-04-14 10:00:00, 0.554385
13475, 2017-04-14 11:00:00, 0.551649
13476, 2017-04-14 12:00:00, 0.548934
13477, 2017-04-14 13:00:00, 0.546238
13478, 2017-04-14 14:00:00, 0.543562
13479, 2017-04-14 15:00:00, 0.540905
13480, 2017-04-14 16:00:00, 0.538266
13481, 2017-04-14 17:00:00, 0.535647
13482, 2017-04-14 18:00:00, 0.533046
13483, 2017-04-14 19:00:00, 0.530464
13484, 2017-04-14 20:00:00, 0.5279
13485, 2017-04-14 21:00:00, 0.525354
13486, 2017-04-14 22:00:00, 0.522826
13487, 2017-04-14 23:00:00, 0.520315
13488, 2017-04-15 00:00:00, 0.517822
13489, 2017-04-15 01:00:00, 0.515347
13490, 2017-04-15 02:00:00, 0.512888
13491, 2017-04-15 03:00:00, 0.510447
13492, 2017-04-15 04:00:00, 0.508022
13493, 2017-04-15 05:00:00, 0.505614
13494, 2017-04-15 06:00:00, 0.503223
13495, 2017-04-15 07:00:00, 0.500848
13496, 2017-04-15 08:00:00, 0.498489
13497, 2017-04-15 09:00:00, 0.496146
13498, 2017-04-15 10:00:00, 0.493819
13499, 2017-04-15 11:00:00, 0.491508
13500, 2017-04-15 12:00:00, 0.489212
13501, 2017-04-15 13:00:00, 0.486932
13502, 2017-04-15 14:00:00, 0.484667
13503, 2017-04-15 15:00:00, 0.482417
13504, 2017-04-15 16:00:00, 0.480182
13505, 2017-04-15 17:00:00, 0.477962
13506, 2017-04-15 18:00:00, 0.475757
13507, 2017-04-15 19:00:00, 0.473566
13508, 2017-04-15 20:00:00, 0.47139
13509, 2017-04-15 21:00:00, 0.469228
13510, 2017-04-15 22:00:00, 0.46708
13511, 2017-04-15 23:00:00, 0.464946
13512, 2017-04-16 00:00:00, 0.464054
13513, 2017-04-16 01:00:00, 0.46197
13514, 2017-04-16 02:00:00, 0.459388
13515, 2017-04-16 03:00:00, 0.4568
13516, 2017-04-16 04:00:00, 0.454482
13517, 2017-04-16 05:00:00, 0.45243
13518, 2017-04-16 06:00:00, 0.450391
13519, 2017-04-16 07:00:00, 0.448365
13520, 2017-04-16 08:00:00, 0.446351
13521, 2017-04-16 09:00:00, 0.444351
13522, 2017-04-16 10:00:00, 0.442363
13523, 2017-04-16 11:00:00, 0.440388
13524, 2017-04-16 12:00:00, 0.438425
13525, 2017-04-16 13:00:00, 0.436475
13526, 2017-04-16 14:00:00, 0.434536
13527, 2017-04-16 15:00:00, 0.43261
13528, 2017-04-16 16:00:00, 0.430696
13529, 2017-04-16 17:00:00, 0.428794
13530, 2017-04-16 18:00:00, 0.426904
13531, 2017-04-16 19:00:00, 0.425025
13532, 2017-04-16 20:00:00, 0.423158
13533, 2017-04-16 21:00:00, 0.421303
13534, 2017-04-16 22:00:00, 0.419459
13535, 2017-04-16 23:00:00, 0.417626
13536, 2017-04-17 00:00:00, 0.415804
13537, 2017-04-17 01:00:00, 0.424104
13538, 2017-04-17 02:00:00, 0.419614
13539, 2017-04-17 03:00:00, 0.415366
13540, 2017-04-17 04:00:00, 0.409655
13541, 2017-04-17 05:00:00, 0.406861
13542, 2017-04-17 06:00:00, 0.405105
13543, 2017-04-17 07:00:00, 0.403359
13544, 2017-04-17 08:00:00, 0.401624
13545, 2017-04-17 09:00:00, 0.399899
13546, 2017-04-17 10:00:00, 0.398184
13547, 2017-04-17 11:00:00, 0.39648
13548, 2017-04-17 12:00:00, 0.394786
13549, 2017-04-17 13:00:00, 0.393101
13550, 2017-04-17 14:00:00, 0.391427
13551, 2017-04-17 15:00:00, 0.389763
13552, 2017-04-17 16:00:00, 0.388108
13553, 2017-04-17 17:00:00, 0.386463
13554, 2017-04-17 18:00:00, 0.384828
13555, 2017-04-17 19:00:00, 0.383202
13556, 2017-04-17 20:00:00, 0.381586
13557, 2017-04-17 21:00:00, 0.379979
13558, 2017-04-17 22:00:00, 0.378381
13559, 2017-04-17 23:00:00, 0.376793
13560, 2017-04-18 00:00:00, 0.375214
13561, 2017-04-18 01:00:00, 0.373644
13562, 2017-04-18 02:00:00, 0.372082
13563, 2017-04-18 03:00:00, 0.37053
13564, 2017-04-18 04:00:00, 0.368987
13565, 2017-04-18 05:00:00, 0.367453
13566, 2017-04-18 06:00:00, 0.365927
13567, 2017-04-18 07:00:00, 0.36441
13568, 2017-04-18 08:00:00, 0.362902
13569, 2017-04-18 09:00:00, 0.361402
13570, 2017-04-18 10:00:00, 0.35991
13571, 2017-04-18 11:00:00, 0.358427
13572, 2017-04-18 12:00:00, 0.356953
13573, 2017-04-18 13:00:00, 0.355486
13574, 2017-04-18 14:00:00, 0.354028
13575, 2017-04-18 15:00:00, 0.352578
13576, 2017-04-18 16:00:00, 0.351136
13577, 2017-04-18 17:00:00, 0.349702
13578, 2017-04-18 18:00:00, 0.348276
13579, 2017-04-18 19:00:00, 0.346858
13580, 2017-04-18 20:00:00, 0.345447
13581, 2017-04-18 21:00:00, 0.344045
13582, 2017-04-18 22:00:00, 0.34265
13583, 2017-04-18 23:00:00, 0.341263
13584, 2017-04-19 00:00:00, 0.339883
13585, 2017-04-19 01:00:00, 0.338511
13586, 2017-04-19 02:00:00, 0.337147
13587, 2017-04-19 03:00:00, 0.33579
13588, 2017-04-19 04:00:00, 0.33444
13589, 2017-04-19 05:00:00, 0.333097
13590, 2017-04-19 06:00:00, 0.331762
13591, 2017-04-19 07:00:00, 0.330434
13592, 2017-04-19 08:00:00, 0.329113
13593, 2017-04-19 09:00:00, 0.3278
13594, 2017-04-19 10:00:00, 0.326493
13595, 2017-04-19 11:00:00, 0.325193
13596, 2017-04-19 12:00:00, 0.3239
13597, 2017-04-19 13:00:00, 0.322614
13598, 2017-04-19 14:00:00, 0.321335
13599, 2017-04-19 15:00:00, 0.320063
13600, 2017-04-19 16:00:00, 0.318798
13601, 2017-04-19 17:00:00, 0.317539
13602, 2017-04-19 18:00:00, 0.316287
13603, 2017-04-19 19:00:00, 0.315041
13604, 2017-04-19 20:00:00, 0.313802
13605, 2017-04-19 21:00:00, 0.312569
13606, 2017-04-19 22:00:00, 0.311445
13607, 2017-04-19 23:00:00, 0.315356
13608, 2017-04-20 00:00:00, 0.314248
13609, 2017-04-20 01:00:00, 0.310969
13610, 2017-04-20 02:00:00, 0.307638
13611, 2017-04-20 03:00:00, 0.305344
13612, 2017-04-20 04:00:00, 0.304136
13613, 2017-04-20 05:00:00, 0.30361
13614, 2017-04-20 06:00:00, 0.307
13615, 2017-04-20 07:00:00, 0.303172
13616, 2017-04-20 08:00:00, 0.301263
13617, 2017-04-20 09:00:00, 0.298303
13618, 2017-04-20 10:00:00, 0.297117
13619, 2017-04-20 11:00:00, 0.29597
13620, 2017-04-20 12:00:00, 0.295678
13621, 2017-04-20 13:00:00, 0.294081
13622, 2017-04-20 14:00:00, 0.292875
13623, 2017-04-20 15:00:00, 0.291443
13624, 2017-04-20 16:00:00, 0.290326
13625, 2017-04-20 17:00:00, 0.289214
13626, 2017-04-20 18:00:00, 0.288107
13627, 2017-04-20 19:00:00, 0.287007
13628, 2017-04-20 20:00:00, 0.285912
13629, 2017-04-20 21:00:00, 0.284822
13630, 2017-04-20 22:00:00, 0.283738
13631, 2017-04-20 23:00:00, 0.282659
13632, 2017-04-21 00:00:00, 0.281585
13633, 2017-04-21 01:00:00, 0.280517
13634, 2017-04-21 02:00:00, 0.279454
13635, 2017-04-21 03:00:00, 0.278397
13636, 2017-04-21 04:00:00, 0.277344
13637, 2017-04-21 05:00:00, 0.276297
13638, 2017-04-21 06:00:00, 0.276232
13639, 2017-04-21 07:00:00, 0.275808
13640, 2017-04-21 08:00:00, 0.276353
13641, 2017-04-21 09:00:00, 0.273627
13642, 2017-04-21 10:00:00, 0.272211
13643, 2017-04-21 11:00:00, 0.290433
13644, 2017-04-21 12:00:00, 0.3689
13645, 2017-04-21 13:00:00, 0.318842
13646, 2017-04-21 14:00:00, 0.30104
13647, 2017-04-21 15:00:00, 0.267103
13648, 2017-04-21 16:00:00, 0.265195
13649, 2017-04-21 17:00:00, 0.264191
13650, 2017-04-21 18:00:00, 0.263142
13651, 2017-04-21 19:00:00, 0.262164
13652, 2017-04-21 20:00:00, 0.261261
13653, 2017-04-21 21:00:00, 0.260267
13654, 2017-04-21 22:00:00, 0.259454
13655, 2017-04-21 23:00:00, 0.258379
13656, 2017-04-22 00:00:00, 0.257616
13657, 2017-04-22 01:00:00, 0.256561
13658, 2017-04-22 02:00:00, 0.255753
13659, 2017-04-22 03:00:00, 0.254622
13660, 2017-04-22 04:00:00, 0.253642
13661, 2017-04-22 05:00:00, 0.25304
13662, 2017-04-22 06:00:00, 0.251894
13663, 2017-04-22 07:00:00, 0.250934
13664, 2017-04-22 08:00:00, 0.249869
13665, 2017-04-22 09:00:00, 0.248954
13666, 2017-04-22 10:00:00, 0.248044
13667, 2017-04-22 11:00:00, 0.247138
13668, 2017-04-22 12:00:00, 0.246236
13669, 2017-04-22 13:00:00, 0.245338
13670, 2017-04-22 14:00:00, 0.244445
13671, 2017-04-22 15:00:00, 0.245993
13672, 2017-04-22 16:00:00, 0.244081
13673, 2017-04-22 17:00:00, 0.247864
13674, 2017-04-22 18:00:00, 0.243342
13675, 2017-04-22 19:00:00, 0.241887
13676, 2017-04-22 20:00:00, 0.239179
13677, 2017-04-22 21:00:00, 0.238306
13678, 2017-04-22 22:00:00, 0.237445
13679, 2017-04-22 23:00:00, 0.236588
13680, 2017-04-23 00:00:00, 0.235735
13681, 2017-04-23 01:00:00, 0.234886
13682, 2017-04-23 02:00:00, 0.234041
13683, 2017-04-23 03:00:00, 0.2332
13684, 2017-04-23 04:00:00, 0.232362
13685, 2017-04-23 05:00:00, 0.231528
13686, 2017-04-23 06:00:00, 0.230699
13687, 2017-04-23 07:00:00, 0.229873
13688, 2017-04-23 08:00:00, 0.22905
13689, 2017-04-23 09:00:00, 0.228232
13690, 2017-04-23 10:00:00, 0.227417
13691, 2017-04-23 11:00:00, 0.226606
13692, 2017-04-23 12:00:00, 0.225798
13693, 2017-04-23 13:00:00, 0.224994
13694, 2017-04-23 14:00:00, 0.224194
13695, 2017-04-23 15:00:00, 0.223397
13696, 2017-04-23 16:00:00, 0.222604
13697, 2017-04-23 17:00:00, 0.221815
13698, 2017-04-23 18:00:00, 0.221029
13699, 2017-04-23 19:00:00, 0.220246
13700, 2017-04-23 20:00:00, 0.219467
13701, 2017-04-23 21:00:00, 0.218692
13702, 2017-04-23 22:00:00, 0.21792
13703, 2017-04-23 23:00:00, 0.217151
13704, 2017-04-24 00:00:00, 0.216386
13705, 2017-04-24 01:00:00, 0.215624
13706, 2017-04-24 02:00:00, 0.214865
13707, 2017-04-24 03:00:00, 0.21411
13708, 2017-04-24 04:00:00, 0.213358
13709, 2017-04-24 05:00:00, 0.21261
13710, 2017-04-24 06:00:00, 0.211865
13711, 2017-04-24 07:00:00, 0.211123
13712, 2017-04-24 08:00:00, 0.210384
13713, 2017-04-24 09:00:00, 0.209648
13714, 2017-04-24 10:00:00, 0.208916
13715, 2017-04-24 11:00:00, 0.208187
13716, 2017-04-24 12:00:00, 0.207461
13717, 2017-04-24 13:00:00, 0.206739
13718, 2017-04-24 14:00:00, 0.206019
13719, 2017-04-24 15:00:00, 0.205302
13720, 2017-04-24 16:00:00, 0.204589
13721, 2017-04-24 17:00:00, 0.203879
13722, 2017-04-24 18:00:00, 0.203172
13723, 2017-04-24 19:00:00, 0.202468
13724, 2017-04-24 20:00:00, 0.201766
13725, 2017-04-24 21:00:00, 0.201068
13726, 2017-04-24 22:00:00, 0.200373
13727, 2017-04-24 23:00:00, 0.199681
13728, 2017-04-25 00:00:00, 0.198992
13729, 2017-04-25 01:00:00, 0.198306
13730, 2017-04-25 02:00:00, 0.197623
13731, 2017-04-25 03:00:00, 0.196942
13732, 2017-04-25 04:00:00, 0.196265
13733, 2017-04-25 05:00:00, 0.19559
13734, 2017-04-25 06:00:00, 0.194919
13735, 2017-04-25 07:00:00, 0.194635
13736, 2017-04-25 08:00:00, 0.193759
13737, 2017-04-25 09:00:00, 0.193061
13738, 2017-04-25 10:00:00, 0.194976
13739, 2017-04-25 11:00:00, 0.194122
13740, 2017-04-25 12:00:00, 0.193918
13741, 2017-04-25 13:00:00, 0.191402
13742, 2017-04-25 14:00:00, 0.190299
13743, 2017-04-25 15:00:00, 0.189066
13744, 2017-04-25 16:00:00, 0.188408
13745, 2017-04-25 17:00:00, 0.18772
13746, 2017-04-25 18:00:00, 0.187172
13747, 2017-04-25 19:00:00, 0.19766
13748, 2017-04-25 20:00:00, 0.203292
13749, 2017-04-25 21:00:00, 0.199186
13750, 2017-04-25 22:00:00, 0.192873
13751, 2017-04-25 23:00:00, 0.186494
13752, 2017-04-26 00:00:00, 0.184048
13753, 2017-04-26 01:00:00, 0.183025
13754, 2017-04-26 02:00:00, 0.185566
13755, 2017-04-26 03:00:00, 0.186668
13756, 2017-04-26 04:00:00, 0.272879
13757, 2017-04-26 05:00:00, 0.223458
13758, 2017-04-26 06:00:00, 0.235859
13759, 2017-04-26 07:00:00, 0.25147
13760, 2017-04-26 08:00:00, 0.234193
13761, 2017-04-26 09:00:00, 0.214832
13762, 2017-04-26 10:00:00, 0.186943
13763, 2017-04-26 11:00:00, 0.178958
13764, 2017-04-26 12:00:00, 0.177504
13765, 2017-04-26 13:00:00, 0.176145
13766, 2017-04-26 14:00:00, 0.177004
13767, 2017-04-26 15:00:00, 0.175059
13768, 2017-04-26 16:00:00, 0.179586
13769, 2017-04-26 17:00:00, 0.175519
13770, 2017-04-26 18:00:00, 0.174445
13771, 2017-04-26 19:00:00, 0.171947
13772, 2017-04-26 20:00:00, 0.171374
13773, 2017-04-26 21:00:00, 0.170803
13774, 2017-04-26 22:00:00, 0.170234
13775, 2017-04-26 23:00:00, 0.169668
13776, 2017-04-27 00:00:00, 0.169103
13777, 2017-04-27 01:00:00, 0.168541
13778, 2017-04-27 02:00:00, 0.167982
13779, 2017-04-27 03:00:00, 0.167424
13780, 2017-04-27 04:00:00, 0.166869
13781, 2017-04-27 05:00:00, 0.166316
13782, 2017-04-27 06:00:00, 0.165765
13783, 2017-04-27 07:00:00, 0.165216
13784, 2017-04-27 08:00:00, 0.16467
13785, 2017-04-27 09:00:00, 0.164126
13786, 2017-04-27 10:00:00, 0.163584
13787, 2017-04-27 11:00:00, 0.163044
13788, 2017-04-27 12:00:00, 0.162506
13789, 2017-04-27 13:00:00, 0.16197
13790, 2017-04-27 14:00:00, 0.161437
13791, 2017-04-27 15:00:00, 0.160905
13792, 2017-04-27 16:00:00, 0.160376
13793, 2017-04-27 17:00:00, 0.159849
13794, 2017-04-27 18:00:00, 0.159324
13795, 2017-04-27 19:00:00, 0.158801
13796, 2017-04-27 20:00:00, 0.15828
13797, 2017-04-27 21:00:00, 0.157761
13798, 2017-04-27 22:00:00, 0.157244
13799, 2017-04-27 23:00:00, 0.156729
13800, 2017-04-28 00:00:00, 0.156217
13801, 2017-04-28 01:00:00, 0.155706
13802, 2017-04-28 02:00:00, 0.155197
13803, 2017-04-28 03:00:00, 0.15469
13804, 2017-04-28 04:00:00, 0.154186
13805, 2017-04-28 05:00:00, 0.153683
13806, 2017-04-28 06:00:00, 0.153182
13807, 2017-04-28 07:00:00, 0.152683
13808, 2017-04-28 08:00:00, 0.152186
13809, 2017-04-28 09:00:00, 0.151691
13810, 2017-04-28 10:00:00, 0.151199
13811, 2017-04-28 11:00:00, 0.151225
13812, 2017-04-28 12:00:00, 0.150453
13813, 2017-04-28 13:00:00, 0.149918
13814, 2017-04-28 14:00:00, 0.149244
13815, 2017-04-28 15:00:00, 0.148761
13816, 2017-04-28 16:00:00, 0.148279
13817, 2017-04-28 17:00:00, 0.147799
13818, 2017-04-28 18:00:00, 0.147321
13819, 2017-04-28 19:00:00, 0.146845
13820, 2017-04-28 20:00:00, 0.146371
13821, 2017-04-28 21:00:00, 0.145898
13822, 2017-04-28 22:00:00, 0.145427
13823, 2017-04-28 23:00:00, 0.144958
13824, 2017-04-29 00:00:00, 0.144491
13825, 2017-04-29 01:00:00, 0.144026
13826, 2017-04-29 02:00:00, 0.143562
13827, 2017-04-29 03:00:00, 0.1431
13828, 2017-04-29 04:00:00, 0.14264
13829, 2017-04-29 05:00:00, 0.142182
13830, 2017-04-29 06:00:00, 0.141726
13831, 2017-04-29 07:00:00, 0.141271
13832, 2017-04-29 08:00:00, 0.140818
13833, 2017-04-29 09:00:00, 0.140366
13834, 2017-04-29 10:00:00, 0.139917
13835, 2017-04-29 11:00:00, 0.139469
13836, 2017-04-29 12:00:00, 0.139022
13837, 2017-04-29 13:00:00, 0.138578
13838, 2017-04-29 14:00:00, 0.138135
13839, 2017-04-29 15:00:00, 0.137694
13840, 2017-04-29 16:00:00, 0.137254
13841, 2017-04-29 17:00:00, 0.136816
13842, 2017-04-29 18:00:00, 0.13638
13843, 2017-04-29 19:00:00, 0.135945
13844, 2017-04-29 20:00:00, 0.135512
13845, 2017-04-29 21:00:00, 0.135081
13846, 2017-04-29 22:00:00, 0.134651
13847, 2017-04-29 23:00:00, 0.134223
13848, 2017-04-30 00:00:00, 0.133797
13849, 2017-04-30 01:00:00, 0.133372
13850, 2017-04-30 02:00:00, 0.132948
13851, 2017-04-30 03:00:00, 0.132527
13852, 2017-04-30 04:00:00, 0.132106
13853, 2017-04-30 05:00:00, 0.131688
13854, 2017-04-30 06:00:00, 0.131271
13855, 2017-04-30 07:00:00, 0.130855
13856, 2017-04-30 08:00:00, 0.130441
13857, 2017-04-30 09:00:00, 0.130029
13858, 2017-04-30 10:00:00, 0.129618
13859, 2017-04-30 11:00:00, 0.129208
13860, 2017-04-30 12:00:00, 0.128801
13861, 2017-04-30 13:00:00, 0.128394
13862, 2017-04-30 14:00:00, 0.127989
13863, 2017-04-30 15:00:00, 0.127586
13864, 2017-04-30 16:00:00, 0.127184
13865, 2017-04-30 17:00:00, 0.126784
13866, 2017-04-30 18:00:00, 0.127465
13867, 2017-04-30 19:00:00, 0.126478
13868, 2017-04-30 20:00:00, 0.125984
13869, 2017-04-30 21:00:00, 0.125197
13870, 2017-04-30 22:00:00, 0.124803
13871, 2017-04-30 23:00:00, 0.124412
13872, 2017-05-01 00:00:00, 0.124021
13873, 2017-05-01 01:00:00, 0.123633
13874, 2017-05-01 02:00:00, 0.123245
13875, 2017-05-01 03:00:00, 0.122859
13876, 2017-05-01 04:00:00, 0.122475
13877, 2017-05-01 05:00:00, 0.122091
13878, 2017-05-01 06:00:00, 0.12171
13879, 2017-05-01 07:00:00, 0.121329
13880, 2017-05-01 08:00:00, 0.12095
13881, 2017-05-01 09:00:00, 0.120573
13882, 2017-05-01 10:00:00, 0.120196
13883, 2017-05-01 11:00:00, 0.119821
13884, 2017-05-01 12:00:00, 0.119448
13885, 2017-05-01 13:00:00, 0.119076
13886, 2017-05-01 14:00:00, 0.118705
13887, 2017-05-01 15:00:00, 0.118335
13888, 2017-05-01 16:00:00, 0.117967
13889, 2017-05-01 17:00:00, 0.1176
13890, 2017-05-01 18:00:00, 0.117235
13891, 2017-05-01 19:00:00, 0.11687
13892, 2017-05-01 20:00:00, 0.116507
13893, 2017-05-01 21:00:00, 0.116146
13894, 2017-05-01 22:00:00, 0.115786
13895, 2017-05-01 23:00:00, 0.115427
13896, 2017-05-02 00:00:00, 0.115069
13897, 2017-05-02 01:00:00, 0.114712
13898, 2017-05-02 02:00:00, 0.114357
13899, 2017-05-02 03:00:00, 0.114003
13900, 2017-05-02 04:00:00, 0.113651
13901, 2017-05-02 05:00:00, 0.113299
13902, 2017-05-02 06:00:00, 0.112951
13903, 2017-05-02 07:00:00, 0.112601
13904, 2017-05-02 08:00:00, 0.113015
13905, 2017-05-02 09:00:00, 0.134907
13906, 2017-05-02 10:00:00, 0.136626
13907, 2017-05-02 11:00:00, 0.127901
13908, 2017-05-02 12:00:00, 0.117329
13909, 2017-05-02 13:00:00, 0.111364
13910, 2017-05-02 14:00:00, 0.110316
13911, 2017-05-02 15:00:00, 0.109853
13912, 2017-05-02 16:00:00, 0.109515
13913, 2017-05-02 17:00:00, 0.109179
13914, 2017-05-02 18:00:00, 0.108843
13915, 2017-05-02 19:00:00, 0.10913
13916, 2017-05-02 20:00:00, 0.108458
13917, 2017-05-02 21:00:00, 0.10807
13918, 2017-05-02 22:00:00, 0.107513
13919, 2017-05-02 23:00:00, 0.107183
13920, 2017-05-03 00:00:00, 0.106855
13921, 2017-05-03 01:00:00, 0.106527
13922, 2017-05-03 02:00:00, 0.106201
13923, 2017-05-03 03:00:00, 0.105876
13924, 2017-05-03 04:00:00, 0.105552
13925, 2017-05-03 05:00:00, 0.105229
13926, 2017-05-03 06:00:00, 0.104908
13927, 2017-05-03 07:00:00, 0.104587
13928, 2017-05-03 08:00:00, 0.104268
13929, 2017-05-03 09:00:00, 0.103949
13930, 2017-05-03 10:00:00, 0.103632
13931, 2017-05-03 11:00:00, 0.103316
13932, 2017-05-03 12:00:00, 0.103001
13933, 2017-05-03 13:00:00, 0.102687
13934, 2017-05-03 14:00:00, 0.102374
13935, 2017-05-03 15:00:00, 0.102063
13936, 2017-05-03 16:00:00, 0.101752
13937, 2017-05-03 17:00:00, 0.101443
13938, 2017-05-03 18:00:00, 0.101134
13939, 2017-05-03 19:00:00, 0.100827
13940, 2017-05-03 20:00:00, 0.10052
13941, 2017-05-03 21:00:00, 0.100215
13942, 2017-05-03 22:00:00, 0.0999109
13943, 2017-05-03 23:00:00, 0.0996077
13944, 2017-05-04 00:00:00, 0.0993055
13945, 2017-05-04 01:00:00, 0.0990044
13946, 2017-05-04 02:00:00, 0.0987044
13947, 2017-05-04 03:00:00, 0.0984054
13948, 2017-05-04 04:00:00, 0.0981074
13949, 2017-05-04 05:00:00, 0.0978104
13950, 2017-05-04 06:00:00, 0.0975145
13951, 2017-05-04 07:00:00, 0.0972195
13952, 2017-05-04 08:00:00, 0.0969256
13953, 2017-05-04 09:00:00, 0.0966327
13954, 2017-05-04 10:00:00, 0.0963408
13955, 2017-05-04 11:00:00, 0.0960499
13956, 2017-05-04 12:00:00, 0.09576
13957, 2017-05-04 13:00:00, 0.095471
13958, 2017-05-04 14:00:00, 0.0951831
13959, 2017-05-04 15:00:00, 0.0948961
13960, 2017-05-04 16:00:00, 0.0946102
13961, 2017-05-04 17:00:00, 0.0943252
13962, 2017-05-04 18:00:00, 0.0940411
13963, 2017-05-04 19:00:00, 0.0937581
13964, 2017-05-04 20:00:00, 0.093476
13965, 2017-05-04 21:00:00, 0.0931948
13966, 2017-05-04 22:00:00, 0.0929146
13967, 2017-05-04 23:00:00, 0.0926354
13968, 2017-05-05 00:00:00, 0.0923571
13969, 2017-05-05 01:00:00, 0.0920798
13970, 2017-05-05 02:00:00, 0.0918034
13971, 2017-05-05 03:00:00, 0.0915279
13972, 2017-05-05 04:00:00, 0.0912534
13973, 2017-05-05 05:00:00, 0.0909797
13974, 2017-05-05 06:00:00, 0.0907071
13975, 2017-05-05 07:00:00, 0.0904353
13976, 2017-05-05 08:00:00, 0.0901644
13977, 2017-05-05 09:00:00, 0.0898945
13978, 2017-05-05 10:00:00, 0.0896255
13979, 2017-05-05 11:00:00, 0.0895265
13980, 2017-05-05 12:00:00, 0.089167
13981, 2017-05-05 13:00:00, 0.0888853
13982, 2017-05-05 14:00:00, 0.0885584
13983, 2017-05-05 15:00:00, 0.0882939
13984, 2017-05-05 16:00:00, 0.0882195
13985, 2017-05-05 17:00:00, 0.0924111
13986, 2017-05-05 18:00:00, 0.195225
13987, 2017-05-05 19:00:00, 1.50766
13988, 2017-05-05 20:00:00, 1.86835
13989, 2017-05-05 21:00:00, 1.95214
13990, 2017-05-05 22:00:00, 0.889338
13991, 2017-05-05 23:00:00, 0.402243
13992, 2017-05-06 00:00:00, 0.0894129
13993, 2017-05-06 01:00:00, 0.0865646
13994, 2017-05-06 02:00:00, 0.0864895
13995, 2017-05-06 03:00:00, 0.0855449
13996, 2017-05-06 04:00:00, 0.0852202
13997, 2017-05-06 05:00:00, 0.0846822
13998, 2017-05-06 06:00:00, 0.0845748
13999, 2017-05-06 07:00:00, 0.0842458
14000, 2017-05-06 08:00:00, 0.0839832
14001, 2017-05-06 09:00:00, 0.159818
14002, 2017-05-06 10:00:00, 0.118448
14003, 2017-05-06 11:00:00, 0.111057
14004, 2017-05-06 12:00:00, 0.0833285
14005, 2017-05-06 13:00:00, 0.0829347
14006, 2017-05-06 14:00:00, 0.0825955
14007, 2017-05-06 15:00:00, 0.0822515
14008, 2017-05-06 16:00:00, 0.0819711
14009, 2017-05-06 17:00:00, 0.0817225
14010, 2017-05-06 18:00:00, 0.0814797
14011, 2017-05-06 19:00:00, 0.0812347
14012, 2017-05-06 20:00:00, 0.0809946
14013, 2017-05-06 21:00:00, 0.0807552
14014, 2017-05-06 22:00:00, 0.0805166
14015, 2017-05-06 23:00:00, 0.0802788
14016, 2017-05-07 00:00:00, 0.0800418
14017, 2017-05-07 01:00:00, 0.0798055
14018, 2017-05-07 02:00:00, 0.07957
14019, 2017-05-07 03:00:00, 0.0793353
14020, 2017-05-07 04:00:00, 0.0791014
14021, 2017-05-07 05:00:00, 0.0788683
14022, 2017-05-07 06:00:00, 0.0786359
14023, 2017-05-07 07:00:00, 0.0784042
14024, 2017-05-07 08:00:00, 0.0781733
14025, 2017-05-07 09:00:00, 0.0779432
14026, 2017-05-07 10:00:00, 0.0777139
14027, 2017-05-07 11:00:00, 0.0774852
14028, 2017-05-07 12:00:00, 0.0772574
14029, 2017-05-07 13:00:00, 0.0770302
14030, 2017-05-07 14:00:00, 0.0768038
14031, 2017-05-07 15:00:00, 0.0765782
14032, 2017-05-07 16:00:00, 0.0763533
14033, 2017-05-07 17:00:00, 0.0761291
14034, 2017-05-07 18:00:00, 0.0759056
14035, 2017-05-07 19:00:00, 0.0756829
14036, 2017-05-07 20:00:00, 0.0754609
14037, 2017-05-07 21:00:00, 0.0752396
14038, 2017-05-07 22:00:00, 0.075019
14039, 2017-05-07 23:00:00, 0.0747992
14040, 2017-05-08 00:00:00, 0.0745801
14041, 2017-05-08 01:00:00, 0.0743616
14042, 2017-05-08 02:00:00, 0.0741439
14043, 2017-05-08 03:00:00, 0.0739269
14044, 2017-05-08 04:00:00, 0.0737106
14045, 2017-05-08 05:00:00, 0.073495
14046, 2017-05-08 06:00:00, 0.0732801
14047, 2017-05-08 07:00:00, 0.0730658
14048, 2017-05-08 08:00:00, 0.0728523
14049, 2017-05-08 09:00:00, 0.0726395
14050, 2017-05-08 10:00:00, 0.0724273
14051, 2017-05-08 11:00:00, 0.0722158
14052, 2017-05-08 12:00:00, 0.0720051
14053, 2017-05-08 13:00:00, 0.0717949
14054, 2017-05-08 14:00:00, 0.0715855
14055, 2017-05-08 15:00:00, 0.0713768
14056, 2017-05-08 16:00:00, 0.0711687
14057, 2017-05-08 17:00:00, 0.0709612
14058, 2017-05-08 18:00:00, 0.0707545
14059, 2017-05-08 19:00:00, 0.0705484
14060, 2017-05-08 20:00:00, 0.070343
14061, 2017-05-08 21:00:00, 0.0701382
14062, 2017-05-08 22:00:00, 0.0699341
14063, 2017-05-08 23:00:00, 0.0697306
14064, 2017-05-09 00:00:00, 0.0695278
14065, 2017-05-09 01:00:00, 0.0693256
14066, 2017-05-09 02:00:00, 0.0691241
14067, 2017-05-09 03:00:00, 0.0689232
14068, 2017-05-09 04:00:00, 0.068723
14069, 2017-05-09 05:00:00, 0.0685234
14070, 2017-05-09 06:00:00, 0.0683245
14071, 2017-05-09 07:00:00, 0.0681261
14072, 2017-05-09 08:00:00, 0.0679285
14073, 2017-05-09 09:00:00, 0.0677314
14074, 2017-05-09 10:00:00, 0.067535
14075, 2017-05-09 11:00:00, 0.0673392
14076, 2017-05-09 12:00:00, 0.067144
14077, 2017-05-09 13:00:00, 0.0669494
14078, 2017-05-09 14:00:00, 0.0667555
14079, 2017-05-09 15:00:00, 0.0665621
14080, 2017-05-09 16:00:00, 0.0663694
14081, 2017-05-09 17:00:00, 0.0661773
14082, 2017-05-09 18:00:00, 0.0659858
14083, 2017-05-09 19:00:00, 0.0658235
14084, 2017-05-09 20:00:00, 0.0656176
14085, 2017-05-09 21:00:00, 0.0654254
14086, 2017-05-09 22:00:00, 0.0652259
14087, 2017-05-09 23:00:00, 0.0650374
14088, 2017-05-10 00:00:00, 0.0648495
14089, 2017-05-10 01:00:00, 0.0646622
14090, 2017-05-10 02:00:00, 0.0644755
14091, 2017-05-10 03:00:00, 0.0642894
14092, 2017-05-10 04:00:00, 0.0641039
14093, 2017-05-10 05:00:00, 0.0639189
14094, 2017-05-10 06:00:00, 0.0637346
14095, 2017-05-10 07:00:00, 0.0635508
14096, 2017-05-10 08:00:00, 0.0633676
14097, 2017-05-10 09:00:00, 0.063185
14098, 2017-05-10 10:00:00, 0.0630029
14099, 2017-05-10 11:00:00, 0.0628215
14100, 2017-05-10 12:00:00, 0.0626406
14101, 2017-05-10 13:00:00, 0.0624602
14102, 2017-05-10 14:00:00, 0.0622805
14103, 2017-05-10 15:00:00, 0.0621013
14104, 2017-05-10 16:00:00, 0.0619226
14105, 2017-05-10 17:00:00, 0.0617445
14106, 2017-05-10 18:00:00, 0.061567
14107, 2017-05-10 19:00:00, 0.06139
14108, 2017-05-10 20:00:00, 0.0612136
14109, 2017-05-10 21:00:00, 0.0610378
14110, 2017-05-10 22:00:00, 0.0608624
14111, 2017-05-10 23:00:00, 0.0606877
14112, 2017-05-11 00:00:00, 0.0605135
14113, 2017-05-11 01:00:00, 0.0603398
14114, 2017-05-11 02:00:00, 0.0601667
14115, 2017-05-11 03:00:00, 0.0599941
14116, 2017-05-11 04:00:00, 0.059822
14117, 2017-05-11 05:00:00, 0.0596505
14118, 2017-05-11 06:00:00, 0.0594795
14119, 2017-05-11 07:00:00, 0.0593091
14120, 2017-05-11 08:00:00, 0.0591391
14121, 2017-05-11 09:00:00, 0.0589697
14122, 2017-05-11 10:00:00, 0.0588009
14123, 2017-05-11 11:00:00, 0.0586325
14124, 2017-05-11 12:00:00, 0.0584647
14125, 2017-05-11 13:00:00, 0.0582974
14126, 2017-05-11 14:00:00, 0.0581307
14127, 2017-05-11 15:00:00, 0.0579644
14128, 2017-05-11 16:00:00, 0.0577987
14129, 2017-05-11 17:00:00, 0.0576334
14130, 2017-05-11 18:00:00, 0.0574687
14131, 2017-05-11 19:00:00, 0.0573045
14132, 2017-05-11 20:00:00, 0.0571408
14133, 2017-05-11 21:00:00, 0.0569776
14134, 2017-05-11 22:00:00, 0.0568149
14135, 2017-05-11 23:00:00, 0.0566527
14136, 2017-05-12 00:00:00, 0.0564911
14137, 2017-05-12 01:00:00, 0.0563299
14138, 2017-05-12 02:00:00, 0.0561692
14139, 2017-05-12 03:00:00, 0.056009
14140, 2017-05-12 04:00:00, 0.0558493
14141, 2017-05-12 05:00:00, 0.0556901
14142, 2017-05-12 06:00:00, 0.0555314
14143, 2017-05-12 07:00:00, 0.0553732
14144, 2017-05-12 08:00:00, 0.0552154
14145, 2017-05-12 09:00:00, 0.0550582
14146, 2017-05-12 10:00:00, 0.0549014
14147, 2017-05-12 11:00:00, 0.0547452
14148, 2017-05-12 12:00:00, 0.0545894
14149, 2017-05-12 13:00:00, 0.054434
14150, 2017-05-12 14:00:00, 0.0542792
14151, 2017-05-12 15:00:00, 0.0541248
14152, 2017-05-12 16:00:00, 0.0539709
14153, 2017-05-12 17:00:00, 0.0538175
14154, 2017-05-12 18:00:00, 0.0536645
14155, 2017-05-12 19:00:00, 0.0535121
14156, 2017-05-12 20:00:00, 0.05336
14157, 2017-05-12 21:00:00, 0.0532085
14158, 2017-05-12 22:00:00, 0.0530574
14159, 2017-05-12 23:00:00, 0.0529068
14160, 2017-05-13 00:00:00, 0.0527566
14161, 2017-05-13 01:00:00, 0.0526069
14162, 2017-05-13 02:00:00, 0.0524577
14163, 2017-05-13 03:00:00, 0.0523089
14164, 2017-05-13 04:00:00, 0.0521605
14165, 2017-05-13 05:00:00, 0.0520127
14166, 2017-05-13 06:00:00, 0.0518652
14167, 2017-05-13 07:00:00, 0.0517182
14168, 2017-05-13 08:00:00, 0.0515717
14169, 2017-05-13 09:00:00, 0.0514256
14170, 2017-05-13 10:00:00, 0.05128
14171, 2017-05-13 11:00:00, 0.0511348
14172, 2017-05-13 12:00:00, 0.05099
14173, 2017-05-13 13:00:00, 0.0508457
14174, 2017-05-13 14:00:00, 0.0507018
14175, 2017-05-13 15:00:00, 0.0505584
14176, 2017-05-13 16:00:00, 0.0504154
14177, 2017-05-13 17:00:00, 0.0515847
14178, 2017-05-13 18:00:00, 0.0802893
14179, 2017-05-13 19:00:00, 0.0663134
14180, 2017-05-13 20:00:00, 0.062326
14181, 2017-05-13 21:00:00, 0.0532848
14182, 2017-05-13 22:00:00, 0.0515232
14183, 2017-05-13 23:00:00, 0.107783
14184, 2017-05-14 00:00:00, 0.076722
14185, 2017-05-14 01:00:00, 0.073922
14186, 2017-05-14 02:00:00, 0.0855144
14187, 2017-05-14 03:00:00, 0.100771
14188, 2017-05-14 04:00:00, 0.248063
14189, 2017-05-14 05:00:00, 0.48303
14190, 2017-05-14 06:00:00, 0.49527
14191, 2017-05-14 07:00:00, 0.35776
14192, 2017-05-14 08:00:00, 0.173979
14193, 2017-05-14 09:00:00, 0.081626
14194, 2017-05-14 10:00:00, 0.050827
14195, 2017-05-14 11:00:00, 0.048322
14196, 2017-05-14 12:00:00, 0.0476467
14197, 2017-05-14 13:00:00, 0.0475124
14198, 2017-05-14 14:00:00, 0.0473769
14199, 2017-05-14 15:00:00, 0.0472435
14200, 2017-05-14 16:00:00, 0.0471104
14201, 2017-05-14 17:00:00, 0.0469778
14202, 2017-05-14 18:00:00, 0.0468456
14203, 2017-05-14 19:00:00, 0.0467138
14204, 2017-05-14 20:00:00, 0.0465825
14205, 2017-05-14 21:00:00, 0.0464515
14206, 2017-05-14 22:00:00, 0.0463209
14207, 2017-05-14 23:00:00, 0.0461907
14208, 2017-05-15 00:00:00, 0.0460609
14209, 2017-05-15 01:00:00, 0.0459315
14210, 2017-05-15 02:00:00, 0.0458024
14211, 2017-05-15 03:00:00, 0.0456738
14212, 2017-05-15 04:00:00, 0.0455455
14213, 2017-05-15 05:00:00, 0.0454177
14214, 2017-05-15 06:00:00, 0.0452902
14215, 2017-05-15 07:00:00, 0.0451631
14216, 2017-05-15 08:00:00, 0.0450401
14217, 2017-05-15 09:00:00, 0.0484608
14218, 2017-05-15 10:00:00, 0.0463986
14219, 2017-05-15 11:00:00, 0.0469657
14220, 2017-05-15 12:00:00, 0.048002
14221, 2017-05-15 13:00:00, 0.0829322
14222, 2017-05-15 14:00:00, 0.0744227
14223, 2017-05-15 15:00:00, 0.0640165
14224, 2017-05-15 16:00:00, 0.0489164
14225, 2017-05-15 17:00:00, 0.0442319
14226, 2017-05-15 18:00:00, 0.0437898
14227, 2017-05-15 19:00:00, 0.0436671
14228, 2017-05-15 20:00:00, 0.0435449
14229, 2017-05-15 21:00:00, 0.043423
14230, 2017-05-15 22:00:00, 0.0433015
14231, 2017-05-15 23:00:00, 0.0431803
14232, 2017-05-16 00:00:00, 0.0430595
14233, 2017-05-16 01:00:00, 0.0429391
14234, 2017-05-16 02:00:00, 0.042819
14235, 2017-05-16 03:00:00, 0.0426992
14236, 2017-05-16 04:00:00, 0.0425799
14237, 2017-05-16 05:00:00, 0.0424609
14238, 2017-05-16 06:00:00, 0.0423422
14239, 2017-05-16 07:00:00, 0.0422239
14240, 2017-05-16 08:00:00, 0.0421059
14241, 2017-05-16 09:00:00, 0.0419883
14242, 2017-05-16 10:00:00, 0.0418711
14243, 2017-05-16 11:00:00, 0.0417541
14244, 2017-05-16 12:00:00, 0.0416376
14245, 2017-05-16 13:00:00, 0.0415214
14246, 2017-05-16 14:00:00, 0.0414055
14247, 2017-05-16 15:00:00, 0.04129
14248, 2017-05-16 16:00:00, 0.0411748
14249, 2017-05-16 17:00:00, 0.0410599
14250, 2017-05-16 18:00:00, 0.0409454
14251, 2017-05-16 19:00:00, 0.0408312
14252, 2017-05-16 20:00:00, 0.0407174
14253, 2017-05-16 21:00:00, 0.0406039
14254, 2017-05-16 22:00:00, 0.0404908
14255, 2017-05-16 23:00:00, 0.0403779
14256, 2017-05-17 00:00:00, 0.0402654
14257, 2017-05-17 01:00:00, 0.0401533
14258, 2017-05-17 02:00:00, 0.0400414
14259, 2017-05-17 03:00:00, 0.03993
14260, 2017-05-17 04:00:00, 0.0398188
14261, 2017-05-17 05:00:00, 0.0397079
14262, 2017-05-17 06:00:00, 0.0395974
14263, 2017-05-17 07:00:00, 0.0394872
14264, 2017-05-17 08:00:00, 0.0393774
14265, 2017-05-17 09:00:00, 0.0392678
14266, 2017-05-17 10:00:00, 0.0391586
14267, 2017-05-17 11:00:00, 0.0390497
14268, 2017-05-17 12:00:00, 0.0389412
14269, 2017-05-17 13:00:00, 0.0388329
14270, 2017-05-17 14:00:00, 0.038725
14271, 2017-05-17 15:00:00, 0.0386173
14272, 2017-05-17 16:00:00, 0.03851
14273, 2017-05-17 17:00:00, 0.0384031
14274, 2017-05-17 18:00:00, 0.0382964
14275, 2017-05-17 19:00:00, 0.03819
14276, 2017-05-17 20:00:00, 0.038084
14277, 2017-05-17 21:00:00, 0.0379782
14278, 2017-05-17 22:00:00, 0.0378728
14279, 2017-05-17 23:00:00, 0.0377677
14280, 2017-05-18 00:00:00, 0.0376629
14281, 2017-05-18 01:00:00, 0.0375584
14282, 2017-05-18 02:00:00, 0.0374542
14283, 2017-05-18 03:00:00, 0.0373503
14284, 2017-05-18 04:00:00, 0.0372467
14285, 2017-05-18 05:00:00, 0.0371434
14286, 2017-05-18 06:00:00, 0.0370405
14287, 2017-05-18 07:00:00, 0.0369378
14288, 2017-05-18 08:00:00, 0.0368354
14289, 2017-05-18 09:00:00, 0.0367333
14290, 2017-05-18 10:00:00, 0.0366315
14291, 2017-05-18 11:00:00, 0.0365301
14292, 2017-05-18 12:00:00, 0.0364289
14293, 2017-05-18 13:00:00, 0.036328
14294, 2017-05-18 14:00:00, 0.0362274
14295, 2017-05-18 15:00:00, 0.0361271
14296, 2017-05-18 16:00:00, 0.0360271
14297, 2017-05-18 17:00:00, 0.0359274
14298, 2017-05-18 18:00:00, 0.035828
14299, 2017-05-18 19:00:00, 0.0357288
14300, 2017-05-18 20:00:00, 0.03563
14301, 2017-05-18 21:00:00, 0.0355314
14302, 2017-05-18 22:00:00, 0.0354331
14303, 2017-05-18 23:00:00, 0.0353352
14304, 2017-05-19 00:00:00, 0.0352375
14305, 2017-05-19 01:00:00, 0.03514
14306, 2017-05-19 02:00:00, 0.0350429
14307, 2017-05-19 03:00:00, 0.0349461
14308, 2017-05-19 04:00:00, 0.0348495
14309, 2017-05-19 05:00:00, 0.0363875
14310, 2017-05-19 06:00:00, 0.0359092
14311, 2017-05-19 07:00:00, 0.0353872
14312, 2017-05-19 08:00:00, 0.0346512
14313, 2017-05-19 09:00:00, 0.0343709
14314, 2017-05-19 10:00:00, 0.034276
14315, 2017-05-19 11:00:00, 0.0341814
14316, 2017-05-19 12:00:00, 0.034087
14317, 2017-05-19 13:00:00, 0.033993
14318, 2017-05-19 14:00:00, 0.0338991
14319, 2017-05-19 15:00:00, 0.0338056
14320, 2017-05-19 16:00:00, 0.0337124
14321, 2017-05-19 17:00:00, 0.0336194
14322, 2017-05-19 18:00:00, 0.0335267
14323, 2017-05-19 19:00:00, 0.0334342
14324, 2017-05-19 20:00:00, 0.033342
14325, 2017-05-19 21:00:00, 0.0332501
14326, 2017-05-19 22:00:00, 0.0331585
14327, 2017-05-19 23:00:00, 0.0330671
14328, 2017-05-20 00:00:00, 0.032976
14329, 2017-05-20 01:00:00, 0.0328851
14330, 2017-05-20 02:00:00, 0.0327946
14331, 2017-05-20 03:00:00, 0.0327042
14332, 2017-05-20 04:00:00, 0.0326142
14333, 2017-05-20 05:00:00, 0.0325244
14334, 2017-05-20 06:00:00, 0.0324348
14335, 2017-05-20 07:00:00, 0.0323455
14336, 2017-05-20 08:00:00, 0.0322565
14337, 2017-05-20 09:00:00, 0.0321677
14338, 2017-05-20 10:00:00, 0.0320792
14339, 2017-05-20 11:00:00, 0.031991
14340, 2017-05-20 12:00:00, 0.031903
14341, 2017-05-20 13:00:00, 0.0318152
14342, 2017-05-20 14:00:00, 0.0317277
14343, 2017-05-20 15:00:00, 0.0316405
14344, 2017-05-20 16:00:00, 0.0315535
14345, 2017-05-20 17:00:00, 0.0314667
14346, 2017-05-20 18:00:00, 0.0313802
14347, 2017-05-20 19:00:00, 0.031294
14348, 2017-05-20 20:00:00, 0.031208
14349, 2017-05-20 21:00:00, 0.0311222
14350, 2017-05-20 22:00:00, 0.0310367
14351, 2017-05-20 23:00:00, 0.0309515
14352, 2017-05-21 00:00:00, 0.0308665
14353, 2017-05-21 01:00:00, 0.0307817
14354, 2017-05-21 02:00:00, 0.0306972
14355, 2017-05-21 03:00:00, 0.0306129
14356, 2017-05-21 04:00:00, 0.0305288
14357, 2017-05-21 05:00:00, 0.0304451
14358, 2017-05-21 06:00:00, 0.0303615
14359, 2017-05-21 07:00:00, 0.0302782
14360, 2017-05-21 08:00:00, 0.0301951
14361, 2017-05-21 09:00:00, 0.0301123
14362, 2017-05-21 10:00:00, 0.0300297
14363, 2017-05-21 11:00:00, 0.0299473
14364, 2017-05-21 12:00:00, 0.0298652
14365, 2017-05-21 13:00:00, 0.0297833
14366, 2017-05-21 14:00:00, 0.0297016
14367, 2017-05-21 15:00:00, 0.0296202
14368, 2017-05-21 16:00:00, 0.029539
14369, 2017-05-21 17:00:00, 0.029458
14370, 2017-05-21 18:00:00, 0.0293773
14371, 2017-05-21 19:00:00, 0.0292968
14372, 2017-05-21 20:00:00, 0.0292166
14373, 2017-05-21 21:00:00, 0.0291365
14374, 2017-05-21 22:00:00, 0.0290567
14375, 2017-05-21 23:00:00, 0.0289771
14376, 2017-05-22 00:00:00, 0.0288978
14377, 2017-05-22 01:00:00, 0.0288187
14378, 2017-05-22 02:00:00, 0.0287398
14379, 2017-05-22 03:00:00, 0.0286611
14380, 2017-05-22 04:00:00, 0.0285827
14381, 2017-05-22 05:00:00, 0.0285044
14382, 2017-05-22 06:00:00, 0.0284264
14383, 2017-05-22 07:00:00, 0.0283487
14384, 2017-05-22 08:00:00, 0.0294122
14385, 2017-05-22 09:00:00, 0.0312123
14386, 2017-05-22 10:00:00, 0.0366092
14387, 2017-05-22 11:00:00, 0.0323693
14388, 2017-05-22 12:00:00, 0.0306078
14389, 2017-05-22 13:00:00, 0.0279831
14390, 2017-05-22 14:00:00, 0.0278104
14391, 2017-05-22 15:00:00, 0.0277344
14392, 2017-05-22 16:00:00, 0.0276586
14393, 2017-05-22 17:00:00, 0.027583
14394, 2017-05-22 18:00:00, 0.0275076
14395, 2017-05-22 19:00:00, 0.0274325
14396, 2017-05-22 20:00:00, 0.0273575
14397, 2017-05-22 21:00:00, 0.0274964
14398, 2017-05-22 22:00:00, 0.0273223
14399, 2017-05-22 23:00:00, 0.0289851
14400, 2017-05-23 00:00:00, 0.0605749
14401, 2017-05-23 01:00:00, 0.0428185
14402, 2017-05-23 02:00:00, 0.0390854
14403, 2017-05-23 03:00:00, 0.027019
14404, 2017-05-23 04:00:00, 0.0268147
14405, 2017-05-23 05:00:00, 0.0266933
14406, 2017-05-23 06:00:00, 0.0266197
14407, 2017-05-23 07:00:00, 0.0265471
14408, 2017-05-23 08:00:00, 0.0264746
14409, 2017-05-23 09:00:00, 0.0264024
14410, 2017-05-23 10:00:00, 0.0263304
14411, 2017-05-23 11:00:00, 0.0262586
14412, 2017-05-23 12:00:00, 0.026187
14413, 2017-05-23 13:00:00, 0.0261156
14414, 2017-05-23 14:00:00, 0.0260444
14415, 2017-05-23 15:00:00, 0.0259734
14416, 2017-05-23 16:00:00, 0.0259026
14417, 2017-05-23 17:00:00, 0.025832
14418, 2017-05-23 18:00:00, 0.0257616
14419, 2017-05-23 19:00:00, 0.0256914
14420, 2017-05-23 20:00:00, 0.0256214
14421, 2017-05-23 21:00:00, 0.0255516
14422, 2017-05-23 22:00:00, 0.025482
14423, 2017-05-23 23:00:00, 0.0254126
14424, 2017-05-24 00:00:00, 0.0253434
14425, 2017-05-24 01:00:00, 0.0252744
14426, 2017-05-24 02:00:00, 0.0252055
14427, 2017-05-24 03:00:00, 0.0251369
14428, 2017-05-24 04:00:00, 0.0250685
14429, 2017-05-24 05:00:00, 0.0250002
14430, 2017-05-24 06:00:00, 0.0249322
14431, 2017-05-24 07:00:00, 0.0248643
14432, 2017-05-24 08:00:00, 0.0247967
14433, 2017-05-24 09:00:00, 0.0247292
14434, 2017-05-24 10:00:00, 0.0246619
14435, 2017-05-24 11:00:00, 0.0245948
14436, 2017-05-24 12:00:00, 0.024725
14437, 2017-05-24 13:00:00, 0.0256319
14438, 2017-05-24 14:00:00, 0.0270342
14439, 2017-05-24 15:00:00, 0.0256654
14440, 2017-05-24 16:00:00, 0.0250173
14441, 2017-05-24 17:00:00, 0.0241963
14442, 2017-05-24 18:00:00, 0.0241305
14443, 2017-05-24 19:00:00, 0.0240649
14444, 2017-05-24 20:00:00, 0.0239995
14445, 2017-05-24 21:00:00, 0.0239343
14446, 2017-05-24 22:00:00, 0.0238692
14447, 2017-05-24 23:00:00, 0.0238044
14448, 2017-05-25 00:00:00, 0.0237397
14449, 2017-05-25 01:00:00, 0.0236752
14450, 2017-05-25 02:00:00, 0.0236109
14451, 2017-05-25 03:00:00, 0.0235468
14452, 2017-05-25 04:00:00, 0.0234828
14453, 2017-05-25 05:00:00, 0.0234191
14454, 2017-05-25 06:00:00, 0.0233555
14455, 2017-05-25 07:00:00, 0.0232921
14456, 2017-05-25 08:00:00, 0.0232289
14457, 2017-05-25 09:00:00, 0.0231658
14458, 2017-05-25 10:00:00, 0.0231029
14459, 2017-05-25 11:00:00, 0.0231108
14460, 2017-05-25 12:00:00, 0.0231941
14461, 2017-05-25 13:00:00, 0.028634
14462, 2017-05-25 14:00:00, 0.0272281
14463, 2017-05-25 15:00:00, 0.0256301
14464, 2017-05-25 16:00:00, 0.0233687
14465, 2017-05-25 17:00:00, 0.0237337
14466, 2017-05-25 18:00:00, 0.0230908
14467, 2017-05-25 19:00:00, 0.0229332
14468, 2017-05-25 20:00:00, 0.0224841
14469, 2017-05-25 21:00:00, 0.0224231
14470, 2017-05-25 22:00:00, 0.0223621
14471, 2017-05-25 23:00:00, 0.0223014
14472, 2017-05-26 00:00:00, 0.022241
14473, 2017-05-26 01:00:00, 0.0221807
14474, 2017-05-26 02:00:00, 0.0221206
14475, 2017-05-26 03:00:00, 0.022162
14476, 2017-05-26 04:00:00, 0.162732
14477, 2017-05-26 05:00:00, 0.20412
14478, 2017-05-26 06:00:00, 0.138633
14479, 2017-05-26 07:00:00, 0.13461
14480, 2017-05-26 08:00:00, 0.459959
14481, 2017-05-26 09:00:00, 0.655656
14482, 2017-05-26 10:00:00, 0.379005
14483, 2017-05-26 11:00:00, 0.228125
14484, 2017-05-26 12:00:00, 0.0479091
14485, 2017-05-26 13:00:00, 0.0462162
14486, 2017-05-26 14:00:00, 0.0308046
14487, 2017-05-26 15:00:00, 0.0271863
14488, 2017-05-26 16:00:00, 0.0233743
14489, 2017-05-26 17:00:00, 0.0213466
14490, 2017-05-26 18:00:00, 0.0211827
14491, 2017-05-26 19:00:00, 0.0211247
14492, 2017-05-26 20:00:00, 0.0210674
14493, 2017-05-26 21:00:00, 0.02101
14494, 2017-05-26 22:00:00, 0.0209531
14495, 2017-05-26 23:00:00, 0.0208965
14496, 2017-05-27 00:00:00, 0.02084
14497, 2017-05-27 01:00:00, 0.0207836
14498, 2017-05-27 02:00:00, 0.0207274
14499, 2017-05-27 03:00:00, 0.0206713
14500, 2017-05-27 04:00:00, 0.0206154
14501, 2017-05-27 05:00:00, 0.0205597
14502, 2017-05-27 06:00:00, 0.0205041
14503, 2017-05-27 07:00:00, 0.0204487
14504, 2017-05-27 08:00:00, 0.0203934
14505, 2017-05-27 09:00:00, 0.0203383
14506, 2017-05-27 10:00:00, 0.0202834
14507, 2017-05-27 11:00:00, 0.0202286
14508, 2017-05-27 12:00:00, 0.0201739
14509, 2017-05-27 13:00:00, 0.0201194
14510, 2017-05-27 14:00:00, 0.0200651
14511, 2017-05-27 15:00:00, 0.0200109
14512, 2017-05-27 16:00:00, 0.0199568
14513, 2017-05-27 17:00:00, 0.0199029
14514, 2017-05-27 18:00:00, 0.0198492
14515, 2017-05-27 19:00:00, 0.0197956
14516, 2017-05-27 20:00:00, 0.0197421
14517, 2017-05-27 21:00:00, 0.0196888
14518, 2017-05-27 22:00:00, 0.0196357
14519, 2017-05-27 23:00:00, 0.0195827
14520, 2017-05-28 00:00:00, 0.0195298
14521, 2017-05-28 01:00:00, 0.0194771
14522, 2017-05-28 02:00:00, 0.0194245
14523, 2017-05-28 03:00:00, 0.0193721
14524, 2017-05-28 04:00:00, 0.0193198
14525, 2017-05-28 05:00:00, 0.0192677
14526, 2017-05-28 06:00:00, 0.0192157
14527, 2017-05-28 07:00:00, 0.0191639
14528, 2017-05-28 08:00:00, 0.0191122
14529, 2017-05-28 09:00:00, 0.0190607
14530, 2017-05-28 10:00:00, 0.0190093
14531, 2017-05-28 11:00:00, 0.018958
14532, 2017-05-28 12:00:00, 0.0189069
14533, 2017-05-28 13:00:00, 0.0188559
14534, 2017-05-28 14:00:00, 0.0188051
14535, 2017-05-28 15:00:00, 0.0187544
14536, 2017-05-28 16:00:00, 0.0187038
14537, 2017-05-28 17:00:00, 0.0186534
14538, 2017-05-28 18:00:00, 0.0186031
14539, 2017-05-28 19:00:00, 0.018553
14540, 2017-05-28 20:00:00, 0.018503
14541, 2017-05-28 21:00:00, 0.0184531
14542, 2017-05-28 22:00:00, 0.0184034
14543, 2017-05-28 23:00:00, 0.0183538
14544, 2017-05-29 00:00:00, 0.0183044
14545, 2017-05-29 01:00:00, 0.0182551
14546, 2017-05-29 02:00:00, 0.0182059
14547, 2017-05-29 03:00:00, 0.0181569
14548, 2017-05-29 04:00:00, 0.018108
14549, 2017-05-29 05:00:00, 0.0180592
14550, 2017-05-29 06:00:00, 0.0180106
14551, 2017-05-29 07:00:00, 0.0179621
14552, 2017-05-29 08:00:00, 0.0179137
14553, 2017-05-29 09:00:00, 0.0178655
14554, 2017-05-29 10:00:00, 0.0178174
14555, 2017-05-29 11:00:00, 0.0177694
14556, 2017-05-29 12:00:00, 0.0177216
14557, 2017-05-29 13:00:00, 0.018012
14558, 2017-05-29 14:00:00, 0.01778
14559, 2017-05-29 15:00:00, 0.0177018
14560, 2017-05-29 16:00:00, 0.0175316
14561, 2017-05-29 17:00:00, 0.0174844
14562, 2017-05-29 18:00:00, 0.0174374
14563, 2017-05-29 19:00:00, 0.0173905
14564, 2017-05-29 20:00:00, 0.0180383
14565, 2017-05-29 21:00:00, 0.0178604
14566, 2017-05-29 22:00:00, 0.0176157
14567, 2017-05-29 23:00:00, 0.0172942
14568, 2017-05-30 00:00:00, 0.0171579
14569, 2017-05-30 01:00:00, 0.0171117
14570, 2017-05-30 02:00:00, 0.0170657
14571, 2017-05-30 03:00:00, 0.0170198
14572, 2017-05-30 04:00:00, 0.0169741
14573, 2017-05-30 05:00:00, 0.0169284
14574, 2017-05-30 06:00:00, 0.0168829
14575, 2017-05-30 07:00:00, 0.0168376
14576, 2017-05-30 08:00:00, 0.0167923
14577, 2017-05-30 09:00:00, 0.0167472
14578, 2017-05-30 10:00:00, 0.0167022
14579, 2017-05-30 11:00:00, 0.0166573
14580, 2017-05-30 12:00:00, 0.0166125
14581, 2017-05-30 13:00:00, 0.0165679
14582, 2017-05-30 14:00:00, 0.0165234
14583, 2017-05-30 15:00:00, 0.016479
14584, 2017-05-30 16:00:00, 0.0164347
14585, 2017-05-30 17:00:00, 0.0163906
14586, 2017-05-30 18:00:00, 0.0163466
14587, 2017-05-30 19:00:00, 0.0163027
14588, 2017-05-30 20:00:00, 0.0162589
14589, 2017-05-30 21:00:00, 0.0162152
14590, 2017-05-30 22:00:00, 0.0161717
14591, 2017-05-30 23:00:00, 0.0161283
14592, 2017-05-31 00:00:00, 0.016085
14593, 2017-05-31 01:00:00, 0.0160418
14594, 2017-05-31 02:00:00, 0.0159987
14595, 2017-05-31 03:00:00, 0.0159558
14596, 2017-05-31 04:00:00, 0.015913
14597, 2017-05-31 05:00:00, 0.0158703
14598, 2017-05-31 06:00:00, 0.0158277
14599, 2017-05-31 07:00:00, 0.0157852
14600, 2017-05-31 08:00:00, 0.0157428
14601, 2017-05-31 09:00:00, 0.0157006
14602, 2017-05-31 10:00:00, 0.0156585
14603, 2017-05-31 11:00:00, 0.0156165
14604, 2017-05-31 12:00:00, 0.0155746
14605, 2017-05-31 13:00:00, 0.0155429
14606, 2017-05-31 14:00:00, 0.0154957
14607, 2017-05-31 15:00:00, 0.0154532
14608, 2017-05-31 16:00:00, 0.0154081
14609, 2017-05-31 17:00:00, 0.0153668
14610, 2017-05-31 18:00:00, 0.0153256
14611, 2017-05-31 19:00:00, 0.0152845
14612, 2017-05-31 20:00:00, 0.0152435
14613, 2017-05-31 21:00:00, 0.0152027
14614, 2017-05-31 22:00:00, 0.0151619
14615, 2017-05-31 23:00:00, 0.0151213
14616, 2017-06-01 00:00:00, 0.0150808
14617, 2017-06-01 01:00:00, 0.0150403
14618, 2017-06-01 02:00:00, 0.0348707
14619, 2017-06-01 03:00:00, 0.0239919
14620, 2017-06-01 04:00:00, 0.0221454
14621, 2017-06-01 05:00:00, 0.0316226
14622, 2017-06-01 06:00:00, 0.0244012
14623, 2017-06-01 07:00:00, 0.0217752
14624, 2017-06-01 08:00:00, 0.016657
14625, 2017-06-01 09:00:00, 0.0152605
14626, 2017-06-01 10:00:00, 0.0151132
14627, 2017-06-01 11:00:00, 0.0146422
14628, 2017-06-01 12:00:00, 0.0146032
14629, 2017-06-01 13:00:00, 0.0145641
14630, 2017-06-01 14:00:00, 0.014525
14631, 2017-06-01 15:00:00, 0.014486
14632, 2017-06-01 16:00:00, 0.0144471
14633, 2017-06-01 17:00:00, 0.0144084
14634, 2017-06-01 18:00:00, 0.0143699
14635, 2017-06-01 19:00:00, 0.0143314
14636, 2017-06-01 20:00:00, 0.014293
14637, 2017-06-01 21:00:00, 0.0142548
14638, 2017-06-01 22:00:00, 0.0142166
14639, 2017-06-01 23:00:00, 0.0141785
14640, 2017-06-02 00:00:00, 0.0141406
14641, 2017-06-02 01:00:00, 0.0141027
14642, 2017-06-02 02:00:00, 0.014065
14643, 2017-06-02 03:00:00, 0.0140274
14644, 2017-06-02 04:00:00, 0.0139898
14645, 2017-06-02 05:00:00, 0.0139524
14646, 2017-06-02 06:00:00, 0.0139151
14647, 2017-06-02 07:00:00, 0.0138778
14648, 2017-06-02 08:00:00, 0.0138407
14649, 2017-06-02 09:00:00, 0.0138037
14650, 2017-06-02 10:00:00, 0.0137667
14651, 2017-06-02 11:00:00, 0.0137299
14652, 2017-06-02 12:00:00, 0.0136932
14653, 2017-06-02 13:00:00, 0.0136566
14654, 2017-06-02 14:00:00, 0.0136201
14655, 2017-06-02 15:00:00, 0.0135836
14656, 2017-06-02 16:00:00, 0.0135473
14657, 2017-06-02 17:00:00, 0.0135111
14658, 2017-06-02 18:00:00, 0.013475
14659, 2017-06-02 19:00:00, 0.0134389
14660, 2017-06-02 20:00:00, 0.013403
14661, 2017-06-02 21:00:00, 0.095419
14662, 2017-06-02 22:00:00, 0.0506277
14663, 2017-06-02 23:00:00, 0.0431328
14664, 2017-06-03 00:00:00, 0.0132603
14665, 2017-06-03 01:00:00, 0.0132248
14666, 2017-06-03 02:00:00, 0.0131895
14667, 2017-06-03 03:00:00, 0.0131542
14668, 2017-06-03 04:00:00, 0.0131191
14669, 2017-06-03 05:00:00, 0.013084
14670, 2017-06-03 06:00:00, 0.0130491
14671, 2017-06-03 07:00:00, 0.0130142
14672, 2017-06-03 08:00:00, 0.0129794
14673, 2017-06-03 09:00:00, 0.0129447
14674, 2017-06-03 10:00:00, 0.0129102
14675, 2017-06-03 11:00:00, 0.0128757
14676, 2017-06-03 12:00:00, 0.0128413
14677, 2017-06-03 13:00:00, 0.012807
14678, 2017-06-03 14:00:00, 0.0127728
14679, 2017-06-03 15:00:00, 0.0127387
14680, 2017-06-03 16:00:00, 0.0130682
14681, 2017-06-03 17:00:00, 0.012836
14682, 2017-06-03 18:00:00, 0.0127691
14683, 2017-06-03 19:00:00, 0.0126031
14684, 2017-06-03 20:00:00, 0.0125695
14685, 2017-06-03 21:00:00, 0.0125359
14686, 2017-06-03 22:00:00, 0.0125025
14687, 2017-06-03 23:00:00, 0.0124691
14688, 2017-06-04 00:00:00, 0.0124358
14689, 2017-06-04 01:00:00, 0.0124026
14690, 2017-06-04 02:00:00, 0.0123695
14691, 2017-06-04 03:00:00, 0.0123365
14692, 2017-06-04 04:00:00, 0.0123036
14693, 2017-06-04 05:00:00, 0.0122707
14694, 2017-06-04 06:00:00, 0.012238
14695, 2017-06-04 07:00:00, 0.0122053
14696, 2017-06-04 08:00:00, 0.0121728
14697, 2017-06-04 09:00:00, 0.0121403
14698, 2017-06-04 10:00:00, 0.0121079
14699, 2017-06-04 11:00:00, 0.0120756
14700, 2017-06-04 12:00:00, 0.0120434
14701, 2017-06-04 13:00:00, 0.0120112
14702, 2017-06-04 14:00:00, 0.0119792
14703, 2017-06-04 15:00:00, 0.0119472
14704, 2017-06-04 16:00:00, 0.0119154
14705, 2017-06-04 17:00:00, 0.0118836
14706, 2017-06-04 18:00:00, 0.0118519
14707, 2017-06-04 19:00:00, 0.0134354
14708, 2017-06-04 20:00:00, 0.0125229
14709, 2017-06-04 21:00:00, 0.0123573
14710, 2017-06-04 22:00:00, 0.0132929
14711, 2017-06-04 23:00:00, 0.0127667
14712, 2017-06-05 00:00:00, 0.0168096
14713, 2017-06-05 01:00:00, 0.0159456
14714, 2017-06-05 02:00:00, 0.0141962
14715, 2017-06-05 03:00:00, 0.0181951
14716, 2017-06-05 04:00:00, 0.0141912
14717, 2017-06-05 05:00:00, 0.0136301
14718, 2017-06-05 06:00:00, 0.0167778
14719, 2017-06-05 07:00:00, 0.0139374
14720, 2017-06-05 08:00:00, 0.0133843
14721, 2017-06-05 09:00:00, 0.0124061
14722, 2017-06-05 10:00:00, 0.0118069
14723, 2017-06-05 11:00:00, 0.0118782
14724, 2017-06-05 12:00:00, 0.0113835
14725, 2017-06-05 13:00:00, 0.0113359
14726, 2017-06-05 14:00:00, 0.0112358
14727, 2017-06-05 15:00:00, 0.0112059
14728, 2017-06-05 16:00:00, 0.011176
14729, 2017-06-05 17:00:00, 0.0111462
14730, 2017-06-05 18:00:00, 0.0111165
14731, 2017-06-05 19:00:00, 0.0110869
14732, 2017-06-05 20:00:00, 0.0110574
14733, 2017-06-05 21:00:00, 0.0110279
14734, 2017-06-05 22:00:00, 0.0109986
14735, 2017-06-05 23:00:00, 0.0109693
14736, 2017-06-06 00:00:00, 0.0109401
14737, 2017-06-06 01:00:00, 0.0136041
14738, 2017-06-06 02:00:00, 0.0418374
14739, 2017-06-06 03:00:00, 0.202308
14740, 2017-06-06 04:00:00, 0.109991
14741, 2017-06-06 05:00:00, 0.078744
14742, 2017-06-06 06:00:00, 0.0136458
14743, 2017-06-06 07:00:00, 0.0107378
14744, 2017-06-06 08:00:00, 0.0107092
14745, 2017-06-06 09:00:00, 0.0106883
14746, 2017-06-06 10:00:00, 0.0106557
14747, 2017-06-06 11:00:00, 0.0106267
14748, 2017-06-06 12:00:00, 0.0108883
14749, 2017-06-06 13:00:00, 0.0135815
14750, 2017-06-06 14:00:00, 0.110296
14751, 2017-06-06 15:00:00, 0.11625
14752, 2017-06-06 16:00:00, 0.138276
14753, 2017-06-06 17:00:00, 0.0617085
14754, 2017-06-06 18:00:00, 0.0339782
14755, 2017-06-06 19:00:00, 0.0103998
14756, 2017-06-06 20:00:00, 0.0396886
14757, 2017-06-06 21:00:00, 0.0748738
14758, 2017-06-06 22:00:00, 0.0756142
14759, 2017-06-06 23:00:00, 0.0486201
14760, 2017-06-07 00:00:00, 0.0241464
14761, 2017-06-07 01:00:00, 0.0122187
14762, 2017-06-07 02:00:00, 0.0102077
14763, 2017-06-07 03:00:00, 0.0101805
14764, 2017-06-07 04:00:00, 0.0101534
14765, 2017-06-07 05:00:00, 0.0101264
14766, 2017-06-07 06:00:00, 0.0100995
14767, 2017-06-07 07:00:00, 0.0100726
14768, 2017-06-07 08:00:00, 0.0100458
14769, 2017-06-07 09:00:00, 0.0100191
14770, 2017-06-07 10:00:00, 0.00999248
14771, 2017-06-07 11:00:00, 0.00996591
14772, 2017-06-07 12:00:00, 0.00993942
14773, 2017-06-07 13:00:00, 0.00991299
14774, 2017-06-07 14:00:00, 0.00988663
14775, 2017-06-07 15:00:00, 0.00986034
14776, 2017-06-07 16:00:00, 0.00983413
14777, 2017-06-07 17:00:00, 0.00980799
14778, 2017-06-07 18:00:00, 0.00978191
14779, 2017-06-07 19:00:00, 0.00975591
14780, 2017-06-07 20:00:00, 0.00972998
14781, 2017-06-07 21:00:00, 0.00970411
14782, 2017-06-07 22:00:00, 0.00967832
14783, 2017-06-07 23:00:00, 0.0096526
14784, 2017-06-08 00:00:00, 0.00962695
14785, 2017-06-08 01:00:00, 0.00960136
14786, 2017-06-08 02:00:00, 0.00957587
14787, 2017-06-08 03:00:00, 0.00955042
14788, 2017-06-08 04:00:00, 0.00952505
14789, 2017-06-08 05:00:00, 0.00949972
14790, 2017-06-08 06:00:00, 0.00947448
14791, 2017-06-08 07:00:00, 0.0094493
14792, 2017-06-08 08:00:00, 0.00942422
14793, 2017-06-08 09:00:00, 0.0093992
14794, 2017-06-08 10:00:00, 0.00937428
14795, 2017-06-08 11:00:00, 0.00934936
14796, 2017-06-08 12:00:00, 0.00932457
14797, 2017-06-08 13:00:00, 0.00929973
14798, 2017-06-08 14:00:00, 0.009275
14799, 2017-06-08 15:00:00, 0.00925034
14800, 2017-06-08 16:00:00, 0.00922577
14801, 2017-06-08 17:00:00, 0.00920127
14802, 2017-06-08 18:00:00, 0.00917683
14803, 2017-06-08 19:00:00, 0.00915246
14804, 2017-06-08 20:00:00, 0.00912815
14805, 2017-06-08 21:00:00, 0.00910391
14806, 2017-06-08 22:00:00, 0.00907974
14807, 2017-06-08 23:00:00, 0.00905563
14808, 2017-06-09 00:00:00, 0.00903159
14809, 2017-06-09 01:00:00, 0.00900761
14810, 2017-06-09 02:00:00, 0.00898369
14811, 2017-06-09 03:00:00, 0.00895984
14812, 2017-06-09 04:00:00, 0.00893605
14813, 2017-06-09 05:00:00, 0.00891233
14814, 2017-06-09 06:00:00, 0.00888867
14815, 2017-06-09 07:00:00, 0.00886508
14816, 2017-06-09 08:00:00, 0.00884154
14817, 2017-06-09 09:00:00, 0.00881808
14818, 2017-06-09 10:00:00, 0.00879467
14819, 2017-06-09 11:00:00, 0.00877133
14820, 2017-06-09 12:00:00, 0.00874805
14821, 2017-06-09 13:00:00, 0.00872483
14822, 2017-06-09 14:00:00, 0.00870168
14823, 2017-06-09 15:00:00, 0.00867859
14824, 2017-06-09 16:00:00, 0.00865556
14825, 2017-06-09 17:00:00, 0.00863259
14826, 2017-06-09 18:00:00, 0.00860968
14827, 2017-06-09 19:00:00, 0.00858684
14828, 2017-06-09 20:00:00, 0.00856406
14829, 2017-06-09 21:00:00, 0.00854133
14830, 2017-06-09 22:00:00, 0.00851867
14831, 2017-06-09 23:00:00, 0.00849607
14832, 2017-06-10 00:00:00, 0.00847354
14833, 2017-06-10 01:00:00, 0.00845106
14834, 2017-06-10 02:00:00, 0.00842864
14835, 2017-06-10 03:00:00, 0.00840628
14836, 2017-06-10 04:00:00, 0.00838398
14837, 2017-06-10 05:00:00, 0.00836175
14838, 2017-06-10 06:00:00, 0.00833957
14839, 2017-06-10 07:00:00, 0.00831745
14840, 2017-06-10 08:00:00, 0.00829539
14841, 2017-06-10 09:00:00, 0.00827339
14842, 2017-06-10 10:00:00, 0.00825145
14843, 2017-06-10 11:00:00, 0.00822957
14844, 2017-06-10 12:00:00, 0.00820775
14845, 2017-06-10 13:00:00, 0.00818598
14846, 2017-06-10 14:00:00, 0.00816428
14847, 2017-06-10 15:00:00, 0.00814263
14848, 2017-06-10 16:00:00, 0.00812104
14849, 2017-06-10 17:00:00, 0.00809951
14850, 2017-06-10 18:00:00, 0.00807803
14851, 2017-06-10 19:00:00, 0.00805662
14852, 2017-06-10 20:00:00, 0.00803526
14853, 2017-06-10 21:00:00, 0.00801396
14854, 2017-06-10 22:00:00, 0.00799272
14855, 2017-06-10 23:00:00, 0.00797153
14856, 2017-06-11 00:00:00, 0.0079504
14857, 2017-06-11 01:00:00, 0.00792933
14858, 2017-06-11 02:00:00, 0.00790831
14859, 2017-06-11 03:00:00, 0.00788735
14860, 2017-06-11 04:00:00, 0.00786644
14861, 2017-06-11 05:00:00, 0.0078456
14862, 2017-06-11 06:00:00, 0.0078248
14863, 2017-06-11 07:00:00, 0.00780407
14864, 2017-06-11 08:00:00, 0.00778339
14865, 2017-06-11 09:00:00, 0.00776276
14866, 2017-06-11 10:00:00, 0.00774219
14867, 2017-06-11 11:00:00, 0.00772168
14868, 2017-06-11 12:00:00, 0.00770122
14869, 2017-06-11 13:00:00, 0.00768081
14870, 2017-06-11 14:00:00, 0.00766046
14871, 2017-06-11 15:00:00, 0.00764017
14872, 2017-06-11 16:00:00, 0.00761993
14873, 2017-06-11 17:00:00, 0.00759974
14874, 2017-06-11 18:00:00, 0.00757961
14875, 2017-06-11 19:00:00, 0.00755953
14876, 2017-06-11 20:00:00, 0.0075395
14877, 2017-06-11 21:00:00, 0.00751953
14878, 2017-06-11 22:00:00, 0.00749962
14879, 2017-06-11 23:00:00, 0.00747975
14880, 2017-06-12 00:00:00, 0.00745994
14881, 2017-06-12 01:00:00, 0.00744018
14882, 2017-06-12 02:00:00, 0.00742048
14883, 2017-06-12 03:00:00, 0.00740082
14884, 2017-06-12 04:00:00, 0.00738123
14885, 2017-06-12 05:00:00, 0.00736168
14886, 2017-06-12 06:00:00, 0.00734218
14887, 2017-06-12 07:00:00, 0.00732274
14888, 2017-06-12 08:00:00, 0.00730335
14889, 2017-06-12 09:00:00, 0.00728401
14890, 2017-06-12 10:00:00, 0.00726473
14891, 2017-06-12 11:00:00, 0.00724549
14892, 2017-06-12 12:00:00, 0.00722631
14893, 2017-06-12 13:00:00, 0.00720718
14894, 2017-06-12 14:00:00, 0.00718809
14895, 2017-06-12 15:00:00, 0.00716906
14896, 2017-06-12 16:00:00, 0.00715009
14897, 2017-06-12 17:00:00, 0.00713116
14898, 2017-06-12 18:00:00, 0.00711228
14899, 2017-06-12 19:00:00, 0.00709345
14900, 2017-06-12 20:00:00, 0.00707468
14901, 2017-06-12 21:00:00, 0.00705595
14902, 2017-06-12 22:00:00, 0.00703727
14903, 2017-06-12 23:00:00, 0.00701865
14904, 2017-06-13 00:00:00, 0.00700007
14905, 2017-06-13 01:00:00, 0.00698155
14906, 2017-06-13 02:00:00, 0.00696307
14907, 2017-06-13 03:00:00, 0.00694464
14908, 2017-06-13 04:00:00, 0.00692626
14909, 2017-06-13 05:00:00, 0.00690793
14910, 2017-06-13 06:00:00, 0.00688965
14911, 2017-06-13 07:00:00, 0.00687142
14912, 2017-06-13 08:00:00, 0.00685324
14913, 2017-06-13 09:00:00, 0.00683511
14914, 2017-06-13 10:00:00, 0.00681702
14915, 2017-06-13 11:00:00, 0.00679899
14916, 2017-06-13 12:00:00, 0.006781
14917, 2017-06-13 13:00:00, 0.00676306
14918, 2017-06-13 14:00:00, 0.00674516
14919, 2017-06-13 15:00:00, 0.00672732
14920, 2017-06-13 16:00:00, 0.00670952
14921, 2017-06-13 17:00:00, 0.00669177
14922, 2017-06-13 18:00:00, 0.00667407
14923, 2017-06-13 19:00:00, 0.00665641
14924, 2017-06-13 20:00:00, 0.00663881
14925, 2017-06-13 21:00:00, 0.00662125
14926, 2017-06-13 22:00:00, 0.00663669
14927, 2017-06-13 23:00:00, 0.00660125
14928, 2017-06-14 00:00:00, 0.00658083
14929, 2017-06-14 01:00:00, 0.00655147
14930, 2017-06-14 02:00:00, 0.00653415
14931, 2017-06-14 03:00:00, 0.00651687
14932, 2017-06-14 04:00:00, 0.00649963
14933, 2017-06-14 05:00:00, 0.00648244
14934, 2017-06-14 06:00:00, 0.0064653
14935, 2017-06-14 07:00:00, 0.0064482
14936, 2017-06-14 08:00:00, 0.00643115
14937, 2017-06-14 09:00:00, 0.00641415
14938, 2017-06-14 10:00:00, 0.00639719
14939, 2017-06-14 11:00:00, 0.00638027
14940, 2017-06-14 12:00:00, 0.0063634
14941, 2017-06-14 13:00:00, 0.00634658
14942, 2017-06-14 14:00:00, 0.0063298
14943, 2017-06-14 15:00:00, 0.00631306
14944, 2017-06-14 16:00:00, 0.00629637
14945, 2017-06-14 17:00:00, 0.00627973
14946, 2017-06-14 18:00:00, 0.00626313
14947, 2017-06-14 19:00:00, 0.00624657
14948, 2017-06-14 20:00:00, 0.00623006
14949, 2017-06-14 21:00:00, 0.00621359
14950, 2017-06-14 22:00:00, 0.00619716
14951, 2017-06-14 23:00:00, 0.00618078
14952, 2017-06-15 00:00:00, 0.00616444
14953, 2017-06-15 01:00:00, 0.00614815
14954, 2017-06-15 02:00:00, 0.0061319
14955, 2017-06-15 03:00:00, 0.00611569
14956, 2017-06-15 04:00:00, 0.00609953
14957, 2017-06-15 05:00:00, 0.00608341
14958, 2017-06-15 06:00:00, 0.00606733
14959, 2017-06-15 07:00:00, 0.0060513
14960, 2017-06-15 08:00:00, 0.00603531
14961, 2017-06-15 09:00:00, 0.00601936
14962, 2017-06-15 10:00:00, 0.00600345
14963, 2017-06-15 11:00:00, 0.00598759
14964, 2017-06-15 12:00:00, 0.00597177
14965, 2017-06-15 13:00:00, 0.00595599
14966, 2017-06-15 14:00:00, 0.00594025
14967, 2017-06-15 15:00:00, 0.00592456
14968, 2017-06-15 16:00:00, 0.0059089
14969, 2017-06-15 17:00:00, 0.00589329
14970, 2017-06-15 18:00:00, 0.00587772
14971, 2017-06-15 19:00:00, 0.00586219
14972, 2017-06-15 20:00:00, 0.0058467
14973, 2017-06-15 21:00:00, 0.00583126
14974, 2017-06-15 22:00:00, 0.00581585
14975, 2017-06-15 23:00:00, 0.00580049
14976, 2017-06-16 00:00:00, 0.00578517
14977, 2017-06-16 01:00:00, 0.00576989
14978, 2017-06-16 02:00:00, 0.00575464
14979, 2017-06-16 03:00:00, 0.00573944
14980, 2017-06-16 04:00:00, 0.00572428
14981, 2017-06-16 05:00:00, 0.00570916
14982, 2017-06-16 06:00:00, 0.00569409
14983, 2017-06-16 07:00:00, 0.00567905
14984, 2017-06-16 08:00:00, 0.00566405
14985, 2017-06-16 09:00:00, 0.00564909
14986, 2017-06-16 10:00:00, 0.00563417
14987, 2017-06-16 11:00:00, 0.00561929
14988, 2017-06-16 12:00:00, 0.00560445
14989, 2017-06-16 13:00:00, 0.00558965
14990, 2017-06-16 14:00:00, 0.00557489
14991, 2017-06-16 15:00:00, 0.00556017
14992, 2017-06-16 16:00:00, 0.00554549
14993, 2017-06-16 17:00:00, 0.00553084
14994, 2017-06-16 18:00:00, 0.00600888
14995, 2017-06-16 19:00:00, 0.850102
14996, 2017-06-16 20:00:00, 0.505772
14997, 2017-06-16 21:00:00, 0.377174
14998, 2017-06-16 22:00:00, 0.086082
14999, 2017-06-16 23:00:00, 0.194604
15000, 2017-06-17 00:00:00, 0.0946973
15001, 2017-06-17 01:00:00, 0.0672959
15002, 2017-06-17 02:00:00, 0.00566329
15003, 2017-06-17 03:00:00, 0.0067867
15004, 2017-06-17 04:00:00, 0.00602813
15005, 2017-06-17 05:00:00, 0.00582987
15006, 2017-06-17 06:00:00, 0.00534721
15007, 2017-06-17 07:00:00, 0.00533247
15008, 2017-06-17 08:00:00, 0.00531588
15009, 2017-06-17 09:00:00, 0.00530185
15010, 2017-06-17 10:00:00, 0.00528788
15011, 2017-06-17 11:00:00, 0.00527393
15012, 2017-06-17 12:00:00, 0.0052601
15013, 2017-06-17 13:00:00, 0.00524624
15014, 2017-06-17 14:00:00, 0.0052324
15015, 2017-06-17 15:00:00, 0.00521848
15016, 2017-06-17 16:00:00, 0.00520464
15017, 2017-06-17 17:00:00, 0.00519087
15018, 2017-06-17 18:00:00, 0.00517717
15019, 2017-06-17 19:00:00, 0.00516351
15020, 2017-06-17 20:00:00, 0.00515007
15021, 2017-06-17 21:00:00, 0.00513661
15022, 2017-06-17 22:00:00, 0.00512316
15023, 2017-06-17 23:00:00, 0.00510962
15024, 2017-06-18 00:00:00, 0.00509605
15025, 2017-06-18 01:00:00, 0.0050825
15026, 2017-06-18 02:00:00, 0.00506902
15027, 2017-06-18 03:00:00, 0.00505558
15028, 2017-06-18 04:00:00, 0.00504221
15029, 2017-06-18 05:00:00, 0.00502891
15030, 2017-06-18 06:00:00, 0.00501567
15031, 2017-06-18 07:00:00, 0.00500248
15032, 2017-06-18 08:00:00, 0.00498935
15033, 2017-06-18 09:00:00, 0.00497626
15034, 2017-06-18 10:00:00, 0.00496319
15035, 2017-06-18 11:00:00, 0.00495027
15036, 2017-06-18 12:00:00, 0.00493704
15037, 2017-06-18 13:00:00, 0.00492387
15038, 2017-06-18 14:00:00, 0.00491075
15039, 2017-06-18 15:00:00, 0.00489776
15040, 2017-06-18 16:00:00, 0.00488484
15041, 2017-06-18 17:00:00, 0.00487195
15042, 2017-06-18 18:00:00, 0.0048591
15043, 2017-06-18 19:00:00, 0.00484629
15044, 2017-06-18 20:00:00, 0.0048335
15045, 2017-06-18 21:00:00, 0.00482075
15046, 2017-06-18 22:00:00, 0.00480804
15047, 2017-06-18 23:00:00, 0.00479536
15048, 2017-06-19 00:00:00, 0.00478271
15049, 2017-06-19 01:00:00, 0.0047701
15050, 2017-06-19 02:00:00, 0.00475752
15051, 2017-06-19 03:00:00, 0.00474497
15052, 2017-06-19 04:00:00, 0.00473246
15053, 2017-06-19 05:00:00, 0.00472
15054, 2017-06-19 06:00:00, 0.00470758
15055, 2017-06-19 07:00:00, 0.0046952
15056, 2017-06-19 08:00:00, 0.00468289
15057, 2017-06-19 09:00:00, 0.00467048
15058, 2017-06-19 10:00:00, 0.00465813
15059, 2017-06-19 11:00:00, 0.00464582
15060, 2017-06-19 12:00:00, 0.00463355
15061, 2017-06-19 13:00:00, 0.00462133
15062, 2017-06-19 14:00:00, 0.00460914
15063, 2017-06-19 15:00:00, 0.00459698
15064, 2017-06-19 16:00:00, 0.00458486
15065, 2017-06-19 17:00:00, 0.00457278
15066, 2017-06-19 18:00:00, 0.00456072
15067, 2017-06-19 19:00:00, 0.0045487
15068, 2017-06-19 20:00:00, 0.0045367
15069, 2017-06-19 21:00:00, 0.00452474
15070, 2017-06-19 22:00:00, 0.00451281
15071, 2017-06-19 23:00:00, 0.00450092
15072, 2017-06-20 00:00:00, 0.00613515
15073, 2017-06-20 01:00:00, 0.380883
15074, 2017-06-20 02:00:00, 0.183131
15075, 2017-06-20 03:00:00, 0.144381
15076, 2017-06-20 04:00:00, 0.00710155
15077, 2017-06-20 05:00:00, 0.0044302
15078, 2017-06-20 06:00:00, 0.00441852
15079, 2017-06-20 07:00:00, 0.00440687
15080, 2017-06-20 08:00:00, 0.00439526
15081, 2017-06-20 09:00:00, 0.0726583
15082, 2017-06-20 10:00:00, 0.0403314
15083, 2017-06-20 11:00:00, 0.0314266
15084, 2017-06-20 12:00:00, 0.00614016
15085, 2017-06-20 13:00:00, 0.00433766
15086, 2017-06-20 14:00:00, 0.00432621
15087, 2017-06-20 15:00:00, 0.00431481
15088, 2017-06-20 16:00:00, 0.00430343
15089, 2017-06-20 17:00:00, 0.00429209
15090, 2017-06-20 18:00:00, 0.00428078
15091, 2017-06-20 19:00:00, 0.0042695
15092, 2017-06-20 20:00:00, 0.00425825
15093, 2017-06-20 21:00:00, 0.00424703
15094, 2017-06-20 22:00:00, 0.00423584
15095, 2017-06-20 23:00:00, 0.00422468
15096, 2017-06-21 00:00:00, 0.00421354
15097, 2017-06-21 01:00:00, 0.00420244
15098, 2017-06-21 02:00:00, 0.00419137
15099, 2017-06-21 03:00:00, 0.00418032
15100, 2017-06-21 04:00:00, 0.00416931
15101, 2017-06-21 05:00:00, 0.00415832
15102, 2017-06-21 06:00:00, 0.00414737
15103, 2017-06-21 07:00:00, 0.00413644
15104, 2017-06-21 08:00:00, 0.00412554
15105, 2017-06-21 09:00:00, 0.00411467
15106, 2017-06-21 10:00:00, 0.00410383
15107, 2017-06-21 11:00:00, 0.00409302
15108, 2017-06-21 12:00:00, 0.00408224
15109, 2017-06-21 13:00:00, 0.00407148
15110, 2017-06-21 14:00:00, 0.00406076
15111, 2017-06-21 15:00:00, 0.00405006
15112, 2017-06-21 16:00:00, 0.00403939
15113, 2017-06-21 17:00:00, 0.00402875
15114, 2017-06-21 18:00:00, 0.00401814
15115, 2017-06-21 19:00:00, 0.00400755
15116, 2017-06-21 20:00:00, 0.003997
15117, 2017-06-21 21:00:00, 0.00398647
15118, 2017-06-21 22:00:00, 0.00397597
15119, 2017-06-21 23:00:00, 0.0039655
15120, 2017-06-22 00:00:00, 0.00395505
15121, 2017-06-22 01:00:00, 0.00394463
15122, 2017-06-22 02:00:00, 0.00393424
15123, 2017-06-22 03:00:00, 0.00392388
15124, 2017-06-22 04:00:00, 0.00391355
15125, 2017-06-22 05:00:00, 0.00390324
15126, 2017-06-22 06:00:00, 0.00389296
15127, 2017-06-22 07:00:00, 0.00388271
15128, 2017-06-22 08:00:00, 0.00387248
15129, 2017-06-22 09:00:00, 0.00386228
15130, 2017-06-22 10:00:00, 0.00385211
15131, 2017-06-22 11:00:00, 0.00384197
15132, 2017-06-22 12:00:00, 0.00383185
15133, 2017-06-22 13:00:00, 0.00382176
15134, 2017-06-22 14:00:00, 0.00381169
15135, 2017-06-22 15:00:00, 0.00380166
15136, 2017-06-22 16:00:00, 0.00379165
15137, 2017-06-22 17:00:00, 0.00378166
15138, 2017-06-22 18:00:00, 0.0037717
15139, 2017-06-22 19:00:00, 0.00376177
15140, 2017-06-22 20:00:00, 0.00375187
15141, 2017-06-22 21:00:00, 0.00374199
15142, 2017-06-22 22:00:00, 0.00373214
15143, 2017-06-22 23:00:00, 0.00372231
15144, 2017-06-23 00:00:00, 0.00371251
15145, 2017-06-23 01:00:00, 0.00370273
15146, 2017-06-23 02:00:00, 0.00369299
15147, 2017-06-23 03:00:00, 0.00368326
15148, 2017-06-23 04:00:00, 0.00367357
15149, 2017-06-23 05:00:00, 0.00366389
15150, 2017-06-23 06:00:00, 0.00365425
15151, 2017-06-23 07:00:00, 0.00364463
15152, 2017-06-23 08:00:00, 0.00363503
15153, 2017-06-23 09:00:00, 0.00362546
15154, 2017-06-23 10:00:00, 0.00361592
15155, 2017-06-23 11:00:00, 0.00360654
15156, 2017-06-23 12:00:00, 0.0035971
15157, 2017-06-23 13:00:00, 0.00358755
15158, 2017-06-23 14:00:00, 0.00357804
15159, 2017-06-23 15:00:00, 0.00356858
15160, 2017-06-23 16:00:00, 0.00355918
15161, 2017-06-23 17:00:00, 0.00354981
15162, 2017-06-23 18:00:00, 0.00354047
15163, 2017-06-23 19:00:00, 0.00353115
15164, 2017-06-23 20:00:00, 0.00352186
15165, 2017-06-23 21:00:00, 0.00351259
15166, 2017-06-23 22:00:00, 0.00350334
15167, 2017-06-23 23:00:00, 0.00349412
15168, 2017-06-24 00:00:00, 0.00348492
15169, 2017-06-24 01:00:00, 0.00347575
15170, 2017-06-24 02:00:00, 0.0034666
15171, 2017-06-24 03:00:00, 0.00345748
15172, 2017-06-24 04:00:00, 0.00344838
15173, 2017-06-24 05:00:00, 0.0034393
15174, 2017-06-24 06:00:00, 0.00343025
15175, 2017-06-24 07:00:00, 0.00342123
15176, 2017-06-24 08:00:00, 0.00341222
15177, 2017-06-24 09:00:00, 0.00340324
15178, 2017-06-24 10:00:00, 0.00339429
15179, 2017-06-24 11:00:00, 0.00338535
15180, 2017-06-24 12:00:00, 0.00338264
15181, 2017-06-24 13:00:00, 0.12304
15182, 2017-06-24 14:00:00, 0.355984
15183, 2017-06-24 15:00:00, 0.182444
15184, 2017-06-24 16:00:00, 0.111797
15185, 2017-06-24 17:00:00, 0.00333958
15186, 2017-06-24 18:00:00, 0.00332349
15187, 2017-06-24 19:00:00, 0.00331474
15188, 2017-06-24 20:00:00, 0.00330602
15189, 2017-06-24 21:00:00, 0.00329732
15190, 2017-06-24 22:00:00, 0.00328864
15191, 2017-06-24 23:00:00, 0.00327999
15192, 2017-06-25 00:00:00, 0.00327136
15193, 2017-06-25 01:00:00, 0.00326275
15194, 2017-06-25 02:00:00, 0.00325417
15195, 2017-06-25 03:00:00, 0.00324561
15196, 2017-06-25 04:00:00, 0.00323707
15197, 2017-06-25 05:00:00, 0.00322855
15198, 2017-06-25 06:00:00, 0.00322006
15199, 2017-06-25 07:00:00, 0.00321159
15200, 2017-06-25 08:00:00, 0.00320314
15201, 2017-06-25 09:00:00, 0.00319471
15202, 2017-06-25 10:00:00, 0.00318631
15203, 2017-06-25 11:00:00, 0.00317793
15204, 2017-06-25 12:00:00, 0.00316957
15205, 2017-06-25 13:00:00, 0.00316123
15206, 2017-06-25 14:00:00, 0.00315291
15207, 2017-06-25 15:00:00, 0.00314462
15208, 2017-06-25 16:00:00, 0.00313635
15209, 2017-06-25 17:00:00, 0.0031281
15210, 2017-06-25 18:00:00, 0.00311987
15211, 2017-06-25 19:00:00, 0.00311166
15212, 2017-06-25 20:00:00, 0.00310348
15213, 2017-06-25 21:00:00, 0.00340657
15214, 2017-06-25 22:00:00, 0.00322865
15215, 2017-06-25 23:00:00, 0.00319224
15216, 2017-06-26 00:00:00, 0.00307095
15217, 2017-06-26 01:00:00, 0.00306287
15218, 2017-06-26 02:00:00, 0.00305482
15219, 2017-06-26 03:00:00, 0.00304678
15220, 2017-06-26 04:00:00, 0.00303877
15221, 2017-06-26 05:00:00, 0.00303078
15222, 2017-06-26 06:00:00, 0.00302281
15223, 2017-06-26 07:00:00, 0.00301486
15224, 2017-06-26 08:00:00, 0.00300693
15225, 2017-06-26 09:00:00, 0.00299902
15226, 2017-06-26 10:00:00, 0.00299113
15227, 2017-06-26 11:00:00, 0.00298327
15228, 2017-06-26 12:00:00, 0.00297542
15229, 2017-06-26 13:00:00, 0.0029676
15230, 2017-06-26 14:00:00, 0.00295979
15231, 2017-06-26 15:00:00, 0.00295201
15232, 2017-06-26 16:00:00, 0.00294425
15233, 2017-06-26 17:00:00, 0.0029365
15234, 2017-06-26 18:00:00, 0.00292878
15235, 2017-06-26 19:00:00, 0.00292108
15236, 2017-06-26 20:00:00, 0.0029134
15237, 2017-06-26 21:00:00, 0.00290574
15238, 2017-06-26 22:00:00, 0.0028981
15239, 2017-06-26 23:00:00, 0.00289048
15240, 2017-06-27 00:00:00, 0.00288288
15241, 2017-06-27 01:00:00, 0.00287529
15242, 2017-06-27 02:00:00, 0.00286773
15243, 2017-06-27 03:00:00, 0.00286019
15244, 2017-06-27 04:00:00, 0.00285267
15245, 2017-06-27 05:00:00, 0.00284517
15246, 2017-06-27 06:00:00, 0.00283769
15247, 2017-06-27 07:00:00, 0.00283023
15248, 2017-06-27 08:00:00, 0.00282279
15249, 2017-06-27 09:00:00, 0.00281537
15250, 2017-06-27 10:00:00, 0.00280797
15251, 2017-06-27 11:00:00, 0.00280058
15252, 2017-06-27 12:00:00, 0.00279322
15253, 2017-06-27 13:00:00, 0.00278588
15254, 2017-06-27 14:00:00, 0.0033142
15255, 2017-06-27 15:00:00, 0.00301472
15256, 2017-06-27 16:00:00, 0.00295874
15257, 2017-06-27 17:00:00, 0.0027567
15258, 2017-06-27 18:00:00, 0.00274945
15259, 2017-06-27 19:00:00, 0.00274222
15260, 2017-06-27 20:00:00, 0.00273501
15261, 2017-06-27 21:00:00, 0.00272782
15262, 2017-06-27 22:00:00, 0.00272065
15263, 2017-06-27 23:00:00, 0.0027135
15264, 2017-06-28 00:00:00, 0.237244
15265, 2017-06-28 01:00:00, 0.121233
15266, 2017-06-28 02:00:00, 0.0933994
15267, 2017-06-28 03:00:00, 0.00702171
15268, 2017-06-28 04:00:00, 0.00267802
15269, 2017-06-28 05:00:00, 0.00267098
15270, 2017-06-28 06:00:00, 0.00266396
15271, 2017-06-28 07:00:00, 0.00265696
15272, 2017-06-28 08:00:00, 0.00264998
15273, 2017-06-28 09:00:00, 0.00264301
15274, 2017-06-28 10:00:00, 0.00263606
15275, 2017-06-28 11:00:00, 0.00262914
15276, 2017-06-28 12:00:00, 0.00262223
15277, 2017-06-28 13:00:00, 0.00261533
15278, 2017-06-28 14:00:00, 0.00260846
15279, 2017-06-28 15:00:00, 0.0026016
15280, 2017-06-28 16:00:00, 0.00259477
15281, 2017-06-28 17:00:00, 0.00258795
15282, 2017-06-28 18:00:00, 0.00258114
15283, 2017-06-28 19:00:00, 0.00257436
15284, 2017-06-28 20:00:00, 0.00256759
15285, 2017-06-28 21:00:00, 0.00256085
15286, 2017-06-28 22:00:00, 0.00255412
15287, 2017-06-28 23:00:00, 0.0025474
15288, 2017-06-29 00:00:00, 0.00254071
15289, 2017-06-29 01:00:00, 0.00253403
15290, 2017-06-29 02:00:00, 0.00252737
15291, 2017-06-29 03:00:00, 0.00252073
15292, 2017-06-29 04:00:00, 0.00251411
15293, 2017-06-29 05:00:00, 0.0025075
15294, 2017-06-29 06:00:00, 0.00250091
15295, 2017-06-29 07:00:00, 0.00249434
15296, 2017-06-29 08:00:00, 0.00248778
15297, 2017-06-29 09:00:00, 0.00248125
15298, 2017-06-29 10:00:00, 0.00247473
15299, 2017-06-29 11:00:00, 0.00246822
15300, 2017-06-29 12:00:00, 0.00246174
15301, 2017-06-29 13:00:00, 0.00245527
15302, 2017-06-29 14:00:00, 0.00244882
15303, 2017-06-29 15:00:00, 0.00244238
15304, 2017-06-29 16:00:00, 0.00243597
15305, 2017-06-29 17:00:00, 0.00242956
15306, 2017-06-29 18:00:00, 0.00242318
15307, 2017-06-29 19:00:00, 0.00241681
15308, 2017-06-29 20:00:00, 0.00241046
15309, 2017-06-29 21:00:00, 0.00240413
15310, 2017-06-29 22:00:00, 0.00239781
15311, 2017-06-29 23:00:00, 0.00239151
15312, 2017-06-30 00:00:00, 0.00238523
15313, 2017-06-30 01:00:00, 0.00237896
15314, 2017-06-30 02:00:00, 0.00237271
15315, 2017-06-30 03:00:00, 0.00236648
15316, 2017-06-30 04:00:00, 0.00236026
15317, 2017-06-30 05:00:00, 0.00235406
15318, 2017-06-30 06:00:00, 0.00234788
15319, 2017-06-30 07:00:00, 0.00234171
15320, 2017-06-30 08:00:00, 0.00233556
15321, 2017-06-30 09:00:00, 0.00232942
15322, 2017-06-30 10:00:00, 0.0023233
15323, 2017-06-30 11:00:00, 0.0023172
15324, 2017-06-30 12:00:00, 0.00231111
15325, 2017-06-30 13:00:00, 0.00230504
15326, 2017-06-30 14:00:00, 0.00229898
15327, 2017-06-30 15:00:00, 0.00229294
15328, 2017-06-30 16:00:00, 0.00228692
15329, 2017-06-30 17:00:00, 0.00228091
15330, 2017-06-30 18:00:00, 0.00227492
15331, 2017-06-30 19:00:00, 0.00226894
15332, 2017-06-30 20:00:00, 0.00226298
15333, 2017-06-30 21:00:00, 0.00225704
15334, 2017-06-30 22:00:00, 0.00225111
15335, 2017-06-30 23:00:00, 0.00389486
15336, 2017-07-01 00:00:00, 0.174121
15337, 2017-07-01 01:00:00, 0.116362
15338, 2017-07-01 02:00:00, 0.0807032
15339, 2017-07-01 03:00:00, 0.0152185
15340, 2017-07-01 04:00:00, 0.0032383
15341, 2017-07-01 05:00:00, 0.00267479
15342, 2017-07-01 06:00:00, 0.00257603
15343, 2017-07-01 07:00:00, 0.00219845
15344, 2017-07-01 08:00:00, 0.00219267
15345, 2017-07-01 09:00:00, 0.00218692
15346, 2017-07-01 10:00:00, 0.00218117
15347, 2017-07-01 11:00:00, 0.00217556
15348, 2017-07-01 12:00:00, 0.00216987
15349, 2017-07-01 13:00:00, 0.00216411
15350, 2017-07-01 14:00:00, 0.00215838
15351, 2017-07-01 15:00:00, 0.00215268
15352, 2017-07-01 16:00:00, 0.00214702
15353, 2017-07-01 17:00:00, 0.00214139
15354, 2017-07-01 18:00:00, 0.00213576
15355, 2017-07-01 19:00:00, 0.00213015
15356, 2017-07-01 20:00:00, 0.00212456
15357, 2017-07-01 21:00:00, 0.00211898
15358, 2017-07-01 22:00:00, 0.00211341
15359, 2017-07-01 23:00:00, 0.00210786
15360, 2017-07-02 00:00:00, 0.00210233
15361, 2017-07-02 01:00:00, 0.00209681
15362, 2017-07-02 02:00:00, 0.0020913
15363, 2017-07-02 03:00:00, 0.00208581
15364, 2017-07-02 04:00:00, 0.00208033
15365, 2017-07-02 05:00:00, 0.00207487
15366, 2017-07-02 06:00:00, 0.00206942
15367, 2017-07-02 07:00:00, 0.00206398
15368, 2017-07-02 08:00:00, 0.00205856
15369, 2017-07-02 09:00:00, 0.00205316
15370, 2017-07-02 10:00:00, 0.00204779
15371, 2017-07-02 11:00:00, 0.0020425
15372, 2017-07-02 12:00:00, 0.00203708
15373, 2017-07-02 13:00:00, 0.00203171
15374, 2017-07-02 14:00:00, 0.00202634
15375, 2017-07-02 15:00:00, 0.00202102
15376, 2017-07-02 16:00:00, 0.00201571
15377, 2017-07-02 17:00:00, 0.00201042
15378, 2017-07-02 18:00:00, 0.00200514
15379, 2017-07-02 19:00:00, 0.00199988
15380, 2017-07-02 20:00:00, 0.00199463
15381, 2017-07-02 21:00:00, 0.00198939
15382, 2017-07-02 22:00:00, 0.00198417
15383, 2017-07-02 23:00:00, 0.00197896
15384, 2017-07-03 00:00:00, 0.00197376
15385, 2017-07-03 01:00:00, 0.00196858
15386, 2017-07-03 02:00:00, 0.00196341
15387, 2017-07-03 03:00:00, 0.00195825
15388, 2017-07-03 04:00:00, 0.00195311
15389, 2017-07-03 05:00:00, 0.00194798
15390, 2017-07-03 06:00:00, 0.00194287
15391, 2017-07-03 07:00:00, 0.00193777
15392, 2017-07-03 08:00:00, 0.00193268
15393, 2017-07-03 09:00:00, 0.00192761
15394, 2017-07-03 10:00:00, 0.00192255
15395, 2017-07-03 11:00:00, 0.0019175
15396, 2017-07-03 12:00:00, 0.00191246
15397, 2017-07-03 13:00:00, 0.00190744
15398, 2017-07-03 14:00:00, 0.00190244
15399, 2017-07-03 15:00:00, 0.00189744
15400, 2017-07-03 16:00:00, 0.00189246
15401, 2017-07-03 17:00:00, 0.00188749
15402, 2017-07-03 18:00:00, 0.00188254
15403, 2017-07-03 19:00:00, 0.00187759
15404, 2017-07-03 20:00:00, 0.00187266
15405, 2017-07-03 21:00:00, 0.00186775
15406, 2017-07-03 22:00:00, 0.00186284
15407, 2017-07-03 23:00:00, 0.00185795
15408, 2017-07-04 00:00:00, 0.00185308
15409, 2017-07-04 01:00:00, 0.00184821
15410, 2017-07-04 02:00:00, 0.00184336
15411, 2017-07-04 03:00:00, 0.00183852
15412, 2017-07-04 04:00:00, 0.0018337
15413, 2017-07-04 05:00:00, 0.00182888
15414, 2017-07-04 06:00:00, 0.00182408
15415, 2017-07-04 07:00:00, 0.00181929
15416, 2017-07-04 08:00:00, 0.00181452
15417, 2017-07-04 09:00:00, 0.00180975
15418, 2017-07-04 10:00:00, 0.001805
15419, 2017-07-04 11:00:00, 0.00180027
15420, 2017-07-04 12:00:00, 0.00179554
15421, 2017-07-04 13:00:00, 0.00179083
15422, 2017-07-04 14:00:00, 0.00178613
15423, 2017-07-04 15:00:00, 0.00178144
15424, 2017-07-04 16:00:00, 0.00177676
15425, 2017-07-04 17:00:00, 0.0017721
15426, 2017-07-04 18:00:00, 0.00176745
15427, 2017-07-04 19:00:00, 0.00176281
15428, 2017-07-04 20:00:00, 0.00175818
15429, 2017-07-04 21:00:00, 0.00175357
15430, 2017-07-04 22:00:00, 0.00174896
15431, 2017-07-04 23:00:00, 0.00174437
15432, 2017-07-05 00:00:00, 0.00173979
15433, 2017-07-05 01:00:00, 0.00173523
15434, 2017-07-05 02:00:00, 0.00173067
15435, 2017-07-05 03:00:00, 0.00172613
15436, 2017-07-05 04:00:00, 0.0017216
15437, 2017-07-05 05:00:00, 0.00171708
15438, 2017-07-05 06:00:00, 0.00171258
15439, 2017-07-05 07:00:00, 0.00170808
15440, 2017-07-05 08:00:00, 0.0017036
15441, 2017-07-05 09:00:00, 0.00169913
15442, 2017-07-05 10:00:00, 0.00169467
15443, 2017-07-05 11:00:00, 0.00169022
15444, 2017-07-05 12:00:00, 0.00168578
15445, 2017-07-05 13:00:00, 0.00168136
15446, 2017-07-05 14:00:00, 0.00167695
15447, 2017-07-05 15:00:00, 0.00167255
15448, 2017-07-05 16:00:00, 0.00166816
15449, 2017-07-05 17:00:00, 0.00166378
15450, 2017-07-05 18:00:00, 0.00165941
15451, 2017-07-05 19:00:00, 0.00165506
15452, 2017-07-05 20:00:00, 0.00165071
15453, 2017-07-05 21:00:00, 0.00164638
15454, 2017-07-05 22:00:00, 0.00164206
15455, 2017-07-05 23:00:00, 0.00163775
15456, 2017-07-06 00:00:00, 0.00163346
15457, 2017-07-06 01:00:00, 0.00162917
15458, 2017-07-06 02:00:00, 0.00162489
15459, 2017-07-06 03:00:00, 0.00162063
15460, 2017-07-06 04:00:00, 0.00161638
15461, 2017-07-06 05:00:00, 0.00161213
15462, 2017-07-06 06:00:00, 0.0016079
15463, 2017-07-06 07:00:00, 0.00160368
15464, 2017-07-06 08:00:00, 0.00159948
15465, 2017-07-06 09:00:00, 0.00159528
15466, 2017-07-06 10:00:00, 0.00159109
15467, 2017-07-06 11:00:00, 0.00158692
15468, 2017-07-06 12:00:00, 0.00158276
15469, 2017-07-06 13:00:00, 0.00157861
15470, 2017-07-06 14:00:00, 0.00157446
15471, 2017-07-06 15:00:00, 0.00157033
15472, 2017-07-06 16:00:00, 0.00156621
15473, 2017-07-06 17:00:00, 0.0015621
15474, 2017-07-06 18:00:00, 0.001558
15475, 2017-07-06 19:00:00, 0.00155391
15476, 2017-07-06 20:00:00, 0.00154983
15477, 2017-07-06 21:00:00, 0.00154577
15478, 2017-07-06 22:00:00, 0.00154171
15479, 2017-07-06 23:00:00, 0.00153767
15480, 2017-07-07 00:00:00, 0.00153363
15481, 2017-07-07 01:00:00, 0.00152961
15482, 2017-07-07 02:00:00, 0.00152559
15483, 2017-07-07 03:00:00, 0.00152159
15484, 2017-07-07 04:00:00, 0.0015176
15485, 2017-07-07 05:00:00, 0.00151362
15486, 2017-07-07 06:00:00, 0.00150965
15487, 2017-07-07 07:00:00, 0.00150568
15488, 2017-07-07 08:00:00, 0.00150173
15489, 2017-07-07 09:00:00, 0.00149779
15490, 2017-07-07 10:00:00, 0.00149386
15491, 2017-07-07 11:00:00, 0.00148995
15492, 2017-07-07 12:00:00, 0.00311032
15493, 2017-07-07 13:00:00, 0.00559994
15494, 2017-07-07 14:00:00, 0.0482899
15495, 2017-07-07 15:00:00, 0.488305
15496, 2017-07-07 16:00:00, 0.543286
15497, 2017-07-07 17:00:00, 0.570397
15498, 2017-07-07 18:00:00, 0.480556
15499, 2017-07-07 19:00:00, 0.372376
15500, 2017-07-07 20:00:00, 0.201668
15501, 2017-07-07 21:00:00, 0.0773826
15502, 2017-07-07 22:00:00, 0.0142543
15503, 2017-07-07 23:00:00, 0.00146816
15504, 2017-07-08 00:00:00, 0.00143992
15505, 2017-07-08 01:00:00, 0.00143614
15506, 2017-07-08 02:00:00, 0.00143238
15507, 2017-07-08 03:00:00, 0.00142862
15508, 2017-07-08 04:00:00, 0.00142487
15509, 2017-07-08 05:00:00, 0.00142113
15510, 2017-07-08 06:00:00, 0.00141741
15511, 2017-07-08 07:00:00, 0.00141369
15512, 2017-07-08 08:00:00, 0.00149791
15513, 2017-07-08 09:00:00, 0.00147364
15514, 2017-07-08 10:00:00, 0.00144711
15515, 2017-07-08 11:00:00, 0.00140918
15516, 2017-07-08 12:00:00, 0.00139571
15517, 2017-07-08 13:00:00, 0.00139211
15518, 2017-07-08 14:00:00, 0.00138817
15519, 2017-07-08 15:00:00, 0.00138439
15520, 2017-07-08 16:00:00, 0.00138066
15521, 2017-07-08 17:00:00, 0.00137704
15522, 2017-07-08 18:00:00, 0.00137342
15523, 2017-07-08 19:00:00, 0.00136982
15524, 2017-07-08 20:00:00, 0.00136623
15525, 2017-07-08 21:00:00, 0.00136265
15526, 2017-07-08 22:00:00, 0.00135907
15527, 2017-07-08 23:00:00, 0.00135551
15528, 2017-07-09 00:00:00, 0.00137776
15529, 2017-07-09 01:00:00, 0.00136014
15530, 2017-07-09 02:00:00, 0.00135425
15531, 2017-07-09 03:00:00, 0.00134134
15532, 2017-07-09 04:00:00, 0.00133782
15533, 2017-07-09 05:00:00, 0.00133431
15534, 2017-07-09 06:00:00, 0.00133081
15535, 2017-07-09 07:00:00, 0.00132732
15536, 2017-07-09 08:00:00, 0.00132384
15537, 2017-07-09 09:00:00, 0.00132037
15538, 2017-07-09 10:00:00, 0.0013169
15539, 2017-07-09 11:00:00, 0.00131345
15540, 2017-07-09 12:00:00, 0.00131001
15541, 2017-07-09 13:00:00, 0.00130657
15542, 2017-07-09 14:00:00, 0.00130314
15543, 2017-07-09 15:00:00, 0.00129972
15544, 2017-07-09 16:00:00, 0.00129632
15545, 2017-07-09 17:00:00, 0.00129292
15546, 2017-07-09 18:00:00, 0.00128952
15547, 2017-07-09 19:00:00, 0.00128614
15548, 2017-07-09 20:00:00, 0.00128277
15549, 2017-07-09 21:00:00, 0.0012794
15550, 2017-07-09 22:00:00, 0.00127605
15551, 2017-07-09 23:00:00, 0.0012727
15552, 2017-07-10 00:00:00, 0.00126936
15553, 2017-07-10 01:00:00, 0.00126604
15554, 2017-07-10 02:00:00, 0.00126272
15555, 2017-07-10 03:00:00, 0.0012594
15556, 2017-07-10 04:00:00, 0.0012561
15557, 2017-07-10 05:00:00, 0.00125281
15558, 2017-07-10 06:00:00, 0.00124952
15559, 2017-07-10 07:00:00, 0.00124624
15560, 2017-07-10 08:00:00, 0.00124298
15561, 2017-07-10 09:00:00, 0.00123972
15562, 2017-07-10 10:00:00, 0.00123646
15563, 2017-07-10 11:00:00, 0.00123322
15564, 2017-07-10 12:00:00, 0.00123003
15565, 2017-07-10 13:00:00, 0.00122678
15566, 2017-07-10 14:00:00, 0.00122356
15567, 2017-07-10 15:00:00, 0.00122034
15568, 2017-07-10 16:00:00, 0.00121714
15569, 2017-07-10 17:00:00, 0.00121394
15570, 2017-07-10 18:00:00, 0.00121076
15571, 2017-07-10 19:00:00, 0.00120758
15572, 2017-07-10 20:00:00, 0.00120442
15573, 2017-07-10 21:00:00, 0.00120126
15574, 2017-07-10 22:00:00, 0.00119811
15575, 2017-07-10 23:00:00, 0.00119497
15576, 2017-07-11 00:00:00, 0.00119183
15577, 2017-07-11 01:00:00, 0.00118871
15578, 2017-07-11 02:00:00, 0.00118559
15579, 2017-07-11 03:00:00, 0.00118248
15580, 2017-07-11 04:00:00, 0.00117938
15581, 2017-07-11 05:00:00, 0.00117629
15582, 2017-07-11 06:00:00, 0.0011732
15583, 2017-07-11 07:00:00, 0.00118191
15584, 2017-07-11 08:00:00, 0.00280134
15585, 2017-07-11 09:00:00, 0.044809
15586, 2017-07-11 10:00:00, 1.87862
15587, 2017-07-11 11:00:00, 0.877136
15588, 2017-07-11 12:00:00, 0.704167
15589, 2017-07-11 13:00:00, 0.0173236
15590, 2017-07-11 14:00:00, 0.00901951
15591, 2017-07-11 15:00:00, 0.00154308
15592, 2017-07-11 16:00:00, 0.0011428
15593, 2017-07-11 17:00:00, 0.0011398
15594, 2017-07-11 18:00:00, 0.00113681
15595, 2017-07-11 19:00:00, 0.00113383
15596, 2017-07-11 20:00:00, 0.00113086
15597, 2017-07-11 21:00:00, 0.0011279
15598, 2017-07-11 22:00:00, 0.00112494
15599, 2017-07-11 23:00:00, 0.00112199
15600, 2017-07-12 00:00:00, 0.00111905
15601, 2017-07-12 01:00:00, 0.00111611
15602, 2017-07-12 02:00:00, 0.00111319
15603, 2017-07-12 03:00:00, 0.00111027
15604, 2017-07-12 04:00:00, 0.00110736
15605, 2017-07-12 05:00:00, 0.00110445
15606, 2017-07-12 06:00:00, 0.00110156
15607, 2017-07-12 07:00:00, 0.00109867
15608, 2017-07-12 08:00:00, 0.00109579
15609, 2017-07-12 09:00:00, 0.00110984
15610, 2017-07-12 10:00:00, 0.00109774
15611, 2017-07-12 11:00:00, 0.00109338
15612, 2017-07-12 12:00:00, 0.00108437
15613, 2017-07-12 13:00:00, 0.00108152
15614, 2017-07-12 14:00:00, 0.00107867
15615, 2017-07-12 15:00:00, 0.00107583
15616, 2017-07-12 16:00:00, 0.00107301
15617, 2017-07-12 17:00:00, 0.0010702
15618, 2017-07-12 18:00:00, 0.00106739
15619, 2017-07-12 19:00:00, 0.00106459
15620, 2017-07-12 20:00:00, 0.0995579
15621, 2017-07-12 21:00:00, 3.28525
15622, 2017-07-12 22:00:00, 4.87045
15623, 2017-07-12 23:00:00, 11.6876
15624, 2017-07-13 00:00:00, 5.41105
15625, 2017-07-13 01:00:00, 3.88942
15626, 2017-07-13 02:00:00, 1.05895
15627, 2017-07-13 03:00:00, 1.26391
15628, 2017-07-13 04:00:00, 1.35054
15629, 2017-07-13 05:00:00, 1.35143
15630, 2017-07-13 06:00:00, 1.29858
15631, 2017-07-13 07:00:00, 1.21416
15632, 2017-07-13 08:00:00, 1.11361
15633, 2017-07-13 09:00:00, 1.00726
15634, 2017-07-13 10:00:00, 0.901828
15635, 2017-07-13 11:00:00, 0.80161
15636, 2017-07-13 12:00:00, 0.708932
15637, 2017-07-13 13:00:00, 0.62526
15638, 2017-07-13 14:00:00, 0.550865
15639, 2017-07-13 15:00:00, 0.48557
15640, 2017-07-13 16:00:00, 0.428555
15641, 2017-07-13 17:00:00, 0.37899
15642, 2017-07-13 18:00:00, 0.340632
15643, 2017-07-13 19:00:00, 0.305148
15644, 2017-07-13 20:00:00, 0.273358
15645, 2017-07-13 21:00:00, 0.705615
15646, 2017-07-13 22:00:00, 0.514536
15647, 2017-07-13 23:00:00, 0.738231
15648, 2017-07-14 00:00:00, 0.812425
15649, 2017-07-14 01:00:00, 0.947479
15650, 2017-07-14 02:00:00, 1.00364
15651, 2017-07-14 03:00:00, 1.00463
15652, 2017-07-14 04:00:00, 0.969968
15653, 2017-07-14 05:00:00, 0.914414
15654, 2017-07-14 06:00:00, 0.848123
15655, 2017-07-14 07:00:00, 0.777932
15656, 2017-07-14 08:00:00, 0.7083
15657, 2017-07-14 09:00:00, 0.641998
15658, 2017-07-14 10:00:00, 0.580623
15659, 2017-07-14 11:00:00, 0.524962
15660, 2017-07-14 12:00:00, 0.475263
15661, 2017-07-14 13:00:00, 0.431423
15662, 2017-07-14 14:00:00, 0.394113
15663, 2017-07-14 15:00:00, 0.362655
15664, 2017-07-14 16:00:00, 0.333504
15665, 2017-07-14 17:00:00, 0.314477
15666, 2017-07-14 18:00:00, 0.296719
15667, 2017-07-14 19:00:00, 0.280714
15668, 2017-07-14 20:00:00, 0.266276
15669, 2017-07-14 21:00:00, 0.253416
15670, 2017-07-14 22:00:00, 0.242074
15671, 2017-07-14 23:00:00, 0.232145
15672, 2017-07-15 00:00:00, 0.223504
15673, 2017-07-15 01:00:00, 0.216015
15674, 2017-07-15 02:00:00, 0.209545
15675, 2017-07-15 03:00:00, 0.203965
15676, 2017-07-15 04:00:00, 0.199157
15677, 2017-07-15 05:00:00, 0.195013
15678, 2017-07-15 06:00:00, 0.191437
15679, 2017-07-15 07:00:00, 0.188344
15680, 2017-07-15 08:00:00, 0.18566
15681, 2017-07-15 09:00:00, 0.183321
15682, 2017-07-15 10:00:00, 0.181272
15683, 2017-07-15 11:00:00, 0.179467
15684, 2017-07-15 12:00:00, 0.177866
15685, 2017-07-15 13:00:00, 0.176434
15686, 2017-07-15 14:00:00, 0.175145
15687, 2017-07-15 15:00:00, 0.173973
15688, 2017-07-15 16:00:00, 0.172899
15689, 2017-07-15 17:00:00, 0.171907
15690, 2017-07-15 18:00:00, 0.170982
15691, 2017-07-15 19:00:00, 0.170114
15692, 2017-07-15 20:00:00, 0.169292
15693, 2017-07-15 21:00:00, 0.168509
15694, 2017-07-15 22:00:00, 0.167759
15695, 2017-07-15 23:00:00, 0.167035
15696, 2017-07-16 00:00:00, 0.166334
15697, 2017-07-16 01:00:00, 0.165652
15698, 2017-07-16 02:00:00, 0.164987
15699, 2017-07-16 03:00:00, 0.164334
15700, 2017-07-16 04:00:00, 0.163693
15701, 2017-07-16 05:00:00, 0.163063
15702, 2017-07-16 06:00:00, 0.162441
15703, 2017-07-16 07:00:00, 0.161826
15704, 2017-07-16 08:00:00, 0.161218
15705, 2017-07-16 09:00:00, 0.160616
15706, 2017-07-16 10:00:00, 0.160019
15707, 2017-07-16 11:00:00, 0.159427
15708, 2017-07-16 12:00:00, 0.158839
15709, 2017-07-16 13:00:00, 0.158255
15710, 2017-07-16 14:00:00, 0.157675
15711, 2017-07-16 15:00:00, 0.157099
15712, 2017-07-16 16:00:00, 0.156526
15713, 2017-07-16 17:00:00, 0.155956
15714, 2017-07-16 18:00:00, 0.15539
15715, 2017-07-16 19:00:00, 0.154826
15716, 2017-07-16 20:00:00, 0.154265
15717, 2017-07-16 21:00:00, 0.153707
15718, 2017-07-16 22:00:00, 0.153152
15719, 2017-07-16 23:00:00, 0.152599
15720, 2017-07-17 00:00:00, 0.15205
15721, 2017-07-17 01:00:00, 0.151502
15722, 2017-07-17 02:00:00, 0.150958
15723, 2017-07-17 03:00:00, 0.150416
15724, 2017-07-17 04:00:00, 0.149876
15725, 2017-07-17 05:00:00, 0.149339
15726, 2017-07-17 06:00:00, 0.148804
15727, 2017-07-17 07:00:00, 0.148272
15728, 2017-07-17 08:00:00, 0.147743
15729, 2017-07-17 09:00:00, 0.147215
15730, 2017-07-17 10:00:00, 0.14669
15731, 2017-07-17 11:00:00, 0.146168
15732, 2017-07-17 12:00:00, 0.145648
15733, 2017-07-17 13:00:00, 0.14513
15734, 2017-07-17 14:00:00, 0.144614
15735, 2017-07-17 15:00:00, 0.144101
15736, 2017-07-17 16:00:00, 0.14359
15737, 2017-07-17 17:00:00, 0.143082
15738, 2017-07-17 18:00:00, 0.142576
15739, 2017-07-17 19:00:00, 0.142072
15740, 2017-07-17 20:00:00, 0.14157
15741, 2017-07-17 21:00:00, 0.14107
15742, 2017-07-17 22:00:00, 0.140573
15743, 2017-07-17 23:00:00, 0.140078
15744, 2017-07-18 00:00:00, 0.139585
15745, 2017-07-18 01:00:00, 0.139094
15746, 2017-07-18 02:00:00, 0.138605
15747, 2017-07-18 03:00:00, 0.138119
15748, 2017-07-18 04:00:00, 0.137635
15749, 2017-07-18 05:00:00, 0.137152
15750, 2017-07-18 06:00:00, 0.136672
15751, 2017-07-18 07:00:00, 0.136194
15752, 2017-07-18 08:00:00, 0.135719
15753, 2017-07-18 09:00:00, 0.135245
15754, 2017-07-18 10:00:00, 0.134774
15755, 2017-07-18 11:00:00, 0.134304
15756, 2017-07-18 12:00:00, 0.133836
15757, 2017-07-18 13:00:00, 0.13337
15758, 2017-07-18 14:00:00, 0.132906
15759, 2017-07-18 15:00:00, 0.132445
15760, 2017-07-18 16:00:00, 0.131985
15761, 2017-07-18 17:00:00, 0.131528
15762, 2017-07-18 18:00:00, 0.131072
15763, 2017-07-18 19:00:00, 0.130618
15764, 2017-07-18 20:00:00, 0.130167
15765, 2017-07-18 21:00:00, 0.129973
15766, 2017-07-18 22:00:00, 0.860973
15767, 2017-07-18 23:00:00, 2.50323
15768, 2017-07-19 00:00:00, 1.37517
15769, 2017-07-19 01:00:00, 1.31001
15770, 2017-07-19 02:00:00, 0.838336
15771, 2017-07-19 03:00:00, 0.961649
15772, 2017-07-19 04:00:00, 1.00657
15773, 2017-07-19 05:00:00, 1.00518
15774, 2017-07-19 06:00:00, 0.966582
15775, 2017-07-19 07:00:00, 0.92433
15776, 2017-07-19 08:00:00, 0.867404
15777, 2017-07-19 09:00:00, 0.80375
15778, 2017-07-19 10:00:00, 0.738341
15779, 2017-07-19 11:00:00, 0.674733
15780, 2017-07-19 12:00:00, 0.61496
15781, 2017-07-19 13:00:00, 0.560114
15782, 2017-07-19 14:00:00, 0.510668
15783, 2017-07-19 15:00:00, 0.46654
15784, 2017-07-19 16:00:00, 0.427568
15785, 2017-07-19 17:00:00, 0.39348
15786, 2017-07-19 18:00:00, 0.363897
15787, 2017-07-19 19:00:00, 0.338383
15788, 2017-07-19 20:00:00, 0.316492
15789, 2017-07-19 21:00:00, 0.297785
15790, 2017-07-19 22:00:00, 0.281851
15791, 2017-07-19 23:00:00, 0.268312
15792, 2017-07-20 00:00:00, 0.256826
15793, 2017-07-20 01:00:00, 0.247092
15794, 2017-07-20 02:00:00, 0.238845
15795, 2017-07-20 03:00:00, 0.231853
15796, 2017-07-20 04:00:00, 0.225919
15797, 2017-07-20 05:00:00, 0.220872
15798, 2017-07-20 06:00:00, 0.216566
15799, 2017-07-20 07:00:00, 0.21288
15800, 2017-07-20 08:00:00, 0.209709
15801, 2017-07-20 09:00:00, 0.206966
15802, 2017-07-20 10:00:00, 0.204578
15803, 2017-07-20 11:00:00, 0.202485
15804, 2017-07-20 12:00:00, 0.200635
15805, 2017-07-20 13:00:00, 0.198986
15806, 2017-07-20 14:00:00, 0.197503
15807, 2017-07-20 15:00:00, 0.196157
15808, 2017-07-20 16:00:00, 0.194924
15809, 2017-07-20 17:00:00, 0.193784
15810, 2017-07-20 18:00:00, 0.192722
15811, 2017-07-20 19:00:00, 0.191723
15812, 2017-07-20 20:00:00, 0.190777
15813, 2017-07-20 21:00:00, 0.189874
15814, 2017-07-20 22:00:00, 0.189008
15815, 2017-07-20 23:00:00, 0.189255
15816, 2017-07-21 00:00:00, 0.195247
15817, 2017-07-21 01:00:00, 0.190326
15818, 2017-07-21 02:00:00, 0.188487
15819, 2017-07-21 03:00:00, 0.185041
15820, 2017-07-21 04:00:00, 0.184297
15821, 2017-07-21 05:00:00, 0.183564
15822, 2017-07-21 06:00:00, 0.182841
15823, 2017-07-21 07:00:00, 0.182127
15824, 2017-07-21 08:00:00, 0.181419
15825, 2017-07-21 09:00:00, 0.180719
15826, 2017-07-21 10:00:00, 0.180025
15827, 2017-07-21 11:00:00, 0.179336
15828, 2017-07-21 12:00:00, 0.178652
15829, 2017-07-21 13:00:00, 0.177973
15830, 2017-07-21 14:00:00, 0.177298
15831, 2017-07-21 15:00:00, 0.176628
15832, 2017-07-21 16:00:00, 0.175962
15833, 2017-07-21 17:00:00, 0.175299
15834, 2017-07-21 18:00:00, 0.17464
15835, 2017-07-21 19:00:00, 0.173985
15836, 2017-07-21 20:00:00, 0.173333
15837, 2017-07-21 21:00:00, 0.172685
15838, 2017-07-21 22:00:00, 0.17204
15839, 2017-07-21 23:00:00, 0.171398
15840, 2017-07-22 00:00:00, 0.17076
15841, 2017-07-22 01:00:00, 0.170124
15842, 2017-07-22 02:00:00, 0.169492
15843, 2017-07-22 03:00:00, 0.168863
15844, 2017-07-22 04:00:00, 0.168237
15845, 2017-07-22 05:00:00, 0.167614
15846, 2017-07-22 06:00:00, 0.166994
15847, 2017-07-22 07:00:00, 0.166377
15848, 2017-07-22 08:00:00, 0.165763
15849, 2017-07-22 09:00:00, 0.165152
15850, 2017-07-22 10:00:00, 0.164544
15851, 2017-07-22 11:00:00, 0.163939
15852, 2017-07-22 12:00:00, 0.163336
15853, 2017-07-22 13:00:00, 0.162737
15854, 2017-07-22 14:00:00, 0.16214
15855, 2017-07-22 15:00:00, 0.161546
15856, 2017-07-22 16:00:00, 0.160955
15857, 2017-07-22 17:00:00, 0.160367
15858, 2017-07-22 18:00:00, 0.159782
15859, 2017-07-22 19:00:00, 0.159199
15860, 2017-07-22 20:00:00, 0.158619
15861, 2017-07-22 21:00:00, 0.158041
15862, 2017-07-22 22:00:00, 0.157467
15863, 2017-07-22 23:00:00, 0.156895
15864, 2017-07-23 00:00:00, 0.156326
15865, 2017-07-23 01:00:00, 0.155759
15866, 2017-07-23 02:00:00, 0.155195
15867, 2017-07-23 03:00:00, 0.154633
15868, 2017-07-23 04:00:00, 0.154074
15869, 2017-07-23 05:00:00, 0.153518
15870, 2017-07-23 06:00:00, 0.152964
15871, 2017-07-23 07:00:00, 0.152413
15872, 2017-07-23 08:00:00, 0.151865
15873, 2017-07-23 09:00:00, 0.151319
15874, 2017-07-23 10:00:00, 0.150775
15875, 2017-07-23 11:00:00, 0.150234
15876, 2017-07-23 12:00:00, 0.149695
15877, 2017-07-23 13:00:00, 0.149159
15878, 2017-07-23 14:00:00, 0.148625
15879, 2017-07-23 15:00:00, 0.148094
15880, 2017-07-23 16:00:00, 0.147565
15881, 2017-07-23 17:00:00, 0.147038
15882, 2017-07-23 18:00:00, 0.146514
15883, 2017-07-23 19:00:00, 0.145992
15884, 2017-07-23 20:00:00, 0.145473
15885, 2017-07-23 21:00:00, 0.144955
15886, 2017-07-23 22:00:00, 0.144441
15887, 2017-07-23 23:00:00, 0.143928
15888, 2017-07-24 00:00:00, 0.143418
15889, 2017-07-24 01:00:00, 0.14291
15890, 2017-07-24 02:00:00, 0.142404
15891, 2017-07-24 03:00:00, 0.141901
15892, 2017-07-24 04:00:00, 0.1414
15893, 2017-07-24 05:00:00, 0.140901
15894, 2017-07-24 06:00:00, 0.140404
15895, 2017-07-24 07:00:00, 0.139909
15896, 2017-07-24 08:00:00, 0.139515
15897, 2017-07-24 09:00:00, 0.138971
15898, 2017-07-24 10:00:00, 0.138474
15899, 2017-07-24 11:00:00, 0.13797
15900, 2017-07-24 12:00:00, 0.143453
15901, 2017-07-24 13:00:00, 0.146482
15902, 2017-07-24 14:00:00, 0.146214
15903, 2017-07-24 15:00:00, 0.269566
15904, 2017-07-24 16:00:00, 0.308575
15905, 2017-07-24 17:00:00, 0.433349
15906, 2017-07-24 18:00:00, 0.271107
15907, 2017-07-24 19:00:00, 0.209825
15908, 2017-07-24 20:00:00, 0.138307
15909, 2017-07-24 21:00:00, 0.134698
15910, 2017-07-24 22:00:00, 0.133688
15911, 2017-07-24 23:00:00, 0.132286
15912, 2017-07-25 00:00:00, 0.131827
15913, 2017-07-25 01:00:00, 0.13137
15914, 2017-07-25 02:00:00, 0.130914
15915, 2017-07-25 03:00:00, 0.130461
15916, 2017-07-25 04:00:00, 0.13001
15917, 2017-07-25 05:00:00, 0.129561
15918, 2017-07-25 06:00:00, 0.129114
15919, 2017-07-25 07:00:00, 0.128668
15920, 2017-07-25 08:00:00, 0.128225
15921, 2017-07-25 09:00:00, 0.127783
15922, 2017-07-25 10:00:00, 0.127343
15923, 2017-07-25 11:00:00, 0.126906
15924, 2017-07-25 12:00:00, 0.12647
15925, 2017-07-25 13:00:00, 0.126036
15926, 2017-07-25 14:00:00, 0.125603
15927, 2017-07-25 15:00:00, 0.125173
15928, 2017-07-25 16:00:00, 0.124744
15929, 2017-07-25 17:00:00, 0.124317
15930, 2017-07-25 18:00:00, 0.123892
15931, 2017-07-25 19:00:00, 0.123469
15932, 2017-07-25 20:00:00, 0.123048
15933, 2017-07-25 21:00:00, 0.122628
15934, 2017-07-25 22:00:00, 0.12221
15935, 2017-07-25 23:00:00, 0.121794
15936, 2017-07-26 00:00:00, 0.12138
15937, 2017-07-26 01:00:00, 0.120967
15938, 2017-07-26 02:00:00, 0.120556
15939, 2017-07-26 03:00:00, 0.120147
15940, 2017-07-26 04:00:00, 0.11974
15941, 2017-07-26 05:00:00, 0.119334
15942, 2017-07-26 06:00:00, 0.11893
15943, 2017-07-26 07:00:00, 0.118527
15944, 2017-07-26 08:00:00, 0.118126
15945, 2017-07-26 09:00:00, 0.117727
15946, 2017-07-26 10:00:00, 0.11733
15947, 2017-07-26 11:00:00, 0.116934
15948, 2017-07-26 12:00:00, 0.11654
15949, 2017-07-26 13:00:00, 0.116147
15950, 2017-07-26 14:00:00, 0.115756
15951, 2017-07-26 15:00:00, 0.115367
15952, 2017-07-26 16:00:00, 0.114979
15953, 2017-07-26 17:00:00, 0.114593
15954, 2017-07-26 18:00:00, 0.114208
15955, 2017-07-26 19:00:00, 0.113825
15956, 2017-07-26 20:00:00, 0.113444
15957, 2017-07-26 21:00:00, 0.113064
15958, 2017-07-26 22:00:00, 0.112686
15959, 2017-07-26 23:00:00, 0.112309
15960, 2017-07-27 00:00:00, 0.111934
15961, 2017-07-27 01:00:00, 0.11156
15962, 2017-07-27 02:00:00, 0.111188
15963, 2017-07-27 03:00:00, 0.110817
15964, 2017-07-27 04:00:00, 0.110448
15965, 2017-07-27 05:00:00, 0.11008
15966, 2017-07-27 06:00:00, 0.109714
15967, 2017-07-27 07:00:00, 0.109349
15968, 2017-07-27 08:00:00, 0.108986
15969, 2017-07-27 09:00:00, 0.108624
15970, 2017-07-27 10:00:00, 0.108264
15971, 2017-07-27 11:00:00, 0.107905
15972, 2017-07-27 12:00:00, 0.107547
15973, 2017-07-27 13:00:00, 0.107191
15974, 2017-07-27 14:00:00, 0.106837
15975, 2017-07-27 15:00:00, 0.106484
15976, 2017-07-27 16:00:00, 0.106132
15977, 2017-07-27 17:00:00, 0.105781
15978, 2017-07-27 18:00:00, 0.105436
15979, 2017-07-27 19:00:00, 0.10509
15980, 2017-07-27 20:00:00, 0.104787
15981, 2017-07-27 21:00:00, 0.104416
15982, 2017-07-27 22:00:00, 0.104067
15983, 2017-07-27 23:00:00, 0.103708
15984, 2017-07-28 00:00:00, 0.103367
15985, 2017-07-28 01:00:00, 0.103028
15986, 2017-07-28 02:00:00, 0.10269
15987, 2017-07-28 03:00:00, 0.102353
15988, 2017-07-28 04:00:00, 0.102018
15989, 2017-07-28 05:00:00, 0.101684
15990, 2017-07-28 06:00:00, 0.101351
15991, 2017-07-28 07:00:00, 0.10102
15992, 2017-07-28 08:00:00, 0.100689
15993, 2017-07-28 09:00:00, 0.100361
15994, 2017-07-28 10:00:00, 0.100033
15995, 2017-07-28 11:00:00, 0.0997069
15996, 2017-07-28 12:00:00, 0.0993817
15997, 2017-07-28 13:00:00, 0.0990578
15998, 2017-07-28 14:00:00, 0.0987352
15999, 2017-07-28 15:00:00, 0.0984139
16000, 2017-07-28 16:00:00, 0.0980939
16001, 2017-07-28 17:00:00, 0.0977751
16002, 2017-07-28 18:00:00, 0.0974576
16003, 2017-07-28 19:00:00, 0.0971413
16004, 2017-07-28 20:00:00, 0.0968262
16005, 2017-07-28 21:00:00, 0.0965124
16006, 2017-07-28 22:00:00, 0.0961998
16007, 2017-07-28 23:00:00, 0.0958883
16008, 2017-07-29 00:00:00, 0.0955781
16009, 2017-07-29 01:00:00, 0.095269
16010, 2017-07-29 02:00:00, 0.0949612
16011, 2017-07-29 03:00:00, 0.0946545
16012, 2017-07-29 04:00:00, 0.094349
16013, 2017-07-29 05:00:00, 0.0940447
16014, 2017-07-29 06:00:00, 0.0937416
16015, 2017-07-29 07:00:00, 0.0934396
16016, 2017-07-29 08:00:00, 0.0931387
16017, 2017-07-29 09:00:00, 0.0928391
16018, 2017-07-29 10:00:00, 0.0925405
16019, 2017-07-29 11:00:00, 0.0922431
16020, 2017-07-29 12:00:00, 0.0919468
16021, 2017-07-29 13:00:00, 0.0916517
16022, 2017-07-29 14:00:00, 0.0913577
16023, 2017-07-29 15:00:00, 0.0910648
16024, 2017-07-29 16:00:00, 0.090773
16025, 2017-07-29 17:00:00, 0.0904823
16026, 2017-07-29 18:00:00, 0.0901927
16027, 2017-07-29 19:00:00, 0.0899042
16028, 2017-07-29 20:00:00, 0.0896168
16029, 2017-07-29 21:00:00, 0.0893305
16030, 2017-07-29 22:00:00, 0.0890452
16031, 2017-07-29 23:00:00, 0.0887611
16032, 2017-07-30 00:00:00, 0.088478
16033, 2017-07-30 01:00:00, 0.0881959
16034, 2017-07-30 02:00:00, 0.0879149
16035, 2017-07-30 03:00:00, 0.087635
16036, 2017-07-30 04:00:00, 0.0873562
16037, 2017-07-30 05:00:00, 0.0870783
16038, 2017-07-30 06:00:00, 0.0868016
16039, 2017-07-30 07:00:00, 0.0865258
16040, 2017-07-30 08:00:00, 0.0862511
16041, 2017-07-30 09:00:00, 0.0859774
16042, 2017-07-30 10:00:00, 0.0857047
16043, 2017-07-30 11:00:00, 0.085433
16044, 2017-07-30 12:00:00, 0.0851624
16045, 2017-07-30 13:00:00, 0.0848928
16046, 2017-07-30 14:00:00, 0.0846241
16047, 2017-07-30 15:00:00, 0.0843565
16048, 2017-07-30 16:00:00, 0.0840898
16049, 2017-07-30 17:00:00, 0.0838241
16050, 2017-07-30 18:00:00, 0.0835595
16051, 2017-07-30 19:00:00, 0.0832958
16052, 2017-07-30 20:00:00, 0.083033
16053, 2017-07-30 21:00:00, 0.0827713
16054, 2017-07-30 22:00:00, 0.0825105
16055, 2017-07-30 23:00:00, 0.0822506
16056, 2017-07-31 00:00:00, 0.0819917
16057, 2017-07-31 01:00:00, 0.0817338
16058, 2017-07-31 02:00:00, 0.0814768
16059, 2017-07-31 03:00:00, 0.0812208
16060, 2017-07-31 04:00:00, 0.0809657
16061, 2017-07-31 05:00:00, 0.0807115
16062, 2017-07-31 06:00:00, 0.0804583
16063, 2017-07-31 07:00:00, 0.080206
16064, 2017-07-31 08:00:00, 0.0799546
16065, 2017-07-31 09:00:00, 0.0797041
16066, 2017-07-31 10:00:00, 0.0794546
16067, 2017-07-31 11:00:00, 0.0792059
16068, 2017-07-31 12:00:00, 0.0789582
16069, 2017-07-31 13:00:00, 0.0787113
16070, 2017-07-31 14:00:00, 0.0784654
16071, 2017-07-31 15:00:00, 0.0782203
16072, 2017-07-31 16:00:00, 0.0779762
16073, 2017-07-31 17:00:00, 0.0777329
16074, 2017-07-31 18:00:00, 0.0774905
16075, 2017-07-31 19:00:00, 0.077249
16076, 2017-07-31 20:00:00, 0.0770083
16077, 2017-07-31 21:00:00, 0.0767686
16078, 2017-07-31 22:00:00, 0.0765296
16079, 2017-07-31 23:00:00, 0.0762916
16080, 2017-08-01 00:00:00, 0.0760544
16081, 2017-08-01 01:00:00, 0.0758181
16082, 2017-08-01 02:00:00, 0.0755826
16083, 2017-08-01 03:00:00, 0.0753479
16084, 2017-08-01 04:00:00, 0.0751141
16085, 2017-08-01 05:00:00, 0.0748812
16086, 2017-08-01 06:00:00, 0.074649
16087, 2017-08-01 07:00:00, 0.0744177
16088, 2017-08-01 08:00:00, 0.0741873
16089, 2017-08-01 09:00:00, 0.0739576
16090, 2017-08-01 10:00:00, 0.0737288
16091, 2017-08-01 11:00:00, 0.0735008
16092, 2017-08-01 12:00:00, 0.0732736
16093, 2017-08-01 13:00:00, 0.0730472
16094, 2017-08-01 14:00:00, 0.0728216
16095, 2017-08-01 15:00:00, 0.0725968
16096, 2017-08-01 16:00:00, 0.0723729
16097, 2017-08-01 17:00:00, 0.0721497
16098, 2017-08-01 18:00:00, 0.0719273
16099, 2017-08-01 19:00:00, 0.0717057
16100, 2017-08-01 20:00:00, 0.0714849
16101, 2017-08-01 21:00:00, 0.0712648
16102, 2017-08-01 22:00:00, 0.0710456
16103, 2017-08-01 23:00:00, 0.0708271
16104, 2017-08-02 00:00:00, 0.0706094
16105, 2017-08-02 01:00:00, 0.0703924
16106, 2017-08-02 02:00:00, 0.0701763
16107, 2017-08-02 03:00:00, 0.0699609
16108, 2017-08-02 04:00:00, 0.0697462
16109, 2017-08-02 05:00:00, 0.0695323
16110, 2017-08-02 06:00:00, 0.0693191
16111, 2017-08-02 07:00:00, 0.0691067
16112, 2017-08-02 08:00:00, 0.0688951
16113, 2017-08-02 09:00:00, 0.0686842
16114, 2017-08-02 10:00:00, 0.068474
16115, 2017-08-02 11:00:00, 0.0682646
16116, 2017-08-02 12:00:00, 0.0680559
16117, 2017-08-02 13:00:00, 0.0678479
16118, 2017-08-02 14:00:00, 0.0676406
16119, 2017-08-02 15:00:00, 0.0674341
16120, 2017-08-02 16:00:00, 0.0672283
16121, 2017-08-02 17:00:00, 0.0670232
16122, 2017-08-02 18:00:00, 0.0668188
16123, 2017-08-02 19:00:00, 0.138345
16124, 2017-08-02 20:00:00, 0.108558
16125, 2017-08-02 21:00:00, 0.0967779
16126, 2017-08-02 22:00:00, 0.180138
16127, 2017-08-02 23:00:00, 0.211223
16128, 2017-08-03 00:00:00, 0.295821
16129, 2017-08-03 01:00:00, 0.166857
16130, 2017-08-03 02:00:00, 0.118652
16131, 2017-08-03 03:00:00, 0.0650671
16132, 2017-08-03 04:00:00, 0.0648137
16133, 2017-08-03 05:00:00, 0.064617
16134, 2017-08-03 06:00:00, 0.064421
16135, 2017-08-03 07:00:00, 0.0642256
16136, 2017-08-03 08:00:00, 0.0640309
16137, 2017-08-03 09:00:00, 0.0638369
16138, 2017-08-03 10:00:00, 0.0636436
16139, 2017-08-03 11:00:00, 0.0634509
16140, 2017-08-03 12:00:00, 0.0632589
16141, 2017-08-03 13:00:00, 0.0630675
16142, 2017-08-03 14:00:00, 0.0628768
16143, 2017-08-03 15:00:00, 0.0626867
16144, 2017-08-03 16:00:00, 0.0624973
16145, 2017-08-03 17:00:00, 0.0623086
16146, 2017-08-03 18:00:00, 0.0621205
16147, 2017-08-03 19:00:00, 0.061933
16148, 2017-08-03 20:00:00, 0.0617462
16149, 2017-08-03 21:00:00, 0.06156
16150, 2017-08-03 22:00:00, 0.0613745
16151, 2017-08-03 23:00:00, 0.0611896
16152, 2017-08-04 00:00:00, 0.0610053
16153, 2017-08-04 01:00:00, 0.0608216
16154, 2017-08-04 02:00:00, 0.0606386
16155, 2017-08-04 03:00:00, 0.0604562
16156, 2017-08-04 04:00:00, 0.0602744
16157, 2017-08-04 05:00:00, 0.0600932
16158, 2017-08-04 06:00:00, 0.0599126
16159, 2017-08-04 07:00:00, 0.0597327
16160, 2017-08-04 08:00:00, 0.0595534
16161, 2017-08-04 09:00:00, 0.0593746
16162, 2017-08-04 10:00:00, 0.0591965
16163, 2017-08-04 11:00:00, 0.059019
16164, 2017-08-04 12:00:00, 0.0588421
16165, 2017-08-04 13:00:00, 0.0586658
16166, 2017-08-04 14:00:00, 0.05849
16167, 2017-08-04 15:00:00, 0.0583149
16168, 2017-08-04 16:00:00, 0.0581403
16169, 2017-08-04 17:00:00, 0.0579664
16170, 2017-08-04 18:00:00, 0.057793
16171, 2017-08-04 19:00:00, 0.0576202
16172, 2017-08-04 20:00:00, 0.057448
16173, 2017-08-04 21:00:00, 0.0572764
16174, 2017-08-04 22:00:00, 0.0571053
16175, 2017-08-04 23:00:00, 0.0569348
16176, 2017-08-05 00:00:00, 0.0567649
16177, 2017-08-05 01:00:00, 0.0565956
16178, 2017-08-05 02:00:00, 0.0564268
16179, 2017-08-05 03:00:00, 0.0562586
16180, 2017-08-05 04:00:00, 0.0560909
16181, 2017-08-05 05:00:00, 0.0559239
16182, 2017-08-05 06:00:00, 0.0557573
16183, 2017-08-05 07:00:00, 0.0555914
16184, 2017-08-05 08:00:00, 0.055426
16185, 2017-08-05 09:00:00, 0.0552611
16186, 2017-08-05 10:00:00, 0.0550968
16187, 2017-08-05 11:00:00, 0.054933
16188, 2017-08-05 12:00:00, 0.0547698
16189, 2017-08-05 13:00:00, 1.60669
16190, 2017-08-05 14:00:00, 1.2725
16191, 2017-08-05 15:00:00, 0.853503
16192, 2017-08-05 16:00:00, 0.241352
16193, 2017-08-05 17:00:00, 0.0546335
16194, 2017-08-05 18:00:00, 0.0543946
16195, 2017-08-05 19:00:00, 0.0539111
16196, 2017-08-05 20:00:00, 0.0536983
16197, 2017-08-05 21:00:00, 0.0533249
16198, 2017-08-05 22:00:00, 0.053167
16199, 2017-08-05 23:00:00, 0.0530096
16200, 2017-08-06 00:00:00, 0.0528527
16201, 2017-08-06 01:00:00, 0.0526964
16202, 2017-08-06 02:00:00, 0.0525406
16203, 2017-08-06 03:00:00, 0.0523853
16204, 2017-08-06 04:00:00, 0.0522305
16205, 2017-08-06 05:00:00, 0.0520762
16206, 2017-08-06 06:00:00, 0.0519224
16207, 2017-08-06 07:00:00, 0.0517691
16208, 2017-08-06 08:00:00, 0.0516164
16209, 2017-08-06 09:00:00, 0.0514641
16210, 2017-08-06 10:00:00, 0.0513123
16211, 2017-08-06 11:00:00, 0.0511611
16212, 2017-08-06 12:00:00, 0.0510103
16213, 2017-08-06 13:00:00, 0.05086
16214, 2017-08-06 14:00:00, 0.0507102
16215, 2017-08-06 15:00:00, 0.0505609
16216, 2017-08-06 16:00:00, 0.0504121
16217, 2017-08-06 17:00:00, 0.0502638
16218, 2017-08-06 18:00:00, 0.0501159
16219, 2017-08-06 19:00:00, 0.0499686
16220, 2017-08-06 20:00:00, 0.0498217
16221, 2017-08-06 21:00:00, 0.0496753
16222, 2017-08-06 22:00:00, 0.0495294
16223, 2017-08-06 23:00:00, 0.0493839
16224, 2017-08-07 00:00:00, 0.049239
16225, 2017-08-07 01:00:00, 0.0490945
16226, 2017-08-07 02:00:00, 0.0489504
16227, 2017-08-07 03:00:00, 0.0488069
16228, 2017-08-07 04:00:00, 0.0486638
16229, 2017-08-07 05:00:00, 0.0485211
16230, 2017-08-07 06:00:00, 0.048379
16231, 2017-08-07 07:00:00, 0.0482373
16232, 2017-08-07 08:00:00, 0.048096
16233, 2017-08-07 09:00:00, 0.0479552
16234, 2017-08-07 10:00:00, 0.0478149
16235, 2017-08-07 11:00:00, 0.047675
16236, 2017-08-07 12:00:00, 0.0475356
16237, 2017-08-07 13:00:00, 0.0473966
16238, 2017-08-07 14:00:00, 0.0472581
16239, 2017-08-07 15:00:00, 0.04712
16240, 2017-08-07 16:00:00, 0.0469823
16241, 2017-08-07 17:00:00, 0.0468451
16242, 2017-08-07 18:00:00, 0.0469862
16243, 2017-08-07 19:00:00, 0.047067
16244, 2017-08-07 20:00:00, 0.0467048
16245, 2017-08-07 21:00:00, 0.0464348
16246, 2017-08-07 22:00:00, 0.0466435
16247, 2017-08-07 23:00:00, 0.0464274
16248, 2017-08-08 00:00:00, 0.0461689
16249, 2017-08-08 01:00:00, 0.0458422
16250, 2017-08-08 02:00:00, 0.0456389
16251, 2017-08-08 03:00:00, 0.0454994
16252, 2017-08-08 04:00:00, 0.0453648
16253, 2017-08-08 05:00:00, 0.0452328
16254, 2017-08-08 06:00:00, 0.0451012
16255, 2017-08-08 07:00:00, 0.0449701
16256, 2017-08-08 08:00:00, 0.0448393
16257, 2017-08-08 09:00:00, 0.044709
16258, 2017-08-08 10:00:00, 0.0445791
16259, 2017-08-08 11:00:00, 0.0444496
16260, 2017-08-08 12:00:00, 0.0443206
16261, 2017-08-08 13:00:00, 0.0441919
16262, 2017-08-08 14:00:00, 0.0440636
16263, 2017-08-08 15:00:00, 0.0439358
16264, 2017-08-08 16:00:00, 0.0438084
16265, 2017-08-08 17:00:00, 0.0436813
16266, 2017-08-08 18:00:00, 0.0435547
16267, 2017-08-08 19:00:00, 0.0434285
16268, 2017-08-08 20:00:00, 0.0433027
16269, 2017-08-08 21:00:00, 0.0431772
16270, 2017-08-08 22:00:00, 0.0430522
16271, 2017-08-08 23:00:00, 0.0429276
16272, 2017-08-09 00:00:00, 0.0428033
16273, 2017-08-09 01:00:00, 0.0426795
16274, 2017-08-09 02:00:00, 0.0425561
16275, 2017-08-09 03:00:00, 0.042433
16276, 2017-08-09 04:00:00, 0.0423103
16277, 2017-08-09 05:00:00, 0.0421881
16278, 2017-08-09 06:00:00, 0.0420662
16279, 2017-08-09 07:00:00, 0.0419447
16280, 2017-08-09 08:00:00, 0.0418235
16281, 2017-08-09 09:00:00, 0.0417028
16282, 2017-08-09 10:00:00, 0.0415824
16283, 2017-08-09 11:00:00, 0.0414625
16284, 2017-08-09 12:00:00, 0.0413429
16285, 2017-08-09 13:00:00, 0.0412236
16286, 2017-08-09 14:00:00, 0.0411048
16287, 2017-08-09 15:00:00, 0.0409863
16288, 2017-08-09 16:00:00, 0.0408682
16289, 2017-08-09 17:00:00, 0.0407505
16290, 2017-08-09 18:00:00, 0.0406331
16291, 2017-08-09 19:00:00, 0.0405161
16292, 2017-08-09 20:00:00, 0.0403995
16293, 2017-08-09 21:00:00, 0.0402832
16294, 2017-08-09 22:00:00, 0.0401673
16295, 2017-08-09 23:00:00, 0.0400518
16296, 2017-08-10 00:00:00, 0.0399366
16297, 2017-08-10 01:00:00, 0.0398218
16298, 2017-08-10 02:00:00, 0.0397074
16299, 2017-08-10 03:00:00, 0.0395933
16300, 2017-08-10 04:00:00, 0.0394796
16301, 2017-08-10 05:00:00, 0.0393662
16302, 2017-08-10 06:00:00, 0.0392532
16303, 2017-08-10 07:00:00, 0.0391405
16304, 2017-08-10 08:00:00, 0.0390282
16305, 2017-08-10 09:00:00, 0.0389162
16306, 2017-08-10 10:00:00, 0.0388046
16307, 2017-08-10 11:00:00, 0.0386933
16308, 2017-08-10 12:00:00, 0.0385824
16309, 2017-08-10 13:00:00, 0.0384718
16310, 2017-08-10 14:00:00, 0.0383616
16311, 2017-08-10 15:00:00, 0.0382517
16312, 2017-08-10 16:00:00, 0.0381422
16313, 2017-08-10 17:00:00, 0.0380329
16314, 2017-08-10 18:00:00, 0.0379241
16315, 2017-08-10 19:00:00, 0.0378155
16316, 2017-08-10 20:00:00, 0.0377074
16317, 2017-08-10 21:00:00, 0.0375995
16318, 2017-08-10 22:00:00, 0.037492
16319, 2017-08-10 23:00:00, 0.0373848
16320, 2017-08-11 00:00:00, 0.0372779
16321, 2017-08-11 01:00:00, 0.0371714
16322, 2017-08-11 02:00:00, 0.0370652
16323, 2017-08-11 03:00:00, 0.0369593
16324, 2017-08-11 04:00:00, 0.0368538
16325, 2017-08-11 05:00:00, 0.0367486
16326, 2017-08-11 06:00:00, 0.0366437
16327, 2017-08-11 07:00:00, 0.0365391
16328, 2017-08-11 08:00:00, 0.0364349
16329, 2017-08-11 09:00:00, 0.036331
16330, 2017-08-11 10:00:00, 0.0362274
16331, 2017-08-11 11:00:00, 0.0361241
16332, 2017-08-11 12:00:00, 0.0360212
16333, 2017-08-11 13:00:00, 0.0359185
16334, 2017-08-11 14:00:00, 0.0358162
16335, 2017-08-11 15:00:00, 0.0357142
16336, 2017-08-11 16:00:00, 0.0356125
16337, 2017-08-11 17:00:00, 0.0355111
16338, 2017-08-11 18:00:00, 0.03541
16339, 2017-08-11 19:00:00, 0.0353093
16340, 2017-08-11 20:00:00, 0.0352088
16341, 2017-08-11 21:00:00, 0.0351087
16342, 2017-08-11 22:00:00, 0.0350088
16343, 2017-08-11 23:00:00, 0.0349093
16344, 2017-08-12 00:00:00, 0.0348101
16345, 2017-08-12 01:00:00, 0.0347111
16346, 2017-08-12 02:00:00, 0.0346125
16347, 2017-08-12 03:00:00, 0.0345142
16348, 2017-08-12 04:00:00, 0.0344184
16349, 2017-08-12 05:00:00, 0.0347103
16350, 2017-08-12 06:00:00, 0.0344521
16351, 2017-08-12 07:00:00, 0.0447868
16352, 2017-08-12 08:00:00, 0.0620121
16353, 2017-08-12 09:00:00, 0.136261
16354, 2017-08-12 10:00:00, 0.0838317
16355, 2017-08-12 11:00:00, 0.0664443
16356, 2017-08-12 12:00:00, 0.034216
16357, 2017-08-12 13:00:00, 0.0335475
16358, 2017-08-12 14:00:00, 0.0334524
16359, 2017-08-12 15:00:00, 0.0333576
16360, 2017-08-12 16:00:00, 0.0332632
16361, 2017-08-12 17:00:00, 0.033169
16362, 2017-08-12 18:00:00, 0.0330751
16363, 2017-08-12 19:00:00, 0.0329814
16364, 2017-08-12 20:00:00, 0.0328881
16365, 2017-08-12 21:00:00, 0.0327951
16366, 2017-08-12 22:00:00, 0.0327023
16367, 2017-08-12 23:00:00, 0.0326098
16368, 2017-08-13 00:00:00, 0.0325176
16369, 2017-08-13 01:00:00, 0.0324257
16370, 2017-08-13 02:00:00, 0.032334
16371, 2017-08-13 03:00:00, 0.0322427
16372, 2017-08-13 04:00:00, 0.0321516
16373, 2017-08-13 05:00:00, 0.032061
16374, 2017-08-13 06:00:00, 0.0319706
16375, 2017-08-13 07:00:00, 0.0318803
16376, 2017-08-13 08:00:00, 0.0317904
16377, 2017-08-13 09:00:00, 0.0317008
16378, 2017-08-13 10:00:00, 0.0316116
16379, 2017-08-13 11:00:00, 0.0315225
16380, 2017-08-13 12:00:00, 0.0314332
16381, 2017-08-13 13:00:00, 0.0313443
16382, 2017-08-13 14:00:00, 0.0312557
16383, 2017-08-13 15:00:00, 0.0311676
16384, 2017-08-13 16:00:00, 0.0310798
16385, 2017-08-13 17:00:00, 0.0309922
16386, 2017-08-13 18:00:00, 0.0309049
16387, 2017-08-13 19:00:00, 0.0308178
16388, 2017-08-13 20:00:00, 0.030731
16389, 2017-08-13 21:00:00, 0.0306445
16390, 2017-08-13 22:00:00, 0.0305583
16391, 2017-08-13 23:00:00, 0.0304723
16392, 2017-08-14 00:00:00, 0.0303865
16393, 2017-08-14 01:00:00, 0.030301
16394, 2017-08-14 02:00:00, 0.0302158
16395, 2017-08-14 03:00:00, 0.0301308
16396, 2017-08-14 04:00:00, 0.0300461
16397, 2017-08-14 05:00:00, 0.0299617
16398, 2017-08-14 06:00:00, 0.0298775
16399, 2017-08-14 07:00:00, 0.0297935
16400, 2017-08-14 08:00:00, 0.0297098
16401, 2017-08-14 09:00:00, 0.0296264
16402, 2017-08-14 10:00:00, 0.0295432
16403, 2017-08-14 11:00:00, 0.0294602
16404, 2017-08-14 12:00:00, 0.0293775
16405, 2017-08-14 13:00:00, 0.0292951
16406, 2017-08-14 14:00:00, 0.0292129
16407, 2017-08-14 15:00:00, 0.0291309
16408, 2017-08-14 16:00:00, 0.0290492
16409, 2017-08-14 17:00:00, 0.0289677
16410, 2017-08-14 18:00:00, 0.0288865
16411, 2017-08-14 19:00:00, 0.0288055
16412, 2017-08-14 20:00:00, 0.0287248
16413, 2017-08-14 21:00:00, 0.0286443
16414, 2017-08-14 22:00:00, 0.028564
16415, 2017-08-14 23:00:00, 0.028484
16416, 2017-08-15 00:00:00, 0.0284042
16417, 2017-08-15 01:00:00, 0.0283246
16418, 2017-08-15 02:00:00, 0.0282453
16419, 2017-08-15 03:00:00, 0.0281663
16420, 2017-08-15 04:00:00, 0.0280874
16421, 2017-08-15 05:00:00, 0.0280088
16422, 2017-08-15 06:00:00, 0.0279305
16423, 2017-08-15 07:00:00, 0.0278523
16424, 2017-08-15 08:00:00, 0.0278345
16425, 2017-08-15 09:00:00, 0.0281498
16426, 2017-08-15 10:00:00, 0.0278347
16427, 2017-08-15 11:00:00, 0.027697
16428, 2017-08-15 12:00:00, 0.0274652
16429, 2017-08-15 13:00:00, 0.0273884
16430, 2017-08-15 14:00:00, 0.0273119
16431, 2017-08-15 15:00:00, 0.0272356
16432, 2017-08-15 16:00:00, 0.0271595
16433, 2017-08-15 17:00:00, 0.0270837
16434, 2017-08-15 18:00:00, 0.0270081
16435, 2017-08-15 19:00:00, 0.0269327
16436, 2017-08-15 20:00:00, 0.0268575
16437, 2017-08-15 21:00:00, 0.0267826
16438, 2017-08-15 22:00:00, 0.0267078
16439, 2017-08-15 23:00:00, 0.0266333
16440, 2017-08-16 00:00:00, 0.0265591
16441, 2017-08-16 01:00:00, 0.026485
16442, 2017-08-16 02:00:00, 0.0264112
16443, 2017-08-16 03:00:00, 0.0263375
16444, 2017-08-16 04:00:00, 0.0262641
16445, 2017-08-16 05:00:00, 0.0261909
16446, 2017-08-16 06:00:00, 0.026118
16447, 2017-08-16 07:00:00, 0.0260453
16448, 2017-08-16 08:00:00, 0.0259727
16449, 2017-08-16 09:00:00, 0.0259004
16450, 2017-08-16 10:00:00, 0.0258283
16451, 2017-08-16 11:00:00, 0.0257565
16452, 2017-08-16 12:00:00, 0.0256847
16453, 2017-08-16 13:00:00, 0.0256132
16454, 2017-08-16 14:00:00, 0.0255419
16455, 2017-08-16 15:00:00, 0.0254708
16456, 2017-08-16 16:00:00, 0.0254
16457, 2017-08-16 17:00:00, 0.0253294
16458, 2017-08-16 18:00:00, 0.0252589
16459, 2017-08-16 19:00:00, 0.0251887
16460, 2017-08-16 20:00:00, 0.0251187
16461, 2017-08-16 21:00:00, 0.0250489
16462, 2017-08-16 22:00:00, 0.0249793
16463, 2017-08-16 23:00:00, 0.0249099
16464, 2017-08-17 00:00:00, 0.0248407
16465, 2017-08-17 01:00:00, 0.0247717
16466, 2017-08-17 02:00:00, 0.0247029
16467, 2017-08-17 03:00:00, 0.0246343
16468, 2017-08-17 04:00:00, 0.0245659
16469, 2017-08-17 05:00:00, 0.0244977
16470, 2017-08-17 06:00:00, 0.0244297
16471, 2017-08-17 07:00:00, 0.0243619
16472, 2017-08-17 08:00:00, 0.0242944
16473, 2017-08-17 09:00:00, 0.024227
16474, 2017-08-17 10:00:00, 0.0241598
16475, 2017-08-17 11:00:00, 0.0240928
16476, 2017-08-17 12:00:00, 0.024026
16477, 2017-08-17 13:00:00, 0.0239594
16478, 2017-08-17 14:00:00, 0.023893
16479, 2017-08-17 15:00:00, 0.0238267
16480, 2017-08-17 16:00:00, 0.0237607
16481, 2017-08-17 17:00:00, 0.0236949
16482, 2017-08-17 18:00:00, 0.0236293
16483, 2017-08-17 19:00:00, 0.0235638
16484, 2017-08-17 20:00:00, 0.0234986
16485, 2017-08-17 21:00:00, 0.0234335
16486, 2017-08-17 22:00:00, 0.0233686
16487, 2017-08-17 23:00:00, 0.0233039
16488, 2017-08-18 00:00:00, 0.0232394
16489, 2017-08-18 01:00:00, 0.0231751
16490, 2017-08-18 02:00:00, 0.023111
16491, 2017-08-18 03:00:00, 0.0230471
16492, 2017-08-18 04:00:00, 0.0229833
16493, 2017-08-18 05:00:00, 0.0229198
16494, 2017-08-18 06:00:00, 0.0228564
16495, 2017-08-18 07:00:00, 0.0227932
16496, 2017-08-18 08:00:00, 0.0227302
16497, 2017-08-18 09:00:00, 0.0226674
16498, 2017-08-18 10:00:00, 0.0226047
16499, 2017-08-18 11:00:00, 0.0225423
16500, 2017-08-18 12:00:00, 0.0224801
16501, 2017-08-18 13:00:00, 0.022418
16502, 2017-08-18 14:00:00, 0.022356
16503, 2017-08-18 15:00:00, 0.0222943
16504, 2017-08-18 16:00:00, 0.0222327
16505, 2017-08-18 17:00:00, 0.0221713
16506, 2017-08-18 18:00:00, 0.0221101
16507, 2017-08-18 19:00:00, 0.0220491
16508, 2017-08-18 20:00:00, 0.0219883
16509, 2017-08-18 21:00:00, 0.0219277
16510, 2017-08-18 22:00:00, 0.0218672
16511, 2017-08-18 23:00:00, 0.021807
16512, 2017-08-19 00:00:00, 0.0217531
16513, 2017-08-19 01:00:00, 0.0218149
16514, 2017-08-19 02:00:00, 0.0263764
16515, 2017-08-19 03:00:00, 0.023745
16516, 2017-08-19 04:00:00, 0.0232138
16517, 2017-08-19 05:00:00, 0.0214491
16518, 2017-08-19 06:00:00, 0.0213899
16519, 2017-08-19 07:00:00, 0.0213308
16520, 2017-08-19 08:00:00, 0.0212719
16521, 2017-08-19 09:00:00, 0.0212133
16522, 2017-08-19 10:00:00, 0.0211548
16523, 2017-08-19 11:00:00, 0.0210965
16524, 2017-08-19 12:00:00, 0.0210384
16525, 2017-08-19 13:00:00, 0.0209805
16526, 2017-08-19 14:00:00, 0.0209227
16527, 2017-08-19 15:00:00, 0.0208651
16528, 2017-08-19 16:00:00, 0.0208077
16529, 2017-08-19 17:00:00, 0.0207505
16530, 2017-08-19 18:00:00, 0.0206934
16531, 2017-08-19 19:00:00, 0.0206365
16532, 2017-08-19 20:00:00, 0.0205797
16533, 2017-08-19 21:00:00, 0.0205231
16534, 2017-08-19 22:00:00, 0.0204667
16535, 2017-08-19 23:00:00, 0.0204104
16536, 2017-08-20 00:00:00, 0.0203543
16537, 2017-08-20 01:00:00, 0.0202984
16538, 2017-08-20 02:00:00, 0.0202426
16539, 2017-08-20 03:00:00, 0.020187
16540, 2017-08-20 04:00:00, 0.0201315
16541, 2017-08-20 05:00:00, 0.0200762
16542, 2017-08-20 06:00:00, 0.020021
16543, 2017-08-20 07:00:00, 0.0199661
16544, 2017-08-20 08:00:00, 0.0199112
16545, 2017-08-20 09:00:00, 0.0198566
16546, 2017-08-20 10:00:00, 0.0198021
16547, 2017-08-20 11:00:00, 0.0197477
16548, 2017-08-20 12:00:00, 0.0196935
16549, 2017-08-20 13:00:00, 0.0196395
16550, 2017-08-20 14:00:00, 0.0195856
16551, 2017-08-20 15:00:00, 0.0195318
16552, 2017-08-20 16:00:00, 0.0194782
16553, 2017-08-20 17:00:00, 0.0194248
16554, 2017-08-20 18:00:00, 0.0193715
16555, 2017-08-20 19:00:00, 0.0193184
16556, 2017-08-20 20:00:00, 0.0192655
16557, 2017-08-20 21:00:00, 0.0192126
16558, 2017-08-20 22:00:00, 0.01916
16559, 2017-08-20 23:00:00, 0.0191075
16560, 2017-08-21 00:00:00, 0.0190551
16561, 2017-08-21 01:00:00, 0.0190029
16562, 2017-08-21 02:00:00, 0.0189508
16563, 2017-08-21 03:00:00, 0.0188989
16564, 2017-08-21 04:00:00, 0.0188471
16565, 2017-08-21 05:00:00, 0.0187955
16566, 2017-08-21 06:00:00, 0.018744
16567, 2017-08-21 07:00:00, 0.0186927
16568, 2017-08-21 08:00:00, 0.0186415
16569, 2017-08-21 09:00:00, 0.0185905
16570, 2017-08-21 10:00:00, 0.0185396
16571, 2017-08-21 11:00:00, 0.0184889
16572, 2017-08-21 12:00:00, 0.0184383
16573, 2017-08-21 13:00:00, 0.0183878
16574, 2017-08-21 14:00:00, 0.0183375
16575, 2017-08-21 15:00:00, 0.0182874
16576, 2017-08-21 16:00:00, 0.0182373
16577, 2017-08-21 17:00:00, 0.0181875
16578, 2017-08-21 18:00:00, 0.0181377
16579, 2017-08-21 19:00:00, 0.0180881
16580, 2017-08-21 20:00:00, 0.0180387
16581, 2017-08-21 21:00:00, 0.0179894
16582, 2017-08-21 22:00:00, 0.0179402
16583, 2017-08-21 23:00:00, 0.0178912
16584, 2017-08-22 00:00:00, 0.0178423
16585, 2017-08-22 01:00:00, 0.0177935
16586, 2017-08-22 02:00:00, 0.0177449
16587, 2017-08-22 03:00:00, 0.0176964
16588, 2017-08-22 04:00:00, 0.0176481
16589, 2017-08-22 05:00:00, 0.0175999
16590, 2017-08-22 06:00:00, 0.0175519
16591, 2017-08-22 07:00:00, 0.0175039
16592, 2017-08-22 08:00:00, 0.0174561
16593, 2017-08-22 09:00:00, 0.0174085
16594, 2017-08-22 10:00:00, 0.017361
16595, 2017-08-22 11:00:00, 0.0173136
16596, 2017-08-22 12:00:00, 0.0172663
16597, 2017-08-22 13:00:00, 0.0172192
16598, 2017-08-22 14:00:00, 0.0171722
16599, 2017-08-22 15:00:00, 0.0171254
16600, 2017-08-22 16:00:00, 0.0170787
16601, 2017-08-22 17:00:00, 0.0170321
16602, 2017-08-22 18:00:00, 0.0169857
16603, 2017-08-22 19:00:00, 0.0169393
16604, 2017-08-22 20:00:00, 0.0168931
16605, 2017-08-22 21:00:00, 0.0168471
16606, 2017-08-22 22:00:00, 0.0168012
16607, 2017-08-22 23:00:00, 0.0167554
16608, 2017-08-23 00:00:00, 0.0167097
16609, 2017-08-23 01:00:00, 0.0166642
16610, 2017-08-23 02:00:00, 0.0166188
16611, 2017-08-23 03:00:00, 0.0165735
16612, 2017-08-23 04:00:00, 0.0165283
16613, 2017-08-23 05:00:00, 0.018584
16614, 2017-08-23 06:00:00, 0.0196982
16615, 2017-08-23 07:00:00, 0.0182052
16616, 2017-08-23 08:00:00, 0.0171872
16617, 2017-08-23 09:00:00, 0.0163045
16618, 2017-08-23 10:00:00, 0.0162601
16619, 2017-08-23 11:00:00, 0.0162159
16620, 2017-08-23 12:00:00, 0.0161717
16621, 2017-08-23 13:00:00, 0.0161277
16622, 2017-08-23 14:00:00, 0.0160838
16623, 2017-08-23 15:00:00, 0.0160401
16624, 2017-08-23 16:00:00, 0.0159964
16625, 2017-08-23 17:00:00, 0.0159529
16626, 2017-08-23 18:00:00, 0.0159095
16627, 2017-08-23 19:00:00, 0.0158662
16628, 2017-08-23 20:00:00, 0.0158231
16629, 2017-08-23 21:00:00, 0.01578
16630, 2017-08-23 22:00:00, 0.0157371
16631, 2017-08-23 23:00:00, 0.0156944
16632, 2017-08-24 00:00:00, 0.0156517
16633, 2017-08-24 01:00:00, 0.0156091
16634, 2017-08-24 02:00:00, 0.0155667
16635, 2017-08-24 03:00:00, 0.0155244
16636, 2017-08-24 04:00:00, 0.0154822
16637, 2017-08-24 05:00:00, 0.0154402
16638, 2017-08-24 06:00:00, 0.0153982
16639, 2017-08-24 07:00:00, 0.0153564
16640, 2017-08-24 08:00:00, 0.0153147
16641, 2017-08-24 09:00:00, 0.0152731
16642, 2017-08-24 10:00:00, 0.0152316
16643, 2017-08-24 11:00:00, 0.0151902
16644, 2017-08-24 12:00:00, 0.015149
16645, 2017-08-24 13:00:00, 0.0151079
16646, 2017-08-24 14:00:00, 0.0150668
16647, 2017-08-24 15:00:00, 0.0150259
16648, 2017-08-24 16:00:00, 0.0149852
16649, 2017-08-24 17:00:00, 0.0149445
16650, 2017-08-24 18:00:00, 0.0149039
16651, 2017-08-24 19:00:00, 0.0148635
16652, 2017-08-24 20:00:00, 0.0148232
16653, 2017-08-24 21:00:00, 0.014783
16654, 2017-08-24 22:00:00, 0.0147429
16655, 2017-08-24 23:00:00, 0.0147029
16656, 2017-08-25 00:00:00, 0.014663
16657, 2017-08-25 01:00:00, 0.0146232
16658, 2017-08-25 02:00:00, 0.0145836
16659, 2017-08-25 03:00:00, 0.014544
16660, 2017-08-25 04:00:00, 0.0145046
16661, 2017-08-25 05:00:00, 0.0144653
16662, 2017-08-25 06:00:00, 0.0144261
16663, 2017-08-25 07:00:00, 0.014387
16664, 2017-08-25 08:00:00, 0.014348
16665, 2017-08-25 09:00:00, 0.0143091
16666, 2017-08-25 10:00:00, 0.0142703
16667, 2017-08-25 11:00:00, 0.0142317
16668, 2017-08-25 12:00:00, 0.0141931
16669, 2017-08-25 13:00:00, 0.0141547
16670, 2017-08-25 14:00:00, 0.0141163
16671, 2017-08-25 15:00:00, 0.0140781
16672, 2017-08-25 16:00:00, 0.01404
16673, 2017-08-25 17:00:00, 0.0140019
16674, 2017-08-25 18:00:00, 0.013964
16675, 2017-08-25 19:00:00, 0.0139262
16676, 2017-08-25 20:00:00, 0.0138885
16677, 2017-08-25 21:00:00, 0.0138509
16678, 2017-08-25 22:00:00, 0.0138134
16679, 2017-08-25 23:00:00, 0.0137761
16680, 2017-08-26 00:00:00, 0.0137388
16681, 2017-08-26 01:00:00, 0.0137016
16682, 2017-08-26 02:00:00, 0.0136645
16683, 2017-08-26 03:00:00, 0.0136276
16684, 2017-08-26 04:00:00, 0.0135907
16685, 2017-08-26 05:00:00, 0.0135539
16686, 2017-08-26 06:00:00, 0.0135173
16687, 2017-08-26 07:00:00, 0.0134807
16688, 2017-08-26 08:00:00, 0.0134443
16689, 2017-08-26 09:00:00, 0.0134079
16690, 2017-08-26 10:00:00, 0.0133717
16691, 2017-08-26 11:00:00, 0.0133355
16692, 2017-08-26 12:00:00, 0.0132995
16693, 2017-08-26 13:00:00, 0.0132635
16694, 2017-08-26 14:00:00, 0.0132277
16695, 2017-08-26 15:00:00, 0.0131919
16696, 2017-08-26 16:00:00, 0.0131563
16697, 2017-08-26 17:00:00, 0.0131207
16698, 2017-08-26 18:00:00, 0.0130853
16699, 2017-08-26 19:00:00, 0.0130499
16700, 2017-08-26 20:00:00, 0.0130146
16701, 2017-08-26 21:00:00, 0.0129795
16702, 2017-08-26 22:00:00, 0.0129444
16703, 2017-08-26 23:00:00, 0.0129095
16704, 2017-08-27 00:00:00, 0.0128746
16705, 2017-08-27 01:00:00, 0.0128398
16706, 2017-08-27 02:00:00, 0.0128052
16707, 2017-08-27 03:00:00, 0.0127706
16708, 2017-08-27 04:00:00, 0.0127361
16709, 2017-08-27 05:00:00, 0.0127017
16710, 2017-08-27 06:00:00, 0.0126675
16711, 2017-08-27 07:00:00, 0.0126333
16712, 2017-08-27 08:00:00, 0.0125992
16713, 2017-08-27 09:00:00, 0.0125652
16714, 2017-08-27 10:00:00, 0.0125313
16715, 2017-08-27 11:00:00, 0.0124975
16716, 2017-08-27 12:00:00, 0.0124637
16717, 2017-08-27 13:00:00, 0.0124301
16718, 2017-08-27 14:00:00, 0.0123966
16719, 2017-08-27 15:00:00, 0.0123632
16720, 2017-08-27 16:00:00, 0.0123298
16721, 2017-08-27 17:00:00, 0.0122966
16722, 2017-08-27 18:00:00, 0.0122634
16723, 2017-08-27 19:00:00, 0.0122303
16724, 2017-08-27 20:00:00, 0.0121974
16725, 2017-08-27 21:00:00, 0.0121645
16726, 2017-08-27 22:00:00, 0.0121317
16727, 2017-08-27 23:00:00, 0.012099
16728, 2017-08-28 00:00:00, 0.0120664
16729, 2017-08-28 01:00:00, 0.0120338
16730, 2017-08-28 02:00:00, 0.0120014
16731, 2017-08-28 03:00:00, 0.0119691
16732, 2017-08-28 04:00:00, 0.0119368
16733, 2017-08-28 05:00:00, 0.0119047
16734, 2017-08-28 06:00:00, 0.0118726
16735, 2017-08-28 07:00:00, 0.0118406
16736, 2017-08-28 08:00:00, 0.0118087
16737, 2017-08-28 09:00:00, 0.0117769
16738, 2017-08-28 10:00:00, 0.0117452
16739, 2017-08-28 11:00:00, 0.0117136
16740, 2017-08-28 12:00:00, 0.011682
16741, 2017-08-28 13:00:00, 0.0116506
16742, 2017-08-28 14:00:00, 0.0116192
16743, 2017-08-28 15:00:00, 0.0115879
16744, 2017-08-28 16:00:00, 0.0115567
16745, 2017-08-28 17:00:00, 0.0115256
16746, 2017-08-28 18:00:00, 0.0114946
16747, 2017-08-28 19:00:00, 0.0114636
16748, 2017-08-28 20:00:00, 0.0114328
16749, 2017-08-28 21:00:00, 0.011402
16750, 2017-08-28 22:00:00, 0.0113713
16751, 2017-08-28 23:00:00, 0.0113407
16752, 2017-08-29 00:00:00, 0.0113102
16753, 2017-08-29 01:00:00, 0.0112798
16754, 2017-08-29 02:00:00, 0.0112495
16755, 2017-08-29 03:00:00, 0.0112192
16756, 2017-08-29 04:00:00, 0.011189
16757, 2017-08-29 05:00:00, 0.0111589
16758, 2017-08-29 06:00:00, 0.0111289
16759, 2017-08-29 07:00:00, 0.011099
16760, 2017-08-29 08:00:00, 0.0110692
16761, 2017-08-29 09:00:00, 0.0110394
16762, 2017-08-29 10:00:00, 0.0110097
16763, 2017-08-29 11:00:00, 0.0109801
16764, 2017-08-29 12:00:00, 0.0109506
16765, 2017-08-29 13:00:00, 0.0109212
16766, 2017-08-29 14:00:00, 0.0108918
16767, 2017-08-29 15:00:00, 0.0108625
16768, 2017-08-29 16:00:00, 0.0108333
16769, 2017-08-29 17:00:00, 0.0108042
16770, 2017-08-29 18:00:00, 0.0107752
16771, 2017-08-29 19:00:00, 0.0107463
16772, 2017-08-29 20:00:00, 0.0107174
16773, 2017-08-29 21:00:00, 0.0106886
16774, 2017-08-29 22:00:00, 0.0106599
16775, 2017-08-29 23:00:00, 0.0106312
16776, 2017-08-30 00:00:00, 0.0106027
16777, 2017-08-30 01:00:00, 0.0105742
16778, 2017-08-30 02:00:00, 0.0105458
16779, 2017-08-30 03:00:00, 0.0110739
16780, 2017-08-30 04:00:00, 0.0182869
16781, 2017-08-30 05:00:00, 0.0196643
16782, 2017-08-30 06:00:00, 0.017397
16783, 2017-08-30 07:00:00, 0.0149187
16784, 2017-08-30 08:00:00, 0.0146013
16785, 2017-08-30 09:00:00, 0.0164024
16786, 2017-08-30 10:00:00, 0.0145976
16787, 2017-08-30 11:00:00, 0.0124203
16788, 2017-08-30 12:00:00, 0.0107625
16789, 2017-08-30 13:00:00, 0.0102386
16790, 2017-08-30 14:00:00, 0.0102111
16791, 2017-08-30 15:00:00, 0.0101837
16792, 2017-08-30 16:00:00, 0.0101564
16793, 2017-08-30 17:00:00, 0.0101291
16794, 2017-08-30 18:00:00, 0.0101019
16795, 2017-08-30 19:00:00, 0.0100748
16796, 2017-08-30 20:00:00, 0.0100478
16797, 2017-08-30 21:00:00, 0.0100209
16798, 2017-08-30 22:00:00, 0.00999399
16799, 2017-08-30 23:00:00, 0.00996719
16800, 2017-08-31 00:00:00, 0.00994046
16801, 2017-08-31 01:00:00, 0.00991381
16802, 2017-08-31 02:00:00, 0.00988723
16803, 2017-08-31 03:00:00, 0.00986072
16804, 2017-08-31 04:00:00, 0.00983428
16805, 2017-08-31 05:00:00, 0.00980792
16806, 2017-08-31 06:00:00, 0.00978163
16807, 2017-08-31 07:00:00, 0.00975541
16808, 2017-08-31 08:00:00, 0.00972926
16809, 2017-08-31 09:00:00, 0.00970319
16810, 2017-08-31 10:00:00, 0.00967718
16811, 2017-08-31 11:00:00, 0.00965125
16812, 2017-08-31 12:00:00, 0.00962539
16813, 2017-08-31 13:00:00, 0.0095996
16814, 2017-08-31 14:00:00, 0.00957388
16815, 2017-08-31 15:00:00, 0.00954823
16816, 2017-08-31 16:00:00, 0.00952265
16817, 2017-08-31 17:00:00, 0.00949714
16818, 2017-08-31 18:00:00, 0.0094717
16819, 2017-08-31 19:00:00, 0.00944633
16820, 2017-08-31 20:00:00, 0.00942103
16821, 2017-08-31 21:00:00, 0.0093958
16822, 2017-08-31 22:00:00, 0.00937064
16823, 2017-08-31 23:00:00, 0.00934555
16824, 2017-09-01 00:00:00, 0.00932053
16825, 2017-09-01 01:00:00, 0.00929557
16826, 2017-09-01 02:00:00, 0.00927068
16827, 2017-09-01 03:00:00, 0.00924586
16828, 2017-09-01 04:00:00, 0.00922111
16829, 2017-09-01 05:00:00, 0.00919643
16830, 2017-09-01 06:00:00, 0.00917181
16831, 2017-09-01 07:00:00, 0.00914727
16832, 2017-09-01 08:00:00, 0.00912279
16833, 2017-09-01 09:00:00, 0.00909837
16834, 2017-09-01 10:00:00, 0.00907402
16835, 2017-09-01 11:00:00, 0.00904974
16836, 2017-09-01 12:00:00, 0.00902553
16837, 2017-09-01 13:00:00, 0.00900138
16838, 2017-09-01 14:00:00, 0.0089773
16839, 2017-09-01 15:00:00, 0.00895328
16840, 2017-09-01 16:00:00, 0.00892933
16841, 2017-09-01 17:00:00, 0.00890545
16842, 2017-09-01 18:00:00, 0.00888163
16843, 2017-09-01 19:00:00, 0.00885787
16844, 2017-09-01 20:00:00, 0.00883418
16845, 2017-09-01 21:00:00, 0.00881055
16846, 2017-09-01 22:00:00, 0.00878699
16847, 2017-09-01 23:00:00, 0.0087635
16848, 2017-09-02 00:00:00, 0.00874006
16849, 2017-09-02 01:00:00, 0.0087167
16850, 2017-09-02 02:00:00, 0.00869339
16851, 2017-09-02 03:00:00, 0.00867015
16852, 2017-09-02 04:00:00, 0.00864697
16853, 2017-09-02 05:00:00, 0.00862386
16854, 2017-09-02 06:00:00, 0.00860081
16855, 2017-09-02 07:00:00, 0.00857782
16856, 2017-09-02 08:00:00, 0.00855489
16857, 2017-09-02 09:00:00, 0.00853203
16858, 2017-09-02 10:00:00, 0.00850923
16859, 2017-09-02 11:00:00, 0.00848649
16860, 2017-09-02 12:00:00, 0.00846381
16861, 2017-09-02 13:00:00, 0.0084412
16862, 2017-09-02 14:00:00, 0.00841865
16863, 2017-09-02 15:00:00, 0.00839616
16864, 2017-09-02 16:00:00, 0.00837372
16865, 2017-09-02 17:00:00, 0.00835136
16866, 2017-09-02 18:00:00, 0.00832905
16867, 2017-09-02 19:00:00, 0.0083068
16868, 2017-09-02 20:00:00, 0.00828461
16869, 2017-09-02 21:00:00, 0.00826249
16870, 2017-09-02 22:00:00, 0.00824042
16871, 2017-09-02 23:00:00, 0.00821841
16872, 2017-09-03 00:00:00, 0.00819647
16873, 2017-09-03 01:00:00, 0.00817458
16874, 2017-09-03 02:00:00, 0.00815276
16875, 2017-09-03 03:00:00, 0.00813099
16876, 2017-09-03 04:00:00, 0.00810928
16877, 2017-09-03 05:00:00, 0.00808778
16878, 2017-09-03 06:00:00, 0.00975663
16879, 2017-09-03 07:00:00, 0.0140605
16880, 2017-09-03 08:00:00, 0.0131099
16881, 2017-09-03 09:00:00, 0.0108584
16882, 2017-09-03 10:00:00, 0.00873913
16883, 2017-09-03 11:00:00, 0.00795897
16884, 2017-09-03 12:00:00, 0.00794884
16885, 2017-09-03 13:00:00, 0.0110183
16886, 2017-09-03 14:00:00, 0.0101374
16887, 2017-09-03 15:00:00, 0.00937785
16888, 2017-09-03 16:00:00, 0.00815527
16889, 2017-09-03 17:00:00, 0.00787994
16890, 2017-09-03 18:00:00, 0.00786381
16891, 2017-09-03 19:00:00, 0.00798297
16892, 2017-09-03 20:00:00, 0.0763414
16893, 2017-09-03 21:00:00, 0.0501672
16894, 2017-09-03 22:00:00, 0.037737
16895, 2017-09-03 23:00:00, 0.0117911
16896, 2017-09-04 00:00:00, 0.00768731
16897, 2017-09-04 01:00:00, 0.00766681
16898, 2017-09-04 02:00:00, 0.00764636
16899, 2017-09-04 03:00:00, 0.00762597
16900, 2017-09-04 04:00:00, 0.00760564
16901, 2017-09-04 05:00:00, 0.00758536
16902, 2017-09-04 06:00:00, 0.00756513
16903, 2017-09-04 07:00:00, 0.00754496
16904, 2017-09-04 08:00:00, 0.00752485
16905, 2017-09-04 09:00:00, 0.00750479
16906, 2017-09-04 10:00:00, 0.00748478
16907, 2017-09-04 11:00:00, 0.00746483
16908, 2017-09-04 12:00:00, 0.00744493
16909, 2017-09-04 13:00:00, 0.00742509
16910, 2017-09-04 14:00:00, 0.0074053
16911, 2017-09-04 15:00:00, 0.00738556
16912, 2017-09-04 16:00:00, 0.00736588
16913, 2017-09-04 17:00:00, 0.00734625
16914, 2017-09-04 18:00:00, 0.00732668
16915, 2017-09-04 19:00:00, 0.00730715
16916, 2017-09-04 20:00:00, 0.00728768
16917, 2017-09-04 21:00:00, 0.00726827
16918, 2017-09-04 22:00:00, 0.0072489
16919, 2017-09-04 23:00:00, 0.00722959
16920, 2017-09-05 00:00:00, 0.00721033
16921, 2017-09-05 01:00:00, 0.00719112
16922, 2017-09-05 02:00:00, 0.00717197
16923, 2017-09-05 03:00:00, 0.00715287
16924, 2017-09-05 04:00:00, 0.00713381
16925, 2017-09-05 05:00:00, 0.00711481
16926, 2017-09-05 06:00:00, 0.00709587
16927, 2017-09-05 07:00:00, 0.00707697
16928, 2017-09-05 08:00:00, 0.00705812
16929, 2017-09-05 09:00:00, 0.00703933
16930, 2017-09-05 10:00:00, 0.00702059
16931, 2017-09-05 11:00:00, 0.00700191
16932, 2017-09-05 12:00:00, 0.00698326
16933, 2017-09-05 13:00:00, 0.00696466
16934, 2017-09-05 14:00:00, 0.00694611
16935, 2017-09-05 15:00:00, 0.00692762
16936, 2017-09-05 16:00:00, 0.00690918
16937, 2017-09-05 17:00:00, 0.00689079
16938, 2017-09-05 18:00:00, 0.00687245
16939, 2017-09-05 19:00:00, 0.00685416
16940, 2017-09-05 20:00:00, 0.00683591
16941, 2017-09-05 21:00:00, 0.00681772
16942, 2017-09-05 22:00:00, 0.00679957
16943, 2017-09-05 23:00:00, 0.00678148
16944, 2017-09-06 00:00:00, 0.00676343
16945, 2017-09-06 01:00:00, 0.00674544
16946, 2017-09-06 02:00:00, 0.00672749
16947, 2017-09-06 03:00:00, 0.00670959
16948, 2017-09-06 04:00:00, 0.00669174
16949, 2017-09-06 05:00:00, 0.00667393
16950, 2017-09-06 06:00:00, 0.00665618
16951, 2017-09-06 07:00:00, 0.00663847
16952, 2017-09-06 08:00:00, 0.00662081
16953, 2017-09-06 09:00:00, 0.0066032
16954, 2017-09-06 10:00:00, 0.0065857
16955, 2017-09-06 11:00:00, 0.00656827
16956, 2017-09-06 12:00:00, 0.00655073
16957, 2017-09-06 13:00:00, 0.00653327
16958, 2017-09-06 14:00:00, 0.00651585
16959, 2017-09-06 15:00:00, 0.534223
16960, 2017-09-06 16:00:00, 0.246841
16961, 2017-09-06 17:00:00, 0.198584
16962, 2017-09-06 18:00:00, 0.00662335
16963, 2017-09-06 19:00:00, 0.00642968
16964, 2017-09-06 20:00:00, 0.00641258
16965, 2017-09-06 21:00:00, 0.00639553
16966, 2017-09-06 22:00:00, 0.00639086
16967, 2017-09-06 23:00:00, 0.00663999
16968, 2017-09-07 00:00:00, 0.0178346
16969, 2017-09-07 01:00:00, 0.169955
16970, 2017-09-07 02:00:00, 0.0954416
16971, 2017-09-07 03:00:00, 0.0700211
16972, 2017-09-07 04:00:00, 0.103036
16973, 2017-09-07 05:00:00, 0.498077
16974, 2017-09-07 06:00:00, 0.300016
16975, 2017-09-07 07:00:00, 0.200267
16976, 2017-09-07 08:00:00, 0.0288043
16977, 2017-09-07 09:00:00, 0.00803005
16978, 2017-09-07 10:00:00, 0.00617804
16979, 2017-09-07 11:00:00, 0.00616162
16980, 2017-09-07 12:00:00, 0.00614525
16981, 2017-09-07 13:00:00, 0.00612892
16982, 2017-09-07 14:00:00, 0.00611264
16983, 2017-09-07 15:00:00, 0.0060964
16984, 2017-09-07 16:00:00, 0.0060802
16985, 2017-09-07 17:00:00, 0.00606405
16986, 2017-09-07 18:00:00, 0.00604794
16987, 2017-09-07 19:00:00, 0.00603187
16988, 2017-09-07 20:00:00, 0.00601585
16989, 2017-09-07 21:00:00, 0.00599987
16990, 2017-09-07 22:00:00, 0.00598393
16991, 2017-09-07 23:00:00, 0.00596804
16992, 2017-09-08 00:00:00, 0.00595219
16993, 2017-09-08 01:00:00, 0.00593638
16994, 2017-09-08 02:00:00, 0.00592062
16995, 2017-09-08 03:00:00, 0.0059049
16996, 2017-09-08 04:00:00, 0.00588922
16997, 2017-09-08 05:00:00, 0.00587358
16998, 2017-09-08 06:00:00, 0.00585798
16999, 2017-09-08 07:00:00, 0.00584243
17000, 2017-09-08 08:00:00, 0.00582692
17001, 2017-09-08 09:00:00, 0.00581145
17002, 2017-09-08 10:00:00, 0.00579602
17003, 2017-09-08 11:00:00, 0.00578063
17004, 2017-09-08 12:00:00, 0.00576529
17005, 2017-09-08 13:00:00, 0.00574998
17006, 2017-09-08 14:00:00, 0.00573472
17007, 2017-09-08 15:00:00, 0.0057195
17008, 2017-09-08 16:00:00, 0.00570432
17009, 2017-09-08 17:00:00, 0.00568918
17010, 2017-09-08 18:00:00, 0.00567408
17011, 2017-09-08 19:00:00, 0.00565902
17012, 2017-09-08 20:00:00, 0.005644
17013, 2017-09-08 21:00:00, 0.00562902
17014, 2017-09-08 22:00:00, 0.00561408
17015, 2017-09-08 23:00:00, 0.00559919
17016, 2017-09-09 00:00:00, 0.00558433
17017, 2017-09-09 01:00:00, 0.00556951
17018, 2017-09-09 02:00:00, 0.00555473
17019, 2017-09-09 03:00:00, 0.00554
17020, 2017-09-09 04:00:00, 0.0055253
17021, 2017-09-09 05:00:00, 0.00551064
17022, 2017-09-09 06:00:00, 0.00549602
17023, 2017-09-09 07:00:00, 0.00548144
17024, 2017-09-09 08:00:00, 0.0054669
17025, 2017-09-09 09:00:00, 0.0054524
17026, 2017-09-09 10:00:00, 0.00543794
17027, 2017-09-09 11:00:00, 0.00542351
17028, 2017-09-09 12:00:00, 0.00540913
17029, 2017-09-09 13:00:00, 0.00539478
17030, 2017-09-09 14:00:00, 0.00538047
17031, 2017-09-09 15:00:00, 0.0053662
17032, 2017-09-09 16:00:00, 0.00535197
17033, 2017-09-09 17:00:00, 0.00533778
17034, 2017-09-09 18:00:00, 0.00532362
17035, 2017-09-09 19:00:00, 0.00530951
17036, 2017-09-09 20:00:00, 0.00529543
17037, 2017-09-09 21:00:00, 0.00528139
17038, 2017-09-09 22:00:00, 0.00526739
17039, 2017-09-09 23:00:00, 0.00525342
17040, 2017-09-10 00:00:00, 0.00523949
17041, 2017-09-10 01:00:00, 0.0052256
17042, 2017-09-10 02:00:00, 0.00521175
17043, 2017-09-10 03:00:00, 0.00519793
17044, 2017-09-10 04:00:00, 0.00518415
17045, 2017-09-10 05:00:00, 0.00517041
17046, 2017-09-10 06:00:00, 0.0051567
17047, 2017-09-10 07:00:00, 0.00514304
17048, 2017-09-10 08:00:00, 0.0051294
17049, 2017-09-10 09:00:00, 0.00511581
17050, 2017-09-10 10:00:00, 0.00510225
17051, 2017-09-10 11:00:00, 0.00508873
17052, 2017-09-10 12:00:00, 0.00507524
17053, 2017-09-10 13:00:00, 0.00506179
17054, 2017-09-10 14:00:00, 0.00504838
17055, 2017-09-10 15:00:00, 0.005035
17056, 2017-09-10 16:00:00, 0.00502166
17057, 2017-09-10 17:00:00, 0.00500835
17058, 2017-09-10 18:00:00, 0.00499508
17059, 2017-09-10 19:00:00, 0.00498185
17060, 2017-09-10 20:00:00, 0.00496865
17061, 2017-09-10 21:00:00, 0.00495548
17062, 2017-09-10 22:00:00, 0.00494235
17063, 2017-09-10 23:00:00, 0.00492926
17064, 2017-09-11 00:00:00, 0.0049162
17065, 2017-09-11 01:00:00, 0.00490318
17066, 2017-09-11 02:00:00, 0.00489019
17067, 2017-09-11 03:00:00, 0.00487724
17068, 2017-09-11 04:00:00, 0.00486432
17069, 2017-09-11 05:00:00, 0.00485143
17070, 2017-09-11 06:00:00, 0.00483858
17071, 2017-09-11 07:00:00, 0.00482577
17072, 2017-09-11 08:00:00, 0.00481299
17073, 2017-09-11 09:00:00, 0.00480024
17074, 2017-09-11 10:00:00, 0.00478753
17075, 2017-09-11 11:00:00, 0.00477485
17076, 2017-09-11 12:00:00, 0.00476221
17077, 2017-09-11 13:00:00, 0.00474959
17078, 2017-09-11 14:00:00, 0.00473702
17079, 2017-09-11 15:00:00, 0.00472447
17080, 2017-09-11 16:00:00, 0.00471196
17081, 2017-09-11 17:00:00, 0.00469949
17082, 2017-09-11 18:00:00, 0.00468705
17083, 2017-09-11 19:00:00, 0.00467464
17084, 2017-09-11 20:00:00, 0.00466226
17085, 2017-09-11 21:00:00, 0.00464992
17086, 2017-09-11 22:00:00, 0.00463761
17087, 2017-09-11 23:00:00, 0.00462533
17088, 2017-09-12 00:00:00, 0.00461309
17089, 2017-09-12 01:00:00, 0.00460087
17090, 2017-09-12 02:00:00, 0.0045887
17091, 2017-09-12 03:00:00, 0.00457655
17092, 2017-09-12 04:00:00, 0.00456444
17093, 2017-09-12 05:00:00, 0.00455235
17094, 2017-09-12 06:00:00, 0.00454031
17095, 2017-09-12 07:00:00, 0.00452829
17096, 2017-09-12 08:00:00, 0.0045163
17097, 2017-09-12 09:00:00, 0.00450435
17098, 2017-09-12 10:00:00, 0.00449243
17099, 2017-09-12 11:00:00, 0.00448054
17100, 2017-09-12 12:00:00, 0.00446869
17101, 2017-09-12 13:00:00, 0.00445686
17102, 2017-09-12 14:00:00, 0.00444507
17103, 2017-09-12 15:00:00, 0.00443331
17104, 2017-09-12 16:00:00, 0.00442158
17105, 2017-09-12 17:00:00, 0.00440988
17106, 2017-09-12 18:00:00, 0.00439821
17107, 2017-09-12 19:00:00, 0.00438657
17108, 2017-09-12 20:00:00, 0.00437497
17109, 2017-09-12 21:00:00, 0.00436339
17110, 2017-09-12 22:00:00, 0.00435185
17111, 2017-09-12 23:00:00, 0.00434034
17112, 2017-09-13 00:00:00, 0.00432886
17113, 2017-09-13 01:00:00, 0.0043174
17114, 2017-09-13 02:00:00, 0.00430598
17115, 2017-09-13 03:00:00, 0.00429459
17116, 2017-09-13 04:00:00, 0.00428323
17117, 2017-09-13 05:00:00, 0.00427191
17118, 2017-09-13 06:00:00, 0.00426061
17119, 2017-09-13 07:00:00, 0.00424934
17120, 2017-09-13 08:00:00, 0.0042381
17121, 2017-09-13 09:00:00, 0.00422689
17122, 2017-09-13 10:00:00, 0.00421571
17123, 2017-09-13 11:00:00, 0.00420456
17124, 2017-09-13 12:00:00, 0.00419344
17125, 2017-09-13 13:00:00, 0.00418236
17126, 2017-09-13 14:00:00, 0.0041713
17127, 2017-09-13 15:00:00, 0.00416027
17128, 2017-09-13 16:00:00, 0.00414927
17129, 2017-09-13 17:00:00, 0.00413829
17130, 2017-09-13 18:00:00, 0.00412735
17131, 2017-09-13 19:00:00, 0.00411644
17132, 2017-09-13 20:00:00, 0.00410556
17133, 2017-09-13 21:00:00, 0.0040947
17134, 2017-09-13 22:00:00, 0.00408388
17135, 2017-09-13 23:00:00, 0.00407308
17136, 2017-09-14 00:00:00, 0.00406231
17137, 2017-09-14 01:00:00, 0.00405157
17138, 2017-09-14 02:00:00, 0.00404086
17139, 2017-09-14 03:00:00, 0.00403018
17140, 2017-09-14 04:00:00, 0.00401953
17141, 2017-09-14 05:00:00, 0.0040089
17142, 2017-09-14 06:00:00, 0.00399831
17143, 2017-09-14 07:00:00, 0.00398774
17144, 2017-09-14 08:00:00, 0.0039772
17145, 2017-09-14 09:00:00, 0.00396669
17146, 2017-09-14 10:00:00, 0.00395621
17147, 2017-09-14 11:00:00, 0.00394575
17148, 2017-09-14 12:00:00, 0.00393532
17149, 2017-09-14 13:00:00, 0.00392492
17150, 2017-09-14 14:00:00, 0.00391455
17151, 2017-09-14 15:00:00, 0.0039042
17152, 2017-09-14 16:00:00, 0.00389388
17153, 2017-09-14 17:00:00, 0.00388359
17154, 2017-09-14 18:00:00, 0.00387333
17155, 2017-09-14 19:00:00, 0.0038631
17156, 2017-09-14 20:00:00, 0.00385289
17157, 2017-09-14 21:00:00, 0.00384271
17158, 2017-09-14 22:00:00, 0.00383256
17159, 2017-09-14 23:00:00, 0.00382243
17160, 2017-09-15 00:00:00, 0.00381233
17161, 2017-09-15 01:00:00, 0.00380226
17162, 2017-09-15 02:00:00, 0.00379221
17163, 2017-09-15 03:00:00, 0.0037822
17164, 2017-09-15 04:00:00, 0.00587157
17165, 2017-09-15 05:00:00, 0.0047165
17166, 2017-09-15 06:00:00, 0.00451571
17167, 2017-09-15 07:00:00, 0.00374239
17168, 2017-09-15 08:00:00, 0.0037325
17169, 2017-09-15 09:00:00, 0.00372265
17170, 2017-09-15 10:00:00, 0.00371282
17171, 2017-09-15 11:00:00, 0.00370301
17172, 2017-09-15 12:00:00, 0.00369323
17173, 2017-09-15 13:00:00, 0.00368347
17174, 2017-09-15 14:00:00, 0.00367374
17175, 2017-09-15 15:00:00, 0.00366404
17176, 2017-09-15 16:00:00, 0.00365436
17177, 2017-09-15 17:00:00, 0.00364471
17178, 2017-09-15 18:00:00, 0.00363509
17179, 2017-09-15 19:00:00, 0.00362549
17180, 2017-09-15 20:00:00, 0.00361591
17181, 2017-09-15 21:00:00, 0.00360636
17182, 2017-09-15 22:00:00, 0.00359684
17183, 2017-09-15 23:00:00, 0.00358734
17184, 2017-09-16 00:00:00, 0.00357787
17185, 2017-09-16 01:00:00, 0.00356842
17186, 2017-09-16 02:00:00, 0.003559
17187, 2017-09-16 03:00:00, 0.0035496
17188, 2017-09-16 04:00:00, 0.00354023
17189, 2017-09-16 05:00:00, 0.00353089
17190, 2017-09-16 06:00:00, 0.00352156
17191, 2017-09-16 07:00:00, 0.0035123
17192, 2017-09-16 08:00:00, 0.00350302
17193, 2017-09-16 09:00:00, 0.00349382
17194, 2017-09-16 10:00:00, 0.00348463
17195, 2017-09-16 11:00:00, 0.00347538
17196, 2017-09-16 12:00:00, 0.00346618
17197, 2017-09-16 13:00:00, 0.003457
17198, 2017-09-16 14:00:00, 0.00344787
17199, 2017-09-16 15:00:00, 0.00343877
17200, 2017-09-16 16:00:00, 0.0034297
17201, 2017-09-16 17:00:00, 0.00342064
17202, 2017-09-16 18:00:00, 0.00341162
17203, 2017-09-16 19:00:00, 0.00340261
17204, 2017-09-16 20:00:00, 0.00339363
17205, 2017-09-16 21:00:00, 0.00338467
17206, 2017-09-16 22:00:00, 0.00337574
17207, 2017-09-16 23:00:00, 0.00336683
17208, 2017-09-17 00:00:00, 0.00335795
17209, 2017-09-17 01:00:00, 0.00334908
17210, 2017-09-17 02:00:00, 0.00334025
17211, 2017-09-17 03:00:00, 0.00333143
17212, 2017-09-17 04:00:00, 0.00332264
17213, 2017-09-17 05:00:00, 0.00331387
17214, 2017-09-17 06:00:00, 0.00330513
17215, 2017-09-17 07:00:00, 0.00329641
17216, 2017-09-17 08:00:00, 0.00328773
17217, 2017-09-17 09:00:00, 0.00327906
17218, 2017-09-17 10:00:00, 0.00327046
17219, 2017-09-17 11:00:00, 0.00326179
17220, 2017-09-17 12:00:00, 0.00325317
17221, 2017-09-17 13:00:00, 0.00324457
17222, 2017-09-17 14:00:00, 0.003236
17223, 2017-09-17 15:00:00, 0.00322747
17224, 2017-09-17 16:00:00, 0.00321895
17225, 2017-09-17 17:00:00, 0.00321046
17226, 2017-09-17 18:00:00, 0.00320199
17227, 2017-09-17 19:00:00, 0.00319354
17228, 2017-09-17 20:00:00, 0.00318512
17229, 2017-09-17 21:00:00, 0.00317672
17230, 2017-09-17 22:00:00, 0.00316834
17231, 2017-09-17 23:00:00, 0.00315998
17232, 2017-09-18 00:00:00, 0.00315164
17233, 2017-09-18 01:00:00, 0.00314333
17234, 2017-09-18 02:00:00, 0.00313504
17235, 2017-09-18 03:00:00, 0.00312677
17236, 2017-09-18 04:00:00, 0.00311852
17237, 2017-09-18 05:00:00, 0.0031103
17238, 2017-09-18 06:00:00, 0.0031021
17239, 2017-09-18 07:00:00, 0.00309391
17240, 2017-09-18 08:00:00, 0.00308576
17241, 2017-09-18 09:00:00, 0.00307762
17242, 2017-09-18 10:00:00, 0.0030695
17243, 2017-09-18 11:00:00, 0.00306141
17244, 2017-09-18 12:00:00, 0.00305333
17245, 2017-09-18 13:00:00, 0.00304528
17246, 2017-09-18 14:00:00, 0.00303725
17247, 2017-09-18 15:00:00, 0.00302924
17248, 2017-09-18 16:00:00, 0.00302125
17249, 2017-09-18 17:00:00, 0.00301329
17250, 2017-09-18 18:00:00, 0.00300534
17251, 2017-09-18 19:00:00, 0.00299742
17252, 2017-09-18 20:00:00, 0.00298951
17253, 2017-09-18 21:00:00, 0.00298163
17254, 2017-09-18 22:00:00, 0.00297377
17255, 2017-09-18 23:00:00, 0.00296593
17256, 2017-09-19 00:00:00, 0.00295811
17257, 2017-09-19 01:00:00, 0.00295031
17258, 2017-09-19 02:00:00, 0.00294253
17259, 2017-09-19 03:00:00, 0.00293477
17260, 2017-09-19 04:00:00, 0.00292704
17261, 2017-09-19 05:00:00, 0.00291932
17262, 2017-09-19 06:00:00, 0.00291163
17263, 2017-09-19 07:00:00, 0.00290395
17264, 2017-09-19 08:00:00, 0.00289629
17265, 2017-09-19 09:00:00, 0.00288866
17266, 2017-09-19 10:00:00, 0.00288105
17267, 2017-09-19 11:00:00, 0.00287345
17268, 2017-09-19 12:00:00, 0.00286588
17269, 2017-09-19 13:00:00, 0.00334579
17270, 2017-09-19 14:00:00, 0.00332627
17271, 2017-09-19 15:00:00, 0.00313595
17272, 2017-09-19 16:00:00, 0.00292811
17273, 2017-09-19 17:00:00, 0.00282831
17274, 2017-09-19 18:00:00, 0.00282085
17275, 2017-09-19 19:00:00, 0.00281342
17276, 2017-09-19 20:00:00, 0.002806
17277, 2017-09-19 21:00:00, 0.00279861
17278, 2017-09-19 22:00:00, 0.00279123
17279, 2017-09-19 23:00:00, 0.00278388
17280, 2017-09-20 00:00:00, 0.00277654
17281, 2017-09-20 01:00:00, 0.00276922
17282, 2017-09-20 02:00:00, 0.00276193
17283, 2017-09-20 03:00:00, 0.00275465
17284, 2017-09-20 04:00:00, 0.00274739
17285, 2017-09-20 05:00:00, 0.00274015
17286, 2017-09-20 06:00:00, 0.00273293
17287, 2017-09-20 07:00:00, 0.00272573
17288, 2017-09-20 08:00:00, 0.00271854
17289, 2017-09-20 09:00:00, 0.00279899
17290, 2017-09-20 10:00:00, 0.00274406
17291, 2017-09-20 11:00:00, 0.00272897
17292, 2017-09-20 12:00:00, 0.00269001
17293, 2017-09-20 13:00:00, 0.00268292
17294, 2017-09-20 14:00:00, 0.00267585
17295, 2017-09-20 15:00:00, 0.0026688
17296, 2017-09-20 16:00:00, 0.00266177
17297, 2017-09-20 17:00:00, 0.00265476
17298, 2017-09-20 18:00:00, 0.00264776
17299, 2017-09-20 19:00:00, 0.00264079
17300, 2017-09-20 20:00:00, 0.00263383
17301, 2017-09-20 21:00:00, 0.00262689
17302, 2017-09-20 22:00:00, 0.00261997
17303, 2017-09-20 23:00:00, 0.00261307
17304, 2017-09-21 00:00:00, 0.00260619
17305, 2017-09-21 01:00:00, 0.00259932
17306, 2017-09-21 02:00:00, 0.00259247
17307, 2017-09-21 03:00:00, 0.00258564
17308, 2017-09-21 04:00:00, 0.00257883
17309, 2017-09-21 05:00:00, 0.00257204
17310, 2017-09-21 06:00:00, 0.00256527
17311, 2017-09-21 07:00:00, 0.00255851
17312, 2017-09-21 08:00:00, 0.00255177
17313, 2017-09-21 09:00:00, 0.00254505
17314, 2017-09-21 10:00:00, 0.00253835
17315, 2017-09-21 11:00:00, 0.00253166
17316, 2017-09-21 12:00:00, 0.00252499
17317, 2017-09-21 13:00:00, 0.00251834
17318, 2017-09-21 14:00:00, 0.00251171
17319, 2017-09-21 15:00:00, 0.0025051
17320, 2017-09-21 16:00:00, 0.0024985
17321, 2017-09-21 17:00:00, 0.00249192
17322, 2017-09-21 18:00:00, 0.00248536
17323, 2017-09-21 19:00:00, 0.00247881
17324, 2017-09-21 20:00:00, 0.00247228
17325, 2017-09-21 21:00:00, 0.00246577
17326, 2017-09-21 22:00:00, 0.00245928
17327, 2017-09-21 23:00:00, 0.00245281
17328, 2017-09-22 00:00:00, 0.00244635
17329, 2017-09-22 01:00:00, 0.00243991
17330, 2017-09-22 02:00:00, 0.00243348
17331, 2017-09-22 03:00:00, 0.00242707
17332, 2017-09-22 04:00:00, 0.00242068
17333, 2017-09-22 05:00:00, 0.00241431
17334, 2017-09-22 06:00:00, 0.00240795
17335, 2017-09-22 07:00:00, 0.00240161
17336, 2017-09-22 08:00:00, 0.00239529
17337, 2017-09-22 09:00:00, 0.00238898
17338, 2017-09-22 10:00:00, 0.00238269
17339, 2017-09-22 11:00:00, 0.00237642
17340, 2017-09-22 12:00:00, 0.00237016
17341, 2017-09-22 13:00:00, 0.00236392
17342, 2017-09-22 14:00:00, 0.0023577
17343, 2017-09-22 15:00:00, 0.00235149
17344, 2017-09-22 16:00:00, 0.0023453
17345, 2017-09-22 17:00:00, 0.00233913
17346, 2017-09-22 18:00:00, 0.00233297
17347, 2017-09-22 19:00:00, 0.00232683
17348, 2017-09-22 20:00:00, 0.0023207
17349, 2017-09-22 21:00:00, 0.0023146
17350, 2017-09-22 22:00:00, 0.0023085
17351, 2017-09-22 23:00:00, 0.00230243
17352, 2017-09-23 00:00:00, 0.00229637
17353, 2017-09-23 01:00:00, 0.00229032
17354, 2017-09-23 02:00:00, 0.00228429
17355, 2017-09-23 03:00:00, 0.00227828
17356, 2017-09-23 04:00:00, 0.00227228
17357, 2017-09-23 05:00:00, 0.0022663
17358, 2017-09-23 06:00:00, 0.00226034
17359, 2017-09-23 07:00:00, 0.00225439
17360, 2017-09-23 08:00:00, 0.00224846
17361, 2017-09-23 09:00:00, 0.00224254
17362, 2017-09-23 10:00:00, 0.00223664
17363, 2017-09-23 11:00:00, 0.00223075
17364, 2017-09-23 12:00:00, 0.00222488
17365, 2017-09-23 13:00:00, 0.00221902
17366, 2017-09-23 14:00:00, 0.00221318
17367, 2017-09-23 15:00:00, 0.00220736
17368, 2017-09-23 16:00:00, 0.00220155
17369, 2017-09-23 17:00:00, 0.00219576
17370, 2017-09-23 18:00:00, 0.00218998
17371, 2017-09-23 19:00:00, 0.00218422
17372, 2017-09-23 20:00:00, 0.00217847
17373, 2017-09-23 21:00:00, 0.00217274
17374, 2017-09-23 22:00:00, 0.00216702
17375, 2017-09-23 23:00:00, 0.00216132
17376, 2017-09-24 00:00:00, 0.00215563
17377, 2017-09-24 01:00:00, 0.00214996
17378, 2017-09-24 02:00:00, 0.0021443
17379, 2017-09-24 03:00:00, 0.00213866
17380, 2017-09-24 04:00:00, 0.00213303
17381, 2017-09-24 05:00:00, 0.00212742
17382, 2017-09-24 06:00:00, 0.00212182
17383, 2017-09-24 07:00:00, 0.00211624
17384, 2017-09-24 08:00:00, 0.00211067
17385, 2017-09-24 09:00:00, 0.00210512
17386, 2017-09-24 10:00:00, 0.00209958
17387, 2017-09-24 11:00:00, 0.00209405
17388, 2017-09-24 12:00:00, 0.00208854
17389, 2017-09-24 13:00:00, 0.00208305
17390, 2017-09-24 14:00:00, 0.00207757
17391, 2017-09-24 15:00:00, 0.0020721
17392, 2017-09-24 16:00:00, 0.00206665
17393, 2017-09-24 17:00:00, 0.00206122
17394, 2017-09-24 18:00:00, 0.00205579
17395, 2017-09-24 19:00:00, 0.00205039
17396, 2017-09-24 20:00:00, 0.00204499
17397, 2017-09-24 21:00:00, 0.00203961
17398, 2017-09-24 22:00:00, 0.00203425
17399, 2017-09-24 23:00:00, 0.0020289
17400, 2017-09-25 00:00:00, 0.00202356
17401, 2017-09-25 01:00:00, 0.00201824
17402, 2017-09-25 02:00:00, 0.00201293
17403, 2017-09-25 03:00:00, 0.00200763
17404, 2017-09-25 04:00:00, 0.00200235
17405, 2017-09-25 05:00:00, 0.00199709
17406, 2017-09-25 06:00:00, 0.00199183
17407, 2017-09-25 07:00:00, 0.00198659
17408, 2017-09-25 08:00:00, 0.00198137
17409, 2017-09-25 09:00:00, 0.00197616
17410, 2017-09-25 10:00:00, 0.00197096
17411, 2017-09-25 11:00:00, 0.00196578
17412, 2017-09-25 12:00:00, 0.00196061
17413, 2017-09-25 13:00:00, 0.00195545
17414, 2017-09-25 14:00:00, 0.00195031
17415, 2017-09-25 15:00:00, 0.00194518
17416, 2017-09-25 16:00:00, 0.00194006
17417, 2017-09-25 17:00:00, 0.00193496
17418, 2017-09-25 18:00:00, 0.00192987
17419, 2017-09-25 19:00:00, 0.0019248
17420, 2017-09-25 20:00:00, 0.00191973
17421, 2017-09-25 21:00:00, 0.00191469
17422, 2017-09-25 22:00:00, 0.00190965
17423, 2017-09-25 23:00:00, 0.00190463
17424, 2017-09-26 00:00:00, 0.00189962
17425, 2017-09-26 01:00:00, 0.00189462
17426, 2017-09-26 02:00:00, 0.00188964
17427, 2017-09-26 03:00:00, 0.00188467
17428, 2017-09-26 04:00:00, 0.00187972
17429, 2017-09-26 05:00:00, 0.00187478
17430, 2017-09-26 06:00:00, 0.00186992
17431, 2017-09-26 07:00:00, 0.00186505
17432, 2017-09-26 08:00:00, 0.00186017
17433, 2017-09-26 09:00:00, 0.00185526
17434, 2017-09-26 10:00:00, 0.0018504
17435, 2017-09-26 11:00:00, 0.00184546
17436, 2017-09-26 12:00:00, 0.00184058
17437, 2017-09-26 13:00:00, 0.0018357
17438, 2017-09-26 14:00:00, 0.00183087
17439, 2017-09-26 15:00:00, 0.00182606
17440, 2017-09-26 16:00:00, 0.00182126
17441, 2017-09-26 17:00:00, 0.00181647
17442, 2017-09-26 18:00:00, 0.00181169
17443, 2017-09-26 19:00:00, 0.00180693
17444, 2017-09-26 20:00:00, 0.00180218
17445, 2017-09-26 21:00:00, 0.00179744
17446, 2017-09-26 22:00:00, 0.00179272
17447, 2017-09-26 23:00:00, 0.001788
17448, 2017-09-27 00:00:00, 0.0017833
17449, 2017-09-27 01:00:00, 0.00177862
17450, 2017-09-27 02:00:00, 0.00177394
17451, 2017-09-27 03:00:00, 0.00176928
17452, 2017-09-27 04:00:00, 0.00176463
17453, 2017-09-27 05:00:00, 0.00175999
17454, 2017-09-27 06:00:00, 0.00175536
17455, 2017-09-27 07:00:00, 0.00175075
17456, 2017-09-27 08:00:00, 0.00174615
17457, 2017-09-27 09:00:00, 0.00174156
17458, 2017-09-27 10:00:00, 0.00173698
17459, 2017-09-27 11:00:00, 0.00173241
17460, 2017-09-27 12:00:00, 0.00172786
17461, 2017-09-27 13:00:00, 0.00172331
17462, 2017-09-27 14:00:00, 0.00171879
17463, 2017-09-27 15:00:00, 0.00171427
17464, 2017-09-27 16:00:00, 0.00170976
17465, 2017-09-27 17:00:00, 0.00170527
17466, 2017-09-27 18:00:00, 0.00170079
17467, 2017-09-27 19:00:00, 0.00169632
17468, 2017-09-27 20:00:00, 0.00169186
17469, 2017-09-27 21:00:00, 0.00168741
17470, 2017-09-27 22:00:00, 0.00168297
17471, 2017-09-27 23:00:00, 0.00167855
17472, 2017-09-28 00:00:00, 0.00167414
17473, 2017-09-28 01:00:00, 0.00166974
17474, 2017-09-28 02:00:00, 0.00166535
17475, 2017-09-28 03:00:00, 0.00166097
17476, 2017-09-28 04:00:00, 0.00165661
17477, 2017-09-28 05:00:00, 0.00165226
17478, 2017-09-28 06:00:00, 0.00164795
17479, 2017-09-28 07:00:00, 0.00164366
17480, 2017-09-28 08:00:00, 0.00163947
17481, 2017-09-28 09:00:00, 0.00163514
17482, 2017-09-28 10:00:00, 0.00163076
17483, 2017-09-28 11:00:00, 0.00162641
17484, 2017-09-28 12:00:00, 0.0016221
17485, 2017-09-28 13:00:00, 0.00161784
17486, 2017-09-28 14:00:00, 0.00161359
17487, 2017-09-28 15:00:00, 0.00160935
17488, 2017-09-28 16:00:00, 0.00160512
17489, 2017-09-28 17:00:00, 0.0016009
17490, 2017-09-28 18:00:00, 0.00159669
17491, 2017-09-28 19:00:00, 0.0015925
17492, 2017-09-28 20:00:00, 0.00158831
17493, 2017-09-28 21:00:00, 0.00158414
17494, 2017-09-28 22:00:00, 0.00157998
17495, 2017-09-28 23:00:00, 0.00157582
17496, 2017-09-29 00:00:00, 0.00157168
17497, 2017-09-29 01:00:00, 0.00156755
17498, 2017-09-29 02:00:00, 0.00156344
17499, 2017-09-29 03:00:00, 0.00155933
17500, 2017-09-29 04:00:00, 0.00155523
17501, 2017-09-29 05:00:00, 0.00155114
17502, 2017-09-29 06:00:00, 0.00154707
17503, 2017-09-29 07:00:00, 0.001543
17504, 2017-09-29 08:00:00, 0.00153895
17505, 2017-09-29 09:00:00, 0.00153491
17506, 2017-09-29 10:00:00, 0.00153087
17507, 2017-09-29 11:00:00, 0.00152685
17508, 2017-09-29 12:00:00, 0.00152284
17509, 2017-09-29 13:00:00, 0.00151884
17510, 2017-09-29 14:00:00, 0.00151485
17511, 2017-09-29 15:00:00, 0.00151087
17512, 2017-09-29 16:00:00, 0.0015069
17513, 2017-09-29 17:00:00, 0.00150294
17514, 2017-09-29 18:00:00, 0.00149899
17515, 2017-09-29 19:00:00, 0.00149506
17516, 2017-09-29 20:00:00, 0.00149113
17517, 2017-09-29 21:00:00, 0.00148721
17518, 2017-09-29 22:00:00, 0.0014833
17519, 2017-09-29 23:00:00, 0.00147941
17520, 2017-09-30 00:00:00, 0.00147552
17521, 2017-09-30 01:00:00, 0.00147165
17522, 2017-09-30 02:00:00, 0.00146778
17523, 2017-09-30 03:00:00, 0.00146392
17524, 2017-09-30 04:00:00, 0.00146008
17525, 2017-09-30 05:00:00, 0.00145624
17526, 2017-09-30 06:00:00, 0.00145242
17527, 2017-09-30 07:00:00, 0.0014486
17528, 2017-09-30 08:00:00, 0.0015789
17529, 2017-09-30 09:00:00, 0.00762234
17530, 2017-09-30 10:00:00, 0.00436156
17531, 2017-09-30 11:00:00, 0.00370157
17532, 2017-09-30 12:00:00, 0.00149389
17533, 2017-09-30 13:00:00, 0.00143964
17534, 2017-09-30 14:00:00, 0.00143315
17535, 2017-09-30 15:00:00, 0.00141844
17536, 2017-09-30 16:00:00, 0.00141472
17537, 2017-09-30 17:00:00, 0.001411
17538, 2017-09-30 18:00:00, 0.00140729
17539, 2017-09-30 19:00:00, 0.0014036
17540, 2017-09-30 20:00:00, 0.00139991
17541, 2017-09-30 21:00:00, 0.00139623
17542, 2017-09-30 22:00:00, 0.00139257
17543, 2017-09-30 23:00:00, 0.00138891
