Time Step,Time,SWE_mm,sm_frac_0.4m,sm_profile_0.1m,sm_profile_0.4m,sm_profile_1m,sm_profile_2m,rainmelt
0,2020-01-01 00:00:00,0.000000000,0.194458040,0.211643601,0.214009065,0.219175223,0.229429116,0.000000000
1,2020-01-01 01:00:00,0.000000000,0.194464487,0.211590198,0.213952580,0.219111511,0.229348869,0.000000000
2,2020-01-01 02:00:00,0.000000000,0.194469601,0.211547800,0.213907739,0.219060939,0.229285188,0.000000000
3,2020-01-01 03:00:00,0.000000000,0.194474475,0.211507357,0.213864966,0.219012705,0.229224465,0.000000000
4,2020-01-01 04:00:00,0.000000000,0.194478701,0.211472265,0.213827854,0.218970858,0.229171795,0.000000000
5,2020-01-01 05:00:00,0.000000000,0.194482383,0.211441666,0.213795495,0.218934374,0.229125882,0.000000000
6,2020-01-01 06:00:00,0.000000000,0.194486156,0.211410292,0.213762318,0.218896970,0.229078821,0.000000000
7,2020-01-01 07:00:00,0.000000000,0.194489721,0.211380635,0.213730957,0.218861617,0.229034346,0.000000000
8,2020-01-01 08:00:00,0.000000000,0.194493051,0.211352915,0.213701646,0.218828577,0.228992789,0.000000000
9,2020-01-01 09:00:00,0.000000000,0.194496539,0.211323856,0.213670919,0.218793943,0.228949234,0.000000000
10,2020-01-01 10:00:00,0.000000000,0.194500032,0.211294745,0.213640138,0.218759252,0.228905613,0.000000000
11,2020-01-01 11:00:00,0.000000000,0.194503085,0.211269287,0.213613222,0.218728917,0.228867477,0.000000000
12,2020-01-01 12:00:00,0.000000000,0.194506182,0.211243449,0.213585904,0.218698132,0.228828779,0.000000000
13,2020-01-01 13:00:00,0.000000000,0.194510326,0.211208859,0.213549334,0.218656924,0.228776988,0.000000000
14,2020-01-01 14:00:00,0.000000000,0.194515738,0.211163638,0.213501525,0.218603057,0.228709303,0.000000000
15,2020-01-01 15:00:00,0.000000000,0.194522655,0.211105795,0.213440377,0.218534170,0.228622768,0.000000000
16,2020-01-01 16:00:00,0.000000000,0.194530536,0.211039800,0.213370616,0.218455591,0.228524094,0.000000000
17,2020-01-01 17:00:00,0.000000000,0.194539387,0.210965578,0.213292164,0.218367239,0.228413188,0.000000000
18,2020-01-01 18:00:00,0.000000000,0.194549907,0.210877222,0.213198780,0.218262092,0.228281260,0.000000000
19,2020-01-01 19:00:00,0.000000000,0.194561041,0.210783543,0.213099780,0.218150647,0.228141500,0.000000000
20,2020-01-01 20:00:00,0.000000000,0.194572380,0.210687953,0.212998772,0.218036967,0.227999012,0.000000000
21,2020-01-01 21:00:00,0.000000000,0.194577838,0.210641874,0.212950084,0.217982181,0.227930368,0.000000000
22,2020-01-01 22:00:00,0.000000000,0.194582586,0.210601759,0.212907700,0.217934495,0.227870634,0.000000000
23,2020-01-01 23:00:00,0.000000000,0.194586751,0.210566543,0.212870495,0.217892637,0.227818212,0.000000000
24,2020-01-02 00:00:00,0.000000000,0.194590499,0.210534830,0.212836991,0.217854948,0.227771019,0.000000000
25,2020-01-02 01:00:00,0.000000000,0.194593892,0.210506104,0.212806643,0.217820811,0.227728282,0.000000000
26,2020-01-02 02:00:00,0.000000000,0.194596906,0.210480568,0.212779667,0.217790469,0.227690301,0.000000000
27,2020-01-02 03:00:00,0.000000000,0.194599637,0.210457430,0.212755224,0.217762978,0.227655893,0.000000000
28,2020-01-02 04:00:00,0.000000000,0.194601917,0.210438097,0.212734801,0.217740010,0.227627149,0.000000000
29,2020-01-02 05:00:00,0.000000000,0.194604412,0.210416932,0.212712444,0.217714867,0.227595688,0.000000000
30,2020-01-02 06:00:00,0.000000000,0.194606641,0.210398022,0.212692469,0.217692405,0.227567584,0.000000000
31,2020-01-02 07:00:00,0.000000000,0.194608430,0.210382833,0.212676425,0.217674364,0.227545012,0.000000000
32,2020-01-02 08:00:00,0.000000000,0.194610366,0.210366398,0.212659065,0.217654844,0.227520594,0.000000000
33,2020-01-02 09:00:00,0.000000000,0.194612331,0.210349708,0.212641436,0.217635022,0.227495799,0.000000000
34,2020-01-02 10:00:00,0.000000000,0.194612331,0.210349708,0.212641436,0.217635022,0.227495799,0.000000000
35,2020-01-02 11:00:00,0.000000000,0.194612331,0.210349708,0.212641436,0.217635022,0.227495799,0.000000000
36,2020-01-02 12:00:00,0.000000000,0.194612331,0.210349708,0.212641436,0.217635022,0.227495799,0.000000000
37,2020-01-02 13:00:00,0.000000000,0.194612331,0.210349708,0.212641436,0.217635022,0.227495799,0.000000000
38,2020-01-02 14:00:00,0.000000000,0.194612331,0.210349708,0.212641436,0.217635022,0.227495799,0.000000000
39,2020-01-02 15:00:00,0.000000000,0.194619063,0.210292480,0.212580992,0.217567065,0.227410812,0.000000000
40,2020-01-02 16:00:00,0.000000000,0.194628693,0.210210512,0.212494422,0.217469752,0.227289159,0.000000000
41,2020-01-02 17:00:00,0.000000000,0.194640969,0.210105828,0.212383873,0.217345513,0.227133923,0.000000000
42,2020-01-02 18:00:00,0.000000000,0.194655270,0.209983605,0.212254817,0.217200516,0.226952860,0.000000000
43,2020-01-02 19:00:00,0.000000000,0.194671165,0.209847402,0.212111020,0.217039009,0.226751319,0.000000000
44,2020-01-02 20:00:00,0.000000000,0.194685349,0.209725550,0.211982393,0.216894584,0.226571221,0.000000000
45,2020-01-02 21:00:00,0.000000000,0.194690635,0.209680063,0.211934380,0.216840686,0.226504040,0.000000000
46,2020-01-02 22:00:00,0.000000000,0.194695277,0.209640077,0.211892177,0.216793314,0.226445006,0.000000000
47,2020-01-02 23:00:00,0.000000000,0.194699104,0.209607099,0.211857370,0.216754249,0.226396334,0.000000000
48,2020-01-03 00:00:00,0.000000000,0.194701752,0.209584261,0.211833267,0.216727198,0.226362635,0.000000000
49,2020-01-03 01:00:00,0.000000000,0.194703324,0.209570695,0.211818951,0.216711132,0.226342623,0.000000000
50,2020-01-03 02:00:00,0.000000000,0.194704862,0.209557432,0.211804953,0.216695423,0.226323057,0.000000000
51,2020-01-03 03:00:00,0.000000000,0.194705030,0.209555980,0.211803421,0.216693704,0.226320916,0.000000000
52,2020-01-03 04:00:00,0.000000000,0.194705360,0.209553134,0.211800417,0.216690333,0.226316718,0.000000000
53,2020-01-03 05:00:00,0.000000000,0.194706338,0.209544685,0.211791501,0.216680327,0.226304257,0.000000000
54,2020-01-03 06:00:00,0.000000000,0.194707329,0.209536133,0.211782476,0.216670200,0.226291645,0.000000000
55,2020-01-03 07:00:00,0.000000000,0.194707650,0.209533362,0.211779551,0.216666919,0.226287558,0.000000000
56,2020-01-03 08:00:00,0.000000000,0.194708056,0.209529853,0.211775848,0.216662763,0.226282383,0.000000000
57,2020-01-03 09:00:00,0.000000000,0.194708722,0.209524108,0.211769786,0.216655961,0.226273912,0.000000000
58,2020-01-03 10:00:00,0.000000000,0.194709542,0.209517025,0.211762310,0.216647572,0.226263466,0.175384008
59,2020-01-03 11:00:00,0.000000000,0.194702024,0.209581917,0.211830794,0.216724422,0.226359177,0.000000000
60,2020-01-03 12:00:00,0.000000000,0.194703290,0.209570989,0.211819261,0.216711479,0.226343056,0.000000000
61,2020-01-03 13:00:00,0.000000000,0.194705549,0.209551499,0.211798692,0.216688397,0.226314307,0.000000000
62,2020-01-03 14:00:00,0.000000000,0.194708233,0.209528328,0.211774238,0.216660957,0.226280133,0.000000000
63,2020-01-03 15:00:00,0.000000000,0.194711547,0.209499707,0.211744035,0.216627067,0.226237933,0.000000000
64,2020-01-03 16:00:00,0.000000000,0.194715174,0.209468357,0.211710952,0.216589949,0.226191722,0.000000000
65,2020-01-03 17:00:00,0.000000000,0.194719304,0.209432639,0.211673261,0.216547664,0.226139086,0.000000000
66,2020-01-03 18:00:00,0.000000000,0.194723394,0.209397241,0.211635910,0.216505763,0.226086939,0.000000000
67,2020-01-03 19:00:00,0.000000000,0.194728979,0.209348868,0.211584869,0.216448511,0.226015702,0.000000000
68,2020-01-03 20:00:00,0.000000000,0.194736913,0.209280058,0.211512270,0.216367090,0.225914422,0.000000000
69,2020-01-03 21:00:00,0.000000000,0.194739693,0.209255930,0.211486814,0.216338544,0.225878924,0.000000000
70,2020-01-03 22:00:00,0.000000000,0.194742244,0.209233778,0.211463443,0.216312337,0.225846337,0.000000000
71,2020-01-03 23:00:00,0.000000000,0.194744508,0.209214112,0.211442696,0.216289074,0.225817414,0.000000000
72,2020-01-04 00:00:00,0.000000000,0.194746676,0.209195267,0.211422815,0.216266783,0.225789704,0.000000000
73,2020-01-04 01:00:00,0.000000000,0.194748416,0.209180140,0.211406857,0.216248892,0.225767464,0.000000000
74,2020-01-04 02:00:00,0.000000000,0.194750110,0.209165407,0.211391316,0.216231467,0.225745806,0.369500245
75,2020-01-04 03:00:00,0.000000000,0.194733671,0.209308183,0.211541943,0.216400367,0.225955811,0.000000000
76,2020-01-04 04:00:00,0.000000000,0.194734761,0.209298731,0.211531970,0.216389183,0.225941900,0.000000000
77,2020-01-04 05:00:00,0.000000000,0.194735776,0.209289926,0.211522681,0.216378765,0.225928943,0.000000000
78,2020-01-04 06:00:00,0.000000000,0.194736866,0.209280468,0.211512702,0.216367574,0.225915026,0.191508927
79,2020-01-04 07:00:00,0.000000000,0.194728838,0.209350089,0.211586158,0.216449957,0.226017500,0.097980536
80,2020-01-04 08:00:00,0.000000000,0.194725077,0.209382664,0.211620528,0.216488509,0.226065468,0.000000000
81,2020-01-04 09:00:00,0.000000000,0.194726078,0.209373997,0.211611384,0.216478252,0.226052705,0.142385905
82,2020-01-04 10:00:00,0.000000000,0.194720266,0.209424317,0.211664481,0.216537813,0.226126825,0.697353164
83,2020-01-04 11:00:00,0.000000000,0.194688333,0.209699876,0.211955293,0.216864161,0.226533298,0.000000000
84,2020-01-04 12:00:00,0.000000000,0.194689180,0.209692580,0.211947592,0.216855516,0.226522523,0.000000000
85,2020-01-04 13:00:00,0.000000000,0.194690678,0.209679686,0.211933983,0.216840240,0.226503484,0.000000000
86,2020-01-04 14:00:00,0.000000000,0.194692680,0.209662449,0.211915789,0.216819817,0.226478032,0.077286388
87,2020-01-04 15:00:00,0.000000000,0.194692063,0.209667766,0.211921402,0.216826117,0.226485883,0.079738328
88,2020-01-04 16:00:00,0.000000000,0.194691687,0.209671003,0.211924818,0.216829952,0.226490663,0.077047776
89,2020-01-04 17:00:00,0.000000000,0.194692001,0.209668295,0.211921960,0.216826744,0.226486664,0.000000000
90,2020-01-04 18:00:00,0.000000000,0.194696908,0.209626024,0.211877344,0.216776666,0.226424263,0.063293153
91,2020-01-04 19:00:00,0.000000000,0.194699425,0.209604331,0.211854450,0.216750971,0.226392250,0.000000000
92,2020-01-04 20:00:00,0.000000000,0.194709240,0.209519628,0.211765058,0.216650655,0.226267305,0.000000000
93,2020-01-04 21:00:00,0.000000000,0.194711416,0.209500830,0.211745220,0.216628397,0.226239590,0.000000000
94,2020-01-04 22:00:00,0.000000000,0.194713121,0.209486101,0.211729677,0.216610957,0.226217875,0.000000000
95,2020-01-04 23:00:00,0.000000000,0.194714472,0.209474427,0.211717357,0.216597135,0.226200668,0.000000000
96,2020-01-05 00:00:00,0.000000000,0.194715717,0.209463658,0.211705994,0.216584386,0.226184796,0.000000000
97,2020-01-05 01:00:00,0.000000000,0.194716997,0.209452589,0.211694313,0.216571281,0.226168483,0.000000000
98,2020-01-05 02:00:00,0.000000000,0.194718356,0.209440839,0.211681915,0.216557371,0.226151169,0.000000000
99,2020-01-05 03:00:00,0.000000000,0.194719765,0.209428647,0.211669049,0.216542938,0.226133204,1.360000113
100,2020-01-05 04:00:00,0.000000000,0.194658504,0.209955920,0.212225587,0.217167681,0.226911874,0.295406502
101,2020-01-05 05:00:00,0.000000000,0.194646219,0.210060992,0.212336529,0.217292316,0.227067479,0.194923450
102,2020-01-05 06:00:00,0.000000000,0.194639071,0.210122030,0.212400981,0.217364738,0.227157939,0.194320208
103,2020-01-05 07:00:00,0.000000000,0.194631967,0.210182617,0.212464963,0.217436642,0.227247780,0.194014379
104,2020-01-05 08:00:00,0.000000000,0.194624817,0.210243522,0.212529284,0.217508938,0.227338140,0.000000000
105,2020-01-05 09:00:00,0.000000000,0.194626777,0.210226832,0.212511657,0.217489125,0.227313373,0.000000000
106,2020-01-05 10:00:00,0.000000000,0.194629239,0.210205867,0.212489517,0.217464239,0.227282268,0.000000000
107,2020-01-05 11:00:00,0.000000000,0.194631704,0.210184854,0.212467325,0.217439297,0.227251097,0.000000000
108,2020-01-05 12:00:00,0.000000000,0.194634446,0.210161479,0.212442640,0.217411554,0.227216430,0.000000000
109,2020-01-05 13:00:00,0.000000000,0.194638321,0.210128426,0.212407736,0.217372329,0.227167421,0.000000000
110,2020-01-05 14:00:00,0.000000000,0.194643438,0.210084747,0.212361612,0.217320500,0.227102679,0.000000000
111,2020-01-05 15:00:00,0.000000000,0.194649543,0.210032589,0.212306537,0.217258620,0.227025401,0.000000000
112,2020-01-05 16:00:00,0.000000000,0.194656580,0.209972394,0.212242980,0.217187219,0.226936261,0.000000000
113,2020-01-05 17:00:00,0.000000000,0.194664173,0.209907358,0.212174317,0.217110095,0.226840007,0.000000000
114,2020-01-05 18:00:00,0.000000000,0.194672894,0.209832560,0.212095352,0.217021414,0.226729372,0.000000000
115,2020-01-05 19:00:00,0.000000000,0.194682233,0.209752338,0.212010668,0.216926328,0.226610796,0.000000000
116,2020-01-05 20:00:00,0.000000000,0.194692273,0.209665956,0.211919491,0.216823973,0.226483210,0.000000000
117,2020-01-05 21:00:00,0.000000000,0.194696936,0.209625786,0.211877093,0.216776385,0.226423912,0.000000000
118,2020-01-05 22:00:00,0.000000000,0.194701211,0.209588923,0.211838188,0.216732720,0.226369514,0.000000000
119,2020-01-05 23:00:00,0.000000000,0.194705304,0.209553616,0.211800926,0.216690905,0.226317430,0.000000000
120,2020-01-06 00:00:00,0.000000000,0.194708850,0.209522995,0.211768611,0.216654642,0.226272270,0.000000000
121,2020-01-06 01:00:00,0.000000000,0.194712019,0.209495624,0.211739726,0.216622232,0.226231914,0.000000000
122,2020-01-06 02:00:00,0.000000000,0.194714940,0.209470380,0.211713087,0.216592344,0.226194703,0.000000000
123,2020-01-06 03:00:00,0.000000000,0.194717257,0.209450343,0.211691943,0.216568621,0.226165172,0.000000000
124,2020-01-06 04:00:00,0.000000000,0.194717257,0.209450343,0.211691943,0.216568621,0.226165172,0.000000000
125,2020-01-06 05:00:00,0.000000000,0.194717257,0.209450343,0.211691943,0.216568621,0.226165172,0.000000000
126,2020-01-06 06:00:00,0.000000000,0.194717257,0.209450343,0.211691943,0.216568621,0.226165172,0.000000000
127,2020-01-06 07:00:00,0.000000000,0.194717257,0.209450343,0.211691943,0.216568621,0.226165172,0.000000000
128,2020-01-06 08:00:00,0.000000000,0.194717257,0.209450343,0.211691943,0.216568621,0.226165172,0.000000000
129,2020-01-06 09:00:00,0.000000000,0.194717257,0.209450343,0.211691943,0.216568621,0.226165172,0.000000000
130,2020-01-06 10:00:00,0.000000000,0.194717257,0.209450343,0.211691943,0.216568621,0.226165172,0.000000000
131,2020-01-06 11:00:00,0.000000000,0.194717257,0.209450343,0.211691943,0.216568621,0.226165172,0.000000000
132,2020-01-06 12:00:00,0.000000000,0.194717257,0.209450343,0.211691943,0.216568621,0.226165172,0.000000000
133,2020-01-06 13:00:00,0.000000000,0.194717257,0.209450343,0.211691943,0.216568621,0.226165172,0.000000000
134,2020-01-06 14:00:00,0.000000000,0.194717257,0.209450343,0.211691943,0.216568621,0.226165172,0.000000000
135,2020-01-06 15:00:00,0.063394040,0.194717257,0.209450343,0.211691943,0.216568621,0.226165172,0.000000000
136,2020-01-06 16:00:00,0.237451479,0.194717257,0.209450343,0.211691943,0.216568621,0.226165172,0.063394045
137,2020-01-06 17:00:00,0.260680467,0.194714205,0.209476734,0.211719792,0.216599867,0.226204068,0.237451505
138,2020-01-06 18:00:00,0.047477987,0.194702826,0.209574997,0.211823491,0.216716226,0.226348969,0.260680463
139,2020-01-06 19:00:00,0.055478986,0.194693226,0.209657748,0.211910827,0.216814248,0.226471091,0.047477990
140,2020-01-06 20:00:00,0.050281260,0.194697044,0.209624850,0.211876105,0.216775275,0.226422530,0.055478988
141,2020-01-06 21:00:00,0.008908127,0.194695700,0.209636434,0.211888331,0.216788998,0.226439628,0.050281261
142,2020-01-06 22:00:00,0.009355184,0.194694455,0.209647161,0.211899653,0.216801705,0.226455462,0.008908128
143,2020-01-06 23:00:00,0.006922489,0.194695607,0.209637235,0.211889177,0.216789947,0.226440811,0.009355184
144,2020-01-07 00:00:00,0.006418879,0.194697002,0.209625217,0.211876493,0.216775710,0.226423072,0.006922490
145,2020-01-07 01:00:00,0.008100776,0.194698455,0.209612689,0.211863271,0.216760871,0.226404584,0.006418879
146,2020-01-07 02:00:00,0.004888939,0.194700026,0.209599143,0.211848974,0.216744825,0.226384594,0.008100777
147,2020-01-07 03:00:00,0.003390815,0.194701277,0.209588355,0.211837588,0.216732047,0.226368676,0.004888939
148,2020-01-07 04:00:00,0.005013401,0.194702631,0.209576680,0.211825267,0.216718220,0.226351452,0.003390816
149,2020-01-07 05:00:00,0.005617164,0.194702467,0.209578094,0.211826759,0.216719894,0.226353538,0.005013402
150,2020-01-07 06:00:00,0.005659343,0.194702225,0.209580184,0.211828965,0.216722370,0.226356621,0.005617164
151,2020-01-07 07:00:00,0.005177544,0.194701953,0.209582526,0.211831437,0.216725144,0.226360076,0.005659343
152,2020-01-07 08:00:00,0.004990738,0.194701680,0.209584886,0.211833927,0.216727938,0.226363557,0.005177544
153,2020-01-07 09:00:00,0.001631474,0.194701429,0.209587044,0.211836205,0.216730495,0.226366742,0.004990738
154,2020-01-07 10:00:00,0.002170712,0.194701188,0.209589125,0.211838401,0.216732959,0.226369812,0.000000000
155,2020-01-07 11:00:00,0.000955913,0.194701188,0.209589125,0.211838401,0.216732959,0.226369812,0.000000000
156,2020-01-07 12:00:00,0.000289170,0.194701188,0.209589125,0.211838401,0.216732959,0.226369812,0.000955914
157,2020-01-07 13:00:00,0.004022930,0.194700759,0.209589125,0.211838401,0.216732959,0.226369812,0.000289170
158,2020-01-07 14:00:00,0.009638192,0.194700630,0.209589125,0.211838401,0.216732959,0.226369812,0.004022931
159,2020-01-07 15:00:00,0.011931193,0.194700933,0.209591321,0.211840719,0.216735561,0.226373052,0.009638193
160,2020-01-07 16:00:00,0.011913923,0.194707571,0.209534046,0.211780274,0.216667729,0.226288567,0.011931194
161,2020-01-07 17:00:00,0.008290027,0.194717934,0.209444492,0.211685769,0.216561696,0.226156551,0.011913923
162,2020-01-07 18:00:00,0.004703551,0.194730391,0.209336623,0.211571949,0.216434021,0.225997675,0.008290028
163,2020-01-07 19:00:00,0.002090613,0.194744062,0.209217987,0.211446784,0.216293658,0.225823114,0.004703551
164,2020-01-07 20:00:00,0.000824771,0.194755869,0.209115294,0.211338452,0.216172205,0.225672157,0.002090613
165,2020-01-07 21:00:00,0.000105014,0.194758516,0.209092248,0.211314142,0.216144954,0.225638299,0.000824771
166,2020-01-07 22:00:00,0.000113453,0.194762227,0.209059912,0.211280034,0.216106723,0.225590803,0.000105014
167,2020-01-07 23:00:00,0.000075459,0.194765408,0.209032178,0.211250781,0.216073937,0.225550078,0.000113453
168,2020-01-08 00:00:00,0.000076332,0.194768007,0.209009508,0.211226869,0.216047139,0.225516796,0.000075459
169,2020-01-08 01:00:00,0.057971638,0.194770146,0.208990842,0.211207182,0.216025076,0.225489398,0.000076332
170,2020-01-08 02:00:00,0.561702311,0.194772075,0.208974001,0.211189420,0.216005171,0.225464682,0.057971643
171,2020-01-08 03:00:00,0.502755821,0.194770812,0.208985031,0.211201053,0.216018207,0.225480869,0.561702313
172,2020-01-08 04:00:00,0.150163218,0.194745396,0.209206397,0.211434557,0.216279948,0.225806069,0.502755853
173,2020-01-08 05:00:00,0.062785864,0.194722677,0.209403449,0.211642461,0.216513111,0.226096083,0.150163235
174,2020-01-08 06:00:00,0.041130338,0.194716293,0.209458682,0.211700743,0.216578495,0.226177462,0.062785866
175,2020-01-08 07:00:00,0.035922717,0.194713805,0.209480189,0.211723438,0.216603957,0.226209161,0.041130341
176,2020-01-08 08:00:00,0.149796456,0.194712470,0.209491727,0.211735613,0.216617618,0.226226168,0.035922721
177,2020-01-08 09:00:00,0.063080557,0.194711354,0.209501371,0.211745791,0.216629037,0.226240387,0.149796463
178,2020-01-08 10:00:00,0.030080715,0.194705025,0.209556021,0.211803464,0.216693753,0.226320977,0.063080562
179,2020-01-08 11:00:00,0.076940611,0.194701983,0.209582271,0.211831168,0.216724842,0.226359700,0.030080716
180,2020-01-08 12:00:00,0.073422261,0.194700530,0.209594802,0.211844392,0.216739683,0.226378188,0.076940617
181,2020-01-08 13:00:00,0.028692413,0.194696818,0.209626799,0.211878162,0.216777585,0.226425407,0.073422267
182,2020-01-08 14:00:00,0.057358582,0.194693274,0.209657333,0.211910390,0.216813757,0.226470480,0.028692415
183,2020-01-08 15:00:00,0.063578568,0.194691887,0.209669282,0.211923001,0.216827913,0.226488121,0.057358585
184,2020-01-08 16:00:00,0.054061215,0.194689115,0.209693145,0.211948188,0.216856186,0.226523357,0.063578570
185,2020-01-08 17:00:00,0.044217300,0.194691043,0.209676545,0.211930667,0.216836518,0.226498845,0.054061216
186,2020-01-08 18:00:00,0.039218318,0.194695760,0.209635921,0.211887790,0.216788390,0.226438871,0.044217302
187,2020-01-08 19:00:00,0.546939969,0.194702475,0.209578025,0.211826687,0.216719813,0.226353436,0.039218321
188,2020-01-08 20:00:00,0.131044880,0.194709712,0.209515554,0.211760758,0.216645831,0.226261298,0.546940004
189,2020-01-08 21:00:00,0.038461674,0.194688420,0.209699128,0.211954503,0.216863275,0.226532193,0.131044884
190,2020-01-08 22:00:00,0.038889311,0.194687486,0.209707158,0.211962979,0.216872790,0.226544053,0.038461675
191,2020-01-08 23:00:00,0.025851231,0.194690637,0.209680043,0.211934359,0.216840663,0.226504010,0.038889311
192,2020-01-09 00:00:00,0.020240465,0.194692904,0.209660517,0.211913750,0.216817528,0.226475180,0.025851233
193,2020-01-09 01:00:00,0.018324725,0.194696088,0.209633091,0.211884803,0.216785038,0.226434694,0.020240467
194,2020-01-09 02:00:00,0.012434697,0.194699858,0.209600598,0.211850509,0.216746548,0.226386740,0.000000000
195,2020-01-09 03:00:00,0.010542044,0.194699858,0.209600598,0.211850509,0.216746548,0.226386740,0.000000000
196,2020-01-09 04:00:00,0.010407858,0.194699858,0.209600598,0.211850509,0.216746548,0.226386740,0.000000000
197,2020-01-09 05:00:00,0.009545244,0.194699858,0.209600598,0.211850509,0.216746548,0.226386740,0.000000000
198,2020-01-09 06:00:00,0.005948124,0.194699858,0.209600598,0.211850509,0.216746548,0.226386740,0.000000000
199,2020-01-09 07:00:00,0.004735220,0.194699858,0.209600598,0.211850509,0.216746548,0.226386740,0.000000000
200,2020-01-09 08:00:00,0.004428992,0.194699858,0.209600598,0.211850509,0.216746548,0.226386740,0.000000000
201,2020-01-09 09:00:00,0.003491411,0.194699858,0.209600598,0.211850509,0.216746548,0.226386740,0.000000000
202,2020-01-09 10:00:00,0.001971837,0.194699858,0.209600598,0.211850509,0.216746548,0.226386740,0.000000000
203,2020-01-09 11:00:00,0.002860602,0.194699858,0.209600598,0.211850509,0.216746548,0.226386740,0.000000000
204,2020-01-09 12:00:00,0.002056335,0.194699858,0.209600598,0.211850509,0.216746548,0.226386740,0.000000000
205,2020-01-09 13:00:00,0.002156591,0.194699858,0.209600598,0.211850509,0.216746548,0.226386740,0.000000000
206,2020-01-09 14:00:00,0.003037402,0.194699858,0.209600598,0.211850509,0.216746548,0.226386740,0.002156591
207,2020-01-09 15:00:00,0.004777231,0.194699753,0.209601497,0.211851458,0.216747613,0.226388067,0.003037402
208,2020-01-09 16:00:00,0.004792087,0.194699606,0.209602763,0.211852795,0.216749113,0.226389936,0.004777231
209,2020-01-09 17:00:00,0.003833685,0.194699376,0.209604755,0.211854896,0.216751472,0.226392875,0.004792087
210,2020-01-09 18:00:00,0.002225077,0.194699144,0.209606752,0.211857005,0.216753838,0.226395822,0.003833685
211,2020-01-09 19:00:00,0.001351910,0.194698958,0.209608351,0.211858692,0.216755732,0.226398181,0.002225078
212,2020-01-09 20:00:00,0.000619870,0.194698851,0.209609278,0.211859671,0.216756830,0.226399550,0.000000000
213,2020-01-09 21:00:00,0.000015468,0.194698851,0.209609278,0.211859671,0.216756830,0.226399550,0.000000000
214,2020-01-09 22:00:00,0.000002784,0.194698851,0.209609278,0.211859671,0.216756830,0.226399550,0.000000000
215,2020-01-09 23:00:00,0.000002043,0.194698851,0.209609278,0.211859671,0.216756830,0.226399550,0.000000000
216,2020-01-10 00:00:00,0.000008959,0.194698851,0.209609278,0.211859671,0.216756830,0.226399550,0.000000000
217,2020-01-10 01:00:00,0.000008097,0.194698851,0.209609278,0.211859671,0.216756830,0.226399550,0.000000000
218,2020-01-10 02:00:00,0.000022861,0.194698851,0.209609278,0.211859671,0.216756830,0.226399550,0.000000000
219,2020-01-10 03:00:00,0.000018226,0.194698851,0.209609278,0.211859671,0.216756830,0.226399550,0.000000000
220,2020-01-10 04:00:00,0.000012756,0.194698851,0.209609278,0.211859671,0.216756830,0.226399550,0.000000000
221,2020-01-10 05:00:00,0.000023227,0.194698851,0.209609278,0.211859671,0.216756830,0.226399550,0.000000000
222,2020-01-10 06:00:00,0.000042957,0.194698851,0.209609278,0.211859671,0.216756830,0.226399550,0.000000000
223,2020-01-10 07:00:00,0.000084366,0.194698851,0.209609278,0.211859671,0.216756830,0.226399550,0.000000000
224,2020-01-10 08:00:00,0.000135253,0.194698851,0.209609278,0.211859671,0.216756830,0.226399550,0.000000000
225,2020-01-10 09:00:00,0.000096327,0.194698851,0.209609278,0.211859671,0.216756830,0.226399550,0.000000000
226,2020-01-10 10:00:00,0.000073041,0.194698851,0.209609278,0.211859671,0.216756830,0.226399550,0.000000000
227,2020-01-10 11:00:00,0.000071495,0.194698851,0.209609278,0.211859671,0.216756830,0.226399550,0.000073041
228,2020-01-10 12:00:00,0.000025682,0.194698818,0.209609278,0.211859671,0.216756830,0.226399550,0.000071495
229,2020-01-10 13:00:00,0.000330790,0.194698786,0.209609278,0.211859671,0.216756830,0.226399550,0.000025682
230,2020-01-10 14:00:00,0.000564886,0.194698774,0.209609278,0.211859671,0.216756830,0.226399550,0.000330790
231,2020-01-10 15:00:00,0.000631866,0.194698626,0.209609278,0.211859671,0.216756830,0.226399550,0.000564886
232,2020-01-10 16:00:00,0.000453671,0.194701523,0.209586240,0.211835356,0.216729542,0.226365556,0.000631866
233,2020-01-10 17:00:00,0.000248489,0.194707486,0.209534774,0.211781041,0.216668591,0.226289640,0.000453671
234,2020-01-10 18:00:00,0.000116807,0.194712484,0.209491603,0.211735483,0.216617472,0.226225987,0.000248489
235,2020-01-10 19:00:00,0.000071172,0.194718902,0.209436114,0.211676929,0.216551778,0.226144206,0.000116807
236,2020-01-10 20:00:00,0.000036076,0.194727444,0.209362163,0.211598897,0.216464246,0.226035278,0.000071172
237,2020-01-10 21:00:00,0.000006186,0.194729634,0.209343183,0.211578871,0.216441784,0.226007333,0.000036076
238,2020-01-10 22:00:00,0.000004177,0.194731430,0.209327615,0.211562445,0.216423361,0.225984414,0.000006186
239,2020-01-10 23:00:00,0.000002604,0.194732969,0.209314273,0.211548369,0.216407574,0.225964776,0.000004177
240,2020-01-11 00:00:00,0.000001834,0.194733824,0.209306862,0.211540549,0.216398804,0.225953867,0.000002604
241,2020-01-11 01:00:00,0.000001207,0.194734722,0.209299072,0.211532330,0.216389587,0.225942403,0.000001834
242,2020-01-11 02:00:00,0.000000000,0.194734809,0.209298319,0.211531536,0.216388696,0.225941294,0.000001207
243,2020-01-11 03:00:00,0.000000000,0.194734985,0.209296789,0.211529922,0.216386886,0.225939043,0.000000000
244,2020-01-11 04:00:00,0.000000000,0.194735367,0.209293473,0.211526423,0.216382961,0.225934162,0.001014722
245,2020-01-11 05:00:00,0.000000000,0.194735318,0.209293896,0.211526869,0.216383463,0.225934786,0.004265941
246,2020-01-11 06:00:00,0.000000000,0.194735113,0.209295677,0.211528748,0.216385569,0.225937406,0.005797389
247,2020-01-11 07:00:00,0.000000000,0.194734834,0.209298097,0.211531301,0.216388432,0.225940967,0.006757295
248,2020-01-11 08:00:00,0.000000000,0.194734509,0.209300917,0.211534277,0.216391770,0.225945118,0.006072500
249,2020-01-11 09:00:00,0.000000000,0.194734217,0.209303451,0.211536951,0.216394768,0.225948848,0.009365123
250,2020-01-11 10:00:00,0.000000000,0.194733766,0.209307360,0.211541074,0.216399393,0.225954600,0.025608944
251,2020-01-11 11:00:00,0.000000000,0.194732535,0.209318041,0.211552343,0.216412032,0.225970321,0.031980319
252,2020-01-11 12:00:00,0.000000000,0.194730997,0.209331376,0.211566413,0.216427811,0.225989950,0.000000000
253,2020-01-11 13:00:00,0.000000000,0.194731701,0.209325270,0.211559971,0.216420586,0.225980962,0.000000000
254,2020-01-11 14:00:00,0.000000000,0.194734234,0.209303306,0.211536797,0.216394596,0.225948634,0.000000000
255,2020-01-11 15:00:00,0.000000000,0.194739671,0.209256118,0.211487012,0.216338766,0.225879200,0.000000000
256,2020-01-11 16:00:00,0.000000000,0.194746602,0.209195911,0.211423495,0.216267545,0.225790651,0.000000000
257,2020-01-11 17:00:00,0.000000000,0.194756560,0.209109280,0.211332108,0.216165094,0.225663321,0.000000000
258,2020-01-11 18:00:00,0.000000000,0.194768151,0.209008253,0.211225545,0.216045655,0.225514953,0.000000000
259,2020-01-11 19:00:00,0.000000000,0.194781448,0.208892107,0.211103049,0.215908394,0.225344543,0.000000000
260,2020-01-11 20:00:00,0.000000000,0.194794282,0.208779750,0.210984563,0.215775663,0.225179856,0.000000000
261,2020-01-11 21:00:00,0.000000000,0.194798225,0.208745177,0.210948108,0.215734832,0.225129213,0.000000000
262,2020-01-11 22:00:00,0.000000000,0.194801551,0.208715994,0.210917336,0.215700370,0.225086477,0.000000000
263,2020-01-11 23:00:00,0.000000000,0.194804703,0.208688326,0.210888163,0.215667700,0.225045970,0.000000000
264,2020-01-12 00:00:00,0.000000000,0.194807624,0.208662672,0.210861115,0.215637411,0.225008420,0.000000000
265,2020-01-12 01:00:00,0.000000000,0.194810062,0.208641251,0.210838529,0.215612122,0.224977072,0.000000000
266,2020-01-12 02:00:00,0.000000000,0.194812456,0.208620212,0.210816348,0.215587286,0.224946290,0.000000000
267,2020-01-12 03:00:00,0.000000000,0.194814314,0.208603869,0.210799118,0.215567994,0.224922381,0.000000000
268,2020-01-12 04:00:00,0.000000000,0.194815173,0.208596310,0.210791148,0.215559071,0.224911323,0.000000000
269,2020-01-12 05:00:00,0.000000000,0.194816257,0.208586781,0.210781102,0.215547825,0.224897387,0.000000000
270,2020-01-12 06:00:00,0.000000000,0.194817128,0.208579118,0.210773023,0.215538780,0.224886179,0.000000000
271,2020-01-12 07:00:00,0.000000000,0.194817638,0.208574629,0.210768290,0.215533481,0.224879613,0.000000000
272,2020-01-12 08:00:00,0.000000000,0.194818083,0.208570706,0.210764154,0.215528851,0.224873876,1.744800579
273,2020-01-12 09:00:00,0.000000000,0.194739629,0.209256485,0.211487399,0.216339200,0.225879740,1.661778504
274,2020-01-12 10:00:00,0.000000000,0.194663770,0.209910811,0.212177963,0.217114189,0.226845116,0.200000017
275,2020-01-12 11:00:00,0.000000000,0.194655041,0.209985560,0.212256882,0.217202835,0.226955755,0.000000000
276,2020-01-12 12:00:00,0.000000000,0.194655580,0.209980946,0.212252010,0.217197363,0.226948923,0.000000000
277,2020-01-12 13:00:00,0.000000000,0.194656961,0.209969131,0.212239536,0.217183350,0.226931432,0.292807596
278,2020-01-12 14:00:00,0.000000000,0.194645197,0.210069729,0.212345754,0.217302681,0.227080424,0.000000000
279,2020-01-12 15:00:00,0.000000000,0.194652344,0.210008633,0.212281243,0.217230203,0.226989921,0.000000000
280,2020-01-12 16:00:00,0.000000000,0.194663237,0.209915382,0.212182788,0.217119609,0.226851880,0.000000000
281,2020-01-12 17:00:00,0.000000000,0.194679919,0.209772228,0.212031664,0.216949901,0.226640188,0.000000000
282,2020-01-12 18:00:00,0.000000000,0.194702191,0.209580474,0.211829270,0.216722713,0.226357048,0.000000000
283,2020-01-12 19:00:00,0.000000000,0.194726731,0.209368344,0.211605419,0.216471561,0.226044380,0.000000000
284,2020-01-12 20:00:00,0.000000000,0.194749654,0.209169379,0.211395505,0.216236165,0.225751644,0.000000000
285,2020-01-12 21:00:00,0.000000000,0.194760758,0.209072712,0.211293535,0.216121856,0.225609602,0.000000000
286,2020-01-12 22:00:00,0.000000000,0.194772674,0.208968777,0.211183910,0.215998997,0.225457015,0.000000000
287,2020-01-12 23:00:00,0.000000000,0.194782798,0.208880293,0.211090590,0.215894435,0.225327219,0.000000000
288,2020-01-13 00:00:00,0.000000000,0.194790717,0.208810980,0.211017496,0.215812552,0.225225616,0.000000000
289,2020-01-13 01:00:00,0.000000000,0.194797289,0.208753389,0.210956767,0.215744530,0.225141241,0.000000000
290,2020-01-13 02:00:00,0.000000000,0.194803186,0.208701646,0.210902207,0.215683427,0.225065470,0.000000000
291,2020-01-13 03:00:00,0.000000000,0.194807507,0.208663706,0.210862205,0.215638632,0.225009934,0.000000000
292,2020-01-13 04:00:00,0.000000000,0.194811353,0.208629904,0.210826566,0.215598726,0.224960469,0.000000000
293,2020-01-13 05:00:00,0.000000000,0.194814790,0.208599685,0.210794706,0.215563055,0.224916260,0.000000000
294,2020-01-13 06:00:00,0.000000000,0.194818034,0.208571138,0.210764610,0.215529361,0.224874509,0.000000000
295,2020-01-13 07:00:00,0.000000000,0.194820809,0.208546715,0.210738862,0.215500537,0.224838796,0.000000000
296,2020-01-13 08:00:00,0.000000000,0.194823376,0.208524102,0.210715024,0.215473852,0.224805738,0.000000000
297,2020-01-13 09:00:00,0.000000000,0.194825575,0.208504727,0.210694599,0.215450989,0.224777417,0.000000000
298,2020-01-13 10:00:00,0.000000000,0.194827296,0.208489565,0.210678616,0.215433099,0.224755259,0.000000000
299,2020-01-13 11:00:00,0.000000000,0.194828849,0.208475867,0.210664175,0.215416936,0.224735241,0.000000000
300,2020-01-13 12:00:00,0.000000000,0.194830186,0.208464084,0.210651754,0.215403034,0.224718025,0.000000000
301,2020-01-13 13:00:00,0.000000000,0.194832829,0.208440760,0.210627168,0.215375517,0.224683952,0.000000000
302,2020-01-13 14:00:00,0.000000000,0.194837066,0.208403368,0.210587753,0.215331408,0.224629340,0.000000000
303,2020-01-13 15:00:00,0.000000000,0.194842244,0.208357619,0.210539533,0.215277449,0.224562547,0.000000000
304,2020-01-13 16:00:00,0.000000000,0.194848667,0.208300817,0.210479664,0.215210463,0.224479653,0.000000000
305,2020-01-13 17:00:00,0.000000000,0.194856556,0.208230971,0.210406052,0.215128114,0.224377778,0.000000000
306,2020-01-13 18:00:00,0.000000000,0.194863651,0.208168063,0.210339757,0.215053961,0.224286075,0.000000000
307,2020-01-13 19:00:00,0.000000000,0.194871500,0.208098389,0.210266336,0.214971852,0.224184566,0.000000000
308,2020-01-13 20:00:00,0.000000000,0.194881605,0.208008532,0.210171656,0.214865987,0.224053743,0.000000000
309,2020-01-13 21:00:00,0.000000000,0.194884448,0.207983228,0.210144995,0.214836181,0.224016921,0.000000000
310,2020-01-13 22:00:00,0.000000000,0.194886389,0.207965939,0.210126779,0.214815816,0.223991766,0.000000000
311,2020-01-13 23:00:00,0.000000000,0.194887929,0.207952221,0.210112326,0.214799659,0.223971810,0.000000000
312,2020-01-14 00:00:00,0.000000000,0.194888885,0.207943701,0.210103350,0.214789625,0.223959416,0.000000000
313,2020-01-14 01:00:00,0.000000000,0.194889573,0.207937577,0.210096898,0.214782413,0.223950509,0.000000000
314,2020-01-14 02:00:00,0.000000000,0.194890264,0.207931415,0.210090406,0.214775157,0.223941547,0.000000000
315,2020-01-14 03:00:00,0.000000000,0.194890441,0.207929832,0.210088739,0.214773292,0.223939245,0.003395549
316,2020-01-14 04:00:00,0.000000000,0.194890282,0.207931258,0.210090240,0.214774971,0.223941318,0.001223475
317,2020-01-14 05:00:00,0.000000000,0.194890224,0.207931771,0.210090781,0.214775575,0.223942065,0.004788701
318,2020-01-14 06:00:00,0.000000000,0.194889998,0.207933781,0.210092898,0.214777942,0.223944988,0.004869564
319,2020-01-14 07:00:00,0.000000000,0.194889769,0.207935824,0.210095051,0.214780349,0.223947960,0.000000000
320,2020-01-14 08:00:00,0.000000000,0.194889963,0.207934097,0.210093231,0.214778314,0.223945447,0.004358461
321,2020-01-14 09:00:00,0.000000000,0.194889758,0.207935926,0.210095158,0.214780468,0.223948107,0.000000000
322,2020-01-14 10:00:00,0.000000000,0.194889847,0.207935135,0.210094325,0.214779537,0.223946957,0.003423380
323,2020-01-14 11:00:00,0.000000000,0.194889685,0.207936572,0.210095839,0.214781229,0.223949047,0.002836917
324,2020-01-14 12:00:00,0.000000000,0.194889552,0.207937762,0.210097093,0.214782631,0.223950779,0.000000000
325,2020-01-14 13:00:00,0.000000000,0.194891187,0.207923187,0.210081737,0.214765466,0.223929580,0.000000000
326,2020-01-14 14:00:00,0.000000000,0.194894366,0.207894835,0.210051868,0.214732079,0.223888353,0.000000000
327,2020-01-14 15:00:00,0.000000000,0.194899147,0.207852173,0.210006924,0.214681847,0.223826336,0.000000000
328,2020-01-14 16:00:00,0.000000000,0.194906099,0.207790077,0.209941511,0.214608747,0.223736109,0.000000000
329,2020-01-14 17:00:00,0.000000000,0.194915209,0.207708586,0.209855672,0.214512837,0.223617772,0.000000000
330,2020-01-14 18:00:00,0.000000000,0.194924113,0.207628804,0.209771640,0.214418964,0.223501995,0.000000000
331,2020-01-14 19:00:00,0.000000000,0.194934451,0.207536019,0.209673922,0.214309823,0.223367447,0.000000000
332,2020-01-14 20:00:00,0.000000000,0.194944896,0.207442098,0.209575016,0.214199381,0.223231359,0.000000000
333,2020-01-14 21:00:00,0.000000000,0.194948668,0.207408143,0.209539262,0.214159462,0.223182186,0.000000000
334,2020-01-14 22:00:00,0.000000000,0.194951579,0.207381917,0.209511647,0.214128633,0.223144216,0.000000000
335,2020-01-14 23:00:00,0.000000000,0.194954066,0.207359506,0.209488049,0.214102290,0.223111775,0.077445097
336,2020-01-15 00:00:00,0.000000000,0.194952649,0.207372273,0.209501492,0.214117296,0.223130255,0.000000000
337,2020-01-15 01:00:00,0.000000000,0.194954094,0.207359249,0.209487779,0.214101988,0.223111404,0.000000000
338,2020-01-15 02:00:00,0.000000000,0.194955235,0.207348968,0.209476954,0.214089903,0.223096523,0.000000000
339,2020-01-15 03:00:00,0.000000000,0.194956198,0.207340281,0.209467808,0.214079694,0.223083953,0.000000000
340,2020-01-15 04:00:00,0.000000000,0.194957071,0.207332407,0.209459517,0.214070440,0.223072558,0.000000000
341,2020-01-15 05:00:00,0.000000000,0.194957953,0.207324452,0.209451141,0.214061090,0.223061047,0.000000000
342,2020-01-15 06:00:00,0.000000000,0.194958664,0.207318032,0.209444382,0.214053546,0.223051758,0.000000000
343,2020-01-15 07:00:00,0.000000000,0.194959196,0.207313238,0.209439334,0.214047911,0.223044821,0.000000000
344,2020-01-15 08:00:00,0.000000000,0.194959733,0.207308393,0.209434233,0.214042218,0.223037812,0.000000000
345,2020-01-15 09:00:00,0.000000000,0.194959743,0.207308393,0.209434233,0.214042218,0.223037812,0.001255339
346,2020-01-15 10:00:00,0.000000000,0.194959675,0.207308912,0.209434779,0.214042827,0.223038562,0.001900118
347,2020-01-15 11:00:00,0.000000000,0.194959587,0.207309711,0.209435621,0.214043767,0.223039719,0.001897908
348,2020-01-15 12:00:00,0.000000000,0.194959498,0.207310510,0.209436461,0.214044705,0.223040874,0.000000000
349,2020-01-15 13:00:00,0.000000000,0.194960806,0.207298704,0.209424031,0.214030831,0.223023794,0.000000000
350,2020-01-15 14:00:00,0.000000000,0.194964281,0.207267334,0.209391004,0.213993969,0.222978419,0.000000000
351,2020-01-15 15:00:00,0.000000000,0.194971522,0.207201893,0.209322109,0.213917083,0.222883801,0.000000000
352,2020-01-15 16:00:00,0.000000000,0.194981386,0.207112614,0.209228123,0.213812216,0.222754798,0.000000000
353,2020-01-15 17:00:00,0.000000000,0.194993549,0.207002313,0.209112020,0.213682701,0.222595555,0.000000000
354,2020-01-15 18:00:00,0.000000000,0.195006556,0.206884088,0.208987591,0.213543935,0.222425034,0.000000000
355,2020-01-15 19:00:00,0.000000000,0.195021335,0.206749415,0.208845869,0.213385930,0.222230993,0.000000000
356,2020-01-15 20:00:00,0.000000000,0.195034424,0.206629842,0.208720054,0.213245700,0.222058890,0.000000000
357,2020-01-15 21:00:00,0.000000000,0.195039735,0.206581247,0.208668927,0.213188726,0.221988996,0.000000000
358,2020-01-15 22:00:00,0.000000000,0.195044030,0.206541910,0.208627541,0.213142613,0.221932438,0.000000000
359,2020-01-15 23:00:00,0.000000000,0.195047292,0.206512023,0.208596099,0.213107581,0.221889478,0.000000000
360,2020-01-16 00:00:00,0.000000000,0.195050083,0.206486427,0.208569172,0.213077583,0.221852696,0.000000000
361,2020-01-16 01:00:00,0.000000000,0.195052243,0.206466615,0.208548330,0.213054365,0.221824231,0.000000000
362,2020-01-16 02:00:00,0.000000000,0.195054108,0.206449500,0.208530326,0.213034309,0.221799644,0.000000000
363,2020-01-16 03:00:00,0.000000000,0.195055726,0.206434639,0.208514693,0.213016895,0.221778298,0.000000000
364,2020-01-16 04:00:00,0.000000000,0.195057337,0.206419847,0.208499133,0.212999562,0.221757054,0.000000000
365,2020-01-16 05:00:00,0.000000000,0.195058479,0.206409357,0.208488098,0.212987271,0.221741990,0.000000000
366,2020-01-16 06:00:00,0.521052599,0.195059657,0.206398542,0.208476722,0.212974600,0.221726460,0.000000000
367,2020-01-16 07:00:00,0.042370860,0.195060622,0.206389669,0.208467389,0.212964204,0.221713720,0.521052590
368,2020-01-16 08:00:00,0.412564635,0.195038000,0.206597127,0.208685634,0.213207344,0.222011833,0.042370862
369,2020-01-16 09:00:00,1.219757199,0.195036743,0.206608633,0.208697739,0.213220833,0.222028382,0.412564651
370,2020-01-16 10:00:00,0.131947532,0.195018500,0.206775276,0.208873082,0.213416266,0.222268237,1.790262377
371,2020-01-16 11:00:00,0.144317612,0.194940076,0.207485461,0.209620680,0.214250367,0.223294177,0.138625866
372,2020-01-16 12:00:00,0.129486099,0.194933621,0.207543478,0.209681777,0.214318596,0.223378260,0.144317620
373,2020-01-16 13:00:00,0.142226413,0.194927001,0.207602899,0.209744357,0.214388489,0.223464419,0.129486105
374,2020-01-16 14:00:00,0.166456401,0.194921302,0.207654001,0.209798179,0.214448608,0.223538551,0.142226416
375,2020-01-16 15:00:00,0.150789604,0.194917738,0.207685937,0.209831815,0.214486185,0.223584896,0.166456404
376,2020-01-16 16:00:00,0.114781216,0.194915840,0.207702931,0.209849715,0.214506182,0.223609562,0.241290815
377,2020-01-16 17:00:00,0.067692712,0.194913125,0.207727236,0.209875316,0.214534785,0.223644847,0.114781221
378,2020-01-16 18:00:00,0.036605012,0.194918560,0.207678575,0.209824061,0.214477522,0.223574211,0.067692719
379,2020-01-16 19:00:00,0.015051051,0.194926216,0.207609942,0.209751774,0.214396774,0.223474634,0.036605013
380,2020-01-16 20:00:00,0.005007275,0.194935349,0.207527956,0.209665431,0.214300341,0.223355760,0.015051052
381,2020-01-16 21:00:00,0.120085768,0.194940261,0.207483800,0.209618930,0.214248414,0.223291770,0.005007275
382,2020-01-16 22:00:00,0.103977107,0.194943983,0.207450314,0.209583668,0.214209041,0.223243260,0.120085778
383,2020-01-16 23:00:00,0.026824145,0.194942604,0.207462722,0.209596734,0.214223630,0.223261233,0.103977115
384,2020-01-17 00:00:00,0.020960461,0.194942305,0.207465417,0.209599572,0.214226799,0.223265138,0.026824146
385,2020-01-17 01:00:00,0.014224442,0.194945150,0.207439818,0.209572616,0.214196701,0.223228057,0.020960462
386,2020-01-17 02:00:00,0.014086920,0.194947946,0.207414642,0.209546106,0.214167103,0.223191598,0.014224442
387,2020-01-17 03:00:00,0.008669357,0.194951580,0.207381908,0.209511638,0.214128623,0.223144204,0.014086920
388,2020-01-17 04:00:00,0.006694567,0.194955010,0.207350997,0.209479090,0.214092288,0.223099460,0.008669357
389,2020-01-17 05:00:00,0.005822372,0.194958561,0.207318963,0.209445362,0.214054639,0.223053105,0.000000000
390,2020-01-17 06:00:00,0.006262205,0.194958561,0.207318963,0.209445362,0.214054639,0.223053105,0.000000000
391,2020-01-17 07:00:00,0.005526359,0.194958561,0.207318963,0.209445362,0.214054639,0.223053105,0.000000000
392,2020-01-17 08:00:00,0.005140302,0.194958561,0.207318963,0.209445362,0.214054639,0.223053105,0.000000000
393,2020-01-17 09:00:00,0.004527108,0.194958561,0.207318963,0.209445362,0.214054639,0.223053105,0.000000000
394,2020-01-17 10:00:00,0.006206781,0.194958561,0.207318963,0.209445362,0.214054639,0.223053105,0.000000000
395,2020-01-17 11:00:00,0.006076142,0.194958561,0.207318963,0.209445362,0.214054639,0.223053105,0.000000000
396,2020-01-17 12:00:00,0.007608310,0.194958561,0.207318963,0.209445362,0.214054639,0.223053105,0.000000000
397,2020-01-17 13:00:00,0.006010800,0.194958561,0.207318963,0.209445362,0.214054639,0.223053105,0.000000000
398,2020-01-17 14:00:00,0.005718409,0.194958561,0.207318963,0.209445362,0.214054639,0.223053105,0.000000000
399,2020-01-17 15:00:00,0.005852332,0.194958561,0.207318963,0.209445362,0.214054639,0.223053105,0.000000000
400,2020-01-17 16:00:00,0.004310979,0.194958561,0.207318963,0.209445362,0.214054639,0.223053105,0.005852332
401,2020-01-17 17:00:00,0.003020947,0.194958288,0.207321425,0.209447954,0.214057533,0.223056667,0.004310979
402,2020-01-17 18:00:00,0.001656337,0.194958087,0.207323238,0.209449863,0.214059664,0.223059291,0.003020947
403,2020-01-17 19:00:00,0.001048034,0.194957947,0.207324509,0.209451201,0.214061158,0.223061129,0.001656337
404,2020-01-17 20:00:00,0.000480590,0.194957869,0.207325206,0.209451935,0.214061977,0.223062138,0.000000000
405,2020-01-17 21:00:00,0.000654732,0.194957869,0.207325206,0.209451935,0.214061977,0.223062138,0.000000000
406,2020-01-17 22:00:00,0.000782748,0.194957869,0.207325206,0.209451935,0.214061977,0.223062138,0.000000000
407,2020-01-17 23:00:00,0.001150019,0.194957869,0.207325206,0.209451935,0.214061977,0.223062138,0.000000000
408,2020-01-18 00:00:00,0.001171286,0.194957869,0.207325206,0.209451935,0.214061977,0.223062138,0.000000000
409,2020-01-18 01:00:00,0.001247328,0.194957869,0.207325206,0.209451935,0.214061977,0.223062138,0.000000000
410,2020-01-18 02:00:00,0.001123544,0.194957869,0.207325206,0.209451935,0.214061977,0.223062138,0.000000000
411,2020-01-18 03:00:00,0.001757486,0.194957869,0.207325206,0.209451935,0.214061977,0.223062138,0.000000000
412,2020-01-18 04:00:00,0.001218558,0.194957869,0.207325206,0.209451935,0.214061977,0.223062138,0.000000000
413,2020-01-18 05:00:00,0.000902013,0.194957869,0.207325206,0.209451935,0.214061977,0.223062138,0.000000000
414,2020-01-18 06:00:00,0.001152749,0.194957869,0.207325206,0.209451935,0.214061977,0.223062138,0.000000000
415,2020-01-18 07:00:00,0.001202032,0.194957869,0.207325206,0.209451935,0.214061977,0.223062138,0.000000000
416,2020-01-18 08:00:00,0.001327868,0.194957869,0.207325206,0.209451935,0.214061977,0.223062138,0.000000000
417,2020-01-18 09:00:00,0.001751985,0.194957869,0.207325206,0.209451935,0.214061977,0.223062138,0.000000000
418,2020-01-18 10:00:00,0.002192074,0.194957869,0.207325206,0.209451935,0.214061977,0.223062138,0.000000000
419,2020-01-18 11:00:00,0.002143873,0.194957869,0.207325206,0.209451935,0.214061977,0.223062138,0.000000000
420,2020-01-18 12:00:00,0.001241280,0.194957869,0.207325206,0.209451935,0.214061977,0.223062138,0.000000000
421,2020-01-18 13:00:00,0.001060896,0.194957869,0.207325206,0.209451935,0.214061977,0.223062138,0.000000000
422,2020-01-18 14:00:00,0.000189121,0.194957869,0.207325206,0.209451935,0.214061977,0.223062138,0.000000000
423,2020-01-18 15:00:00,0.001832456,0.194957869,0.207325206,0.209451935,0.214061977,0.223062138,0.000189121
424,2020-01-18 16:00:00,0.002689485,0.194957783,0.207325206,0.209451935,0.214061977,0.223062138,0.001832456
425,2020-01-18 17:00:00,0.003173184,0.194957775,0.207326056,0.209452830,0.214062976,0.223063368,0.002689486
426,2020-01-18 18:00:00,0.001820654,0.194957650,0.207327188,0.209454022,0.214064306,0.223065005,0.003173184
427,2020-01-18 19:00:00,0.001801550,0.194957502,0.207328523,0.209455427,0.214065875,0.223066937,0.001820654
428,2020-01-18 20:00:00,0.348778129,0.194957417,0.207329289,0.209456234,0.214066775,0.223068045,0.000000000
429,2020-01-18 21:00:00,0.674693465,0.194957417,0.207329289,0.209456234,0.214066775,0.223068045,0.000000000
430,2020-01-18 22:00:00,0.937133074,0.194957417,0.207329289,0.209456234,0.214066775,0.223068045,0.000000000
431,2020-01-18 23:00:00,1.510197759,0.194957417,0.207329289,0.209456234,0.214066775,0.223068045,0.000000000
432,2020-01-19 00:00:00,2.513228416,0.194957417,0.207329289,0.209456234,0.214066775,0.223068045,0.000000000
433,2020-01-19 01:00:00,3.653593302,0.194957417,0.207329289,0.209456234,0.214066775,0.223068045,0.000000000
434,2020-01-19 02:00:00,4.533107281,0.194957417,0.207329289,0.209456234,0.214066775,0.223068045,0.000000000
435,2020-01-19 03:00:00,5.284256935,0.194957417,0.207329289,0.209456234,0.214066775,0.223068045,0.000000000
436,2020-01-19 04:00:00,5.392748833,0.194957417,0.207329289,0.209456234,0.214066775,0.223068045,0.000000000
437,2020-01-19 05:00:00,5.512784958,0.194957417,0.207329289,0.209456234,0.214066775,0.223068045,0.000000000
438,2020-01-19 06:00:00,5.642400265,0.194957417,0.207329289,0.209456234,0.214066775,0.223068045,0.000000000
439,2020-01-19 07:00:00,5.762067795,0.194957417,0.207329289,0.209456234,0.214066775,0.223068045,0.000000000
440,2020-01-19 08:00:00,5.867626667,0.194957417,0.207329289,0.209456234,0.214066775,0.223068045,0.000000000
441,2020-01-19 09:00:00,5.972151756,0.194957417,0.207329289,0.209456234,0.214066775,0.223068045,0.000000000
442,2020-01-19 10:00:00,6.082289696,0.194957417,0.207329289,0.209456234,0.214066775,0.223068045,0.000000000
443,2020-01-19 11:00:00,6.196207047,0.194957417,0.207329289,0.209456234,0.214066775,0.223068045,0.000000000
444,2020-01-19 12:00:00,6.242771149,0.194957417,0.207329289,0.209456234,0.214066775,0.223068045,0.000000000
445,2020-01-19 13:00:00,6.308414459,0.194957417,0.207329289,0.209456234,0.214066775,0.223068045,0.000000000
446,2020-01-19 14:00:00,5.599172592,0.194957417,0.207329289,0.209456234,0.214066775,0.223068045,0.772322494
447,2020-01-19 15:00:00,0.964120746,0.194922193,0.207646014,0.209789767,0.214439212,0.223526963,4.684326450
448,2020-01-19 16:00:00,1.068535447,0.194729238,0.209346621,0.211582498,0.216445852,0.226012394,0.000000000
449,2020-01-19 17:00:00,0.071824580,0.194729238,0.209346621,0.211582498,0.216445852,0.226012394,1.068535494
450,2020-01-19 18:00:00,0.029055288,0.194682155,0.209753009,0.212011377,0.216927124,0.226611788,0.071824581
451,2020-01-19 19:00:00,0.017088912,0.194679499,0.209775839,0.212035476,0.216954182,0.226645525,0.029055289
452,2020-01-19 20:00:00,0.012843021,0.194678797,0.209781866,0.212041838,0.216961325,0.226654432,0.017088914
453,2020-01-19 21:00:00,0.003820464,0.194678265,0.209786441,0.212046668,0.216966747,0.226661194,0.012843022
454,2020-01-19 22:00:00,0.002977649,0.194677942,0.209789213,0.212049593,0.216970032,0.226665290,0.003820464
455,2020-01-19 23:00:00,0.002183455,0.194678022,0.209788532,0.212048875,0.216969226,0.226664285,0.002977650
456,2020-01-20 00:00:00,0.001529434,0.194678170,0.209787255,0.212047527,0.216967712,0.226662397,0.002183455
457,2020-01-20 01:00:00,0.001364208,0.194678342,0.209785782,0.212045972,0.216965966,0.226660220,0.001529435
458,2020-01-20 02:00:00,0.001292377,0.194678594,0.209783613,0.212043683,0.216963396,0.226657015,0.000000000
459,2020-01-20 03:00:00,0.000952503,0.194678594,0.209783613,0.212043683,0.216963396,0.226657015,0.000000000
460,2020-01-20 04:00:00,0.000773775,0.194678594,0.209783613,0.212043683,0.216963396,0.226657015,0.000000000
461,2020-01-20 05:00:00,0.000608045,0.194678594,0.209783613,0.212043683,0.216963396,0.226657015,0.000000000
462,2020-01-20 06:00:00,0.000614046,0.194678594,0.209783613,0.212043683,0.216963396,0.226657015,0.000000000
463,2020-01-20 07:00:00,0.000742026,0.194678594,0.209783613,0.212043683,0.216963396,0.226657015,0.000000000
464,2020-01-20 08:00:00,0.000877504,0.194678594,0.209783613,0.212043683,0.216963396,0.226657015,0.000000000
465,2020-01-20 09:00:00,0.000745413,0.194678594,0.209783613,0.212043683,0.216963396,0.226657015,0.000000000
466,2020-01-20 10:00:00,0.000704731,0.194678594,0.209783613,0.212043683,0.216963396,0.226657015,0.000000000
467,2020-01-20 11:00:00,0.000631207,0.194678594,0.209783613,0.212043683,0.216963396,0.226657015,0.000000000
468,2020-01-20 12:00:00,0.000786661,0.194678594,0.209783613,0.212043683,0.216963396,0.226657015,0.000000000
469,2020-01-20 13:00:00,0.001355959,0.194678594,0.209783613,0.212043683,0.216963396,0.226657015,0.000000000
470,2020-01-20 14:00:00,0.001278198,0.194678594,0.209783613,0.212043683,0.216963396,0.226657015,0.000000000
471,2020-01-20 15:00:00,0.001784718,0.194678594,0.209783613,0.212043683,0.216963396,0.226657015,0.000000000
472,2020-01-20 16:00:00,0.001392838,0.194678594,0.209783613,0.212043683,0.216963396,0.226657015,0.001784718
473,2020-01-20 17:00:00,0.001106231,0.194678508,0.209784357,0.212044468,0.216964277,0.226658114,0.001392838
474,2020-01-20 18:00:00,0.000688878,0.194678440,0.209784937,0.212045080,0.216964965,0.226658971,0.001106231
475,2020-01-20 19:00:00,0.000380182,0.194678386,0.209785398,0.212045567,0.216965511,0.226659653,0.000688878
476,2020-01-20 20:00:00,0.000177721,0.194678078,0.209785398,0.212045567,0.216965511,0.226659653,0.000000000
477,2020-01-20 21:00:00,0.000060543,0.194678078,0.209785398,0.212045567,0.216965511,0.226659653,0.000000000
478,2020-01-20 22:00:00,0.000088059,0.194678078,0.209785398,0.212045567,0.216965511,0.226659653,0.000000000
479,2020-01-20 23:00:00,0.000095506,0.194678078,0.209785398,0.212045567,0.216965511,0.226659653,0.000000000
480,2020-01-21 00:00:00,0.000138992,0.194678078,0.209785398,0.212045567,0.216965511,0.226659653,0.000000000
481,2020-01-21 01:00:00,0.000146941,0.194678078,0.209785398,0.212045567,0.216965511,0.226659653,0.000000000
482,2020-01-21 02:00:00,0.000182639,0.194678078,0.209785398,0.212045567,0.216965511,0.226659653,0.000000000
483,2020-01-21 03:00:00,0.000139575,0.194678078,0.209785398,0.212045567,0.216965511,0.226659653,0.000000000
484,2020-01-21 04:00:00,0.000052127,0.194678078,0.209785398,0.212045567,0.216965511,0.226659653,0.000000000
485,2020-01-21 05:00:00,0.000144681,0.194678078,0.209785398,0.212045567,0.216965511,0.226659653,0.000000000
486,2020-01-21 06:00:00,0.000077817,0.194678078,0.209785398,0.212045567,0.216965511,0.226659653,0.000000000
487,2020-01-21 07:00:00,0.000097566,0.194678078,0.209785398,0.212045567,0.216965511,0.226659653,0.000000000
488,2020-01-21 08:00:00,0.000102549,0.194678078,0.209785398,0.212045567,0.216965511,0.226659653,0.000000000
489,2020-01-21 09:00:00,0.000123103,0.194678078,0.209785398,0.212045567,0.216965511,0.226659653,0.000000000
490,2020-01-21 10:00:00,0.000176829,0.194678078,0.209785398,0.212045567,0.216965511,0.226659653,0.000000000
491,2020-01-21 11:00:00,0.000073216,0.194678078,0.209785398,0.212045567,0.216965511,0.226659653,0.000000000
492,2020-01-21 12:00:00,0.000106668,0.194678078,0.209785398,0.212045567,0.216965511,0.226659653,0.000000000
493,2020-01-21 13:00:00,0.000203541,0.194678078,0.209785398,0.212045567,0.216965511,0.226659653,0.000000000
494,2020-01-21 14:00:00,0.000328175,0.194678078,0.209785398,0.212045567,0.216965511,0.226659653,0.000000000
495,2020-01-21 15:00:00,0.000472350,0.194678078,0.209785398,0.212045567,0.216965511,0.226659653,0.000328175
496,2020-01-21 16:00:00,0.000595334,0.194677931,0.209785398,0.212045567,0.216965511,0.226659653,0.000472350
497,2020-01-21 17:00:00,0.000601371,0.194677719,0.209785398,0.212045567,0.216965511,0.226659653,0.000595334
498,2020-01-21 18:00:00,0.000336162,0.194677452,0.209785398,0.212045567,0.216965511,0.226659653,0.000601371
499,2020-01-21 19:00:00,0.000236182,0.194677183,0.209785398,0.212045567,0.216965511,0.226659653,0.000336162
500,2020-01-21 20:00:00,0.000125898,0.194677032,0.209785398,0.212045567,0.216965511,0.226659653,0.000000000
501,2020-01-21 21:00:00,0.000010364,0.194677032,0.209785398,0.212045567,0.216965511,0.226659653,0.000000000
502,2020-01-21 22:00:00,0.000001877,0.194677032,0.209785398,0.212045567,0.216965511,0.226659653,0.000000000
503,2020-01-21 23:00:00,0.000003366,0.194677032,0.209785398,0.212045567,0.216965511,0.226659653,0.000000000
504,2020-01-22 00:00:00,0.000002397,0.194677032,0.209785398,0.212045567,0.216965511,0.226659653,0.000000000
505,2020-01-22 01:00:00,0.000003795,0.194677032,0.209785398,0.212045567,0.216965511,0.226659653,0.000000000
506,2020-01-22 02:00:00,0.000003062,0.194677032,0.209785398,0.212045567,0.216965511,0.226659653,0.000000000
507,2020-01-22 03:00:00,0.000002531,0.194677032,0.209785398,0.212045567,0.216965511,0.226659653,0.000000000
508,2020-01-22 04:00:00,0.000002295,0.194677032,0.209785398,0.212045567,0.216965511,0.226659653,0.000000000
509,2020-01-22 05:00:00,0.000001881,0.194677032,0.209785398,0.212045567,0.216965511,0.226659653,0.000000000
510,2020-01-22 06:00:00,0.000001592,0.194677032,0.209785398,0.212045567,0.216965511,0.226659653,0.000000000
511,2020-01-22 07:00:00,0.000001995,0.194677032,0.209785398,0.212045567,0.216965511,0.226659653,0.000000000
512,2020-01-22 08:00:00,0.000000000,0.194677032,0.209785398,0.212045567,0.216965511,0.226659653,0.000000000
513,2020-01-22 09:00:00,0.000001556,0.194677032,0.209785398,0.212045567,0.216965511,0.226659653,0.000000000
514,2020-01-22 10:00:00,0.000001938,0.194677032,0.209785398,0.212045567,0.216965511,0.226659653,0.000000000
515,2020-01-22 11:00:00,0.000001928,0.194677032,0.209785398,0.212045567,0.216965511,0.226659653,0.000000000
516,2020-01-22 12:00:00,0.000001908,0.194677032,0.209785398,0.212045567,0.216965511,0.226659653,0.000000000
517,2020-01-22 13:00:00,0.000001203,0.194677032,0.209785398,0.212045567,0.216965511,0.226659653,0.000000000
518,2020-01-22 14:00:00,0.000001125,0.194677032,0.209785398,0.212045567,0.216965511,0.226659653,0.000001203
519,2020-01-22 15:00:00,0.000006238,0.194677032,0.209785398,0.212045567,0.216965511,0.226659653,0.000001125
520,2020-01-22 16:00:00,0.000008180,0.194677031,0.209785398,0.212045567,0.216965511,0.226659653,0.000006238
521,2020-01-22 17:00:00,0.000006687,0.194677028,0.209785398,0.212045567,0.216965511,0.226659653,0.000008180
522,2020-01-22 18:00:00,0.000004363,0.194677025,0.209785398,0.212045567,0.216965511,0.226659653,0.000006687
523,2020-01-22 19:00:00,0.000002209,0.194677022,0.209785398,0.212045567,0.216965511,0.226659653,0.000004363
524,2020-01-22 20:00:00,0.000000000,0.194677020,0.209785398,0.212045567,0.216965511,0.226659653,0.000000000
525,2020-01-22 21:00:00,0.000000000,0.194677020,0.209785398,0.212045567,0.216965511,0.226659653,0.000000000
526,2020-01-22 22:00:00,0.000000000,0.194677020,0.209785398,0.212045567,0.216965511,0.226659653,0.000000000
527,2020-01-22 23:00:00,0.000000000,0.194677020,0.209785398,0.212045567,0.216965511,0.226659653,0.000000000
528,2020-01-23 00:00:00,0.000000000,0.194677020,0.209785398,0.212045567,0.216965511,0.226659653,0.000000000
529,2020-01-23 01:00:00,0.000000000,0.194677020,0.209785398,0.212045567,0.216965511,0.226659653,0.000000000
530,2020-01-23 02:00:00,0.000000000,0.194677020,0.209785398,0.212045567,0.216965511,0.226659653,0.000000000
531,2020-01-23 03:00:00,0.000000000,0.194677020,0.209785398,0.212045567,0.216965511,0.226659653,0.000000000
532,2020-01-23 04:00:00,0.000000000,0.194677020,0.209785398,0.212045567,0.216965511,0.226659653,0.000000000
533,2020-01-23 05:00:00,0.000000000,0.194677020,0.209785398,0.212045567,0.216965511,0.226659653,0.000000000
534,2020-01-23 06:00:00,0.000000000,0.194677020,0.209785398,0.212045567,0.216965511,0.226659653,0.000000000
535,2020-01-23 07:00:00,0.000000000,0.194677020,0.209785398,0.212045567,0.216965511,0.226659653,0.000000000
536,2020-01-23 08:00:00,0.000000000,0.194677020,0.209785398,0.212045567,0.216965511,0.226659653,0.000000000
537,2020-01-23 09:00:00,0.000000000,0.194677020,0.209785398,0.212045567,0.216965511,0.226659653,0.000000000
538,2020-01-23 10:00:00,0.000000000,0.194677020,0.209785398,0.212045567,0.216965511,0.226659653,0.000000000
539,2020-01-23 11:00:00,0.000000000,0.194677020,0.209785398,0.212045567,0.216965511,0.226659653,0.000000000
540,2020-01-23 12:00:00,0.000000000,0.194677020,0.209785398,0.212045567,0.216965511,0.226659653,0.000000000
541,2020-01-23 13:00:00,0.000000000,0.194677020,0.209785398,0.212045567,0.216965511,0.226659653,0.000000000
542,2020-01-23 14:00:00,0.000000000,0.194677020,0.209785398,0.212045567,0.216965511,0.226659653,0.000000000
543,2020-01-23 15:00:00,0.000000000,0.194677020,0.209785398,0.212045567,0.216965511,0.226659653,0.000000000
544,2020-01-23 16:00:00,0.000000000,0.194677020,0.209785398,0.212045567,0.216965511,0.226659653,0.000000000
545,2020-01-23 17:00:00,0.000000000,0.194677020,0.209785398,0.212045567,0.216965511,0.226659653,0.000000000
546,2020-01-23 18:00:00,0.000000000,0.194677020,0.209785398,0.212045567,0.216965511,0.226659653,0.000000000
547,2020-01-23 19:00:00,0.000000000,0.194679935,0.209772089,0.212031517,0.216949737,0.226639983,0.000000000
548,2020-01-23 20:00:00,0.000000000,0.194683386,0.209742424,0.212000204,0.216914580,0.226596149,0.000000000
549,2020-01-23 21:00:00,0.000000000,0.194683541,0.209741099,0.211998805,0.216913009,0.226594191,0.000000000
550,2020-01-23 22:00:00,0.000000000,0.194683796,0.209738906,0.211996490,0.216910411,0.226590951,0.000000000
551,2020-01-23 23:00:00,0.000000000,0.194683896,0.209738039,0.211995575,0.216909383,0.226589670,0.000000000
552,2020-01-24 00:00:00,0.000000000,0.194684016,0.209737006,0.211994485,0.216908159,0.226588144,0.000000000
553,2020-01-24 01:00:00,0.000000000,0.194684016,0.209737006,0.211994485,0.216908159,0.226588144,0.000000000
554,2020-01-24 02:00:00,0.000000000,0.194684016,0.209737006,0.211994485,0.216908159,0.226588144,0.000000000
555,2020-01-24 03:00:00,0.000000000,0.194684016,0.209737006,0.211994485,0.216908159,0.226588144,0.000000000
556,2020-01-24 04:00:00,0.000000000,0.194684016,0.209737006,0.211994485,0.216908159,0.226588144,0.000000000
557,2020-01-24 05:00:00,0.000000000,0.194684016,0.209737006,0.211994485,0.216908159,0.226588144,0.000000000
558,2020-01-24 06:00:00,0.000000000,0.194684016,0.209737006,0.211994485,0.216908159,0.226588144,0.000000000
559,2020-01-24 07:00:00,0.000000000,0.194684016,0.209737006,0.211994485,0.216908159,0.226588144,0.000000000
560,2020-01-24 08:00:00,0.000000000,0.194684016,0.209737006,0.211994485,0.216908159,0.226588144,0.000000000
561,2020-01-24 09:00:00,0.000000000,0.194684016,0.209737006,0.211994485,0.216908159,0.226588144,0.000000000
562,2020-01-24 10:00:00,0.000000000,0.194684016,0.209737006,0.211994485,0.216908159,0.226588144,0.000000000
563,2020-01-24 11:00:00,0.000000000,0.194684016,0.209737006,0.211994485,0.216908159,0.226588144,0.000000000
564,2020-01-24 12:00:00,0.000000000,0.194684016,0.209737006,0.211994485,0.216908159,0.226588144,0.000000000
565,2020-01-24 13:00:00,0.000000000,0.194684016,0.209737006,0.211994485,0.216908159,0.226588144,0.000000000
566,2020-01-24 14:00:00,0.000000000,0.194684016,0.209737006,0.211994485,0.216908159,0.226588144,0.000000000
567,2020-01-24 15:00:00,0.000000000,0.194684016,0.209737006,0.211994485,0.216908159,0.226588144,0.000000000
568,2020-01-24 16:00:00,0.000000000,0.194687048,0.209710926,0.211966957,0.216877255,0.226549619,0.000000000
569,2020-01-24 17:00:00,0.000000000,0.194694321,0.209648312,0.211900868,0.216803070,0.226457162,0.000000000
570,2020-01-24 18:00:00,0.000000000,0.194705006,0.209556181,0.211803633,0.216693942,0.226321212,0.000000000
571,2020-01-24 19:00:00,0.000000000,0.194720332,0.209423745,0.211663877,0.216537135,0.226125982,0.000000000
572,2020-01-24 20:00:00,0.000000000,0.194734010,0.209305244,0.211538842,0.216396889,0.225951486,0.000000000
573,2020-01-24 21:00:00,0.000000000,0.194736036,0.209287673,0.211520304,0.216376099,0.225925628,0.000000000
574,2020-01-24 22:00:00,0.000000000,0.194739751,0.209255424,0.211486280,0.216337945,0.225878179,0.000000000
575,2020-01-24 23:00:00,0.000000000,0.194743904,0.209219359,0.211448232,0.216295281,0.225825132,0.000000000
576,2020-01-25 00:00:00,0.000000000,0.194746499,0.209196803,0.211424436,0.216268601,0.225791963,0.000000000
577,2020-01-25 01:00:00,0.000000000,0.194747839,0.209185155,0.211412148,0.216254823,0.225774837,0.000000000
578,2020-01-25 02:00:00,0.000000000,0.194748589,0.209178636,0.211405271,0.216247113,0.225765252,0.000000000
579,2020-01-25 03:00:00,0.000000000,0.194749272,0.209172701,0.211399010,0.216240093,0.225756527,0.000000000
580,2020-01-25 04:00:00,0.000000000,0.194749552,0.209170262,0.211396437,0.216237209,0.225752942,0.000000000
581,2020-01-25 05:00:00,0.000000000,0.194749687,0.209169091,0.211395201,0.216235823,0.225751220,0.000000000
582,2020-01-25 06:00:00,0.000000000,0.194749891,0.209167316,0.211393329,0.216233725,0.225748612,0.000000000
583,2020-01-25 07:00:00,0.000000000,0.194750202,0.209164612,0.211390477,0.216230527,0.225744637,0.000697304
584,2020-01-25 08:00:00,0.000000000,0.194749888,0.209164612,0.211390477,0.216230527,0.225744637,0.000000000
585,2020-01-25 09:00:00,0.000000000,0.194750355,0.209163275,0.211389066,0.216228946,0.225742672,0.000000000
586,2020-01-25 10:00:00,0.000000000,0.194750437,0.209162561,0.211388313,0.216228102,0.225741622,0.000000000
587,2020-01-25 11:00:00,0.000000000,0.194750627,0.209162561,0.211388313,0.216228102,0.225741622,0.000000000
588,2020-01-25 12:00:00,0.000000000,0.194750602,0.209161133,0.211386807,0.216226412,0.225739523,0.000000000
589,2020-01-25 13:00:00,0.000000000,0.194752020,0.209148794,0.211373791,0.216211820,0.225721387,0.000000000
590,2020-01-25 14:00:00,0.000000000,0.194754681,0.209125633,0.211349358,0.216184431,0.225687349,0.000000000
591,2020-01-25 15:00:00,0.000000000,0.194758957,0.209088404,0.211310088,0.216140410,0.225632652,0.000000000
592,2020-01-25 16:00:00,0.000000000,0.194764509,0.209040015,0.211259047,0.216083201,0.225561585,0.000000000
593,2020-01-25 17:00:00,0.000000000,0.194771106,0.208982464,0.211198345,0.216015173,0.225477101,0.000000000
594,2020-01-25 18:00:00,0.000000000,0.194776844,0.208932348,0.211145488,0.215955944,0.225403565,0.000000000
595,2020-01-25 19:00:00,0.000000000,0.194782939,0.208879067,0.211089297,0.215892987,0.225325422,0.760000012
596,2020-01-25 20:00:00,0.000000000,0.194755086,0.209122114,0.211345646,0.216180269,0.225682178,0.000000000
597,2020-01-25 21:00:00,0.000000000,0.194756387,0.209110786,0.211333697,0.216166875,0.225665534,1.597506639
598,2020-01-25 22:00:00,0.000000000,0.194683805,0.209738823,0.211996403,0.216910312,0.226590828,3.374100334
599,2020-01-25 23:00:00,0.000000000,0.194535533,0.210997914,0.213326342,0.218405728,0.228461497,10.083201960
600,2020-01-26 00:00:00,0.000000000,0.194153337,0.214104598,0.216615712,0.222124878,0.233171155,9.825965935
601,2020-01-26 01:00:00,0.000000000,0.193761878,0.217097579,0.219795731,0.225749526,0.237845117,1.290434716
602,2020-01-26 02:00:00,0.000000000,0.193694443,0.217595373,0.220325723,0.226356529,0.238636448,0.011008720
603,2020-01-26 03:00:00,0.000000000,0.193693840,0.217599803,0.220330440,0.226361935,0.238643507,0.011952816
604,2020-01-26 04:00:00,0.000000000,0.193693186,0.217604611,0.220335561,0.226367805,0.238651171,0.012772430
605,2020-01-26 05:00:00,0.000000000,0.193692486,0.217609749,0.220341033,0.226374077,0.238659362,0.016260003
606,2020-01-26 06:00:00,0.000000000,0.193691595,0.217616289,0.220347999,0.226382060,0.238669787,0.009548357
607,2020-01-26 07:00:00,0.000000000,0.193691072,0.217620130,0.220352090,0.226386749,0.238675911,0.004661826
608,2020-01-26 08:00:00,0.000000000,0.193690816,0.217622006,0.220354087,0.226389039,0.238678901,0.000635600
609,2020-01-26 09:00:00,0.000000000,0.193690545,0.217622006,0.220354087,0.226389039,0.238678901,0.000000000
610,2020-01-26 10:00:00,0.000000000,0.193690970,0.217620878,0.220352885,0.226387661,0.238677102,0.000000000
611,2020-01-26 11:00:00,0.000000000,0.193691394,0.217617767,0.220349573,0.226383864,0.238672143,0.000000000
612,2020-01-26 12:00:00,0.000000000,0.193692289,0.217611197,0.220342575,0.226375844,0.238661669,0.000000000
613,2020-01-26 13:00:00,0.000000000,0.193694776,0.217592928,0.220323119,0.226353545,0.238632550,0.000000000
614,2020-01-26 14:00:00,0.000000000,0.193699139,0.217560873,0.220288981,0.226314421,0.238581470,0.000000000
615,2020-01-26 15:00:00,0.000000000,0.193705965,0.217510674,0.220235523,0.226253163,0.238501512,0.000000000
616,2020-01-26 16:00:00,0.000000000,0.193715424,0.217441037,0.220161371,0.226168205,0.238390663,0.000000000
617,2020-01-26 17:00:00,0.000000000,0.193727147,0.217354585,0.220069321,0.226062764,0.238253158,0.000000000
618,2020-01-26 18:00:00,0.000000000,0.193739243,0.217265228,0.219974188,0.225953820,0.238111164,0.000000000
619,2020-01-26 19:00:00,0.000000000,0.193753143,0.217162346,0.219864669,0.225828434,0.237947843,0.000000000
620,2020-01-26 20:00:00,0.000000000,0.193766301,0.217064748,0.219760788,0.225709535,0.237793071,0.000000000
621,2020-01-26 21:00:00,0.000000000,0.193772095,0.217021718,0.219714992,0.225657129,0.237724884,0.000000000
622,2020-01-26 22:00:00,0.000000000,0.193776030,0.216992471,0.219683866,0.225621514,0.237678556,0.000000000
623,2020-01-26 23:00:00,0.000000000,0.193778569,0.216973585,0.219663766,0.225598518,0.237648646,0.000000000
624,2020-01-27 00:00:00,0.000000000,0.193781382,0.216952662,0.219641500,0.225573044,0.237615518,0.000000000
625,2020-01-27 01:00:00,0.000000000,0.193783752,0.216935023,0.219622730,0.225551570,0.237587595,0.000000000
626,2020-01-27 02:00:00,0.000000000,0.193785789,0.216919853,0.219606587,0.225533103,0.237563585,0.000000000
627,2020-01-27 03:00:00,0.000000000,0.193787754,0.216905222,0.219591017,0.225515293,0.237540431,0.000000000
628,2020-01-27 04:00:00,0.000000000,0.193790014,0.216888389,0.219573105,0.225494804,0.237513797,0.000000000
629,2020-01-27 05:00:00,0.000000000,0.193792110,0.216872771,0.219556486,0.225475795,0.237489090,0.000000000
630,2020-01-27 06:00:00,0.000000000,0.193794349,0.216856079,0.219538725,0.225455480,0.237462688,0.000000000
631,2020-01-27 07:00:00,0.000000000,0.193796309,0.216841459,0.219523169,0.225437688,0.237439568,0.000000000
632,2020-01-27 08:00:00,0.000000000,0.193798573,0.216824575,0.219505203,0.225417142,0.237412870,0.000000000
633,2020-01-27 09:00:00,0.000000000,0.193800629,0.216809235,0.219488882,0.225398476,0.237388619,0.000000000
634,2020-01-27 10:00:00,0.000000000,0.193802594,0.216794568,0.219473276,0.225380631,0.237365436,0.000000000
635,2020-01-27 11:00:00,0.000000000,0.193804086,0.216783432,0.219461427,0.225367081,0.237347834,0.000000000
636,2020-01-27 12:00:00,0.000000000,0.193805576,0.216772304,0.219449589,0.225353543,0.237330250,0.000000000
637,2020-01-27 13:00:00,0.000000000,0.193807749,0.216756071,0.219432317,0.225333794,0.237304600,0.000000000
638,2020-01-27 14:00:00,0.000000000,0.193810869,0.216732756,0.219407512,0.225305433,0.237267768,0.000000000
639,2020-01-27 15:00:00,0.000000000,0.193814230,0.216707633,0.219380784,0.225274874,0.237228089,0.000000000
640,2020-01-27 16:00:00,0.000000000,0.193818400,0.216676434,0.219347593,0.225236931,0.237178830,0.000000000
641,2020-01-27 17:00:00,0.000000000,0.193823366,0.216639265,0.219308053,0.225191731,0.237120165,0.000000000
642,2020-01-27 18:00:00,0.000000000,0.193829688,0.216591896,0.219257664,0.225134138,0.237045433,0.000000000
643,2020-01-27 19:00:00,0.000000000,0.193836288,0.216542404,0.219205020,0.225073976,0.236967391,0.000000000
644,2020-01-27 20:00:00,0.000000000,0.193844196,0.216483033,0.219141870,0.225001818,0.236873821,0.000000000
645,2020-01-27 21:00:00,0.000000000,0.193848072,0.216453907,0.219110893,0.224966426,0.236827940,0.000000000
646,2020-01-27 22:00:00,0.000000000,0.193849927,0.216439964,0.219096064,0.224949485,0.236805981,0.000000000
647,2020-01-27 23:00:00,0.000000000,0.193852090,0.216423695,0.219078762,0.224929720,0.236780363,0.000000000
648,2020-01-28 00:00:00,0.000000000,0.193853806,0.216410792,0.219065040,0.224914044,0.236760048,0.000000000
649,2020-01-28 01:00:00,0.000000000,0.193855373,0.216399000,0.219052499,0.224899719,0.236741484,0.000000000
650,2020-01-28 02:00:00,0.000000000,0.193857723,0.216381315,0.219033692,0.224878236,0.236713649,0.000000000
651,2020-01-28 03:00:00,0.000000000,0.193860257,0.216362237,0.219013403,0.224855062,0.236683625,0.000000000
652,2020-01-28 04:00:00,0.000000000,0.193862600,0.216344585,0.218994631,0.224833622,0.236655851,0.000000000
653,2020-01-28 05:00:00,0.000000000,0.193865094,0.216325800,0.218974655,0.224810807,0.236626299,0.000000000
654,2020-01-28 06:00:00,0.000000000,0.193867288,0.216309258,0.218957065,0.224790719,0.236600281,0.000000000
655,2020-01-28 07:00:00,0.000000000,0.193868934,0.216296850,0.218943871,0.224775651,0.236580769,0.000000000
656,2020-01-28 08:00:00,0.000000000,0.193870678,0.216283697,0.218929885,0.224759680,0.236560087,0.000000000
657,2020-01-28 09:00:00,0.000000000,0.193870898,0.216282035,0.218928117,0.224757662,0.236557474,0.000000000
658,2020-01-28 10:00:00,0.000000000,0.193871060,0.216280818,0.218926823,0.224756184,0.236555560,0.000000000
659,2020-01-28 11:00:00,0.000000000,0.193871773,0.216275437,0.218921102,0.224749650,0.236547100,0.000000000
660,2020-01-28 12:00:00,0.000000000,0.193873115,0.216265311,0.218910334,0.224737355,0.236531181,0.000000000
661,2020-01-28 13:00:00,0.000000000,0.193875612,0.216246469,0.218890300,0.224714479,0.236501564,0.000000000
662,2020-01-28 14:00:00,0.000000000,0.193879176,0.216219564,0.218861692,0.224681816,0.236459284,0.000000000
663,2020-01-28 15:00:00,0.000000000,0.193884885,0.216176429,0.218815830,0.224629458,0.236391522,0.000000000
664,2020-01-28 16:00:00,0.000000000,0.193891701,0.216124877,0.218761022,0.224566893,0.236310577,0.000000000
665,2020-01-28 17:00:00,0.000000000,0.193899241,0.216067792,0.218700335,0.224497629,0.236220994,0.000000000
666,2020-01-28 18:00:00,0.000000000,0.193907757,0.216003242,0.218631716,0.224419325,0.236119758,0.000000000
667,2020-01-28 19:00:00,0.000000000,0.193916964,0.215933351,0.218557426,0.224334565,0.236010221,0.000000000
668,2020-01-28 20:00:00,0.000000000,0.193927701,0.215851725,0.218470671,0.224235603,0.235882392,0.000000000
669,2020-01-28 21:00:00,0.000000000,0.193932165,0.215817751,0.218434564,0.224194423,0.235829218,0.000000000
670,2020-01-28 22:00:00,0.000000000,0.193935473,0.215792561,0.218407793,0.224163892,0.235789802,0.000000000
671,2020-01-28 23:00:00,0.000000000,0.193938885,0.215766561,0.218380163,0.224132385,0.235749132,0.000000000
672,2020-01-29 00:00:00,0.000000000,0.193942164,0.215741567,0.218353602,0.224102098,0.235710044,0.000000000
673,2020-01-29 01:00:00,0.000000000,0.193944644,0.215722650,0.218333500,0.224079178,0.235680467,0.000000000
674,2020-01-29 02:00:00,0.000000000,0.193947391,0.215701689,0.218311226,0.224053782,0.235647701,0.000000000
675,2020-01-29 03:00:00,0.000000000,0.193949663,0.215684349,0.218292801,0.224032776,0.235620600,0.000000000
676,2020-01-29 04:00:00,0.000000000,0.193951650,0.215669176,0.218276679,0.224014397,0.235596891,0.000000000
677,2020-01-29 05:00:00,0.000000000,0.193954111,0.215650378,0.218256705,0.223991627,0.235567522,0.000000000
678,2020-01-29 06:00:00,0.000000000,0.193957020,0.215628153,0.218233090,0.223964708,0.235532804,0.000000000
679,2020-01-29 07:00:00,0.000000000,0.193959788,0.215606992,0.218210606,0.223939080,0.235499758,0.000000000
680,2020-01-29 08:00:00,0.000000000,0.193963093,0.215581720,0.218183755,0.223908476,0.235460299,0.000000000
681,2020-01-29 09:00:00,0.000000000,0.193966152,0.215558308,0.218158881,0.223880127,0.235423753,0.000000000
682,2020-01-29 10:00:00,0.000000000,0.193966152,0.215558308,0.218158881,0.223880127,0.235423753,0.000000000
683,2020-01-29 11:00:00,0.000000000,0.193966152,0.215558308,0.218158881,0.223880127,0.235423753,0.000000000
684,2020-01-29 12:00:00,0.000000000,0.193966152,0.215558308,0.218158881,0.223880127,0.235423753,0.000000000
685,2020-01-29 13:00:00,0.000000000,0.193966152,0.215558308,0.218158881,0.223880127,0.235423753,0.000000000
686,2020-01-29 14:00:00,0.000000000,0.193966152,0.215558308,0.218158881,0.223880127,0.235423753,0.000000000
687,2020-01-29 15:00:00,0.000000000,0.193966152,0.215558308,0.218158881,0.223880127,0.235423753,0.000000000
688,2020-01-29 16:00:00,0.000000000,0.193975784,0.215484537,0.218080508,0.223790818,0.235308656,0.000000000
689,2020-01-29 17:00:00,0.000000000,0.193987968,0.215391056,0.217981205,0.223677682,0.235162929,0.000000000
690,2020-01-29 18:00:00,0.000000000,0.194001936,0.215283677,0.217867151,0.223547778,0.234995704,0.000000000
691,2020-01-29 19:00:00,0.000000000,0.194016791,0.215169213,0.217745588,0.223409362,0.234817645,0.000000000
692,2020-01-29 20:00:00,0.000000000,0.194030539,0.215063054,0.217632859,0.223281042,0.234652684,0.000000000
693,2020-01-29 21:00:00,0.000000000,0.194037573,0.215008650,0.217575094,0.223215303,0.234568215,0.000000000
694,2020-01-29 22:00:00,0.000000000,0.194043108,0.214965793,0.217529592,0.223163526,0.234501705,0.000000000
695,2020-01-29 23:00:00,0.000000000,0.194047370,0.214932774,0.217494535,0.223123639,0.234450481,0.000000000
696,2020-01-30 00:00:00,0.000000000,0.194051928,0.214897431,0.217457014,0.223080953,0.234395672,0.000000000
697,2020-01-30 01:00:00,0.000000000,0.194055958,0.214866169,0.217423827,0.223043199,0.234347207,0.000000000
698,2020-01-30 02:00:00,0.000000000,0.194055958,0.214866169,0.217423827,0.223043199,0.234347207,0.000000000
699,2020-01-30 03:00:00,0.000000000,0.194055958,0.214866169,0.217423827,0.223043199,0.234347207,0.000000000
700,2020-01-30 04:00:00,0.000000000,0.194055958,0.214866169,0.217423827,0.223043199,0.234347207,0.000000000
701,2020-01-30 05:00:00,0.000000000,0.194055958,0.214866169,0.217423827,0.223043199,0.234347207,0.000000000
702,2020-01-30 06:00:00,0.000000000,0.194055958,0.214866169,0.217423827,0.223043199,0.234347207,0.000000000
703,2020-01-30 07:00:00,0.000000000,0.194055958,0.214866169,0.217423827,0.223043199,0.234347207,0.000000000
704,2020-01-30 08:00:00,0.000000000,0.194055958,0.214866169,0.217423827,0.223043199,0.234347207,0.000000000
705,2020-01-30 09:00:00,0.000000000,0.194055958,0.214866169,0.217423827,0.223043199,0.234347207,0.000000000
706,2020-01-30 10:00:00,0.000000000,0.194055958,0.214866169,0.217423827,0.223043199,0.234347207,0.000000000
707,2020-01-30 11:00:00,0.000000000,0.194055958,0.214866169,0.217423827,0.223043199,0.234347207,0.000000000
708,2020-01-30 12:00:00,0.000000000,0.194055958,0.214866169,0.217423827,0.223043199,0.234347207,0.000000000
709,2020-01-30 13:00:00,0.000000000,0.194055958,0.214866169,0.217423827,0.223043199,0.234347207,0.000000000
710,2020-01-30 14:00:00,0.000000000,0.194055958,0.214866169,0.217423827,0.223043199,0.234347207,0.000000000
711,2020-01-30 15:00:00,0.000000000,0.194055958,0.214866169,0.217423827,0.223043199,0.234347207,0.000000000
712,2020-01-30 16:00:00,0.000000000,0.194055958,0.214866169,0.217423827,0.223043199,0.234347207,0.000000000
713,2020-01-30 17:00:00,0.000000000,0.194055958,0.214866169,0.217423827,0.223043199,0.234347207,0.000000000
714,2020-01-30 18:00:00,0.000000000,0.194055958,0.214866169,0.217423827,0.223043199,0.234347207,0.000000000
715,2020-01-30 19:00:00,0.000000000,0.194055958,0.214866169,0.217423827,0.223043199,0.234347207,0.000000000
716,2020-01-30 20:00:00,0.000000000,0.194055958,0.214866169,0.217423827,0.223043199,0.234347207,0.000000000
717,2020-01-30 21:00:00,0.000000000,0.194057801,0.214851861,0.217408638,0.223025922,0.234325031,0.000000000
718,2020-01-30 22:00:00,0.000000000,0.194057801,0.214851861,0.217408638,0.223025922,0.234325031,0.000000000
719,2020-01-30 23:00:00,0.000000000,0.194057801,0.214851861,0.217408638,0.223025922,0.234325031,0.000000000
720,2020-01-31 00:00:00,0.000000000,0.194057801,0.214851861,0.217408638,0.223025922,0.234325031,0.000000000
721,2020-01-31 01:00:00,0.000000000,0.194057801,0.214851861,0.217408638,0.223025922,0.234325031,0.000000000
722,2020-01-31 02:00:00,0.000000000,0.194057801,0.214851861,0.217408638,0.223025922,0.234325031,0.000000000
723,2020-01-31 03:00:00,0.000000000,0.194057801,0.214851861,0.217408638,0.223025922,0.234325031,0.000000000
724,2020-01-31 04:00:00,0.000000000,0.194057801,0.214851861,0.217408638,0.223025922,0.234325031,0.000000000
725,2020-01-31 05:00:00,0.000000000,0.194057801,0.214851861,0.217408638,0.223025922,0.234325031,0.000000000
726,2020-01-31 06:00:00,0.000000000,0.194057801,0.214851861,0.217408638,0.223025922,0.234325031,0.000000000
727,2020-01-31 07:00:00,0.000000000,0.194057801,0.214851861,0.217408638,0.223025922,0.234325031,0.000000000
728,2020-01-31 08:00:00,0.000000000,0.194057801,0.214851861,0.217408638,0.223025922,0.234325031,0.000000000
729,2020-01-31 09:00:00,0.000000000,0.194057801,0.214851861,0.217408638,0.223025922,0.234325031,0.000000000
730,2020-01-31 10:00:00,0.000000000,0.194057801,0.214851861,0.217408638,0.223025922,0.234325031,0.000000000
731,2020-01-31 11:00:00,0.000000000,0.194057801,0.214851861,0.217408638,0.223025922,0.234325031,0.000000000
732,2020-01-31 12:00:00,0.000000000,0.194057801,0.214851861,0.217408638,0.223025922,0.234325031,0.000000000
733,2020-01-31 13:00:00,0.000000000,0.194057801,0.214851861,0.217408638,0.223025922,0.234325031,0.000000000
734,2020-01-31 14:00:00,0.000000000,0.194057801,0.214851861,0.217408638,0.223025922,0.234325031,0.000000000
735,2020-01-31 15:00:00,0.000000000,0.194057801,0.214851861,0.217408638,0.223025922,0.234325031,0.000000000
736,2020-01-31 16:00:00,0.000000000,0.194057801,0.214851861,0.217408638,0.223025922,0.234325031,0.000000000
737,2020-01-31 17:00:00,0.000000000,0.194057801,0.214851861,0.217408638,0.223025922,0.234325031,0.000000000
738,2020-01-31 18:00:00,0.000000000,0.194063281,0.214809297,0.217363454,0.222974528,0.234259077,0.000000000
739,2020-01-31 19:00:00,0.000000000,0.194071890,0.214742363,0.217292406,0.222893728,0.234155420,0.000000000
740,2020-01-31 20:00:00,0.000000000,0.194082760,0.214657720,0.217202567,0.222791580,0.234024434,0.000000000
741,2020-01-31 21:00:00,0.000000000,0.194084745,0.214642244,0.217186143,0.222772908,0.234000498,0.000000000
742,2020-01-31 22:00:00,0.000000000,0.194085982,0.214632603,0.217175911,0.222761275,0.233985587,0.000000000
743,2020-01-31 23:00:00,0.000000000,0.194088617,0.214612045,0.217154093,0.222736473,0.233953798,0.000000000
744,2020-02-01 00:00:00,0.000000000,0.194090789,0.214595105,0.217136116,0.222716038,0.233927609,0.000000000
745,2020-02-01 01:00:00,0.000000000,0.194092378,0.214582702,0.217122953,0.222701076,0.233908436,0.000000000
746,2020-02-01 02:00:00,0.000000000,0.194093635,0.214572890,0.217112540,0.222689240,0.233893271,0.000000000
747,2020-02-01 03:00:00,0.000000000,0.194094901,0.214563006,0.217102051,0.222677318,0.233877995,0.000000000
748,2020-02-01 04:00:00,0.289473683,0.194096052,0.214554013,0.217092507,0.222666470,0.233864097,0.000000000
749,2020-02-01 05:00:00,0.132017508,0.194096776,0.214548364,0.217086513,0.222659657,0.233855368,0.289473712
750,2020-02-01 06:00:00,0.019569740,0.194082462,0.214660037,0.217205027,0.222794376,0.234028019,0.132017507
751,2020-02-01 07:00:00,0.017267471,0.194076090,0.214709675,0.217257711,0.222854277,0.234104823,0.019569741
752,2020-02-01 08:00:00,0.021121696,0.194075715,0.214712595,0.217260810,0.222857801,0.234109342,0.000000000
753,2020-02-01 09:00:00,0.021730289,0.194075715,0.214712595,0.217260810,0.222857801,0.234109342,0.000000000
754,2020-02-01 10:00:00,0.025845403,0.194075715,0.214712595,0.217260810,0.222857801,0.234109342,0.000000000
755,2020-02-01 11:00:00,0.030092858,0.194075715,0.214712595,0.217260810,0.222857801,0.234109342,0.000000000
756,2020-02-01 12:00:00,0.010382076,0.194075715,0.214712595,0.217260810,0.222857801,0.234109342,0.030092859
757,2020-02-01 13:00:00,0.024132835,0.194074139,0.214724858,0.217273826,0.222872601,0.234128322,0.010382076
758,2020-02-01 14:00:00,0.026676159,0.194073595,0.214729091,0.217278319,0.222877710,0.234134875,0.024132837
759,2020-02-01 15:00:00,0.024319574,0.194075301,0.214715814,0.217264226,0.222861685,0.234114323,0.026676160
760,2020-02-01 16:00:00,0.021570966,0.194077901,0.214695569,0.217242739,0.222837253,0.234082993,0.024319575
761,2020-02-01 17:00:00,0.018055735,0.194081492,0.214667596,0.217213049,0.222803497,0.234039712,0.021570966
762,2020-02-01 18:00:00,0.012719484,0.194086090,0.214631755,0.217175011,0.222760252,0.233984276,0.018055736
763,2020-02-01 19:00:00,0.009100608,0.194091554,0.214589129,0.217129773,0.222708828,0.233918370,0.012719485
764,2020-02-01 20:00:00,0.006612831,0.194098990,0.214531064,0.217068155,0.222638793,0.233828639,0.009100608
765,2020-02-01 21:00:00,0.001237209,0.194100130,0.214522158,0.217058703,0.222628051,0.233814880,0.006612831
766,2020-02-01 22:00:00,0.001003993,0.194101453,0.214511814,0.217047727,0.222615577,0.233798902,0.001237209
767,2020-02-01 23:00:00,0.000745238,0.194102550,0.214503240,0.217038629,0.222605237,0.233785658,0.001003993
768,2020-02-02 00:00:00,0.000605709,0.194103120,0.214498786,0.217033903,0.222599866,0.233778779,0.000745238
769,2020-02-02 01:00:00,0.000637146,0.194103485,0.214495930,0.217030872,0.222596423,0.233774369,0.000605709
770,2020-02-02 02:00:00,0.000600530,0.194103821,0.214493302,0.217028084,0.222593254,0.233770310,0.000637146
771,2020-02-02 03:00:00,0.000549802,0.194104225,0.214490141,0.217024729,0.222589442,0.233765429,0.000600530
772,2020-02-02 04:00:00,0.000392357,0.194104697,0.214486450,0.217020813,0.222584992,0.233759729,0.000549802
773,2020-02-02 05:00:00,0.000434290,0.194105123,0.214483122,0.217017281,0.222580978,0.233754589,0.000392357
774,2020-02-02 06:00:00,0.000341960,0.194105632,0.214479141,0.217013057,0.222576178,0.233748442,0.000434290
775,2020-02-02 07:00:00,0.000250166,0.194105878,0.214477217,0.217011015,0.222573858,0.233745471,0.000341960
776,2020-02-02 08:00:00,0.000245475,0.194106174,0.214474902,0.217008558,0.222571066,0.233741896,0.000250166
777,2020-02-02 09:00:00,0.000249373,0.194106730,0.214470552,0.217003943,0.222565821,0.233735179,0.000245475
778,2020-02-02 10:00:00,0.000214545,0.194107479,0.214464691,0.216997724,0.222558754,0.233726130,0.000249373
779,2020-02-02 11:00:00,0.000193095,0.194108339,0.214457961,0.216990583,0.222550640,0.233715740,0.000214545
780,2020-02-02 12:00:00,0.000185692,0.194109333,0.214450184,0.216982331,0.222541264,0.233703735,0.000193095
781,2020-02-02 13:00:00,0.000228393,0.194111007,0.214437084,0.216968432,0.222525470,0.233683514,0.000185692
782,2020-02-02 14:00:00,0.000183012,0.194113549,0.214417179,0.216947311,0.222501473,0.233652793,0.000228393
783,2020-02-02 15:00:00,0.000219560,0.194118059,0.214381843,0.216909820,0.222458879,0.233598273,0.000183012
784,2020-02-02 16:00:00,0.000188397,0.194123963,0.214335555,0.216860710,0.222403090,0.233526881,0.000219560
785,2020-02-02 17:00:00,0.000140334,0.194131257,0.214278304,0.216799972,0.222334102,0.233438626,0.000188398
786,2020-02-02 18:00:00,0.000092729,0.194141176,0.214200343,0.216717270,0.222240183,0.233318526,0.000140334
787,2020-02-02 19:00:00,0.000052087,0.194152140,0.214114031,0.216625717,0.222136236,0.233185668,0.000092729
788,2020-02-02 20:00:00,0.000026050,0.194164133,0.214019447,0.216525401,0.222022367,0.233040204,0.000052087
789,2020-02-02 21:00:00,0.000003727,0.194169471,0.213977288,0.216480691,0.221971624,0.232975410,0.000026050
790,2020-02-02 22:00:00,0.000003832,0.194172810,0.213950897,0.216452703,0.221939864,0.232934863,0.000003727
791,2020-02-02 23:00:00,0.000002800,0.194176762,0.213919649,0.216419567,0.221902263,0.232886867,0.000003832
792,2020-02-03 00:00:00,0.000002182,0.194180048,0.213893654,0.216392000,0.221870986,0.232846949,0.000002800
793,2020-02-03 01:00:00,0.000000000,0.194182651,0.213873043,0.216370146,0.221846190,0.232815309,0.000002182
794,2020-02-03 02:00:00,0.000000000,0.194184199,0.213860785,0.216357147,0.221831444,0.232796493,0.000000000
795,2020-02-03 03:00:00,0.000000000,0.194185478,0.213850660,0.216346411,0.221819264,0.232780953,0.000000000
796,2020-02-03 04:00:00,0.000000000,0.194186710,0.213840897,0.216336059,0.221807520,0.232765970,0.000000000
797,2020-02-03 05:00:00,0.000000000,0.194188248,0.213828711,0.216323137,0.221792861,0.232747271,0.000000000
798,2020-02-03 06:00:00,0.000000000,0.194189744,0.213816854,0.216310566,0.221778600,0.232729079,0.000000000
799,2020-02-03 07:00:00,0.000000000,0.194191084,0.213806232,0.216299303,0.221765824,0.232712783,0.000000000
800,2020-02-03 08:00:00,0.000001810,0.194192239,0.213797072,0.216289591,0.221754807,0.232698732,0.000000000
801,2020-02-03 09:00:00,0.000002340,0.194193176,0.213789641,0.216281713,0.221745871,0.232687335,0.000001810
802,2020-02-03 10:00:00,0.000001790,0.194193825,0.213784496,0.216276258,0.221739684,0.232679444,0.000002340
803,2020-02-03 11:00:00,0.000002108,0.194194398,0.213779955,0.216271443,0.221734223,0.232672479,0.000001790
804,2020-02-03 12:00:00,0.000002593,0.194194779,0.213776927,0.216268232,0.221730581,0.232667835,0.000002108
805,2020-02-03 13:00:00,0.000006748,0.194196105,0.213766413,0.216257085,0.221717938,0.232651712,0.000002593
806,2020-02-03 14:00:00,0.000008933,0.194198499,0.213747414,0.216236942,0.221695091,0.232622580,0.000006748
807,2020-02-03 15:00:00,0.000008802,0.194203875,0.213704720,0.216191677,0.221643757,0.232557135,0.000008933
808,2020-02-03 16:00:00,0.000006213,0.194211513,0.213644008,0.216127315,0.221570775,0.232464120,0.000008802
809,2020-02-03 17:00:00,0.000003490,0.194220835,0.213569806,0.216048656,0.221481596,0.232350508,0.000006213
810,2020-02-03 18:00:00,0.000002075,0.194232651,0.213475591,0.215948793,0.221368403,0.232206373,0.000003490
811,2020-02-03 19:00:00,0.000000000,0.194245928,0.213369512,0.215836368,0.221241004,0.232044242,0.000002075
812,2020-02-03 20:00:00,0.000000000,0.194258718,0.213267115,0.215727856,0.221118073,0.231887895,0.000000000
813,2020-02-03 21:00:00,0.000000000,0.194260509,0.213252764,0.215712649,0.221100848,0.231865995,0.000000000
814,2020-02-03 22:00:00,0.000000000,0.194261243,0.213246880,0.215706415,0.221093787,0.231857017,0.000000000
815,2020-02-03 23:00:00,0.000000000,0.194263554,0.213228346,0.215686775,0.221071542,0.231828739,0.000000000
816,2020-02-04 00:00:00,0.000000000,0.194265766,0.213210599,0.215667971,0.221050245,0.231801668,0.000000000
817,2020-02-04 01:00:00,0.000000000,0.194267492,0.213196755,0.215653302,0.221033632,0.231780553,0.000000000
818,2020-02-04 02:00:00,0.000000000,0.194269247,0.213182668,0.215638377,0.221016728,0.231759071,0.000000000
819,2020-02-04 03:00:00,0.000000000,0.194270995,0.213168628,0.215623500,0.220999881,0.231737662,0.000000000
820,2020-02-04 04:00:00,0.000000000,0.194272441,0.213157014,0.215611195,0.220985947,0.231719956,0.000000000
821,2020-02-04 05:00:00,0.000000000,0.194273701,0.213146894,0.215600474,0.220973806,0.231704529,0.000000000
822,2020-02-04 06:00:00,0.000000000,0.194274774,0.213138278,0.215591344,0.220963468,0.231691395,0.000000000
823,2020-02-04 07:00:00,0.000000000,0.194275660,0.213131158,0.215583801,0.220954926,0.231680542,0.000000000
824,2020-02-04 08:00:00,0.000000000,0.194276416,0.213125079,0.215577361,0.220947634,0.231671278,0.000000000
825,2020-02-04 09:00:00,0.000000000,0.194276958,0.213120725,0.215572747,0.220942410,0.231664642,0.001927561
826,2020-02-04 10:00:00,0.000000000,0.194276859,0.213121517,0.215573586,0.220943360,0.231665849,0.000000000
827,2020-02-04 11:00:00,0.000000000,0.194277021,0.213120216,0.215572208,0.220941800,0.231663867,0.000000000
828,2020-02-04 12:00:00,0.000000000,0.194277366,0.213117445,0.215569272,0.220938476,0.231659644,0.000000000
829,2020-02-04 13:00:00,0.000000000,0.194279438,0.213100784,0.215551621,0.220918490,0.231634256,0.000000000
830,2020-02-04 14:00:00,0.000000000,0.194283542,0.213067776,0.215516652,0.220878898,0.231583970,0.000000000
831,2020-02-04 15:00:00,0.000000000,0.194288867,0.213024906,0.215471235,0.220827483,0.231518682,0.000000000
832,2020-02-04 16:00:00,0.000000000,0.194296363,0.212964505,0.215407251,0.220755057,0.231426741,0.000000000
833,2020-02-04 17:00:00,0.000000000,0.194305129,0.212893774,0.215332330,0.220670267,0.231319145,0.000000000
834,2020-02-04 18:00:00,0.000000000,0.194315748,0.212807955,0.215241435,0.220567418,0.231188692,0.000000000
835,2020-02-04 19:00:00,0.000000000,0.194328235,0.212706858,0.215134369,0.220446302,0.231035151,0.000000000
836,2020-02-04 20:00:00,0.000000000,0.194341377,0.212600232,0.215021461,0.220318611,0.230873372,0.000000000
837,2020-02-04 21:00:00,0.000000000,0.194343817,0.212580411,0.215000474,0.220294880,0.230843317,0.000000000
838,2020-02-04 22:00:00,0.000000000,0.194345948,0.212563095,0.214982139,0.220274149,0.230817063,0.000000000
839,2020-02-04 23:00:00,0.000000000,0.194349164,0.212536949,0.214954456,0.220242850,0.230777432,0.000000000
840,2020-02-05 00:00:00,0.000000000,0.194351692,0.212516386,0.214932684,0.220218236,0.230746270,0.000000000
841,2020-02-05 01:00:00,0.000000000,0.194353931,0.212498166,0.214913394,0.220196429,0.230718664,0.000000000
842,2020-02-05 02:00:00,0.000000000,0.194355789,0.212483042,0.214897382,0.220178327,0.230695752,0.000000000
843,2020-02-05 03:00:00,0.000000000,0.194357476,0.212469301,0.214882834,0.220161882,0.230674938,0.000000000
844,2020-02-05 04:00:00,0.000000000,0.194358759,0.212458851,0.214871771,0.220149377,0.230659111,0.000000000
845,2020-02-05 05:00:00,0.000000000,0.194359708,0.212451122,0.214863588,0.220140127,0.230647406,0.000000000
846,2020-02-05 06:00:00,0.000000000,0.194360554,0.212444232,0.214856294,0.220131882,0.230636972,0.160269532
847,2020-02-05 07:00:00,0.000000000,0.194353654,0.212500417,0.214915777,0.220199122,0.230722074,0.395051160
848,2020-02-05 08:00:00,0.000000000,0.194335205,0.212650331,0.215074510,0.220378602,0.230949365,0.195096572
849,2020-02-05 09:00:00,0.000000000,0.194327431,0.212713371,0.215141266,0.220454104,0.231045039,0.000000000
850,2020-02-05 10:00:00,0.000000000,0.194329099,0.212699851,0.215126948,0.220437909,0.231024514,0.186888572
851,2020-02-05 11:00:00,0.000000000,0.194321583,0.212760742,0.215191433,0.220510851,0.231116969,0.000000000
852,2020-02-05 12:00:00,0.000000000,0.194322622,0.212752332,0.215182526,0.220500775,0.231104197,0.000000000
853,2020-02-05 13:00:00,0.000000000,0.194323953,0.212741546,0.215171104,0.220487855,0.231087818,0.000000000
854,2020-02-05 14:00:00,0.000000000,0.194326337,0.212722238,0.215150656,0.220464725,0.231058500,0.000000000
855,2020-02-05 15:00:00,0.000000000,0.194329826,0.212693963,0.215120714,0.220430857,0.231015578,0.000000000
856,2020-02-05 16:00:00,0.000000000,0.194334538,0.212655748,0.215080246,0.220385089,0.230957584,0.000000000
857,2020-02-05 17:00:00,0.000000000,0.194340223,0.212609600,0.215031380,0.220329828,0.230887579,0.000000000
858,2020-02-05 18:00:00,0.000000000,0.194349061,0.212537779,0.214955334,0.220243843,0.230778690,0.000000000
859,2020-02-05 19:00:00,0.000000000,0.194358637,0.212459844,0.214872822,0.220150565,0.230660615,0.000000000
860,2020-02-05 20:00:00,0.000000000,0.194369904,0.212367998,0.214775591,0.220040671,0.230521575,0.000000000
861,2020-02-05 21:00:00,0.000000000,0.194374127,0.212333524,0.214739097,0.219999432,0.230469416,0.000000000
862,2020-02-05 22:00:00,0.000000000,0.194378115,0.212300954,0.214704622,0.219960476,0.230420156,0.000000000
863,2020-02-05 23:00:00,0.000000000,0.194381322,0.212274743,0.214676878,0.219929129,0.230380523,0.000000000
864,2020-02-06 00:00:00,0.000000000,0.194383619,0.212255958,0.214656994,0.219906665,0.230352125,0.000000000
865,2020-02-06 01:00:00,0.000000000,0.194385463,0.212240876,0.214641031,0.219888631,0.230329330,0.000000000
866,2020-02-06 02:00:00,0.000000000,0.194387082,0.212227629,0.214627010,0.219872791,0.230309309,0.000000000
867,2020-02-06 03:00:00,0.000000000,0.194388849,0.212213172,0.214611709,0.219855505,0.230287463,0.000000000
868,2020-02-06 04:00:00,0.000000000,0.194390606,0.212198783,0.214596480,0.219838302,0.230265723,0.000000000
869,2020-02-06 05:00:00,0.000000000,0.194392838,0.212180509,0.214577139,0.219816455,0.230238117,0.000000000
870,2020-02-06 06:00:00,0.521052599,0.194394884,0.212163744,0.214559395,0.219796413,0.230212794,0.000000000
871,2020-02-06 07:00:00,0.513571143,0.194396388,0.212151425,0.214546358,0.219781687,0.230194190,0.521052590
872,2020-02-06 08:00:00,0.614013255,0.194371839,0.212352204,0.214758871,0.220021777,0.230497677,0.513571189
873,2020-02-06 09:00:00,1.181499839,0.194347081,0.212553879,0.214972380,0.220263116,0.230803093,0.614013288
874,2020-02-06 10:00:00,2.002007723,0.194316960,0.212798154,0.215231054,0.220555675,0.231173800,0.511207486
875,2020-02-06 11:00:00,1.689344168,0.194291363,0.213004805,0.215449942,0.220803379,0.231488080,0.734495882
876,2020-02-06 12:00:00,1.306064725,0.194254713,0.213299208,0.215761864,0.221156597,0.231936881,0.565614448
877,2020-02-06 13:00:00,0.806008101,0.194226216,0.213526920,0.216003198,0.221430067,0.232284882,0.667633066
878,2020-02-06 14:00:00,0.121320270,0.194192564,0.213794497,0.216286861,0.221751711,0.232694783,0.806008137
879,2020-02-06 15:00:00,0.107068285,0.194152649,0.214110018,0.216621461,0.222131405,0.233179494,0.121320272
880,2020-02-06 16:00:00,0.088804223,0.194148043,0.214146301,0.216659946,0.222175096,0.233235328,0.107068287
881,2020-02-06 17:00:00,0.074521743,0.194144589,0.214173494,0.216688789,0.222207845,0.233277185,0.088804228
882,2020-02-06 18:00:00,0.067209803,0.194143026,0.214185796,0.216701839,0.222222662,0.233296126,0.074521746
883,2020-02-06 19:00:00,0.045421127,0.194142459,0.214190254,0.216706568,0.222228031,0.233302991,0.082409484
884,2020-02-06 20:00:00,0.037658729,0.194142238,0.214190254,0.216706568,0.222228031,0.233302991,0.045421129
885,2020-02-06 21:00:00,0.015546404,0.194141385,0.214198701,0.216715528,0.222238206,0.233315998,0.037658731
886,2020-02-06 22:00:00,0.013416621,0.194140619,0.214204730,0.216721924,0.222245468,0.233325282,0.015546404
887,2020-02-06 23:00:00,0.008782082,0.194140843,0.214202967,0.216720053,0.222243344,0.233322567,0.413416655
888,2020-02-07 00:00:00,0.008010169,0.194120378,0.214363665,0.216890532,0.222436968,0.233570231,0.008782083
889,2020-02-07 01:00:00,0.006832314,0.194120590,0.214362004,0.216888771,0.222434967,0.233567670,0.308010181
890,2020-02-07 02:00:00,0.004672379,0.194105389,0.214481042,0.217015074,0.222578470,0.233751378,0.006832315
891,2020-02-07 03:00:00,0.003330659,0.194105628,0.214479168,0.217013086,0.222576210,0.233748484,0.004672379
892,2020-02-07 04:00:00,0.003616899,0.194105818,0.214477687,0.217011514,0.222574424,0.233746197,0.003330659
893,2020-02-07 05:00:00,0.002943595,0.194106190,0.214474779,0.217008429,0.222570918,0.233741707,0.003616899
894,2020-02-07 06:00:00,0.002148067,0.194106736,0.214470504,0.217003893,0.222565764,0.233735106,0.002943595
895,2020-02-07 07:00:00,0.001712123,0.194107377,0.214465486,0.216998568,0.222559714,0.233727359,0.402148100
896,2020-02-07 08:00:00,0.001376218,0.194087591,0.214620054,0.217162593,0.222746135,0.233966182,0.501712157
897,2020-02-07 09:00:00,0.001179992,0.194062600,0.214814589,0.217369072,0.222980918,0.234267276,0.001376218
898,2020-02-07 10:00:00,0.000844114,0.194063447,0.214808009,0.217362087,0.222972973,0.234257082,0.001179992
899,2020-02-07 11:00:00,0.000740332,0.194064070,0.214803166,0.217356946,0.222967126,0.234249580,0.000844114
900,2020-02-07 12:00:00,0.000733178,0.194064749,0.214797891,0.217351347,0.222960758,0.234241409,0.000740332
901,2020-02-07 13:00:00,0.000699507,0.194065876,0.214789129,0.217342046,0.222950181,0.234227837,0.100733188
902,2020-02-07 14:00:00,0.000523617,0.194062715,0.214813696,0.217368124,0.222979840,0.234265893,0.363192919
903,2020-02-07 15:00:00,0.000453079,0.194047393,0.214932597,0.217494348,0.223123426,0.234450207,1.563017133
904,2020-02-07 16:00:00,0.000372621,0.193973448,0.215502434,0.218099520,0.223812481,0.235336571,0.300453090
905,2020-02-07 17:00:00,0.000332328,0.193961606,0.215593092,0.218195838,0.223922248,0.235478054,0.000372621
906,2020-02-07 18:00:00,0.000116774,0.193964921,0.215567732,0.218168894,0.223891538,0.235438463,0.432138063
907,2020-02-07 19:00:00,0.000043847,0.193948436,0.215693718,0.218302757,0.224044126,0.235635243,0.000116774
908,2020-02-07 20:00:00,0.000009322,0.193956564,0.215631639,0.218236793,0.223968929,0.235538249,0.000043847
909,2020-02-07 21:00:00,0.000000000,0.193962184,0.215588671,0.218191140,0.223916893,0.235471150,0.000009322
910,2020-02-07 22:00:00,0.405263782,0.193966058,0.215559028,0.218159646,0.223880999,0.235424878,0.000000000
911,2020-02-07 23:00:00,0.064667530,0.193969442,0.215533125,0.218132126,0.223849636,0.235384453,0.405263816
912,2020-02-08 00:00:00,0.056308415,0.193952476,0.215662871,0.218269979,0.224006759,0.235587039,0.064667529
913,2020-02-08 01:00:00,0.037233420,0.193954336,0.215648663,0.218254882,0.223989549,0.235564842,0.056308417
914,2020-02-08 02:00:00,0.018735157,0.193956098,0.215635201,0.218240578,0.223973244,0.235543813,0.037233420
915,2020-02-08 03:00:00,0.014222333,0.193957804,0.215622161,0.218226724,0.223957451,0.235523447,0.018735159
916,2020-02-08 04:00:00,0.017834118,0.193960205,0.215603807,0.218207222,0.223935222,0.235494783,0.000000000
917,2020-02-08 05:00:00,0.010430397,0.193963297,0.215580153,0.218182090,0.223906578,0.235457852,0.000000000
918,2020-02-08 06:00:00,0.007449426,0.193963297,0.215580153,0.218182090,0.223906578,0.235457852,0.000000000
919,2020-02-08 07:00:00,0.004658035,0.193963297,0.215580153,0.218182090,0.223906578,0.235457852,0.000000000
920,2020-02-08 08:00:00,0.003728903,0.193963297,0.215580153,0.218182090,0.223906578,0.235457852,0.000000000
921,2020-02-08 09:00:00,0.002862593,0.193963297,0.215580153,0.218182090,0.223906578,0.235457852,0.000000000
922,2020-02-08 10:00:00,0.005116137,0.193963297,0.215580153,0.218182090,0.223906578,0.235457852,0.000000000
923,2020-02-08 11:00:00,0.006019875,0.193963297,0.215580153,0.218182090,0.223906578,0.235457852,0.000000000
924,2020-02-08 12:00:00,0.005645449,0.193963297,0.215580153,0.218182090,0.223906578,0.235457852,0.000000000
925,2020-02-08 13:00:00,0.008033510,0.193963297,0.215580153,0.218182090,0.223906578,0.235457852,0.005645449
926,2020-02-08 14:00:00,0.011456252,0.193962998,0.215582446,0.218184527,0.223909355,0.235461432,0.008033511
927,2020-02-08 15:00:00,0.011210039,0.193962571,0.215585709,0.218187994,0.223913307,0.235466527,0.011456253
928,2020-02-08 16:00:00,0.009391839,0.193961963,0.215590362,0.218192937,0.223918941,0.235473791,0.011210039
929,2020-02-08 17:00:00,0.006703923,0.193961368,0.215594915,0.218197774,0.223924454,0.235480899,0.009391839
930,2020-02-08 18:00:00,0.003258556,0.193970607,0.215524197,0.218122642,0.223838828,0.235370524,0.006703923
931,2020-02-08 19:00:00,0.001828096,0.193981233,0.215442753,0.218036120,0.223740244,0.235243503,0.003258556
932,2020-02-08 20:00:00,0.000780448,0.193991988,0.215360173,0.217948401,0.223640316,0.235114817,0.001828096
933,2020-02-08 21:00:00,0.000089191,0.193997326,0.215319142,0.217904819,0.223590677,0.235050916,0.000780448
934,2020-02-08 22:00:00,0.000125445,0.194000041,0.215298256,0.217882636,0.223565413,0.235018399,0.000089191
935,2020-02-08 23:00:00,0.000120763,0.194003377,0.215272583,0.217855369,0.223534360,0.234978439,0.000125445
936,2020-02-09 00:00:00,0.000077649,0.194005819,0.215253783,0.217835402,0.223511623,0.234949183,0.000000000
937,2020-02-09 01:00:00,0.000044650,0.194005819,0.215253783,0.217835402,0.223511623,0.234949183,0.000000000
938,2020-02-09 02:00:00,0.000217972,0.194005819,0.215253783,0.217835402,0.223511623,0.234949183,0.000000000
939,2020-02-09 03:00:00,0.000396688,0.194005819,0.215253783,0.217835402,0.223511623,0.234949183,0.000000000
940,2020-02-09 04:00:00,0.000413251,0.194005819,0.215253783,0.217835402,0.223511623,0.234949183,0.000000000
941,2020-02-09 05:00:00,0.000470609,0.194005819,0.215253783,0.217835402,0.223511623,0.234949183,0.000000000
942,2020-02-09 06:00:00,0.000217475,0.194005819,0.215253783,0.217835402,0.223511623,0.234949183,0.000000000
943,2020-02-09 07:00:00,0.000513210,0.194005819,0.215253783,0.217835402,0.223511623,0.234949183,0.000000000
944,2020-02-09 08:00:00,0.000359392,0.194005819,0.215253783,0.217835402,0.223511623,0.234949183,0.000000000
945,2020-02-09 09:00:00,0.000412502,0.194005819,0.215253783,0.217835402,0.223511623,0.234949183,0.000000000
946,2020-02-09 10:00:00,0.000623173,0.194005819,0.215253783,0.217835402,0.223511623,0.234949183,0.000000000
947,2020-02-09 11:00:00,0.000494262,0.194005819,0.215253783,0.217835402,0.223511623,0.234949183,0.000000000
948,2020-02-09 12:00:00,0.000376256,0.194005819,0.215253783,0.217835402,0.223511623,0.234949183,0.000000000
949,2020-02-09 13:00:00,0.000366118,0.194005819,0.215253783,0.217835402,0.223511623,0.234949183,0.000376256
950,2020-02-09 14:00:00,0.058655392,0.194005656,0.215253783,0.217835402,0.223511623,0.234949183,0.000366118
951,2020-02-09 15:00:00,0.354096413,0.194005497,0.215253783,0.217835402,0.223511623,0.234949183,0.058655397
952,2020-02-09 16:00:00,0.047600813,0.194002686,0.215277904,0.217861020,0.223540796,0.234986720,0.354096426
953,2020-02-09 17:00:00,0.054940067,0.193984171,0.215420207,0.218012171,0.223712958,0.235208359,0.047600813
954,2020-02-09 18:00:00,0.040599253,0.193981653,0.215439530,0.218032697,0.223736343,0.235238478,0.054940072
955,2020-02-09 19:00:00,0.034729451,0.193978746,0.215461824,0.218056380,0.223763325,0.235273237,0.040599255
956,2020-02-09 20:00:00,0.026770001,0.193979982,0.215452343,0.218046308,0.223751850,0.235258454,0.034729451
957,2020-02-09 21:00:00,0.007553841,0.193979280,0.215457731,0.218052031,0.223758371,0.235266854,0.026770002
958,2020-02-09 22:00:00,0.005309035,0.193978983,0.215460012,0.218054454,0.223761132,0.235270411,0.007553842
959,2020-02-09 23:00:00,0.003936157,0.193979279,0.215457737,0.218052037,0.223758378,0.235266863,0.005309035
960,2020-02-10 00:00:00,0.003289476,0.193979416,0.215456684,0.218050920,0.223757105,0.235265223,0.003936157
961,2020-02-10 01:00:00,0.002990817,0.193979586,0.215456684,0.218050920,0.223757105,0.235265223,0.003289476
962,2020-02-10 02:00:00,0.002678789,0.193979360,0.215457116,0.218051378,0.223757626,0.235265895,0.002990817
963,2020-02-10 03:00:00,0.002643722,0.193979298,0.215457592,0.218051884,0.223758203,0.235266638,0.002678789
964,2020-02-10 04:00:00,0.002588983,0.193979197,0.215458369,0.218052709,0.223759143,0.235267849,0.003227225
965,2020-02-10 05:00:00,0.002316264,0.193979026,0.215459681,0.218054103,0.223760731,0.235269895,0.005397191
966,2020-02-10 06:00:00,0.002194919,0.193978740,0.215461875,0.218056433,0.223763386,0.235273315,0.005493333
967,2020-02-10 07:00:00,0.002812525,0.193978449,0.215464107,0.218058805,0.223766089,0.235276797,0.467561733
968,2020-02-10 08:00:00,0.001920779,0.193954248,0.215649331,0.218255592,0.223990359,0.235565886,0.403683461
969,2020-02-10 09:00:00,0.001432410,0.193933052,0.215811002,0.218427391,0.224186243,0.235818657,0.002860906
970,2020-02-10 10:00:00,0.001200634,0.193932899,0.215812163,0.218428625,0.224187650,0.235820473,0.103547168
971,2020-02-10 11:00:00,0.001292812,0.193927398,0.215854038,0.218473128,0.224238407,0.235886012,0.401200660
972,2020-02-10 12:00:00,0.001201728,0.193906784,0.216010622,0.218639561,0.224428276,0.236131329,0.895591927
973,2020-02-10 13:00:00,0.000805314,0.193861406,0.216353579,0.219004196,0.224844546,0.236670001,0.469395991
974,2020-02-10 14:00:00,0.000687567,0.193838252,0.216527665,0.219189342,0.225056061,0.236944157,0.500805311
975,2020-02-10 15:00:00,0.000511676,0.193813877,0.216710266,0.219383585,0.225278077,0.237232247,0.685487942
976,2020-02-10 16:00:00,0.000332121,0.193780816,0.216956870,0.219645979,0.225578167,0.237622181,0.400511701
977,2020-02-10 17:00:00,0.000217882,0.193763089,0.217088592,0.219786167,0.225738580,0.237830870,0.000332121
978,2020-02-10 18:00:00,0.000134030,0.193766809,0.217060981,0.219756779,0.225704947,0.237787101,0.284814169
979,2020-02-10 19:00:00,0.000085169,0.193755836,0.217142381,0.219843419,0.225804108,0.237916170,0.168228055
980,2020-02-10 20:00:00,0.000054960,0.193751123,0.217177306,0.219880594,0.225846664,0.237971581,0.599992478
981,2020-02-10 21:00:00,0.000019864,0.193720566,0.217403133,0.220121012,0.226121971,0.238330360,0.500054961
982,2020-02-10 22:00:00,0.000014051,0.193694640,0.217593929,0.220324185,0.226354766,0.238634145,0.531824287
983,2020-02-10 23:00:00,0.000009649,0.193666520,0.217800038,0.220543717,0.226606446,0.238962998,0.500012908
984,2020-02-11 00:00:00,0.000007309,0.193639464,0.217997538,0.220754131,0.226847811,0.239278789,0.000009649
985,2020-02-11 01:00:00,0.000005108,0.193639527,0.217997078,0.220753640,0.226847247,0.239278051,0.001155307
986,2020-02-11 02:00:00,0.000004289,0.193639464,0.217997542,0.220754135,0.226847815,0.239278794,0.005339112
987,2020-02-11 03:00:00,0.000002935,0.193639169,0.217999686,0.220756420,0.226850436,0.239282226,0.006012764
988,2020-02-11 04:00:00,0.000002287,0.193638838,0.218002101,0.220758993,0.226853389,0.239286092,0.005915619
989,2020-02-11 05:00:00,0.000001983,0.193638512,0.218004476,0.220761524,0.226856293,0.239289895,0.003496340
990,2020-02-11 06:00:00,0.000001944,0.193638319,0.218005881,0.220763020,0.226858010,0.239292142,0.303181403
991,2020-02-11 07:00:00,0.000001616,0.193621758,0.218126358,0.220891401,0.227005345,0.239485121,0.387875562
992,2020-02-11 08:00:00,0.000001356,0.193600588,0.218279940,0.221055086,0.227193269,0.239731484,0.301221729
993,2020-02-11 09:00:00,0.000001301,0.193584064,0.218399486,0.221182516,0.227339627,0.239923529,0.001114278
994,2020-02-11 10:00:00,0.000000000,0.193584002,0.218399933,0.221182993,0.227340174,0.239924247,0.000849038
995,2020-02-11 11:00:00,0.000000000,0.193583642,0.218399933,0.221182993,0.227340174,0.239924247,0.100000008
996,2020-02-11 12:00:00,0.000000000,0.193578499,0.218439682,0.221225368,0.227388855,0.239988158,1.500000099
997,2020-02-11 13:00:00,0.000000000,0.193499709,0.219005273,0.221828544,0.228082385,0.240900504,0.500000016
998,2020-02-11 14:00:00,0.000000000,0.193473543,0.219191669,0.222027419,0.228311299,0.241202404,0.100000008
999,2020-02-11 15:00:00,0.000000000,0.193470441,0.219213724,0.222050954,0.228338397,0.241238166,0.000000000
1000,2020-02-11 16:00:00,0.000000000,0.193473343,0.219193090,0.222028935,0.228313045,0.241204708,0.000000000
1001,2020-02-11 17:00:00,0.000000000,0.193476843,0.219168204,0.222002380,0.228282471,0.241164364,1.184800431
1002,2020-02-11 18:00:00,0.000000000,0.193416920,0.219592630,0.222455377,0.228804319,0.241853913,1.512787924
1003,2020-02-11 19:00:00,0.000000000,0.193339758,0.220133794,0.223033316,0.229471042,0.242737811,1.271965573
1004,2020-02-11 20:00:00,0.000000000,0.193275146,0.220582373,0.223512674,0.230024847,0.243474534,0.516670252
1005,2020-02-11 21:00:00,0.000000000,0.193247216,0.220775015,0.223718617,0.230263001,0.243792060,0.000000000
1006,2020-02-11 22:00:00,0.000000000,0.193248119,0.220768798,0.223711970,0.230255311,0.243781801,0.000000000
1007,2020-02-11 23:00:00,0.000000000,0.193248853,0.220763749,0.223706572,0.230249068,0.243773471,0.000000000
1008,2020-02-12 00:00:00,0.000000000,0.193249458,0.220759578,0.223702112,0.230243910,0.243766590,0.000000000
1009,2020-02-12 01:00:00,0.000000000,0.193250067,0.220755390,0.223697634,0.230238730,0.243759681,0.000000000
1010,2020-02-12 02:00:00,0.000000000,0.193250914,0.220749551,0.223691392,0.230231509,0.243750049,0.000000000
1011,2020-02-12 03:00:00,0.000000000,0.193252080,0.220741523,0.223682809,0.230221582,0.243736806,0.000000000
1012,2020-02-12 04:00:00,0.000000000,0.193254130,0.220727400,0.223667710,0.230204119,0.243713514,0.000000000
1013,2020-02-12 05:00:00,0.000000000,0.193256951,0.220707959,0.223646925,0.230180080,0.243681455,0.000000000
1014,2020-02-12 06:00:00,0.000000000,0.193259964,0.220687184,0.223624715,0.230154395,0.243647205,0.000000000
1015,2020-02-12 07:00:00,0.000000000,0.193262913,0.220666844,0.223602972,0.230129251,0.243613681,0.000000000
1016,2020-02-12 08:00:00,0.000000000,0.193266366,0.220643014,0.223577497,0.230099794,0.243574413,0.000000000
1017,2020-02-12 09:00:00,0.000012278,0.193268695,0.220626937,0.223560310,0.230079921,0.243547925,0.000000000
1018,2020-02-12 10:00:00,0.000027205,0.193270802,0.220612387,0.223544758,0.230061939,0.243523960,0.000012278
1019,2020-02-12 11:00:00,0.000034596,0.193273511,0.220593675,0.223524755,0.230038813,0.243493143,0.000027205
1020,2020-02-12 12:00:00,0.000047526,0.193276397,0.220573729,0.223503435,0.230014166,0.243460303,0.000034596
1021,2020-02-12 13:00:00,0.000066745,0.193282120,0.220534151,0.223461130,0.229965262,0.243395158,0.000047526
1022,2020-02-12 14:00:00,0.000070041,0.193289761,0.220481266,0.223404606,0.229899931,0.243308157,0.000066745
1023,2020-02-12 15:00:00,0.000051259,0.193299651,0.220412730,0.223331359,0.229815286,0.243195485,0.000070041
1024,2020-02-12 16:00:00,0.000030504,0.193311704,0.220329069,0.223241957,0.229711995,0.243058066,0.000051259
1025,2020-02-12 17:00:00,0.000018159,0.193325826,0.220230866,0.223137026,0.229590795,0.242896923,0.000030504
1026,2020-02-12 18:00:00,0.000008897,0.193341723,0.220120083,0.223018668,0.229454130,0.242715349,0.000018159
1027,2020-02-12 19:00:00,0.000004161,0.193358975,0.219999572,0.222889937,0.229305537,0.242518087,0.000008897
1028,2020-02-12 20:00:00,0.000001531,0.193374194,0.219893020,0.222776132,0.229174217,0.242343893,0.000004161
1029,2020-02-12 21:00:00,0.000000000,0.193380639,0.219847827,0.222727868,0.229118538,0.242270074,0.000001531
1030,2020-02-12 22:00:00,0.000000000,0.193384692,0.219819385,0.222697494,0.229083501,0.242223633,0.000000000
1031,2020-02-12 23:00:00,0.000000000,0.193389360,0.219786601,0.222662484,0.229043120,0.242170122,0.000000000
1032,2020-02-13 00:00:00,0.000000000,0.193393429,0.219758011,0.222631956,0.229007911,0.242123473,0.000000000
1033,2020-02-13 01:00:00,0.000000000,0.193396730,0.219734804,0.222607175,0.228979334,0.242085618,0.000000000
1034,2020-02-13 02:00:00,0.000000000,0.193400283,0.219709813,0.222580490,0.228948562,0.242044862,0.000000000
1035,2020-02-13 03:00:00,0.000000000,0.193403562,0.219686740,0.222555854,0.228920156,0.242007245,0.000000000
1036,2020-02-13 04:00:00,0.000000000,0.193406135,0.219668630,0.222536518,0.228897861,0.241977726,0.000000000
1037,2020-02-13 05:00:00,0.636842132,0.193408940,0.219648874,0.222515425,0.228873543,0.241945532,0.000000000
1038,2020-02-13 06:00:00,1.143753529,0.193410127,0.219640508,0.222506493,0.228863244,0.241931900,0.636842157
1039,2020-02-13 07:00:00,2.946272850,0.193375948,0.219880725,0.222763001,0.229159069,0.242323806,1.036398999
1040,2020-02-13 08:00:00,5.676242352,0.193319009,0.220278293,0.223187700,0.229649322,0.242974724,0.402306105
1041,2020-02-13 09:00:00,9.022258759,0.193296326,0.220435781,0.223355994,0.229843752,0.243233371,0.000000000
1042,2020-02-13 10:00:00,11.686486244,0.193296326,0.220435781,0.223355994,0.229843752,0.243233371,0.000000000
1043,2020-02-13 11:00:00,12.373147964,0.193296326,0.220435781,0.223355994,0.229843752,0.243233371,0.000000000
1044,2020-02-13 12:00:00,12.751474380,0.193296326,0.220435781,0.223355994,0.229843752,0.243233371,0.000000000
1045,2020-02-13 13:00:00,12.849909782,0.193296326,0.220435781,0.223355994,0.229843752,0.243233371,0.000000000
1046,2020-02-13 14:00:00,12.946181297,0.193296326,0.220435781,0.223355994,0.229843752,0.243233371,0.178363487
1047,2020-02-13 15:00:00,12.671508789,0.193286173,0.220506110,0.223431159,0.229930620,0.243349021,0.436750207
1048,2020-02-13 16:00:00,10.433046341,0.193261489,0.220676669,0.223613475,0.230141397,0.243629874,2.422621310
1049,2020-02-13 17:00:00,6.703564644,0.193132369,0.221559244,0.224557511,0.231234529,0.245091880,5.666267634
1050,2020-02-13 18:00:00,2.590853453,0.192853639,0.223411466,0.226542194,0.233542272,0.248209229,5.143279031
1051,2020-02-13 19:00:00,2.507594109,0.192590097,0.225099708,0.228355369,0.235662318,0.251111605,0.599999998
1052,2020-02-13 20:00:00,0.740693867,0.192553931,0.225326819,0.228599598,0.235948759,0.251506689,2.035177249
1053,2020-02-13 21:00:00,0.312213331,0.192436365,0.226057740,0.229386120,0.236872664,0.252785918,0.545787952
1054,2020-02-13 22:00:00,0.015829714,0.192402930,0.226263580,0.229607760,0.237133419,0.253148325,0.315499281
1055,2020-02-13 23:00:00,0.015130794,0.192383394,0.226383442,0.229736851,0.237285373,0.253359799,0.020252897
1056,2020-02-14 00:00:00,0.013566996,0.192382126,0.226391216,0.229745224,0.237295232,0.253373526,0.021370961
1057,2020-02-14 01:00:00,0.012695372,0.192380787,0.226399419,0.229754060,0.237305634,0.253388012,0.013566997
1058,2020-02-14 02:00:00,0.010607611,0.192380386,0.226401872,0.229756702,0.237308745,0.253392345,0.012695373
1059,2020-02-14 03:00:00,0.008925469,0.192380553,0.226400851,0.229755602,0.237307450,0.253390540,0.010607612
1060,2020-02-14 04:00:00,0.006367312,0.192381969,0.226392177,0.229746259,0.237296450,0.253375223,0.008925469
1061,2020-02-14 05:00:00,0.005773761,0.192383817,0.226380851,0.229734060,0.237282087,0.253355224,0.006367313
1062,2020-02-14 06:00:00,0.002421230,0.192385796,0.226368726,0.229721001,0.237266713,0.253333818,0.005773761
1063,2020-02-14 07:00:00,0.001906828,0.192386123,0.226366720,0.229718840,0.237264168,0.253330276,0.000000000
1064,2020-02-14 08:00:00,0.003002114,0.192386123,0.226366720,0.229718840,0.237264168,0.253330276,0.000000000
1065,2020-02-14 09:00:00,0.004967226,0.192386123,0.226366720,0.229718840,0.237264168,0.253330276,0.000000000
1066,2020-02-14 10:00:00,0.004742133,0.192386123,0.226366720,0.229718840,0.237264168,0.253330276,0.000000000
1067,2020-02-14 11:00:00,0.008005565,0.192386123,0.226366720,0.229718840,0.237264168,0.253330276,0.000000000
1068,2020-02-14 12:00:00,0.006853841,0.192386123,0.226366720,0.229718840,0.237264168,0.253330276,0.000000000
1069,2020-02-14 13:00:00,0.010010684,0.192386123,0.226366720,0.229718840,0.237264168,0.253330276,0.000000000
1070,2020-02-14 14:00:00,0.011041597,0.192386123,0.226366720,0.229718840,0.237264168,0.253330276,0.010010684
1071,2020-02-14 15:00:00,0.007992071,0.192385496,0.226370564,0.229722981,0.237269043,0.253337063,0.011041598
1072,2020-02-14 16:00:00,0.006309777,0.192384804,0.226374805,0.229727548,0.237274420,0.253344549,0.007992071
1073,2020-02-14 17:00:00,0.004195480,0.192384303,0.226377874,0.229730854,0.237278312,0.253349968,0.006309777
1074,2020-02-14 18:00:00,0.002542235,0.192383908,0.226380298,0.229733464,0.237281385,0.253354247,0.004195480
1075,2020-02-14 19:00:00,0.001312526,0.192383645,0.226381909,0.229735200,0.237283429,0.253357092,0.002542235
1076,2020-02-14 20:00:00,0.000758617,0.192383485,0.226382886,0.229736252,0.237284667,0.253358816,0.001312526
1077,2020-02-14 21:00:00,0.000359396,0.192383403,0.226383390,0.229736795,0.237285307,0.253359707,0.000000000
1078,2020-02-14 22:00:00,0.000893605,0.192383403,0.226383390,0.229736795,0.237285307,0.253359707,0.000000000
1079,2020-02-14 23:00:00,0.001874041,0.192383403,0.226383390,0.229736795,0.237285307,0.253359707,0.000000000
1080,2020-02-15 00:00:00,0.002949205,0.192383403,0.226383390,0.229736795,0.237285307,0.253359707,0.000000000
1081,2020-02-15 01:00:00,0.003449038,0.192383403,0.226383390,0.229736795,0.237285307,0.253359707,0.000000000
1082,2020-02-15 02:00:00,0.003406892,0.192383403,0.226383390,0.229736795,0.237285307,0.253359707,0.000000000
1083,2020-02-15 03:00:00,0.003922328,0.192383403,0.226383390,0.229736795,0.237285307,0.253359707,0.000000000
1084,2020-02-15 04:00:00,0.004144813,0.192383403,0.226383390,0.229736795,0.237285307,0.253359707,0.000000000
1085,2020-02-15 05:00:00,0.003688748,0.192383403,0.226383390,0.229736795,0.237285307,0.253359707,0.000000000
1086,2020-02-15 06:00:00,0.003635149,0.192383403,0.226383390,0.229736795,0.237285307,0.253359707,0.000000000
1087,2020-02-15 07:00:00,0.003322484,0.192383403,0.226383390,0.229736795,0.237285307,0.253359707,0.000000000
1088,2020-02-15 08:00:00,0.005186530,0.192383403,0.226383390,0.229736795,0.237285307,0.253359707,0.000000000
1089,2020-02-15 09:00:00,0.007038606,0.192383403,0.226383390,0.229736795,0.237285307,0.253359707,0.000000000
1090,2020-02-15 10:00:00,0.009358238,0.192383403,0.226383390,0.229736795,0.237285307,0.253359707,0.000000000
1091,2020-02-15 11:00:00,0.008926293,0.192383403,0.226383390,0.229736795,0.237285307,0.253359707,0.000000000
1092,2020-02-15 12:00:00,0.009370036,0.192383403,0.226383390,0.229736795,0.237285307,0.253359707,0.000000000
1093,2020-02-15 13:00:00,0.003961381,0.192383403,0.226383390,0.229736795,0.237285307,0.253359707,0.000000000
1094,2020-02-15 14:00:00,0.000911617,0.192383403,0.226383390,0.229736795,0.237285307,0.253359707,0.000000000
1095,2020-02-15 15:00:00,0.008434422,0.192383403,0.226383390,0.229736795,0.237285307,0.253359707,0.000911617
1096,2020-02-15 16:00:00,0.013564347,0.192383034,0.226383390,0.229736795,0.237285307,0.253359707,0.008434423
1097,2020-02-15 17:00:00,0.014861693,0.192382817,0.226386979,0.229740661,0.237289858,0.253366044,0.013564348
1098,2020-02-15 18:00:00,0.012174373,0.192381967,0.226392187,0.229746270,0.237296463,0.253375241,0.014861693
1099,2020-02-15 19:00:00,0.007458682,0.192381036,0.226397893,0.229752416,0.237303699,0.253385317,0.012174374
1100,2020-02-15 20:00:00,0.004653468,0.192380273,0.226402567,0.229757451,0.237309627,0.253393572,0.007458682
1101,2020-02-15 21:00:00,0.002611158,0.192379805,0.226405432,0.229760536,0.237313259,0.253398631,0.000000000
1102,2020-02-15 22:00:00,0.000487394,0.192379805,0.226405432,0.229760536,0.237313259,0.253398631,0.000000000
1103,2020-02-15 23:00:00,0.000257394,0.192379805,0.226405432,0.229760536,0.237313259,0.253398631,0.000000000
1104,2020-02-16 00:00:00,0.000362403,0.192379805,0.226405432,0.229760536,0.237313259,0.253398631,0.000000000
1105,2020-02-16 01:00:00,0.000199942,0.192379805,0.226405432,0.229760536,0.237313259,0.253398631,0.000000000
1106,2020-02-16 02:00:00,0.000222588,0.192379805,0.226405432,0.229760536,0.237313259,0.253398631,0.000000000
1107,2020-02-16 03:00:00,0.000114786,0.192379805,0.226405432,0.229760536,0.237313259,0.253398631,0.000000000
1108,2020-02-16 04:00:00,0.000275795,0.192379805,0.226405432,0.229760536,0.237313259,0.253398631,0.000000000
1109,2020-02-16 05:00:00,0.000437594,0.192379805,0.226405432,0.229760536,0.237313259,0.253398631,0.000000000
1110,2020-02-16 06:00:00,0.000667543,0.192379805,0.226405432,0.229760536,0.237313259,0.253398631,0.000000000
1111,2020-02-16 07:00:00,0.000978029,0.192379805,0.226405432,0.229760536,0.237313259,0.253398631,0.000000000
1112,2020-02-16 08:00:00,0.001191587,0.192379805,0.226405432,0.229760536,0.237313259,0.253398631,0.000000000
1113,2020-02-16 09:00:00,0.001325539,0.192379805,0.226405432,0.229760536,0.237313259,0.253398631,0.000000000
1114,2020-02-16 10:00:00,0.001440427,0.192379805,0.226405432,0.229760536,0.237313259,0.253398631,0.000000000
1115,2020-02-16 11:00:00,0.001448762,0.192379805,0.226405432,0.229760536,0.237313259,0.253398631,0.000000000
1116,2020-02-16 12:00:00,0.001000020,0.192379805,0.226405432,0.229760536,0.237313259,0.253398631,0.000000000
1117,2020-02-16 13:00:00,0.000561569,0.192379805,0.226405432,0.229760536,0.237313259,0.253398631,0.001000020
1118,2020-02-16 14:00:00,0.000663972,0.192379401,0.226405432,0.229760536,0.237313259,0.253398631,0.000561569
1119,2020-02-16 15:00:00,0.000491441,0.192379174,0.226405432,0.229760536,0.237313259,0.253398631,0.000663972
1120,2020-02-16 16:00:00,0.000398404,0.192378906,0.226405432,0.229760536,0.237313259,0.253398631,0.000491441
1121,2020-02-16 17:00:00,0.000260269,0.192379869,0.226405039,0.229760113,0.237312761,0.253397937,0.000398404
1122,2020-02-16 18:00:00,0.000170181,0.192380215,0.226402923,0.229757834,0.237310078,0.253394200,0.000260269
1123,2020-02-16 19:00:00,0.000092394,0.192380746,0.226399668,0.229754328,0.237305950,0.253388451,0.000170181
1124,2020-02-16 20:00:00,0.000057772,0.192381742,0.226393566,0.229747755,0.237298211,0.253377676,0.000092394
1125,2020-02-16 21:00:00,0.000028866,0.192383200,0.226384633,0.229738133,0.237286882,0.253361901,0.000057772
1126,2020-02-16 22:00:00,0.000004807,0.192383895,0.226380373,0.229733545,0.237281481,0.253354380,0.000000000
1127,2020-02-16 23:00:00,0.000003166,0.192384280,0.226378017,0.229731008,0.237278494,0.253350221,0.000000000
1128,2020-02-17 00:00:00,0.000002254,0.192384625,0.226375900,0.229728727,0.237275809,0.253346482,0.000000000
1129,2020-02-17 01:00:00,0.000001312,0.192384934,0.226374008,0.229726689,0.237273409,0.253343142,0.000000000
1130,2020-02-17 02:00:00,0.000000000,0.192385000,0.226374008,0.229726689,0.237273409,0.253343142,0.000000000
1131,2020-02-17 03:00:00,0.000001201,0.192385000,0.226374008,0.229726689,0.237273409,0.253343142,0.000000000
1132,2020-02-17 04:00:00,0.000000000,0.192385000,0.226374008,0.229726689,0.237273409,0.253343142,0.000000000
1133,2020-02-17 05:00:00,0.000000000,0.192385000,0.226374008,0.229726689,0.237273409,0.253343142,0.000000000
1134,2020-02-17 06:00:00,0.000000000,0.192385000,0.226374008,0.229726689,0.237273409,0.253343142,0.000000000
1135,2020-02-17 07:00:00,0.000000000,0.192385000,0.226374008,0.229726689,0.237273409,0.253343142,0.000000000
1136,2020-02-17 08:00:00,0.000000000,0.192385000,0.226374008,0.229726689,0.237273409,0.253343142,0.000000000
1137,2020-02-17 09:00:00,0.000000000,0.192385000,0.226374008,0.229726689,0.237273409,0.253343142,0.000000000
1138,2020-02-17 10:00:00,0.000001248,0.192385000,0.226374008,0.229726689,0.237273409,0.253343142,0.000000000
1139,2020-02-17 11:00:00,0.000000000,0.192385000,0.226374008,0.229726689,0.237273409,0.253343142,0.000000000
1140,2020-02-17 12:00:00,0.000000000,0.192385000,0.226374008,0.229726689,0.237273409,0.253343142,0.000000000
1141,2020-02-17 13:00:00,0.000002948,0.192385000,0.226374008,0.229726689,0.237273409,0.253343142,0.000000000
1142,2020-02-17 14:00:00,0.000005097,0.192385000,0.226374008,0.229726689,0.237273409,0.253343142,0.000002948
1143,2020-02-17 15:00:00,0.000004212,0.192385977,0.226367613,0.229719801,0.237265300,0.253331852,0.000005097
1144,2020-02-17 16:00:00,0.000002902,0.192388275,0.226353528,0.229704631,0.237247441,0.253306990,0.000004212
1145,2020-02-17 17:00:00,0.000001554,0.192393347,0.226322418,0.229671125,0.237207999,0.253252093,0.000002902
1146,2020-02-17 18:00:00,0.000000000,0.192404593,0.226253365,0.229596759,0.237120472,0.253130317,0.000001554
1147,2020-02-17 19:00:00,0.000000000,0.192421366,0.226150193,0.229485663,0.236989752,0.252948575,0.000000000
1148,2020-02-17 20:00:00,0.000000000,0.192438255,0.226046080,0.229373567,0.236857902,0.252765418,0.000000000
1149,2020-02-17 21:00:00,0.000000000,0.192452668,0.225957052,0.229277727,0.236745206,0.252608992,0.000000000
1150,2020-02-17 22:00:00,0.000000000,0.192459969,0.225911891,0.229229114,0.236688057,0.252529709,0.000000000
1151,2020-02-17 23:00:00,0.000000000,0.192465599,0.225877036,0.229191598,0.236643959,0.252468552,0.000000000
1152,2020-02-18 00:00:00,0.000000000,0.192470022,0.225849631,0.229162101,0.236609290,0.252420485,0.000000000
1153,2020-02-18 01:00:00,0.000000000,0.192473326,0.225829155,0.229140063,0.236583390,0.252384581,0.000000000
1154,2020-02-18 02:00:00,0.000000000,0.192476018,0.225812465,0.229122101,0.236562282,0.252355325,0.000000000
1155,2020-02-18 03:00:00,0.000000000,0.192478111,0.225799480,0.229108125,0.236545859,0.252332565,0.000000000
1156,2020-02-18 04:00:00,0.000000000,0.192480142,0.225786879,0.229094565,0.236529924,0.252310485,0.000000000
1157,2020-02-18 05:00:00,0.000000000,0.192480142,0.225786879,0.229094565,0.236529924,0.252310485,0.000000000
1158,2020-02-18 06:00:00,0.000000000,0.192480142,0.225786879,0.229094565,0.236529924,0.252310485,0.000000000
1159,2020-02-18 07:00:00,0.000000000,0.192480142,0.225786879,0.229094565,0.236529924,0.252310485,0.000000000
1160,2020-02-18 08:00:00,0.000000000,0.192480142,0.225786879,0.229094565,0.236529924,0.252310485,0.000000000
1161,2020-02-18 09:00:00,0.000000000,0.192480142,0.225786879,0.229094565,0.236529924,0.252310485,0.000000000
1162,2020-02-18 10:00:00,0.000000000,0.192480142,0.225786879,0.229094565,0.236529924,0.252310485,0.000000000
1163,2020-02-18 11:00:00,0.000000000,0.192480142,0.225786879,0.229094565,0.236529924,0.252310485,0.000000000
1164,2020-02-18 12:00:00,0.000000000,0.192480142,0.225786879,0.229094565,0.236529924,0.252310485,0.000000000
1165,2020-02-18 13:00:00,0.000000000,0.192480142,0.225786879,0.229094565,0.236529924,0.252310485,0.000000000
1166,2020-02-18 14:00:00,0.000000000,0.192480142,0.225786879,0.229094565,0.236529924,0.252310485,0.000000000
1167,2020-02-18 15:00:00,0.000000000,0.192482682,0.225771115,0.229077599,0.236509990,0.252282864,0.000000000
1168,2020-02-18 16:00:00,0.000000000,0.192486349,0.225748352,0.229053102,0.236481207,0.252242991,0.063283401
1169,2020-02-18 17:00:00,0.000000000,0.192486924,0.225744784,0.229049262,0.236476697,0.252236743,0.000000000
1170,2020-02-18 18:00:00,0.000000000,0.192490573,0.225722113,0.229024866,0.236448035,0.252197045,0.000000000
1171,2020-02-18 19:00:00,0.000000000,0.192494807,0.225695798,0.228996548,0.236414769,0.252150980,0.000000000
1172,2020-02-18 20:00:00,0.000000000,0.192499092,0.225669156,0.228967880,0.236381094,0.252104358,0.260022122
1173,2020-02-18 21:00:00,0.000000000,0.192488987,0.225731965,0.229035468,0.236460490,0.252214295,0.254337453
1174,2020-02-18 22:00:00,0.000000000,0.192474639,0.225821013,0.229131301,0.236573093,0.252370308,0.598889488
1175,2020-02-18 23:00:00,0.000000000,0.192439240,0.226040001,0.229367023,0.236850206,0.252754732,0.096907455
1176,2020-02-19 00:00:00,0.000000000,0.192434159,0.226071349,0.229400772,0.236889896,0.252809848,0.000000000
1177,2020-02-19 01:00:00,0.000000000,0.192434774,0.226067557,0.229396690,0.236885095,0.252803181,0.000000000
1178,2020-02-19 02:00:00,0.000000000,0.192435516,0.226062981,0.229391763,0.236879300,0.252795133,0.000000000
1179,2020-02-19 03:00:00,0.000000000,0.192436005,0.226059962,0.229388512,0.236875478,0.252789824,0.000000000
1180,2020-02-19 04:00:00,0.000000000,0.192436505,0.226056880,0.229385195,0.236871576,0.252784407,0.000000000
1181,2020-02-19 05:00:00,0.000000000,0.192436827,0.226054889,0.229383051,0.236869055,0.252780905,0.000000000
1182,2020-02-19 06:00:00,0.000000000,0.192437026,0.226053663,0.229381731,0.236867502,0.252778749,0.000000000
1183,2020-02-19 07:00:00,0.000000000,0.192437182,0.226052701,0.229380695,0.236866284,0.252777057,0.000000000
1184,2020-02-19 08:00:00,0.000000000,0.192437590,0.226050181,0.229377983,0.236863094,0.252772628,0.000000000
1185,2020-02-19 09:00:00,0.000000000,0.192439467,0.226038599,0.229365513,0.236848430,0.252752266,0.000000000
1186,2020-02-19 10:00:00,0.000000000,0.192442526,0.226019717,0.229345186,0.236824526,0.252719079,0.000000000
1187,2020-02-19 11:00:00,0.000000000,0.192445935,0.225998664,0.229322521,0.236797874,0.252682083,0.000000000
1188,2020-02-19 12:00:00,0.000000000,0.192447927,0.225986354,0.229309270,0.236782292,0.252660456,0.000000000
1189,2020-02-19 13:00:00,0.000000000,0.192453369,0.225952714,0.229273058,0.236739717,0.252601375,0.000000000
1190,2020-02-19 14:00:00,0.000000000,0.192461018,0.225905394,0.229222121,0.236679837,0.252518308,0.000000000
1191,2020-02-19 15:00:00,0.000000000,0.192472533,0.225834070,0.229145353,0.236589607,0.252393199,0.000000000
1192,2020-02-19 16:00:00,0.000000000,0.192487284,0.225742545,0.229046853,0.236473866,0.252232822,0.000000000
1193,2020-02-19 17:00:00,0.000000000,0.192504577,0.225635021,0.228931150,0.236337955,0.252044647,0.000000000
1194,2020-02-19 18:00:00,0.000000000,0.192522220,0.225525073,0.228812856,0.236199050,0.251852496,0.000000000
1195,2020-02-19 19:00:00,0.000000000,0.192540303,0.225412122,0.228691350,0.236056424,0.251655374,0.000000000
1196,2020-02-19 20:00:00,0.000000000,0.192557411,0.225305016,0.228576148,0.235921247,0.251468711,0.000000000
1197,2020-02-19 21:00:00,0.000000000,0.192572598,0.225209732,0.228473676,0.235801047,0.251302862,0.000000000
1198,2020-02-19 22:00:00,0.000000000,0.192582512,0.225147426,0.228406678,0.235722477,0.251194523,0.000000000
1199,2020-02-19 23:00:00,0.000000000,0.192590446,0.225097512,0.228353008,0.235659550,0.251107791,0.000000000
1200,2020-02-20 00:00:00,0.000000000,0.192598283,0.225048148,0.228299933,0.235597330,0.251022068,0.000000000
1201,2020-02-20 01:00:00,0.000000000,0.192604972,0.225005982,0.228254600,0.235544193,0.250948884,0.000000000
1202,2020-02-20 02:00:00,0.000000000,0.192610880,0.224968707,0.228214528,0.235497230,0.250884224,0.000000000
1203,2020-02-20 03:00:00,0.000000000,0.192616443,0.224933578,0.228176764,0.235452977,0.250823314,0.000000000
1204,2020-02-20 04:00:00,0.000000000,0.192616443,0.224933578,0.228176764,0.235452977,0.250823314,0.000000000
1205,2020-02-20 05:00:00,0.000000000,0.192616443,0.224933578,0.228176764,0.235452977,0.250823314,0.000000000
1206,2020-02-20 06:00:00,0.000000000,0.192616443,0.224933578,0.228176764,0.235452977,0.250823314,0.000000000
1207,2020-02-20 07:00:00,0.000000000,0.192616443,0.224933578,0.228176764,0.235452977,0.250823314,0.000000000
1208,2020-02-20 08:00:00,0.000000000,0.192616443,0.224933578,0.228176764,0.235452977,0.250823314,0.000000000
1209,2020-02-20 09:00:00,0.000000000,0.192616443,0.224933578,0.228176764,0.235452977,0.250823314,0.000000000
1210,2020-02-20 10:00:00,0.000000000,0.192616443,0.224933578,0.228176764,0.235452977,0.250823314,0.000000000
1211,2020-02-20 11:00:00,0.000000000,0.192616443,0.224933578,0.228176764,0.235452977,0.250823314,0.000000000
1212,2020-02-20 12:00:00,0.000000000,0.192616443,0.224933578,0.228176764,0.235452977,0.250823314,0.000000000
1213,2020-02-20 13:00:00,0.000000000,0.192616443,0.224933578,0.228176764,0.235452977,0.250823314,0.000000000
1214,2020-02-20 14:00:00,0.000000000,0.192616443,0.224933578,0.228176764,0.235452977,0.250823314,0.000000000
1215,2020-02-20 15:00:00,0.000000000,0.192616443,0.224933578,0.228176764,0.235452977,0.250823314,0.000000000
1216,2020-02-20 16:00:00,0.000000000,0.192616443,0.224933578,0.228176764,0.235452977,0.250823314,0.000000000
1217,2020-02-20 17:00:00,0.000000000,0.192616443,0.224933578,0.228176764,0.235452977,0.250823314,0.000000000
1218,2020-02-20 18:00:00,0.000000000,0.192616443,0.224933578,0.228176764,0.235452977,0.250823314,0.000000000
1219,2020-02-20 19:00:00,0.000000000,0.192616443,0.224933578,0.228176764,0.235452977,0.250823314,0.000000000
1220,2020-02-20 20:00:00,0.000000000,0.192627660,0.224862678,0.228100552,0.235363683,0.250700459,0.000000000
1221,2020-02-20 21:00:00,0.000000000,0.192638091,0.224796642,0.228029575,0.235280541,0.250586131,0.000000000
1222,2020-02-20 22:00:00,0.000000000,0.192644254,0.224757589,0.227987603,0.235231384,0.250518563,0.000000000
1223,2020-02-20 23:00:00,0.000000000,0.192644259,0.224757589,0.227987603,0.235231384,0.250518563,0.000000000
1224,2020-02-21 00:00:00,0.000000000,0.192644263,0.224757589,0.227987603,0.235231384,0.250518563,0.000000000
1225,2020-02-21 01:00:00,0.000000000,0.192644267,0.224757589,0.227987603,0.235231384,0.250518563,0.000000000
1226,2020-02-21 02:00:00,0.000000000,0.192644271,0.224757589,0.227987603,0.235231384,0.250518563,0.000000000
1227,2020-02-21 03:00:00,0.000000000,0.192644276,0.224757589,0.227987603,0.235231384,0.250518563,0.000000000
1228,2020-02-21 04:00:00,0.000000000,0.192644279,0.224757589,0.227987603,0.235231384,0.250518563,0.000000000
1229,2020-02-21 05:00:00,0.000000000,0.192644283,0.224757589,0.227987603,0.235231384,0.250518563,0.000000000
1230,2020-02-21 06:00:00,0.000000000,0.192644286,0.224757589,0.227987603,0.235231384,0.250518563,0.000000000
1231,2020-02-21 07:00:00,0.000000000,0.192644288,0.224757589,0.227987603,0.235231384,0.250518563,0.000000000
1232,2020-02-21 08:00:00,0.000000000,0.192644291,0.224757589,0.227987603,0.235231384,0.250518563,0.000000000
1233,2020-02-21 09:00:00,0.000000000,0.192644292,0.224757589,0.227987603,0.235231384,0.250518563,0.000000000
1234,2020-02-21 10:00:00,0.000000000,0.192644294,0.224757589,0.227987603,0.235231384,0.250518563,0.000000000
1235,2020-02-21 11:00:00,0.000000000,0.192644296,0.224757589,0.227987603,0.235231384,0.250518563,0.000000000
1236,2020-02-21 12:00:00,0.000000000,0.192644298,0.224757589,0.227987603,0.235231384,0.250518563,0.000000000
1237,2020-02-21 13:00:00,0.000000000,0.192644303,0.224757589,0.227987603,0.235231384,0.250518563,0.000000000
1238,2020-02-21 14:00:00,0.000000000,0.192644313,0.224757589,0.227987603,0.235231384,0.250518563,0.000000000
1239,2020-02-21 15:00:00,0.000000000,0.192644329,0.224757589,0.227987603,0.235231384,0.250518563,0.000000000
1240,2020-02-21 16:00:00,0.000000000,0.192644506,0.224757589,0.227987603,0.235231384,0.250518563,0.000000000
1241,2020-02-21 17:00:00,0.000000000,0.192644810,0.224757589,0.227987603,0.235231384,0.250518563,0.000000000
1242,2020-02-21 18:00:00,0.000000000,0.192644400,0.224756662,0.227986607,0.235230218,0.250516960,0.000000000
1243,2020-02-21 19:00:00,0.000000000,0.192644476,0.224756183,0.227986093,0.235229616,0.250516132,0.000000000
1244,2020-02-21 20:00:00,0.000000000,0.192644543,0.224755756,0.227985634,0.235229078,0.250515393,0.000000000
1245,2020-02-21 21:00:00,0.000000000,0.192644860,0.224755756,0.227985634,0.235229078,0.250515393,0.000000000
1246,2020-02-21 22:00:00,0.000000000,0.192644863,0.224755756,0.227985634,0.235229078,0.250515393,0.000000000
1247,2020-02-21 23:00:00,0.000000000,0.192644868,0.224755756,0.227985634,0.235229078,0.250515393,0.000000000
1248,2020-02-22 00:00:00,0.000000000,0.192644872,0.224755756,0.227985634,0.235229078,0.250515393,0.000000000
1249,2020-02-22 01:00:00,0.000000000,0.192644876,0.224755756,0.227985634,0.235229078,0.250515393,0.000000000
1250,2020-02-22 02:00:00,0.000000000,0.192644879,0.224755756,0.227985634,0.235229078,0.250515393,0.000000000
1251,2020-02-22 03:00:00,0.000000000,0.192644881,0.224755756,0.227985634,0.235229078,0.250515393,0.000000000
1252,2020-02-22 04:00:00,0.000000000,0.192644884,0.224755756,0.227985634,0.235229078,0.250515393,0.000000000
1253,2020-02-22 05:00:00,0.000000000,0.192644887,0.224755756,0.227985634,0.235229078,0.250515393,0.000000000
1254,2020-02-22 06:00:00,0.000000000,0.192644889,0.224755756,0.227985634,0.235229078,0.250515393,0.000000000
1255,2020-02-22 07:00:00,0.000000000,0.192644891,0.224755756,0.227985634,0.235229078,0.250515393,0.000000000
1256,2020-02-22 08:00:00,0.000000000,0.192644893,0.224755756,0.227985634,0.235229078,0.250515393,0.000000000
1257,2020-02-22 09:00:00,0.000000000,0.192644894,0.224755756,0.227985634,0.235229078,0.250515393,0.000000000
1258,2020-02-22 10:00:00,0.000000000,0.192644897,0.224755756,0.227985634,0.235229078,0.250515393,0.000000000
1259,2020-02-22 11:00:00,0.000000000,0.192644898,0.224755756,0.227985634,0.235229078,0.250515393,0.000000000
1260,2020-02-22 12:00:00,0.000000000,0.192644901,0.224755756,0.227985634,0.235229078,0.250515393,0.000000000
1261,2020-02-22 13:00:00,0.000000000,0.192644911,0.224755756,0.227985634,0.235229078,0.250515393,0.000000000
1262,2020-02-22 14:00:00,0.000000000,0.192645108,0.224755756,0.227985634,0.235229078,0.250515393,0.000000000
1263,2020-02-22 15:00:00,0.000000000,0.192645411,0.224755756,0.227985634,0.235229078,0.250515393,0.000000000
1264,2020-02-22 16:00:00,0.000000000,0.192644745,0.224754476,0.227984258,0.235227467,0.250513179,0.000000000
1265,2020-02-22 17:00:00,0.000000000,0.192645461,0.224749938,0.227979381,0.235221755,0.250505329,0.000000000
1266,2020-02-22 18:00:00,0.000000000,0.192646729,0.224741897,0.227970740,0.235211636,0.250491423,0.000000000
1267,2020-02-22 19:00:00,0.000000000,0.192649259,0.224725847,0.227953490,0.235191436,0.250463667,0.000000000
1268,2020-02-22 20:00:00,0.000000000,0.192653819,0.224696909,0.227922392,0.235155022,0.250413641,0.000000000
1269,2020-02-22 21:00:00,0.000000000,0.192660487,0.224654568,0.227876892,0.235101751,0.250340475,0.000000000
1270,2020-02-22 22:00:00,0.000000000,0.192664354,0.224629992,0.227850484,0.235070835,0.250298026,0.003351614
1271,2020-02-22 23:00:00,0.000000000,0.192664149,0.224631292,0.227851881,0.235072471,0.250300271,0.001203347
1272,2020-02-23 00:00:00,0.000000000,0.192664076,0.224631759,0.227852383,0.235073058,0.250301078,0.000000000
1273,2020-02-23 01:00:00,0.000000000,0.192664257,0.224630607,0.227851145,0.235071609,0.250299088,0.000000000
1274,2020-02-23 02:00:00,0.000000000,0.192664259,0.224630607,0.227851145,0.235071609,0.250299088,0.000000000
1275,2020-02-23 03:00:00,0.000000000,0.192664261,0.224630607,0.227851145,0.235071609,0.250299088,0.000000000
1276,2020-02-23 04:00:00,0.000000000,0.192664263,0.224630607,0.227851145,0.235071609,0.250299088,0.000000000
1277,2020-02-23 05:00:00,0.000000000,0.192664265,0.224630607,0.227851145,0.235071609,0.250299088,0.000000000
1278,2020-02-23 06:00:00,0.000000000,0.192664266,0.224630607,0.227851145,0.235071609,0.250299088,0.000000000
1279,2020-02-23 07:00:00,0.000000000,0.192664268,0.224630607,0.227851145,0.235071609,0.250299088,0.000000000
1280,2020-02-23 08:00:00,0.000000000,0.192664269,0.224630607,0.227851145,0.235071609,0.250299088,0.000000000
1281,2020-02-23 09:00:00,0.000000000,0.192664270,0.224630607,0.227851145,0.235071609,0.250299088,0.000000000
1282,2020-02-23 10:00:00,0.000000000,0.192664271,0.224630607,0.227851145,0.235071609,0.250299088,0.000000000
1283,2020-02-23 11:00:00,0.000000000,0.192664272,0.224630607,0.227851145,0.235071609,0.250299088,0.000000000
1284,2020-02-23 12:00:00,0.000000000,0.192664275,0.224630607,0.227851145,0.235071609,0.250299088,0.000000000
1285,2020-02-23 13:00:00,0.000000000,0.192664286,0.224630607,0.227851145,0.235071609,0.250299088,0.000000000
1286,2020-02-23 14:00:00,0.000000000,0.192664599,0.224630607,0.227851145,0.235071609,0.250299088,0.000000000
1287,2020-02-23 15:00:00,0.000000000,0.192664413,0.224629615,0.227850079,0.235070361,0.250297375,0.000000000
1288,2020-02-23 16:00:00,0.000000000,0.192669956,0.224594366,0.227812204,0.235026026,0.250236513,0.000000000
1289,2020-02-23 17:00:00,0.000000000,0.192683249,0.224509730,0.227721269,0.234919601,0.250090486,0.000000000
1290,2020-02-23 18:00:00,0.000000000,0.192701115,0.224395741,0.227598813,0.234776331,0.249894054,0.000000000
1291,2020-02-23 19:00:00,0.000000000,0.192721991,0.224262206,0.227455383,0.234608588,0.249664290,0.000000000
1292,2020-02-23 20:00:00,0.000000000,0.192742255,0.224132232,0.227315801,0.234445415,0.249441012,0.000000000
1293,2020-02-23 21:00:00,0.000000000,0.192758469,0.224027975,0.227203856,0.234314597,0.249262171,0.000000000
1294,2020-02-23 22:00:00,0.000000000,0.192761721,0.224007040,0.227181379,0.234288336,0.249226287,0.000000000
1295,2020-02-23 23:00:00,0.000000000,0.192767244,0.223971466,0.227143185,0.234243717,0.249165330,0.000000000
1296,2020-02-24 00:00:00,0.000000000,0.192767914,0.223967147,0.227138549,0.234238301,0.249157933,0.000000000
1297,2020-02-24 01:00:00,0.000000000,0.192771179,0.223946098,0.227115951,0.234211903,0.249121878,0.000000000
1298,2020-02-24 02:00:00,0.000000000,0.192773901,0.223928544,0.227097106,0.234189891,0.249091818,0.000000000
1299,2020-02-24 03:00:00,0.000000000,0.192776437,0.223912184,0.227079543,0.234169379,0.249063810,0.000000000
1300,2020-02-24 04:00:00,0.000000000,0.192778037,0.223901862,0.227068463,0.234156437,0.249046141,0.000000000
1301,2020-02-24 05:00:00,0.000000000,0.192779147,0.223894695,0.227060768,0.234147451,0.249033873,0.000000000
1302,2020-02-24 06:00:00,0.000000000,0.192780124,0.223888391,0.227054001,0.234139548,0.249023084,0.000000000
1303,2020-02-24 07:00:00,0.000000000,0.192780124,0.223888391,0.227054001,0.234139548,0.249023084,0.000000000
1304,2020-02-24 08:00:00,0.000000000,0.192780124,0.223888391,0.227054001,0.234139548,0.249023084,0.000000000
1305,2020-02-24 09:00:00,0.000000000,0.192780124,0.223888391,0.227054001,0.234139548,0.249023084,0.000000000
1306,2020-02-24 10:00:00,0.000000000,0.192780124,0.223888391,0.227054001,0.234139548,0.249023084,0.000000000
1307,2020-02-24 11:00:00,0.000000000,0.192780124,0.223888391,0.227054001,0.234139548,0.249023084,0.000000000
1308,2020-02-24 12:00:00,0.000000000,0.192780126,0.223888391,0.227054001,0.234139548,0.249023084,0.000000000
1309,2020-02-24 13:00:00,0.000000000,0.192780136,0.223888391,0.227054001,0.234139548,0.249023084,0.000000000
1310,2020-02-24 14:00:00,0.000000000,0.192780189,0.223887969,0.227053549,0.234139020,0.249022363,0.000000000
1311,2020-02-24 15:00:00,0.000000000,0.192785714,0.223852287,0.227015245,0.234094288,0.248961309,0.000000000
1312,2020-02-24 16:00:00,0.000000000,0.192797747,0.223774488,0.226931738,0.233996786,0.248828286,0.000000000
1313,2020-02-24 17:00:00,0.000000000,0.192815287,0.223660861,0.226809789,0.233854442,0.248634226,0.000000000
1314,2020-02-24 18:00:00,0.000000000,0.192837864,0.223514199,0.226652414,0.233670822,0.248384144,0.000000000
1315,2020-02-24 19:00:00,0.000000000,0.192862970,0.223350591,0.226476890,0.233466127,0.248105684,0.000000000
1316,2020-02-24 20:00:00,0.000000000,0.192885145,0.223205616,0.226321387,0.233284868,0.247859394,0.000000000
1317,2020-02-24 21:00:00,0.000000000,0.192902403,0.223092491,0.226200068,0.233143511,0.247667508,0.000000000
1318,2020-02-24 22:00:00,0.000000000,0.192911052,0.223035696,0.226139166,0.233072569,0.247571270,0.000000000
1319,2020-02-24 23:00:00,0.000000000,0.192917925,0.222990511,0.226090716,0.233016141,0.247494749,0.000000000
1320,2020-02-25 00:00:00,0.000000000,0.192923081,0.222956590,0.226054346,0.232973788,0.247437332,0.000000000
1321,2020-02-25 01:00:00,0.000000000,0.192926258,0.222935681,0.226031928,0.232947684,0.247401951,0.000000000
1322,2020-02-25 02:00:00,0.000000000,0.192928567,0.222920474,0.226015625,0.232928700,0.247376224,0.000000000
1323,2020-02-25 03:00:00,0.000000000,0.192930944,0.222904818,0.225998840,0.232909158,0.247349743,0.000000000
1324,2020-02-25 04:00:00,0.000000000,0.192932665,0.222893479,0.225986684,0.232895005,0.247330568,0.000000000
1325,2020-02-25 05:00:00,0.000000000,0.192933674,0.222886827,0.225979552,0.232886702,0.247319318,0.000000000
1326,2020-02-25 06:00:00,0.000000000,0.192934550,0.222881051,0.225973360,0.232879493,0.247309552,0.000000000
1327,2020-02-25 07:00:00,0.000000000,0.192935297,0.222876131,0.225968086,0.232873353,0.247301234,0.000000000
1328,2020-02-25 08:00:00,0.000000000,0.192935513,0.222874704,0.225966556,0.232871572,0.247298821,0.000007661
1329,2020-02-25 09:00:00,0.000000000,0.192935510,0.222874704,0.225966556,0.232871572,0.247298821,0.000000000
1330,2020-02-25 10:00:00,0.000000000,0.192935643,0.222874704,0.225966556,0.232871572,0.247298821,0.000000000
1331,2020-02-25 11:00:00,0.000000000,0.192935991,0.222874704,0.225966556,0.232871572,0.247298821,0.000000000
1332,2020-02-25 12:00:00,0.000000000,0.192936494,0.222868234,0.225959620,0.232863497,0.247287883,0.000000000
1333,2020-02-25 13:00:00,0.000000000,0.192938360,0.222855930,0.225946430,0.232848142,0.247267084,0.000000000
1334,2020-02-25 14:00:00,0.000000000,0.192940955,0.222838818,0.225928085,0.232826788,0.247238162,0.000000000
1335,2020-02-25 15:00:00,0.000000000,0.192945522,0.222808676,0.225895773,0.232789178,0.247187232,0.000000000
1336,2020-02-25 16:00:00,0.000000000,0.192952294,0.222763950,0.225847831,0.232733380,0.247111694,0.000000000
1337,2020-02-25 17:00:00,0.000000000,0.192961875,0.222700599,0.225779927,0.232654364,0.247004767,0.000000000
1338,2020-02-25 18:00:00,0.000000000,0.192973993,0.222620358,0.225693928,0.232554313,0.246869447,0.000000000
1339,2020-02-25 19:00:00,0.000000000,0.192986237,0.222539151,0.225606903,0.232453094,0.246732629,0.000000000
1340,2020-02-25 20:00:00,0.000000000,0.193000009,0.222447637,0.225508845,0.232339072,0.246578604,0.000000000
1341,2020-02-25 21:00:00,0.000000000,0.193012728,0.222362974,0.225418137,0.232233626,0.246436255,0.136005255
1342,2020-02-25 22:00:00,0.000000000,0.193009501,0.222384465,0.225441161,0.232260388,0.246472375,0.501101573
1343,2020-02-25 23:00:00,0.000000000,0.192983139,0.222559707,0.225628932,0.232478713,0.246767250,0.389258059
1344,2020-02-26 00:00:00,0.000000000,0.192962212,0.222698370,0.225777538,0.232651583,0.247001005,0.293668040
1345,2020-02-26 01:00:00,0.000000000,0.192946175,0.222804362,0.225891149,0.232783795,0.247179944,0.495333029
1346,2020-02-26 02:00:00,0.000000000,0.192918153,0.222989017,0.226089114,0.233014276,0.247492220,0.395893801
1347,2020-02-26 03:00:00,0.000000000,0.192895522,0.223137629,0.226248473,0.233199905,0.247744041,0.396492234
1348,2020-02-26 04:00:00,0.000000000,0.192872638,0.223287436,0.226409145,0.233387151,0.247998341,0.000000000
1349,2020-02-26 05:00:00,0.000000000,0.192873061,0.223284675,0.226406183,0.233383698,0.247993649,0.509373587
1350,2020-02-26 06:00:00,0.000000000,0.192843681,0.223476342,0.226611796,0.233623444,0.248319662,0.212360254
1351,2020-02-26 07:00:00,0.000000000,0.192831695,0.223554321,0.226695464,0.233721043,0.248452515,0.000000000
1352,2020-02-26 08:00:00,0.000000000,0.192832437,0.223549496,0.226690287,0.233715003,0.248444290,0.104358506
1353,2020-02-26 09:00:00,0.000000000,0.192826885,0.223585577,0.226729003,0.233760172,0.248505800,0.097266374
1354,2020-02-26 10:00:00,0.000000000,0.192821597,0.223619913,0.226765848,0.233803164,0.248564360,0.000000000
1355,2020-02-26 11:00:00,0.000000000,0.192822303,0.223615331,0.226760931,0.233797427,0.248556544,0.000000000
1356,2020-02-26 12:00:00,0.000000000,0.192823270,0.223609051,0.226754191,0.233789562,0.248545831,0.000000000
1357,2020-02-26 13:00:00,0.000000000,0.192824789,0.223599190,0.226743610,0.233777216,0.248529014,0.000000000
1358,2020-02-26 14:00:00,0.000000000,0.192826952,0.223585140,0.226728533,0.233759625,0.248505054,0.000000000
1359,2020-02-26 15:00:00,0.000000000,0.192830415,0.223562637,0.226704387,0.233731453,0.248466690,0.000000000
1360,2020-02-26 16:00:00,0.000000000,0.192835909,0.223526917,0.226666060,0.233686740,0.248405811,0.000000000
1361,2020-02-26 17:00:00,0.000000000,0.192842277,0.223485485,0.226621606,0.233634886,0.248335232,0.000000000
1362,2020-02-26 18:00:00,0.000000000,0.192850327,0.223433055,0.226565355,0.233569281,0.248245968,0.000000000
1363,2020-02-26 19:00:00,0.000000000,0.192859635,0.223372355,0.226500237,0.233493347,0.248142694,0.000000000
1364,2020-02-26 20:00:00,0.000000000,0.192869645,0.223306997,0.226430127,0.233411610,0.248031580,0.000000000
1365,2020-02-26 21:00:00,0.000000000,0.192880582,0.223235485,0.226353422,0.233322202,0.247910101,0.000000000
1366,2020-02-26 22:00:00,0.000000000,0.192884776,0.223208032,0.226323978,0.233287887,0.247863495,0.000000000
1367,2020-02-26 23:00:00,0.000000000,0.192888899,0.223181034,0.226295023,0.233254145,0.247817675,0.000000000
1368,2020-02-27 00:00:00,0.000000000,0.192891927,0.223161194,0.226273745,0.233229351,0.247784013,0.000000000
1369,2020-02-27 01:00:00,0.000000000,0.192894061,0.223147208,0.226258747,0.233211875,0.247760289,0.000000000
1370,2020-02-27 02:00:00,0.000000000,0.192895947,0.223134840,0.226245482,0.233196420,0.247739311,0.000000000
1371,2020-02-27 03:00:00,0.000000000,0.192897569,0.223124204,0.226234076,0.233183131,0.247721275,0.000000000
1372,2020-02-27 04:00:00,0.000000000,0.192898774,0.223116299,0.226225599,0.233173255,0.247707871,0.000000000
1373,2020-02-27 05:00:00,0.000000000,0.192899608,0.223110829,0.226219733,0.233166421,0.247698596,0.000000000
1374,2020-02-27 06:00:00,0.000000000,0.192900487,0.223105062,0.226213549,0.233159216,0.247688819,1.586113308
1375,2020-02-27 07:00:00,0.000000000,0.192811072,0.223688190,0.226839119,0.233888671,0.248680877,4.835257596
1376,2020-02-27 08:00:00,0.000000000,0.192560735,0.225284178,0.228553737,0.235894955,0.251432424,4.196455075
1377,2020-02-27 09:00:00,0.000000000,0.192334154,0.226684220,0.230060880,0.237667057,0.253891906,2.402659652
1378,2020-02-27 10:00:00,0.000000000,0.192194392,0.227527711,0.230970294,0.238740336,0.255395308,2.713298386
1379,2020-02-27 11:00:00,0.000000000,0.192035994,0.228465846,0.231983006,0.239939134,0.257087263,1.265792309
1380,2020-02-27 12:00:00,0.000000000,0.191957498,0.228923919,0.232477979,0.240526463,0.257921227,0.897353436
1381,2020-02-27 13:00:00,0.000000000,0.191901096,0.229250330,0.232830880,0.240945781,0.258518685,0.000000000
1382,2020-02-27 14:00:00,0.000000000,0.191903938,0.229233937,0.232813153,0.240924707,0.258488617,0.000000000
1383,2020-02-27 15:00:00,0.000000000,0.191911936,0.229187770,0.232763230,0.240865363,0.258403969,0.000000000
1384,2020-02-27 16:00:00,0.000000000,0.191923787,0.229119286,0.232689181,0.240777357,0.258278502,0.000000000
1385,2020-02-27 17:00:00,0.000000000,0.191936426,0.229046134,0.232610093,0.240683386,0.258144615,0.000000000
1386,2020-02-27 18:00:00,0.000000000,0.191950646,0.228963695,0.232520974,0.240577525,0.257993890,0.000000000
1387,2020-02-27 19:00:00,0.000000000,0.191966061,0.228874167,0.232424204,0.240462609,0.257830397,0.000000000
1388,2020-02-27 20:00:00,0.000000000,0.191982757,0.228777002,0.232319192,0.240337947,0.257653184,0.000000000
1389,2020-02-27 21:00:00,0.000000000,0.191997272,0.228692373,0.232227740,0.240229416,0.257499025,0.000000000
1390,2020-02-27 22:00:00,0.000000000,0.192007540,0.228632406,0.232162946,0.240152541,0.257389899,0.000000000
1391,2020-02-27 23:00:00,0.000000000,0.192017455,0.228574433,0.232100311,0.240078243,0.257284487,0.000000000
1392,2020-02-28 00:00:00,0.000000000,0.192028368,0.228510542,0.232031288,0.239996384,0.257168407,0.000000000
1393,2020-02-28 01:00:00,0.000000000,0.192038617,0.228450462,0.231966388,0.239919432,0.257059345,0.000000000
1394,2020-02-28 02:00:00,0.000000000,0.192047246,0.228399814,0.231911681,0.239854577,0.256967473,0.000000000
1395,2020-02-28 03:00:00,0.000000000,0.192054747,0.228355743,0.231864081,0.239798157,0.256887583,0.000000000
1396,2020-02-28 04:00:00,0.000000000,0.192061804,0.228314249,0.231819267,0.239745047,0.256812407,0.000000000
1397,2020-02-28 05:00:00,0.000000000,0.192068547,0.228274558,0.231776404,0.239694256,0.256740539,0.000000000
1398,2020-02-28 06:00:00,0.000000000,0.192068557,0.228274558,0.231776404,0.239694256,0.256740539,0.000000000
1399,2020-02-28 07:00:00,0.000000000,0.192068566,0.228274558,0.231776404,0.239694256,0.256740539,0.000000000
1400,2020-02-28 08:00:00,0.000000000,0.192068575,0.228274558,0.231776404,0.239694256,0.256740539,0.000000000
1401,2020-02-28 09:00:00,0.000000000,0.192068584,0.228274558,0.231776404,0.239694256,0.256740539,0.000000000
1402,2020-02-28 10:00:00,0.000000000,0.192068593,0.228274558,0.231776404,0.239694256,0.256740539,0.000000000
1403,2020-02-28 11:00:00,0.000000000,0.192068601,0.228274558,0.231776404,0.239694256,0.256740539,0.000000000
1404,2020-02-28 12:00:00,0.000000000,0.192068614,0.228274558,0.231776404,0.239694256,0.256740539,0.000000000
1405,2020-02-28 13:00:00,0.000000000,0.192068638,0.228274558,0.231776404,0.239694256,0.256740539,0.000000000
1406,2020-02-28 14:00:00,0.000000000,0.192068915,0.228274558,0.231776404,0.239694256,0.256740539,0.000000000
1407,2020-02-28 15:00:00,0.000000000,0.192069307,0.228274558,0.231776404,0.239694256,0.256740539,0.000000000
1408,2020-02-28 16:00:00,0.000000000,0.192068758,0.228273317,0.231775063,0.239692668,0.256738292,0.000000000
1409,2020-02-28 17:00:00,0.000000000,0.192068862,0.228272704,0.231774402,0.239691884,0.256737183,0.000000000
1410,2020-02-28 18:00:00,0.000000000,0.192082649,0.228191456,0.231686665,0.239587943,0.256590187,0.000000000
1411,2020-02-28 19:00:00,0.000000000,0.192097749,0.228102304,0.231590406,0.239473938,0.256429077,0.000000000
1412,2020-02-28 20:00:00,0.000000000,0.192113399,0.228009729,0.231490464,0.239355608,0.256261986,0.000000000
1413,2020-02-28 21:00:00,0.000000000,0.192126953,0.227929406,0.231403759,0.239252981,0.256117177,0.000000000
1414,2020-02-28 22:00:00,0.000000000,0.192136414,0.227873261,0.231343159,0.239181269,0.256016048,0.000000000
1415,2020-02-28 23:00:00,0.000000000,0.192143668,0.227830166,0.231296648,0.239126238,0.255938477,0.000000000
1416,2020-02-29 00:00:00,0.000000000,0.192144449,0.227825521,0.231291635,0.239120308,0.255930119,0.000000000
1417,2020-02-29 01:00:00,0.000000000,0.192149053,0.227798147,0.231262093,0.239085360,0.255880873,0.000000000
1418,2020-02-29 02:00:00,0.000000000,0.192149061,0.227798147,0.231262093,0.239085360,0.255880873,0.000000000
1419,2020-02-29 03:00:00,0.000000000,0.192149068,0.227798147,0.231262093,0.239085360,0.255880873,0.000000000
1420,2020-02-29 04:00:00,0.000000000,0.192149073,0.227798147,0.231262093,0.239085360,0.255880873,0.000000000
1421,2020-02-29 05:00:00,0.000000000,0.192149078,0.227798147,0.231262093,0.239085360,0.255880873,0.000000000
1422,2020-02-29 06:00:00,0.000000000,0.192149083,0.227798147,0.231262093,0.239085360,0.255880873,0.000000000
1423,2020-02-29 07:00:00,0.000000000,0.192149088,0.227798147,0.231262093,0.239085360,0.255880873,0.000000000
1424,2020-02-29 08:00:00,0.000000000,0.192149093,0.227798147,0.231262093,0.239085360,0.255880873,0.000000000
1425,2020-02-29 09:00:00,0.000000000,0.192149098,0.227798147,0.231262093,0.239085360,0.255880873,0.000000000
1426,2020-02-29 10:00:00,0.000000000,0.192149103,0.227798147,0.231262093,0.239085360,0.255880873,0.000000000
1427,2020-02-29 11:00:00,0.000000000,0.192149108,0.227798147,0.231262093,0.239085360,0.255880873,0.000000000
1428,2020-02-29 12:00:00,0.000000000,0.192149116,0.227798147,0.231262093,0.239085360,0.255880873,0.000000000
1429,2020-02-29 13:00:00,0.000000000,0.192149136,0.227798147,0.231262093,0.239085360,0.255880873,0.000000000
1430,2020-02-29 14:00:00,0.000000000,0.192149439,0.227798147,0.231262093,0.239085360,0.255880873,0.000000000
1431,2020-02-29 15:00:00,0.000000000,0.192149822,0.227798147,0.231262093,0.239085360,0.255880873,0.000000000
1432,2020-02-29 16:00:00,0.000000000,0.192149253,0.227796955,0.231260806,0.239083838,0.255878729,0.000000000
1433,2020-02-29 17:00:00,0.000000000,0.192149346,0.227796403,0.231260210,0.239083133,0.255877736,0.000000000
1434,2020-02-29 18:00:00,0.000000000,0.192149445,0.227795812,0.231259572,0.239082378,0.255876672,0.000000000
1435,2020-02-29 19:00:00,0.000000000,0.192157239,0.227749431,0.231209520,0.239023174,0.255793275,0.000000000
1436,2020-02-29 20:00:00,0.000000000,0.192166596,0.227693688,0.231149369,0.238952037,0.255693111,0.000000000
1437,2020-02-29 21:00:00,0.000000000,0.192175432,0.227640989,0.231092507,0.238884802,0.255598485,0.000000000
1438,2020-02-29 22:00:00,0.000000000,0.192175438,0.227640989,0.231092507,0.238884802,0.255598485,0.000000000
1439,2020-02-29 23:00:00,0.000000000,0.192175447,0.227640989,0.231092507,0.238884802,0.255598485,0.000000000
1440,2020-03-01 00:00:00,0.000000000,0.192175458,0.227640989,0.231092507,0.238884802,0.255598485,0.000000000
1441,2020-03-01 01:00:00,0.000000000,0.192175469,0.227640989,0.231092507,0.238884802,0.255598485,0.000000000
1442,2020-03-01 02:00:00,0.000000000,0.192175477,0.227640989,0.231092507,0.238884802,0.255598485,0.000000000
1443,2020-03-01 03:00:00,0.000000000,0.192175484,0.227640989,0.231092507,0.238884802,0.255598485,0.000000000
1444,2020-03-01 04:00:00,0.000000000,0.192175491,0.227640989,0.231092507,0.238884802,0.255598485,0.000000000
1445,2020-03-01 05:00:00,0.000000000,0.192175496,0.227640989,0.231092507,0.238884802,0.255598485,0.000000000
1446,2020-03-01 06:00:00,0.000000000,0.192175502,0.227640989,0.231092507,0.238884802,0.255598485,0.000000000
1447,2020-03-01 07:00:00,0.000000000,0.192175507,0.227640989,0.231092507,0.238884802,0.255598485,0.000000000
1448,2020-03-01 08:00:00,0.000000000,0.192175512,0.227640989,0.231092507,0.238884802,0.255598485,0.000000000
1449,2020-03-01 09:00:00,0.000000000,0.192175515,0.227640989,0.231092507,0.238884802,0.255598485,0.000000000
1450,2020-03-01 10:00:00,0.000000000,0.192175518,0.227640989,0.231092507,0.238884802,0.255598485,0.000000000
1451,2020-03-01 11:00:00,0.000000000,0.192175521,0.227640989,0.231092507,0.238884802,0.255598485,0.000000000
1452,2020-03-01 12:00:00,0.000000000,0.192175527,0.227640989,0.231092507,0.238884802,0.255598485,0.000000000
1453,2020-03-01 13:00:00,0.000000000,0.192175540,0.227640989,0.231092507,0.238884802,0.255598485,0.000000000
1454,2020-03-01 14:00:00,0.000000000,0.192175564,0.227640989,0.231092507,0.238884802,0.255598485,0.000000000
1455,2020-03-01 15:00:00,0.000000000,0.192175926,0.227640989,0.231092507,0.238884802,0.255598485,0.000000000
1456,2020-03-01 16:00:00,0.000000000,0.192175597,0.227640005,0.231091446,0.238883548,0.255596720,0.000000000
1457,2020-03-01 17:00:00,0.000000000,0.192175712,0.227639320,0.231090706,0.238882673,0.255595490,0.000000000
1458,2020-03-01 18:00:00,0.000000000,0.192175859,0.227638438,0.231089755,0.238881549,0.255593908,0.000000000
1459,2020-03-01 19:00:00,0.000000000,0.192176031,0.227637418,0.231088654,0.238880247,0.255592075,0.000000000
1460,2020-03-01 20:00:00,0.000000000,0.192177124,0.227630892,0.231081613,0.238871923,0.255580364,0.000000000
1461,2020-03-01 21:00:00,0.000000000,0.192178417,0.227623174,0.231073286,0.238862077,0.255566512,0.000000000
1462,2020-03-01 22:00:00,0.000000000,0.192179418,0.227617196,0.231066836,0.238854453,0.255555785,0.000000000
1463,2020-03-01 23:00:00,0.000000000,0.192180328,0.227611762,0.231060973,0.238847521,0.255546034,0.000000000
1464,2020-03-02 00:00:00,0.000000000,0.192180340,0.227611762,0.231060973,0.238847521,0.255546034,0.000000000
1465,2020-03-02 01:00:00,0.000000000,0.192180351,0.227611762,0.231060973,0.238847521,0.255546034,0.000000000
1466,2020-03-02 02:00:00,0.000000000,0.192180359,0.227611762,0.231060973,0.238847521,0.255546034,0.000000000
1467,2020-03-02 03:00:00,0.000000000,0.192180364,0.227611762,0.231060973,0.238847521,0.255546034,0.000000000
1468,2020-03-02 04:00:00,0.000000000,0.192180369,0.227611762,0.231060973,0.238847521,0.255546034,0.000000000
1469,2020-03-02 05:00:00,0.000000000,0.192180372,0.227611762,0.231060973,0.238847521,0.255546034,0.000000000
1470,2020-03-02 06:00:00,0.000000000,0.192180376,0.227611762,0.231060973,0.238847521,0.255546034,0.000000000
1471,2020-03-02 07:00:00,0.000000000,0.192180379,0.227611762,0.231060973,0.238847521,0.255546034,0.000000000
1472,2020-03-02 08:00:00,0.000000000,0.192180380,0.227611762,0.231060973,0.238847521,0.255546034,0.000000000
1473,2020-03-02 09:00:00,0.000000000,0.192180385,0.227611762,0.231060973,0.238847521,0.255546034,0.000000000
1474,2020-03-02 10:00:00,0.000000000,0.192180390,0.227611762,0.231060973,0.238847521,0.255546034,0.000000000
1475,2020-03-02 11:00:00,0.000000000,0.192180396,0.227611762,0.231060973,0.238847521,0.255546034,0.000000000
1476,2020-03-02 12:00:00,0.000000000,0.192180406,0.227611762,0.231060973,0.238847521,0.255546034,0.000000000
1477,2020-03-02 13:00:00,0.000000000,0.192180432,0.227611762,0.231060973,0.238847521,0.255546034,0.000000000
1478,2020-03-02 14:00:00,0.000000000,0.192180461,0.227610969,0.231060117,0.238846510,0.255544611,0.000000000
1479,2020-03-02 15:00:00,0.000000000,0.192181002,0.227607737,0.231056631,0.238842388,0.255538814,0.000000000
1480,2020-03-02 16:00:00,0.000000000,0.192181949,0.227602085,0.231050533,0.238835179,0.255528672,0.000000000
1481,2020-03-02 17:00:00,0.000000000,0.192183810,0.227590967,0.231038537,0.238820999,0.255508728,0.000000000
1482,2020-03-02 18:00:00,0.000000000,0.192187672,0.227567892,0.231013643,0.238791572,0.255467343,0.000000000
1483,2020-03-02 19:00:00,0.000000000,0.192196978,0.227512240,0.230953605,0.238720612,0.255367583,0.000000000
1484,2020-03-02 20:00:00,0.000000000,0.192210111,0.227433587,0.230868762,0.238620358,0.255226719,0.000000000
1485,2020-03-02 21:00:00,0.000000000,0.192221792,0.227363527,0.230793196,0.238531088,0.255101367,0.000000000
1486,2020-03-02 22:00:00,0.000000000,0.192227463,0.227329474,0.230756469,0.238487708,0.255040481,0.000000000
1487,2020-03-02 23:00:00,0.000000000,0.192230218,0.227312917,0.230738613,0.238466620,0.255010889,0.000000000
1488,2020-03-03 00:00:00,0.000000000,0.192233087,0.227295674,0.230720017,0.238444659,0.254980075,0.000000000
1489,2020-03-03 01:00:00,0.000000000,0.192235874,0.227278919,0.230701948,0.238423321,0.254950141,0.000000000
1490,2020-03-03 02:00:00,0.000000000,0.192237806,0.227267299,0.230689417,0.238408523,0.254929383,0.343897710
1491,2020-03-03 03:00:00,0.000000000,0.192218023,0.227386143,0.230817588,0.238559902,0.255141819,0.000000000
1492,2020-03-03 04:00:00,0.000000000,0.192219234,0.227378877,0.230809751,0.238550644,0.255128821,0.000000000
1493,2020-03-03 05:00:00,0.000000000,0.192221615,0.227364586,0.230794338,0.238532437,0.255103261,0.368523541
1494,2020-03-03 06:00:00,0.000000000,0.192199852,0.227495036,0.230935046,0.238698680,0.255336759,0.788711253
1495,2020-03-03 07:00:00,0.000000000,0.192151027,0.227786405,0.231249420,0.239070369,0.255859753,0.179545620
1496,2020-03-03 08:00:00,0.000000000,0.192139895,0.227852585,0.231320844,0.239154866,0.255978827,0.163737299
1497,2020-03-03 09:00:00,0.000000000,0.192129564,0.227913916,0.231387040,0.239233194,0.256089269,0.000000000
1498,2020-03-03 10:00:00,0.000000000,0.192129788,0.227913916,0.231387040,0.239233194,0.256089269,0.000000000
1499,2020-03-03 11:00:00,0.000000000,0.192129710,0.227913054,0.231386109,0.239232093,0.256087716,0.000000000
1500,2020-03-03 12:00:00,0.000000000,0.192131124,0.227904661,0.231377051,0.239221373,0.256072598,0.000000000
1501,2020-03-03 13:00:00,0.000000000,0.192133756,0.227889042,0.231360192,0.239201424,0.256044466,0.000000000
1502,2020-03-03 14:00:00,0.000000000,0.192139342,0.227855868,0.231324387,0.239159058,0.255984737,0.000000000
1503,2020-03-03 15:00:00,0.000000000,0.192149985,0.227792599,0.231256105,0.239078277,0.255870894,0.000000000
1504,2020-03-03 16:00:00,0.000000000,0.192168323,0.227683392,0.231138259,0.238938900,0.255674618,0.000000000
1505,2020-03-03 17:00:00,0.000000000,0.192191602,0.227544395,0.230988293,0.238761609,0.255425214,0.000000000
1506,2020-03-03 18:00:00,0.000000000,0.192215020,0.227404156,0.230837017,0.238582854,0.255174047,0.000000000
1507,2020-03-03 19:00:00,0.000000000,0.192237528,0.227268976,0.230691226,0.238410660,0.254932380,0.000000000
1508,2020-03-03 20:00:00,0.000000000,0.192257458,0.227148954,0.230561805,0.238257867,0.254718172,0.000000000
1509,2020-03-03 21:00:00,0.000000000,0.192272499,0.227058170,0.230463926,0.238142352,0.254556369,0.000000000
1510,2020-03-03 22:00:00,0.000000000,0.192279780,0.227014164,0.230416485,0.238086376,0.254478007,3.143032995
1511,2020-03-03 23:00:00,0.000000000,0.192103105,0.228070642,0.231556223,0.239433461,0.256371907,1.188474573
1512,2020-03-04 00:00:00,0.000000000,0.192032002,0.228489250,0.232008287,0.239969110,0.257129746,0.000000000
1513,2020-03-04 01:00:00,0.000000000,0.192033426,0.228480903,0.231999270,0.239958418,0.257114593,0.000000000
1514,2020-03-04 02:00:00,0.000000000,0.192033979,0.228477656,0.231995763,0.239954260,0.257108700,0.000000000
1515,2020-03-04 03:00:00,0.000000000,0.192034094,0.228477656,0.231995763,0.239954260,0.257108700,0.000823298
1516,2020-03-04 04:00:00,0.000000000,0.192033766,0.228477656,0.231995763,0.239954260,0.257108700,0.000874166
1517,2020-03-04 05:00:00,0.000000000,0.192033417,0.228477656,0.231995763,0.239954260,0.257108700,1.289838303
1518,2020-03-04 06:00:00,0.000000000,0.191954834,0.228939386,0.232494697,0.240546317,0.257949477,0.000000000
1519,2020-03-04 07:00:00,0.000000000,0.191957533,0.228923719,0.232477763,0.240526207,0.257920863,0.000000000
1520,2020-03-04 08:00:00,0.000000000,0.191962785,0.228893207,0.232444782,0.240487044,0.257865149,0.000000000
1521,2020-03-04 09:00:00,0.000000000,0.191967746,0.228864371,0.232413616,0.240450038,0.257812520,0.000000000
1522,2020-03-04 10:00:00,0.000000000,0.191970905,0.228845999,0.232393759,0.240426463,0.257778998,0.000000000
1523,2020-03-04 11:00:00,0.000000000,0.191973570,0.228830493,0.232377001,0.240406568,0.257750714,0.000000000
1524,2020-03-04 12:00:00,0.000000000,0.191978222,0.228803415,0.232347736,0.240371828,0.257701333,0.000000000
1525,2020-03-04 13:00:00,0.000000000,0.191984455,0.228767110,0.232308502,0.240325259,0.257635156,0.000000000
1526,2020-03-04 14:00:00,0.000000000,0.191994088,0.228710949,0.232247813,0.240253235,0.257532848,0.000000000
1527,2020-03-04 15:00:00,0.000000000,0.192007708,0.228631424,0.232161884,0.240151282,0.257388112,0.000000000
1528,2020-03-04 16:00:00,0.000000000,0.192024122,0.228535414,0.232058157,0.240028248,0.257213584,0.000000000
1529,2020-03-04 17:00:00,0.000000000,0.192042449,0.228427979,0.231942102,0.239890640,0.257018554,0.000000000
1530,2020-03-04 18:00:00,0.000000000,0.192066156,0.228288640,0.231791611,0.239712275,0.256766032,0.000000000
1531,2020-03-04 19:00:00,0.000000000,0.192091336,0.228140187,0.231631308,0.239522376,0.256497514,0.000000000
1532,2020-03-04 20:00:00,0.000000000,0.192115762,0.227995735,0.231475357,0.239337725,0.256236746,0.000000000
1533,2020-03-04 21:00:00,0.000000000,0.192137417,0.227867300,0.231336725,0.239173656,0.256005316,0.000000000
1534,2020-03-04 22:00:00,0.000000000,0.192151771,0.227781977,0.231244642,0.239064717,0.255851790,0.000000000
1535,2020-03-04 23:00:00,0.000000000,0.192160222,0.227731670,0.231190354,0.239000507,0.255761353,0.000000000
1536,2020-03-05 00:00:00,0.000000000,0.192168794,0.227680585,0.231135231,0.238935319,0.255669578,0.000000000
1537,2020-03-05 01:00:00,0.000000000,0.192175313,0.227641700,0.231093275,0.238885710,0.255599763,0.000000000
1538,2020-03-05 02:00:00,0.000000000,0.192179432,0.227617113,0.231066746,0.238854346,0.255555636,0.000000000
1539,2020-03-05 03:00:00,0.000000000,0.192186841,0.227572860,0.231019003,0.238797907,0.255476253,0.000000000
1540,2020-03-05 04:00:00,0.000000000,0.192191618,0.227544301,0.230988193,0.238761490,0.255425047,0.000000000
1541,2020-03-05 05:00:00,0.000000000,0.192196823,0.227513169,0.230954608,0.238721797,0.255369249,0.000000000
1542,2020-03-05 06:00:00,0.000000000,0.192199471,0.227497316,0.230937506,0.238701587,0.255340845,0.000000000
1543,2020-03-05 07:00:00,0.000000000,0.192202938,0.227476563,0.230915119,0.238675132,0.255303669,0.000000000
1544,2020-03-05 08:00:00,0.000000000,0.192208295,0.227444475,0.230880506,0.238634234,0.255246210,0.000000000
1545,2020-03-05 09:00:00,0.000000000,0.192213942,0.227410622,0.230843991,0.238591093,0.255185617,0.000000000
1546,2020-03-05 10:00:00,0.000000000,0.192220368,0.227372071,0.230802411,0.238541974,0.255116649,0.000000000
1547,2020-03-05 11:00:00,0.000000000,0.192225660,0.227340298,0.230768143,0.238501497,0.255059831,0.000000000
1548,2020-03-05 12:00:00,0.000000000,0.192230742,0.227309769,0.230735218,0.238462610,0.255005262,0.000000000
1549,2020-03-05 13:00:00,0.000000000,0.192238213,0.227264851,0.230686777,0.238405406,0.254925012,0.000000000
1550,2020-03-05 14:00:00,0.000000000,0.192248681,0.227201847,0.230618837,0.238325190,0.254812530,0.000000000
1551,2020-03-05 15:00:00,0.000000000,0.192262796,0.227116752,0.230527085,0.238216887,0.254660757,0.000000000
1552,2020-03-05 16:00:00,0.000000000,0.192280571,0.227009379,0.230411327,0.238080290,0.254469489,0.000000000
1553,2020-03-05 17:00:00,0.000000000,0.192301202,0.226884449,0.230276662,0.237921446,0.254247285,0.000000000
1554,2020-03-05 18:00:00,0.000000000,0.192323488,0.226749125,0.230130821,0.237749493,0.254007003,0.000000000
1555,2020-03-05 19:00:00,0.000000000,0.192346250,0.226610509,0.229981459,0.237573469,0.253761313,0.000000000
1556,2020-03-05 20:00:00,0.000000000,0.192366417,0.226487362,0.229848790,0.237417186,0.253543411,0.000000000
1557,2020-03-05 21:00:00,0.000000000,0.192382443,0.226389273,0.229743131,0.237292767,0.253370095,0.000000000
1558,2020-03-05 22:00:00,0.000000000,0.192384936,0.226373993,0.229726673,0.237273391,0.253343116,0.000000000
1559,2020-03-05 23:00:00,0.000000000,0.192386243,0.226365985,0.229718048,0.237263236,0.253328979,0.000000000
1560,2020-03-06 00:00:00,0.000000000,0.192390590,0.226339326,0.229689336,0.237229435,0.253281927,0.000000000
1561,2020-03-06 01:00:00,0.000000000,0.192394367,0.226316155,0.229664381,0.237200060,0.253241044,0.000000000
1562,2020-03-06 02:00:00,0.000000000,0.192397553,0.226296604,0.229643324,0.237175276,0.253206557,0.000000000
1563,2020-03-06 03:00:00,0.000000000,0.192400020,0.226281457,0.229627012,0.237156077,0.253179845,0.000000000
1564,2020-03-06 04:00:00,0.000000000,0.192402179,0.226268198,0.229612734,0.237139272,0.253156467,0.000000000
1565,2020-03-06 05:00:00,0.000000000,0.192404013,0.226256928,0.229600596,0.237124988,0.253136598,0.000000000
1566,2020-03-06 06:00:00,0.000000000,0.192405650,0.226246868,0.229589763,0.237112239,0.253118866,0.000000000
1567,2020-03-06 07:00:00,0.000000000,0.192406925,0.226239033,0.229581326,0.237102310,0.253105057,0.000000000
1568,2020-03-06 08:00:00,0.000000000,0.192407989,0.226232494,0.229574284,0.237094023,0.253093533,0.000000000
1569,2020-03-06 09:00:00,0.000000000,0.192407989,0.226232494,0.229574284,0.237094023,0.253093533,0.000000000
1570,2020-03-06 10:00:00,0.000000000,0.192407989,0.226232494,0.229574284,0.237094023,0.253093533,0.000000000
1571,2020-03-06 11:00:00,0.000000000,0.192407989,0.226232494,0.229574284,0.237094023,0.253093533,0.000000000
1572,2020-03-06 12:00:00,0.000000000,0.192407996,0.226232494,0.229574284,0.237094023,0.253093533,0.000000000
1573,2020-03-06 13:00:00,0.000000000,0.192408017,0.226232494,0.229574284,0.237094023,0.253093533,0.000000000
1574,2020-03-06 14:00:00,0.000000000,0.192412369,0.226205564,0.229545285,0.237059900,0.253046085,0.000000000
1575,2020-03-06 15:00:00,0.000000000,0.192420717,0.226154188,0.229489964,0.236994812,0.252955608,0.000000000
1576,2020-03-06 16:00:00,0.000000000,0.192432302,0.226082805,0.229413106,0.236904404,0.252829997,0.000000000
1577,2020-03-06 17:00:00,0.000000000,0.192446304,0.225996383,0.229320066,0.236794987,0.252678076,0.000000000
1578,2020-03-06 18:00:00,0.000000000,0.192464496,0.225883865,0.229198948,0.236652598,0.252480532,0.000000000
1579,2020-03-06 19:00:00,0.000000000,0.192483996,0.225762960,0.229068823,0.236499679,0.252268579,0.000000000
1580,2020-03-06 20:00:00,0.000000000,0.192502546,0.225647663,0.228944753,0.236353931,0.252066759,0.000000000
1581,2020-03-06 21:00:00,0.000000000,0.192517851,0.225552329,0.228842179,0.236233477,0.251900105,0.000000000
1582,2020-03-06 22:00:00,0.000000000,0.192528293,0.225487169,0.228772080,0.236151180,0.251786316,0.240482936
1583,2020-03-06 23:00:00,0.000000000,0.192522652,0.225522381,0.228809960,0.236195650,0.251847795,0.452434966
1584,2020-03-07 00:00:00,0.000000000,0.192500640,0.225659522,0.228957514,0.236368919,0.252087504,0.973012288
1585,2020-03-07 01:00:00,0.173684224,0.192444592,0.226006953,0.229331445,0.236808368,0.252696648,0.000000000
1586,2020-03-07 02:00:00,0.027629977,0.192446445,0.225995513,0.229319130,0.236793886,0.252676548,0.173684222
1587,2020-03-07 03:00:00,0.022792589,0.192438045,0.226047373,0.229374959,0.236859538,0.252767691,0.027629978
1588,2020-03-07 04:00:00,0.017212929,0.192439492,0.226038444,0.229365347,0.236848234,0.252751994,0.022792590
1589,2020-03-07 05:00:00,0.012031885,0.192441978,0.226023100,0.229348828,0.236828808,0.252725024,0.017212930
1590,2020-03-07 06:00:00,0.010307183,0.192445613,0.226000651,0.229324661,0.236800390,0.252685575,0.012031885
1591,2020-03-07 07:00:00,0.007924975,0.192449923,0.225974018,0.229295990,0.236766679,0.252638788,0.010307184
1592,2020-03-07 08:00:00,0.005457420,0.192455335,0.225940559,0.229259973,0.236724334,0.252580032,0.007924975
1593,2020-03-07 09:00:00,0.003874098,0.192461188,0.225904346,0.229220993,0.236678511,0.252516468,0.005457420
1594,2020-03-07 10:00:00,0.003218027,0.192466540,0.225871208,0.229185325,0.236636586,0.252458328,0.003874098
1595,2020-03-07 11:00:00,0.002637525,0.192471891,0.225838047,0.229149634,0.236594638,0.252400172,0.003218027
1596,2020-03-07 12:00:00,0.001760606,0.192478336,0.225798089,0.229106628,0.236544100,0.252330127,0.002637525
1597,2020-03-07 13:00:00,0.001968364,0.192486803,0.225745535,0.229050070,0.236477646,0.252238058,0.001760606
1598,2020-03-07 14:00:00,0.001462889,0.192497406,0.225679638,0.228979159,0.236394343,0.252122699,0.001968364
1599,2020-03-07 15:00:00,0.001020256,0.192510836,0.225596045,0.228889213,0.236288705,0.251976500,0.001462889
1600,2020-03-07 16:00:00,0.000615414,0.192527308,0.225493322,0.228778699,0.236158950,0.251797056,0.001020256
1601,2020-03-07 17:00:00,0.000301451,0.192546230,0.225375046,0.228651469,0.236009623,0.251590729,0.000615415
1602,2020-03-07 18:00:00,0.000139084,0.192566787,0.225246210,0.228512904,0.235847057,0.251366331,0.000301451
1603,2020-03-07 19:00:00,0.000055271,0.192587726,0.225114630,0.228371413,0.235681128,0.251137528,0.000139084
1604,2020-03-07 20:00:00,0.000022796,0.192607453,0.224990334,0.228237778,0.235524478,0.250921738,0.000055271
1605,2020-03-07 21:00:00,0.000008188,0.192625050,0.224879186,0.228118296,0.235384471,0.250729054,0.000022796
1606,2020-03-07 22:00:00,0.000002338,0.192636733,0.224805244,0.228038821,0.235291371,0.250601019,0.000008188
1607,2020-03-07 23:00:00,0.000001544,0.192646760,0.224741695,0.227970522,0.235211381,0.250491074,0.000002338
1608,2020-03-08 00:00:00,0.000012597,0.192655083,0.224688887,0.227913771,0.235144929,0.250399776,0.000001544
1609,2020-03-08 01:00:00,0.000059018,0.192659670,0.224659754,0.227882466,0.235108276,0.250349436,0.000012597
1610,2020-03-08 02:00:00,0.000085294,0.192664677,0.224627935,0.227848275,0.235068249,0.250294474,0.000000000
1611,2020-03-08 03:00:00,0.000073645,0.192668749,0.224602041,0.227820451,0.235035679,0.250249763,0.000000000
1612,2020-03-08 04:00:00,0.000173052,0.192668762,0.224602041,0.227820451,0.235035679,0.250249763,0.000000000
1613,2020-03-08 05:00:00,0.000221529,0.192668772,0.224602041,0.227820451,0.235035679,0.250249763,0.000000000
1614,2020-03-08 06:00:00,0.000298618,0.192668781,0.224602041,0.227820451,0.235035679,0.250249763,0.000000000
1615,2020-03-08 07:00:00,0.000462850,0.192668787,0.224602041,0.227820451,0.235035679,0.250249763,0.000000000
1616,2020-03-08 08:00:00,0.000265846,0.192668794,0.224602041,0.227820451,0.235035679,0.250249763,0.000000000
1617,2020-03-08 09:00:00,0.000313620,0.192668794,0.224602041,0.227820451,0.235035679,0.250249763,0.000000000
1618,2020-03-08 10:00:00,0.000457215,0.192668794,0.224602041,0.227820451,0.235035679,0.250249763,0.000000000
1619,2020-03-08 11:00:00,0.000594985,0.192668794,0.224602041,0.227820451,0.235035679,0.250249763,0.000457215
1620,2020-03-08 12:00:00,0.001372964,0.192668629,0.224602041,0.227820451,0.235035679,0.250249763,0.000594985
1621,2020-03-08 13:00:00,0.002368937,0.192668435,0.224602041,0.227820451,0.235035679,0.250249763,0.001372964
1622,2020-03-08 14:00:00,0.002328414,0.192668577,0.224602041,0.227820451,0.235035679,0.250249763,0.002368937
1623,2020-03-08 15:00:00,0.002270835,0.192677773,0.224544613,0.227758747,0.234963460,0.250150653,0.002328415
1624,2020-03-08 16:00:00,0.001347730,0.192693352,0.224445304,0.227652055,0.234838616,0.249979429,0.002270835
1625,2020-03-08 17:00:00,0.000688830,0.192711753,0.224327740,0.227525770,0.234690897,0.249777002,0.001347731
1626,2020-03-08 18:00:00,0.000334274,0.192732669,0.224193760,0.227381874,0.234522647,0.249546665,0.000688830
1627,2020-03-08 19:00:00,0.000129599,0.192755399,0.224047734,0.227225070,0.234339385,0.249296048,0.000334274
1628,2020-03-08 20:00:00,0.000051790,0.192775459,0.223918494,0.227086317,0.234177290,0.249074612,0.000129599
1629,2020-03-08 21:00:00,0.000016930,0.192793156,0.223804187,0.226963616,0.234034003,0.248879052,0.000051790
1630,2020-03-08 22:00:00,0.000004070,0.192796878,0.223780111,0.226937774,0.234003833,0.248837897,0.000016930
1631,2020-03-08 23:00:00,0.000002743,0.192798916,0.223766928,0.226923624,0.233987313,0.248815366,0.000004070
1632,2020-03-09 00:00:00,0.000002015,0.192799847,0.223760896,0.226917151,0.233979756,0.248805059,0.000002743
1633,2020-03-09 01:00:00,0.000001647,0.192801219,0.223752017,0.226907620,0.233968630,0.248789888,0.000002015
1634,2020-03-09 02:00:00,0.000000000,0.192802173,0.223745839,0.226900989,0.233960889,0.248779332,0.000001647
1635,2020-03-09 03:00:00,0.000000000,0.192802445,0.223745839,0.226900989,0.233960889,0.248779332,0.000000000
1636,2020-03-09 04:00:00,0.000000000,0.192802441,0.223744109,0.226899133,0.233958722,0.248776377,0.000556409
1637,2020-03-09 05:00:00,0.000002061,0.192802212,0.223744109,0.226899133,0.233958722,0.248776377,0.000000000
1638,2020-03-09 06:00:00,0.000002464,0.192802560,0.223743333,0.226898300,0.233957751,0.248775052,0.000002061
1639,2020-03-09 07:00:00,0.000005397,0.192802791,0.223741838,0.226896696,0.233955877,0.248772497,0.000002464
1640,2020-03-09 08:00:00,0.000011318,0.192802878,0.223741279,0.226896096,0.233955177,0.248771543,0.000965294
1641,2020-03-09 09:00:00,0.000021010,0.192802481,0.223741279,0.226896096,0.233955177,0.248771543,0.000011318
1642,2020-03-09 10:00:00,0.000042038,0.192802891,0.223741192,0.226896002,0.233955067,0.248771393,0.000021010
1643,2020-03-09 11:00:00,0.000065989,0.192803216,0.223739089,0.226893745,0.233952433,0.248767801,0.000042038
1644,2020-03-09 12:00:00,0.000156520,0.192803914,0.223734569,0.226888894,0.233946770,0.248760079,0.000065989
1645,2020-03-09 13:00:00,0.000175772,0.192807215,0.223713186,0.226865944,0.233919982,0.248723557,0.000156520
1646,2020-03-09 14:00:00,0.000161898,0.192812611,0.223678213,0.226828411,0.233876175,0.248663844,0.000175772
1647,2020-03-09 15:00:00,0.000105573,0.192825666,0.223593496,0.226737500,0.233770087,0.248519304,0.000161898
1648,2020-03-09 16:00:00,0.000044899,0.192845301,0.223465792,0.226600478,0.233610243,0.248301698,0.000105573
1649,2020-03-09 17:00:00,0.000014993,0.192870656,0.223300393,0.226423043,0.233403352,0.248020357,0.000044899
1650,2020-03-09 18:00:00,0.000004028,0.192901284,0.223099831,0.226207939,0.233152681,0.247679951,0.000014993
1651,2020-03-09 19:00:00,0.000000000,0.192931293,0.222902517,0.225996373,0.232906285,0.247345851,0.000004028
1652,2020-03-09 20:00:00,0.000000000,0.192953040,0.222759021,0.225842546,0.232727230,0.247103370,0.000000000
1653,2020-03-09 21:00:00,0.000000000,0.192973869,0.222621179,0.225694809,0.232555337,0.246870832,0.000000000
1654,2020-03-09 22:00:00,0.000000000,0.192984193,0.222552714,0.225621437,0.232469997,0.246755471,0.000000000
1655,2020-03-09 23:00:00,0.000000000,0.192989707,0.222516108,0.225582212,0.232424380,0.246693831,0.000000000
1656,2020-03-10 00:00:00,0.000000000,0.192995809,0.222475562,0.225538766,0.232373861,0.246625586,0.000000000
1657,2020-03-10 01:00:00,0.000000000,0.192997978,0.222461146,0.225523319,0.232355900,0.246601329,0.000000000
1658,2020-03-10 02:00:00,0.000000000,0.192999859,0.222448636,0.225509914,0.232340316,0.246580283,0.000000000
1659,2020-03-10 03:00:00,0.000000000,0.193000592,0.222443759,0.225504689,0.232334241,0.246572079,0.000000000
1660,2020-03-10 04:00:00,0.000000000,0.193001095,0.222440417,0.225501108,0.232330078,0.246566458,0.000000000
1661,2020-03-10 05:00:00,0.000000000,0.193001703,0.222436373,0.225496775,0.232325040,0.246559655,0.000000000
1662,2020-03-10 06:00:00,0.000000000,0.193002020,0.222434259,0.225494511,0.232322407,0.246556101,0.000000000
1663,2020-03-10 07:00:00,0.000000000,0.193002358,0.222432014,0.225492105,0.232319610,0.246552324,0.000000000
1664,2020-03-10 08:00:00,0.000000000,0.193002592,0.222430454,0.225490434,0.232317668,0.246549701,0.000000000
1665,2020-03-10 09:00:00,0.000000000,0.193002656,0.222430028,0.225489977,0.232317137,0.246548984,0.000000000
1666,2020-03-10 10:00:00,0.000000000,0.193002777,0.222429228,0.225489120,0.232316140,0.246547638,0.001411539
1667,2020-03-10 11:00:00,0.000000000,0.193002693,0.222429782,0.225489713,0.232316830,0.246548570,0.000000000
1668,2020-03-10 12:00:00,0.000000000,0.193003784,0.222422525,0.225481938,0.232307791,0.246536366,0.000000000
1669,2020-03-10 13:00:00,0.000000000,0.193006595,0.222403814,0.225461891,0.232284486,0.246504903,0.000000000
1670,2020-03-10 14:00:00,0.000000000,0.193012377,0.222365313,0.225420642,0.232236538,0.246440185,0.000000000
1671,2020-03-10 15:00:00,0.000000000,0.193025286,0.222279233,0.225328426,0.232129366,0.246295595,0.000000000
1672,2020-03-10 16:00:00,0.000000000,0.193042855,0.222161833,0.225202673,0.231983265,0.246098631,0.000000000
1673,2020-03-10 17:00:00,0.000000000,0.193065517,0.222009980,0.225040045,0.231794398,0.245844266,0.000000000
1674,2020-03-10 18:00:00,0.000000000,0.193084590,0.221881815,0.224902810,0.231635090,0.245629928,0.289555516
1675,2020-03-10 19:00:00,0.000000000,0.193085353,0.221876680,0.224897312,0.231628710,0.245621347,0.000000000
1676,2020-03-10 20:00:00,0.000000000,0.193103409,0.221755017,0.224767061,0.231477568,0.245418189,0.000000000
1677,2020-03-10 21:00:00,0.000000000,0.193116936,0.221663668,0.224669277,0.231364139,0.245265839,0.000000000
1678,2020-03-10 22:00:00,0.000000000,0.193123279,0.221620778,0.224623369,0.231310896,0.245194363,0.000000000
1679,2020-03-10 23:00:00,0.000000000,0.193128134,0.221587920,0.224588201,0.231270115,0.245139630,0.000000000
1680,2020-03-11 00:00:00,0.000000000,0.193132753,0.221556641,0.224554725,0.231231298,0.245087545,0.000000000
1681,2020-03-11 01:00:00,0.000000000,0.193136602,0.221530564,0.224526817,0.231198941,0.245044138,0.000000000
1682,2020-03-11 02:00:00,0.000000000,0.193141086,0.221500164,0.224494283,0.231161224,0.244993551,0.000000000
1683,2020-03-11 03:00:00,0.000000000,0.193144102,0.221479701,0.224472385,0.231135838,0.244959509,0.000000000
1684,2020-03-11 04:00:00,0.000000000,0.193145765,0.221468421,0.224460314,0.231121846,0.244940747,0.000000000
1685,2020-03-11 05:00:00,0.000000000,0.193149483,0.221443178,0.224433301,0.231090535,0.244898770,0.000000000
1686,2020-03-11 06:00:00,0.000000000,0.193154626,0.221408244,0.224395920,0.231047210,0.244840698,0.000000000
1687,2020-03-11 07:00:00,0.000000000,0.193159546,0.221374805,0.224360141,0.231005746,0.244785133,0.000000000
1688,2020-03-11 08:00:00,0.000000000,0.193164667,0.221339973,0.224322871,0.230962559,0.244727275,0.000000000
1689,2020-03-11 09:00:00,0.000000000,0.193168757,0.221312137,0.224293089,0.230928052,0.244681055,0.000000000
1690,2020-03-11 10:00:00,0.000000000,0.193172785,0.221284701,0.224263736,0.230894044,0.244635513,0.000000000
1691,2020-03-11 11:00:00,0.000000000,0.193176047,0.221262476,0.224239958,0.230866499,0.244598632,0.000000000
1692,2020-03-11 12:00:00,0.000000000,0.193179339,0.221240035,0.224215951,0.230838689,0.244561403,0.000000000
1693,2020-03-11 13:00:00,0.000000000,0.193185481,0.221198142,0.224171134,0.230786778,0.244491926,0.000000000
1694,2020-03-11 14:00:00,0.000000000,0.193195229,0.221131569,0.224099921,0.230704307,0.244381589,0.000000000
1695,2020-03-11 15:00:00,0.000000000,0.193209415,0.221034538,0.223996138,0.230584145,0.244220920,0.000000000
1696,2020-03-11 16:00:00,0.000000000,0.193227435,0.220910991,0.223864011,0.230431219,0.244016602,0.000000000
1697,2020-03-11 17:00:00,0.000000000,0.193247337,0.220774184,0.223717728,0.230261973,0.243790689,0.000000000
1698,2020-03-11 18:00:00,0.000000000,0.193268953,0.220625159,0.223558410,0.230077724,0.243544997,0.000000000
1699,2020-03-11 19:00:00,0.000000000,0.193289849,0.220480655,0.223403954,0.229899176,0.243307153,0.000000000
1700,2020-03-11 20:00:00,0.000000000,0.193308806,0.220349195,0.223263463,0.229736839,0.243091112,0.000000000
1701,2020-03-11 21:00:00,0.000000000,0.193325344,0.220234222,0.223140611,0.229594936,0.242902427,0.000000000
1702,2020-03-11 22:00:00,0.000000000,0.193333784,0.220175444,0.223077812,0.229522417,0.242806058,0.000000000
1703,2020-03-11 23:00:00,0.000000000,0.193334929,0.220167464,0.223069287,0.229512572,0.242792979,0.000000000
1704,2020-03-12 00:00:00,0.000000000,0.193339134,0.220138142,0.223037961,0.229476404,0.242744934,0.000000000
1705,2020-03-12 01:00:00,0.000000000,0.193342686,0.220113365,0.223011491,0.229445844,0.242704346,0.000000000
1706,2020-03-12 02:00:00,0.000000000,0.193345538,0.220093459,0.222990226,0.229421295,0.242671747,0.000000000
1707,2020-03-12 03:00:00,0.000000000,0.193348255,0.220074491,0.222969964,0.229397905,0.242640690,0.000000000
1708,2020-03-12 04:00:00,0.000000000,0.193350345,0.220059898,0.222954375,0.229379911,0.242616801,0.000000000
1709,2020-03-12 05:00:00,0.000000000,0.193352690,0.220043511,0.222936871,0.229359707,0.242589980,0.000000000
1710,2020-03-12 06:00:00,0.000000000,0.193354674,0.220029646,0.222922060,0.229342612,0.242567290,0.000000000
1711,2020-03-12 07:00:00,0.000000000,0.193355885,0.220021180,0.222913017,0.229332175,0.242553438,0.000000000
1712,2020-03-12 08:00:00,0.000000000,0.193356622,0.220016026,0.222907512,0.229325820,0.242545004,0.000000000
1713,2020-03-12 09:00:00,0.000000000,0.193357010,0.220013314,0.222904615,0.229322477,0.242540567,0.006607459
1714,2020-03-12 10:00:00,0.000000000,0.193356635,0.220015941,0.222907421,0.229325716,0.242544866,0.003155158
1715,2020-03-12 11:00:00,0.000000000,0.193356455,0.220017196,0.222908761,0.229327262,0.242546918,0.000000000
1716,2020-03-12 12:00:00,0.000000000,0.193357766,0.220008026,0.222898967,0.229315958,0.242531917,0.000000000
1717,2020-03-12 13:00:00,0.000000000,0.193361730,0.219980300,0.222869352,0.229281781,0.242486565,0.000000000
1718,2020-03-12 14:00:00,0.000000000,0.193369104,0.219928684,0.222814222,0.229218165,0.242402175,0.000000000
1719,2020-03-12 15:00:00,0.000000000,0.193378551,0.219862471,0.222743507,0.229136579,0.242293990,0.000000000
1720,2020-03-12 16:00:00,0.000000000,0.193389082,0.219788555,0.222664572,0.229045528,0.242173312,0.000000000
1721,2020-03-12 17:00:00,0.000000000,0.193401103,0.219704046,0.222574332,0.228941462,0.242035459,0.000000000
1722,2020-03-12 18:00:00,0.000000000,0.193414055,0.219612829,0.222476942,0.228829178,0.241886810,0.000000000
1723,2020-03-12 19:00:00,0.000000000,0.193426872,0.219522392,0.222380395,0.228717896,0.241739579,0.000000000
1724,2020-03-12 20:00:00,0.000000000,0.193439062,0.219436228,0.222288419,0.228611910,0.241599439,0.000000000
1725,2020-03-12 21:00:00,0.000000000,0.193450157,0.219357667,0.222204568,0.228515310,0.241471782,0.000000000
1726,2020-03-12 22:00:00,0.000000000,0.193455842,0.219317366,0.222161557,0.228465768,0.241406338,0.000000000
1727,2020-03-12 23:00:00,0.000000000,0.193461302,0.219278629,0.222120216,0.228418155,0.241343459,0.000000000
1728,2020-03-13 00:00:00,0.000000000,0.193465702,0.219247391,0.222086880,0.228379765,0.241292773,0.000000000
1729,2020-03-13 01:00:00,0.000000000,0.193469314,0.219221734,0.222059501,0.228348238,0.241251156,0.000000000
1730,2020-03-13 02:00:00,0.000000000,0.193473030,0.219195320,0.222031315,0.228315784,0.241208323,0.434050185
1731,2020-03-13 03:00:00,0.000000000,0.193453421,0.219334533,0.222179878,0.228486871,0.241434212,0.267309937
1732,2020-03-13 04:00:00,0.000000000,0.193441173,0.219421287,0.222272472,0.228593537,0.241575153,0.483805303
1733,2020-03-13 05:00:00,0.000000000,0.193416451,0.219595932,0.222458903,0.228808383,0.241859290,2.118996690
1734,2020-03-13 06:00:00,0.000000000,0.193305792,0.220370119,0.223285823,0.229762672,0.243125477,3.079439193
1735,2020-03-13 07:00:00,0.000000000,0.193146282,0.221464907,0.224456554,0.231117488,0.244934904,2.231112217
1736,2020-03-13 08:00:00,0.000000000,0.193025856,0.222275425,0.225324346,0.232124626,0.246289202,0.295008741
1737,2020-03-13 09:00:00,0.000000000,0.193008923,0.222388318,0.225445288,0.232265186,0.246478851,0.092192909
1738,2020-03-13 10:00:00,0.000000000,0.193003501,0.222424411,0.225483959,0.232310140,0.246539537,0.209504132
1739,2020-03-13 11:00:00,0.000000000,0.192991219,0.222506065,0.225571449,0.232411865,0.246676923,0.139977425
1740,2020-03-13 12:00:00,0.000000000,0.192982984,0.222560735,0.225630033,0.232479994,0.246768982,0.480018201
1741,2020-03-13 13:00:00,0.000000000,0.192955244,0.222744455,0.225826934,0.232709061,0.247078780,1.332312820
1742,2020-03-13 14:00:00,0.000000000,0.192879998,0.223239305,0.226357520,0.233326978,0.247916589,1.832300609
1743,2020-03-13 15:00:00,0.000000000,0.192777693,0.223904077,0.227070840,0.234159214,0.249049932,0.083044816
1744,2020-03-13 16:00:00,0.000000000,0.192774800,0.223922748,0.227090884,0.234182624,0.249081895,0.071947849
1745,2020-03-13 17:00:00,0.000000000,0.192772962,0.223934597,0.227103605,0.234197482,0.249102184,0.000000000
1746,2020-03-13 18:00:00,0.000000000,0.192779953,0.223889491,0.227055182,0.234140926,0.249024966,0.000000000
1747,2020-03-13 19:00:00,0.000000000,0.192789251,0.223829436,0.226990717,0.234065647,0.248922225,0.000000000
1748,2020-03-13 20:00:00,0.000000000,0.192798874,0.223767194,0.226923910,0.233987647,0.248815822,0.000000000
1749,2020-03-13 21:00:00,0.000000000,0.192807492,0.223711391,0.226864018,0.233917733,0.248720492,0.000000000
1750,2020-03-13 22:00:00,0.000000000,0.192813602,0.223671785,0.226821514,0.233868125,0.248652873,0.000000000
1751,2020-03-13 23:00:00,0.000000000,0.192823094,0.223610195,0.226755419,0.233790995,0.248547783,0.000000000
1752,2020-03-14 00:00:00,0.000000000,0.192831240,0.223557276,0.226698635,0.233724742,0.248457551,0.000000000
1753,2020-03-14 01:00:00,0.000000000,0.192838789,0.223508182,0.226645958,0.233663291,0.248373893,0.000000000
1754,2020-03-14 02:00:00,0.000000000,0.192847019,0.223454605,0.226588475,0.233596244,0.248282650,0.000000000
1755,2020-03-14 03:00:00,0.000000000,0.192854963,0.223402835,0.226532934,0.233531474,0.248194542,0.000000000
1756,2020-03-14 04:00:00,0.000000000,0.192862950,0.223350724,0.226477033,0.233466293,0.248105910,0.000000000
1757,2020-03-14 05:00:00,0.000000000,0.192870966,0.223298364,0.226420867,0.233400814,0.248016908,0.000000000
1758,2020-03-14 06:00:00,0.000000000,0.192876274,0.223263669,0.226383652,0.233357436,0.247957966,0.000000000
1759,2020-03-14 07:00:00,0.000000000,0.192880715,0.223234614,0.226352489,0.233321114,0.247908623,0.000000000
1760,2020-03-14 08:00:00,0.000000000,0.192885673,0.223202165,0.226317686,0.233280554,0.247853536,0.000000000
1761,2020-03-14 09:00:00,0.000000000,0.192889764,0.223175367,0.226288946,0.233247063,0.247808060,0.000000000
1762,2020-03-14 10:00:00,0.000000000,0.192892622,0.223156641,0.226268863,0.233223662,0.247776290,0.000000000
1763,2020-03-14 11:00:00,0.000000000,0.192895714,0.223136368,0.226247121,0.233198329,0.247741902,0.000000000
1764,2020-03-14 12:00:00,0.000000000,0.192900322,0.223106148,0.226214714,0.233160573,0.247690661,0.000000000
1765,2020-03-14 13:00:00,0.000000000,0.192907559,0.223058642,0.226163770,0.233101228,0.247610143,0.000000000
1766,2020-03-14 14:00:00,0.000000000,0.192918673,0.222985596,0.226085446,0.233010004,0.247486428,0.000000000
1767,2020-03-14 15:00:00,0.000000000,0.192932372,0.222895406,0.225988750,0.232897410,0.247333826,0.000000000
1768,2020-03-14 16:00:00,0.000000000,0.192948620,0.222788220,0.225873845,0.232763656,0.247152678,0.000000000
1769,2020-03-14 17:00:00,0.000000000,0.192966813,0.222667922,0.225744904,0.232613615,0.246949644,0.000000000
1770,2020-03-14 18:00:00,0.000000000,0.192986134,0.222539829,0.225607630,0.232453940,0.246733772,0.000000000
1771,2020-03-14 19:00:00,0.000000000,0.193005712,0.222409692,0.225468189,0.232291808,0.246514787,0.000000000
1772,2020-03-14 20:00:00,0.000000000,0.193023397,0.222291840,0.225341931,0.232145060,0.246316762,0.000000000
1773,2020-03-14 21:00:00,0.000000000,0.193038097,0.222193654,0.225236756,0.232022858,0.246151991,0.000000000
1774,2020-03-14 22:00:00,0.000000000,0.193046621,0.222136633,0.225175683,0.231951914,0.246056389,0.000000000
1775,2020-03-14 23:00:00,0.000000000,0.193055251,0.222078831,0.225113777,0.231880015,0.245959540,0.000000000
1776,2020-03-15 00:00:00,0.000000000,0.193062728,0.222028699,0.225060090,0.231817673,0.245875596,0.000000000
1777,2020-03-15 01:00:00,0.000000000,0.193069953,0.221980201,0.225008157,0.231757376,0.245794436,0.000000000
1778,2020-03-15 02:00:00,0.000000000,0.193076525,0.221936048,0.224960878,0.231702490,0.245720585,0.000000000
1779,2020-03-15 03:00:00,0.000000000,0.193081900,0.221899910,0.224922184,0.231657577,0.245660170,0.000000000
1780,2020-03-15 04:00:00,0.000000000,0.193087180,0.221864383,0.224884146,0.231613429,0.245600800,0.000000000
1781,2020-03-15 05:00:00,0.000000000,0.193091989,0.221831999,0.224849475,0.231573193,0.245546703,0.000000000
1782,2020-03-15 06:00:00,0.000000000,0.193096846,0.221799273,0.224814439,0.231532539,0.245492057,0.000000000
1783,2020-03-15 07:00:00,0.000000000,0.193100750,0.221772953,0.224786262,0.231499846,0.245448122,0.000000000
1784,2020-03-15 08:00:00,0.000000000,0.193103659,0.221753326,0.224765251,0.231475468,0.245415368,0.000000000
1785,2020-03-15 09:00:00,0.000000000,0.193105984,0.221737643,0.224748462,0.231455992,0.245389201,0.000000000
1786,2020-03-15 10:00:00,0.000000000,0.193107860,0.221724978,0.224734905,0.231440264,0.245368074,0.000000000
1787,2020-03-15 11:00:00,0.000000000,0.193108419,0.221721205,0.224730866,0.231435579,0.245361780,0.000000000
1788,2020-03-15 12:00:00,0.000000000,0.193110397,0.221707846,0.224716566,0.231418990,0.245339498,0.000000000
1789,2020-03-15 13:00:00,0.000000000,0.193115213,0.221675318,0.224681747,0.231378602,0.245285259,0.000000000
1790,2020-03-15 14:00:00,0.000000000,0.193123570,0.221618810,0.224621263,0.231308454,0.245191085,0.000000000
1791,2020-03-15 15:00:00,0.000000000,0.193135026,0.221541244,0.224538247,0.231212192,0.245061914,0.000000000
1792,2020-03-15 16:00:00,0.000000000,0.193149057,0.221446070,0.224436397,0.231094124,0.244903580,0.000000000
1793,2020-03-15 17:00:00,0.000000000,0.193164847,0.221338744,0.224321557,0.230961037,0.244725235,0.000000000
1794,2020-03-15 18:00:00,0.000000000,0.193185472,0.221198202,0.224171198,0.230786852,0.244492025,0.000000000
1795,2020-03-15 19:00:00,0.000000000,0.193205966,0.221058142,0.224021384,0.230613372,0.244259990,0.000000000
1796,2020-03-15 20:00:00,0.000000000,0.193224212,0.220933113,0.223887668,0.230458596,0.244053166,0.000000000
1797,2020-03-15 21:00:00,0.000000000,0.193239968,0.220824883,0.223771937,0.230324682,0.243874370,0.000000000
1798,2020-03-15 22:00:00,0.000000000,0.193249257,0.220760963,0.223703593,0.230245622,0.243768875,0.000000000
1799,2020-03-15 23:00:00,0.000000000,0.193259465,0.220690623,0.223628393,0.230158648,0.243652875,0.000000000
1800,2020-03-16 00:00:00,0.000000000,0.193268212,0.220630273,0.223563877,0.230084046,0.243553422,0.000000000
1801,2020-03-16 01:00:00,0.000000000,0.193276232,0.220574871,0.223504655,0.230015576,0.243462182,0.000000000
1802,2020-03-16 02:00:00,0.000000000,0.193282479,0.220531670,0.223458479,0.229962198,0.243391076,0.000000000
1803,2020-03-16 03:00:00,0.000000000,0.193289484,0.220483185,0.223406657,0.229902301,0.243311313,0.000000000
1804,2020-03-16 04:00:00,0.000000000,0.193295480,0.220441646,0.223362262,0.229850995,0.243243011,0.000000000
1805,2020-03-16 05:00:00,0.000000000,0.193300043,0.220410009,0.223328452,0.229811926,0.243191014,0.000000000
1806,2020-03-16 06:00:00,0.000000000,0.193305245,0.220373918,0.223289882,0.229767362,0.243131716,0.000000000
1807,2020-03-16 07:00:00,0.000000000,0.193305267,0.220373918,0.223289882,0.229767362,0.243131716,0.000000000
1808,2020-03-16 08:00:00,0.000000000,0.193305288,0.220373918,0.223289882,0.229767362,0.243131716,0.000000000
1809,2020-03-16 09:00:00,0.000000000,0.193305308,0.220373918,0.223289882,0.229767362,0.243131716,0.000000000
1810,2020-03-16 10:00:00,0.000000000,0.193305325,0.220373918,0.223289882,0.229767362,0.243131716,0.000000000
1811,2020-03-16 11:00:00,0.000000000,0.193305340,0.220373918,0.223289882,0.229767362,0.243131716,0.000000000
1812,2020-03-16 12:00:00,0.000000000,0.193305368,0.220373918,0.223289882,0.229767362,0.243131716,0.000000000
1813,2020-03-16 13:00:00,0.000000000,0.193305419,0.220373918,0.223289882,0.229767362,0.243131716,0.000000000
1814,2020-03-16 14:00:00,0.000000000,0.193305375,0.220373014,0.223288917,0.229766247,0.243130233,0.000000000
1815,2020-03-16 15:00:00,0.000000000,0.193305549,0.220371807,0.223287626,0.229764755,0.243128249,0.000000000
1816,2020-03-16 16:00:00,0.000000000,0.193305806,0.220370027,0.223285725,0.229762558,0.243125326,0.000000000
1817,2020-03-16 17:00:00,0.000000000,0.193316576,0.220295210,0.223205777,0.229670201,0.243002486,0.000000000
1818,2020-03-16 18:00:00,0.000000000,0.193330359,0.220199302,0.223103302,0.229551850,0.242845167,0.000000000
1819,2020-03-16 19:00:00,0.000000000,0.193345307,0.220095070,0.222991948,0.229423283,0.242674385,0.000000000
1820,2020-03-16 20:00:00,0.000000000,0.193358715,0.220001392,0.222891880,0.229307780,0.242521064,0.000000000
1821,2020-03-16 21:00:00,0.000000000,0.193369124,0.219928546,0.222814074,0.229217994,0.242401949,0.000000000
1822,2020-03-16 22:00:00,0.000000000,0.193375199,0.219885975,0.222768608,0.229165537,0.242332383,0.000000000
1823,2020-03-16 23:00:00,0.000000000,0.193379515,0.219855707,0.222736283,0.229128245,0.242282942,0.000000000
1824,2020-03-17 00:00:00,0.000000000,0.193383485,0.219827857,0.222706541,0.229093937,0.242237465,0.000000000
1825,2020-03-17 01:00:00,0.000000000,0.193386443,0.219807092,0.222684366,0.229068359,0.242203566,0.000000000
1826,2020-03-17 02:00:00,0.000000000,0.193388347,0.219793721,0.222670088,0.229051890,0.242181742,0.000000000
1827,2020-03-17 03:00:00,0.000000000,0.193390287,0.219780092,0.222655534,0.229035104,0.242159500,0.000000000
1828,2020-03-17 04:00:00,0.000000000,0.193391567,0.219771096,0.222645928,0.229024025,0.242144821,0.000000000
1829,2020-03-17 05:00:00,0.000000000,0.193391567,0.219771096,0.222645928,0.229024025,0.242144821,0.000000000
1830,2020-03-17 06:00:00,0.000000000,0.193391575,0.219771096,0.222645928,0.229024025,0.242144821,0.000000000
1831,2020-03-17 07:00:00,0.000000000,0.193391580,0.219771096,0.222645928,0.229024025,0.242144821,0.000000000
1832,2020-03-17 08:00:00,0.289473683,0.193391588,0.219771096,0.222645928,0.229024025,0.242144821,0.000000000
1833,2020-03-17 09:00:00,0.485697925,0.193391593,0.219771096,0.222645928,0.229024025,0.242144821,0.289473712
1834,2020-03-17 10:00:00,0.463088214,0.193375318,0.219885143,0.222767719,0.229164511,0.242331023,0.485697933
1835,2020-03-17 11:00:00,0.365151674,0.193348374,0.220073659,0.222969076,0.229396880,0.242639328,0.418868473
1836,2020-03-17 12:00:00,0.096849777,0.193324852,0.220237646,0.223144269,0.229599161,0.242908042,0.395832743
1837,2020-03-17 13:00:00,0.084556043,0.193302753,0.220391208,0.223308359,0.229788710,0.243160120,0.265045739
1838,2020-03-17 14:00:00,0.075004220,0.193288039,0.220493192,0.223417353,0.229914663,0.243327772,0.084556049
1839,2020-03-17 15:00:00,0.082880706,0.193283964,0.220521395,0.223447496,0.229949502,0.243374168,0.075004227
1840,2020-03-17 16:00:00,0.075740062,0.193280579,0.220544816,0.223472530,0.229978440,0.243412710,0.082880710
1841,2020-03-17 17:00:00,0.068257362,0.193276928,0.220570061,0.223499513,0.230009632,0.243454263,0.075740067
1842,2020-03-17 18:00:00,0.061330967,0.193276565,0.220572566,0.223502192,0.230012728,0.243458388,0.068257361
1843,2020-03-17 19:00:00,0.048715245,0.193276866,0.220570487,0.223499969,0.230010159,0.243454965,0.061330972
1844,2020-03-17 20:00:00,0.032361064,0.193278333,0.220560344,0.223489127,0.229997626,0.243438267,0.048715246
1845,2020-03-17 21:00:00,0.023010870,0.193280440,0.220545775,0.223473555,0.229979625,0.243414288,0.032361067
1846,2020-03-17 22:00:00,0.007670881,0.193280571,0.220544869,0.223472586,0.229978505,0.243412797,0.023010872
1847,2020-03-17 23:00:00,0.005486085,0.193279883,0.220549628,0.223477673,0.229984385,0.243420629,0.007670882
1848,2020-03-18 00:00:00,0.003234620,0.193279532,0.220552052,0.223480264,0.229987380,0.243424619,0.009860560
1849,2020-03-18 01:00:00,0.002667842,0.193278967,0.220555961,0.223484443,0.229992210,0.243431054,0.008440400
1850,2020-03-18 02:00:00,0.001985229,0.193278483,0.220559308,0.223488020,0.229996345,0.243436562,0.004451151
1851,2020-03-18 03:00:00,0.001509103,0.193278228,0.220561073,0.223489907,0.229998526,0.243439468,0.001985229
1852,2020-03-18 04:00:00,0.001519882,0.193278140,0.220561681,0.223490557,0.229999278,0.243440469,0.001509103
1853,2020-03-18 05:00:00,0.001214344,0.193279434,0.220552733,0.223480992,0.229988221,0.243425739,0.001519882
1854,2020-03-18 06:00:00,0.000743640,0.193280425,0.220545876,0.223473663,0.229979749,0.243414454,0.001214344
1855,2020-03-18 07:00:00,0.000733317,0.193281512,0.220538362,0.223465631,0.229970465,0.243402088,0.000743640
1856,2020-03-18 08:00:00,0.000709586,0.193282783,0.220529566,0.223456230,0.229959598,0.243387613,0.000733317
1857,2020-03-18 09:00:00,0.000379298,0.193284354,0.220518694,0.223444610,0.229946166,0.243369725,0.000709586
1858,2020-03-18 10:00:00,0.000237213,0.193285561,0.220510347,0.223435687,0.229935854,0.243355991,0.000379298
1859,2020-03-18 11:00:00,0.000277354,0.193287072,0.220499888,0.223424509,0.229922934,0.243338786,0.000237213
1860,2020-03-18 12:00:00,0.000723569,0.193288819,0.220487791,0.223411580,0.229907990,0.243318888,0.000277354
1861,2020-03-18 13:00:00,0.001247396,0.193291230,0.220471095,0.223393736,0.229887368,0.243291431,0.000723569
1862,2020-03-18 14:00:00,0.001283688,0.193297830,0.220425353,0.223344849,0.229830874,0.243216230,0.001247396
1863,2020-03-18 15:00:00,0.001016289,0.193309468,0.220344601,0.223258554,0.229731168,0.243083568,0.001283688
1864,2020-03-18 16:00:00,0.000574849,0.193324984,0.220236728,0.223143289,0.229598029,0.242906537,0.001016289
1865,2020-03-18 17:00:00,0.000301184,0.193340719,0.220127086,0.223026150,0.229462767,0.242726821,0.000574849
1866,2020-03-18 18:00:00,0.000146462,0.193357243,0.220011687,0.222902878,0.229320472,0.242537907,0.000301184
1867,2020-03-18 19:00:00,0.000065178,0.193375450,0.219884217,0.222766731,0.229163371,0.242329512,0.000146462
1868,2020-03-18 20:00:00,0.000028370,0.193392072,0.219767549,0.222642141,0.229019657,0.242139034,0.000065178
1869,2020-03-18 21:00:00,0.000010306,0.193407797,0.219656920,0.222524016,0.228883447,0.241958643,0.000028370
1870,2020-03-18 22:00:00,0.000002920,0.193417886,0.219585813,0.222448100,0.228795931,0.241842813,0.000010306
1871,2020-03-18 23:00:00,0.000002079,0.193425695,0.219530703,0.222389267,0.228728120,0.241753102,0.000002920
1872,2020-03-19 00:00:00,0.000001405,0.193433141,0.219478098,0.222333112,0.228663407,0.241667520,0.000002079
1873,2020-03-19 01:00:00,0.000000000,0.193439209,0.219435189,0.222287310,0.228610632,0.241597750,0.000001405
1874,2020-03-19 02:00:00,0.000000000,0.193443613,0.219404020,0.222254041,0.228572302,0.241547089,0.000000000
1875,2020-03-19 03:00:00,0.000000000,0.193447513,0.219376400,0.222224562,0.228538342,0.241502212,0.000000000
1876,2020-03-19 04:00:00,0.000000000,0.193449634,0.219361376,0.222208526,0.228519870,0.241477806,0.000000000
1877,2020-03-19 05:00:00,0.000000000,0.193451414,0.219348757,0.222195059,0.228504356,0.241457310,0.000000000
1878,2020-03-19 06:00:00,0.000000000,0.193453171,0.219336308,0.222181772,0.228489052,0.241437093,1.347005502
1879,2020-03-19 07:00:00,0.000000000,0.193381596,0.219841112,0.222720696,0.229110265,0.242259107,2.100000302
1880,2020-03-19 08:00:00,0.000000000,0.193270766,0.220612636,0.223545023,0.230062246,0.243524369,3.205701228
1881,2020-03-19 09:00:00,0.000000000,0.193104796,0.221745656,0.224757039,0.231465942,0.245402569,3.400000128
1882,2020-03-19 10:00:00,0.000000000,0.192926476,0.222934241,0.226030385,0.232945887,0.247399516,3.090501218
1883,2020-03-19 11:00:00,0.000000000,0.192759614,0.224020610,0.227195948,0.234305358,0.249249546,3.347005668
1884,2020-03-19 12:00:00,0.000000000,0.192577664,0.225177903,0.228439449,0.235760907,0.251247507,2.399999994
1885,2020-03-19 13:00:00,0.000000000,0.192441605,0.226025403,0.229351307,0.236831724,0.252729072,1.468014932
1886,2020-03-19 14:00:00,0.000000000,0.192355446,0.226554394,0.229921002,0.237502243,0.253661977,0.185851309
1887,2020-03-19 15:00:00,0.000000000,0.192345287,0.226616381,0.229987786,0.237580924,0.253771711,0.000000000
1888,2020-03-19 16:00:00,0.000000000,0.192347103,0.226605308,0.229975855,0.237566867,0.253752103,0.000000000
1889,2020-03-19 17:00:00,0.000000000,0.192349442,0.226591039,0.229960482,0.237548754,0.253726838,0.000000000
1890,2020-03-19 18:00:00,0.000000000,0.192355883,0.226551725,0.229918127,0.237498856,0.253657254,0.000000000
1891,2020-03-19 19:00:00,0.000000000,0.192363495,0.226505223,0.229868030,0.237439847,0.253574992,0.000000000
1892,2020-03-19 20:00:00,0.000000000,0.192371172,0.226458280,0.229817462,0.237380291,0.253492002,0.000000000
1893,2020-03-19 21:00:00,0.000000000,0.192378093,0.226415920,0.229771833,0.237326561,0.253417156,0.000000000
1894,2020-03-19 22:00:00,0.000000000,0.192381163,0.226397116,0.229751578,0.237302713,0.253383944,0.000000000
1895,2020-03-19 23:00:00,0.000000000,0.192383714,0.226381481,0.229734739,0.237282886,0.253356337,0.000000000
1896,2020-03-20 00:00:00,0.000000000,0.192386202,0.226366233,0.229718315,0.237263551,0.253329416,0.000000000
1897,2020-03-20 01:00:00,0.000000000,0.192388121,0.226354471,0.229705647,0.237248637,0.253308654,0.000000000
1898,2020-03-20 02:00:00,0.000000000,0.192389825,0.226344020,0.229694392,0.237235387,0.253290211,0.000000000
1899,2020-03-20 03:00:00,0.000000000,0.192390964,0.226337033,0.229686866,0.237226528,0.253277880,0.000000000
1900,2020-03-20 04:00:00,0.000000000,0.192392029,0.226330503,0.229679833,0.237218249,0.253266358,0.000000000
1901,2020-03-20 05:00:00,0.000000000,0.192392827,0.226325606,0.229674559,0.237212041,0.253257718,0.000000000
1902,2020-03-20 06:00:00,0.000000000,0.192393842,0.226319381,0.229667855,0.237204150,0.253246735,0.000000000
1903,2020-03-20 07:00:00,0.000000000,0.192394704,0.226314088,0.229662155,0.237197440,0.253237398,0.000000000
1904,2020-03-20 08:00:00,0.000000000,0.192395632,0.226308395,0.229656023,0.237190223,0.253227355,0.113182909
1905,2020-03-20 09:00:00,0.000000000,0.192389315,0.226347151,0.229697763,0.237239356,0.253295736,0.000000000
1906,2020-03-20 10:00:00,0.000000000,0.192390027,0.226342785,0.229693061,0.237233821,0.253288031,0.000000000
1907,2020-03-20 11:00:00,0.000000000,0.192390539,0.226339643,0.229689677,0.237229837,0.253282486,0.000000000
1908,2020-03-20 12:00:00,0.000000000,0.192391338,0.226334743,0.229684399,0.237223624,0.253273839,0.000000000
1909,2020-03-20 13:00:00,0.000000000,0.192392478,0.226327745,0.229676863,0.237214753,0.253261491,0.000000000
1910,2020-03-20 14:00:00,0.000000000,0.192393983,0.226318514,0.229666921,0.237203050,0.253245205,0.000000000
1911,2020-03-20 15:00:00,0.000000000,0.192397002,0.226299984,0.229646965,0.237179560,0.253212518,0.000000000
1912,2020-03-20 16:00:00,0.000000000,0.192401622,0.226271616,0.229616414,0.237143603,0.253162492,0.000000000
1913,2020-03-20 17:00:00,0.000000000,0.192407827,0.226233487,0.229575354,0.237095282,0.253095283,0.000000000
1914,2020-03-20 18:00:00,0.000000000,0.192417282,0.226175331,0.229512730,0.237021597,0.252992835,0.000000000
1915,2020-03-20 19:00:00,0.000000000,0.192427266,0.226113850,0.229446531,0.236943719,0.252884612,0.000000000
1916,2020-03-20 20:00:00,0.000000000,0.192436871,0.226054619,0.229382761,0.236868713,0.252780430,0.000000000
1917,2020-03-20 21:00:00,0.000000000,0.192444825,0.226005519,0.229329901,0.236806552,0.252694128,0.000000000
1918,2020-03-20 22:00:00,0.000000000,0.192445435,0.226001747,0.229325841,0.236801777,0.252687501,0.002401912
1919,2020-03-20 23:00:00,0.000000000,0.192445286,0.226002672,0.229326836,0.236802948,0.252689125,0.006955576
1920,2020-03-21 00:00:00,0.000000000,0.192444852,0.226005349,0.229329718,0.236806337,0.252693830,0.004753209
1921,2020-03-21 01:00:00,0.000000000,0.192444557,0.226007170,0.229331679,0.236808643,0.252697030,0.000000000
1922,2020-03-21 02:00:00,0.000000000,0.192445514,0.226001260,0.229325316,0.236801161,0.252686645,0.012094299
1923,2020-03-21 03:00:00,0.000000000,0.192444761,0.226005914,0.229330327,0.236807053,0.252694823,0.000000000
1924,2020-03-21 04:00:00,0.000000000,0.192449800,0.225974781,0.229296812,0.236767645,0.252640129,0.000000000
1925,2020-03-21 05:00:00,0.000000000,0.192457364,0.225928009,0.229246464,0.236708452,0.252558000,0.000000000
1926,2020-03-21 06:00:00,0.000000000,0.192466227,0.225873147,0.229187412,0.236639038,0.252461729,0.000000000
1927,2020-03-21 07:00:00,0.000000000,0.192475730,0.225814252,0.229124023,0.236564541,0.252358456,0.000000000
1928,2020-03-21 08:00:00,0.000000000,0.192484504,0.225759805,0.229065427,0.236495689,0.252263052,0.000000000
1929,2020-03-21 09:00:00,0.000000000,0.192492190,0.225712067,0.229014055,0.236435334,0.252179456,0.000000000
1930,2020-03-21 10:00:00,0.000000000,0.192498344,0.225673804,0.228972881,0.236386968,0.252112490,0.000000000
1931,2020-03-21 11:00:00,0.000000000,0.192503582,0.225641214,0.228937813,0.236345781,0.252055478,0.000000000
1932,2020-03-21 12:00:00,0.000000000,0.192509757,0.225602768,0.228896447,0.236297200,0.251988252,0.000000000
1933,2020-03-21 13:00:00,0.000000000,0.192517625,0.225553734,0.228843691,0.236235252,0.251902560,0.000000000
1934,2020-03-21 14:00:00,0.000000000,0.192528996,0.225482782,0.228767360,0.236145639,0.251778657,0.000000000
1935,2020-03-21 15:00:00,0.000000000,0.192542918,0.225395767,0.228673758,0.236035778,0.251626854,0.000000000
1936,2020-03-21 16:00:00,0.000000000,0.192558572,0.225297737,0.228568320,0.235912063,0.251456035,0.000000000
1937,2020-03-21 17:00:00,0.000000000,0.192575012,0.225194567,0.228457368,0.235781921,0.251276485,0.000000000
1938,2020-03-21 18:00:00,0.000000000,0.192595294,0.225066984,0.228320184,0.235621069,0.251054770,0.000000000
1939,2020-03-21 19:00:00,0.000000000,0.192615859,0.224937272,0.228180735,0.235457630,0.250829717,0.000000000
1940,2020-03-21 20:00:00,0.000000000,0.192634837,0.224817255,0.228051730,0.235306492,0.250621809,0.000000000
1941,2020-03-21 21:00:00,0.000000000,0.192651110,0.224714103,0.227940869,0.235176658,0.250443363,0.000000000
1942,2020-03-21 22:00:00,0.000000000,0.192661247,0.224649736,0.227871700,0.235095672,0.250332128,0.000000000
1943,2020-03-21 23:00:00,0.000000000,0.192667866,0.224607661,0.227826489,0.235042747,0.250259465,0.000000000
1944,2020-03-22 00:00:00,0.000000000,0.192673190,0.224573789,0.227790095,0.235000148,0.250200997,0.000000000
1945,2020-03-22 01:00:00,0.000000000,0.192679793,0.224531751,0.227744928,0.234947287,0.250128465,0.000000000
1946,2020-03-22 02:00:00,0.000000000,0.192684579,0.224501256,0.227712165,0.234908948,0.250075873,0.000000000
1947,2020-03-22 03:00:00,0.000000000,0.192688439,0.224476644,0.227685723,0.234878008,0.250033441,0.000000000
1948,2020-03-22 04:00:00,0.000000000,0.192692745,0.224449178,0.227656217,0.234843485,0.249986104,0.000000000
1949,2020-03-22 05:00:00,0.000000000,0.192697666,0.224417767,0.227622474,0.234804009,0.249931989,0.000000000
1950,2020-03-22 06:00:00,0.000000000,0.192700808,0.224397706,0.227600924,0.234778801,0.249897438,0.000000000
1951,2020-03-22 07:00:00,0.000000000,0.192700832,0.224397706,0.227600924,0.234778801,0.249897438,0.000000000
1952,2020-03-22 08:00:00,0.000000000,0.192700857,0.224397706,0.227600924,0.234778801,0.249897438,0.000000000
1953,2020-03-22 09:00:00,0.000000000,0.192700881,0.224397706,0.227600924,0.234778801,0.249897438,0.000000000
1954,2020-03-22 10:00:00,0.000000000,0.192700907,0.224397706,0.227600924,0.234778801,0.249897438,0.000000000
1955,2020-03-22 11:00:00,0.000000000,0.192700933,0.224397706,0.227600924,0.234778801,0.249897438,0.000000000
1956,2020-03-22 12:00:00,0.000000000,0.192700979,0.224397706,0.227600924,0.234778801,0.249897438,0.000000000
1957,2020-03-22 13:00:00,0.000000000,0.192701060,0.224397706,0.227600924,0.234778801,0.249897438,0.000000000
1958,2020-03-22 14:00:00,0.000000000,0.192701006,0.224396436,0.227599559,0.234777204,0.249895250,0.000000000
1959,2020-03-22 15:00:00,0.000000000,0.192701253,0.224394862,0.227597869,0.234775226,0.249892540,0.000000000
1960,2020-03-22 16:00:00,0.000000000,0.192701610,0.224392580,0.227595418,0.234772359,0.249888611,0.000000000
1961,2020-03-22 17:00:00,0.000000000,0.192715259,0.224305310,0.227501678,0.234662722,0.249738414,0.000000000
1962,2020-03-22 18:00:00,0.000000000,0.192729433,0.224214512,0.227404160,0.234548700,0.249582316,0.000000000
1963,2020-03-22 19:00:00,0.000000000,0.192744544,0.224117525,0.227300009,0.234426958,0.249415771,0.000000000
1964,2020-03-22 20:00:00,0.000000000,0.192756663,0.224039599,0.227216336,0.234329179,0.249282099,0.000000000
1965,2020-03-22 21:00:00,0.000000000,0.192767579,0.223969306,0.227140867,0.234241008,0.249161630,0.000000000
1966,2020-03-22 22:00:00,0.000000000,0.192770634,0.223949611,0.227119722,0.234216309,0.249127894,0.000000000
1967,2020-03-22 23:00:00,0.000000000,0.192777048,0.223908240,0.227075310,0.234164434,0.249057059,0.000000000
1968,2020-03-23 00:00:00,0.000000000,0.192781657,0.223878489,0.227043372,0.234127134,0.249006139,0.000000000
1969,2020-03-23 01:00:00,0.000000000,0.192786134,0.223849575,0.227012335,0.234090889,0.248956671,0.000000000
1970,2020-03-23 02:00:00,0.000000000,0.192789747,0.223826227,0.226987273,0.234061625,0.248916738,0.000000000
1971,2020-03-23 03:00:00,0.000000000,0.192793438,0.223802361,0.226961656,0.234031715,0.248875931,0.000000000
1972,2020-03-23 04:00:00,0.000000000,0.192793456,0.223802361,0.226961656,0.234031715,0.248875931,0.000000000
1973,2020-03-23 05:00:00,0.000000000,0.192793470,0.223802361,0.226961656,0.234031715,0.248875931,0.000000000
1974,2020-03-23 06:00:00,0.000000000,0.192793485,0.223802361,0.226961656,0.234031715,0.248875931,0.000000000
1975,2020-03-23 07:00:00,0.000000000,0.192793498,0.223802361,0.226961656,0.234031715,0.248875931,0.000000000
1976,2020-03-23 08:00:00,0.000000000,0.192793509,0.223802361,0.226961656,0.234031715,0.248875931,0.000000000
1977,2020-03-23 09:00:00,0.000000000,0.192793528,0.223802361,0.226961656,0.234031715,0.248875931,0.000000000
1978,2020-03-23 10:00:00,0.000000000,0.192793544,0.223802361,0.226961656,0.234031715,0.248875931,0.000000000
1979,2020-03-23 11:00:00,0.000000000,0.192793564,0.223802361,0.226961656,0.234031715,0.248875931,0.000000000
1980,2020-03-23 12:00:00,0.000000000,0.192793602,0.223802361,0.226961656,0.234031715,0.248875931,0.000000000
1981,2020-03-23 13:00:00,0.000000000,0.192793581,0.223801439,0.226960666,0.234030559,0.248874354,0.000000000
1982,2020-03-23 14:00:00,0.000000000,0.192793756,0.223800305,0.226959449,0.234029138,0.248872415,0.000000000
1983,2020-03-23 15:00:00,0.057894740,0.192793926,0.223799207,0.226958270,0.234027762,0.248870538,0.000000000
1984,2020-03-23 16:00:00,0.357380927,0.192798176,0.223771711,0.226928758,0.233993306,0.248823540,0.057894745
1985,2020-03-23 17:00:00,0.407969266,0.192798410,0.223770200,0.226927136,0.233991413,0.248820958,0.357380941
1986,2020-03-23 18:00:00,0.617119610,0.192780245,0.223887606,0.227053159,0.234138564,0.249021742,0.407969287
1987,2020-03-23 19:00:00,0.801152050,0.192758587,0.224027218,0.227203043,0.234313647,0.249260873,0.617119616
1988,2020-03-23 20:00:00,1.321905494,0.192723968,0.224249539,0.227441778,0.234592681,0.249642513,0.801152066
1989,2020-03-23 21:00:00,0.928252220,0.192677876,0.224543960,0.227758045,0.234962638,0.250149526,1.794648551
1990,2020-03-23 22:00:00,0.524280965,0.192574621,0.225197028,0.228460015,0.235785025,0.251280766,5.618713021
1991,2020-03-23 23:00:00,0.202408805,0.192283310,0.226992813,0.230393469,0.238059222,0.254440004,9.075624348
1992,2020-03-24 00:00:00,0.147485524,0.191844056,0.229578139,0.233185459,0.241367574,0.259121420,6.775270776
1993,2020-03-24 01:00:00,0.130272731,0.191487639,0.231575910,0.235350006,0.243953092,0.262855564,4.117086473
1994,2020-03-24 02:00:00,0.099987619,0.191255739,0.232830981,0.236713107,0.245590925,0.265257556,1.230272767
1995,2020-03-24 03:00:00,0.080397241,0.191188775,0.233187120,0.237100367,0.246057629,0.265947409,0.099987621
1996,2020-03-24 04:00:00,0.049614739,0.191196277,0.233147359,0.237057122,0.246005481,0.265870206,0.080397244
1997,2020-03-24 05:00:00,0.040578883,0.191204626,0.233103069,0.237008953,0.245947405,0.265784263,0.049614741
1998,2020-03-24 06:00:00,0.025406197,0.191215008,0.233047935,0.236948995,0.245875129,0.265677359,0.040578884
1999,2020-03-24 07:00:00,0.021905197,0.191225717,0.232990991,0.236887074,0.245800503,0.265567040,0.025406199
2000,2020-03-24 08:00:00,0.017251246,0.191237065,0.232930576,0.236821384,0.245721352,0.265450100,0.021905198
2001,2020-03-24 09:00:00,0.012081773,0.191248229,0.232871062,0.236756680,0.245643405,0.265335007,0.017251245
2002,2020-03-24 10:00:00,0.011338612,0.191259280,0.232812071,0.236692550,0.245566168,0.265221029,0.012081773
2003,2020-03-24 11:00:00,0.008405090,0.191270476,0.232752234,0.236627506,0.245487847,0.265105520,0.011338612
2004,2020-03-24 12:00:00,0.009183745,0.191281951,0.232690819,0.236560754,0.245407488,0.264987074,0.008405090
2005,2020-03-24 13:00:00,0.008860340,0.191293959,0.232626470,0.236490818,0.245323316,0.264863085,0.009183746
2006,2020-03-24 14:00:00,0.007233490,0.191307891,0.232551694,0.236409559,0.245225540,0.264719156,0.008860340
2007,2020-03-24 15:00:00,0.005724529,0.191325106,0.232459130,0.236308983,0.245104558,0.264541212,0.007233491
2008,2020-03-24 16:00:00,0.003586700,0.191344686,0.232353619,0.236194355,0.244966725,0.264338678,0.005724529
2009,2020-03-24 17:00:00,0.001834901,0.191365426,0.232241595,0.236072673,0.244820467,0.264123992,0.003586700
2010,2020-03-24 18:00:00,0.001043736,0.191387126,0.232124098,0.235945066,0.244667154,0.263899200,0.001834901
2011,2020-03-24 19:00:00,0.000505520,0.191408933,0.232005713,0.235816518,0.244512777,0.263673105,0.001043736
2012,2020-03-24 20:00:00,0.000218979,0.191429826,0.231892007,0.235693071,0.244364590,0.263456318,0.000505520
2013,2020-03-24 21:00:00,0.000112117,0.191447893,0.231793456,0.235586095,0.244236223,0.263268718,0.000218979
2014,2020-03-24 22:00:00,0.000041535,0.191460314,0.231725581,0.235512427,0.244147852,0.263139672,0.000112117
2015,2020-03-24 23:00:00,0.000027486,0.191472292,0.231660032,0.235441289,0.244062537,0.263015169,0.000041535
2016,2020-03-25 00:00:00,0.000016169,0.191483568,0.231598238,0.235374234,0.243982136,0.262897907,0.000027486
2017,2020-03-25 01:00:00,0.000010453,0.191493051,0.231546206,0.235317776,0.243914457,0.262799253,0.000016169
2018,2020-03-25 02:00:00,0.000006406,0.191501517,0.231499707,0.235267326,0.243853990,0.262711153,0.000010453
2019,2020-03-25 03:00:00,0.000004524,0.191508706,0.231460183,0.235224446,0.243802604,0.262636315,0.000006406
2020,2020-03-25 04:00:00,0.000003873,0.191515425,0.231423215,0.235184340,0.243754550,0.262566354,0.000004524
2021,2020-03-25 05:00:00,0.000003050,0.191521878,0.231387681,0.235145793,0.243708369,0.262499144,0.000003873
2022,2020-03-25 06:00:00,0.000002303,0.191528111,0.231353327,0.235108529,0.243663730,0.262434200,0.000003050
2023,2020-03-25 07:00:00,0.000002150,0.191533556,0.231323302,0.235075961,0.243624723,0.262377465,0.000002303
2024,2020-03-25 08:00:00,0.000001788,0.191538825,0.231294230,0.235044428,0.243586958,0.262322554,0.000002150
2025,2020-03-25 09:00:00,0.000001651,0.191543665,0.231267504,0.235015442,0.243552247,0.262272095,0.000001788
2026,2020-03-25 10:00:00,0.000001321,0.191548385,0.231241430,0.234987163,0.243518386,0.262222886,0.000001651
2027,2020-03-25 11:00:00,0.000001374,0.191552407,0.231219197,0.234963051,0.243489518,0.262180941,0.000001321
2028,2020-03-25 12:00:00,0.000001760,0.191557129,0.231193085,0.234934734,0.243455617,0.262131695,0.000001374
2029,2020-03-25 13:00:00,0.000001682,0.191562945,0.231160900,0.234899831,0.243413837,0.262071021,0.000001760
2030,2020-03-25 14:00:00,0.000001535,0.191570188,0.231120785,0.234856331,0.243361772,0.261995436,0.000001682
2031,2020-03-25 15:00:00,0.000000000,0.191576626,0.231085103,0.234817642,0.243315471,0.261928243,0.094300663
2032,2020-03-25 16:00:00,0.000000000,0.191576895,0.231085103,0.234817642,0.243315471,0.261928243,0.400000033
2033,2020-03-25 17:00:00,0.000000000,0.191557283,0.231192233,0.234933810,0.243454511,0.262130089,0.400000033
2034,2020-03-25 18:00:00,0.000000000,0.191540089,0.231287250,0.235036858,0.243577893,0.262309375,0.000000000
2035,2020-03-25 19:00:00,0.000000000,0.191549199,0.231236929,0.234982281,0.243512541,0.262214393,0.000000000
2036,2020-03-25 20:00:00,0.000000000,0.191557954,0.231188521,0.234929784,0.243449692,0.262123090,0.000000000
2037,2020-03-25 21:00:00,0.000000000,0.191566798,0.231139565,0.234876696,0.243386145,0.262030817,0.000000000
2038,2020-03-25 22:00:00,0.000000000,0.191574013,0.231099591,0.234833350,0.243334269,0.261955521,0.000000000
2039,2020-03-25 23:00:00,0.000000000,0.191580664,0.231062708,0.234793360,0.243286415,0.261886088,0.000000000
2040,2020-03-26 00:00:00,0.000000000,0.191586721,0.231029093,0.234756913,0.243242808,0.261822838,0.000000000
2041,2020-03-26 01:00:00,0.000000000,0.191591930,0.231000169,0.234725555,0.243205293,0.261768439,0.000000000
2042,2020-03-26 02:00:00,0.000000000,0.191596977,0.230972124,0.234695151,0.243168923,0.261715715,0.000000000
2043,2020-03-26 03:00:00,0.000000000,0.191601383,0.230947626,0.234668593,0.243137156,0.261669677,0.000000000
2044,2020-03-26 04:00:00,0.000000000,0.191605390,0.230925338,0.234644431,0.243108259,0.261627806,0.000000000
2045,2020-03-26 05:00:00,0.000000000,0.191609272,0.230903731,0.234621010,0.243080249,0.261587227,0.000000000
2046,2020-03-26 06:00:00,0.000000000,0.191612263,0.230887084,0.234602964,0.243058669,0.261555971,0.000000000
2047,2020-03-26 07:00:00,0.000000000,0.191614570,0.230874232,0.234589033,0.243042011,0.261531846,0.000000000
2048,2020-03-26 08:00:00,0.000000000,0.191616966,0.230860883,0.234574564,0.243024710,0.261506794,0.000000000
2049,2020-03-26 09:00:00,0.000000000,0.191618695,0.230851254,0.234564126,0.243012230,0.261488725,0.000000000
2050,2020-03-26 10:00:00,0.000000000,0.191620620,0.230840525,0.234552498,0.242998327,0.261468596,0.000000000
2051,2020-03-26 11:00:00,0.000000000,0.191622161,0.230831934,0.234543186,0.242987194,0.261452480,0.000000000
2052,2020-03-26 12:00:00,0.000000000,0.191624584,0.230818421,0.234528540,0.242969684,0.261427135,0.000000000
2053,2020-03-26 13:00:00,0.000000000,0.191629690,0.230789938,0.234497669,0.242932780,0.261373727,0.000000000
2054,2020-03-26 14:00:00,0.000000000,0.191637655,0.230745474,0.234449479,0.242875179,0.261290397,0.000000000
2055,2020-03-26 15:00:00,0.000000000,0.191649868,0.230677204,0.234375496,0.242786767,0.261162557,0.000000000
2056,2020-03-26 16:00:00,0.000000000,0.191664229,0.230596808,0.234288381,0.242682688,0.261012169,0.000000000
2057,2020-03-26 17:00:00,0.000000000,0.191684611,0.230482457,0.234164492,0.242534726,0.260798564,0.000000000
2058,2020-03-26 18:00:00,0.000000000,0.191704855,0.230368606,0.234041163,0.242387494,0.260586236,0.000000000
2059,2020-03-26 19:00:00,0.000000000,0.191725785,0.230250607,0.233913364,0.242234988,0.260366535,0.000000000
2060,2020-03-26 20:00:00,0.000000000,0.191739873,0.230171011,0.233827169,0.242132165,0.260218542,0.000000000
2061,2020-03-26 21:00:00,0.000000000,0.191752694,0.230098455,0.233748607,0.242038473,0.260083785,0.000000000
2062,2020-03-26 22:00:00,0.000000000,0.191756284,0.230078115,0.233726585,0.242012215,0.260046033,0.000000000
2063,2020-03-26 23:00:00,0.000000000,0.191758847,0.230063593,0.233710862,0.241993468,0.260019086,0.000000000
2064,2020-03-27 00:00:00,0.000000000,0.191763046,0.230039789,0.233685090,0.241962742,0.259974926,0.000000000
2065,2020-03-27 01:00:00,0.000000000,0.191766544,0.230019950,0.233663613,0.241937138,0.259938135,0.000000000
2066,2020-03-27 02:00:00,0.000000000,0.191769804,0.230001452,0.233643586,0.241913265,0.259903837,0.000000000
2067,2020-03-27 03:00:00,0.000000000,0.191771898,0.229989565,0.233630719,0.241897927,0.259881804,0.000000000
2068,2020-03-27 04:00:00,0.000000000,0.191773573,0.229980053,0.233620421,0.241885652,0.259864173,0.000835969
2069,2020-03-27 05:00:00,0.000000000,0.191773243,0.229980053,0.233620421,0.241885652,0.259864173,0.000890337
2070,2020-03-27 06:00:00,0.000000000,0.191772891,0.229980053,0.233620421,0.241885652,0.259864173,0.000000000
2071,2020-03-27 07:00:00,0.000000000,0.191773569,0.229980076,0.233620445,0.241885682,0.259864216,0.002573673
2072,2020-03-27 08:00:00,0.000000000,0.191773399,0.229981043,0.233621493,0.241886930,0.259866009,0.000000000
2073,2020-03-27 09:00:00,0.000000000,0.191773706,0.229979300,0.233619606,0.241884681,0.259862779,0.000000000
2074,2020-03-27 10:00:00,0.000000000,0.191774189,0.229976559,0.233616639,0.241881144,0.259857699,0.000000000
2075,2020-03-27 11:00:00,0.000000000,0.191774375,0.229975504,0.233615496,0.241879782,0.259855743,0.000000000
2076,2020-03-27 12:00:00,0.000000000,0.191775361,0.229969899,0.233609429,0.241872551,0.259845358,0.000000000
2077,2020-03-27 13:00:00,0.000000000,0.191777853,0.229955745,0.233594107,0.241854289,0.259819132,0.000000000
2078,2020-03-27 14:00:00,0.000000000,0.191785693,0.229911185,0.233545873,0.241796807,0.259736607,0.000000000
2079,2020-03-27 15:00:00,0.000000000,0.191804857,0.229802089,0.233427793,0.241656125,0.259534774,0.000000000
2080,2020-03-27 16:00:00,0.000000000,0.191828427,0.229667557,0.233282207,0.241482747,0.259286307,0.000000000
2081,2020-03-27 17:00:00,0.000000000,0.191858266,0.229496686,0.233097339,0.241262705,0.258971399,0.000000000
2082,2020-03-27 18:00:00,0.000000000,0.191887252,0.229330101,0.232917150,0.241048361,0.258665108,0.000000000
2083,2020-03-27 19:00:00,0.000000000,0.191916568,0.229161018,0.232734304,0.240830982,0.258354944,0.000000000
2084,2020-03-27 20:00:00,0.000000000,0.191942321,0.229011973,0.232573163,0.240639514,0.258082136,0.000000000
2085,2020-03-27 21:00:00,0.000000000,0.191963761,0.228887534,0.232438651,0.240479763,0.257854794,0.000000000
2086,2020-03-27 22:00:00,0.000000000,0.191969131,0.228856316,0.232404910,0.240439702,0.257797822,0.000000000
2087,2020-03-27 23:00:00,0.000000000,0.191973659,0.228829972,0.232376438,0.240405900,0.257749764,0.000000000
2088,2020-03-28 00:00:00,0.000000000,0.191975507,0.228819221,0.232364819,0.240392107,0.257730156,0.000000000
2089,2020-03-28 01:00:00,0.000000000,0.191975969,0.228816532,0.232361913,0.240388657,0.257725252,0.000000000
2090,2020-03-28 02:00:00,0.000000000,0.191976210,0.228815130,0.232360397,0.240386858,0.257722695,0.000000000
2091,2020-03-28 03:00:00,0.000000000,0.191980588,0.228789638,0.232332847,0.240354155,0.257676216,0.000000000
2092,2020-03-28 04:00:00,0.000000000,0.191981625,0.228783598,0.232326320,0.240346408,0.257665206,0.000000000
2093,2020-03-28 05:00:00,0.000000000,0.191985171,0.228762939,0.232303994,0.240319909,0.257627554,0.000000000
2094,2020-03-28 06:00:00,0.000000000,0.191987503,0.228749345,0.232289304,0.240302474,0.257602785,0.000000000
2095,2020-03-28 07:00:00,0.000000000,0.191988033,0.228746260,0.232285970,0.240298518,0.257597164,0.000000000
2096,2020-03-28 08:00:00,0.000000000,0.191990385,0.228732545,0.232271150,0.240280929,0.257572181,0.000000000
2097,2020-03-28 09:00:00,0.000000000,0.191992936,0.228717670,0.232255075,0.240261853,0.257545087,0.000000000
2098,2020-03-28 10:00:00,0.000000000,0.191993120,0.228716596,0.232253916,0.240260477,0.257543133,0.000000000
2099,2020-03-28 11:00:00,0.000000000,0.191993335,0.228715343,0.232252562,0.240258870,0.257540851,0.000000000
2100,2020-03-28 12:00:00,0.000000000,0.191995017,0.228705530,0.232241957,0.240246287,0.257522981,0.000000000
2101,2020-03-28 13:00:00,0.000000000,0.191997768,0.228689473,0.232224607,0.240225698,0.257493746,0.000000000
2102,2020-03-28 14:00:00,0.000000000,0.192002132,0.228664001,0.232197084,0.240193043,0.257447385,0.000000000
2103,2020-03-28 15:00:00,0.000000000,0.192010990,0.228612243,0.232141161,0.240126698,0.257353228,0.000000000
2104,2020-03-28 16:00:00,0.000000000,0.192026185,0.228523332,0.232045106,0.240012770,0.257191638,0.000000000
2105,2020-03-28 17:00:00,0.000000000,0.192043834,0.228419847,0.231933319,0.239880227,0.257003804,0.000000000
2106,2020-03-28 18:00:00,0.000000000,0.192060940,0.228319332,0.231824757,0.239751553,0.256821614,0.000000000
2107,2020-03-28 19:00:00,0.000000000,0.192077643,0.228220973,0.231718539,0.239625700,0.256643572,0.000000000
2108,2020-03-28 20:00:00,0.000000000,0.192092581,0.228132838,0.231623373,0.239512979,0.256484236,0.057894745
2109,2020-03-28 21:00:00,0.000000000,0.192095867,0.228113428,0.231602416,0.239488160,0.256449169,0.396326479
2110,2020-03-28 22:00:00,0.000000000,0.192074022,0.228242312,0.231741581,0.239652999,0.256682178,0.381329374
2111,2020-03-28 23:00:00,0.000000000,0.192052417,0.228369437,0.231878871,0.239815687,0.256912401,0.936042079
2112,2020-03-29 00:00:00,0.000000000,0.191995193,0.228704501,0.232240845,0.240244967,0.257521107,0.491113531
2113,2020-03-29 01:00:00,0.000000000,0.191964707,0.228882034,0.232432707,0.240472705,0.257844756,1.794212267
2114,2020-03-29 02:00:00,0.000000000,0.191855291,0.229513752,0.233115800,0.241284673,0.259002817,1.709024832
2115,2020-03-29 03:00:00,0.000000000,0.191749941,0.230114046,0.233765487,0.242058603,0.260112730,1.592906108
2116,2020-03-29 04:00:00,0.000000000,0.191650255,0.230675043,0.234373155,0.242783969,0.261158513,1.080687821
2117,2020-03-29 05:00:00,0.000000000,0.191583004,0.231049722,0.234779279,0.243269568,0.261861649,0.405340248
2118,2020-03-29 06:00:00,0.000000000,0.191559263,0.231181274,0.234921925,0.243440283,0.262109426,0.648317854
2119,2020-03-29 07:00:00,0.000000000,0.191520619,0.231394611,0.235153311,0.243717375,0.262512250,0.098164382
2120,2020-03-29 08:00:00,0.000000000,0.191518087,0.231408556,0.235168438,0.243735497,0.262538623,0.098161952
2121,2020-03-29 09:00:00,0.000000000,0.191515668,0.231421874,0.235182886,0.243752807,0.262563817,1.810668709
2122,2020-03-29 10:00:00,0.000000000,0.191407958,0.232011017,0.235822276,0.244519691,0.263683226,2.111354547
2123,2020-03-29 11:00:00,0.000000000,0.191285021,0.232674377,0.236542884,0.245385978,0.264955381,0.000000000
2124,2020-03-29 12:00:00,0.000000000,0.191296415,0.232613295,0.236476500,0.245306085,0.264837714,0.000000000
2125,2020-03-29 13:00:00,0.000000000,0.191307676,0.232552851,0.236410816,0.245227052,0.264721381,0.000000000
2126,2020-03-29 14:00:00,0.000000000,0.191319187,0.232490975,0.236343583,0.245146173,0.264602403,0.000000000
2127,2020-03-29 15:00:00,0.000000000,0.191331126,0.232426716,0.236273767,0.245062207,0.264478958,0.057894745
2128,2020-03-29 16:00:00,0.000000000,0.191339457,0.232381823,0.236224995,0.245003562,0.264392787,1.820222155
2129,2020-03-29 17:00:00,0.000000000,0.191237228,0.232929708,0.236820441,0.245720215,0.265448421,0.000000000
2130,2020-03-29 18:00:00,0.000000000,0.191252790,0.232846726,0.236730224,0.245611540,0.265287976,0.000000000
2131,2020-03-29 19:00:00,0.000000000,0.191268002,0.232765465,0.236641889,0.245505164,0.265131053,0.000000000
2132,2020-03-29 20:00:00,0.000000000,0.191282566,0.232687527,0.236557176,0.245403181,0.264980727,0.057894745
2133,2020-03-29 21:00:00,0.000000000,0.191292924,0.232632017,0.236496847,0.245330571,0.264873769,0.000000000
2134,2020-03-29 22:00:00,0.000000000,0.191305333,0.232565433,0.236424489,0.245243502,0.264745588,0.000000000
2135,2020-03-29 23:00:00,0.000000000,0.191316592,0.232504934,0.236358751,0.245164418,0.264629235,0.000000000
2136,2020-03-30 00:00:00,0.000000000,0.191327542,0.232446014,0.236294733,0.245087421,0.264516018,0.561949054
2137,2020-03-30 01:00:00,0.000000000,0.191301330,0.232586926,0.236447845,0.245271604,0.264786950,0.000000000
2138,2020-03-30 02:00:00,0.000000000,0.191312479,0.232527040,0.236382770,0.245193311,0.264671737,0.000000000
2139,2020-03-30 03:00:00,0.000000000,0.191323487,0.232467841,0.236318447,0.245115940,0.264557946,0.000000000
2140,2020-03-30 04:00:00,0.000000000,0.191334038,0.232411028,0.236256723,0.245041712,0.264448839,0.000000000
2141,2020-03-30 05:00:00,0.000000000,0.191344555,0.232354325,0.236195123,0.244967647,0.264340033,0.000000000
2142,2020-03-30 06:00:00,0.000000000,0.191354302,0.232301718,0.236137977,0.244898953,0.264239169,0.000000000
2143,2020-03-30 07:00:00,0.000000000,0.191363671,0.232251089,0.236082984,0.244832859,0.264142173,0.000000000
2144,2020-03-30 08:00:00,0.000000000,0.191372620,0.232202676,0.236030402,0.244769674,0.264049490,0.000000000
2145,2020-03-30 09:00:00,0.000000000,0.191381348,0.232155415,0.235979075,0.244708008,0.263959076,0.000000000
2146,2020-03-30 10:00:00,0.000000000,0.191389625,0.232110547,0.235930351,0.244649478,0.263873300,0.000000000
2147,2020-03-30 11:00:00,0.000000000,0.191397875,0.232065785,0.235881744,0.244591100,0.263787783,0.000000000
2148,2020-03-30 12:00:00,0.000000000,0.191406471,0.232019096,0.235831048,0.244530224,0.263698644,0.000000000
2149,2020-03-30 13:00:00,0.000000000,0.191416021,0.231967170,0.235774671,0.244462536,0.263599580,0.000000000
2150,2020-03-30 14:00:00,0.000000000,0.191427713,0.231903522,0.235705572,0.244379592,0.263478255,0.000000000
2151,2020-03-30 15:00:00,0.000000000,0.191443024,0.231820037,0.235614947,0.244270840,0.263319291,0.000000000
2152,2020-03-30 16:00:00,0.000000000,0.191460373,0.231725258,0.235512076,0.244147431,0.263139057,0.000000000
2153,2020-03-30 17:00:00,0.000000000,0.191478948,0.231623564,0.235401715,0.244015085,0.262945953,0.000000000
2154,2020-03-30 18:00:00,0.000000000,0.191495170,0.231534570,0.235305151,0.243899324,0.262777201,0.000000000
2155,2020-03-30 19:00:00,0.000000000,0.191510499,0.231450317,0.235213742,0.243789778,0.262617640,0.000000000
2156,2020-03-30 20:00:00,0.000000000,0.191523863,0.231376741,0.235133927,0.243694154,0.262478460,0.097375637
2157,2020-03-30 21:00:00,0.000000000,0.191526340,0.231363093,0.235119122,0.243676419,0.262452658,0.000000000
2158,2020-03-30 22:00:00,0.000000000,0.191533857,0.231321641,0.235074159,0.243622564,0.262374326,0.000000000
2159,2020-03-30 23:00:00,0.000000000,0.191540202,0.231286629,0.235036184,0.243577086,0.262308202,0.000000000
2160,2020-03-31 00:00:00,0.000000000,0.191546115,0.231253970,0.235000763,0.243534670,0.262246550,0.000000000
2161,2020-03-31 01:00:00,0.000000000,0.191551716,0.231223020,0.234967197,0.243494481,0.262188152,0.000000000
2162,2020-03-31 02:00:00,0.000000000,0.191556786,0.231194980,0.234936789,0.243458077,0.262135269,0.000000000
2163,2020-03-31 03:00:00,0.000000000,0.191561460,0.231169117,0.234908742,0.243424503,0.262086509,0.000000000
2164,2020-03-31 04:00:00,0.000000000,0.191565721,0.231145527,0.234883160,0.243393883,0.262042050,0.000000000
2165,2020-03-31 05:00:00,0.000000000,0.191569771,0.231123098,0.234858839,0.243364774,0.261999793,0.000000000
2166,2020-03-31 06:00:00,0.000000000,0.191573673,0.231101474,0.234835392,0.243336713,0.261959067,0.000000000
2167,2020-03-31 07:00:00,0.000000000,0.191577188,0.231081986,0.234814261,0.243311426,0.261922374,0.000000000
2168,2020-03-31 08:00:00,0.000000000,0.191580813,0.231061878,0.234792459,0.243285338,0.261884524,0.000000000
2169,2020-03-31 09:00:00,0.000000000,0.191583962,0.231044408,0.234773518,0.243262675,0.261851651,0.000000000
2170,2020-03-31 10:00:00,0.000000000,0.191587347,0.231025621,0.234753149,0.243238304,0.261816306,0.000000000
2171,2020-03-31 11:00:00,0.000000000,0.191590698,0.231007011,0.234732972,0.243214166,0.261781304,0.000000000
2172,2020-03-31 12:00:00,0.000000000,0.191594724,0.230984642,0.234708722,0.243185156,0.261739246,0.000000000
2173,2020-03-31 13:00:00,0.000000000,0.191600011,0.230955254,0.234676861,0.243147046,0.261684009,0.000000000
2174,2020-03-31 14:00:00,0.000000000,0.191607162,0.230915479,0.234633744,0.243095478,0.261609289,0.000000000
2175,2020-03-31 15:00:00,0.000000000,0.191617779,0.230856356,0.234569657,0.243018843,0.261498299,0.000000000
2176,2020-03-31 16:00:00,0.000000000,0.191630861,0.230783403,0.234490586,0.242924313,0.261361476,0.000000000
2177,2020-03-31 17:00:00,0.000000000,0.191645890,0.230699451,0.234399604,0.242815574,0.261204202,0.000000000
2178,2020-03-31 18:00:00,0.000000000,0.191660923,0.230615329,0.234308449,0.242706661,0.261046799,0.000000000
2179,2020-03-31 19:00:00,0.000000000,0.191674153,0.230541165,0.234228093,0.242610679,0.260908185,0.000000000
2180,2020-03-31 20:00:00,0.000000000,0.191689161,0.230456897,0.234136802,0.242501664,0.260750865,0.000000000
2181,2020-03-31 21:00:00,0.000000000,0.191702110,0.230384061,0.234057903,0.242407476,0.260615038,0.000000000
2182,2020-03-31 22:00:00,0.000000000,0.191710562,0.230336459,0.234006345,0.242345938,0.260526346,0.000000000
2183,2020-03-31 23:00:00,0.000000000,0.191714577,0.230313835,0.233981841,0.242316695,0.260484213,0.000000000
2184,2020-04-01 00:00:00,0.000000000,0.191718183,0.230293501,0.233959818,0.242290416,0.260446357,0.000000000
2185,2020-04-01 01:00:00,0.000000000,0.191721686,0.230273741,0.233938418,0.242264881,0.260409580,0.000000000
2186,2020-04-01 02:00:00,0.000000000,0.191723736,0.230262172,0.233925888,0.242249931,0.260388051,0.000000000
2187,2020-04-01 03:00:00,0.000000000,0.191725688,0.230251156,0.233913958,0.242235697,0.260367556,0.000000000
2188,2020-04-01 04:00:00,0.000000000,0.191727319,0.230241945,0.233903983,0.242223797,0.260350422,0.000000000
2189,2020-04-01 05:00:00,0.000000000,0.191729320,0.230230646,0.233891748,0.242209199,0.260329407,0.000000000
2190,2020-04-01 06:00:00,0.000000000,0.191730444,0.230224298,0.233884872,0.242200997,0.260317600,0.000000000
2191,2020-04-01 07:00:00,0.000000000,0.191731365,0.230219096,0.233879239,0.242194277,0.260307927,0.000000000
2192,2020-04-01 08:00:00,0.000000000,0.191732106,0.230214912,0.233874708,0.242188871,0.260300146,0.000000000
2193,2020-04-01 09:00:00,0.000000000,0.191732106,0.230214912,0.233874708,0.242188871,0.260300146,0.000000000
2194,2020-04-01 10:00:00,0.000000000,0.191732106,0.230214912,0.233874708,0.242188871,0.260300146,0.000000000
2195,2020-04-01 11:00:00,0.000000000,0.191732106,0.230214912,0.233874708,0.242188871,0.260300146,0.000000000
2196,2020-04-01 12:00:00,0.000000000,0.191732147,0.230214912,0.233874708,0.242188871,0.260300146,0.000000000
2197,2020-04-01 13:00:00,0.000000000,0.191732370,0.230213418,0.233873091,0.242186942,0.260297369,0.000000000
2198,2020-04-01 14:00:00,0.000000000,0.191737887,0.230182241,0.233839329,0.242146670,0.260239412,0.000000000
2199,2020-04-01 15:00:00,0.000000000,0.191745703,0.230138029,0.233791456,0.242089572,0.260157269,0.000000000
2200,2020-04-01 16:00:00,0.000000000,0.191757034,0.230073870,0.233721988,0.242006734,0.260038155,0.000000000
2201,2020-04-01 17:00:00,0.000000000,0.191769895,0.230000935,0.233643027,0.241912598,0.259902879,0.000000000
2202,2020-04-01 18:00:00,0.000000000,0.191783963,0.229921022,0.233556520,0.241809495,0.259754820,0.000000000
2203,2020-04-01 19:00:00,0.000000000,0.191798174,0.229840162,0.233468998,0.241705212,0.259605175,0.000000000
2204,2020-04-01 20:00:00,0.000000000,0.191811507,0.229764172,0.233386757,0.241607247,0.259464697,0.000000000
2205,2020-04-01 21:00:00,0.000000000,0.191823069,0.229698175,0.233315338,0.241522195,0.259342814,0.000000000
2206,2020-04-01 22:00:00,0.000000000,0.191831581,0.229649526,0.233262697,0.241459519,0.259253042,0.000000000
2207,2020-04-01 23:00:00,0.000000000,0.191837406,0.229616203,0.233226642,0.241416595,0.259191585,0.000000000
2208,2020-04-02 00:00:00,0.000000000,0.191840784,0.229596873,0.233205727,0.241391699,0.259155948,0.000000000
2209,2020-04-02 01:00:00,0.000000000,0.191844313,0.229576662,0.233183861,0.241365673,0.259118699,0.000000000
2210,2020-04-02 02:00:00,0.000000000,0.191847113,0.229560627,0.233166513,0.241345025,0.259089152,0.000000000
2211,2020-04-02 03:00:00,0.000000000,0.191849826,0.229545080,0.233149692,0.241325006,0.259060510,0.000000000
2212,2020-04-02 04:00:00,0.000000000,0.191851388,0.229536126,0.233140005,0.241313477,0.259044018,0.000000000
2213,2020-04-02 05:00:00,0.000000000,0.191854730,0.229516966,0.233119278,0.241288811,0.259008735,0.000000000
2214,2020-04-02 06:00:00,0.000000000,0.191859100,0.229491900,0.233092161,0.241256544,0.258962589,0.000000000
2215,2020-04-02 07:00:00,0.000000000,0.191863110,0.229468888,0.233067267,0.241226924,0.258920238,0.000000000
2216,2020-04-02 08:00:00,0.000000000,0.191867082,0.229446085,0.233042601,0.241197578,0.258878286,0.000000000
2217,2020-04-02 09:00:00,0.000000000,0.191870930,0.229423979,0.233018689,0.241169132,0.258837629,0.000000000
2218,2020-04-02 10:00:00,0.000000000,0.191874880,0.229401275,0.232994131,0.241139918,0.258795884,0.000000000
2219,2020-04-02 11:00:00,0.000000000,0.191878915,0.229378075,0.232969037,0.241110070,0.258753242,0.000000000
2220,2020-04-02 12:00:00,0.000000000,0.191883903,0.229349377,0.232937998,0.241073154,0.258700513,0.000000000
2221,2020-04-02 13:00:00,0.000000000,0.191890338,0.229312330,0.232897931,0.241025505,0.258632475,0.000000000
2222,2020-04-02 14:00:00,0.000000000,0.191898028,0.229268020,0.232850010,0.240968526,0.258551142,0.000000000
2223,2020-04-02 15:00:00,0.000000000,0.191906737,0.229217784,0.232795686,0.240903942,0.258458994,0.000000000
2224,2020-04-02 16:00:00,0.000000000,0.191917532,0.229155443,0.232728275,0.240823817,0.258344729,0.000000000
2225,2020-04-02 17:00:00,0.000000000,0.191930233,0.229081993,0.232648862,0.240729447,0.258210230,0.000000000
2226,2020-04-02 18:00:00,0.000000000,0.191944513,0.228999269,0.232559430,0.240623201,0.258058910,0.000000000
2227,2020-04-02 19:00:00,0.000000000,0.191959147,0.228914346,0.232467631,0.240514175,0.257903745,0.000000000
2228,2020-04-02 20:00:00,0.000000000,0.191972968,0.228833992,0.232380783,0.240411058,0.257757096,0.199197957
2229,2020-04-02 21:00:00,0.000000000,0.191969523,0.228854034,0.232402444,0.240436774,0.257793658,0.057894745
2230,2020-04-02 22:00:00,0.000000000,0.191972993,0.228833847,0.232380626,0.240410872,0.257756832,0.000000000
2231,2020-04-02 23:00:00,0.000000000,0.191978741,0.228800395,0.232344473,0.240367955,0.257695828,0.057894745
2232,2020-04-03 00:00:00,0.000000000,0.191979032,0.228798699,0.232342640,0.240365780,0.257692736,0.309997608
2233,2020-04-03 01:00:00,0.000000000,0.191962163,0.228896823,0.232448691,0.240491685,0.257871752,0.374413204
2234,2020-04-03 02:00:00,0.000000000,0.191940511,0.229022468,0.232584509,0.240652992,0.258101329,0.770285442
2235,2020-04-03 03:00:00,0.000000000,0.191893625,0.229293398,0.232877455,0.241001158,0.258597717,0.089652222
2236,2020-04-03 04:00:00,0.000000000,0.191889974,0.229314427,0.232900198,0.241028202,0.258636324,0.000000000
2237,2020-04-03 05:00:00,0.000000000,0.191892210,0.229301550,0.232886271,0.241011641,0.258612682,0.000000000
2238,2020-04-03 06:00:00,0.000000000,0.191894065,0.229290861,0.232874712,0.240997897,0.258593062,0.154425874
2239,2020-04-03 07:00:00,0.000000000,0.191885747,0.229338766,0.232926521,0.241059505,0.258681021,0.000000000
2240,2020-04-03 08:00:00,0.000000000,0.191887377,0.229329383,0.232916374,0.241047438,0.258663789,0.000000000
2241,2020-04-03 09:00:00,0.000000000,0.191888981,0.229320149,0.232906386,0.241035560,0.258646830,2.658621202
2242,2020-04-03 10:00:00,0.000000000,0.191730472,0.230224141,0.233884702,0.242200794,0.260317308,2.317920985
2243,2020-04-03 11:00:00,0.000000000,0.191590527,0.231007962,0.234734003,0.243215399,0.261783092,0.094246326
2244,2020-04-03 12:00:00,0.000000000,0.191587210,0.231026380,0.234753971,0.243239288,0.261817733,0.118064956
2245,2020-04-03 13:00:00,0.000000000,0.191582739,0.231051195,0.234780876,0.243271479,0.261864421,0.470706635
2246,2020-04-03 14:00:00,0.000000000,0.191556019,0.231199221,0.234941388,0.243463583,0.262143266,0.569052389
2247,2020-04-03 15:00:00,0.000000000,0.191524326,0.231374193,0.235131163,0.243690842,0.262473642,0.000000000
2248,2020-04-03 16:00:00,0.000000000,0.191530588,0.231339670,0.235093715,0.243645987,0.262408391,0.000000000
2249,2020-04-03 17:00:00,0.000000000,0.191537381,0.231302196,0.235053068,0.243597305,0.262337598,0.000000000
2250,2020-04-03 18:00:00,0.000000000,0.191544543,0.231262656,0.235010184,0.243545951,0.262262945,0.000000000
2251,2020-04-03 19:00:00,0.000000000,0.191552366,0.231219423,0.234963296,0.243489811,0.262181367,0.000000000
2252,2020-04-03 20:00:00,0.000000000,0.191559774,0.231178451,0.234918863,0.243436619,0.262104104,0.000000000
2253,2020-04-03 21:00:00,0.000000000,0.191567279,0.231136902,0.234873808,0.243382689,0.262025798,0.000000000
2254,2020-04-03 22:00:00,0.000000000,0.191573898,0.231100224,0.234834037,0.243335091,0.261956713,0.000000000
2255,2020-04-03 23:00:00,0.000000000,0.191579521,0.231069047,0.234800232,0.243294639,0.261898018,0.000000000
2256,2020-04-04 00:00:00,0.000000000,0.191584023,0.231044067,0.234773148,0.243262232,0.261851008,0.000000000
2257,2020-04-04 01:00:00,0.000000000,0.191587874,0.231022695,0.234749976,0.243234509,0.261810802,0.000000000
2258,2020-04-04 02:00:00,0.000000000,0.191591652,0.231001711,0.234727227,0.243207292,0.261771338,0.000000000
2259,2020-04-04 03:00:00,0.000000000,0.191595022,0.230982989,0.234706929,0.243183012,0.261736138,0.000000000
2260,2020-04-04 04:00:00,0.000000000,0.191598593,0.230963140,0.234685410,0.243157272,0.261698829,0.000000000
2261,2020-04-04 05:00:00,0.000000000,0.191602368,0.230942151,0.234662657,0.243130057,0.261659389,0.000000000
2262,2020-04-04 06:00:00,0.000000000,0.191606341,0.230920049,0.234638697,0.243101402,0.261617870,0.000000000
2263,2020-04-04 07:00:00,0.000000000,0.191610156,0.230898813,0.234615678,0.243073873,0.261577992,0.000000000
2264,2020-04-04 08:00:00,0.000000000,0.191614127,0.230876703,0.234591711,0.243045214,0.261536485,0.000000000
2265,2020-04-04 09:00:00,0.000000000,0.191617057,0.230860376,0.234574014,0.243024053,0.261505842,0.000000000
2266,2020-04-04 10:00:00,0.000000000,0.191620050,0.230843700,0.234555939,0.243002442,0.261474553,0.000000000
2267,2020-04-04 11:00:00,0.000000000,0.191623275,0.230825721,0.234536451,0.242979142,0.261440825,0.000000000
2268,2020-04-04 12:00:00,0.000000000,0.191626826,0.230805917,0.234514987,0.242953482,0.261403685,0.000000000
2269,2020-04-04 13:00:00,0.000000000,0.191631984,0.230777138,0.234483796,0.242916196,0.261349732,0.000000000
2270,2020-04-04 14:00:00,0.000000000,0.191638409,0.230741259,0.234444911,0.242869720,0.261282500,0.000000000
2271,2020-04-04 15:00:00,0.000000000,0.191647712,0.230689265,0.234388565,0.242802383,0.261185132,0.000000000
2272,2020-04-04 16:00:00,0.000000000,0.191659103,0.230625519,0.234319491,0.242719852,0.261065856,0.000000000
2273,2020-04-04 17:00:00,0.000000000,0.191672146,0.230552422,0.234240290,0.242625246,0.260929216,0.000000000
2274,2020-04-04 18:00:00,0.000000000,0.191685671,0.230476506,0.234158045,0.242527028,0.260787457,0.000000000
2275,2020-04-04 19:00:00,0.000000000,0.191700327,0.230394097,0.234068774,0.242420452,0.260633746,0.000000000
2276,2020-04-04 20:00:00,0.000000000,0.191714060,0.230316745,0.233984993,0.242320457,0.260489632,0.000000000
2277,2020-04-04 21:00:00,0.000000000,0.191723884,0.230261337,0.233924984,0.242248852,0.260386497,0.000000000
2278,2020-04-04 22:00:00,0.000000000,0.191726840,0.230244652,0.233906915,0.242227294,0.260355457,0.000000000
2279,2020-04-04 23:00:00,0.000000000,0.191728553,0.230234976,0.233896437,0.242214793,0.260337460,0.000000000
2280,2020-04-05 00:00:00,0.000000000,0.191729319,0.230230652,0.233891754,0.242209206,0.260329418,0.000000000
2281,2020-04-05 01:00:00,0.000000000,0.191730069,0.230226417,0.233887167,0.242203734,0.260321540,0.000000000
2282,2020-04-05 02:00:00,0.000000000,0.191732483,0.230212778,0.233872397,0.242186115,0.260296178,0.000000000
2283,2020-04-05 03:00:00,0.000000000,0.191735549,0.230195453,0.233853636,0.242163735,0.260263970,0.000000000
2284,2020-04-05 04:00:00,0.000000000,0.191737680,0.230183408,0.233840593,0.242148178,0.260241582,0.000000000
2285,2020-04-05 05:00:00,0.000000000,0.191739729,0.230171824,0.233828049,0.242133215,0.260220053,0.000000000
2286,2020-04-05 06:00:00,0.000000000,0.191741622,0.230161121,0.233816460,0.242119393,0.260200166,0.000000000
2287,2020-04-05 07:00:00,0.000000000,0.191743251,0.230151906,0.233806482,0.242107492,0.260183046,0.000000000
2288,2020-04-05 08:00:00,0.000000000,0.191745083,0.230141540,0.233795257,0.242094105,0.260163789,0.000000000
2289,2020-04-05 09:00:00,0.000000000,0.191746401,0.230134082,0.233787182,0.242084475,0.260149938,0.000000000
2290,2020-04-05 10:00:00,0.000000000,0.191747497,0.230127879,0.233780466,0.242076465,0.260138418,0.000000000
2291,2020-04-05 11:00:00,0.000000000,0.191748505,0.230122171,0.233774286,0.242069095,0.260127818,0.000000000
2292,2020-04-05 12:00:00,0.000000000,0.191750383,0.230111538,0.233762772,0.242055365,0.260108074,0.000000000
2293,2020-04-05 13:00:00,0.000000000,0.191753262,0.230095234,0.233745120,0.242034315,0.260077807,0.000000000
2294,2020-04-05 14:00:00,0.000000000,0.191756878,0.230074754,0.233722946,0.242007876,0.260039796,0.000000000
2295,2020-04-05 15:00:00,0.000000000,0.191762533,0.230042698,0.233688239,0.241966496,0.259980321,0.000000000
2296,2020-04-05 16:00:00,0.000000000,0.191771091,0.229994147,0.233635678,0.241903839,0.259890296,0.000000000
2297,2020-04-05 17:00:00,0.000000000,0.191781581,0.229934564,0.233571179,0.241826964,0.259779899,0.000000000
2298,2020-04-05 18:00:00,0.000000000,0.191793493,0.229866814,0.233497845,0.241739579,0.259654480,0.000000000
2299,2020-04-05 19:00:00,0.000000000,0.191805271,0.229799729,0.233425238,0.241653082,0.259530411,0.000000000
2300,2020-04-05 20:00:00,0.000000000,0.191816075,0.229738109,0.233358552,0.241573656,0.259416551,0.000000000
2301,2020-04-05 21:00:00,0.000000000,0.191825620,0.229683599,0.233299566,0.241503416,0.259315912,0.000000000
2302,2020-04-05 22:00:00,0.000000000,0.191831827,0.229648119,0.233261174,0.241457706,0.259250446,0.000000000
2303,2020-04-05 23:00:00,0.000000000,0.191837039,0.229618306,0.233228917,0.241419304,0.259195463,0.000000000
2304,2020-04-06 00:00:00,0.000000000,0.191841279,0.229594040,0.233202662,0.241388051,0.259150727,0.000000000
2305,2020-04-06 01:00:00,0.000000000,0.191844372,0.229576329,0.233183500,0.241365244,0.259118085,0.000000000
2306,2020-04-06 02:00:00,0.000000000,0.191846804,0.229562398,0.233168428,0.241347305,0.259092414,0.000000000
2307,2020-04-06 03:00:00,0.000000000,0.191847649,0.229557554,0.233163187,0.241341067,0.259083489,0.000000000
2308,2020-04-06 04:00:00,0.000000000,0.191848092,0.229555016,0.233160442,0.241337800,0.259078815,0.000000000
2309,2020-04-06 05:00:00,0.000000000,0.191848894,0.229550424,0.233155474,0.241331886,0.259070354,0.000000000
2310,2020-04-06 06:00:00,0.000000000,0.191849237,0.229548457,0.233153346,0.241329355,0.259066732,0.002728058
2311,2020-04-06 07:00:00,0.000000000,0.191849057,0.229549485,0.233154458,0.241330678,0.259068626,0.000000000
2312,2020-04-06 08:00:00,0.000000000,0.191849510,0.229546892,0.233151653,0.241327339,0.259063849,0.005085159
2313,2020-04-06 09:00:00,0.000000000,0.191849175,0.229548808,0.233153726,0.241329806,0.259067378,0.003969543
2314,2020-04-06 10:00:00,0.000000000,0.191848914,0.229550304,0.233155344,0.241331732,0.259070134,0.001791927
2315,2020-04-06 11:00:00,0.000000000,0.191848797,0.229550979,0.233156075,0.241332602,0.259071378,0.000000000
2316,2020-04-06 12:00:00,0.000000000,0.191849833,0.229545041,0.233149650,0.241324956,0.259060439,0.000000000
2317,2020-04-06 13:00:00,0.000000000,0.191854700,0.229517141,0.233119467,0.241289036,0.259009057,0.000000000
2318,2020-04-06 14:00:00,0.000000000,0.191865197,0.229456910,0.233054310,0.241211509,0.258898199,0.000000000
2319,2020-04-06 15:00:00,0.000000000,0.191879853,0.229372682,0.232963205,0.241103133,0.258743332,0.000000000
2320,2020-04-06 16:00:00,0.000000000,0.191898391,0.229265927,0.232847747,0.240965835,0.258547302,0.000000000
2321,2020-04-06 17:00:00,0.000000000,0.191919131,0.229146206,0.232718288,0.240811948,0.258327808,0.000000000
2322,2020-04-06 18:00:00,0.000000000,0.191942065,0.229013462,0.232574773,0.240641427,0.258084860,0.000000000
2323,2020-04-06 19:00:00,0.000000000,0.191962450,0.228895157,0.232446890,0.240489546,0.257868709,0.000000000
2324,2020-04-06 20:00:00,0.000000000,0.191980495,0.228790182,0.232333435,0.240354853,0.257677208,0.000000000
2325,2020-04-06 21:00:00,0.000000000,0.191990992,0.228729005,0.232267325,0.240276390,0.257565733,0.000000000
2326,2020-04-06 22:00:00,0.000000000,0.191996890,0.228694600,0.232230147,0.240232273,0.257503081,0.000000000
2327,2020-04-06 23:00:00,0.000000000,0.192007360,0.228633457,0.232164082,0.240153889,0.257391812,0.000000000
2328,2020-04-07 00:00:00,0.000000000,0.192010387,0.228615766,0.232144968,0.240131214,0.257359635,0.000000000
2329,2020-04-07 01:00:00,0.000000000,0.192012651,0.228602533,0.232130670,0.240114254,0.257335571,0.000000000
2330,2020-04-07 02:00:00,0.000000000,0.192015159,0.228587866,0.232114824,0.240095457,0.257308905,0.000000000
2331,2020-04-07 03:00:00,0.000000000,0.192020488,0.228556687,0.232081139,0.240055504,0.257252235,0.000000000
2332,2020-04-07 04:00:00,0.000000000,0.192023088,0.228541464,0.232064693,0.240035999,0.257224575,0.000000000
2333,2020-04-07 05:00:00,0.000000000,0.192026215,0.228523154,0.232044913,0.240012541,0.257191314,0.000000000
2334,2020-04-07 06:00:00,0.000000000,0.192028657,0.228508851,0.232029461,0.239994218,0.257165337,0.000000000
2335,2020-04-07 07:00:00,0.000000000,0.192031616,0.228491509,0.232010727,0.239972003,0.257133847,0.000000000
2336,2020-04-07 08:00:00,0.000000000,0.192034084,0.228477045,0.231995103,0.239953478,0.257107591,0.000000000
2337,2020-04-07 09:00:00,0.000000000,0.192036073,0.228465382,0.231982504,0.239938539,0.257086420,0.000000000
2338,2020-04-07 10:00:00,0.000000000,0.192037601,0.228456420,0.231972824,0.239927062,0.257070157,0.000000000
2339,2020-04-07 11:00:00,0.000000000,0.192038224,0.228452766,0.231968877,0.239922382,0.257063526,0.000000000
2340,2020-04-07 12:00:00,0.000000000,0.192039720,0.228443990,0.231959397,0.239911143,0.257047601,0.000000000
2341,2020-04-07 13:00:00,0.000000000,0.192045721,0.228408770,0.231921355,0.239866045,0.256983715,0.000000000
2342,2020-04-07 14:00:00,0.000000000,0.192054560,0.228356844,0.231865270,0.239799567,0.256889578,0.000000000
2343,2020-04-07 15:00:00,0.000000000,0.192069412,0.228269467,0.231770905,0.239687741,0.256731322,0.000000000
2344,2020-04-07 16:00:00,0.000000000,0.192089183,0.228152902,0.231645036,0.239538635,0.256520491,0.000000000
2345,2020-04-07 17:00:00,0.000000000,0.192109526,0.228032660,0.231515219,0.239384914,0.256303356,0.000000000
2346,2020-04-07 18:00:00,0.000000000,0.192131439,0.227902793,0.231375034,0.239218987,0.256069233,0.000000000
2347,2020-04-07 19:00:00,0.000000000,0.192151950,0.227780913,0.231243494,0.239063359,0.255849878,0.000000000
2348,2020-04-07 20:00:00,0.000000000,0.192168194,0.227684162,0.231139091,0.238939883,0.255676002,0.000000000
2349,2020-04-07 21:00:00,0.000000000,0.192184507,0.227586805,0.231034047,0.238815691,0.255501263,0.000000000
2350,2020-04-07 22:00:00,0.000000000,0.192188290,0.227564199,0.231009659,0.238786862,0.255460721,0.000000000
2351,2020-04-07 23:00:00,0.000000000,0.192191555,0.227544679,0.230988600,0.238761972,0.255425724,0.000000000
2352,2020-04-08 00:00:00,0.000000000,0.192193641,0.227532202,0.230975140,0.238746063,0.255403359,0.000000000
2353,2020-04-08 01:00:00,0.000000000,0.192195046,0.227523796,0.230966072,0.238735346,0.255388293,0.000000000
2354,2020-04-08 02:00:00,0.000000000,0.192196001,0.227518085,0.230959911,0.238728065,0.255378058,0.000000000
2355,2020-04-08 03:00:00,0.000000000,0.192196627,0.227514340,0.230955871,0.238723290,0.255371347,0.000000000
2356,2020-04-08 04:00:00,0.000000000,0.192197145,0.227511241,0.230952527,0.238719339,0.255365793,0.000000000
2357,2020-04-08 05:00:00,0.000000000,0.192197598,0.227508529,0.230949602,0.238715882,0.255360935,0.000000000
2358,2020-04-08 06:00:00,0.000000000,0.192198067,0.227505720,0.230946572,0.238712300,0.255355901,0.466431987
2359,2020-04-08 07:00:00,0.000000000,0.192168988,0.227679428,0.231133982,0.238933843,0.255667500,0.598104810
2360,2020-04-08 08:00:00,0.000000000,0.192131655,0.227901509,0.231373648,0.239217347,0.256066920,1.637506693
2361,2020-04-08 09:00:00,0.000000000,0.192032479,0.228486451,0.232005264,0.239965525,0.257124665,0.295129885
2362,2020-04-08 10:00:00,0.000000000,0.192014039,0.228594418,0.232121902,0.240103853,0.257320815,0.096085680
2363,2020-04-08 11:00:00,0.000000000,0.192008289,0.228628030,0.232158218,0.240146932,0.257381940,0.191813132
2364,2020-04-08 12:00:00,0.000000000,0.191996841,0.228694887,0.232230458,0.240232641,0.257503604,0.000000000
2365,2020-04-08 13:00:00,0.000000000,0.191998376,0.228685926,0.232220774,0.240221151,0.257487290,0.000000000
2366,2020-04-08 14:00:00,0.000000000,0.192000501,0.228673523,0.232207373,0.240205250,0.257464714,0.000000000
2367,2020-04-08 15:00:00,0.000000000,0.192004699,0.228649003,0.232180879,0.240173816,0.257420094,0.000000000
2368,2020-04-08 16:00:00,0.000000000,0.192011628,0.228608511,0.232137129,0.240121915,0.257346441,0.000000000
2369,2020-04-08 17:00:00,0.000000000,0.192020022,0.228559411,0.232084081,0.240058993,0.257257184,0.000000000
2370,2020-04-08 18:00:00,0.000000000,0.192029676,0.228502878,0.232023009,0.239986567,0.257154491,0.000000000
2371,2020-04-08 19:00:00,0.000000000,0.192037941,0.228454422,0.231970666,0.239924504,0.257066532,0.000000000
2372,2020-04-08 20:00:00,0.000000000,0.192045413,0.228410579,0.231923308,0.239868360,0.256986995,0.000000000
2373,2020-04-08 21:00:00,0.000000000,0.192051277,0.228376134,0.231886105,0.239824261,0.256924542,0.000000000
2374,2020-04-08 22:00:00,0.000000000,0.192052237,0.228370497,0.231880017,0.239817045,0.256914324,0.000000000
2375,2020-04-08 23:00:00,0.000000000,0.192053141,0.228365183,0.231874276,0.239810241,0.256904691,0.000000000
2376,2020-04-09 00:00:00,0.000000000,0.192054828,0.228355268,0.231863568,0.239797550,0.256886723,0.000000000
2377,2020-04-09 01:00:00,0.000000000,0.192057199,0.228341330,0.231848515,0.239779709,0.256861466,0.000000000
2378,2020-04-09 02:00:00,0.000000000,0.192058432,0.228334081,0.231840685,0.239770430,0.256848332,0.000000000
2379,2020-04-09 03:00:00,0.000000000,0.192059675,0.228326772,0.231832793,0.239761076,0.256835092,0.000000000
2380,2020-04-09 04:00:00,0.000000000,0.192061095,0.228318416,0.231823768,0.239750381,0.256819955,0.000000000
2381,2020-04-09 05:00:00,0.000000000,0.192062444,0.228310484,0.231815202,0.239740230,0.256805589,0.000000000
2382,2020-04-09 06:00:00,0.000000000,0.192062821,0.228308261,0.231812801,0.239737385,0.256801563,0.003375415
2383,2020-04-09 07:00:00,0.000000000,0.192062604,0.228309543,0.231814185,0.239739025,0.256803884,0.005381126
2384,2020-04-09 08:00:00,0.000000000,0.192062256,0.228311586,0.231816392,0.239741640,0.256807585,0.008306645
2385,2020-04-09 09:00:00,0.000000000,0.192061720,0.228314740,0.231819797,0.239745676,0.256813296,0.008175671
2386,2020-04-09 10:00:00,0.000000000,0.192061193,0.228317843,0.231823149,0.239749648,0.256818918,0.005195274
2387,2020-04-09 11:00:00,0.000000000,0.192060857,0.228319816,0.231825280,0.239752173,0.256822491,0.000000000
2388,2020-04-09 12:00:00,0.000000000,0.192060999,0.228318981,0.231824378,0.239751104,0.256820978,0.000000000
2389,2020-04-09 13:00:00,0.000000000,0.192061539,0.228315803,0.231820946,0.239747037,0.256815223,0.268839952
2390,2020-04-09 14:00:00,0.000000000,0.192045488,0.228410135,0.231922828,0.239867791,0.256986189,0.553179876
2391,2020-04-09 15:00:00,0.000000000,0.192011176,0.228611154,0.232139985,0.240125303,0.257351248,1.174905242
2392,2020-04-09 16:00:00,0.000000000,0.191939670,0.229027342,0.232589778,0.240659252,0.258110242,3.964000507
2393,2020-04-09 17:00:00,0.000000000,0.191713414,0.230320392,0.233988942,0.242325170,0.260496422,3.661914752
2394,2020-04-09 18:00:00,0.000000000,0.191504077,0.231485637,0.235252060,0.243835695,0.262684506,5.626578422
2395,2020-04-09 19:00:00,0.000000000,0.191201395,0.233120214,0.237027599,0.245969885,0.265817525,5.160330556
2396,2020-04-09 20:00:00,0.000000000,0.190922656,0.234575637,0.238612219,0.247885646,0.268673341,3.015843345
2397,2020-04-09 21:00:00,0.000000000,0.190759711,0.235405354,0.239517176,0.248984518,0.270330830,0.000000000
2398,2020-04-09 22:00:00,0.000000000,0.190790845,0.235247988,0.239345451,0.248775722,0.270014777,0.000000000
2399,2020-04-09 23:00:00,0.000000000,0.190824087,0.235079366,0.239161488,0.248552190,0.269676999,0.000000000
2400,2020-04-10 00:00:00,0.000000000,0.190856018,0.234916797,0.238984175,0.248336876,0.269352209,0.000000000
2401,2020-04-10 01:00:00,0.000000000,0.190883842,0.234774659,0.238829182,0.248148778,0.269068925,0.000000000
2402,2020-04-10 02:00:00,0.000000000,0.190910935,0.234635829,0.238677830,0.247965197,0.268792849,0.000000000
2403,2020-04-10 03:00:00,0.000000000,0.190937381,0.234499902,0.238529674,0.247785588,0.268523133,0.000000000
2404,2020-04-10 04:00:00,0.000000000,0.190960955,0.234378392,0.238397258,0.247625140,0.268282511,0.000000000
2405,2020-04-10 05:00:00,0.000000000,0.190981700,0.234271196,0.238280461,0.247483680,0.268070615,0.000000000
2406,2020-04-10 06:00:00,0.000000000,0.191003451,0.234158528,0.238157723,0.247335087,0.267848287,0.000000000
2407,2020-04-10 07:00:00,0.000000000,0.191023478,0.234054544,0.238044464,0.247198026,0.267643440,0.000000000
2408,2020-04-10 08:00:00,0.000000000,0.191043613,0.233949758,0.237930350,0.247059985,0.267437349,0.000000000
2409,2020-04-10 09:00:00,0.000000000,0.191062356,0.233852005,0.237823911,0.246931279,0.267245394,0.000000000
2410,2020-04-10 10:00:00,0.000000000,0.191081087,0.233754100,0.237717323,0.246802440,0.267053429,0.000000000
2411,2020-04-10 11:00:00,0.000000000,0.191100255,0.233653689,0.237608023,0.246670373,0.266856854,0.000000000
2412,2020-04-10 12:00:00,0.000000000,0.191120731,0.233546188,0.237491023,0.246529058,0.266646733,0.000000000
2413,2020-04-10 13:00:00,0.000000000,0.191142553,0.233431339,0.237366047,0.246378172,0.266422634,0.000000000
2414,2020-04-10 14:00:00,0.000000000,0.191166718,0.233303825,0.237227316,0.246210755,0.266174284,0.000000000
2415,2020-04-10 15:00:00,0.000000000,0.191191598,0.233172163,0.237084099,0.246038011,0.265918361,0.000000000
2416,2020-04-10 16:00:00,0.000000000,0.191215979,0.233042776,0.236943384,0.245868367,0.265667360,0.000000000
2417,2020-04-10 17:00:00,0.000000000,0.191241844,0.232905106,0.236793692,0.245687991,0.265400832,0.000000000
2418,2020-04-10 18:00:00,0.000000000,0.191266295,0.232774590,0.236651807,0.245517107,0.265148664,0.000000000
2419,2020-04-10 19:00:00,0.000000000,0.191289291,0.232651494,0.236518014,0.245356045,0.264911288,0.000000000
2420,2020-04-10 20:00:00,0.000000000,0.191311552,0.232532026,0.236388188,0.245199829,0.264681325,0.000000000
2421,2020-04-10 21:00:00,0.000000000,0.191331707,0.232423585,0.236270364,0.245058116,0.264472945,0.000000000
2422,2020-04-10 22:00:00,0.000000000,0.191347903,0.232336261,0.236175499,0.244944057,0.264305389,0.000000000
2423,2020-04-10 23:00:00,0.000000000,0.191362541,0.232257197,0.236089618,0.244840831,0.264153869,0.000000000
2424,2020-04-11 00:00:00,0.000000000,0.191376701,0.232180583,0.236006408,0.244740846,0.264007217,0.000000000
2425,2020-04-11 01:00:00,0.000000000,0.191390726,0.232104577,0.235923867,0.244641691,0.263861890,0.000000000
2426,2020-04-11 02:00:00,0.000000000,0.191403246,0.232036618,0.235850073,0.244553068,0.263732090,0.000000000
2427,2020-04-11 03:00:00,0.000000000,0.191414190,0.231977130,0.235785485,0.244475518,0.263618576,0.000000000
2428,2020-04-11 04:00:00,0.000000000,0.191425000,0.231918296,0.235721611,0.244398843,0.263506407,0.000000000
2429,2020-04-11 05:00:00,0.000000000,0.191435580,0.231860646,0.235659027,0.244323733,0.263396590,0.000000000
2430,2020-04-11 06:00:00,0.000000000,0.191445139,0.231808494,0.235602418,0.244255806,0.263297327,0.000000000
2431,2020-04-11 07:00:00,0.000000000,0.191454171,0.231759163,0.235548873,0.244191570,0.263203502,0.000000000
2432,2020-04-11 08:00:00,0.000000000,0.191462960,0.231711106,0.235496717,0.244129009,0.263112168,0.000000000
2433,2020-04-11 09:00:00,0.000000000,0.191471623,0.231663693,0.235445262,0.244067301,0.263022118,0.000000000
2434,2020-04-11 10:00:00,0.000000000,0.191480287,0.231616228,0.235393755,0.244005541,0.262932035,0.000000000
2435,2020-04-11 11:00:00,0.000000000,0.191488750,0.231569813,0.235343390,0.243945161,0.262844003,0.000000000
2436,2020-04-11 12:00:00,0.000000000,0.191499018,0.231513438,0.235282222,0.243871843,0.262737161,0.000000000
2437,2020-04-11 13:00:00,0.000000000,0.191511417,0.231445268,0.235208264,0.243783215,0.262608083,0.000000000
2438,2020-04-11 14:00:00,0.000000000,0.191526194,0.231363894,0.235119991,0.243677460,0.262454172,0.000000000
2439,2020-04-11 15:00:00,0.000000000,0.191543147,0.231270363,0.235018542,0.243555959,0.262277492,0.000000000
2440,2020-04-11 16:00:00,0.000000000,0.191562508,0.231163316,0.234902451,0.243416973,0.262075575,0.000000000
2441,2020-04-11 17:00:00,0.000000000,0.191581309,0.231059128,0.234789478,0.243281770,0.261879350,0.000000000
2442,2020-04-11 18:00:00,0.000000000,0.191601679,0.230945980,0.234666808,0.243135022,0.261666584,0.000000000
2443,2020-04-11 19:00:00,0.000000000,0.191620044,0.230843732,0.234555973,0.243002482,0.261474612,0.000000000
2444,2020-04-11 20:00:00,0.000000000,0.191637640,0.230745555,0.234449567,0.242875285,0.261290549,0.000000000
2445,2020-04-11 21:00:00,0.000000000,0.191653193,0.230658607,0.234355343,0.242762687,0.261127753,0.000000000
2446,2020-04-11 22:00:00,0.000000000,0.191665232,0.230591186,0.234282290,0.242675412,0.261001660,0.000000000
2447,2020-04-11 23:00:00,0.000000000,0.191675186,0.230535373,0.234221819,0.242603185,0.260897366,0.000000000
2448,2020-04-12 00:00:00,0.000000000,0.191677263,0.230523717,0.234209191,0.242588104,0.260875596,0.000000000
2449,2020-04-12 01:00:00,0.000000000,0.191678814,0.230515012,0.234199760,0.242576842,0.260859341,0.000000000
2450,2020-04-12 02:00:00,0.000000000,0.191679379,0.230511841,0.234196325,0.242572739,0.260853419,0.000000000
2451,2020-04-12 03:00:00,0.000000000,0.191679649,0.230510321,0.234194677,0.242570772,0.260850580,0.000000000
2452,2020-04-12 04:00:00,0.000000000,0.191679872,0.230509069,0.234193322,0.242569153,0.260848244,0.000000000
2453,2020-04-12 05:00:00,0.000000000,0.191680085,0.230507878,0.234192031,0.242567612,0.260846020,0.000000000
2454,2020-04-12 06:00:00,0.000000000,0.191680245,0.230506979,0.234191057,0.242566449,0.260844341,0.000000000
2455,2020-04-12 07:00:00,0.000000000,0.191680372,0.230506263,0.234190281,0.242565522,0.260843003,0.000000000
2456,2020-04-12 08:00:00,0.000000000,0.191680466,0.230505736,0.234189711,0.242564841,0.260842020,0.000000000
2457,2020-04-12 09:00:00,0.000000000,0.191680466,0.230505736,0.234189711,0.242564841,0.260842020,0.000000000
2458,2020-04-12 10:00:00,0.000000000,0.191680466,0.230505736,0.234189711,0.242564841,0.260842020,0.000000000
2459,2020-04-12 11:00:00,0.000000000,0.191680466,0.230505736,0.234189711,0.242564841,0.260842020,0.000000000
2460,2020-04-12 12:00:00,0.000000000,0.191680561,0.230505736,0.234189711,0.242564841,0.260842020,0.000000000
2461,2020-04-12 13:00:00,0.000000000,0.191681181,0.230501720,0.234185359,0.242559644,0.260834521,0.000000000
2462,2020-04-12 14:00:00,0.000000000,0.191686567,0.230471474,0.234152593,0.242520519,0.260778065,0.000000000
2463,2020-04-12 15:00:00,0.000000000,0.191697728,0.230408720,0.234084614,0.242439360,0.260661007,0.000000000
2464,2020-04-12 16:00:00,0.000000000,0.191713348,0.230320760,0.233989341,0.242325646,0.260497108,0.000000000
2465,2020-04-12 17:00:00,0.000000000,0.191731969,0.230215682,0.233875542,0.242189866,0.260301578,0.000000000
2466,2020-04-12 18:00:00,0.000000000,0.191748244,0.230123650,0.233775886,0.242071004,0.260130564,0.000000000
2467,2020-04-12 19:00:00,0.000000000,0.191763091,0.230039535,0.233684816,0.241962415,0.259974456,0.000000000
2468,2020-04-12 20:00:00,0.000000000,0.191776716,0.229962209,0.233601104,0.241862629,0.259831108,0.000000000
2469,2020-04-12 21:00:00,0.000000000,0.191787462,0.229901129,0.233534988,0.241783836,0.259717990,0.000000000
2470,2020-04-12 22:00:00,0.000000000,0.191792196,0.229874198,0.233505837,0.241749102,0.259668144,0.000000000
2471,2020-04-12 23:00:00,0.000000000,0.191794432,0.229861466,0.233492057,0.241732683,0.259644586,0.000000000
2472,2020-04-13 00:00:00,0.000000000,0.191796506,0.229849664,0.233479283,0.241717464,0.259622752,0.000000000
2473,2020-04-13 01:00:00,0.000000000,0.191797694,0.229842896,0.233471958,0.241708737,0.259610233,0.000000000
2474,2020-04-13 02:00:00,0.000000000,0.191798213,0.229839944,0.233468762,0.241704930,0.259604771,0.001701855
2475,2020-04-13 03:00:00,0.000000000,0.191798100,0.229840582,0.233469453,0.241705754,0.259605953,0.003949788
2476,2020-04-13 04:00:00,0.000000000,0.191797840,0.229842068,0.233471061,0.241707669,0.259608700,0.005405268
2477,2020-04-13 05:00:00,0.000000000,0.191797486,0.229844083,0.233473242,0.241710268,0.259612428,0.000000000
2478,2020-04-13 06:00:00,0.000000000,0.191797610,0.229843373,0.233472474,0.241709353,0.259611115,0.052932833
2479,2020-04-13 07:00:00,0.000000000,0.191794123,0.229863227,0.233493963,0.241734954,0.259647844,0.886488374
2480,2020-04-13 08:00:00,0.000000000,0.191737289,0.230185617,0.233842985,0.242151030,0.260245687,1.201866178
2481,2020-04-13 09:00:00,0.000000000,0.191660681,0.230616685,0.234309918,0.242708416,0.261049334,1.506679121
2482,2020-04-13 10:00:00,0.000000000,0.191567428,0.231136073,0.234872910,0.243381614,0.262024238,1.010743438
2483,2020-04-13 11:00:00,0.000000000,0.191505930,0.231475448,0.235241006,0.243822448,0.262665212,2.408441856
2484,2020-04-13 12:00:00,0.000000000,0.191364100,0.232248765,0.236080460,0.244829826,0.264137722,2.998119794
2485,2020-04-13 13:00:00,0.000000000,0.191192167,0.233169146,0.237080818,0.246034054,0.265912504,1.853836534
2486,2020-04-13 14:00:00,0.000000000,0.191088493,0.233715329,0.237675117,0.246751437,0.266977490,2.743920982
2487,2020-04-13 15:00:00,0.000000000,0.190935365,0.234510278,0.238540983,0.247799294,0.268543702,2.942642277
2488,2020-04-13 16:00:00,0.000000000,0.190773868,0.235333864,0.239439157,0.248889641,0.270187150,6.586867448
2489,2020-04-13 17:00:00,0.000000000,0.190430853,0.237034750,0.241297751,0.251157118,0.273651476,2.058192899
2490,2020-04-13 18:00:00,0.000000000,0.190332800,0.237509308,0.241817205,0.251793612,0.274635664,1.156720134
2491,2020-04-13 19:00:00,0.000000000,0.190294266,0.237694424,0.242019941,0.252042361,0.275021733,6.416348106
2492,2020-04-13 20:00:00,0.000000000,0.189962940,0.239254945,0.243731421,0.254149839,0.278325961,4.487524848
2493,2020-04-13 21:00:00,0.000000000,0.189732535,0.240308331,0.244889188,0.255583314,0.280608733,3.283260844
2494,2020-04-13 22:00:00,0.000000000,0.189573212,0.241022099,0.245674841,0.256559745,0.282180736,3.917634012
2495,2020-04-13 23:00:00,0.000000000,0.189379954,0.241872346,0.246611955,0.257728382,0.284080984,2.078195075
2496,2020-04-14 00:00:00,0.000000000,0.189303319,0.242204894,0.246978847,0.258187112,0.284832636,0.009641189
2497,2020-04-14 01:00:00,0.000000000,0.189375597,0.241891321,0.246632884,0.257754533,0.284123745,0.013689474
2498,2020-04-14 02:00:00,0.000000000,0.189445169,0.241587303,0.246297639,0.257335927,0.283440513,0.016900970
2499,2020-04-14 03:00:00,0.000000000,0.189512200,0.241292342,0.245972547,0.256930532,0.282781401,0.005783266
2500,2020-04-14 04:00:00,0.000000000,0.189577868,0.241001406,0.245652051,0.256531378,0.282134868,0.000000000
2501,2020-04-14 05:00:00,0.000000000,0.189647232,0.240691951,0.245311326,0.256107585,0.281451031,0.000000000
2502,2020-04-14 06:00:00,0.000000000,0.189715004,0.240387446,0.244976225,0.255691339,0.280781957,0.000000000
2503,2020-04-14 07:00:00,0.000000000,0.189781192,0.240087988,0.244646843,0.255282727,0.280127616,0.000000000
2504,2020-04-14 08:00:00,0.000000000,0.189844946,0.239797576,0.244327569,0.254887153,0.279496450,0.000000000
2505,2020-04-14 09:00:00,0.000000000,0.189906394,0.239515829,0.244017968,0.254504029,0.278887280,0.000000000
2506,2020-04-14 10:00:00,0.000000000,0.189965173,0.239244611,0.243720073,0.254135820,0.278303780,0.000000000
2507,2020-04-14 11:00:00,0.000000000,0.190022189,0.238979916,0.243429470,0.253777031,0.277737030,0.000000000
2508,2020-04-14 12:00:00,0.000000000,0.190079269,0.238713315,0.243136903,0.253416216,0.277168878,0.000000000
2509,2020-04-14 13:00:00,0.000000000,0.190136753,0.238443187,0.242840594,0.253051195,0.276595917,0.000000000
2510,2020-04-14 14:00:00,0.000000000,0.190195394,0.238165909,0.242536578,0.252677104,0.276010596,0.000000000
2511,2020-04-14 15:00:00,0.000000000,0.190253036,0.237891647,0.242236003,0.252307667,0.275434399,0.000000000
2512,2020-04-14 16:00:00,0.000000000,0.190310746,0.237615348,0.241933331,0.251936072,0.274856668,0.000000000
2513,2020-04-14 17:00:00,0.000000000,0.190366156,0.237348434,0.241641067,0.251577651,0.274301141,0.000000000
2514,2020-04-14 18:00:00,0.000000000,0.190419100,0.237091898,0.241360284,0.251233677,0.273769578,0.000000000
2515,2020-04-14 19:00:00,0.000000000,0.190469980,0.236843962,0.241089024,0.250901706,0.273258013,0.000000000
2516,2020-04-14 20:00:00,0.000000000,0.190515168,0.236622605,0.240846932,0.250605711,0.272803077,0.000000000
2517,2020-04-14 21:00:00,0.000000000,0.190558780,0.236407920,0.240612221,0.250318989,0.272363453,0.000000000
2518,2020-04-14 22:00:00,0.000000000,0.190594647,0.236230590,0.240418407,0.250082414,0.272001497,0.000000000
2519,2020-04-14 23:00:00,0.000000000,0.190627107,0.236069500,0.240242391,0.249867706,0.271673604,0.000000000
2520,2020-04-15 00:00:00,0.000000000,0.190665859,0.235876422,0.240031481,0.249610616,0.271281741,0.000000000
2521,2020-04-15 01:00:00,0.000000000,0.190698480,0.235713243,0.239853282,0.249393551,0.270951521,0.000000000
2522,2020-04-15 02:00:00,0.000000000,0.190730675,0.235551619,0.239676825,0.249178746,0.270625308,0.000000000
2523,2020-04-15 03:00:00,0.000000000,0.190763801,0.235384711,0.239494647,0.248957118,0.270289325,0.000000000
2524,2020-04-15 04:00:00,0.000000000,0.190793447,0.235234814,0.239331076,0.248758251,0.269988354,0.000000000
2525,2020-04-15 05:00:00,0.000000000,0.190822096,0.235089483,0.239172524,0.248565595,0.269697239,0.000000000
2526,2020-04-15 06:00:00,0.000000000,0.190847090,0.234962309,0.239033810,0.248397135,0.269443051,0.173684222
2527,2020-04-15 07:00:00,0.000000000,0.190859411,0.234899487,0.238965298,0.248313961,0.269317676,0.769982631
2528,2020-04-15 08:00:00,0.000000000,0.190832185,0.235038191,0.239116575,0.248497638,0.269594659,0.584224279
2529,2020-04-15 09:00:00,0.000000000,0.190818041,0.235110082,0.239194995,0.248592894,0.269738462,0.192975556
2530,2020-04-15 10:00:00,0.000000000,0.190830131,0.235048637,0.239127968,0.248511476,0.269615542,0.198913935
2531,2020-04-15 11:00:00,0.000000000,0.190842278,0.234986821,0.239060544,0.248429596,0.269492004,0.000000000
2532,2020-04-15 12:00:00,0.000000000,0.190869518,0.234847887,0.238909029,0.248245667,0.269214791,0.000000000
2533,2020-04-15 13:00:00,0.000000000,0.190897483,0.234704815,0.238753035,0.248056404,0.268929960,0.000000000
2534,2020-04-15 14:00:00,0.000000000,0.190926526,0.234555744,0.238590536,0.247859359,0.268633868,0.000000000
2535,2020-04-15 15:00:00,0.000000000,0.190957799,0.234394679,0.238415005,0.247646640,0.268314736,0.000000000
2536,2020-04-15 16:00:00,0.000000000,0.190989875,0.234228884,0.238234366,0.247427867,0.267987076,0.000000000
2537,2020-04-15 17:00:00,0.000000000,0.191022213,0.234061121,0.238051627,0.247206692,0.267656387,0.000000000
2538,2020-04-15 18:00:00,0.000000000,0.191058039,0.233874535,0.237848442,0.246960937,0.267289609,0.000000000
2539,2020-04-15 19:00:00,0.000000000,0.191090699,0.233703776,0.237662542,0.246736242,0.266954871,0.000000000
2540,2020-04-15 20:00:00,0.000000000,0.191126894,0.233513782,0.237455758,0.246486475,0.266583461,0.000000000
2541,2020-04-15 21:00:00,0.000000000,0.191158678,0.233346289,0.237273512,0.246266495,0.266256934,0.000000000
2542,2020-04-15 22:00:00,0.000000000,0.191182342,0.233221189,0.237137423,0.246102320,0.266013596,0.000000000
2543,2020-04-15 23:00:00,0.000000000,0.191205956,0.233096009,0.237001274,0.245938148,0.265770568,0.000000000
2544,2020-04-16 00:00:00,0.000000000,0.191220358,0.233019495,0.236918068,0.245837855,0.265622249,0.000000000
2545,2020-04-16 01:00:00,0.000000000,0.191233579,0.232949144,0.236841572,0.245745675,0.265486028,0.000000000
2546,2020-04-16 02:00:00,0.000000000,0.191246266,0.232881531,0.236768061,0.245657115,0.265355245,0.000000000
2547,2020-04-16 03:00:00,0.000000000,0.191258476,0.232816365,0.236697218,0.245571790,0.265229323,0.000000000
2548,2020-04-16 04:00:00,0.000000000,0.191270238,0.232753508,0.236628891,0.245489515,0.265107978,0.000000000
2549,2020-04-16 05:00:00,0.000000000,0.191281613,0.232692630,0.236562722,0.245409857,0.264990565,0.000000000
2550,2020-04-16 06:00:00,0.000000000,0.191293009,0.232631563,0.236496354,0.245329977,0.264872894,0.000000000
2551,2020-04-16 07:00:00,0.000000000,0.191303661,0.232574412,0.236434246,0.245255241,0.264762866,0.000000000
2552,2020-04-16 08:00:00,0.000000000,0.191314345,0.232517010,0.236371872,0.245180201,0.264652451,0.000000000
2553,2020-04-16 09:00:00,0.000000000,0.191324665,0.232461500,0.236311558,0.245107655,0.264545765,0.000000000
2554,2020-04-16 10:00:00,0.000000000,0.191334644,0.232407762,0.236253174,0.245037444,0.264442568,0.000000000
2555,2020-04-16 11:00:00,0.000000000,0.191346860,0.232341893,0.236181618,0.244951412,0.264316190,0.000000000
2556,2020-04-16 12:00:00,0.000000000,0.191359242,0.232275029,0.236108987,0.244864110,0.264188029,0.000000000
2557,2020-04-16 13:00:00,0.000000000,0.191372463,0.232203526,0.236031326,0.244770783,0.264051116,0.000000000
2558,2020-04-16 14:00:00,0.000000000,0.191388412,0.232117126,0.235937494,0.244658059,0.263885872,0.000000000
2559,2020-04-16 15:00:00,0.000000000,0.191406460,0.232019154,0.235831111,0.244530299,0.263698754,0.000000000
2560,2020-04-16 16:00:00,0.000000000,0.191427467,0.231904864,0.235707028,0.244381341,0.263480812,0.000000000
2561,2020-04-16 17:00:00,0.000000000,0.191449422,0.231785109,0.235577035,0.244225354,0.263252842,0.000000000
2562,2020-04-16 18:00:00,0.000000000,0.191470462,0.231670050,0.235452160,0.244075573,0.263034188,0.000000000
2563,2020-04-16 19:00:00,0.000000000,0.191491362,0.231555476,0.235327834,0.243926513,0.262816823,0.000000000
2564,2020-04-16 20:00:00,0.000000000,0.191509615,0.231455184,0.235219022,0.243796105,0.262626851,0.000000000
2565,2020-04-16 21:00:00,0.000000000,0.191526111,0.231364357,0.235120493,0.243678061,0.262455048,0.000000000
2566,2020-04-16 22:00:00,0.000000000,0.191538275,0.231297263,0.235047718,0.243590898,0.262328283,0.000000000
2567,2020-04-16 23:00:00,0.000000000,0.191550181,0.231231503,0.234976397,0.243505496,0.262204156,0.000000000
2568,2020-04-17 00:00:00,0.000000000,0.191555223,0.231203626,0.234946164,0.243469301,0.262151572,0.000000000
2569,2020-04-17 01:00:00,0.000000000,0.191559370,0.231180685,0.234921287,0.243439519,0.262108316,0.000000000
2570,2020-04-17 02:00:00,0.000000000,0.191562742,0.231162023,0.234901049,0.243415295,0.262073138,0.000000000
2571,2020-04-17 03:00:00,0.000000000,0.191565944,0.231144296,0.234881826,0.243392285,0.262039730,0.000000000
2572,2020-04-17 04:00:00,0.000000000,0.191569328,0.231125552,0.234861501,0.243367959,0.262004417,0.000000000
2573,2020-04-17 05:00:00,0.000000000,0.191574417,0.231097350,0.234830920,0.243331362,0.261951301,0.000000000
2574,2020-04-17 06:00:00,0.000000000,0.191577507,0.231080217,0.234812343,0.243309131,0.261919044,0.000000000
2575,2020-04-17 07:00:00,0.000000000,0.191579568,0.231068784,0.234799947,0.243294298,0.261897523,0.000000000
2576,2020-04-17 08:00:00,0.000000000,0.191581570,0.231057678,0.234787906,0.243279890,0.261876621,0.000000000
2577,2020-04-17 09:00:00,0.000000000,0.191583515,0.231046891,0.234776210,0.243265895,0.261856322,0.000000000
2578,2020-04-17 10:00:00,0.000000000,0.191585403,0.231036412,0.234764849,0.243252302,0.261836607,0.000000000
2579,2020-04-17 11:00:00,0.000000000,0.191587236,0.231026234,0.234753813,0.243239099,0.261817459,0.000000000
2580,2020-04-17 12:00:00,0.000000000,0.191589036,0.231016241,0.234742979,0.243226138,0.261798663,0.000000000
2581,2020-04-17 13:00:00,0.000000000,0.191591263,0.231003870,0.234729567,0.243210093,0.261775398,0.000000000
2582,2020-04-17 14:00:00,0.000000000,0.191593702,0.230990323,0.234714880,0.243192523,0.261749925,0.000000000
2583,2020-04-17 15:00:00,0.000000000,0.191605560,0.230924394,0.234643408,0.243107035,0.261626033,0.000000000
2584,2020-04-17 16:00:00,0.000000000,0.191619777,0.230845223,0.234557590,0.243004415,0.261477409,0.000000000
2585,2020-04-17 17:00:00,0.000000000,0.191634531,0.230762917,0.234468384,0.242897775,0.261323081,0.000000000
2586,2020-04-17 18:00:00,0.000000000,0.191650845,0.230671743,0.234369579,0.242779696,0.261152337,0.000000000
2587,2020-04-17 19:00:00,0.000000000,0.191667516,0.230578386,0.234268421,0.242658845,0.260977733,0.000000000
2588,2020-04-17 20:00:00,0.000000000,0.191680929,0.230503138,0.234186896,0.242561479,0.260837169,0.000000000
2589,2020-04-17 21:00:00,0.000000000,0.191693659,0.230431607,0.234109406,0.242468957,0.260703688,0.000000000
2590,2020-04-17 22:00:00,0.000000000,0.191703404,0.230376777,0.234050013,0.242398058,0.260601462,0.000000000
2591,2020-04-17 23:00:00,0.000000000,0.191711569,0.230330785,0.234000199,0.242338604,0.260515778,0.000000000
2592,2020-04-18 00:00:00,0.000000000,0.191716847,0.230301032,0.233967974,0.242300148,0.260460376,0.000000000
2593,2020-04-18 01:00:00,0.000000000,0.191720441,0.230280762,0.233946021,0.242273953,0.260422645,0.057894745
2594,2020-04-18 02:00:00,0.000000000,0.191720208,0.230282075,0.233947443,0.242275650,0.260425089,0.553943937
2595,2020-04-18 03:00:00,0.000000000,0.191685418,0.230477927,0.234159583,0.242528866,0.260790108,1.277951083
2596,2020-04-18 04:00:00,0.000000000,0.191606208,0.230920784,0.234639495,0.243102355,0.261619252,2.084592006
2597,2020-04-18 05:00:00,0.000000000,0.191482056,0.231606529,0.235383230,0.243992921,0.262913633,1.914790323
2598,2020-04-18 06:00:00,0.000000000,0.191369738,0.232218275,0.236047344,0.244790031,0.264079346,1.586759038
2599,2020-04-18 07:00:00,1.042105198,0.191278832,0.232707523,0.236578909,0.245429341,0.265019278,0.000000000
2600,2020-04-18 08:00:00,0.981314480,0.191290770,0.232643567,0.236509399,0.245345677,0.264896016,1.042105180
2601,2020-04-18 09:00:00,0.843586981,0.191234950,0.232941843,0.236833634,0.245736111,0.265471900,0.946245041
2602,2020-04-18 10:00:00,0.820155561,0.191185560,0.233204147,0.237118887,0.246079964,0.265980484,0.467397820
2603,2020-04-18 11:00:00,0.510153472,0.191168123,0.233296401,0.237219240,0.246201012,0.266159840,0.515927115
2604,2020-04-18 12:00:00,0.254819483,0.191148037,0.233402434,0.237334597,0.246340212,0.266366294,0.510153507
2605,2020-04-18 13:00:00,0.202008456,0.191129248,0.233501399,0.237442283,0.246470205,0.266559292,0.554819474
2606,2020-04-18 14:00:00,0.176226690,0.191108315,0.233611403,0.237561998,0.246614776,0.266774159,0.202008458
2607,2020-04-18 15:00:00,0.145688191,0.191111557,0.233594384,0.237543474,0.246592403,0.266740892,0.176226688
2608,2020-04-18 16:00:00,0.118126564,0.191117082,0.233565365,0.237511893,0.246554261,0.266684191,0.145688198
2609,2020-04-18 17:00:00,0.090690367,0.191124987,0.233523813,0.237466673,0.246499654,0.266603042,0.118126577
2610,2020-04-18 18:00:00,0.064854503,0.191134832,0.233472012,0.237410304,0.246431596,0.266501951,0.090690367
2611,2020-04-18 19:00:00,0.048695654,0.191146143,0.233412420,0.237345462,0.246353325,0.266385755,0.064854509
2612,2020-04-18 20:00:00,0.035702661,0.191159090,0.233344113,0.237271144,0.246263638,0.266252696,0.048695659
2613,2020-04-18 21:00:00,0.026878433,0.191173060,0.233270299,0.237190845,0.246166757,0.266109068,0.035702663
2614,2020-04-18 22:00:00,0.014616728,0.191186468,0.233199340,0.237113658,0.246073657,0.265971145,0.026878435
2615,2020-04-18 23:00:00,0.008997642,0.191199511,0.233130208,0.237038468,0.245982989,0.265836917,0.014616729
2616,2020-04-19 00:00:00,0.005160249,0.191211818,0.233064881,0.236967422,0.245897341,0.265710207,0.008997642
2617,2020-04-19 01:00:00,0.004351664,0.191223997,0.233000144,0.236897026,0.245812496,0.265584765,0.005160249
2618,2020-04-19 02:00:00,0.003615711,0.191236190,0.232935239,0.236826454,0.245727460,0.265459121,0.004351664
2619,2020-04-19 03:00:00,0.003200599,0.191248117,0.232871658,0.236757328,0.245644186,0.265336160,0.003615711
2620,2020-04-19 04:00:00,0.003280920,0.191259933,0.232808585,0.236688761,0.245561605,0.265214297,0.003200599
2621,2020-04-19 05:00:00,0.003282928,0.191272206,0.232742978,0.236617446,0.245475735,0.265087663,0.003280920
2622,2020-04-19 06:00:00,0.002540118,0.191283716,0.232681370,0.236550484,0.245395125,0.264968859,0.003282928
2623,2020-04-19 07:00:00,0.002089675,0.191294525,0.232623435,0.236487520,0.245319346,0.264857240,0.002540118
2624,2020-04-19 08:00:00,0.001826933,0.191305033,0.232567044,0.236426240,0.245245608,0.264748689,0.002089675
2625,2020-04-19 09:00:00,0.000904601,0.191315083,0.232513042,0.236367561,0.245175015,0.264644823,0.001826933
2626,2020-04-19 10:00:00,0.001052055,0.191324679,0.232461429,0.236311481,0.245107563,0.264545629,0.000000000
2627,2020-04-19 11:00:00,0.001012404,0.191334113,0.232410624,0.236256284,0.245041184,0.264448063,0.001052055
2628,2020-04-19 12:00:00,0.011487708,0.191343215,0.232361557,0.236202979,0.244977093,0.264353905,0.001012404
2629,2020-04-19 13:00:00,0.016973227,0.191352823,0.232309704,0.236146652,0.244909380,0.264254476,0.011487709
2630,2020-04-19 14:00:00,0.013653778,0.191367274,0.232231603,0.236061819,0.244807425,0.264104859,0.016973229
2631,2020-04-19 15:00:00,0.008946390,0.191385074,0.232135219,0.235957143,0.244681661,0.263920459,0.013653779
2632,2020-04-19 16:00:00,0.004964804,0.191405981,0.232021756,0.235833936,0.244533691,0.263703720,0.008946390
2633,2020-04-19 17:00:00,0.002538960,0.191428571,0.231898849,0.235700498,0.244373503,0.263469352,0.004964805
2634,2020-04-19 18:00:00,0.001159427,0.191452297,0.231769402,0.235559986,0.244204901,0.263222970,0.002538960
2635,2020-04-19 19:00:00,0.000448205,0.191476902,0.231634777,0.235413883,0.244029675,0.262967232,0.001159427
2636,2020-04-19 20:00:00,0.000206372,0.191497793,0.231520165,0.235289521,0.243880590,0.262749905,0.000448205
2637,2020-04-19 21:00:00,0.000070932,0.191516151,0.231419216,0.235180003,0.243749353,0.262558789,0.000206372
2638,2020-04-19 22:00:00,0.000029022,0.191527641,0.231355923,0.235111345,0.243667103,0.262439106,0.000070932
2639,2020-04-19 23:00:00,0.000016022,0.191536632,0.231306329,0.235057552,0.243602674,0.262345404,0.000029022
2640,2020-04-20 00:00:00,0.000009914,0.191543469,0.231268585,0.235016614,0.243553650,0.262274136,0.000016022
2641,2020-04-20 01:00:00,0.000006525,0.191548791,0.231239186,0.234984730,0.243515473,0.262218653,0.000009914
2642,2020-04-20 02:00:00,0.000004334,0.191552956,0.231216163,0.234959761,0.243485579,0.262175219,0.000006525
2643,2020-04-20 03:00:00,0.000002854,0.191557033,0.231193615,0.234935308,0.243456304,0.262132694,0.000004334
2644,2020-04-20 04:00:00,0.000002001,0.191560064,0.231176844,0.234917121,0.243434533,0.262101074,0.000002854
2645,2020-04-20 05:00:00,0.000001559,0.191563165,0.231159681,0.234898509,0.243412254,0.262068723,0.000002001
2646,2020-04-20 06:00:00,0.000000000,0.191566064,0.231143630,0.234881104,0.243391421,0.262038476,0.000001559
2647,2020-04-20 07:00:00,0.000000000,0.191568722,0.231128906,0.234865138,0.243372312,0.262010736,0.000000000
2648,2020-04-20 08:00:00,0.000000000,0.191571164,0.231115378,0.234850469,0.243354756,0.261985253,0.000834953
2649,2020-04-20 09:00:00,0.000000000,0.191573354,0.231103241,0.234837308,0.243339006,0.261962395,0.000000000
2650,2020-04-20 10:00:00,0.000000000,0.191575637,0.231090587,0.234823587,0.243322586,0.261938567,0.000000000
2651,2020-04-20 11:00:00,0.000000000,0.191579938,0.231066736,0.234797727,0.243291641,0.261893669,0.000000000
2652,2020-04-20 12:00:00,0.000000000,0.191585979,0.231033211,0.234761378,0.243248150,0.261830584,0.000000000
2653,2020-04-20 13:00:00,0.000000000,0.191590139,0.231010115,0.234736337,0.243218192,0.261787141,0.000000000
2654,2020-04-20 14:00:00,0.000000000,0.191598905,0.230961408,0.234683533,0.243155026,0.261695574,0.000000000
2655,2020-04-20 15:00:00,0.000000000,0.191611022,0.230893989,0.234610449,0.243067619,0.261568934,0.000000000
2656,2020-04-20 16:00:00,0.000000000,0.191625805,0.230811613,0.234521161,0.242960862,0.261414367,0.000000000
2657,2020-04-20 17:00:00,0.000000000,0.191642411,0.230718897,0.234420678,0.242840758,0.261240616,0.000000000
2658,2020-04-20 18:00:00,0.000000000,0.191659958,0.230620734,0.234314305,0.242713657,0.261056906,0.000000000
2659,2020-04-20 19:00:00,0.000000000,0.191675986,0.230530880,0.234216951,0.242597371,0.260888974,0.000000000
2660,2020-04-20 20:00:00,0.000000000,0.191690127,0.230451468,0.234130920,0.242494642,0.260740736,0.000000000
2661,2020-04-20 21:00:00,0.000000000,0.191700884,0.230390961,0.234065378,0.242416398,0.260627901,0.000000000
2662,2020-04-20 22:00:00,0.000000000,0.191703966,0.230373614,0.234046588,0.242393969,0.260595569,0.000000000
2663,2020-04-20 23:00:00,0.000000000,0.191706096,0.230361623,0.234033599,0.242378466,0.260573224,0.000000000
2664,2020-04-21 00:00:00,0.000000000,0.191706668,0.230358400,0.234030109,0.242374300,0.260567219,0.000000000
2665,2020-04-21 01:00:00,0.000000000,0.191707065,0.230356165,0.234027688,0.242371411,0.260563055,0.000000000
2666,2020-04-21 02:00:00,0.000000000,0.191707288,0.230354907,0.234026326,0.242369785,0.260560712,0.000000000
2667,2020-04-21 03:00:00,0.000000000,0.191707414,0.230354907,0.234026326,0.242369785,0.260560712,0.000000000
2668,2020-04-21 04:00:00,0.000000000,0.191707404,0.230354251,0.234025614,0.242368936,0.260559488,0.000096309
2669,2020-04-21 05:00:00,0.000000000,0.191707366,0.230354251,0.234025614,0.242368936,0.260559488,0.001309672
2670,2020-04-21 06:00:00,0.000000000,0.191707311,0.230354778,0.234026185,0.242369618,0.260560470,0.000437574
2671,2020-04-21 07:00:00,0.000000000,0.191707138,0.230354778,0.234026185,0.242369618,0.260560470,0.000000000
2672,2020-04-21 08:00:00,0.000000000,0.191707375,0.230354778,0.234026185,0.242369618,0.260560470,0.000000000
2673,2020-04-21 09:00:00,0.000000000,0.191707409,0.230354228,0.234025590,0.242368907,0.260559446,0.000000000
2674,2020-04-21 10:00:00,0.000000000,0.191707632,0.230352971,0.234024229,0.242367282,0.260557105,0.000000000
2675,2020-04-21 11:00:00,0.000000000,0.191707938,0.230352971,0.234024229,0.242367282,0.260557105,0.000000000
2676,2020-04-21 12:00:00,0.000000000,0.191708422,0.230348521,0.234019409,0.242361530,0.260548814,0.000000000
2677,2020-04-21 13:00:00,0.000000000,0.191712167,0.230327417,0.233996551,0.242334250,0.260509506,0.115789490
2678,2020-04-21 14:00:00,0.000000000,0.191709727,0.230341167,0.234011443,0.242352023,0.260535115,0.066694560
2679,2020-04-21 15:00:00,0.000000000,0.191710201,0.230338495,0.234008549,0.242348569,0.260530138,0.121288784
2680,2020-04-21 16:00:00,0.000000000,0.191706095,0.230361627,0.234033604,0.242378472,0.260573232,0.000000000
2681,2020-04-21 17:00:00,0.000000000,0.191712840,0.230323625,0.233992444,0.242329349,0.260502443,0.418280374
2682,2020-04-21 18:00:00,0.000000000,0.191689637,0.230454217,0.234133899,0.242498198,0.260745865,2.369683534
2683,2020-04-21 19:00:00,0.000000000,0.191549169,0.231237095,0.234982462,0.243512757,0.262214707,1.887698318
2684,2020-04-21 20:00:00,0.000000000,0.191437916,0.231847904,0.235645196,0.244307136,0.263372331,4.878507480
2685,2020-04-21 21:00:00,0.000000000,0.191170883,0.233281808,0.237203364,0.246181860,0.266131451,3.100744084
2686,2020-04-21 22:00:00,0.000000000,0.190998295,0.234185262,0.238186845,0.247370337,0.267901006,0.000000000
2687,2020-04-21 23:00:00,0.000000000,0.191019789,0.234073716,0.238065345,0.247223291,0.267681184,0.000000000
2688,2020-04-22 00:00:00,0.000000000,0.191040323,0.233966897,0.237949014,0.247082559,0.267471036,0.000000000
2689,2020-04-22 01:00:00,0.000000000,0.191059823,0.233865224,0.237838304,0.246948680,0.267271335,0.000000000
2690,2020-04-22 02:00:00,0.000000000,0.191079317,0.233763357,0.237727400,0.246814619,0.267071567,0.000000000
2691,2020-04-22 03:00:00,0.000000000,0.191099592,0.233657168,0.237611809,0.246674947,0.266863658,0.000000000
2692,2020-04-22 04:00:00,0.000000000,0.191118925,0.233555681,0.237501354,0.246541534,0.266665274,0.000000000
2693,2020-04-22 05:00:00,0.000924355,0.191135171,0.233470226,0.237408361,0.246429251,0.266498468,0.000000000
2694,2020-04-22 06:00:00,0.000744790,0.191151017,0.233386719,0.237317499,0.246319577,0.266335676,0.000924355
2695,2020-04-22 07:00:00,0.000713049,0.191166153,0.233306812,0.237230565,0.246214675,0.266180095,0.000744790
2696,2020-04-22 08:00:00,0.000996786,0.191180837,0.233229154,0.237146088,0.246112770,0.266029077,0.000713049
2697,2020-04-22 09:00:00,0.001409246,0.191195252,0.233152795,0.237063033,0.246012609,0.265880757,0.000996786
2698,2020-04-22 10:00:00,0.002155840,0.191208455,0.233082743,0.236986847,0.245920757,0.265744840,0.001409246
2699,2020-04-22 11:00:00,0.002306448,0.191221243,0.233014787,0.236912949,0.245831685,0.265613129,0.002155840
2700,2020-04-22 12:00:00,0.002700281,0.191233624,0.232948906,0.236841314,0.245745363,0.265485568,0.002306448
2701,2020-04-22 13:00:00,0.003199544,0.191252133,0.232850233,0.236734036,0.245616131,0.265294752,0.002700281
2702,2020-04-22 14:00:00,0.002301031,0.191273130,0.232738035,0.236612073,0.245469266,0.265078126,0.003199544
2703,2020-04-22 15:00:00,0.001547639,0.191294076,0.232625840,0.236490134,0.245322491,0.264861871,0.002301031
2704,2020-04-22 16:00:00,0.001214792,0.191315052,0.232513213,0.236367746,0.245175238,0.264645151,0.001547639
2705,2020-04-22 17:00:00,0.000726773,0.191337426,0.232392772,0.236236889,0.245017863,0.264413797,0.001214792
2706,2020-04-22 18:00:00,0.000383797,0.191360176,0.232269979,0.236103502,0.244857517,0.264178354,0.000726773
2707,2020-04-22 19:00:00,0.000233529,0.191381191,0.232156264,0.235979997,0.244709116,0.263960700,0.000383797
2708,2020-04-22 20:00:00,0.000125125,0.191401798,0.232044485,0.235858615,0.244563325,0.263747108,0.000233529
2709,2020-04-22 21:00:00,0.000078925,0.191420147,0.231944718,0.235750295,0.244433273,0.263556768,0.000125125
2710,2020-04-22 22:00:00,0.000041070,0.191437637,0.231849429,0.235646851,0.244309122,0.263375233,0.000078925
2711,2020-04-22 23:00:00,0.000021336,0.191453843,0.231760953,0.235550817,0.244193901,0.263206907,0.000041070
2712,2020-04-23 00:00:00,0.000011218,0.191463397,0.231708720,0.235494127,0.244125903,0.263107633,0.000021336
2713,2020-04-23 01:00:00,0.000025124,0.191470853,0.231667911,0.235449840,0.244072790,0.263030127,0.000011218
2714,2020-04-23 02:00:00,0.000052728,0.191478156,0.231627905,0.235406425,0.244020732,0.262954189,0.000025124
2715,2020-04-23 03:00:00,0.000125300,0.191484724,0.231591901,0.235367357,0.243973892,0.262885887,0.000052728
2716,2020-04-23 04:00:00,0.000187518,0.191491032,0.231557289,0.235329801,0.243928871,0.262820260,0.000125300
2717,2020-04-23 05:00:00,0.000228720,0.191496878,0.231525190,0.235294973,0.243887125,0.262759426,0.000000000
2718,2020-04-23 06:00:00,0.000210702,0.191501275,0.231501034,0.235268765,0.243855714,0.262713665,0.000000000
2719,2020-04-23 07:00:00,0.000349449,0.191505545,0.231477568,0.235243306,0.243825204,0.262669226,0.000000000
2720,2020-04-23 08:00:00,0.000248150,0.191509690,0.231454771,0.235218574,0.243795568,0.262626071,0.000000000
2721,2020-04-23 09:00:00,0.000175732,0.191513715,0.231432626,0.235194550,0.243766783,0.262584161,0.000000000
2722,2020-04-23 10:00:00,0.000356990,0.191517623,0.231411114,0.235171213,0.243738822,0.262543463,0.000000000
2723,2020-04-23 11:00:00,0.001018876,0.191521417,0.231390216,0.235148544,0.243711664,0.262503939,0.000356990
2724,2020-04-23 12:00:00,0.002496394,0.191525103,0.231369912,0.235126518,0.243685279,0.262465548,0.001018876
2725,2020-04-23 13:00:00,0.003069060,0.191529264,0.231346972,0.235101635,0.243655473,0.262422189,0.002496394
2726,2020-04-23 14:00:00,0.002778249,0.191533601,0.231323057,0.235075695,0.243624403,0.262377001,0.003069060
2727,2020-04-23 15:00:00,0.001917133,0.191545209,0.231258974,0.235006191,0.243541169,0.262255996,0.002778249
2728,2020-04-23 16:00:00,0.001470614,0.191557497,0.231191046,0.234932522,0.243452970,0.262127851,0.001917133
2729,2020-04-23 17:00:00,0.000800222,0.191572698,0.231106875,0.234841248,0.243343721,0.261969237,0.001470614
2730,2020-04-23 18:00:00,0.000491471,0.191583898,0.231044762,0.234773902,0.243263134,0.261852317,0.000800222
2731,2020-04-23 19:00:00,0.000270499,0.191596828,0.230972949,0.234696045,0.243169992,0.261717265,0.000491471
2732,2020-04-23 20:00:00,0.000142858,0.191607260,0.230914932,0.234633151,0.243094768,0.261608261,0.000270499
2733,2020-04-23 21:00:00,0.000074890,0.191614338,0.230875528,0.234590438,0.243043691,0.261534279,0.000142858
2734,2020-04-23 22:00:00,0.000037146,0.191617103,0.230860121,0.234573738,0.243023722,0.261505364,0.000074890
2735,2020-04-23 23:00:00,0.000028537,0.191619531,0.230846593,0.234559074,0.243006190,0.261479980,0.000037146
2736,2020-04-24 00:00:00,0.000020790,0.191621702,0.230834491,0.234545958,0.242990508,0.261457277,0.000028537
2737,2020-04-24 01:00:00,0.000015401,0.191623322,0.230825457,0.234536166,0.242978801,0.261440331,0.000020790
2738,2020-04-24 02:00:00,0.000011986,0.191624761,0.230817436,0.234527472,0.242968407,0.261425287,0.000015401
2739,2020-04-24 03:00:00,0.000008669,0.191625996,0.230810547,0.234520006,0.242959481,0.261412368,0.000011986
2740,2020-04-24 04:00:00,0.000006883,0.191627137,0.230804185,0.234513110,0.242951238,0.261400437,0.000008669
2741,2020-04-24 05:00:00,0.000005762,0.191628150,0.230798532,0.234506983,0.242943914,0.261389839,0.317664640
2742,2020-04-24 06:00:00,0.000007881,0.191608653,0.230907178,0.234624746,0.243084717,0.261593700,0.483953664
2743,2020-04-24 07:00:00,0.000006792,0.191579272,0.231070428,0.234801730,0.243296431,0.261900618,1.398227096
2744,2020-04-24 08:00:00,0.000007102,0.191494778,0.231536724,0.235307488,0.243902125,0.262781282,1.767948424
2745,2020-04-24 09:00:00,0.000004885,0.191390481,0.232105905,0.235925310,0.244643424,0.263864429,0.999758970
2746,2020-04-24 10:00:00,0.000004827,0.191334264,0.232409812,0.236255402,0.245040123,0.264446504,0.514974943
2747,2020-04-24 11:00:00,0.000003344,0.191310072,0.232539976,0.236396826,0.245210221,0.264696615,0.000004827
2748,2020-04-24 12:00:00,0.000002618,0.191320092,0.232486107,0.236338294,0.245139811,0.264593047,0.199683534
2749,2020-04-24 13:00:00,0.000001918,0.191317329,0.232500967,0.236354439,0.245159232,0.264621607,0.094138751
2750,2020-04-24 14:00:00,0.000001433,0.191321993,0.232475879,0.236327181,0.245126445,0.264573391,0.000001918
2751,2020-04-24 15:00:00,0.000000000,0.191333036,0.232416425,0.236262587,0.245048763,0.264459200,0.499291053
2752,2020-04-24 16:00:00,0.000000000,0.191311323,0.232533253,0.236389521,0.245201433,0.264683686,0.931491070
2753,2020-04-24 17:00:00,0.000000000,0.191262936,0.232792540,0.236671320,0.245540602,0.265183317,0.799753838
2754,2020-04-24 18:00:00,0.000000000,0.191224303,0.232998513,0.236895253,0.245810360,0.265581607,0.499769902
2755,2020-04-24 19:00:00,0.000000000,0.191204933,0.233101440,0.237007181,0.245945269,0.265781102,1.055478060
2756,2020-04-24 20:00:00,0.000000000,0.191150439,0.233389769,0.237320817,0.246323581,0.266341617,0.177161274
2757,2020-04-24 21:00:00,0.000000000,0.191154116,0.233370369,0.237299710,0.246298109,0.266303826,0.083075690
2758,2020-04-24 22:00:00,0.000000000,0.191164161,0.233317334,0.237242012,0.246228487,0.266200571,0.000000000
2759,2020-04-24 23:00:00,0.000000000,0.191179821,0.233234532,0.237151938,0.246119826,0.266039530,0.000000000
2760,2020-04-25 00:00:00,0.000000000,0.191193956,0.233159664,0.237070504,0.246021617,0.265894092,0.000000000
2761,2020-04-25 01:00:00,0.000000000,0.191207497,0.233087826,0.236992376,0.245927421,0.265754698,0.000000000
2762,2020-04-25 02:00:00,0.000000000,0.191220585,0.233018286,0.236916754,0.245836271,0.265619907,0.000000000
2763,2020-04-25 03:00:00,0.000000000,0.191233517,0.232949475,0.236841933,0.245746109,0.265486670,0.000000000
2764,2020-04-25 04:00:00,0.000000000,0.191246006,0.232882920,0.236769571,0.245658934,0.265357930,0.000000000
2765,2020-04-25 05:00:00,0.000000000,0.191258080,0.232818480,0.236699518,0.245574559,0.265233409,0.000000000
2766,2020-04-25 06:00:00,0.000000000,0.191269915,0.232755234,0.236630767,0.245491774,0.265111309,0.000000000
2767,2020-04-25 07:00:00,0.000000000,0.191281398,0.232693785,0.236563978,0.245411368,0.264992791,0.000000000
2768,2020-04-25 08:00:00,0.001347337,0.191292501,0.232634286,0.236499313,0.245333538,0.264878139,0.001515667
2769,2020-04-25 09:00:00,0.001153444,0.191302783,0.232579123,0.236439366,0.245261401,0.264771933,0.002284672
2770,2020-04-25 10:00:00,0.001011649,0.191312710,0.232525800,0.236381423,0.245191691,0.264669353,0.003487849
2771,2020-04-25 11:00:00,0.000959786,0.191322264,0.232474421,0.236325597,0.245124540,0.264570591,0.004136442
2772,2020-04-25 12:00:00,0.004125443,0.191331504,0.232424678,0.236271552,0.245059543,0.264475044,0.003487294
2773,2020-04-25 13:00:00,0.005597979,0.191341303,0.232371866,0.236214178,0.244990556,0.264373681,0.004125443
2774,2020-04-25 14:00:00,0.003967765,0.191353676,0.232305097,0.236141647,0.244903364,0.264245645,0.005597980
2775,2020-04-25 15:00:00,0.003234048,0.191367319,0.232231357,0.236061553,0.244807104,0.264104389,0.003967765
2776,2020-04-25 16:00:00,0.001943117,0.191383176,0.232145506,0.235968314,0.244695080,0.263940127,0.003234049
2777,2020-04-25 17:00:00,0.001067037,0.191400443,0.232051842,0.235866604,0.244572919,0.263761157,0.001943117
2778,2020-04-25 18:00:00,0.000434569,0.191421563,0.231937013,0.235741930,0.244423233,0.263542080,0.001067037
2779,2020-04-25 19:00:00,0.000200534,0.191440005,0.231836513,0.235632831,0.244292298,0.263350647,0.000434569
2780,2020-04-25 20:00:00,0.000075177,0.191460703,0.231723453,0.235510116,0.244145080,0.263135626,0.000200534
2781,2020-04-25 21:00:00,0.000028040,0.191479692,0.231619489,0.235397293,0.244009782,0.262938220,0.000075177
2782,2020-04-25 22:00:00,0.000011710,0.191492230,0.231550713,0.235322666,0.243920318,0.262807795,0.000028040
2783,2020-04-25 23:00:00,0.000006281,0.191503819,0.231487053,0.235253596,0.243837536,0.262687186,0.000011710
2784,2020-04-26 00:00:00,0.000003544,0.191512930,0.231436944,0.235199234,0.243772394,0.262592331,0.000006281
2785,2020-04-26 01:00:00,0.000002257,0.191521593,0.231389250,0.235147495,0.243710408,0.262502111,0.000003544
2786,2020-04-26 02:00:00,0.000001312,0.191527329,0.231357640,0.235113207,0.243669334,0.262442351,0.000002257
2787,2020-04-26 03:00:00,0.000000000,0.191531971,0.231332046,0.235085445,0.243636081,0.262393984,0.000001312
2788,2020-04-26 04:00:00,0.000000000,0.191535705,0.231311448,0.235063103,0.243609323,0.262355072,0.000000000
2789,2020-04-26 05:00:00,0.000000000,0.191539289,0.231291666,0.235041648,0.243583628,0.262317713,0.000000000
2790,2020-04-26 06:00:00,0.000000000,0.191542909,0.231271677,0.235019968,0.243557666,0.262279973,0.000000000
2791,2020-04-26 07:00:00,0.000000000,0.191546679,0.231250856,0.234997386,0.243530627,0.262240674,0.000000000
2792,2020-04-26 08:00:00,0.000000000,0.191550094,0.231231985,0.234976919,0.243506121,0.262205065,0.000000000
2793,2020-04-26 09:00:00,0.000000000,0.191554064,0.231210035,0.234953115,0.243477621,0.262163659,0.000000000
2794,2020-04-26 10:00:00,0.000000000,0.191558004,0.231188245,0.234929484,0.243449332,0.262122568,0.000000000
2795,2020-04-26 11:00:00,0.000000000,0.191561349,0.231169735,0.234909412,0.243425305,0.262087674,0.000000000
2796,2020-04-26 12:00:00,0.000000000,0.191564795,0.231150658,0.234888725,0.243400543,0.262051719,0.000000000
2797,2020-04-26 13:00:00,0.000000000,0.191568420,0.231130583,0.234866956,0.243374488,0.262013894,0.000000000
2798,2020-04-26 14:00:00,0.000000000,0.191574794,0.231095260,0.234828655,0.243328650,0.261947367,0.000000000
2799,2020-04-26 15:00:00,0.000000000,0.191583803,0.231045291,0.234774475,0.243263819,0.261853311,0.000000000
2800,2020-04-26 16:00:00,0.000000000,0.191593529,0.230991286,0.234715925,0.243193772,0.261751737,0.000000000
2801,2020-04-26 17:00:00,0.000000000,0.191603149,0.230937804,0.234657945,0.243124422,0.261651224,0.115789490
2802,2020-04-26 18:00:00,0.000000000,0.191601262,0.230948298,0.234669321,0.243138028,0.261670940,0.173684222
2803,2020-04-26 19:00:00,0.000000000,0.191593968,0.230988845,0.234713278,0.243190606,0.261747147,0.000000000
2804,2020-04-26 20:00:00,0.000000000,0.191597832,0.230967369,0.234689995,0.243162756,0.261706777,0.649084984
2805,2020-04-26 21:00:00,0.000000000,0.191559582,0.231179510,0.234920012,0.243437993,0.262106100,1.314908195
2806,2020-04-26 22:00:00,0.000000000,0.191481242,0.231610991,0.235388072,0.243998727,0.262922098,0.093087445
2807,2020-04-26 23:00:00,0.000000000,0.191481545,0.231609332,0.235386272,0.243996569,0.262918951,0.000000000
2808,2020-04-27 00:00:00,0.000000000,0.191488202,0.231572818,0.235346651,0.243949070,0.262849701,0.000000000
2809,2020-04-27 01:00:00,0.000000000,0.191494695,0.231537179,0.235307981,0.243902717,0.262782145,0.000000000
2810,2020-04-27 02:00:00,0.000000000,0.191500949,0.231502828,0.235270711,0.243858047,0.262717063,0.000000000
2811,2020-04-27 03:00:00,0.000000000,0.191506653,0.231471475,0.235236696,0.243817283,0.262657691,0.000000000
2812,2020-04-27 04:00:00,0.000000000,0.191511804,0.231443142,0.235205958,0.243780452,0.262604061,0.000000000
2813,2020-04-27 05:00:00,0.000000000,0.191517197,0.231413455,0.235173753,0.243741865,0.262547891,0.000000000
2814,2020-04-27 06:00:00,0.000000000,0.191522262,0.231385565,0.235143499,0.243705620,0.262495144,0.000000000
2815,2020-04-27 07:00:00,0.000000000,0.191527535,0.231356504,0.235111975,0.243667858,0.262440204,0.000000000
2816,2020-04-27 08:00:00,0.000000000,0.191532670,0.231328190,0.235081262,0.243631072,0.262386699,0.000000000
2817,2020-04-27 09:00:00,0.000000000,0.191537736,0.231300236,0.235050943,0.243594760,0.262333897,0.000000000
2818,2020-04-27 10:00:00,0.000000000,0.191542283,0.231275136,0.235023720,0.243562159,0.262286504,0.000000000
2819,2020-04-27 11:00:00,0.000000000,0.191546973,0.231249229,0.234995622,0.243528514,0.262237604,0.000000000
2820,2020-04-27 12:00:00,0.000000000,0.191551998,0.231221460,0.234965505,0.243492456,0.262185210,0.000000000
2821,2020-04-27 13:00:00,0.000000000,0.191557097,0.231193261,0.234934924,0.243455845,0.262132027,0.000000000
2822,2020-04-27 14:00:00,0.000000000,0.191562155,0.231165269,0.234904568,0.243419507,0.262079255,0.000000000
2823,2020-04-27 15:00:00,0.000000000,0.191567202,0.231137329,0.234874270,0.243383243,0.262026603,0.030681077
2824,2020-04-27 16:00:00,0.000000000,0.191569984,0.231121913,0.234857555,0.243363237,0.261997562,0.151969854
2825,2020-04-27 17:00:00,0.000000000,0.191564601,0.231151728,0.234889885,0.243401932,0.262053736,0.000000000
2826,2020-04-27 18:00:00,0.000000000,0.191569795,0.231122960,0.234858690,0.243364596,0.261999535,0.057894745
2827,2020-04-27 19:00:00,0.000000000,0.191571351,0.231114343,0.234849346,0.243353412,0.261983302,0.000000000
2828,2020-04-27 20:00:00,0.000000000,0.191576310,0.231086855,0.234819540,0.243317743,0.261931540,0.000000000
2829,2020-04-27 21:00:00,0.000000000,0.191580550,0.231063340,0.234794045,0.243287235,0.261887277,0.000000000
2830,2020-04-27 22:00:00,0.000000000,0.191584717,0.231040215,0.234768972,0.243257235,0.261843761,0.000000000
2831,2020-04-27 23:00:00,0.000000000,0.191588453,0.231019475,0.234746486,0.243230333,0.261804746,0.000000000
2832,2020-04-28 00:00:00,0.000000000,0.191592064,0.230999420,0.234724743,0.243204321,0.261767030,0.000000000
2833,2020-04-28 01:00:00,0.000000000,0.191595287,0.230981514,0.234705330,0.243181099,0.261733365,0.000000000
2834,2020-04-28 02:00:00,0.000000000,0.191598509,0.230963610,0.234685920,0.243157881,0.261699712,0.000000000
2835,2020-04-28 03:00:00,0.000000000,0.191601590,0.230946475,0.234667344,0.243135663,0.261667513,0.088575822
2836,2020-04-28 04:00:00,0.000000000,0.191598500,0.230963658,0.234685972,0.243157943,0.261699802,0.173684222
2837,2020-04-28 05:00:00,0.000000000,0.191589817,0.231011901,0.234738274,0.243220508,0.261790500,0.163699058
2838,2020-04-28 06:00:00,0.000000000,0.191581893,0.231055891,0.234785968,0.243277571,0.261873258,0.000000000
2839,2020-04-28 07:00:00,0.000000000,0.191584726,0.231040169,0.234768922,0.243257176,0.261843675,0.454487468
2840,2020-04-28 08:00:00,0.000000000,0.191558435,0.231185859,0.234926897,0.243446235,0.262118070,0.381623795
2841,2020-04-28 09:00:00,0.000000000,0.191537096,0.231303772,0.235054778,0.243599353,0.262340575,0.094250559
2842,2020-04-28 10:00:00,0.000000000,0.191535025,0.231315197,0.235067169,0.243614193,0.262362153,0.000000000
2843,2020-04-28 11:00:00,0.000000000,0.191538919,0.231293711,0.235043865,0.243586284,0.262321574,0.000000000
2844,2020-04-28 12:00:00,0.000000000,0.191542718,0.231272735,0.235021115,0.243559041,0.262281971,0.000000000
2845,2020-04-28 13:00:00,0.000000000,0.191547729,0.231245052,0.234991091,0.243523089,0.262229721,0.000000000
2846,2020-04-28 14:00:00,0.000000000,0.191554638,0.231206858,0.234949670,0.243473498,0.262157669,0.000000000
2847,2020-04-28 15:00:00,0.000000000,0.191566574,0.231140805,0.234878041,0.243387755,0.262033153,0.000000000
2848,2020-04-28 16:00:00,0.000000000,0.191582106,0.231054709,0.234784687,0.243276038,0.261871034,0.000000000
2849,2020-04-28 17:00:00,0.000000000,0.191598249,0.230965053,0.234687485,0.243159753,0.261702425,0.000000000
2850,2020-04-28 18:00:00,0.000000000,0.191613064,0.230882623,0.234598128,0.243052887,0.261547597,0.000000000
2851,2020-04-28 19:00:00,0.000000000,0.191625783,0.230811736,0.234521294,0.242961022,0.261414597,0.000000000
2852,2020-04-28 20:00:00,0.000000000,0.191635893,0.230755315,0.234460144,0.242887926,0.261308835,0.000000000
2853,2020-04-28 21:00:00,0.000000000,0.191643318,0.230713832,0.234415188,0.242834198,0.261231130,0.000000000
2854,2020-04-28 22:00:00,0.000000000,0.191645315,0.230702668,0.234403091,0.242819741,0.261210226,0.000000000
2855,2020-04-28 23:00:00,0.000000000,0.191646381,0.230696706,0.234396630,0.242812020,0.261199063,0.000000000
2856,2020-04-29 00:00:00,0.000000000,0.191648510,0.230684804,0.234383732,0.242796607,0.261176782,0.000000000
2857,2020-04-29 01:00:00,0.000000000,0.191651793,0.230666436,0.234363827,0.242772824,0.261142404,0.000000000
2858,2020-04-29 02:00:00,0.000000000,0.191653717,0.230655672,0.234352164,0.242758888,0.261122263,0.000149126
2859,2020-04-29 03:00:00,0.000000000,0.191653658,0.230655672,0.234352164,0.242758888,0.261122263,0.001467431
2860,2020-04-29 04:00:00,0.000000000,0.191653609,0.230656277,0.234352819,0.242759671,0.261123395,0.002416357
2861,2020-04-29 05:00:00,0.000000000,0.191653447,0.230657181,0.234353799,0.242760842,0.261125086,0.004538368
2862,2020-04-29 06:00:00,0.000000000,0.191653144,0.230658879,0.234355639,0.242763040,0.261128264,0.002638326
2863,2020-04-29 07:00:00,0.000000000,0.191652967,0.230659866,0.234356709,0.242764318,0.261130111,0.003690993
2864,2020-04-29 08:00:00,0.000000000,0.191652721,0.230661247,0.234358205,0.242766106,0.261132695,0.004212426
2865,2020-04-29 09:00:00,0.000000000,0.191652439,0.230662824,0.234359913,0.242768147,0.261135644,0.004302421
2866,2020-04-29 10:00:00,0.000000000,0.191652151,0.230664433,0.234361657,0.242770231,0.261138657,0.005371115
2867,2020-04-29 11:00:00,0.000000000,0.191651792,0.230666443,0.234363835,0.242772833,0.261142417,0.003428081
2868,2020-04-29 12:00:00,0.000000000,0.191651570,0.230667688,0.234365184,0.242774445,0.261144747,0.005687038
2869,2020-04-29 13:00:00,0.000000000,0.191652003,0.230665263,0.234362556,0.242771305,0.261140209,0.000000000
2870,2020-04-29 14:00:00,0.000000000,0.191656321,0.230641098,0.234336371,0.242740019,0.261094996,0.000000000
2871,2020-04-29 15:00:00,0.000000000,0.191667811,0.230576730,0.234266627,0.242656703,0.260974640,0.000000000
2872,2020-04-29 16:00:00,0.000000000,0.191681016,0.230502647,0.234186364,0.242560844,0.260836252,0.000000000
2873,2020-04-29 17:00:00,0.000000000,0.191695980,0.230418557,0.234095270,0.242452080,0.260679350,0.000000000
2874,2020-04-29 18:00:00,0.000000000,0.191711524,0.230331039,0.234000474,0.242338932,0.260516251,0.000000000
2875,2020-04-29 19:00:00,0.000000000,0.191726562,0.230246217,0.233908609,0.242229315,0.260358367,0.000000000
2876,2020-04-29 20:00:00,0.000000000,0.191739334,0.230174056,0.233830466,0.242136098,0.260224201,0.000000000
2877,2020-04-29 21:00:00,0.000000000,0.191749297,0.230117687,0.233769431,0.242063305,0.260119492,0.000000000
2878,2020-04-29 22:00:00,0.000000000,0.191754981,0.230085497,0.233734577,0.242021744,0.260059734,0.000000000
2879,2020-04-29 23:00:00,0.000000000,0.191759366,0.230060651,0.233707676,0.241989670,0.260013627,0.000000000
2880,2020-04-30 00:00:00,0.000000000,0.191764498,0.230031553,0.233676174,0.241952112,0.259959651,0.000000000
2881,2020-04-30 01:00:00,0.000000000,0.191769172,0.230005038,0.233647469,0.241917893,0.259910486,0.000000000
2882,2020-04-30 02:00:00,0.000000000,0.191774827,0.229972933,0.233612713,0.241876466,0.259850980,0.000000000
2883,2020-04-30 03:00:00,0.000000000,0.191779422,0.229946832,0.233584459,0.241842791,0.259802622,0.000000000
2884,2020-04-30 04:00:00,0.000000000,0.191783561,0.229923308,0.233558995,0.241812444,0.259759053,0.000000000
2885,2020-04-30 05:00:00,0.000000000,0.191788347,0.229896093,0.233529536,0.241777340,0.259708667,0.000000000
2886,2020-04-30 06:00:00,0.000000000,0.191791739,0.229876799,0.233508652,0.241752456,0.259672956,0.000000000
2887,2020-04-30 07:00:00,0.000000000,0.191795627,0.229854666,0.233484697,0.241723914,0.259632005,0.000000000
2888,2020-04-30 08:00:00,0.000000000,0.191799665,0.229831674,0.233459812,0.241694267,0.259589476,0.057894745
2889,2020-04-30 09:00:00,0.000000000,0.191798637,0.229837524,0.233466144,0.241701811,0.259600297,0.551992474
2890,2020-04-30 10:00:00,0.000000000,0.191764022,0.230034254,0.233679098,0.241955598,0.259964661,1.459814951
2891,2020-04-30 11:00:00,0.000000000,0.191672449,0.230550724,0.234238450,0.242623048,0.260926043,2.282599326
2892,2020-04-30 12:00:00,0.000000000,0.191535141,0.231314557,0.235066476,0.243613362,0.262360945,1.078390983
2893,2020-04-30 13:00:00,0.000000000,0.191470906,0.231667621,0.235449525,0.244072413,0.263029577,1.369201482
2894,2020-04-30 14:00:00,0.000000000,0.191390742,0.232104488,0.235923771,0.244641575,0.263861721,1.569962080
2895,2020-04-30 15:00:00,0.000000000,0.191300421,0.232591800,0.236453141,0.245277977,0.264796331,1.155517793
2896,2020-04-30 16:00:00,0.000000000,0.191237165,0.232930042,0.236820804,0.245720652,0.265449067,1.056129929
2897,2020-04-30 17:00:00,0.000000000,0.191181726,0.233224449,0.237140970,0.246106597,0.266019932,0.000000000
2898,2020-04-30 18:00:00,0.000000000,0.191196908,0.233144015,0.237053485,0.246001095,0.265863715,0.091548056
2899,2020-04-30 19:00:00,0.000000000,0.191205516,0.233098346,0.237003816,0.245941213,0.265775101,0.000000000
2900,2020-04-30 20:00:00,0.000000000,0.191220202,0.233020326,0.236918972,0.245838944,0.265623859,0.000000000
2901,2020-04-30 21:00:00,0.000000000,0.191234119,0.232946268,0.236838445,0.245741907,0.265480462,0.000000000
2902,2020-04-30 22:00:00,0.000000000,0.191247110,0.232877028,0.236763166,0.245651218,0.265346540,0.000000000
2903,2020-04-30 23:00:00,0.000000000,0.191259834,0.232809112,0.236689334,0.245562295,0.265215315,0.000000000
2904,2020-05-01 00:00:00,0.000000000,0.191272191,0.232743061,0.236617537,0.245475844,0.265087823,0.000000000
2905,2020-05-01 01:00:00,0.000000000,0.191283625,0.232681855,0.236551012,0.245395761,0.264969795,0.000000000
2906,2020-05-01 02:00:00,0.000000000,0.191294415,0.232624022,0.236488158,0.245320114,0.264858370,0.000000000
2907,2020-05-01 03:00:00,0.000000000,0.191305289,0.232565669,0.236424746,0.245243811,0.264746043,0.000000000
2908,2020-05-01 04:00:00,0.000000000,0.191315550,0.232510537,0.236364838,0.245171740,0.264640005,2.485057075
2909,2020-05-01 05:00:00,0.000000000,0.191172837,0.233271480,0.237192129,0.246168307,0.266111364,4.116428772
2910,2020-05-01 06:00:00,0.000000000,0.190944557,0.234462946,0.238489398,0.247736778,0.268449901,6.054531059
2911,2020-05-01 07:00:00,0.000000000,0.190624081,0.236084539,0.240258822,0.249887743,0.271704179,2.108942908
2912,2020-05-01 08:00:00,0.000000000,0.190517019,0.236613514,0.240836992,0.250593563,0.272784429,2.109725028
2913,2020-05-01 09:00:00,0.000000000,0.190412214,0.237125350,0.241396891,0.251278502,0.273838762,1.507809225
2914,2020-05-01 10:00:00,0.000000000,0.190347452,0.237438714,0.241739907,0.251698821,0.274488758,1.408086064
2915,2020-05-01 11:00:00,0.000000000,0.190290710,0.237711469,0.242038611,0.252065279,0.275057343,1.408768014
2916,2020-05-01 12:00:00,0.000000000,0.190235343,0.237976012,0.242328448,0.252421247,0.275611352,0.492686723
2917,2020-05-01 13:00:00,0.000000000,0.190243137,0.237938868,0.242287745,0.252371234,0.275533412,0.003072160
2918,2020-05-01 14:00:00,0.000000000,0.190285484,0.237736509,0.242066040,0.252098949,0.275109674,0.000000000
2919,2020-05-01 15:00:00,0.000000000,0.190327301,0.237535768,0.241846180,0.251829153,0.274690775,0.000000000
2920,2020-05-01 16:00:00,0.000000000,0.190369275,0.237333365,0.241624571,0.251557433,0.274269853,0.000000000
2921,2020-05-01 17:00:00,0.000000000,0.190412978,0.237121638,0.241392829,0.251273528,0.273831084,0.000000000
2922,2020-05-01 18:00:00,0.000000000,0.190457061,0.236907047,0.241158033,0.250986128,0.273387973,0.000000000
2923,2020-05-01 19:00:00,0.000000000,0.190501342,0.236690448,0.240921121,0.250696391,0.272942330,0.054594230
2924,2020-05-01 20:00:00,0.000000000,0.190535969,0.236520338,0.240735115,0.250469086,0.272593462,0.000000000
2925,2020-05-01 21:00:00,0.000000000,0.190572461,0.236340366,0.240538381,0.250228838,0.272225440,0.000000000
2926,2020-05-01 22:00:00,0.000000000,0.190605602,0.236176291,0.240359072,0.250010020,0.271890876,0.000000000
2927,2020-05-01 23:00:00,0.000000000,0.190637425,0.236018173,0.240186318,0.249799336,0.271569313,0.000000000
2928,2020-05-02 00:00:00,0.000000000,0.190667825,0.235866603,0.240020758,0.249597550,0.271261846,0.000920671
2929,2020-05-02 01:00:00,0.000000000,0.190696998,0.235720672,0.239861394,0.249403429,0.270966536,0.000000000
2930,2020-05-02 02:00:00,0.000000000,0.190725829,0.235575982,0.239703422,0.249211114,0.270674427,0.000000000
2931,2020-05-02 03:00:00,0.000000000,0.190753556,0.235436397,0.239551056,0.249025727,0.270393271,0.000000000
2932,2020-05-02 04:00:00,0.000000000,0.190780438,0.235300650,0.239402913,0.248845574,0.270120453,0.000000000
2933,2020-05-02 05:00:00,0.000000000,0.190808005,0.235161023,0.239250567,0.248660411,0.269840457,0.231578980
2934,2020-05-02 06:00:00,0.000000000,0.190819652,0.235101896,0.239186065,0.248582045,0.269722079,0.000000000
2935,2020-05-02 07:00:00,0.000000000,0.190849282,0.234951141,0.239021630,0.248382347,0.269420754,0.000000000
2936,2020-05-02 08:00:00,0.000000000,0.190879982,0.234794407,0.238850715,0.248174903,0.269108245,0.000000000
2937,2020-05-02 09:00:00,0.000000000,0.190909543,0.234642969,0.238685614,0.247974636,0.268807034,0.000000000
2938,2020-05-02 10:00:00,0.000000000,0.190937179,0.234500940,0.238530806,0.247786959,0.268525191,0.000000000
2939,2020-05-02 11:00:00,0.000000000,0.190964487,0.234360160,0.238377391,0.247601074,0.268246446,0.000000000
2940,2020-05-02 12:00:00,0.000000000,0.190993177,0.234211779,0.238215732,0.247405307,0.267953320,0.000000000
2941,2020-05-02 13:00:00,0.000000000,0.191023801,0.234052863,0.238042634,0.247195812,0.267640133,0.000000000
2942,2020-05-02 14:00:00,0.000000000,0.191057110,0.233879384,0.237853721,0.246967320,0.267299127,0.000000000
2943,2020-05-02 15:00:00,0.000000000,0.191094591,0.233683384,0.237640344,0.246709422,0.266914955,0.000000000
2944,2020-05-02 16:00:00,0.000000000,0.191132910,0.233482127,0.237421311,0.246444885,0.266521685,0.000000000
2945,2020-05-02 17:00:00,0.000000000,0.191172032,0.233275736,0.237196759,0.246173892,0.266119642,0.000000000
2946,2020-05-02 18:00:00,0.000000000,0.191209970,0.233074697,0.236978098,0.245910210,0.265729239,0.000000000
2947,2020-05-02 19:00:00,0.000000000,0.191242218,0.232903116,0.236791528,0.245685383,0.265396982,0.000000000
2948,2020-05-02 20:00:00,0.000000000,0.191271555,0.232746463,0.236621234,0.245480296,0.265094386,0.000000000
2949,2020-05-02 21:00:00,0.000000000,0.191296278,0.232614033,0.236477303,0.245307051,0.264839135,0.000000000
2950,2020-05-02 22:00:00,0.000000000,0.191310807,0.232536029,0.236392537,0.245205061,0.264689024,0.000000000
2951,2020-05-02 23:00:00,0.000000000,0.191322174,0.232474906,0.236326124,0.245125174,0.264571523,0.000000000
2952,2020-05-03 00:00:00,0.000000000,0.191332349,0.232420128,0.236266609,0.245053599,0.264466308,0.000000000
2953,2020-05-03 01:00:00,0.000000000,0.191342064,0.232367761,0.236209719,0.244985195,0.264365807,0.000000000
2954,2020-05-03 02:00:00,0.000000000,0.191351362,0.232317593,0.236155221,0.244919680,0.264269597,0.000000000
2955,2020-05-03 03:00:00,0.000000000,0.191360375,0.232268907,0.236102337,0.244856117,0.264176300,0.000000000
2956,2020-05-03 04:00:00,0.000000000,0.191369084,0.232221810,0.236051184,0.244794645,0.264086112,0.000000000
2957,2020-05-03 05:00:00,0.000000000,0.191377571,0.232175874,0.236001294,0.244734701,0.263998208,1.044034593
2958,2020-05-03 06:00:00,0.000000000,0.191318779,0.232493171,0.236345969,0.245149043,0.264606623,0.001670629
2959,2020-05-03 07:00:00,0.000000000,0.191328276,0.232442065,0.236290443,0.245082261,0.264508433,0.000345444
2960,2020-05-03 08:00:00,0.000000000,0.191337581,0.232391934,0.236235979,0.245016768,0.264412188,0.000220921
2961,2020-05-03 09:00:00,0.000000000,0.191346621,0.232343180,0.236183016,0.244953093,0.264318658,0.000000000
2962,2020-05-03 10:00:00,0.000000000,0.191355500,0.232295246,0.236130947,0.244890503,0.264226766,0.000000000
2963,2020-05-03 11:00:00,0.000000000,0.191364199,0.232248234,0.236079883,0.244829132,0.264136704,0.000000000
2964,2020-05-03 12:00:00,0.000000000,0.191373299,0.232199000,0.236026410,0.244764877,0.264042454,0.000000000
2965,2020-05-03 13:00:00,0.000000000,0.191382212,0.232150731,0.235973989,0.244701897,0.263950119,0.000000000
2966,2020-05-03 14:00:00,0.000000000,0.191392920,0.232092676,0.235910944,0.244626169,0.263839150,0.000000000
2967,2020-05-03 15:00:00,0.000000000,0.191410947,0.231994765,0.235804631,0.244498505,0.263652216,0.000000000
2968,2020-05-03 16:00:00,0.000000000,0.191430684,0.231887332,0.235687996,0.244358498,0.263447412,0.000000000
2969,2020-05-03 17:00:00,0.000000000,0.191450685,0.231778208,0.235569544,0.244216367,0.263239716,0.000000000
2970,2020-05-03 18:00:00,0.000000000,0.191471739,0.231663058,0.235444573,0.244066475,0.263020914,0.000000000
2971,2020-05-03 19:00:00,0.000000000,0.191494692,0.231537197,0.235308001,0.243902740,0.262782178,0.000000000
2972,2020-05-03 20:00:00,0.000000000,0.191514088,0.231430570,0.235192319,0.243764110,0.262580270,0.000000000
2973,2020-05-03 21:00:00,0.000000000,0.191530052,0.231342629,0.235096924,0.243649830,0.262413981,0.000000000
2974,2020-05-03 22:00:00,0.000000000,0.191536074,0.231309411,0.235060894,0.243606677,0.262351225,0.000000000
2975,2020-05-03 23:00:00,0.000000000,0.191541291,0.231280613,0.235029659,0.243569272,0.262296843,0.000000000
2976,2020-05-04 00:00:00,0.000000000,0.191544619,0.231262234,0.235009725,0.243545402,0.262262147,0.003859772
2977,2020-05-04 01:00:00,0.000000000,0.191547379,0.231246989,0.234993192,0.243525605,0.262233377,0.008429478
2978,2020-05-04 02:00:00,0.000000000,0.191549759,0.231233835,0.234978926,0.243508524,0.262208556,0.008701642
2979,2020-05-04 03:00:00,0.000000000,0.191552053,0.231221156,0.234965175,0.243492061,0.262184636,0.010022687
2980,2020-05-04 04:00:00,0.000000000,0.191554194,0.231209318,0.234952337,0.243476691,0.262162307,0.010551116
2981,2020-05-04 05:00:00,0.000000000,0.191556238,0.231198010,0.234940074,0.243462010,0.262140982,0.009510939
2982,2020-05-04 06:00:00,0.000000000,0.191558292,0.231186649,0.234927754,0.243447262,0.262119561,0.003281598
2983,2020-05-04 07:00:00,0.000000000,0.191560694,0.231173359,0.234913341,0.243430009,0.262094504,0.066694560
2984,2020-05-04 08:00:00,0.000000000,0.191558926,0.231183143,0.234923951,0.243442709,0.262112949,0.000000000
2985,2020-05-04 09:00:00,0.000000000,0.191561747,0.231167527,0.234907018,0.243422439,0.262083512,0.000000000
2986,2020-05-04 10:00:00,0.000000000,0.191564498,0.231152300,0.234890505,0.243402674,0.262054813,0.000000000
2987,2020-05-04 11:00:00,0.000000000,0.191567083,0.231137984,0.234874981,0.243384093,0.262027838,0.000000000
2988,2020-05-04 12:00:00,0.000000000,0.191569749,0.231123217,0.234858969,0.243364929,0.262000018,0.000000000
2989,2020-05-04 13:00:00,0.000000000,0.191573724,0.231101193,0.234835087,0.243336348,0.261958538,0.000000000
2990,2020-05-04 14:00:00,0.000000000,0.191589061,0.231016100,0.234742826,0.243225954,0.261798397,0.000000000
2991,2020-05-04 15:00:00,0.000000000,0.191611117,0.230893460,0.234609876,0.243066934,0.261567942,0.000000000
2992,2020-05-04 16:00:00,0.000000000,0.191633731,0.230767383,0.234473224,0.242903560,0.261331451,0.000000000
2993,2020-05-04 17:00:00,0.000000000,0.191662531,0.230606320,0.234298688,0.242695000,0.261029954,0.000000000
2994,2020-05-04 18:00:00,0.000000000,0.191683461,0.230488921,0.234171494,0.242543088,0.260810629,0.000000000
2995,2020-05-04 19:00:00,0.000000000,0.191703705,0.230375084,0.234048180,0.242395869,0.260598308,0.000000000
2996,2020-05-04 20:00:00,0.000000000,0.191720134,0.230282496,0.233947899,0.242276194,0.260425873,0.000000000
2997,2020-05-04 21:00:00,0.000000000,0.191733227,0.230208577,0.233867848,0.242180688,0.260288368,0.000000000
2998,2020-05-04 22:00:00,0.000000000,0.191742426,0.230156572,0.233811535,0.242113518,0.260191715,0.000000000
2999,2020-05-04 23:00:00,0.000000000,0.191751015,0.230107963,0.233758901,0.242050749,0.260101437,0.000000000
3000,2020-05-05 00:00:00,0.000000000,0.191757785,0.230069614,0.233717381,0.242001241,0.260030258,0.000000000
3001,2020-05-05 01:00:00,0.000000000,0.191764133,0.230033623,0.233678415,0.241954784,0.259963491,0.000000000
3002,2020-05-05 02:00:00,0.000000000,0.191772054,0.229988681,0.233629761,0.241896785,0.259880165,0.000000000
3003,2020-05-05 03:00:00,0.000000000,0.191778529,0.229951908,0.233589953,0.241849339,0.259812024,0.000000000
3004,2020-05-05 04:00:00,0.000000000,0.191783741,0.229922287,0.233557889,0.241811127,0.259757162,0.000000000
3005,2020-05-05 05:00:00,0.000000000,0.191788015,0.229897984,0.233531583,0.241779779,0.259712167,0.000000000
3006,2020-05-05 06:00:00,0.000000000,0.191789135,0.229891609,0.233524683,0.241771557,0.259700367,0.000000000
3007,2020-05-05 07:00:00,0.000000000,0.191790021,0.229886571,0.233519230,0.241765059,0.259691042,0.000000000
3008,2020-05-05 08:00:00,0.000000000,0.191791163,0.229880072,0.233512195,0.241756677,0.259679014,0.000000000
3009,2020-05-05 09:00:00,0.000000000,0.191791784,0.229876540,0.233508373,0.241752123,0.259672479,0.000000000
3010,2020-05-05 10:00:00,0.000000000,0.191791993,0.229875352,0.233507086,0.241750590,0.259670279,0.000000000
3011,2020-05-05 11:00:00,0.000000000,0.191793185,0.229868568,0.233499744,0.241741842,0.259657727,0.000000000
3012,2020-05-05 12:00:00,0.000000000,0.191799741,0.229831240,0.233459342,0.241693708,0.259588674,0.000000000
3013,2020-05-05 13:00:00,0.000000000,0.191806833,0.229790827,0.233415604,0.241641606,0.259513956,0.000000000
3014,2020-05-05 14:00:00,0.000000000,0.191818728,0.229722961,0.233342160,0.241554135,0.259388577,0.000000000
3015,2020-05-05 15:00:00,0.000000000,0.191832001,0.229647124,0.233260098,0.241456424,0.259248611,0.000000000
3016,2020-05-05 16:00:00,0.000000000,0.191846657,0.229563237,0.233169336,0.241348385,0.259093960,0.000000000
3017,2020-05-05 17:00:00,0.000000000,0.191863581,0.229466183,0.233064342,0.241223444,0.258915262,0.000000000
3018,2020-05-05 18:00:00,0.000000000,0.191880423,0.229369400,0.232959655,0.241098911,0.258737301,0.000000000
3019,2020-05-05 19:00:00,0.000000000,0.191893471,0.229294284,0.232878414,0.241002298,0.258599345,0.000000000
3020,2020-05-05 20:00:00,0.000000000,0.191904422,0.229231146,0.232810135,0.240921118,0.258483497,0.000000000
3021,2020-05-05 21:00:00,0.000000000,0.191909974,0.229199099,0.232775480,0.240879924,0.258424735,0.000000000
3022,2020-05-05 22:00:00,0.000000000,0.191912578,0.229184066,0.232759225,0.240860602,0.258397180,0.000000000
3023,2020-05-05 23:00:00,0.000000000,0.191915443,0.229167515,0.232741329,0.240839332,0.258366849,0.000000000
3024,2020-05-06 00:00:00,0.000000000,0.191918077,0.229152297,0.232724874,0.240819774,0.258338965,0.000000000
3025,2020-05-06 01:00:00,0.000000000,0.191919532,0.229143887,0.232715781,0.240808968,0.258323559,0.000000000
3026,2020-05-06 02:00:00,0.000000000,0.191921351,0.229133371,0.232704410,0.240795455,0.258304297,0.000000000
3027,2020-05-06 03:00:00,0.000000000,0.191922397,0.229127324,0.232697872,0.240787685,0.258293222,0.000000000
3028,2020-05-06 04:00:00,0.000000000,0.191924062,0.229117694,0.232687460,0.240775312,0.258275587,0.000000000
3029,2020-05-06 05:00:00,0.000000000,0.191924960,0.229112500,0.232681845,0.240768639,0.258266077,0.000000000
3030,2020-05-06 06:00:00,0.000000000,0.191925846,0.229107374,0.232676302,0.240762053,0.258256691,0.000000000
3031,2020-05-06 07:00:00,0.000000000,0.191926416,0.229104078,0.232672739,0.240757819,0.258250657,0.000000000
3032,2020-05-06 08:00:00,0.000000000,0.191927269,0.229099141,0.232667400,0.240751475,0.258241617,0.000000000
3033,2020-05-06 09:00:00,0.000000000,0.191929249,0.229087684,0.232655014,0.240736758,0.258220646,0.000000000
3034,2020-05-06 10:00:00,0.000000000,0.191931040,0.229077318,0.232643807,0.240723441,0.258201673,0.000000000
3035,2020-05-06 11:00:00,0.000000000,0.191931559,0.229074315,0.232640560,0.240719583,0.258196177,0.000000000
3036,2020-05-06 12:00:00,0.000000000,0.191932985,0.229066060,0.232631635,0.240708980,0.258181071,0.000000000
3037,2020-05-06 13:00:00,0.000000000,0.191935147,0.229053540,0.232618100,0.240692898,0.258158163,0.000000000
3038,2020-05-06 14:00:00,0.000000000,0.191939267,0.229029678,0.232592303,0.240662251,0.258114513,0.000000000
3039,2020-05-06 15:00:00,0.000000000,0.191944656,0.228998438,0.232558531,0.240622133,0.258057389,0.000000000
3040,2020-05-06 16:00:00,0.000000000,0.191950154,0.228966549,0.232524059,0.240581189,0.257999105,0.000000000
3041,2020-05-06 17:00:00,0.000000000,0.191956933,0.228927204,0.232481529,0.240530679,0.257927226,0.000000000
3042,2020-05-06 18:00:00,0.000000000,0.191963818,0.228887204,0.232438295,0.240479340,0.257854192,0.000000000
3043,2020-05-06 19:00:00,0.000000000,0.191970234,0.228849900,0.232397976,0.240431469,0.257786116,0.000000000
3044,2020-05-06 20:00:00,0.000000000,0.191975630,0.228818501,0.232364041,0.240391183,0.257728843,0.353471287
3045,2020-05-06 21:00:00,0.000000000,0.191955852,0.228933477,0.232488310,0.240538732,0.257938684,0.698984678
3046,2020-05-06 22:00:00,0.000000000,0.191912114,0.229186746,0.232762123,0.240864047,0.258402092,1.327825350
3047,2020-05-06 23:00:00,0.000000000,0.191830802,0.229653979,0.233267515,0.241465255,0.259261256,1.096368487
3048,2020-05-07 00:00:00,0.000000000,0.191761810,0.230046798,0.233692679,0.241971789,0.259987928,1.215199768
3049,2020-05-07 01:00:00,0.000000000,0.191685259,0.230478821,0.234160552,0.242530023,0.260791777,0.697661193
3050,2020-05-07 02:00:00,0.000000000,0.191641007,0.230726746,0.234429183,0.242850923,0.261255315,0.000000000
3051,2020-05-07 03:00:00,0.000000000,0.191642113,0.230720565,0.234422485,0.242842918,0.261243740,0.000000000
3052,2020-05-07 04:00:00,0.000000000,0.191643061,0.230715266,0.234416742,0.242836055,0.261233815,0.000000000
3053,2020-05-07 05:00:00,0.000000000,0.191644053,0.230709722,0.234410735,0.242828875,0.261223434,0.000000000
3054,2020-05-07 06:00:00,0.000000000,0.191644766,0.230705737,0.234406415,0.242823714,0.261215971,0.000000000
3055,2020-05-07 07:00:00,0.000000000,0.191645425,0.230702051,0.234402422,0.242818941,0.261209071,0.000000000
3056,2020-05-07 08:00:00,0.000000000,0.191646016,0.230698748,0.234398842,0.242814663,0.261202885,0.000000000
3057,2020-05-07 09:00:00,0.000000000,0.191646505,0.230696014,0.234395880,0.242811123,0.261197768,0.000000000
3058,2020-05-07 10:00:00,0.000000000,0.191647050,0.230692965,0.234392575,0.242807175,0.261192059,0.000000000
3059,2020-05-07 11:00:00,0.000000000,0.191647493,0.230690492,0.234389895,0.242803972,0.261187429,0.000000000
3060,2020-05-07 12:00:00,0.000000000,0.191647793,0.230690492,0.234389895,0.242803972,0.261187429,0.002442692
3061,2020-05-07 13:00:00,0.000000000,0.191647430,0.230690842,0.234390275,0.242804426,0.261188085,0.000000000
3062,2020-05-07 14:00:00,0.000000000,0.191649486,0.230679342,0.234377812,0.242789534,0.261166558,0.000000000
3063,2020-05-07 15:00:00,0.000000000,0.191658172,0.230630732,0.234325139,0.242726600,0.261075606,0.000000000
3064,2020-05-07 16:00:00,0.000000000,0.191676332,0.230528938,0.234214847,0.242594859,0.260885347,0.000000000
3065,2020-05-07 17:00:00,0.000000000,0.191691580,0.230443297,0.234122069,0.242484075,0.260725493,0.000000000
3066,2020-05-07 18:00:00,0.000000000,0.191704889,0.230368419,0.234040961,0.242387253,0.260585888,0.000000000
3067,2020-05-07 19:00:00,0.000000000,0.191724862,0.230255814,0.233919003,0.242241715,0.260376222,0.000000000
3068,2020-05-07 20:00:00,0.000000000,0.191744993,0.230142047,0.233795807,0.242094761,0.260164733,0.000000000
3069,2020-05-07 21:00:00,0.000000000,0.191761032,0.230051206,0.233697451,0.241977479,0.259996105,0.000000000
3070,2020-05-07 22:00:00,0.000000000,0.191774998,0.229971963,0.233611663,0.241875214,0.259849182,0.000000000
3071,2020-05-07 23:00:00,0.000000000,0.191776472,0.229963594,0.233602604,0.241864416,0.259833676,0.000000000
3072,2020-05-08 00:00:00,0.000000000,0.191779882,0.229944221,0.233581632,0.241839422,0.259797785,0.000000000
3073,2020-05-08 01:00:00,0.000000000,0.191782457,0.229929584,0.233565788,0.241820540,0.259770676,0.000000000
3074,2020-05-08 02:00:00,0.000000000,0.191783352,0.229924499,0.233560284,0.241813980,0.259761258,0.000000000
3075,2020-05-08 03:00:00,0.000000000,0.191784447,0.229918275,0.233553547,0.241805952,0.259749734,0.000000000
3076,2020-05-08 04:00:00,0.000000000,0.191785275,0.229913565,0.233548449,0.241799876,0.259741013,0.054594230
3077,2020-05-08 05:00:00,0.000000000,0.191782424,0.229929771,0.233565990,0.241820780,0.259771021,0.000000000
3078,2020-05-08 06:00:00,0.000000000,0.191784442,0.229918299,0.233553572,0.241805982,0.259749777,0.000000000
3079,2020-05-08 07:00:00,0.000000000,0.191785312,0.229913357,0.233548223,0.241799608,0.259740627,0.000000000
3080,2020-05-08 08:00:00,0.000000000,0.191786140,0.229908648,0.233543126,0.241793533,0.259731909,0.000000000
3081,2020-05-08 09:00:00,0.000000000,0.191787116,0.229903094,0.233537114,0.241786370,0.259721626,0.000000000
3082,2020-05-08 10:00:00,0.000000000,0.191787995,0.229898099,0.233531707,0.241779927,0.259712380,0.000000000
3083,2020-05-08 11:00:00,0.000000000,0.191791942,0.229875640,0.233507398,0.241750962,0.259670812,0.000000000
3084,2020-05-08 12:00:00,0.000000000,0.191797871,0.229841886,0.233470865,0.241707435,0.259608365,0.000000000
3085,2020-05-08 13:00:00,0.000000000,0.191805100,0.229800703,0.233426293,0.241654338,0.259532212,0.000000000
3086,2020-05-08 14:00:00,0.000000000,0.191813411,0.229753308,0.233375000,0.241593245,0.259444627,0.000000000
3087,2020-05-08 15:00:00,0.000000000,0.191822789,0.229699774,0.233317069,0.241524256,0.259345767,0.000000000
3088,2020-05-08 16:00:00,0.000000000,0.191833013,0.229641338,0.233253837,0.241448971,0.259237938,0.000000000
3089,2020-05-08 17:00:00,0.000000000,0.191844373,0.229576323,0.233183494,0.241365236,0.259118074,0.000000000
3090,2020-05-08 18:00:00,0.000000000,0.191854963,0.229515633,0.233117836,0.241287095,0.259006281,0.435720222
3091,2020-05-08 19:00:00,0.000000000,0.191829822,0.229659580,0.233273576,0.241472470,0.259271589,0.728363648
3092,2020-05-08 20:00:00,0.000000000,0.191785510,0.229912231,0.233547004,0.241798155,0.259738543,0.521290173
3093,2020-05-08 21:00:00,0.000000000,0.191753360,0.230094684,0.233744524,0.242033604,0.260076785,0.654609806
3094,2020-05-08 22:00:00,0.000000000,0.191712052,0.230328068,0.233997256,0.242335092,0.260510718,0.986915074
3095,2020-05-08 23:00:00,0.000000000,0.191649231,0.230680769,0.234379359,0.242791382,0.261169229,0.994642653
3096,2020-05-09 00:00:00,0.000000000,0.191587256,0.231026124,0.234753694,0.243238957,0.261817252,1.483112078
3097,2020-05-09 01:00:00,0.000000000,0.191497406,0.231522290,0.235291826,0.243883354,0.262753931,1.829574239
3098,2020-05-09 02:00:00,0.000000000,0.191389248,0.232112590,0.235932569,0.244652143,0.263877204,2.126348454
3099,2020-05-09 03:00:00,0.000000000,0.191266207,0.232775058,0.236652316,0.245517720,0.265149568,1.989388647
3100,2020-05-09 04:00:00,0.000000000,0.191153837,0.233371839,0.237301310,0.246300039,0.266306690,1.051068045
3101,2020-05-09 05:00:00,0.000000000,0.191100781,0.233650931,0.237605020,0.246666745,0.266851457,0.389328608
3102,2020-05-09 06:00:00,0.000000000,0.191092266,0.233695569,0.237653608,0.246725447,0.266938805,0.384546053
3103,2020-05-09 07:00:00,0.000000000,0.191084887,0.233734208,0.237695669,0.246776271,0.267014462,0.090789878
3104,2020-05-09 08:00:00,0.000000000,0.191097093,0.233670269,0.237626069,0.246692175,0.266889291,0.000000000
3105,2020-05-09 09:00:00,0.000000000,0.191115568,0.233573317,0.237520547,0.246564712,0.266699726,0.000000000
3106,2020-05-09 10:00:00,0.000000000,0.191134174,0.233475474,0.237414071,0.246436144,0.266508705,0.000000000
3107,2020-05-09 11:00:00,0.000000000,0.191152695,0.233377866,0.237307866,0.246307952,0.266318428,0.000000000
3108,2020-05-09 12:00:00,0.000000000,0.191170790,0.233282300,0.237203899,0.246182505,0.266132408,0.000000000
3109,2020-05-09 13:00:00,0.000000000,0.191188974,0.233186065,0.237099220,0.246056245,0.265945360,0.000000000
3110,2020-05-09 14:00:00,0.000000000,0.191209257,0.233078485,0.236982217,0.245915175,0.265736584,0.000000000
3111,2020-05-09 15:00:00,0.000000000,0.191232916,0.232952672,0.236845408,0.245750297,0.265492856,0.000000000
3112,2020-05-09 16:00:00,0.000000000,0.191258276,0.232817435,0.236698381,0.245573190,0.265231389,0.000000000
3113,2020-05-09 17:00:00,0.000000000,0.191284472,0.232677317,0.236546080,0.245389825,0.264961049,0.000000000
3114,2020-05-09 18:00:00,0.000000000,0.191309372,0.232543738,0.236400915,0.245215140,0.264703852,0.000000000
3115,2020-05-09 19:00:00,0.000000000,0.191331839,0.232422874,0.236269592,0.245057187,0.264471581,0.000000000
3116,2020-05-09 20:00:00,0.000000000,0.191353538,0.232305840,0.236142454,0.244904334,0.264247069,0.000000000
3117,2020-05-09 21:00:00,0.000000000,0.191371526,0.232208597,0.236036833,0.244777400,0.264060821,0.000000000
3118,2020-05-09 22:00:00,0.000000000,0.191389333,0.232112132,0.235932071,0.244651546,0.263876329,0.000000000
3119,2020-05-09 23:00:00,0.000000000,0.191403763,0.232033806,0.235847020,0.244549402,0.263726722,0.000000000
3120,2020-05-10 00:00:00,0.173684224,0.191415704,0.231968898,0.235776547,0.244464788,0.263602875,0.000000000
3121,2020-05-10 01:00:00,0.018859981,0.191425821,0.231913827,0.235716758,0.244393019,0.263497890,0.173684222
3122,2020-05-10 02:00:00,0.016437164,0.191423616,0.231925837,0.235729797,0.244408669,0.263520778,0.018859982
3123,2020-05-10 03:00:00,0.011035819,0.191431677,0.231881925,0.235682126,0.244351454,0.263437113,0.016437165
3124,2020-05-10 04:00:00,0.009699552,0.191438976,0.231842123,0.235638921,0.244299606,0.263361326,0.011035819
3125,2020-05-10 05:00:00,0.009443649,0.191446813,0.231799357,0.235592500,0.244243908,0.263279944,0.009699552
3126,2020-05-10 06:00:00,0.006577661,0.191454978,0.231754755,0.235544090,0.244185832,0.263195123,0.009443649
3127,2020-05-10 07:00:00,0.005219159,0.191461521,0.231718982,0.235505265,0.244139261,0.263127132,0.006577661
3128,2020-05-10 08:00:00,0.004969876,0.191468001,0.231683525,0.235466784,0.244093111,0.263059777,0.005219159
3129,2020-05-10 09:00:00,0.004764617,0.191474879,0.231645860,0.235425909,0.244044095,0.262988265,0.004969877
3130,2020-05-10 10:00:00,0.004100918,0.191481511,0.231609518,0.235386474,0.243996811,0.262919304,0.004764618
3131,2020-05-10 11:00:00,0.004030625,0.191487604,0.231576102,0.235350214,0.243953341,0.262855926,0.004100918
3132,2020-05-10 12:00:00,0.005151719,0.191494187,0.231539972,0.235311012,0.243906349,0.262787437,0.004030625
3133,2020-05-10 13:00:00,0.004343850,0.191503731,0.231487538,0.235254123,0.243838167,0.262688106,0.005151720
3134,2020-05-10 14:00:00,0.003704626,0.191514680,0.231427314,0.235188787,0.243759878,0.262574110,0.004343850
3135,2020-05-10 15:00:00,0.002362274,0.191529099,0.231347881,0.235102621,0.243656654,0.262423907,0.003704627
3136,2020-05-10 16:00:00,0.001576770,0.191545066,0.231259765,0.235007048,0.243542196,0.262257488,0.002362274
3137,2020-05-10 17:00:00,0.000765435,0.191564263,0.231153603,0.234891918,0.243404365,0.262057268,0.001576770
3138,2020-05-10 18:00:00,0.000369771,0.191583323,0.231047954,0.234777362,0.243267274,0.261858321,0.000765435
3139,2020-05-10 19:00:00,0.000155677,0.191602574,0.230941001,0.234661411,0.243128567,0.261657230,0.000369771
3140,2020-05-10 20:00:00,0.000073170,0.191617625,0.230857215,0.234570588,0.243019956,0.261499910,0.000155677
3141,2020-05-10 21:00:00,0.000028523,0.191630450,0.230785700,0.234493076,0.242927289,0.261365782,0.000073170
3142,2020-05-10 22:00:00,0.000012988,0.191634525,0.230762953,0.234468423,0.242897821,0.261323149,0.000028523
3143,2020-05-10 23:00:00,0.000007861,0.191641111,0.230726162,0.234428551,0.242850167,0.261254222,0.000012988
3144,2020-05-11 00:00:00,0.000003534,0.191643485,0.230712899,0.234414178,0.242832990,0.261229383,0.000007861
3145,2020-05-11 01:00:00,0.000002292,0.191644643,0.230706427,0.234407164,0.242824608,0.261217263,0.000003534
3146,2020-05-11 02:00:00,0.000001565,0.191645335,0.230702556,0.234402969,0.242819595,0.261210016,0.000002292
3147,2020-05-11 03:00:00,0.000001210,0.191645616,0.230700985,0.234401266,0.242817560,0.261207074,0.000001565
3148,2020-05-11 04:00:00,0.000000000,0.191645912,0.230699328,0.234399471,0.242815415,0.261203972,0.000001210
3149,2020-05-11 05:00:00,0.000000000,0.191646898,0.230693815,0.234393496,0.242808276,0.261193651,0.003010119
3150,2020-05-11 06:00:00,0.000000000,0.191646766,0.230694554,0.234394297,0.242809232,0.261195033,0.002588921
3151,2020-05-11 07:00:00,0.000000000,0.191646665,0.230695118,0.234394908,0.242809963,0.261196090,0.002131525
3152,2020-05-11 08:00:00,0.000000000,0.191646597,0.230695500,0.234395322,0.242810458,0.261196805,0.003116331
3153,2020-05-11 09:00:00,0.000000000,0.191646467,0.230696229,0.234396112,0.242811402,0.261198170,0.003396168
3154,2020-05-11 10:00:00,0.000000000,0.191646322,0.230697038,0.234396990,0.242812450,0.261199685,0.007200642
3155,2020-05-11 11:00:00,0.000000000,0.191645934,0.230699207,0.234399339,0.242815258,0.261203745,0.004268694
3156,2020-05-11 12:00:00,0.000002338,0.191645748,0.230700248,0.234400467,0.242816606,0.261205694,0.004002826
3157,2020-05-11 13:00:00,0.000002604,0.191647137,0.230692481,0.234392050,0.242806548,0.261191153,0.000002338
3158,2020-05-11 14:00:00,0.000001628,0.191651762,0.230666608,0.234364014,0.242773047,0.261142727,0.000002604
3159,2020-05-11 15:00:00,0.000000000,0.191656882,0.230637956,0.234332967,0.242735952,0.261089118,0.289475349
3160,2020-05-11 16:00:00,0.000000000,0.191644255,0.230708595,0.234409514,0.242827416,0.261221324,0.000000000
3161,2020-05-11 17:00:00,0.000000000,0.191651391,0.230668685,0.234366264,0.242775736,0.261146612,0.649092044
3162,2020-05-11 18:00:00,0.000000000,0.191611471,0.230891491,0.234607741,0.243064381,0.261564244,0.614683984
3163,2020-05-11 19:00:00,0.000000000,0.191574522,0.231096766,0.234830288,0.243330604,0.261950202,1.294621984
3164,2020-05-11 20:00:00,0.000000000,0.191496171,0.231529073,0.235299186,0.243892175,0.262766784,0.847087495
3165,2020-05-11 21:00:00,0.000000000,0.191450043,0.231781715,0.235573351,0.244220934,0.263246387,2.442894015
3166,2020-05-11 22:00:00,0.000000000,0.191309753,0.232541689,0.236398688,0.245212461,0.264699911,0.000000000
3167,2020-05-11 23:00:00,0.000000000,0.191320099,0.232486070,0.236338253,0.245139763,0.264592975,0.000000000
3168,2020-05-12 00:00:00,0.000000000,0.191330166,0.232431886,0.236279384,0.245068961,0.264488886,0.555122182
3169,2020-05-12 01:00:00,0.000000000,0.191305005,0.232567193,0.236426402,0.245245804,0.264748976,0.000000000
3170,2020-05-12 02:00:00,0.000000000,0.191316063,0.232507776,0.236361838,0.245168131,0.264634697,0.000000000
3171,2020-05-12 03:00:00,0.000000000,0.191326545,0.232451383,0.236300566,0.245094435,0.264526330,0.000000000
3172,2020-05-12 04:00:00,0.000000000,0.191337729,0.232391138,0.236235114,0.245015729,0.264410661,0.000000000
3173,2020-05-12 05:00:00,0.000000000,0.191349352,0.232328445,0.236167009,0.244933850,0.264290402,0.000000000
3174,2020-05-12 06:00:00,0.000000000,0.191360620,0.232267579,0.236100895,0.244854384,0.264173756,0.000000000
3175,2020-05-12 07:00:00,0.000000000,0.191371349,0.232209555,0.236037873,0.244778651,0.264062654,0.000000000
3176,2020-05-12 08:00:00,0.000000000,0.191381487,0.232154660,0.235978255,0.244707022,0.263957631,0.000000000
3177,2020-05-12 09:00:00,0.000000000,0.191390869,0.232103802,0.235923026,0.244640681,0.263860410,0.000000000
3178,2020-05-12 10:00:00,0.000000000,0.191399381,0.232057607,0.235872864,0.244580437,0.263772165,0.000000000
3179,2020-05-12 11:00:00,0.000000000,0.191408345,0.232008911,0.235819989,0.244516945,0.263679206,0.000000000
3180,2020-05-12 12:00:00,0.000000000,0.191417285,0.231960296,0.235767208,0.244453577,0.263586471,0.000000000
3181,2020-05-12 13:00:00,0.000000000,0.191428154,0.231901120,0.235702964,0.244376463,0.263473679,0.000000000
3182,2020-05-12 14:00:00,0.000000000,0.191443834,0.231815617,0.235610149,0.244265083,0.263310880,0.000000000
3183,2020-05-12 15:00:00,0.000000000,0.191460500,0.231724564,0.235511322,0.244146527,0.263137738,0.000000000
3184,2020-05-12 16:00:00,0.000000000,0.191478757,0.231624612,0.235402852,0.244016448,0.262947941,0.000000000
3185,2020-05-12 17:00:00,0.000000000,0.191498602,0.231515723,0.235284702,0.243874815,0.262741491,0.000000000
3186,2020-05-12 18:00:00,0.000000000,0.191517064,0.231414190,0.235174550,0.243742820,0.262549281,0.000000000
3187,2020-05-12 19:00:00,0.000000000,0.191535455,0.231312825,0.235064597,0.243611112,0.262357673,0.000000000
3188,2020-05-12 20:00:00,0.000000000,0.191555358,0.231202880,0.234945356,0.243468333,0.262150166,0.000000000
3189,2020-05-12 21:00:00,0.000000000,0.191570031,0.231121656,0.234857276,0.243362903,0.261997077,0.000000000
3190,2020-05-12 22:00:00,0.000000000,0.191582287,0.231053705,0.234783597,0.243274735,0.261869143,0.000000000
3191,2020-05-12 23:00:00,0.000000000,0.191595297,0.230981462,0.234705274,0.243181031,0.261733267,0.000000000
3192,2020-05-13 00:00:00,0.000000000,0.191602338,0.230942315,0.234662835,0.243130270,0.261659698,0.000000000
3193,2020-05-13 01:00:00,0.000000000,0.191606317,0.230920177,0.234638837,0.243101568,0.261618112,0.000000000
3194,2020-05-13 02:00:00,0.000000000,0.191608860,0.230906027,0.234623498,0.243083225,0.261591538,0.000000000
3195,2020-05-13 03:00:00,0.000000000,0.191611474,0.230891473,0.234607722,0.243064358,0.261564211,0.054594230
3196,2020-05-13 04:00:00,0.000000000,0.191614112,0.230876785,0.234591800,0.243045319,0.261536638,0.000000000
3197,2020-05-13 05:00:00,0.000000000,0.191620614,0.230840554,0.234552529,0.242998364,0.261468650,0.000000000
3198,2020-05-13 06:00:00,0.000000000,0.191624403,0.230819433,0.234529636,0.242970994,0.261429031,0.000000000
3199,2020-05-13 07:00:00,0.000000000,0.191628011,0.230799306,0.234507821,0.242944916,0.261391289,0.000000000
3200,2020-05-13 08:00:00,0.000000000,0.191631715,0.230778640,0.234485424,0.242918142,0.261352548,0.000000000
3201,2020-05-13 09:00:00,0.000000000,0.191632837,0.230772376,0.234478635,0.242910028,0.261340808,0.000000000
3202,2020-05-13 10:00:00,0.000000000,0.191634208,0.230764720,0.234470337,0.242900110,0.261326459,0.000000000
3203,2020-05-13 11:00:00,0.000000000,0.191634914,0.230760780,0.234466067,0.242895005,0.261319075,0.000000000
3204,2020-05-13 12:00:00,0.000000000,0.191636042,0.230754479,0.234459238,0.242886843,0.261307269,0.000000000
3205,2020-05-13 13:00:00,0.000000000,0.191640178,0.230731375,0.234434200,0.242856919,0.261263986,0.000000000
3206,2020-05-13 14:00:00,0.000000000,0.191649004,0.230682042,0.234380738,0.242793031,0.261171612,0.000000000
3207,2020-05-13 15:00:00,0.000000000,0.191658906,0.230626624,0.234320688,0.242721283,0.261067923,0.000000000
3208,2020-05-13 16:00:00,0.000000000,0.191674112,0.230541394,0.234228342,0.242610975,0.260908613,0.000000000
3209,2020-05-13 17:00:00,0.000000000,0.191690431,0.230449754,0.234129064,0.242492426,0.260737539,0.000000000
3210,2020-05-13 18:00:00,0.000000000,0.191705691,0.230363899,0.234036066,0.242381410,0.260577466,0.000000000
3211,2020-05-13 19:00:00,0.000000000,0.191718779,0.230290139,0.233956177,0.242286071,0.260440099,0.000000000
3212,2020-05-13 20:00:00,0.000000000,0.191731777,0.230216766,0.233876716,0.242191267,0.260303594,0.000000000
3213,2020-05-13 21:00:00,0.000000000,0.191741996,0.230159002,0.233814165,0.242116656,0.260196229,0.000000000
3214,2020-05-13 22:00:00,0.000000000,0.191751716,0.230103993,0.233754603,0.242045624,0.260094067,0.000000000
3215,2020-05-13 23:00:00,0.000000000,0.191755135,0.230084625,0.233733633,0.242020618,0.260058114,0.000000000
3216,2020-05-14 00:00:00,0.000000000,0.191758132,0.230067643,0.233715247,0.241998696,0.260026601,0.000000000
3217,2020-05-14 01:00:00,0.000000000,0.191764601,0.230030967,0.233675539,0.241951356,0.259958564,0.000000000
3218,2020-05-14 02:00:00,0.000000000,0.191769532,0.230002996,0.233645258,0.241915257,0.259906699,0.000000000
3219,2020-05-14 03:00:00,0.000000000,0.191771185,0.229993611,0.233635099,0.241903147,0.259889303,0.000000000
3220,2020-05-14 04:00:00,0.000000000,0.191773429,0.229980873,0.233621309,0.241886711,0.259865694,0.000000000
3221,2020-05-14 05:00:00,0.000000000,0.191773864,0.229978405,0.233618637,0.241883526,0.259861120,0.000000000
3222,2020-05-14 06:00:00,0.000000000,0.191774215,0.229976410,0.233616477,0.241880952,0.259857423,0.000000000
3223,2020-05-14 07:00:00,0.000000000,0.191774515,0.229974704,0.233614631,0.241878751,0.259854262,0.000000000
3224,2020-05-14 08:00:00,0.000000000,0.191774818,0.229972988,0.233612773,0.241876536,0.259851081,0.000000000
3225,2020-05-14 09:00:00,0.000000000,0.191775046,0.229971688,0.233611366,0.241874860,0.259848673,0.000000000
3226,2020-05-14 10:00:00,0.000000000,0.191775206,0.229970784,0.233610387,0.241873693,0.259846998,0.000000000
3227,2020-05-14 11:00:00,0.000000000,0.191775295,0.229970279,0.233609841,0.241873042,0.259846062,0.000000000
3228,2020-05-14 12:00:00,0.000000000,0.191775418,0.229969578,0.233609081,0.241872137,0.259844763,0.000000000
3229,2020-05-14 13:00:00,0.000000000,0.191776883,0.229961258,0.233600074,0.241861402,0.259829346,0.000000000
3230,2020-05-14 14:00:00,0.000000000,0.191782088,0.229931681,0.233568058,0.241823245,0.259774559,0.000000000
3231,2020-05-14 15:00:00,0.000000000,0.191789195,0.229891269,0.233524314,0.241771118,0.259699737,0.000000000
3232,2020-05-14 16:00:00,0.000000000,0.191800297,0.229828070,0.233455911,0.241689620,0.259582812,0.000000000
3233,2020-05-14 17:00:00,0.000000000,0.191813502,0.229752788,0.233374437,0.241592574,0.259443666,0.000000000
3234,2020-05-14 18:00:00,0.000000000,0.191825472,0.229684443,0.233300479,0.241504503,0.259317469,0.000000000
3235,2020-05-14 19:00:00,0.000000000,0.191838581,0.229609479,0.233219366,0.241407935,0.259179188,0.000000000
3236,2020-05-14 20:00:00,0.000000000,0.191851368,0.229536243,0.233140132,0.241313628,0.259044234,0.000000000
3237,2020-05-14 21:00:00,0.000000000,0.191860288,0.229485082,0.233084786,0.241247769,0.258950041,0.000000000
3238,2020-05-14 22:00:00,0.000000000,0.191865187,0.229456962,0.233054367,0.241211576,0.258898296,0.000000000
3239,2020-05-14 23:00:00,0.000000000,0.191867975,0.229440951,0.233037048,0.241190972,0.258868843,0.000000000
3240,2020-05-15 00:00:00,0.000000000,0.191869820,0.229430353,0.233025583,0.241177333,0.258849350,0.000000000
3241,2020-05-15 01:00:00,0.000000000,0.191871170,0.229422599,0.233017196,0.241167355,0.258835090,0.000000000
3242,2020-05-15 02:00:00,0.000000000,0.191871848,0.229418702,0.233012981,0.241162342,0.258827926,0.000000000
3243,2020-05-15 03:00:00,0.000000000,0.191872116,0.229417165,0.233011318,0.241160363,0.258825099,0.411809313
3244,2020-05-15 04:00:00,0.000000000,0.191845465,0.229570066,0.233176725,0.241357179,0.259106544,0.472760519
3245,2020-05-15 05:00:00,0.000000000,0.191814863,0.229745023,0.233366034,0.241582567,0.259429322,0.944772376
3246,2020-05-15 06:00:00,0.000000000,0.191754517,0.230088128,0.233737426,0.242025141,0.260064617,1.317313695
3247,2020-05-15 07:00:00,0.000000000,0.191670991,0.230558902,0.234247311,0.242633631,0.260941322,2.122982187
3248,2020-05-15 08:00:00,0.000000000,0.191542161,0.231275813,0.235024453,0.243563038,0.262287781,2.447720567
3249,2020-05-15 09:00:00,0.000000000,0.191397501,0.232067814,0.235883947,0.244593747,0.263791658,0.002371895
3250,2020-05-15 10:00:00,0.000000000,0.191404639,0.232029047,0.235841853,0.244543197,0.263717637,0.006102895
3251,2020-05-15 11:00:00,0.000000000,0.191411322,0.231992727,0.235802418,0.244495848,0.263648328,0.008543472
3252,2020-05-15 12:00:00,0.000000000,0.191417648,0.231958321,0.235765063,0.244451002,0.263582704,0.013833079
3253,2020-05-15 13:00:00,0.000000000,0.191423442,0.231926782,0.235730823,0.244409900,0.263522579,0.012347341
3254,2020-05-15 14:00:00,0.000000000,0.191429226,0.231895280,0.235696624,0.244368853,0.263462552,0.013292573
3255,2020-05-15 15:00:00,0.000000000,0.191435347,0.231861916,0.235660406,0.244325387,0.263399008,0.000937206
3256,2020-05-15 16:00:00,0.000000000,0.191446056,0.231803487,0.235596983,0.244249285,0.263287800,0.000000000
3257,2020-05-15 17:00:00,0.000000000,0.191462184,0.231715353,0.235501326,0.244134537,0.263120237,0.000000000
3258,2020-05-15 18:00:00,0.000000000,0.191480260,0.231616377,0.235393916,0.244005734,0.262932316,0.000000000
3259,2020-05-15 19:00:00,0.000000000,0.191496853,0.231525329,0.235295125,0.243887307,0.262759691,0.000000000
3260,2020-05-15 20:00:00,0.000000000,0.191511103,0.231446998,0.235210141,0.243785463,0.262611357,0.000000000
3261,2020-05-15 21:00:00,0.000000000,0.191517486,0.231411869,0.235172032,0.243739803,0.262544890,0.000000000
3262,2020-05-15 22:00:00,0.000000000,0.191524931,0.231370856,0.235127542,0.243686506,0.262467333,0.000000000
3263,2020-05-15 23:00:00,0.000000000,0.191530745,0.231338807,0.235092778,0.243644865,0.262406759,0.000000000
3264,2020-05-16 00:00:00,0.000000000,0.191537582,0.231301086,0.235051864,0.243595863,0.262335502,0.000000000
3265,2020-05-16 01:00:00,0.000000000,0.191544424,0.231263311,0.235010894,0.243546801,0.262264180,0.173684222
3266,2020-05-16 02:00:00,0.000000000,0.191537926,0.231299193,0.235049811,0.243593405,0.262331926,4.805601293
3267,2020-05-16 03:00:00,0.000000000,0.191271526,0.232746615,0.236621399,0.245480495,0.265094679,3.388376990
3268,2020-05-16 04:00:00,0.000000000,0.191079997,0.233759801,0.237723528,0.246809940,0.267064598,2.714480979
3269,2020-05-16 05:00:00,0.000000000,0.190928568,0.234545246,0.238579094,0.247845490,0.268613044,1.590927275
3270,2020-05-16 06:00:00,0.000000000,0.190846405,0.234965802,0.239037620,0.248401761,0.269450026,0.914029351
3271,2020-05-16 07:00:00,0.000000000,0.190808976,0.235156097,0.239245194,0.248653882,0.269830591,0.453901646
3272,2020-05-16 08:00:00,0.000000000,0.190802912,0.235186853,0.239278748,0.248694655,0.269892207,0.005535771
3273,2020-05-16 09:00:00,0.000000000,0.190827619,0.235061410,0.239141902,0.248528400,0.269641086,0.000000000
3274,2020-05-16 10:00:00,0.000000000,0.190852348,0.234935511,0.239004584,0.248361652,0.269389555,0.000000000
3275,2020-05-16 11:00:00,0.000000000,0.190876696,0.234811210,0.238869036,0.248197134,0.269141710,0.000000000
3276,2020-05-16 12:00:00,0.000000000,0.190901510,0.234684174,0.238730532,0.248029110,0.268888919,0.000000000
3277,2020-05-16 13:00:00,0.000000000,0.190928494,0.234545624,0.238579506,0.247845989,0.268613793,0.000000000
3278,2020-05-16 14:00:00,0.000000000,0.190961703,0.234374531,0.238393052,0.247620044,0.268274874,0.000000000
3279,2020-05-16 15:00:00,0.000000000,0.190999127,0.234180951,0.238182149,0.247364652,0.267892503,0.000000000
3280,2020-05-16 16:00:00,0.000000000,0.191035612,0.233991427,0.237975726,0.247114869,0.267519263,0.000000000
3281,2020-05-16 17:00:00,0.000000000,0.191072023,0.233801502,0.237768927,0.246864811,0.267146335,0.000000000
3282,2020-05-16 18:00:00,0.000000000,0.191106751,0.233619613,0.237570933,0.246625568,0.266790210,0.000000000
3283,2020-05-16 19:00:00,0.000000000,0.191138691,0.233451686,0.237388187,0.246404897,0.266462307,0.000000000
3284,2020-05-16 20:00:00,0.000000000,0.191168531,0.233294245,0.237216894,0.246198182,0.266155645,0.000000000
3285,2020-05-16 21:00:00,0.000000000,0.191187221,0.233195351,0.237109320,0.246068426,0.265963397,0.000000000
3286,2020-05-16 22:00:00,0.000000000,0.191203148,0.233110910,0.237017480,0.245957686,0.265799474,0.000000000
3287,2020-05-16 23:00:00,0.000000000,0.191218198,0.233030977,0.236930554,0.245852903,0.265644495,0.000000000
3288,2020-05-17 00:00:00,0.000000000,0.191237837,0.232926461,0.236816911,0.245715962,0.265442139,0.000000000
3289,2020-05-17 01:00:00,0.000000000,0.191254698,0.232836538,0.236719148,0.245598201,0.265268291,0.000000000
3290,2020-05-17 02:00:00,0.000000000,0.191270424,0.232752514,0.236627811,0.245488214,0.265106061,0.000000000
3291,2020-05-17 03:00:00,0.000000000,0.191284585,0.232676715,0.236545425,0.245389036,0.264959887,0.000000000
3292,2020-05-17 04:00:00,0.000000000,0.191297832,0.232605694,0.236468240,0.245296146,0.264823079,0.000000000
3293,2020-05-17 05:00:00,0.000000000,0.191310349,0.232538487,0.236395209,0.245208275,0.264693753,0.000000000
3294,2020-05-17 06:00:00,0.000000000,0.191322322,0.232474112,0.236325261,0.245124136,0.264569997,0.000000000
3295,2020-05-17 07:00:00,0.000000000,0.191333388,0.232414528,0.236260525,0.245046284,0.264455557,0.000000000
3296,2020-05-17 08:00:00,0.000000000,0.191343750,0.232358669,0.236199841,0.244973320,0.264348365,0.000000000
3297,2020-05-17 09:00:00,0.000000000,0.191353749,0.232304703,0.236141220,0.244902851,0.264244891,0.000000000
3298,2020-05-17 10:00:00,0.000000000,0.191363189,0.232253691,0.236085810,0.244836255,0.264147156,0.000000000
3299,2020-05-17 11:00:00,0.000000000,0.191371707,0.232207621,0.236035772,0.244776127,0.264058952,0.000000000
3300,2020-05-17 12:00:00,0.000000000,0.191380778,0.232158503,0.235982428,0.244712036,0.263964981,0.000000000
3301,2020-05-17 13:00:00,0.000000000,0.191390717,0.232104622,0.235923916,0.244641750,0.263861977,0.000000000
3302,2020-05-17 14:00:00,0.000000000,0.191403284,0.232036413,0.235849851,0.244552801,0.263731698,0.000000000
3303,2020-05-17 15:00:00,0.000000000,0.191416551,0.231964289,0.235771542,0.244458780,0.263594085,0.000000000
3304,2020-05-17 16:00:00,0.000000000,0.191430988,0.231885679,0.235686201,0.244356345,0.263444263,0.000000000
3305,2020-05-17 17:00:00,0.000000000,0.191446872,0.231799030,0.235592145,0.244243481,0.263279321,0.000000000
3306,2020-05-17 18:00:00,0.000000000,0.191464737,0.231701385,0.235486167,0.244116356,0.263093700,0.000000000
3307,2020-05-17 19:00:00,0.000000000,0.191484561,0.231592794,0.235368327,0.243975055,0.262887582,0.000000000
3308,2020-05-17 20:00:00,0.000000000,0.191501970,0.231497217,0.235264623,0.243850751,0.262706435,0.000000000
3309,2020-05-17 21:00:00,0.000000000,0.191515900,0.231420596,0.235181499,0.243751146,0.262561400,0.000000000
3310,2020-05-17 22:00:00,0.000000000,0.191524573,0.231372830,0.235129684,0.243689071,0.262471065,0.000000000
3311,2020-05-17 23:00:00,0.000000000,0.191533232,0.231325090,0.235077900,0.243627045,0.262380842,0.000000000
3312,2020-05-18 00:00:00,0.000000000,0.191542181,0.231275699,0.235024329,0.243562889,0.262287565,0.000000000
3313,2020-05-18 01:00:00,0.000000000,0.191548670,0.231239855,0.234985455,0.243516341,0.262219914,0.000000000
3314,2020-05-18 02:00:00,0.000000000,0.191554883,0.231205508,0.234948205,0.243471744,0.262155121,0.000000000
3315,2020-05-18 03:00:00,0.000000000,0.191560296,0.231175561,0.234915730,0.243432868,0.262098656,0.000000000
3316,2020-05-18 04:00:00,0.000000000,0.191563548,0.231157560,0.234896209,0.243409501,0.262064725,0.000000000
3317,2020-05-18 05:00:00,0.000000000,0.191566308,0.231142279,0.234879638,0.243389667,0.262035930,0.000000000
3318,2020-05-18 06:00:00,0.000000000,0.191568921,0.231127807,0.234863946,0.243370885,0.262008664,0.000000000
3319,2020-05-18 07:00:00,0.000000000,0.191571414,0.231113995,0.234848969,0.243352961,0.261982648,0.000000000
3320,2020-05-18 08:00:00,0.000000000,0.191573780,0.231100877,0.234834745,0.243335939,0.261957944,0.000000000
3321,2020-05-18 09:00:00,0.000000000,0.191576148,0.231087753,0.234820515,0.243318909,0.261933232,0.106989656
3322,2020-05-18 10:00:00,0.000000000,0.191571627,0.231112810,0.234847684,0.243351423,0.261980416,0.231578980
3323,2020-05-18 11:00:00,0.000000000,0.191558914,0.231183205,0.234924019,0.243442790,0.262113066,0.000816229
3324,2020-05-18 12:00:00,0.000000000,0.191561468,0.231169074,0.234908695,0.243424446,0.262086427,0.002694775
3325,2020-05-18 13:00:00,0.000000000,0.191563877,0.231155738,0.234894233,0.243407136,0.262061292,0.002724281
3326,2020-05-18 14:00:00,0.000000000,0.191566388,0.231141833,0.234879155,0.243389089,0.262035090,0.000000000
3327,2020-05-18 15:00:00,0.000000000,0.191570413,0.231119542,0.234854983,0.243360159,0.261993095,0.000000000
3328,2020-05-18 16:00:00,0.000000000,0.191580851,0.231061672,0.234792235,0.243285070,0.261884137,0.000000000
3329,2020-05-18 17:00:00,0.000000000,0.191592025,0.230999641,0.234724982,0.243204607,0.261767446,0.000000000
3330,2020-05-18 18:00:00,0.000000000,0.191603595,0.230935324,0.234655256,0.243121206,0.261646564,0.000000000
3331,2020-05-18 19:00:00,0.000000000,0.191615862,0.230867036,0.234581233,0.243032684,0.261518340,0.000000000
3332,2020-05-18 20:00:00,0.000000000,0.191624463,0.230819095,0.234529270,0.242970557,0.261428398,0.000000000
3333,2020-05-18 21:00:00,0.000000000,0.191631116,0.230781978,0.234489041,0.242922467,0.261358805,0.000000000
3334,2020-05-18 22:00:00,0.000000000,0.191633284,0.230769879,0.234475929,0.242906793,0.261336128,0.000000000
3335,2020-05-18 23:00:00,0.000000000,0.191635434,0.230757875,0.234462919,0.242891243,0.261313632,0.000000000
3336,2020-05-19 00:00:00,0.000000000,0.191637397,0.230746915,0.234451041,0.242877046,0.261293096,0.000000000
3337,2020-05-19 01:00:00,0.000000000,0.191639462,0.230735376,0.234438536,0.242862100,0.261271480,0.000000000
3338,2020-05-19 02:00:00,0.000000000,0.191642201,0.230720072,0.234421951,0.242842279,0.261242816,0.000000000
3339,2020-05-19 03:00:00,0.000000000,0.191643657,0.230711933,0.234413131,0.242831739,0.261227574,0.000000000
3340,2020-05-19 04:00:00,0.000000000,0.191645936,0.230699194,0.234399325,0.242815241,0.261203721,0.000000000
3341,2020-05-19 05:00:00,0.000000000,0.191648111,0.230687033,0.234386147,0.242799494,0.261180955,0.000000000
3342,2020-05-19 06:00:00,0.000000000,0.191650711,0.230672492,0.234370390,0.242780666,0.261153738,0.000000000
3343,2020-05-19 07:00:00,0.000000000,0.191653863,0.230654856,0.234351279,0.242757831,0.261120735,0.000000000
3344,2020-05-19 08:00:00,0.000000000,0.191658136,0.230630934,0.234325358,0.242726862,0.261075984,0.000000000
3345,2020-05-19 09:00:00,0.000000000,0.191662156,0.230608422,0.234300965,0.242697721,0.261033884,0.000000000
3346,2020-05-19 10:00:00,0.000000000,0.191666067,0.230586504,0.234277217,0.242669352,0.260992907,0.000000000
3347,2020-05-19 11:00:00,0.000000000,0.191669905,0.230564993,0.234253910,0.242641513,0.260952704,0.000000000
3348,2020-05-19 12:00:00,0.000000000,0.191676697,0.230526890,0.234212628,0.242592209,0.260881522,0.000000000
3349,2020-05-19 13:00:00,0.000000000,0.191687075,0.230468619,0.234149500,0.242516826,0.260772737,0.000000000
3350,2020-05-19 14:00:00,0.000000000,0.191702574,0.230381451,0.234055077,0.242404101,0.260610174,0.000000000
3351,2020-05-19 15:00:00,0.000000000,0.191722923,0.230266758,0.233930855,0.242255857,0.260396585,0.000000000
3352,2020-05-19 16:00:00,0.000000000,0.191745878,0.230137038,0.233790383,0.242088292,0.260155429,0.000000000
3353,2020-05-19 17:00:00,0.000000000,0.191768285,0.230010069,0.233652915,0.241924385,0.259919812,0.000000000
3354,2020-05-19 18:00:00,0.000000000,0.191789929,0.229887097,0.233519799,0.241765738,0.259692016,0.000000000
3355,2020-05-19 19:00:00,0.000000000,0.191809747,0.229774211,0.233397621,0.241620187,0.259483247,0.000000000
3356,2020-05-19 20:00:00,0.000000000,0.191826934,0.229676091,0.233291442,0.241493742,0.259302055,0.000000000
3357,2020-05-19 21:00:00,0.000000000,0.191839798,0.229602518,0.233211835,0.241398970,0.259166354,0.000000000
3358,2020-05-19 22:00:00,0.000000000,0.191850778,0.229539623,0.233143788,0.241317980,0.259050459,0.000000000
3359,2020-05-19 23:00:00,0.000000000,0.191859073,0.229492059,0.233092333,0.241256749,0.258962881,0.000000000
3360,2020-05-20 00:00:00,0.000000000,0.191861636,0.229477351,0.233076423,0.241237818,0.258935812,0.000000000
3361,2020-05-20 01:00:00,0.000000000,0.191862992,0.229469566,0.233068001,0.241227798,0.258921486,0.000000000
3362,2020-05-20 02:00:00,0.000000000,0.191863915,0.229464269,0.233062271,0.241220980,0.258911739,0.000000000
3363,2020-05-20 03:00:00,0.000000000,0.191864614,0.229460254,0.233057928,0.241215813,0.258904353,0.000000000
3364,2020-05-20 04:00:00,0.000000000,0.191865129,0.229457295,0.233054727,0.241212005,0.258898909,0.000000000
3365,2020-05-20 05:00:00,0.000000000,0.191865780,0.229453559,0.233050686,0.241207197,0.258892036,0.000000000
3366,2020-05-20 06:00:00,0.000000000,0.191866268,0.229450759,0.233047657,0.241203594,0.258886885,0.000000000
3367,2020-05-20 07:00:00,0.000000000,0.191867121,0.229445858,0.233042356,0.241197286,0.258877869,0.000000000
3368,2020-05-20 08:00:00,0.000000000,0.191867910,0.229441324,0.233037451,0.241191452,0.258869529,0.000000000
3369,2020-05-20 09:00:00,0.000000000,0.191868662,0.229437008,0.233032782,0.241185897,0.258861590,0.000000000
3370,2020-05-20 10:00:00,0.000000000,0.191869097,0.229434511,0.233030081,0.241182683,0.258856997,0.000000000
3371,2020-05-20 11:00:00,0.000000000,0.191869367,0.229432960,0.233028404,0.241180688,0.258854146,0.000000000
3372,2020-05-20 12:00:00,0.000000000,0.191870361,0.229427250,0.233022227,0.241173340,0.258843644,0.000000000
3373,2020-05-20 13:00:00,0.000000000,0.191874796,0.229401758,0.232994654,0.241140540,0.258796773,0.000000000
3374,2020-05-20 14:00:00,0.000000000,0.191882789,0.229355789,0.232944933,0.241081402,0.258712292,0.000000000
3375,2020-05-20 15:00:00,0.000000000,0.191895765,0.229281063,0.232864116,0.240985297,0.258575078,0.000000000
3376,2020-05-20 16:00:00,0.000000000,0.191908590,0.229207088,0.232784119,0.240890193,0.258439382,0.000000000
3377,2020-05-20 17:00:00,0.000000000,0.191923045,0.229123578,0.232693822,0.240782872,0.258286362,0.000000000
3378,2020-05-20 18:00:00,0.000000000,0.191939499,0.229028332,0.232590848,0.240660523,0.258112053,0.000000000
3379,2020-05-20 19:00:00,0.000000000,0.191952689,0.228951837,0.232508156,0.240562302,0.257972224,0.000000000
3380,2020-05-20 20:00:00,0.000000000,0.191960326,0.228907495,0.232460226,0.240505381,0.257891235,0.000000000
3381,2020-05-20 21:00:00,0.000000000,0.191963184,0.228890891,0.232442280,0.240484072,0.257860922,0.000000000
3382,2020-05-20 22:00:00,0.000000000,0.191966312,0.228872709,0.232422627,0.240460738,0.257827735,0.000000000
3383,2020-05-20 23:00:00,0.000000000,0.191969158,0.228856156,0.232404737,0.240439497,0.257797531,0.000000000
3384,2020-05-21 00:00:00,0.000000000,0.191971480,0.228842652,0.232390142,0.240422169,0.257772893,0.000000000
3385,2020-05-21 01:00:00,0.000000000,0.191972910,0.228834330,0.232381148,0.240411492,0.257757713,0.000000000
3386,2020-05-21 02:00:00,0.000000000,0.191973729,0.228829570,0.232376003,0.240405384,0.257749029,0.000000000
3387,2020-05-21 03:00:00,0.000000000,0.191973931,0.228828393,0.232374732,0.240403874,0.257746884,0.000000000
3388,2020-05-21 04:00:00,0.000000000,0.191974031,0.228827807,0.232374098,0.240403122,0.257745815,0.000000000
3389,2020-05-21 05:00:00,0.000000000,0.191974444,0.228825404,0.232371501,0.240400039,0.257741431,0.000000000
3390,2020-05-21 06:00:00,0.000000000,0.191974712,0.228825404,0.232371501,0.240400039,0.257741431,0.000000000
3391,2020-05-21 07:00:00,0.000000000,0.191974583,0.228824599,0.232370631,0.240399007,0.257739964,0.000000000
3392,2020-05-21 08:00:00,0.000000000,0.191974676,0.228824056,0.232370044,0.240398309,0.257738973,0.000000000
3393,2020-05-21 09:00:00,0.000000000,0.191974776,0.228823475,0.232369416,0.240397564,0.257737913,0.000974917
3394,2020-05-21 10:00:00,0.000000000,0.191974388,0.228823475,0.232369416,0.240397564,0.257737913,0.004835505
3395,2020-05-21 11:00:00,0.000000000,0.191974398,0.228825674,0.232371793,0.240400386,0.257741924,0.003195651
3396,2020-05-21 12:00:00,0.000000000,0.191974190,0.228826884,0.232373100,0.240401938,0.257744131,0.000198172
3397,2020-05-21 13:00:00,0.000000000,0.191975790,0.228817572,0.232363036,0.240389990,0.257727147,0.000000000
3398,2020-05-21 14:00:00,0.000000000,0.191981334,0.228785291,0.232328150,0.240348580,0.257668293,0.000000000
3399,2020-05-21 15:00:00,0.000000000,0.191988981,0.228740729,0.232279993,0.240291424,0.257587088,0.000000000
3400,2020-05-21 16:00:00,0.000000000,0.192000477,0.228673665,0.232207526,0.240205431,0.257464972,0.000000000
3401,2020-05-21 17:00:00,0.000000000,0.192014791,0.228590020,0.232117151,0.240098218,0.257312821,0.000000000
3402,2020-05-21 18:00:00,0.000000000,0.192029036,0.228506627,0.232027059,0.239991369,0.257161298,0.000000000
3403,2020-05-21 19:00:00,0.000000000,0.192041899,0.228431201,0.231945583,0.239894766,0.257024400,0.000000000
3404,2020-05-21 20:00:00,0.000000000,0.192051527,0.228374669,0.231884523,0.239822386,0.256921886,0.000000000
3405,2020-05-21 21:00:00,0.000000000,0.192056914,0.228343007,0.231850326,0.239781855,0.256864505,0.000000000
3406,2020-05-21 22:00:00,0.000000000,0.192061809,0.228314219,0.231819235,0.239745010,0.256812354,0.000000000
3407,2020-05-21 23:00:00,0.000000000,0.192063875,0.228302061,0.231806105,0.239729450,0.256790334,0.000000000
3408,2020-05-22 00:00:00,0.000000000,0.192065413,0.228293009,0.231796329,0.239717866,0.256773943,0.000000000
3409,2020-05-22 01:00:00,0.000000000,0.192066242,0.228288133,0.231791063,0.239711626,0.256765114,0.000000000
3410,2020-05-22 02:00:00,0.000000000,0.192066505,0.228286583,0.231789389,0.239709643,0.256762308,0.002441957
3411,2020-05-22 03:00:00,0.000000000,0.192066347,0.228287510,0.231790391,0.239710830,0.256763987,0.005782796
3412,2020-05-22 04:00:00,0.000000000,0.192065974,0.228289706,0.231792762,0.239713640,0.256767963,0.006351787
3413,2020-05-22 05:00:00,0.000000000,0.192065565,0.228292118,0.231795367,0.239716726,0.256772330,0.005325272
3414,2020-05-22 06:00:00,0.000000000,0.192065221,0.228294140,0.231797551,0.239719314,0.256775992,0.006015424
3415,2020-05-22 07:00:00,0.000000000,0.192064833,0.228296425,0.231800018,0.239722237,0.256780128,0.005018414
3416,2020-05-22 08:00:00,0.000000000,0.192064509,0.228298330,0.231802076,0.239724676,0.256783578,0.003511901
3417,2020-05-22 09:00:00,0.000000000,0.192064282,0.228299664,0.231803516,0.239726382,0.256785993,0.003867215
3418,2020-05-22 10:00:00,0.000000000,0.192064033,0.228301132,0.231805102,0.239728262,0.256788653,0.009558453
3419,2020-05-22 11:00:00,0.000000000,0.192063416,0.228304761,0.231809021,0.239732906,0.256795224,0.007576989
3420,2020-05-22 12:00:00,0.000000000,0.192062927,0.228307638,0.231812128,0.239736587,0.256800434,0.010761332
3421,2020-05-22 13:00:00,0.000000000,0.192063834,0.228302300,0.231806363,0.239729756,0.256790768,0.009764404
3422,2020-05-22 14:00:00,0.000000000,0.192068569,0.228274434,0.231776270,0.239694097,0.256740314,0.000000000
3423,2020-05-22 15:00:00,0.000000000,0.192078123,0.228218145,0.231715484,0.239622082,0.256638456,0.000000000
3424,2020-05-22 16:00:00,0.000000000,0.192092450,0.228133612,0.231624209,0.239513968,0.256485633,0.000000000
3425,2020-05-22 17:00:00,0.000000000,0.192107470,0.228044825,0.231528351,0.239400462,0.256325308,0.000000000
3426,2020-05-22 18:00:00,0.000000000,0.192121205,0.227963485,0.231440545,0.239296518,0.256178597,0.000000000
3427,2020-05-22 19:00:00,0.000000000,0.192134884,0.227882343,0.231352961,0.239192868,0.256032402,0.000000000
3428,2020-05-22 20:00:00,0.000000000,0.192144964,0.227822462,0.231288334,0.239116402,0.255924616,0.000000000
3429,2020-05-22 21:00:00,0.000000000,0.192150441,0.227789890,0.231253182,0.239074819,0.255866022,0.000000000
3430,2020-05-22 22:00:00,0.000000000,0.192152000,0.227780613,0.231243170,0.239062975,0.255849337,0.000000000
3431,2020-05-22 23:00:00,0.000000000,0.192153164,0.227773688,0.231235697,0.239054136,0.255836885,0.000000000
3432,2020-05-23 00:00:00,0.000000000,0.192153879,0.227769433,0.231231106,0.239048705,0.255829235,0.000000000
3433,2020-05-23 01:00:00,0.000000000,0.192153950,0.227769011,0.231230649,0.239048166,0.255828475,0.004649995
3434,2020-05-23 02:00:00,0.000000000,0.192153652,0.227770782,0.231232561,0.239050427,0.255831660,0.006685188
3435,2020-05-23 03:00:00,0.000000000,0.192153224,0.227773328,0.231235309,0.239053677,0.255836238,0.009722387
3436,2020-05-23 04:00:00,0.000000000,0.192152602,0.227777031,0.231239305,0.239058403,0.255842896,0.013898092
3437,2020-05-23 05:00:00,0.000000000,0.192151713,0.227782323,0.231245016,0.239065159,0.255852413,0.008538239
3438,2020-05-23 06:00:00,0.000000000,0.192151166,0.227785575,0.231248525,0.239069310,0.255858262,0.121456304
3439,2020-05-23 07:00:00,0.000000000,0.192143420,0.227831634,0.231298233,0.239128114,0.255941120,1.419756370
3440,2020-05-23 08:00:00,0.000000000,0.192056635,0.228344644,0.231852094,0.239783950,0.256867471,0.660888048
3441,2020-05-23 09:00:00,0.000000000,0.192014898,0.228589394,0.232116474,0.240097415,0.257311682,0.005733629
3442,2020-05-23 10:00:00,0.000000000,0.192014526,0.228591567,0.232118822,0.240100200,0.257315633,0.005915900
3443,2020-05-23 11:00:00,0.000000000,0.192014143,0.228593809,0.232121245,0.240103073,0.257319709,0.005394592
3444,2020-05-23 12:00:00,0.000000000,0.192013793,0.228595854,0.232123454,0.240105694,0.257323427,0.013243083
3445,2020-05-23 13:00:00,0.000000000,0.192012935,0.228600872,0.232128876,0.240112125,0.257332550,0.019190673
3446,2020-05-23 14:00:00,0.000000000,0.192011701,0.228608085,0.232136668,0.240121369,0.257345666,0.199169615
3447,2020-05-23 15:00:00,0.000000000,0.191998965,0.228682487,0.232217058,0.240216742,0.257481029,1.260989495
3448,2020-05-23 16:00:00,0.000000000,0.191922234,0.229128267,0.232698892,0.240788897,0.258294949,1.025629399
3449,2020-05-23 17:00:00,0.000000000,0.191866968,0.229446738,0.233043307,0.241198418,0.258879487,1.387365000
3450,2020-05-23 18:00:00,0.000000000,0.191787847,0.229898938,0.233532616,0.241781010,0.259713934,2.244249663
3451,2020-05-23 19:00:00,0.000000000,0.191655424,0.230646116,0.234341808,0.242746515,0.261104383,2.109537377
3452,2020-05-23 20:00:00,0.000000000,0.191531558,0.231334322,0.235087914,0.243639038,0.262398284,1.170188580
3453,2020-05-23 21:00:00,0.000000000,0.191464145,0.231704624,0.235489682,0.244120571,0.263099852,1.130507860
3454,2020-05-23 22:00:00,0.000000000,0.191399636,0.232056220,0.235871358,0.244578628,0.263769516,0.180380408
3455,2020-05-23 23:00:00,0.000000000,0.191397772,0.232066343,0.235882350,0.244591828,0.263788848,0.000000000
3456,2020-05-24 00:00:00,0.000000000,0.191409689,0.232001606,0.235812058,0.244507422,0.263665268,0.000000000
3457,2020-05-24 01:00:00,0.000000000,0.191420810,0.231941109,0.235746377,0.244428571,0.263549889,0.000000000
3458,2020-05-24 02:00:00,0.000000000,0.191430950,0.231885883,0.235686423,0.244356610,0.263444652,0.000000000
3459,2020-05-24 03:00:00,0.000000000,0.191440402,0.231834347,0.235630480,0.244289477,0.263346524,0.000000000
3460,2020-05-24 04:00:00,0.000000000,0.191449163,0.231786523,0.235578569,0.244227194,0.263255530,0.000000000
3461,2020-05-24 05:00:00,0.000000000,0.191457027,0.231743553,0.235531931,0.244171247,0.263173827,0.000000000
3462,2020-05-24 06:00:00,0.000000000,0.191464921,0.231700381,0.235485077,0.244115049,0.263091792,0.000000000
3463,2020-05-24 07:00:00,0.000000000,0.191472491,0.231658943,0.235440108,0.244061120,0.263013102,0.000000000
3464,2020-05-24 08:00:00,0.000000000,0.191479805,0.231618869,0.235396620,0.244008976,0.262937044,0.000000000
3465,2020-05-24 09:00:00,0.000000000,0.191486747,0.231580800,0.235355312,0.243959452,0.262864836,0.000000000
3466,2020-05-24 10:00:00,0.000000000,0.191493424,0.231544159,0.235315554,0.243911794,0.262795372,0.000000000
3467,2020-05-24 11:00:00,0.000000000,0.191499972,0.231508197,0.235276536,0.243865028,0.262727233,0.000000000
3468,2020-05-24 12:00:00,0.000000000,0.191506875,0.231470250,0.235235367,0.243815691,0.262655372,0.000000000
3469,2020-05-24 13:00:00,0.000000000,0.191514415,0.231428774,0.235190371,0.243761776,0.262576872,0.000000000
3470,2020-05-24 14:00:00,0.000000000,0.191524498,0.231373244,0.235130133,0.243689609,0.262471847,0.000000000
3471,2020-05-24 15:00:00,0.000000000,0.191538040,0.231298564,0.235049129,0.243592587,0.262330738,0.000000000
3472,2020-05-24 16:00:00,0.000000000,0.191554343,0.231208495,0.234951444,0.243475622,0.262160755,0.000000000
3473,2020-05-24 17:00:00,0.000000000,0.191572723,0.231106736,0.234841098,0.243343541,0.261968976,0.000000000
3474,2020-05-24 18:00:00,0.000000000,0.191592134,0.230999035,0.234724325,0.243203822,0.261766307,0.000000000
3475,2020-05-24 19:00:00,0.000000000,0.191606676,0.230918181,0.234636673,0.243098980,0.261614362,0.000000000
3476,2020-05-24 20:00:00,0.000000000,0.191618244,0.230853765,0.234566848,0.243015484,0.261493436,0.000000000
3477,2020-05-24 21:00:00,0.000000000,0.191622009,0.230832777,0.234544100,0.242988286,0.261454061,0.000000000
3478,2020-05-24 22:00:00,0.000000000,0.191628609,0.230795970,0.234504206,0.242940595,0.261385036,0.000000000
3479,2020-05-24 23:00:00,0.000000000,0.191630993,0.230782668,0.234489789,0.242923361,0.261360099,0.000000000
3480,2020-05-25 00:00:00,0.000000000,0.191632699,0.230773145,0.234479468,0.242911023,0.261342248,0.000000000
3481,2020-05-25 01:00:00,0.000000000,0.191633627,0.230767963,0.234473853,0.242904311,0.261332538,0.000000000
3482,2020-05-25 02:00:00,0.000000000,0.191634072,0.230765478,0.234471159,0.242901091,0.261327879,0.003243560
3483,2020-05-25 03:00:00,0.000000000,0.191634293,0.230764244,0.234469822,0.242899493,0.261325567,0.007194505
3484,2020-05-25 04:00:00,0.000000000,0.191634045,0.230764244,0.234469822,0.242899493,0.261325567,0.004668520
3485,2020-05-25 05:00:00,0.000000000,0.191634374,0.230763793,0.234469332,0.242898909,0.261324722,0.002706407
3486,2020-05-25 06:00:00,0.000000000,0.191634621,0.230762412,0.234467836,0.242897120,0.261322135,0.063948034
3487,2020-05-25 07:00:00,0.000000000,0.191630887,0.230783259,0.234490430,0.242924127,0.261361207,0.000000000
3488,2020-05-25 08:00:00,0.000000000,0.191631519,0.230779731,0.234486606,0.242919555,0.261354592,0.063843145
3489,2020-05-25 09:00:00,0.000000000,0.191627879,0.230800040,0.234508618,0.242945868,0.261392667,0.062521962
3490,2020-05-25 10:00:00,0.000000000,0.191624429,0.230819287,0.234529478,0.242970806,0.261428758,0.062208581
3491,2020-05-25 11:00:00,0.000000000,0.191621097,0.230837866,0.234549615,0.242994880,0.261463607,0.424905730
3492,2020-05-25 12:00:00,0.000000000,0.191594636,0.230985135,0.234709255,0.243185794,0.261740172,0.281693082
3493,2020-05-25 13:00:00,0.000000000,0.191578006,0.231077450,0.234809343,0.243305541,0.261913835,0.004150610
3494,2020-05-25 14:00:00,0.000000000,0.191579871,0.231067107,0.234798129,0.243292122,0.261894367,0.000100699
3495,2020-05-25 15:00:00,0.000000000,0.191582367,0.231053259,0.234783114,0.243274156,0.261868304,0.000000000
3496,2020-05-25 16:00:00,0.000000000,0.191586777,0.231028781,0.234756575,0.243242403,0.261822250,0.000000000
3497,2020-05-25 17:00:00,0.000000000,0.191595098,0.230982568,0.234706473,0.243182466,0.261735346,0.000000000
3498,2020-05-25 18:00:00,0.000000000,0.191603269,0.230937139,0.234657224,0.243123558,0.261649973,0.000000000
3499,2020-05-25 19:00:00,0.000000000,0.191610657,0.230896022,0.234612653,0.243070255,0.261572752,0.000000000
3500,2020-05-25 20:00:00,0.000000000,0.191615817,0.230867289,0.234581507,0.243033012,0.261518816,0.000000000
3501,2020-05-25 21:00:00,0.000000000,0.191617773,0.230856390,0.234569693,0.243018886,0.261498362,0.000000000
3502,2020-05-25 22:00:00,0.000000000,0.191618719,0.230851119,0.234563980,0.243012055,0.261488471,0.002361220
3503,2020-05-25 23:00:00,0.000000000,0.191619439,0.230847103,0.234559627,0.243006851,0.261480936,0.008405885
3504,2020-05-26 00:00:00,0.000000000,0.191619745,0.230845400,0.234557782,0.243004645,0.261477742,0.012523908
3505,2020-05-26 01:00:00,0.000000000,0.191619913,0.230845400,0.234557782,0.243004645,0.261477742,0.011172503
3506,2020-05-26 02:00:00,0.000000000,0.191619889,0.230844596,0.234556910,0.243003602,0.261476233,0.011236622
3507,2020-05-26 03:00:00,0.000000000,0.191619997,0.230843992,0.234556256,0.243002820,0.261475100,0.012307780
3508,2020-05-26 04:00:00,0.000000000,0.191620205,0.230843992,0.234556256,0.243002820,0.261475100,0.012514843
3509,2020-05-26 05:00:00,0.000000000,0.191620328,0.230843992,0.234556256,0.243002820,0.261475100,0.013026712
3510,2020-05-26 06:00:00,0.000000000,0.191620252,0.230843992,0.234556256,0.243002820,0.261475100,0.014618273
3511,2020-05-26 07:00:00,0.000000000,0.191619925,0.230844398,0.234556695,0.243003345,0.261475861,0.015238494
3512,2020-05-26 08:00:00,0.000000000,0.191619772,0.230845251,0.234557620,0.243004451,0.261477462,0.016622989
3513,2020-05-26 09:00:00,0.000000000,0.191619533,0.230846582,0.234559063,0.243006176,0.261479960,0.017180077
3514,2020-05-26 10:00:00,0.000000000,0.191619265,0.230848077,0.234560683,0.243008114,0.261482765,0.017763151
3515,2020-05-26 11:00:00,0.000000000,0.191618966,0.230849741,0.234562486,0.243010269,0.261485886,0.007925183
3516,2020-05-26 12:00:00,0.000000000,0.191619316,0.230847788,0.234560370,0.243007739,0.261482223,0.017203976
3517,2020-05-26 13:00:00,0.000000000,0.191620623,0.230840508,0.234552479,0.242998305,0.261468564,0.006231729
3518,2020-05-26 14:00:00,0.000000000,0.191625430,0.230813703,0.234523426,0.242963571,0.261418287,0.000000000
3519,2020-05-26 15:00:00,0.000000000,0.191632950,0.230771746,0.234477952,0.242909212,0.261339627,0.000000000
3520,2020-05-26 16:00:00,0.000000000,0.191643524,0.230712681,0.234413941,0.242832707,0.261228974,0.000000000
3521,2020-05-26 17:00:00,0.000000000,0.191656069,0.230642507,0.234337898,0.242741843,0.261097632,0.000000000
3522,2020-05-26 18:00:00,0.000000000,0.191669655,0.230566392,0.234255426,0.242643324,0.260955319,0.000000000
3523,2020-05-26 19:00:00,0.000000000,0.191682617,0.230493661,0.234176629,0.242549220,0.260819477,0.000000000
3524,2020-05-26 20:00:00,0.000000000,0.191690442,0.230449698,0.234129003,0.242492353,0.260737433,0.000000000
3525,2020-05-26 21:00:00,0.000000000,0.191692224,0.230439679,0.234118150,0.242479395,0.260718743,0.000000000
3526,2020-05-26 22:00:00,0.000000000,0.191693389,0.230433124,0.234111050,0.242470919,0.260706518,0.000000000
3527,2020-05-26 23:00:00,0.000000000,0.191694248,0.230428294,0.234105818,0.242464673,0.260697509,0.000000000
3528,2020-05-27 00:00:00,0.000000000,0.191694426,0.230428294,0.234105818,0.242464673,0.260697509,0.007183985
3529,2020-05-27 01:00:00,0.000000000,0.191693800,0.230430817,0.234108550,0.242467935,0.260702215,0.013986863
3530,2020-05-27 02:00:00,0.000000000,0.191692868,0.230436056,0.234114225,0.242474710,0.260711986,0.017142730
3531,2020-05-27 03:00:00,0.000000000,0.191691726,0.230442476,0.234121180,0.242483013,0.260723961,0.016524710
3532,2020-05-27 04:00:00,0.000000000,0.191690625,0.230448665,0.234127884,0.242491017,0.260735506,0.017587734
3533,2020-05-27 05:00:00,0.000000000,0.191689454,0.230455251,0.234135018,0.242499535,0.260747793,0.015504529
3534,2020-05-27 06:00:00,0.000000000,0.191688420,0.230461057,0.234141308,0.242507045,0.260758626,0.016535213
3535,2020-05-27 07:00:00,0.000000000,0.191687319,0.230467248,0.234148015,0.242515053,0.260770180,0.015526833
3536,2020-05-27 08:00:00,0.000000000,0.191686284,0.230473062,0.234154314,0.242522574,0.260781030,0.012505905
3537,2020-05-27 09:00:00,0.000000000,0.191685450,0.230477746,0.234159387,0.242528631,0.260789770,0.012659308
3538,2020-05-27 10:00:00,0.000000000,0.191684606,0.230482486,0.234164523,0.242534763,0.260798618,0.015334682
3539,2020-05-27 11:00:00,0.000000000,0.191683584,0.230488228,0.234170743,0.242542191,0.260809335,0.008903908
3540,2020-05-27 12:00:00,0.000000000,0.191682990,0.230491562,0.234174355,0.242546504,0.260815559,0.014060839
3541,2020-05-27 13:00:00,0.000000000,0.191683584,0.230488226,0.234170741,0.242542188,0.260809331,0.006738577
3542,2020-05-27 14:00:00,0.000000000,0.191688275,0.230461873,0.234142192,0.242508100,0.260760149,0.000000000
3543,2020-05-27 15:00:00,0.000000000,0.191697715,0.230408792,0.234084692,0.242439454,0.260661143,0.000000000
3544,2020-05-27 16:00:00,0.000000000,0.191711367,0.230331924,0.234001433,0.242340076,0.260517899,0.000000000
3545,2020-05-27 17:00:00,0.000000000,0.191727184,0.230242709,0.233904811,0.242224784,0.260351844,0.000000000
3546,2020-05-27 18:00:00,0.000000000,0.191743423,0.230150932,0.233805427,0.242106234,0.260181237,0.000000000
3547,2020-05-27 19:00:00,0.000000000,0.191758039,0.230068170,0.233715818,0.241999376,0.260027579,0.000000000
3548,2020-05-27 20:00:00,0.000000000,0.191768810,0.230007090,0.233649690,0.241920541,0.259914290,0.000000000
3549,2020-05-27 21:00:00,0.000000000,0.191773112,0.229982675,0.233623259,0.241889035,0.259869033,0.000000000
3550,2020-05-27 22:00:00,0.000000000,0.191775225,0.229970676,0.233610270,0.241873554,0.259846798,0.000000000
3551,2020-05-27 23:00:00,0.000000000,0.191775570,0.229968717,0.233608150,0.241871026,0.259843168,0.006138568
3552,2020-05-28 00:00:00,0.000000000,0.191775163,0.229971024,0.233610647,0.241874002,0.259847442,0.013918943
3553,2020-05-28 01:00:00,0.000000000,0.191774243,0.229976253,0.233616307,0.241880749,0.259857132,0.015042569
3554,2020-05-28 02:00:00,0.000000000,0.191773247,0.229981903,0.233622424,0.241888040,0.259867603,0.015038431
3555,2020-05-28 03:00:00,0.000000000,0.191772252,0.229987552,0.233628539,0.241895329,0.259878072,0.014712759
3556,2020-05-28 04:00:00,0.000000000,0.191771279,0.229993078,0.233634522,0.241902460,0.259888316,0.017905770
3557,2020-05-28 05:00:00,0.000000000,0.191770094,0.229999803,0.233641801,0.241911137,0.259900781,0.016742196
3558,2020-05-28 06:00:00,0.000000000,0.191768986,0.230006091,0.233648608,0.241919251,0.259912437,0.015987542
3559,2020-05-28 07:00:00,0.000000000,0.191767928,0.230012095,0.233655108,0.241926999,0.259923569,0.019096921
3560,2020-05-28 08:00:00,0.000000000,0.191766664,0.230019265,0.233662871,0.241936254,0.259936864,0.015817291
3561,2020-05-28 09:00:00,0.000000000,0.191765617,0.230025205,0.233669301,0.241943919,0.259947879,0.014652657
3562,2020-05-28 10:00:00,0.000000000,0.191764647,0.230030707,0.233675258,0.241951021,0.259958083,0.018248217
3563,2020-05-28 11:00:00,0.000000000,0.191763439,0.230037559,0.233682676,0.241959864,0.259970790,0.011932639
3564,2020-05-28 12:00:00,0.000000000,0.191762649,0.230042040,0.233687527,0.241965647,0.259979101,0.017965237
3565,2020-05-28 13:00:00,0.000000000,0.191762393,0.230043490,0.233689098,0.241967520,0.259981792,0.015648289
3566,2020-05-28 14:00:00,0.000000000,0.191763976,0.230034511,0.233679377,0.241955930,0.259965138,0.011195132
3567,2020-05-28 15:00:00,0.000000000,0.191766343,0.230021089,0.233664845,0.241938607,0.259940245,0.000000000
3568,2020-05-28 16:00:00,0.000000000,0.191770935,0.229995033,0.233636637,0.241904981,0.259891938,0.000000000
3569,2020-05-28 17:00:00,0.000000000,0.191777182,0.229959558,0.233598235,0.241859209,0.259826197,0.000000000
3570,2020-05-28 18:00:00,0.000000000,0.191784329,0.229918944,0.233554270,0.241806814,0.259750972,0.000000000
3571,2020-05-28 19:00:00,0.000000000,0.191791732,0.229876835,0.233508691,0.241752503,0.259673023,0.000000000
3572,2020-05-28 20:00:00,0.000000000,0.191796437,0.229850054,0.233479705,0.241717967,0.259623474,0.000000000
3573,2020-05-28 21:00:00,0.000000000,0.191797683,0.229842962,0.233472029,0.241708822,0.259610354,0.000000000
3574,2020-05-28 22:00:00,0.000000000,0.191797916,0.229842962,0.233472029,0.241708822,0.259610354,0.060439557
3575,2020-05-28 23:00:00,0.000000000,0.191793747,0.229865369,0.233496281,0.241737716,0.259651807,0.289473712
3576,2020-05-29 00:00:00,0.000000000,0.191774827,0.229972936,0.233612717,0.241876470,0.259850985,0.292538576
3577,2020-05-29 01:00:00,0.000000000,0.191755659,0.230081659,0.233730422,0.242016790,0.260052611,0.002236471
3578,2020-05-29 02:00:00,0.000000000,0.191755511,0.230082497,0.233731329,0.242017871,0.260054165,0.010180416
3579,2020-05-29 03:00:00,0.000000000,0.191754836,0.230086319,0.233735467,0.242022806,0.260061259,0.011221081
3580,2020-05-29 04:00:00,0.000000000,0.191754093,0.230090532,0.233740028,0.242028244,0.260069078,0.013467474
3581,2020-05-29 05:00:00,0.000000000,0.191753200,0.230095587,0.233745502,0.242034771,0.260078462,0.014730783
3582,2020-05-29 06:00:00,0.000000000,0.191752224,0.230101117,0.233751489,0.242041910,0.260088727,1.053148276
3583,2020-05-29 07:00:00,0.000000000,0.191684845,0.230481148,0.234163073,0.242533032,0.260796119,0.012764131
3584,2020-05-29 08:00:00,0.000000000,0.191683994,0.230485927,0.234168251,0.242539215,0.260805040,0.010318989
3585,2020-05-29 09:00:00,0.000000000,0.191683306,0.230489791,0.234172437,0.242544214,0.260812253,0.012734582
3586,2020-05-29 10:00:00,0.000000000,0.191682457,0.230494560,0.234177603,0.242550382,0.260821155,0.009292317
3587,2020-05-29 11:00:00,0.000000000,0.191681837,0.230498040,0.234181372,0.242554884,0.260827651,0.015875632
3588,2020-05-29 12:00:00,0.000000000,0.191680778,0.230503983,0.234187811,0.242562572,0.260838747,0.009811925
3589,2020-05-29 13:00:00,0.000000000,0.191680124,0.230507657,0.234191792,0.242567326,0.260845607,0.000880174
3590,2020-05-29 14:00:00,0.000000000,0.191680396,0.230507657,0.234191792,0.242567326,0.260845607,0.000000000
3591,2020-05-29 15:00:00,0.000000000,0.191681992,0.230497169,0.234180429,0.242553757,0.260826025,0.000000000
3592,2020-05-29 16:00:00,0.000000000,0.191687748,0.230464837,0.234145404,0.242511935,0.260765681,0.000000000
3593,2020-05-29 17:00:00,0.000000000,0.191697428,0.230410409,0.234086443,0.242441544,0.260664156,0.000000000
3594,2020-05-29 18:00:00,0.000000000,0.191707512,0.230353646,0.234024960,0.242368155,0.260558363,0.000000000
3595,2020-05-29 19:00:00,0.000000000,0.191716256,0.230304364,0.233971583,0.242304455,0.260466580,0.000000000
3596,2020-05-29 20:00:00,0.000000000,0.191722089,0.230271465,0.233935952,0.242261939,0.260405343,0.000000000
3597,2020-05-29 21:00:00,0.000000000,0.191725191,0.230253962,0.233916997,0.242239322,0.260372776,0.000000000
3598,2020-05-29 22:00:00,0.000000000,0.191726084,0.230248917,0.233911534,0.242232804,0.260363391,0.000000000
3599,2020-05-29 23:00:00,0.000000000,0.191726576,0.230246138,0.233908524,0.242229214,0.260358222,0.000000000
3600,2020-05-30 00:00:00,0.000000000,0.191726926,0.230244162,0.233906384,0.242226660,0.260354545,0.000000000
3601,2020-05-30 01:00:00,0.000000000,0.191727021,0.230243626,0.233905804,0.242225968,0.260353549,0.003374708
3602,2020-05-30 02:00:00,0.000000000,0.191726797,0.230244892,0.233907175,0.242227604,0.260355904,0.003614007
3603,2020-05-30 03:00:00,0.000000000,0.191726557,0.230246248,0.233908643,0.242229356,0.260358426,0.006282721
3604,2020-05-30 04:00:00,0.000000000,0.191726139,0.230248605,0.233911195,0.242232401,0.260362810,0.006689800
3605,2020-05-30 05:00:00,0.000000000,0.191725695,0.230251114,0.233913913,0.242235643,0.260367478,2.420004421
3606,2020-05-30 06:00:00,0.000000000,0.191579383,0.231069814,0.234801063,0.243295634,0.261899461,3.578466522
3607,2020-05-30 07:00:00,0.000000000,0.191373599,0.232197377,0.236024647,0.244762760,0.264039349,0.369973083
3608,2020-05-30 08:00:00,0.000000000,0.191357335,0.232285329,0.236120175,0.244877556,0.264207763,0.102664015
3609,2020-05-30 09:00:00,0.000000000,0.191359005,0.232276306,0.236110375,0.244865777,0.264190475,0.001827984
3610,2020-05-30 10:00:00,0.000000000,0.191367309,0.232231415,0.236061615,0.244807180,0.264104500,0.003535641
3611,2020-05-30 11:00:00,0.000000000,0.191375255,0.232188414,0.236014912,0.244751063,0.264022198,0.009871924
3612,2020-05-30 12:00:00,0.000000000,0.191382547,0.232148914,0.235972016,0.244699527,0.263946645,0.010925337
3613,2020-05-30 13:00:00,0.000000000,0.191389556,0.232110918,0.235930753,0.244649962,0.263874009,0.000000000
3614,2020-05-30 14:00:00,0.000000000,0.191397519,0.232067718,0.235883842,0.244593621,0.263791473,0.000000000
3615,2020-05-30 15:00:00,0.000000000,0.191410041,0.231999690,0.235809978,0.244504925,0.263661612,0.000000000
3616,2020-05-30 16:00:00,0.000000000,0.191432852,0.231875517,0.235675170,0.244343106,0.263424908,0.000000000
3617,2020-05-30 17:00:00,0.000000000,0.191456766,0.231744982,0.235533483,0.244173108,0.263176545,0.000000000
3618,2020-05-30 18:00:00,0.000000000,0.191480077,0.231617380,0.235395004,0.244007039,0.262934219,0.000000000
3619,2020-05-30 19:00:00,0.000000000,0.191503111,0.231490943,0.235257817,0.243842594,0.262694554,0.000000000
3620,2020-05-30 20:00:00,0.000000000,0.191518229,0.231407774,0.235167590,0.243734482,0.262537145,0.000000000
3621,2020-05-30 21:00:00,0.000000000,0.191525623,0.231367044,0.235123407,0.243681552,0.262460126,0.000000000
3622,2020-05-30 22:00:00,0.000000000,0.191532865,0.231327112,0.235080094,0.243629672,0.262384663,0.000000000
3623,2020-05-30 23:00:00,0.000000000,0.191537861,0.231299551,0.235050200,0.243593870,0.262332603,0.000000000
3624,2020-05-31 00:00:00,0.000000000,0.191541844,0.231277559,0.235026347,0.243565305,0.262291076,0.000000000
3625,2020-05-31 01:00:00,0.000000000,0.191545410,0.231257868,0.235004991,0.243539732,0.262253907,0.000000000
3626,2020-05-31 02:00:00,0.000000000,0.191548787,0.231239208,0.234984754,0.243515501,0.262218694,0.000000000
3627,2020-05-31 03:00:00,0.000000000,0.191556794,0.231194937,0.234936741,0.243458020,0.262135187,0.000000000
3628,2020-05-31 04:00:00,0.000000000,0.191565004,0.231149497,0.234887466,0.243399036,0.262049531,0.000000000
3629,2020-05-31 05:00:00,0.000000000,0.191572370,0.231108695,0.234843222,0.243346083,0.261972666,0.000000000
3630,2020-05-31 06:00:00,0.000000000,0.191576059,0.231088247,0.234821050,0.243319550,0.261934162,0.000000000
3631,2020-05-31 07:00:00,0.000000000,0.191580382,0.231064269,0.234795051,0.243288440,0.261889025,0.000000000
3632,2020-05-31 08:00:00,0.000000000,0.191586719,0.231029106,0.234756927,0.243242824,0.261822861,0.000000000
3633,2020-05-31 09:00:00,0.000000000,0.191591495,0.231002584,0.234728173,0.243208424,0.261772979,0.000000000
3634,2020-05-31 10:00:00,0.000000000,0.191597080,0.230971552,0.234694530,0.243168180,0.261714640,0.000000000
3635,2020-05-31 11:00:00,0.000000000,0.191601211,0.230948583,0.234669630,0.243138397,0.261671475,0.000000000
3636,2020-05-31 12:00:00,0.000000000,0.191607352,0.230914423,0.234632599,0.243094108,0.261607304,0.000000000
3637,2020-05-31 13:00:00,0.000000000,0.191618122,0.230854445,0.234567586,0.243016366,0.261494713,0.000000000
3638,2020-05-31 14:00:00,0.000000000,0.191630747,0.230784041,0.234491277,0.242925139,0.261362672,0.000000000
3639,2020-05-31 15:00:00,0.000000000,0.191646512,0.230695976,0.234395839,0.242811074,0.261197697,0.000000000
3640,2020-05-31 16:00:00,0.000000000,0.191665011,0.230592427,0.234283635,0.242677019,0.261003980,0.000000000
3641,2020-05-31 17:00:00,0.000000000,0.191683455,0.230488955,0.234171531,0.242543131,0.260810692,0.000000000
3642,2020-05-31 18:00:00,0.000000000,0.191700002,0.230395928,0.234070758,0.242422820,0.260637159,0.000000000
3643,2020-05-31 19:00:00,0.000000000,0.191714341,0.230315165,0.233983281,0.242318414,0.260486689,0.000000000
3644,2020-05-31 20:00:00,0.000000000,0.191729334,0.230230570,0.233891664,0.242209100,0.260329264,0.000000000
3645,2020-05-31 21:00:00,0.000000000,0.191740237,0.230168950,0.233824937,0.242129504,0.260214713,0.000000000
3646,2020-05-31 22:00:00,0.000000000,0.191749630,0.230115802,0.233767389,0.242060870,0.260115991,0.000000000
3647,2020-05-31 23:00:00,0.000000000,0.191758349,0.230066416,0.233713918,0.241997112,0.260024324,0.000000000
3648,2020-06-01 00:00:00,0.000000000,0.191760679,0.230053208,0.233699619,0.241980063,0.259999819,0.000000000
3649,2020-06-01 01:00:00,0.000000000,0.191765414,0.230026356,0.233670548,0.241945405,0.259950013,0.000000000
3650,2020-06-01 02:00:00,0.000000000,0.191770579,0.229997054,0.233638825,0.241907590,0.259895684,0.000000000
3651,2020-06-01 03:00:00,0.000000000,0.191775545,0.229968856,0.233608299,0.241871205,0.259843424,0.000000000
3652,2020-06-01 04:00:00,0.000000000,0.191779611,0.229945761,0.233583300,0.241841409,0.259800638,0.000000000
3653,2020-06-01 05:00:00,0.000000000,0.191781060,0.229937523,0.233574382,0.241830781,0.259785379,0.000000000
3654,2020-06-01 06:00:00,0.000000000,0.191782424,0.229929773,0.233565992,0.241820783,0.259771025,0.000000000
3655,2020-06-01 07:00:00,0.000000000,0.191783490,0.229923715,0.233559435,0.241812969,0.259759806,0.000000000
3656,2020-06-01 08:00:00,0.000000000,0.191784415,0.229918454,0.233553741,0.241806183,0.259750066,0.000000000
3657,2020-06-01 09:00:00,0.000000000,0.191785216,0.229913901,0.233548812,0.241800309,0.259741634,0.000000000
3658,2020-06-01 10:00:00,0.000000000,0.191785872,0.229910172,0.233544776,0.241795499,0.259734730,0.000000000
3659,2020-06-01 11:00:00,0.000000000,0.191785996,0.229909464,0.233544010,0.241794587,0.259733420,0.000000000
3660,2020-06-01 12:00:00,0.000000000,0.191786394,0.229907200,0.233541559,0.241791666,0.259729229,0.000000000
3661,2020-06-01 13:00:00,0.000000000,0.191791466,0.229878351,0.233510333,0.241754458,0.259675830,0.000000000
3662,2020-06-01 14:00:00,0.000000000,0.191797727,0.229842709,0.233471755,0.241708496,0.259609886,0.000000000
3663,2020-06-01 15:00:00,0.000000000,0.191807222,0.229788609,0.233413204,0.241638748,0.259509857,0.000000000
3664,2020-06-01 16:00:00,0.000000000,0.191820007,0.229715658,0.233334257,0.241544724,0.259375091,0.000000000
3665,2020-06-01 17:00:00,0.000000000,0.191830638,0.229654914,0.233268527,0.241466460,0.259262982,0.000000000
3666,2020-06-01 18:00:00,0.000000000,0.191840786,0.229596857,0.233205710,0.241391679,0.259155919,0.000000000
3667,2020-06-01 19:00:00,0.000000000,0.191851128,0.229537620,0.233141621,0.241315401,0.259046770,0.000000000
3668,2020-06-01 20:00:00,0.000000000,0.191860072,0.229486323,0.233086128,0.241249366,0.258952324,0.000000000
3669,2020-06-01 21:00:00,0.000000000,0.191864862,0.229458828,0.233056385,0.241213978,0.258901729,0.000000000
3670,2020-06-01 22:00:00,0.000000000,0.191871100,0.229423002,0.233017632,0.241167874,0.258835831,0.000000000
3671,2020-06-01 23:00:00,0.000000000,0.191873395,0.229409810,0.233003363,0.241150900,0.258811576,0.000000000
3672,2020-06-02 00:00:00,0.000000000,0.191875116,0.229399921,0.232992666,0.241138176,0.258793395,0.000000000
3673,2020-06-02 01:00:00,0.000000000,0.191876369,0.229392718,0.232984876,0.241128909,0.258780155,0.000000000
3674,2020-06-02 02:00:00,0.000000000,0.191877133,0.229388324,0.232980123,0.241123256,0.258772079,0.000000000
3675,2020-06-02 03:00:00,0.000000000,0.191878331,0.229381432,0.232972668,0.241114389,0.258759412,0.000000000
3676,2020-06-02 04:00:00,0.000000000,0.191879133,0.229376824,0.232967684,0.241108461,0.258750943,0.000000000
3677,2020-06-02 05:00:00,0.000000000,0.191879578,0.229374262,0.232964914,0.241105166,0.258746235,0.000000000
3678,2020-06-02 06:00:00,0.000000000,0.191879787,0.229373062,0.232963615,0.241103621,0.258744029,0.000000000
3679,2020-06-02 07:00:00,0.000000000,0.191879936,0.229372204,0.232962687,0.241102518,0.258742453,0.000000000
3680,2020-06-02 08:00:00,0.000000000,0.191880101,0.229371251,0.232961657,0.241101292,0.258740703,0.000000000
3681,2020-06-02 09:00:00,0.000000000,0.191880452,0.229369232,0.232959473,0.241098695,0.258736992,0.000000000
3682,2020-06-02 10:00:00,0.000000000,0.191880581,0.229368494,0.232958675,0.241097745,0.258735636,0.002869087
3683,2020-06-02 11:00:00,0.000000000,0.191880393,0.229369577,0.232959845,0.241099138,0.258737625,0.001092612
3684,2020-06-02 12:00:00,0.000000000,0.191880321,0.229369989,0.232960291,0.241099668,0.258738382,0.000857931
3685,2020-06-02 13:00:00,0.000000000,0.191880948,0.229366379,0.232956387,0.241095025,0.258731750,0.000000000
3686,2020-06-02 14:00:00,0.000000000,0.191883935,0.229349192,0.232937798,0.241072916,0.258700173,0.000000000
3687,2020-06-02 15:00:00,0.000000000,0.191888582,0.229322445,0.232908870,0.241038514,0.258651047,0.000000000
3688,2020-06-02 16:00:00,0.000000000,0.191894886,0.229286127,0.232869593,0.240991809,0.258584373,0.000000000
3689,2020-06-02 17:00:00,0.000000000,0.191901361,0.229248801,0.232829227,0.240943816,0.258515882,0.000000000
3690,2020-06-02 18:00:00,0.000000000,0.191909030,0.229204551,0.232781376,0.240886932,0.258434731,0.000000000
3691,2020-06-02 19:00:00,0.000000000,0.191915843,0.229165207,0.232738833,0.240836365,0.258362619,0.000000000
3692,2020-06-02 20:00:00,0.000000000,0.191919438,0.229144429,0.232716366,0.240809664,0.258324551,0.000000000
3693,2020-06-02 21:00:00,0.000000000,0.191920980,0.229135515,0.232706728,0.240798210,0.258308224,0.000000000
3694,2020-06-02 22:00:00,0.000000000,0.191921835,0.229130572,0.232701384,0.240791859,0.258299171,0.000000000
3695,2020-06-02 23:00:00,0.000000000,0.191922692,0.229125620,0.232696030,0.240785496,0.258290101,0.000000000
3696,2020-06-03 00:00:00,0.000000000,0.191923362,0.229121745,0.232691840,0.240780517,0.258283005,0.000000000
3697,2020-06-03 01:00:00,0.000000000,0.191923821,0.229119090,0.232688969,0.240777106,0.258278143,0.000000000
3698,2020-06-03 02:00:00,0.000000000,0.191924275,0.229116461,0.232686128,0.240773728,0.258273330,0.000000000
3699,2020-06-03 03:00:00,0.000000000,0.191924682,0.229114107,0.232683581,0.240770703,0.258269018,0.000000000
3700,2020-06-03 04:00:00,0.000000000,0.191924799,0.229113430,0.232682850,0.240769834,0.258267779,0.000298014
3701,2020-06-03 05:00:00,0.000000000,0.191924681,0.229113430,0.232682850,0.240769834,0.258267779,0.000931313
3702,2020-06-03 06:00:00,0.000000000,0.191924311,0.229113430,0.232682850,0.240769834,0.258267779,0.001048817
3703,2020-06-03 07:00:00,0.000000000,0.191924650,0.229114291,0.232683781,0.240770940,0.258269356,0.001316461
3704,2020-06-03 08:00:00,0.000000000,0.191924564,0.229114788,0.232684319,0.240771579,0.258270267,0.001486619
3705,2020-06-03 09:00:00,0.000000000,0.191924467,0.229115350,0.232684926,0.240772301,0.258271295,0.001560848
3706,2020-06-03 10:00:00,0.000000000,0.191924365,0.229115940,0.232685564,0.240773058,0.258272375,0.001705704
3707,2020-06-03 11:00:00,0.000000000,0.191924254,0.229116585,0.232686261,0.240773887,0.258273555,0.002457281
3708,2020-06-03 12:00:00,0.000000000,0.191924441,0.229116585,0.232686261,0.240773887,0.258273555,0.003223344
3709,2020-06-03 13:00:00,0.000000000,0.191926294,0.229104782,0.232673500,0.240758723,0.258251945,0.000000000
3710,2020-06-03 14:00:00,0.000000000,0.191931307,0.229075774,0.232642138,0.240721458,0.258198848,0.000000000
3711,2020-06-03 15:00:00,0.000000000,0.191938715,0.229032871,0.232595754,0.240666351,0.258120353,0.000000000
3712,2020-06-03 16:00:00,0.000000000,0.191948361,0.228976954,0.232535307,0.240594548,0.258018120,0.000000000
3713,2020-06-03 17:00:00,0.000000000,0.191958823,0.228916225,0.232469662,0.240516587,0.257907176,0.000000000
3714,2020-06-03 18:00:00,0.000000000,0.191967768,0.228864242,0.232413476,0.240449872,0.257812284,0.000000000
3715,2020-06-03 19:00:00,0.000000000,0.191974866,0.228822949,0.232368848,0.240396890,0.257736955,0.000000000
3716,2020-06-03 20:00:00,0.000000000,0.191980095,0.228792508,0.232335949,0.240357837,0.257681448,0.000000000
3717,2020-06-03 21:00:00,0.000000000,0.191981100,0.228786655,0.232329623,0.240350329,0.257670778,0.000000000
3718,2020-06-03 22:00:00,0.000000000,0.191981510,0.228784267,0.232327043,0.240347266,0.257666425,0.000000000
3719,2020-06-03 23:00:00,0.000000000,0.191981742,0.228782918,0.232325585,0.240345536,0.257663967,0.001465231
3720,2020-06-04 00:00:00,0.000000000,0.191981657,0.228783410,0.232326117,0.240346166,0.257664863,0.064721956
3721,2020-06-04 01:00:00,0.000000000,0.191977461,0.228807846,0.232352525,0.240377513,0.257709412,0.122067668
3722,2020-06-04 02:00:00,0.000000000,0.191969556,0.228853846,0.232402241,0.240436533,0.257793315,0.060883068
3723,2020-06-04 03:00:00,0.000000000,0.191965602,0.228876837,0.232427089,0.240466035,0.257835269,0.003101041
3724,2020-06-04 04:00:00,0.000000000,0.191965400,0.228878010,0.232428357,0.240467541,0.257837411,0.003545718
3725,2020-06-04 05:00:00,0.000000000,0.191965169,0.228879352,0.232429808,0.240469263,0.257839860,0.004190142
3726,2020-06-04 06:00:00,0.000000000,0.191964896,0.228880937,0.232431521,0.240471297,0.257842754,0.003971819
3727,2020-06-04 07:00:00,0.000000000,0.191964638,0.228882440,0.232433146,0.240473226,0.257845497,0.000761193
3728,2020-06-04 08:00:00,0.000000000,0.191964335,0.228882440,0.232433146,0.240473226,0.257845497,0.000852984
3729,2020-06-04 09:00:00,0.000000000,0.191963995,0.228882440,0.232433146,0.240473226,0.257845497,0.000000000
3730,2020-06-04 10:00:00,0.000000000,0.191964648,0.228882381,0.232433082,0.240473150,0.257845389,0.002177148
3731,2020-06-04 11:00:00,0.000000000,0.191964506,0.228883205,0.232433972,0.240474208,0.257846892,0.005995355
3732,2020-06-04 12:00:00,0.000000000,0.191964116,0.228885473,0.232436424,0.240477119,0.257851033,0.004888638
3733,2020-06-04 13:00:00,0.000000000,0.191963805,0.228887281,0.232438377,0.240479438,0.257854332,0.005078326
3734,2020-06-04 14:00:00,0.000000000,0.191963570,0.228888643,0.232439849,0.240481186,0.257856818,0.000000000
3735,2020-06-04 15:00:00,0.000000000,0.191965156,0.228879429,0.232429891,0.240469362,0.257840001,0.000000000
3736,2020-06-04 16:00:00,0.000000000,0.191981283,0.228785588,0.232328470,0.240348960,0.257668833,0.000000000
3737,2020-06-04 17:00:00,0.000000000,0.191997952,0.228688400,0.232223447,0.240224323,0.257491793,0.000000000
3738,2020-06-04 18:00:00,0.000000000,0.192014194,0.228593509,0.232120921,0.240102689,0.257319164,0.000000000
3739,2020-06-04 19:00:00,0.000000000,0.192029015,0.228506753,0.232027195,0.239991531,0.257161528,0.000000000
3740,2020-06-04 20:00:00,0.000000000,0.192038265,0.228452526,0.231968618,0.239922075,0.257063091,0.000000000
3741,2020-06-04 21:00:00,0.000000000,0.192041640,0.228432726,0.231947230,0.239896719,0.257027167,0.000000000
3742,2020-06-04 22:00:00,0.000000000,0.192043719,0.228420519,0.231934045,0.239881088,0.257005024,0.000000000
3743,2020-06-04 23:00:00,0.000000000,0.192044200,0.228417697,0.231930997,0.239877474,0.256999905,0.001101932
3744,2020-06-05 00:00:00,0.000000000,0.192044129,0.228418115,0.231931448,0.239878010,0.257000663,0.006294654
3745,2020-06-05 01:00:00,0.000000000,0.192043722,0.228420503,0.231934028,0.239881068,0.257004995,0.007021794
3746,2020-06-05 02:00:00,0.000000000,0.192043268,0.228423168,0.231936906,0.239884479,0.257009827,0.006442246
3747,2020-06-05 03:00:00,0.000000000,0.192042852,0.228425612,0.231939546,0.239887609,0.257014261,0.006116357
3748,2020-06-05 04:00:00,0.000000000,0.192042456,0.228427932,0.231942052,0.239890581,0.257018471,0.005865969
3749,2020-06-05 05:00:00,0.000000000,0.192042077,0.228430158,0.231944456,0.239893431,0.257022508,0.005488356
3750,2020-06-05 06:00:00,0.000000000,0.192041722,0.228432240,0.231946706,0.239896097,0.257026285,0.006507583
3751,2020-06-05 07:00:00,0.000000000,0.192041302,0.228434709,0.231949372,0.239899259,0.257030764,0.064962084
3752,2020-06-05 08:00:00,0.000000000,0.192037110,0.228459300,0.231975935,0.239930750,0.257075383,0.293789901
3753,2020-06-05 09:00:00,0.000000000,0.192018293,0.228569532,0.232095016,0.240071962,0.257275577,0.069204380
3754,2020-06-05 10:00:00,0.000000000,0.192013819,0.228595702,0.232123290,0.240105499,0.257323150,0.005904656
3755,2020-06-05 11:00:00,0.000000000,0.192013436,0.228597940,0.232125708,0.240108367,0.257327219,0.097157572
3756,2020-06-05 12:00:00,0.000000000,0.192007160,0.228634626,0.232165344,0.240155387,0.257393938,0.357533318
3757,2020-06-05 13:00:00,0.000000000,0.191984266,0.228768215,0.232309696,0.240326676,0.257637169,0.541368269
3758,2020-06-05 14:00:00,0.000000000,0.191949742,0.228968940,0.232526644,0.240584259,0.258003474,0.251041146
3759,2020-06-05 15:00:00,0.000000000,0.191933635,0.229062298,0.232627568,0.240704147,0.258174187,0.000000000
3760,2020-06-05 16:00:00,0.000000000,0.191934561,0.229056935,0.232621771,0.240697260,0.258164375,0.000000000
3761,2020-06-05 17:00:00,0.000000000,0.191938299,0.229035286,0.232598366,0.240669454,0.258124771,0.000000000
3762,2020-06-05 18:00:00,0.000000000,0.191946446,0.228988057,0.232547309,0.240608804,0.258038413,0.000000000
3763,2020-06-05 19:00:00,0.000000000,0.191953656,0.228946226,0.232502091,0.240555099,0.257961973,0.000000000
3764,2020-06-05 20:00:00,0.000000000,0.191957526,0.228923756,0.232477803,0.240526254,0.257920930,0.001665499
3765,2020-06-05 21:00:00,0.000000000,0.191957595,0.228923356,0.232477371,0.240525741,0.257920200,0.003438727
3766,2020-06-05 22:00:00,0.000000000,0.191957371,0.228924657,0.232478777,0.240527411,0.257922575,0.000000000
3767,2020-06-05 23:00:00,0.000000000,0.191958299,0.228919269,0.232472952,0.240520494,0.257912734,0.000000000
3768,2020-06-06 00:00:00,0.000000000,0.191958575,0.228917664,0.232471218,0.240518434,0.257909804,1.269774737
3769,2020-06-06 01:00:00,0.000000000,0.191879316,0.229375769,0.232966543,0.241107104,0.258749004,0.312501513
3770,2020-06-06 02:00:00,0.000000000,0.191859036,0.229492267,0.233092558,0.241257017,0.258963264,0.128870431
3771,2020-06-06 03:00:00,0.000000000,0.191850606,0.229540611,0.233144858,0.241319253,0.259052280,0.008424985
3772,2020-06-06 04:00:00,0.000000000,0.191850052,0.229543785,0.233148292,0.241323339,0.259058126,0.113600930
3773,2020-06-06 05:00:00,0.000000000,0.191842611,0.229586413,0.233194410,0.241378229,0.259136668,0.830559173
3774,2020-06-06 06:00:00,0.000000000,0.191789481,0.229889642,0.233522553,0.241769019,0.259696725,1.090664864
3775,2020-06-06 07:00:00,0.000000000,0.191720007,0.230283214,0.233948676,0.242277121,0.260427208,0.907597735
3776,2020-06-06 08:00:00,0.000000000,0.191661498,0.230612108,0.234304959,0.242702491,0.261040775,0.147665330
3777,2020-06-06 09:00:00,0.000000000,0.191651680,0.230667068,0.234364512,0.242773642,0.261143587,0.064956795
3778,2020-06-06 10:00:00,0.000000000,0.191647396,0.230691030,0.234390478,0.242804669,0.261188437,0.005704203
3779,2020-06-06 11:00:00,0.000000000,0.191647075,0.230692827,0.234392426,0.242806997,0.261191801,0.010782815
3780,2020-06-06 12:00:00,0.000000000,0.191646433,0.230696417,0.234396317,0.242811646,0.261198522,0.015770073
3781,2020-06-06 13:00:00,0.000000000,0.191645485,0.230701715,0.234402057,0.242818506,0.261208440,0.014077446
3782,2020-06-06 14:00:00,0.000000000,0.191644675,0.230706245,0.234406967,0.242824373,0.261216924,0.008523242
3783,2020-06-06 15:00:00,0.000000000,0.191644563,0.230706869,0.234407642,0.242825180,0.261218091,0.000478719
3784,2020-06-06 16:00:00,0.000000000,0.191648452,0.230685124,0.234384079,0.242797022,0.261177382,0.000000000
3785,2020-06-06 17:00:00,0.000000000,0.191663676,0.230599905,0.234291737,0.242686697,0.261017960,0.000000000
3786,2020-06-06 18:00:00,0.000000000,0.191677409,0.230522895,0.234208300,0.242587040,0.260874061,0.000000000
3787,2020-06-06 19:00:00,0.000000000,0.191690539,0.230449148,0.234128407,0.242491642,0.260736407,1.039186759
3788,2020-06-06 20:00:00,0.000000000,0.191625930,0.230810916,0.234520405,0.242959959,0.261413059,14.066092444
3789,2020-06-06 21:00:00,0.000000000,0.191014095,0.234103293,0.238097559,0.247262273,0.267739434,0.000000000
3790,2020-06-06 22:00:00,0.000000000,0.191034055,0.233999531,0.237984552,0.247125545,0.267535201,0.000000000
3791,2020-06-06 23:00:00,0.000000000,0.191052247,0.233904756,0.237881347,0.247000725,0.267348943,0.000000000
3792,2020-06-07 00:00:00,0.000000000,0.191070052,0.233811801,0.237780139,0.246878364,0.267166529,0.000000000
3793,2020-06-07 01:00:00,0.000000000,0.191087104,0.233722602,0.237683035,0.246761004,0.266991733,0.000000000
3794,2020-06-07 02:00:00,0.000000000,0.191109226,0.233606622,0.237556794,0.246608491,0.266764813,0.000000000
3795,2020-06-07 03:00:00,0.000000000,0.191129397,0.233500613,0.237441426,0.246469171,0.266557756,0.000000000
3796,2020-06-07 04:00:00,0.000000000,0.191146197,0.233412134,0.237345151,0.246352951,0.266385199,0.000000000
3797,2020-06-07 05:00:00,0.000000000,0.191162672,0.233325201,0.237250570,0.246238813,0.266215882,0.000000000
3798,2020-06-07 06:00:00,0.000000000,0.191178137,0.233243445,0.237161633,0.246131520,0.266056854,0.000000000
3799,2020-06-07 07:00:00,0.000000000,0.191193200,0.233163671,0.237074862,0.246026872,0.265901871,0.000000000
3800,2020-06-07 08:00:00,0.000000000,0.191207659,0.233086967,0.236991441,0.245926294,0.265753032,0.000000000
3801,2020-06-07 09:00:00,0.000000000,0.191221710,0.233012307,0.236910252,0.245828435,0.265608324,0.000000000
3802,2020-06-07 10:00:00,0.000000000,0.191235191,0.232940557,0.236832236,0.245734426,0.265469412,0.000000000
3803,2020-06-07 11:00:00,0.000000000,0.191249505,0.232864251,0.236749276,0.245634487,0.265321844,0.000000000
3804,2020-06-07 12:00:00,0.000000000,0.191264535,0.232783998,0.236662034,0.245529421,0.265166825,0.000000000
3805,2020-06-07 13:00:00,0.000000000,0.191280423,0.232699005,0.236569651,0.245418198,0.265002855,0.000000000
3806,2020-06-07 14:00:00,0.000000000,0.191301807,0.232584363,0.236445060,0.245268253,0.264782018,0.000000000
3807,2020-06-07 15:00:00,0.000000000,0.191325667,0.232456107,0.236305699,0.245100608,0.264535405,0.000000000
3808,2020-06-07 16:00:00,0.000000000,0.191351744,0.232315530,0.236152980,0.244916987,0.264265643,0.000000000
3809,2020-06-07 17:00:00,0.000000000,0.191378529,0.232170683,0.235995657,0.244727928,0.263988278,0.000000000
3810,2020-06-07 18:00:00,0.000000000,0.191402901,0.232038489,0.235852105,0.244555508,0.263735661,0.000000000
3811,2020-06-07 19:00:00,0.000000000,0.191427283,0.231905864,0.235708114,0.244382644,0.263482718,0.000000000
3812,2020-06-07 20:00:00,0.000000000,0.191445849,0.231804620,0.235598212,0.244250761,0.263289955,0.000000000
3813,2020-06-07 21:00:00,0.000000000,0.191461252,0.231720453,0.235506861,0.244141176,0.263129927,0.000000000
3814,2020-06-07 22:00:00,0.000000000,0.191472693,0.231657833,0.235438903,0.244059675,0.263010994,0.000000000
3815,2020-06-07 23:00:00,0.000000000,0.191483485,0.231598691,0.235374725,0.243982726,0.262898766,0.000000000
3816,2020-06-08 00:00:00,0.000000000,0.191490549,0.231559942,0.235332679,0.243932321,0.262825289,0.000000000
3817,2020-06-08 01:00:00,0.000000000,0.191496827,0.231525475,0.235295282,0.243887495,0.262759965,0.000000000
3818,2020-06-08 02:00:00,0.000000000,0.191503151,0.231490725,0.235257581,0.243842311,0.262694142,0.000000000
3819,2020-06-08 03:00:00,0.000000000,0.191508244,0.231462723,0.235227201,0.243805906,0.262641123,0.000000000
3820,2020-06-08 04:00:00,0.000000000,0.191513664,0.231432904,0.235194851,0.243767143,0.262584686,0.000000000
3821,2020-06-08 05:00:00,0.000000000,0.191520478,0.231395388,0.235154154,0.243718384,0.262513719,0.000000000
3822,2020-06-08 06:00:00,0.000000000,0.191526826,0.231360414,0.235116216,0.243672939,0.262447595,0.000000000
3823,2020-06-08 07:00:00,0.000000000,0.191532778,0.231327595,0.235080617,0.243630299,0.262385574,0.000000000
3824,2020-06-08 08:00:00,0.000000000,0.191538499,0.231296029,0.235046380,0.243589295,0.262325951,0.000000000
3825,2020-06-08 09:00:00,0.000000000,0.191543866,0.231266392,0.235014236,0.243550803,0.262269997,0.000000000
3826,2020-06-08 10:00:00,0.000000000,0.191548869,0.231238756,0.234984263,0.243514914,0.262217841,0.000000000
3827,2020-06-08 11:00:00,0.000000000,0.191552441,0.231219011,0.234962849,0.243489276,0.262180590,0.000000000
3828,2020-06-08 12:00:00,0.000000000,0.191555514,0.231202018,0.234944421,0.243467214,0.262148541,0.000000000
3829,2020-06-08 13:00:00,0.000000000,0.191561661,0.231168004,0.234907535,0.243423058,0.262084412,0.000000000
3830,2020-06-08 14:00:00,0.000000000,0.191571581,0.231113070,0.234847966,0.243351760,0.261980905,0.000000000
3831,2020-06-08 15:00:00,0.000000000,0.191586554,0.231030020,0.234757919,0.243244011,0.261824582,0.000000000
3832,2020-06-08 16:00:00,0.000000000,0.191603431,0.230936238,0.234656247,0.243122390,0.261648280,0.000000000
3833,2020-06-08 17:00:00,0.000000000,0.191620979,0.230838524,0.234550329,0.242995733,0.261464842,0.000000000
3834,2020-06-08 18:00:00,0.000000000,0.191637863,0.230744311,0.234448219,0.242873673,0.261288218,0.000000000
3835,2020-06-08 19:00:00,0.000000000,0.191649584,0.230678793,0.234377217,0.242788823,0.261165530,0.000000000
3836,2020-06-08 20:00:00,0.000000000,0.191659824,0.230621482,0.234315116,0.242714626,0.261058306,0.000000000
3837,2020-06-08 21:00:00,0.000000000,0.191662541,0.230606262,0.234298625,0.242694925,0.261029845,0.000000000
3838,2020-06-08 22:00:00,0.000000000,0.191664769,0.230593782,0.234285103,0.242678772,0.261006513,0.000000000
3839,2020-06-08 23:00:00,0.000000000,0.191666081,0.230586428,0.234277135,0.242669254,0.260992766,0.000000000
3840,2020-06-09 00:00:00,0.000000000,0.191666864,0.230582041,0.234272382,0.242663577,0.260984566,0.000000000
3841,2020-06-09 01:00:00,0.000000000,0.191667562,0.230578126,0.234268139,0.242658509,0.260977248,0.000000000
3842,2020-06-09 02:00:00,0.000000000,0.191668035,0.230575474,0.234265266,0.242655078,0.260972292,0.000000000
3843,2020-06-09 03:00:00,0.000000000,0.191668425,0.230573292,0.234262902,0.242652253,0.260968213,0.000000000
3844,2020-06-09 04:00:00,0.000000000,0.191668752,0.230571456,0.234260913,0.242649878,0.260964783,0.000000000
3845,2020-06-09 05:00:00,0.000000000,0.191668848,0.230570915,0.234260327,0.242649177,0.260963771,0.000000000
3846,2020-06-09 06:00:00,0.000000000,0.191668989,0.230570130,0.234259476,0.242648161,0.260962304,0.000000000
3847,2020-06-09 07:00:00,0.000000000,0.191669128,0.230570130,0.234259476,0.242648161,0.260962304,0.000727589
3848,2020-06-09 08:00:00,0.000000000,0.191668842,0.230570130,0.234259476,0.242648161,0.260962304,0.000000000
3849,2020-06-09 09:00:00,0.000000000,0.191669091,0.230569555,0.234258853,0.242647417,0.260961230,0.000000000
3850,2020-06-09 10:00:00,0.000000000,0.191669177,0.230569074,0.234258332,0.242646795,0.260960331,0.000124758
3851,2020-06-09 11:00:00,0.000000000,0.191669128,0.230569074,0.234258332,0.242646795,0.260960331,0.000000000
3852,2020-06-09 12:00:00,0.000000000,0.191669363,0.230568033,0.234257203,0.242645447,0.260958385,0.000000000
3853,2020-06-09 13:00:00,0.000000000,0.191670931,0.230559236,0.234247673,0.242634064,0.260941948,0.000000000
3854,2020-06-09 14:00:00,0.000000000,0.191676521,0.230527882,0.234213703,0.242593493,0.260883375,0.000000000
3855,2020-06-09 15:00:00,0.000000000,0.191688045,0.230463169,0.234143596,0.242509776,0.260762567,0.000000000
3856,2020-06-09 16:00:00,0.000000000,0.191700252,0.230394520,0.234069232,0.242420998,0.260634534,0.000000000
3857,2020-06-09 17:00:00,0.000000000,0.191713522,0.230319778,0.233988277,0.242324376,0.260495279,0.000000000
3858,2020-06-09 18:00:00,0.000000000,0.191728549,0.230234997,0.233896459,0.242214820,0.260337499,0.000000000
3859,2020-06-09 19:00:00,0.000000000,0.191739784,0.230171514,0.233827714,0.242132815,0.260219478,0.000000000
3860,2020-06-09 20:00:00,0.000000000,0.191745560,0.230138842,0.233792336,0.242090621,0.260158778,0.000000000
3861,2020-06-09 21:00:00,0.000000000,0.191747783,0.230126257,0.233778710,0.242074371,0.260135406,0.000000000
3862,2020-06-09 22:00:00,0.000000000,0.191749738,0.230115195,0.233766732,0.242060086,0.260114864,0.000000000
3863,2020-06-09 23:00:00,0.000000000,0.191751130,0.230107314,0.233758198,0.242049911,0.260100231,0.000000000
3864,2020-06-10 00:00:00,0.000000000,0.191753004,0.230096696,0.233746702,0.242036202,0.260080520,0.000000000
3865,2020-06-10 01:00:00,0.000000000,0.191753909,0.230091574,0.233741157,0.242029589,0.260071012,0.000000000
3866,2020-06-10 02:00:00,0.000000000,0.191754524,0.230088089,0.233737383,0.242025090,0.260064544,0.000000000
3867,2020-06-10 03:00:00,0.000000000,0.191754661,0.230087315,0.233736545,0.242024091,0.260063108,0.000000000
3868,2020-06-10 04:00:00,0.000000000,0.191755074,0.230084975,0.233734012,0.242021071,0.260058765,0.000000000
3869,2020-06-10 05:00:00,0.000000000,0.191755856,0.230080540,0.233729211,0.242015345,0.260050534,0.000000000
3870,2020-06-10 06:00:00,0.000000000,0.191756631,0.230076154,0.233724461,0.242009683,0.260042394,0.000000000
3871,2020-06-10 07:00:00,0.000000000,0.191757553,0.230070929,0.233718805,0.242002938,0.260032698,0.000000000
3872,2020-06-10 08:00:00,0.000000000,0.191759462,0.230060110,0.233707091,0.241988972,0.260012623,0.000000000
3873,2020-06-10 09:00:00,0.000000000,0.191761497,0.230048573,0.233694600,0.241974080,0.259991220,0.000000000
3874,2020-06-10 10:00:00,0.000000000,0.191762691,0.230041800,0.233687267,0.241965337,0.259978656,0.000000000
3875,2020-06-10 11:00:00,0.000000000,0.191763494,0.230037248,0.233682340,0.241959463,0.259970214,0.000000000
3876,2020-06-10 12:00:00,0.000000000,0.191764380,0.230032225,0.233676901,0.241952979,0.259960897,0.000000000
3877,2020-06-10 13:00:00,0.000000000,0.191767908,0.230012208,0.233655231,0.241927146,0.259923779,0.000000000
3878,2020-06-10 14:00:00,0.000000000,0.191774657,0.229973900,0.233613761,0.241877714,0.259852772,0.000000000
3879,2020-06-10 15:00:00,0.000000000,0.191784515,0.229917886,0.233553126,0.241805450,0.259749013,0.000000000
3880,2020-06-10 16:00:00,0.000000000,0.191796657,0.229848802,0.233478349,0.241716352,0.259621156,0.000000000
3881,2020-06-10 17:00:00,0.000000000,0.191810096,0.229772222,0.233395469,0.241617624,0.259479572,0.000000000
3882,2020-06-10 18:00:00,0.000000000,0.191819634,0.229717792,0.233336567,0.241547474,0.259379032,0.000000000
3883,2020-06-10 19:00:00,0.000000000,0.191827525,0.229672715,0.233287788,0.241489392,0.259295825,0.000000000
3884,2020-06-10 20:00:00,0.000000000,0.191834463,0.229633043,0.233244863,0.241438287,0.259222640,0.000000000
3885,2020-06-10 21:00:00,0.000000000,0.191837263,0.229617024,0.233227530,0.241417653,0.259193099,0.000000000
3886,2020-06-10 22:00:00,0.000000000,0.191839683,0.229603173,0.233212544,0.241399814,0.259167563,0.000000000
3887,2020-06-10 23:00:00,0.000000000,0.191841403,0.229593327,0.233201891,0.241387133,0.259149413,0.000722326
3888,2020-06-11 00:00:00,0.000000000,0.191841117,0.229593327,0.233201891,0.241387133,0.259149413,0.002734885
3889,2020-06-11 01:00:00,0.000000000,0.191841176,0.229594630,0.233203300,0.241388811,0.259151813,0.004500592
3890,2020-06-11 02:00:00,0.000000000,0.191840879,0.229596325,0.233205134,0.241390994,0.259154938,0.012624996
3891,2020-06-11 03:00:00,0.000000000,0.191840049,0.229601079,0.233210278,0.241397117,0.259163702,0.015627784
3892,2020-06-11 04:00:00,0.000000000,0.191839021,0.229606963,0.233216645,0.241404695,0.259174550,0.009815588
3893,2020-06-11 05:00:00,0.000000000,0.191838375,0.229610660,0.233220644,0.241409456,0.259181365,0.000000000
3894,2020-06-11 06:00:00,0.000000000,0.191838561,0.229610660,0.233220644,0.241409456,0.259181365,0.006688480
3895,2020-06-11 07:00:00,0.000000000,0.191837966,0.229613002,0.233223178,0.241412473,0.259185683,0.001072421
3896,2020-06-11 08:00:00,0.000000000,0.191837585,0.229613002,0.233223178,0.241412473,0.259185683,0.000000000
3897,2020-06-11 09:00:00,0.000000000,0.191838139,0.229612008,0.233222103,0.241411192,0.259183850,0.000000000
3898,2020-06-11 10:00:00,0.000000000,0.191838394,0.229612008,0.233222103,0.241411192,0.259183850,0.000000000
3899,2020-06-11 11:00:00,0.000000000,0.191838257,0.229611335,0.233221375,0.241410326,0.259182610,0.000000000
3900,2020-06-11 12:00:00,0.000000000,0.191838858,0.229607893,0.233217651,0.241405893,0.259176265,0.000000000
3901,2020-06-11 13:00:00,0.000000000,0.191841232,0.229594305,0.233202949,0.241388392,0.259151215,0.000000000
3902,2020-06-11 14:00:00,0.000000000,0.191846012,0.229566934,0.233173336,0.241353146,0.259100773,0.000000000
3903,2020-06-11 15:00:00,0.000000000,0.191852097,0.229532062,0.233135609,0.241308246,0.259036534,0.000000000
3904,2020-06-11 16:00:00,0.000000000,0.191859176,0.229491465,0.233091690,0.241255984,0.258961788,0.483487759
3905,2020-06-11 17:00:00,0.000000000,0.191829882,0.229659238,0.233273206,0.241472031,0.259270960,0.000000000
3906,2020-06-11 18:00:00,0.000000000,0.191832752,0.229642826,0.233255448,0.241450888,0.259240683,0.000000000
3907,2020-06-11 19:00:00,0.000000000,0.191836584,0.229620909,0.233231734,0.241422658,0.259200264,0.106989656
3908,2020-06-11 20:00:00,0.000000000,0.191831390,0.229650619,0.233263880,0.241460927,0.259255059,1.831019381
3909,2020-06-11 21:00:00,0.000000000,0.191718316,0.230292751,0.233959005,0.242289446,0.260444959,1.906502757
3910,2020-06-11 22:00:00,0.000000000,0.191600824,0.230950733,0.234671961,0.243141185,0.261675515,0.385456505
3911,2020-06-11 23:00:00,0.000000000,0.191577404,0.231080791,0.234812965,0.243309876,0.261920124,0.000000000
3912,2020-06-12 00:00:00,0.000000000,0.191579533,0.231068981,0.234800160,0.243294553,0.261897893,0.000204030
3913,2020-06-12 01:00:00,0.000000000,0.191581523,0.231057943,0.234788193,0.243280233,0.261877120,0.001149827
3914,2020-06-12 02:00:00,0.000000000,0.191583393,0.231047565,0.234776940,0.243266769,0.261857590,0.003987233
3915,2020-06-12 03:00:00,0.000000000,0.191585024,0.231038512,0.234767126,0.243255026,0.261840558,0.004934815
3916,2020-06-12 04:00:00,0.000000000,0.191586546,0.231030063,0.234757965,0.243244066,0.261824662,0.007973212
3917,2020-06-12 05:00:00,0.000000000,0.191587826,0.231022957,0.234750260,0.243234848,0.261811295,0.001803049
3918,2020-06-12 06:00:00,0.000000000,0.191589472,0.231013818,0.234740352,0.243222994,0.261794105,0.002942633
3919,2020-06-12 07:00:00,0.000000000,0.191590996,0.231005353,0.234731175,0.243212016,0.261778187,0.003026242
3920,2020-06-12 08:00:00,0.000000000,0.191592471,0.230997162,0.234722295,0.243201393,0.261762785,0.000909556
3921,2020-06-12 09:00:00,0.000000000,0.191594041,0.230988438,0.234712836,0.243190078,0.261746382,0.001724892
3922,2020-06-12 10:00:00,0.000000000,0.191595513,0.230980259,0.234703970,0.243179472,0.261731007,0.003222143
3923,2020-06-12 11:00:00,0.000000000,0.191596845,0.230972858,0.234695946,0.243169874,0.261717095,0.004773448
3924,2020-06-12 12:00:00,0.000000000,0.191598037,0.230966232,0.234688763,0.243161281,0.261704640,0.015837512
3925,2020-06-12 13:00:00,0.000000000,0.191598473,0.230963806,0.234686133,0.243158136,0.261700081,0.000000000
3926,2020-06-12 14:00:00,0.000000000,0.191600258,0.230953884,0.234675377,0.243145270,0.261681435,0.000000000
3927,2020-06-12 15:00:00,0.000000000,0.191602820,0.230939633,0.234659927,0.243126792,0.261654659,0.000000000
3928,2020-06-12 16:00:00,0.000000000,0.191615490,0.230869107,0.234583478,0.243035368,0.261522227,0.000000000
3929,2020-06-12 17:00:00,0.000000000,0.191634157,0.230765006,0.234470647,0.242900480,0.261326995,0.000000000
3930,2020-06-12 18:00:00,0.000000000,0.191651166,0.230669948,0.234367633,0.242777371,0.261148976,0.000000000
3931,2020-06-12 19:00:00,0.000000000,0.191666562,0.230583732,0.234274213,0.242665765,0.260987726,0.000000000
3932,2020-06-12 20:00:00,0.000000000,0.191671657,0.230555165,0.234243262,0.242628795,0.260934340,0.000000000
3933,2020-06-12 21:00:00,0.000000000,0.191675736,0.230532283,0.234218471,0.242599187,0.260891594,0.000000000
3934,2020-06-12 22:00:00,0.000000000,0.191678070,0.230519184,0.234204280,0.242582239,0.260867132,0.000000000
3935,2020-06-12 23:00:00,0.000000000,0.191680380,0.230506218,0.234190232,0.242565463,0.260842919,0.000000000
3936,2020-06-13 00:00:00,0.000000000,0.191681799,0.230498253,0.234181604,0.242555160,0.260828049,0.000000000
3937,2020-06-13 01:00:00,0.000000000,0.191682862,0.230492280,0.234175133,0.242547433,0.260816899,0.000000000
3938,2020-06-13 02:00:00,0.000000000,0.191683248,0.230490115,0.234172788,0.242544632,0.260812858,0.000000000
3939,2020-06-13 03:00:00,0.000000000,0.191684660,0.230482184,0.234164196,0.242534373,0.260798054,0.000000000
3940,2020-06-13 04:00:00,0.000000000,0.191689336,0.230455914,0.234135737,0.242500393,0.260749031,0.000000000
3941,2020-06-13 05:00:00,0.000000000,0.191694001,0.230429683,0.234107322,0.242466469,0.260700100,0.000000000
3942,2020-06-13 06:00:00,0.000000000,0.191699081,0.230401108,0.234076368,0.242429517,0.260646815,0.000000000
3943,2020-06-13 07:00:00,0.000000000,0.191701502,0.230387482,0.234061610,0.242411900,0.260621416,0.000000000
3944,2020-06-13 08:00:00,0.000000000,0.191706204,0.230361012,0.234032938,0.242377678,0.260572087,0.000000000
3945,2020-06-13 09:00:00,0.000000000,0.191710656,0.230335934,0.234005775,0.242345258,0.260525367,0.000000000
3946,2020-06-13 10:00:00,0.000000000,0.191715456,0.230308879,0.233976473,0.242310290,0.260474986,0.000000000
3947,2020-06-13 11:00:00,0.000000000,0.191717166,0.230299236,0.233966029,0.242297827,0.260457032,0.000000000
3948,2020-06-13 12:00:00,0.000000000,0.191720395,0.230281024,0.233946305,0.242274291,0.260423133,0.000000000
3949,2020-06-13 13:00:00,0.000000000,0.191725719,0.230250981,0.233913768,0.242235471,0.260367230,0.000000000
3950,2020-06-13 14:00:00,0.000000000,0.191733184,0.230208816,0.233868107,0.242180997,0.260288813,0.000000000
3951,2020-06-13 15:00:00,0.000000000,0.191744142,0.230146861,0.233801019,0.242100976,0.260173673,0.000000000
3952,2020-06-13 16:00:00,0.000000000,0.191757260,0.230072590,0.233720602,0.242005081,0.260035779,0.000000000
3953,2020-06-13 17:00:00,0.000000000,0.191769864,0.230001111,0.233643218,0.241912826,0.259903206,0.000000000
3954,2020-06-13 18:00:00,0.000000000,0.191782360,0.229930137,0.233566387,0.241821253,0.259771699,0.000000000
3955,2020-06-13 19:00:00,0.000000000,0.191792323,0.229873470,0.233505049,0.241748163,0.259666797,0.000000000
3956,2020-06-13 20:00:00,0.000000000,0.191798228,0.229839858,0.233468670,0.241704820,0.259604613,0.000000000
3957,2020-06-13 21:00:00,0.000000000,0.191800044,0.229829514,0.233457474,0.241691482,0.259585482,0.000000000
3958,2020-06-13 22:00:00,0.000000000,0.191803029,0.229812508,0.233439068,0.241669557,0.259554036,0.000000000
3959,2020-06-13 23:00:00,0.000000000,0.191806406,0.229793262,0.233418239,0.241644745,0.259518457,0.000000000
3960,2020-06-14 00:00:00,0.000000000,0.191812201,0.229760212,0.233382471,0.241602143,0.259457381,0.000000000
3961,2020-06-14 01:00:00,0.000000000,0.191819370,0.229719296,0.233338193,0.241549411,0.259381808,0.000000000
3962,2020-06-14 02:00:00,0.000000000,0.191827170,0.229674738,0.233289978,0.241491999,0.259299559,0.000000000
3963,2020-06-14 03:00:00,0.000000000,0.191833819,0.229636725,0.233248846,0.241443028,0.259229429,0.000000000
3964,2020-06-14 04:00:00,0.000000000,0.191839564,0.229603856,0.233213282,0.241400693,0.259168821,0.000000000
3965,2020-06-14 05:00:00,0.000000000,0.191843432,0.229581710,0.233189322,0.241372173,0.259128001,0.000000000
3966,2020-06-14 06:00:00,0.000000000,0.191847047,0.229561002,0.233166918,0.241345507,0.259089842,0.000000000
3967,2020-06-14 07:00:00,0.000000000,0.191850797,0.229539518,0.233143675,0.241317845,0.259050266,0.000000000
3968,2020-06-14 08:00:00,0.000000000,0.191854085,0.229520665,0.233123279,0.241293573,0.259015546,0.000000000
3969,2020-06-14 09:00:00,0.000000000,0.191857031,0.229503773,0.233105006,0.241271828,0.258984445,0.000000000
3970,2020-06-14 10:00:00,0.000000000,0.191859541,0.229489373,0.233089428,0.241253292,0.258957938,0.000000000
3971,2020-06-14 11:00:00,0.000000000,0.191862121,0.229474562,0.233073406,0.241234228,0.258930680,0.000000000
3972,2020-06-14 12:00:00,0.000000000,0.191863404,0.229467202,0.233065444,0.241224755,0.258917136,0.000000000
3973,2020-06-14 13:00:00,0.000000000,0.191866956,0.229446806,0.233043381,0.241198506,0.258879612,0.000000000
3974,2020-06-14 14:00:00,0.000000000,0.191873070,0.229411683,0.233005389,0.241153310,0.258815019,0.000000000
3975,2020-06-14 15:00:00,0.000000000,0.191881699,0.229362062,0.232951717,0.241089470,0.258723816,0.000000000
3976,2020-06-14 16:00:00,0.000000000,0.191892774,0.229298299,0.232882756,0.241007461,0.258606715,0.000000000
3977,2020-06-14 17:00:00,0.000000000,0.191903955,0.229233836,0.232813044,0.240924577,0.258488431,0.000000000
3978,2020-06-14 18:00:00,0.000000000,0.191915342,0.229168099,0.232741960,0.240840082,0.258367919,0.000000000
3979,2020-06-14 19:00:00,0.000000000,0.191925439,0.229109730,0.232678849,0.240765079,0.258261004,0.000000000
3980,2020-06-14 20:00:00,0.000000000,0.191930529,0.229080281,0.232647010,0.240727247,0.258207095,0.000000000
3981,2020-06-14 21:00:00,0.000000000,0.191931626,0.229073930,0.232640144,0.240719089,0.258195473,0.000000000
3982,2020-06-14 22:00:00,0.000000000,0.191932889,0.229066614,0.232632234,0.240709691,0.258182084,0.000000000
3983,2020-06-14 23:00:00,0.000000000,0.191934566,0.229056904,0.232621737,0.240697220,0.258164319,0.000000000
3984,2020-06-15 00:00:00,0.000000000,0.191935664,0.229050545,0.232614862,0.240689051,0.258152684,0.000000000
3985,2020-06-15 01:00:00,0.000000000,0.191936520,0.229045591,0.232609506,0.240682688,0.258143620,0.000000000
3986,2020-06-15 02:00:00,0.000000000,0.191937669,0.229038934,0.232602310,0.240674139,0.258131444,0.000000000
3987,2020-06-15 03:00:00,0.000000000,0.191938048,0.229036735,0.232599932,0.240671314,0.258127421,0.000000000
3988,2020-06-15 04:00:00,0.000000000,0.191938367,0.229034888,0.232597935,0.240668942,0.258124043,0.000000000
3989,2020-06-15 05:00:00,0.000000000,0.191938710,0.229032903,0.232595789,0.240666393,0.258120412,0.000000000
3990,2020-06-15 06:00:00,0.000000000,0.191938848,0.229032105,0.232594927,0.240665368,0.258118953,0.000000000
3991,2020-06-15 07:00:00,0.000000000,0.191938991,0.229031274,0.232594029,0.240664301,0.258117433,0.000000000
3992,2020-06-15 08:00:00,0.000000000,0.191939216,0.229029972,0.232592621,0.240662629,0.258115051,0.001513838
3993,2020-06-15 09:00:00,0.000000000,0.191939117,0.229030544,0.232593239,0.240663364,0.258116098,0.003236840
3994,2020-06-15 10:00:00,0.000000000,0.191938906,0.229031768,0.232594562,0.240664935,0.258118336,0.003815023
3995,2020-06-15 11:00:00,0.000000000,0.191938657,0.229033210,0.232596121,0.240666788,0.258120974,0.001286796
3996,2020-06-15 12:00:00,0.000000000,0.191938500,0.229033210,0.232596121,0.240666788,0.258120974,0.000000000
3997,2020-06-15 13:00:00,0.000000000,0.191940181,0.229024379,0.232586574,0.240655446,0.258104822,0.000000000
3998,2020-06-15 14:00:00,0.000000000,0.191945726,0.228992235,0.232551825,0.240614168,0.258046049,0.000000000
3999,2020-06-15 15:00:00,0.000000000,0.191955897,0.228933216,0.232488028,0.240538397,0.257938208,0.000000000
4000,2020-06-15 16:00:00,0.000000000,0.191969968,0.228851444,0.232399644,0.240433451,0.257788933,0.000000000
4001,2020-06-15 17:00:00,0.000000000,0.191987436,0.228749736,0.232289727,0.240302976,0.257603497,0.000000000
4002,2020-06-15 18:00:00,0.000000000,0.192001472,0.228667854,0.232201247,0.240197981,0.257454396,0.000000000
4003,2020-06-15 19:00:00,0.000000000,0.192013874,0.228595379,0.232122941,0.240105085,0.257322563,0.000000000
4004,2020-06-15 20:00:00,0.000000000,0.192021645,0.228549914,0.232073822,0.240046826,0.257239928,0.000000000
4005,2020-06-15 21:00:00,0.000000000,0.192023358,0.228539883,0.232062985,0.240033974,0.257221703,0.000000000
4006,2020-06-15 22:00:00,0.000000000,0.192024881,0.228530969,0.232053355,0.240022553,0.257205508,0.000000000
4007,2020-06-15 23:00:00,0.000000000,0.192026105,0.228523802,0.232045612,0.240013371,0.257192490,0.000000000
4008,2020-06-16 00:00:00,0.000000000,0.192027414,0.228516131,0.232037326,0.240003544,0.257178558,0.000000000
4009,2020-06-16 01:00:00,0.000000000,0.192028492,0.228509816,0.232030504,0.239995454,0.257167089,0.000000000
4010,2020-06-16 02:00:00,0.000000000,0.192029066,0.228506455,0.232026873,0.239991148,0.257160985,0.000000000
4011,2020-06-16 03:00:00,0.000000000,0.192029351,0.228504781,0.232025065,0.239989004,0.257157946,0.000000000
4012,2020-06-16 04:00:00,0.000000000,0.192029552,0.228503606,0.232023795,0.239987499,0.257155813,0.000000000
4013,2020-06-16 05:00:00,0.000000000,0.192029720,0.228502624,0.232022735,0.239986242,0.257154030,0.000000000
4014,2020-06-16 06:00:00,0.000000000,0.192029997,0.228501001,0.232020981,0.239984162,0.257151082,0.000000000
4015,2020-06-16 07:00:00,0.000000000,0.192030192,0.228499858,0.232019746,0.239982698,0.257149007,0.000000000
4016,2020-06-16 08:00:00,0.000000000,0.192030505,0.228499858,0.232019746,0.239982698,0.257149007,0.000000000
4017,2020-06-16 09:00:00,0.000000000,0.192030390,0.228498698,0.232018493,0.239981212,0.257146901,0.000000000
4018,2020-06-16 10:00:00,0.000000000,0.192030520,0.228497936,0.232017670,0.239980236,0.257145517,0.003166162
4019,2020-06-16 11:00:00,0.000000000,0.192030315,0.228499137,0.232018968,0.239981774,0.257147697,0.002922950
4020,2020-06-16 12:00:00,0.000000000,0.192030125,0.228500246,0.232020165,0.239983195,0.257149710,0.003879442
4021,2020-06-16 13:00:00,0.000000000,0.192031088,0.228494604,0.232014071,0.239975968,0.257139468,0.000000000
4022,2020-06-16 14:00:00,0.000000000,0.192037667,0.228456031,0.231972403,0.239926563,0.257069450,0.000000000
4023,2020-06-16 15:00:00,0.000000000,0.192048511,0.228392383,0.231903655,0.239845063,0.256953999,0.000000000
4024,2020-06-16 16:00:00,0.000000000,0.192061790,0.228314331,0.231819356,0.239745152,0.256812556,0.000000000
4025,2020-06-16 17:00:00,0.000000000,0.192077116,0.228224078,0.231721892,0.239629672,0.256649189,0.000000000
4026,2020-06-16 18:00:00,0.000000000,0.192090909,0.228142710,0.231634032,0.239525603,0.256502074,0.000000000
4027,2020-06-16 19:00:00,0.000000000,0.192101777,0.228078494,0.231564700,0.239443499,0.256386082,0.000000000
4028,2020-06-16 20:00:00,0.000000000,0.192106987,0.228047680,0.231531433,0.239404111,0.256330460,0.000000000
4029,2020-06-16 21:00:00,0.000000000,0.192109799,0.228031040,0.231513470,0.239382843,0.256300433,0.000000000
4030,2020-06-16 22:00:00,0.000000000,0.192111587,0.228020456,0.231502045,0.239369317,0.256281338,0.000000000
4031,2020-06-16 23:00:00,0.000000000,0.192112770,0.228013455,0.231494486,0.239360369,0.256268707,0.000000000
4032,2020-06-17 00:00:00,0.000000000,0.192113677,0.228008087,0.231488691,0.239353509,0.256259025,0.000000000
4033,2020-06-17 01:00:00,0.000000000,0.192114145,0.228005314,0.231485698,0.239349965,0.256254022,0.000000000
4034,2020-06-17 02:00:00,0.000000000,0.192114273,0.228004555,0.231484878,0.239348995,0.256252653,0.001424535
4035,2020-06-17 03:00:00,0.000000000,0.192114182,0.228005096,0.231485463,0.239349688,0.256253631,0.000770819
4036,2020-06-17 04:00:00,0.000000000,0.192113873,0.228005096,0.231485463,0.239349688,0.256253631,0.000000000
4037,2020-06-17 05:00:00,0.000000000,0.192114182,0.228005096,0.231485463,0.239349688,0.256253631,0.000000000
4038,2020-06-17 06:00:00,0.000000000,0.192114334,0.228004194,0.231484489,0.239348534,0.256252002,0.000000000
4039,2020-06-17 07:00:00,0.000000000,0.192114418,0.228003697,0.231483952,0.239347899,0.256251106,0.000000000
4040,2020-06-17 08:00:00,0.000000000,0.192114580,0.228002736,0.231482915,0.239346672,0.256249374,0.000000000
4041,2020-06-17 09:00:00,0.000000000,0.192114723,0.228001889,0.231482001,0.239345589,0.256247846,0.000000000
4042,2020-06-17 10:00:00,0.000000000,0.192114815,0.228001343,0.231481412,0.239344892,0.256246862,0.002150745
4043,2020-06-17 11:00:00,0.000000000,0.192114677,0.228002162,0.231482295,0.239345938,0.256248337,0.003590754
4044,2020-06-17 12:00:00,0.000000000,0.192114446,0.228003528,0.231483770,0.239347683,0.256250801,0.001849388
4045,2020-06-17 13:00:00,0.000000000,0.192115809,0.227995458,0.231475058,0.239337371,0.256236247,0.000000000
4046,2020-06-17 14:00:00,0.000000000,0.192121759,0.227960205,0.231437004,0.239292327,0.256172684,0.000000000
4047,2020-06-17 15:00:00,0.000000000,0.192131533,0.227902233,0.231374430,0.239218272,0.256068224,0.000000000
4048,2020-06-17 16:00:00,0.000000000,0.192143587,0.227830641,0.231297161,0.239126846,0.255939334,0.000000000
4049,2020-06-17 17:00:00,0.000000000,0.192156983,0.227750955,0.231211165,0.239025120,0.255796015,0.000000000
4050,2020-06-17 18:00:00,0.000000000,0.192170196,0.227672223,0.231126208,0.238924650,0.255654561,0.000000000
4051,2020-06-17 19:00:00,0.000000000,0.192179035,0.227619484,0.231069305,0.238857371,0.255559891,0.000000000
4052,2020-06-17 20:00:00,0.000000000,0.192182011,0.227601712,0.231050131,0.238834704,0.255528004,0.000000000
4053,2020-06-17 21:00:00,0.000000000,0.192183423,0.227593278,0.231041031,0.238823946,0.255512874,0.000000000
4054,2020-06-17 22:00:00,0.000000000,0.192187337,0.227569891,0.231015800,0.238794121,0.255470928,0.000000000
4055,2020-06-17 23:00:00,0.000000000,0.192188676,0.227561888,0.231007166,0.238783916,0.255456578,0.000000000
4056,2020-06-18 00:00:00,0.000000000,0.192189679,0.227555895,0.231000701,0.238776274,0.255445832,0.000000000
4057,2020-06-18 01:00:00,0.000000000,0.192190592,0.227550434,0.230994808,0.238769309,0.255436040,0.002384139
4058,2020-06-18 02:00:00,0.000000000,0.192190440,0.227551343,0.230995789,0.238770469,0.255437671,0.007692651
4059,2020-06-18 03:00:00,0.000000000,0.192189949,0.227554277,0.230998955,0.238774210,0.255442931,0.009649719
4060,2020-06-18 04:00:00,0.000000000,0.192189334,0.227557957,0.231002925,0.238778903,0.255449529,0.011162361
4061,2020-06-18 05:00:00,0.000000000,0.192188622,0.227562214,0.231007517,0.238784331,0.255457161,0.012335725
4062,2020-06-18 06:00:00,0.000000000,0.192187835,0.227566917,0.231012592,0.238790329,0.255465596,0.012750282
4063,2020-06-18 07:00:00,0.000000000,0.192187021,0.227571779,0.231017836,0.238796529,0.255474314,0.013475593
4064,2020-06-18 08:00:00,0.000000000,0.192186162,0.227576917,0.231023379,0.238803081,0.255483528,0.012966293
4065,2020-06-18 09:00:00,0.000000000,0.192185334,0.227581861,0.231028713,0.238809385,0.255492394,0.012955295
4066,2020-06-18 10:00:00,0.000000000,0.192184508,0.227586800,0.231034042,0.238815684,0.255501253,0.013149365
4067,2020-06-18 11:00:00,0.000000000,0.192183668,0.227591813,0.231039450,0.238822078,0.255510245,0.005113294
4068,2020-06-18 12:00:00,0.000000000,0.192183342,0.227593763,0.231041554,0.238824565,0.255513743,0.010007683
4069,2020-06-18 13:00:00,0.000000000,0.192183751,0.227591322,0.231038921,0.238821452,0.255509365,0.011220470
4070,2020-06-18 14:00:00,0.000000000,0.192186728,0.227573533,0.231019729,0.238798765,0.255477460,0.003608206
4071,2020-06-18 15:00:00,0.000000000,0.192194129,0.227529283,0.230971991,0.238742341,0.255398127,0.000000000
4072,2020-06-18 16:00:00,0.000000000,0.192205593,0.227460659,0.230897963,0.238654860,0.255275187,0.000000000
4073,2020-06-18 17:00:00,0.000000000,0.192219094,0.227379714,0.230810655,0.238551711,0.255130319,0.000000000
4074,2020-06-18 18:00:00,0.000000000,0.192231847,0.227303129,0.230728057,0.238454154,0.254993396,0.000000000
4075,2020-06-18 19:00:00,0.000000000,0.192242196,0.227240890,0.230660938,0.238374897,0.254882223,0.000000000
4076,2020-06-18 20:00:00,0.000000000,0.192249941,0.227194255,0.230610651,0.238315526,0.254798983,0.000000000
4077,2020-06-18 21:00:00,0.000000000,0.192250930,0.227188301,0.230604230,0.238307946,0.254788358,0.000000000
4078,2020-06-18 22:00:00,0.000000000,0.192251371,0.227185638,0.230601359,0.238304557,0.254783606,0.000000000
4079,2020-06-18 23:00:00,0.000000000,0.192251504,0.227184838,0.230600496,0.238303539,0.254782179,0.003349057
4080,2020-06-19 00:00:00,0.000000000,0.192251292,0.227186118,0.230601877,0.238305168,0.254784464,0.007750505
4081,2020-06-19 01:00:00,0.000000000,0.192250800,0.227189081,0.230605071,0.238308939,0.254789749,0.009785485
4082,2020-06-19 02:00:00,0.000000000,0.192250179,0.227192821,0.230609104,0.238313700,0.254796423,0.012199202
4083,2020-06-19 03:00:00,0.000000000,0.192249405,0.227197483,0.230614131,0.238319635,0.254804742,0.012109162
4084,2020-06-19 04:00:00,0.000000000,0.192248637,0.227202110,0.230619121,0.238325525,0.254812999,0.015220946
4085,2020-06-19 05:00:00,0.000000000,0.192247671,0.227207926,0.230625392,0.238332929,0.254823379,0.014788943
4086,2020-06-19 06:00:00,0.000000000,0.192246733,0.227213576,0.230631485,0.238340122,0.254833464,0.012141872
4087,2020-06-19 07:00:00,0.000000000,0.192245963,0.227218216,0.230636488,0.238346029,0.254841745,0.014714936
4088,2020-06-19 08:00:00,0.000000000,0.192245029,0.227223838,0.230642550,0.238353186,0.254851780,0.012322247
4089,2020-06-19 09:00:00,0.000000000,0.192244247,0.227228546,0.230647627,0.238359180,0.254860185,0.012886472
4090,2020-06-19 10:00:00,0.000000000,0.192243429,0.227233469,0.230652936,0.238365449,0.254868974,0.017962273
4091,2020-06-19 11:00:00,0.000000000,0.192242289,0.227240331,0.230660335,0.238374185,0.254881224,0.009410659
4092,2020-06-19 12:00:00,0.000000000,0.192241691,0.227243926,0.230664213,0.238378763,0.254887645,0.012866252
4093,2020-06-19 13:00:00,0.000000000,0.192242246,0.227240590,0.230660615,0.238374515,0.254881688,0.004651453
4094,2020-06-19 14:00:00,0.000000000,0.192246466,0.227215184,0.230633218,0.238342169,0.254836333,0.000000000
4095,2020-06-19 15:00:00,0.000000000,0.192255629,0.227159981,0.230573695,0.238271901,0.254737838,0.000000000
4096,2020-06-19 16:00:00,0.000000000,0.192268055,0.227085009,0.230492861,0.238176497,0.254604184,0.000000000
4097,2020-06-19 17:00:00,0.000000000,0.192282823,0.226995759,0.230396644,0.238062968,0.254445246,0.000000000
4098,2020-06-19 18:00:00,0.000000000,0.192297727,0.226905515,0.230299368,0.237948224,0.254284728,0.000000000
4099,2020-06-19 19:00:00,0.000000000,0.192310209,0.226829802,0.230217765,0.237851994,0.254150203,0.000000000
4100,2020-06-19 20:00:00,0.000000000,0.192320257,0.226768768,0.230151988,0.237774445,0.254041854,0.000000000
4101,2020-06-19 21:00:00,0.000000000,0.192323287,0.226750345,0.230132136,0.237751043,0.254009168,0.000000000
4102,2020-06-19 22:00:00,0.000000000,0.192325584,0.226736375,0.230117081,0.237733297,0.253984385,0.000000000
4103,2020-06-19 23:00:00,0.000000000,0.192326660,0.226729832,0.230110030,0.237724986,0.253972780,0.000000000
4104,2020-06-20 00:00:00,0.000000000,0.192327407,0.226725286,0.230105132,0.237719213,0.253964719,0.000000000
4105,2020-06-20 01:00:00,0.000000000,0.192327837,0.226722672,0.230102315,0.237715892,0.253960083,0.000000000
4106,2020-06-20 02:00:00,0.000000000,0.192328083,0.226721175,0.230100702,0.237713991,0.253957427,0.000000000
4107,2020-06-20 03:00:00,0.000000000,0.192328305,0.226721175,0.230100702,0.237713991,0.253957427,0.003525359
4108,2020-06-20 04:00:00,0.000000000,0.192327895,0.226722315,0.230101930,0.237715439,0.253959450,0.004121789
4109,2020-06-20 05:00:00,0.000000000,0.192327636,0.226723895,0.230103633,0.237717446,0.253962252,0.006145696
4110,2020-06-20 06:00:00,0.000000000,0.192327249,0.226726251,0.230106171,0.237720438,0.253966429,0.005668015
4111,2020-06-20 07:00:00,0.000000000,0.192326891,0.226728424,0.230108513,0.237723197,0.253970283,0.006671921
4112,2020-06-20 08:00:00,0.000000000,0.192326471,0.226730981,0.230111268,0.237726446,0.253974818,0.006400903
4113,2020-06-20 09:00:00,0.000000000,0.192326068,0.226733434,0.230113912,0.237729562,0.253979170,0.006880351
4114,2020-06-20 10:00:00,0.000000000,0.192325634,0.226736071,0.230116754,0.237732911,0.253983847,0.010279544
4115,2020-06-20 11:00:00,0.000000000,0.192324987,0.226740011,0.230120999,0.237737915,0.253990834,0.005173085
4116,2020-06-20 12:00:00,0.000000000,0.192324661,0.226741993,0.230123135,0.237740434,0.253994351,0.006788011
4117,2020-06-20 13:00:00,0.000000000,0.192325922,0.226734320,0.230114866,0.237730686,0.253980740,0.005562447
4118,2020-06-20 14:00:00,0.000000000,0.192331702,0.226699148,0.230076966,0.237686015,0.253918370,0.000000000
4119,2020-06-20 15:00:00,0.000000000,0.192343431,0.226627701,0.229999982,0.237595295,0.253791761,0.000000000
4120,2020-06-20 16:00:00,0.000000000,0.192358129,0.226538010,0.229903351,0.237481451,0.253632987,0.000000000
4121,2020-06-20 17:00:00,0.000000000,0.192373740,0.226442568,0.229800537,0.237360361,0.253464236,0.000000000
4122,2020-06-20 18:00:00,0.000000000,0.192389072,0.226348637,0.229699363,0.237241240,0.253298357,0.000000000
4123,2020-06-20 19:00:00,0.000000000,0.192401636,0.226271530,0.229616321,0.237143494,0.253162341,0.000000000
4124,2020-06-20 20:00:00,0.000000000,0.192410662,0.226216058,0.229556585,0.237073197,0.253064572,0.000000000
4125,2020-06-20 21:00:00,0.000000000,0.192415102,0.226188751,0.229527180,0.237038598,0.253016468,0.000000000
4126,2020-06-20 22:00:00,0.000000000,0.192416194,0.226182027,0.229519940,0.237030079,0.253004627,0.000000000
4127,2020-06-20 23:00:00,0.000000000,0.192417364,0.226174831,0.229512192,0.237020963,0.252991954,0.000000000
4128,2020-06-21 00:00:00,0.000000000,0.192418187,0.226169765,0.229506736,0.237014544,0.252983033,0.000000000
4129,2020-06-21 01:00:00,0.000000000,0.192418995,0.226164789,0.229501379,0.237008241,0.252974272,0.001424546
4130,2020-06-21 02:00:00,0.000000000,0.192418906,0.226165337,0.229501969,0.237008936,0.252975237,0.004756574
4131,2020-06-21 03:00:00,0.000000000,0.192418609,0.226167167,0.229503939,0.237011253,0.252978458,0.005933122
4132,2020-06-21 04:00:00,0.000000000,0.192418238,0.226169448,0.229506395,0.237014143,0.252982476,0.005595777
4133,2020-06-21 05:00:00,0.000000000,0.192417889,0.226171600,0.229508712,0.237016869,0.252986265,0.006910391
4134,2020-06-21 06:00:00,0.000000000,0.192417457,0.226174257,0.229511574,0.237020236,0.252990944,0.006456278
4135,2020-06-21 07:00:00,0.000000000,0.192417054,0.226176740,0.229514247,0.237023381,0.252995316,0.007155468
4136,2020-06-21 08:00:00,0.000000000,0.192416607,0.226179491,0.229517210,0.237026867,0.253000161,0.005334836
4137,2020-06-21 09:00:00,0.000000000,0.192416273,0.226181543,0.229519419,0.237029466,0.253003774,0.006005263
4138,2020-06-21 10:00:00,0.000000000,0.192415898,0.226183852,0.229521905,0.237032391,0.253007840,0.011012373
4139,2020-06-21 11:00:00,0.000000000,0.192415210,0.226188086,0.229526464,0.237037755,0.253015297,0.005736450
4140,2020-06-21 12:00:00,0.000000000,0.192414851,0.226190291,0.229528839,0.237040549,0.253019182,0.007663818
4141,2020-06-21 13:00:00,0.000000000,0.192415995,0.226183255,0.229521262,0.237031635,0.253006789,0.003900619
4142,2020-06-21 14:00:00,0.000000000,0.192422033,0.226146088,0.229481242,0.236984551,0.252941348,0.000000000
4143,2020-06-21 15:00:00,0.000000000,0.192433182,0.226077379,0.229407264,0.236897532,0.252820454,0.000000000
4144,2020-06-21 16:00:00,0.000000000,0.192447686,0.225987842,0.229310872,0.236784177,0.252663071,0.000000000
4145,2020-06-21 17:00:00,0.000000000,0.192464347,0.225884785,0.229199939,0.236653762,0.252482146,0.000000000
4146,2020-06-21 18:00:00,0.000000000,0.192480586,0.225784125,0.229091601,0.236526442,0.252305659,0.000000000
4147,2020-06-21 19:00:00,0.000000000,0.192493282,0.225705279,0.229006750,0.236426753,0.252167574,0.000000000
4148,2020-06-21 20:00:00,0.000000000,0.192502604,0.225647304,0.228944367,0.236353478,0.252066131,0.000000000
4149,2020-06-21 21:00:00,0.000000000,0.192504631,0.225634687,0.228930791,0.236337533,0.252044064,0.000000000
4150,2020-06-21 22:00:00,0.000000000,0.192505777,0.225627555,0.228923117,0.236328520,0.252031591,0.000000000
4151,2020-06-21 23:00:00,0.000000000,0.192506415,0.225623578,0.228918838,0.236323495,0.252024638,0.000000000
4152,2020-06-22 00:00:00,0.000000000,0.192506900,0.225620564,0.228915595,0.236319686,0.252019366,0.000000000
4153,2020-06-22 01:00:00,0.000000000,0.192507068,0.225619518,0.228914469,0.236318364,0.252017537,0.001031116
4154,2020-06-22 02:00:00,0.000000000,0.192507004,0.225619915,0.228914897,0.236318867,0.252018233,0.004202658
4155,2020-06-22 03:00:00,0.000000000,0.192506743,0.225621537,0.228916642,0.236320916,0.252021068,0.005442618
4156,2020-06-22 04:00:00,0.000000000,0.192506406,0.225623636,0.228918901,0.236323569,0.252024739,0.006465472
4157,2020-06-22 05:00:00,0.000000000,0.192506006,0.225626131,0.228921584,0.236326720,0.252029100,0.006294654
4158,2020-06-22 06:00:00,0.000000000,0.192505616,0.225628559,0.228924197,0.236329789,0.252033347,0.005914953
4159,2020-06-22 07:00:00,0.000000000,0.192505249,0.225630840,0.228926652,0.236332672,0.252037337,0.004805556
4160,2020-06-22 08:00:00,0.000000000,0.192504951,0.225632694,0.228928647,0.236335015,0.252040579,0.003440911
4161,2020-06-22 09:00:00,0.000000000,0.192504738,0.225634022,0.228930075,0.236336692,0.252042900,0.003940687
4162,2020-06-22 10:00:00,0.000000000,0.192504494,0.225635542,0.228931711,0.236338613,0.252045559,0.008016515
4163,2020-06-22 11:00:00,0.000000000,0.192503997,0.225638634,0.228935038,0.236342521,0.252050967,0.004654847
4164,2020-06-22 12:00:00,0.000000000,0.192503708,0.225640430,0.228936970,0.236344790,0.252054107,0.007160420
4165,2020-06-22 13:00:00,0.000000000,0.192505305,0.225630493,0.228926279,0.236332233,0.252036730,0.005188844
4166,2020-06-22 14:00:00,0.000000000,0.192510504,0.225598116,0.228891442,0.236291322,0.251980120,0.000000000
4167,2020-06-22 15:00:00,0.000000000,0.192520399,0.225536434,0.228825079,0.236213399,0.251872339,0.000000000
4168,2020-06-22 16:00:00,0.000000000,0.192534078,0.225451035,0.228733208,0.236105552,0.251723253,0.000000000
4169,2020-06-22 17:00:00,0.000000000,0.192548690,0.225359641,0.228634901,0.235990181,0.251563880,0.000000000
4170,2020-06-22 18:00:00,0.000000000,0.192560170,0.225287716,0.228557542,0.235899420,0.251438585,0.000000000
4171,2020-06-22 19:00:00,0.000000000,0.192570989,0.225219837,0.228484543,0.235813792,0.251320442,0.623498386
4172,2020-06-22 20:00:00,0.000000000,0.192537173,0.225431696,0.228712405,0.236081135,0.251689514,0.672807448
4173,2020-06-22 21:00:00,0.000000000,0.192497018,0.225682055,0.228981760,0.236397398,0.252126928,0.000000000
4174,2020-06-22 22:00:00,0.000000000,0.192497513,0.225678973,0.228978444,0.236393502,0.252121536,0.000000000
4175,2020-06-22 23:00:00,0.000000000,0.192498038,0.225675708,0.228974930,0.236389376,0.252115822,0.000000000
4176,2020-06-23 00:00:00,0.000000000,0.192498954,0.225670013,0.228968802,0.236382178,0.252105858,0.000000000
4177,2020-06-23 01:00:00,0.000000000,0.192499428,0.225667066,0.228965631,0.236378453,0.252100701,0.000000000
4178,2020-06-23 02:00:00,0.000000000,0.192499845,0.225664466,0.228962834,0.236375167,0.252096154,0.000000000
4179,2020-06-23 03:00:00,0.000000000,0.192500091,0.225662938,0.228961189,0.236373236,0.252093480,0.000000000
4180,2020-06-23 04:00:00,0.000000000,0.192500369,0.225661207,0.228959326,0.236371048,0.252090451,0.000000000
4181,2020-06-23 05:00:00,0.000000000,0.192500513,0.225660311,0.228958363,0.236369916,0.252088884,0.000000000
4182,2020-06-23 06:00:00,0.000000000,0.192500683,0.225659255,0.228957226,0.236368580,0.252087036,0.000000000
4183,2020-06-23 07:00:00,0.000000000,0.192500868,0.225658105,0.228955989,0.236367128,0.252085025,0.000000000
4184,2020-06-23 08:00:00,0.000000000,0.192501003,0.225657267,0.228955087,0.236366068,0.252083558,0.000000000
4185,2020-06-23 09:00:00,0.000000000,0.192501269,0.225657267,0.228955087,0.236366068,0.252083558,0.000000000
4186,2020-06-23 10:00:00,0.000000000,0.192501133,0.225656457,0.228954215,0.236365044,0.252082141,0.000001915
4187,2020-06-23 11:00:00,0.000000000,0.192501132,0.225656457,0.228954215,0.236365044,0.252082141,0.003318181
4188,2020-06-23 12:00:00,0.000000000,0.192500927,0.225657737,0.228955593,0.236366663,0.252084381,0.006178400
4189,2020-06-23 13:00:00,0.000000000,0.192500544,0.225660120,0.228958157,0.236369674,0.252088550,0.008480013
4190,2020-06-23 14:00:00,0.000000000,0.192500018,0.225663390,0.228961676,0.236373807,0.252094271,0.009849750
4191,2020-06-23 15:00:00,0.000000000,0.192499586,0.225666079,0.228964569,0.236377205,0.252098975,0.000000000
4192,2020-06-23 16:00:00,0.000000000,0.192504323,0.225636606,0.228932856,0.236339958,0.252047420,0.000000000
4193,2020-06-23 17:00:00,0.000000000,0.192520383,0.225536537,0.228825190,0.236213530,0.251872519,0.000000000
4194,2020-06-23 18:00:00,0.000000000,0.192535812,0.225440199,0.228721552,0.236091870,0.251704348,0.000000000
4195,2020-06-23 19:00:00,0.000000000,0.192549351,0.225355508,0.228630454,0.235984964,0.251556676,0.000000000
4196,2020-06-23 20:00:00,0.000000000,0.192561401,0.225280001,0.228549246,0.235889687,0.251425153,0.000000000
4197,2020-06-23 21:00:00,0.000000000,0.192568089,0.225238043,0.228504122,0.235836756,0.251352119,0.000000000
4198,2020-06-23 22:00:00,0.000000000,0.192571850,0.225214429,0.228478727,0.235806971,0.251311033,0.000000000
4199,2020-06-23 23:00:00,0.000000000,0.192575209,0.225193332,0.228456040,0.235780363,0.251274337,0.000000000
4200,2020-06-24 00:00:00,0.000000000,0.192576670,0.225184152,0.228446169,0.235768787,0.251258372,0.000000000
4201,2020-06-24 01:00:00,0.000000000,0.192577806,0.225177012,0.228438491,0.235759783,0.251245958,0.000000000
4202,2020-06-24 02:00:00,0.000000000,0.192578169,0.225174734,0.228436041,0.235756910,0.251241995,0.003908649
4203,2020-06-24 03:00:00,0.000000000,0.192577928,0.225176245,0.228437667,0.235758816,0.251244624,0.008369022
4204,2020-06-24 04:00:00,0.000000000,0.192577413,0.225179482,0.228441147,0.235762898,0.251250252,0.011144963
4205,2020-06-24 05:00:00,0.000000000,0.192576727,0.225183791,0.228445781,0.235768332,0.251257746,0.008820247
4206,2020-06-24 06:00:00,0.000000000,0.192576185,0.225187202,0.228449449,0.235772633,0.251263677,0.014589557
4207,2020-06-24 07:00:00,0.000000000,0.192575287,0.225192842,0.228455514,0.235779746,0.251273486,0.013301674
4208,2020-06-24 08:00:00,0.000000000,0.192574468,0.225197985,0.228461044,0.235786232,0.251282430,0.012011600
4209,2020-06-24 09:00:00,0.000000000,0.192573729,0.225202629,0.228466038,0.235792088,0.251290507,0.013311293
4210,2020-06-24 10:00:00,0.000000000,0.192572910,0.225207775,0.228471572,0.235798579,0.251299458,0.015602681
4211,2020-06-24 11:00:00,0.000000000,0.192571949,0.225213806,0.228478057,0.235806185,0.251309950,0.016766850
4212,2020-06-24 12:00:00,0.000000000,0.192570958,0.225220030,0.228484751,0.235814036,0.251320779,0.010902349
4213,2020-06-24 13:00:00,0.000000000,0.192571688,0.225215447,0.228479822,0.235808255,0.251312805,0.001938969
4214,2020-06-24 14:00:00,0.000000000,0.192575298,0.225192769,0.228455436,0.235779654,0.251273359,0.000000000
4215,2020-06-24 15:00:00,0.000000000,0.192581614,0.225153073,0.228412750,0.235729598,0.251204339,0.000000000
4216,2020-06-24 16:00:00,0.000000000,0.192591266,0.225092346,0.228347454,0.235653038,0.251098817,7.248066595
4217,2020-06-24 17:00:00,0.000000000,0.192232798,0.227297417,0.230721897,0.238446878,0.254983189,2.432843917
4218,2020-06-24 18:00:00,0.000000000,0.192090810,0.228143294,0.231634663,0.239526349,0.256503129,0.000000000
4219,2020-06-24 19:00:00,0.000000000,0.192093773,0.228125797,0.231615771,0.239503975,0.256471514,0.000000000
4220,2020-06-24 20:00:00,0.000000000,0.192103532,0.228068118,0.231553498,0.239430235,0.256367351,0.000000000
4221,2020-06-24 21:00:00,0.000000000,0.192107872,0.228042447,0.231525784,0.239397422,0.256321017,0.000000000
4222,2020-06-24 22:00:00,0.000000000,0.192111314,0.228022073,0.231503790,0.239371384,0.256284256,0.000000000
4223,2020-06-24 23:00:00,0.000000000,0.192114084,0.228005672,0.231486084,0.239350423,0.256254668,0.000000000
4224,2020-06-25 00:00:00,0.000000000,0.192116626,0.227990617,0.231469833,0.239331185,0.256227517,0.000000000
4225,2020-06-25 01:00:00,0.000000000,0.192118046,0.227982205,0.231460752,0.239320437,0.256212348,0.000000000
4226,2020-06-25 02:00:00,0.000000000,0.192118976,0.227976696,0.231454806,0.239313398,0.256202415,0.000000000
4227,2020-06-25 03:00:00,0.000000000,0.192119842,0.227971562,0.231449264,0.239306839,0.256193159,0.000000000
4228,2020-06-25 04:00:00,0.000000000,0.192120589,0.227967139,0.231444489,0.239301187,0.256185185,0.000000000
4229,2020-06-25 05:00:00,0.000000000,0.192121358,0.227962581,0.231439569,0.239295363,0.256176967,0.000000000
4230,2020-06-25 06:00:00,0.000000000,0.192121731,0.227960369,0.231437181,0.239292537,0.256172980,0.000000000
4231,2020-06-25 07:00:00,0.000000000,0.192121926,0.227959216,0.231435936,0.239291063,0.256170901,0.000000000
4232,2020-06-25 08:00:00,0.000000000,0.192122075,0.227958333,0.231434983,0.239289936,0.256169310,0.000000000
4233,2020-06-25 09:00:00,0.000000000,0.192122144,0.227957922,0.231434540,0.239289411,0.256168570,0.000000000
4234,2020-06-25 10:00:00,0.000000000,0.192122194,0.227957922,0.231434540,0.239289411,0.256168570,0.003347476
4235,2020-06-25 11:00:00,0.000000000,0.192121937,0.227959148,0.231435863,0.239290977,0.256170780,0.001747836
4236,2020-06-25 12:00:00,0.000000000,0.192121825,0.227959813,0.231436581,0.239291827,0.256171979,0.000690199
4237,2020-06-25 13:00:00,0.000000000,0.192123164,0.227951876,0.231428014,0.239281686,0.256157672,0.000000000
4238,2020-06-25 14:00:00,0.000000000,0.192129262,0.227915709,0.231388975,0.239235484,0.256092499,0.000000000
4239,2020-06-25 15:00:00,0.000000000,0.192140165,0.227850977,0.231319108,0.239152812,0.255975932,0.000000000
4240,2020-06-25 16:00:00,0.000000000,0.192154238,0.227767297,0.231228800,0.239045978,0.255825394,0.000000000
4241,2020-06-25 17:00:00,0.000000000,0.192170212,0.227672128,0.231126105,0.238924528,0.255654390,0.000000000
4242,2020-06-25 18:00:00,0.000000000,0.192186224,0.227576546,0.231022979,0.238802607,0.255482862,0.000000000
4243,2020-06-25 19:00:00,0.000000000,0.192201738,0.227483748,0.230922870,0.238684291,0.255316539,0.000000000
4244,2020-06-25 20:00:00,0.000000000,0.192215530,0.227401099,0.230833719,0.238578958,0.255168576,0.000000000
4245,2020-06-25 21:00:00,0.000000000,0.192222853,0.227357157,0.230786326,0.238522973,0.255089976,0.000000000
4246,2020-06-25 22:00:00,0.000000000,0.192227747,0.227327766,0.230754627,0.238485533,0.255037428,0.000000000
4247,2020-06-25 23:00:00,0.000000000,0.192230544,0.227310960,0.230736503,0.238464128,0.255007391,0.000000000
4248,2020-06-26 00:00:00,0.000000000,0.192232835,0.227297190,0.230721653,0.238446590,0.254982784,0.000000000
4249,2020-06-26 01:00:00,0.000000000,0.192234193,0.227289030,0.230712852,0.238436197,0.254968204,0.000000000
4250,2020-06-26 02:00:00,0.000000000,0.192234756,0.227285643,0.230709200,0.238431884,0.254962153,0.000000000
4251,2020-06-26 03:00:00,0.000000000,0.192235214,0.227282887,0.230706228,0.238428375,0.254957230,0.000000000
4252,2020-06-26 04:00:00,0.000000000,0.192235558,0.227280818,0.230703996,0.238425739,0.254953533,0.000000000
4253,2020-06-26 05:00:00,0.000000000,0.192235764,0.227279581,0.230702663,0.238424165,0.254951324,0.000000000
4254,2020-06-26 06:00:00,0.000000000,0.192235922,0.227278633,0.230701640,0.238422957,0.254949630,0.000000000
4255,2020-06-26 07:00:00,0.000000000,0.192236011,0.227278095,0.230701060,0.238422272,0.254948669,0.000000000
4256,2020-06-26 08:00:00,0.000000000,0.192236089,0.227277630,0.230700558,0.238421679,0.254947838,0.000000000
4257,2020-06-26 09:00:00,0.000000000,0.192236262,0.227276588,0.230699434,0.238420353,0.254945977,0.000000000
4258,2020-06-26 10:00:00,0.000000000,0.192236465,0.227275369,0.230698119,0.238418800,0.254943798,0.001358697
4259,2020-06-26 11:00:00,0.000000000,0.192236378,0.227275888,0.230698679,0.238419461,0.254944726,0.002300233
4260,2020-06-26 12:00:00,0.000000000,0.192236254,0.227276634,0.230699483,0.238420411,0.254946058,0.001404312
4261,2020-06-26 13:00:00,0.000000000,0.192238591,0.227262578,0.230684326,0.238402512,0.254920952,0.000000000
4262,2020-06-26 14:00:00,0.000000000,0.192245417,0.227221498,0.230640027,0.238350207,0.254847603,0.000000000
4263,2020-06-26 15:00:00,0.000000000,0.192257845,0.227146616,0.230559283,0.238254890,0.254714001,0.000000000
4264,2020-06-26 16:00:00,0.000000000,0.192273275,0.227053482,0.230458872,0.238136388,0.254548019,0.000000000
4265,2020-06-26 17:00:00,0.000000000,0.192289844,0.226953269,0.230350843,0.238008938,0.254369647,0.000000000
4266,2020-06-26 18:00:00,0.000000000,0.192304878,0.226862154,0.230252633,0.237893109,0.254207670,0.000000000
4267,2020-06-26 19:00:00,0.000000000,0.192318118,0.226781765,0.230165995,0.237790957,0.254064920,0.000000000
4268,2020-06-26 20:00:00,0.000000000,0.192328668,0.226717614,0.230096864,0.237709468,0.253951112,0.000000000
4269,2020-06-26 21:00:00,0.000000000,0.192330696,0.226705276,0.230083569,0.237693798,0.253929234,0.000000000
4270,2020-06-26 22:00:00,0.000000000,0.192333276,0.226689566,0.230066641,0.237673846,0.253901383,0.000000000
4271,2020-06-26 23:00:00,0.000000000,0.192335060,0.226678705,0.230054938,0.237660055,0.253882132,0.000000000
4272,2020-06-27 00:00:00,0.000000000,0.192335823,0.226674057,0.230049929,0.237654152,0.253873893,0.000000000
4273,2020-06-27 01:00:00,0.000000000,0.192336565,0.226669538,0.230045061,0.237648414,0.253865885,0.000000000
4274,2020-06-27 02:00:00,0.000000000,0.192336871,0.226667675,0.230043053,0.237646048,0.253862583,0.000000000
4275,2020-06-27 03:00:00,0.000000000,0.192337091,0.226666332,0.230041606,0.237644344,0.253860204,0.000225359
4276,2020-06-27 04:00:00,0.000000000,0.192337000,0.226666332,0.230041606,0.237644344,0.253860204,0.001683534
4277,2020-06-27 05:00:00,0.000000000,0.192336971,0.226667065,0.230042395,0.237645273,0.253861501,0.001407350
4278,2020-06-27 06:00:00,0.000000000,0.192336883,0.226667604,0.230042977,0.237645959,0.253862458,0.001266962
4279,2020-06-27 07:00:00,0.000000000,0.192336803,0.226668090,0.230043500,0.237646575,0.253863319,0.000284858
4280,2020-06-27 08:00:00,0.000000000,0.192336688,0.226668090,0.230043500,0.237646575,0.253863319,0.000000000
4281,2020-06-27 09:00:00,0.000000000,0.192336878,0.226667634,0.230043009,0.237645996,0.253862510,0.000000000
4282,2020-06-27 10:00:00,0.000000000,0.192337257,0.226667634,0.230043009,0.237645996,0.253862510,0.004111607
4283,2020-06-27 11:00:00,0.000000000,0.192336678,0.226668850,0.230044319,0.237647541,0.253864666,0.003258968
4284,2020-06-27 12:00:00,0.000000000,0.192336473,0.226670100,0.230045666,0.237649127,0.253866880,0.003698318
4285,2020-06-27 13:00:00,0.000000000,0.192337254,0.226665343,0.230040541,0.237643088,0.253858451,0.000417382
4286,2020-06-27 14:00:00,0.000000000,0.192342882,0.226631043,0.230003583,0.237599538,0.253797681,0.000000000
4287,2020-06-27 15:00:00,0.000000000,0.192351844,0.226576386,0.229944695,0.237530155,0.253700899,0.000000000
4288,2020-06-27 16:00:00,0.000000000,0.192361670,0.226516377,0.229880046,0.237453999,0.253594719,0.000000000
4289,2020-06-27 17:00:00,0.000000000,0.192373782,0.226442306,0.229800255,0.237360028,0.253463772,0.289473712
4290,2020-06-27 18:00:00,0.000000000,0.192356203,0.226549774,0.229916025,0.237496381,0.253653803,1.242537030
4291,2020-06-27 19:00:00,0.000000000,0.192281605,0.227003126,0.230404586,0.238072337,0.254458358,2.704877193
4292,2020-06-27 20:00:00,0.000000000,0.192125692,0.227936884,0.231411831,0.239262533,0.256130652,2.050155808
4293,2020-06-27 21:00:00,0.000000000,0.192003572,0.228655587,0.232187992,0.240182256,0.257432073,0.967155290
4294,2020-06-27 22:00:00,0.000000000,0.191943153,0.229007151,0.232567950,0.240633322,0.258073319,0.001346236
4295,2020-06-27 23:00:00,0.000000000,0.191943066,0.229007660,0.232568500,0.240633975,0.258074250,0.003385065
4296,2020-06-28 00:00:00,0.000000000,0.191942845,0.229008940,0.232569884,0.240635619,0.258076590,0.000000000
4297,2020-06-28 01:00:00,0.000000000,0.191943095,0.229007489,0.232568316,0.240633757,0.258073938,0.000000000
4298,2020-06-28 02:00:00,0.000000000,0.191943450,0.229005429,0.232566089,0.240631111,0.258070172,0.000000000
4299,2020-06-28 03:00:00,0.000000000,0.191943672,0.229004147,0.232564703,0.240629464,0.258067827,0.000000000
4300,2020-06-28 04:00:00,0.000000000,0.191943888,0.229002892,0.232563346,0.240627853,0.258065533,0.000000000
4301,2020-06-28 05:00:00,0.000000000,0.191944053,0.229001936,0.232562313,0.240626626,0.258063785,0.000000000
4302,2020-06-28 06:00:00,0.000000000,0.191944450,0.228999634,0.232559824,0.240623670,0.258059577,0.000000000
4303,2020-06-28 07:00:00,0.000000000,0.191944805,0.228997577,0.232557601,0.240621029,0.258055817,0.000000000
4304,2020-06-28 08:00:00,0.000000000,0.191945136,0.228995657,0.232555525,0.240618563,0.258052306,0.000000000
4305,2020-06-28 09:00:00,0.000000000,0.191945420,0.228994011,0.232553746,0.240616450,0.258049298,0.000000000
4306,2020-06-28 10:00:00,0.000000000,0.191945665,0.228992590,0.232552210,0.240614625,0.258046700,0.000000000
4307,2020-06-28 11:00:00,0.000000000,0.191945732,0.228992197,0.232551785,0.240614120,0.258045982,0.004152508
4308,2020-06-28 12:00:00,0.000000000,0.191945462,0.228993768,0.232553482,0.240616136,0.258048852,0.008738006
4309,2020-06-28 13:00:00,0.000000000,0.191944892,0.228997071,0.232557053,0.240620378,0.258054891,0.012865304
4310,2020-06-28 14:00:00,0.000000000,0.191944053,0.229001934,0.232562310,0.240626622,0.258063781,0.012818087
4311,2020-06-28 15:00:00,0.000000000,0.191943423,0.229005588,0.232566261,0.240631315,0.258070463,0.003382132
4312,2020-06-28 16:00:00,0.000000000,0.191946699,0.228986594,0.232545728,0.240606926,0.258035739,0.000000000
4313,2020-06-28 17:00:00,0.000000000,0.191960967,0.228903770,0.232456200,0.240500601,0.257884434,0.000000000
4314,2020-06-28 18:00:00,0.000000000,0.191974832,0.228823147,0.232369061,0.240397143,0.257737315,0.000000000
4315,2020-06-28 19:00:00,0.000000000,0.191987702,0.228748188,0.232288054,0.240300991,0.257600678,0.000000000
4316,2020-06-28 20:00:00,0.000000000,0.191995898,0.228700386,0.232236399,0.240239691,0.257513614,0.000000000
4317,2020-06-28 21:00:00,0.000000000,0.191998653,0.228684313,0.232219031,0.240219083,0.257484353,0.000000000
4318,2020-06-28 22:00:00,0.000000000,0.192000362,0.228674331,0.232208246,0.240206286,0.257466185,0.231578980
4319,2020-06-28 23:00:00,0.000000000,0.191986113,0.228757449,0.232298062,0.240312868,0.257617551,0.221964962
4320,2020-06-29 00:00:00,0.000000000,0.191972688,0.228835622,0.232382544,0.240413149,0.257760069,0.000000000
4321,2020-06-29 01:00:00,0.000000000,0.191972770,0.228835150,0.232382034,0.240412543,0.257759207,5.009087135
4322,2020-06-29 02:00:00,0.000000000,0.191694702,0.230425741,0.234103052,0.242461371,0.260692748,0.000000000
4323,2020-06-29 03:00:00,0.000000000,0.191694973,0.230424219,0.234101403,0.242459403,0.260689909,0.000000000
4324,2020-06-29 04:00:00,0.000000000,0.191695205,0.230422912,0.234099988,0.242457713,0.260687472,0.000000000
4325,2020-06-29 05:00:00,0.000000000,0.191695281,0.230422488,0.234099528,0.242457164,0.260686681,0.000000000
4326,2020-06-29 06:00:00,0.000000000,0.191695349,0.230422104,0.234099112,0.242456667,0.260685964,0.000000000
4327,2020-06-29 07:00:00,0.000000000,0.191695641,0.230422104,0.234099112,0.242456667,0.260685964,0.000000000
4328,2020-06-29 08:00:00,0.000000000,0.191695646,0.230422104,0.234099112,0.242456667,0.260685964,0.000841298
4329,2020-06-29 09:00:00,0.000000000,0.191695315,0.230422104,0.234099112,0.242456667,0.260685964,0.003475350
4330,2020-06-29 10:00:00,0.000000000,0.191695112,0.230423439,0.234100558,0.242458393,0.260688454,0.004216420
4331,2020-06-29 11:00:00,0.000000000,0.191694831,0.230425019,0.234102269,0.242460437,0.260691401,0.012767336
4332,2020-06-29 12:00:00,0.000000000,0.191693980,0.230429801,0.234107450,0.242466621,0.260700320,0.008373655
4333,2020-06-29 13:00:00,0.000000000,0.191693422,0.230432938,0.234110848,0.242470679,0.260706171,0.002485686
4334,2020-06-29 14:00:00,0.000000000,0.191693257,0.230433870,0.234111857,0.242471883,0.260707909,0.000000000
4335,2020-06-29 15:00:00,0.000000000,0.191693832,0.230430635,0.234108353,0.242467699,0.260701875,0.000000000
4336,2020-06-29 16:00:00,0.000000000,0.191695395,0.230421847,0.234098833,0.242456335,0.260685485,0.000000000
4337,2020-06-29 17:00:00,0.000000000,0.191705145,0.230366974,0.234039395,0.242385384,0.260583194,0.115789490
4338,2020-06-29 18:00:00,0.000000000,0.191703335,0.230377164,0.234050433,0.242398559,0.260602185,0.640918358
4339,2020-06-29 19:00:00,0.000000000,0.191662367,0.230607240,0.234299684,0.242696191,0.261031673,1.338516370
4340,2020-06-29 20:00:00,0.000000000,0.191580095,0.231065862,0.234796778,0.243290506,0.261892022,9.766428229
4341,2020-06-29 21:00:00,0.000000000,0.191107773,0.233614248,0.237565094,0.246618516,0.266779722,1.688674058
4342,2020-06-29 22:00:00,0.000000000,0.191016859,0.234088939,0.238081926,0.247243354,0.267711162,0.000000000
4343,2020-06-29 23:00:00,0.000000000,0.191035535,0.233991826,0.237976160,0.247115394,0.267520047,0.000000000
4344,2020-06-30 00:00:00,0.000000000,0.191053589,0.233897754,0.237873723,0.246991506,0.267335194,0.000000000
4345,2020-06-30 01:00:00,0.000000000,0.191071347,0.233805036,0.237772774,0.246869461,0.267153264,0.000000000
4346,2020-06-30 02:00:00,0.000000000,0.191088543,0.233715068,0.237674833,0.246751093,0.266976979,0.000000000
4347,2020-06-30 03:00:00,0.000000000,0.191105163,0.233627946,0.237580003,0.246636524,0.266806504,0.000000000
4348,2020-06-30 04:00:00,0.000000000,0.191121275,0.233543330,0.237487912,0.246525301,0.266641150,0.000000000
4349,2020-06-30 05:00:00,0.000000000,0.191136906,0.233461089,0.237398418,0.246417247,0.266480645,0.137506620
4350,2020-06-30 06:00:00,0.000000000,0.191142750,0.233430303,0.237364920,0.246376812,0.266420615,0.299999999
4351,2020-06-30 07:00:00,0.000000000,0.191137608,0.233457389,0.237394392,0.246412388,0.266473429,0.000000000
4352,2020-06-30 08:00:00,0.000000000,0.191152688,0.233377901,0.237307905,0.246307998,0.266318497,0.000000000
4353,2020-06-30 09:00:00,0.000000000,0.191167228,0.233301129,0.237224382,0.246207216,0.266169037,0.722940581
4354,2020-06-30 10:00:00,0.000000000,0.191133749,0.233477711,0.237416506,0.246439083,0.266513070,0.504620550
4355,2020-06-30 11:00:00,0.000000000,0.191115297,0.233574744,0.237522100,0.246566588,0.266702514,0.001730324
4356,2020-06-30 12:00:00,0.000000000,0.191130827,0.233493088,0.237433238,0.246459284,0.266543071,0.001781243
4357,2020-06-30 13:00:00,0.000000000,0.191145891,0.233413749,0.237346909,0.246355071,0.266388346,0.200000017
4358,2020-06-30 14:00:00,0.000000000,0.191147207,0.233406809,0.237339357,0.246345957,0.266374820,0.191962964
4359,2020-06-30 15:00:00,0.000000000,0.191149037,0.233397160,0.237328859,0.246333287,0.266356018,0.227909212
4360,2020-06-30 16:00:00,0.000000000,0.191149132,0.233396660,0.237328315,0.246332630,0.266355044,0.000000000
4361,2020-06-30 17:00:00,0.000000000,0.191165717,0.233309112,0.237233067,0.246217694,0.266184570,0.000000000
4362,2020-06-30 18:00:00,0.000000000,0.191187602,0.233193332,0.237107124,0.246065778,0.265959475,0.000000000
4363,2020-06-30 19:00:00,0.000000000,0.191207252,0.233089130,0.236993794,0.245929131,0.265757228,0.000000000
4364,2020-06-30 20:00:00,0.000000000,0.191223170,0.233004542,0.236901808,0.245818259,0.265593283,0.000000000
4365,2020-06-30 21:00:00,0.000000000,0.191236288,0.232934716,0.236825885,0.245726775,0.265458109,0.628042284
4366,2020-06-30 22:00:00,0.000000000,0.191207816,0.233086134,0.236990535,0.245925202,0.265751417,1.016420663
4367,2020-06-30 23:00:00,0.000000000,0.191154978,0.233365819,0.237294760,0.246292135,0.266294965,0.700000083
4368,2020-07-01 00:00:00,0.000000000,0.191123605,0.233531078,0.237474580,0.246509201,0.266617227,0.000000000
4369,2020-07-01 01:00:00,0.000000000,0.191139241,0.233448790,0.237385035,0.246401092,0.266456659,0.000000000
4370,2020-07-01 02:00:00,0.000000000,0.191154341,0.233369179,0.237298416,0.246296547,0.266301509,0.000000000
4371,2020-07-01 03:00:00,0.000000000,0.191169106,0.233291206,0.237213588,0.246194193,0.266149732,0.000000000
4372,2020-07-01 04:00:00,0.000000000,0.191183388,0.233215652,0.237131402,0.246095057,0.266002838,0.000000000
4373,2020-07-01 05:00:00,0.000000000,0.191197324,0.233141806,0.237051082,0.245998198,0.265859427,0.000000000
4374,2020-07-01 06:00:00,0.000000000,0.191210782,0.233070386,0.236973410,0.245904558,0.265720881,0.000000000
4375,2020-07-01 07:00:00,0.000000000,0.191223740,0.233001509,0.236898511,0.245814285,0.265587409,0.000000000
4376,2020-07-01 08:00:00,0.000000000,0.191236374,0.232934254,0.236825384,0.245726170,0.265457216,0.000000000
4377,2020-07-01 09:00:00,0.000000000,0.191248577,0.232869204,0.236754660,0.245640973,0.265331416,0.000000000
4378,2020-07-01 10:00:00,0.000000000,0.191260398,0.232806099,0.236686059,0.245558351,0.265209497,0.000084820
4379,2020-07-01 11:00:00,0.000000000,0.191271724,0.232745556,0.236620248,0.245479109,0.265092636,0.003942290
4380,2020-07-01 12:00:00,0.000000000,0.191282457,0.232688111,0.236557810,0.245403944,0.264981853,0.004783641
4381,2020-07-01 13:00:00,0.000000000,0.191292817,0.232632594,0.236497474,0.245331326,0.264874880,0.005788883
4382,2020-07-01 14:00:00,0.000000000,0.191302804,0.232579013,0.236439246,0.245261257,0.264771720,0.004038255
4383,2020-07-01 15:00:00,0.000000000,0.191312613,0.232526322,0.236381990,0.245192373,0.264670357,0.001303630
4384,2020-07-01 16:00:00,0.000000000,0.191322712,0.232472014,0.236322981,0.245121394,0.264565964,0.000000000
4385,2020-07-01 17:00:00,0.000000000,0.191334638,0.232407795,0.236253210,0.245037488,0.264442631,0.000000000
4386,2020-07-01 18:00:00,0.000000000,0.191351828,0.232315077,0.236152487,0.244916395,0.264264774,2.627838990
4387,2020-07-01 19:00:00,0.000000000,0.191201305,0.233120692,0.237028118,0.245970511,0.265818452,0.319587787
4388,2020-07-01 20:00:00,0.000000000,0.191194048,0.233159174,0.237069972,0.246020975,0.265893142,0.209204455
4389,2020-07-01 21:00:00,0.000000000,0.191194278,0.233157960,0.237068651,0.246019383,0.265890784,0.000000000
4390,2020-07-01 22:00:00,0.000000000,0.191207739,0.233086544,0.236990981,0.245925739,0.265752211,0.078436502
4391,2020-07-01 23:00:00,0.000000000,0.191215600,0.233044790,0.236945574,0.245871006,0.265671263,6.264414651
4392,2020-07-02 00:00:00,0.000000000,0.190884245,0.234772600,0.238826938,0.248146055,0.269064827,3.640919067
4393,2020-07-02 01:00:00,0.000000000,0.190685362,0.235778936,0.239925017,0.249480915,0.271084357,1.375833131
4394,2020-07-02 02:00:00,0.000000000,0.190622637,0.236091717,0.240266664,0.249897307,0.271718775,0.168194278
4395,2020-07-02 03:00:00,0.000000000,0.190641932,0.235995733,0.240161804,0.249769451,0.271523744,0.000000000
4396,2020-07-02 04:00:00,0.000000000,0.190672806,0.235841722,0.239993583,0.249564441,0.271211446,0.000000000
4397,2020-07-02 05:00:00,0.000000000,0.190702766,0.235691762,0.239829828,0.249364991,0.270908116,0.000000000
4398,2020-07-02 06:00:00,0.000000000,0.190731623,0.235546852,0.239671622,0.249172414,0.270615700,0.000000000
4399,2020-07-02 07:00:00,0.000000000,0.190759183,0.235408014,0.239520079,0.248988048,0.270336179,0.000000000
4400,2020-07-02 08:00:00,0.000000000,0.190785978,0.235272626,0.239372334,0.248808401,0.270064207,0.000000000
4401,2020-07-02 09:00:00,0.000000000,0.190811997,0.235140767,0.239228470,0.248633562,0.269799891,0.000000000
4402,2020-07-02 10:00:00,0.000000000,0.190837111,0.235013128,0.239089237,0.248464438,0.269544564,0.000000000
4403,2020-07-02 11:00:00,0.000000000,0.190861261,0.234890049,0.238955005,0.248301468,0.269298851,0.003340271
4404,2020-07-02 12:00:00,0.000000000,0.190884342,0.234772101,0.238826394,0.248145394,0.269063833,0.008472074
4405,2020-07-02 13:00:00,0.000000000,0.190906368,0.234659259,0.238703371,0.247996170,0.268839400,0.007918529
4406,2020-07-02 14:00:00,0.000000000,0.190927765,0.234549374,0.238583593,0.247850943,0.268621232,0.009315039
4407,2020-07-02 15:00:00,0.000000000,0.190948823,0.234440965,0.238465444,0.247707751,0.268406364,0.000000000
4408,2020-07-02 16:00:00,0.000000000,0.190974077,0.234310616,0.238323410,0.247535691,0.268148496,0.000000000
4409,2020-07-02 17:00:00,0.000000000,0.191008991,0.234129787,0.238126417,0.247297196,0.267791634,0.000000000
4410,2020-07-02 18:00:00,0.000000000,0.191042619,0.233954937,0.237935989,0.247066806,0.267447528,0.000000000
4411,2020-07-02 19:00:00,0.000000000,0.191072894,0.233796946,0.237763967,0.246858816,0.267137403,0.000000000
4412,2020-07-02 20:00:00,0.000000000,0.191097422,0.233668543,0.237624190,0.246689905,0.266885913,0.000000000
4413,2020-07-02 21:00:00,0.000000000,0.191114681,0.233577980,0.237525621,0.246570840,0.266708836,0.000000000
4414,2020-07-02 22:00:00,0.000000000,0.191130702,0.233493750,0.237433959,0.246460155,0.266544365,0.001625873
4415,2020-07-02 23:00:00,0.000000000,0.191145779,0.233414338,0.237347549,0.246355844,0.266389494,0.008162898
4416,2020-07-03 00:00:00,0.000000000,0.191159965,0.233339497,0.237266123,0.246257579,0.266243710,0.004586932
4417,2020-07-03 01:00:00,0.000000000,0.191173969,0.233265490,0.237185614,0.246160447,0.266099716,0.004871625
4418,2020-07-03 02:00:00,0.000000000,0.191187538,0.233193674,0.237107496,0.246066226,0.265960139,0.009104421
4419,2020-07-03 03:00:00,0.000000000,0.191200418,0.233125399,0.237033237,0.245976683,0.265827585,0.012421390
4420,2020-07-03 04:00:00,0.000000000,0.191212692,0.233060238,0.236962374,0.245891256,0.265701207,0.009571981
4421,2020-07-03 05:00:00,0.000000000,0.191224794,0.232995901,0.236892413,0.245806937,0.265576549,0.012767525
4422,2020-07-03 06:00:00,0.000000000,0.191236323,0.232934528,0.236825681,0.245726528,0.265457745,0.011995083
4423,2020-07-03 07:00:00,0.000000000,0.191247563,0.232874615,0.236760543,0.245648058,0.265341876,0.011151021
4424,2020-07-03 08:00:00,0.000000000,0.191258527,0.232816096,0.236696926,0.245571438,0.265228804,0.008167571
4425,2020-07-03 09:00:00,0.000000000,0.191269367,0.232758167,0.236633955,0.245495612,0.265116969,0.009680217
4426,2020-07-03 10:00:00,0.000000000,0.191279785,0.232702421,0.236573363,0.245422666,0.265009440,0.014972265
4427,2020-07-03 11:00:00,0.000000000,0.191289542,0.232650151,0.236516555,0.245354288,0.264908700,0.008226531
4428,2020-07-03 12:00:00,0.000000000,0.191299542,0.232596522,0.236458273,0.245284151,0.264805421,0.006633086
4429,2020-07-03 13:00:00,0.000000000,0.191311507,0.232532267,0.236388450,0.245200144,0.264681789,0.000000000
4430,2020-07-03 14:00:00,0.000000000,0.191327343,0.232447086,0.236295897,0.245088820,0.264518076,0.000000000
4431,2020-07-03 15:00:00,0.000000000,0.191343407,0.232360522,0.236201854,0.244975740,0.264351919,0.000000000
4432,2020-07-03 16:00:00,0.000000000,0.191361292,0.232263946,0.236096949,0.244849642,0.264166797,0.000000000
4433,2020-07-03 17:00:00,0.000000000,0.191378167,0.232172643,0.235997785,0.244730485,0.263992026,0.110290183
4434,2020-07-03 18:00:00,0.000000000,0.191383920,0.232141473,0.235963935,0.244689820,0.263932417,0.000000000
4435,2020-07-03 19:00:00,0.000000000,0.191398734,0.232061121,0.235876679,0.244585018,0.263778874,1.979129820
4436,2020-07-03 20:00:00,0.000000000,0.191285399,0.232672352,0.236540683,0.245383329,0.264951479,3.382935915
4437,2020-07-03 21:00:00,0.000000000,0.191094933,0.233681589,0.237638391,0.246707061,0.266911442,0.000000000
4438,2020-07-03 22:00:00,0.000000000,0.191112711,0.233588324,0.237536880,0.246584438,0.266729050,0.000000000
4439,2020-07-03 23:00:00,0.000000000,0.191130036,0.233497251,0.237437768,0.246464754,0.266551195,0.000000000
4440,2020-07-04 00:00:00,0.000000000,0.191146576,0.233410135,0.237342976,0.246350325,0.266381303,0.000000000
4441,2020-07-04 01:00:00,0.000000000,0.191162565,0.233325766,0.237251184,0.246239554,0.266216981,0.000000000
4442,2020-07-04 02:00:00,0.000000000,0.191178051,0.233243896,0.237162124,0.246132112,0.266057731,0.000000000
4443,2020-07-04 03:00:00,0.000000000,0.191193102,0.233164190,0.237075427,0.246027554,0.265902880,0.000000000
4444,2020-07-04 04:00:00,0.000000000,0.191207672,0.233086901,0.236991370,0.245926208,0.265752904,0.000000000
4445,2020-07-04 05:00:00,0.000000000,0.191221574,0.233013031,0.236911040,0.245829385,0.265609728,0.000000000
4446,2020-07-04 06:00:00,0.000000000,0.191234872,0.232942257,0.236834084,0.245736653,0.265472701,0.000000000
4447,2020-07-04 07:00:00,0.000000000,0.191247557,0.232874646,0.236760576,0.245648098,0.265341935,0.000000000
4448,2020-07-04 08:00:00,0.000000000,0.191259758,0.232809522,0.236689780,0.245562832,0.265216108,0.000000000
4449,2020-07-04 09:00:00,0.000000000,0.191271477,0.232746880,0.236621687,0.245480841,0.265095190,0.000000000
4450,2020-07-04 10:00:00,0.000000000,0.191282837,0.232686077,0.236555600,0.245401283,0.264977932,0.000000000
4451,2020-07-04 11:00:00,0.000000000,0.191293752,0.232627580,0.236492024,0.245324767,0.264865222,0.000000000
4452,2020-07-04 12:00:00,0.000000000,0.191304488,0.232569970,0.236429419,0.245249434,0.264754318,0.000000000
4453,2020-07-04 13:00:00,0.000000000,0.191315235,0.232512229,0.236366677,0.245173952,0.264643259,0.000000000
4454,2020-07-04 14:00:00,0.000000000,0.191326629,0.232450932,0.236300075,0.245093845,0.264525463,0.000000000
4455,2020-07-04 15:00:00,0.000000000,0.191342678,0.232364453,0.236206125,0.244980875,0.264359460,0.000000000
4456,2020-07-04 16:00:00,0.000000000,0.191363652,0.232251192,0.236083096,0.244832993,0.264142370,0.000000000
4457,2020-07-04 17:00:00,0.000000000,0.191385614,0.232132293,0.235953966,0.244677844,0.263914866,0.000000000
4458,2020-07-04 18:00:00,0.000000000,0.191406107,0.232021073,0.235833194,0.244532800,0.263702416,0.000000000
4459,2020-07-04 19:00:00,0.000000000,0.191425924,0.231913266,0.235716150,0.244392289,0.263496822,0.000000000
4460,2020-07-04 20:00:00,0.000000000,0.191440261,0.231835115,0.235631314,0.244290478,0.263347986,0.000000000
4461,2020-07-04 21:00:00,0.000000000,0.191447221,0.231797129,0.235590081,0.244241006,0.263275705,0.000000000
4462,2020-07-04 22:00:00,0.000000000,0.191453842,0.231760959,0.235550823,0.244193908,0.263206917,0.000000000
4463,2020-07-04 23:00:00,0.000000000,0.191460015,0.231727219,0.235514203,0.244149983,0.263142783,0.000000000
4464,2020-07-05 00:00:00,0.000000000,0.191466353,0.231692546,0.235476574,0.244104851,0.263076910,0.000000000
4465,2020-07-05 01:00:00,0.000000000,0.191472083,0.231661174,0.235442528,0.244064023,0.263017336,0.000000000
4466,2020-07-05 02:00:00,0.000000000,0.191477486,0.231631579,0.235410413,0.244025513,0.262961163,0.000000000
4467,2020-07-05 03:00:00,0.000000000,0.191482842,0.231602216,0.235378550,0.243987312,0.262905453,0.000000000
4468,2020-07-05 04:00:00,0.000000000,0.191488073,0.231573527,0.235347420,0.243949992,0.262851045,0.000280969
4469,2020-07-05 05:00:00,0.000000000,0.191492707,0.231548093,0.235319823,0.243916910,0.262802828,0.000420490
4470,2020-07-05 06:00:00,0.000000000,0.191497198,0.231523435,0.235293069,0.243884843,0.262756101,0.001317785
4471,2020-07-05 07:00:00,0.000000000,0.191501499,0.231499805,0.235267432,0.243854117,0.262711338,0.001600222
4472,2020-07-05 08:00:00,0.000000000,0.191505656,0.231476952,0.235242638,0.243824404,0.262668061,0.003833531
4473,2020-07-05 09:00:00,0.000000000,0.191509546,0.231455560,0.235219430,0.243796593,0.262627563,0.004153803
4474,2020-07-05 10:00:00,0.000000000,0.191513303,0.231434894,0.235197011,0.243769730,0.262588453,0.006260729
4475,2020-07-05 11:00:00,0.000000000,0.191516811,0.231415581,0.235176059,0.243744628,0.262551912,0.006492757
4476,2020-07-05 12:00:00,0.000000000,0.191520368,0.231395995,0.235154812,0.243719173,0.262514866,0.000693237
4477,2020-07-05 13:00:00,0.000000000,0.191526091,0.231364465,0.235120610,0.243678202,0.262455252,0.000000000
4478,2020-07-05 14:00:00,0.000000000,0.191534999,0.231315342,0.235067327,0.243614381,0.262362427,0.000000000
4479,2020-07-05 15:00:00,0.000000000,0.191546732,0.231250565,0.234997070,0.243530249,0.262240125,0.000000000
4480,2020-07-05 16:00:00,0.000000000,0.191562669,0.231162424,0.234901484,0.243415815,0.262073893,0.000000000
4481,2020-07-05 17:00:00,0.000000000,0.191581153,0.231059995,0.234790418,0.243282896,0.261880982,0.000000000
4482,2020-07-05 18:00:00,0.000000000,0.191598062,0.230966091,0.234688610,0.243161099,0.261704376,0.000000000
4483,2020-07-05 19:00:00,0.000000000,0.191613326,0.230881163,0.234596546,0.243050995,0.261544857,0.000000000
4484,2020-07-05 20:00:00,0.000000000,0.191620862,0.230839172,0.234551031,0.242996574,0.261466058,0.000000000
4485,2020-07-05 21:00:00,0.000000000,0.191623052,0.230826965,0.234537800,0.242980755,0.261443159,0.000000000
4486,2020-07-05 22:00:00,0.000000000,0.191624606,0.230818301,0.234528409,0.242969528,0.261426909,0.000000000
4487,2020-07-05 23:00:00,0.000000000,0.191625347,0.230814164,0.234523925,0.242964168,0.261419151,0.004731176
4488,2020-07-06 00:00:00,0.000000000,0.191625722,0.230812073,0.234521660,0.242961459,0.261415230,0.010343696
4489,2020-07-06 01:00:00,0.000000000,0.191625716,0.230812073,0.234521660,0.242961459,0.261415230,0.012634565
4490,2020-07-06 02:00:00,0.000000000,0.191625571,0.230812917,0.234522574,0.242962551,0.261416812,0.008967982
4491,2020-07-06 03:00:00,0.000000000,0.191625664,0.230812400,0.234522013,0.242961881,0.261415842,0.009215508
4492,2020-07-06 04:00:00,0.000000000,0.191625738,0.230811987,0.234521566,0.242961347,0.261415068,0.007357488
4493,2020-07-06 05:00:00,0.000000000,0.191625931,0.230810912,0.234520401,0.242959954,0.261413052,0.008198528
4494,2020-07-06 06:00:00,0.000000000,0.191626063,0.230810173,0.234519600,0.242958997,0.261411667,0.008681929
4495,2020-07-06 07:00:00,0.000000000,0.191626160,0.230809631,0.234519012,0.242958294,0.261410650,0.008858839
4496,2020-07-06 08:00:00,0.000000000,0.191626243,0.230809169,0.234518511,0.242957695,0.261409783,0.008105862
4497,2020-07-06 09:00:00,0.000000000,0.191626373,0.230808446,0.234517728,0.242956759,0.261408428,0.007789757
4498,2020-07-06 10:00:00,0.000000000,0.191626519,0.230807630,0.234516843,0.242955701,0.261406897,0.009490381
4499,2020-07-06 11:00:00,0.000000000,0.191626704,0.230807630,0.234516843,0.242955701,0.261406897,0.011684547
4500,2020-07-06 12:00:00,0.000000000,0.191626438,0.230808079,0.234517330,0.242956283,0.261407740,0.004129541
4501,2020-07-06 13:00:00,0.000000000,0.191629437,0.230791352,0.234499201,0.242934611,0.261376377,0.000000000
4502,2020-07-06 14:00:00,0.000000000,0.191636409,0.230752430,0.234457018,0.242884189,0.261303429,0.000000000
4503,2020-07-06 15:00:00,0.000000000,0.191647655,0.230689586,0.234388914,0.242802800,0.261185734,0.000000000
4504,2020-07-06 16:00:00,0.000000000,0.191662532,0.230606315,0.234298682,0.242694994,0.261029945,0.000000000
4505,2020-07-06 17:00:00,0.000000000,0.191678838,0.230514878,0.234199615,0.242576668,0.260859090,0.000000000
4506,2020-07-06 18:00:00,0.000000000,0.191693249,0.230433916,0.234111907,0.242471943,0.260707995,0.000000000
4507,2020-07-06 19:00:00,0.000000000,0.191705840,0.230363060,0.234035156,0.242380325,0.260575902,0.000000000
4508,2020-07-06 20:00:00,0.000000000,0.191716147,0.230304981,0.233972252,0.242305252,0.260467729,0.000000000
4509,2020-07-06 21:00:00,0.000000000,0.191718616,0.230291057,0.233957171,0.242287256,0.260441806,0.000000000
4510,2020-07-06 22:00:00,0.000000000,0.191720011,0.230283187,0.233948648,0.242277087,0.260427160,0.057894745
4511,2020-07-06 23:00:00,0.000000000,0.191717285,0.230298565,0.233965302,0.242296960,0.260455783,0.000000000
4512,2020-07-07 00:00:00,0.000000000,0.191718166,0.230293595,0.233959920,0.242290537,0.260446531,0.338568623
4513,2020-07-07 01:00:00,0.000000000,0.191696739,0.230414286,0.234090643,0.242446557,0.260671385,0.000000000
4514,2020-07-07 02:00:00,0.000000000,0.191697559,0.230409674,0.234085647,0.242440593,0.260662786,0.000000000
4515,2020-07-07 03:00:00,0.000000000,0.191698353,0.230405208,0.234080810,0.242434819,0.260654460,0.000000000
4516,2020-07-07 04:00:00,0.000000000,0.191699134,0.230400809,0.234076045,0.242429131,0.260646259,0.000000000
4517,2020-07-07 05:00:00,0.000000000,0.191699681,0.230397735,0.234072715,0.242425155,0.260640527,0.000000000
4518,2020-07-07 06:00:00,0.000000000,0.191700447,0.230393423,0.234068045,0.242419581,0.260632490,0.000000000
4519,2020-07-07 07:00:00,0.000000000,0.191701124,0.230389614,0.234063918,0.242414655,0.260625389,0.000000000
4520,2020-07-07 08:00:00,0.000000000,0.191701777,0.230385935,0.234059933,0.242409899,0.260618531,0.000000000
4521,2020-07-07 09:00:00,0.000000000,0.191702308,0.230382950,0.234056700,0.242406040,0.260612968,0.000000000
4522,2020-07-07 10:00:00,0.000000000,0.191702809,0.230380129,0.234053645,0.242402392,0.260607710,0.000000000
4523,2020-07-07 11:00:00,0.000000000,0.191703243,0.230377684,0.234050997,0.242399231,0.260603154,0.000000000
4524,2020-07-07 12:00:00,0.000000000,0.191703417,0.230376704,0.234049935,0.242397965,0.260601328,0.000000000
4525,2020-07-07 13:00:00,0.000000000,0.191703606,0.230376704,0.234049935,0.242397965,0.260601328,0.000000000
4526,2020-07-07 14:00:00,0.000000000,0.191704118,0.230372756,0.234045659,0.242392860,0.260593971,0.000000000
4527,2020-07-07 15:00:00,0.000000000,0.191706480,0.230359457,0.234031254,0.242375667,0.260569189,0.000000000
4528,2020-07-07 16:00:00,0.000000000,0.191718140,0.230293744,0.233960081,0.242290729,0.260446809,0.000000000
4529,2020-07-07 17:00:00,0.000000000,0.191732326,0.230213665,0.233873358,0.242187261,0.260297828,0.000000000
4530,2020-07-07 18:00:00,0.000000000,0.191746187,0.230135293,0.233788493,0.242086038,0.260152187,0.000000000
4531,2020-07-07 19:00:00,0.000000000,0.191755787,0.230080936,0.233729639,0.242015856,0.260051268,0.000000000
4532,2020-07-07 20:00:00,0.000000000,0.191762206,0.230044550,0.233690245,0.241968887,0.259983757,0.000000000
4533,2020-07-07 21:00:00,0.000000000,0.191764861,0.230029496,0.233673947,0.241949457,0.259955836,0.000000000
4534,2020-07-07 22:00:00,0.000000000,0.191766427,0.230020612,0.233664329,0.241937991,0.259939361,0.000000000
4535,2020-07-07 23:00:00,0.000000000,0.191767209,0.230016174,0.233659524,0.241932263,0.259931131,0.000000000
4536,2020-07-08 00:00:00,0.000000000,0.191767730,0.230013218,0.233656324,0.241928449,0.259925651,0.000000000
4537,2020-07-08 01:00:00,0.000000000,0.191768483,0.230008945,0.233651698,0.241922934,0.259917728,0.000000000
4538,2020-07-08 02:00:00,0.000000000,0.191768964,0.230006219,0.233648747,0.241919417,0.259912675,0.000000000
4539,2020-07-08 03:00:00,0.000000000,0.191769128,0.230005287,0.233647739,0.241918215,0.259910948,0.001534798
4540,2020-07-08 04:00:00,0.000000000,0.191769026,0.230005864,0.233648363,0.241918959,0.259912017,0.003138344
4541,2020-07-08 05:00:00,0.000000000,0.191768818,0.230007043,0.233649640,0.241920481,0.259914203,0.003137723
4542,2020-07-08 06:00:00,0.000000000,0.191768611,0.230008222,0.233650916,0.241922002,0.259916389,0.003887973
4543,2020-07-08 07:00:00,0.000000000,0.191768353,0.230009683,0.233652497,0.241923887,0.259919097,0.005232602
4544,2020-07-08 08:00:00,0.000000000,0.191768007,0.230011649,0.233654626,0.241926424,0.259922742,0.004640501
4545,2020-07-08 09:00:00,0.000000000,0.191767699,0.230013392,0.233656513,0.241928674,0.259925975,0.004762061
4546,2020-07-08 10:00:00,0.000000000,0.191767384,0.230015181,0.233658450,0.241930983,0.259929292,0.006343386
4547,2020-07-08 11:00:00,0.000000000,0.191766964,0.230017564,0.233661030,0.241934059,0.259933710,0.005885783
4548,2020-07-08 12:00:00,0.000000000,0.191766574,0.230019776,0.233663423,0.241936912,0.259937810,0.022830051
4549,2020-07-08 13:00:00,0.000000000,0.191765669,0.230024910,0.233668982,0.241943539,0.259947332,0.020775114
4550,2020-07-08 14:00:00,0.000000000,0.191766114,0.230022386,0.233666250,0.241940281,0.259942652,0.004096866
4551,2020-07-08 15:00:00,0.000000000,0.191770739,0.229996145,0.233637842,0.241906417,0.259894001,0.000000000
4552,2020-07-08 16:00:00,0.000000000,0.191778699,0.229950939,0.233588905,0.241848089,0.259810230,0.000000000
4553,2020-07-08 17:00:00,0.000000000,0.191788253,0.229896630,0.233530118,0.241778033,0.259709662,0.000000000
4554,2020-07-08 18:00:00,0.000000000,0.191801762,0.229819728,0.233446883,0.241678866,0.259567387,0.000000000
4555,2020-07-08 19:00:00,0.000000000,0.191813677,0.229751793,0.233373361,0.241591293,0.259441828,0.000000000
4556,2020-07-08 20:00:00,0.000000000,0.191821653,0.229706259,0.233324086,0.241532613,0.259357739,0.000000000
4557,2020-07-08 21:00:00,0.000000000,0.191825234,0.229685806,0.233301954,0.241506258,0.259319984,0.000000000
4558,2020-07-08 22:00:00,0.000000000,0.191825787,0.229682644,0.233298533,0.241502185,0.259314149,0.000000000
4559,2020-07-08 23:00:00,0.000000000,0.191826199,0.229680289,0.233295984,0.241499151,0.259309802,0.000000000
4560,2020-07-09 00:00:00,0.000000000,0.191826299,0.229679716,0.233295364,0.241498413,0.259308745,0.005213764
4561,2020-07-09 01:00:00,0.000000000,0.191825956,0.229681679,0.233297488,0.241500941,0.259312368,0.010555148
4562,2020-07-09 02:00:00,0.000000000,0.191825261,0.229685652,0.233301787,0.241506060,0.259319700,0.015991023
4563,2020-07-09 03:00:00,0.000000000,0.191824207,0.229691670,0.233308299,0.241513814,0.259330807,0.017789436
4564,2020-07-09 04:00:00,0.000000000,0.191823036,0.229698363,0.233315542,0.241522438,0.259343162,0.013945931
4565,2020-07-09 05:00:00,0.000000000,0.191822117,0.229703611,0.233321221,0.241529201,0.259352850,0.017854499
4566,2020-07-09 06:00:00,0.000000000,0.191820941,0.229710329,0.233328490,0.241537857,0.259365252,0.019913567
4567,2020-07-09 07:00:00,0.000000000,0.191819629,0.229717820,0.233336597,0.241547510,0.259379084,0.014631076
4568,2020-07-09 08:00:00,0.000000000,0.191818665,0.229723325,0.233342554,0.241554604,0.259389249,0.017283551
4569,2020-07-09 09:00:00,0.000000000,0.191817526,0.229729827,0.233349590,0.241562983,0.259401256,0.016467862
4570,2020-07-09 10:00:00,0.000000000,0.191816440,0.229736023,0.233356295,0.241570967,0.259412698,0.013766936
4571,2020-07-09 11:00:00,0.000000000,0.191815533,0.229741202,0.233361900,0.241577642,0.259422264,0.005017017
4572,2020-07-09 12:00:00,0.000000000,0.191815202,0.229743090,0.233363943,0.241580076,0.259425752,0.011956550
4573,2020-07-09 13:00:00,0.000000000,0.191816642,0.229734874,0.233355051,0.241569487,0.259410576,0.005276906
4574,2020-07-09 14:00:00,0.000000000,0.191821770,0.229705590,0.233323362,0.241531750,0.259356503,0.000000000
4575,2020-07-09 15:00:00,0.000000000,0.191831336,0.229650927,0.233264213,0.241461324,0.259255627,0.000000000
4576,2020-07-09 16:00:00,0.000000000,0.191845303,0.229570997,0.233177731,0.241358377,0.259108259,0.000000000
4577,2020-07-09 17:00:00,0.000000000,0.191861114,0.229480343,0.233079659,0.241241669,0.258941318,0.000000000
4578,2020-07-09 18:00:00,0.000000000,0.191877335,0.229387164,0.232978869,0.241121764,0.258769947,0.000000000
4579,2020-07-09 19:00:00,0.000000000,0.191891328,0.229306626,0.232891762,0.241018170,0.258622002,0.000000000
4580,2020-07-09 20:00:00,0.000000000,0.191900702,0.229252600,0.232833335,0.240948700,0.258522850,0.000000000
4581,2020-07-09 21:00:00,0.000000000,0.191905554,0.229224611,0.232803068,0.240912717,0.258471512,0.000000000
4582,2020-07-09 22:00:00,0.000000000,0.191907897,0.229211093,0.232788450,0.240895341,0.258446725,0.000000000
4583,2020-07-09 23:00:00,0.000000000,0.191910964,0.229193383,0.232769299,0.240872577,0.258414257,0.000000000
4584,2020-07-10 00:00:00,0.000000000,0.191911411,0.229190804,0.232766512,0.240869263,0.258409531,0.001774127
4585,2020-07-10 01:00:00,0.000000000,0.191911295,0.229191475,0.232767236,0.240870124,0.258410759,0.004372070
4586,2020-07-10 02:00:00,0.000000000,0.191911009,0.229193126,0.232769021,0.240872247,0.258413786,0.005287980
4587,2020-07-10 03:00:00,0.000000000,0.191910663,0.229195123,0.232771181,0.240874813,0.258417446,0.005075391
4588,2020-07-10 04:00:00,0.000000000,0.191910331,0.229197039,0.232773253,0.240877277,0.258420960,0.005409522
4589,2020-07-10 05:00:00,0.000000000,0.191909977,0.229199082,0.232775462,0.240879902,0.258424704,0.007664208
4590,2020-07-10 06:00:00,0.000000000,0.191909476,0.229201976,0.232778591,0.240883622,0.258430010,0.010604834
4591,2020-07-10 07:00:00,0.000000000,0.191908782,0.229205979,0.232782921,0.240888768,0.258437350,0.010891242
4592,2020-07-10 08:00:00,0.000000000,0.191908070,0.229210091,0.232787367,0.240894053,0.258444888,0.009629046
4593,2020-07-10 09:00:00,0.000000000,0.191907440,0.229213726,0.232791298,0.240898726,0.258451553,0.009698667
4594,2020-07-10 10:00:00,0.000000000,0.191906806,0.229217388,0.232795257,0.240903432,0.258458267,0.016586989
4595,2020-07-10 11:00:00,0.000000000,0.191905721,0.229223648,0.232802026,0.240911480,0.258469746,0.010088004
4596,2020-07-10 12:00:00,0.000000000,0.191905061,0.229227456,0.232806144,0.240916375,0.258476730,0.019220277
4597,2020-07-10 13:00:00,0.000000000,0.191904952,0.229228085,0.232806825,0.240917184,0.258477884,0.003829048
4598,2020-07-10 14:00:00,0.000000000,0.191908836,0.229205670,0.232782586,0.240888370,0.258436782,0.000000000
4599,2020-07-10 15:00:00,0.000000000,0.191917453,0.229155904,0.232728774,0.240824410,0.258345574,0.000000000
4600,2020-07-10 16:00:00,0.000000000,0.191929916,0.229083825,0.232650842,0.240731800,0.258213582,0.000000000
4601,2020-07-10 17:00:00,0.000000000,0.191943800,0.229003403,0.232563898,0.240628509,0.258066466,0.000000000
4602,2020-07-10 18:00:00,0.000000000,0.191955816,0.228933690,0.232488540,0.240539005,0.257939072,0.173684222
4603,2020-07-10 19:00:00,0.000000000,0.191949909,0.228967970,0.232525595,0.240583013,0.258001701,0.115789490
4604,2020-07-10 20:00:00,0.000000000,0.191945776,0.228991948,0.232551515,0.240613800,0.258045525,0.195398590
4605,2020-07-10 21:00:00,0.000000000,0.191936040,0.229048369,0.232612509,0.240686256,0.258148702,0.115789490
4606,2020-07-10 22:00:00,0.000000000,0.191929734,0.229084882,0.232651984,0.240733157,0.258215516,0.057894745
4607,2020-07-10 23:00:00,0.000000000,0.191927470,0.229097981,0.232666147,0.240749986,0.258239495,0.000000000
4608,2020-07-11 00:00:00,0.000000000,0.191928001,0.229094906,0.232662822,0.240746035,0.258233865,0.115789490
4609,2020-07-11 01:00:00,0.000000000,0.191921020,0.229135286,0.232706481,0.240797916,0.258307805,0.115789490
4610,2020-07-11 02:00:00,0.000000000,0.191913516,0.229178646,0.232753365,0.240853637,0.258387246,0.000000000
4611,2020-07-11 03:00:00,0.000000000,0.191913934,0.229176232,0.232750754,0.240850534,0.258382822,0.000000000
4612,2020-07-11 04:00:00,0.000000000,0.191914421,0.229173417,0.232747710,0.240846916,0.258377663,0.057894745
4613,2020-07-11 05:00:00,0.000000000,0.191911010,0.229193116,0.232769011,0.240872235,0.258413769,0.173684222
4614,2020-07-11 06:00:00,0.000000000,0.191900175,0.229255641,0.232836623,0.240952610,0.258528429,0.000000000
4615,2020-07-11 07:00:00,0.000000000,0.191900841,0.229251800,0.232832470,0.240947672,0.258521383,0.000000000
4616,2020-07-11 08:00:00,0.000000000,0.191901410,0.229248516,0.232828919,0.240943450,0.258515359,0.000000000
4617,2020-07-11 09:00:00,0.000000000,0.191902329,0.229243215,0.232823186,0.240936635,0.258505635,0.000000000
4618,2020-07-11 10:00:00,0.000000000,0.191903106,0.229238738,0.232818345,0.240930879,0.258497422,0.000000000
4619,2020-07-11 11:00:00,0.000000000,0.191903215,0.229238109,0.232817664,0.240930070,0.258496269,0.000000000
4620,2020-07-11 12:00:00,0.000000000,0.191903404,0.229237017,0.232816483,0.240928666,0.258494265,0.000000000
4621,2020-07-11 13:00:00,0.000000000,0.191904129,0.229232834,0.232811961,0.240923289,0.258486594,0.000000000
4622,2020-07-11 14:00:00,0.000000000,0.191909454,0.229202105,0.232778732,0.240883789,0.258430247,0.000000000
4623,2020-07-11 15:00:00,0.000000000,0.191920271,0.229139617,0.232711163,0.240803480,0.258315737,0.000000000
4624,2020-07-11 16:00:00,0.000000000,0.191933462,0.229063297,0.232628648,0.240705430,0.258176015,0.000000000
4625,2020-07-11 17:00:00,0.000000000,0.191947581,0.228981479,0.232540198,0.240600358,0.258026389,0.000000000
4626,2020-07-11 18:00:00,0.000000000,0.191963199,0.228890802,0.232442183,0.240483957,0.257860760,0.000000000
4627,2020-07-11 19:00:00,0.000000000,0.191976634,0.228812660,0.232357728,0.240383689,0.257718190,0.000000000
4628,2020-07-11 20:00:00,0.000000000,0.191985185,0.228762857,0.232303906,0.240319805,0.257627406,0.000000000
4629,2020-07-11 21:00:00,0.000000000,0.191988866,0.228741403,0.232280722,0.240292288,0.257588316,0.000000000
4630,2020-07-11 22:00:00,0.000000000,0.191991102,0.228728366,0.232266633,0.240275569,0.257564567,0.000000000
4631,2020-07-11 23:00:00,0.000000000,0.191992262,0.228721602,0.232259324,0.240266895,0.257552248,0.000000000
4632,2020-07-12 00:00:00,0.000000000,0.191992970,0.228717468,0.232254857,0.240261595,0.257544720,0.000000000
4633,2020-07-12 01:00:00,0.000000000,0.191993259,0.228717468,0.232254857,0.240261595,0.257544720,0.000000000
4634,2020-07-12 02:00:00,0.000000000,0.191993197,0.228716144,0.232253427,0.240259897,0.257542309,0.000000000
4635,2020-07-12 03:00:00,0.000000000,0.191993381,0.228715071,0.232252267,0.240258521,0.257540355,0.000000000
4636,2020-07-12 04:00:00,0.000000000,0.191993710,0.228713154,0.232250195,0.240256062,0.257536863,0.001857089
4637,2020-07-12 05:00:00,0.000000000,0.191993589,0.228713857,0.232250956,0.240256965,0.257538144,0.003662193
4638,2020-07-12 06:00:00,0.000000000,0.191993352,0.228715244,0.232252455,0.240258743,0.257540670,0.006657431
4639,2020-07-12 07:00:00,0.000000000,0.191992919,0.228717766,0.232255179,0.240261976,0.257545262,0.008795687
4640,2020-07-12 08:00:00,0.000000000,0.191992348,0.228721097,0.232258778,0.240266248,0.257551328,0.009240379
4641,2020-07-12 09:00:00,0.000000000,0.191991748,0.228724596,0.232262560,0.240270735,0.257557701,0.006238935
4642,2020-07-12 10:00:00,0.000000000,0.191991343,0.228726958,0.232265113,0.240273765,0.257562004,0.005559415
4643,2020-07-12 11:00:00,0.000000000,0.191990982,0.228729064,0.232267388,0.240276465,0.257565839,0.000000000
4644,2020-07-12 12:00:00,0.000000000,0.191992221,0.228721841,0.232259583,0.240267202,0.257552684,0.000000000
4645,2020-07-12 13:00:00,0.000000000,0.191997221,0.228692666,0.232228057,0.240229792,0.257499559,0.000000000
4646,2020-07-12 14:00:00,0.000000000,0.192005748,0.228642880,0.232174262,0.240165966,0.257408953,0.000000000
4647,2020-07-12 15:00:00,0.000000000,0.192019286,0.228563721,0.232088738,0.240064517,0.257265017,0.000000000
4648,2020-07-12 16:00:00,0.000000000,0.192036618,0.228462186,0.231979052,0.239934446,0.257080621,0.000000000
4649,2020-07-12 17:00:00,0.000000000,0.192054346,0.228358104,0.231866632,0.239801180,0.256891862,0.000000000
4650,2020-07-12 18:00:00,0.000000000,0.192071827,0.228255241,0.231755543,0.239669540,0.256705575,0.000000000
4651,2020-07-12 19:00:00,0.000000000,0.192086949,0.228166086,0.231659272,0.239555496,0.256544321,0.000000000
4652,2020-07-12 20:00:00,0.000000000,0.192097943,0.228101160,0.231589171,0.239472476,0.256427012,0.000000000
4653,2020-07-12 21:00:00,0.000000000,0.192103038,0.228071039,0.231556652,0.239433969,0.256372624,0.000000000
4654,2020-07-12 22:00:00,0.000000000,0.192105026,0.228059282,0.231543959,0.239418940,0.256351400,0.000000000
4655,2020-07-12 23:00:00,0.000000000,0.192106716,0.228049286,0.231533167,0.239406164,0.256333359,0.000000000
4656,2020-07-13 00:00:00,0.000000000,0.192107593,0.228044094,0.231527563,0.239399528,0.256323989,0.000000000
4657,2020-07-13 01:00:00,0.000000000,0.192108551,0.228038429,0.231521446,0.239392287,0.256313766,0.000000000
4658,2020-07-13 02:00:00,0.000000000,0.192109047,0.228035491,0.231518275,0.239388532,0.256308465,0.000000000
4659,2020-07-13 03:00:00,0.000000000,0.192109715,0.228031537,0.231514007,0.239383479,0.256301331,0.000000000
4660,2020-07-13 04:00:00,0.000000000,0.192110024,0.228029709,0.231512034,0.239381143,0.256298033,0.000000000
4661,2020-07-13 05:00:00,0.000000000,0.192110114,0.228029175,0.231511457,0.239380460,0.256297069,0.001218959
4662,2020-07-13 06:00:00,0.000000000,0.192110036,0.228029639,0.231511957,0.239381053,0.256297905,0.002505018
4663,2020-07-13 07:00:00,0.000000000,0.192109875,0.228030592,0.231512986,0.239382270,0.256299624,0.004209118
4664,2020-07-13 08:00:00,0.000000000,0.192109605,0.228032193,0.231514714,0.239384316,0.256302513,0.005263359
4665,2020-07-13 09:00:00,0.000000000,0.192109266,0.228034194,0.231516875,0.239386875,0.256306125,0.005765755
4666,2020-07-13 10:00:00,0.000000000,0.192108896,0.228036387,0.231519243,0.239389678,0.256310082,0.006681391
4667,2020-07-13 11:00:00,0.000000000,0.192108466,0.228038928,0.231521986,0.239392925,0.256314667,0.292427126
4668,2020-07-13 12:00:00,0.000000000,0.192089855,0.228148934,0.231640753,0.239533562,0.256513321,0.005043069
4669,2020-07-13 13:00:00,0.000000000,0.192089785,0.228149348,0.231641199,0.239534091,0.256514069,0.003170273
4670,2020-07-13 14:00:00,0.000000000,0.192090992,0.228142221,0.231633504,0.239524977,0.256501190,0.000000000
4671,2020-07-13 15:00:00,0.000000000,0.192099504,0.228091936,0.231579212,0.239460683,0.256410354,0.000000000
4672,2020-07-13 16:00:00,0.000000000,0.192110729,0.228025535,0.231507527,0.239375808,0.256290501,0.000000000
4673,2020-07-13 17:00:00,0.000000000,0.192122189,0.227957653,0.231434250,0.239289067,0.256168085,0.030681077
4674,2020-07-13 18:00:00,0.000000000,0.192134113,0.227886921,0.231357903,0.239198715,0.256040647,0.000000000
4675,2020-07-13 19:00:00,0.000000000,0.192148093,0.227803854,0.231268252,0.239092646,0.255891139,0.000000000
4676,2020-07-13 20:00:00,0.000000000,0.192156771,0.227752216,0.231212525,0.239026728,0.255798280,0.000000000
4677,2020-07-13 21:00:00,0.000000000,0.192162073,0.227720640,0.231178452,0.238986430,0.255741531,0.030681077
4678,2020-07-13 22:00:00,0.000000000,0.192161344,0.227724983,0.231183139,0.238991973,0.255749336,0.000000000
4679,2020-07-13 23:00:00,0.000000000,0.192161913,0.227721598,0.231179486,0.238987653,0.255743253,0.000000000
4680,2020-07-14 00:00:00,0.000000000,0.192162292,0.227719337,0.231177046,0.238984767,0.255739190,0.000000000
4681,2020-07-14 01:00:00,0.000000000,0.192162652,0.227717195,0.231174735,0.238982034,0.255735342,0.000000000
4682,2020-07-14 02:00:00,0.000000000,0.192163040,0.227714881,0.231172237,0.238979081,0.255731183,0.000000000
4683,2020-07-14 03:00:00,0.000000000,0.192163534,0.227711935,0.231169059,0.238975322,0.255725891,0.000000000
4684,2020-07-14 04:00:00,0.000000000,0.192164108,0.227708518,0.231165371,0.238970961,0.255719751,0.000000000
4685,2020-07-14 05:00:00,0.000000000,0.192165182,0.227702120,0.231158468,0.238962797,0.255708258,0.000000000
4686,2020-07-14 06:00:00,0.000000000,0.192165947,0.227697557,0.231153545,0.238956975,0.255700062,0.000000000
4687,2020-07-14 07:00:00,0.000000000,0.192166519,0.227694146,0.231149863,0.238952622,0.255693934,0.000000000
4688,2020-07-14 08:00:00,0.000000000,0.192167521,0.227688177,0.231143423,0.238945006,0.255683213,0.000000000
4689,2020-07-14 09:00:00,0.000000000,0.192168689,0.227681213,0.231135908,0.238936120,0.255670705,0.000000000
4690,2020-07-14 10:00:00,0.000000000,0.192169226,0.227678012,0.231132455,0.238932036,0.255664957,0.000000000
4691,2020-07-14 11:00:00,0.000000000,0.192169382,0.227677078,0.231131446,0.238930844,0.255663279,0.000259115
4692,2020-07-14 12:00:00,0.000000000,0.192169473,0.227676535,0.231130861,0.238930152,0.255662305,0.000000000
4693,2020-07-14 13:00:00,0.000000000,0.192173944,0.227649868,0.231102087,0.238896129,0.255614424,0.000000000
4694,2020-07-14 14:00:00,0.000000000,0.192182267,0.227600184,0.231048481,0.238832754,0.255525261,0.000000000
4695,2020-07-14 15:00:00,0.000000000,0.192194047,0.227529772,0.230972518,0.238742964,0.255399002,0.000000000
4696,2020-07-14 16:00:00,0.000000000,0.192208891,0.227440900,0.230876650,0.238629677,0.255239809,0.000000000
4697,2020-07-14 17:00:00,0.000000000,0.192224360,0.227348108,0.230776566,0.238511446,0.255073796,0.000000000
4698,2020-07-14 18:00:00,0.000000000,0.192236315,0.227276268,0.230699089,0.238419945,0.254945404,0.258792616
4699,2020-07-14 19:00:00,0.000000000,0.192226981,0.227332367,0.230759589,0.238491394,0.255045652,0.000000000
4700,2020-07-14 20:00:00,0.000000000,0.192234669,0.227286168,0.230709766,0.238432553,0.254963091,0.000000000
4701,2020-07-14 21:00:00,0.000000000,0.192237907,0.227266693,0.230688764,0.238407752,0.254928302,0.000000000
4702,2020-07-14 22:00:00,0.000000000,0.192238711,0.227261859,0.230683551,0.238401597,0.254919668,0.000000000
4703,2020-07-14 23:00:00,0.000000000,0.192240043,0.227253846,0.230674909,0.238391393,0.254905357,0.000000000
4704,2020-07-15 00:00:00,0.000000000,0.192240870,0.227248866,0.230669540,0.238385053,0.254896466,0.000000000
4705,2020-07-15 01:00:00,0.000000000,0.192241387,0.227245758,0.230666188,0.238381095,0.254890915,0.000000000
4706,2020-07-15 02:00:00,0.000000000,0.192242050,0.227241767,0.230661884,0.238376013,0.254883788,0.000000000
4707,2020-07-15 03:00:00,0.000000000,0.192242785,0.227237346,0.230657117,0.238370385,0.254875896,0.000000000
4708,2020-07-15 04:00:00,0.000000000,0.192243419,0.227233528,0.230652999,0.238365523,0.254869079,0.000000000
4709,2020-07-15 05:00:00,0.000000000,0.192243723,0.227231700,0.230651028,0.238363195,0.254865815,0.000000000
4710,2020-07-15 06:00:00,0.000000000,0.192243970,0.227230212,0.230649423,0.238361301,0.254863158,0.000000000
4711,2020-07-15 07:00:00,0.000000000,0.192244111,0.227229360,0.230648505,0.238360217,0.254861639,0.000000000
4712,2020-07-15 08:00:00,0.000000000,0.192244424,0.227227482,0.230646479,0.238357825,0.254858285,0.000000000
4713,2020-07-15 09:00:00,0.000000000,0.192244783,0.227227482,0.230646479,0.238357825,0.254858285,0.000000000
4714,2020-07-15 10:00:00,0.000000000,0.192244824,0.227227482,0.230646479,0.238357825,0.254858285,0.003658873
4715,2020-07-15 11:00:00,0.000000000,0.192244255,0.227228499,0.230647577,0.238359121,0.254860101,0.000000000
4716,2020-07-15 12:00:00,0.000000000,0.192244746,0.227225538,0.230644383,0.238355351,0.254854815,0.000000000
4717,2020-07-15 13:00:00,0.000000000,0.192248233,0.227204542,0.230621743,0.238328621,0.254817339,0.000000000
4718,2020-07-15 14:00:00,0.000000000,0.192254617,0.227166079,0.230580269,0.238279661,0.254748714,0.000000000
4719,2020-07-15 15:00:00,0.000000000,0.192264377,0.227107212,0.230516799,0.238204747,0.254643752,0.000000000
4720,2020-07-15 16:00:00,0.000000000,0.192277033,0.227030772,0.230434389,0.238107500,0.254507575,0.000000000
4721,2020-07-15 17:00:00,0.000000000,0.192290090,0.226951778,0.230349235,0.238007042,0.254366994,0.000000000
4722,2020-07-15 18:00:00,0.000000000,0.192301780,0.226880944,0.230272885,0.237916992,0.254241058,0.000000000
4723,2020-07-15 19:00:00,0.000000000,0.192312786,0.226814154,0.230200901,0.237832110,0.254122417,0.000000000
4724,2020-07-15 20:00:00,0.000000000,0.192321353,0.226762107,0.230144810,0.237765984,0.254030035,0.000000000
4725,2020-07-15 21:00:00,0.000000000,0.192325420,0.226737375,0.230118159,0.237734568,0.253986160,0.000000000
4726,2020-07-15 22:00:00,0.000000000,0.192326350,0.226731715,0.230112060,0.237727379,0.253976121,0.000000000
4727,2020-07-15 23:00:00,0.000000000,0.192327091,0.226727207,0.230107201,0.237721652,0.253968124,0.000000000
4728,2020-07-16 00:00:00,0.000000000,0.192327742,0.226723246,0.230102934,0.237716622,0.253961101,0.000000000
4729,2020-07-16 01:00:00,0.000000000,0.192328489,0.226718707,0.230098042,0.237710856,0.253953050,0.000000000
4730,2020-07-16 02:00:00,0.000000000,0.192328830,0.226716627,0.230095801,0.237708215,0.253949363,0.000000000
4731,2020-07-16 03:00:00,0.000000000,0.192329586,0.226712027,0.230090844,0.237702372,0.253941204,0.000000000
4732,2020-07-16 04:00:00,0.000000000,0.192330085,0.226708990,0.230087571,0.237698514,0.253935819,0.000000000
4733,2020-07-16 05:00:00,0.000000000,0.192330923,0.226703890,0.230082076,0.237692038,0.253926777,0.000000000
4734,2020-07-16 06:00:00,0.000000000,0.192332101,0.226696723,0.230074353,0.237682936,0.253914071,0.000000000
4735,2020-07-16 07:00:00,0.000000000,0.192333592,0.226687641,0.230064567,0.237671402,0.253897971,0.000000000
4736,2020-07-16 08:00:00,0.000000000,0.192334517,0.226682012,0.230058501,0.237664253,0.253887992,0.000000000
4737,2020-07-16 09:00:00,0.000000000,0.192335403,0.226676614,0.230052685,0.237657400,0.253878426,0.000000000
4738,2020-07-16 10:00:00,0.000000000,0.192336202,0.226671748,0.230047441,0.237651220,0.253869801,0.000000000
4739,2020-07-16 11:00:00,0.000000000,0.192336573,0.226669491,0.230045010,0.237648354,0.253865802,0.000000000
4740,2020-07-16 12:00:00,0.000000000,0.192337027,0.226666723,0.230042027,0.237644840,0.253860896,0.000000000
4741,2020-07-16 13:00:00,0.000000000,0.192340395,0.226646203,0.230019917,0.237618784,0.253824536,0.000000000
4742,2020-07-16 14:00:00,0.000000000,0.192346808,0.226607108,0.229977795,0.237569152,0.253755290,0.000000000
4743,2020-07-16 15:00:00,0.000000000,0.192356333,0.226548980,0.229915170,0.237495373,0.253652398,0.000000000
4744,2020-07-16 16:00:00,0.000000000,0.192368073,0.226477234,0.229837880,0.237404337,0.253525506,0.000000000
4745,2020-07-16 17:00:00,0.000000000,0.192380558,0.226400822,0.229755571,0.237307413,0.253390490,0.000000000
4746,2020-07-16 18:00:00,0.000000000,0.192393101,0.226323928,0.229672752,0.237209914,0.253254757,0.000000000
4747,2020-07-16 19:00:00,0.000000000,0.192404033,0.226256808,0.229600467,0.237124836,0.253136386,0.000000000
4748,2020-07-16 20:00:00,0.000000000,0.192414182,0.226194410,0.229533274,0.237045768,0.253026437,0.000000000
4749,2020-07-16 21:00:00,0.000000000,0.192417796,0.226172170,0.229509327,0.237017592,0.252987269,0.000000000
4750,2020-07-16 22:00:00,0.000000000,0.192420706,0.226154256,0.229490038,0.236994899,0.252955728,0.000000000
4751,2020-07-16 23:00:00,0.000000000,0.192424122,0.226133220,0.229467387,0.236968252,0.252918699,0.000000000
4752,2020-07-17 00:00:00,0.000000000,0.192425949,0.226121963,0.229455267,0.236953995,0.252898889,0.000000000
4753,2020-07-17 01:00:00,0.000000000,0.192427173,0.226114423,0.229447148,0.236944445,0.252885620,0.000000000
4754,2020-07-17 02:00:00,0.000000000,0.192427922,0.226109807,0.229442178,0.236938599,0.252877498,0.000000000
4755,2020-07-17 03:00:00,0.000000000,0.192428344,0.226107205,0.229439377,0.236935303,0.252872920,0.000000000
4756,2020-07-17 04:00:00,0.000000000,0.192428825,0.226104240,0.229436184,0.236931548,0.252867703,0.000000000
4757,2020-07-17 05:00:00,0.000000000,0.192429125,0.226102388,0.229434190,0.236929203,0.252864445,0.000000000
4758,2020-07-17 06:00:00,0.000000000,0.192429617,0.226099355,0.229430925,0.236925362,0.252859110,0.000000000
4759,2020-07-17 07:00:00,0.000000000,0.192429958,0.226097256,0.229428665,0.236922703,0.252855416,0.000000000
4760,2020-07-17 08:00:00,0.000000000,0.192430227,0.226095596,0.229426877,0.236920601,0.252852496,0.000000000
4761,2020-07-17 09:00:00,0.000000000,0.192431004,0.226090806,0.229421720,0.236914535,0.252844070,0.000000000
4762,2020-07-17 10:00:00,0.000000000,0.192431817,0.226085795,0.229416325,0.236908190,0.252835256,0.000000000
4763,2020-07-17 11:00:00,0.000000000,0.192431911,0.226085217,0.229415703,0.236907457,0.252834239,4.745595788
4764,2020-07-17 12:00:00,0.000000000,0.192176535,0.227634405,0.231085403,0.238876404,0.255586668,0.493573873
4765,2020-07-17 13:00:00,0.000000000,0.192145523,0.227819138,0.231284746,0.239112158,0.255918634,0.389065829
4766,2020-07-17 14:00:00,0.000000000,0.192120930,0.227965118,0.231442307,0.239298605,0.256181541,0.000989225
4767,2020-07-17 15:00:00,0.000000000,0.192121023,0.227965118,0.231442307,0.239298605,0.256181541,0.000000000
4768,2020-07-17 16:00:00,0.000000000,0.192121398,0.227962343,0.231439312,0.239295059,0.256176539,0.000000000
4769,2020-07-17 17:00:00,0.000000000,0.192122758,0.227954280,0.231430609,0.239284758,0.256162005,0.000000000
4770,2020-07-17 18:00:00,0.000000000,0.192125615,0.227937343,0.231412327,0.239263121,0.256131480,0.000000000
4771,2020-07-17 19:00:00,0.000000000,0.192129779,0.227912644,0.231385667,0.239231570,0.256086978,0.000000000
4772,2020-07-17 20:00:00,0.000000000,0.192131965,0.227899668,0.231371660,0.239214995,0.256063603,0.000000000
4773,2020-07-17 21:00:00,0.000000000,0.192132448,0.227896803,0.231368569,0.239211336,0.256058444,0.000768166
4774,2020-07-17 22:00:00,0.000000000,0.192132141,0.227896803,0.231368569,0.239211336,0.256058444,0.002497067
4775,2020-07-17 23:00:00,0.000000000,0.192132239,0.227898046,0.231369910,0.239212924,0.256060683,0.005338195
4776,2020-07-18 00:00:00,0.000000000,0.192131896,0.227900078,0.231372104,0.239215519,0.256064343,0.004466741
4777,2020-07-18 01:00:00,0.000000000,0.192131610,0.227901778,0.231373939,0.239217691,0.256067405,0.004648709
4778,2020-07-18 02:00:00,0.000000000,0.192131312,0.227903548,0.231375849,0.239219951,0.256070592,0.010603961
4779,2020-07-18 03:00:00,0.000000000,0.192130632,0.227907583,0.231380204,0.239225105,0.256077861,0.011712031
4780,2020-07-18 04:00:00,0.000000000,0.192129881,0.227912040,0.231385015,0.239230798,0.256085890,0.012071389
4781,2020-07-18 05:00:00,0.000000000,0.192129106,0.227916633,0.231389973,0.239236665,0.256094164,0.013209106
4782,2020-07-18 06:00:00,0.000000000,0.192128259,0.227921659,0.231395397,0.239243085,0.256103219,0.015447132
4783,2020-07-18 07:00:00,0.000000000,0.192127268,0.227927536,0.231401741,0.239250592,0.256113808,0.014779570
4784,2020-07-18 08:00:00,0.000000000,0.192126320,0.227933158,0.231407810,0.239257775,0.256123939,0.012370694
4785,2020-07-18 09:00:00,0.000000000,0.192125527,0.227937865,0.231412890,0.239263787,0.256132420,0.011874285
4786,2020-07-18 10:00:00,0.000000000,0.192124765,0.227942383,0.231417766,0.239269558,0.256140562,0.012441133
4787,2020-07-18 11:00:00,0.000000000,0.192123967,0.227947116,0.231422875,0.239275605,0.256149092,0.006236213
4788,2020-07-18 12:00:00,0.000000000,0.192123567,0.227949489,0.231425437,0.239278636,0.256153369,0.013506855
4789,2020-07-18 13:00:00,0.000000000,0.192124112,0.227946257,0.231421948,0.239274507,0.256147543,0.005851586
4790,2020-07-18 14:00:00,0.000000000,0.192130309,0.227909495,0.231382268,0.239227547,0.256081305,0.000000000
4791,2020-07-18 15:00:00,0.000000000,0.192141624,0.227842309,0.231309754,0.239141744,0.255960331,0.000000000
4792,2020-07-18 16:00:00,0.000000000,0.192156418,0.227754319,0.231214795,0.239029413,0.255802061,0.000000000
4793,2020-07-18 17:00:00,0.000000000,0.192172928,0.227655930,0.231108628,0.238903863,0.255625307,0.000000000
4794,2020-07-18 18:00:00,0.000000000,0.192189061,0.227559591,0.231004687,0.238780986,0.255452458,0.000000000
4795,2020-07-18 19:00:00,0.000000000,0.192204241,0.227468759,0.230906701,0.238665185,0.255289692,0.000000000
4796,2020-07-18 20:00:00,0.000000000,0.192212804,0.227417445,0.230851351,0.238599788,0.255197828,0.000000000
4797,2020-07-18 21:00:00,0.000000000,0.192221490,0.227365336,0.230795147,0.238533393,0.255104603,0.000000000
4798,2020-07-18 22:00:00,0.000000000,0.192222398,0.227359886,0.230789269,0.238526450,0.255094856,0.000000000
4799,2020-07-18 23:00:00,0.000000000,0.192223427,0.227353712,0.230782610,0.238518584,0.255083815,0.000000000
4800,2020-07-19 00:00:00,0.000000000,0.192223798,0.227351482,0.230780205,0.238515743,0.255079828,0.000000000
4801,2020-07-19 01:00:00,0.000000000,0.192223909,0.227350816,0.230779486,0.238514895,0.255078637,0.002585271
4802,2020-07-19 02:00:00,0.000000000,0.192223744,0.227351803,0.230780551,0.238516153,0.255080402,0.004269802
4803,2020-07-19 03:00:00,0.000000000,0.192223473,0.227353434,0.230782310,0.238518230,0.255083318,0.006003747
4804,2020-07-19 04:00:00,0.000000000,0.192223091,0.227355727,0.230784783,0.238521151,0.255087418,0.007256824
4805,2020-07-19 05:00:00,0.000000000,0.192222629,0.227358498,0.230787772,0.238524681,0.255092373,0.007640812
4806,2020-07-19 06:00:00,0.000000000,0.192222143,0.227361415,0.230790918,0.238528398,0.255097591,0.005295760
4807,2020-07-19 07:00:00,0.000000000,0.192221806,0.227363438,0.230793099,0.238530974,0.255101207,0.005449230
4808,2020-07-19 08:00:00,0.000000000,0.192221460,0.227365518,0.230795344,0.238533625,0.255104929,0.005043965
4809,2020-07-19 09:00:00,0.000000000,0.192221139,0.227367445,0.230797421,0.238536079,0.255108373,0.004762426
4810,2020-07-19 10:00:00,0.000000000,0.192220836,0.227369263,0.230799382,0.238538396,0.255111626,0.008609129
4811,2020-07-19 11:00:00,0.000000000,0.192220288,0.227372550,0.230802928,0.238542584,0.255117505,0.005661957
4812,2020-07-19 12:00:00,0.000000000,0.192219928,0.227374712,0.230805259,0.238545338,0.255121372,0.013236561
4813,2020-07-19 13:00:00,0.000000000,0.192221578,0.227364812,0.230794581,0.238532725,0.255103665,0.008631757
4814,2020-07-19 14:00:00,0.000000000,0.192227825,0.227327298,0.230754123,0.238484937,0.255036592,0.000000000
4815,2020-07-19 15:00:00,0.000000000,0.192240772,0.227249458,0.230670178,0.238385807,0.254897523,0.000000000
4816,2020-07-19 16:00:00,0.000000000,0.192258706,0.227141427,0.230553689,0.238248286,0.254704748,0.000000000
4817,2020-07-19 17:00:00,0.000000000,0.192278196,0.227023740,0.230426808,0.238098555,0.254495055,0.000000000
4818,2020-07-19 18:00:00,0.000000000,0.192299066,0.226897397,0.230290618,0.237937905,0.254270298,0.000000000
4819,2020-07-19 19:00:00,0.000000000,0.192317550,0.226785215,0.230169714,0.237795341,0.254071044,0.000000000
4820,2020-07-19 20:00:00,0.000000000,0.192333124,0.226690493,0.230067639,0.237675023,0.253903026,0.000000000
4821,2020-07-19 21:00:00,0.000000000,0.192340260,0.226647024,0.230020802,0.237619827,0.253825991,0.000000000
4822,2020-07-19 22:00:00,0.000000000,0.192343081,0.226629832,0.230002279,0.237598000,0.253795536,0.000000000
4823,2020-07-19 23:00:00,0.000000000,0.192344706,0.226619926,0.229991605,0.237585424,0.253777989,0.000000000
4824,2020-07-20 00:00:00,0.000000000,0.192345909,0.226612590,0.229983701,0.237576111,0.253764997,0.000000000
4825,2020-07-20 01:00:00,0.000000000,0.192346688,0.226607838,0.229978581,0.237570079,0.253756583,0.000000000
4826,2020-07-20 02:00:00,0.000000000,0.192347221,0.226604588,0.229975080,0.237565953,0.253750828,0.000000000
4827,2020-07-20 03:00:00,0.000000000,0.192347568,0.226602473,0.229972801,0.237563268,0.253747082,0.000000000
4828,2020-07-20 04:00:00,0.000000000,0.192347860,0.226600692,0.229970882,0.237561007,0.253743929,0.007062408
4829,2020-07-20 05:00:00,0.000000000,0.192347416,0.226603401,0.229973801,0.237564446,0.253748726,0.003757792
4830,2020-07-20 06:00:00,0.000000000,0.192347179,0.226604842,0.229975354,0.237566276,0.253751278,0.004439099
4831,2020-07-20 07:00:00,0.000000000,0.192346900,0.226606545,0.229977188,0.237568437,0.253754293,0.004660757
4832,2020-07-20 08:00:00,0.000000000,0.192346621,0.226608249,0.229979024,0.237570601,0.253757311,0.004546101
4833,2020-07-20 09:00:00,0.000000000,0.192346335,0.226609993,0.229980903,0.237572815,0.253760399,1.237927188
4834,2020-07-20 10:00:00,0.000000000,0.192271581,0.227063714,0.230469903,0.238149405,0.254566245,0.003490804
4835,2020-07-20 11:00:00,0.000000000,0.192271360,0.227065050,0.230471343,0.238151104,0.254568624,0.445788174
4836,2020-07-20 12:00:00,0.000000000,0.192243543,0.227232785,0.230652198,0.238364577,0.254867752,0.013074868
4837,2020-07-20 13:00:00,0.000000000,0.192242730,0.227237676,0.230657472,0.238370804,0.254876484,0.007333075
4838,2020-07-20 14:00:00,0.000000000,0.192242487,0.227239135,0.230659046,0.238372662,0.254879090,0.000000000
4839,2020-07-20 15:00:00,0.000000000,0.192244233,0.227228632,0.230647719,0.238359289,0.254860337,0.000000000
4840,2020-07-20 16:00:00,0.000000000,0.192257758,0.227147140,0.230559849,0.238255558,0.254714937,0.000000000
4841,2020-07-20 17:00:00,0.000000000,0.192273604,0.227051496,0.230456731,0.238133862,0.254544482,0.000000000
4842,2020-07-20 18:00:00,0.000000000,0.192290347,0.226950219,0.230347555,0.238005059,0.254364221,0.000000000
4843,2020-07-20 19:00:00,0.000000000,0.192304562,0.226864072,0.230254700,0.237895546,0.254211076,0.000000000
4844,2020-07-20 20:00:00,0.000000000,0.192315340,0.226798642,0.230184183,0.237812400,0.254094876,0.000000000
4845,2020-07-20 21:00:00,0.000000000,0.192317931,0.226782901,0.230167220,0.237792401,0.254066937,0.000000000
4846,2020-07-20 22:00:00,0.000000000,0.192320034,0.226770120,0.230153445,0.237776163,0.254044253,0.000000000
4847,2020-07-20 23:00:00,0.000000000,0.192321690,0.226760053,0.230142597,0.237763375,0.254026391,0.000000000
4848,2020-07-21 00:00:00,0.000000000,0.192322659,0.226754162,0.230136249,0.237755891,0.254015939,0.000000000
4849,2020-07-21 01:00:00,0.000000000,0.192323600,0.226748445,0.230130088,0.237748629,0.254005797,0.000000000
4850,2020-07-21 02:00:00,0.000000000,0.192324147,0.226745116,0.230126500,0.237744400,0.253999891,0.000000000
4851,2020-07-21 03:00:00,0.000000000,0.192324598,0.226742371,0.230123543,0.237740914,0.253995022,0.000000000
4852,2020-07-21 04:00:00,0.000000000,0.192324917,0.226740434,0.230121455,0.237738453,0.253991585,0.000000000
4853,2020-07-21 05:00:00,0.000000000,0.192325298,0.226738118,0.230118959,0.237735511,0.253987477,0.000000000
4854,2020-07-21 06:00:00,0.000000000,0.192325554,0.226736557,0.230117277,0.237733528,0.253984708,0.000000000
4855,2020-07-21 07:00:00,0.000000000,0.192325959,0.226734093,0.230114622,0.237730399,0.253980339,0.000000000
4856,2020-07-21 08:00:00,0.000000000,0.192326253,0.226732306,0.230112696,0.237728128,0.253977168,0.000000000
4857,2020-07-21 09:00:00,0.000000000,0.192326479,0.226730933,0.230111216,0.237726384,0.253974733,0.000000000
4858,2020-07-21 10:00:00,0.000000000,0.192326664,0.226729805,0.230110001,0.237724952,0.253972733,0.000555576
4859,2020-07-21 11:00:00,0.000000000,0.192326440,0.226729805,0.230110001,0.237724952,0.253972733,0.000000000
4860,2020-07-21 12:00:00,0.000000000,0.192327080,0.226727278,0.230107278,0.237721742,0.253968250,0.000000000
4861,2020-07-21 13:00:00,0.000000000,0.192331027,0.226703260,0.230081397,0.237691237,0.253925660,0.000000000
4862,2020-07-21 14:00:00,0.000000000,0.192339228,0.226653313,0.230027578,0.237627813,0.253837134,0.000000000
4863,2020-07-21 15:00:00,0.000000000,0.192353810,0.226564381,0.229931761,0.237514918,0.253679650,0.000000000
4864,2020-07-21 16:00:00,0.000000000,0.192373067,0.226446686,0.229804973,0.237365584,0.253471513,0.000000000
4865,2020-07-21 17:00:00,0.000000000,0.192390438,0.226340259,0.229690340,0.237230617,0.253283572,0.000000000
4866,2020-07-21 18:00:00,0.000000000,0.192409893,0.226220790,0.229561681,0.237079193,0.253072909,0.000000000
4867,2020-07-21 19:00:00,0.000000000,0.192426644,0.226117678,0.229450653,0.236948568,0.252891348,0.000000000
4868,2020-07-21 20:00:00,0.000000000,0.192437598,0.226050137,0.229377935,0.236863038,0.252772550,0.000000000
4869,2020-07-21 21:00:00,0.000000000,0.192440850,0.226030060,0.229356321,0.236837620,0.252737257,0.000000000
4870,2020-07-21 22:00:00,0.000000000,0.192442031,0.226022774,0.229348477,0.236828396,0.252724451,0.000000000
4871,2020-07-21 23:00:00,0.000000000,0.192443029,0.226016607,0.229341838,0.236820588,0.252713612,0.000000000
4872,2020-07-22 00:00:00,0.000000000,0.192443575,0.226013234,0.229338207,0.236816319,0.252707686,0.000000000
4873,2020-07-22 01:00:00,0.000000000,0.192443858,0.226011489,0.229336328,0.236814110,0.252704619,0.000000000
4874,2020-07-22 02:00:00,0.000000000,0.192444063,0.226010222,0.229334964,0.236812505,0.252702392,0.000000000
4875,2020-07-22 03:00:00,0.000000000,0.192444154,0.226009659,0.229334359,0.236811793,0.252701404,0.001692795
4876,2020-07-22 04:00:00,0.000000000,0.192444049,0.226010311,0.229335060,0.236812618,0.252702549,0.001910946
4877,2020-07-22 05:00:00,0.000000000,0.192443930,0.226011047,0.229335852,0.236813549,0.252703842,0.002430273
4878,2020-07-22 06:00:00,0.000000000,0.192443778,0.226011982,0.229336859,0.236814734,0.252705486,0.003913304
4879,2020-07-22 07:00:00,0.000000000,0.192443534,0.226013489,0.229338481,0.236816641,0.252708133,0.002634188
4880,2020-07-22 08:00:00,0.000000000,0.192443370,0.226014503,0.229339572,0.236817924,0.252709915,0.000610879
4881,2020-07-22 09:00:00,0.000000000,0.192443123,0.226014503,0.229339572,0.236817924,0.252709915,0.001020953
4882,2020-07-22 10:00:00,0.000000000,0.192443268,0.226015131,0.229340249,0.236818720,0.252711019,0.910295148
4883,2020-07-22 11:00:00,0.000000000,0.192388241,0.226353736,0.229704855,0.237247705,0.253307357,1.421979846
4884,2020-07-22 12:00:00,0.000000000,0.192303205,0.226872299,0.230263568,0.237906004,0.254225695,0.088334984
4885,2020-07-22 13:00:00,0.000000000,0.192297653,0.226905962,0.230299850,0.237948792,0.254285523,0.000995109
4886,2020-07-22 14:00:00,0.000000000,0.192297865,0.226905962,0.230299850,0.237948792,0.254285523,0.000000000
4887,2020-07-22 15:00:00,0.000000000,0.192298395,0.226901462,0.230295000,0.237943072,0.254277524,0.000000000
4888,2020-07-22 16:00:00,0.000000000,0.192301742,0.226881173,0.230273131,0.237917282,0.254241463,0.000000000
4889,2020-07-22 17:00:00,0.000000000,0.192312680,0.226814802,0.230201598,0.237832933,0.254123566,0.000000000
4890,2020-07-22 18:00:00,0.000000000,0.192327612,0.226724038,0.230103786,0.237717627,0.253962504,0.000000000
4891,2020-07-22 19:00:00,0.000000000,0.192341655,0.226638527,0.230011646,0.237609039,0.253810937,0.000000000
4892,2020-07-22 20:00:00,0.000000000,0.192351210,0.226580251,0.229948859,0.237535061,0.253707741,0.000000000
4893,2020-07-22 21:00:00,0.000000000,0.192355650,0.226553151,0.229919663,0.237500666,0.253659778,0.000000000
4894,2020-07-22 22:00:00,0.000000000,0.192355955,0.226551285,0.229917652,0.237498298,0.253656475,0.000000000
4895,2020-07-22 23:00:00,0.000000000,0.192357623,0.226541104,0.229906684,0.237485377,0.253638461,0.000000000
4896,2020-07-23 00:00:00,0.000000000,0.192358307,0.226536924,0.229902181,0.237480073,0.253631067,0.000000000
4897,2020-07-23 01:00:00,0.000000000,0.192358566,0.226536924,0.229902181,0.237480073,0.253631067,0.062173402
4898,2020-07-23 02:00:00,0.000000000,0.192354452,0.226560466,0.229927543,0.237509949,0.253672721,0.531877953
4899,2020-07-23 03:00:00,0.000000000,0.192321607,0.226760562,0.230143146,0.237764022,0.254027295,0.093916280
4900,2020-07-23 04:00:00,0.000000000,0.192315704,0.226796434,0.230181804,0.237809595,0.254090957,0.000297898
4901,2020-07-23 05:00:00,0.000000000,0.192315584,0.226796434,0.230181804,0.237809595,0.254090957,0.000000000
4902,2020-07-23 06:00:00,0.000000000,0.192315914,0.226796434,0.230181804,0.237809595,0.254090957,0.000000000
4903,2020-07-23 07:00:00,0.000000000,0.192315801,0.226795846,0.230181170,0.237808848,0.254089913,0.000000000
4904,2020-07-23 08:00:00,0.000000000,0.192315882,0.226795351,0.230180637,0.237808219,0.254089035,0.000000000
4905,2020-07-23 09:00:00,0.000000000,0.192316001,0.226794628,0.230179857,0.237807300,0.254087751,0.000000000
4906,2020-07-23 10:00:00,0.000000000,0.192316087,0.226794105,0.230179293,0.237806635,0.254086822,0.000499423
4907,2020-07-23 11:00:00,0.000000000,0.192315886,0.226794105,0.230179293,0.237806635,0.254086822,0.010044525
4908,2020-07-23 12:00:00,0.000000000,0.192315423,0.226798139,0.230183641,0.237811762,0.254093984,0.008351912
4909,2020-07-23 13:00:00,0.000000000,0.192314911,0.226801250,0.230186994,0.237815714,0.254099506,0.005746095
4910,2020-07-23 14:00:00,0.000000000,0.192314659,0.226802783,0.230188646,0.237817661,0.254102228,0.004056333
4911,2020-07-23 15:00:00,0.000000000,0.192315039,0.226800472,0.230186155,0.237814725,0.254098125,0.000000000
4912,2020-07-23 16:00:00,0.000000000,0.192319803,0.226771525,0.230154960,0.237777948,0.254046747,0.000000000
4913,2020-07-23 17:00:00,0.000000000,0.192330770,0.226704822,0.230083080,0.237693221,0.253928429,0.000000000
4914,2020-07-23 18:00:00,0.000000000,0.192345341,0.226616056,0.229987435,0.237580510,0.253771135,0.000000000
4915,2020-07-23 19:00:00,0.000000000,0.192360214,0.226525274,0.229889630,0.237465289,0.253610456,0.000000000
4916,2020-07-23 20:00:00,0.000000000,0.192371064,0.226458942,0.229818175,0.237381131,0.253493172,0.000000000
4917,2020-07-23 21:00:00,0.000000000,0.192378541,0.226413175,0.229768876,0.237323080,0.253412307,1.235510024
4918,2020-07-23 22:00:00,0.000000000,0.192305705,0.226857139,0.230247228,0.237886735,0.254198759,0.462776723
4919,2020-07-23 23:00:00,0.000000000,0.192277370,0.227028733,0.230432191,0.238104907,0.254503945,0.175199490
4920,2020-07-24 00:00:00,0.000000000,0.192267066,0.227090983,0.230499302,0.238184098,0.254614829,0.000000000
4921,2020-07-24 01:00:00,0.000000000,0.192267448,0.227088677,0.230496815,0.238181163,0.254610719,0.670404967
4922,2020-07-24 02:00:00,0.000000000,0.192228148,0.227325358,0.230752030,0.238482466,0.255033124,0.000000000
4923,2020-07-24 03:00:00,0.000000000,0.192228849,0.227321143,0.230747484,0.238477097,0.255025590,0.163890559
4924,2020-07-24 04:00:00,0.000000000,0.192219225,0.227378931,0.230809809,0.238550713,0.255128918,0.000000000
4925,2020-07-24 05:00:00,0.000000000,0.192220092,0.227373729,0.230804199,0.238544086,0.255119614,0.000000000
4926,2020-07-24 06:00:00,0.000000000,0.192220587,0.227370754,0.230800991,0.238540296,0.255114293,0.000000000
4927,2020-07-24 07:00:00,0.000000000,0.192221046,0.227368005,0.230798025,0.238536793,0.255109376,0.000000000
4928,2020-07-24 08:00:00,0.000000000,0.192221365,0.227366089,0.230795959,0.238534352,0.255105949,0.000000000
4929,2020-07-24 09:00:00,0.000000000,0.192221745,0.227363807,0.230793498,0.238531445,0.255101868,0.000000000
4930,2020-07-24 10:00:00,0.000000000,0.192222054,0.227361955,0.230791500,0.238529085,0.255098555,0.000000000
4931,2020-07-24 11:00:00,0.000000000,0.192222124,0.227361534,0.230791046,0.238528549,0.255097803,0.000000000
4932,2020-07-24 12:00:00,0.000000000,0.192222238,0.227360848,0.230790307,0.238527675,0.255096577,0.000000000
4933,2020-07-24 13:00:00,0.000000000,0.192223069,0.227355861,0.230784928,0.238521322,0.255087658,0.000000000
4934,2020-07-24 14:00:00,0.000000000,0.192225102,0.227343653,0.230771761,0.238505771,0.255065830,0.000000000
4935,2020-07-24 15:00:00,0.000000000,0.192231141,0.227307373,0.230732634,0.238459559,0.255000980,0.000000000
4936,2020-07-24 16:00:00,0.000000000,0.192244386,0.227227710,0.230646726,0.238358116,0.254858692,0.000000000
4937,2020-07-24 17:00:00,0.000000000,0.192258688,0.227141534,0.230553804,0.238248423,0.254704939,0.000000000
4938,2020-07-24 18:00:00,0.000000000,0.192273287,0.227053410,0.230458795,0.238136297,0.254547891,0.000000000
4939,2020-07-24 19:00:00,0.000000000,0.192284658,0.226984654,0.230384673,0.238048845,0.254425483,0.000000000
4940,2020-07-24 20:00:00,0.000000000,0.192293708,0.226929864,0.230325613,0.237979179,0.254328020,0.000000000
4941,2020-07-24 21:00:00,0.000000000,0.192295560,0.226918644,0.230313520,0.237964915,0.254308071,0.000000000
4942,2020-07-24 22:00:00,0.000000000,0.192296607,0.226912300,0.230306682,0.237956850,0.254296791,0.000000000
4943,2020-07-24 23:00:00,0.000000000,0.192297456,0.226907158,0.230301139,0.237950313,0.254287650,0.000000000
4944,2020-07-25 00:00:00,0.000000000,0.192297859,0.226904715,0.230298506,0.237947207,0.254283306,0.000000000
4945,2020-07-25 01:00:00,0.000000000,0.192298170,0.226902829,0.230296474,0.237944811,0.254279955,0.000000000
4946,2020-07-25 02:00:00,0.000000000,0.192298316,0.226901945,0.230295520,0.237943686,0.254278383,0.000000000
4947,2020-07-25 03:00:00,0.000000000,0.192298587,0.226901945,0.230295520,0.237943686,0.254278383,0.000000000
4948,2020-07-25 04:00:00,0.000000000,0.192298441,0.226901186,0.230294702,0.237942721,0.254277033,0.000000000
4949,2020-07-25 05:00:00,0.000000000,0.192298584,0.226900320,0.230293769,0.237941621,0.254275494,0.000000000
4950,2020-07-25 06:00:00,0.000000000,0.192298800,0.226900320,0.230293769,0.237941621,0.254275494,0.000000000
4951,2020-07-25 07:00:00,0.000000000,0.192298901,0.226900320,0.230293769,0.237941621,0.254275494,0.000000000
4952,2020-07-25 08:00:00,0.000000000,0.192299196,0.226900320,0.230293769,0.237941621,0.254275494,0.000029343
4953,2020-07-25 09:00:00,0.000000000,0.192299184,0.226900320,0.230293769,0.237941621,0.254275494,0.001012580
4954,2020-07-25 10:00:00,0.000000000,0.192298614,0.226900137,0.230293572,0.237941388,0.254275169,0.003156294
4955,2020-07-25 11:00:00,0.000000000,0.192298415,0.226901346,0.230294875,0.237942925,0.254277318,0.004544191
4956,2020-07-25 12:00:00,0.000000000,0.192298128,0.226903086,0.230296750,0.237945137,0.254280411,0.007030266
4957,2020-07-25 13:00:00,0.000000000,0.192299587,0.226894238,0.230287213,0.237933889,0.254264683,0.001749709
4958,2020-07-25 14:00:00,0.000000000,0.192305014,0.226861331,0.230251745,0.237892063,0.254206206,0.000000000
4959,2020-07-25 15:00:00,0.000000000,0.192316968,0.226788752,0.230173525,0.237799835,0.254077322,0.000000000
4960,2020-07-25 16:00:00,0.000000000,0.192333339,0.226689182,0.230066228,0.237673360,0.253900703,0.000000000
4961,2020-07-25 17:00:00,0.000000000,0.192351591,0.226577925,0.229946353,0.237532109,0.253703624,0.000000000
4962,2020-07-25 18:00:00,0.000000000,0.192370982,0.226459440,0.229818712,0.237381763,0.253494053,0.000000000
4963,2020-07-25 19:00:00,0.000000000,0.192388362,0.226352993,0.229704056,0.237246764,0.253306047,0.000000000
4964,2020-07-25 20:00:00,0.000000000,0.192398422,0.226291270,0.229637581,0.237168515,0.253197150,0.000000000
4965,2020-07-25 21:00:00,0.000000000,0.192408710,0.226228063,0.229569513,0.237088409,0.253085725,0.000000000
4966,2020-07-25 22:00:00,0.000000000,0.192410082,0.226219626,0.229560427,0.237077717,0.253070858,0.000000000
4967,2020-07-25 23:00:00,0.000000000,0.192411130,0.226213182,0.229553488,0.237069552,0.253059504,0.000000000
4968,2020-07-26 00:00:00,0.000000000,0.192411850,0.226208754,0.229548720,0.237063942,0.253051704,0.000000000
4969,2020-07-26 01:00:00,0.000000000,0.192412525,0.226204602,0.229544249,0.237058681,0.253044389,0.000000000
4970,2020-07-26 02:00:00,0.000000000,0.192412825,0.226202756,0.229542261,0.237056342,0.253041137,0.000000000
4971,2020-07-26 03:00:00,0.000000000,0.192412971,0.226202756,0.229542261,0.237056342,0.253041137,0.002321401
4972,2020-07-26 04:00:00,0.000000000,0.192412703,0.226203510,0.229543073,0.237057297,0.253042466,0.005564206
4973,2020-07-26 05:00:00,0.000000000,0.192412355,0.226205649,0.229545377,0.237060008,0.253046234,0.006257494
4974,2020-07-26 06:00:00,0.000000000,0.192411964,0.226208055,0.229547967,0.237063056,0.253050472,0.006346403
4975,2020-07-26 07:00:00,0.000000000,0.192411567,0.226210495,0.229550595,0.237066148,0.253054771,0.006460437
4976,2020-07-26 08:00:00,0.000000000,0.192411163,0.226212979,0.229553269,0.237069295,0.253059147,0.005889409
4977,2020-07-26 09:00:00,0.000000000,0.192410795,0.226215243,0.229555707,0.237072164,0.253063136,0.005956645
4978,2020-07-26 10:00:00,0.000000000,0.192410422,0.226217533,0.229558173,0.237075066,0.253067171,0.012248901
4979,2020-07-26 11:00:00,0.000000000,0.192409657,0.226222241,0.229563243,0.237081031,0.253075466,0.015737036
4980,2020-07-26 12:00:00,0.000000000,0.192408828,0.226227338,0.229568731,0.237087489,0.253084446,0.004198307
4981,2020-07-26 13:00:00,0.000000000,0.192411484,0.226211004,0.229551143,0.237066793,0.253055668,0.000000000
4982,2020-07-26 14:00:00,0.000000000,0.192419998,0.226158614,0.229494730,0.237000419,0.252963400,0.000000000
4983,2020-07-26 15:00:00,0.000000000,0.192435486,0.226063163,0.229391959,0.236879532,0.252795454,0.000000000
4984,2020-07-26 16:00:00,0.000000000,0.192455163,0.225941619,0.229261114,0.236725675,0.252581893,0.000000000
4985,2020-07-26 17:00:00,0.000000000,0.192475046,0.225818492,0.229128587,0.236569905,0.252365889,0.000000000
4986,2020-07-26 18:00:00,0.000000000,0.192496617,0.225684548,0.228984443,0.236400549,0.252131292,0.000000000
4987,2020-07-26 19:00:00,0.000000000,0.192516415,0.225561277,0.228851807,0.236244782,0.251915740,0.000000000
4988,2020-07-26 20:00:00,0.000000000,0.192533035,0.225457555,0.228740222,0.236113784,0.251734630,0.000000000
4989,2020-07-26 21:00:00,0.000000000,0.192538979,0.225420402,0.228700257,0.236066877,0.251669815,0.000000000
4990,2020-07-26 22:00:00,0.000000000,0.192542657,0.225397398,0.228675512,0.236037837,0.251629698,0.000000000
4991,2020-07-26 23:00:00,0.000000000,0.192544940,0.225383115,0.228660149,0.236019808,0.251604796,0.000000000
4992,2020-07-27 00:00:00,0.000000000,0.192545931,0.225376912,0.228653477,0.236011979,0.251593983,0.000000000
4993,2020-07-27 01:00:00,0.000000000,0.192547528,0.225366921,0.228642730,0.235999368,0.251576567,0.000000000
4994,2020-07-27 02:00:00,0.000000000,0.192548516,0.225360735,0.228636077,0.235991562,0.251565787,0.000000000
4995,2020-07-27 03:00:00,0.000000000,0.192549435,0.225354983,0.228629890,0.235984302,0.251555762,0.000000000
4996,2020-07-27 04:00:00,0.000000000,0.192550014,0.225351354,0.228625987,0.235979721,0.251549437,0.000000000
4997,2020-07-27 05:00:00,0.000000000,0.192550449,0.225348629,0.228623056,0.235976282,0.251544688,0.000000000
4998,2020-07-27 06:00:00,0.000000000,0.192550624,0.225347536,0.228621880,0.235974903,0.251542785,0.000000000
4999,2020-07-27 07:00:00,0.000000000,0.192550835,0.225346216,0.228620461,0.235973238,0.251540485,0.000000000
5000,2020-07-27 08:00:00,0.000000000,0.192551005,0.225345149,0.228619313,0.235971891,0.251538625,0.000000000
5001,2020-07-27 09:00:00,0.000000000,0.192551227,0.225343758,0.228617817,0.235970135,0.251536201,0.000000000
5002,2020-07-27 10:00:00,0.000000000,0.192551442,0.225342415,0.228616373,0.235968441,0.251533862,0.000532956
5003,2020-07-27 11:00:00,0.000000000,0.192551225,0.225342415,0.228616373,0.235968441,0.251533862,0.000243623
5004,2020-07-27 12:00:00,0.000000000,0.192552009,0.225338862,0.228612551,0.235963957,0.251527671,0.000000000
5005,2020-07-27 13:00:00,0.000000000,0.192555806,0.225315074,0.228586966,0.235933939,0.251486230,0.000000000
5006,2020-07-27 14:00:00,0.000000000,0.192566103,0.225250506,0.228517525,0.235852477,0.251373809,0.000000000
5007,2020-07-27 15:00:00,0.000000000,0.192580520,0.225159957,0.228420151,0.235738277,0.251216304,0.000000000
5008,2020-07-27 16:00:00,0.000000000,0.192598969,0.225043830,0.228295290,0.235591888,0.251014571,0.000000000
5009,2020-07-27 17:00:00,0.000000000,0.192619448,0.224914595,0.228156358,0.235429066,0.250790410,0.000000000
5010,2020-07-27 18:00:00,0.000000000,0.192640434,0.224781803,0.228013627,0.235261862,0.250560453,0.000000000
5011,2020-07-27 19:00:00,0.000000000,0.192657562,0.224673147,0.227896857,0.235125125,0.250372575,0.000000000
5012,2020-07-27 20:00:00,0.000000000,0.192672117,0.224580620,0.227797434,0.235008738,0.250212785,0.000000000
5013,2020-07-27 21:00:00,0.000000000,0.192675886,0.224556632,0.227771660,0.234978572,0.250171389,0.000000000
5014,2020-07-27 22:00:00,0.000000000,0.192677698,0.224545091,0.227759260,0.234964060,0.250151477,0.000000000
5015,2020-07-27 23:00:00,0.000000000,0.192679595,0.224533012,0.227746282,0.234948872,0.250130639,0.000000000
5016,2020-07-28 00:00:00,0.000000000,0.192681039,0.224523810,0.227736396,0.234937303,0.250114767,0.000000000
5017,2020-07-28 01:00:00,0.000000000,0.192682035,0.224517468,0.227729583,0.234929329,0.250103830,0.000000000
5018,2020-07-28 02:00:00,0.000000000,0.192682678,0.224513371,0.227725181,0.234924178,0.250096764,0.000000000
5019,2020-07-28 03:00:00,0.000000000,0.192682810,0.224512530,0.227724277,0.234923121,0.250095313,0.000000000
5020,2020-07-28 04:00:00,0.000000000,0.192682926,0.224512530,0.227724277,0.234923121,0.250095313,0.002270582
5021,2020-07-28 05:00:00,0.000000000,0.192682689,0.224513301,0.227725106,0.234924091,0.250096644,0.002194087
5022,2020-07-28 06:00:00,0.000000000,0.192682555,0.224514153,0.227726021,0.234925162,0.250098113,0.003915058
5023,2020-07-28 07:00:00,0.000000000,0.192682316,0.224515673,0.227727654,0.234927073,0.250100734,0.001600837
5024,2020-07-28 08:00:00,0.000000000,0.192682219,0.224516294,0.227728322,0.234927854,0.250101806,0.003022489
5025,2020-07-28 09:00:00,0.000000000,0.192682035,0.224517468,0.227729583,0.234929329,0.250103830,0.002885511
5026,2020-07-28 10:00:00,0.000000000,0.192681859,0.224518588,0.227730786,0.234930738,0.250105762,0.005824641
5027,2020-07-28 11:00:00,0.000000000,0.192681504,0.224520849,0.227733215,0.234933580,0.250109661,0.002361060
5028,2020-07-28 12:00:00,0.000000000,0.192681970,0.224517877,0.227730023,0.234929844,0.250104536,0.000000000
5029,2020-07-28 13:00:00,0.000000000,0.192686935,0.224486235,0.227696028,0.234890065,0.250049975,0.000000000
5030,2020-07-28 14:00:00,0.000000000,0.192698398,0.224413097,0.227617457,0.234798140,0.249923944,0.000000000
5031,2020-07-28 15:00:00,0.000000000,0.192715064,0.224306558,0.227503018,0.234664290,0.249740560,0.000000000
5032,2020-07-28 16:00:00,0.000000000,0.192735432,0.224176036,0.227362840,0.234500397,0.249516222,0.000000000
5033,2020-07-28 17:00:00,0.000000000,0.192758043,0.224030722,0.227206805,0.234318043,0.249266880,0.057894745
5034,2020-07-28 18:00:00,0.000000000,0.192767770,0.223968072,0.227139542,0.234239461,0.249159517,0.119089979
5035,2020-07-28 19:00:00,0.000000000,0.192770818,0.223948427,0.227118452,0.234214825,0.249125868,0.775087847
5036,2020-07-28 20:00:00,0.000000000,0.192726229,0.224235055,0.227426223,0.234574494,0.249617618,3.448695179
5037,2020-07-28 21:00:00,0.000000000,0.192540549,0.225410587,0.228689699,0.236054487,0.251652698,2.693283727
5038,2020-07-28 22:00:00,0.000000000,0.192388581,0.226351648,0.229702606,0.237245057,0.253303672,1.343777365
5039,2020-07-28 23:00:00,0.000000000,0.192308559,0.226839816,0.230228558,0.237864720,0.254167988,0.000000000
5040,2020-07-29 00:00:00,0.000000000,0.192309199,0.226835932,0.230224372,0.237859785,0.254161090,0.000000000
5041,2020-07-29 01:00:00,0.000000000,0.192310406,0.226828604,0.230216473,0.237850471,0.254148075,0.000000000
5042,2020-07-29 02:00:00,0.000000000,0.192311882,0.226819645,0.230206818,0.237839087,0.254132166,0.000000000
5043,2020-07-29 03:00:00,0.000000000,0.192312833,0.226813869,0.230200594,0.237831748,0.254121911,0.000000000
5044,2020-07-29 04:00:00,0.000000000,0.192313823,0.226807859,0.230194116,0.237824111,0.254111240,0.000000000
5045,2020-07-29 05:00:00,0.000000000,0.192314614,0.226803052,0.230188936,0.237818004,0.254102706,0.000000000
5046,2020-07-29 06:00:00,0.000000000,0.192315697,0.226796473,0.230181846,0.237809645,0.254091027,0.000000000
5047,2020-07-29 07:00:00,0.000000000,0.192316908,0.226789120,0.230173921,0.237800302,0.254077974,0.000000000
5048,2020-07-29 08:00:00,0.000000000,0.192318035,0.226782268,0.230166538,0.237791597,0.254065813,0.000000000
5049,2020-07-29 09:00:00,0.000000000,0.192319390,0.226774035,0.230157664,0.237781137,0.254051201,0.000000000
5050,2020-07-29 10:00:00,0.000000000,0.192320347,0.226768220,0.230151398,0.237773750,0.254040883,0.000000000
5051,2020-07-29 11:00:00,0.000000000,0.192321464,0.226761429,0.230144080,0.237765123,0.254028833,0.000000000
5052,2020-07-29 12:00:00,0.000000000,0.192321647,0.226760319,0.230142883,0.237763712,0.254026863,0.000303216
5053,2020-07-29 13:00:00,0.000000000,0.192321524,0.226760319,0.230142883,0.237763712,0.254026863,0.000000000
5054,2020-07-29 14:00:00,0.000000000,0.192322174,0.226757111,0.230139427,0.237759637,0.254021171,0.000000000
5055,2020-07-29 15:00:00,0.000000000,0.192328646,0.226717750,0.230097011,0.237709641,0.253951354,0.000000000
5056,2020-07-29 16:00:00,0.000000000,0.192347989,0.226599906,0.229970035,0.237560009,0.253742537,0.000000000
5057,2020-07-29 17:00:00,0.000000000,0.192373333,0.226445054,0.229803215,0.237363514,0.253468629,0.000000000
5058,2020-07-29 18:00:00,0.000000000,0.192399427,0.226285095,0.229630930,0.237160687,0.253186259,0.000000000
5059,2020-07-29 19:00:00,0.000000000,0.192423124,0.226139368,0.229474007,0.236976039,0.252929520,0.000000000
5060,2020-07-29 20:00:00,0.000000000,0.192444507,0.226007479,0.229332012,0.236809033,0.252697573,0.000000000
5061,2020-07-29 21:00:00,0.000000000,0.192456959,0.225930514,0.229249160,0.236711622,0.252562397,0.000000000
5062,2020-07-29 22:00:00,0.000000000,0.192463728,0.225888622,0.229204069,0.236658617,0.252488879,0.000000000
5063,2020-07-29 23:00:00,0.000000000,0.192470707,0.225845389,0.229157535,0.236603924,0.252413045,0.000000000
5064,2020-07-30 00:00:00,0.000000000,0.192472651,0.225833336,0.229144563,0.236588679,0.252391912,0.000000000
5065,2020-07-30 01:00:00,0.000000000,0.192474805,0.225819985,0.229130194,0.236571793,0.252368506,0.000000000
5066,2020-07-30 02:00:00,0.000000000,0.192475302,0.225816904,0.229126878,0.236567896,0.252363105,0.000000000
5067,2020-07-30 03:00:00,0.000000000,0.192475423,0.225816155,0.229126072,0.236566948,0.252361792,0.001815877
5068,2020-07-30 04:00:00,0.000000000,0.192475310,0.225816855,0.229126825,0.236567834,0.252363019,0.004883038
5069,2020-07-30 05:00:00,0.000000000,0.192475006,0.225818737,0.229128850,0.236570213,0.252366317,0.006382402
5070,2020-07-30 06:00:00,0.000000000,0.192474610,0.225821196,0.229131497,0.236573324,0.252370629,0.006725303
5071,2020-07-30 07:00:00,0.000000000,0.192474192,0.225823787,0.229134286,0.236576601,0.252375171,0.006379359
5072,2020-07-30 08:00:00,0.000000000,0.192473795,0.225826245,0.229136932,0.236579710,0.252379481,0.008179150
5073,2020-07-30 09:00:00,0.000000000,0.192473287,0.225829397,0.229140323,0.236583696,0.252385005,0.013057501
5074,2020-07-30 10:00:00,0.000000000,0.192472476,0.225834426,0.229145737,0.236590058,0.252393824,0.013078246
5075,2020-07-30 11:00:00,0.000000000,0.192471663,0.225839464,0.229151159,0.236596430,0.252402657,0.014665304
5076,2020-07-30 12:00:00,0.000000000,0.192470925,0.225844035,0.229156078,0.236602212,0.252410671,0.002783980
5077,2020-07-30 13:00:00,0.000000000,0.192473923,0.225825455,0.229136081,0.236578711,0.252378095,0.000000000
5078,2020-07-30 14:00:00,0.000000000,0.192483297,0.225767301,0.229073494,0.236505167,0.252276182,0.000000000
5079,2020-07-30 15:00:00,0.000000000,0.192499704,0.225665346,0.228963780,0.236376278,0.252097692,0.000000000
5080,2020-07-30 16:00:00,0.000000000,0.192517798,0.225552656,0.228842532,0.236233891,0.251900678,0.000000000
5081,2020-07-30 17:00:00,0.000000000,0.192537718,0.225428288,0.228708739,0.236076833,0.251683570,0.000000000
5082,2020-07-30 18:00:00,0.000000000,0.192558155,0.225300353,0.228571133,0.235915364,0.251460590,0.000000000
5083,2020-07-30 19:00:00,0.000000000,0.192580478,0.225160217,0.228420431,0.235738605,0.251216757,0.000000000
5084,2020-07-30 20:00:00,0.000000000,0.192593864,0.225075989,0.228329866,0.235632419,0.251070407,0.000000000
5085,2020-07-30 21:00:00,0.000000000,0.192600663,0.225033154,0.228283813,0.235578434,0.250996040,0.000000000
5086,2020-07-30 22:00:00,0.000000000,0.192601778,0.225026120,0.228276251,0.235569570,0.250983832,0.000000000
5087,2020-07-30 23:00:00,0.000000000,0.192603589,0.225014705,0.228263978,0.235555185,0.250964022,0.000000000
5088,2020-07-31 00:00:00,0.000000000,0.192604151,0.225011157,0.228260164,0.235550715,0.250957865,0.000000000
5089,2020-07-31 01:00:00,0.000000000,0.192604603,0.225008310,0.228257103,0.235547127,0.250952925,0.000000000
5090,2020-07-31 02:00:00,0.000000000,0.192604938,0.225006194,0.228254828,0.235544460,0.250949253,0.000000000
5091,2020-07-31 03:00:00,0.000000000,0.192605248,0.225004244,0.228252731,0.235542003,0.250945869,0.000000000
5092,2020-07-31 04:00:00,0.000000000,0.192605351,0.225003591,0.228252030,0.235541181,0.250944737,0.000000000
5093,2020-07-31 05:00:00,0.000000000,0.192605456,0.225002932,0.228251321,0.235540351,0.250943594,0.000000000
5094,2020-07-31 06:00:00,0.000000000,0.192605519,0.225002532,0.228250891,0.235539846,0.250942899,0.001953812
5095,2020-07-31 07:00:00,0.000000000,0.192605399,0.225003289,0.228251704,0.235540800,0.250944212,1.022534377
5096,2020-07-31 08:00:00,0.000000000,0.192544903,0.225383348,0.228660400,0.236020103,0.251605203,2.087926350
5097,2020-07-31 09:00:00,0.000000000,0.192424578,0.226130407,0.229464358,0.236964689,0.252913747,1.299215558
5098,2020-07-31 10:00:00,0.000000000,0.192347112,0.226605254,0.229975797,0.237566799,0.253752007,0.299999999
5099,2020-07-31 11:00:00,0.000000000,0.192328734,0.226717215,0.230096434,0.237708961,0.253950404,0.200000017
5100,2020-07-31 12:00:00,0.000000000,0.192316331,0.226792625,0.230177699,0.237804755,0.254084196,0.196694462
5101,2020-07-31 13:00:00,0.000000000,0.192304008,0.226867433,0.230258323,0.237899819,0.254217049,0.000000000
5102,2020-07-31 14:00:00,0.000000000,0.192304200,0.226866267,0.230257066,0.237898336,0.254214976,0.000000000
5103,2020-07-31 15:00:00,0.000000000,0.192305653,0.226857454,0.230247567,0.237887136,0.254199319,0.000000000
5104,2020-07-31 16:00:00,0.000000000,0.192311846,0.226819863,0.230207053,0.237839365,0.254132553,0.000000000
5105,2020-07-31 17:00:00,0.000000000,0.192324486,0.226743057,0.230124281,0.237741784,0.253996238,0.000000000
5106,2020-07-31 18:00:00,0.000000000,0.192338739,0.226656294,0.230030790,0.237631597,0.253842416,0.000000000
5107,2020-07-31 19:00:00,0.000000000,0.192352631,0.226571578,0.229939515,0.237524053,0.253692388,0.000000000
5108,2020-07-31 20:00:00,0.000000000,0.192363080,0.226507760,0.229870763,0.237443066,0.253579479,0.000000000
5109,2020-07-31 21:00:00,0.000000000,0.192368612,0.226473938,0.229834329,0.237400155,0.253519679,0.000000000
5110,2020-07-31 22:00:00,0.000000000,0.192369646,0.226467615,0.229827517,0.237392133,0.253508501,0.000000000
5111,2020-07-31 23:00:00,0.000000000,0.192370512,0.226462315,0.229821808,0.237385410,0.253499133,0.000000000
5112,2020-08-01 00:00:00,0.000000000,0.192371146,0.226458435,0.229817629,0.237380488,0.253492276,0.000000000
5113,2020-08-01 01:00:00,0.000000000,0.192371390,0.226456944,0.229816023,0.237378597,0.253489641,0.000000000
5114,2020-08-01 02:00:00,0.000000000,0.192371596,0.226455686,0.229814668,0.237377001,0.253487418,0.000509971
5115,2020-08-01 03:00:00,0.000000000,0.192371390,0.226455686,0.229814668,0.237377001,0.253487418,0.000382576
5116,2020-08-01 04:00:00,0.000000000,0.192371235,0.226455686,0.229814668,0.237377001,0.253487418,0.000304938
5117,2020-08-01 05:00:00,0.000000000,0.192371112,0.226455686,0.229814668,0.237377001,0.253487418,0.002143005
5118,2020-08-01 06:00:00,0.000000000,0.192371386,0.226456969,0.229816050,0.237378628,0.253489685,0.001515778
5119,2020-08-01 07:00:00,0.000000000,0.192371291,0.226457551,0.229816676,0.237379367,0.253490713,0.002587824
5120,2020-08-01 08:00:00,0.000000000,0.192371129,0.226458545,0.229817747,0.237380627,0.253492470,0.002012454
5121,2020-08-01 09:00:00,0.000000000,0.192371002,0.226459317,0.229818579,0.237381607,0.253493835,0.001942126
5122,2020-08-01 10:00:00,0.000000000,0.192370880,0.226460063,0.229819382,0.237382553,0.253495153,0.004887455
5123,2020-08-01 11:00:00,0.000000000,0.192370574,0.226461939,0.229821404,0.237384933,0.253498470,0.003333338
5124,2020-08-01 12:00:00,0.000000000,0.192370425,0.226461939,0.229821404,0.237384933,0.253498470,0.000000000
5125,2020-08-01 13:00:00,0.000000000,0.192373524,0.226443886,0.229801956,0.237362032,0.253466564,0.000000000
5126,2020-08-01 14:00:00,0.000000000,0.192382087,0.226391454,0.229745481,0.237295533,0.253373946,0.000000000
5127,2020-08-01 15:00:00,0.000000000,0.192398030,0.226293677,0.229640172,0.237171566,0.253201394,0.000000000
5128,2020-08-01 16:00:00,0.000000000,0.192416065,0.226182823,0.229520797,0.237031088,0.253006028,0.000000000
5129,2020-08-01 17:00:00,0.000000000,0.192436200,0.226058759,0.229387217,0.236873955,0.252787709,0.000000000
5130,2020-08-01 18:00:00,0.000000000,0.192456816,0.225931396,0.229250110,0.236712738,0.252563946,0.000000000
5131,2020-08-01 19:00:00,0.000000000,0.192473772,0.225826390,0.229137088,0.236579894,0.252379735,0.000000000
5132,2020-08-01 20:00:00,0.000000000,0.192484811,0.225757902,0.229063380,0.236493283,0.252259719,0.000000000
5133,2020-08-01 21:00:00,0.000000000,0.192488700,0.225733753,0.229037391,0.236462750,0.252217425,0.000000000
5134,2020-08-01 22:00:00,0.000000000,0.192494818,0.225695731,0.228996476,0.236414684,0.252150862,0.000000000
5135,2020-08-01 23:00:00,0.000000000,0.192500559,0.225660026,0.228958056,0.236369555,0.252088385,0.000000000
5136,2020-08-02 00:00:00,0.000000000,0.192502708,0.225646656,0.228943670,0.236352659,0.252064998,0.000000000
5137,2020-08-02 01:00:00,0.000000000,0.192504107,0.225637947,0.228934298,0.236341652,0.252049764,0.000000000
5138,2020-08-02 02:00:00,0.000000000,0.192504909,0.225632954,0.228928926,0.236335343,0.252041033,0.000000000
5139,2020-08-02 03:00:00,0.000000000,0.192505118,0.225631658,0.228927531,0.236333705,0.252038766,0.000000000
5140,2020-08-02 04:00:00,0.000000000,0.192505387,0.225631658,0.228927531,0.236333705,0.252038766,0.000889533
5141,2020-08-02 05:00:00,0.000000000,0.192505026,0.225631658,0.228927531,0.236333705,0.252038766,0.002921657
5142,2020-08-02 06:00:00,0.000000000,0.192504923,0.225632872,0.228928838,0.236335239,0.252040890,0.002346447
5143,2020-08-02 07:00:00,0.000000000,0.192504777,0.225633777,0.228929812,0.236336383,0.252042473,0.002727473
5144,2020-08-02 08:00:00,0.000000000,0.192504608,0.225634830,0.228930944,0.236337713,0.252044313,0.000000000
5145,2020-08-02 09:00:00,0.000000000,0.192504730,0.225634830,0.228930944,0.236337713,0.252044313,0.000906005
5146,2020-08-02 10:00:00,0.000000000,0.192504362,0.225634830,0.228930944,0.236337713,0.252044313,0.003938290
5147,2020-08-02 11:00:00,0.000000000,0.192504327,0.225636583,0.228932831,0.236339928,0.252047379,0.007887438
5148,2020-08-02 12:00:00,0.000000000,0.192504110,0.225637933,0.228934284,0.236341635,0.252049741,0.000000000
5149,2020-08-02 13:00:00,0.000000000,0.192506577,0.225622571,0.228917755,0.236322223,0.252022876,0.000000000
5150,2020-08-02 14:00:00,0.000000000,0.192514001,0.225576324,0.228867995,0.236263790,0.251942032,0.000000000
5151,2020-08-02 15:00:00,0.000000000,0.192528643,0.225484988,0.228769733,0.236148425,0.251782508,0.000000000
5152,2020-08-02 16:00:00,0.000000000,0.192544696,0.225384641,0.228661790,0.236021734,0.251607456,0.000000000
5153,2020-08-02 17:00:00,0.000000000,0.192560085,0.225288252,0.228558119,0.235900096,0.251439518,0.000000000
5154,2020-08-02 18:00:00,0.000000000,0.192574986,0.225194734,0.228457548,0.235782132,0.251276776,0.000000000
5155,2020-08-02 19:00:00,0.000000000,0.192584633,0.225134090,0.228392337,0.235705662,0.251171344,0.106989656
5156,2020-08-02 20:00:00,0.000000000,0.192583222,0.225142966,0.228401882,0.235716854,0.251186771,0.000000000
5157,2020-08-02 21:00:00,0.000000000,0.192586243,0.225123962,0.228381447,0.235692893,0.251153743,0.000000000
5158,2020-08-02 22:00:00,0.000000000,0.192587372,0.225116855,0.228373805,0.235683933,0.251141394,0.000000000
5159,2020-08-02 23:00:00,0.000000000,0.192587970,0.225113097,0.228369765,0.235679196,0.251134866,0.003247518
5160,2020-08-03 00:00:00,0.000000000,0.192587770,0.225114354,0.228371116,0.235680780,0.251137049,0.001885353
5161,2020-08-03 01:00:00,0.000000000,0.192587655,0.225115077,0.228371894,0.235681692,0.251138305,0.008225599
5162,2020-08-03 02:00:00,0.000000000,0.192587149,0.225118259,0.228375315,0.235685704,0.251143834,0.013579840
5163,2020-08-03 03:00:00,0.000000000,0.192586315,0.225123511,0.228380963,0.235692325,0.251152960,0.006853742
5164,2020-08-03 04:00:00,0.000000000,0.192585898,0.225126130,0.228383779,0.235695627,0.251157511,0.005169582
5165,2020-08-03 05:00:00,0.000000000,0.192585587,0.225128090,0.228385886,0.235698098,0.251160917,0.008243137
5166,2020-08-03 06:00:00,0.000000000,0.192585080,0.225131279,0.228389314,0.235702118,0.251166458,0.004392877
5167,2020-08-03 07:00:00,0.000000000,0.192584812,0.225132962,0.228391124,0.235704240,0.251169383,0.007927727
5168,2020-08-03 08:00:00,0.000000000,0.192584325,0.225136028,0.228394422,0.235708106,0.251174713,0.011395438
5169,2020-08-03 09:00:00,0.000000000,0.192583624,0.225140436,0.228399161,0.235713663,0.251182372,0.009371165
5170,2020-08-03 10:00:00,0.000000000,0.192583048,0.225144060,0.228403058,0.235718233,0.251188672,0.013134897
5171,2020-08-03 11:00:00,0.000000000,0.192582240,0.225149140,0.228408520,0.235724638,0.251197501,0.000000000
5172,2020-08-03 12:00:00,0.000000000,0.192584027,0.225137902,0.228396437,0.235710469,0.251177969,0.000000000
5173,2020-08-03 13:00:00,0.000000000,0.192592770,0.225082882,0.228337277,0.235641108,0.251082379,0.000000000
5174,2020-08-03 14:00:00,0.000000000,0.192607619,0.224989287,0.228236652,0.235523158,0.250919921,0.000000000
5175,2020-08-03 15:00:00,0.000000000,0.192629537,0.224850800,0.228087785,0.235348726,0.250679888,0.000000000
5176,2020-08-03 16:00:00,0.000000000,0.192653126,0.224701309,0.227927121,0.235160559,0.250421247,0.000000000
5177,2020-08-03 17:00:00,0.000000000,0.192678148,0.224542228,0.227756184,0.234960460,0.250146537,0.000000000
5178,2020-08-03 18:00:00,0.000000000,0.192704256,0.224375675,0.227577258,0.234751117,0.249859503,0.000000000
5179,2020-08-03 19:00:00,0.000000000,0.192728280,0.224221905,0.227412100,0.234557983,0.249595021,0.000000000
5180,2020-08-03 20:00:00,0.000000000,0.192747641,0.224097628,0.227278644,0.234401989,0.249381629,0.000000000
5181,2020-08-03 21:00:00,0.000000000,0.192758304,0.224029038,0.227204997,0.234315930,0.249263993,0.000000000
5182,2020-08-03 22:00:00,0.000000000,0.192761427,0.224008936,0.227183414,0.234290714,0.249229536,0.000000000
5183,2020-08-03 23:00:00,0.000000000,0.192763872,0.223993185,0.227166503,0.234270958,0.249202543,0.000000000
5184,2020-08-04 00:00:00,0.000000000,0.192765411,0.223983275,0.227155864,0.234258528,0.249185562,0.000000000
5185,2020-08-04 01:00:00,0.000000000,0.192766893,0.223973726,0.227145612,0.234246552,0.249169202,0.000000000
5186,2020-08-04 02:00:00,0.000000000,0.192767433,0.223970246,0.227141876,0.234242187,0.249163241,0.000000000
5187,2020-08-04 03:00:00,0.000000000,0.192767571,0.223969356,0.227140921,0.234241071,0.249161716,0.003382936
5188,2020-08-04 04:00:00,0.000000000,0.192767366,0.223970674,0.227142335,0.234242723,0.249163973,0.004968024
5189,2020-08-04 05:00:00,0.000000000,0.192767066,0.223972608,0.227144412,0.234245150,0.249167287,0.003668697
5190,2020-08-04 06:00:00,0.000000000,0.192766845,0.223974037,0.227145945,0.234246941,0.249169735,0.004411826
5191,2020-08-04 07:00:00,0.000000000,0.192766578,0.223975755,0.227147790,0.234249096,0.249172678,0.002918618
5192,2020-08-04 08:00:00,0.000000000,0.192766402,0.223976891,0.227149010,0.234250521,0.249174625,0.002784043
5193,2020-08-04 09:00:00,0.000000000,0.192766233,0.223977975,0.227150174,0.234251881,0.249176482,0.001274110
5194,2020-08-04 10:00:00,0.000000000,0.192766156,0.223978471,0.227150707,0.234252503,0.249177332,0.001706027
5195,2020-08-04 11:00:00,0.000000000,0.192766053,0.223979136,0.227151420,0.234253336,0.249178470,0.006938796
5196,2020-08-04 12:00:00,0.000000000,0.192765974,0.223979644,0.227151966,0.234253974,0.249179342,0.001260910
5197,2020-08-04 13:00:00,0.000000000,0.192768181,0.223965424,0.227136699,0.234236140,0.249154981,0.000000000
5198,2020-08-04 14:00:00,0.000000000,0.192774155,0.223926904,0.227095346,0.234187836,0.249089012,0.000000000
5199,2020-08-04 15:00:00,0.000000000,0.192783335,0.223867655,0.227031742,0.234113553,0.248987601,0.000000000
5200,2020-08-04 16:00:00,0.000000000,0.192798040,0.223772591,0.226929703,0.233994409,0.248825045,0.000000000
5201,2020-08-04 17:00:00,0.000000000,0.192814477,0.223666113,0.226815426,0.233861020,0.248643191,0.000000000
5202,2020-08-04 18:00:00,0.000000000,0.192826128,0.223590490,0.226734274,0.233766323,0.248514177,0.000000000
5203,2020-08-04 19:00:00,0.000000000,0.192836204,0.223525003,0.226664007,0.233684345,0.248402551,4.541660974
5204,2020-08-04 20:00:00,0.000000000,0.192601901,0.225025348,0.228275421,0.235568597,0.250982492,0.000000000
5205,2020-08-04 21:00:00,0.000000000,0.192609341,0.224978420,0.228224969,0.235509466,0.250901070,0.000000000
5206,2020-08-04 22:00:00,0.000000000,0.192618180,0.224922604,0.228164968,0.235439154,0.250804292,0.000000000
5207,2020-08-04 23:00:00,0.000000000,0.192627212,0.224865506,0.228103592,0.235367244,0.250705358,0.000000000
5208,2020-08-05 00:00:00,0.000000000,0.192634408,0.224819966,0.228054644,0.235309905,0.250626502,0.000000000
5209,2020-08-05 01:00:00,0.000000000,0.192638217,0.224795847,0.228028721,0.235279542,0.250584756,0.000000000
5210,2020-08-05 02:00:00,0.000000000,0.192641212,0.224776872,0.228008328,0.235255656,0.250551923,0.000000000
5211,2020-08-05 03:00:00,0.000000000,0.192641559,0.224774672,0.228005963,0.235252886,0.250548115,0.000000000
5212,2020-08-05 04:00:00,0.000000000,0.192641627,0.224774239,0.228005498,0.235252341,0.250547366,0.001615233
5213,2020-08-05 05:00:00,0.000000000,0.192641528,0.224774865,0.228006171,0.235253130,0.250548450,0.005948319
5214,2020-08-05 06:00:00,0.000000000,0.192641165,0.224777171,0.228008649,0.235256032,0.250552439,0.006877277
5215,2020-08-05 07:00:00,0.000000000,0.192640744,0.224779837,0.228011514,0.235259387,0.250557051,0.005336030
5216,2020-08-05 08:00:00,0.000000000,0.192640417,0.224781905,0.228013737,0.235261991,0.250560630,0.002634207
5217,2020-08-05 09:00:00,0.000000000,0.192640256,0.224782926,0.228014834,0.235263276,0.250562397,0.002024556
5218,2020-08-05 10:00:00,0.000000000,0.192640132,0.224783711,0.228015678,0.235264264,0.250563755,0.004892996
5219,2020-08-05 11:00:00,0.000000000,0.192639833,0.224785608,0.228017716,0.235266652,0.250567037,0.003398373
5220,2020-08-05 12:00:00,0.000000000,0.192640224,0.224783129,0.228015052,0.235263532,0.250562748,0.000000000
5221,2020-08-05 13:00:00,0.000000000,0.192644261,0.224757546,0.227987557,0.235231331,0.250518489,0.000000000
5222,2020-08-05 14:00:00,0.000000000,0.192653846,0.224696739,0.227922209,0.235154808,0.250413347,0.000000000
5223,2020-08-05 15:00:00,0.000000000,0.192670768,0.224589203,0.227806656,0.235019532,0.250227600,0.000000000
5224,2020-08-05 16:00:00,0.000000000,0.192693352,0.224445303,0.227652054,0.234838615,0.249979427,0.000000000
5225,2020-08-05 17:00:00,0.000000000,0.192720494,0.224271794,0.227465680,0.234620628,0.249680774,0.186598781
5226,2020-08-05 18:00:00,0.000000000,0.192728999,0.224217299,0.227407154,0.234552200,0.249587106,0.000000000
5227,2020-08-05 19:00:00,0.000000000,0.192753386,0.224060682,0.227238973,0.234355630,0.249318252,0.000000000
5228,2020-08-05 20:00:00,0.000000000,0.192777061,0.223908160,0.227075223,0.234164333,0.249056921,0.000000000
5229,2020-08-05 21:00:00,0.000000000,0.192789754,0.223826185,0.226987228,0.234061572,0.248916666,0.000000000
5230,2020-08-05 22:00:00,0.000000000,0.192797934,0.223773278,0.226930440,0.233995270,0.248826218,0.000000000
5231,2020-08-05 23:00:00,0.000000000,0.192802096,0.223746339,0.226901526,0.233961516,0.248780186,0.000000000
5232,2020-08-06 00:00:00,0.000000000,0.192803721,0.223735816,0.226890232,0.233948332,0.248762209,0.000000000
5233,2020-08-06 01:00:00,0.000000000,0.192804834,0.223728610,0.226882499,0.233939305,0.248749901,0.000000000
5234,2020-08-06 02:00:00,0.000000000,0.192805408,0.223724889,0.226878505,0.233934643,0.248743545,0.000000000
5235,2020-08-06 03:00:00,0.000000000,0.192806471,0.223718007,0.226871119,0.233926022,0.248731791,0.000000000
5236,2020-08-06 04:00:00,0.000000000,0.192806806,0.223715835,0.226868787,0.233923300,0.248728081,0.000000000
5237,2020-08-06 05:00:00,0.000000000,0.192807366,0.223712205,0.226864892,0.233918754,0.248721882,0.000000000
5238,2020-08-06 06:00:00,0.000000000,0.192807714,0.223709956,0.226862478,0.233915936,0.248718041,0.000000000
5239,2020-08-06 07:00:00,0.000000000,0.192808138,0.223707206,0.226859527,0.233912492,0.248713346,0.000000000
5240,2020-08-06 08:00:00,0.000000000,0.192808763,0.223703155,0.226855180,0.233907417,0.248706429,0.000000000
5241,2020-08-06 09:00:00,0.000000000,0.192809489,0.223698447,0.226850127,0.233901520,0.248698390,0.000000000
5242,2020-08-06 10:00:00,0.000000000,0.192810292,0.223693244,0.226844543,0.233895002,0.248689506,0.000000000
5243,2020-08-06 11:00:00,0.000000000,0.192810674,0.223690769,0.226841886,0.233891901,0.248685279,0.000000000
5244,2020-08-06 12:00:00,0.000000000,0.192811147,0.223687706,0.226838599,0.233888065,0.248680050,0.000000000
5245,2020-08-06 13:00:00,0.000000000,0.192815585,0.223658924,0.226807711,0.233852016,0.248630921,0.000000000
5246,2020-08-06 14:00:00,0.000000000,0.192824582,0.223600531,0.226745049,0.233778895,0.248531300,0.000000000
5247,2020-08-06 15:00:00,0.000000000,0.192837706,0.223515230,0.226653521,0.233672113,0.248385900,0.000000000
5248,2020-08-06 16:00:00,0.000000000,0.192852085,0.223421593,0.226553058,0.233554941,0.248226460,0.000000000
5249,2020-08-06 17:00:00,0.000000000,0.192867505,0.223320977,0.226445123,0.233429091,0.248055339,0.000000000
5250,2020-08-06 18:00:00,0.000000000,0.192881652,0.223228485,0.226345915,0.233313453,0.247898217,0.000000000
5251,2020-08-06 19:00:00,0.000000000,0.192897461,0.223124915,0.226234838,0.233184019,0.247722480,0.000000000
5252,2020-08-06 20:00:00,0.000000000,0.192911326,0.223033894,0.226137234,0.233070318,0.247568217,0.000000000
5253,2020-08-06 21:00:00,0.000000000,0.192919779,0.222978322,0.226077647,0.233000922,0.247474115,0.000000000
5254,2020-08-06 22:00:00,0.000000000,0.192922732,0.222958889,0.226056812,0.232976658,0.247441223,0.000000000
5255,2020-08-06 23:00:00,0.000000000,0.192925129,0.222943109,0.226039893,0.232956958,0.247414520,0.000000000
5256,2020-08-07 00:00:00,0.000000000,0.192926708,0.222932717,0.226028751,0.232943984,0.247396937,0.000000000
5257,2020-08-07 01:00:00,0.000000000,0.192927543,0.222927220,0.226022857,0.232937121,0.247387636,0.000000000
5258,2020-08-07 02:00:00,0.000000000,0.192927938,0.222924617,0.226020066,0.232933872,0.247383233,0.000000000
5259,2020-08-07 03:00:00,0.000000000,0.192928145,0.222923252,0.226018603,0.232932168,0.247380924,0.000000000
5260,2020-08-07 04:00:00,0.000000000,0.192928234,0.222922669,0.226017978,0.232931440,0.247379938,0.000000000
5261,2020-08-07 05:00:00,0.000000000,0.192928371,0.222921768,0.226017012,0.232930315,0.247378413,0.000000000
5262,2020-08-07 06:00:00,0.000000000,0.192928535,0.222920682,0.226015848,0.232928960,0.247376577,0.000000000
5263,2020-08-07 07:00:00,0.000000000,0.192928677,0.222919753,0.226014852,0.232927800,0.247375005,0.000000000
5264,2020-08-07 08:00:00,0.000000000,0.192928759,0.222919753,0.226014852,0.232927800,0.247375005,0.000000000
5265,2020-08-07 09:00:00,0.000000000,0.192928821,0.222918801,0.226013832,0.232926613,0.247373396,0.000000000
5266,2020-08-07 10:00:00,0.000000000,0.192929201,0.222916298,0.226011148,0.232923488,0.247369162,0.000000000
5267,2020-08-07 11:00:00,0.000000000,0.192929326,0.222915475,0.226010266,0.232922461,0.247367769,0.000000000
5268,2020-08-07 12:00:00,0.000000000,0.192930256,0.222909349,0.226003698,0.232914814,0.247357407,0.000000000
5269,2020-08-07 13:00:00,0.000000000,0.192932689,0.222893321,0.225986514,0.232894807,0.247330300,0.000000000
5270,2020-08-07 14:00:00,0.000000000,0.192937150,0.222863914,0.225954989,0.232858106,0.247280580,0.057894745
5271,2020-08-07 15:00:00,0.000000000,0.192936859,0.222865831,0.225957044,0.232860498,0.247283821,0.000000000
5272,2020-08-07 16:00:00,0.000000000,0.192943509,0.222821964,0.225910017,0.232805757,0.247209681,0.000000000
5273,2020-08-07 17:00:00,0.000000000,0.192950691,0.222774543,0.225859184,0.232746593,0.247129579,0.000000000
5274,2020-08-07 18:00:00,0.000000000,0.192960912,0.222706972,0.225786758,0.232662312,0.247015520,0.000000000
5275,2020-08-07 19:00:00,0.000000000,0.192968100,0.222659395,0.225735765,0.232602983,0.246935263,0.000000000
5276,2020-08-07 20:00:00,0.000000000,0.192974117,0.222619536,0.225693047,0.232553288,0.246868061,0.000000000
5277,2020-08-07 21:00:00,0.000000000,0.192978005,0.222593767,0.225665431,0.232521165,0.246824632,0.000000000
5278,2020-08-07 22:00:00,0.000000000,0.192979012,0.222587083,0.225658269,0.232512835,0.246813370,0.000000000
5279,2020-08-07 23:00:00,0.000000000,0.192980435,0.222577648,0.225648157,0.232501074,0.246797473,0.000000000
5280,2020-08-08 00:00:00,0.000000000,0.192981256,0.222572203,0.225642323,0.232494287,0.246788300,0.000000000
5281,2020-08-08 01:00:00,0.000000000,0.192982317,0.222565164,0.225634779,0.232485514,0.246776442,0.000000000
5282,2020-08-08 02:00:00,0.000000000,0.192982996,0.222560658,0.225629950,0.232479897,0.246768851,0.000000000
5283,2020-08-08 03:00:00,0.000000000,0.192983729,0.222555792,0.225624736,0.232473833,0.246760655,0.000000000
5284,2020-08-08 04:00:00,0.000000000,0.192984315,0.222551908,0.225620574,0.232468993,0.246754114,0.000000000
5285,2020-08-08 05:00:00,0.000000000,0.192984872,0.222548207,0.225616608,0.232464380,0.246747881,0.000000000
5286,2020-08-08 06:00:00,0.000000000,0.192985270,0.222545568,0.225613780,0.232461092,0.246743436,0.000000000
5287,2020-08-08 07:00:00,0.000000000,0.192985950,0.222541053,0.225608942,0.232455465,0.246735832,0.000000000
5288,2020-08-08 08:00:00,0.000000000,0.192986366,0.222538290,0.225605981,0.232452022,0.246731180,0.000000000
5289,2020-08-08 09:00:00,0.000000000,0.192986783,0.222535524,0.225603017,0.232448575,0.246726522,0.000000000
5290,2020-08-08 10:00:00,0.000000000,0.192987253,0.222532402,0.225599672,0.232444685,0.246721265,0.000000000
5291,2020-08-08 11:00:00,0.000000000,0.192987740,0.222529167,0.225596205,0.232440652,0.246715817,0.000000000
5292,2020-08-08 12:00:00,0.000000000,0.192989459,0.222517753,0.225583974,0.232426429,0.246696600,0.000000000
5293,2020-08-08 13:00:00,0.000000000,0.192992939,0.222494638,0.225559206,0.232397628,0.246657690,0.000000000
5294,2020-08-08 14:00:00,0.000000000,0.192999978,0.222447842,0.225509064,0.232339327,0.246578948,0.000000000
5295,2020-08-08 15:00:00,0.000000000,0.193010829,0.222375622,0.225431686,0.232249376,0.246457511,0.000000000
5296,2020-08-08 16:00:00,0.000000000,0.193024936,0.222281565,0.225330924,0.232132269,0.246299510,0.000000000
5297,2020-08-08 17:00:00,0.000000000,0.193040241,0.222179320,0.225221403,0.232005022,0.246127952,0.000000000
5298,2020-08-08 18:00:00,0.000000000,0.193056178,0.222072620,0.225107126,0.231872292,0.245949139,0.000000000
5299,2020-08-08 19:00:00,0.000000000,0.193073082,0.221959188,0.224985656,0.231731253,0.245759285,0.000000000
5300,2020-08-08 20:00:00,0.000000000,0.193085929,0.221872803,0.224893161,0.231623892,0.245614869,0.000000000
5301,2020-08-08 21:00:00,0.000000000,0.193093499,0.221821827,0.224838584,0.231560556,0.245529715,0.000000000
5302,2020-08-08 22:00:00,0.000000000,0.193097203,0.221796865,0.224811860,0.231529547,0.245488036,0.000000000
5303,2020-08-08 23:00:00,0.000000000,0.193100364,0.221775551,0.224789043,0.231503072,0.245452458,0.000000000
5304,2020-08-09 00:00:00,0.000000000,0.193103728,0.221752862,0.224764754,0.231474892,0.245414593,0.000000000
5305,2020-08-09 01:00:00,0.000000000,0.193105787,0.221738973,0.224749885,0.231457643,0.245391419,0.000000000
5306,2020-08-09 02:00:00,0.000000000,0.193106253,0.221735824,0.224746515,0.231453732,0.245386166,0.000000000
5307,2020-08-09 03:00:00,0.000000000,0.193106332,0.221735290,0.224745943,0.231453069,0.245385275,0.002137365
5308,2020-08-09 04:00:00,0.000000000,0.193106207,0.221736132,0.224746845,0.231454115,0.245386680,0.006515423
5309,2020-08-09 05:00:00,0.000000000,0.193105827,0.221738700,0.224749593,0.231457304,0.245390964,0.010475827
5310,2020-08-09 06:00:00,0.000000000,0.193105215,0.221742827,0.224754012,0.231462430,0.245397850,0.010083194
5311,2020-08-09 07:00:00,0.000000000,0.193104627,0.221746800,0.224758265,0.231467364,0.245404479,0.011175903
5312,2020-08-09 08:00:00,0.000000000,0.193103974,0.221751204,0.224762979,0.231472832,0.245411826,0.010128717
5313,2020-08-09 09:00:00,0.000000000,0.193103382,0.221755194,0.224767251,0.231477789,0.245418485,0.009079325
5314,2020-08-09 10:00:00,0.000000000,0.193102852,0.221758772,0.224771080,0.231482232,0.245424455,0.012950180
5315,2020-08-09 11:00:00,0.000000000,0.193102096,0.221763874,0.224776542,0.231488568,0.245432969,0.011606986
5316,2020-08-09 12:00:00,0.000000000,0.193101813,0.221765784,0.224778587,0.231490941,0.245436157,0.005927909
5317,2020-08-09 13:00:00,0.000000000,0.193103746,0.221752741,0.224764625,0.231474742,0.245414392,0.000000000
5318,2020-08-09 14:00:00,0.000000000,0.193109593,0.221713280,0.224722382,0.231425737,0.245348561,0.000000000
5319,2020-08-09 15:00:00,0.000000000,0.193121783,0.221630894,0.224634197,0.231323453,0.245211218,0.000000000
5320,2020-08-09 16:00:00,0.000000000,0.193138658,0.221516622,0.224511896,0.231181643,0.245020936,0.000000000
5321,2020-08-09 17:00:00,0.000000000,0.193157856,0.221386291,0.224372430,0.231019988,0.244804216,0.000000000
5322,2020-08-09 18:00:00,0.000000000,0.193180055,0.221235155,0.224210730,0.230832641,0.244553307,0.000000000
5323,2020-08-09 19:00:00,0.000000000,0.193200251,0.221097244,0.224063206,0.230661794,0.244324732,0.000000000
5324,2020-08-09 20:00:00,0.000000000,0.193216933,0.220983032,0.223941053,0.230520382,0.244135707,0.000000000
5325,2020-08-09 21:00:00,0.000000000,0.193224865,0.220928632,0.223882876,0.230453050,0.244045759,0.000000000
5326,2020-08-09 22:00:00,0.000000000,0.193231190,0.220885208,0.223836441,0.230399315,0.243974000,0.000000000
5327,2020-08-09 23:00:00,0.000000000,0.193234210,0.220864464,0.223814259,0.230373649,0.243939732,0.000000000
5328,2020-08-10 00:00:00,0.000000000,0.193235861,0.220853120,0.223802130,0.230359614,0.243920997,0.000000000
5329,2020-08-10 01:00:00,0.000000000,0.193237131,0.220844388,0.223792792,0.230348811,0.243906575,0.000000000
5330,2020-08-10 02:00:00,0.000000000,0.193237813,0.220839700,0.223787779,0.230343011,0.243898834,0.000000000
5331,2020-08-10 03:00:00,0.000000000,0.193239050,0.220831199,0.223778689,0.230332495,0.243884797,0.000000000
5332,2020-08-10 04:00:00,0.000000000,0.193239496,0.220828131,0.223775409,0.230328700,0.243879731,0.000000000
5333,2020-08-10 05:00:00,0.000000000,0.193239655,0.220827037,0.223774239,0.230327346,0.243877925,0.000000000
5334,2020-08-10 06:00:00,0.000000000,0.193239790,0.220826108,0.223773246,0.230326197,0.243876391,0.000000000
5335,2020-08-10 07:00:00,0.000000000,0.193239890,0.220825421,0.223772512,0.230325348,0.243875258,0.000000000
5336,2020-08-10 08:00:00,0.000000000,0.193240013,0.220824574,0.223771606,0.230324300,0.243873859,0.000000000
5337,2020-08-10 09:00:00,0.000000000,0.193240016,0.220824574,0.223771606,0.230324300,0.243873859,0.003354545
5338,2020-08-10 10:00:00,0.000000000,0.193239820,0.220825899,0.223773023,0.230325939,0.243876047,0.005325597
5339,2020-08-10 11:00:00,0.000000000,0.193239514,0.220828008,0.223775278,0.230328548,0.243879529,0.011903871
5340,2020-08-10 12:00:00,0.000000000,0.193239043,0.220831245,0.223778739,0.230332552,0.243884873,0.001712926
5341,2020-08-10 13:00:00,0.000000000,0.193241424,0.220814874,0.223761234,0.230312301,0.243857845,0.000000000
5342,2020-08-10 14:00:00,0.000000000,0.193249429,0.220759780,0.223702329,0.230244160,0.243766924,0.000000000
5343,2020-08-10 15:00:00,0.000000000,0.193263964,0.220659595,0.223595222,0.230120289,0.243601733,0.000000000
5344,2020-08-10 16:00:00,0.000000000,0.193282345,0.220532597,0.223459470,0.229963343,0.243392601,0.000000000
5345,2020-08-10 17:00:00,0.000000000,0.193302174,0.220395228,0.223312656,0.229793674,0.243166726,0.000000000
5346,2020-08-10 18:00:00,0.000000000,0.193320627,0.220267042,0.223175679,0.229635437,0.242956264,0.000000000
5347,2020-08-10 19:00:00,0.000000000,0.193339353,0.220136617,0.223036331,0.229474522,0.242742434,0.000000000
5348,2020-08-10 20:00:00,0.000000000,0.193356381,0.220017711,0.222909312,0.229327898,0.242547762,0.000000000
5349,2020-08-10 21:00:00,0.000000000,0.193372633,0.219903962,0.222787818,0.229187700,0.242361772,0.000000000
5350,2020-08-10 22:00:00,0.000000000,0.193378972,0.219859517,0.222740352,0.229132939,0.242289165,0.000000000
5351,2020-08-10 23:00:00,0.000000000,0.193380832,0.219846473,0.222726422,0.229116869,0.242267862,0.000000000
5352,2020-08-11 00:00:00,0.000000000,0.193382198,0.219836888,0.222716185,0.229105062,0.242252210,0.000000000
5353,2020-08-11 01:00:00,0.000000000,0.193382591,0.219834127,0.222713237,0.229101660,0.242247701,0.000000000
5354,2020-08-11 02:00:00,0.000000000,0.193382810,0.219832589,0.222711594,0.229099766,0.242245190,0.000932566
5355,2020-08-11 03:00:00,0.000000000,0.193382418,0.219832589,0.222711594,0.229099766,0.242245190,0.004093924
5356,2020-08-11 04:00:00,0.000000000,0.193382525,0.219834589,0.222713731,0.229102230,0.242248457,0.005479367
5357,2020-08-11 05:00:00,0.000000000,0.193382214,0.219836770,0.222716060,0.229104916,0.242252018,0.007587909
5358,2020-08-11 06:00:00,0.000000000,0.193381784,0.219839790,0.222719284,0.229108636,0.242256948,0.009171334
5359,2020-08-11 07:00:00,0.000000000,0.193381264,0.219843439,0.222723182,0.229113132,0.242262908,0.007254998
5360,2020-08-11 08:00:00,0.000000000,0.193380853,0.219846326,0.222726265,0.229116689,0.242267622,0.006926935
5361,2020-08-11 09:00:00,0.000000000,0.193380460,0.219849083,0.222729209,0.229120085,0.242272124,0.007442282
5362,2020-08-11 10:00:00,0.000000000,0.193380037,0.219852044,0.222732371,0.229123733,0.242276960,0.009502512
5363,2020-08-11 11:00:00,0.000000000,0.193379498,0.219855825,0.222736409,0.229128391,0.242283135,0.009230851
5364,2020-08-11 12:00:00,0.000000000,0.193379194,0.219855825,0.222736409,0.229128391,0.242283135,0.004999562
5365,2020-08-11 13:00:00,0.000000000,0.193381476,0.219841952,0.222721593,0.229111300,0.242260479,0.000000000
5366,2020-08-11 14:00:00,0.000000000,0.193388584,0.219792051,0.222668304,0.229049833,0.242179016,0.000000000
5367,2020-08-11 15:00:00,0.000000000,0.193402356,0.219695225,0.222564915,0.228930603,0.242021079,0.000000000
5368,2020-08-11 16:00:00,0.000000000,0.193421950,0.219557143,0.222417492,0.228760651,0.241796135,0.000000000
5369,2020-08-11 17:00:00,0.000000000,0.193444139,0.219400298,0.222250068,0.228567726,0.241541041,0.000000000
5370,2020-08-11 18:00:00,0.000000000,0.193467335,0.219235791,0.222074501,0.228365511,0.241273955,0.000000000
5371,2020-08-11 19:00:00,0.000000000,0.193487129,0.219094977,0.221924248,0.228192529,0.241045718,0.000000000
5372,2020-08-11 20:00:00,0.000000000,0.193503431,0.218978701,0.221800198,0.228049767,0.240857517,0.000000000
5373,2020-08-11 21:00:00,0.000000000,0.193514407,0.218900259,0.221716521,0.227953495,0.240730687,0.000000000
5374,2020-08-11 22:00:00,0.000000000,0.193521841,0.218847052,0.221659767,0.227888212,0.240644719,0.000000000
5375,2020-08-11 23:00:00,0.000000000,0.193527049,0.218809748,0.221619979,0.227842450,0.240584476,0.000000000
5376,2020-08-12 00:00:00,0.000000000,0.193529421,0.218792751,0.221601850,0.227821601,0.240557034,0.000000000
5377,2020-08-12 01:00:00,0.000000000,0.193530587,0.218784393,0.221592937,0.227811350,0.240543543,0.000000000
5378,2020-08-12 02:00:00,0.000000000,0.193531114,0.218780616,0.221588908,0.227806717,0.240537446,0.000000000
5379,2020-08-12 03:00:00,0.000000000,0.193531697,0.218776430,0.221584443,0.227801582,0.240530689,0.000000000
5380,2020-08-12 04:00:00,0.000000000,0.193532080,0.218773687,0.221581518,0.227798218,0.240526262,0.000000000
5381,2020-08-12 05:00:00,0.000000000,0.193532147,0.218773207,0.221581006,0.227797630,0.240525488,0.002438353
5382,2020-08-12 06:00:00,0.000000000,0.193532011,0.218774182,0.221582047,0.227798826,0.240527062,0.003656902
5383,2020-08-12 07:00:00,0.000000000,0.193531807,0.218775646,0.221583607,0.227800621,0.240529424,0.001292335
5384,2020-08-12 08:00:00,0.000000000,0.193531735,0.218776163,0.221584159,0.227801255,0.240530259,0.254677892
5385,2020-08-12 09:00:00,0.000000000,0.193517713,0.218876606,0.221691290,0.227924472,0.240692463,0.000000000
5386,2020-08-12 10:00:00,0.000000000,0.193517775,0.218876161,0.221690816,0.227923926,0.240691745,0.001256195
5387,2020-08-12 11:00:00,0.000000000,0.193517705,0.218876664,0.221691352,0.227924542,0.240692557,0.010293597
5388,2020-08-12 12:00:00,0.000000000,0.193517183,0.218880396,0.221695333,0.227929122,0.240698587,0.004190279
5389,2020-08-12 13:00:00,0.000000000,0.193517371,0.218879054,0.221693901,0.227927475,0.240696418,0.000000000
5390,2020-08-12 14:00:00,0.000000000,0.193521512,0.218849410,0.221662282,0.227891105,0.240648528,0.000000000
5391,2020-08-12 15:00:00,0.000000000,0.193535598,0.218748454,0.221554607,0.227767273,0.240485543,0.000000000
5392,2020-08-12 16:00:00,0.000000000,0.193551122,0.218636945,0.221435692,0.227630557,0.240305728,0.000000000
5393,2020-08-12 17:00:00,0.000000000,0.193568457,0.218512132,0.221302609,0.227477604,0.240104716,0.000000000
5394,2020-08-12 18:00:00,0.000000000,0.193586610,0.218381084,0.221162899,0.227317093,0.239893951,0.000000000
5395,2020-08-12 19:00:00,0.000000000,0.193603567,0.218258361,0.221032085,0.227166857,0.239696844,0.000000000
5396,2020-08-12 20:00:00,0.000000000,0.193618867,0.218147365,0.220913788,0.227031042,0.239518794,0.000000000
5397,2020-08-12 21:00:00,0.000000000,0.193625699,0.218097720,0.220860883,0.226970316,0.239439226,0.000000000
5398,2020-08-12 22:00:00,0.000000000,0.193626725,0.218090258,0.220852931,0.226961190,0.239427270,0.000000000
5399,2020-08-12 23:00:00,0.000000000,0.193629465,0.218070330,0.220831696,0.226936818,0.239395346,0.000000000
5400,2020-08-13 00:00:00,0.000000000,0.193630229,0.218064774,0.220825775,0.226930024,0.239386446,0.001966119
5401,2020-08-13 01:00:00,0.000000000,0.193630120,0.218065564,0.220826616,0.226930989,0.239387710,0.005591651
5402,2020-08-13 02:00:00,0.000000000,0.193629811,0.218067809,0.220829009,0.226933734,0.239391306,0.008818879
5403,2020-08-13 03:00:00,0.000000000,0.193629325,0.218071349,0.220832781,0.226938064,0.239396977,0.007841710
5404,2020-08-13 04:00:00,0.000000000,0.193628892,0.218074497,0.220836136,0.226941914,0.239402020,0.006620009
5405,2020-08-13 05:00:00,0.000000000,0.193628527,0.218077154,0.220838968,0.226945164,0.239406277,0.000000000
5406,2020-08-13 06:00:00,0.000000000,0.193628623,0.218077154,0.220838968,0.226945164,0.239406277,0.000000000
5407,2020-08-13 07:00:00,0.000000000,0.193628767,0.218075406,0.220837104,0.226943025,0.239403476,0.320969031
5408,2020-08-13 08:00:00,0.000000000,0.193611869,0.218198165,0.220967928,0.227093194,0.239600257,3.245905100
5409,2020-08-13 09:00:00,0.000000000,0.193449526,0.219362137,0.222209339,0.228520806,0.241479042,0.000000000
5410,2020-08-13 10:00:00,0.000000000,0.193450333,0.219356422,0.222203239,0.228513780,0.241469760,0.000000000
5411,2020-08-13 11:00:00,0.000000000,0.193450996,0.219351722,0.222198223,0.228508001,0.241462126,0.000000000
5412,2020-08-13 12:00:00,0.000000000,0.193452198,0.219343203,0.222189131,0.228497528,0.241448290,0.000000000
5413,2020-08-13 13:00:00,0.000000000,0.193452833,0.219338703,0.222184328,0.228491996,0.241440982,0.000000000
5414,2020-08-13 14:00:00,0.000000000,0.193454657,0.219325770,0.222170525,0.228476098,0.241419982,0.000000000
5415,2020-08-13 15:00:00,0.000000000,0.193465574,0.219248297,0.222087847,0.228380879,0.241294244,0.000000000
5416,2020-08-13 16:00:00,0.000000000,0.193481404,0.219135744,0.221967745,0.228242599,0.241111760,0.000000000
5417,2020-08-13 17:00:00,0.000000000,0.193496338,0.219029328,0.221854207,0.228111917,0.240939430,0.000000000
5418,2020-08-13 18:00:00,0.000000000,0.193509472,0.218935537,0.221754152,0.227996788,0.240787713,0.000000000
5419,2020-08-13 19:00:00,0.000000000,0.193523836,0.218832766,0.221644530,0.227870686,0.240621646,0.000000000
5420,2020-08-13 20:00:00,0.000000000,0.193532306,0.218772067,0.221579790,0.227796231,0.240523648,0.000000000
5421,2020-08-13 21:00:00,0.000000000,0.193537537,0.218734537,0.221539765,0.227750207,0.240463089,0.000000000
5422,2020-08-13 22:00:00,0.000000000,0.193538812,0.218725387,0.221530007,0.227738987,0.240448329,0.000000000
5423,2020-08-13 23:00:00,0.000000000,0.193539764,0.218718555,0.221522721,0.227730609,0.240437308,0.000000000
5424,2020-08-14 00:00:00,0.000000000,0.193540168,0.218715653,0.221519627,0.227727051,0.240432628,0.000000000
5425,2020-08-14 01:00:00,0.000000000,0.193540656,0.218712152,0.221515892,0.227722758,0.240426980,0.000000000
5426,2020-08-14 02:00:00,0.000000000,0.193540958,0.218709979,0.221513575,0.227720093,0.240423475,0.000000000
5427,2020-08-14 03:00:00,0.000000000,0.193541193,0.218708296,0.221511781,0.227718030,0.240420762,0.000000000
5428,2020-08-14 04:00:00,0.000000000,0.193541364,0.218707064,0.221510467,0.227716520,0.240418775,0.000000000
5429,2020-08-14 05:00:00,0.000000000,0.193542366,0.218699869,0.221502793,0.227707698,0.240407170,0.000000000
5430,2020-08-14 06:00:00,0.000000000,0.193542784,0.218696868,0.221499593,0.227704018,0.240402331,0.000000000
5431,2020-08-14 07:00:00,0.000000000,0.193543276,0.218693334,0.221495824,0.227699685,0.240396631,0.000000000
5432,2020-08-14 08:00:00,0.000000000,0.193544013,0.218688039,0.221490177,0.227693193,0.240388093,0.000000000
5433,2020-08-14 09:00:00,0.000000000,0.193545216,0.218679399,0.221480964,0.227682600,0.240374162,0.000000000
5434,2020-08-14 10:00:00,0.000000000,0.193546289,0.218671688,0.221472741,0.227673147,0.240361730,0.000000000
5435,2020-08-14 11:00:00,0.000000000,0.193546728,0.218668533,0.221469376,0.227669279,0.240356643,0.000000000
5436,2020-08-14 12:00:00,0.000000000,0.193547999,0.218659395,0.221459632,0.227658076,0.240341912,0.000000000
5437,2020-08-14 13:00:00,0.000000000,0.193552123,0.218629746,0.221428016,0.227621733,0.240294127,0.000000000
5438,2020-08-14 14:00:00,0.000000000,0.193560393,0.218570235,0.221364560,0.227548797,0.240198258,0.000000000
5439,2020-08-14 15:00:00,0.000000000,0.193573837,0.218473330,0.221261241,0.227430070,0.240042280,0.000000000
5440,2020-08-14 16:00:00,0.000000000,0.193591162,0.218348172,0.221127815,0.227276795,0.239841065,0.000000000
5441,2020-08-14 17:00:00,0.000000000,0.193611068,0.218203970,0.220974114,0.227100296,0.239609568,0.000000000
5442,2020-08-14 18:00:00,0.000000000,0.193629333,0.218071286,0.220832714,0.226937987,0.239396877,0.000000000
5443,2020-08-14 19:00:00,0.000000000,0.193646890,0.217943412,0.220696461,0.226781644,0.239192178,0.000000000
5444,2020-08-14 20:00:00,0.000000000,0.193661564,0.217836278,0.220582323,0.226650720,0.239020894,0.000000000
5445,2020-08-14 21:00:00,0.000000000,0.193677304,0.217721095,0.220459626,0.226510024,0.238836958,0.000000000
5446,2020-08-14 22:00:00,0.000000000,0.193683926,0.217672559,0.220407929,0.226450756,0.238759517,0.000000000
5447,2020-08-14 23:00:00,0.000000000,0.193686861,0.217651036,0.220385005,0.226424479,0.238725190,0.000000000
5448,2020-08-15 00:00:00,0.000000000,0.193689549,0.217631310,0.220363996,0.226400397,0.238693735,0.000000000
5449,2020-08-15 01:00:00,0.000000000,0.193692936,0.217606442,0.220337511,0.226370040,0.238654090,0.000000000
5450,2020-08-15 02:00:00,0.000000000,0.193695041,0.217590986,0.220321051,0.226351174,0.238629455,0.000000000
5451,2020-08-15 03:00:00,0.000000000,0.193697897,0.217570001,0.220298702,0.226325561,0.238596014,0.000000000
5452,2020-08-15 04:00:00,0.000000000,0.193700861,0.217548214,0.220275499,0.226298971,0.238561302,0.000000000
5453,2020-08-15 05:00:00,0.000000000,0.193703496,0.217528840,0.220254868,0.226275329,0.238530442,0.000000000
5454,2020-08-15 06:00:00,0.000000000,0.193705663,0.217512900,0.220237893,0.226255878,0.238505056,0.000000000
5455,2020-08-15 07:00:00,0.000000000,0.193707940,0.217496145,0.220220052,0.226235435,0.238478378,0.000000000
5456,2020-08-15 08:00:00,0.000000000,0.193710354,0.217478372,0.220201125,0.226213750,0.238450082,0.000000000
5457,2020-08-15 09:00:00,0.000000000,0.193712593,0.217461889,0.220183574,0.226193642,0.238423846,0.000000000
5458,2020-08-15 10:00:00,0.000000000,0.193713606,0.217454429,0.220175630,0.226184540,0.238411973,0.000000000
5459,2020-08-15 11:00:00,0.000000000,0.193716520,0.217432959,0.220152769,0.226158350,0.238377808,0.000000000
5460,2020-08-15 12:00:00,0.000000000,0.193720776,0.217401588,0.220119366,0.226120086,0.238327902,0.000000000
5461,2020-08-15 13:00:00,0.000000000,0.193727210,0.217354121,0.220068827,0.226062198,0.238252420,0.000000000
5462,2020-08-15 14:00:00,0.000000000,0.193736360,0.217286543,0.219996881,0.225979804,0.238145024,0.000000000
5463,2020-08-15 15:00:00,0.000000000,0.193748046,0.217200095,0.219904852,0.225874434,0.238007748,0.000000000
5464,2020-08-15 16:00:00,0.000000000,0.193762882,0.217090127,0.219787800,0.225740449,0.237833303,0.000000000
5465,2020-08-15 17:00:00,0.000000000,0.193778396,0.216974876,0.219665140,0.225600090,0.237650690,0.000000000
5466,2020-08-15 18:00:00,0.000000000,0.193790575,0.216884203,0.219568651,0.225489709,0.237507176,0.000000000
5467,2020-08-15 19:00:00,0.000000000,0.193802045,0.216798664,0.219477634,0.225385614,0.237371909,0.000000000
5468,2020-08-15 20:00:00,0.000000000,0.193812650,0.216719442,0.219393348,0.225289238,0.237246740,0.000000000
5469,2020-08-15 21:00:00,0.000000000,0.193820470,0.216660945,0.219331116,0.225218094,0.237154381,0.000000000
5470,2020-08-15 22:00:00,0.000000000,0.193825194,0.216625576,0.219293490,0.225175086,0.237098564,0.000000000
5471,2020-08-15 23:00:00,0.000000000,0.193828869,0.216598038,0.219264197,0.225141605,0.237055121,0.000000000
5472,2020-08-16 00:00:00,0.000000000,0.193831499,0.216578322,0.219243225,0.225117636,0.237024024,0.000000000
5473,2020-08-16 01:00:00,0.000000000,0.193833819,0.216560921,0.219224715,0.225096483,0.236996585,0.000000000
5474,2020-08-16 02:00:00,0.000000000,0.193835812,0.216545971,0.219208814,0.225078311,0.236973014,0.000000000
5475,2020-08-16 03:00:00,0.000000000,0.193837184,0.216535683,0.219197871,0.225065806,0.236956796,0.000000000
5476,2020-08-16 04:00:00,0.000000000,0.193838112,0.216528717,0.219190461,0.225057339,0.236945815,0.000000000
5477,2020-08-16 05:00:00,0.000000000,0.193838498,0.216525816,0.219187375,0.225053813,0.236941242,0.000000000
5478,2020-08-16 06:00:00,0.000000000,0.193839291,0.216519870,0.219181051,0.225046586,0.236931870,0.000000000
5479,2020-08-16 07:00:00,0.000000000,0.193840090,0.216513865,0.219174664,0.225039288,0.236922406,0.000000000
5480,2020-08-16 08:00:00,0.000000000,0.193841163,0.216505815,0.219166101,0.225029504,0.236909719,0.000000000
5481,2020-08-16 09:00:00,0.000000000,0.193842366,0.216496778,0.219156490,0.225018522,0.236895479,0.000000000
5482,2020-08-16 10:00:00,0.000000000,0.193843773,0.216486211,0.219145251,0.225005680,0.236878829,0.000000000
5483,2020-08-16 11:00:00,0.000000000,0.193845002,0.216476976,0.219135429,0.224994459,0.236864280,0.000000000
5484,2020-08-16 12:00:00,0.000000000,0.193846722,0.216464058,0.219121689,0.224978761,0.236843930,0.000000000
5485,2020-08-16 13:00:00,0.000000000,0.193849583,0.216442550,0.219098815,0.224952628,0.236810054,0.000000000
5486,2020-08-16 14:00:00,0.000000000,0.193853833,0.216410590,0.219064824,0.224913798,0.236759729,0.000000000
5487,2020-08-16 15:00:00,0.000000000,0.193858743,0.216373637,0.219025526,0.224868909,0.236701564,0.463157960
5488,2020-08-16 16:00:00,0.000000000,0.193836542,0.216540500,0.219202994,0.225071661,0.236964389,1.939222261
5489,2020-08-16 17:00:00,0.000000000,0.193739128,0.217266074,0.219975090,0.225954852,0.238112509,1.763761566
5490,2020-08-16 18:00:00,0.000000000,0.193649475,0.217924556,0.220676372,0.226758597,0.239162019,0.826917363
5491,2020-08-16 19:00:00,0.000000000,0.193606751,0.218235280,0.221007484,0.227138610,0.239659801,0.439479084
5492,2020-08-16 20:00:00,0.000000000,0.193584727,0.218394699,0.221177413,0.227333765,0.239915834,1.485419557
5493,2020-08-16 21:00:00,0.000000000,0.193507593,0.218948966,0.221768477,0.228013270,0.240809427,1.366574668
5494,2020-08-16 22:00:00,0.000000000,0.193435809,0.219459236,0.222312978,0.228640207,0.241636847,1.558340171
5495,2020-08-16 23:00:00,0.000000000,0.193353464,0.220038100,0.222931091,0.229353035,0.242581125,1.063258435
5496,2020-08-17 00:00:00,0.000000000,0.193295950,0.220438385,0.223358777,0.229846968,0.243237651,0.485356856
5497,2020-08-17 01:00:00,0.000000000,0.193269616,0.220620575,0.223553509,0.230072058,0.243537445,0.677726700
5498,2020-08-17 02:00:00,0.000000000,0.193232397,0.220876923,0.223827581,0.230389063,0.243960312,0.095023682
5499,2020-08-17 03:00:00,0.000000000,0.193227849,0.220908148,0.223860972,0.230427701,0.244011905,0.000000000
5500,2020-08-17 04:00:00,0.000000000,0.193228622,0.220902847,0.223855303,0.230421141,0.244003145,0.000000000
5501,2020-08-17 05:00:00,0.000000000,0.193229335,0.220897949,0.223850065,0.230415080,0.243995051,0.000000000
5502,2020-08-17 06:00:00,0.000000000,0.193230119,0.220892563,0.223844305,0.230408415,0.243986151,0.000000000
5503,2020-08-17 07:00:00,0.000000000,0.193231003,0.220886491,0.223837813,0.230400903,0.243976120,0.000000000
5504,2020-08-17 08:00:00,0.000000000,0.193231862,0.220880594,0.223831507,0.230393605,0.243966376,0.000000000
5505,2020-08-17 09:00:00,0.000000000,0.193232843,0.220873856,0.223824302,0.230385269,0.243955246,0.000000000
5506,2020-08-17 10:00:00,0.000000000,0.193233610,0.220868585,0.223818665,0.230378747,0.243946538,0.000000000
5507,2020-08-17 11:00:00,0.000000000,0.193234324,0.220863677,0.223813418,0.230372676,0.243938433,0.000000000
5508,2020-08-17 12:00:00,0.000000000,0.193235097,0.220858372,0.223807745,0.230366112,0.243929670,0.000000000
5509,2020-08-17 13:00:00,0.000000000,0.193237182,0.220844041,0.223792421,0.230348382,0.243906003,0.000000000
5510,2020-08-17 14:00:00,0.000000000,0.193241009,0.220817723,0.223764280,0.230315825,0.243862548,0.000000000
5511,2020-08-17 15:00:00,0.000000000,0.193251977,0.220742234,0.223683570,0.230222462,0.243737980,0.000000000
5512,2020-08-17 16:00:00,0.000000000,0.193266473,0.220642278,0.223576710,0.230098884,0.243573200,0.000000000
5513,2020-08-17 17:00:00,0.000000000,0.193281416,0.220539022,0.223466337,0.229971280,0.243403174,0.000000000
5514,2020-08-17 18:00:00,0.000000000,0.193296974,0.220431293,0.223351197,0.229838209,0.243225993,0.000000000
5515,2020-08-17 19:00:00,0.000000000,0.193310655,0.220336356,0.223249744,0.229720990,0.243070030,0.000000000
5516,2020-08-17 20:00:00,0.000000000,0.193322148,0.220256465,0.223164377,0.229622384,0.242938911,0.000000000
5517,2020-08-17 21:00:00,0.000000000,0.193330684,0.220197037,0.223100882,0.229549056,0.242841453,0.000000000
5518,2020-08-17 22:00:00,0.000000000,0.193334662,0.220169324,0.223071274,0.229514867,0.242796027,0.000000000
5519,2020-08-17 23:00:00,0.000000000,0.193338269,0.220144177,0.223044409,0.229483848,0.242754822,0.000000000
5520,2020-08-18 00:00:00,0.000000000,0.193340523,0.220128458,0.223027616,0.229464460,0.242729069,0.173684222
5521,2020-08-18 01:00:00,0.000000000,0.193331706,0.220189919,0.223093277,0.229540274,0.242829784,0.000000000
5522,2020-08-18 02:00:00,0.000000000,0.193332223,0.220186319,0.223089431,0.229535833,0.242823883,0.115789490
5523,2020-08-18 03:00:00,0.000000000,0.193325953,0.220229979,0.223136078,0.229589701,0.242895468,0.205161942
5524,2020-08-18 04:00:00,0.000000000,0.193314592,0.220309001,0.223220513,0.229687223,0.243025121,0.915997032
5525,2020-08-18 05:00:00,0.000000000,0.193263822,0.220660570,0.223596265,0.230121495,0.243603341,2.522307227
5526,2020-08-18 06:00:00,0.000000000,0.193129977,0.221575443,0.224574848,0.231254630,0.245118852,3.030399535
5527,2020-08-18 07:00:00,0.000000000,0.192969378,0.222650932,0.225726696,0.232592432,0.246920993,3.430399670
5528,2020-08-18 08:00:00,0.000000000,0.192787099,0.223843341,0.227005643,0.234083075,0.248946007,0.667065609
5529,2020-08-18 09:00:00,0.000000000,0.192748274,0.224093555,0.227274270,0.234396877,0.249374639,0.000000000
5530,2020-08-18 10:00:00,0.000000000,0.192748850,0.224089852,0.227270294,0.234392230,0.249368286,0.000000000
5531,2020-08-18 11:00:00,0.000000000,0.192749224,0.224087448,0.227267713,0.234389215,0.249364163,0.000000000
5532,2020-08-18 12:00:00,0.000000000,0.192749481,0.224087448,0.227267713,0.234389215,0.249364163,0.003261850
5533,2020-08-18 13:00:00,0.000000000,0.192749065,0.224088474,0.227268814,0.234390501,0.249365923,0.000000000
5534,2020-08-18 14:00:00,0.000000000,0.192750388,0.224079966,0.227259679,0.234379826,0.249351328,0.000000000
5535,2020-08-18 15:00:00,0.000000000,0.192756539,0.224040398,0.227217194,0.234330181,0.249283469,0.000000000
5536,2020-08-18 16:00:00,0.000000000,0.192774243,0.223926339,0.227094739,0.234187127,0.249088043,0.000000000
5537,2020-08-18 17:00:00,0.000000000,0.192795493,0.223789073,0.226947393,0.234015062,0.248853214,0.000000000
5538,2020-08-18 18:00:00,0.000000000,0.192817105,0.223649064,0.226797130,0.233839668,0.248614095,0.000000000
5539,2020-08-18 19:00:00,0.000000000,0.192836377,0.223523875,0.226662796,0.233682932,0.248400629,0.000000000
5540,2020-08-18 20:00:00,0.000000000,0.192850922,0.223429176,0.226561194,0.233564429,0.248239367,0.000000000
5541,2020-08-18 21:00:00,0.000000000,0.192858212,0.223381641,0.226510199,0.233504963,0.248158489,0.000000000
5542,2020-08-18 22:00:00,0.000000000,0.192860508,0.223366660,0.226494128,0.233486224,0.248133009,0.000000000
5543,2020-08-18 23:00:00,0.000000000,0.192861676,0.223359039,0.226485952,0.233476692,0.248120048,0.000000000
5544,2020-08-19 00:00:00,0.000000000,0.192862350,0.223354641,0.226481234,0.233471192,0.248112570,0.000000000
5545,2020-08-19 01:00:00,0.000000000,0.192862686,0.223352447,0.226478881,0.233468448,0.248108839,0.000000000
5546,2020-08-19 02:00:00,0.000000000,0.192862936,0.223350812,0.226477127,0.233466403,0.248106059,0.000000000
5547,2020-08-19 03:00:00,0.000000000,0.192863145,0.223349448,0.226475664,0.233464697,0.248103740,0.000000000
5548,2020-08-19 04:00:00,0.000000000,0.192863829,0.223344984,0.226470875,0.233459114,0.248096151,0.000000000
5549,2020-08-19 05:00:00,0.000000000,0.192864617,0.223339838,0.226465355,0.233452678,0.248087402,0.000000000
5550,2020-08-19 06:00:00,0.000000000,0.192864911,0.223337920,0.226463298,0.233450280,0.248084141,0.000000000
5551,2020-08-19 07:00:00,0.000000000,0.192865433,0.223334510,0.226459640,0.233446015,0.248078344,0.000000000
5552,2020-08-19 08:00:00,0.000000000,0.192865898,0.223331477,0.226456386,0.233442222,0.248073187,0.000000000
5553,2020-08-19 09:00:00,0.000000000,0.192866422,0.223328053,0.226452713,0.233437940,0.248067367,0.000000000
5554,2020-08-19 10:00:00,0.000000000,0.192866935,0.223324700,0.226449117,0.233433747,0.248061667,0.000000000
5555,2020-08-19 11:00:00,0.000000000,0.192867054,0.223323927,0.226448287,0.233432780,0.248060353,0.000000000
5556,2020-08-19 12:00:00,0.000000000,0.192867667,0.223319920,0.226443990,0.233427770,0.248053543,0.000000000
5557,2020-08-19 13:00:00,0.000000000,0.192870321,0.223302584,0.226425394,0.233406092,0.248024080,0.000000000
5558,2020-08-19 14:00:00,0.000000000,0.192876106,0.223264762,0.226384825,0.233358802,0.247959822,0.057894745
5559,2020-08-19 15:00:00,0.000000000,0.192880429,0.223236489,0.226354500,0.233323458,0.247911807,0.000000000
5560,2020-08-19 16:00:00,0.000000000,0.192892845,0.223155177,0.226267292,0.233221832,0.247773805,0.000000000
5561,2020-08-19 17:00:00,0.000000000,0.192904130,0.223081152,0.226187909,0.233129347,0.247648290,0.463157960
5562,2020-08-19 18:00:00,0.000000000,0.192881807,0.223227466,0.226344822,0.233312179,0.247896486,0.173684222
5563,2020-08-19 19:00:00,0.000000000,0.192875759,0.223267031,0.226387259,0.233361640,0.247963677,0.000000000
5564,2020-08-19 20:00:00,0.000000000,0.192882520,0.223222804,0.226339822,0.233306351,0.247888571,0.000000000
5565,2020-08-19 21:00:00,0.000000000,0.192888945,0.223180735,0.226294702,0.233253771,0.247817168,0.000000000
5566,2020-08-19 22:00:00,0.000000000,0.192890185,0.223172611,0.226285990,0.233243618,0.247803383,0.000000000
5567,2020-08-19 23:00:00,0.000000000,0.192890814,0.223168487,0.226281567,0.233238465,0.247796386,0.000000000
5568,2020-08-20 00:00:00,0.000000000,0.192891133,0.223166394,0.226279322,0.233235850,0.247792836,0.000000000
5569,2020-08-20 01:00:00,0.000000000,0.192891456,0.223164280,0.226277055,0.233233207,0.247789248,0.000000000
5570,2020-08-20 02:00:00,0.000000000,0.192891876,0.223161530,0.226274106,0.233229771,0.247784583,0.000000000
5571,2020-08-20 03:00:00,0.000000000,0.192892062,0.223160308,0.226272795,0.233228244,0.247782511,0.000000000
5572,2020-08-20 04:00:00,0.000000000,0.192892190,0.223159472,0.226271899,0.233227200,0.247781092,0.000000000
5573,2020-08-20 05:00:00,0.000000000,0.192892332,0.223158537,0.226270896,0.233226032,0.247779507,0.000000000
5574,2020-08-20 06:00:00,0.000000000,0.192892551,0.223157105,0.226269360,0.233224241,0.247777076,0.000000000
5575,2020-08-20 07:00:00,0.000000000,0.192892724,0.223155971,0.226268144,0.233222825,0.247775153,0.000000000
5576,2020-08-20 08:00:00,0.000000000,0.192893176,0.223153005,0.226264963,0.233219118,0.247770121,0.000000000
5577,2020-08-20 09:00:00,0.000000000,0.192893537,0.223150640,0.226262427,0.233216163,0.247766111,0.000000000
5578,2020-08-20 10:00:00,0.000000000,0.192894118,0.223146833,0.226258344,0.233211406,0.247759653,0.000000000
5579,2020-08-20 11:00:00,0.000000000,0.192894297,0.223145660,0.226257086,0.233209940,0.247757663,0.000000000
5580,2020-08-20 12:00:00,0.000000000,0.192894720,0.223142884,0.226254109,0.233206471,0.247752954,0.000000000
5581,2020-08-20 13:00:00,0.000000000,0.192897452,0.223124973,0.226234901,0.233184092,0.247722579,0.000000000
5582,2020-08-20 14:00:00,0.000000000,0.192904738,0.223077161,0.226183629,0.233124361,0.247641525,0.000000000
5583,2020-08-20 15:00:00,0.000000000,0.192917130,0.222995742,0.226096325,0.233022673,0.247503606,0.000000000
5584,2020-08-20 16:00:00,0.000000000,0.192930810,0.222905696,0.225999781,0.232910254,0.247351228,0.000000000
5585,2020-08-20 17:00:00,0.000000000,0.192948785,0.222787131,0.225872678,0.232762297,0.247150839,0.000000000
5586,2020-08-20 18:00:00,0.000000000,0.192966055,0.222672939,0.225750281,0.232619871,0.246958106,0.000000000
5587,2020-08-20 19:00:00,0.000000000,0.192984579,0.222550151,0.225618691,0.232466803,0.246751154,0.000000000
5588,2020-08-20 20:00:00,0.000000000,0.192997824,0.222462171,0.225524417,0.232357177,0.246603054,0.000000000
5589,2020-08-20 21:00:00,0.000000000,0.193009813,0.222382389,0.225438937,0.232257803,0.246468885,0.000000000
5590,2020-08-20 22:00:00,0.000000000,0.193014271,0.222352688,0.225407116,0.232220817,0.246418969,0.000000000
5591,2020-08-20 23:00:00,0.000000000,0.193016578,0.222337315,0.225390648,0.232201676,0.246393142,0.000000000
5592,2020-08-21 00:00:00,0.000000000,0.193017589,0.222330573,0.225383424,0.232193281,0.246381815,0.000000000
5593,2020-08-21 01:00:00,0.000000000,0.193018280,0.222325967,0.225378490,0.232187547,0.246374078,0.000000000
5594,2020-08-21 02:00:00,0.000000000,0.193018867,0.222322054,0.225374298,0.232182675,0.246367504,0.000000000
5595,2020-08-21 03:00:00,0.000000000,0.193019120,0.222322054,0.225374298,0.232182675,0.246367504,0.001670129
5596,2020-08-21 04:00:00,0.000000000,0.193018805,0.222322470,0.225374744,0.232183193,0.246368203,0.002202789
5597,2020-08-21 05:00:00,0.000000000,0.193018675,0.222323336,0.225375671,0.232184270,0.246369657,0.001893237
5598,2020-08-21 06:00:00,0.000000000,0.193018563,0.222324080,0.225376468,0.232185197,0.246370907,0.000000000
5599,2020-08-21 07:00:00,0.000000000,0.193018736,0.222324080,0.225376468,0.232185197,0.246370907,0.000000000
5600,2020-08-21 08:00:00,0.000000000,0.193018669,0.222323371,0.225375709,0.232184314,0.246369716,0.000000000
5601,2020-08-21 09:00:00,0.000000000,0.193018809,0.222322442,0.225374714,0.232183158,0.246368156,0.000000000
5602,2020-08-21 10:00:00,0.000000000,0.193019129,0.222322442,0.225374714,0.232183158,0.246368156,0.001375860
5603,2020-08-21 11:00:00,0.000000000,0.193018773,0.222322679,0.225374967,0.232183453,0.246368554,0.004015621
5604,2020-08-21 12:00:00,0.000000000,0.193018684,0.222323271,0.225375602,0.232184190,0.246369549,0.007903372
5605,2020-08-21 13:00:00,0.000000000,0.193019998,0.222314514,0.225366221,0.232173287,0.246354840,0.000000000
5606,2020-08-21 14:00:00,0.000000000,0.193025287,0.222279227,0.225328419,0.232129358,0.246295585,0.000000000
5607,2020-08-21 15:00:00,0.000000000,0.193036485,0.222204432,0.225248301,0.232036270,0.246170069,0.000000000
5608,2020-08-21 16:00:00,0.000000000,0.193052682,0.222096043,0.225132211,0.231901423,0.245988372,0.000000000
5609,2020-08-21 17:00:00,0.000000000,0.193071855,0.221967430,0.224994481,0.231741499,0.245773070,0.000000000
5610,2020-08-21 18:00:00,0.000000000,0.193093486,0.221821917,0.224838681,0.231560668,0.245529867,0.000000000
5611,2020-08-21 19:00:00,0.000000000,0.193113459,0.221687165,0.224694428,0.231393310,0.245305011,0.000000000
5612,2020-08-21 20:00:00,0.000000000,0.193129376,0.221579512,0.224579202,0.231259679,0.245125627,0.000000000
5613,2020-08-21 21:00:00,0.000000000,0.193140411,0.221504735,0.224499175,0.231166895,0.245001156,0.000000000
5614,2020-08-21 22:00:00,0.000000000,0.193145060,0.221473199,0.224465428,0.231127774,0.244948695,0.000000000
5615,2020-08-21 23:00:00,0.000000000,0.193147537,0.221456389,0.224447439,0.231106922,0.244920738,0.000000000
5616,2020-08-22 00:00:00,0.000000000,0.193148071,0.221452764,0.224443560,0.231102426,0.244914710,0.000000000
5617,2020-08-22 01:00:00,0.000000000,0.193148285,0.221451313,0.224442007,0.231100626,0.244912297,0.000000000
5618,2020-08-22 02:00:00,0.000000000,0.193148628,0.221451313,0.224442007,0.231100626,0.244912297,0.000000000
5619,2020-08-22 03:00:00,0.000000000,0.193148459,0.221450132,0.224440743,0.231099161,0.244910334,0.001628229
5620,2020-08-22 04:00:00,0.000000000,0.193148364,0.221450775,0.224441431,0.231099959,0.244911402,0.002841631
5621,2020-08-22 05:00:00,0.000000000,0.193148199,0.221451897,0.224442632,0.231101350,0.244913268,0.002765512
5622,2020-08-22 06:00:00,0.000000000,0.193148038,0.221452988,0.224443800,0.231102704,0.244915083,0.003589770
5623,2020-08-22 07:00:00,0.000000000,0.193147829,0.221454405,0.224445316,0.231104461,0.244917439,0.004545275
5624,2020-08-22 08:00:00,0.000000000,0.193147565,0.221456199,0.224447236,0.231106687,0.244920422,0.004158087
5625,2020-08-22 09:00:00,0.000000000,0.193147323,0.221457840,0.224448992,0.231108722,0.244923151,0.004869705
5626,2020-08-22 10:00:00,0.000000000,0.193147040,0.221459762,0.224451049,0.231111106,0.244926348,0.004267950
5627,2020-08-22 11:00:00,0.000000000,0.193146792,0.221461447,0.224452851,0.231113196,0.244929149,0.003736877
5628,2020-08-22 12:00:00,0.000000000,0.193147021,0.221459892,0.224451187,0.231111266,0.244926562,0.004387984
5629,2020-08-22 13:00:00,0.000000000,0.193148714,0.221448398,0.224438888,0.231097011,0.244907450,0.000000000
5630,2020-08-22 14:00:00,0.000000000,0.193154443,0.221409491,0.224397255,0.231048757,0.244842771,0.000000000
5631,2020-08-22 15:00:00,0.000000000,0.193166141,0.221329940,0.224312137,0.230950122,0.244710615,0.000000000
5632,2020-08-22 16:00:00,0.000000000,0.193182861,0.221216014,0.224190253,0.230808923,0.244521562,0.000000000
5633,2020-08-22 17:00:00,0.000000000,0.193201564,0.221088260,0.224053596,0.230650667,0.244309854,0.000000000
5634,2020-08-22 18:00:00,0.000000000,0.193218546,0.220971975,0.223929228,0.230506695,0.244117420,0.000000000
5635,2020-08-22 19:00:00,0.000000000,0.193237754,0.220840105,0.223788212,0.230343512,0.243899502,0.000000000
5636,2020-08-22 20:00:00,0.000000000,0.193255089,0.220720791,0.223660644,0.230195946,0.243702614,0.000000000
5637,2020-08-22 21:00:00,0.000000000,0.193262142,0.220672163,0.223608657,0.230135825,0.243622446,0.000000000
5638,2020-08-22 22:00:00,0.000000000,0.193263159,0.220665148,0.223601158,0.230127154,0.243610885,0.000000000
5639,2020-08-22 23:00:00,0.000000000,0.193263723,0.220661258,0.223597000,0.230122345,0.243604474,0.000000000
5640,2020-08-23 00:00:00,0.000000000,0.193264049,0.220659002,0.223594588,0.230119556,0.243600757,0.002547170
5641,2020-08-23 01:00:00,0.000000000,0.193263903,0.220660012,0.223595667,0.230120804,0.243602420,0.002742562
5642,2020-08-23 02:00:00,0.000000000,0.193263746,0.220661099,0.223596829,0.230122148,0.243604212,0.005434631
5643,2020-08-23 03:00:00,0.000000000,0.193263433,0.220663252,0.223599132,0.230124810,0.243607761,0.005625066
5644,2020-08-23 04:00:00,0.000000000,0.193263110,0.220665482,0.223601515,0.230127566,0.243611435,0.005007341
5645,2020-08-23 05:00:00,0.000000000,0.193262823,0.220667466,0.223603636,0.230130019,0.243614705,0.004780845
5646,2020-08-23 06:00:00,0.000000000,0.193262548,0.220669361,0.223605662,0.230132362,0.243617828,0.004019167
5647,2020-08-23 07:00:00,0.000000000,0.193262317,0.220670954,0.223607365,0.230134331,0.243620453,0.002776842
5648,2020-08-23 08:00:00,0.000000000,0.193262158,0.220672054,0.223608541,0.230135691,0.243622267,0.000814518
5649,2020-08-23 09:00:00,0.000000000,0.193261816,0.220672054,0.223608541,0.230135691,0.243622267,0.000000000
5650,2020-08-23 10:00:00,0.000000000,0.193261897,0.220672054,0.223608541,0.230135691,0.243622267,0.001854391
5651,2020-08-23 11:00:00,0.000000000,0.193262015,0.220673036,0.223609590,0.230136904,0.243623884,0.000000000
5652,2020-08-23 12:00:00,0.000000000,0.193262568,0.220669222,0.223605513,0.230132190,0.243617599,0.000518653
5653,2020-08-23 13:00:00,0.000000000,0.193265138,0.220651488,0.223586555,0.230110267,0.243588374,0.000000000
5654,2020-08-23 14:00:00,0.000000000,0.193272039,0.220603840,0.223535620,0.230051375,0.243509882,0.000000000
5655,2020-08-23 15:00:00,0.000000000,0.193285167,0.220513073,0.223438601,0.229939221,0.243360476,0.000000000
5656,2020-08-23 16:00:00,0.000000000,0.193303281,0.220387546,0.223304446,0.229784189,0.243154105,0.000000000
5657,2020-08-23 17:00:00,0.000000000,0.193322681,0.220252753,0.223160411,0.229617803,0.242932822,0.000000000
5658,2020-08-23 18:00:00,0.000000000,0.193342866,0.220112111,0.223010152,0.229444298,0.242702293,0.000000000
5659,2020-08-23 19:00:00,0.000000000,0.193361318,0.219983187,0.222872436,0.229285340,0.242491288,0.000000000
5660,2020-08-23 20:00:00,0.000000000,0.193377698,0.219868451,0.222749893,0.229143946,0.242303757,0.000000000
5661,2020-08-23 21:00:00,0.000000000,0.193389101,0.219788426,0.222664433,0.229045368,0.242173100,0.000000000
5662,2020-08-23 22:00:00,0.000000000,0.193393896,0.219754728,0.222628450,0.229003868,0.242118117,0.000000000
5663,2020-08-23 23:00:00,0.000000000,0.193395606,0.219742709,0.222615616,0.228989067,0.242098510,0.000000000
5664,2020-08-24 00:00:00,0.000000000,0.193396957,0.219733213,0.222605476,0.228977374,0.242083022,0.000000000
5665,2020-08-24 01:00:00,0.000000000,0.193398242,0.219724170,0.222595821,0.228966240,0.242068275,0.000000000
5666,2020-08-24 02:00:00,0.000000000,0.193398721,0.219720806,0.222592228,0.228962098,0.242062788,0.000000000
5667,2020-08-24 03:00:00,0.000000000,0.193400000,0.219711809,0.222582622,0.228951020,0.242048117,0.000000000
5668,2020-08-24 04:00:00,0.000000000,0.193400194,0.219710442,0.222581162,0.228949337,0.242045888,0.000000000
5669,2020-08-24 05:00:00,0.000000000,0.193400343,0.219709390,0.222580038,0.228948041,0.242044172,0.004071426
5670,2020-08-24 06:00:00,0.000000000,0.193400113,0.219711011,0.222581770,0.228950038,0.242046816,0.004561851
5671,2020-08-24 07:00:00,0.000000000,0.193399855,0.219712828,0.222583710,0.228952275,0.242049779,0.008501121
5672,2020-08-24 08:00:00,0.000000000,0.193399374,0.219716213,0.222587324,0.228956442,0.242055298,0.010172678
5673,2020-08-24 09:00:00,0.000000000,0.193398798,0.219720263,0.222591649,0.228961429,0.242061903,0.014997777
5674,2020-08-24 10:00:00,0.000000000,0.193397949,0.219726234,0.222598024,0.228968781,0.242071639,0.011850120
5675,2020-08-24 11:00:00,0.000000000,0.193397278,0.219730951,0.222603061,0.228974590,0.242079333,0.010156787
5676,2020-08-24 12:00:00,0.000000000,0.193397190,0.219731569,0.222603720,0.228975350,0.242080340,0.003569166
5677,2020-08-24 13:00:00,0.000000000,0.193399156,0.219717740,0.222588955,0.228958323,0.242057789,0.000000000
5678,2020-08-24 14:00:00,0.000000000,0.193405585,0.219672497,0.222540647,0.228902621,0.241984029,0.000000000
5679,2020-08-24 15:00:00,0.000000000,0.193418265,0.219583143,0.222445249,0.228792645,0.241838465,0.000000000
5680,2020-08-24 16:00:00,0.000000000,0.193434371,0.219469400,0.222323827,0.228652709,0.241653375,0.000000000
5681,2020-08-24 17:00:00,0.000000000,0.193453191,0.219336168,0.222181622,0.228488879,0.241436865,0.000000000
5682,2020-08-24 18:00:00,0.000000000,0.193467625,0.219233728,0.222072300,0.228362976,0.241270610,0.000000000
5683,2020-08-24 19:00:00,0.000000000,0.193482183,0.219130198,0.221961827,0.228235786,0.241102773,0.231578980
5684,2020-08-24 20:00:00,0.000000000,0.193476431,0.219171130,0.222005502,0.228286066,0.241169106,0.000000000
5685,2020-08-24 21:00:00,0.000000000,0.193483210,0.219122887,0.221954027,0.228226807,0.241090929,0.000000000
5686,2020-08-24 22:00:00,0.000000000,0.193484117,0.219116429,0.221947137,0.228218876,0.241080467,0.000000000
5687,2020-08-24 23:00:00,0.000000000,0.193484691,0.219112342,0.221942776,0.228213856,0.241073846,0.000000000
5688,2020-08-25 00:00:00,0.000000000,0.193484982,0.219110268,0.221940563,0.228211308,0.241070486,0.000680264
5689,2020-08-25 01:00:00,0.000000000,0.193484694,0.219110268,0.221940563,0.228211308,0.241070486,0.003742006
5690,2020-08-25 02:00:00,0.000000000,0.193484734,0.219112035,0.221942448,0.228213478,0.241073347,0.005256397
5691,2020-08-25 03:00:00,0.000000000,0.193484439,0.219114134,0.221944688,0.228216057,0.241076749,0.004755177
5692,2020-08-25 04:00:00,0.000000000,0.193484173,0.219116033,0.221946714,0.228218389,0.241079825,0.003899733
5693,2020-08-25 05:00:00,0.000000000,0.193483954,0.219117591,0.221948376,0.228220303,0.241082349,0.005230642
5694,2020-08-25 06:00:00,0.000000000,0.193483661,0.219119680,0.221950606,0.228222869,0.241085733,0.004898953
5695,2020-08-25 07:00:00,0.000000000,0.193483386,0.219121637,0.221952693,0.228225272,0.241088904,0.005037879
5696,2020-08-25 08:00:00,0.000000000,0.193483103,0.219123649,0.221954840,0.228227743,0.241092163,0.004718545
5697,2020-08-25 09:00:00,0.000000000,0.193482838,0.219125534,0.221956851,0.228230058,0.241095217,0.005941140
5698,2020-08-25 10:00:00,0.000000000,0.193482505,0.219127907,0.221959383,0.228232973,0.241099061,0.006947469
5699,2020-08-25 11:00:00,0.000000000,0.193482115,0.219130681,0.221962344,0.228236380,0.241103557,0.014311646
5700,2020-08-25 12:00:00,0.000000000,0.193481457,0.219135370,0.221967346,0.228242139,0.241111153,0.001789963
5701,2020-08-25 13:00:00,0.000000000,0.193483482,0.219120952,0.221951962,0.228224430,0.241087794,0.000000000
5702,2020-08-25 14:00:00,0.000000000,0.193491880,0.219061120,0.221888125,0.228150953,0.240990893,0.000000000
5703,2020-08-25 15:00:00,0.000000000,0.193506624,0.218955896,0.221775870,0.228021775,0.240820633,0.000000000
5704,2020-08-25 16:00:00,0.000000000,0.193527757,0.218804674,0.221614567,0.227836226,0.240576284,0.000000000
5705,2020-08-25 17:00:00,0.000000000,0.193550782,0.218639387,0.221438297,0.227633551,0.240309664,0.000000000
5706,2020-08-25 18:00:00,0.000000000,0.193574304,0.218469958,0.221257645,0.227425939,0.240036855,0.000000000
5707,2020-08-25 19:00:00,0.000000000,0.193598309,0.218296446,0.221072679,0.227213472,0.239757985,0.000000000
5708,2020-08-25 20:00:00,0.000000000,0.193619121,0.218145515,0.220911816,0.227028779,0.239515828,0.000000000
5709,2020-08-25 21:00:00,0.000000000,0.193631324,0.218056808,0.220817286,0.226920281,0.239373686,0.000000000
5710,2020-08-25 22:00:00,0.000000000,0.193640561,0.217989545,0.220745614,0.226838038,0.239265995,0.164884401
5711,2020-08-25 23:00:00,0.000000000,0.193634639,0.218032681,0.220791577,0.226890778,0.239335048,0.000000000
5712,2020-08-26 00:00:00,0.000000000,0.193636096,0.218022072,0.220780273,0.226877807,0.239318063,0.000000000
5713,2020-08-26 01:00:00,0.000000000,0.193640330,0.217991229,0.220747409,0.226840097,0.239268691,0.000000000
5714,2020-08-26 02:00:00,0.000000000,0.193645702,0.217952074,0.220705690,0.226792232,0.239206036,0.000000000
5715,2020-08-26 03:00:00,0.000000000,0.193650655,0.217915946,0.220667198,0.226748074,0.239148248,0.000000000
5716,2020-08-26 04:00:00,0.000000000,0.193655343,0.217881727,0.220630742,0.226706255,0.239093534,0.000000000
5717,2020-08-26 05:00:00,0.000000000,0.193656919,0.217870211,0.220618472,0.226692182,0.239075125,0.000000000
5718,2020-08-26 06:00:00,0.000000000,0.193661589,0.217836093,0.220582126,0.226650495,0.239020600,0.000000000
5719,2020-08-26 07:00:00,0.000000000,0.193666527,0.217799986,0.220543662,0.226606383,0.238962916,0.000000000
5720,2020-08-26 08:00:00,0.000000000,0.193670398,0.217771664,0.220513492,0.226571786,0.238917684,0.000000000
5721,2020-08-26 09:00:00,0.000000000,0.193671486,0.217763703,0.220505012,0.226562063,0.238904973,0.000000000
5722,2020-08-26 10:00:00,0.000000000,0.193672099,0.217759219,0.220500235,0.226556585,0.238897814,0.000000000
5723,2020-08-26 11:00:00,0.000000000,0.193673064,0.217752152,0.220492708,0.226547954,0.238886532,0.000000000
5724,2020-08-26 12:00:00,0.000000000,0.193676558,0.217726565,0.220465453,0.226516704,0.238845688,0.000000000
5725,2020-08-26 13:00:00,0.000000000,0.193684749,0.217666522,0.220401499,0.226443385,0.238749888,0.000000000
5726,2020-08-26 14:00:00,0.000000000,0.193696899,0.217577336,0.220306513,0.226334513,0.238607702,0.000000000
5727,2020-08-26 15:00:00,0.000000000,0.193713528,0.217454999,0.220176238,0.226185237,0.238412881,0.000000000
5728,2020-08-26 16:00:00,0.000000000,0.193731172,0.217324870,0.220037684,0.226026531,0.238205925,0.000000000
5729,2020-08-26 17:00:00,0.000000000,0.193752560,0.217166663,0.219869265,0.225833694,0.237954692,0.000000000
5730,2020-08-26 18:00:00,0.000000000,0.193773971,0.217007775,0.219700152,0.225640149,0.237702795,0.000000000
5731,2020-08-26 19:00:00,0.000000000,0.193793671,0.216861129,0.219544099,0.225461627,0.237470676,0.000000000
5732,2020-08-26 20:00:00,0.000000000,0.193813023,0.216716655,0.219390382,0.225285848,0.237242338,0.000000000
5733,2020-08-26 21:00:00,0.000000000,0.193827034,0.216611787,0.219278822,0.225158320,0.237076809,0.000000000
5734,2020-08-26 22:00:00,0.000000000,0.193836163,0.216543342,0.219206017,0.225075115,0.236968868,0.000000000
5735,2020-08-26 23:00:00,0.000000000,0.193839402,0.216519033,0.219180161,0.225045570,0.236930551,0.000000000
5736,2020-08-27 00:00:00,0.000000000,0.193842590,0.216495099,0.219154704,0.225016482,0.236892834,0.000000000
5737,2020-08-27 01:00:00,0.000000000,0.193844647,0.216479645,0.219138267,0.224997702,0.236868484,0.000000000
5738,2020-08-27 02:00:00,0.000000000,0.193846197,0.216467997,0.219125879,0.224983547,0.236850134,0.000000000
5739,2020-08-27 03:00:00,0.000000000,0.193847117,0.216461088,0.219118530,0.224975152,0.236839251,0.000000000
5740,2020-08-27 04:00:00,0.000000000,0.193850864,0.216432920,0.219088573,0.224940927,0.236794889,0.000000000
5741,2020-08-27 05:00:00,0.000000000,0.193854296,0.216407104,0.219061117,0.224909563,0.236754242,0.000000000
5742,2020-08-27 06:00:00,0.000000000,0.193857750,0.216381111,0.219033475,0.224877988,0.236713327,0.000000000
5743,2020-08-27 07:00:00,0.000000000,0.193858361,0.216376511,0.219028583,0.224872400,0.236706087,0.000000000
5744,2020-08-27 08:00:00,0.000000000,0.193858887,0.216372553,0.219024374,0.224867592,0.236699858,0.000000000
5745,2020-08-27 09:00:00,0.000000000,0.193859855,0.216365261,0.219016619,0.224858736,0.236688384,0.000000000
5746,2020-08-27 10:00:00,0.000000000,0.193860554,0.216359995,0.219011019,0.224852339,0.236680097,0.000000000
5747,2020-08-27 11:00:00,0.000000000,0.193860990,0.216356714,0.219007530,0.224848354,0.236674934,0.000000000
5748,2020-08-27 12:00:00,0.000000000,0.193862673,0.216344041,0.218994053,0.224832961,0.236654995,0.115789490
5749,2020-08-27 13:00:00,0.000000000,0.193858130,0.216378251,0.219030433,0.224874513,0.236708825,0.000000000
5750,2020-08-27 14:00:00,0.000000000,0.193860972,0.216356851,0.219007675,0.224848520,0.236675149,0.000000000
5751,2020-08-27 15:00:00,0.000000000,0.193865547,0.216322379,0.218971018,0.224806654,0.236620919,0.115789490
5752,2020-08-27 16:00:00,0.000000000,0.193863601,0.216337048,0.218986617,0.224824469,0.236643994,0.000000000
5753,2020-08-27 17:00:00,0.000000000,0.193871546,0.216277150,0.218922923,0.224751730,0.236549793,0.000000000
5754,2020-08-27 18:00:00,0.000000000,0.193880440,0.216210013,0.218851538,0.224670223,0.236444278,0.164884401
5755,2020-08-27 19:00:00,0.000000000,0.193876103,0.216242765,0.218886361,0.224709982,0.236495743,2.800093444
5756,2020-08-27 20:00:00,0.000000000,0.193739045,0.217266689,0.219975744,0.225955601,0.238113485,3.081792511
5757,2020-08-27 21:00:00,0.000000000,0.193586674,0.218380623,0.221162408,0.227316528,0.239893210,0.130404602
5758,2020-08-27 22:00:00,0.000000000,0.193580520,0.218425092,0.221209813,0.227370985,0.239964696,0.163879918
5759,2020-08-27 23:00:00,0.000000000,0.193572055,0.218486186,0.221274946,0.227445817,0.240062963,0.000000000
5760,2020-08-28 00:00:00,0.000000000,0.193572301,0.218484409,0.221273052,0.227443641,0.240060105,0.087163985
5761,2020-08-28 01:00:00,0.000000000,0.193567638,0.218518034,0.221308901,0.227484834,0.240114214,0.000000000
5762,2020-08-28 02:00:00,0.000000000,0.193567762,0.218517145,0.221307954,0.227483745,0.240112783,0.000000000
5763,2020-08-28 03:00:00,0.000000000,0.193568036,0.218515166,0.221305844,0.227481321,0.240109599,0.000000000
5764,2020-08-28 04:00:00,0.000000000,0.193568142,0.218514405,0.221305032,0.227480388,0.240108373,0.000000000
5765,2020-08-28 05:00:00,0.000000000,0.193568213,0.218513893,0.221304486,0.227479761,0.240107549,0.000000000
5766,2020-08-28 06:00:00,0.000000000,0.193568506,0.218513893,0.221304486,0.227479761,0.240107549,0.000000000
5767,2020-08-28 07:00:00,0.000000000,0.193568319,0.218513128,0.221303671,0.227478824,0.240106319,0.000418956
5768,2020-08-28 08:00:00,0.000000000,0.193568141,0.218513128,0.221303671,0.227478824,0.240106319,0.000000000
5769,2020-08-28 09:00:00,0.000000000,0.193568667,0.218510617,0.221300994,0.227475747,0.240102277,0.000000000
5770,2020-08-28 10:00:00,0.000000000,0.193569029,0.218508007,0.221298212,0.227472550,0.240098078,0.000000000
5771,2020-08-28 11:00:00,0.000000000,0.193569344,0.218505735,0.221295789,0.227469766,0.240094420,0.011468788
5772,2020-08-28 12:00:00,0.000000000,0.193568707,0.218510329,0.221300686,0.227475394,0.240101813,0.004715896
5773,2020-08-28 13:00:00,0.000000000,0.193568445,0.218512218,0.221302701,0.227477709,0.240104854,0.000000000
5774,2020-08-28 14:00:00,0.000000000,0.193570095,0.218500319,0.221290014,0.227463131,0.240085704,0.000000000
5775,2020-08-28 15:00:00,0.000000000,0.193580072,0.218428327,0.221213263,0.227374948,0.239969899,0.000000000
5776,2020-08-28 16:00:00,0.000000000,0.193598875,0.218292351,0.221068315,0.227208460,0.239751410,0.000000000
5777,2020-08-28 17:00:00,0.000000000,0.193618583,0.218149426,0.220915984,0.227033563,0.239522098,0.000000000
5778,2020-08-28 18:00:00,0.000000000,0.193638225,0.218006562,0.220763746,0.226858843,0.239293233,0.000000000
5779,2020-08-28 19:00:00,0.000000000,0.193657913,0.217862951,0.220610738,0.226683311,0.239063520,0.000000000
5780,2020-08-28 20:00:00,0.000000000,0.193672871,0.217753563,0.220494211,0.226549677,0.238888784,0.000000000
5781,2020-08-28 21:00:00,0.000000000,0.193681737,0.217688611,0.220425026,0.226470356,0.238785124,0.000000000
5782,2020-08-28 22:00:00,0.000000000,0.193683237,0.217677614,0.220413313,0.226456928,0.238767580,0.000000000
5783,2020-08-28 23:00:00,0.000000000,0.193683861,0.217673035,0.220408436,0.226451338,0.238760276,0.000000000
5784,2020-08-29 00:00:00,0.000000000,0.193684258,0.217670123,0.220405334,0.226447782,0.238755631,0.000000000
5785,2020-08-29 01:00:00,0.000000000,0.193684482,0.217668485,0.220403590,0.226445783,0.238753020,0.000000000
5786,2020-08-29 02:00:00,0.000000000,0.193684539,0.217668068,0.220403146,0.226445274,0.238752354,0.000000000
5787,2020-08-29 03:00:00,0.000000000,0.193684824,0.217665973,0.220400915,0.226442715,0.238749012,0.000000000
5788,2020-08-29 04:00:00,0.000000000,0.193685052,0.217664299,0.220399132,0.226440672,0.238746343,0.000000000
5789,2020-08-29 05:00:00,0.000000000,0.193685195,0.217664299,0.220399132,0.226440672,0.238746343,0.000000000
5790,2020-08-29 06:00:00,0.000000000,0.193685138,0.217663674,0.220398466,0.226439909,0.238745346,0.000000000
5791,2020-08-29 07:00:00,0.000000000,0.193685526,0.217663674,0.220398466,0.226439909,0.238745346,0.000000000
5792,2020-08-29 08:00:00,0.000000000,0.193685938,0.217663674,0.220398466,0.226439909,0.238745346,0.003468517
5793,2020-08-29 09:00:00,0.000000000,0.193685050,0.217664315,0.220399149,0.226440692,0.238746369,0.006710984
5794,2020-08-29 10:00:00,0.000000000,0.193684682,0.217667015,0.220402024,0.226443988,0.238750674,0.014550904
5795,2020-08-29 11:00:00,0.000000000,0.193683884,0.217672866,0.220408257,0.226451132,0.238760008,0.063746806
5796,2020-08-29 12:00:00,0.000000000,0.193680646,0.217696609,0.220433545,0.226480122,0.238797885,0.000000000
5797,2020-08-29 13:00:00,0.000000000,0.193681659,0.217689180,0.220425633,0.226471052,0.238786033,0.000000000
5798,2020-08-29 14:00:00,0.000000000,0.193685244,0.217662897,0.220397639,0.226438960,0.238744107,1.011428049
5799,2020-08-29 15:00:00,0.000000000,0.193632480,0.218048391,0.220808317,0.226909988,0.239360206,8.005291329
5800,2020-08-29 16:00:00,0.000000000,0.193281678,0.220537212,0.223464402,0.229969044,0.243400195,0.185682356
5801,2020-08-29 17:00:00,0.000000000,0.193274669,0.220585668,0.223516196,0.230028919,0.243479959,0.173684222
5802,2020-08-29 18:00:00,0.000000000,0.193269455,0.220621689,0.223554701,0.230073436,0.243539282,0.115789490
5803,2020-08-29 19:00:00,0.000000000,0.193268655,0.220627210,0.223560602,0.230080259,0.243548375,0.000000000
5804,2020-08-29 20:00:00,0.000000000,0.193275783,0.220577970,0.223507968,0.230019406,0.243467284,0.000000000
5805,2020-08-29 21:00:00,0.000000000,0.193280994,0.220541946,0.223469462,0.229974893,0.243407986,0.000000000
5806,2020-08-29 22:00:00,0.000000000,0.193281948,0.220535347,0.223462408,0.229966740,0.243397126,0.000000000
5807,2020-08-29 23:00:00,0.000000000,0.193282640,0.220530555,0.223457286,0.229960819,0.243389240,0.000000000
5808,2020-08-30 00:00:00,0.000000000,0.193283261,0.220526262,0.223452698,0.229955515,0.243382176,0.003405733
5809,2020-08-30 01:00:00,0.000000000,0.193283066,0.220527612,0.223454142,0.229957184,0.243384399,0.006095281
5810,2020-08-30 02:00:00,0.000000000,0.193282716,0.220530030,0.223456725,0.229960171,0.243388376,0.000000000
5811,2020-08-30 03:00:00,0.000000000,0.193283131,0.220527160,0.223453658,0.229956625,0.243383654,0.000000000
5812,2020-08-30 04:00:00,0.000000000,0.193284233,0.220519532,0.223445506,0.229947202,0.243371104,0.000000000
5813,2020-08-30 05:00:00,0.000000000,0.193288196,0.220492102,0.223416187,0.229913316,0.243325979,0.000000000
5814,2020-08-30 06:00:00,0.000000000,0.193293706,0.220453941,0.223375402,0.229866180,0.243263224,0.000000000
5815,2020-08-30 07:00:00,0.000000000,0.193299120,0.220416411,0.223335293,0.229819831,0.243201534,0.000000000
5816,2020-08-30 08:00:00,0.000000000,0.193303723,0.220384481,0.223301170,0.229780404,0.243149069,0.000000000
5817,2020-08-30 09:00:00,0.000000000,0.193306435,0.220365657,0.223281055,0.229757163,0.243118148,0.000000000
5818,2020-08-30 10:00:00,0.000000000,0.193308715,0.220349829,0.223264141,0.229737622,0.243092153,0.000000000
5819,2020-08-30 11:00:00,0.000000000,0.193310043,0.220340607,0.223254286,0.229726237,0.243077009,0.000000000
5820,2020-08-30 12:00:00,0.000000000,0.193314124,0.220312258,0.223223993,0.229691243,0.243030467,0.000000000
5821,2020-08-30 13:00:00,0.000000000,0.193321901,0.220258177,0.223166207,0.229624496,0.242941720,0.000000000
5822,2020-08-30 14:00:00,0.000000000,0.193334760,0.220168640,0.223070543,0.229514023,0.242794907,0.000000000
5823,2020-08-30 15:00:00,0.000000000,0.193352914,0.220041944,0.222935197,0.229357774,0.242587415,0.000000000
5824,2020-08-30 16:00:00,0.000000000,0.193376140,0.219879375,0.222761559,0.229157405,0.242321601,0.000000000
5825,2020-08-30 17:00:00,0.000000000,0.193400811,0.219706103,0.222576529,0.228943995,0.242038813,0.000000000
5826,2020-08-30 18:00:00,0.000000000,0.193425368,0.219533013,0.222391733,0.228730963,0.241756862,0.000000000
5827,2020-08-30 19:00:00,0.000000000,0.193449161,0.219364727,0.222212103,0.228523990,0.241483249,0.000000000
5828,2020-08-30 20:00:00,0.000000000,0.193471372,0.219207103,0.222043889,0.228330262,0.241227430,0.000000000
5829,2020-08-30 21:00:00,0.000000000,0.193486889,0.219096690,0.221926075,0.228194632,0.241048492,0.000000000
5830,2020-08-30 22:00:00,0.000000000,0.193497595,0.219020355,0.221844635,0.228100901,0.240924910,0.000000000
5831,2020-08-30 23:00:00,0.000000000,0.193504973,0.218967683,0.221788444,0.228036243,0.240839696,0.000000000
5832,2020-08-31 00:00:00,0.000000000,0.193507348,0.218950721,0.221770349,0.228015423,0.240812264,0.000000000
5833,2020-08-31 01:00:00,0.000000000,0.193508078,0.218945503,0.221764783,0.228009019,0.240803826,0.000000000
5834,2020-08-31 02:00:00,0.000000000,0.193508632,0.218941546,0.221760562,0.228004162,0.240797428,0.000000000
5835,2020-08-31 03:00:00,0.000000000,0.193509289,0.218936852,0.221755555,0.227998402,0.240789839,0.000000000
5836,2020-08-31 04:00:00,0.000000000,0.193510008,0.218931711,0.221750070,0.227992092,0.240781527,0.000000000
5837,2020-08-31 05:00:00,0.000000000,0.193510774,0.218926236,0.221744230,0.227985373,0.240772676,0.000000000
5838,2020-08-31 06:00:00,0.000000000,0.193511427,0.218921562,0.221739245,0.227979637,0.240765120,0.000000000
5839,2020-08-31 07:00:00,0.000000000,0.193512141,0.218916464,0.221733806,0.227973380,0.240756878,0.000000000
5840,2020-08-31 08:00:00,0.000000000,0.193513025,0.218910142,0.221727063,0.227965623,0.240746660,0.000000000
5841,2020-08-31 09:00:00,0.000000000,0.193513789,0.218904676,0.221721232,0.227958915,0.240737825,0.000000000
5842,2020-08-31 10:00:00,0.000000000,0.193514484,0.218899706,0.221715930,0.227952816,0.240729792,0.000000000
5843,2020-08-31 11:00:00,0.000000000,0.193515132,0.218895073,0.221710989,0.227947132,0.240722306,0.000000000
5844,2020-08-31 12:00:00,0.000000000,0.193516085,0.218888256,0.221703717,0.227938766,0.240711288,0.000000000
5845,2020-08-31 13:00:00,0.000000000,0.193518752,0.218869172,0.221683360,0.227915350,0.240680452,0.000000000
5846,2020-08-31 14:00:00,0.000000000,0.193525206,0.218822956,0.221634066,0.227858651,0.240605802,0.000000000
5847,2020-08-31 15:00:00,0.000000000,0.193534510,0.218756257,0.221562929,0.227776842,0.240498134,0.000000000
5848,2020-08-31 16:00:00,0.000000000,0.193546087,0.218673139,0.221474288,0.227674926,0.240364069,0.000000000
5849,2020-08-31 17:00:00,0.000000000,0.193561227,0.218564226,0.221358152,0.227541433,0.240188581,0.000000000
5850,2020-08-31 18:00:00,0.000000000,0.193575404,0.218462022,0.221249184,0.227416217,0.240024088,0.000000000
5851,2020-08-31 19:00:00,0.000000000,0.193591711,0.218344203,0.221123585,0.227271936,0.239834688,0.000000000
5852,2020-08-31 20:00:00,0.000000000,0.193605528,0.218244147,0.221016935,0.227149462,0.239674031,0.000000000
5853,2020-08-31 21:00:00,0.000000000,0.193614603,0.218178324,0.220946783,0.227068918,0.239568435,0.000000000
5854,2020-08-31 22:00:00,0.000000000,0.193619139,0.218145390,0.220911683,0.227028626,0.239515628,0.000000000
5855,2020-08-31 23:00:00,0.000000000,0.193622233,0.218122909,0.220887726,0.227001126,0.239479593,0.000000000
5856,2020-09-01 00:00:00,0.000000000,0.193623084,0.218116724,0.220881135,0.226993561,0.239469680,0.000000000
5857,2020-09-01 01:00:00,0.000000000,0.193623458,0.218114007,0.220878239,0.226990237,0.239465325,0.000000000
5858,2020-09-01 02:00:00,0.000000000,0.193623992,0.218110122,0.220874099,0.226985485,0.239459099,0.000000000
5859,2020-09-01 03:00:00,0.000000000,0.193624234,0.218108365,0.220872227,0.226983336,0.239456284,0.000000000
5860,2020-09-01 04:00:00,0.000000000,0.193624385,0.218107271,0.220871061,0.226981998,0.239454531,0.000000000
5861,2020-09-01 05:00:00,0.000000000,0.193624483,0.218106557,0.220870300,0.226981125,0.239453386,0.000000000
5862,2020-09-01 06:00:00,0.000000000,0.193624687,0.218105077,0.220868723,0.226979314,0.239451015,0.000000000
5863,2020-09-01 07:00:00,0.000000000,0.193625012,0.218102709,0.220866199,0.226976418,0.239447220,0.000000000
5864,2020-09-01 08:00:00,0.000000000,0.193625478,0.218099326,0.220862595,0.226972281,0.239441800,0.000000000
5865,2020-09-01 09:00:00,0.000000000,0.193626442,0.218092317,0.220855125,0.226963708,0.239430569,0.000000000
5866,2020-09-01 10:00:00,0.000000000,0.193627160,0.218087094,0.220849560,0.226957320,0.239422202,0.000000000
5867,2020-09-01 11:00:00,0.000000000,0.193627927,0.218081518,0.220843617,0.226950500,0.239413267,0.000000000
5868,2020-09-01 12:00:00,0.000000000,0.193629146,0.218072652,0.220834169,0.226939657,0.239399064,0.000000000
5869,2020-09-01 13:00:00,0.000000000,0.193631869,0.218052841,0.220813059,0.226915430,0.239367333,0.000000000
5870,2020-09-01 14:00:00,0.000000000,0.193639705,0.217995787,0.220752265,0.226845670,0.239275986,0.000000000
5871,2020-09-01 15:00:00,0.000000000,0.193650790,0.217914962,0.220666150,0.226746871,0.239146675,0.000000000
5872,2020-09-01 16:00:00,0.000000000,0.193666424,0.217800741,0.220544466,0.226607305,0.238964121,0.000000000
5873,2020-09-01 17:00:00,0.000000000,0.193682592,0.217682343,0.220418350,0.226462703,0.238775125,0.000000000
5874,2020-09-01 18:00:00,0.000000000,0.193698295,0.217567073,0.220295584,0.226321988,0.238591349,0.000000000
5875,2020-09-01 19:00:00,0.000000000,0.193712705,0.217461062,0.220182693,0.226192632,0.238422529,0.000000000
5876,2020-09-01 20:00:00,0.000000000,0.193725879,0.217363942,0.220079284,0.226074175,0.238268035,0.000000000
5877,2020-09-01 21:00:00,0.000000000,0.193736900,0.217282548,0.219992628,0.225974934,0.238138678,0.000000000
5878,2020-09-01 22:00:00,0.000000000,0.193742999,0.217237445,0.219944612,0.225919955,0.238067043,0.000000000
5879,2020-09-01 23:00:00,0.000000000,0.193747010,0.217207761,0.219913013,0.225883776,0.238019916,0.000000000
5880,2020-09-02 00:00:00,0.000000000,0.193750202,0.217184129,0.219887857,0.225854978,0.237982409,0.000000000
5881,2020-09-02 01:00:00,0.000000000,0.193752941,0.217163839,0.219866259,0.225830253,0.237950212,0.000000000
5882,2020-09-02 02:00:00,0.000000000,0.193755166,0.217147350,0.219848708,0.225810163,0.237924053,0.000000000
5883,2020-09-02 03:00:00,0.000000000,0.193756930,0.217134277,0.219834792,0.225794234,0.237903315,0.000000000
5884,2020-09-02 04:00:00,0.000000000,0.193759109,0.217118116,0.219817591,0.225774545,0.237877684,0.000000000
5885,2020-09-02 05:00:00,0.000000000,0.193760168,0.217110266,0.219809236,0.225764983,0.237865236,0.000000000
5886,2020-09-02 06:00:00,0.000000000,0.193760493,0.217107853,0.219806667,0.225762042,0.237861408,0.000000000
5887,2020-09-02 07:00:00,0.000000000,0.193760757,0.217105891,0.219804578,0.225759652,0.237858297,0.000000000
5888,2020-09-02 08:00:00,0.000000000,0.193761418,0.217100987,0.219799358,0.225753678,0.237850521,0.000000000
5889,2020-09-02 09:00:00,0.000000000,0.193761778,0.217098322,0.219796522,0.225750432,0.237846296,0.000000000
5890,2020-09-02 10:00:00,0.000000000,0.193762155,0.217095525,0.219793545,0.225747024,0.237841861,0.000000000
5891,2020-09-02 11:00:00,0.000000000,0.193762441,0.217095525,0.219793545,0.225747024,0.237841861,0.000000000
5892,2020-09-02 12:00:00,0.000000000,0.193762603,0.217092201,0.219790007,0.225742975,0.237836590,0.057894745
5893,2020-09-02 13:00:00,0.000000000,0.193759959,0.217111810,0.219810878,0.225766863,0.237867683,1.359314069
5894,2020-09-02 14:00:00,0.000000000,0.193689060,0.217634900,0.220367820,0.226404779,0.238699459,2.740145032
5895,2020-09-02 15:00:00,0.000000000,0.193551030,0.218637610,0.221436401,0.227631372,0.240306800,2.097357424
5896,2020-09-02 16:00:00,0.000000000,0.193442475,0.219412075,0.222262639,0.228582208,0.241560181,0.330748549
5897,2020-09-02 17:00:00,0.000000000,0.193425435,0.219532541,0.222391229,0.228730382,0.241756094,0.416895830
5898,2020-09-02 18:00:00,0.000000000,0.193403618,0.219686349,0.222555437,0.228919674,0.242006608,0.066411996
5899,2020-09-02 19:00:00,0.000000000,0.193401089,0.219704143,0.222574436,0.228941581,0.242035617,0.000000000
5900,2020-09-02 20:00:00,0.000000000,0.193402160,0.219696611,0.222566394,0.228932309,0.242023338,0.000000000
5901,2020-09-02 21:00:00,0.000000000,0.193404030,0.219683449,0.222552341,0.228916105,0.242001882,0.000000000
5902,2020-09-02 22:00:00,0.000000000,0.193404157,0.219682553,0.222551384,0.228915001,0.242000420,0.002356736
5903,2020-09-02 23:00:00,0.000000000,0.193404024,0.219683491,0.222552386,0.228916157,0.242001950,0.006576253
5904,2020-09-03 00:00:00,0.000000000,0.193403652,0.219686110,0.222555182,0.228919381,0.242006219,0.008887477
5905,2020-09-03 01:00:00,0.000000000,0.193403149,0.219689650,0.222558961,0.228923738,0.242011989,0.012079636
5906,2020-09-03 02:00:00,0.000000000,0.193402465,0.219694460,0.222564097,0.228929660,0.242019830,0.012427141
5907,2020-09-03 03:00:00,0.000000000,0.193401762,0.219699408,0.222569380,0.228935752,0.242027897,0.017912902
5908,2020-09-03 04:00:00,0.000000000,0.193400749,0.219706538,0.222576994,0.228944531,0.242039523,0.014985076
5909,2020-09-03 05:00:00,0.000000000,0.193399901,0.219712504,0.222583364,0.228951876,0.242049250,0.014133966
5910,2020-09-03 06:00:00,0.000000000,0.193399101,0.219718131,0.222589372,0.228958804,0.242058426,0.015120001
5911,2020-09-03 07:00:00,0.000000000,0.193398245,0.219724150,0.222595799,0.228966215,0.242068241,0.011899136
5912,2020-09-03 08:00:00,0.000000000,0.193397572,0.219728887,0.222600857,0.228972048,0.242075967,0.013249132
5913,2020-09-03 09:00:00,0.000000000,0.193396822,0.219734161,0.222606489,0.228978542,0.242084569,0.010705855
5914,2020-09-03 10:00:00,0.000000000,0.193396216,0.219738423,0.222611040,0.228983790,0.242091520,0.005855201
5915,2020-09-03 11:00:00,0.000000000,0.193395884,0.219740755,0.222613529,0.228986661,0.242095323,0.013761523
5916,2020-09-03 12:00:00,0.000000000,0.193395630,0.219742539,0.222615435,0.228988859,0.242098234,0.000000000
5917,2020-09-03 13:00:00,0.000000000,0.193396863,0.219733871,0.222606179,0.228978185,0.242084096,0.000000000
5918,2020-09-03 14:00:00,0.000000000,0.193400950,0.219705121,0.222575481,0.228942786,0.242037213,0.000000000
5919,2020-09-03 15:00:00,0.000000000,0.193409173,0.219647232,0.222513672,0.228871522,0.241942856,0.000000000
5920,2020-09-03 16:00:00,0.000000000,0.193420450,0.219567724,0.222428788,0.228773671,0.241813361,0.000000000
5921,2020-09-03 17:00:00,0.000000000,0.193435453,0.219461750,0.222315662,0.228643300,0.241640936,0.000000000
5922,2020-09-03 18:00:00,0.000000000,0.193455528,0.219319595,0.222163935,0.228468507,0.241409956,0.000000000
5923,2020-09-03 19:00:00,0.000000000,0.193474628,0.219183957,0.222019190,0.228301824,0.241189901,0.000000000
5924,2020-09-03 20:00:00,0.000000000,0.193489161,0.219080501,0.221908803,0.228174751,0.241022274,0.000000000
5925,2020-09-03 21:00:00,0.000000000,0.193501033,0.218995820,0.221818460,0.228070781,0.240885210,0.000000000
5926,2020-09-03 22:00:00,0.000000000,0.193503415,0.218978815,0.221800319,0.228049907,0.240857701,0.000000000
5927,2020-09-03 23:00:00,0.000000000,0.193505051,0.218967129,0.221787852,0.228035562,0.240838799,0.000000000
5928,2020-09-04 00:00:00,0.000000000,0.193506153,0.218959259,0.221779457,0.228025903,0.240826072,0.000000000
5929,2020-09-04 01:00:00,0.000000000,0.193506974,0.218953393,0.221773199,0.228018702,0.240816584,0.000000000
5930,2020-09-04 02:00:00,0.000000000,0.193507735,0.218947956,0.221767399,0.228012029,0.240807793,0.000000000
5931,2020-09-04 03:00:00,0.000000000,0.193508325,0.218943741,0.221762904,0.228006857,0.240800978,0.000000000
5932,2020-09-04 04:00:00,0.000000000,0.193509292,0.218936827,0.221755528,0.227998371,0.240789799,0.298273559
5933,2020-09-04 05:00:00,0.000000000,0.193493070,0.219052635,0.221879072,0.228140534,0.240977156,0.968835457
5934,2020-09-04 06:00:00,0.000000000,0.193440652,0.219424979,0.222276413,0.228598077,0.241581154,0.000000000
5935,2020-09-04 07:00:00,0.000000000,0.193440865,0.219423467,0.222274798,0.228596217,0.241578695,0.000000000
5936,2020-09-04 08:00:00,0.000000000,0.193441010,0.219422445,0.222273708,0.228594961,0.241577035,0.000000000
5937,2020-09-04 09:00:00,0.000000000,0.193441164,0.219421355,0.222272544,0.228593620,0.241575263,0.000000000
5938,2020-09-04 10:00:00,0.000000000,0.193441506,0.219418935,0.222269961,0.228590644,0.241571330,0.000000000
5939,2020-09-04 11:00:00,0.000000000,0.193441826,0.219416664,0.222267537,0.228587851,0.241567639,0.000000000
5940,2020-09-04 12:00:00,0.000000000,0.193442094,0.219416664,0.222267537,0.228587851,0.241567639,0.000000000
5941,2020-09-04 13:00:00,0.000000000,0.193442160,0.219414302,0.222265016,0.228584947,0.241563800,0.000000000
5942,2020-09-04 14:00:00,0.000000000,0.193447708,0.219375019,0.222223088,0.228536644,0.241499969,0.000000000
5943,2020-09-04 15:00:00,0.000000000,0.193463226,0.219264972,0.222105641,0.228401371,0.241321298,0.000000000
5944,2020-09-04 16:00:00,0.000000000,0.193482522,0.219127788,0.221959256,0.228232826,0.241098868,0.000000000
5945,2020-09-04 17:00:00,0.000000000,0.193502407,0.218986015,0.221808000,0.228058744,0.240869347,0.000000000
5946,2020-09-04 18:00:00,0.000000000,0.193524317,0.218829325,0.221640860,0.227866465,0.240616088,0.000000000
5947,2020-09-04 19:00:00,0.000000000,0.193544655,0.218683425,0.221485257,0.227687536,0.240380653,0.000000000
5948,2020-09-04 20:00:00,0.000000000,0.193565599,0.218532729,0.221324569,0.227502838,0.240137868,0.000000000
5949,2020-09-04 21:00:00,0.000000000,0.193579180,0.218434765,0.221220126,0.227382833,0.239980251,0.000000000
5950,2020-09-04 22:00:00,0.000000000,0.193587627,0.218373733,0.221155063,0.227308092,0.239882137,0.000000000
5951,2020-09-04 23:00:00,0.000000000,0.193593340,0.218332413,0.221111017,0.227257502,0.239815749,0.000000000
5952,2020-09-05 00:00:00,0.000000000,0.193599540,0.218287537,0.221063183,0.227202567,0.239743680,0.000000000
5953,2020-09-05 01:00:00,0.000000000,0.193604265,0.218253305,0.221026696,0.227160669,0.239688729,0.000000000
5954,2020-09-05 02:00:00,0.000000000,0.193605619,0.218243489,0.221016234,0.227148656,0.239672975,0.000000000
5955,2020-09-05 03:00:00,0.000000000,0.193606118,0.218239868,0.221012375,0.227144225,0.239667165,0.000000000
5956,2020-09-05 04:00:00,0.000000000,0.193606967,0.218233715,0.221005817,0.227136695,0.239657291,0.000000000
5957,2020-09-05 05:00:00,0.000000000,0.193607674,0.218228586,0.221000351,0.227130419,0.239649062,0.000000000
5958,2020-09-05 06:00:00,0.000000000,0.193608120,0.218225358,0.220996910,0.227126468,0.239643881,0.000000000
5959,2020-09-05 07:00:00,0.000000000,0.193608402,0.218223312,0.220994730,0.227123965,0.239640599,0.000000000
5960,2020-09-05 08:00:00,0.000000000,0.193609049,0.218218618,0.220989726,0.227118220,0.239633067,0.000000000
5961,2020-09-05 09:00:00,0.000000000,0.193609899,0.218212455,0.220983158,0.227110680,0.239623181,0.000000000
5962,2020-09-05 10:00:00,0.000000000,0.193610880,0.218205337,0.220975572,0.227101969,0.239611761,0.000000000
5963,2020-09-05 11:00:00,0.000000000,0.193611850,0.218198299,0.220968071,0.227093358,0.239600472,0.000000000
5964,2020-09-05 12:00:00,0.000000000,0.193613789,0.218184231,0.220953077,0.227076145,0.239577908,0.000000000
5965,2020-09-05 13:00:00,0.000000000,0.193618557,0.218149612,0.220916183,0.227033791,0.239522397,0.000000000
5966,2020-09-05 14:00:00,0.000000000,0.193629754,0.218068229,0.220829456,0.226934248,0.239391979,0.000000000
5967,2020-09-05 15:00:00,0.000000000,0.193646072,0.217949379,0.220702818,0.226788937,0.239201724,0.000000000
5968,2020-09-05 16:00:00,0.000000000,0.193664714,0.217813247,0.220557788,0.226622583,0.238984098,0.000000000
5969,2020-09-05 17:00:00,0.000000000,0.193682044,0.217686358,0.220422626,0.226467605,0.238781530,0.000000000
5970,2020-09-05 18:00:00,0.000000000,0.193699800,0.217556013,0.220283805,0.226308489,0.238573726,0.000000000
5971,2020-09-05 19:00:00,0.000000000,0.193717608,0.217424940,0.220144231,0.226148569,0.238365050,0.000000000
5972,2020-09-05 20:00:00,0.000000000,0.193731601,0.217321698,0.220034307,0.226022664,0.238200884,0.000000000
5973,2020-09-05 21:00:00,0.000000000,0.193740386,0.217256775,0.219965190,0.225943516,0.238097739,0.000000000
5974,2020-09-05 22:00:00,0.000000000,0.193743449,0.217234114,0.219941067,0.225915895,0.238061755,0.000000000
5975,2020-09-05 23:00:00,0.000000000,0.193745911,0.217215897,0.219921674,0.225893693,0.238032832,0.000000000
5976,2020-09-06 00:00:00,0.000000000,0.193746863,0.217208851,0.219914173,0.225885105,0.238021646,0.000000000
5977,2020-09-06 01:00:00,0.000000000,0.193747688,0.217202741,0.219907669,0.225877659,0.238011948,0.000000000
5978,2020-09-06 02:00:00,0.000000000,0.193748088,0.217199780,0.219904517,0.225874050,0.238007248,0.000000000
5979,2020-09-06 03:00:00,0.000000000,0.193748303,0.217198188,0.219902823,0.225872111,0.238004722,0.000000000
5980,2020-09-06 04:00:00,0.000000000,0.193748444,0.217197148,0.219901715,0.225870843,0.238003071,0.000000000
5981,2020-09-06 05:00:00,0.000000000,0.193748772,0.217194720,0.219899131,0.225867884,0.237999217,0.000000000
5982,2020-09-06 06:00:00,0.000000000,0.193748916,0.217193650,0.219897992,0.225866580,0.237997519,0.000000000
5983,2020-09-06 07:00:00,0.000000000,0.193749103,0.217192271,0.219896524,0.225864899,0.237995330,0.000000000
5984,2020-09-06 08:00:00,0.000000000,0.193749395,0.217190103,0.219894216,0.225862258,0.237991890,0.000000000
5985,2020-09-06 09:00:00,0.000000000,0.193749480,0.217189477,0.219893550,0.225861495,0.237990896,0.000000000
5986,2020-09-06 10:00:00,0.000000000,0.193749587,0.217188682,0.219892703,0.225860526,0.237989634,0.000000000
5987,2020-09-06 11:00:00,0.000000000,0.193749779,0.217187258,0.219891188,0.225858791,0.237987375,0.000000000
5988,2020-09-06 12:00:00,0.000000000,0.193750451,0.217182285,0.219885893,0.225852730,0.237979481,0.000000000
5989,2020-09-06 13:00:00,0.000000000,0.193751979,0.217170968,0.219873847,0.225838940,0.237961524,0.000000000
5990,2020-09-06 14:00:00,0.000000000,0.193756045,0.217140839,0.219841777,0.225802229,0.237913723,0.000000000
5991,2020-09-06 15:00:00,0.000000000,0.193762743,0.217091160,0.219788899,0.225741707,0.237834940,0.000000000
5992,2020-09-06 16:00:00,0.000000000,0.193773267,0.217013004,0.219705717,0.225646517,0.237711079,0.000000000
5993,2020-09-06 17:00:00,0.000000000,0.193785864,0.216919297,0.219605995,0.225532426,0.237562706,0.000000000
5994,2020-09-06 18:00:00,0.000000000,0.193802494,0.216795312,0.219474067,0.225381535,0.237366610,0.000000000
5995,2020-09-06 19:00:00,0.000000000,0.193816392,0.216691461,0.219363580,0.225255206,0.237202555,0.000000000
5996,2020-09-06 20:00:00,0.000000000,0.193829543,0.216592983,0.219258820,0.225135460,0.237047147,0.000000000
5997,2020-09-06 21:00:00,0.000000000,0.193840804,0.216508507,0.219168965,0.225032776,0.236913962,0.000000000
5998,2020-09-06 22:00:00,0.000000000,0.193846849,0.216463100,0.219120670,0.224977597,0.236842421,0.000000000
5999,2020-09-06 23:00:00,0.000000000,0.193848266,0.216452450,0.219109344,0.224964657,0.236825646,0.000000000
6000,2020-09-07 00:00:00,0.000000000,0.193848809,0.216448365,0.219104999,0.224959693,0.236819212,0.000000000
6001,2020-09-07 01:00:00,0.000000000,0.193849264,0.216444945,0.219101361,0.224955537,0.236813825,0.001731341
6002,2020-09-07 02:00:00,0.000000000,0.193849171,0.216445645,0.219102107,0.224956388,0.236814929,0.006048695
6003,2020-09-07 03:00:00,0.000000000,0.193848846,0.216448092,0.219104709,0.224959362,0.236818783,0.006288628
6004,2020-09-07 04:00:00,0.000000000,0.193848507,0.216450637,0.219107415,0.224962453,0.236822790,0.005220591
6005,2020-09-07 05:00:00,0.000000000,0.193848226,0.216452749,0.219109662,0.224965020,0.236826117,0.004431466
6006,2020-09-07 06:00:00,0.000000000,0.193847988,0.216454542,0.219111569,0.224967198,0.236828941,0.003420673
6007,2020-09-07 07:00:00,0.000000000,0.193847804,0.216455926,0.219113041,0.224968880,0.236831121,0.002467357
6008,2020-09-07 08:00:00,0.000000000,0.193847671,0.216456924,0.219114102,0.224970093,0.236832693,0.002634255
6009,2020-09-07 09:00:00,0.000000000,0.193847529,0.216457990,0.219115236,0.224971388,0.236834372,0.002015513
6010,2020-09-07 10:00:00,0.000000000,0.193847420,0.216458806,0.219116103,0.224972379,0.236835657,0.000000000
6011,2020-09-07 11:00:00,0.000000000,0.193847428,0.216458806,0.219116103,0.224972379,0.236835657,0.000000000
6012,2020-09-07 12:00:00,0.000000000,0.193847921,0.216455043,0.219112102,0.224967808,0.236829731,0.000000000
6013,2020-09-07 13:00:00,0.000000000,0.193850220,0.216437758,0.219093718,0.224946805,0.236802507,0.000000000
6014,2020-09-07 14:00:00,0.000000000,0.193857316,0.216384378,0.219036949,0.224881957,0.236718469,0.000000000
6015,2020-09-07 15:00:00,0.000000000,0.193871032,0.216281024,0.218927043,0.224756435,0.236555885,0.000000000
6016,2020-09-07 16:00:00,0.000000000,0.193886809,0.216161883,0.218800364,0.224611803,0.236368678,0.000000000
6017,2020-09-07 17:00:00,0.000000000,0.193906864,0.216010010,0.218638911,0.224427535,0.236130370,0.000000000
6018,2020-09-07 18:00:00,0.000000000,0.193926856,0.215858160,0.218477509,0.224243403,0.235892464,0.000000000
6019,2020-09-07 19:00:00,0.000000000,0.193946113,0.215711446,0.218321595,0.224065604,0.235662953,0.000000000
6020,2020-09-07 20:00:00,0.000000000,0.193962155,0.215588890,0.218191373,0.223917158,0.235471493,0.000000000
6021,2020-09-07 21:00:00,0.000000000,0.193972765,0.215507672,0.218105086,0.223818823,0.235344743,0.000000000
6022,2020-09-07 22:00:00,0.000000000,0.193976662,0.215477804,0.218073355,0.223782667,0.235298156,0.000000000
6023,2020-09-07 23:00:00,0.000000000,0.193979233,0.215458092,0.218052415,0.223758808,0.235267417,0.000000000
6024,2020-09-08 00:00:00,0.000000000,0.193979394,0.215456858,0.218051104,0.223757315,0.235265494,0.002349688
6025,2020-09-08 01:00:00,0.000000000,0.193979269,0.215457813,0.218052119,0.223758471,0.235266983,0.003875377
6026,2020-09-08 02:00:00,0.000000000,0.193979064,0.215459389,0.218053792,0.223760378,0.235269439,0.005463863
6027,2020-09-08 03:00:00,0.000000000,0.193978774,0.215461610,0.218056152,0.223763066,0.235272902,0.006776868
6028,2020-09-08 04:00:00,0.000000000,0.193978415,0.215464364,0.218059078,0.223766399,0.235277197,0.008748739
6029,2020-09-08 05:00:00,0.000000000,0.193977951,0.215467919,0.218062855,0.223770703,0.235282741,0.012675049
6030,2020-09-08 06:00:00,0.000000000,0.193977280,0.215473070,0.218068326,0.223776937,0.235290773,0.010433305
6031,2020-09-08 07:00:00,0.000000000,0.193976727,0.215477309,0.218072830,0.223782069,0.235297384,0.010917457
6032,2020-09-08 08:00:00,0.000000000,0.193976148,0.215481746,0.218077543,0.223787439,0.235304303,0.012712995
6033,2020-09-08 09:00:00,0.000000000,0.193975474,0.215486911,0.218083030,0.223793691,0.235312359,0.012894287
6034,2020-09-08 10:00:00,0.000000000,0.193974790,0.215492150,0.218088596,0.223800033,0.235320530,0.007652635
6035,2020-09-08 11:00:00,0.000000000,0.193974385,0.215495260,0.218091899,0.223803797,0.235325381,0.004207938
6036,2020-09-08 12:00:00,0.000000000,0.193974604,0.215493578,0.218090113,0.223801761,0.235322757,0.000000000
6037,2020-09-08 13:00:00,0.000000000,0.193976523,0.215478871,0.218074489,0.223783959,0.235299819,0.000000000
6038,2020-09-08 14:00:00,0.000000000,0.193980839,0.215445773,0.218039328,0.223743898,0.235248211,0.000000000
6039,2020-09-08 15:00:00,0.000000000,0.193988570,0.215386436,0.217976297,0.223672092,0.235155731,0.000000000
6040,2020-09-08 16:00:00,0.000000000,0.193999698,0.215300898,0.217885442,0.223568608,0.235022512,0.000000000
6041,2020-09-08 17:00:00,0.000000000,0.194012221,0.215204459,0.217783019,0.223451977,0.234872452,0.000000000
6042,2020-09-08 18:00:00,0.000000000,0.194024720,0.215108015,0.217680601,0.223335383,0.234722528,0.000000000
6043,2020-09-08 19:00:00,0.000000000,0.194043020,0.214966477,0.217530317,0.223164352,0.234502765,0.000000000
6044,2020-09-08 20:00:00,0.000000000,0.194056914,0.214858747,0.217415947,0.223034236,0.234335703,0.000000000
6045,2020-09-08 21:00:00,0.000000000,0.194065713,0.214790398,0.217343393,0.222951713,0.234229803,0.000000000
6046,2020-09-08 22:00:00,0.000000000,0.194071074,0.214748711,0.217299144,0.222901391,0.234165248,0.000000000
6047,2020-09-08 23:00:00,0.000000000,0.194072565,0.214737108,0.217286828,0.222887385,0.234147284,0.000000000
6048,2020-09-09 00:00:00,0.000000000,0.194072811,0.214735200,0.217284803,0.222885083,0.234144331,0.005285389
6049,2020-09-09 01:00:00,0.000000000,0.194072534,0.214737355,0.217287090,0.222887684,0.234147667,0.010291340
6050,2020-09-09 02:00:00,0.000000000,0.194071994,0.214741551,0.217291544,0.222892749,0.234154163,0.014081127
6051,2020-09-09 03:00:00,0.000000000,0.194071256,0.214747292,0.217297637,0.222899678,0.234163050,0.013536621
6052,2020-09-09 04:00:00,0.000000000,0.194070547,0.214752810,0.217303495,0.222906338,0.234171594,0.012053296
6053,2020-09-09 05:00:00,0.000000000,0.194069915,0.214757724,0.217308710,0.222912270,0.234179203,0.011351184
6054,2020-09-09 06:00:00,0.000000000,0.194069320,0.214762351,0.217313622,0.222917856,0.234186368,0.009608087
6055,2020-09-09 07:00:00,0.000000000,0.194068817,0.214766269,0.217317780,0.222922584,0.234192434,0.009411173
6056,2020-09-09 08:00:00,0.000000000,0.194068323,0.214770105,0.217321853,0.222927216,0.234198375,0.010580296
6057,2020-09-09 09:00:00,0.000000000,0.194067769,0.214774419,0.217326431,0.222932422,0.234205055,0.007546268
6058,2020-09-09 10:00:00,0.000000000,0.194067373,0.214777495,0.217329697,0.222936136,0.234209819,0.004216353
6059,2020-09-09 11:00:00,0.000000000,0.194067152,0.214779214,0.217331522,0.222938212,0.234212482,0.000000000
6060,2020-09-09 12:00:00,0.000000000,0.194067859,0.214773717,0.217325687,0.222931576,0.234203968,0.000000000
6061,2020-09-09 13:00:00,0.000000000,0.194069999,0.214757072,0.217308019,0.222911483,0.234178194,0.000000000
6062,2020-09-09 14:00:00,0.000000000,0.194074111,0.214725076,0.217274057,0.222872864,0.234128660,0.000000000
6063,2020-09-09 15:00:00,0.000000000,0.194080874,0.214672410,0.217218159,0.222809306,0.234047160,0.000000000
6064,2020-09-09 16:00:00,0.000000000,0.194090576,0.214596764,0.217137876,0.222718039,0.233930174,0.000000000
6065,2020-09-09 17:00:00,0.000000000,0.194103639,0.214494729,0.217029597,0.222594974,0.233772513,0.000000000
6066,2020-09-09 18:00:00,0.000000000,0.194117149,0.214388976,0.216917388,0.222467477,0.233609277,0.000000000
6067,2020-09-09 19:00:00,0.000000000,0.194130042,0.214287843,0.216810092,0.222345596,0.233453328,0.000000000
6068,2020-09-09 20:00:00,0.000000000,0.194141165,0.214200430,0.216717363,0.222240289,0.233318661,0.000000000
6069,2020-09-09 21:00:00,0.000000000,0.194149366,0.214135886,0.216648899,0.222162554,0.233219299,0.000000000
6070,2020-09-09 22:00:00,0.000000000,0.194151344,0.214120307,0.216632374,0.222143793,0.233195324,0.000000000
6071,2020-09-09 23:00:00,0.000000000,0.194152216,0.214113434,0.216625084,0.222135518,0.233184749,0.000000000
6072,2020-09-10 00:00:00,0.000000000,0.194152963,0.214107544,0.216618836,0.222128425,0.233175686,0.000000000
6073,2020-09-10 01:00:00,0.000000000,0.194153444,0.214103757,0.216614820,0.222123865,0.233169860,0.000000000
6074,2020-09-10 02:00:00,0.000000000,0.194153630,0.214102294,0.216613269,0.222122104,0.233167610,0.000000000
6075,2020-09-10 03:00:00,0.000000000,0.194153791,0.214101022,0.216611919,0.222120572,0.233165652,0.000000000
6076,2020-09-10 04:00:00,0.000000000,0.194153857,0.214100502,0.216611367,0.222119946,0.233164852,0.000000000
6077,2020-09-10 05:00:00,0.000000000,0.194154017,0.214100502,0.216611367,0.222119946,0.233164852,0.000637743
6078,2020-09-10 06:00:00,0.000000000,0.194153739,0.214100502,0.216611367,0.222119946,0.233164852,0.000297165
6079,2020-09-10 07:00:00,0.000000000,0.194153609,0.214100502,0.216611367,0.222119946,0.233164852,0.000461986
6080,2020-09-10 08:00:00,0.000000000,0.194153408,0.214100502,0.216611367,0.222119946,0.233164852,0.001947664
6081,2020-09-10 09:00:00,0.000000000,0.194153703,0.214101720,0.216612659,0.222121412,0.233166726,0.002501671
6082,2020-09-10 10:00:00,0.000000000,0.194153573,0.214102743,0.216613744,0.222122644,0.233168300,0.001510718
6083,2020-09-10 11:00:00,0.000000000,0.194153494,0.214103361,0.216614400,0.222123388,0.233169251,0.000209142
6084,2020-09-10 12:00:00,0.000000000,0.194153849,0.214100563,0.216611432,0.222120019,0.233164946,0.057894745
6085,2020-09-10 13:00:00,0.000000000,0.194151571,0.214118517,0.216630475,0.222141638,0.233192570,0.699661052
6086,2020-09-10 14:00:00,0.000000000,0.194116338,0.214395333,0.216924132,0.222475139,0.233619084,0.780497663
6087,2020-09-10 15:00:00,0.000000000,0.194077267,0.214700513,0.217247986,0.222843220,0.234090644,0.916070803
6088,2020-09-10 16:00:00,0.000000000,0.194031810,0.215053227,0.217622425,0.223269167,0.234637423,0.241985273
6089,2020-09-10 17:00:00,0.000000000,0.194020719,0.215138907,0.217713405,0.223372725,0.234770535,0.000000000
6090,2020-09-10 18:00:00,0.000000000,0.194024657,0.215108506,0.217681122,0.223335976,0.234723291,0.000000000
6091,2020-09-10 19:00:00,0.000000000,0.194031290,0.215057251,0.217626697,0.223274030,0.234643673,0.049094923
6092,2020-09-10 20:00:00,0.000000000,0.194034998,0.215028573,0.217596247,0.223239375,0.234599142,0.000000000
6093,2020-09-10 21:00:00,0.000000000,0.194039710,0.214992104,0.217557526,0.223195312,0.234542533,0.000000000
6094,2020-09-10 22:00:00,0.000000000,0.194041364,0.214979302,0.217543934,0.223179845,0.234522666,0.110290183
6095,2020-09-10 23:00:00,0.000000000,0.194036249,0.215018896,0.217585973,0.223227683,0.234584120,0.596108327
6096,2020-09-11 00:00:00,0.000000000,0.194005820,0.215253773,0.217835391,0.223511610,0.234949167,0.000000000
6097,2020-09-11 01:00:00,0.000000000,0.194005947,0.215252796,0.217834353,0.223510429,0.234947647,0.000000000
6098,2020-09-11 02:00:00,0.000000000,0.194006077,0.215251795,0.217833291,0.223509219,0.234946089,0.000000000
6099,2020-09-11 03:00:00,0.000000000,0.194006147,0.215251256,0.217832718,0.223508567,0.234945250,0.000000000
6100,2020-09-11 04:00:00,0.000000000,0.194006400,0.215251256,0.217832718,0.223508567,0.234945250,0.000000000
6101,2020-09-11 05:00:00,0.000000000,0.194006234,0.215250587,0.217832008,0.223507758,0.234944210,0.000000000
6102,2020-09-11 06:00:00,0.000000000,0.194006407,0.215249256,0.217830594,0.223506148,0.234942139,0.000000000
6103,2020-09-11 07:00:00,0.000000000,0.194006572,0.215247986,0.217829245,0.223504612,0.234940162,0.000000000
6104,2020-09-11 08:00:00,0.000000000,0.194006895,0.215245496,0.217826601,0.223501601,0.234936288,0.000000000
6105,2020-09-11 09:00:00,0.000000000,0.194007069,0.215244157,0.217825178,0.223499981,0.234934204,0.000000000
6106,2020-09-11 10:00:00,0.000000000,0.194007401,0.215241597,0.217822460,0.223496886,0.234930222,0.000000000
6107,2020-09-11 11:00:00,0.000000000,0.194008429,0.215233680,0.217814051,0.223487311,0.234917904,0.000000000
6108,2020-09-11 12:00:00,0.000000000,0.194010110,0.215220728,0.217800296,0.223471649,0.234897756,0.000000000
6109,2020-09-11 13:00:00,0.000000000,0.194013739,0.215192750,0.217770583,0.223437819,0.234854242,0.000000000
6110,2020-09-11 14:00:00,0.000000000,0.194020065,0.215143951,0.217718762,0.223378822,0.234778375,0.000000000
6111,2020-09-11 15:00:00,0.000000000,0.194029939,0.215067688,0.217637779,0.223286643,0.234659882,0.000000000
6112,2020-09-11 16:00:00,0.000000000,0.194041128,0.214981126,0.217545870,0.223182049,0.234525497,0.000000000
6113,2020-09-11 17:00:00,0.000000000,0.194054032,0.214881112,0.217439690,0.223061244,0.234370371,0.000000000
6114,2020-09-11 18:00:00,0.000000000,0.194065835,0.214789454,0.217342390,0.222950572,0.234228340,0.000000000
6115,2020-09-11 19:00:00,0.000000000,0.194076053,0.214709961,0.217258014,0.222854621,0.234105265,0.000000000
6116,2020-09-11 20:00:00,0.000000000,0.194085820,0.214633865,0.217177250,0.222762797,0.233987538,0.000000000
6117,2020-09-11 21:00:00,0.000000000,0.194094386,0.214567025,0.217106316,0.222682166,0.233884206,0.000000000
6118,2020-09-11 22:00:00,0.000000000,0.194098861,0.214532073,0.217069225,0.222640009,0.233830197,0.000000000
6119,2020-09-11 23:00:00,0.000000000,0.194101988,0.214507636,0.217043294,0.222610539,0.233792449,0.000000000
6120,2020-09-12 00:00:00,0.000000000,0.194105178,0.214482694,0.217016827,0.222580462,0.233753928,0.000000000
6121,2020-09-12 01:00:00,0.000000000,0.194106900,0.214469224,0.217002534,0.222564220,0.233733129,0.000000000
6122,2020-09-12 02:00:00,0.000000000,0.194107630,0.214463508,0.216996469,0.222557328,0.233724304,0.000000000
6123,2020-09-12 03:00:00,0.000000000,0.194108001,0.214460606,0.216993390,0.222553830,0.233719824,0.000000000
6124,2020-09-12 04:00:00,0.000000000,0.194108442,0.214457159,0.216989732,0.222549673,0.233714502,0.000000000
6125,2020-09-12 05:00:00,0.000000000,0.194108691,0.214455210,0.216987665,0.222547324,0.233711494,0.000000000
6126,2020-09-12 06:00:00,0.000000000,0.194109325,0.214450250,0.216982401,0.222541343,0.233703836,0.000000000
6127,2020-09-12 07:00:00,0.000000000,0.194109788,0.214446619,0.216978548,0.222536965,0.233698231,0.000000000
6128,2020-09-12 08:00:00,0.000000000,0.194110952,0.214437514,0.216968888,0.222525989,0.233684178,0.000000000
6129,2020-09-12 09:00:00,0.000000000,0.194111534,0.214432957,0.216964052,0.222520495,0.233677144,0.000000000
6130,2020-09-12 10:00:00,0.000000000,0.194112137,0.214428231,0.216959038,0.222514797,0.233669850,0.000000000
6131,2020-09-12 11:00:00,0.000000000,0.194113682,0.214416136,0.216946205,0.222500216,0.233651184,0.000000000
6132,2020-09-12 12:00:00,0.000000000,0.194115431,0.214402436,0.216931669,0.222483701,0.233630044,0.000000000
6133,2020-09-12 13:00:00,0.000000000,0.194118631,0.214377362,0.216905064,0.222453477,0.233591359,0.000000000
6134,2020-09-12 14:00:00,0.000000000,0.194126020,0.214319413,0.216843584,0.222383637,0.233501992,0.000000000
6135,2020-09-12 15:00:00,0.000000000,0.194136915,0.214233853,0.216752817,0.222280550,0.233370138,0.000000000
6136,2020-09-12 16:00:00,0.000000000,0.194149378,0.214135790,0.216648797,0.222162438,0.233219150,0.000000000
6137,2020-09-12 17:00:00,0.000000000,0.194164037,0.214020207,0.216526207,0.222023281,0.233041372,0.000000000
6138,2020-09-12 18:00:00,0.000000000,0.194180167,0.213892710,0.216391000,0.221869851,0.232845501,0.000000000
6139,2020-09-12 19:00:00,0.000000000,0.194196040,0.213766922,0.216257624,0.221718550,0.232652492,0.000000000
6140,2020-09-12 20:00:00,0.000000000,0.194209293,0.213661662,0.216146030,0.221591995,0.232491161,0.000000000
6141,2020-09-12 21:00:00,0.000000000,0.194220499,0.213572482,0.216051493,0.221484812,0.232354604,0.000000000
6142,2020-09-12 22:00:00,0.000000000,0.194226413,0.213525350,0.216001534,0.221428181,0.232282481,0.000000000
6143,2020-09-12 23:00:00,0.000000000,0.194229368,0.213501784,0.215976555,0.221399868,0.232246430,0.000000000
6144,2020-09-13 00:00:00,0.000000000,0.194230677,0.213491339,0.215965485,0.221387321,0.232230455,0.000000000
6145,2020-09-13 01:00:00,0.000000000,0.194231344,0.213486020,0.215959846,0.221380930,0.232222320,0.000000000
6146,2020-09-13 02:00:00,0.000000000,0.194232509,0.213476721,0.215949991,0.221369761,0.232208101,0.000000000
6147,2020-09-13 03:00:00,0.000000000,0.194233330,0.213470169,0.215943046,0.221361890,0.232198081,0.000000000
6148,2020-09-13 04:00:00,0.000000000,0.194234214,0.213463113,0.215935567,0.221353414,0.232187292,0.000000000
6149,2020-09-13 05:00:00,0.000000000,0.194236027,0.213448643,0.215920231,0.221336033,0.232165169,0.000000000
6150,2020-09-13 06:00:00,0.000000000,0.194236642,0.213443726,0.215915020,0.221330129,0.232157653,0.000000000
6151,2020-09-13 07:00:00,0.000000000,0.194237004,0.213440837,0.215911958,0.221326659,0.232153236,0.000000000
6152,2020-09-13 08:00:00,0.000000000,0.194237253,0.213438846,0.215909848,0.221324267,0.232150192,0.000000000
6153,2020-09-13 09:00:00,0.000000000,0.194237791,0.213434549,0.215905294,0.221319106,0.232143625,0.000000000
6154,2020-09-13 10:00:00,0.000000000,0.194238371,0.213429916,0.215900384,0.221313542,0.232136543,0.000000000
6155,2020-09-13 11:00:00,0.000000000,0.194239331,0.213422251,0.215892260,0.221304336,0.232124827,0.000000000
6156,2020-09-13 12:00:00,0.000000000,0.194240371,0.213413940,0.215883452,0.221294354,0.232112125,0.000000000
6157,2020-09-13 13:00:00,0.000000000,0.194242376,0.213397914,0.215866467,0.221275108,0.232087635,0.000000000
6158,2020-09-13 14:00:00,0.000000000,0.194246278,0.213366715,0.215833403,0.221237644,0.232039969,0.000000000
6159,2020-09-13 15:00:00,0.000000000,0.194254353,0.213302090,0.215764918,0.221160056,0.231941280,0.000000000
6160,2020-09-13 16:00:00,0.000000000,0.194267450,0.213197086,0.215653653,0.221034029,0.231781058,0.000000000
6161,2020-09-13 17:00:00,0.000000000,0.194282913,0.213072835,0.215522010,0.220884965,0.231591674,0.000000000
6162,2020-09-13 18:00:00,0.000000000,0.194298420,0.212947918,0.215389681,0.220735172,0.231401502,0.000000000
6163,2020-09-13 19:00:00,0.000000000,0.194314739,0.212816122,0.215250084,0.220577204,0.231201101,0.000000000
6164,2020-09-13 20:00:00,0.000000000,0.194329016,0.212700524,0.215127662,0.220438716,0.231025537,0.000000000
6165,2020-09-13 21:00:00,0.000000000,0.194339052,0.212619110,0.215041450,0.220341215,0.230902003,0.000000000
6166,2020-09-13 22:00:00,0.000000000,0.194343329,0.212584378,0.215004674,0.220299630,0.230849332,0.000000000
6167,2020-09-13 23:00:00,0.000000000,0.194346167,0.212561308,0.214980247,0.220272010,0.230814354,0.000000000
6168,2020-09-14 00:00:00,0.000000000,0.194347416,0.212551162,0.214969505,0.220259864,0.230798975,0.000000000
6169,2020-09-14 01:00:00,0.000000000,0.194348158,0.212545124,0.214963112,0.220252636,0.230789823,0.000000000
6170,2020-09-14 02:00:00,0.000000000,0.194348227,0.212544564,0.214962519,0.220251966,0.230788975,0.000000000
6171,2020-09-14 03:00:00,0.000000000,0.194348287,0.212544077,0.214962003,0.220251383,0.230788236,0.002188305
6172,2020-09-14 04:00:00,0.000000000,0.194348176,0.212544978,0.214962957,0.220252461,0.230789602,0.005006592
6173,2020-09-14 05:00:00,0.000000000,0.194347923,0.212547040,0.214965140,0.220254929,0.230792727,0.006460863
6174,2020-09-14 06:00:00,0.000000000,0.194347595,0.212549700,0.214967956,0.220258114,0.230796759,0.008091543
6175,2020-09-14 07:00:00,0.000000000,0.194347186,0.212553032,0.214971484,0.220262102,0.230801809,0.005213749
6176,2020-09-14 08:00:00,0.000000000,0.194346922,0.212555178,0.214973757,0.220264672,0.230805063,0.010153171
6177,2020-09-14 09:00:00,0.000000000,0.194346407,0.212559358,0.214978182,0.220269676,0.230811399,0.012781312
6178,2020-09-14 10:00:00,0.000000000,0.194345760,0.212564620,0.214983753,0.220275974,0.230819375,0.005867176
6179,2020-09-14 11:00:00,0.000000000,0.194345463,0.212567035,0.214986311,0.220278866,0.230823037,0.000000000
6180,2020-09-14 12:00:00,0.000000000,0.194347683,0.212548988,0.214967202,0.220257261,0.230795679,0.000000000
6181,2020-09-14 13:00:00,0.000000000,0.194353154,0.212504484,0.214920083,0.220203990,0.230728235,0.000000000
6182,2020-09-14 14:00:00,0.000000000,0.194363123,0.212423295,0.214834129,0.220106829,0.230605271,0.000000000
6183,2020-09-14 15:00:00,0.000000000,0.194377959,0.212302223,0.214705965,0.219961994,0.230422075,0.000000000
6184,2020-09-14 16:00:00,0.000000000,0.194395241,0.212160821,0.214556302,0.219792920,0.230208380,0.000000000
6185,2020-09-14 17:00:00,0.000000000,0.194413081,0.212014431,0.214401384,0.219617973,0.229987443,0.000000000
6186,2020-09-14 18:00:00,0.000000000,0.194433637,0.211845219,0.214222347,0.219415869,0.229732437,0.000000000
6187,2020-09-14 19:00:00,0.000000000,0.194452112,0.211692657,0.214060955,0.219233759,0.229502866,0.000000000
6188,2020-09-14 20:00:00,0.000000000,0.194471039,0.211535868,0.213895119,0.219046707,0.229267270,0.000000000
6189,2020-09-14 21:00:00,0.000000000,0.194486153,0.211410317,0.213762345,0.218897001,0.229078859,0.000000000
6190,2020-09-14 22:00:00,0.000000000,0.194494620,0.211339843,0.213687823,0.218812996,0.228973194,0.000000000
6191,2020-09-14 23:00:00,0.000000000,0.194502249,0.211276263,0.213620597,0.218737229,0.228877925,0.000000000
6192,2020-09-15 00:00:00,0.000000000,0.194508849,0.211221192,0.213562373,0.218671616,0.228795452,0.000000000
6193,2020-09-15 01:00:00,0.000000000,0.194515672,0.211164193,0.213502112,0.218603718,0.228710134,0.000000000
6194,2020-09-15 02:00:00,0.000000000,0.194522297,0.211108786,0.213443539,0.218537732,0.228627242,0.000000000
6195,2020-09-15 03:00:00,0.000000000,0.194527328,0.211066670,0.213399019,0.218487582,0.228564262,0.000000000
6196,2020-09-15 04:00:00,0.000000000,0.194532951,0.211019558,0.213349219,0.218431493,0.228493839,0.000000000
6197,2020-09-15 05:00:00,0.000000000,0.194537638,0.210980259,0.213307680,0.218384712,0.228435118,0.000000000
6198,2020-09-15 06:00:00,0.000000000,0.194541479,0.210948022,0.213273608,0.218346344,0.228386966,0.000000000
6199,2020-09-15 07:00:00,0.000000000,0.194544610,0.210921733,0.213245823,0.218315057,0.228347708,0.000000000
6200,2020-09-15 08:00:00,0.000000000,0.194545741,0.210912229,0.213235778,0.218303747,0.228333518,0.000000000
6201,2020-09-15 09:00:00,0.000000000,0.194548052,0.210892813,0.213215257,0.218280643,0.228304532,0.000000000
6202,2020-09-15 10:00:00,0.000000000,0.194548889,0.210885779,0.213207823,0.218272273,0.228294032,0.000000000
6203,2020-09-15 11:00:00,0.000000000,0.194549756,0.210878493,0.213200123,0.218263604,0.228283158,0.000000000
6204,2020-09-15 12:00:00,0.000000000,0.194552566,0.210854870,0.213175157,0.218235497,0.228247902,0.000000000
6205,2020-09-15 13:00:00,0.000000000,0.194556780,0.210819410,0.213137683,0.218193311,0.228194996,0.000000000
6206,2020-09-15 14:00:00,0.000000000,0.194563644,0.210761610,0.213076603,0.218124560,0.228108796,0.000000000
6207,2020-09-15 15:00:00,0.000000000,0.194572863,0.210683877,0.212994464,0.218032120,0.227992938,0.000000000
6208,2020-09-15 16:00:00,0.000000000,0.194583444,0.210594509,0.212900041,0.217925877,0.227859840,0.000000000
6209,2020-09-15 17:00:00,0.000000000,0.194592792,0.210515418,0.212816483,0.217831879,0.227742137,0.000000000
6210,2020-09-15 18:00:00,0.000000000,0.194601548,0.210441225,0.212738105,0.217743726,0.227631799,0.000000000
6211,2020-09-15 19:00:00,0.000000000,0.194610218,0.210367649,0.212660386,0.217656329,0.227522452,0.000000000
6212,2020-09-15 20:00:00,0.000000000,0.194618298,0.210298986,0.212587863,0.217574790,0.227420472,0.000000000
6213,2020-09-15 21:00:00,0.000000000,0.194623913,0.210251219,0.212537413,0.217518076,0.227349563,0.000000000
6214,2020-09-15 22:00:00,0.000000000,0.194626630,0.210228085,0.212512981,0.217490613,0.227315233,0.000000000
6215,2020-09-15 23:00:00,0.000000000,0.194627697,0.210219001,0.212503388,0.217479830,0.227301755,0.000000000
6216,2020-09-16 00:00:00,0.000000000,0.194628178,0.210214901,0.212499057,0.217474962,0.227295671,0.000000000
6217,2020-09-16 01:00:00,0.000000000,0.194628949,0.210208333,0.212492121,0.217467166,0.227285927,0.000000000
6218,2020-09-16 02:00:00,0.000000000,0.194629441,0.210204145,0.212487698,0.217462194,0.227279713,0.000000000
6219,2020-09-16 03:00:00,0.000000000,0.194629926,0.210200008,0.212483329,0.217457285,0.227273577,0.000000000
6220,2020-09-16 04:00:00,0.000000000,0.194630353,0.210196372,0.212479489,0.217452968,0.227268182,0.000000000
6221,2020-09-16 05:00:00,0.000000000,0.194631672,0.210185130,0.212467616,0.217439624,0.227251506,0.000000000
6222,2020-09-16 06:00:00,0.000000000,0.194632908,0.210174599,0.212456495,0.217427125,0.227235887,0.000000000
6223,2020-09-16 07:00:00,0.000000000,0.194633883,0.210166281,0.212447712,0.217417254,0.227223552,0.000000000
6224,2020-09-16 08:00:00,0.000000000,0.194634884,0.210157748,0.212438700,0.217407126,0.227210897,0.000000000
6225,2020-09-16 09:00:00,0.000000000,0.194635171,0.210155303,0.212436118,0.217404224,0.227207271,0.000000000
6226,2020-09-16 10:00:00,0.000000000,0.194635529,0.210152249,0.212432893,0.217400600,0.227202743,0.000000000
6227,2020-09-16 11:00:00,0.000000000,0.194635998,0.210148248,0.212428668,0.217395852,0.227196810,0.000000000
6228,2020-09-16 12:00:00,0.000000000,0.194637102,0.210138834,0.212418726,0.217384679,0.227182851,0.000000000
6229,2020-09-16 13:00:00,0.000000000,0.194638750,0.210124765,0.212403869,0.217367984,0.227161993,0.000000000
6230,2020-09-16 14:00:00,0.000000000,0.194642456,0.210093138,0.212370473,0.217330456,0.227115114,0.000000000
6231,2020-09-16 15:00:00,0.000000000,0.194650825,0.210021623,0.212294959,0.217245612,0.227009160,0.000000000
6232,2020-09-16 16:00:00,0.000000000,0.194662541,0.209921340,0.212189078,0.217126673,0.226860695,0.000000000
6233,2020-09-16 17:00:00,0.000000000,0.194676505,0.209801560,0.212062627,0.216984667,0.226683542,0.000000000
6234,2020-09-16 18:00:00,0.000000000,0.194690143,0.209684292,0.211938844,0.216845697,0.226510284,0.000000000
6235,2020-09-16 19:00:00,0.000000000,0.194704061,0.209564344,0.211812248,0.216703610,0.226333254,0.000000000
6236,2020-09-16 20:00:00,0.000000000,0.194716885,0.209453564,0.211695342,0.216572435,0.226169920,0.000000000
6237,2020-09-16 21:00:00,0.000000000,0.194725616,0.209378003,0.211615611,0.216482993,0.226058604,0.000000000
6238,2020-09-16 22:00:00,0.000000000,0.194729254,0.209346483,0.211582353,0.216445689,0.226012191,0.000000000
6239,2020-09-16 23:00:00,0.000000000,0.194731628,0.209325902,0.211560638,0.216421335,0.225981893,0.000000000
6240,2020-09-17 00:00:00,0.000000000,0.194733397,0.209310560,0.211544451,0.216403180,0.225959310,0.000000000
6241,2020-09-17 01:00:00,0.000000000,0.194733626,0.209308579,0.211542361,0.216400836,0.225956395,0.000000000
6242,2020-09-17 02:00:00,0.000000000,0.194733841,0.209308579,0.211542361,0.216400836,0.225956395,0.002876496
6243,2020-09-17 03:00:00,0.000000000,0.194733510,0.209309580,0.211543417,0.216402020,0.225957867,0.003462506
6244,2020-09-17 04:00:00,0.000000000,0.194733344,0.209311025,0.211544941,0.216403730,0.225959995,0.004336047
6245,2020-09-17 05:00:00,0.000000000,0.194733135,0.209312835,0.211546851,0.216405871,0.225962658,0.004857418
6246,2020-09-17 06:00:00,0.000000000,0.194732901,0.209314862,0.211548990,0.216408270,0.225965642,0.002975044
6247,2020-09-17 07:00:00,0.000000000,0.194732758,0.209316104,0.211550300,0.216409740,0.225967470,0.002151736
6248,2020-09-17 08:00:00,0.000000000,0.194732655,0.209317002,0.211551248,0.216410803,0.225968792,0.002369014
6249,2020-09-17 09:00:00,0.000000000,0.194732540,0.209317991,0.211552291,0.216411973,0.225970247,0.000684196
6250,2020-09-17 10:00:00,0.000000000,0.194732233,0.209317991,0.211552291,0.216411973,0.225970247,0.000000000
6251,2020-09-17 11:00:00,0.000000000,0.194732629,0.209317225,0.211551483,0.216411067,0.225969121,0.000000000
6252,2020-09-17 12:00:00,0.000000000,0.194733300,0.209311409,0.211545346,0.216404184,0.225960559,0.000000000
6253,2020-09-17 13:00:00,0.000000000,0.194734800,0.209298395,0.211531616,0.216388785,0.225941406,0.000000000
6254,2020-09-17 14:00:00,0.000000000,0.194739023,0.209261744,0.211492948,0.216345422,0.225887477,0.000000000
6255,2020-09-17 15:00:00,0.000000000,0.194747042,0.209192086,0.211419460,0.216263021,0.225785027,0.000000000
6256,2020-09-17 16:00:00,0.000000000,0.194758658,0.209091008,0.211312834,0.216143488,0.225636477,0.000000000
6257,2020-09-17 17:00:00,0.000000000,0.194771960,0.208975009,0.211190482,0.216006362,0.225466160,0.000000000
6258,2020-09-17 18:00:00,0.000000000,0.194786097,0.208851429,0.211060151,0.215860335,0.225284902,0.000000000
6259,2020-09-17 19:00:00,0.000000000,0.194800433,0.208725805,0.210927681,0.215711955,0.225100843,0.000000000
6260,2020-09-17 20:00:00,0.000000000,0.194812865,0.208616610,0.210812550,0.215583034,0.224941020,0.000000000
6261,2020-09-17 21:00:00,0.000000000,0.194820956,0.208545418,0.210737495,0.215499007,0.224836900,0.000000000
6262,2020-09-17 22:00:00,0.000000000,0.194822733,0.208529766,0.210720994,0.215480535,0.224814017,0.000000000
6263,2020-09-17 23:00:00,0.000000000,0.194823647,0.208521722,0.210712514,0.215471043,0.224802258,0.000000000
6264,2020-09-18 00:00:00,0.000000000,0.194823851,0.208519923,0.210710618,0.215468920,0.224799629,0.000000000
6265,2020-09-18 01:00:00,0.000000000,0.194823910,0.208519405,0.210710072,0.215468309,0.224798871,0.000572347
6266,2020-09-18 02:00:00,0.000000000,0.194823651,0.208519405,0.210710072,0.215468309,0.224798871,0.000429587
6267,2020-09-18 03:00:00,0.000000000,0.194823457,0.208519405,0.210710072,0.215468309,0.224798871,0.000000000
6268,2020-09-18 04:00:00,0.000000000,0.194824821,0.208511377,0.210701608,0.215458835,0.224787136,0.000000000
6269,2020-09-18 05:00:00,0.000000000,0.194826498,0.208496593,0.210686023,0.215441390,0.224765529,0.000000000
6270,2020-09-18 06:00:00,0.000000000,0.194828434,0.208479527,0.210668034,0.215421255,0.224740590,0.000000000
6271,2020-09-18 07:00:00,0.000000000,0.194830612,0.208460324,0.210647791,0.215398598,0.224712532,0.000000000
6272,2020-09-18 08:00:00,0.000000000,0.194833204,0.208437457,0.210623686,0.215371620,0.224679126,0.000000000
6273,2020-09-18 09:00:00,0.000000000,0.194836269,0.208410399,0.210595165,0.215339702,0.224639607,0.000000000
6274,2020-09-18 10:00:00,0.000000000,0.194839098,0.208385416,0.210568831,0.215310233,0.224603127,0.000000000
6275,2020-09-18 11:00:00,0.000000000,0.194841907,0.208360597,0.210542672,0.215280961,0.224566894,0.000000000
6276,2020-09-18 12:00:00,0.000000000,0.194845339,0.208330258,0.210510694,0.215245181,0.224522613,0.000000000
6277,2020-09-18 13:00:00,0.000000000,0.194849721,0.208291494,0.210469838,0.215199470,0.224466051,0.000000000
6278,2020-09-18 14:00:00,0.000000000,0.194855460,0.208240683,0.210416287,0.215139563,0.224391940,0.000000000
6279,2020-09-18 15:00:00,0.000000000,0.194862822,0.208175423,0.210347513,0.215062636,0.224296801,0.000000000
6280,2020-09-18 16:00:00,0.000000000,0.194871423,0.208099068,0.210267052,0.214972652,0.224185555,0.000000000
6281,2020-09-18 17:00:00,0.000000000,0.194880735,0.208016273,0.210179812,0.214875105,0.224065009,0.000000000
6282,2020-09-18 18:00:00,0.000000000,0.194890112,0.207932770,0.210091833,0.214776752,0.223943517,0.000000000
6283,2020-09-18 19:00:00,0.000000000,0.194899421,0.207849734,0.210004354,0.214678976,0.223822791,0.000000000
6284,2020-09-18 20:00:00,0.000000000,0.194907398,0.207778467,0.209929280,0.214595081,0.223719244,0.000000000
6285,2020-09-18 21:00:00,0.000000000,0.194916066,0.207700913,0.209847590,0.214503808,0.223606633,0.000000000
6286,2020-09-18 22:00:00,0.000000000,0.194920576,0.207660514,0.209805038,0.214456272,0.223548002,0.000000000
6287,2020-09-18 23:00:00,0.000000000,0.194923742,0.207632128,0.209775141,0.214422874,0.223506816,0.000000000
6288,2020-09-19 00:00:00,0.000000000,0.194925463,0.207616697,0.209758889,0.214404721,0.223484433,0.000000000
6289,2020-09-19 01:00:00,0.000000000,0.194929628,0.207579328,0.209719532,0.214360762,0.223430236,0.000000000
6290,2020-09-19 02:00:00,0.000000000,0.194935666,0.207525102,0.209662425,0.214296984,0.223351623,0.000000000
6291,2020-09-19 03:00:00,0.000000000,0.194940938,0.207477714,0.209612522,0.214241258,0.223282953,0.000000000
6292,2020-09-19 04:00:00,0.000000000,0.194946277,0.207429668,0.209561928,0.214184767,0.223213356,0.000000000
6293,2020-09-19 05:00:00,0.000000000,0.194951056,0.207386627,0.209516606,0.214134169,0.223151034,0.000000000
6294,2020-09-19 06:00:00,0.000000000,0.194955225,0.207349053,0.209477043,0.214090004,0.223096647,0.000000000
6295,2020-09-19 07:00:00,0.000000000,0.194959032,0.207314714,0.209440888,0.214049646,0.223046957,0.000000000
6296,2020-09-19 08:00:00,0.000000000,0.194962617,0.207282363,0.209406827,0.214011629,0.223000157,0.000000000
6297,2020-09-19 09:00:00,0.000000000,0.194965557,0.207255806,0.209378867,0.213980423,0.222961747,0.000000000
6298,2020-09-19 10:00:00,0.000000000,0.194968186,0.207232053,0.209353860,0.213952516,0.222927402,0.000000000
6299,2020-09-19 11:00:00,0.000000000,0.194971196,0.207204844,0.209325215,0.213920549,0.222888067,0.000000000
6300,2020-09-19 12:00:00,0.000000000,0.194974969,0.207170711,0.209289282,0.213880453,0.222838734,0.000000000
6301,2020-09-19 13:00:00,0.000000000,0.194980695,0.207118878,0.209234717,0.213819573,0.222763847,0.000000000
6302,2020-09-19 14:00:00,0.000000000,0.194989423,0.207039756,0.209151432,0.213726661,0.222649596,0.000000000
6303,2020-09-19 15:00:00,0.000000000,0.195000815,0.206936304,0.209042546,0.213605217,0.222500327,0.000000000
6304,2020-09-19 16:00:00,0.000000000,0.195012780,0.206827413,0.208927948,0.213477433,0.222343349,0.000000000
6305,2020-09-19 17:00:00,0.000000000,0.195027021,0.206697511,0.208791253,0.213325052,0.222156266,0.000000000
6306,2020-09-19 18:00:00,0.000000000,0.195039227,0.206585900,0.208673821,0.213194180,0.221995686,0.000000000
6307,2020-09-19 19:00:00,0.000000000,0.195051623,0.206472299,0.208554310,0.213061026,0.221832397,0.000000000
6308,2020-09-19 20:00:00,0.000000000,0.195063662,0.206361729,0.208437999,0.212931472,0.221673610,0.000000000
6309,2020-09-19 21:00:00,0.000000000,0.195073982,0.206266748,0.208338098,0.212820221,0.221537326,0.000000000
6310,2020-09-19 22:00:00,0.000000000,0.195076777,0.206240999,0.208311017,0.212790068,0.221500399,0.000000000
6311,2020-09-19 23:00:00,0.000000000,0.195078583,0.206224352,0.208293509,0.212770575,0.221476528,0.000000000
6312,2020-09-20 00:00:00,0.000000000,0.195079760,0.206213492,0.208282088,0.212757859,0.221460958,0.000000000
6313,2020-09-20 01:00:00,0.000000000,0.195080908,0.206202909,0.208270957,0.212745467,0.221445786,0.000000000
6314,2020-09-20 02:00:00,0.000000000,0.195083179,0.206181957,0.208248923,0.212720936,0.221415753,0.000000000
6315,2020-09-20 03:00:00,0.000000000,0.195084080,0.206173644,0.208240180,0.212711203,0.221403839,0.000000000
6316,2020-09-20 04:00:00,0.000000000,0.195085057,0.206164625,0.208230696,0.212700645,0.221390913,0.000000000
6317,2020-09-20 05:00:00,0.000000000,0.195085961,0.206156282,0.208221921,0.212690877,0.221378956,0.000000000
6318,2020-09-20 06:00:00,0.000000000,0.195088204,0.206135568,0.208200138,0.212666629,0.221349277,0.000000000
6319,2020-09-20 07:00:00,0.000000000,0.195089260,0.206125818,0.208189885,0.212655216,0.221335308,0.000000000
6320,2020-09-20 08:00:00,0.000000000,0.195090260,0.206116575,0.208180165,0.212644396,0.221322066,0.000000000
6321,2020-09-20 09:00:00,0.000000000,0.195092606,0.206094896,0.208157367,0.212619020,0.221291012,0.000000000
6322,2020-09-20 10:00:00,0.000000000,0.195094157,0.206080558,0.208142290,0.212602240,0.221270478,0.000000000
6323,2020-09-20 11:00:00,0.000000000,0.195096485,0.206059029,0.208119651,0.212577043,0.221239648,0.000000000
6324,2020-09-20 12:00:00,0.000000000,0.195099153,0.206034344,0.208093694,0.212548155,0.221204307,0.000000000
6325,2020-09-20 13:00:00,0.000000000,0.195102019,0.206007812,0.208065797,0.212517109,0.221166329,0.000000000
6326,2020-09-20 14:00:00,0.000000000,0.195107970,0.205952685,0.208007833,0.212452610,0.221087446,0.000000000
6327,2020-09-20 15:00:00,0.000000000,0.195117743,0.205862011,0.207912501,0.212346546,0.220957774,0.000000000
6328,2020-09-20 16:00:00,0.000000000,0.195128850,0.205758772,0.207803969,0.212225824,0.220810250,0.000000000
6329,2020-09-20 17:00:00,0.000000000,0.195140312,0.205652003,0.207691737,0.212101016,0.220657811,0.000000000
6330,2020-09-20 18:00:00,0.000000000,0.195154146,0.205522844,0.207555986,0.211950094,0.220473581,0.000000000
6331,2020-09-20 19:00:00,0.000000000,0.195167157,0.205401068,0.207428012,0.211807857,0.220300059,0.000000000
6332,2020-09-20 20:00:00,0.000000000,0.195179089,0.205289130,0.207310389,0.211677161,0.220140705,0.000000000
6333,2020-09-20 21:00:00,0.000000000,0.195188396,0.205201650,0.207218476,0.211575055,0.220016270,0.000000000
6334,2020-09-20 22:00:00,0.000000000,0.195193953,0.205149344,0.207163523,0.211514018,0.219941909,0.000000000
6335,2020-09-20 23:00:00,0.000000000,0.195195685,0.205133028,0.207146382,0.211494980,0.219918720,0.000000000
6336,2020-09-21 00:00:00,0.000000000,0.195196808,0.205122451,0.207135270,0.211482639,0.219903689,0.000000000
6337,2020-09-21 01:00:00,0.000000000,0.195197578,0.205115191,0.207127644,0.211474169,0.219893373,0.000000000
6338,2020-09-21 02:00:00,0.000000000,0.195199697,0.205095217,0.207106660,0.211450866,0.219864992,0.000000000
6339,2020-09-21 03:00:00,0.000000000,0.195200040,0.205091979,0.207103259,0.211447089,0.219860393,0.000000000
6340,2020-09-21 04:00:00,0.000000000,0.195200483,0.205087802,0.207098871,0.211442216,0.219854459,0.000000000
6341,2020-09-21 05:00:00,0.000000000,0.195200915,0.205083729,0.207094592,0.211437464,0.219848672,0.000000000
6342,2020-09-21 06:00:00,0.000000000,0.195201472,0.205078477,0.207089075,0.211431337,0.219841211,0.000000000
6343,2020-09-21 07:00:00,0.000000000,0.195201996,0.205073534,0.207083882,0.211425571,0.219834190,0.000000000
6344,2020-09-21 08:00:00,0.000000000,0.195202477,0.205068997,0.207079116,0.211420278,0.219827745,0.000000000
6345,2020-09-21 09:00:00,0.000000000,0.195202978,0.205064280,0.207074161,0.211414776,0.219821045,0.000000000
6346,2020-09-21 10:00:00,0.000000000,0.195203476,0.205059577,0.207069220,0.211409289,0.219814364,0.000000000
6347,2020-09-21 11:00:00,0.000000000,0.195203957,0.205055038,0.207064453,0.211403996,0.219807919,0.000000000
6348,2020-09-21 12:00:00,0.000000000,0.195205445,0.205040995,0.207049700,0.211387614,0.219787974,0.000000000
6349,2020-09-21 13:00:00,0.000000000,0.195208105,0.205015888,0.207023327,0.211358331,0.219752323,0.000000000
6350,2020-09-21 14:00:00,0.000000000,0.195213931,0.204960846,0.206965510,0.211294139,0.219674190,0.000000000
6351,2020-09-21 15:00:00,0.000000000,0.195223181,0.204873334,0.206873593,0.211192104,0.219550036,0.000000000
6352,2020-09-21 16:00:00,0.000000000,0.195235195,0.204759447,0.206753985,0.211059359,0.219388591,0.000000000
6353,2020-09-21 17:00:00,0.000000000,0.195246672,0.204650411,0.206639485,0.210932316,0.219234163,0.000000000
6354,2020-09-21 18:00:00,0.000000000,0.195260515,0.204518576,0.206501059,0.210778766,0.219047620,0.000000000
6355,2020-09-21 19:00:00,0.000000000,0.195272748,0.204401793,0.206378454,0.210642803,0.218882539,0.000000000
6356,2020-09-21 20:00:00,0.000000000,0.195284710,0.204287337,0.206258305,0.210509598,0.218720895,0.000000000
6357,2020-09-21 21:00:00,0.000000000,0.195293009,0.204207775,0.206174793,0.210417031,0.218608616,0.000000000
6358,2020-09-21 22:00:00,0.000000000,0.195295974,0.204179325,0.206144932,0.210383936,0.218568484,0.000000000
6359,2020-09-21 23:00:00,0.000000000,0.195297782,0.204161961,0.206126708,0.210363739,0.218543995,0.000000000
6360,2020-09-22 00:00:00,0.000000000,0.195298405,0.204155981,0.206120431,0.210356783,0.218535561,0.000000000
6361,2020-09-22 01:00:00,0.000000000,0.195299577,0.204144730,0.206108623,0.210343697,0.218519696,0.000000000
6362,2020-09-22 02:00:00,0.000000000,0.195301733,0.204124009,0.206086876,0.210319598,0.218490481,0.000000000
6363,2020-09-22 03:00:00,0.000000000,0.195302065,0.204120820,0.206083529,0.210315889,0.218485985,0.000000000
6364,2020-09-22 04:00:00,0.000000000,0.195302343,0.204118153,0.206080729,0.210312787,0.218482224,0.000000000
6365,2020-09-22 05:00:00,0.000000000,0.195302875,0.204113035,0.206075358,0.210306836,0.218475010,0.000000000
6366,2020-09-22 06:00:00,0.000000000,0.195303272,0.204109220,0.206071354,0.210302399,0.218469632,0.000000000
6367,2020-09-22 07:00:00,0.000000000,0.195303707,0.204105041,0.206066969,0.210297539,0.218463741,0.000000000
6368,2020-09-22 08:00:00,0.000000000,0.195304238,0.204099931,0.206061605,0.210291597,0.218456538,0.000000000
6369,2020-09-22 09:00:00,0.000000000,0.195304654,0.204095930,0.206057406,0.210286944,0.218450898,0.000000000
6370,2020-09-22 10:00:00,0.000000000,0.195305056,0.204092067,0.206053352,0.210282451,0.218445453,0.000000000
6371,2020-09-22 11:00:00,0.000000000,0.195305558,0.204087234,0.206048280,0.210276832,0.218438642,0.000000000
6372,2020-09-22 12:00:00,0.000000000,0.195307248,0.204070984,0.206031227,0.210257936,0.218415740,0.000000000
6373,2020-09-22 13:00:00,0.000000000,0.195309734,0.204047061,0.206006120,0.210230119,0.218382030,0.000000000
6374,2020-09-22 14:00:00,0.000000000,0.195314906,0.203997259,0.205953858,0.210172218,0.218311873,0.000000000
6375,2020-09-22 15:00:00,0.000000000,0.195323523,0.203914173,0.205866672,0.210075642,0.218194889,0.000000000
6376,2020-09-22 16:00:00,0.000000000,0.195336623,0.203787602,0.205733868,0.209928567,0.218016825,0.000000000
6377,2020-09-22 17:00:00,0.000000000,0.195351194,0.203646444,0.205585780,0.209764614,0.217818447,0.000000000
6378,2020-09-22 18:00:00,0.000000000,0.195365740,0.203505139,0.205437557,0.209600562,0.217620080,0.000000000
6379,2020-09-22 19:00:00,0.000000000,0.195380632,0.203360060,0.205285397,0.209432205,0.217416641,0.000000000
6380,2020-09-22 20:00:00,0.000000000,0.195393585,0.203233538,0.205152717,0.209285445,0.217239410,0.000000000
6381,2020-09-22 21:00:00,0.000000000,0.195403988,0.203131692,0.205045925,0.209167350,0.217096869,0.000000000
6382,2020-09-22 22:00:00,0.000000000,0.195406966,0.203102495,0.205015313,0.209133503,0.217056027,0.000000000
6383,2020-09-22 23:00:00,0.000000000,0.195409485,0.203077791,0.204989411,0.209104865,0.217021476,0.000000000
6384,2020-09-23 00:00:00,0.000000000,0.195411093,0.203062013,0.204972869,0.209086576,0.216999413,0.000000000
6385,2020-09-23 01:00:00,0.000000000,0.195412400,0.203049190,0.204959424,0.209071713,0.216981483,0.000000000
6386,2020-09-23 02:00:00,0.000000000,0.195413657,0.203036843,0.204946480,0.209057403,0.216964222,0.000000000
6387,2020-09-23 03:00:00,0.000000000,0.195415019,0.203023470,0.204932460,0.209041904,0.216945528,0.000000000
6388,2020-09-23 04:00:00,0.000000000,0.195415528,0.203018476,0.204927224,0.209036115,0.216938546,0.000000000
6389,2020-09-23 05:00:00,0.000000000,0.195416144,0.203012425,0.204920880,0.209029103,0.216930089,0.000000000
6390,2020-09-23 06:00:00,0.000000000,0.195417010,0.203003915,0.204911958,0.209019241,0.216918194,0.000000000
6391,2020-09-23 07:00:00,0.000000000,0.195418145,0.202992767,0.204900271,0.209006322,0.216902614,0.000000000
6392,2020-09-23 08:00:00,0.000000000,0.195418524,0.202989039,0.204896363,0.209002002,0.216897405,0.000000000
6393,2020-09-23 09:00:00,0.000000000,0.195418727,0.202987042,0.204894269,0.208999687,0.216894613,0.000000000
6394,2020-09-23 10:00:00,0.000000000,0.195418964,0.202984711,0.204891826,0.208996986,0.216891356,0.000000000
6395,2020-09-23 11:00:00,0.000000000,0.195419218,0.202982216,0.204889210,0.208994095,0.216887869,0.000000000
6396,2020-09-23 12:00:00,0.000000000,0.195420197,0.202972595,0.204879124,0.208982946,0.216874426,0.000000000
6397,2020-09-23 13:00:00,0.000000000,0.195422762,0.202947367,0.204852677,0.208953714,0.216839178,0.000000000
6398,2020-09-23 14:00:00,0.000000000,0.195427731,0.202898479,0.204801428,0.208897072,0.216770892,0.000000000
6399,2020-09-23 15:00:00,0.000000000,0.195436437,0.202812694,0.204711505,0.208797702,0.216651131,0.000000000
6400,2020-09-23 16:00:00,0.000000000,0.195445756,0.202720704,0.204615087,0.208691174,0.216522794,0.000000000
6401,2020-09-23 17:00:00,0.000000000,0.195458785,0.202591820,0.204480012,0.208541973,0.216343137,0.000000000
6402,2020-09-23 18:00:00,0.000000000,0.195472104,0.202459734,0.204341600,0.208389127,0.216159199,0.000000000
6403,2020-09-23 19:00:00,0.000000000,0.195485604,0.202325491,0.204200945,0.208233849,0.215972446,0.000000000
6404,2020-09-23 20:00:00,0.000000000,0.195498527,0.202196663,0.204065981,0.208084895,0.215793404,0.000000000
6405,2020-09-23 21:00:00,0.000000000,0.195509220,0.202089805,0.203954045,0.207961388,0.215645027,0.000000000
6406,2020-09-23 22:00:00,0.000000000,0.195511072,0.202071280,0.203934641,0.207939981,0.215619316,0.000000000
6407,2020-09-23 23:00:00,0.000000000,0.195512115,0.202060837,0.203923702,0.207927913,0.215604823,0.000000000
6408,2020-09-24 00:00:00,0.000000000,0.195512868,0.202053299,0.203915807,0.207919204,0.215594364,0.000000000
6409,2020-09-24 01:00:00,0.000000000,0.195513420,0.202047783,0.203910029,0.207912829,0.215586709,0.000000000
6410,2020-09-24 02:00:00,0.000000000,0.195513897,0.202043003,0.203905022,0.207907306,0.215580077,0.000000000
6411,2020-09-24 03:00:00,0.000000000,0.195514153,0.202040440,0.203902338,0.207904345,0.215576521,0.000000000
6412,2020-09-24 04:00:00,0.000000000,0.195514375,0.202038221,0.203900014,0.207901781,0.215573443,0.000000000
6413,2020-09-24 05:00:00,0.000000000,0.195514492,0.202037042,0.203898779,0.207900419,0.215571807,0.001639199
6414,2020-09-24 06:00:00,0.000000000,0.195514422,0.202037745,0.203899516,0.207901232,0.215572783,0.000871885
6415,2020-09-24 07:00:00,0.000000000,0.195514012,0.202037745,0.203899516,0.207901232,0.215572783,0.000954363
6416,2020-09-24 08:00:00,0.000000000,0.195513564,0.202037745,0.203899516,0.207901232,0.215572783,0.002164348
6417,2020-09-24 09:00:00,0.000000000,0.195514251,0.202039457,0.203901308,0.207903209,0.215575157,0.001300716
6418,2020-09-24 10:00:00,0.000000000,0.195514195,0.202040015,0.203901893,0.207903854,0.215575932,0.000000000
6419,2020-09-24 11:00:00,0.000000000,0.195514290,0.202039064,0.203900897,0.207902756,0.215574613,0.000000000
6420,2020-09-24 12:00:00,0.000000000,0.195515135,0.202030608,0.203892039,0.207892984,0.215562880,0.000000000
6421,2020-09-24 13:00:00,0.000000000,0.195516603,0.202015899,0.203876634,0.207875991,0.215542475,0.000000000
6422,2020-09-24 14:00:00,0.000000000,0.195520278,0.201979069,0.203838059,0.207833442,0.215491391,0.000000000
6423,2020-09-24 15:00:00,0.000000000,0.195525928,0.201922402,0.203778711,0.207767984,0.215412820,0.000000000
6424,2020-09-24 16:00:00,0.000000000,0.195535264,0.201828616,0.203680493,0.207659675,0.215282855,0.000000000
6425,2020-09-24 17:00:00,0.000000000,0.195547406,0.201706390,0.203552505,0.207518568,0.215113616,0.000000000
6426,2020-09-24 18:00:00,0.000000000,0.195561097,0.201568213,0.203407831,0.207359109,0.214922476,0.000000000
6427,2020-09-24 19:00:00,0.000000000,0.195572433,0.201453518,0.203287758,0.207226801,0.214763969,0.000000000
6428,2020-09-24 20:00:00,0.000000000,0.195582795,0.201348448,0.203177771,0.207105635,0.214618880,0.000000000
6429,2020-09-24 21:00:00,0.000000000,0.195588477,0.201290747,0.203117376,0.207039112,0.214539251,0.000000000
6430,2020-09-24 22:00:00,0.000000000,0.195590672,0.201268439,0.203094027,0.207013395,0.214508473,0.000000000
6431,2020-09-24 23:00:00,0.000000000,0.195591983,0.201255105,0.203080071,0.206998026,0.214490080,0.000000000
6432,2020-09-25 00:00:00,0.000000000,0.195592477,0.201250079,0.203074810,0.206992232,0.214483147,0.000000000
6433,2020-09-25 01:00:00,0.000000000,0.195592630,0.201248524,0.203073183,0.206990440,0.214481003,0.001647852
6434,2020-09-25 02:00:00,0.000000000,0.195592560,0.201249233,0.203073925,0.206991257,0.214481981,0.003715968
6435,2020-09-25 03:00:00,0.000000000,0.195592403,0.201250831,0.203075598,0.206993099,0.214484185,0.004501464
6436,2020-09-25 04:00:00,0.000000000,0.195592213,0.201252767,0.203077624,0.206995331,0.214486855,0.003928816
6437,2020-09-25 05:00:00,0.000000000,0.195592047,0.201254457,0.203079392,0.206997278,0.214489186,0.002807418
6438,2020-09-25 06:00:00,0.000000000,0.195591928,0.201255664,0.203080656,0.206998670,0.214490851,0.002547045
6439,2020-09-25 07:00:00,0.000000000,0.195591820,0.201256760,0.203081803,0.206999933,0.214492362,0.001782789
6440,2020-09-25 08:00:00,0.000000000,0.195591745,0.201257526,0.203082605,0.207000817,0.214493420,0.001365983
6441,2020-09-25 09:00:00,0.000000000,0.195591687,0.201258114,0.203083220,0.207001494,0.214494230,0.000000000
6442,2020-09-25 10:00:00,0.000000000,0.195591798,0.201258114,0.203083220,0.207001494,0.214494230,0.000000000
6443,2020-09-25 11:00:00,0.000000000,0.195591928,0.201255662,0.203080654,0.206998668,0.214490848,0.000000000
6444,2020-09-25 12:00:00,0.000000000,0.195593189,0.201242845,0.203067239,0.206983894,0.214473170,0.000000000
6445,2020-09-25 13:00:00,0.000000000,0.195594802,0.201226434,0.203050063,0.206964978,0.214450535,0.000000000
6446,2020-09-25 14:00:00,0.000000000,0.195597738,0.201196555,0.203018792,0.206930542,0.214409335,0.000000000
6447,2020-09-25 15:00:00,0.000000000,0.195603406,0.201138819,0.202958368,0.206864009,0.214329746,0.000000000
6448,2020-09-25 16:00:00,0.000000000,0.195611625,0.201054981,0.202870632,0.206767417,0.214214236,0.000000000
6449,2020-09-25 17:00:00,0.000000000,0.195621692,0.200952100,0.202762978,0.206648919,0.214072586,0.000000000
6450,2020-09-25 18:00:00,0.000000000,0.195632307,0.200843402,0.202649248,0.206523760,0.213923044,0.000000000
6451,2020-09-25 19:00:00,0.000000000,0.195645866,0.200704206,0.202503625,0.206363545,0.213731717,0.000000000
6452,2020-09-25 20:00:00,0.000000000,0.195659985,0.200558861,0.202351589,0.206196323,0.213532146,0.000000000
6453,2020-09-25 21:00:00,0.000000000,0.195669833,0.200457243,0.202245306,0.206079454,0.213392742,0.000000000
6454,2020-09-25 22:00:00,0.000000000,0.195672544,0.200429227,0.202216004,0.206047239,0.213354325,0.000000000
6455,2020-09-25 23:00:00,0.000000000,0.195673658,0.200417718,0.202203968,0.206034007,0.213338547,0.000000000
6456,2020-09-26 00:00:00,0.000000000,0.195675049,0.200403339,0.202188930,0.206017474,0.213318834,0.005632541
6457,2020-09-26 01:00:00,0.000000000,0.195674814,0.200405768,0.202191470,0.206020266,0.213322164,0.008778484
6458,2020-09-26 02:00:00,0.000000000,0.195674447,0.200409553,0.202195429,0.206024619,0.213327354,0.015334614
6459,2020-09-26 03:00:00,0.000000000,0.195673808,0.200416165,0.202202344,0.206032220,0.213336417,0.014805931
6460,2020-09-26 04:00:00,0.000000000,0.195673190,0.200422548,0.202209019,0.206039560,0.213345168,0.011844395
6461,2020-09-26 05:00:00,0.000000000,0.195672696,0.200427655,0.202214360,0.206045432,0.213352170,0.012413420
6462,2020-09-26 06:00:00,0.000000000,0.195672179,0.200433007,0.202219958,0.206051586,0.213359508,0.011269514
6463,2020-09-26 07:00:00,0.000000000,0.195671708,0.200437866,0.202225039,0.206057173,0.213366170,0.010962643
6464,2020-09-26 08:00:00,0.000000000,0.195671251,0.200442593,0.202229983,0.206062607,0.213372651,0.012299092
6465,2020-09-26 09:00:00,0.000000000,0.195670738,0.200447895,0.202235528,0.206068705,0.213379922,0.010951130
6466,2020-09-26 10:00:00,0.000000000,0.195670281,0.200452616,0.202240466,0.206074134,0.213386397,0.006609113
6467,2020-09-26 11:00:00,0.000000000,0.195670005,0.200455466,0.202243447,0.206077411,0.213390305,0.000000000
6468,2020-09-26 12:00:00,0.000000000,0.195670393,0.200451458,0.202239254,0.206072801,0.213384808,0.000000000
6469,2020-09-26 13:00:00,0.000000000,0.195672297,0.200431783,0.202218677,0.206050178,0.213357829,0.000000000
6470,2020-09-26 14:00:00,0.000000000,0.195675841,0.200395147,0.202180363,0.206008056,0.213307605,0.000000000
6471,2020-09-26 15:00:00,0.000000000,0.195683516,0.200315701,0.202097281,0.205916727,0.213198738,0.000000000
6472,2020-09-26 16:00:00,0.000000000,0.195693840,0.200208652,0.201985342,0.205793701,0.213052143,0.000000000
6473,2020-09-26 17:00:00,0.000000000,0.195703884,0.200104287,0.201876221,0.205673799,0.212909335,0.000000000
6474,2020-09-26 18:00:00,0.000000000,0.195712190,0.200017819,0.201785819,0.205574485,0.212791096,0.000000000
6475,2020-09-26 19:00:00,0.000000000,0.195720992,0.199926026,0.201689859,0.205469083,0.212665657,0.000000000
6476,2020-09-26 20:00:00,0.000000000,0.195728390,0.199848751,0.201609082,0.205380374,0.212560121,0.000000000
6477,2020-09-26 21:00:00,0.000000000,0.195733517,0.199795119,0.201553022,0.205318818,0.212486908,0.000000000
6478,2020-09-26 22:00:00,0.000000000,0.195735945,0.199769706,0.201526461,0.205289654,0.212452228,0.000000000
6479,2020-09-26 23:00:00,0.000000000,0.195736621,0.199762630,0.201519064,0.205281533,0.212442572,0.000000000
6480,2020-09-27 00:00:00,0.000000000,0.195736865,0.199760077,0.201516396,0.205278603,0.212439089,0.000844712
6481,2020-09-27 01:00:00,0.000000000,0.195736462,0.199760077,0.201516396,0.205278603,0.212439089,0.004131594
6482,2020-09-27 02:00:00,0.000000000,0.195736659,0.199762228,0.201518644,0.205281072,0.212442023,0.008967823
6483,2020-09-27 03:00:00,0.000000000,0.195736289,0.199766103,0.201522695,0.205285519,0.212447312,0.011288588
6484,2020-09-27 04:00:00,0.000000000,0.195735823,0.199770981,0.201527793,0.205291117,0.212453968,0.011752388
6485,2020-09-27 05:00:00,0.000000000,0.195735338,0.199776060,0.201533101,0.205296945,0.212460898,0.014454713
6486,2020-09-27 06:00:00,0.000000000,0.195734742,0.199782305,0.201539629,0.205304112,0.212469420,0.016185172
6487,2020-09-27 07:00:00,0.000000000,0.195734074,0.199789297,0.201546937,0.205312136,0.212478963,0.016557742
6488,2020-09-27 08:00:00,0.000000000,0.195733390,0.199796450,0.201554414,0.205320346,0.212488726,0.016472901
6489,2020-09-27 09:00:00,0.000000000,0.195732710,0.199803567,0.201561852,0.205328513,0.212498438,0.016844855
6490,2020-09-27 10:00:00,0.000000000,0.195732014,0.199810843,0.201569458,0.205336864,0.212508371,0.014857472
6491,2020-09-27 11:00:00,0.000000000,0.195731401,0.199817262,0.201576167,0.205344231,0.212517132,0.004849477
6492,2020-09-27 12:00:00,0.000000000,0.195731589,0.199815293,0.201574110,0.205341972,0.212514445,0.000000000
6493,2020-09-27 13:00:00,0.000000000,0.195733261,0.199797800,0.201555825,0.205321894,0.212490567,0.000000000
6494,2020-09-27 14:00:00,0.000000000,0.195735969,0.199769454,0.201526197,0.205289364,0.212451884,0.000000000
6495,2020-09-27 15:00:00,0.000000000,0.195741470,0.199711825,0.201465965,0.205223237,0.212373262,0.000000000
6496,2020-09-27 16:00:00,0.000000000,0.195749627,0.199626254,0.201376533,0.205125067,0.212256579,0.000000000
6497,2020-09-27 17:00:00,0.000000000,0.195757905,0.199539264,0.201285626,0.205025295,0.212138033,0.000000000
6498,2020-09-27 18:00:00,0.000000000,0.195766595,0.199447780,0.201190030,0.204920395,0.212013442,0.000000000
6499,2020-09-27 19:00:00,0.000000000,0.195775774,0.199350968,0.201088876,0.204809418,0.211881684,0.000000000
6500,2020-09-27 20:00:00,0.000000000,0.195785132,0.199252088,0.200985570,0.204696103,0.211747205,0.000000000
6501,2020-09-27 21:00:00,0.000000000,0.195791512,0.199184563,0.200915028,0.204618739,0.211655424,0.000000000
6502,2020-09-27 22:00:00,0.000000000,0.195793106,0.199167675,0.200897386,0.204599392,0.211632476,0.000000000
6503,2020-09-27 23:00:00,0.000000000,0.195793665,0.199161752,0.200891198,0.204592607,0.211624428,0.001383648
6504,2020-09-28 00:00:00,0.000000000,0.195793608,0.199162351,0.200891824,0.204593293,0.211625242,0.004787620
6505,2020-09-28 01:00:00,0.000000000,0.195793413,0.199164425,0.200893990,0.204595668,0.211628059,0.008326437
6506,2020-09-28 02:00:00,0.000000000,0.195793073,0.199168030,0.200897756,0.204599799,0.211632958,0.004475663
6507,2020-09-28 03:00:00,0.000000000,0.195792890,0.199169968,0.200899781,0.204602019,0.211635592,0.058018230
6508,2020-09-28 04:00:00,0.000000000,0.195790522,0.199195050,0.200925983,0.204630752,0.211669675,0.337207919
6509,2020-09-28 05:00:00,0.000000000,0.195776858,0.199339526,0.201076921,0.204796305,0.211866119,0.012113041
6510,2020-09-28 06:00:00,0.000000000,0.195776362,0.199344768,0.201082398,0.204802312,0.211873249,0.006749324
6511,2020-09-28 07:00:00,0.000000000,0.195776085,0.199347689,0.201085450,0.204805660,0.211877223,0.000000000
6512,2020-09-28 08:00:00,0.000000000,0.195776180,0.199346683,0.201084398,0.204804507,0.211875854,0.000000000
6513,2020-09-28 09:00:00,0.000000000,0.195776421,0.199344143,0.201081745,0.204801596,0.211872399,0.000000000
6514,2020-09-28 10:00:00,0.000000000,0.195776749,0.199340678,0.201078125,0.204797624,0.211867685,0.000000000
6515,2020-09-28 11:00:00,0.000000000,0.195777141,0.199336540,0.201073801,0.204792882,0.211862056,0.000000000
6516,2020-09-28 12:00:00,0.000000000,0.195777947,0.199328031,0.201064911,0.204783130,0.211850481,0.000000000
6517,2020-09-28 13:00:00,0.000000000,0.195779349,0.199313221,0.201049438,0.204766156,0.211830336,0.000000000
6518,2020-09-28 14:00:00,0.000000000,0.195782752,0.199277260,0.201011867,0.204724946,0.211781430,0.000000000
6519,2020-09-28 15:00:00,0.000000000,0.195789381,0.199207128,0.200938600,0.204644590,0.211686089,0.000000000
6520,2020-09-28 16:00:00,0.000000000,0.195798105,0.199114690,0.200842037,0.204538700,0.211560496,0.000000000
6521,2020-09-28 17:00:00,0.000000000,0.195808629,0.199002944,0.200725315,0.204410731,0.211408780,0.000000000
6522,2020-09-28 18:00:00,0.000000000,0.195819236,0.198890080,0.200607436,0.204281523,0.211255666,0.000000000
6523,2020-09-28 19:00:00,0.000000000,0.195829949,0.198775824,0.200488116,0.204150765,0.211100787,0.000000000
6524,2020-09-28 20:00:00,0.000000000,0.195839126,0.198677750,0.200385706,0.204038562,0.210967944,0.000000000
6525,2020-09-28 21:00:00,0.000000000,0.195846262,0.198601364,0.200305947,0.203951192,0.210864539,0.000000000
6526,2020-09-28 22:00:00,0.000000000,0.195848940,0.198572665,0.200275983,0.203918372,0.210825704,0.000000000
6527,2020-09-28 23:00:00,0.000000000,0.195850768,0.198553064,0.200255518,0.203895957,0.210799184,0.000000000
6528,2020-09-29 00:00:00,0.000000000,0.195851546,0.198544717,0.200246804,0.203886412,0.210787892,0.000000000
6529,2020-09-29 01:00:00,0.000000000,0.195852271,0.198536949,0.200238693,0.203877529,0.210777383,0.000000000
6530,2020-09-29 02:00:00,0.000000000,0.195852620,0.198533202,0.200234782,0.203873245,0.210772315,0.000000000
6531,2020-09-29 03:00:00,0.000000000,0.195852779,0.198531494,0.200232998,0.203871293,0.210770005,0.007955674
6532,2020-09-29 04:00:00,0.000000000,0.195852457,0.198534946,0.200236603,0.203875240,0.210774674,0.000000000
6533,2020-09-29 05:00:00,0.000000000,0.195852750,0.198534946,0.200236603,0.203875240,0.210774674,0.010955700
6534,2020-09-29 06:00:00,0.000000000,0.195852039,0.198539435,0.200241289,0.203880372,0.210780746,0.010079310
6535,2020-09-29 07:00:00,0.000000000,0.195851631,0.198543808,0.200245854,0.203885373,0.210786662,0.008340665
6536,2020-09-29 08:00:00,0.000000000,0.195851294,0.198547427,0.200249633,0.203889511,0.210791558,0.007229328
6537,2020-09-29 09:00:00,0.000000000,0.195851001,0.198550564,0.200252908,0.203893098,0.210795801,0.009792520
6538,2020-09-29 10:00:00,0.000000000,0.195850605,0.198554812,0.200257344,0.203897956,0.210801549,0.005331564
6539,2020-09-29 11:00:00,0.000000000,0.195850389,0.198557126,0.200259759,0.203900601,0.210804679,0.000000000
6540,2020-09-29 12:00:00,0.000000000,0.195851561,0.198544563,0.200246643,0.203886236,0.210787683,0.000000000
6541,2020-09-29 13:00:00,0.000000000,0.195854263,0.198515574,0.200216377,0.203853089,0.210748471,0.000000000
6542,2020-09-29 14:00:00,0.000000000,0.195858960,0.198465143,0.200163728,0.203795433,0.210680274,0.000000000
6543,2020-09-29 15:00:00,0.000000000,0.195866529,0.198383766,0.200078774,0.203702411,0.210570278,0.000000000
6544,2020-09-29 16:00:00,0.000000000,0.195876326,0.198278253,0.199968635,0.203581834,0.210427751,0.000000000
6545,2020-09-29 17:00:00,0.000000000,0.195887345,0.198159316,0.199844494,0.203445961,0.210267217,0.000000000
6546,2020-09-29 18:00:00,0.000000000,0.195897201,0.198052686,0.199733211,0.203324186,0.210123405,0.000000000
6547,2020-09-29 19:00:00,0.000000000,0.195906636,0.197950414,0.199626485,0.203207423,0.209985571,0.000000000
6548,2020-09-29 20:00:00,0.000000000,0.195915175,0.197857667,0.199529708,0.203101564,0.209860658,0.000000000
6549,2020-09-29 21:00:00,0.000000000,0.195921690,0.197786792,0.199455758,0.203020688,0.209765256,0.000000000
6550,2020-09-29 22:00:00,0.000000000,0.195923572,0.197766303,0.199434382,0.202997312,0.209737686,0.000000000
6551,2020-09-29 23:00:00,0.000000000,0.195924875,0.197752115,0.199419579,0.202981124,0.209718596,0.000000000
6552,2020-09-30 00:00:00,0.000000000,0.195925745,0.197742637,0.199409690,0.202970311,0.209705844,0.000000000
6553,2020-09-30 01:00:00,0.000000000,0.195926429,0.197735184,0.199401914,0.202961808,0.209695818,0.000000000
6554,2020-09-30 02:00:00,0.000000000,0.195926556,0.197735184,0.199401914,0.202961808,0.209695818,0.004429346
6555,2020-09-30 03:00:00,0.000000000,0.195926262,0.197736996,0.199403805,0.202963875,0.209698255,0.002581861
6556,2020-09-30 04:00:00,0.000000000,0.195926159,0.197738119,0.199404977,0.202965156,0.209699767,0.408046998
6557,2020-09-30 05:00:00,0.000000000,0.195910056,0.197913286,0.199587743,0.203165043,0.209935557,0.498779974
6558,2020-09-30 06:00:00,0.000000000,0.195890618,0.198123928,0.199807561,0.203405543,0.210219478,3.243036099
6559,2020-09-30 07:00:00,0.000000000,0.195771498,0.199396098,0.201136029,0.204861148,0.211943093,2.085972892
6560,2020-09-30 08:00:00,0.000000000,0.195690867,0.200239503,0.202017601,0.205829152,0.213094379,5.949989736
6561,2020-09-30 09:00:00,0.000000000,0.195478903,0.202392169,0.204270806,0.208310968,0.216065182,6.970978393
6562,2020-09-30 10:00:00,0.000000000,0.195228494,0.204823003,0.206820732,0.211133433,0.219478669,5.310222559
6563,2020-09-30 11:00:00,0.000000000,0.195022673,0.206737206,0.208833022,0.213371609,0.222213412,3.338006991
6564,2020-09-30 12:00:00,0.000000000,0.194883445,0.207992157,0.210154402,0.214846697,0.224029912,0.000000000
6565,2020-09-30 13:00:00,0.000000000,0.194885728,0.207971826,0.210132982,0.214822751,0.224000331,0.388858814
6566,2020-09-30 14:00:00,0.000000000,0.194872350,0.208090832,0.210258374,0.214962947,0.224173560,0.000000000
6567,2020-09-30 15:00:00,0.000000000,0.194879995,0.208022861,0.210186753,0.214882866,0.224074597,0.000000000
6568,2020-09-30 16:00:00,0.000000000,0.194891165,0.207923387,0.210081948,0.214765702,0.223929871,0.000000000
6569,2020-09-30 17:00:00,0.000000000,0.194904602,0.207803452,0.209955600,0.214624491,0.223755539,0.000000000
6570,2020-09-30 18:00:00,0.000000000,0.194921159,0.207655290,0.209799536,0.214450125,0.223540421,0.000000000
6571,2020-09-30 19:00:00,0.000000000,0.194939151,0.207493781,0.209629442,0.214260152,0.223306233,0.000000000
6572,2020-09-30 20:00:00,0.000000000,0.194956277,0.207339567,0.209467056,0.214078855,0.223082919,0.000000000
6573,2020-09-30 21:00:00,0.000000000,0.194968618,0.207228149,0.209349750,0.213947929,0.222921757,0.000000000
6574,2020-09-30 22:00:00,0.000000000,0.194974201,0.207177666,0.209296604,0.213888623,0.222848786,0.000000000
6575,2020-09-30 23:00:00,0.000000000,0.194975424,0.207166599,0.209284953,0.213875623,0.222832792,0.000000000
6576,2020-10-01 00:00:00,0.000000000,0.194978161,0.207141826,0.209258875,0.213846525,0.222796998,0.000000000
6577,2020-10-01 01:00:00,0.000000000,0.194978821,0.207135847,0.209252580,0.213839503,0.222788360,0.000000000
6578,2020-10-01 02:00:00,0.000000000,0.194979437,0.207130265,0.209246704,0.213832947,0.222780296,0.000000000
6579,2020-10-01 03:00:00,0.000000000,0.194979933,0.207125780,0.209241983,0.213827679,0.222773817,0.000000000
6580,2020-10-01 04:00:00,0.000000000,0.194980318,0.207122288,0.209238307,0.213823578,0.222768773,0.000000000
6581,2020-10-01 05:00:00,0.000000000,0.194980497,0.207120672,0.209236606,0.213821680,0.222766438,0.000000000
6582,2020-10-01 06:00:00,0.000000000,0.194980630,0.207119468,0.209235339,0.213820266,0.222764699,0.000000000
6583,2020-10-01 07:00:00,0.000000000,0.194980866,0.207117327,0.209233085,0.213817751,0.222761607,0.000000000
6584,2020-10-01 08:00:00,0.000000000,0.194980982,0.207116273,0.209231975,0.213816513,0.222760084,0.000000000
6585,2020-10-01 09:00:00,0.000000000,0.194981247,0.207113873,0.209229448,0.213813695,0.222756617,0.000000000
6586,2020-10-01 10:00:00,0.000000000,0.194981379,0.207112679,0.209228191,0.213812292,0.222754892,0.000000000
6587,2020-10-01 11:00:00,0.000000000,0.194981656,0.207110174,0.209225555,0.213809351,0.222751275,0.000000000
6588,2020-10-01 12:00:00,0.000000000,0.194982949,0.207098453,0.209213216,0.213795585,0.222734346,0.000000000
6589,2020-10-01 13:00:00,0.000000000,0.194986140,0.207069528,0.209182769,0.213761619,0.222692577,0.000000000
6590,2020-10-01 14:00:00,0.000000000,0.194993208,0.207005412,0.209115282,0.213686339,0.222600027,0.000000000
6591,2020-10-01 15:00:00,0.000000000,0.195004123,0.206906220,0.209010884,0.213569909,0.222456943,0.000000000
6592,2020-10-01 16:00:00,0.000000000,0.195017336,0.206785896,0.208884257,0.213428724,0.222283534,0.000000000
6593,2020-10-01 17:00:00,0.000000000,0.195032522,0.206647236,0.208738355,0.213266096,0.222083915,0.000000000
6594,2020-10-01 18:00:00,0.000000000,0.195048542,0.206500563,0.208584043,0.213094150,0.221873008,0.000000000
6595,2020-10-01 19:00:00,0.000000000,0.195065062,0.206348851,0.208424454,0.212916386,0.221655126,0.000000000
6596,2020-10-01 20:00:00,0.000000000,0.195079548,0.206215452,0.208284148,0.212760153,0.221463767,0.000000000
6597,2020-10-01 21:00:00,0.000000000,0.195090520,0.206114174,0.208177640,0.212641585,0.221318626,0.000000000
6598,2020-10-01 22:00:00,0.000000000,0.195092322,0.206097525,0.208160132,0.212622098,0.221294778,0.000000000
6599,2020-10-01 23:00:00,0.000000000,0.195094123,0.206080867,0.208142615,0.212602601,0.221270921,0.000000000
6600,2020-10-02 00:00:00,0.000000000,0.195094911,0.206073582,0.208134955,0.212594075,0.221260488,0.000000000
6601,2020-10-02 01:00:00,0.000000000,0.195095292,0.206070066,0.208131258,0.212589960,0.221255453,0.000000000
6602,2020-10-02 02:00:00,0.000000000,0.195095673,0.206066540,0.208127550,0.212585833,0.221250404,0.000000000
6603,2020-10-02 03:00:00,0.000000000,0.195096847,0.206055676,0.208116126,0.212573119,0.221234848,0.000000000
6604,2020-10-02 04:00:00,0.000000000,0.195097818,0.206046697,0.208106684,0.212562611,0.221221992,0.000000000
6605,2020-10-02 05:00:00,0.000000000,0.195098764,0.206037941,0.208097477,0.212552365,0.221209457,0.000000000
6606,2020-10-02 06:00:00,0.000000000,0.195098995,0.206035803,0.208095229,0.212549863,0.221206396,0.000000000
6607,2020-10-02 07:00:00,0.000000000,0.195099161,0.206034274,0.208093621,0.212548073,0.221204207,0.000000000
6608,2020-10-02 08:00:00,0.000000000,0.195099322,0.206032777,0.208092047,0.212546322,0.221202064,0.000000000
6609,2020-10-02 09:00:00,0.000000000,0.195100254,0.206024158,0.208082984,0.212536235,0.221189725,0.000000000
6610,2020-10-02 10:00:00,0.000000000,0.195101174,0.206015639,0.208074026,0.212526267,0.221177531,0.000000000
6611,2020-10-02 11:00:00,0.000000000,0.195102011,0.206007887,0.208065875,0.212517196,0.221166436,0.000000000
6612,2020-10-02 12:00:00,0.000000000,0.195103671,0.205992514,0.208049711,0.212499209,0.221144435,0.000000000
6613,2020-10-02 13:00:00,0.000000000,0.195106820,0.205963342,0.208019038,0.212465077,0.221102692,0.000000000
6614,2020-10-02 14:00:00,0.000000000,0.195111968,0.205915606,0.207968849,0.212409234,0.221034408,0.000000000
6615,2020-10-02 15:00:00,0.000000000,0.195117870,0.205860829,0.207911259,0.212345164,0.220956085,0.000000000
6616,2020-10-02 16:00:00,0.000000000,0.195123617,0.205807438,0.207855129,0.212282726,0.220879776,0.000000000
6617,2020-10-02 17:00:00,0.000000000,0.195129053,0.205756881,0.207801981,0.212223612,0.220807548,0.000000000
6618,2020-10-02 18:00:00,0.000000000,0.195134296,0.205708067,0.207750668,0.212166547,0.220737840,0.115789490
6619,2020-10-02 19:00:00,0.000000000,0.195134243,0.205708567,0.207751194,0.212167131,0.220738553,0.000000000
6620,2020-10-02 20:00:00,0.000000000,0.195140377,0.205651398,0.207691102,0.212100309,0.220656948,0.000000000
6621,2020-10-02 21:00:00,0.000000000,0.195147498,0.205584950,0.207621261,0.212022657,0.220562145,0.000000000
6622,2020-10-02 22:00:00,0.000000000,0.195148554,0.205575093,0.207610900,0.212011140,0.220548086,0.000000000
6623,2020-10-02 23:00:00,0.000000000,0.195149224,0.205568836,0.207604324,0.212003828,0.220539161,0.000000000
6624,2020-10-03 00:00:00,0.000000000,0.195149666,0.205564705,0.207599982,0.211999001,0.220533269,0.000000000
6625,2020-10-03 01:00:00,0.000000000,0.195150166,0.205560041,0.207595080,0.211993552,0.220526618,0.000000000
6626,2020-10-03 02:00:00,0.000000000,0.195150576,0.205556205,0.207591048,0.211989070,0.220521148,0.000000000
6627,2020-10-03 03:00:00,0.000000000,0.195150924,0.205552954,0.207587631,0.211985271,0.220516512,0.000000000
6628,2020-10-03 04:00:00,0.000000000,0.195151296,0.205549477,0.207583977,0.211981209,0.220511554,0.000000000
6629,2020-10-03 05:00:00,0.000000000,0.195152322,0.205539896,0.207573908,0.211970016,0.220497894,0.000000000
6630,2020-10-03 06:00:00,0.000000000,0.195152556,0.205537703,0.207571603,0.211967453,0.220494766,0.000000000
6631,2020-10-03 07:00:00,0.000000000,0.195152777,0.205535637,0.207569431,0.211965039,0.220491820,0.000000000
6632,2020-10-03 08:00:00,0.000000000,0.195153036,0.205533224,0.207566896,0.211962221,0.220488381,0.000000000
6633,2020-10-03 09:00:00,0.000000000,0.195153315,0.205530616,0.207564155,0.211959174,0.220484663,0.000000000
6634,2020-10-03 10:00:00,0.000000000,0.195153615,0.205527810,0.207561206,0.211955895,0.220480661,0.000000000
6635,2020-10-03 11:00:00,0.000000000,0.195153980,0.205524400,0.207557622,0.211951912,0.220475800,0.000000000
6636,2020-10-03 12:00:00,0.000000000,0.195155439,0.205510753,0.207543280,0.211935969,0.220456346,0.000000000
6637,2020-10-03 13:00:00,0.000000000,0.195157515,0.205491340,0.207522878,0.211913292,0.220428675,0.000000000
6638,2020-10-03 14:00:00,0.000000000,0.195161299,0.205455933,0.207485668,0.211871934,0.220378218,0.000000000
6639,2020-10-03 15:00:00,0.000000000,0.195167952,0.205393616,0.207420181,0.211799155,0.220289447,0.000000000
6640,2020-10-03 16:00:00,0.000000000,0.195176093,0.205317262,0.207339949,0.211710003,0.220180740,0.000000000
6641,2020-10-03 17:00:00,0.000000000,0.195189236,0.205193748,0.207210174,0.211565833,0.220005034,0.000000000
6642,2020-10-03 18:00:00,0.000000000,0.195203295,0.205061284,0.207071014,0.211411281,0.219816790,0.000000000
6643,2020-10-03 19:00:00,0.000000000,0.195216044,0.204940872,0.206944530,0.211270848,0.219645845,0.000000000
6644,2020-10-03 20:00:00,0.000000000,0.195226820,0.204838861,0.206837387,0.211151918,0.219501152,0.000000000
6645,2020-10-03 21:00:00,0.000000000,0.195233901,0.204771720,0.206766874,0.211073662,0.219405983,0.000000000
6646,2020-10-03 22:00:00,0.000000000,0.195235552,0.204756061,0.206750430,0.211055414,0.219383795,0.000000000
6647,2020-10-03 23:00:00,0.000000000,0.195236529,0.204746788,0.206740691,0.211044607,0.219370656,0.000000000
6648,2020-10-04 00:00:00,0.000000000,0.195237078,0.204741570,0.206735212,0.211038527,0.219363264,0.000000000
6649,2020-10-04 01:00:00,0.000000000,0.195237961,0.204733192,0.206726414,0.211028765,0.219351395,0.000000000
6650,2020-10-04 02:00:00,0.000000000,0.195240125,0.204712634,0.206704825,0.211004810,0.219322273,0.000000000
6651,2020-10-04 03:00:00,0.000000000,0.195241521,0.204699374,0.206690901,0.210989360,0.219303494,0.000000000
6652,2020-10-04 04:00:00,0.000000000,0.195241936,0.204695431,0.206686760,0.210984766,0.219297910,0.000000000
6653,2020-10-04 05:00:00,0.000000000,0.195242295,0.204692016,0.206683174,0.210980787,0.219293073,0.000000000
6654,2020-10-04 06:00:00,0.000000000,0.195242650,0.204688641,0.206679629,0.210976854,0.219288293,0.000000000
6655,2020-10-04 07:00:00,0.000000000,0.195243003,0.204685291,0.206676112,0.210972951,0.219283549,0.000000000
6656,2020-10-04 08:00:00,0.000000000,0.195243374,0.204681762,0.206672406,0.210968840,0.219278551,0.000000000
6657,2020-10-04 09:00:00,0.000000000,0.195243666,0.204678990,0.206669495,0.210965610,0.219274626,0.000000000
6658,2020-10-04 10:00:00,0.000000000,0.195244658,0.204669557,0.206659590,0.210954620,0.219261269,0.000000000
6659,2020-10-04 11:00:00,0.000000000,0.195245736,0.204659309,0.206648829,0.210942681,0.219246760,0.000000000
6660,2020-10-04 12:00:00,0.000000000,0.195247267,0.204644753,0.206633544,0.210925724,0.219226152,0.000000000
6661,2020-10-04 13:00:00,0.000000000,0.195248957,0.204628669,0.206616656,0.210906988,0.219203385,0.000000000
6662,2020-10-04 14:00:00,0.000000000,0.195251903,0.204600633,0.206587217,0.210874331,0.219163706,0.000000000
6663,2020-10-04 15:00:00,0.000000000,0.195257253,0.204549676,0.206533712,0.210814982,0.219091608,0.000000000
6664,2020-10-04 16:00:00,0.000000000,0.195267727,0.204449762,0.206428813,0.210698644,0.218950328,0.000000000
6665,2020-10-04 17:00:00,0.000000000,0.195280237,0.204330168,0.206303264,0.210559439,0.218781367,0.000000000
6666,2020-10-04 18:00:00,0.000000000,0.195289799,0.204238566,0.206207112,0.210452852,0.218652061,0.000000000
6667,2020-10-04 19:00:00,0.000000000,0.195300598,0.204134914,0.206098320,0.210332280,0.218505855,0.000000000
6668,2020-10-04 20:00:00,0.000000000,0.195311108,0.204033834,0.205992239,0.210214740,0.218363393,0.000000000
6669,2020-10-04 21:00:00,0.000000000,0.195319318,0.203954737,0.205909236,0.210122788,0.218251993,0.000000000
6670,2020-10-04 22:00:00,0.000000000,0.195321935,0.203929499,0.205882753,0.210093454,0.218216462,0.000000000
6671,2020-10-04 23:00:00,0.000000000,0.195323645,0.203912997,0.205865437,0.210074274,0.218193234,0.000000000
6672,2020-10-05 00:00:00,0.000000000,0.195326870,0.203881863,0.205832769,0.210038092,0.218149417,0.000000000
6673,2020-10-05 01:00:00,0.000000000,0.195329283,0.203858557,0.205808315,0.210011009,0.218116625,0.000000000
6674,2020-10-05 02:00:00,0.000000000,0.195331365,0.203838447,0.205787215,0.209987641,0.218088334,0.000000000
6675,2020-10-05 03:00:00,0.000000000,0.195333373,0.203819034,0.205766846,0.209965085,0.218061028,0.000000000
6676,2020-10-05 04:00:00,0.000000000,0.195335120,0.203802139,0.205749121,0.209945457,0.218037268,0.000000000
6677,2020-10-05 05:00:00,0.000000000,0.195336660,0.203787249,0.205733498,0.209928157,0.218016328,0.000000000
6678,2020-10-05 06:00:00,0.000000000,0.195338033,0.203773960,0.205719556,0.209912719,0.217997644,0.000000000
6679,2020-10-05 07:00:00,0.000000000,0.195339278,0.203761909,0.205706912,0.209898720,0.217980701,0.000000000
6680,2020-10-05 08:00:00,0.000000000,0.195340171,0.203753262,0.205697841,0.209888676,0.217968546,0.000000000
6681,2020-10-05 09:00:00,0.000000000,0.195340949,0.203745732,0.205689941,0.209879928,0.217957960,0.000000000
6682,2020-10-05 10:00:00,0.000000000,0.195341901,0.203736513,0.205680269,0.209869220,0.217945002,0.000000000
6683,2020-10-05 11:00:00,0.000000000,0.195342878,0.203727055,0.205670347,0.209858234,0.217931709,1.120353704
6684,2020-10-05 12:00:00,0.000000000,0.195296436,0.204174894,0.206140281,0.210378782,0.218562234,0.774327521
6685,2020-10-05 13:00:00,0.000000000,0.195264434,0.204481196,0.206461814,0.210735241,0.218994764,1.049602440
6686,2020-10-05 14:00:00,0.000000000,0.195221296,0.204891184,0.206892341,0.211212914,0.219575352,0.143523133
6687,2020-10-05 15:00:00,0.000000000,0.195218012,0.204922253,0.206924973,0.211249138,0.219619427,0.000000000
6688,2020-10-05 16:00:00,0.000000000,0.195223055,0.204874524,0.206874843,0.211193491,0.219551723,0.000000000
6689,2020-10-05 17:00:00,0.000000000,0.195229461,0.204813831,0.206811099,0.211122742,0.219465667,0.000000000
6690,2020-10-05 18:00:00,0.000000000,0.195237478,0.204737769,0.206731220,0.211034098,0.219357879,0.000000000
6691,2020-10-05 19:00:00,0.000000000,0.195245919,0.204657567,0.206646999,0.210940652,0.219244293,0.000000000
6692,2020-10-05 20:00:00,0.000000000,0.195254274,0.204578052,0.206563506,0.210848030,0.219131752,0.000000000
6693,2020-10-05 21:00:00,0.000000000,0.195261296,0.204511126,0.206493238,0.210770091,0.219037085,0.000000000
6694,2020-10-05 22:00:00,0.000000000,0.195262328,0.204501286,0.206482906,0.210758633,0.219023170,0.000000000
6695,2020-10-05 23:00:00,0.000000000,0.195262880,0.204496021,0.206477379,0.210752502,0.219015725,0.000000000
6696,2020-10-06 00:00:00,0.000000000,0.195263217,0.204492805,0.206474002,0.210748758,0.219011178,0.000000000
6697,2020-10-06 01:00:00,0.000000000,0.195263557,0.204489563,0.206470599,0.210744983,0.219006594,0.000000000
6698,2020-10-06 02:00:00,0.000000000,0.195263860,0.204486674,0.206467565,0.210741619,0.219002509,0.000000000
6699,2020-10-06 03:00:00,0.000000000,0.195264144,0.204483961,0.206464717,0.210738461,0.218998674,0.000000000
6700,2020-10-06 04:00:00,0.000000000,0.195264463,0.204480916,0.206461520,0.210734915,0.218994369,0.000000000
6701,2020-10-06 05:00:00,0.000000000,0.195264691,0.204478744,0.206459240,0.210732386,0.218991297,0.000000000
6702,2020-10-06 06:00:00,0.000000000,0.195264830,0.204477412,0.206457841,0.210730835,0.218989414,0.000000000
6703,2020-10-06 07:00:00,0.000000000,0.195264934,0.204476422,0.206456802,0.210729683,0.218988015,0.000000000
6704,2020-10-06 08:00:00,0.000000000,0.195264990,0.204475890,0.206456244,0.210729064,0.218987263,0.000000000
6705,2020-10-06 09:00:00,0.000000000,0.195265234,0.204473562,0.206453799,0.210726353,0.218983971,0.000000000
6706,2020-10-06 10:00:00,0.000000000,0.195265560,0.204470451,0.206450533,0.210722730,0.218979573,0.000000000
6707,2020-10-06 11:00:00,0.000000000,0.195266348,0.204462932,0.206442639,0.210713976,0.218968944,0.000000000
6708,2020-10-06 12:00:00,0.000000000,0.195267562,0.204451340,0.206430469,0.210700481,0.218952558,0.000000000
6709,2020-10-06 13:00:00,0.000000000,0.195268913,0.204438435,0.206416921,0.210685457,0.218934318,0.000000000
6710,2020-10-06 14:00:00,0.000000000,0.195271309,0.204415546,0.206392892,0.210658812,0.218901972,0.000000000
6711,2020-10-06 15:00:00,0.000000000,0.195277043,0.204360727,0.206335344,0.210595004,0.218824526,0.000000000
6712,2020-10-06 16:00:00,0.000000000,0.195285664,0.204278199,0.206248712,0.210498964,0.218707995,0.000000000
6713,2020-10-06 17:00:00,0.000000000,0.195296923,0.204170214,0.206135369,0.210373338,0.218555634,0.000000000
6714,2020-10-06 18:00:00,0.000000000,0.195308543,0.204058526,0.206018153,0.210243450,0.218398185,0.000000000
6715,2020-10-06 19:00:00,0.000000000,0.195318936,0.203958419,0.205913100,0.210127069,0.218257177,0.000000000
6716,2020-10-06 20:00:00,0.000000000,0.195328969,0.203861597,0.205811504,0.210014541,0.218120902,0.000000000
6717,2020-10-06 21:00:00,0.000000000,0.195335970,0.203793917,0.205740494,0.209935904,0.218025705,0.000000000
6718,2020-10-06 22:00:00,0.000000000,0.195337815,0.203776073,0.205721772,0.209915174,0.218000614,0.000000000
6719,2020-10-06 23:00:00,0.000000000,0.195339196,0.203762710,0.205707753,0.209899650,0.217981827,0.000000000
6720,2020-10-07 00:00:00,0.000000000,0.195339626,0.203758540,0.205703378,0.209894806,0.217975964,0.000000000
6721,2020-10-07 01:00:00,0.000000000,0.195340558,0.203749517,0.205693911,0.209884325,0.217963280,0.001002915
6722,2020-10-07 02:00:00,0.000000000,0.195340514,0.203749944,0.205694360,0.209884821,0.217963881,0.000000000
6723,2020-10-07 03:00:00,0.000000000,0.195341279,0.203742539,0.205686590,0.209876219,0.217953471,0.000317819
6724,2020-10-07 04:00:00,0.000000000,0.195341131,0.203742539,0.205686590,0.209876219,0.217953471,0.000464795
6725,2020-10-07 05:00:00,0.000000000,0.195340915,0.203742539,0.205686590,0.209876219,0.217953471,0.003303850
6726,2020-10-07 06:00:00,0.000000000,0.195341099,0.203744281,0.205688418,0.209878243,0.217955920,0.004637223
6727,2020-10-07 07:00:00,0.000000000,0.195340895,0.203746258,0.205690492,0.209880539,0.217958699,0.005190335
6728,2020-10-07 08:00:00,0.000000000,0.195340666,0.203748470,0.205692814,0.209883109,0.217961809,0.004034388
6729,2020-10-07 09:00:00,0.000000000,0.195340489,0.203750190,0.205694618,0.209885107,0.217964227,0.003830366
6730,2020-10-07 10:00:00,0.000000000,0.195340320,0.203751823,0.205696331,0.209887004,0.217966523,0.004434664
6731,2020-10-07 11:00:00,0.000000000,0.195340125,0.203753714,0.205698315,0.209889200,0.217969180,0.000000000
6732,2020-10-07 12:00:00,0.000000000,0.195340577,0.203749334,0.205693720,0.209884113,0.217963024,0.000000000
6733,2020-10-07 13:00:00,0.000000000,0.195342665,0.203729121,0.205672514,0.209860634,0.217934612,0.000000000
6734,2020-10-07 14:00:00,0.000000000,0.195347409,0.203683148,0.205624284,0.209807238,0.217870009,0.000000000
6735,2020-10-07 15:00:00,0.000000000,0.195357117,0.203588952,0.205525471,0.209697858,0.217737713,0.000000000
6736,2020-10-07 16:00:00,0.000000000,0.195370167,0.203462050,0.205392363,0.209550551,0.217559634,0.000000000
6737,2020-10-07 17:00:00,0.000000000,0.195384922,0.203318188,0.205241485,0.209383629,0.217357968,0.000000000
6738,2020-10-07 18:00:00,0.000000000,0.195395580,0.203214018,0.205132248,0.209262808,0.217212082,0.000000000
6739,2020-10-07 19:00:00,0.000000000,0.195405692,0.203114990,0.205028413,0.209147987,0.217073504,0.767860553
6740,2020-10-07 20:00:00,0.000000000,0.195380053,0.203365707,0.205291319,0.209438756,0.217424555,0.715697479
6741,2020-10-07 21:00:00,0.000000000,0.195357563,0.203584620,0.205520926,0.209692828,0.217731630,0.057894745
6742,2020-10-07 22:00:00,0.000000000,0.195359904,0.203561878,0.205497072,0.209666426,0.217699706,0.459382062
6743,2020-10-07 23:00:00,0.000000000,0.195344014,0.203716055,0.205658807,0.209845458,0.217916249,0.000000000
6744,2020-10-08 00:00:00,0.000000000,0.195346576,0.203691227,0.205632759,0.209816621,0.217881360,0.000000000
6745,2020-10-08 01:00:00,0.000000000,0.195349435,0.203663504,0.205603677,0.209784425,0.217842412,0.000000000
6746,2020-10-08 02:00:00,0.000000000,0.195352691,0.203631918,0.205570542,0.209747746,0.217798045,0.000000000
6747,2020-10-08 03:00:00,0.000000000,0.195356310,0.203596791,0.205533694,0.209706959,0.217748718,0.000000000
6748,2020-10-08 04:00:00,0.000000000,0.195360806,0.203553115,0.205487880,0.209656253,0.217687406,0.000000000
6749,2020-10-08 05:00:00,0.000000000,0.195364723,0.203515035,0.205447937,0.209612048,0.217633965,0.000000000
6750,2020-10-08 06:00:00,0.000000000,0.195367632,0.203486729,0.205418248,0.209579194,0.217594252,0.000000000
6751,2020-10-08 07:00:00,0.000000000,0.195370195,0.203461782,0.205392082,0.209550240,0.217559258,0.000000000
6752,2020-10-08 08:00:00,0.000000000,0.195370742,0.203456453,0.205386492,0.209544055,0.217551784,0.000000000
6753,2020-10-08 09:00:00,0.000000000,0.195371288,0.203451143,0.205380924,0.209537894,0.217544337,0.000000000
6754,2020-10-08 10:00:00,0.000000000,0.195374279,0.203422006,0.205350364,0.209504081,0.217503478,0.000000000
6755,2020-10-08 11:00:00,0.000000000,0.195377024,0.203395251,0.205322304,0.209473036,0.217465967,0.000000000
6756,2020-10-08 12:00:00,0.000000000,0.195382126,0.203345488,0.205270115,0.209415299,0.217396220,0.000000000
6757,2020-10-08 13:00:00,0.000000000,0.195388932,0.203279020,0.205200410,0.209338195,0.217303100,0.000000000
6758,2020-10-08 14:00:00,0.000000000,0.195397721,0.203193069,0.205110281,0.209238515,0.217182757,0.000000000
6759,2020-10-08 15:00:00,0.000000000,0.195408739,0.203085108,0.204997082,0.209113346,0.217031708,0.000000000
6760,2020-10-08 16:00:00,0.000000000,0.195422203,0.202952867,0.204858442,0.208960087,0.216846861,0.000000000
6761,2020-10-08 17:00:00,0.000000000,0.195437846,0.202798799,0.204696940,0.208781609,0.216631739,0.000000000
6762,2020-10-08 18:00:00,0.000000000,0.195453024,0.202648854,0.204539784,0.208607991,0.216422617,0.000000000
6763,2020-10-08 19:00:00,0.000000000,0.195468014,0.202500328,0.204384137,0.208436095,0.216215709,0.000000000
6764,2020-10-08 20:00:00,0.000000000,0.195482375,0.202357631,0.204234618,0.208271019,0.216017140,0.000000000
6765,2020-10-08 21:00:00,0.000000000,0.195493695,0.202244872,0.204116484,0.208140628,0.215860383,0.000000000
6766,2020-10-08 22:00:00,0.000000000,0.195500289,0.202179068,0.204047548,0.208064555,0.215768963,0.000000000
6767,2020-10-08 23:00:00,0.000000000,0.195504462,0.202137386,0.204003885,0.208016377,0.215711080,0.000000000
6768,2020-10-09 00:00:00,0.000000000,0.195508965,0.202092359,0.203956720,0.207964339,0.215648571,0.000000000
6769,2020-10-09 01:00:00,0.000000000,0.195509994,0.202082066,0.203945939,0.207952445,0.215634286,0.000000000
6770,2020-10-09 02:00:00,0.000000000,0.195512560,0.202056388,0.203919042,0.207922773,0.215598650,0.000000000
6771,2020-10-09 03:00:00,0.000000000,0.195513082,0.202051164,0.203913571,0.207916736,0.215591401,0.000000000
6772,2020-10-09 04:00:00,0.000000000,0.195513489,0.202047092,0.203909306,0.207912031,0.215585751,0.000000000
6773,2020-10-09 05:00:00,0.000000000,0.195514023,0.202041742,0.203903702,0.207905850,0.215578328,0.000000000
6774,2020-10-09 06:00:00,0.000000000,0.195515492,0.202027026,0.203888288,0.207888846,0.215557911,0.000000000
6775,2020-10-09 07:00:00,0.000000000,0.195515833,0.202023616,0.203884716,0.207884906,0.215553180,0.000000000
6776,2020-10-09 08:00:00,0.000000000,0.195516819,0.202013737,0.203874369,0.207873492,0.215539475,0.000000000
6777,2020-10-09 09:00:00,0.000000000,0.195517017,0.202011750,0.203872288,0.207871197,0.215536719,0.000000000
6778,2020-10-09 10:00:00,0.000000000,0.195517245,0.202009473,0.203869904,0.207868567,0.215533561,0.000000000
6779,2020-10-09 11:00:00,0.000000000,0.195517436,0.202007560,0.203867900,0.207866356,0.215530907,0.000000000
6780,2020-10-09 12:00:00,0.000000000,0.195518774,0.201994150,0.203853854,0.207850863,0.215512306,0.000000000
6781,2020-10-09 13:00:00,0.000000000,0.195522351,0.201958286,0.203816293,0.207809433,0.215462571,0.000000000
6782,2020-10-09 14:00:00,0.000000000,0.195528381,0.201897778,0.203752922,0.207739544,0.215378688,0.000000000
6783,2020-10-09 15:00:00,0.000000000,0.195536887,0.201812293,0.203663399,0.207640827,0.215260244,0.000000000
6784,2020-10-09 16:00:00,0.000000000,0.195546287,0.201717665,0.203564310,0.207531582,0.215129221,0.000000000
6785,2020-10-09 17:00:00,0.000000000,0.195557568,0.201603866,0.203445158,0.207400247,0.214971776,0.000000000
6786,2020-10-09 18:00:00,0.000000000,0.195569020,0.201488079,0.203323938,0.207266664,0.214811717,0.000000000
6787,2020-10-09 19:00:00,0.000000000,0.195580400,0.201372759,0.203203219,0.207133666,0.214652440,0.000000000
6788,2020-10-09 20:00:00,0.000000000,0.195591653,0.201258464,0.203083586,0.207001897,0.214494713,0.000000000
6789,2020-10-09 21:00:00,0.000000000,0.195601080,0.201162519,0.202983171,0.206891319,0.214362412,0.000000000
6790,2020-10-09 22:00:00,0.000000000,0.195605567,0.201116785,0.202935309,0.206838621,0.214299381,0.000000000
6791,2020-10-09 23:00:00,0.000000000,0.195607590,0.201096159,0.202913724,0.206814856,0.214270961,0.000000000
6792,2020-10-10 00:00:00,0.000000000,0.195609134,0.201080403,0.202897236,0.206796704,0.214249255,0.000000000
6793,2020-10-10 01:00:00,0.000000000,0.195609197,0.201079764,0.202896566,0.206795967,0.214248374,0.001624435
6794,2020-10-10 02:00:00,0.000000000,0.195609128,0.201080463,0.202897298,0.206796773,0.214249337,0.000000000
6795,2020-10-10 03:00:00,0.000000000,0.195609211,0.201080463,0.202897298,0.206796773,0.214249337,0.002260878
6796,2020-10-10 04:00:00,0.000000000,0.195609040,0.201081360,0.202898237,0.206797806,0.214250573,0.001199643
6797,2020-10-10 05:00:00,0.000000000,0.195608990,0.201081876,0.202898777,0.206798401,0.214251284,0.001488740
6798,2020-10-10 06:00:00,0.000000000,0.195608927,0.201082517,0.202899448,0.206799139,0.214252167,0.000000000
6799,2020-10-10 07:00:00,0.000000000,0.195609201,0.201082517,0.202899448,0.206799139,0.214252167,0.000000000
6800,2020-10-10 08:00:00,0.000000000,0.195609399,0.201082517,0.202899448,0.206799139,0.214252167,0.002306196
6801,2020-10-10 09:00:00,0.000000000,0.195608872,0.201083079,0.202900036,0.206799787,0.214252941,0.005248591
6802,2020-10-10 10:00:00,0.000000000,0.195608650,0.201085338,0.202902399,0.206802389,0.214256053,0.005958050
6803,2020-10-10 11:00:00,0.000000000,0.195608399,0.201087901,0.202905082,0.206805343,0.214259584,0.000000000
6804,2020-10-10 12:00:00,0.000000000,0.195609427,0.201077412,0.202894106,0.206793258,0.214245134,0.000000000
6805,2020-10-10 13:00:00,0.000000000,0.195612608,0.201044943,0.202860129,0.206755854,0.214200411,0.000000000
6806,2020-10-10 14:00:00,0.000000000,0.195619128,0.200978319,0.202790413,0.206679115,0.214108676,0.000000000
6807,2020-10-10 15:00:00,0.000000000,0.195628454,0.200882878,0.202690550,0.206569209,0.213977339,0.000000000
6808,2020-10-10 16:00:00,0.000000000,0.195640050,0.200763958,0.202566133,0.206432311,0.213813823,0.000000000
6809,2020-10-10 17:00:00,0.000000000,0.195653365,0.200627061,0.202422926,0.206274780,0.213625764,0.000000000
6810,2020-10-10 18:00:00,0.000000000,0.195666493,0.200491728,0.202281372,0.206119110,0.213440037,0.000000000
6811,2020-10-10 19:00:00,0.000000000,0.195679703,0.200355189,0.202138576,0.205962119,0.213252842,0.000000000
6812,2020-10-10 20:00:00,0.000000000,0.195691259,0.200235432,0.202013345,0.205824475,0.213088806,0.000000000
6813,2020-10-10 21:00:00,0.000000000,0.195699970,0.200144985,0.201918771,0.205720551,0.212965010,0.000000000
6814,2020-10-10 22:00:00,0.000000000,0.195703511,0.200108171,0.201880281,0.205678260,0.212914647,0.000000000
6815,2020-10-10 23:00:00,0.000000000,0.195705752,0.200084850,0.201855898,0.205651471,0.212882749,0.000000000
6816,2020-10-11 00:00:00,0.000000000,0.195706590,0.200076133,0.201846785,0.205641459,0.212870828,0.000000000
6817,2020-10-11 01:00:00,0.000000000,0.195707389,0.200067818,0.201838091,0.205631908,0.212859456,0.000000000
6818,2020-10-11 02:00:00,0.000000000,0.195707495,0.200066718,0.201836942,0.205630645,0.212857952,0.000000000
6819,2020-10-11 03:00:00,0.000000000,0.195708036,0.200061078,0.201831045,0.205624167,0.212850240,0.000000000
6820,2020-10-11 04:00:00,0.000000000,0.195708330,0.200058020,0.201827848,0.205620654,0.212846058,0.007652482
6821,2020-10-11 05:00:00,0.000000000,0.195708013,0.200061324,0.201831302,0.205624449,0.212850576,0.011907647
6822,2020-10-11 06:00:00,0.000000000,0.195707519,0.200066464,0.201836676,0.205630353,0.212857605,0.011358599
6823,2020-10-11 07:00:00,0.000000000,0.195707048,0.200071367,0.201841802,0.205635985,0.212864310,0.007980956
6824,2020-10-11 08:00:00,0.000000000,0.195706717,0.200074813,0.201845405,0.205639943,0.212869022,0.006050335
6825,2020-10-11 09:00:00,0.000000000,0.195706466,0.200077425,0.201848136,0.205642943,0.212872595,0.005111220
6826,2020-10-11 10:00:00,0.000000000,0.195706254,0.200079632,0.201850443,0.205645478,0.212875613,0.000000000
6827,2020-10-11 11:00:00,0.000000000,0.195706461,0.200079632,0.201850443,0.205645478,0.212875613,0.000000000
6828,2020-10-11 12:00:00,0.000000000,0.195709250,0.200048445,0.201817837,0.205609657,0.212832965,0.000000000
6829,2020-10-11 13:00:00,0.000000000,0.195714246,0.199996390,0.201763417,0.205549876,0.212761805,0.000000000
6830,2020-10-11 14:00:00,0.000000000,0.195722365,0.199911691,0.201674874,0.205452625,0.212646074,0.000000000
6831,2020-10-11 15:00:00,0.000000000,0.195732671,0.199803978,0.201562282,0.205328985,0.212498999,0.000000000
6832,2020-10-11 16:00:00,0.000000000,0.195744732,0.199677621,0.201430217,0.205183994,0.212326613,0.000000000
6833,2020-10-11 17:00:00,0.000000000,0.195758545,0.199532526,0.201278585,0.205017568,0.212128854,0.000000000
6834,2020-10-11 18:00:00,0.000000000,0.195772634,0.199384106,0.201123499,0.204847401,0.211926774,0.000000000
6835,2020-10-11 19:00:00,0.000000000,0.195786085,0.199242002,0.200975032,0.204684546,0.211733493,0.000000000
6836,2020-10-11 20:00:00,0.000000000,0.195798609,0.199109341,0.200836450,0.204532574,0.211553232,0.000000000
6837,2020-10-11 21:00:00,0.000000000,0.195808418,0.199005187,0.200727657,0.204413298,0.211411823,0.000000000
6838,2020-10-11 22:00:00,0.000000000,0.195813574,0.198950362,0.200670395,0.204350530,0.211337431,0.000000000
6839,2020-10-11 23:00:00,0.000000000,0.195817490,0.198908678,0.200626860,0.204302812,0.211280888,0.000000000
6840,2020-10-12 00:00:00,0.000000000,0.195820497,0.198876642,0.200593402,0.204266143,0.211237444,0.000000000
6841,2020-10-12 01:00:00,0.000000000,0.195823499,0.198844645,0.200559986,0.204229521,0.211194062,0.000000000
6842,2020-10-12 02:00:00,0.000000000,0.195825917,0.198818861,0.200533059,0.204200013,0.211159111,0.000000000
6843,2020-10-12 03:00:00,0.000000000,0.195827949,0.198797176,0.200510414,0.204175198,0.211129722,0.000000000
6844,2020-10-12 04:00:00,0.000000000,0.195829763,0.198777814,0.200490194,0.204153042,0.211103484,0.000000000
6845,2020-10-12 05:00:00,0.000000000,0.195831390,0.198760436,0.200472047,0.204133159,0.211079938,0.000000000
6846,2020-10-12 06:00:00,0.000000000,0.195833338,0.198739636,0.200450327,0.204109360,0.211051760,0.000000000
6847,2020-10-12 07:00:00,0.000000000,0.195835152,0.198720252,0.200430085,0.204087182,0.211025502,0.000000000
6848,2020-10-12 08:00:00,0.000000000,0.195836769,0.198702956,0.200412025,0.204067396,0.211002077,0.000000000
6849,2020-10-12 09:00:00,0.000000000,0.195838704,0.198682267,0.200390421,0.204043728,0.210974059,0.000000000
6850,2020-10-12 10:00:00,0.000000000,0.195840568,0.198662324,0.200369597,0.204020915,0.210947056,0.000000000
6851,2020-10-12 11:00:00,0.000000000,0.195842478,0.198641885,0.200348257,0.203997537,0.210919386,0.000000000
6852,2020-10-12 12:00:00,0.000000000,0.195844927,0.198615659,0.200320874,0.203967541,0.210883887,0.173684222
6853,2020-10-12 13:00:00,0.000000000,0.195840640,0.198661560,0.200368800,0.204020042,0.210946023,0.670594972
6854,2020-10-12 14:00:00,0.000000000,0.195816597,0.198918180,0.200636783,0.204313688,0.211293775,0.712277392
6855,2020-10-12 15:00:00,0.000000000,0.195790526,0.199195004,0.200925935,0.204630700,0.211669612,0.705781008
6856,2020-10-12 16:00:00,0.000000000,0.195764475,0.199470116,0.201213369,0.204946004,0.212043853,0.000000000
6857,2020-10-12 17:00:00,0.000000000,0.195766505,0.199448730,0.201191023,0.204921485,0.212014736,0.030681077
6858,2020-10-12 18:00:00,0.000000000,0.195767953,0.199433475,0.201175083,0.204903996,0.211993968,0.000000000
6859,2020-10-12 19:00:00,0.000000000,0.195771091,0.199400381,0.201140504,0.204866057,0.211948922,0.000000000
6860,2020-10-12 20:00:00,0.000000000,0.195774215,0.199367433,0.201106078,0.204828290,0.211904086,0.000000000
6861,2020-10-12 21:00:00,0.000000000,0.195777928,0.199328228,0.201065118,0.204783356,0.211850750,0.000000000
6862,2020-10-12 22:00:00,0.000000000,0.195779684,0.199309684,0.201045743,0.204762103,0.211825526,0.000000000
6863,2020-10-12 23:00:00,0.000000000,0.195781150,0.199294190,0.201029555,0.204744347,0.211804453,0.000000000
6864,2020-10-13 00:00:00,0.000000000,0.195782409,0.199280879,0.201015648,0.204729093,0.211786351,0.000000000
6865,2020-10-13 01:00:00,0.000000000,0.195783789,0.199266294,0.201000411,0.204712381,0.211766520,0.000000000
6866,2020-10-13 02:00:00,0.000000000,0.195785763,0.199245414,0.200978598,0.204688456,0.211738132,0.000000000
6867,2020-10-13 03:00:00,0.000000000,0.195788044,0.199221280,0.200953385,0.204660804,0.211705325,0.052395435
6868,2020-10-13 04:00:00,0.000000000,0.195787890,0.199222903,0.200955080,0.204662663,0.211707531,0.540546245
6869,2020-10-13 05:00:00,0.000000000,0.195767448,0.199438797,0.201180644,0.204910097,0.212001212,0.000000000
6870,2020-10-13 06:00:00,0.000000000,0.195768291,0.199429905,0.201171353,0.204899903,0.211989108,2.564865235
6871,2020-10-13 07:00:00,0.000000000,0.195670733,0.200447944,0.202235580,0.206068761,0.213379989,5.818778573
6872,2020-10-13 08:00:00,0.000000000,0.195462432,0.202555689,0.204442150,0.208500158,0.216292804,2.963559587
6873,2020-10-13 09:00:00,0.000000000,0.195344869,0.203707765,0.205650109,0.209835829,0.217904599,0.587026773
6874,2020-10-13 10:00:00,0.000000000,0.195320139,0.203946815,0.205900923,0.210113580,0.218240839,1.394183687
6875,2020-10-13 11:00:00,0.000000000,0.195261482,0.204509359,0.206491382,0.210768033,0.219034586,0.535457912
6876,2020-10-13 12:00:00,0.000000000,0.195238807,0.204725159,0.206717978,0.211019404,0.219340015,0.242550018
6877,2020-10-13 13:00:00,0.000000000,0.195229198,0.204816327,0.206813721,0.211125652,0.219469206,3.404769382
6878,2020-10-13 14:00:00,0.000000000,0.195091829,0.206102076,0.208164917,0.212627424,0.221301296,0.108465186
6879,2020-10-13 15:00:00,0.000000000,0.195088952,0.206128658,0.208192871,0.212658540,0.221339376,0.351978696
6880,2020-10-13 16:00:00,0.000000000,0.195075357,0.206254082,0.208324776,0.212805388,0.221519160,0.000000000
6881,2020-10-13 17:00:00,0.000000000,0.195077738,0.206232135,0.208301694,0.212779688,0.221487688,0.934912896
6882,2020-10-13 18:00:00,0.000000000,0.195038749,0.206590276,0.208678425,0.213199311,0.222001980,1.178560558
6883,2020-10-13 19:00:00,0.000000000,0.194988926,0.207044265,0.209156178,0.213731955,0.222656105,0.844002602
6884,2020-10-13 20:00:00,0.000000000,0.194953677,0.207363012,0.209491741,0.214106411,0.223116850,0.000000000
6885,2020-10-13 21:00:00,0.000000000,0.194957816,0.207325686,0.209452440,0.214062540,0.223062832,0.173684222
6886,2020-10-13 22:00:00,0.000000000,0.194951299,0.207384439,0.209514303,0.214131598,0.223147868,0.000000000
6887,2020-10-13 23:00:00,0.000000000,0.194952624,0.207372499,0.209501730,0.214117562,0.223130582,0.000000000
6888,2020-10-14 00:00:00,0.000000000,0.194954105,0.207359148,0.209487673,0.214101869,0.223111258,0.000000000
6889,2020-10-14 01:00:00,0.000000000,0.194955491,0.207346658,0.209474522,0.214087189,0.223093180,0.000000000
6890,2020-10-14 02:00:00,0.000000000,0.194956817,0.207334695,0.209461926,0.214073128,0.223075868,0.000000000
6891,2020-10-14 03:00:00,0.000000000,0.194957844,0.207325433,0.209452174,0.214062243,0.223062466,0.000000000
6892,2020-10-14 04:00:00,0.000000000,0.194958965,0.207315317,0.209441523,0.214050354,0.223047829,0.000000000
6893,2020-10-14 05:00:00,0.000000000,0.194959838,0.207307439,0.209433228,0.214041096,0.223036431,0.000000000
6894,2020-10-14 06:00:00,0.000000000,0.194960530,0.207301195,0.209426655,0.214033759,0.223027399,0.000000000
6895,2020-10-14 07:00:00,0.000000000,0.194961124,0.207295837,0.209421014,0.214027463,0.223019648,0.000000000
6896,2020-10-14 08:00:00,0.000000000,0.194961738,0.207290296,0.209415179,0.214020950,0.223011631,0.000000000
6897,2020-10-14 09:00:00,0.000000000,0.194962185,0.207286256,0.209410926,0.214016203,0.223005788,0.000000000
6898,2020-10-14 10:00:00,0.000000000,0.194962752,0.207281145,0.209405544,0.214010197,0.222998394,0.000000000
6899,2020-10-14 11:00:00,0.000000000,0.194963103,0.207277968,0.209402199,0.214006464,0.222993799,0.000000000
6900,2020-10-14 12:00:00,0.000000000,0.194964541,0.207264986,0.209388532,0.213991210,0.222975023,0.000000000
6901,2020-10-14 13:00:00,0.000000000,0.194967652,0.207236879,0.209358941,0.213958186,0.222934379,0.000000000
6902,2020-10-14 14:00:00,0.000000000,0.194972897,0.207189457,0.209309017,0.213902474,0.222865826,0.000000000
6903,2020-10-14 15:00:00,0.000000000,0.194981715,0.207109637,0.209224990,0.213808721,0.222750500,0.000000000
6904,2020-10-14 16:00:00,0.000000000,0.194993711,0.207000838,0.209110468,0.213680970,0.222593427,0.000000000
6905,2020-10-14 17:00:00,0.000000000,0.195008733,0.206864273,0.208966738,0.213520682,0.222396470,0.000000000
6906,2020-10-14 18:00:00,0.000000000,0.195023217,0.206732243,0.208827800,0.213365788,0.222206266,0.000000000
6907,2020-10-14 19:00:00,0.000000000,0.195038232,0.206595009,0.208683405,0.213204860,0.222008786,0.000000000
6908,2020-10-14 20:00:00,0.000000000,0.195051786,0.206470806,0.208552739,0.213059276,0.221830252,0.000000000
6909,2020-10-14 21:00:00,0.000000000,0.195062288,0.206374363,0.208451289,0.212946273,0.221691746,0.000000000
6910,2020-10-14 22:00:00,0.000000000,0.195064328,0.206355603,0.208431555,0.212924295,0.221664817,0.000000000
6911,2020-10-14 23:00:00,0.000000000,0.195065526,0.206344589,0.208419971,0.212911394,0.221649009,0.000000000
6912,2020-10-15 00:00:00,0.000000000,0.195065807,0.206341999,0.208417247,0.212908359,0.221645292,0.000000000
6913,2020-10-15 01:00:00,0.000000000,0.195065933,0.206340842,0.208416029,0.212907004,0.221643631,0.000000000
6914,2020-10-15 02:00:00,0.000000000,0.195066122,0.206339107,0.208414205,0.212904972,0.221641142,0.000000000
6915,2020-10-15 03:00:00,0.000000000,0.195066309,0.206337380,0.208412388,0.212902949,0.221638663,0.000000000
6916,2020-10-15 04:00:00,0.000000000,0.195066446,0.206336121,0.208411064,0.212901474,0.221636856,0.000000000
6917,2020-10-15 05:00:00,0.000000000,0.195066636,0.206334371,0.208409223,0.212899424,0.221634344,0.000000000
6918,2020-10-15 06:00:00,0.000000000,0.195066830,0.206332590,0.208407350,0.212897338,0.221631789,0.000000000
6919,2020-10-15 07:00:00,0.000000000,0.195066961,0.206331382,0.208406079,0.212895923,0.221630055,0.000000000
6920,2020-10-15 08:00:00,0.000000000,0.195067052,0.206330548,0.208405202,0.212894946,0.221628859,0.000000000
6921,2020-10-15 09:00:00,0.000000000,0.195067192,0.206329258,0.208403845,0.212893435,0.221627007,0.000000000
6922,2020-10-15 10:00:00,0.000000000,0.195067398,0.206327367,0.208401856,0.212891220,0.221624293,0.000000000
6923,2020-10-15 11:00:00,0.000000000,0.195067592,0.206325580,0.208399977,0.212889127,0.221621729,0.000000000
6924,2020-10-15 12:00:00,0.000000000,0.195069283,0.206310014,0.208383604,0.212870894,0.221599393,0.000000000
6925,2020-10-15 13:00:00,0.000000000,0.195071162,0.206292724,0.208365418,0.212850643,0.221574587,0.000000000
6926,2020-10-15 14:00:00,0.000000000,0.195074629,0.206260786,0.208331828,0.212813240,0.221528776,0.000000000
6927,2020-10-15 15:00:00,0.000000000,0.195082181,0.206191161,0.208258602,0.212731712,0.221428945,0.000000000
6928,2020-10-15 16:00:00,0.000000000,0.195094822,0.206074411,0.208135826,0.212595045,0.221261674,0.000000000
6929,2020-10-15 17:00:00,0.000000000,0.195110884,0.205925665,0.207979424,0.212421000,0.221048794,0.000000000
6930,2020-10-15 18:00:00,0.000000000,0.195127455,0.205771744,0.207817605,0.212240990,0.220828779,0.000000000
6931,2020-10-15 19:00:00,0.000000000,0.195144073,0.205616920,0.207654862,0.212060015,0.220607750,0.000000000
6932,2020-10-15 20:00:00,0.000000000,0.195158770,0.205479600,0.207510539,0.211899577,0.220411942,0.000000000
6933,2020-10-15 21:00:00,0.000000000,0.195169720,0.205377043,0.207402766,0.211779803,0.220265846,0.000000000
6934,2020-10-15 22:00:00,0.000000000,0.195174545,0.205331788,0.207355212,0.211726963,0.220201417,0.000000000
6935,2020-10-15 23:00:00,0.000000000,0.195176765,0.205310955,0.207333322,0.211702640,0.220171765,0.000000000
6936,2020-10-16 00:00:00,0.000000000,0.195178404,0.205295560,0.207317145,0.211684667,0.220149855,0.000000000
6937,2020-10-16 01:00:00,0.000000000,0.195178904,0.205290866,0.207312214,0.211679188,0.220143176,0.012028112
6938,2020-10-16 02:00:00,0.000000000,0.195178361,0.205295964,0.207317570,0.211685139,0.220150430,0.014110056
6939,2020-10-16 03:00:00,0.000000000,0.195177724,0.205301943,0.207323853,0.211692120,0.220158939,0.020331679
6940,2020-10-16 04:00:00,0.000000000,0.195176807,0.205310557,0.207332904,0.211702176,0.220171199,0.021292275
6941,2020-10-16 05:00:00,0.000000000,0.195175846,0.205319578,0.207342382,0.211712707,0.220184037,0.021140806
6942,2020-10-16 06:00:00,0.000000000,0.195174892,0.205328534,0.207351793,0.211723163,0.220196785,0.021795001
6943,2020-10-16 07:00:00,0.000000000,0.195173908,0.205337767,0.207361494,0.211733943,0.220209927,0.024807992
6944,2020-10-16 08:00:00,0.000000000,0.195172788,0.205348274,0.207372536,0.211746211,0.220224885,0.023041279
6945,2020-10-16 09:00:00,0.000000000,0.195171747,0.205358034,0.207382791,0.211757606,0.220238780,0.033052783
6946,2020-10-16 10:00:00,0.000000000,0.195170255,0.205372029,0.207397497,0.211773947,0.220258706,0.024861104
6947,2020-10-16 11:00:00,0.000000000,0.195169132,0.205382558,0.207408561,0.211786242,0.220273698,0.000000000
6948,2020-10-16 12:00:00,0.000000000,0.195169280,0.205381164,0.207407096,0.211784614,0.220271714,0.000000000
6949,2020-10-16 13:00:00,0.000000000,0.195170812,0.205366808,0.207392010,0.211767851,0.220251271,0.000000000
6950,2020-10-16 14:00:00,0.000000000,0.195173692,0.205339793,0.207363623,0.211736308,0.220212811,0.000000000
6951,2020-10-16 15:00:00,0.000000000,0.195178586,0.205293853,0.207315352,0.211682675,0.220147427,0.049094923
6952,2020-10-16 16:00:00,0.000000000,0.195182642,0.205255754,0.207275321,0.211638202,0.220093220,0.339025883
6953,2020-10-16 17:00:00,0.000000000,0.195174052,0.205336415,0.207360074,0.211732364,0.220208002,0.232728115
6954,2020-10-16 18:00:00,0.000000000,0.195169576,0.205378391,0.207404183,0.211781377,0.220267766,0.057894745
6955,2020-10-16 19:00:00,0.000000000,0.195172853,0.205347665,0.207371895,0.211745499,0.220224017,0.057894745
6956,2020-10-16 20:00:00,0.000000000,0.195175676,0.205321171,0.207344056,0.211714567,0.220186305,0.684738768
6957,2020-10-16 21:00:00,0.000000000,0.195150481,0.205557095,0.207591984,0.211990110,0.220522418,0.057894745
6958,2020-10-16 22:00:00,0.000000000,0.195150577,0.205556201,0.207591044,0.211989065,0.220521143,0.000000000
6959,2020-10-16 23:00:00,0.000000000,0.195152447,0.205538723,0.207572675,0.211968645,0.220496220,0.000000000
6960,2020-10-17 00:00:00,0.000000000,0.195154001,0.205524198,0.207557410,0.211951676,0.220475512,0.839176920
6961,2020-10-17 01:00:00,0.000000000,0.195118455,0.205855401,0.207905552,0.212338816,0.220948325,0.955979181
6962,2020-10-17 02:00:00,0.000000000,0.195077470,0.206234611,0.208304298,0.212782587,0.221491238,1.089689874
6963,2020-10-17 03:00:00,0.000000000,0.195030348,0.206667112,0.208759268,0.213289403,0.222112515,1.651408866
6964,2020-10-17 04:00:00,0.000000000,0.194958909,0.207315823,0.209442056,0.214050949,0.223048562,2.535237991
6965,2020-10-17 05:00:00,0.000000000,0.194850100,0.208288142,0.210466305,0.215195518,0.224461161,4.244108732
6966,2020-10-17 06:00:00,0.000000000,0.194672667,0.209834513,0.212097414,0.217023729,0.226732260,3.081522186
6967,2020-10-17 07:00:00,0.000000000,0.194537120,0.210984600,0.213312268,0.218389879,0.228441603,2.688574637
6968,2020-10-17 08:00:00,0.000000000,0.194415656,0.211993267,0.214378989,0.219592688,0.229955526,1.764018998
6969,2020-10-17 09:00:00,0.000000000,0.194333397,0.212665005,0.215090048,0.220396175,0.230971630,1.778615092
6970,2020-10-17 10:00:00,0.000000000,0.194249536,0.213340655,0.215805786,0.221206355,0.232000165,1.278007869
6971,2020-10-17 11:00:00,0.000000000,0.194188012,0.213830586,0.216325126,0.221795117,0.232750148,0.091781175
6972,2020-10-17 12:00:00,0.000000000,0.194185826,0.213847905,0.216343489,0.221815949,0.232776724,0.000000000
6973,2020-10-17 13:00:00,0.000000000,0.194189266,0.213820647,0.216314587,0.221783162,0.232734898,0.000000000
6974,2020-10-17 14:00:00,0.000000000,0.194195081,0.213774535,0.216265696,0.221727704,0.232664166,0.000000000
6975,2020-10-17 15:00:00,0.000000000,0.194203942,0.213704186,0.216191111,0.221643115,0.232556317,0.000000000
6976,2020-10-17 16:00:00,0.000000000,0.194215629,0.213611256,0.216092595,0.221531409,0.232413962,0.000000000
6977,2020-10-17 17:00:00,0.000000000,0.194230219,0.213494999,0.215969364,0.221391717,0.232236053,0.000000000
6978,2020-10-17 18:00:00,0.000000000,0.194246333,0.213366278,0.215832940,0.221237120,0.232039301,0.000000000
6979,2020-10-17 19:00:00,0.000000000,0.194264207,0.213223107,0.215681225,0.221065256,0.231820748,0.000000000
6980,2020-10-17 20:00:00,0.000000000,0.194279970,0.213096507,0.215547090,0.220913360,0.231627739,0.000000000
6981,2020-10-17 21:00:00,0.000000000,0.194292753,0.212993601,0.215438073,0.220789944,0.231471024,0.000000000
6982,2020-10-17 22:00:00,0.000000000,0.194294880,0.212976462,0.215419917,0.220769394,0.231444938,0.000000000
6983,2020-10-17 23:00:00,0.000000000,0.194296018,0.212967288,0.215410199,0.220758394,0.231430976,0.000000000
6984,2020-10-18 00:00:00,0.000000000,0.194297067,0.212958824,0.215401234,0.220748247,0.231418097,0.000000000
6985,2020-10-18 01:00:00,0.000000000,0.194297862,0.212952414,0.215394443,0.220740562,0.231408343,0.000000000
6986,2020-10-18 02:00:00,0.000000000,0.194300046,0.212934804,0.215375790,0.220719450,0.231381550,0.000000000
6987,2020-10-18 03:00:00,0.000000000,0.194301896,0.212919870,0.215359971,0.220701547,0.231358833,0.000000000
6988,2020-10-18 04:00:00,0.000000000,0.194303587,0.212906225,0.215345518,0.220685191,0.231338079,0.000000000
6989,2020-10-18 05:00:00,0.000000000,0.194304738,0.212896930,0.215335673,0.220674050,0.231323944,0.000000000
6990,2020-10-18 06:00:00,0.000000000,0.194306170,0.212885368,0.215323426,0.220660191,0.231306361,0.000000000
6991,2020-10-18 07:00:00,0.000000000,0.194307480,0.212874786,0.215312218,0.220647508,0.231290271,0.000000000
6992,2020-10-18 08:00:00,0.000000000,0.194308653,0.212865313,0.215302184,0.220636154,0.231275869,0.000000000
6993,2020-10-18 09:00:00,0.000000000,0.194309804,0.212856015,0.215292336,0.220625011,0.231261734,0.000000000
6994,2020-10-18 10:00:00,0.000000000,0.194310688,0.212848868,0.215284766,0.220616446,0.231250870,0.000000000
6995,2020-10-18 11:00:00,0.000000000,0.194311688,0.212840786,0.215276207,0.220606760,0.231238585,0.000000000
6996,2020-10-18 12:00:00,0.000000000,0.194313519,0.212825986,0.215260531,0.220589024,0.231216091,0.000000000
6997,2020-10-18 13:00:00,0.000000000,0.194315877,0.212806919,0.215240337,0.220566177,0.231187117,0.000000000
6998,2020-10-18 14:00:00,0.000000000,0.194319694,0.212776035,0.215207629,0.220529173,0.231140198,0.000000000
6999,2020-10-18 15:00:00,0.000000000,0.194327418,0.212713475,0.215141377,0.220454229,0.231045197,0.000000000
7000,2020-10-18 16:00:00,0.000000000,0.194340687,0.212605835,0.215027394,0.220325320,0.230881869,0.000000000
7001,2020-10-18 17:00:00,0.000000000,0.194355148,0.212488261,0.214902907,0.220184573,0.230703658,0.000000000
7002,2020-10-18 18:00:00,0.000000000,0.194371583,0.212354292,0.214761082,0.220024275,0.230500836,0.000000000
7003,2020-10-18 19:00:00,0.000000000,0.194387285,0.212225971,0.214625255,0.219870808,0.230306803,0.000000000
7004,2020-10-18 20:00:00,0.000000000,0.194402203,0.212103748,0.214495901,0.219724701,0.230122207,0.000000000
7005,2020-10-18 21:00:00,0.000000000,0.194413052,0.212014672,0.214401639,0.219618260,0.229987806,0.000000000
7006,2020-10-18 22:00:00,0.000000000,0.194415380,0.211995532,0.214381387,0.219595394,0.229958942,0.000000000
7007,2020-10-18 23:00:00,0.000000000,0.194418495,0.211969920,0.214354286,0.219564798,0.229920325,0.000000000
7008,2020-10-19 00:00:00,0.000000000,0.194419059,0.211965280,0.214349377,0.219559255,0.229913331,0.000000000
7009,2020-10-19 01:00:00,0.000000000,0.194421181,0.211947822,0.214330903,0.219538401,0.229887014,0.000000000
7010,2020-10-19 02:00:00,0.000000000,0.194422817,0.211934360,0.214316660,0.219522322,0.229866724,0.000000000
7011,2020-10-19 03:00:00,0.000000000,0.194424352,0.211921722,0.214303288,0.219507227,0.229847679,0.000000000
7012,2020-10-19 04:00:00,0.000000000,0.194425686,0.211910741,0.214291669,0.219494112,0.229831132,0.000000000
7013,2020-10-19 05:00:00,0.000000000,0.194426566,0.211903495,0.214284003,0.219485459,0.229820216,0.000000000
7014,2020-10-19 06:00:00,0.000000000,0.194427310,0.211897366,0.214277518,0.219478139,0.229810981,0.000000000
7015,2020-10-19 07:00:00,0.000000000,0.194428057,0.211891211,0.214271006,0.219470788,0.229801708,0.000000000
7016,2020-10-19 08:00:00,0.000000000,0.194428761,0.211885413,0.214264871,0.219463864,0.229792973,0.000000000
7017,2020-10-19 09:00:00,0.000000000,0.194429256,0.211881331,0.214260553,0.219458990,0.229786824,0.000000000
7018,2020-10-19 10:00:00,0.000000000,0.194429365,0.211880434,0.214259604,0.219457919,0.229785473,0.000000000
7019,2020-10-19 11:00:00,0.000000000,0.194429527,0.211879101,0.214258193,0.219456327,0.229783465,0.000000000
7020,2020-10-19 12:00:00,0.000000000,0.194431205,0.211865270,0.214243560,0.219439811,0.229762633,0.000000000
7021,2020-10-19 13:00:00,0.000000000,0.194433684,0.211844837,0.214221943,0.219415413,0.229731862,0.000000000
7022,2020-10-19 14:00:00,0.000000000,0.194437229,0.211815596,0.214191008,0.219380501,0.229687836,0.000000000
7023,2020-10-19 15:00:00,0.000000000,0.194443966,0.211759986,0.214132177,0.219314115,0.229604140,0.000000000
7024,2020-10-19 16:00:00,0.000000000,0.194453633,0.211680075,0.214047646,0.219218744,0.229483947,0.000000000
7025,2020-10-19 17:00:00,0.000000000,0.194463999,0.211594244,0.213956859,0.219116338,0.229354947,0.000000000
7026,2020-10-19 18:00:00,0.000000000,0.194477513,0.211482133,0.213838290,0.218982626,0.229186604,0.000000000
7027,2020-10-19 19:00:00,0.000000000,0.194490853,0.211371209,0.213720990,0.218850381,0.229020214,0.000000000
7028,2020-10-19 20:00:00,0.000000000,0.194502901,0.211270828,0.213614851,0.218730753,0.228869784,0.000000000
7029,2020-10-19 21:00:00,0.000000000,0.194512566,0.211190144,0.213529547,0.218634629,0.228748972,0.000000000
7030,2020-10-19 22:00:00,0.000000000,0.194516119,0.211160456,0.213498162,0.218599268,0.228704543,0.000000000
7031,2020-10-19 23:00:00,0.000000000,0.194519400,0.211133023,0.213469161,0.218566595,0.228663497,0.000000000
7032,2020-10-20 00:00:00,0.000000000,0.194521295,0.211117172,0.213452404,0.218547718,0.228639785,0.000000000
7033,2020-10-20 01:00:00,0.000000000,0.194522861,0.211104068,0.213438552,0.218532114,0.228620186,0.000000000
7034,2020-10-20 02:00:00,0.000000000,0.194524204,0.211092830,0.213426671,0.218518731,0.228603378,0.000000000
7035,2020-10-20 03:00:00,0.000000000,0.194525241,0.211084147,0.213417493,0.218508392,0.228590394,0.000000000
7036,2020-10-20 04:00:00,0.000000000,0.194526202,0.211076100,0.213408986,0.218498810,0.228578361,0.000000000
7037,2020-10-20 05:00:00,0.000000000,0.194527020,0.211069249,0.213401745,0.218490653,0.228568118,0.000000000
7038,2020-10-20 06:00:00,0.000000000,0.194528023,0.211060853,0.213392869,0.218480656,0.228555564,0.000000000
7039,2020-10-20 07:00:00,0.000000000,0.194528913,0.211053393,0.213384983,0.218471774,0.228544412,0.000000000
7040,2020-10-20 08:00:00,0.000000000,0.194529962,0.211044611,0.213375701,0.218461319,0.228531285,0.000000000
7041,2020-10-20 09:00:00,0.000000000,0.194530834,0.211037305,0.213367978,0.218452620,0.228520364,0.000000000
7042,2020-10-20 10:00:00,0.000000000,0.194531504,0.211031687,0.213362040,0.218445932,0.228511967,0.000000000
7043,2020-10-20 11:00:00,0.000000000,0.194531823,0.211029017,0.213359218,0.218442754,0.228507976,0.000000000
7044,2020-10-20 12:00:00,0.000000000,0.194532299,0.211025022,0.213354995,0.218437998,0.228502006,0.000000000
7045,2020-10-20 13:00:00,0.000000000,0.194533393,0.211015852,0.213345302,0.218427081,0.228488301,0.000000000
7046,2020-10-20 14:00:00,0.000000000,0.194534532,0.211006309,0.213335215,0.218415721,0.228474040,0.000000000
7047,2020-10-20 15:00:00,0.000000000,0.194535611,0.210997259,0.213325649,0.218404947,0.228460517,0.000000000
7048,2020-10-20 16:00:00,0.000000000,0.194537605,0.210980529,0.213307966,0.218385034,0.228435522,0.000000000
7049,2020-10-20 17:00:00,0.000000000,0.194540155,0.210959132,0.213285350,0.218359566,0.228403559,0.000000000
7050,2020-10-20 18:00:00,0.000000000,0.194543964,0.210927161,0.213251559,0.218321516,0.228355812,0.000000000
7051,2020-10-20 19:00:00,0.000000000,0.194547481,0.210897616,0.213220333,0.218286358,0.228311702,0.000000000
7052,2020-10-20 20:00:00,0.000000000,0.194551705,0.210862109,0.213182807,0.218244109,0.228258704,0.000000000
7053,2020-10-20 21:00:00,0.000000000,0.194557823,0.210810639,0.213128414,0.218182878,0.228181913,0.000000000
7054,2020-10-20 22:00:00,0.000000000,0.194558334,0.210806337,0.213123868,0.218177760,0.228175496,0.000000000
7055,2020-10-20 23:00:00,0.000000000,0.194558583,0.210804241,0.213121653,0.218175267,0.228172370,0.003728723
7056,2020-10-21 00:00:00,0.000000000,0.194558399,0.210805788,0.213123288,0.218177107,0.228174677,0.006775190
7057,2020-10-21 01:00:00,0.000000000,0.194558065,0.210808598,0.213126258,0.218180450,0.228178869,0.008824712
7058,2020-10-21 02:00:00,0.000000000,0.194557630,0.210812259,0.213130126,0.218184804,0.228184329,0.013925638
7059,2020-10-21 03:00:00,0.000000000,0.194556944,0.210818033,0.213136228,0.218191674,0.228192943,0.016274706
7060,2020-10-21 04:00:00,0.000000000,0.194556142,0.210824781,0.213143360,0.218199701,0.228203009,0.016654056
7061,2020-10-21 05:00:00,0.000000000,0.194555322,0.210831687,0.213150657,0.218207916,0.228213311,0.017005186
7062,2020-10-21 06:00:00,0.000000000,0.194554484,0.210838737,0.213158108,0.218216304,0.228223830,0.016932065
7063,2020-10-21 07:00:00,0.000000000,0.194553649,0.210845757,0.213165527,0.218224655,0.228234304,0.016760868
7064,2020-10-21 08:00:00,0.000000000,0.194552823,0.210852706,0.213172870,0.218232922,0.228244673,0.015794714
7065,2020-10-21 09:00:00,0.000000000,0.194552044,0.210859254,0.213179791,0.218240713,0.228254445,0.016295555
7066,2020-10-21 10:00:00,0.000000000,0.194551241,0.210866010,0.213186930,0.218248751,0.228264526,0.016868954
7067,2020-10-21 11:00:00,0.000000000,0.194550409,0.210873003,0.213194321,0.218257071,0.228274963,0.001043548
7068,2020-10-21 12:00:00,0.000000000,0.194550493,0.210872295,0.213193573,0.218256229,0.228273907,0.000000000
7069,2020-10-21 13:00:00,0.000000000,0.194551931,0.210860206,0.213180797,0.218241846,0.228255865,0.000000000
7070,2020-10-21 14:00:00,0.000000000,0.194555194,0.210832761,0.213151793,0.218209194,0.228214914,0.000000000
7071,2020-10-21 15:00:00,0.000000000,0.194562300,0.210772938,0.213088573,0.218138033,0.228125686,0.000000000
7072,2020-10-21 16:00:00,0.000000000,0.194572948,0.210683156,0.212993702,0.218031263,0.227991863,0.000000000
7073,2020-10-21 17:00:00,0.000000000,0.194585943,0.210573372,0.212877709,0.217900754,0.227828376,0.000000000
7074,2020-10-21 18:00:00,0.000000000,0.194599770,0.210456296,0.212754026,0.217761631,0.227654207,0.000000000
7075,2020-10-21 19:00:00,0.000000000,0.194614331,0.210332715,0.212623488,0.217614842,0.227470560,0.000000000
7076,2020-10-21 20:00:00,0.000000000,0.194628171,0.210214964,0.212499124,0.217475038,0.227295765,0.000000000
7077,2020-10-21 21:00:00,0.000000000,0.194637415,0.210136160,0.212415903,0.217381507,0.227178888,0.000000000
7078,2020-10-21 22:00:00,0.000000000,0.194640057,0.210113615,0.212392096,0.217354754,0.227145466,0.000000000
7079,2020-10-21 23:00:00,0.000000000,0.194641254,0.210103398,0.212381306,0.217342629,0.227130320,0.000000000
7080,2020-10-22 00:00:00,0.000000000,0.194641627,0.210100214,0.212377944,0.217338851,0.227125601,0.000000000
7081,2020-10-22 01:00:00,0.000000000,0.194641953,0.210097429,0.212375003,0.217335547,0.227121473,0.005952956
7082,2020-10-22 02:00:00,0.000000000,0.194641663,0.210099905,0.212377619,0.217338485,0.227125144,0.018771098
7083,2020-10-22 03:00:00,0.000000000,0.194640749,0.210107711,0.212385861,0.217347747,0.227136714,0.018341471
7084,2020-10-22 04:00:00,0.000000000,0.194639855,0.210115338,0.212393915,0.217356798,0.227148019,0.018559400
7085,2020-10-22 05:00:00,0.000000000,0.194638951,0.210123055,0.212402064,0.217365955,0.227159459,0.024167757
7086,2020-10-22 06:00:00,0.000000000,0.194637773,0.210133102,0.212412674,0.217377878,0.227174354,0.024804266
7087,2020-10-22 07:00:00,0.000000000,0.194636565,0.210143413,0.212423562,0.217390114,0.227189641,0.020777380
7088,2020-10-22 08:00:00,0.000000000,0.194635552,0.210152051,0.212432684,0.217400365,0.227202449,0.018342545
7089,2020-10-22 09:00:00,0.000000000,0.194634658,0.210159677,0.212440737,0.217409416,0.227213758,0.019219875
7090,2020-10-22 10:00:00,0.000000000,0.194633721,0.210167667,0.212449175,0.217418899,0.227225607,0.018626380
7091,2020-10-22 11:00:00,0.000000000,0.194632812,0.210175411,0.212457353,0.217428089,0.227237091,0.000000000
7092,2020-10-22 12:00:00,0.000000000,0.194633273,0.210171480,0.212453201,0.217423424,0.227231261,0.000000000
7093,2020-10-22 13:00:00,0.000000000,0.194635870,0.210149336,0.212429817,0.217397143,0.227198423,0.000000000
7094,2020-10-22 14:00:00,0.000000000,0.194641793,0.210098799,0.212376450,0.217337173,0.227123504,0.000000000
7095,2020-10-22 15:00:00,0.000000000,0.194649464,0.210033256,0.212307242,0.217259412,0.227026390,0.000000000
7096,2020-10-22 16:00:00,0.000000000,0.194657877,0.209961289,0.212231256,0.217174049,0.226919822,0.000000000
7097,2020-10-22 17:00:00,0.000000000,0.194667855,0.209875789,0.212140988,0.217072663,0.226793304,0.000000000
7098,2020-10-22 18:00:00,0.000000000,0.194680863,0.209764120,0.212023106,0.216940292,0.226628207,0.000000000
7099,2020-10-22 19:00:00,0.000000000,0.194695844,0.209635194,0.211887023,0.216787529,0.226437798,0.000000000
7100,2020-10-22 20:00:00,0.000000000,0.194711828,0.209497278,0.211741471,0.216624190,0.226234352,0.000000000
7101,2020-10-22 21:00:00,0.000000000,0.194723104,0.209399749,0.211638556,0.216508731,0.226090632,0.000000000
7102,2020-10-22 22:00:00,0.000000000,0.194726884,0.209367014,0.211604016,0.216469987,0.226042422,0.000000000
7103,2020-10-22 23:00:00,0.000000000,0.194729506,0.209344300,0.211580049,0.216443105,0.226008976,0.000000000
7104,2020-10-23 00:00:00,0.000000000,0.194730898,0.209332228,0.211567312,0.216428820,0.225991205,0.000000000
7105,2020-10-23 01:00:00,0.000000000,0.194731760,0.209324759,0.211559432,0.216419982,0.225980210,0.012200724
7106,2020-10-23 02:00:00,0.000000000,0.194731173,0.209329850,0.211564803,0.216426006,0.225987704,0.012022202
7107,2020-10-23 03:00:00,0.000000000,0.194730594,0.209334866,0.211570096,0.216431942,0.225995088,0.014241514
7108,2020-10-23 04:00:00,0.000000000,0.194729909,0.209340807,0.211576365,0.216438973,0.226003835,0.013616314
7109,2020-10-23 05:00:00,0.000000000,0.194729253,0.209346488,0.211582358,0.216445695,0.226012198,0.015401769
7110,2020-10-23 06:00:00,0.000000000,0.194728512,0.209352913,0.211589137,0.216453299,0.226021658,0.015724176
7111,2020-10-23 07:00:00,0.000000000,0.194727755,0.209359472,0.211596058,0.216461062,0.226031316,0.013784268
7112,2020-10-23 08:00:00,0.000000000,0.194727091,0.209365223,0.211602126,0.216467867,0.226039783,0.014958158
7113,2020-10-23 09:00:00,0.000000000,0.194726371,0.209371462,0.211608709,0.216475252,0.226048972,0.012296894
7114,2020-10-23 10:00:00,0.000000000,0.194725778,0.209376592,0.211614122,0.216481323,0.226056526,0.012648501
7115,2020-10-23 11:00:00,0.000000000,0.194725169,0.209381868,0.211619689,0.216487568,0.226064297,0.000000000
7116,2020-10-23 12:00:00,0.000000000,0.194726291,0.209372154,0.211609440,0.216476071,0.226049991,0.000000000
7117,2020-10-23 13:00:00,0.000000000,0.194729461,0.209344687,0.211580458,0.216443564,0.226009547,0.000000000
7118,2020-10-23 14:00:00,0.000000000,0.194735052,0.209296211,0.211529312,0.216386201,0.225938192,0.000000000
7119,2020-10-23 15:00:00,0.000000000,0.194741591,0.209239453,0.211469430,0.216319051,0.225854685,0.000000000
7120,2020-10-23 16:00:00,0.000000000,0.194748676,0.209177882,0.211404475,0.216246221,0.225764144,0.000000000
7121,2020-10-23 17:00:00,0.000000000,0.194757423,0.209101762,0.211324178,0.216156204,0.225652276,0.000000000
7122,2020-10-23 18:00:00,0.000000000,0.194767851,0.209010867,0.211228302,0.216048745,0.225518791,0.000000000
7123,2020-10-23 19:00:00,0.000000000,0.194778125,0.208921155,0.211133684,0.215942718,0.225387147,0.000000000
7124,2020-10-23 20:00:00,0.000000000,0.194789599,0.208820770,0.211027820,0.215824116,0.225239963,0.000000000
7125,2020-10-23 21:00:00,0.000000000,0.194798420,0.208743466,0.210946304,0.215732812,0.225126708,0.000000000
7126,2020-10-23 22:00:00,0.000000000,0.194799977,0.208729804,0.210931899,0.215716678,0.225106700,0.000000000
7127,2020-10-23 23:00:00,0.000000000,0.194802260,0.208709772,0.210910776,0.215693022,0.225077367,0.000000000
7128,2020-10-24 00:00:00,0.000000000,0.194803815,0.208696129,0.210896391,0.215676914,0.225057393,0.000000000
7129,2020-10-24 01:00:00,0.000000000,0.194805256,0.208683470,0.210883044,0.215661967,0.225038862,0.000000000
7130,2020-10-24 02:00:00,0.000000000,0.194806212,0.208675079,0.210874197,0.215652060,0.225026580,0.000791084
7131,2020-10-24 03:00:00,0.000000000,0.194805855,0.208675079,0.210874197,0.215652060,0.225026580,0.002256162
7132,2020-10-24 04:00:00,0.000000000,0.194806067,0.208676355,0.210875541,0.215653566,0.225028446,0.003642176
7133,2020-10-24 05:00:00,0.000000000,0.194805893,0.208677879,0.210877148,0.215655365,0.225030677,0.003205275
7134,2020-10-24 06:00:00,0.000000000,0.194805740,0.208679220,0.210878562,0.215656949,0.225032641,0.002093098
7135,2020-10-24 07:00:00,0.000000000,0.194805641,0.208680096,0.210879486,0.215657983,0.225033923,0.001696113
7136,2020-10-24 08:00:00,0.000000000,0.194805560,0.208680806,0.210880234,0.215658821,0.225034962,0.004324307
7137,2020-10-24 09:00:00,0.000000000,0.194805354,0.208682615,0.210882142,0.215660957,0.225037610,0.004289048
7138,2020-10-24 10:00:00,0.000000000,0.194805149,0.208684410,0.210884034,0.215663076,0.225040237,0.005458037
7139,2020-10-24 11:00:00,0.000000000,0.194804889,0.208686693,0.210886442,0.215665773,0.225043580,0.000000000
7140,2020-10-24 12:00:00,0.000000000,0.194806409,0.208673350,0.210872373,0.215650018,0.225024049,0.000000000
7141,2020-10-24 13:00:00,0.000000000,0.194809842,0.208643187,0.210840571,0.215614408,0.224979905,0.000000000
7142,2020-10-24 14:00:00,0.000000000,0.194815145,0.208596557,0.210791408,0.215559363,0.224911685,0.000000000
7143,2020-10-24 15:00:00,0.000000000,0.194822580,0.208531118,0.210722420,0.215482131,0.224815993,0.000000000
7144,2020-10-24 16:00:00,0.000000000,0.194832124,0.208446982,0.210633726,0.215382857,0.224693040,0.000000000
7145,2020-10-24 17:00:00,0.000000000,0.194842305,0.208357079,0.210538963,0.215276811,0.224561758,0.000000000
7146,2020-10-24 18:00:00,0.000000000,0.194849984,0.208289169,0.210467388,0.215196729,0.224462659,0.000000000
7147,2020-10-24 19:00:00,0.000000000,0.194857519,0.208222439,0.210397061,0.215118056,0.224365338,0.000000000
7148,2020-10-24 20:00:00,0.000000000,0.194866046,0.208146810,0.210317360,0.215028913,0.224255105,0.000000000
7149,2020-10-24 21:00:00,0.000000000,0.194875548,0.208062412,0.210228427,0.214929462,0.224132175,0.000000000
7150,2020-10-24 22:00:00,0.000000000,0.194879571,0.208026636,0.210190731,0.214887313,0.224080093,0.000000000
7151,2020-10-24 23:00:00,0.000000000,0.194884161,0.207985782,0.210147685,0.214839188,0.224020636,0.000000000
7152,2020-10-25 00:00:00,0.000000000,0.194888463,0.207947466,0.210107317,0.214794060,0.223964893,0.000000000
7153,2020-10-25 01:00:00,0.000000000,0.194892883,0.207908061,0.210065802,0.214747654,0.223907584,0.000000000
7154,2020-10-25 02:00:00,0.000000000,0.194897577,0.207866188,0.210021689,0.214698349,0.223846708,0.000000000
7155,2020-10-25 03:00:00,0.000000000,0.194901365,0.207832374,0.209986067,0.214658539,0.223797563,0.000000000
7156,2020-10-25 04:00:00,0.000000000,0.194905729,0.207793379,0.209944989,0.214612634,0.223740905,0.000000000
7157,2020-10-25 05:00:00,0.000000000,0.194910306,0.207752457,0.209901882,0.214564467,0.223681468,0.000000000
7158,2020-10-25 06:00:00,0.000000000,0.194914346,0.207716309,0.209863807,0.214521926,0.223628983,0.000000000
7159,2020-10-25 07:00:00,0.000000000,0.194918176,0.207682015,0.209827685,0.214481571,0.223579204,0.000000000
7160,2020-10-25 08:00:00,0.000000000,0.194921654,0.207650851,0.209794861,0.214444902,0.223533980,0.000000000
7161,2020-10-25 09:00:00,0.000000000,0.194923962,0.207630156,0.209773065,0.214420555,0.223503956,0.000000000
7162,2020-10-25 10:00:00,0.000000000,0.194926075,0.207611210,0.209753110,0.214398265,0.223476473,0.000000000
7163,2020-10-25 11:00:00,0.000000000,0.194928318,0.207591087,0.209731917,0.214374595,0.223447289,0.000000000
7164,2020-10-25 12:00:00,0.000000000,0.194931891,0.207559014,0.209698139,0.214336869,0.223400782,0.000000000
7165,2020-10-25 13:00:00,0.000000000,0.194937630,0.207507456,0.209643842,0.214276232,0.223326049,0.000000000
7166,2020-10-25 14:00:00,0.000000000,0.194945236,0.207439046,0.209571803,0.214195793,0.223226939,0.000000000
7167,2020-10-25 15:00:00,0.000000000,0.194954355,0.207356901,0.209485307,0.214099229,0.223108006,0.000000000
7168,2020-10-25 16:00:00,0.000000000,0.194965042,0.207260463,0.209383770,0.213985895,0.222968482,0.000000000
7169,2020-10-25 17:00:00,0.000000000,0.194976176,0.207159789,0.209277784,0.213867624,0.222822952,0.000000000
7170,2020-10-25 18:00:00,0.000000000,0.194988509,0.207048051,0.209160163,0.213736401,0.222661570,0.000000000
7171,2020-10-25 19:00:00,0.000000000,0.194999994,0.206943761,0.209050394,0.213613969,0.222511082,0.000000000
7172,2020-10-25 20:00:00,0.000000000,0.195011551,0.206838614,0.208939735,0.213490574,0.222359489,0.000000000
7173,2020-10-25 21:00:00,0.000000000,0.195014119,0.206815214,0.208915110,0.213463120,0.222325771,0.000000000
7174,2020-10-25 22:00:00,0.000000000,0.195017633,0.206783187,0.208881408,0.213425547,0.222279633,0.000000000
7175,2020-10-25 23:00:00,0.000000000,0.195021197,0.206750678,0.208847199,0.213387412,0.222232812,0.000000000
7176,2020-10-26 00:00:00,0.000000000,0.195024583,0.206719769,0.208814674,0.213351157,0.222188307,0.000000000
7177,2020-10-26 01:00:00,0.000000000,0.195027696,0.206691345,0.208784766,0.213317821,0.222147390,0.000000000
7178,2020-10-26 02:00:00,0.000000000,0.195030225,0.206668236,0.208760451,0.213290721,0.222114133,0.000000000
7179,2020-10-26 03:00:00,0.000000000,0.195032698,0.206645628,0.208736664,0.213264210,0.222081602,0.000000000
7180,2020-10-26 04:00:00,0.000000000,0.195035100,0.206623665,0.208713555,0.213238458,0.222050004,0.076308585
7181,2020-10-26 05:00:00,0.000000000,0.195033481,0.206638468,0.208729130,0.213255815,0.222071300,0.000000000
7182,2020-10-26 06:00:00,0.000000000,0.195035339,0.206621477,0.208711253,0.213235892,0.222046857,0.000000000
7183,2020-10-26 07:00:00,0.000000000,0.195037105,0.206605317,0.208694250,0.213216945,0.222023612,0.000000000
7184,2020-10-26 08:00:00,0.000000000,0.195038900,0.206588890,0.208676967,0.213197686,0.221999986,0.000000000
7185,2020-10-26 09:00:00,0.000000000,0.195040749,0.206571963,0.208659159,0.213177843,0.221975646,0.000000000
7186,2020-10-26 10:00:00,0.000000000,0.195042696,0.206554138,0.208640406,0.213156947,0.221950017,0.000000000
7187,2020-10-26 11:00:00,0.000000000,0.195044592,0.206536765,0.208622128,0.213136582,0.221925041,0.000000000
7188,2020-10-26 12:00:00,0.000000000,0.195046633,0.206518059,0.208602449,0.213114656,0.221898153,0.000000000
7189,2020-10-26 13:00:00,0.000000000,0.195049132,0.206495151,0.208578350,0.213087808,0.221865232,0.000000000
7190,2020-10-26 14:00:00,0.000000000,0.195052090,0.206468014,0.208549801,0.213056004,0.221826240,0.000000000
7191,2020-10-26 15:00:00,0.000000000,0.195055590,0.206435894,0.208516013,0.213018365,0.221780101,0.000000000
7192,2020-10-26 16:00:00,0.000000000,0.195059466,0.206400288,0.208478559,0.212976646,0.221728968,0.000000000
7193,2020-10-26 17:00:00,0.000000000,0.195063156,0.206366377,0.208442888,0.212936916,0.221680282,0.000000000
7194,2020-10-26 18:00:00,0.000000000,0.195067178,0.206329391,0.208403986,0.212893591,0.221627199,0.000000000
7195,2020-10-26 19:00:00,0.000000000,0.195071277,0.206291663,0.208364303,0.212849401,0.221573065,0.000000000
7196,2020-10-26 20:00:00,0.000000000,0.195075531,0.206252479,0.208323091,0.212803511,0.221516862,0.000000000
7197,2020-10-26 21:00:00,0.000000000,0.195076994,0.206238998,0.208308912,0.212787725,0.221497529,0.000000000
7198,2020-10-26 22:00:00,0.000000000,0.195077919,0.206230466,0.208299939,0.212777734,0.221485295,0.000000000
7199,2020-10-26 23:00:00,0.000000000,0.195078902,0.206221408,0.208290412,0.212767127,0.221472307,0.000000000
7200,2020-10-27 00:00:00,0.000000000,0.195079655,0.206214459,0.208283104,0.212758991,0.221462344,0.000000000
7201,2020-10-27 01:00:00,0.000000000,0.195080213,0.206209321,0.208277700,0.212752974,0.221454978,0.000000000
7202,2020-10-27 02:00:00,0.000000000,0.195080714,0.206204697,0.208272837,0.212747560,0.221448349,0.000000000
7203,2020-10-27 03:00:00,0.000000000,0.195081164,0.206200550,0.208268476,0.212742704,0.221442404,0.000000000
7204,2020-10-27 04:00:00,0.000000000,0.195081576,0.206196744,0.208264474,0.212738249,0.221436949,0.000000000
7205,2020-10-27 05:00:00,0.000000000,0.195081878,0.206193957,0.208261542,0.212734985,0.221432953,0.000000000
7206,2020-10-27 06:00:00,0.000000000,0.195081997,0.206192863,0.208260392,0.212733704,0.221431385,0.000000000
7207,2020-10-27 07:00:00,0.000000000,0.195082157,0.206191383,0.208258835,0.212731972,0.221429264,0.000000000
7208,2020-10-27 08:00:00,0.000000000,0.195082375,0.206189379,0.208256728,0.212729625,0.221426391,0.000000000
7209,2020-10-27 09:00:00,0.000000000,0.195082507,0.206188154,0.208255439,0.212728191,0.221424635,0.000000000
7210,2020-10-27 10:00:00,0.000000000,0.195083384,0.206180069,0.208246937,0.212718725,0.221413047,0.000000000
7211,2020-10-27 11:00:00,0.000000000,0.195084140,0.206173089,0.208239596,0.212710553,0.221403043,0.000000000
7212,2020-10-27 12:00:00,0.000000000,0.195085972,0.206156180,0.208221815,0.212690758,0.221378811,0.000000000
7213,2020-10-27 13:00:00,0.000000000,0.195088990,0.206128307,0.208192503,0.212658129,0.221338874,0.000000000
7214,2020-10-27 14:00:00,0.000000000,0.195093514,0.206086507,0.208148546,0.212609202,0.221278997,0.000000000
7215,2020-10-27 15:00:00,0.000000000,0.195100063,0.206025923,0.208084840,0.212538301,0.221192252,0.000000000
7216,2020-10-27 16:00:00,0.000000000,0.195108352,0.205949138,0.208004103,0.212448460,0.221082370,0.000000000
7217,2020-10-27 17:00:00,0.000000000,0.195117921,0.205860358,0.207910763,0.212344613,0.220955410,0.000000000
7218,2020-10-27 18:00:00,0.000000000,0.195128749,0.205759707,0.207804951,0.212226916,0.220811584,0.000000000
7219,2020-10-27 19:00:00,0.000000000,0.195140157,0.205653451,0.207693259,0.212102708,0.220659877,0.000000000
7220,2020-10-27 20:00:00,0.000000000,0.195152074,0.205542213,0.207576343,0.211972723,0.220501197,0.000000000
7221,2020-10-27 21:00:00,0.000000000,0.195157228,0.205494025,0.207525700,0.211916428,0.220432502,0.000000000
7222,2020-10-27 22:00:00,0.000000000,0.195161635,0.205452786,0.207482360,0.211868258,0.220373733,0.000000000
7223,2020-10-27 23:00:00,0.000000000,0.195165173,0.205419657,0.207447546,0.211829566,0.220326536,0.000000000
7224,2020-10-28 00:00:00,0.000000000,0.195168266,0.205390669,0.207417084,0.211795714,0.220285250,0.000000000
7225,2020-10-28 01:00:00,0.000000000,0.195170857,0.205366384,0.207391565,0.211767356,0.220250668,0.000000000
7226,2020-10-28 02:00:00,0.000000000,0.195172225,0.205353551,0.207378080,0.211752372,0.220232397,0.000000000
7227,2020-10-28 03:00:00,0.000000000,0.195173553,0.205341092,0.207364988,0.211737825,0.220214660,0.000000000
7228,2020-10-28 04:00:00,0.000000000,0.195174679,0.205330533,0.207353893,0.211725496,0.220199629,0.000000000
7229,2020-10-28 05:00:00,0.000000000,0.195176319,0.205315141,0.207337720,0.211707527,0.220177721,0.000000000
7230,2020-10-28 06:00:00,0.000000000,0.195177930,0.205300013,0.207321824,0.211689866,0.220156192,0.000000000
7231,2020-10-28 07:00:00,0.000000000,0.195179220,0.205287897,0.207309094,0.211675722,0.220138952,0.000000000
7232,2020-10-28 08:00:00,0.000000000,0.195180710,0.205273908,0.207294396,0.211659393,0.220119047,0.000000000
7233,2020-10-28 09:00:00,0.000000000,0.195182432,0.205257722,0.207277389,0.211640499,0.220096020,0.277809673
7234,2020-10-28 10:00:00,0.000000000,0.195171598,0.205359429,0.207384257,0.211759236,0.220240766,0.529997448
7235,2020-10-28 11:00:00,0.000000000,0.195149298,0.205568143,0.207603595,0.212003018,0.220538173,0.686616204
7236,2020-10-28 12:00:00,0.000000000,0.195120304,0.205838230,0.207887500,0.212318734,0.220923780,0.773033452
7237,2020-10-28 13:00:00,0.000000000,0.195087444,0.206142583,0.208207515,0.212674840,0.221359327,0.765919270
7238,2020-10-28 14:00:00,0.000000000,0.195054811,0.206443041,0.208523532,0.213026740,0.221790367,0.944311432
7239,2020-10-28 15:00:00,0.000000000,0.195014735,0.206809602,0.208909204,0.213456535,0.222317685,1.142203439
7240,2020-10-28 16:00:00,0.000000000,0.194966087,0.207251019,0.209373828,0.213974799,0.222954826,0.064644936
7241,2020-10-28 17:00:00,0.000000000,0.194965944,0.207252309,0.209375185,0.213976315,0.222956691,0.410735126
7242,2020-10-28 18:00:00,0.000000000,0.194950534,0.207391336,0.209521565,0.214139705,0.223157852,0.000000000
7243,2020-10-28 19:00:00,0.000000000,0.194953951,0.207360540,0.209489138,0.214103505,0.223113272,0.000000000
7244,2020-10-28 20:00:00,0.000000000,0.194958388,0.207320530,0.209447011,0.214056481,0.223055371,0.000000000
7245,2020-10-28 21:00:00,0.000000000,0.194959417,0.207311242,0.209437232,0.214045565,0.223041933,0.000000000
7246,2020-10-28 22:00:00,0.000000000,0.194960214,0.207304047,0.209429657,0.214037110,0.223031524,0.000000000
7247,2020-10-28 23:00:00,0.000000000,0.194960371,0.207302637,0.209428173,0.214035454,0.223029485,0.000000000
7248,2020-10-29 00:00:00,0.000000000,0.194960978,0.207297156,0.209422402,0.214029012,0.223021555,0.000000000
7249,2020-10-29 01:00:00,0.000000000,0.194961399,0.207293354,0.209418399,0.214024544,0.223016055,0.000000000
7250,2020-10-29 02:00:00,0.000000000,0.194961476,0.207292662,0.209417671,0.214023732,0.223015055,0.000000000
7251,2020-10-29 03:00:00,0.000000000,0.194961820,0.207292662,0.209417671,0.214023732,0.223015055,0.000300174
7252,2020-10-29 04:00:00,0.000000000,0.194961684,0.207292662,0.209417671,0.214023732,0.223015055,0.000348518
7253,2020-10-29 05:00:00,0.000000000,0.194961525,0.207292662,0.209417671,0.214023732,0.223015055,0.003012649
7254,2020-10-29 06:00:00,0.000000000,0.194961340,0.207293884,0.209418957,0.214025167,0.223016822,0.002705384
7255,2020-10-29 07:00:00,0.000000000,0.194961214,0.207295022,0.209420155,0.214026505,0.223018469,0.003667911
7256,2020-10-29 08:00:00,0.000000000,0.194961043,0.207296565,0.209421780,0.214028318,0.223020701,0.000000000
7257,2020-10-29 09:00:00,0.000000000,0.194961187,0.207296565,0.209421780,0.214028318,0.223020701,0.000000000
7258,2020-10-29 10:00:00,0.000000000,0.194961320,0.207296565,0.209421780,0.214028318,0.223020701,0.000136713
7259,2020-10-29 11:00:00,0.000000000,0.194961258,0.207296565,0.209421780,0.214028318,0.223020701,0.187126628
7260,2020-10-29 12:00:00,0.000000000,0.194952925,0.207369792,0.209498880,0.214114380,0.223126664,0.379448920
7261,2020-10-29 13:00:00,0.000000000,0.194936455,0.207518016,0.209654963,0.214288651,0.223341353,1.461135980
7262,2020-10-29 14:00:00,0.000000000,0.194872753,0.208087256,0.210254605,0.214958733,0.224168352,1.051594677
7263,2020-10-29 15:00:00,0.000000000,0.194827179,0.208490592,0.210679698,0.215434310,0.224756760,1.747794204
7264,2020-10-29 16:00:00,0.000000000,0.194750843,0.209159032,0.211384590,0.216223927,0.225736434,2.026232801
7265,2020-10-29 17:00:00,0.000000000,0.194662125,0.209924911,0.212192848,0.217130908,0.226865980,1.928556617
7266,2020-10-29 18:00:00,0.000000000,0.194576353,0.210654420,0.212963340,0.217997097,0.227949056,2.445806194
7267,2020-10-29 19:00:00,0.000000000,0.194466820,0.211570864,0.213932131,0.219088448,0.229319826,1.945996132
7268,2020-10-29 20:00:00,0.000000000,0.194378097,0.212301096,0.214704772,0.219960646,0.230420371,1.267800099
7269,2020-10-29 21:00:00,0.000000000,0.194317904,0.212790513,0.215222962,0.220546519,0.231162191,1.595622757
7270,2020-10-29 22:00:00,0.000000000,0.194241749,0.213402930,0.215871783,0.221281132,0.232095299,3.891289953
7271,2020-10-29 23:00:00,0.000000000,0.194064170,0.214802392,0.217356124,0.222966192,0.234248381,2.990550092
7272,2020-10-30 00:00:00,0.000000000,0.193921514,0.215898782,0.218520684,0.224292651,0.235956072,1.854621928
7273,2020-10-30 01:00:00,0.000000000,0.193829087,0.216596405,0.219262460,0.225139620,0.237052545,0.890588876
7274,2020-10-30 02:00:00,0.000000000,0.193783519,0.216936752,0.219624570,0.225553675,0.237590333,0.690947127
7275,2020-10-30 03:00:00,0.000000000,0.193748042,0.217200127,0.219904887,0.225874474,0.238007799,0.292110605
7276,2020-10-30 04:00:00,0.000000000,0.193733515,0.217307563,0.220019259,0.226005431,0.238178422,0.000000000
7277,2020-10-30 05:00:00,0.000000000,0.193734646,0.217299204,0.220010359,0.225995239,0.238165138,0.000000000
7278,2020-10-30 06:00:00,0.000000000,0.193735488,0.217292982,0.220003736,0.225987654,0.238155254,0.000000000
7279,2020-10-30 07:00:00,0.000000000,0.193736711,0.217283946,0.219994116,0.225976638,0.238140899,0.000000000
7280,2020-10-30 08:00:00,0.000000000,0.193738030,0.217274196,0.219983736,0.225964752,0.238125410,0.079554098
7281,2020-10-30 09:00:00,0.000000000,0.193735371,0.217293847,0.220004656,0.225988708,0.238156628,0.030629729
7282,2020-10-30 10:00:00,0.000000000,0.193735392,0.217293847,0.220004656,0.225988708,0.238156628,1.186132408
7283,2020-10-30 11:00:00,0.694736898,0.193674616,0.217740789,0.220480604,0.226534076,0.238868392,0.000000000
7284,2020-10-30 12:00:00,0.531459987,0.193676769,0.217725014,0.220463801,0.226514810,0.238843213,0.694736889
7285,2020-10-30 13:00:00,0.682089448,0.193641918,0.217979658,0.220735080,0.226825952,0.239250173,0.531459983
7286,2020-10-30 14:00:00,0.814821184,0.193615407,0.218172488,0.220940562,0.227061777,0.239559076,0.682089495
7287,2020-10-30 15:00:00,1.016552448,0.193580796,0.218423092,0.221207682,0.227368537,0.239961481,0.814821260
7288,2020-10-30 16:00:00,0.599413872,0.193538962,0.218724313,0.221528862,0.227737670,0.240446596,1.016552449
7289,2020-10-30 17:00:00,0.864436686,0.193486132,0.219102081,0.221931827,0.228201253,0.241057224,0.599413920
7290,2020-10-30 18:00:00,0.498326868,0.193454830,0.219324544,0.222169218,0.228474591,0.241417992,0.864436765
7291,2020-10-30 19:00:00,0.391819686,0.193408966,0.219648692,0.222515231,0.228873319,0.241945236,0.498326909
7292,2020-10-30 20:00:00,0.264227301,0.193382909,0.219831898,0.222710857,0.229098915,0.242244063,0.391819697
7293,2020-10-30 21:00:00,0.090836547,0.193361752,0.219980145,0.222869187,0.229281590,0.242486313,0.264227296
7294,2020-10-30 22:00:00,0.061646756,0.193347621,0.220078916,0.222974691,0.229403362,0.242647935,0.090836548
7295,2020-10-30 23:00:00,0.050797328,0.193343272,0.220109277,0.223007124,0.229440803,0.242697651,0.061646758
7296,2020-10-31 00:00:00,0.022823665,0.193339884,0.220132911,0.223032373,0.229469952,0.242736364,0.050797331
7297,2020-10-31 01:00:00,0.010769541,0.193336994,0.220153064,0.223053903,0.229494810,0.242769383,0.022823666
7298,2020-10-31 02:00:00,0.019864481,0.193335694,0.220162128,0.223063586,0.229505990,0.242784234,0.010769542
7299,2020-10-31 03:00:00,0.029931467,0.193335080,0.220166406,0.223068156,0.229511267,0.242791245,0.000000000
7300,2020-10-31 04:00:00,0.047723405,0.193335080,0.220166406,0.223068156,0.229511267,0.242791245,0.000000000
7301,2020-10-31 05:00:00,0.074138328,0.193335080,0.220166406,0.223068156,0.229511267,0.242791245,0.000000000
7302,2020-10-31 06:00:00,0.094492808,0.193335080,0.220166406,0.223068156,0.229511267,0.242791245,0.000000000
7303,2020-10-31 07:00:00,0.106786750,0.193335080,0.220166406,0.223068156,0.229511267,0.242791245,0.000000000
7304,2020-10-31 08:00:00,0.123508193,0.193335080,0.220166406,0.223068156,0.229511267,0.242791245,0.000000000
7305,2020-10-31 09:00:00,0.129866794,0.193335080,0.220166406,0.223068156,0.229511267,0.242791245,0.000000000
7306,2020-10-31 10:00:00,0.136768460,0.193335080,0.220166406,0.223068156,0.229511267,0.242791245,0.000000000
7307,2020-10-31 11:00:00,0.132200494,0.193335080,0.220166406,0.223068156,0.229511267,0.242791245,0.000000000
7308,2020-10-31 12:00:00,0.026913343,0.193335085,0.220166406,0.223068156,0.229511267,0.242791245,0.132200491
7309,2020-10-31 13:00:00,0.063949160,0.193327578,0.220218669,0.223123994,0.229575745,0.242876921,0.026913345
7310,2020-10-31 14:00:00,0.079817243,0.193326110,0.220228887,0.223134911,0.229588353,0.242893677,0.063949166
7311,2020-10-31 15:00:00,0.064878836,0.193322592,0.220253371,0.223161071,0.229618566,0.242933836,0.079817247
7312,2020-10-31 16:00:00,0.055619232,0.193318247,0.220283595,0.223193366,0.229655865,0.242983424,0.064878841
7313,2020-10-31 17:00:00,0.040623933,0.193322858,0.220251520,0.223159094,0.229616282,0.242930800,0.055619234
7314,2020-10-31 18:00:00,0.025496271,0.193329979,0.220201946,0.223106127,0.229555113,0.242849502,0.040623933
7315,2020-10-31 19:00:00,0.013770231,0.193341543,0.220121343,0.223020014,0.229455684,0.242717413,0.025496272
7316,2020-10-31 20:00:00,0.006398113,0.193352236,0.220046680,0.222940256,0.229363614,0.242595166,0.013770231
7317,2020-10-31 21:00:00,0.000821646,0.193354676,0.220029632,0.222922046,0.229342595,0.242567268,0.006398113
7318,2020-10-31 22:00:00,0.000406812,0.193356194,0.220019024,0.222910714,0.229329517,0.242549910,0.000821646
7319,2020-10-31 23:00:00,0.000327484,0.193357116,0.220012575,0.222903826,0.229321566,0.242539359,0.000406812
7320,2020-11-01 00:00:00,0.000277466,0.193358981,0.219999535,0.222889897,0.229305491,0.242518027,0.000327484
7321,2020-11-01 01:00:00,0.000082757,0.193359427,0.219996412,0.222886561,0.229301641,0.242512918,0.000277466
7322,2020-11-01 02:00:00,0.000026188,0.193359654,0.219994828,0.222884869,0.229299689,0.242510327,0.000082757
7323,2020-11-01 03:00:00,0.000382171,0.193360768,0.219987034,0.222876545,0.229290082,0.242497579,0.000026188
7324,2020-11-01 04:00:00,0.000500080,0.193361682,0.219980637,0.222869712,0.229282197,0.242487117,0.000382171
7325,2020-11-01 05:00:00,0.000360156,0.193361952,0.219978749,0.222867696,0.229279869,0.242484030,0.000500080
7326,2020-11-01 06:00:00,0.000658181,0.193362978,0.219971571,0.222860029,0.229271022,0.242472291,0.000360156
7327,2020-11-01 07:00:00,0.000589740,0.193363730,0.219966307,0.222854405,0.229264533,0.242463682,0.000658182
7328,2020-11-01 08:00:00,0.000650531,0.193364356,0.219961929,0.222849729,0.229259137,0.242456523,0.000589740
7329,2020-11-01 09:00:00,0.000558426,0.193365084,0.219956831,0.222844284,0.229252853,0.242448188,0.000650531
7330,2020-11-01 10:00:00,0.000522253,0.193365800,0.219951816,0.222838928,0.229246673,0.242439989,0.000558426
7331,2020-11-01 11:00:00,0.000557183,0.193366363,0.219947878,0.222834722,0.229241819,0.242433551,0.000522253
7332,2020-11-01 12:00:00,0.000476652,0.193366828,0.219944624,0.222831247,0.229237809,0.242428231,0.000557183
7333,2020-11-01 13:00:00,0.000473985,0.193367000,0.219943418,0.222829959,0.229236323,0.242426259,0.000476652
7334,2020-11-01 14:00:00,0.000475303,0.193366994,0.219943418,0.222829959,0.229236323,0.242426259,0.001637329
7335,2020-11-01 15:00:00,0.000715717,0.193366906,0.219944075,0.222830660,0.229237132,0.242427333,0.006467146
7336,2020-11-01 16:00:00,0.000741892,0.193366539,0.219946647,0.222833407,0.229240302,0.242431538,0.008828935
7337,2020-11-01 17:00:00,0.000641706,0.193366037,0.219950158,0.222837158,0.229244630,0.242437279,0.006626210
7338,2020-11-01 18:00:00,0.000464657,0.193365661,0.219952788,0.222839967,0.229247871,0.242441579,0.004276145
7339,2020-11-01 19:00:00,0.000358836,0.193365419,0.219954486,0.222841780,0.229249964,0.242444355,0.900471787
7340,2020-11-01 20:00:00,0.000227784,0.193315683,0.220301420,0.223212412,0.229677866,0.243012678,0.914918189
7341,2020-11-01 21:00:00,0.000172762,0.193264905,0.220653097,0.223588275,0.230112256,0.243591025,2.095916784
7342,2020-11-01 22:00:00,0.000106387,0.193152134,0.221425173,0.224414036,0.231068206,0.244868837,2.393444061
7343,2020-11-01 23:00:00,0.000082682,0.193023034,0.222294257,0.225344520,0.232148069,0.246320821,3.799108254
7344,2020-11-02 00:00:00,0.000047102,0.192823945,0.223604671,0.226749491,0.233784078,0.248538361,2.171824576
7345,2020-11-02 01:00:00,0.000053552,0.192702146,0.224389157,0.227591740,0.234768058,0.249882716,0.803475149
7346,2020-11-02 02:00:00,0.000047926,0.192654547,0.224692291,0.227917430,0.235149212,0.250405660,0.000053552
7347,2020-11-02 03:00:00,0.000024992,0.192657304,0.224674781,0.227898613,0.235127181,0.250375399,0.000047926
7348,2020-11-02 04:00:00,0.000018811,0.192659516,0.224660735,0.227883520,0.235109510,0.250351131,0.000024992
7349,2020-11-02 05:00:00,0.000011626,0.192662047,0.224644654,0.227866240,0.235089280,0.250323351,0.000018811
7350,2020-11-02 06:00:00,0.000008594,0.192662108,0.224644266,0.227865822,0.235088791,0.250322679,0.000011626
7351,2020-11-02 07:00:00,0.000006355,0.192664917,0.224626412,0.227846638,0.235066332,0.250291844,0.000008594
7352,2020-11-02 08:00:00,0.000005044,0.192667071,0.224612714,0.227831919,0.235049102,0.250268189,0.000006355
7353,2020-11-02 09:00:00,0.000002654,0.192669554,0.224596923,0.227814952,0.235029242,0.250240927,0.000005044
7354,2020-11-02 10:00:00,0.000110454,0.192669744,0.224595718,0.227813657,0.235027726,0.250238847,0.000002654
7355,2020-11-02 11:00:00,0.000199032,0.192669976,0.224594239,0.227812068,0.235025867,0.250236294,0.000110454
7356,2020-11-02 12:00:00,0.000213354,0.192670178,0.224592953,0.227810686,0.235024249,0.250234074,0.000199032
7357,2020-11-02 13:00:00,0.000457104,0.192670303,0.224592158,0.227809832,0.235023249,0.250232702,0.000213354
7358,2020-11-02 14:00:00,0.001017374,0.192670497,0.224590928,0.227808510,0.235021702,0.250230577,0.000457104
7359,2020-11-02 15:00:00,0.001250331,0.192673719,0.224570422,0.227786477,0.234995913,0.250195185,0.001017374
7360,2020-11-02 16:00:00,0.000858036,0.192678047,0.224542869,0.227756873,0.234961266,0.250147644,0.001250331
7361,2020-11-02 17:00:00,0.000720488,0.192680328,0.224528339,0.227741262,0.234942997,0.250122580,0.000858036
7362,2020-11-02 18:00:00,0.000617349,0.192684006,0.224504906,0.227716086,0.234913536,0.250082166,0.000720488
7363,2020-11-02 19:00:00,0.000544418,0.192687943,0.224479810,0.227689124,0.234881988,0.250038898,0.000617349
7364,2020-11-02 20:00:00,0.000374946,0.192693209,0.224446219,0.227653038,0.234839766,0.249981006,0.000544418
7365,2020-11-02 21:00:00,0.000254330,0.192697308,0.224420053,0.227624930,0.234806882,0.249935927,0.000374946
7366,2020-11-02 22:00:00,0.000240635,0.192698888,0.224409969,0.227614097,0.234794210,0.249918557,0.000254330
7367,2020-11-02 23:00:00,0.000212766,0.192700161,0.224401839,0.227605364,0.234783994,0.249904555,0.000240635
7368,2020-11-03 00:00:00,0.000003851,0.192700600,0.224399032,0.227602348,0.234780466,0.249899721,0.000212766
7369,2020-11-03 01:00:00,0.000232976,0.192700971,0.224396664,0.227599805,0.234777491,0.249895643,0.000003851
7370,2020-11-03 02:00:00,0.000610095,0.192700969,0.224396664,0.227599805,0.234777491,0.249895643,0.000232976
7371,2020-11-03 03:00:00,0.001283292,0.192700874,0.224396664,0.227599805,0.234777491,0.249895643,0.000610095
7372,2020-11-03 04:00:00,0.001279850,0.192700625,0.224396664,0.227599805,0.234777491,0.249895643,0.001283292
7373,2020-11-03 05:00:00,0.001385072,0.192700841,0.224397491,0.227600693,0.234778530,0.249897067,0.001279850
7374,2020-11-03 06:00:00,0.002301443,0.192700764,0.224397985,0.227601223,0.234779150,0.249897917,0.001385072
7375,2020-11-03 07:00:00,0.001810969,0.192700680,0.224398518,0.227601796,0.234779820,0.249898836,0.002301444
7376,2020-11-03 08:00:00,0.001328545,0.192700541,0.224399408,0.227602752,0.234780939,0.249900369,0.001810969
7377,2020-11-03 09:00:00,0.001265297,0.192700431,0.224400109,0.227603505,0.234781820,0.249901576,0.001328545
7378,2020-11-03 10:00:00,0.001415077,0.192700351,0.224400622,0.227604056,0.234782464,0.249902459,0.001265297
7379,2020-11-03 11:00:00,0.001504462,0.192700275,0.224401108,0.227604579,0.234783075,0.249903297,0.001415077
7380,2020-11-03 12:00:00,0.001320397,0.192700190,0.224401650,0.227605160,0.234783755,0.249904229,0.001504462
7381,2020-11-03 13:00:00,0.001501326,0.192700269,0.224401146,0.227604619,0.234783122,0.249903361,0.001320397
7382,2020-11-03 14:00:00,0.001564763,0.192700685,0.224398492,0.227601768,0.234779788,0.249898792,0.001501326
7383,2020-11-03 15:00:00,0.001472947,0.192702747,0.224385316,0.227587615,0.234763232,0.249876103,0.001564763
7384,2020-11-03 16:00:00,0.001221792,0.192706841,0.224359155,0.227559513,0.234730362,0.249831065,0.001472947
7385,2020-11-03 17:00:00,0.000929893,0.192711922,0.224326664,0.227524614,0.234689546,0.249775151,0.001221792
7386,2020-11-03 18:00:00,0.000660169,0.192717220,0.224292756,0.227488194,0.234646954,0.249716821,0.000929894
7387,2020-11-03 19:00:00,0.000461926,0.192721443,0.224265715,0.227459151,0.234612994,0.249670322,0.000660169
7388,2020-11-03 20:00:00,0.000320636,0.192723373,0.224253354,0.227445875,0.234597472,0.249649072,0.000461926
7389,2020-11-03 21:00:00,0.000219190,0.192725502,0.224239712,0.227431224,0.234580341,0.249625622,0.000320636
7390,2020-11-03 22:00:00,0.000171900,0.192726977,0.224230257,0.227421070,0.234568469,0.249609373,0.000219190
7391,2020-11-03 23:00:00,0.000111754,0.192729948,0.224211211,0.227400616,0.234544556,0.249576645,0.000171900
7392,2020-11-04 00:00:00,0.000111305,0.192730503,0.224207651,0.227396792,0.234540086,0.249570528,0.000111754
7393,2020-11-04 01:00:00,0.000173698,0.192731098,0.224203837,0.227392696,0.234535298,0.249563976,0.000111305
7394,2020-11-04 02:00:00,0.000208959,0.192733341,0.224189452,0.227377248,0.234517239,0.249539265,0.000173698
7395,2020-11-04 03:00:00,0.000182981,0.192735524,0.224175446,0.227362207,0.234499657,0.249515209,0.000208959
7396,2020-11-04 04:00:00,0.000116959,0.192737026,0.224165807,0.227351856,0.234487557,0.249498656,0.000182981
7397,2020-11-04 05:00:00,0.000201990,0.192736951,0.224165807,0.227351856,0.234487557,0.249498656,0.000116959
7398,2020-11-04 06:00:00,0.000331426,0.192736904,0.224165807,0.227351856,0.234487557,0.249498656,0.000201990
7399,2020-11-04 07:00:00,0.000412580,0.192736821,0.224165807,0.227351856,0.234487557,0.249498656,0.000331426
7400,2020-11-04 08:00:00,0.000392340,0.192736686,0.224165807,0.227351856,0.234487557,0.249498656,0.000412580
7401,2020-11-04 09:00:00,0.000316758,0.192736517,0.224165807,0.227351856,0.234487557,0.249498656,0.000392340
7402,2020-11-04 10:00:00,0.000178647,0.192736356,0.224165807,0.227351856,0.234487557,0.249498656,0.000000000
7403,2020-11-04 11:00:00,0.000290612,0.192736356,0.224165807,0.227351856,0.234487557,0.249498656,0.000000000
7404,2020-11-04 12:00:00,0.000078991,0.192736356,0.224165807,0.227351856,0.234487557,0.249498656,0.000000000
7405,2020-11-04 13:00:00,0.000159187,0.192736356,0.224165807,0.227351856,0.234487557,0.249498656,0.000000000
7406,2020-11-04 14:00:00,0.001495283,0.192736356,0.224165807,0.227351856,0.234487557,0.249498656,0.000159187
7407,2020-11-04 15:00:00,0.003310961,0.192736293,0.224165807,0.227351856,0.234487557,0.249498656,0.001495283
7408,2020-11-04 16:00:00,0.003309782,0.192736827,0.224167084,0.227353228,0.234489160,0.249500849,0.022048031
7409,2020-11-04 17:00:00,0.003333549,0.192735491,0.224175655,0.227362431,0.234499919,0.249515567,0.020845811
7410,2020-11-04 18:00:00,0.002730073,0.192734228,0.224183758,0.227371133,0.234510091,0.249529484,0.025696856
7411,2020-11-04 19:00:00,0.001955758,0.192732672,0.224193744,0.227381858,0.234522627,0.249546638,0.022906705
7412,2020-11-04 20:00:00,0.001410763,0.192731284,0.224202647,0.227391418,0.234533804,0.249561932,0.013644233
7413,2020-11-04 21:00:00,0.000872330,0.192730456,0.224207951,0.227397115,0.234540463,0.249571044,0.010967878
7414,2020-11-04 22:00:00,0.000597807,0.192729791,0.224212215,0.227401694,0.234545817,0.249578371,0.014405758
7415,2020-11-04 23:00:00,0.000448024,0.192728918,0.224217815,0.227407708,0.234552848,0.249587993,0.020811244
7416,2020-11-05 00:00:00,0.000301200,0.192727657,0.224225903,0.227416394,0.234563003,0.249601891,0.021266179
7417,2020-11-05 01:00:00,0.000220171,0.192726367,0.224234167,0.227425269,0.234573379,0.249616093,0.022392657
7418,2020-11-05 02:00:00,0.000150911,0.192725010,0.224242868,0.227434614,0.234584305,0.249631048,0.020200342
7419,2020-11-05 03:00:00,0.000101416,0.192723784,0.224250718,0.227443044,0.234594161,0.249644540,0.016766809
7420,2020-11-05 04:00:00,0.000077527,0.192722767,0.224257234,0.227450042,0.234602344,0.249655741,0.017141597
7421,2020-11-05 05:00:00,0.000059881,0.192721728,0.224263895,0.227457196,0.234610709,0.249667193,0.016350204
7422,2020-11-05 06:00:00,0.000046564,0.192720736,0.224270248,0.227464020,0.234618687,0.249678117,0.019633393
7423,2020-11-05 07:00:00,0.000041702,0.192719544,0.224277876,0.227472213,0.234628267,0.249691233,0.021861417
7424,2020-11-05 08:00:00,0.000038903,0.192718218,0.224286369,0.227481335,0.234638934,0.249705837,0.024673834
7425,2020-11-05 09:00:00,0.000027936,0.192716721,0.224295953,0.227491628,0.234650970,0.249722320,0.015326887
7426,2020-11-05 10:00:00,0.000021882,0.192715790,0.224301908,0.227498024,0.234658450,0.249732563,0.019960592
7427,2020-11-05 11:00:00,0.000022866,0.192714579,0.224309662,0.227506352,0.234668189,0.249745900,0.022646462
7428,2020-11-05 12:00:00,0.000023266,0.192713204,0.224318458,0.227515800,0.234679238,0.249761032,0.024188774
7429,2020-11-05 13:00:00,0.000021310,0.192711736,0.224327852,0.227525890,0.234691038,0.249777194,0.032185406
7430,2020-11-05 14:00:00,0.000018932,0.192709782,0.224340347,0.227539311,0.234706734,0.249798695,0.023270577
7431,2020-11-05 15:00:00,0.000019991,0.192708369,0.224349384,0.227549017,0.234718086,0.249814247,0.024617674
7432,2020-11-05 16:00:00,0.000014943,0.192706874,0.224358942,0.227559285,0.234730095,0.249830699,0.019495800
7433,2020-11-05 17:00:00,0.000011129,0.192705690,0.224366513,0.227567417,0.234739607,0.249843731,0.019640539
7434,2020-11-05 18:00:00,0.000007853,0.192704497,0.224374137,0.227575606,0.234749185,0.249856855,0.001122434
7435,2020-11-05 19:00:00,0.000004530,0.192704429,0.224374568,0.227576069,0.234749727,0.249857598,0.016092594
7436,2020-11-05 20:00:00,0.000002304,0.192703451,0.224380817,0.227582782,0.234757579,0.249868357,0.024047858
7437,2020-11-05 21:00:00,0.000001401,0.192701990,0.224390153,0.227592811,0.234769310,0.249884432,0.030290551
7438,2020-11-05 22:00:00,0.000000000,0.192700150,0.224401910,0.227605439,0.234784082,0.249904677,0.031361441
7439,2020-11-05 23:00:00,0.000000000,0.192698244,0.224414080,0.227618513,0.234799376,0.249925638,0.036961726
7440,2020-11-06 00:00:00,0.000000000,0.192695998,0.224428420,0.227633918,0.234817397,0.249950340,0.038763757
7441,2020-11-06 01:00:00,0.000000000,0.192693642,0.224443457,0.227650071,0.234836295,0.249976247,0.029284102
7442,2020-11-06 02:00:00,0.000000000,0.192691861,0.224454820,0.227662278,0.234850576,0.249995827,0.025086047
7443,2020-11-06 03:00:00,0.000000000,0.192690335,0.224464554,0.227672736,0.234862812,0.250012603,0.016878463
7444,2020-11-06 04:00:00,0.000000000,0.192689308,0.224471106,0.227679774,0.234871047,0.250023895,0.011850069
7445,2020-11-06 05:00:00,0.000000000,0.192688586,0.224475706,0.227684716,0.234876829,0.250031825,0.010878700
7446,2020-11-06 06:00:00,0.000000000,0.192687924,0.224479929,0.227689253,0.234882138,0.250039105,0.011036878
7447,2020-11-06 07:00:00,0.000000000,0.192687252,0.224484214,0.227693856,0.234887524,0.250046490,0.010036448
7448,2020-11-06 08:00:00,0.000000000,0.192686641,0.224488110,0.227698042,0.234892422,0.250053207,0.009385121
7449,2020-11-06 09:00:00,0.000000000,0.192686069,0.224491753,0.227701956,0.234897002,0.250059489,0.008875727
7450,2020-11-06 10:00:00,0.000000000,0.192685529,0.224495199,0.227705658,0.234901333,0.250065429,0.008706430
7451,2020-11-06 11:00:00,0.000000000,0.192684999,0.224498579,0.227709289,0.234905582,0.250071257,0.007762376
7452,2020-11-06 12:00:00,0.000000000,0.192684526,0.224501592,0.227712526,0.234909370,0.250076453,0.006920946
7453,2020-11-06 13:00:00,0.000000000,0.192684104,0.224504279,0.227715413,0.234912748,0.250081086,0.007766692
7454,2020-11-06 14:00:00,0.000000000,0.192683631,0.224507294,0.227718652,0.234916538,0.250086284,0.006805701
7455,2020-11-06 15:00:00,0.000000000,0.192683217,0.224509936,0.227721490,0.234919860,0.250090840,0.011374287
7456,2020-11-06 16:00:00,0.000000000,0.192682524,0.224514351,0.227726233,0.234925410,0.250098454,0.011738263
7457,2020-11-06 17:00:00,0.000000000,0.192681809,0.224518906,0.227731128,0.234931138,0.250106311,0.005781855
7458,2020-11-06 18:00:00,0.000000000,0.192681457,0.224521151,0.227733539,0.234933960,0.250110182,0.007040889
7459,2020-11-06 19:00:00,0.000000000,0.192681028,0.224523884,0.227736476,0.234937396,0.250114895,0.005100682
7460,2020-11-06 20:00:00,0.000000000,0.192680717,0.224525864,0.227738603,0.234939885,0.250118310,0.008619423
7461,2020-11-06 21:00:00,0.000000000,0.192680192,0.224529209,0.227742197,0.234944092,0.250124081,0.010771899
7462,2020-11-06 22:00:00,0.000000000,0.192679535,0.224533390,0.227746689,0.234949348,0.250131292,0.010071911
7463,2020-11-06 23:00:00,0.000000000,0.192678922,0.224537299,0.227750889,0.234954263,0.250138035,0.017562691
7464,2020-11-07 00:00:00,0.000000000,0.192677852,0.224544113,0.227758210,0.234962831,0.250149790,0.013393713
7465,2020-11-07 01:00:00,0.000000000,0.192677036,0.224549310,0.227763794,0.234969365,0.250158756,0.010335123
7466,2020-11-07 02:00:00,0.000000000,0.192676406,0.224553321,0.227768103,0.234974409,0.250165676,0.006394291
7467,2020-11-07 03:00:00,0.000000000,0.192676016,0.224555802,0.227770769,0.234977529,0.250169958,0.006428365
7468,2020-11-07 04:00:00,0.000000000,0.192675624,0.224558297,0.227773450,0.234980666,0.250174262,0.005312675
7469,2020-11-07 05:00:00,0.000000000,0.192675300,0.224560359,0.227775665,0.234983259,0.250177820,0.003660040
7470,2020-11-07 06:00:00,0.000000000,0.192675077,0.224561780,0.227777191,0.234985046,0.250180272,0.006304294
7471,2020-11-07 07:00:00,0.000000000,0.192674693,0.224564226,0.227779820,0.234988122,0.250184493,0.005751718
7472,2020-11-07 08:00:00,0.000000000,0.192674342,0.224566458,0.227782218,0.234990929,0.250188345,0.001124789
7473,2020-11-07 09:00:00,0.000000000,0.192674273,0.224566895,0.227782687,0.234991478,0.250189099,0.001081987
7474,2020-11-07 10:00:00,0.000000000,0.192674207,0.224567315,0.227783139,0.234992006,0.250189824,0.000519522
7475,2020-11-07 11:00:00,0.000000000,0.192673995,0.224567315,0.227783139,0.234992006,0.250189824,0.000000000
7476,2020-11-07 12:00:00,0.000000000,0.192674568,0.224565019,0.227780672,0.234989119,0.250185862,0.000000000
7477,2020-11-07 13:00:00,0.000000000,0.192676231,0.224554430,0.227769295,0.234975804,0.250167591,0.000000000
7478,2020-11-07 14:00:00,0.000000000,0.192680198,0.224529168,0.227742153,0.234944039,0.250124009,0.000000000
7479,2020-11-07 15:00:00,0.000000000,0.192689506,0.224469842,0.227678416,0.234869458,0.250021716,0.000000000
7480,2020-11-07 16:00:00,0.000000000,0.192712090,0.224325587,0.227523457,0.234688192,0.249773297,0.000000000
7481,2020-11-07 17:00:00,0.000000000,0.192737491,0.224162819,0.227348647,0.234483806,0.249493524,0.000000000
7482,2020-11-07 18:00:00,0.000000000,0.192766106,0.223978795,0.227151054,0.234252909,0.249177886,0.000000000
7483,2020-11-07 19:00:00,0.000000000,0.192796431,0.223783005,0.226940880,0.234007459,0.248842843,0.000000000
7484,2020-11-07 20:00:00,0.000000000,0.192823227,0.223609333,0.226754494,0.233789915,0.248546312,0.000000000
7485,2020-11-07 21:00:00,0.000000000,0.192827512,0.223581505,0.226724633,0.233755074,0.248498857,0.000000000
7486,2020-11-07 22:00:00,0.000000000,0.192829319,0.223569762,0.226712032,0.233740372,0.248478835,0.000000000
7487,2020-11-07 23:00:00,0.000000000,0.192830598,0.223561447,0.226703111,0.233729964,0.248464662,0.000000000
7488,2020-11-08 00:00:00,0.000000000,0.192830682,0.223560906,0.226702530,0.233729286,0.248463738,0.003737869
7489,2020-11-08 01:00:00,0.000000000,0.192830457,0.223562365,0.226704095,0.233731112,0.248466225,0.000000000
7490,2020-11-08 02:00:00,0.000000000,0.192833110,0.223545123,0.226685595,0.233709529,0.248436837,0.000000000
7491,2020-11-08 03:00:00,0.000000000,0.192834916,0.223533375,0.226672989,0.233694824,0.248416817,0.000000000
7492,2020-11-08 04:00:00,0.000000000,0.192835777,0.223527774,0.226666980,0.233687813,0.248407273,0.000000000
7493,2020-11-08 05:00:00,0.000000000,0.192837129,0.223518981,0.226657545,0.233676807,0.248392290,0.000000000
7494,2020-11-08 06:00:00,0.000000000,0.192838239,0.223511762,0.226649799,0.233667772,0.248379992,0.006113676
7495,2020-11-08 07:00:00,0.000000000,0.192837872,0.223514149,0.226652360,0.233670759,0.248384057,0.000000000
7496,2020-11-08 08:00:00,0.000000000,0.192838594,0.223509452,0.226647321,0.233664881,0.248376056,0.000000000
7497,2020-11-08 09:00:00,0.000000000,0.192839397,0.223504225,0.226641713,0.233658339,0.248367152,0.000000000
7498,2020-11-08 10:00:00,0.000000000,0.192839802,0.223501590,0.226638885,0.233655041,0.248362663,0.000000000
7499,2020-11-08 11:00:00,0.000000000,0.192840595,0.223496435,0.226633354,0.233648589,0.248353881,0.000000000
7500,2020-11-08 12:00:00,0.000000000,0.192843129,0.223479936,0.226615652,0.233627942,0.248325782,0.000000000
7501,2020-11-08 13:00:00,0.000000000,0.192848447,0.223445300,0.226578492,0.233584602,0.248266811,0.000000000
7502,2020-11-08 14:00:00,0.000000000,0.192855464,0.223399564,0.226529426,0.233527382,0.248188978,0.000000000
7503,2020-11-08 15:00:00,0.000000000,0.192866416,0.223328092,0.226452755,0.233437989,0.248067434,0.000000000
7504,2020-11-08 16:00:00,0.000000000,0.192881373,0.223230309,0.226347871,0.233315732,0.247901312,0.000000000
7505,2020-11-08 17:00:00,0.000000000,0.192900410,0.223105568,0.226214092,0.233159848,0.247689677,0.000000000
7506,2020-11-08 18:00:00,0.000000000,0.192923107,0.222956424,0.226054168,0.232973580,0.247437051,0.000000000
7507,2020-11-08 19:00:00,0.000000000,0.192951835,0.222766981,0.225851080,0.232737161,0.247116812,0.000000000
7508,2020-11-08 20:00:00,0.000000000,0.192979944,0.222580905,0.225651648,0.232505133,0.246802960,0.000000000
7509,2020-11-08 21:00:00,0.000000000,0.192985686,0.222542803,0.225610817,0.232457645,0.246738779,0.000000000
7510,2020-11-08 22:00:00,0.000000000,0.192987542,0.222530481,0.225597613,0.232442290,0.246718030,0.000000000
7511,2020-11-08 23:00:00,0.000000000,0.192988303,0.222525429,0.225592199,0.232435994,0.246709523,0.000000000
7512,2020-11-09 00:00:00,0.000000000,0.192993008,0.222494176,0.225558710,0.232397051,0.246656911,0.000000000
7513,2020-11-09 01:00:00,0.000000000,0.192996987,0.222467736,0.225530379,0.232364110,0.246612416,0.000000000
7514,2020-11-09 02:00:00,0.000000000,0.193000473,0.222444555,0.225505542,0.232335232,0.246573418,0.000000000
7515,2020-11-09 03:00:00,0.000000000,0.193003497,0.222424437,0.225483987,0.232310173,0.246539582,0.000000000
7516,2020-11-09 04:00:00,0.000000000,0.193006252,0.222406100,0.225464340,0.232287333,0.246508746,0.000000000
7517,2020-11-09 05:00:00,0.000000000,0.193008621,0.222390330,0.225447444,0.232267693,0.246482234,0.000000000
7518,2020-11-09 06:00:00,0.000000000,0.193010507,0.222377766,0.225433983,0.232252046,0.246461115,0.000000000
7519,2020-11-09 07:00:00,0.000000000,0.193012093,0.222367200,0.225422664,0.232238888,0.246443357,0.000000000
7520,2020-11-09 08:00:00,0.000000000,0.193013410,0.222358427,0.225413265,0.232227963,0.246428613,0.000000000
7521,2020-11-09 09:00:00,0.000000000,0.193014574,0.222350674,0.225404959,0.232218310,0.246415586,0.000000000
7522,2020-11-09 10:00:00,0.000000000,0.193015675,0.222343332,0.225397093,0.232209167,0.246403250,0.000000000
7523,2020-11-09 11:00:00,0.000000000,0.193016810,0.222335767,0.225388989,0.232199748,0.246390540,0.000000000
7524,2020-11-09 12:00:00,0.000000000,0.193020149,0.222313506,0.225365140,0.232172032,0.246353146,0.000000000
7525,2020-11-09 13:00:00,0.000000000,0.193024969,0.222281347,0.225330691,0.232131998,0.246299145,0.000000000
7526,2020-11-09 14:00:00,0.000000000,0.193032128,0.222233545,0.225279485,0.232072500,0.246218912,0.000000000
7527,2020-11-09 15:00:00,0.000000000,0.193042032,0.222167342,0.225208574,0.231990119,0.246107869,0.000000000
7528,2020-11-09 16:00:00,0.000000000,0.193056470,0.222070663,0.225105030,0.231869857,0.245945860,0.000000000
7529,2020-11-09 17:00:00,0.000000000,0.193079491,0.221916114,0.224939534,0.231677715,0.245687256,0.000000000
7530,2020-11-09 18:00:00,0.000000000,0.193104261,0.221749265,0.224760903,0.231470425,0.245408592,0.000000000
7531,2020-11-09 19:00:00,0.000000000,0.193137429,0.221524958,0.224520818,0.231191985,0.245034808,0.000000000
7532,2020-11-09 20:00:00,0.000000000,0.193161713,0.221360068,0.224344372,0.230987474,0.244760652,0.000000000
7533,2020-11-09 21:00:00,0.000000000,0.193165583,0.221333739,0.224316202,0.230954831,0.244716923,0.000000000
7534,2020-11-09 22:00:00,0.000000000,0.193167195,0.221322766,0.224304461,0.230941228,0.244698702,0.000000000
7535,2020-11-09 23:00:00,0.000000000,0.193168029,0.221317093,0.224298391,0.230934195,0.244689283,0.000000000
7536,2020-11-10 00:00:00,0.000000000,0.193172533,0.221286416,0.224265571,0.230896170,0.244638360,0.000000000
7537,2020-11-10 01:00:00,0.000000000,0.193176312,0.221260672,0.224238029,0.230864264,0.244595640,0.000000000
7538,2020-11-10 02:00:00,0.000000000,0.193179430,0.221239413,0.224215285,0.230837918,0.244560370,0.000000000
7539,2020-11-10 03:00:00,0.000000000,0.193182012,0.221221806,0.224196450,0.230816100,0.244531167,0.000000000
7540,2020-11-10 04:00:00,0.000000000,0.193184134,0.221207328,0.224180961,0.230798160,0.244507157,0.000000000
7541,2020-11-10 05:00:00,0.000000000,0.193186147,0.221193593,0.224166268,0.230781143,0.244484385,0.000000000
7542,2020-11-10 06:00:00,0.000000000,0.193187859,0.221181908,0.224153768,0.230766665,0.244465012,0.000000000
7543,2020-11-10 07:00:00,0.000000000,0.193189492,0.221170761,0.224141845,0.230752856,0.244446536,0.000000000
7544,2020-11-10 08:00:00,0.000000000,0.193190982,0.221160584,0.224130958,0.230740248,0.244429667,0.000000000
7545,2020-11-10 09:00:00,0.000000000,0.193192050,0.221153293,0.224123159,0.230731217,0.244417586,0.000000000
7546,2020-11-10 10:00:00,0.000000000,0.193192758,0.221148458,0.224117987,0.230725227,0.244409573,0.005492286
7547,2020-11-10 11:00:00,0.000000000,0.193192440,0.221150629,0.224120309,0.230727916,0.244413170,0.000000000
7548,2020-11-10 12:00:00,0.000000000,0.193194163,0.221138858,0.224107718,0.230713335,0.244393666,0.000000000
7549,2020-11-10 13:00:00,0.000000000,0.193197784,0.221114107,0.224081243,0.230682678,0.244352661,0.000000000
7550,2020-11-10 14:00:00,0.000000000,0.193204127,0.221070732,0.224034850,0.230628962,0.244280833,0.000000000
7551,2020-11-10 15:00:00,0.000000000,0.193214436,0.221000147,0.223959356,0.230541568,0.244164017,0.000000000
7552,2020-11-10 16:00:00,0.000000000,0.193231106,0.220885790,0.223837064,0.230400035,0.243974962,0.000000000
7553,2020-11-10 17:00:00,0.000000000,0.193252145,0.220741073,0.223682328,0.230221026,0.243736065,0.000000000
7554,2020-11-10 18:00:00,0.000000000,0.193276037,0.220576219,0.223506096,0.230017241,0.243464401,0.000000000
7555,2020-11-10 19:00:00,0.000000000,0.193301296,0.220401318,0.223319164,0.229801194,0.243176732,0.000000000
7556,2020-11-10 20:00:00,0.000000000,0.193323228,0.220248951,0.223156349,0.229613111,0.242926585,0.000000000
7557,2020-11-10 21:00:00,0.000000000,0.193326869,0.220223607,0.223129270,0.229581838,0.242885019,0.000000000
7558,2020-11-10 22:00:00,0.000000000,0.193331217,0.220193328,0.223096920,0.229544480,0.242835373,0.000000000
7559,2020-11-10 23:00:00,0.000000000,0.193333471,0.220177625,0.223080143,0.229525108,0.242809633,0.000000000
7560,2020-11-11 00:00:00,0.000000000,0.193334847,0.220168031,0.223069893,0.229513273,0.242793910,0.000000000
7561,2020-11-11 01:00:00,0.000000000,0.193335089,0.220166343,0.223068089,0.229511190,0.242791142,0.020293349
7562,2020-11-11 02:00:00,0.000000000,0.193333933,0.220174401,0.223076698,0.229521131,0.242804349,0.023534421
7563,2020-11-11 03:00:00,0.000000000,0.193332592,0.220183745,0.223086681,0.229532658,0.242819665,0.023887476
7564,2020-11-11 04:00:00,0.000000000,0.193331231,0.220193229,0.223096814,0.229544358,0.242835211,0.023705110
7565,2020-11-11 05:00:00,0.000000000,0.193329880,0.220202640,0.223106868,0.229555969,0.242850639,0.026580870
7566,2020-11-11 06:00:00,0.000000000,0.193328365,0.220213191,0.223118141,0.229568986,0.242867939,0.024903124
7567,2020-11-11 07:00:00,0.000000000,0.193326945,0.220223076,0.223128703,0.229581183,0.242884148,0.044266923
7568,2020-11-11 08:00:00,0.000000000,0.193324423,0.220240634,0.223147463,0.229602849,0.242912944,0.042006427
7569,2020-11-11 09:00:00,0.000000000,0.193322028,0.220257296,0.223165265,0.229623409,0.242940274,0.039423453
7570,2020-11-11 10:00:00,0.000000000,0.193319780,0.220272933,0.223181973,0.229642707,0.242965929,0.042269698
7571,2020-11-11 11:00:00,0.000000000,0.193317369,0.220289696,0.223199885,0.229663395,0.242993436,0.000000000
7572,2020-11-11 12:00:00,0.000000000,0.193317735,0.220287152,0.223197166,0.229660255,0.242989261,0.000000000
7573,2020-11-11 13:00:00,0.000000000,0.193321137,0.220263497,0.223171891,0.229631062,0.242950448,0.132376452
7574,2020-11-11 14:00:00,0.000000000,0.193319758,0.220273090,0.223182141,0.229642900,0.242966187,0.000000000
7575,2020-11-11 15:00:00,0.000000000,0.193330180,0.220200553,0.223104638,0.229553394,0.242847217,0.000000000
7576,2020-11-11 16:00:00,0.000000000,0.193343425,0.220108205,0.223005980,0.229439481,0.242695896,0.000000000
7577,2020-11-11 17:00:00,0.000000000,0.193358086,0.220005789,0.222896577,0.229313200,0.242528257,0.000000000
7578,2020-11-11 18:00:00,0.000000000,0.193371644,0.219910890,0.222795217,0.229196237,0.242373093,0.000000000
7579,2020-11-11 19:00:00,0.000000000,0.193385941,0.219810617,0.222688130,0.229072700,0.242209319,0.000000000
7580,2020-11-11 20:00:00,0.000000000,0.193401946,0.219698112,0.222567997,0.228934157,0.242025785,0.000000000
7581,2020-11-11 21:00:00,0.000000000,0.193405339,0.219674231,0.222542499,0.228904757,0.241986856,0.229800921
7582,2020-11-11 22:00:00,0.000000000,0.193394785,0.219748478,0.222621776,0.228996172,0.242107922,0.989194928
7583,2020-11-11 23:00:00,0.000000000,0.193342125,0.220117277,0.223015671,0.229450670,0.242710754,0.000000000
7584,2020-11-12 00:00:00,0.000000000,0.193343399,0.220108389,0.223006176,0.229439708,0.242696196,0.582066900
7585,2020-11-12 01:00:00,0.000000000,0.193311944,0.220327399,0.223240172,0.229709933,0.243055323,0.890762510
7586,2020-11-12 02:00:00,0.000000000,0.193262828,0.220667429,0.223603597,0.230129974,0.243614645,1.192374020
7587,2020-11-12 03:00:00,0.000000000,0.193197478,0.221116205,0.224083487,0.230685277,0.244356136,1.162462536
7588,2020-11-12 04:00:00,0.000000000,0.193133614,0.221550812,0.224548487,0.231224065,0.245077842,0.693064908
7589,2020-11-12 05:00:00,0.000000000,0.193094174,0.221817280,0.224833716,0.231554907,0.245522123,0.102284964
7590,2020-11-12 06:00:00,0.000000000,0.193088212,0.221857431,0.224876703,0.231604792,0.245589186,0.003210041
7591,2020-11-12 07:00:00,0.000000000,0.193088025,0.221858696,0.224878057,0.231606363,0.245591298,0.008367061
7592,2020-11-12 08:00:00,0.000000000,0.193087535,0.221861991,0.224881585,0.231610457,0.245596803,0.008923101
7593,2020-11-12 09:00:00,0.000000000,0.193087013,0.221865505,0.224885347,0.231614823,0.245602674,0.004245976
7594,2020-11-12 10:00:00,0.000000000,0.193086765,0.221867177,0.224887137,0.231616901,0.245605468,0.000000000
7595,2020-11-12 11:00:00,0.000000000,0.193086870,0.221866469,0.224886379,0.231616021,0.245604285,0.199137692
7596,2020-11-12 12:00:00,0.000000000,0.193076142,0.221938626,0.224963639,0.231705695,0.245724897,0.185159126
7597,2020-11-12 13:00:00,0.000000000,0.193069127,0.221985753,0.225014102,0.231764278,0.245803725,0.160125852
7598,2020-11-12 14:00:00,0.000000000,0.193065706,0.222008714,0.225038689,0.231792824,0.245842147,0.240381513
7599,2020-11-12 15:00:00,0.000000000,0.193057324,0.222064937,0.225098898,0.231862736,0.245936270,0.249927541
7600,2020-11-12 16:00:00,0.000000000,0.193050034,0.222113780,0.225151207,0.231923485,0.246018089,0.438330511
7601,2020-11-12 17:00:00,0.000000000,0.193032712,0.222229642,0.225275305,0.232067643,0.246212364,0.000000000
7602,2020-11-12 18:00:00,0.000000000,0.193042152,0.222166534,0.225207708,0.231989113,0.246106513,0.000000000
7603,2020-11-12 19:00:00,0.000000000,0.193052552,0.222096918,0.225133148,0.231902511,0.245989838,0.000000000
7604,2020-11-12 20:00:00,0.000000000,0.193063374,0.222024363,0.225055447,0.231812281,0.245868338,0.000000000
7605,2020-11-12 21:00:00,0.000000000,0.193068921,0.221987132,0.225015579,0.231765992,0.245806033,0.000000000
7606,2020-11-12 22:00:00,0.000000000,0.193075317,0.221944171,0.224969576,0.231712587,0.245734169,0.000000000
7607,2020-11-12 23:00:00,0.000000000,0.193081762,0.221900837,0.224923176,0.231658728,0.245661718,0.232437353
7608,2020-11-13 00:00:00,0.000000000,0.193073700,0.221955036,0.224981209,0.231726092,0.245752339,0.000000000
7609,2020-11-13 01:00:00,0.000000000,0.193077951,0.221926466,0.224950618,0.231690581,0.245704564,0.000000000
7610,2020-11-13 02:00:00,0.000000000,0.193082116,0.221898454,0.224920626,0.231655768,0.245657737,0.000000000
7611,2020-11-13 03:00:00,0.000000000,0.193085701,0.221874334,0.224894801,0.231625795,0.245617427,0.000000000
7612,2020-11-13 04:00:00,0.000000000,0.193088882,0.221852923,0.224871876,0.231599190,0.245581654,0.000000000
7613,2020-11-13 05:00:00,0.000000000,0.193091980,0.221832059,0.224849539,0.231573268,0.245546803,0.000000000
7614,2020-11-13 06:00:00,0.000000000,0.193094812,0.221812981,0.224829114,0.231549566,0.245514943,0.000000000
7615,2020-11-13 07:00:00,0.000000000,0.193097362,0.221795797,0.224810717,0.231528220,0.245486253,0.000000000
7616,2020-11-13 08:00:00,0.000000000,0.193099370,0.221782255,0.224796220,0.231511399,0.245463648,0.000000000
7617,2020-11-13 09:00:00,0.000000000,0.193101158,0.221770197,0.224783311,0.231496422,0.245443522,0.233459025
7618,2020-11-13 10:00:00,0.000000000,0.193089090,0.221851522,0.224870376,0.231597449,0.245579313,0.000000000
7619,2020-11-13 11:00:00,0.000000000,0.193090337,0.221843128,0.224861389,0.231587019,0.245565291,0.000000000
7620,2020-11-13 12:00:00,0.000000000,0.193091681,0.221834072,0.224851693,0.231575768,0.245550165,0.024444192
7621,2020-11-13 13:00:00,0.000000000,0.193092548,0.221828233,0.224845443,0.231568514,0.245540414,0.000000000
7622,2020-11-13 14:00:00,0.000000000,0.193095308,0.221809635,0.224825532,0.231545410,0.245509357,0.000000000
7623,2020-11-13 15:00:00,0.000000000,0.193098615,0.221787348,0.224801672,0.231517725,0.245472149,0.000000000
7624,2020-11-13 16:00:00,0.000000000,0.193102576,0.221760637,0.224773077,0.231484549,0.245427568,0.418288636
7625,2020-11-13 17:00:00,0.000000000,0.193082450,0.221896207,0.224918220,0.231652975,0.245653981,0.531443203
7626,2020-11-13 18:00:00,0.000000000,0.193056579,0.222069934,0.225104249,0.231868951,0.245944640,0.543218437
7627,2020-11-13 19:00:00,0.000000000,0.193030294,0.222245794,0.225292606,0.232087744,0.246239466,0.350110622
7628,2020-11-13 20:00:00,0.000000000,0.193016273,0.222339347,0.225392824,0.232204206,0.246396555,0.234659984
7629,2020-11-13 21:00:00,0.000000000,0.193004806,0.222415727,0.225474654,0.232299324,0.246524934,0.000000000
7630,2020-11-13 22:00:00,0.000000000,0.193007077,0.222400610,0.225458458,0.232280495,0.246499516,0.000000000
7631,2020-11-13 23:00:00,0.000000000,0.193008902,0.222388459,0.225445440,0.232265363,0.246479089,0.000000000
7632,2020-11-14 00:00:00,0.000000000,0.193010120,0.222380345,0.225436747,0.232255258,0.246465450,0.000000000
7633,2020-11-14 01:00:00,0.000000000,0.193011305,0.222372455,0.225428294,0.232245432,0.246452189,0.000000000
7634,2020-11-14 02:00:00,0.000000000,0.193012531,0.222364285,0.225419541,0.232235259,0.246438458,0.000000000
7635,2020-11-14 03:00:00,0.000000000,0.193013420,0.222358359,0.225413192,0.232227879,0.246428500,0.000000000
7636,2020-11-14 04:00:00,0.000000000,0.193014447,0.222351521,0.225405866,0.232219364,0.246417009,0.000000000
7637,2020-11-14 05:00:00,0.000000000,0.193015187,0.222346589,0.225400583,0.232213223,0.246408722,0.000000000
7638,2020-11-14 06:00:00,0.000000000,0.193015708,0.222343113,0.225396859,0.232208895,0.246402882,0.000000000
7639,2020-11-14 07:00:00,0.000000000,0.193016123,0.222340350,0.225393899,0.232205455,0.246398240,0.000000000
7640,2020-11-14 08:00:00,0.000000000,0.193016803,0.222335812,0.225389036,0.232199804,0.246390615,0.000000000
7641,2020-11-14 09:00:00,0.000000000,0.193017278,0.222332650,0.225385649,0.232195867,0.246385303,0.000000000
7642,2020-11-14 10:00:00,0.000000000,0.193017790,0.222329233,0.225381989,0.232191613,0.246379564,0.000000000
7643,2020-11-14 11:00:00,0.000000000,0.193018057,0.222327453,0.225380082,0.232189397,0.246376573,0.000000000
7644,2020-11-14 12:00:00,0.000000000,0.193019384,0.222318609,0.225370607,0.232178385,0.246361718,0.000000000
7645,2020-11-14 13:00:00,0.000000000,0.193022628,0.222296970,0.225347427,0.232151447,0.246325377,0.000000000
7646,2020-11-14 14:00:00,0.000000000,0.193029005,0.222254404,0.225301829,0.232098461,0.246253917,0.000000000
7647,2020-11-14 15:00:00,0.000000000,0.193039524,0.222184116,0.225226540,0.232010990,0.246135995,0.000000000
7648,2020-11-14 16:00:00,0.000000000,0.193053704,0.222089201,0.225124883,0.231892913,0.245976910,0.000000000
7649,2020-11-14 17:00:00,0.000000000,0.193069804,0.221981203,0.225009229,0.231758621,0.245796112,0.000000000
7650,2020-11-14 18:00:00,0.000000000,0.193086660,0.221867883,0.224887894,0.231617779,0.245606648,0.000000000
7651,2020-11-14 19:00:00,0.000000000,0.193103954,0.221751342,0.224763127,0.231473004,0.245412057,0.000000000
7652,2020-11-14 20:00:00,0.000000000,0.193121447,0.221633167,0.224636630,0.231326274,0.245215005,0.000000000
7653,2020-11-14 21:00:00,0.000000000,0.193129818,0.221576523,0.224576003,0.231255970,0.245120649,0.000000000
7654,2020-11-14 22:00:00,0.000000000,0.193136621,0.221530432,0.224526676,0.231198778,0.245043919,0.000000000
7655,2020-11-14 23:00:00,0.000000000,0.193142126,0.221493108,0.224486733,0.231152471,0.244981812,0.000000000
7656,2020-11-15 00:00:00,0.000000000,0.193146990,0.221460101,0.224451411,0.231111526,0.244926911,0.000000000
7657,2020-11-15 01:00:00,0.000000000,0.193151004,0.221432848,0.224422248,0.231077724,0.244881596,0.000000000
7658,2020-11-15 02:00:00,0.000000000,0.193154627,0.221408241,0.224395918,0.231047208,0.244840694,0.000000000
7659,2020-11-15 03:00:00,0.000000000,0.193157431,0.221389181,0.224375523,0.231023572,0.244809019,0.000000000
7660,2020-11-15 04:00:00,0.000000000,0.193159808,0.221373022,0.224358233,0.231003536,0.244782172,0.000000000
7661,2020-11-15 05:00:00,0.000000000,0.193161902,0.221358783,0.224342997,0.230985880,0.244758517,0.000000000
7662,2020-11-15 06:00:00,0.000000000,0.193163399,0.221348596,0.224332098,0.230973251,0.244741597,0.000000000
7663,2020-11-15 07:00:00,0.000000000,0.193164655,0.221340056,0.224322961,0.230962663,0.244727414,0.000000000
7664,2020-11-15 08:00:00,0.000000000,0.193165730,0.221332735,0.224315127,0.230953586,0.244715256,0.000000000
7665,2020-11-15 09:00:00,0.000000000,0.193165730,0.221332735,0.224315127,0.230953586,0.244715256,0.000000000
7666,2020-11-15 10:00:00,0.000000000,0.193165730,0.221332735,0.224315127,0.230953586,0.244715256,0.000000000
7667,2020-11-15 11:00:00,0.000000000,0.193165730,0.221332735,0.224315127,0.230953586,0.244715256,0.000000000
7668,2020-11-15 12:00:00,0.000000000,0.193165730,0.221332735,0.224315127,0.230953586,0.244715256,0.000000000
7669,2020-11-15 13:00:00,0.000000000,0.193165730,0.221332735,0.224315127,0.230953586,0.244715256,0.000000000
7670,2020-11-15 14:00:00,0.000000000,0.193165730,0.221332735,0.224315127,0.230953586,0.244715256,0.000000000
7671,2020-11-15 15:00:00,0.000000000,0.193172883,0.221284038,0.224263026,0.230893223,0.244634413,0.000000000
7672,2020-11-15 16:00:00,0.000000000,0.193181166,0.221227577,0.224202624,0.230823251,0.244540739,0.000000000
7673,2020-11-15 17:00:00,0.000000000,0.193191605,0.221156328,0.224126406,0.230734976,0.244422615,0.000000000
7674,2020-11-15 18:00:00,0.000000000,0.193205210,0.221063317,0.224026918,0.230619780,0.244268556,0.000000000
7675,2020-11-15 19:00:00,0.000000000,0.193219313,0.220966713,0.223923600,0.230500181,0.244108718,0.000000000
7676,2020-11-15 20:00:00,0.000000000,0.193233361,0.220870298,0.223820498,0.230380867,0.243949369,0.000000000
7677,2020-11-15 21:00:00,0.000000000,0.193238066,0.220837963,0.223785922,0.230340863,0.243895966,0.000000000
7678,2020-11-15 22:00:00,0.000000000,0.193240999,0.220817797,0.223764359,0.230315916,0.243862670,0.000000000
7679,2020-11-15 23:00:00,0.000000000,0.193242685,0.220806198,0.223751957,0.230301569,0.243843523,0.471268618
7680,2020-11-16 00:00:00,0.000000000,0.193216495,0.220986036,0.223944265,0.230524100,0.244140675,0.599999998
7681,2020-11-16 01:00:00,0.000000000,0.193182678,0.221217266,0.224191593,0.230810474,0.244523638,2.685262393
7682,2020-11-16 02:00:00,0.000000000,0.193039539,0.222184016,0.225226433,0.232010865,0.246135828,4.292571930
7683,2020-11-16 03:00:00,0.000000000,0.192818123,0.223642464,0.226790047,0.233831403,0.248602833,4.747293860
7684,2020-11-16 04:00:00,0.000000000,0.192572790,0.225208526,0.228472380,0.235799526,0.251300765,0.100000008
7685,2020-11-16 05:00:00,0.000000000,0.192571748,0.225215072,0.228479419,0.235807782,0.251312152,0.297487986
7686,2020-11-16 06:00:00,0.000000000,0.192555383,0.225317722,0.228589814,0.235937280,0.251490842,0.000000000
7687,2020-11-16 07:00:00,0.000000000,0.192558072,0.225300874,0.228571693,0.235916021,0.251461497,0.000000000
7688,2020-11-16 08:00:00,0.000000000,0.192562832,0.225271025,0.228539592,0.235878362,0.251409525,0.000000000
7689,2020-11-16 09:00:00,0.000000000,0.192569227,0.225230895,0.228496435,0.235827740,0.251339682,0.000000000
7690,2020-11-16 10:00:00,0.000000000,0.192575186,0.225193473,0.228456193,0.235780542,0.251274584,0.000000000
7691,2020-11-16 11:00:00,0.000000000,0.192580704,0.225158795,0.228418902,0.235736812,0.251214285,0.000000000
7692,2020-11-16 12:00:00,0.000000000,0.192588199,0.225111654,0.228368213,0.235677377,0.251132358,0.000000000
7693,2020-11-16 13:00:00,0.000000000,0.192598363,0.225047649,0.228299396,0.235596701,0.251021200,0.000000000
7694,2020-11-16 14:00:00,0.000000000,0.192611992,0.224961686,0.228206980,0.235488384,0.250872049,0.000000000
7695,2020-11-16 15:00:00,0.000000000,0.192627948,0.224860854,0.228098592,0.235361387,0.250697301,0.000000000
7696,2020-11-16 16:00:00,0.000000000,0.192646393,0.224744026,0.227973027,0.235214314,0.250495104,0.000000000
7697,2020-11-16 17:00:00,0.000000000,0.192666408,0.224616934,0.227836453,0.235054410,0.250275476,0.000000000
7698,2020-11-16 18:00:00,0.000000000,0.192686201,0.224490914,0.227701054,0.234895946,0.250058041,0.000000000
7699,2020-11-16 19:00:00,0.000000000,0.192706812,0.224359335,0.227559707,0.234730588,0.249831375,0.000000000
7700,2020-11-16 20:00:00,0.000000000,0.192728408,0.224221084,0.227411218,0.234556952,0.249593609,0.000000000
7701,2020-11-16 21:00:00,0.000000000,0.192740596,0.224142888,0.227327244,0.234458789,0.249459305,0.000000000
7702,2020-11-16 22:00:00,0.000000000,0.192749117,0.224088138,0.227268454,0.234390080,0.249365347,0.000000000
7703,2020-11-16 23:00:00,0.000000000,0.192757756,0.224032567,0.227208786,0.234320358,0.249270043,0.000000000
7704,2020-11-17 00:00:00,0.000000000,0.192765333,0.223983775,0.227156400,0.234259155,0.249186418,0.000000000
7705,2020-11-17 01:00:00,0.000000000,0.192770859,0.223948160,0.227118165,0.234214489,0.249125410,0.000000000
7706,2020-11-17 02:00:00,0.000000000,0.192775359,0.223919137,0.227087008,0.234178097,0.249075714,0.000000000
7707,2020-11-17 03:00:00,0.000000000,0.192780567,0.223885529,0.227050929,0.234135960,0.249018186,0.000000000
7708,2020-11-17 04:00:00,0.000000000,0.192784757,0.223858470,0.227021883,0.234102039,0.248971887,0.000000000
7709,2020-11-17 05:00:00,0.000000000,0.192788879,0.223831837,0.226993294,0.234068656,0.248926331,0.000000000
7710,2020-11-17 06:00:00,0.000000000,0.192792371,0.223809261,0.226969061,0.234040361,0.248887726,0.000000000
7711,2020-11-17 07:00:00,0.000000000,0.192795767,0.223787303,0.226945493,0.234012844,0.248850189,0.000000000
7712,2020-11-17 08:00:00,0.000000000,0.192799181,0.223765213,0.226921783,0.233985164,0.248812435,0.000000000
7713,2020-11-17 09:00:00,0.000000000,0.192801969,0.223747161,0.226902409,0.233962546,0.248781591,0.000000000
7714,2020-11-17 10:00:00,0.000000000,0.192804336,0.223731838,0.226885962,0.233943348,0.248755414,0.000000000
7715,2020-11-17 11:00:00,0.000000000,0.192806483,0.223717928,0.226871034,0.233925923,0.248731656,0.000000000
7716,2020-11-17 12:00:00,0.000000000,0.192809196,0.223700350,0.226852169,0.233903904,0.248701639,0.000000000
7717,2020-11-17 13:00:00,0.000000000,0.192813126,0.223674876,0.226824830,0.233871995,0.248658148,0.000000000
7718,2020-11-17 14:00:00,0.000000000,0.192818958,0.223637044,0.226784231,0.233824615,0.248593584,0.000000000
7719,2020-11-17 15:00:00,0.000000000,0.192825953,0.223591628,0.226735495,0.233767747,0.248516117,0.000000000
7720,2020-11-17 16:00:00,0.000000000,0.192837531,0.223516369,0.226654742,0.233673538,0.248387840,0.000000000
7721,2020-11-17 17:00:00,0.000000000,0.192850455,0.223432218,0.226564458,0.233568235,0.248244544,0.000000000
7722,2020-11-17 18:00:00,0.000000000,0.192860546,0.223366412,0.226493861,0.233485914,0.248132586,0.000000000
7723,2020-11-17 19:00:00,0.000000000,0.192869989,0.223304751,0.226427718,0.233408802,0.248027763,0.000000000
7724,2020-11-17 20:00:00,0.000000000,0.192880528,0.223235841,0.226353805,0.233322648,0.247910706,0.000000000
7725,2020-11-17 21:00:00,0.000000000,0.192886316,0.223197950,0.226313165,0.233275286,0.247846382,0.000000000
7726,2020-11-17 22:00:00,0.000000000,0.192891188,0.223166033,0.226278935,0.233235398,0.247792223,0.000000000
7727,2020-11-17 23:00:00,0.000000000,0.192896577,0.223130712,0.226241055,0.233191262,0.247732311,0.000000000
7728,2020-11-18 00:00:00,0.000000000,0.192901869,0.223095992,0.226203822,0.233147885,0.247673443,0.000000000
7729,2020-11-18 01:00:00,0.000000000,0.192906279,0.223067043,0.226172779,0.233111722,0.247624379,0.000000000
7730,2020-11-18 02:00:00,0.000000000,0.192910605,0.223038634,0.226142316,0.233076239,0.247576247,0.000000000
7731,2020-11-18 03:00:00,0.000000000,0.192914608,0.223012326,0.226114107,0.233043383,0.247531688,0.000000000
7732,2020-11-18 04:00:00,0.000000000,0.192919060,0.222983052,0.226082719,0.233006828,0.247482122,0.000000000
7733,2020-11-18 05:00:00,0.000000000,0.192922949,0.222957460,0.226055279,0.232974874,0.247438805,0.000000000
7734,2020-11-18 06:00:00,0.000000000,0.192926608,0.222933376,0.226029457,0.232944807,0.247398051,0.000000000
7735,2020-11-18 07:00:00,0.000000000,0.192930022,0.222910892,0.226005352,0.232916739,0.247360016,0.000000000
7736,2020-11-18 08:00:00,0.000000000,0.192933340,0.222889027,0.225981911,0.232889448,0.247323039,0.000000000
7737,2020-11-18 09:00:00,0.000000000,0.192936631,0.222867331,0.225958651,0.232862370,0.247286356,0.000000000
7738,2020-11-18 10:00:00,0.000000000,0.192939971,0.222845308,0.225935042,0.232834886,0.247249129,0.000000000
7739,2020-11-18 11:00:00,0.000000000,0.192939971,0.222845308,0.225935042,0.232834886,0.247249129,0.000000000
7740,2020-11-18 12:00:00,0.000000000,0.192939971,0.222845308,0.225935042,0.232834886,0.247249129,0.000000000
7741,2020-11-18 13:00:00,0.000000000,0.192939971,0.222845308,0.225935042,0.232834886,0.247249129,0.000000000
7742,2020-11-18 14:00:00,0.000000000,0.192939971,0.222845308,0.225935042,0.232834886,0.247249129,0.000000000
7743,2020-11-18 15:00:00,0.000000000,0.192939971,0.222845308,0.225935042,0.232834886,0.247249129,0.000000000
7744,2020-11-18 16:00:00,0.000000000,0.192950810,0.222773757,0.225858343,0.232745614,0.247128254,0.000000000
7745,2020-11-18 17:00:00,0.000000000,0.192962895,0.222693850,0.225772693,0.232645947,0.246993380,0.000000000
7746,2020-11-18 18:00:00,0.000000000,0.192975541,0.222610100,0.225682936,0.232541526,0.246852158,0.000000000
7747,2020-11-18 19:00:00,0.000000000,0.192989426,0.222517975,0.225584212,0.232426706,0.246696974,0.000000000
7748,2020-11-18 20:00:00,0.000000000,0.193002615,0.222430306,0.225490275,0.232317483,0.246549452,0.000000000
7749,2020-11-18 21:00:00,0.000000000,0.193009373,0.222385319,0.225442075,0.232261452,0.246473810,0.000000000
7750,2020-11-18 22:00:00,0.000000000,0.193015260,0.222346097,0.225400056,0.232212611,0.246407896,0.000000000
7751,2020-11-18 23:00:00,0.000000000,0.193015260,0.222346097,0.225400056,0.232212611,0.246407896,0.000000000
7752,2020-11-19 00:00:00,0.000000000,0.193015260,0.222346097,0.225400056,0.232212611,0.246407896,0.000000000
7753,2020-11-19 01:00:00,0.000000000,0.193015260,0.222346097,0.225400056,0.232212611,0.246407896,0.000000000
7754,2020-11-19 02:00:00,0.000000000,0.193015260,0.222346097,0.225400056,0.232212611,0.246407896,0.000000000
7755,2020-11-19 03:00:00,0.000000000,0.193015260,0.222346097,0.225400056,0.232212611,0.246407896,0.000000000
7756,2020-11-19 04:00:00,0.000000000,0.193015260,0.222346097,0.225400056,0.232212611,0.246407896,0.000000000
7757,2020-11-19 05:00:00,0.000000000,0.193015260,0.222346097,0.225400056,0.232212611,0.246407896,0.000000000
7758,2020-11-19 06:00:00,0.000000000,0.193015260,0.222346097,0.225400056,0.232212611,0.246407896,0.000000000
7759,2020-11-19 07:00:00,0.000000000,0.193015260,0.222346097,0.225400056,0.232212611,0.246407896,0.000000000
7760,2020-11-19 08:00:00,0.000000000,0.193015260,0.222346097,0.225400056,0.232212611,0.246407896,0.000000000
7761,2020-11-19 09:00:00,0.000000000,0.193015260,0.222346097,0.225400056,0.232212611,0.246407896,0.000000000
7762,2020-11-19 10:00:00,0.000000000,0.193015260,0.222346097,0.225400056,0.232212611,0.246407896,0.000000000
7763,2020-11-19 11:00:00,0.000000000,0.193015260,0.222346097,0.225400056,0.232212611,0.246407896,0.000000000
7764,2020-11-19 12:00:00,0.000000000,0.193015260,0.222346097,0.225400056,0.232212611,0.246407896,0.000000000
7765,2020-11-19 13:00:00,0.000000000,0.193015260,0.222346097,0.225400056,0.232212611,0.246407896,0.000000000
7766,2020-11-19 14:00:00,0.000000000,0.193015260,0.222346097,0.225400056,0.232212611,0.246407896,0.000000000
7767,2020-11-19 15:00:00,0.000000000,0.193015260,0.222346097,0.225400056,0.232212611,0.246407896,0.000000000
7768,2020-11-19 16:00:00,0.000000000,0.193015260,0.222346097,0.225400056,0.232212611,0.246407896,0.000000000
7769,2020-11-19 17:00:00,0.000000000,0.193015260,0.222346097,0.225400056,0.232212611,0.246407896,0.000000000
7770,2020-11-19 18:00:00,0.000000000,0.193015260,0.222346097,0.225400056,0.232212611,0.246407896,0.000000000
7771,2020-11-19 19:00:00,0.000000000,0.193015260,0.222346097,0.225400056,0.232212611,0.246407896,0.000000000
7772,2020-11-19 20:00:00,0.000000000,0.193015260,0.222346097,0.225400056,0.232212611,0.246407896,0.000000000
7773,2020-11-19 21:00:00,0.000000000,0.193015260,0.222346097,0.225400056,0.232212611,0.246407896,0.000000000
7774,2020-11-19 22:00:00,0.000000000,0.193015260,0.222346097,0.225400056,0.232212611,0.246407896,0.000000000
7775,2020-11-19 23:00:00,0.000000000,0.193015260,0.222346097,0.225400056,0.232212611,0.246407896,0.000000000
7776,2020-11-20 00:00:00,0.000000000,0.193015260,0.222346097,0.225400056,0.232212611,0.246407896,0.000000000
7777,2020-11-20 01:00:00,0.000000000,0.193015260,0.222346097,0.225400056,0.232212611,0.246407896,0.000000000
7778,2020-11-20 02:00:00,0.000000000,0.193015260,0.222346097,0.225400056,0.232212611,0.246407896,0.000000000
7779,2020-11-20 03:00:00,0.000000000,0.193015260,0.222346097,0.225400056,0.232212611,0.246407896,0.000000000
7780,2020-11-20 04:00:00,0.000000000,0.193015260,0.222346097,0.225400056,0.232212611,0.246407896,0.000000000
7781,2020-11-20 05:00:00,0.000000000,0.193015260,0.222346097,0.225400056,0.232212611,0.246407896,0.000000000
7782,2020-11-20 06:00:00,0.000000000,0.193015260,0.222346097,0.225400056,0.232212611,0.246407896,0.000000000
7783,2020-11-20 07:00:00,0.000000000,0.193015260,0.222346097,0.225400056,0.232212611,0.246407896,0.000000000
7784,2020-11-20 08:00:00,0.000000000,0.193015260,0.222346097,0.225400056,0.232212611,0.246407896,0.000000000
7785,2020-11-20 09:00:00,0.000000000,0.193015260,0.222346097,0.225400056,0.232212611,0.246407896,0.000000000
7786,2020-11-20 10:00:00,0.000000000,0.193015260,0.222346097,0.225400056,0.232212611,0.246407896,0.000000000
7787,2020-11-20 11:00:00,0.000000000,0.193015260,0.222346097,0.225400056,0.232212611,0.246407896,0.000000000
7788,2020-11-20 12:00:00,0.000000000,0.193015260,0.222346097,0.225400056,0.232212611,0.246407896,0.000000000
7789,2020-11-20 13:00:00,0.000000000,0.193015260,0.222346097,0.225400056,0.232212611,0.246407896,0.000000000
7790,2020-11-20 14:00:00,0.000000000,0.193015260,0.222346097,0.225400056,0.232212611,0.246407896,0.000000000
7791,2020-11-20 15:00:00,0.000000000,0.193015260,0.222346097,0.225400056,0.232212611,0.246407896,0.000000000
7792,2020-11-20 16:00:00,0.000000000,0.193015260,0.222346097,0.225400056,0.232212611,0.246407896,0.000000000
7793,2020-11-20 17:00:00,0.000000000,0.193015260,0.222346097,0.225400056,0.232212611,0.246407896,0.000000000
7794,2020-11-20 18:00:00,0.000000000,0.193015260,0.222346097,0.225400056,0.232212611,0.246407896,0.000000000
7795,2020-11-20 19:00:00,0.000000000,0.193015260,0.222346097,0.225400056,0.232212611,0.246407896,0.000000000
7796,2020-11-20 20:00:00,0.000000000,0.193015260,0.222346097,0.225400056,0.232212611,0.246407896,0.000000000
7797,2020-11-20 21:00:00,0.000000000,0.193015260,0.222346097,0.225400056,0.232212611,0.246407896,0.000000000
7798,2020-11-20 22:00:00,0.000000000,0.193015260,0.222346097,0.225400056,0.232212611,0.246407896,0.000000000
7799,2020-11-20 23:00:00,0.000000000,0.193015260,0.222346097,0.225400056,0.232212611,0.246407896,0.000000000
7800,2020-11-21 00:00:00,0.000000000,0.193015260,0.222346097,0.225400056,0.232212611,0.246407896,0.000000000
7801,2020-11-21 01:00:00,0.000000000,0.193015260,0.222346097,0.225400056,0.232212611,0.246407896,0.000000000
7802,2020-11-21 02:00:00,0.000000000,0.193015260,0.222346097,0.225400056,0.232212611,0.246407896,0.000000000
7803,2020-11-21 03:00:00,0.000000000,0.193015260,0.222346097,0.225400056,0.232212611,0.246407896,0.000000000
7804,2020-11-21 04:00:00,0.000000000,0.193015260,0.222346097,0.225400056,0.232212611,0.246407896,0.000000000
7805,2020-11-21 05:00:00,0.000000000,0.193015260,0.222346097,0.225400056,0.232212611,0.246407896,0.000000000
7806,2020-11-21 06:00:00,0.000000000,0.193015260,0.222346097,0.225400056,0.232212611,0.246407896,0.000000000
7807,2020-11-21 07:00:00,0.000000000,0.193015260,0.222346097,0.225400056,0.232212611,0.246407896,0.000000000
7808,2020-11-21 08:00:00,0.000000000,0.193015260,0.222346097,0.225400056,0.232212611,0.246407896,0.000000000
7809,2020-11-21 09:00:00,0.000000000,0.193015260,0.222346097,0.225400056,0.232212611,0.246407896,0.000000000
7810,2020-11-21 10:00:00,0.000000000,0.193015260,0.222346097,0.225400056,0.232212611,0.246407896,0.000000000
7811,2020-11-21 11:00:00,0.000000000,0.193015260,0.222346097,0.225400056,0.232212611,0.246407896,0.000000000
7812,2020-11-21 12:00:00,0.000000000,0.193015260,0.222346097,0.225400056,0.232212611,0.246407896,0.000000000
7813,2020-11-21 13:00:00,0.000000000,0.193015260,0.222346097,0.225400056,0.232212611,0.246407896,0.000000000
7814,2020-11-21 14:00:00,0.000000000,0.193015260,0.222346097,0.225400056,0.232212611,0.246407896,0.000000000
7815,2020-11-21 15:00:00,0.000000000,0.193015260,0.222346097,0.225400056,0.232212611,0.246407896,0.000000000
7816,2020-11-21 16:00:00,0.000000000,0.193015260,0.222346097,0.225400056,0.232212611,0.246407896,0.000000000
7817,2020-11-21 17:00:00,0.000000000,0.193015260,0.222346097,0.225400056,0.232212611,0.246407896,0.000000000
7818,2020-11-21 18:00:00,0.000000000,0.193015260,0.222346097,0.225400056,0.232212611,0.246407896,0.000000000
7819,2020-11-21 19:00:00,0.000000000,0.193015260,0.222346097,0.225400056,0.232212611,0.246407896,0.000000000
7820,2020-11-21 20:00:00,0.000000000,0.193015260,0.222346097,0.225400056,0.232212611,0.246407896,0.000000000
7821,2020-11-21 21:00:00,0.000000000,0.193015260,0.222346097,0.225400056,0.232212611,0.246407896,0.000000000
7822,2020-11-21 22:00:00,0.000000000,0.193015260,0.222346097,0.225400056,0.232212611,0.246407896,0.000000000
7823,2020-11-21 23:00:00,0.000000000,0.193015260,0.222346097,0.225400056,0.232212611,0.246407896,0.000000000
7824,2020-11-22 00:00:00,0.000000000,0.193015260,0.222346097,0.225400056,0.232212611,0.246407896,0.000000000
7825,2020-11-22 01:00:00,0.000000000,0.193015260,0.222346097,0.225400056,0.232212611,0.246407896,0.000000000
7826,2020-11-22 02:00:00,0.000000000,0.193015260,0.222346097,0.225400056,0.232212611,0.246407896,0.000000000
7827,2020-11-22 03:00:00,0.000000000,0.193015260,0.222346097,0.225400056,0.232212611,0.246407896,0.000000000
7828,2020-11-22 04:00:00,0.000000000,0.193015260,0.222346097,0.225400056,0.232212611,0.246407896,0.000000000
7829,2020-11-22 05:00:00,0.000000000,0.193015260,0.222346097,0.225400056,0.232212611,0.246407896,0.000000000
7830,2020-11-22 06:00:00,0.000000000,0.193015260,0.222346097,0.225400056,0.232212611,0.246407896,0.000000000
7831,2020-11-22 07:00:00,0.000000000,0.193015260,0.222346097,0.225400056,0.232212611,0.246407896,0.000000000
7832,2020-11-22 08:00:00,0.000000000,0.193015260,0.222346097,0.225400056,0.232212611,0.246407896,0.000000000
7833,2020-11-22 09:00:00,0.000000000,0.193015260,0.222346097,0.225400056,0.232212611,0.246407896,0.000000000
7834,2020-11-22 10:00:00,0.000000000,0.193015260,0.222346097,0.225400056,0.232212611,0.246407896,0.000000000
7835,2020-11-22 11:00:00,0.000000000,0.193015260,0.222346097,0.225400056,0.232212611,0.246407896,0.000000000
7836,2020-11-22 12:00:00,0.000000000,0.193015260,0.222346097,0.225400056,0.232212611,0.246407896,0.000000000
7837,2020-11-22 13:00:00,0.000000000,0.193015260,0.222346097,0.225400056,0.232212611,0.246407896,0.000000000
7838,2020-11-22 14:00:00,0.000000000,0.193015260,0.222346097,0.225400056,0.232212611,0.246407896,0.000000000
7839,2020-11-22 15:00:00,0.000000000,0.193015260,0.222346097,0.225400056,0.232212611,0.246407896,0.000000000
7840,2020-11-22 16:00:00,0.000000000,0.193015260,0.222346097,0.225400056,0.232212611,0.246407896,0.000000000
7841,2020-11-22 17:00:00,0.000000000,0.193015260,0.222346097,0.225400056,0.232212611,0.246407896,0.000000000
7842,2020-11-22 18:00:00,0.000000000,0.193015260,0.222346097,0.225400056,0.232212611,0.246407896,0.000000000
7843,2020-11-22 19:00:00,0.000000000,0.193015260,0.222346097,0.225400056,0.232212611,0.246407896,0.000000000
7844,2020-11-22 20:00:00,0.000000000,0.193015260,0.222346097,0.225400056,0.232212611,0.246407896,0.000000000
7845,2020-11-22 21:00:00,0.000000000,0.193015260,0.222346097,0.225400056,0.232212611,0.246407896,0.000000000
7846,2020-11-22 22:00:00,0.000000000,0.193015260,0.222346097,0.225400056,0.232212611,0.246407896,0.000000000
7847,2020-11-22 23:00:00,0.000000000,0.193015260,0.222346097,0.225400056,0.232212611,0.246407896,0.000000000
7848,2020-11-23 00:00:00,0.000000000,0.193015260,0.222346097,0.225400056,0.232212611,0.246407896,0.000000000
7849,2020-11-23 01:00:00,0.000000000,0.193015260,0.222346097,0.225400056,0.232212611,0.246407896,0.000000000
7850,2020-11-23 02:00:00,0.000000000,0.193015260,0.222346097,0.225400056,0.232212611,0.246407896,0.000000000
7851,2020-11-23 03:00:00,0.000000000,0.193015260,0.222346097,0.225400056,0.232212611,0.246407896,0.000000000
7852,2020-11-23 04:00:00,0.000000000,0.193015260,0.222346097,0.225400056,0.232212611,0.246407896,0.000000000
7853,2020-11-23 05:00:00,0.000000000,0.193015260,0.222346097,0.225400056,0.232212611,0.246407896,0.057894745
7854,2020-11-23 06:00:00,0.004743353,0.193011855,0.222368787,0.225424364,0.232240864,0.246446024,0.000000000
7855,2020-11-23 07:00:00,0.011879385,0.193011855,0.222368787,0.225424364,0.232240864,0.246446024,3.061178882
7856,2020-11-23 08:00:00,0.023849851,0.192847817,0.223449404,0.226582895,0.233589737,0.248273797,8.194592192
7857,2020-11-23 09:00:00,0.036265865,0.192461186,0.225904358,0.229221007,0.236678527,0.252516490,2.132892723
7858,2020-11-23 10:00:00,0.055063881,0.192337373,0.226664619,0.230039760,0.237642168,0.253857167,0.189890842
7859,2020-11-23 11:00:00,0.074830294,0.192325500,0.226736886,0.230117632,0.237733947,0.253985293,1.887707322
7860,2020-11-23 12:00:00,0.113918468,0.192213721,0.227411947,0.230845420,0.238592781,0.255187988,3.655072533
7861,2020-11-23 13:00:00,0.166158587,0.192006814,0.228636651,0.232167532,0.240157982,0.257397621,6.146265423
7862,2020-11-23 14:00:00,0.189777881,0.191677781,0.230520811,0.234206042,0.242584344,0.260870169,4.303316564
7863,2020-11-23 15:00:00,0.214867607,0.191434609,0.231865939,0.235664773,0.244330628,0.263406668,6.514395500
7864,2020-11-23 16:00:00,0.287229538,0.191090948,0.233702472,0.237661122,0.246734527,0.266952319,0.688784939
7865,2020-11-23 17:00:00,0.366282135,0.191061724,0.233855300,0.237827499,0.246935617,0.267251859,0.192484582
7866,2020-11-23 18:00:00,0.459423661,0.191065982,0.233833068,0.237803293,0.246906353,0.267208240,0.000000000
7867,2020-11-23 19:00:00,0.537902713,0.191083107,0.233743528,0.237705814,0.246788531,0.267032717,0.000000000
7868,2020-11-23 20:00:00,0.615208507,0.191099718,0.233656505,0.237611087,0.246674075,0.266862361,0.000000000
7869,2020-11-23 21:00:00,0.678602755,0.191115833,0.233571930,0.237519038,0.246562889,0.266697016,0.000000000
7870,2020-11-23 22:00:00,0.730620921,0.191131464,0.233489736,0.237429590,0.246454880,0.266536530,0.000000000
7871,2020-11-23 23:00:00,0.784565210,0.191146629,0.233409856,0.237342672,0.246349959,0.266380759,0.000000000
7872,2020-11-24 00:00:00,0.831086934,0.191161341,0.233332228,0.237258214,0.246248036,0.266229559,0.000000000
7873,2020-11-24 01:00:00,0.885517120,0.191175615,0.233256788,0.237176147,0.246149027,0.266082794,0.000000000
7874,2020-11-24 02:00:00,0.928543568,0.191189463,0.233183476,0.237096404,0.246052849,0.265940332,0.000000000
7875,2020-11-24 03:00:00,0.968865335,0.191202899,0.233112234,0.237018920,0.245959422,0.265802043,0.000000000
7876,2020-11-24 04:00:00,1.007336259,0.191215936,0.233043004,0.236943632,0.245868666,0.265667802,0.000000000
7877,2020-11-24 05:00:00,1.046190262,0.191228585,0.232975730,0.236870479,0.245780506,0.265537489,0.000000000
7878,2020-11-24 06:00:00,1.085039735,0.191240859,0.232910357,0.236799401,0.245694868,0.265410988,0.000000000
7879,2020-11-24 07:00:00,1.120218754,0.191252770,0.232846833,0.236730340,0.245611680,0.265288183,0.000000000
7880,2020-11-24 08:00:00,1.149981022,0.191264327,0.232785107,0.236663239,0.245530872,0.265168966,0.000000000
7881,2020-11-24 09:00:00,1.171056032,0.191275543,0.232725128,0.236598044,0.245452377,0.265053229,0.000000000
7882,2020-11-24 10:00:00,1.204941511,0.191286427,0.232666847,0.236534700,0.245376128,0.264940870,0.000000000
7883,2020-11-24 11:00:00,1.235908508,0.191296989,0.232610217,0.236473156,0.245302061,0.264831788,0.000000000
7884,2020-11-24 12:00:00,1.261163354,0.191307240,0.232555193,0.236413361,0.245230114,0.264725887,0.000000000
7885,2020-11-24 13:00:00,1.301913381,0.191317188,0.232501728,0.236355267,0.245160227,0.264623071,0.000000000
7886,2020-11-24 14:00:00,1.347432137,0.191326843,0.232449779,0.236298824,0.245092340,0.264523250,0.000000000
7887,2020-11-24 15:00:00,1.394378662,0.191336214,0.232399305,0.236243987,0.245026397,0.264426336,0.000000000
7888,2020-11-24 16:00:00,1.434657216,0.191345308,0.232350263,0.236190710,0.244962342,0.264332242,0.000000000
7889,2020-11-24 17:00:00,1.477246284,0.191354136,0.232302613,0.236138949,0.244900122,0.264240885,0.000000000
7890,2020-11-24 18:00:00,1.510586977,0.191362704,0.232256317,0.236088663,0.244839683,0.264152185,0.000000000
7891,2020-11-24 19:00:00,1.534378886,0.191371020,0.232211336,0.236039808,0.244780975,0.264066063,0.000000000
7892,2020-11-24 20:00:00,1.554107666,0.191379092,0.232167633,0.235992344,0.244723949,0.263982444,0.000000000
7893,2020-11-24 21:00:00,1.573404908,0.191386928,0.232125173,0.235946233,0.244668556,0.263901254,0.000000000
7894,2020-11-24 22:00:00,1.593585968,0.191394533,0.232083920,0.235901436,0.244614750,0.263822421,0.000000000
7895,2020-11-24 23:00:00,1.606786132,0.191401916,0.232043840,0.235857915,0.244562485,0.263745877,0.000000000
7896,2020-11-25 00:00:00,1.616426229,0.191409083,0.232004901,0.235815635,0.244511717,0.263671554,0.000000000
7897,2020-11-25 01:00:00,1.625337720,0.191416040,0.231967069,0.235774561,0.244462404,0.263599387,0.000000000
7898,2020-11-25 02:00:00,1.636556983,0.191422793,0.231930315,0.235734658,0.244414504,0.263529313,0.000000000
7899,2020-11-25 03:00:00,1.657469034,0.191429349,0.231894607,0.235695894,0.244367977,0.263461271,0.000000000
7900,2020-11-25 04:00:00,1.678528786,0.191435714,0.231859916,0.235658235,0.244322783,0.263395200,0.000000000
7901,2020-11-25 05:00:00,1.693653822,0.191441892,0.231826213,0.235621651,0.244278883,0.263331044,0.000000000
7902,2020-11-25 06:00:00,1.708168030,0.191447891,0.231793471,0.235586111,0.244236242,0.263268747,0.000000000
7903,2020-11-25 07:00:00,1.718571424,0.191453714,0.231761662,0.235551586,0.244194823,0.263208253,0.000000000
7904,2020-11-25 08:00:00,1.725958943,0.191459367,0.231730759,0.235518046,0.244154592,0.263149511,0.000000000
7905,2020-11-25 09:00:00,1.731108069,0.191464856,0.231700737,0.235485464,0.244115513,0.263092469,0.000000000
7906,2020-11-25 10:00:00,1.735310555,0.191470184,0.231671572,0.235453812,0.244077554,0.263037078,0.000000000
7907,2020-11-25 11:00:00,1.737436175,0.191475358,0.231643238,0.235423065,0.244040684,0.262983290,0.000000000
7908,2020-11-25 12:00:00,1.731048226,0.191480381,0.231615713,0.235393196,0.244004870,0.262931057,0.000000000
7909,2020-11-25 13:00:00,1.718979359,0.191485257,0.231588973,0.235364180,0.243970084,0.262880335,0.000000000
7910,2020-11-25 14:00:00,1.709648132,0.191489992,0.231562996,0.235335994,0.243936294,0.262831079,0.000000000
7911,2020-11-25 15:00:00,0.827785611,0.191494589,0.231537761,0.235308613,0.243903473,0.262783247,0.857353126
7912,2020-11-25 16:00:00,0.003433916,0.191444401,0.231812523,0.235606790,0.244261053,0.263304992,0.827785635
7913,2020-11-25 17:00:00,0.002042847,0.191397297,0.232068922,0.235885150,0.244595191,0.263793774,0.003433916
7914,2020-11-25 18:00:00,0.001191897,0.191404478,0.232029923,0.235842804,0.244544339,0.263719308,0.002042847
7915,2020-11-25 19:00:00,0.000419482,0.191411578,0.231991337,0.235800909,0.244494036,0.263645676,0.001191897
7916,2020-11-25 20:00:00,0.000157864,0.191418668,0.231952770,0.235759037,0.244443768,0.263572121,0.004375438
7917,2020-11-25 21:00:00,0.000023652,0.191425055,0.231917998,0.235721287,0.244398454,0.263505839,0.737379770
7918,2020-11-25 22:00:00,0.000013281,0.191384049,0.232140779,0.235963181,0.244688914,0.263931090,0.005438712
7919,2020-11-25 23:00:00,0.006508883,0.191391378,0.232101038,0.235920025,0.244637076,0.263855128,0.000000000
7920,2020-11-26 00:00:00,0.012853229,0.191398853,0.232060472,0.235875974,0.244584171,0.263777635,0.000000000
7921,2020-11-26 01:00:00,0.019422702,0.191406110,0.232021059,0.235833180,0.244532783,0.263702390,0.000000000
7922,2020-11-26 02:00:00,0.026005343,0.191413154,0.231982768,0.235791605,0.244482866,0.263629329,0.000000000
7923,2020-11-26 03:00:00,0.033124097,0.191419992,0.231945567,0.235751216,0.244434380,0.263558387,0.000000000
7924,2020-11-26 04:00:00,0.033672284,0.191426629,0.231909424,0.235711979,0.244387283,0.263489501,0.008162173
7925,2020-11-26 05:00:00,0.000002384,0.191432534,0.231877252,0.235677054,0.244345366,0.263428213,0.039920982
7926,2020-11-26 06:00:00,0.000002679,0.191436171,0.231857423,0.235655528,0.244319534,0.263390453,0.004550365
7927,2020-11-26 07:00:00,0.000002261,0.191442036,0.231825431,0.235620802,0.244277864,0.263329555,0.005319609
7928,2020-11-26 08:00:00,0.000001916,0.191447679,0.231794629,0.235587368,0.244237750,0.263270949,0.091431803
7929,2020-11-26 09:00:00,0.000001741,0.191447492,0.231795647,0.235588473,0.244239076,0.263272885,0.609018679
7930,2020-11-26 10:00:00,0.000001318,0.191413969,0.231978332,0.235786789,0.244477084,0.263620867,0.411337575
7931,2020-11-26 11:00:00,0.000001212,0.191393946,0.232087104,0.235904894,0.244618903,0.263828505,0.102931769
7932,2020-11-26 12:00:00,0.000000000,0.191394547,0.232083845,0.235901355,0.244614652,0.263822279,2.812400680
7933,2020-11-26 13:00:00,0.000000000,0.191232317,0.232955866,0.236848881,0.245754481,0.265499037,5.435142384
7934,2020-11-26 14:00:00,0.000000000,0.190938637,0.234493434,0.238522625,0.247777044,0.268510313,3.908690996
7935,2020-11-26 15:00:00,0.000000000,0.190724298,0.235583679,0.239711824,0.249221340,0.270689948,1.519822092
7936,2020-11-26 16:00:00,0.000000000,0.190651299,0.235949061,0.240110821,0.249707305,0.271429020,1.174641056
7937,2020-11-26 17:00:00,0.000000000,0.190603134,0.236188526,0.240372442,0.250026331,0.271915794,0.057894745
7938,2020-11-26 18:00:00,0.000000000,0.190633927,0.236035578,0.240205332,0.249822518,0.271604668,0.000000000
7939,2020-11-26 19:00:00,0.000000000,0.190671517,0.235848163,0.240000618,0.249573011,0.271224491,0.000000000
7940,2020-11-26 20:00:00,0.000000000,0.190714428,0.235633257,0.239765950,0.249287222,0.270789975,0.009803316
7941,2020-11-26 21:00:00,0.000000000,0.190741546,0.235496912,0.239617108,0.249106081,0.270515083,0.019257359
7942,2020-11-26 22:00:00,0.000000000,0.190767175,0.235367675,0.239476055,0.248934509,0.270255083,0.026780111
7943,2020-11-26 23:00:00,0.000000000,0.190791499,0.235244679,0.239341840,0.248771333,0.270008139,0.029602509
7944,2020-11-27 00:00:00,0.000000000,0.190814886,0.235126102,0.239212471,0.248614125,0.269770529,0.031243296
7945,2020-11-27 01:00:00,0.000000000,0.190837448,0.235011411,0.239087364,0.248462164,0.269541132,0.029483078
7946,2020-11-27 02:00:00,0.000000000,0.190859447,0.234899301,0.238965095,0.248313716,0.269317305,0.026725638
7947,2020-11-27 03:00:00,0.000000000,0.190880970,0.234789352,0.238845202,0.248168215,0.269098178,0.026176114
7948,2020-11-27 04:00:00,0.000000000,0.190901879,0.234682282,0.238728470,0.248026608,0.268885158,0.026159726
7949,2020-11-27 05:00:00,0.000000000,0.190922157,0.234578202,0.238615015,0.247889035,0.268678431,0.027425534
7950,2020-11-27 06:00:00,0.000000000,0.190941735,0.234477484,0.238505242,0.247755978,0.268478705,0.027189307
7951,2020-11-27 07:00:00,0.000000000,0.190960739,0.234379505,0.238398471,0.247626610,0.268284714,0.021326267
7952,2020-11-27 08:00:00,0.000000000,0.190979573,0.234282199,0.238292449,0.247498196,0.268092349,0.020139847
7953,2020-11-27 09:00:00,0.000000000,0.190997921,0.234187201,0.238188957,0.247372894,0.267904831,0.022425714
7954,2020-11-27 10:00:00,0.000000000,0.191015561,0.234095680,0.238089268,0.247252239,0.267724439,0.018144748
7955,2020-11-27 11:00:00,0.000000000,0.191032963,0.234005212,0.237990738,0.247133028,0.267546373,0.011640468
7956,2020-11-27 12:00:00,0.000000000,0.191050287,0.233914975,0.237892475,0.247014181,0.267369014,0.000000000
7957,2020-11-27 13:00:00,0.000000000,0.191068573,0.233819530,0.237788554,0.246888536,0.267181687,0.000000000
7958,2020-11-27 14:00:00,0.000000000,0.191089620,0.233709426,0.237668692,0.246743673,0.266965933,0.000000000
7959,2020-11-27 15:00:00,0.000000000,0.191112727,0.233588243,0.237536791,0.246584331,0.266728891,0.000000000
7960,2020-11-27 16:00:00,0.000000000,0.191137574,0.233457569,0.237394589,0.246412625,0.266473781,0.000000000
7961,2020-11-27 17:00:00,0.000000000,0.191164293,0.233316638,0.237241255,0.246227573,0.266199217,0.000000000
7962,2020-11-27 18:00:00,0.000000000,0.191191699,0.233171626,0.237083514,0.246037306,0.265917318,0.000000000
7963,2020-11-27 19:00:00,0.000000000,0.191223573,0.233002396,0.236899475,0.245815448,0.265589127,0.000000000
7964,2020-11-27 20:00:00,0.000000000,0.191254254,0.232838911,0.236721727,0.245601307,0.265272875,0.000000000
7965,2020-11-27 21:00:00,0.000000000,0.191268694,0.232761763,0.236637864,0.245500319,0.265123908,0.000000000
7966,2020-11-27 22:00:00,0.000000000,0.191281257,0.232694540,0.236564799,0.245412356,0.264994248,0.000000000
7967,2020-11-27 23:00:00,0.000000000,0.191294143,0.232625485,0.236489749,0.245322028,0.264861189,0.000000000
7968,2020-11-28 00:00:00,0.000000000,0.191305331,0.232565444,0.236424501,0.245243516,0.264745610,0.000000000
7969,2020-11-28 01:00:00,0.000000000,0.191315801,0.232509187,0.236363371,0.245169975,0.264637409,0.000505566
7970,2020-11-28 02:00:00,0.000000000,0.191325463,0.232457208,0.236306895,0.245102047,0.264537520,0.000000000
7971,2020-11-28 03:00:00,0.000000000,0.191334888,0.232406449,0.236251748,0.245035729,0.264440048,0.000000000
7972,2020-11-28 04:00:00,0.000000000,0.191344772,0.232353159,0.236193856,0.244966124,0.264337796,0.000000000
7973,2020-11-28 05:00:00,0.000000000,0.191353738,0.232304761,0.236141282,0.244902926,0.264245001,0.002483139
7974,2020-11-28 06:00:00,0.000000000,0.191362153,0.232259297,0.236091899,0.244843573,0.264157892,0.012442066
7975,2020-11-28 07:00:00,0.000000000,0.191369658,0.232218705,0.236047811,0.244790593,0.264080169,0.007404700
7976,2020-11-28 08:00:00,0.000000000,0.191377278,0.232177457,0.236003013,0.244736767,0.264001236,0.007420908
7977,2020-11-28 09:00:00,0.000000000,0.191384674,0.232137388,0.235959498,0.244684490,0.263924606,0.014719066
7978,2020-11-28 10:00:00,0.000000000,0.191391370,0.232101084,0.235920075,0.244637136,0.263855216,0.015240203
7979,2020-11-28 11:00:00,0.000000000,0.191397835,0.232066002,0.235881979,0.244591383,0.263788196,0.009854946
7980,2020-11-28 12:00:00,0.000000000,0.191404468,0.232029981,0.235842867,0.244544414,0.263719419,0.000000000
7981,2020-11-28 13:00:00,0.000000000,0.191413574,0.231980482,0.235789124,0.244479887,0.263624969,0.000000000
7982,2020-11-28 14:00:00,0.000000000,0.191424894,0.231918874,0.235722237,0.244399595,0.263507508,0.000000000
7983,2020-11-28 15:00:00,0.000000000,0.191438533,0.231844543,0.235641548,0.244302758,0.263365933,0.000000000
7984,2020-11-28 16:00:00,0.000000000,0.191456282,0.231747625,0.235536350,0.244176548,0.263181567,0.000000000
7985,2020-11-28 17:00:00,0.000000000,0.191475933,0.231640087,0.235419645,0.244036584,0.262977309,0.000000000
7986,2020-11-28 18:00:00,0.000000000,0.191496764,0.231525816,0.235295652,0.243887939,0.262760612,0.000000000
7987,2020-11-28 19:00:00,0.000000000,0.191518072,0.231408641,0.235168531,0.243735608,0.262538785,0.000000000
7988,2020-11-28 20:00:00,0.000000000,0.191540774,0.231283470,0.235032758,0.243572982,0.262302236,0.000000000
7989,2020-11-28 21:00:00,0.000000000,0.191550500,0.231229740,0.234974484,0.243503206,0.262200829,0.000000000
7990,2020-11-28 22:00:00,0.000000000,0.191557444,0.231191343,0.234932844,0.243453354,0.262128409,0.000000000
7991,2020-11-28 23:00:00,0.000000000,0.191563986,0.231155135,0.234893579,0.243406354,0.262060156,0.000000000
7992,2020-11-29 00:00:00,0.000000000,0.191570204,0.231120699,0.234856238,0.243361660,0.261995274,0.000000000
7993,2020-11-29 01:00:00,0.000000000,0.191576055,0.231088270,0.234821075,0.243319580,0.261934205,0.000000000
7994,2020-11-29 02:00:00,0.000000000,0.191580915,0.231061317,0.234791851,0.243284610,0.261883469,0.000000000
7995,2020-11-29 03:00:00,0.000000000,0.191584951,0.231038919,0.234767566,0.243255554,0.261841322,0.000000000
7996,2020-11-29 04:00:00,0.000000000,0.191588289,0.231020389,0.234747476,0.243231517,0.261806464,0.000000000
7997,2020-11-29 05:00:00,0.000000000,0.191591332,0.231003491,0.234729156,0.243209600,0.261774684,0.000000000
7998,2020-11-29 06:00:00,0.000000000,0.191593832,0.230989599,0.234714096,0.243191585,0.261748565,0.000000000
7999,2020-11-29 07:00:00,0.000000000,0.191595943,0.230977869,0.234701378,0.243176372,0.261726513,0.000000000
8000,2020-11-29 08:00:00,0.000000000,0.191597859,0.230967221,0.234689836,0.243162565,0.261706500,0.000000000
8001,2020-11-29 09:00:00,0.000000000,0.191599394,0.230958686,0.234680582,0.243151497,0.261690459,0.000000000
8002,2020-11-29 10:00:00,0.000000000,0.191600935,0.230950118,0.234671294,0.243140387,0.261674359,0.000000000
8003,2020-11-29 11:00:00,0.000000000,0.191602321,0.230942412,0.234662940,0.243130395,0.261659880,0.000000000
8004,2020-11-29 12:00:00,0.000000000,0.191603666,0.230934927,0.234654826,0.243120690,0.261645817,0.000000000
8005,2020-11-29 13:00:00,0.000000000,0.191604973,0.230927656,0.234646944,0.243111264,0.261632159,0.000000000
8006,2020-11-29 14:00:00,0.000000000,0.191611381,0.230891993,0.234608285,0.243065033,0.261565188,0.000000000
8007,2020-11-29 15:00:00,0.000000000,0.191623197,0.230826155,0.234536922,0.242979705,0.261441640,0.000000000
8008,2020-11-29 16:00:00,0.000000000,0.191640375,0.230730280,0.234433013,0.242855499,0.261261934,0.000000000
8009,2020-11-29 17:00:00,0.000000000,0.191662079,0.230608854,0.234301433,0.242698280,0.261034691,0.000000000
8010,2020-11-29 18:00:00,0.000000000,0.191687117,0.230468383,0.234149245,0.242516521,0.260772298,0.000000000
8011,2020-11-29 19:00:00,0.000000000,0.191714391,0.230314884,0.233982977,0.242318052,0.260486167,0.000000000
8012,2020-11-29 20:00:00,0.000000000,0.191738779,0.230177197,0.233833868,0.242140155,0.260230038,0.000000000
8013,2020-11-29 21:00:00,0.000000000,0.191743092,0.230152802,0.233807452,0.242108649,0.260184711,0.000000000
8014,2020-11-29 22:00:00,0.000000000,0.191747936,0.230125395,0.233777776,0.242073258,0.260133805,0.000000000
8015,2020-11-29 23:00:00,0.000000000,0.191750780,0.230109294,0.233760343,0.242052468,0.260103908,0.000000000
8016,2020-11-30 00:00:00,0.000000000,0.191752993,0.230096762,0.233746774,0.242036288,0.260080643,0.000000000
8017,2020-11-30 01:00:00,0.000000000,0.191754502,0.230088213,0.233737518,0.242025251,0.260064774,0.000000000
8018,2020-11-30 02:00:00,0.000000000,0.191755204,0.230084234,0.233733209,0.242020113,0.260057389,0.000000000
8019,2020-11-30 03:00:00,0.000000000,0.191755728,0.230081270,0.233730000,0.242016287,0.260051887,0.000000000
8020,2020-11-30 04:00:00,0.000000000,0.191755874,0.230080442,0.233729105,0.242015219,0.260050352,0.000600861
8021,2020-11-30 05:00:00,0.000000000,0.191755636,0.230080442,0.233729105,0.242015219,0.260050352,0.001390299
8022,2020-11-30 06:00:00,0.000000000,0.191755742,0.230081190,0.233729914,0.242016184,0.260051740,0.000000000
8023,2020-11-30 07:00:00,0.000000000,0.191755745,0.230081190,0.233729914,0.242016184,0.260051740,0.000912166
8024,2020-11-30 08:00:00,0.000000000,0.191755385,0.230081190,0.233729914,0.242016184,0.260051740,0.000000000
8025,2020-11-30 09:00:00,0.000000000,0.191755758,0.230081096,0.233729812,0.242016062,0.260051565,0.002603491
8026,2020-11-30 10:00:00,0.000000000,0.191755586,0.230082073,0.233730870,0.242017324,0.260053379,0.004366115
8027,2020-11-30 11:00:00,0.000000000,0.191755296,0.230083713,0.233732646,0.242019441,0.260056422,0.004431426
8028,2020-11-30 12:00:00,0.000000000,0.191755003,0.230085377,0.233734447,0.242021589,0.260059511,0.000000000
8029,2020-11-30 13:00:00,0.000000000,0.191757093,0.230073531,0.233721622,0.242006297,0.260037526,0.000000000
8030,2020-11-30 14:00:00,0.000000000,0.191760756,0.230052773,0.233699148,0.241979501,0.259999012,0.008799817
8031,2020-11-30 15:00:00,0.000000000,0.191761964,0.230045922,0.233691730,0.241970658,0.259986303,1.355183281
8032,2020-11-30 16:00:00,0.000000000,0.191677603,0.230521807,0.234207122,0.242585633,0.260872029,0.624473785
8033,2020-11-30 17:00:00,0.000000000,0.191638577,0.230740323,0.234443897,0.242868508,0.261280747,2.570919196
8034,2020-11-30 18:00:00,0.000000000,0.191486867,0.231580142,0.235354598,0.243958597,0.262863588,5.992138676
8035,2020-11-30 19:00:00,0.000000000,0.191167380,0.233300326,0.237223509,0.246206163,0.266167475,6.048981732
8036,2020-11-30 20:00:00,0.000000000,0.190848810,0.234953545,0.239024252,0.248385531,0.269425554,5.948277749
8037,2020-11-30 21:00:00,0.000000000,0.190534011,0.236529977,0.240745654,0.250481960,0.272613204,5.447650165
8038,2020-11-30 22:00:00,0.000000000,0.190246120,0.237924639,0.242272154,0.252352078,0.275503570,3.770606918
8039,2020-11-30 23:00:00,0.000000000,0.190049711,0.238851575,0.243288612,0.253603265,0.277463188,2.953828516
8040,2020-12-01 00:00:00,0.000000000,0.189903731,0.239528080,0.244031427,0.254520674,0.278913703,11.935131897
8041,2020-12-01 01:00:00,0.000000000,0.189348560,0.242008889,0.246762574,0.257916622,0.284389028,2.542824473
8042,2020-12-01 02:00:00,0.000000000,0.189242674,0.242466234,0.247267324,0.258548273,0.285426738,0.836149582
8043,2020-12-01 03:00:00,0.000000000,0.189255264,0.242412109,0.247207569,0.258473427,0.285303449,0.733692019
8044,2020-12-01 04:00:00,0.000000000,0.189274918,0.242327482,0.247114148,0.258356451,0.285110939,0.137827401
8045,2020-12-01 05:00:00,0.000000000,0.189338333,0.242053275,0.246811544,0.257977847,0.284489338,0.035124844
8046,2020-12-01 06:00:00,0.000000000,0.189407499,0.241752181,0.246479431,0.257562852,0.283810557,0.035106347
8047,2020-12-01 07:00:00,0.000000000,0.189474386,0.241458987,0.246156195,0.257159479,0.283153328,0.032634423
8048,2020-12-01 08:00:00,0.000000000,0.189539262,0.241172685,0.245840714,0.256766282,0.282515066,0.031276636
8049,2020-12-01 09:00:00,0.000000000,0.189602114,0.240893490,0.245533210,0.256383499,0.281895945,0.029430634
8050,2020-12-01 10:00:00,0.000000000,0.189663051,0.240621066,0.245233304,0.256010621,0.281294943,0.024957601
8051,2020-12-01 11:00:00,0.000000000,0.189722339,0.240354365,0.244939830,0.255646163,0.280709495,0.026952616
8052,2020-12-01 12:00:00,0.000000000,0.189779551,0.240095438,0.244655036,0.255292884,0.280143852,0.000000000
8053,2020-12-01 13:00:00,0.000000000,0.189840052,0.239819942,0.244352152,0.254917593,0.279544940,0.000000000
8054,2020-12-01 14:00:00,0.000000000,0.189902543,0.239533542,0.244037428,0.254528096,0.278925487,0.000000000
8055,2020-12-01 15:00:00,0.000000000,0.189964487,0.239247786,0.243723559,0.254140127,0.278310594,0.000000000
8056,2020-12-01 16:00:00,0.000000000,0.190030513,0.238941137,0.243386906,0.253724513,0.277654221,0.000000000
8057,2020-12-01 17:00:00,0.000000000,0.190101652,0.238608331,0.243021728,0.253274285,0.276945877,0.000000000
8058,2020-12-01 18:00:00,0.000000000,0.190175947,0.238258054,0.242637593,0.252801356,0.276204797,0.000000000
8059,2020-12-01 19:00:00,0.000000000,0.190249142,0.237910227,0.242256362,0.252332677,0.275473350,0.000000000
8060,2020-12-01 20:00:00,0.000000000,0.190316476,0.237587819,0.241903181,0.251899079,0.274799254,0.000000000
8061,2020-12-01 21:00:00,0.000000000,0.190368695,0.237336169,0.241627640,0.251561195,0.274275675,0.000000000
8062,2020-12-01 22:00:00,0.000000000,0.190416817,0.237102989,0.241372421,0.251248538,0.273792511,0.000000000
8063,2020-12-01 23:00:00,0.000000000,0.190461828,0.236883778,0.241132578,0.250954986,0.273340022,0.000000000
8064,2020-12-02 00:00:00,0.000000000,0.190506773,0.236663812,0.240891994,0.250660786,0.272887640,0.000000000
8065,2020-12-02 01:00:00,0.000000000,0.190549044,0.236455936,0.240664708,0.250383087,0.272461642,0.000000000
8066,2020-12-02 02:00:00,0.000000000,0.190589495,0.236256108,0.240446294,0.250116443,0.272053518,0.000000000
8067,2020-12-02 03:00:00,0.000000000,0.190628864,0.236060765,0.240232848,0.249856069,0.271655849,0.000000000
8068,2020-12-02 04:00:00,0.000000000,0.190667115,0.235870147,0.240024628,0.249602265,0.271269026,0.000000000
8069,2020-12-02 05:00:00,0.000000000,0.190703532,0.235687922,0.239825634,0.249359886,0.270900357,0.000000000
8070,2020-12-02 06:00:00,0.000000000,0.190737460,0.235517483,0.239639563,0.249133403,0.270556520,0.000000000
8071,2020-12-02 07:00:00,0.000000000,0.190768501,0.235360982,0.239468751,0.248925626,0.270241633,0.000000000
8072,2020-12-02 08:00:00,0.000000000,0.190798970,0.235206832,0.239300546,0.248721145,0.269932251,0.000000000
8073,2020-12-02 09:00:00,0.000000000,0.190827658,0.235061214,0.239141688,0.248528139,0.269640693,0.000000000
8074,2020-12-02 10:00:00,0.000000000,0.190853761,0.234928307,0.238996728,0.248352115,0.269375178,0.000000000
8075,2020-12-02 11:00:00,0.000000000,0.190879141,0.234798705,0.238855401,0.248180589,0.269116805,0.000000000
8076,2020-12-02 12:00:00,0.000000000,0.190903717,0.234672855,0.238718193,0.248014145,0.268866421,0.000000000
8077,2020-12-02 13:00:00,0.000000000,0.190929643,0.234539716,0.238573067,0.247838183,0.268602074,0.000000000
8078,2020-12-02 14:00:00,0.000000000,0.190956449,0.234401643,0.238422594,0.247655834,0.268328519,0.000000000
8079,2020-12-02 15:00:00,0.000000000,0.190984571,0.234256343,0.238264280,0.247464086,0.268041284,0.000000000
8080,2020-12-02 16:00:00,0.000000000,0.191013190,0.234107994,0.238102680,0.247268469,0.267748695,0.000000000
8081,2020-12-02 17:00:00,0.000000000,0.191042569,0.233955201,0.237936277,0.247067153,0.267448046,0.000000000
8082,2020-12-02 18:00:00,0.000000000,0.191072089,0.233801154,0.237768548,0.246864352,0.267145652,0.000000000
8083,2020-12-02 19:00:00,0.000000000,0.191101866,0.233645243,0.237598829,0.246659266,0.266840331,0.000000000
8084,2020-12-02 20:00:00,0.000000000,0.191134617,0.233473142,0.237411534,0.246433081,0.266504156,0.000000000
8085,2020-12-02 21:00:00,0.000000000,0.191156737,0.233356538,0.237284662,0.246279950,0.266276889,0.000000000
8086,2020-12-02 22:00:00,0.000000000,0.191176716,0.233250959,0.237169807,0.246141380,0.266071463,0.000000000
8087,2020-12-02 23:00:00,0.000000000,0.191194965,0.233154317,0.237064689,0.246014605,0.265883712,0.000000000
8088,2020-12-03 00:00:00,0.000000000,0.191212819,0.233059565,0.236961642,0.245890373,0.265699902,0.000000000
8089,2020-12-03 01:00:00,0.000000000,0.191229688,0.232969862,0.236864099,0.245772818,0.265526129,0.000000000
8090,2020-12-03 02:00:00,0.000000000,0.191245963,0.232883147,0.236769819,0.245659232,0.265358371,0.000000000
8091,2020-12-03 03:00:00,0.000000000,0.191261243,0.232801588,0.236681155,0.245552446,0.265200786,0.000000000
8092,2020-12-03 04:00:00,0.000000000,0.191276244,0.232721374,0.236593964,0.245447465,0.265045989,0.000000000
8093,2020-12-03 05:00:00,0.000000000,0.191290574,0.232644617,0.236510540,0.245347050,0.264898039,0.000000000
8094,2020-12-03 06:00:00,0.000000000,0.191304215,0.232571436,0.236431013,0.245251351,0.264757140,0.000000000
8095,2020-12-03 07:00:00,0.000000000,0.191316533,0.232505250,0.236359093,0.245164830,0.264629841,0.000000000
8096,2020-12-03 08:00:00,0.000000000,0.191327937,0.232443891,0.236292427,0.245084647,0.264511941,0.000000000
8097,2020-12-03 09:00:00,0.000000000,0.191338950,0.232384554,0.236227962,0.245007129,0.264398027,0.000000000
8098,2020-12-03 10:00:00,0.000000000,0.191347964,0.232335931,0.236175141,0.244943626,0.264304757,0.000000000
8099,2020-12-03 11:00:00,0.000000000,0.191356714,0.232288688,0.236123824,0.244881942,0.264214199,0.000000000
8100,2020-12-03 12:00:00,0.000000000,0.191365206,0.232242788,0.236073968,0.244822023,0.264126275,0.000000000
8101,2020-12-03 13:00:00,0.000000000,0.191373449,0.232198191,0.236025531,0.244763821,0.264040907,0.000000000
8102,2020-12-03 14:00:00,0.000000000,0.191388791,0.232115067,0.235935258,0.244655374,0.263881938,0.000000000
8103,2020-12-03 15:00:00,0.000000000,0.191408435,0.232008423,0.235819460,0.244516309,0.263678275,0.000000000
8104,2020-12-03 16:00:00,0.000000000,0.191431957,0.231880397,0.235680468,0.244349463,0.263434203,0.000000000
8105,2020-12-03 17:00:00,0.000000000,0.191458299,0.231736598,0.235524383,0.244162193,0.263160608,0.000000000
8106,2020-12-03 18:00:00,0.000000000,0.191485593,0.231587133,0.235362183,0.243967689,0.262876844,0.000000000
8107,2020-12-03 19:00:00,0.000000000,0.191513539,0.231433593,0.235195598,0.243768038,0.262585990,0.000000000
8108,2020-12-03 20:00:00,0.000000000,0.191538523,0.231295897,0.235046237,0.243589124,0.262325703,0.000000000
8109,2020-12-03 21:00:00,0.000000000,0.191544582,0.231262442,0.235009951,0.243545672,0.262262540,0.000000000
8110,2020-12-03 22:00:00,0.000000000,0.191551762,0.231222764,0.234966919,0.243494149,0.262187670,0.000000000
8111,2020-12-03 23:00:00,0.000000000,0.191558311,0.231186545,0.234927641,0.243447126,0.262119363,0.000000000
8112,2020-12-04 00:00:00,0.000000000,0.191564814,0.231150553,0.234888611,0.243400406,0.262051521,0.000000000
8113,2020-12-04 01:00:00,0.000000000,0.191570342,0.231119932,0.234855407,0.243360666,0.261993830,0.004134089
8114,2020-12-04 02:00:00,0.000000000,0.191572340,0.231108860,0.234843401,0.243346298,0.261972977,0.004703912
8115,2020-12-04 03:00:00,0.000000000,0.191574243,0.231098312,0.234831963,0.243332610,0.261953112,0.000000000
8116,2020-12-04 04:00:00,0.000000000,0.191578591,0.231074204,0.234805823,0.243301329,0.261907724,0.000000000
8117,2020-12-04 05:00:00,0.000000000,0.191583777,0.231045434,0.234774630,0.243264005,0.261853580,0.000000000
8118,2020-12-04 06:00:00,0.000000000,0.191589674,0.231012698,0.234739138,0.243221542,0.261791999,0.000000000
8119,2020-12-04 07:00:00,0.000000000,0.191591552,0.231002265,0.234727827,0.243208011,0.261772380,0.000000000
8120,2020-12-04 08:00:00,0.000000000,0.191593345,0.230992309,0.234717033,0.243195099,0.261753660,0.000000000
8121,2020-12-04 09:00:00,0.000000000,0.191595391,0.230980936,0.234704703,0.243180349,0.261732278,0.000000000
8122,2020-12-04 10:00:00,0.000000000,0.191597065,0.230971632,0.234694617,0.243168284,0.261714790,0.000000000
8123,2020-12-04 11:00:00,0.000000000,0.191598574,0.230963246,0.234685525,0.243157409,0.261699028,0.002781766
8124,2020-12-04 12:00:00,0.000000000,0.191599846,0.230956172,0.234677857,0.243148237,0.261685735,0.000000000
8125,2020-12-04 13:00:00,0.000000000,0.191603735,0.230934547,0.234654414,0.243120199,0.261645105,0.000000000
8126,2020-12-04 14:00:00,0.000000000,0.191610999,0.230894117,0.234610588,0.243067785,0.261569175,0.000000000
8127,2020-12-04 15:00:00,0.000000000,0.191621641,0.230834833,0.234546327,0.242990950,0.261457917,0.000000000
8128,2020-12-04 16:00:00,0.000000000,0.191635863,0.230755480,0.234460323,0.242888140,0.261309144,0.000000000
8129,2020-12-04 17:00:00,0.000000000,0.191653124,0.230658989,0.234355758,0.242763182,0.261128469,0.000000000
8130,2020-12-04 18:00:00,0.000000000,0.191676090,0.230530296,0.234216318,0.242596615,0.260887883,0.000000000
8131,2020-12-04 19:00:00,0.000000000,0.191700756,0.230391683,0.234066160,0.242417331,0.260629247,0.000000000
8132,2020-12-04 20:00:00,0.000000000,0.191722925,0.230266747,0.233930843,0.242255843,0.260396565,0.000000000
8133,2020-12-04 21:00:00,0.000000000,0.191731407,0.230218857,0.233878980,0.242193968,0.260307482,0.000000000
8134,2020-12-04 22:00:00,0.000000000,0.191737262,0.230185769,0.233843150,0.242151228,0.260245971,0.252383663
8135,2020-12-04 23:00:00,0.000000000,0.191725064,0.230254678,0.233917773,0.242240248,0.260374109,0.491678736
8136,2020-12-05 00:00:00,0.000000000,0.191694485,0.230426966,0.234104378,0.242462954,0.260695032,0.895837081
8137,2020-12-05 01:00:00,0.000000000,0.191638817,0.230738980,0.234442441,0.242866768,0.261278231,0.694202225
8138,2020-12-05 02:00:00,0.000000000,0.191596556,0.230974464,0.234697688,0.243171957,0.261720114,0.594839685
8139,2020-12-05 03:00:00,0.000000000,0.191561283,0.231170097,0.234909805,0.243425775,0.262088356,0.095420772
8140,2020-12-05 04:00:00,0.000000000,0.191558728,0.231184237,0.234925138,0.243444130,0.262115013,0.000000000
8141,2020-12-05 05:00:00,0.000000000,0.191562265,0.231164663,0.234903912,0.243418721,0.262078113,0.491180344
8142,2020-12-05 06:00:00,0.000000000,0.191533509,0.231323562,0.235076243,0.243625060,0.262377956,0.396837277
8143,2020-12-05 07:00:00,0.000000000,0.191511638,0.231444052,0.235206945,0.243781634,0.262605783,0.197002734
8144,2020-12-05 08:00:00,0.000000000,0.191503112,0.231490937,0.235257811,0.243842586,0.262694543,0.687665988
8145,2020-12-05 09:00:00,0.000000000,0.191463437,0.231708499,0.235493887,0.244125615,0.263107214,1.897681909
8146,2020-12-05 10:00:00,0.000000000,0.191351650,0.232316039,0.236153533,0.244917651,0.264266618,4.265456391
8147,2020-12-05 11:00:00,0.000000000,0.191114177,0.233580627,0.237528503,0.246574320,0.266714009,3.896554017
8148,2020-12-05 12:00:00,0.000000000,0.190898588,0.234699152,0.238746861,0.248048915,0.268918698,3.502347545
8149,2020-12-05 13:00:00,0.000000000,0.190708040,0.235665311,0.239800947,0.249329828,0.270854689,3.486226706
8150,2020-12-05 14:00:00,0.000000000,0.190522207,0.236588025,0.240809121,0.250559505,0.272732160,3.269526678
8151,2020-12-05 15:00:00,0.000000000,0.190352618,0.237413799,0.241712628,0.251665375,0.274436951,4.277085463
8152,2020-12-05 16:00:00,0.000000000,0.190130611,0.238472129,0.242872335,0.253090278,0.276657177,2.985233436
8153,2020-12-05 17:00:00,0.000000000,0.189985445,0.239150681,0.243616935,0.254008437,0.278102358,5.585693725
8154,2020-12-05 18:00:00,2.101976871,0.189700727,0.240451773,0.245047001,0.255779208,0.280922986,0.000000000
8155,2020-12-05 19:00:00,2.429386377,0.189766329,0.240155415,0.244720994,0.255374668,0.280274637,2.101976884
8156,2020-12-05 20:00:00,3.384610891,0.189682852,0.240532176,0.245135476,0.255889084,0.281099496,1.129196960
8157,2020-12-05 21:00:00,5.067056656,0.189662185,0.240624949,0.245237578,0.256015931,0.281303488,0.000000000
8158,2020-12-05 22:00:00,6.287920952,0.189723373,0.240349698,0.244934696,0.255639792,0.280699277,0.000000000
8159,2020-12-05 23:00:00,7.030362129,0.189782565,0.240081755,0.244639989,0.255274230,0.280114035,0.077551994
8160,2020-12-06 00:00:00,7.630558968,0.189834072,0.239847246,0.244382164,0.254954760,0.279604164,0.176587858
8161,2020-12-06 01:00:00,7.916490555,0.189876648,0.239652447,0.244168074,0.254689724,0.279182277,0.223963977
8162,2020-12-06 02:00:00,8.010670662,0.189914429,0.239478856,0.243977351,0.254453800,0.278807569,0.241177293
8163,2020-12-06 03:00:00,7.879204750,0.189949782,0.239315791,0.243798241,0.254232399,0.278456644,0.207099016
8164,2020-12-06 04:00:00,7.723864555,0.189986507,0.239145755,0.243611526,0.254001758,0.278091803,0.179873243
8165,2020-12-06 05:00:00,7.567658901,0.190024061,0.238971198,0.243419901,0.253765223,0.277718408,0.155283811
8166,2020-12-06 06:00:00,7.430362701,0.190062224,0.238793099,0.243224444,0.253524136,0.277338624,0.133226729
8167,2020-12-06 07:00:00,7.304942131,0.190100789,0.238612384,0.243026173,0.253279762,0.276954477,0.114796710
8168,2020-12-06 08:00:00,7.186608791,0.190139479,0.238430334,0.242826498,0.253033841,0.276568723,0.098551126
8169,2020-12-06 09:00:00,7.078103542,0.190178131,0.238247714,0.242626257,0.252787410,0.276182989,0.083917238
8170,2020-12-06 10:00:00,6.984343529,0.190216627,0.238065077,0.242426057,0.252541214,0.275798441,0.069609214
8171,2020-12-06 11:00:00,6.897072792,0.190254947,0.237882524,0.242226007,0.252295388,0.275415280,0.056945392
8172,2020-12-06 12:00:00,6.794253349,0.190292977,0.237700606,0.242026713,0.252050674,0.275034649,0.049517226
8173,2020-12-06 13:00:00,6.687581062,0.190330348,0.237521107,0.241830125,0.251809459,0.274660235,0.045983668
8174,2020-12-06 14:00:00,6.553890705,0.190366804,0.237345304,0.241637640,0.251573451,0.274294641,0.048317916
8175,2020-12-06 15:00:00,6.393428326,0.190401956,0.237175131,0.241451371,0.251345224,0.273941790,0.055749734
8176,2020-12-06 16:00:00,6.205290794,0.190435485,0.237012208,0.241273085,0.251126926,0.273604921,0.064663129
8177,2020-12-06 17:00:00,5.986363888,0.190467340,0.236856859,0.241103131,0.250918962,0.273284571,0.073847168
8178,2020-12-06 18:00:00,5.747600555,0.190497562,0.236708981,0.240941389,0.250721168,0.272980398,0.082954456
8179,2020-12-06 19:00:00,5.521253586,0.190526209,0.236568350,0.240787609,0.250533218,0.272691827,0.088606082
8180,2020-12-06 20:00:00,5.364719391,0.190553580,0.236433576,0.240640265,0.250353235,0.272415906,0.079342165
8181,2020-12-06 21:00:00,5.233445168,0.190580762,0.236299324,0.240493524,0.250174084,0.272141667,0.069326605
8182,2020-12-06 22:00:00,5.115031242,0.190607814,0.236165314,0.240347078,0.249995389,0.271868526,0.059420750
8183,2020-12-06 23:00:00,5.012046337,0.190634732,0.236031573,0.240200956,0.249817183,0.271596531,0.049927899
8184,2020-12-07 00:00:00,4.935215950,0.190661490,0.235898230,0.240055301,0.249639641,0.271325940,0.038771504
8185,2020-12-07 01:00:00,4.869522572,0.190688208,0.235764689,0.239909459,0.249461965,0.271055536,0.027543849
8186,2020-12-07 02:00:00,4.847735405,0.190714893,0.235630923,0.239763402,0.249284120,0.270785263,0.010359361
8187,2020-12-07 03:00:00,4.837008476,0.190741958,0.235494838,0.239614844,0.249103326,0.270510906,0.000000000
8188,2020-12-07 04:00:00,4.846105099,0.190768916,0.235358885,0.239466463,0.248922844,0.270237419,0.000000000
8189,2020-12-07 05:00:00,4.859517574,0.190795047,0.235226708,0.239322232,0.248747501,0.269972099,0.000000000
8190,2020-12-07 06:00:00,4.868217468,0.190820379,0.235098205,0.239182039,0.248577154,0.269714692,0.000000000
8191,2020-12-07 07:00:00,4.880269051,0.190844937,0.234973277,0.239045773,0.248411660,0.269464954,0.000000000
8192,2020-12-07 08:00:00,4.892678738,0.190868746,0.234851829,0.238913328,0.248250883,0.269222648,0.000000000
8193,2020-12-07 09:00:00,4.904332638,0.190891831,0.234733767,0.238784599,0.248094690,0.268987544,0.000000000
8194,2020-12-07 10:00:00,4.918673515,0.190914214,0.234618998,0.238659484,0.247942951,0.268759422,0.000000000
8195,2020-12-07 11:00:00,4.931354046,0.190935917,0.234507435,0.238537885,0.247795539,0.268538066,0.000000000
8196,2020-12-07 12:00:00,4.920381069,0.190956963,0.234398991,0.238419704,0.247652332,0.268323270,0.000000000
8197,2020-12-07 13:00:00,4.880210400,0.190977372,0.234293580,0.238304848,0.247513212,0.268114833,0.000000000
8198,2020-12-07 14:00:00,4.805760860,0.190997165,0.234191120,0.238193226,0.247378062,0.267912561,0.000000000
8199,2020-12-07 15:00:00,4.701889515,0.191016360,0.234091531,0.238084748,0.247246770,0.267716266,0.000000000
8200,2020-12-07 16:00:00,4.568589687,0.191034977,0.233994734,0.237979328,0.247119226,0.267525767,0.000000000
8201,2020-12-07 17:00:00,4.431023598,0.191053033,0.233900654,0.237876881,0.246995324,0.267340888,0.000000000
8202,2020-12-07 18:00:00,4.275794983,0.191070547,0.233809215,0.237777324,0.246874961,0.267161458,0.000000000
8203,2020-12-07 19:00:00,4.135675430,0.191087535,0.233720345,0.237680578,0.246758035,0.266987313,0.000000000
8204,2020-12-07 20:00:00,4.136930943,0.191104014,0.233633974,0.237586564,0.246644450,0.266818293,0.000000000
8205,2020-12-07 21:00:00,4.120833397,0.191120000,0.233550033,0.237495208,0.246534111,0.266654243,0.000000000
8206,2020-12-07 22:00:00,4.127243996,0.191135507,0.233468456,0.237406434,0.246426925,0.266495014,0.000000000
8207,2020-12-07 23:00:00,4.112319946,0.191150551,0.233389176,0.237320172,0.246322802,0.266340461,0.000000000
8208,2020-12-08 00:00:00,4.110409737,0.191165146,0.233312130,0.237236350,0.246221656,0.266190444,0.000000000
8209,2020-12-08 01:00:00,4.103480816,0.191179306,0.233237257,0.237154902,0.246123401,0.266044826,0.000000000
8210,2020-12-08 02:00:00,4.097709656,0.191193044,0.233164497,0.237075761,0.246027956,0.265903476,0.000000000
8211,2020-12-08 03:00:00,4.088852882,0.191206374,0.233093791,0.236998862,0.245935241,0.265766266,0.000000000
8212,2020-12-08 04:00:00,4.077515602,0.191219307,0.233025081,0.236924143,0.245845176,0.265633073,0.000000000
8213,2020-12-08 05:00:00,4.075376034,0.191231857,0.232958314,0.236851543,0.245757688,0.265503776,0.000000000
8214,2020-12-08 06:00:00,4.073249817,0.191244034,0.232893434,0.236781002,0.245672703,0.265378260,0.000000000
8215,2020-12-08 07:00:00,4.065141201,0.191255850,0.232830389,0.236712463,0.245590149,0.265256411,0.000000000
8216,2020-12-08 08:00:00,4.056639194,0.191267317,0.232769128,0.236645870,0.245509958,0.265138122,0.000000000
8217,2020-12-08 09:00:00,4.051494598,0.191278444,0.232709601,0.236581168,0.245432061,0.265023285,0.000000000
8218,2020-12-08 10:00:00,4.045661926,0.191289242,0.232651760,0.236518303,0.245356393,0.264911800,0.000000000
8219,2020-12-08 11:00:00,4.038007259,0.191299721,0.232595558,0.236457225,0.245282891,0.264803566,0.000000000
8220,2020-12-08 12:00:00,4.012870789,0.191309891,0.232540949,0.236397883,0.245211493,0.264698487,0.000000000
8221,2020-12-08 13:00:00,3.970779896,0.191319761,0.232487888,0.236340229,0.245142139,0.264596469,0.000000000
8222,2020-12-08 14:00:00,3.915273428,0.191329340,0.232436332,0.236284214,0.245074770,0.264497423,0.000000000
8223,2020-12-08 15:00:00,3.850171328,0.191338638,0.232386239,0.236229792,0.245009330,0.264401260,0.000000000
8224,2020-12-08 16:00:00,3.767200470,0.191347661,0.232337568,0.236176919,0.244945764,0.264307896,0.000000000
8225,2020-12-08 17:00:00,3.666568518,0.191356419,0.232290279,0.236125551,0.244884018,0.264217247,0.000000000
8226,2020-12-08 18:00:00,3.561082840,0.191364920,0.232244333,0.236075646,0.244824040,0.264129234,0.000000000
8227,2020-12-08 19:00:00,3.441655397,0.191373171,0.232199692,0.236027162,0.244765781,0.264043780,0.000000000
8228,2020-12-08 20:00:00,3.394161463,0.191381180,0.232156321,0.235980059,0.244709189,0.263960808,0.000000000
8229,2020-12-08 21:00:00,3.345965862,0.191388955,0.232114182,0.235934297,0.244654219,0.263880246,0.000000000
8230,2020-12-08 22:00:00,3.305461407,0.191396501,0.232073241,0.235889840,0.244600824,0.263802024,0.000000000
8231,2020-12-08 23:00:00,3.265619993,0.191403826,0.232033465,0.235846650,0.244548958,0.263726071,0.000000000
8232,2020-12-09 00:00:00,3.230523109,0.191410937,0.231994821,0.235804692,0.244498578,0.263652323,0.000000000
8233,2020-12-09 01:00:00,3.199869394,0.191417840,0.231957277,0.235763930,0.244449641,0.263580714,0.000000000
8234,2020-12-09 02:00:00,3.191235542,0.191424540,0.231920801,0.235724330,0.244402107,0.263511181,0.000000000
8235,2020-12-09 03:00:00,3.198792458,0.191431045,0.231885364,0.235685860,0.244355935,0.263443664,0.000000000
8236,2020-12-09 04:00:00,3.206761122,0.191437360,0.231850937,0.235648488,0.244311086,0.263378104,0.000000000
8237,2020-12-09 05:00:00,3.213393927,0.191443491,0.231817490,0.235612182,0.244267522,0.263314443,0.000000000
8238,2020-12-09 06:00:00,3.225588322,0.191449442,0.231784996,0.235576912,0.244225206,0.263252626,0.000000000
8239,2020-12-09 07:00:00,3.238245964,0.191455220,0.231753428,0.235542649,0.244184104,0.263192600,0.000000000
8240,2020-12-09 08:00:00,3.249479294,0.191460830,0.231722760,0.235509365,0.244144179,0.263134311,0.000000000
8241,2020-12-09 09:00:00,3.262977362,0.191466276,0.231692967,0.235477031,0.244105399,0.263077709,0.000000000
8242,2020-12-09 10:00:00,3.273111343,0.191471563,0.231664023,0.235445620,0.244067730,0.263022745,0.000000000
8243,2020-12-09 11:00:00,3.276977539,0.191476696,0.231635905,0.235415107,0.244031141,0.262969371,0.000000000
8244,2020-12-09 12:00:00,3.257086039,0.191481680,0.231608589,0.235385465,0.243995602,0.262917541,0.000000000
8245,2020-12-09 13:00:00,3.206582308,0.191486519,0.231582052,0.235356670,0.243961080,0.262867209,0.000000000
8246,2020-12-09 14:00:00,3.126757383,0.191491217,0.231556273,0.235328698,0.243927549,0.262818333,0.000000000
8247,2020-12-09 15:00:00,3.020869255,0.191495779,0.231531229,0.235301526,0.243894979,0.262770870,0.000000000
8248,2020-12-09 16:00:00,2.891761065,0.191500208,0.231506901,0.235275130,0.243863343,0.262724778,0.000000000
8249,2020-12-09 17:00:00,2.784443617,0.191504508,0.231483267,0.235249489,0.243832614,0.262680017,0.000000000
8250,2020-12-09 18:00:00,2.003695965,0.191508683,0.231460308,0.235224581,0.243802766,0.262636550,0.662021631
8251,2020-12-09 19:00:00,0.000031435,0.191470218,0.231671386,0.235453611,0.244077313,0.263036726,2.003696204
8252,2020-12-09 20:00:00,0.000017374,0.191352003,0.232314129,0.236151458,0.244915157,0.264262957,0.000031435
8253,2020-12-09 21:00:00,0.000000000,0.191360632,0.232267517,0.236100827,0.244854303,0.264173637,0.000017374
8254,2020-12-09 22:00:00,0.000000000,0.191369008,0.232222224,0.236051633,0.244795184,0.264086904,0.000000000
8255,2020-12-09 23:00:00,0.000000000,0.191377139,0.232178212,0.236003833,0.244737751,0.264002679,0.000000000
8256,2020-12-10 00:00:00,0.000000000,0.191385032,0.232135450,0.235957394,0.244681963,0.263920901,0.000000000
8257,2020-12-10 01:00:00,0.000000000,0.191392693,0.232093905,0.235912279,0.244627772,0.263841498,0.000000000
8258,2020-12-10 02:00:00,0.005499446,0.191400130,0.232053541,0.235868449,0.244575134,0.263764401,0.000000000
8259,2020-12-10 03:00:00,0.000386224,0.191407349,0.232014326,0.235825869,0.244524005,0.263689540,0.005499447
8260,2020-12-10 04:00:00,0.000364214,0.191413992,0.231978208,0.235786654,0.244476922,0.263620631,0.000386224
8261,2020-12-10 05:00:00,0.000262484,0.191420780,0.231941275,0.235746557,0.244428787,0.263550206,0.000364214
8262,2020-12-10 06:00:00,0.000244138,0.191427371,0.231905387,0.235707596,0.244382022,0.263481808,0.000000000
8263,2020-12-10 07:00:00,0.000241394,0.191433793,0.231870389,0.235669603,0.244336425,0.263415142,0.000000000
8264,2020-12-10 08:00:00,0.003313429,0.191440028,0.231836388,0.235632695,0.244292135,0.263350409,0.000000000
8265,2020-12-10 09:00:00,0.004536076,0.191446080,0.231803355,0.235596840,0.244249114,0.263287550,0.000000000
8266,2020-12-10 10:00:00,0.005572337,0.191451956,0.231771264,0.235562008,0.244207326,0.263226512,0.000000000
8267,2020-12-10 11:00:00,0.007529944,0.191457661,0.231740088,0.235528171,0.244166736,0.263167241,0.000000000
8268,2020-12-10 12:00:00,0.000101517,0.191463199,0.231709800,0.235495300,0.244127309,0.263109687,0.007529945
8269,2020-12-10 13:00:00,0.000438314,0.191468080,0.231683094,0.235466317,0.244092550,0.263058959,0.000101517
8270,2020-12-10 14:00:00,0.000464592,0.191479752,0.231619158,0.235396934,0.244009353,0.262937594,0.000438314
8271,2020-12-10 15:00:00,0.000343596,0.191496737,0.231525965,0.235295814,0.243888133,0.262760895,0.000464592
8272,2020-12-10 16:00:00,0.000179474,0.191516928,0.231414936,0.235175359,0.243743789,0.262550692,0.000343596
8273,2020-12-10 17:00:00,0.000075901,0.191538984,0.231293351,0.235043475,0.243585817,0.262320895,0.000179474
8274,2020-12-10 18:00:00,0.000027540,0.191562280,0.231164582,0.234903824,0.243418616,0.262077961,0.000075901
8275,2020-12-10 19:00:00,0.000009568,0.191585550,0.231035593,0.234763960,0.243251239,0.261835065,0.000027540
8276,2020-12-10 20:00:00,0.000002690,0.191605556,0.230924412,0.234643427,0.243107058,0.261626065,0.000009568
8277,2020-12-10 21:00:00,0.000000000,0.191614796,0.230872977,0.234587673,0.243040385,0.261529491,0.000002690
8278,2020-12-10 22:00:00,0.000000000,0.191621862,0.230833599,0.234544990,0.242989351,0.261455603,0.000000000
8279,2020-12-10 23:00:00,0.000000000,0.191626010,0.230810466,0.234519918,0.242959376,0.261412216,0.000000000
8280,2020-12-11 00:00:00,0.000000000,0.191628884,0.230794433,0.234502541,0.242938603,0.261382154,0.000000000
8281,2020-12-11 01:00:00,0.000000000,0.191631097,0.230782085,0.234489157,0.242922605,0.261359005,0.000000000
8282,2020-12-11 02:00:00,0.000000000,0.191633087,0.230770977,0.234477118,0.242908215,0.261338185,0.000000000
8283,2020-12-11 03:00:00,0.000000000,0.191634610,0.230762474,0.234467903,0.242897200,0.261322251,0.000000000
8284,2020-12-11 04:00:00,0.000000000,0.191635946,0.230755016,0.234459820,0.242887539,0.261308275,0.000000000
8285,2020-12-11 05:00:00,0.000000000,0.191636907,0.230749649,0.234454004,0.242880587,0.261298219,0.000000000
8286,2020-12-11 06:00:00,0.000000000,0.191637258,0.230747691,0.234451882,0.242878052,0.261294551,0.000000000
8287,2020-12-11 07:00:00,0.000000000,0.191637598,0.230745790,0.234449822,0.242875589,0.261290989,0.000000000
8288,2020-12-11 08:00:00,0.000000000,0.191637929,0.230743943,0.234447820,0.242873197,0.261287529,0.000000000
8289,2020-12-11 09:00:00,0.000000000,0.191638250,0.230742150,0.234445877,0.242870874,0.261284169,0.000000000
8290,2020-12-11 10:00:00,0.000000000,0.191638562,0.230740407,0.234443988,0.242868617,0.261280905,0.000000000
8291,2020-12-11 11:00:00,0.000000000,0.191638865,0.230738715,0.234442154,0.242866425,0.261277735,0.000000000
8292,2020-12-11 12:00:00,0.000000000,0.191639159,0.230737071,0.234440373,0.242864296,0.261274656,0.000000000
8293,2020-12-11 13:00:00,0.000000000,0.191639445,0.230735475,0.234438643,0.242862228,0.261271665,0.000000000
8294,2020-12-11 14:00:00,0.000000000,0.191643045,0.230715355,0.234416839,0.242836170,0.261233982,0.000000000
8295,2020-12-11 15:00:00,0.000000000,0.191651520,0.230667966,0.234365485,0.242774805,0.261145268,0.000000000
8296,2020-12-11 16:00:00,0.000000000,0.191664453,0.230595552,0.234287020,0.242681062,0.261009820,0.000000000
8297,2020-12-11 17:00:00,0.000000000,0.191682925,0.230491929,0.234174752,0.242546978,0.260816243,0.000000000
8298,2020-12-11 18:00:00,0.000000000,0.191702546,0.230381607,0.234055245,0.242404303,0.260610464,0.000000000
8299,2020-12-11 19:00:00,0.000000000,0.191723577,0.230263071,0.233926862,0.242251093,0.260389724,0.000000000
8300,2020-12-11 20:00:00,0.000000000,0.191742380,0.230156833,0.233811816,0.242113854,0.260192199,0.000000000
8301,2020-12-11 21:00:00,0.000000000,0.191747772,0.230126323,0.233778780,0.242074455,0.260135527,0.000000000
8302,2020-12-11 22:00:00,0.000000000,0.191751518,0.230105115,0.233755818,0.242047073,0.260096150,0.000000000
8303,2020-12-11 23:00:00,0.000000000,0.191752800,0.230097854,0.233747956,0.242037698,0.260082670,0.000000000
8304,2020-12-12 00:00:00,0.000000000,0.191753205,0.230095561,0.233745473,0.242034736,0.260078412,0.000000000
8305,2020-12-12 01:00:00,0.000000000,0.191753552,0.230093594,0.233743344,0.242032197,0.260074762,0.000961430
8306,2020-12-12 02:00:00,0.000000000,0.191753173,0.230093594,0.233743344,0.242032197,0.260074762,0.000297003
8307,2020-12-12 03:00:00,0.000000000,0.191753055,0.230093594,0.233743344,0.242032197,0.260074762,0.000000000
8308,2020-12-12 04:00:00,0.000000000,0.191753588,0.230093391,0.233743124,0.242031935,0.260074385,0.011688721
8309,2020-12-12 05:00:00,0.000000000,0.191752813,0.230097779,0.233747875,0.242037601,0.260082531,0.007433015
8310,2020-12-12 06:00:00,0.000000000,0.191752320,0.230100570,0.233750897,0.242041204,0.260087711,0.000000000
8311,2020-12-12 07:00:00,0.000000000,0.191752663,0.230098629,0.233748796,0.242038699,0.260084109,0.008012179
8312,2020-12-12 08:00:00,0.000000000,0.191752132,0.230101638,0.233752053,0.242042582,0.260089693,0.007956344
8313,2020-12-12 09:00:00,0.000000000,0.191751604,0.230104625,0.233755287,0.242046439,0.260095239,0.006718387
8314,2020-12-12 10:00:00,0.000000000,0.191751159,0.230107147,0.233758018,0.242049696,0.260099922,0.006327865
8315,2020-12-12 11:00:00,0.000000000,0.191750739,0.230109523,0.233760590,0.242052763,0.260104333,0.002043999
8316,2020-12-12 12:00:00,0.000000000,0.191750604,0.230110290,0.233761421,0.242053754,0.260105758,0.000000000
8317,2020-12-12 13:00:00,0.000000000,0.191752868,0.230097467,0.233747537,0.242037197,0.260081951,0.000000000
8318,2020-12-12 14:00:00,0.000000000,0.191756603,0.230076310,0.233724630,0.242009884,0.260042683,0.000000000
8319,2020-12-12 15:00:00,0.000000000,0.191760551,0.230053934,0.233700404,0.241981000,0.260001165,0.266878615
8320,2020-12-12 16:00:00,0.000000000,0.191747092,0.230130170,0.233782947,0.242079423,0.260142673,2.175137843
8321,2020-12-12 17:00:00,0.000000000,0.191618887,0.230850181,0.234562963,0.243010839,0.261486711,1.473081625
8322,2020-12-12 18:00:00,0.000000000,0.191535117,0.231314690,0.235066620,0.243613535,0.262361197,1.636196714
8323,2020-12-12 19:00:00,0.000000000,0.191443371,0.231818141,0.235612889,0.244268370,0.263315683,0.457459350
8324,2020-12-12 20:00:00,0.000000000,0.191429968,0.231891238,0.235692237,0.244363588,0.263454853,1.157486395
8325,2020-12-12 21:00:00,0.000000000,0.191364201,0.232248220,0.236079868,0.244829114,0.264136678,0.299999999
8326,2020-12-12 22:00:00,0.000000000,0.191353572,0.232305657,0.236142256,0.244904096,0.264246719,0.100000008
8327,2020-12-12 23:00:00,0.000000000,0.191356060,0.232292222,0.236127662,0.244886554,0.264220970,0.000000000
8328,2020-12-13 00:00:00,0.000000000,0.191364655,0.232245765,0.236077201,0.244825909,0.264131976,0.001412670
8329,2020-12-13 01:00:00,0.000000000,0.191372821,0.232201592,0.236029224,0.244768259,0.264047414,0.000000000
8330,2020-12-13 02:00:00,0.000000000,0.191380844,0.232158144,0.235982038,0.244711568,0.263964294,0.003129977
8331,2020-12-13 03:00:00,0.000000000,0.191388420,0.232117080,0.235937444,0.244657999,0.263885785,0.003601898
8332,2020-12-13 04:00:00,0.000000000,0.191395743,0.232077354,0.235894306,0.244606187,0.263809878,0.003810349
8333,2020-12-13 05:00:00,0.000000000,0.191402838,0.232038833,0.235852479,0.244555956,0.263736318,0.003109483
8334,2020-12-13 06:00:00,0.000000000,0.191409772,0.232001156,0.235811570,0.244506836,0.263664410,0.002217962
8335,2020-12-13 07:00:00,0.000000000,0.191416562,0.231964231,0.235771479,0.244458705,0.263593974,0.002460072
8336,2020-12-13 08:00:00,0.000000000,0.191423137,0.231928444,0.235732627,0.244412066,0.263525747,0.002463196
8337,2020-12-13 09:00:00,0.000000000,0.191429520,0.231893677,0.235694884,0.244366766,0.263459500,0.009926191
8338,2020-12-13 10:00:00,0.000000000,0.191435223,0.231862591,0.235661139,0.244326267,0.263400294,0.003469884
8339,2020-12-13 11:00:00,0.000000000,0.191441187,0.231830064,0.235625830,0.244283898,0.263338372,0.004661779
8340,2020-12-13 12:00:00,0.000000000,0.191446898,0.231798893,0.235591996,0.244243303,0.263279061,0.000000000
8341,2020-12-13 13:00:00,0.000000000,0.191454332,0.231758285,0.235547920,0.244190427,0.263201833,0.000000000
8342,2020-12-13 14:00:00,0.000000000,0.191464813,0.231700972,0.235485719,0.244115818,0.263092915,0.000000000
8343,2020-12-13 15:00:00,0.000000000,0.191479394,0.231621123,0.235399066,0.244011908,0.262941321,0.000000000
8344,2020-12-13 16:00:00,0.000000000,0.191497676,0.231520807,0.235290217,0.243881425,0.262751121,0.000000000
8345,2020-12-13 17:00:00,0.000000000,0.191521529,0.231389599,0.235147874,0.243710861,0.262502771,0.000000000
8346,2020-12-13 18:00:00,0.000000000,0.191548481,0.231240897,0.234986585,0.243517694,0.262221881,0.000000000
8347,2020-12-13 19:00:00,0.000000000,0.191577612,0.231079635,0.234811713,0.243308377,0.261917949,0.000000000
8348,2020-12-13 20:00:00,0.000000000,0.191603457,0.230936094,0.234656091,0.243122204,0.261648010,0.000000000
8349,2020-12-13 21:00:00,0.000000000,0.191613915,0.230877880,0.234592987,0.243046739,0.261538693,0.000000000
8350,2020-12-13 22:00:00,0.000000000,0.191621446,0.230835919,0.234547505,0.242992358,0.261459956,0.000000000
8351,2020-12-13 23:00:00,0.000000000,0.191628364,0.230797339,0.234505690,0.242942368,0.261387601,0.000000000
8352,2020-12-14 00:00:00,0.000000000,0.191634966,0.230760490,0.234465753,0.242894630,0.261318532,0.000000000
8353,2020-12-14 01:00:00,0.000000000,0.191642217,0.230719983,0.234421854,0.242842164,0.261242649,0.000000000
8354,2020-12-14 02:00:00,0.000000000,0.191648576,0.230684435,0.234383332,0.242796129,0.261176091,0.000000000
8355,2020-12-14 03:00:00,0.000000000,0.191654261,0.230652626,0.234348862,0.242754943,0.261116562,0.000000000
8356,2020-12-14 04:00:00,0.000000000,0.191657845,0.230632567,0.234327128,0.242728976,0.261079039,0.000000000
8357,2020-12-14 05:00:00,0.000000000,0.191661282,0.230613318,0.234306270,0.242704058,0.261043038,0.000000000
8358,2020-12-14 06:00:00,0.000000000,0.191664049,0.230597815,0.234289472,0.242683991,0.261014051,0.000000000
8359,2020-12-14 07:00:00,0.000000000,0.191666081,0.230586430,0.234277136,0.242669256,0.260992768,0.000000000
8360,2020-12-14 08:00:00,0.000000000,0.191667897,0.230576252,0.234266109,0.242656084,0.260973745,0.000000000
8361,2020-12-14 09:00:00,0.000000000,0.191669473,0.230567413,0.234256533,0.242644646,0.260957228,0.000000000
8362,2020-12-14 10:00:00,0.000000000,0.191670683,0.230560629,0.234249182,0.242635866,0.260944550,0.000000000
8363,2020-12-14 11:00:00,0.000000000,0.191671915,0.230553723,0.234241699,0.242626929,0.260931645,0.000000000
8364,2020-12-14 12:00:00,0.000000000,0.191673476,0.230544967,0.234232213,0.242615599,0.260915288,0.000000000
8365,2020-12-14 13:00:00,0.106989652,0.191678037,0.230519372,0.234204483,0.242582482,0.260867482,0.000000000
8366,2020-12-14 14:00:00,0.421284407,0.191684045,0.230485641,0.234167941,0.242538845,0.260804507,0.106989656
8367,2020-12-14 15:00:00,0.362100691,0.191683308,0.230489778,0.234172423,0.242544197,0.260812229,0.421284435
8368,2020-12-14 16:00:00,0.445131332,0.191661985,0.230609380,0.234302003,0.242698961,0.261035675,0.362100698
8369,2020-12-14 17:00:00,0.121226601,0.191645475,0.230701774,0.234402121,0.242818582,0.261208551,0.445131343
8370,2020-12-14 18:00:00,0.103696436,0.191624118,0.230821020,0.234531357,0.242973052,0.261432009,0.121226613
8371,2020-12-14 19:00:00,0.068251476,0.191625933,0.230810901,0.234520389,0.242959939,0.261413031,0.603696446
8372,2020-12-14 20:00:00,0.523522079,0.191598807,0.230961952,0.234684123,0.243155732,0.261696597,0.068251478
8373,2020-12-14 21:00:00,0.052132361,0.191598733,0.230962362,0.234684567,0.243156263,0.261697367,0.523522141
8374,2020-12-14 22:00:00,0.043807745,0.191568496,0.231130158,0.234866495,0.243373937,0.262013094,0.052132362
8375,2020-12-14 23:00:00,0.043580789,0.191568683,0.231129126,0.234865376,0.243372597,0.262011149,0.043807748
8376,2020-12-15 00:00:00,0.026959507,0.191569088,0.231126878,0.234862939,0.243369680,0.262006915,0.043580790
8377,2020-12-15 01:00:00,0.027281722,0.191569392,0.231125193,0.234861112,0.243367494,0.262003741,0.026959510
8378,2020-12-15 02:00:00,0.023879588,0.191571144,0.231115487,0.234850586,0.243354897,0.261985457,0.027281722
8379,2020-12-15 03:00:00,0.023572413,0.191572453,0.231108236,0.234842725,0.243345488,0.261971802,0.023879588
8380,2020-12-15 04:00:00,0.017662473,0.191574602,0.231096321,0.234829805,0.243330027,0.261949364,0.023572414
8381,2020-12-15 05:00:00,0.020648481,0.191576274,0.231087056,0.234819759,0.243318005,0.261931919,0.017662473
8382,2020-12-15 06:00:00,0.018857323,0.191577217,0.231081825,0.234814087,0.243311218,0.261922072,0.020648483
8383,2020-12-15 07:00:00,0.016856596,0.191577938,0.231077826,0.234809751,0.243306029,0.261914542,0.014399287
8384,2020-12-15 08:00:00,0.017439865,0.191579047,0.231071678,0.234803085,0.243298053,0.261902971,0.000000000
8385,2020-12-15 09:00:00,0.013007795,0.191581064,0.231060490,0.234790954,0.243283537,0.261881913,0.000000000
8386,2020-12-15 10:00:00,0.009037109,0.191583022,0.231049622,0.234779171,0.243269438,0.261861461,0.000000000
8387,2020-12-15 11:00:00,0.010025008,0.191584925,0.231039065,0.234767725,0.243255743,0.261841598,0.000000000
8388,2020-12-15 12:00:00,0.008096404,0.191586772,0.231028811,0.234756607,0.243242442,0.261822306,0.010025008
8389,2020-12-15 13:00:00,0.018666133,0.191587912,0.231022484,0.234749748,0.243234235,0.261810405,0.008096405
8390,2020-12-15 14:00:00,0.016011525,0.191589144,0.231015640,0.234742327,0.243225358,0.261797532,0.018666134
8391,2020-12-15 15:00:00,0.012523374,0.191589652,0.231012821,0.234739271,0.243221702,0.261792231,0.016011527
8392,2020-12-15 16:00:00,0.007471140,0.191604514,0.230930213,0.234649716,0.243114579,0.261636962,0.012523374
8393,2020-12-15 17:00:00,0.003794531,0.191621565,0.230835252,0.234546783,0.242991494,0.261458704,0.007471141
8394,2020-12-15 18:00:00,0.001734854,0.191639894,0.230732964,0.234435922,0.242858976,0.261266962,0.003794531
8395,2020-12-15 19:00:00,0.000671693,0.191658480,0.230629011,0.234323275,0.242724373,0.261072388,0.001734854
8396,2020-12-15 20:00:00,0.000233759,0.191675857,0.230531608,0.234217739,0.242598313,0.260890333,0.000671693
8397,2020-12-15 21:00:00,0.000092940,0.191685789,0.230475843,0.234157327,0.242526171,0.260786220,0.000233759
8398,2020-12-15 22:00:00,0.000115589,0.191692961,0.230435534,0.234113660,0.242474035,0.260711012,0.000000000
8399,2020-12-15 23:00:00,0.000147317,0.191699590,0.230398244,0.234073267,0.242425814,0.260641477,0.000000000
8400,2020-12-16 00:00:00,0.000121231,0.191699590,0.230398244,0.234073267,0.242425814,0.260641477,0.000000000
8401,2020-12-16 01:00:00,0.000181396,0.191699590,0.230398244,0.234073267,0.242425814,0.260641477,0.000000000
8402,2020-12-16 02:00:00,0.000274338,0.191699590,0.230398244,0.234073267,0.242425814,0.260641477,0.000000000
8403,2020-12-16 03:00:00,0.000182699,0.191699590,0.230398244,0.234073267,0.242425814,0.260641477,0.000000000
8404,2020-12-16 04:00:00,0.000273718,0.191699590,0.230398244,0.234073267,0.242425814,0.260641477,0.000000000
8405,2020-12-16 05:00:00,0.000356980,0.191699590,0.230398244,0.234073267,0.242425814,0.260641477,0.000000000
8406,2020-12-16 06:00:00,0.000478796,0.191699590,0.230398244,0.234073267,0.242425814,0.260641477,0.000000000
8407,2020-12-16 07:00:00,0.000517021,0.191699590,0.230398244,0.234073267,0.242425814,0.260641477,0.000000000
8408,2020-12-16 08:00:00,0.000690450,0.191699590,0.230398244,0.234073267,0.242425814,0.260641477,0.000000000
8409,2020-12-16 09:00:00,0.000378651,0.191699590,0.230398244,0.234073267,0.242425814,0.260641477,0.000000000
8410,2020-12-16 10:00:00,0.000470324,0.191699590,0.230398244,0.234073267,0.242425814,0.260641477,0.000000000
8411,2020-12-16 11:00:00,0.000586343,0.191699590,0.230398244,0.234073267,0.242425814,0.260641477,0.000000000
8412,2020-12-16 12:00:00,0.000832970,0.191699590,0.230398244,0.234073267,0.242425814,0.260641477,0.000000000
8413,2020-12-16 13:00:00,0.000978248,0.191699590,0.230398244,0.234073267,0.242425814,0.260641477,0.000000000
8414,2020-12-16 14:00:00,0.001333501,0.191699590,0.230398244,0.234073267,0.242425814,0.260641477,0.000978248
8415,2020-12-16 15:00:00,0.001580388,0.191699205,0.230398244,0.234073267,0.242425814,0.260641477,0.001333501
8416,2020-12-16 16:00:00,0.001203858,0.191699436,0.230399111,0.234074205,0.242426935,0.260643092,0.001580388
8417,2020-12-16 17:00:00,0.000898478,0.191699331,0.230399703,0.234074847,0.242427700,0.260644196,0.001203858
8418,2020-12-16 18:00:00,0.000595327,0.191699251,0.230400154,0.234075336,0.242428284,0.260645038,0.000898478
8419,2020-12-16 19:00:00,0.000351307,0.191698897,0.230400154,0.234075336,0.242428284,0.260645038,0.000595328
8420,2020-12-16 20:00:00,0.000161049,0.191698662,0.230400154,0.234075336,0.242428284,0.260645038,0.000000000
8421,2020-12-16 21:00:00,0.000023688,0.191698662,0.230400154,0.234075336,0.242428284,0.260645038,0.000000000
8422,2020-12-16 22:00:00,0.000020136,0.191698662,0.230400154,0.234075336,0.242428284,0.260645038,0.000000000
8423,2020-12-16 23:00:00,0.000014048,0.191698662,0.230400154,0.234075336,0.242428284,0.260645038,0.000000000
8424,2020-12-17 00:00:00,0.231594399,0.191698662,0.230400154,0.234075336,0.242428284,0.260645038,0.000000000
8425,2020-12-17 01:00:00,0.467905104,0.191698662,0.230400154,0.234075336,0.242428284,0.260645038,0.000000000
8426,2020-12-17 02:00:00,1.073035598,0.191698662,0.230400154,0.234075336,0.242428284,0.260645038,0.000000000
8427,2020-12-17 03:00:00,1.975349665,0.191698662,0.230400154,0.234075336,0.242428284,0.260645038,0.000000000
8428,2020-12-17 04:00:00,2.853357077,0.191698662,0.230400154,0.234075336,0.242428284,0.260645038,0.000000000
8429,2020-12-17 05:00:00,4.711917877,0.191698662,0.230400154,0.234075336,0.242428284,0.260645038,0.000000000
8430,2020-12-17 06:00:00,6.544185638,0.191698662,0.230400154,0.234075336,0.242428284,0.260645038,0.000000000
8431,2020-12-17 07:00:00,7.510169983,0.191698662,0.230400154,0.234075336,0.242428284,0.260645038,0.000000000
8432,2020-12-17 08:00:00,8.508398056,0.191698662,0.230400154,0.234075336,0.242428284,0.260645038,0.000000000
8433,2020-12-17 09:00:00,9.413673401,0.191698662,0.230400154,0.234075336,0.242428284,0.260645038,0.000000000
8434,2020-12-17 10:00:00,10.562464714,0.191698662,0.230400154,0.234075336,0.242428284,0.260645038,0.000000000
8435,2020-12-17 11:00:00,11.484453201,0.191698662,0.230400154,0.234075336,0.242428284,0.260645038,0.000000000
8436,2020-12-17 12:00:00,12.509573936,0.191698662,0.230400154,0.234075336,0.242428284,0.260645038,0.000000000
8437,2020-12-17 13:00:00,13.156527519,0.191698662,0.230400154,0.234075336,0.242428284,0.260645038,0.000000000
8438,2020-12-17 14:00:00,13.720883369,0.191698662,0.230400154,0.234075336,0.242428284,0.260645038,0.000000000
8439,2020-12-17 15:00:00,14.081002235,0.191698662,0.230400154,0.234075336,0.242428284,0.260645038,0.000000000
8440,2020-12-17 16:00:00,14.275333405,0.191698662,0.230400154,0.234075336,0.242428284,0.260645038,0.000000000
8441,2020-12-17 17:00:00,14.433058739,0.191698662,0.230400154,0.234075336,0.242428284,0.260645038,0.000000000
8442,2020-12-17 18:00:00,14.518928528,0.191698662,0.230400154,0.234075336,0.242428284,0.260645038,0.000000000
8443,2020-12-17 19:00:00,14.564037323,0.191698662,0.230400154,0.234075336,0.242428284,0.260645038,0.000000000
8444,2020-12-17 20:00:00,14.624627113,0.191698662,0.230400154,0.234075336,0.242428284,0.260645038,0.000000000
8445,2020-12-17 21:00:00,14.618051529,0.191698662,0.230400154,0.234075336,0.242428284,0.260645038,0.000000000
8446,2020-12-17 22:00:00,14.607482910,0.191698662,0.230400154,0.234075336,0.242428284,0.260645038,0.000000000
8447,2020-12-17 23:00:00,14.596350670,0.191698662,0.230400154,0.234075336,0.242428284,0.260645038,0.000000000
8448,2020-12-18 00:00:00,14.582847595,0.191698662,0.230400154,0.234075336,0.242428284,0.260645038,0.000000000
8449,2020-12-18 01:00:00,14.571594238,0.191698662,0.230400154,0.234075336,0.242428284,0.260645038,0.000000000
8450,2020-12-18 02:00:00,14.560722351,0.191698662,0.230400154,0.234075336,0.242428284,0.260645038,0.000000000
8451,2020-12-18 03:00:00,14.548873901,0.191698662,0.230400154,0.234075336,0.242428284,0.260645038,0.000000000
8452,2020-12-18 04:00:00,14.537137985,0.191698662,0.230400154,0.234075336,0.242428284,0.260645038,0.000000000
8453,2020-12-18 05:00:00,14.525407791,0.191698662,0.230400154,0.234075336,0.242428284,0.260645038,0.000000000
8454,2020-12-18 06:00:00,14.513431549,0.191698662,0.230400154,0.234075336,0.242428284,0.260645038,0.000000000
8455,2020-12-18 07:00:00,14.502582550,0.191698662,0.230400154,0.234075336,0.242428284,0.260645038,0.000000000
8456,2020-12-18 08:00:00,14.497390747,0.191698662,0.230400154,0.234075336,0.242428284,0.260645038,0.000000000
8457,2020-12-18 09:00:00,14.486124039,0.191698662,0.230400154,0.234075336,0.242428284,0.260645038,0.000000000
8458,2020-12-18 10:00:00,14.480832100,0.191698662,0.230400154,0.234075336,0.242428284,0.260645038,0.000000000
8459,2020-12-18 11:00:00,14.472083092,0.191698662,0.230400154,0.234075336,0.242428284,0.260645038,0.000000000
8460,2020-12-18 12:00:00,14.446321487,0.191698662,0.230400154,0.234075336,0.242428284,0.260645038,0.000000000
8461,2020-12-18 13:00:00,14.406009674,0.191698662,0.230400154,0.234075336,0.242428284,0.260645038,0.000000000
8462,2020-12-18 14:00:00,14.350572586,0.191698662,0.230400154,0.234075336,0.242428284,0.260645038,0.000000000
8463,2020-12-18 15:00:00,14.275909424,0.191698662,0.230400154,0.234075336,0.242428284,0.260645038,0.000000000
8464,2020-12-18 16:00:00,14.186292648,0.191698662,0.230400154,0.234075336,0.242428284,0.260645038,0.000000000
8465,2020-12-18 17:00:00,14.069117546,0.191698662,0.230400154,0.234075336,0.242428284,0.260645038,0.000000000
8466,2020-12-18 18:00:00,13.929657936,0.191698662,0.230400154,0.234075336,0.242428284,0.260645038,0.000000000
8467,2020-12-18 19:00:00,13.794641495,0.191698662,0.230400154,0.234075336,0.242428284,0.260645038,0.000000000
8468,2020-12-18 20:00:00,13.766851425,0.191698662,0.230400154,0.234075336,0.242428284,0.260645038,0.000000000
8469,2020-12-18 21:00:00,13.779459953,0.191698662,0.230400154,0.234075336,0.242428284,0.260645038,0.000000000
8470,2020-12-18 22:00:00,13.790688515,0.191698662,0.230400154,0.234075336,0.242428284,0.260645038,0.000000000
8471,2020-12-18 23:00:00,13.802136421,0.191698662,0.230400154,0.234075336,0.242428284,0.260645038,0.000000000
8472,2020-12-19 00:00:00,13.813271523,0.191698662,0.230400154,0.234075336,0.242428284,0.260645038,0.000000000
8473,2020-12-19 01:00:00,13.823763847,0.191698662,0.230400154,0.234075336,0.242428284,0.260645038,0.000000000
8474,2020-12-19 02:00:00,13.833068848,0.191698662,0.230400154,0.234075336,0.242428284,0.260645038,0.000000000
8475,2020-12-19 03:00:00,13.841310501,0.191698662,0.230400154,0.234075336,0.242428284,0.260645038,0.000000000
8476,2020-12-19 04:00:00,13.848568916,0.191698662,0.230400154,0.234075336,0.242428284,0.260645038,0.000000000
8477,2020-12-19 05:00:00,13.856349945,0.191698662,0.230400154,0.234075336,0.242428284,0.260645038,0.000000000
8478,2020-12-19 06:00:00,13.863903046,0.191698662,0.230400154,0.234075336,0.242428284,0.260645038,0.000000000
8479,2020-12-19 07:00:00,13.871245384,0.191698662,0.230400154,0.234075336,0.242428284,0.260645038,0.000000000
8480,2020-12-19 08:00:00,13.879346848,0.191698662,0.230400154,0.234075336,0.242428284,0.260645038,0.000000000
8481,2020-12-19 09:00:00,13.886733055,0.191698662,0.230400154,0.234075336,0.242428284,0.260645038,0.000000000
8482,2020-12-19 10:00:00,13.893241882,0.191698662,0.230400154,0.234075336,0.242428284,0.260645038,0.000000000
8483,2020-12-19 11:00:00,13.900123596,0.191698662,0.230400154,0.234075336,0.242428284,0.260645038,0.000000000
8484,2020-12-19 12:00:00,13.892597198,0.191698662,0.230400154,0.234075336,0.242428284,0.260645038,0.000000000
8485,2020-12-19 13:00:00,13.864668846,0.191698662,0.230400154,0.234075336,0.242428284,0.260645038,0.000000000
8486,2020-12-19 14:00:00,13.806461334,0.191698662,0.230400154,0.234075336,0.242428284,0.260645038,0.000000000
8487,2020-12-19 15:00:00,13.709966660,0.191698662,0.230400154,0.234075336,0.242428284,0.260645038,0.000000000
8488,2020-12-19 16:00:00,13.421940804,0.191698662,0.230400154,0.234075336,0.242428284,0.260645038,0.174688923
8489,2020-12-19 17:00:00,13.080673218,0.191687585,0.230465753,0.234146396,0.242513120,0.260767390,0.215585425
8490,2020-12-19 18:00:00,12.572669029,0.191673316,0.230545859,0.234233180,0.242616754,0.260916955,0.383979031
8491,2020-12-19 19:00:00,11.703204155,0.191648051,0.230687369,0.234386511,0.242799928,0.261181583,0.766065023
8492,2020-12-19 20:00:00,11.396793365,0.191599598,0.230957554,0.234679355,0.243150029,0.261688331,0.314974926
8493,2020-12-19 21:00:00,11.142514229,0.191580697,0.231062522,0.234793158,0.243286174,0.261885737,0.262750359
8494,2020-12-19 22:00:00,10.931152344,0.191565655,0.231145892,0.234883557,0.243394357,0.262042738,0.219329399
8495,2020-12-19 23:00:00,10.750026703,0.191553820,0.231211382,0.234954576,0.243479371,0.262166201,0.183496712
8496,2020-12-20 00:00:00,10.598822594,0.191544628,0.231262188,0.235009676,0.243545342,0.262262061,0.153359693
8497,2020-12-20 01:00:00,10.473569870,0.191537644,0.231300748,0.235051498,0.243595424,0.262334863,0.127743269
8498,2020-12-20 02:00:00,10.374121666,0.191532520,0.231329019,0.235082162,0.243632149,0.262388266,0.105338944
8499,2020-12-20 03:00:00,10.293429375,0.191528998,0.231348438,0.235103226,0.243657378,0.262424960,0.085942351
8500,2020-12-20 04:00:00,10.229326248,0.191526841,0.231360330,0.235116125,0.243672829,0.262447436,0.069102701
8501,2020-12-20 05:00:00,10.178930283,0.191525845,0.231365822,0.235122082,0.243679965,0.262457817,0.054649770
8502,2020-12-20 06:00:00,10.141424179,0.191525708,0.231365822,0.235122082,0.243679965,0.262457817,0.041569861
8503,2020-12-20 07:00:00,10.115297318,0.191526654,0.231361363,0.235117245,0.243674171,0.262449388,0.029893927
8504,2020-12-20 08:00:00,10.094796181,0.191528227,0.231352692,0.235107840,0.243662905,0.262432999,0.021306785
8505,2020-12-20 09:00:00,10.084643364,0.191530317,0.231341168,0.235095340,0.243647932,0.262411221,0.012665110
8506,2020-12-20 10:00:00,10.081930161,0.191532913,0.231326850,0.235079810,0.243629332,0.262384169,0.004840472
8507,2020-12-20 11:00:00,10.081247330,0.191535947,0.231310113,0.235061655,0.243607589,0.262352550,0.000000000
8508,2020-12-20 12:00:00,10.057918549,0.191539210,0.231292102,0.235042120,0.243584194,0.262318536,0.000000000
8509,2020-12-20 13:00:00,10.014596939,0.191542379,0.231274606,0.235023144,0.243561470,0.262285502,0.000000000
8510,2020-12-20 14:00:00,9.931875229,0.191545456,0.231257610,0.235004711,0.243539398,0.262253421,0.015847656
8511,2020-12-20 15:00:00,9.796808243,0.191547406,0.231246836,0.234993026,0.243525406,0.262233087,0.048516887
8512,2020-12-20 16:00:00,9.426635742,0.191547165,0.231248171,0.234994473,0.243527139,0.262235606,0.268631683
8513,2020-12-20 17:00:00,8.252243042,0.191532668,0.231328202,0.235081275,0.243631087,0.262386721,1.196891162
8514,2020-12-20 18:00:00,5.470140934,0.191460683,0.231723562,0.235510235,0.244145223,0.263135834,2.930193841
8515,2020-12-20 19:00:00,2.946957588,0.191290901,0.232642865,0.236508636,0.245344758,0.264894663,3.080898250
8516,2020-12-20 20:00:00,3.079556465,0.191115631,0.233572989,0.237520191,0.246564281,0.266699086,0.000128269
8517,2020-12-20 21:00:00,3.091393709,0.191131260,0.233490811,0.237430760,0.246456293,0.266538629,0.000100553
8518,2020-12-20 22:00:00,3.108782291,0.191146424,0.233410937,0.237343849,0.246351378,0.266382865,0.000099480
8519,2020-12-20 23:00:00,3.131138802,0.191161136,0.233333313,0.237259396,0.246249462,0.266231673,0.000000000
8520,2020-12-21 00:00:00,3.145386219,0.191175415,0.233257843,0.237177295,0.246150412,0.266084846,0.000000000
8521,2020-12-21 01:00:00,3.162425280,0.191189269,0.233184502,0.237097519,0.246054195,0.265942324,0.000000000
8522,2020-12-21 02:00:00,3.173118591,0.191202711,0.233113231,0.237020004,0.245960728,0.265803976,0.000000000
8523,2020-12-21 03:00:00,3.182892323,0.191215753,0.233043972,0.236944686,0.245869935,0.265669679,0.000154694
8524,2020-12-21 04:00:00,3.188411951,0.191228398,0.232976726,0.236871563,0.245781812,0.265539419,0.003629850
8525,2020-12-21 05:00:00,3.192365885,0.191240434,0.232912625,0.236801867,0.245697839,0.265415374,0.006409734
8526,2020-12-21 06:00:00,3.192870378,0.191251926,0.232851333,0.236735232,0.245617572,0.265296878,0.008612357
8527,2020-12-21 07:00:00,3.192313671,0.191262932,0.232792565,0.236671346,0.245540634,0.265183364,0.010337749
8528,2020-12-21 08:00:00,3.193696976,0.191273496,0.232736079,0.236609947,0.245466707,0.265074354,0.011645309
8529,2020-12-21 09:00:00,3.195540428,0.191283661,0.232681663,0.236550803,0.245395510,0.264969425,0.012643613
8530,2020-12-21 10:00:00,3.195647478,0.191293460,0.232629148,0.236493729,0.245326818,0.264868243,0.013377583
8531,2020-12-21 11:00:00,3.194524288,0.191302920,0.232578386,0.236438564,0.245260437,0.264770513,0.013860187
8532,2020-12-21 12:00:00,3.190087318,0.191312071,0.232529237,0.236385157,0.245196183,0.264675962,0.000000000
8533,2020-12-21 13:00:00,2.458833933,0.191321876,0.232476508,0.236327864,0.245127267,0.264574600,0.739009954
8534,2020-12-21 14:00:00,0.862741292,0.191283358,0.232683286,0.236552567,0.245397633,0.264972553,1.580804428
8535,2020-12-21 15:00:00,0.817587972,0.191193869,0.233160128,0.237071009,0.246022226,0.265894993,0.000000000
8536,2020-12-21 16:00:00,0.030373249,0.191207174,0.233089545,0.236994245,0.245929674,0.265758031,0.772820579
8537,2020-12-21 17:00:00,0.011922382,0.191169465,0.233289303,0.237211518,0.246191697,0.266146031,0.030373253
8538,2020-12-21 18:00:00,0.006652587,0.191183591,0.233214578,0.237130233,0.246093647,0.266000750,0.011922382
8539,2020-12-21 19:00:00,0.003636086,0.191197562,0.233140544,0.237049709,0.245996543,0.265856977,0.006652587
8540,2020-12-21 20:00:00,0.003300283,0.191213290,0.233057059,0.236958917,0.245887088,0.265695044,0.008816239
8541,2020-12-21 21:00:00,0.000407815,0.191225426,0.232992542,0.236888760,0.245802535,0.265570043,0.003300283
8542,2020-12-21 22:00:00,0.000256127,0.191237698,0.232927204,0.236817718,0.245716935,0.265443576,0.000000000
8543,2020-12-21 23:00:00,0.000229274,0.191249824,0.232862551,0.236747427,0.245632261,0.265318557,0.000000000
8544,2020-12-22 00:00:00,0.000907044,0.191261515,0.232800136,0.236679577,0.245550545,0.265197983,0.000000000
8545,2020-12-22 01:00:00,0.000217272,0.191272813,0.232739732,0.236613917,0.245471487,0.265081399,0.000000000
8546,2020-12-22 02:00:00,0.000616047,0.191283778,0.232681037,0.236550122,0.245394691,0.264968218,0.000000000
8547,2020-12-22 03:00:00,0.002256041,0.191294418,0.232624005,0.236488140,0.245320092,0.264858339,0.000000000
8548,2020-12-22 04:00:00,0.003320063,0.191304745,0.232568590,0.236427919,0.245247629,0.264751663,0.000000000
8549,2020-12-22 05:00:00,0.004892480,0.191314767,0.232514745,0.236369411,0.245177241,0.264648096,0.000000000
8550,2020-12-22 06:00:00,0.006329381,0.191324493,0.232462428,0.236312566,0.245108867,0.264547547,0.000000000
8551,2020-12-22 07:00:00,0.007848719,0.191333933,0.232411594,0.236257338,0.245042451,0.264449925,0.000000000
8552,2020-12-22 08:00:00,0.009963421,0.191343095,0.232362203,0.236203681,0.244977936,0.264355144,0.000000000
8553,2020-12-22 09:00:00,0.011510562,0.191351987,0.232314215,0.236151551,0.244915269,0.264263122,0.000000000
8554,2020-12-22 10:00:00,0.012869154,0.191360618,0.232267589,0.236100906,0.244854397,0.264173775,0.000000000
8555,2020-12-22 11:00:00,0.010507308,0.191368996,0.232222287,0.236051702,0.244795267,0.264087026,0.000000000
8556,2020-12-22 12:00:00,0.004740001,0.191377128,0.232178273,0.236003900,0.244737832,0.264002798,0.000000000
8557,2020-12-22 13:00:00,0.000920223,0.191385021,0.232135510,0.235957459,0.244682041,0.263921016,0.004740001
8558,2020-12-22 14:00:00,0.001209676,0.191392368,0.232095670,0.235914195,0.244630074,0.263844871,0.000920223
8559,2020-12-22 15:00:00,0.001631745,0.191399753,0.232055587,0.235870671,0.244577802,0.263768308,0.001209676
8560,2020-12-22 16:00:00,0.001453817,0.191409582,0.232002188,0.235812690,0.244508181,0.263666379,0.001631746
8561,2020-12-22 17:00:00,0.001191591,0.191421267,0.231938625,0.235743680,0.244425333,0.263545153,0.001453817
8562,2020-12-22 18:00:00,0.000841967,0.191439663,0.231838374,0.235634851,0.244294722,0.263354189,0.001191591
8563,2020-12-22 19:00:00,0.000374606,0.191460906,0.231722345,0.235508915,0.244143639,0.263133523,0.000841967
8564,2020-12-22 20:00:00,0.000117009,0.191481327,0.231610523,0.235387564,0.243998119,0.262921211,0.000374606
8565,2020-12-22 21:00:00,0.000019710,0.191492379,0.231549894,0.235321777,0.243919252,0.262806242,0.000117009
8566,2020-12-22 22:00:00,0.000012039,0.191503033,0.231491375,0.235258285,0.243843155,0.262695372,0.000019710
8567,2020-12-22 23:00:00,0.000011121,0.191511703,0.231443697,0.235206560,0.243781173,0.262605111,0.000012039
8568,2020-12-23 00:00:00,0.000009427,0.191520852,0.231393330,0.235151922,0.243715710,0.262509827,0.000011121
8569,2020-12-23 01:00:00,0.000007546,0.191529804,0.231343998,0.235098409,0.243651609,0.262416568,0.000009427
8570,2020-12-23 02:00:00,0.000006577,0.191537964,0.231298980,0.235049581,0.243593128,0.262331525,0.000007546
8571,2020-12-23 03:00:00,0.000004859,0.191546704,0.231250716,0.234997233,0.243530444,0.262240409,0.000006577
8572,2020-12-23 04:00:00,0.000003920,0.191554682,0.231206616,0.234949407,0.243473183,0.262157211,0.000004859
8573,2020-12-23 05:00:00,0.000002847,0.191563818,0.231156063,0.234894586,0.243407558,0.262061904,0.000003920
8574,2020-12-23 06:00:00,0.000001575,0.191572466,0.231108160,0.234842642,0.243345390,0.261971659,0.000002847
8575,2020-12-23 07:00:00,0.000001355,0.191580247,0.231065019,0.234795865,0.243289413,0.261890437,0.000001575
8576,2020-12-23 08:00:00,0.000007263,0.191587911,0.231022488,0.234749752,0.243234240,0.261810412,0.000001355
8577,2020-12-23 09:00:00,0.000065661,0.191594155,0.230987805,0.234712151,0.243189258,0.261745193,0.000000000
8578,2020-12-23 10:00:00,0.000113332,0.191599771,0.230956592,0.234678313,0.243148782,0.261686525,0.000000000
8579,2020-12-23 11:00:00,0.000200805,0.191604600,0.230929731,0.234649193,0.243113954,0.261636057,0.000000000
8580,2020-12-23 12:00:00,0.000282594,0.191605880,0.230922609,0.234641473,0.243104721,0.261622680,0.000200805
8581,2020-12-23 13:00:00,0.000400608,0.191607110,0.230915764,0.234634053,0.243095847,0.261609824,0.000282594
8582,2020-12-23 14:00:00,0.000426563,0.191608300,0.230909145,0.234626878,0.243087267,0.261597394,0.000400608
8583,2020-12-23 15:00:00,0.000393023,0.191620519,0.230841085,0.234553105,0.242999052,0.261469646,0.000426563
8584,2020-12-23 16:00:00,0.000286225,0.191635912,0.230755205,0.234460025,0.242887784,0.261308629,0.000393023
8585,2020-12-23 17:00:00,0.000147615,0.191654213,0.230652897,0.234349156,0.242755295,0.261117070,0.000286225
8586,2020-12-23 18:00:00,0.000063592,0.191672598,0.230549890,0.234237547,0.242621969,0.260924485,0.000147615
8587,2020-12-23 19:00:00,0.000027819,0.191693545,0.230432248,0.234110100,0.242469785,0.260704883,0.000063592
8588,2020-12-23 20:00:00,0.000011077,0.191711560,0.230330835,0.234000253,0.242338669,0.260515871,0.000027819
8589,2020-12-23 21:00:00,0.000008844,0.191714347,0.230315131,0.233983245,0.242318371,0.260486627,0.000011077
8590,2020-12-23 22:00:00,0.000015927,0.191718955,0.230289147,0.233955103,0.242284789,0.260438253,0.000008844
8591,2020-12-23 23:00:00,0.000036856,0.191722503,0.230269129,0.233933423,0.242258921,0.260400997,0.000015927
8592,2020-12-24 00:00:00,0.000037006,0.191725712,0.230251016,0.233913807,0.242235516,0.260367296,0.000036856
8593,2020-12-24 01:00:00,0.000027042,0.191728333,0.230236222,0.233897785,0.242216402,0.260339777,0.000000000
8594,2020-12-24 02:00:00,0.000109118,0.191730377,0.230224677,0.233885284,0.242201488,0.260318306,0.000000000
8595,2020-12-24 03:00:00,0.000087230,0.191730377,0.230224677,0.233885284,0.242201488,0.260318306,0.000000000
8596,2020-12-24 04:00:00,0.000092650,0.191730377,0.230224677,0.233885284,0.242201488,0.260318306,0.000000000
8597,2020-12-24 05:00:00,0.000059985,0.191730377,0.230224677,0.233885284,0.242201488,0.260318306,0.000000000
8598,2020-12-24 06:00:00,0.000147723,0.191730377,0.230224677,0.233885284,0.242201488,0.260318306,0.000000000
8599,2020-12-24 07:00:00,0.000106536,0.191730377,0.230224677,0.233885284,0.242201488,0.260318306,0.000000000
8600,2020-12-24 08:00:00,0.000054209,0.191730377,0.230224677,0.233885284,0.242201488,0.260318306,0.000000000
8601,2020-12-24 09:00:00,0.000114176,0.191730377,0.230224677,0.233885284,0.242201488,0.260318306,0.000000000
8602,2020-12-24 10:00:00,0.002342076,0.191730377,0.230224677,0.233885284,0.242201488,0.260318306,0.000000000
8603,2020-12-24 11:00:00,0.000392110,0.191730377,0.230224677,0.233885284,0.242201488,0.260318306,0.002342076
8604,2020-12-24 12:00:00,0.000914329,0.191730221,0.230225556,0.233886235,0.242202623,0.260319941,0.001731118
8605,2020-12-24 13:00:00,0.001440534,0.191730106,0.230226206,0.233886939,0.242203462,0.260321149,0.000914329
8606,2020-12-24 14:00:00,0.001557665,0.191732120,0.230214828,0.233874618,0.242188764,0.260299991,0.001440534
8607,2020-12-24 15:00:00,0.000978767,0.191738622,0.230178082,0.233834826,0.242141298,0.260231683,0.001557665
8608,2020-12-24 16:00:00,0.000415987,0.191750184,0.230112669,0.233763997,0.242056825,0.260110174,0.000978767
8609,2020-12-24 17:00:00,0.000150614,0.191765077,0.230028267,0.233672616,0.241947871,0.259953557,0.000415987
8610,2020-12-24 18:00:00,0.000040235,0.191780653,0.229939840,0.233576890,0.241833770,0.259789670,0.000150614
8611,2020-12-24 19:00:00,0.000012135,0.191799416,0.229833091,0.233461345,0.241696094,0.259592097,0.000040235
8612,2020-12-24 20:00:00,0.000002740,0.191816698,0.229734551,0.233354702,0.241569070,0.259409979,0.000012135
8613,2020-12-24 21:00:00,0.000000000,0.191820904,0.229710536,0.233328714,0.241538123,0.259365634,0.000002740
8614,2020-12-24 22:00:00,0.000000000,0.191824900,0.229687711,0.233304016,0.241508713,0.259323500,0.000000000
8615,2020-12-24 23:00:00,0.000000000,0.191827648,0.229672011,0.233287027,0.241488486,0.259294527,0.060589633
8616,2020-12-25 00:00:00,0.000000000,0.191825513,0.229684209,0.233300225,0.241504200,0.259317036,0.000000000
8617,2020-12-25 01:00:00,0.000000000,0.191826514,0.229678491,0.233294039,0.241496835,0.259306485,0.000000000
8618,2020-12-25 02:00:00,0.000000000,0.191826898,0.229676298,0.233291666,0.241494009,0.259302438,0.000962628
8619,2020-12-25 03:00:00,0.000000000,0.191826516,0.229676298,0.233291666,0.241494009,0.259302438,0.003416089
8620,2020-12-25 04:00:00,0.000000000,0.191826609,0.229677947,0.233293450,0.241496133,0.259305480,0.000000000
8621,2020-12-25 05:00:00,0.000000000,0.191827741,0.229671480,0.233286452,0.241487801,0.259293546,0.095257798
8622,2020-12-25 06:00:00,0.000000000,0.191822331,0.229702386,0.233319895,0.241527621,0.259350588,4.305481616
8623,2020-12-25 07:00:00,0.000000000,0.191577421,0.231080692,0.234812859,0.243309748,0.261919939,5.438252447
8624,2020-12-25 08:00:00,0.000000000,0.191280949,0.232696188,0.236566589,0.245414512,0.264997424,4.012410500
8625,2020-12-25 09:00:00,0.000000000,0.191056655,0.233881759,0.237856307,0.246970447,0.267303789,6.435310934
8626,2020-12-25 10:00:00,0.000000000,0.190718076,0.235614939,0.239745952,0.249262879,0.270753008,6.109499236
8627,2020-12-25 11:00:00,0.000000000,0.190396792,0.237200169,0.241478774,0.251378790,0.273993643,7.317173095
8628,2020-12-25 12:00:00,0.000000000,0.190022779,0.238977170,0.243426456,0.253773311,0.277731163,5.762493765
8629,2020-12-25 13:00:00,0.000000000,0.189725679,0.240339290,0.244923246,0.255625581,0.280676489,6.068194625
8630,2020-12-25 14:00:00,0.000000000,0.189418435,0.241704379,0.246426720,0.257497038,0.283703153,2.347789700
8631,2020-12-25 15:00:00,0.000000000,0.189328543,0.242095722,0.246858377,0.258036412,0.284585344,1.531711155
8632,2020-12-25 16:00:00,0.000000000,0.189297051,0.242231978,0.247008738,0.258224514,0.284894066,1.678335116
8633,2020-12-25 17:00:00,0.000000000,0.189257173,0.242403900,0.247198506,0.258462078,0.285284762,2.660044447
8634,2020-12-25 18:00:00,0.000000000,0.189153565,0.242847350,0.247688248,0.259076010,0.286298578,3.598034664
8635,2020-12-25 19:00:00,0.000000000,0.188994433,0.243519554,0.248431341,0.260009883,0.287852405,4.260000378
8636,2020-12-25 20:00:00,0.000000000,0.188804363,0.244308654,0.249304772,0.261111220,0.289703450,1.560000078
8637,2020-12-25 21:00:00,0.000000000,0.188781991,0.244400566,0.249406586,0.261239861,0.289920999,0.294299139
8638,2020-12-25 22:00:00,0.000000000,0.188854764,0.244100847,0.249074640,0.260820651,0.289213096,0.000000000
8639,2020-12-25 23:00:00,0.000000000,0.188948393,0.243712061,0.248644309,0.260278055,0.288301254,0.000000000
8640,2020-12-26 00:00:00,0.000000000,0.189040729,0.243325092,0.248216282,0.259739318,0.287400757,0.000000000
8641,2020-12-26 01:00:00,0.000000000,0.189130897,0.242943757,0.247794768,0.259209704,0.286520155,0.000000000
8642,2020-12-26 02:00:00,0.000000000,0.189218653,0.242569310,0.247381139,0.258690881,0.285661893,0.000000000
8643,2020-12-26 03:00:00,0.000000000,0.189302373,0.242208983,0.246983360,0.258192758,0.284841908,0.000000000
8644,2020-12-26 04:00:00,0.000000000,0.189383271,0.241857891,0.246596011,0.257708463,0.284048420,0.000000000
8645,2020-12-26 05:00:00,0.000000000,0.189460638,0.241519414,0.246222801,0.257242555,0.283288483,0.000000000
8646,2020-12-26 06:00:00,0.000000000,0.189535020,0.241191461,0.245861399,0.256792048,0.282556818,0.000000000
8647,2020-12-26 07:00:00,0.000000000,0.189606965,0.240871865,0.245509398,0.256353878,0.281848126,0.000000000
8648,2020-12-26 08:00:00,0.000000000,0.189675454,0.240565408,0.245172047,0.255934514,0.281172527,0.000000000
8649,2020-12-26 09:00:00,0.000000000,0.189741217,0.240269099,0.244846032,0.255529766,0.280522928,0.000000000
8650,2020-12-26 10:00:00,0.000000000,0.189804005,0.239984292,0.244532824,0.255141403,0.279901866,0.000000000
8651,2020-12-26 11:00:00,0.000000000,0.189865278,0.239704556,0.244225337,0.254760592,0.279294986,0.000000000
8652,2020-12-26 12:00:00,0.000000000,0.189919866,0.239453818,0.243949845,0.254419790,0.278753618,0.000000000
8653,2020-12-26 13:00:00,0.000000000,0.189972692,0.239209796,0.243681843,0.254088598,0.278229084,0.000000000
8654,2020-12-26 14:00:00,0.000000000,0.190023819,0.238972326,0.243421139,0.253766751,0.277720818,0.000000000
8655,2020-12-26 15:00:00,0.000000000,0.190073305,0.238741246,0.243167548,0.253453992,0.277228276,0.000000000
8656,2020-12-26 16:00:00,0.000000000,0.190121208,0.238516398,0.242920888,0.253150069,0.276750936,0.000000000
8657,2020-12-26 17:00:00,0.000000000,0.190167583,0.238297627,0.242680981,0.252854738,0.276288295,0.000000000
8658,2020-12-26 18:00:00,0.000000000,0.190228893,0.238006723,0.242362103,0.252462607,0.275675831,0.000000000
8659,2020-12-26 19:00:00,0.000000000,0.190288852,0.237720373,0.242048365,0.252077252,0.275075950,0.000000000
8660,2020-12-26 20:00:00,0.000000000,0.190345508,0.237448085,0.241750167,0.251711402,0.274508249,0.000000000
8661,2020-12-26 21:00:00,0.000000000,0.190391945,0.237223662,0.241504488,0.251410290,0.274042316,0.000000000
8662,2020-12-26 22:00:00,0.000000000,0.190434822,0.237015435,0.241276616,0.251131248,0.273611584,0.000000000
8663,2020-12-26 23:00:00,0.000000000,0.190471294,0.236837540,0.241081999,0.250893112,0.273244790,0.000000000
8664,2020-12-27 00:00:00,0.000000000,0.190506628,0.236664525,0.240892772,0.250661737,0.272889102,0.000000000
8665,2020-12-27 01:00:00,0.000000000,0.190540859,0.236496262,0.240708794,0.250436933,0.272544167,0.000000000
8666,2020-12-27 02:00:00,0.000000000,0.190574026,0.236332629,0.240529924,0.250218515,0.272209643,0.000000000
8667,2020-12-27 03:00:00,0.000000000,0.190606163,0.236173504,0.240356026,0.250006305,0.271885201,0.000000000
8668,2020-12-27 04:00:00,0.000000000,0.190637305,0.236018768,0.240186967,0.249800128,0.271570520,0.000000000
8669,2020-12-27 05:00:00,0.000000000,0.190667484,0.235868305,0.240022617,0.249599815,0.271265295,0.000000000
8670,2020-12-27 06:00:00,0.000000000,0.190696732,0.235722004,0.239862848,0.249405200,0.270969227,0.000000000
8671,2020-12-27 07:00:00,0.000000000,0.190725079,0.235579753,0.239707538,0.249216124,0.270682031,0.000000000
8672,2020-12-27 08:00:00,0.000000000,0.190752555,0.235441445,0.239556567,0.249032429,0.270403428,0.000000000
8673,2020-12-27 09:00:00,0.000000000,0.190779187,0.235306975,0.239409815,0.248853966,0.270133152,0.000000000
8674,2020-12-27 10:00:00,0.000000000,0.190805004,0.235176240,0.239267170,0.248680585,0.269870943,0.000000000
8675,2020-12-27 11:00:00,0.000000000,0.190830032,0.235049141,0.239128519,0.248512145,0.269616551,0.000000000
8676,2020-12-27 12:00:00,0.000000000,0.190854296,0.234925580,0.238993753,0.248348504,0.269369735,0.000000000
8677,2020-12-27 13:00:00,0.000000000,0.190877820,0.234805461,0.238862767,0.248189527,0.269130260,0.000000000
8678,2020-12-27 14:00:00,0.000000000,0.190900629,0.234688692,0.238735457,0.248035083,0.268897900,0.000000000
8679,2020-12-27 15:00:00,0.000000000,0.190922744,0.234575182,0.238611723,0.247885044,0.268672437,0.000000000
8680,2020-12-27 16:00:00,0.000000000,0.190944189,0.234464843,0.238491466,0.247739284,0.268453660,0.000000000
8681,2020-12-27 17:00:00,0.000000000,0.190964985,0.234357590,0.238374591,0.247597682,0.268241364,0.000000000
8682,2020-12-27 18:00:00,0.000000000,0.190985151,0.234253338,0.238261006,0.247460122,0.268035350,0.000000000
8683,2020-12-27 19:00:00,0.000000000,0.191021571,0.234064459,0.238055263,0.247211092,0.267662959,0.000000000
8684,2020-12-27 20:00:00,0.000000000,0.191057061,0.233879639,0.237853999,0.246967657,0.267299629,0.000000000
8685,2020-12-27 21:00:00,0.000000000,0.191078166,0.233769380,0.237733957,0.246822543,0.267083370,0.000000000
8686,2020-12-27 22:00:00,0.000000000,0.191098962,0.233660471,0.237615405,0.246679291,0.266870121,0.000000000
8687,2020-12-27 23:00:00,0.000000000,0.191117621,0.233562533,0.237508811,0.246550538,0.266678658,0.000000000
8688,2020-12-28 00:00:00,0.000000000,0.191135117,0.233470508,0.237408667,0.246429620,0.266499017,0.000000000
8689,2020-12-28 01:00:00,0.000000000,0.191150173,0.233391170,0.237322341,0.246325421,0.266344346,0.000000000
8690,2020-12-28 02:00:00,0.000000000,0.191164779,0.233314068,0.237238459,0.246224200,0.266194215,0.000000000
8691,2020-12-28 03:00:00,0.000000000,0.191178950,0.233239141,0.237156951,0.246125872,0.266048487,0.000000000
8692,2020-12-28 04:00:00,0.000000000,0.191192699,0.233166327,0.237077751,0.246030356,0.265907029,0.000000000
8693,2020-12-28 05:00:00,0.000000000,0.191206039,0.233095569,0.237000796,0.245937572,0.265769715,0.000000000
8694,2020-12-28 06:00:00,0.000000000,0.191218982,0.233026810,0.236926022,0.245847441,0.265636421,0.000000000
8695,2020-12-28 07:00:00,0.000000000,0.191231541,0.232959993,0.236853369,0.245759889,0.265507026,0.000000000
8696,2020-12-28 08:00:00,0.000000000,0.191243728,0.232895066,0.236782776,0.245674840,0.265381415,0.000000000
8697,2020-12-28 09:00:00,0.000000000,0.191255553,0.232831974,0.236714187,0.245592225,0.265259474,0.000000000
8698,2020-12-28 10:00:00,0.000000000,0.191267028,0.232770669,0.236647545,0.245511974,0.265141095,0.000000000
8699,2020-12-28 11:00:00,0.000000000,0.191278164,0.232711098,0.236582795,0.245434020,0.265026172,0.000000000
8700,2020-12-28 12:00:00,0.000000000,0.191288970,0.232653215,0.236519884,0.245358296,0.264914603,0.000000000
8701,2020-12-28 13:00:00,0.000000000,0.191299458,0.232596971,0.236458761,0.245284739,0.264806287,0.000000000
8702,2020-12-28 14:00:00,0.000000000,0.191309635,0.232542322,0.236399376,0.245213288,0.264701128,0.000000000
8703,2020-12-28 15:00:00,0.000000000,0.191319513,0.232489222,0.236341679,0.245143883,0.264599034,0.000000000
8704,2020-12-28 16:00:00,0.000000000,0.191332867,0.232417335,0.236263574,0.245049950,0.264460945,0.000000000
8705,2020-12-28 17:00:00,0.000000000,0.191350014,0.232324869,0.236163124,0.244929181,0.264283546,0.000000000
8706,2020-12-28 18:00:00,0.000000000,0.191365024,0.232243773,0.236075038,0.244823310,0.264128163,0.000000000
8707,2020-12-28 19:00:00,0.000000000,0.191382842,0.232147318,0.235970282,0.244697445,0.263943593,0.000000000
8708,2020-12-28 20:00:00,0.000000000,0.191406099,0.232021119,0.235833245,0.244532861,0.263702505,0.000000000
8709,2020-12-28 21:00:00,0.000000000,0.191416989,0.231961908,0.235768957,0.244455677,0.263589544,0.000000000
8710,2020-12-28 22:00:00,0.000000000,0.191426371,0.231910830,0.235713506,0.244389115,0.263492180,0.000000000
8711,2020-12-28 23:00:00,0.000000000,0.191434762,0.231865103,0.235663866,0.244329540,0.263405077,0.000000000
8712,2020-12-29 00:00:00,0.000000000,0.191443275,0.231818665,0.235613458,0.244269053,0.263316680,0.000000000
8713,2020-12-29 01:00:00,0.000000000,0.191451918,0.231771472,0.235562233,0.244207596,0.263226906,0.000000000
8714,2020-12-29 02:00:00,0.000000000,0.191459921,0.231727728,0.235514756,0.244150646,0.263143751,0.000000000
8715,2020-12-29 03:00:00,0.000000000,0.191466548,0.231691478,0.235475415,0.244103462,0.263074882,0.000000000
8716,2020-12-29 04:00:00,0.000000000,0.191473022,0.231656031,0.235436947,0.244057330,0.263007573,0.000000000
8717,2020-12-29 05:00:00,0.000000000,0.191481130,0.231611605,0.235388737,0.243999525,0.262923262,0.000000000
8718,2020-12-29 06:00:00,0.000000000,0.191489725,0.231564464,0.235337586,0.243938204,0.262833862,0.000000000
8719,2020-12-29 07:00:00,0.000000000,0.191497370,0.231522492,0.235292046,0.243883616,0.262754314,0.000000000
8720,2020-12-29 08:00:00,0.000000000,0.191505408,0.231478317,0.235244118,0.243826178,0.262670644,0.000000000
8721,2020-12-29 09:00:00,0.000000000,0.191514451,0.231428573,0.235190153,0.243761514,0.262576492,0.000000000
8722,2020-12-29 10:00:00,0.000000000,0.191523881,0.231376643,0.235133820,0.243694026,0.262478274,0.000000000
8723,2020-12-29 11:00:00,0.000000000,0.191533222,0.231325147,0.235077962,0.243627119,0.262380950,0.000000000
8724,2020-12-29 12:00:00,0.000000000,0.191542355,0.231274739,0.235023289,0.243561643,0.262285754,0.000000000
8725,2020-12-29 13:00:00,0.000000000,0.191552434,0.231219046,0.234962887,0.243489322,0.262180656,0.000000000
8726,2020-12-29 14:00:00,0.000000000,0.191564190,0.231154006,0.234892355,0.243404889,0.262058029,0.000000000
8727,2020-12-29 15:00:00,0.000000000,0.191577653,0.231079409,0.234811468,0.243308083,0.261917524,0.000000000
8728,2020-12-29 16:00:00,0.000000000,0.191592567,0.230996629,0.234721717,0.243200701,0.261761782,0.000000000
8729,2020-12-29 17:00:00,0.000000000,0.191609005,0.230905221,0.234622624,0.243082180,0.261590024,0.000000000
8730,2020-12-29 18:00:00,0.000000000,0.191626988,0.230805012,0.234514006,0.242952309,0.261401988,0.000000000
8731,2020-12-29 19:00:00,0.000000000,0.191646021,0.230698718,0.234398809,0.242814625,0.261202829,0.000000000
8732,2020-12-29 20:00:00,0.000000000,0.191663537,0.230600681,0.234292578,0.242687702,0.261019411,0.000000000
8733,2020-12-29 21:00:00,0.000000000,0.191674131,0.230541288,0.234228227,0.242610838,0.260908415,0.000000000
8734,2020-12-29 22:00:00,0.000000000,0.191683105,0.230490916,0.234173655,0.242545668,0.260814352,0.000000000
8735,2020-12-29 23:00:00,0.000000000,0.191690479,0.230449488,0.234128776,0.242492082,0.260737042,0.000000000
8736,2020-12-30 00:00:00,0.000000000,0.191690479,0.230449488,0.234128776,0.242492082,0.260737042,0.000000000
8737,2020-12-30 01:00:00,0.000000000,0.191690479,0.230449488,0.234128776,0.242492082,0.260737042,0.000000000
8738,2020-12-30 02:00:00,0.000000000,0.191690479,0.230449488,0.234128776,0.242492082,0.260737042,0.000000000
8739,2020-12-30 03:00:00,0.000000000,0.191690479,0.230449488,0.234128776,0.242492082,0.260737042,0.000000000
8740,2020-12-30 04:00:00,0.000000000,0.191690479,0.230449488,0.234128776,0.242492082,0.260737042,0.000000000
8741,2020-12-30 05:00:00,0.000000000,0.191690479,0.230449488,0.234128776,0.242492082,0.260737042,0.000000000
8742,2020-12-30 06:00:00,0.000000000,0.191690479,0.230449488,0.234128776,0.242492082,0.260737042,0.000000000
8743,2020-12-30 07:00:00,0.000000000,0.191690479,0.230449488,0.234128776,0.242492082,0.260737042,0.000000000
8744,2020-12-30 08:00:00,0.000000000,0.191690479,0.230449488,0.234128776,0.242492082,0.260737042,0.000000000
8745,2020-12-30 09:00:00,0.000000000,0.191690479,0.230449488,0.234128776,0.242492082,0.260737042,0.000000000
8746,2020-12-30 10:00:00,0.000000000,0.191690479,0.230449488,0.234128776,0.242492082,0.260737042,0.000000000
8747,2020-12-30 11:00:00,0.000000000,0.191690479,0.230449488,0.234128776,0.242492082,0.260737042,0.000000000
8748,2020-12-30 12:00:00,0.000000000,0.191690479,0.230449488,0.234128776,0.242492082,0.260737042,0.000000000
8749,2020-12-30 13:00:00,0.000000000,0.191690479,0.230449488,0.234128776,0.242492082,0.260737042,0.000000000
8750,2020-12-30 14:00:00,0.000000000,0.191690479,0.230449488,0.234128776,0.242492082,0.260737042,0.000000000
8751,2020-12-30 15:00:00,0.000000000,0.191690479,0.230449488,0.234128776,0.242492082,0.260737042,0.000000000
8752,2020-12-30 16:00:00,0.000000000,0.191690479,0.230449488,0.234128776,0.242492082,0.260737042,0.000000000
8753,2020-12-30 17:00:00,0.000000000,0.191690479,0.230449488,0.234128776,0.242492082,0.260737042,0.000000000
8754,2020-12-30 18:00:00,0.000000000,0.191690479,0.230449488,0.234128776,0.242492082,0.260737042,0.000000000
8755,2020-12-30 19:00:00,0.000000000,0.191695246,0.230422685,0.234099741,0.242457418,0.260687047,0.000000000
8756,2020-12-30 20:00:00,0.000000000,0.191701895,0.230385271,0.234059214,0.242409040,0.260617294,0.000000000
8757,2020-12-30 21:00:00,0.000000000,0.191704045,0.230373167,0.234046103,0.242393391,0.260594735,0.000000000
8758,2020-12-30 22:00:00,0.000000000,0.191704979,0.230367912,0.234040411,0.242386597,0.260584942,0.000000000
8759,2020-12-30 23:00:00,0.000000000,0.191705151,0.230366943,0.234039362,0.242385345,0.260583137,0.000000000
8760,2020-12-31 00:00:00,0.000000000,0.191705293,0.230366142,0.234038495,0.242384310,0.260581646,0.000000000
8761,2020-12-31 01:00:00,0.000000000,0.191705837,0.230363080,0.234035178,0.242380350,0.260575938,0.000000000
8762,2020-12-31 02:00:00,0.000000000,0.191706220,0.230360922,0.234032841,0.242377561,0.260571918,0.000000000
8763,2020-12-31 03:00:00,0.000000000,0.191706373,0.230360922,0.234032841,0.242377561,0.260571918,0.000000000
8764,2020-12-31 04:00:00,0.000000000,0.191706946,0.230356832,0.234028411,0.242372273,0.260564298,0.000000000
8765,2020-12-31 05:00:00,0.000000000,0.191709134,0.230344506,0.234015060,0.242356340,0.260541335,0.000000000
8766,2020-12-31 06:00:00,0.000000000,0.191711105,0.230333405,0.234003036,0.242341990,0.260520657,0.000000000
8767,2020-12-31 07:00:00,0.000000000,0.191713494,0.230319941,0.233988453,0.242324586,0.260495582,0.000000000
8768,2020-12-31 08:00:00,0.000000000,0.191715176,0.230310454,0.233978178,0.242312325,0.260477917,0.000000000
8769,2020-12-31 09:00:00,0.000000000,0.191715760,0.230307165,0.233974617,0.242308074,0.260471794,1.060000011
8770,2020-12-31 10:00:00,0.000000000,0.191647945,0.230687961,0.234387153,0.242800695,0.261182692,2.489720328
8771,2020-12-31 11:00:00,0.000000000,0.191499131,0.231512816,0.235281548,0.243871035,0.262735984,1.804713384
8772,2020-12-31 12:00:00,0.000000000,0.191391846,0.232098497,0.235917266,0.244633762,0.263850273,0.862493437
8773,2020-12-31 13:00:00,0.000000000,0.191344599,0.232354090,0.236194867,0.244967340,0.264339582,0.592790661
8774,2020-12-31 14:00:00,0.000000000,0.191316976,0.232502869,0.236356506,0.245161718,0.264625264,0.501132371
8775,2020-12-31 15:00:00,0.000000000,0.191298545,0.232601869,0.236464084,0.245291144,0.264815716,0.000000000
8776,2020-12-31 16:00:00,0.000000000,0.191315367,0.232511516,0.236365902,0.245173020,0.264641888,0.000000000
8777,2020-12-31 17:00:00,0.000000000,0.191334559,0.232408219,0.236253671,0.245038041,0.264443445,0.000000000
8778,2020-12-31 18:00:00,0.000000000,0.191356678,0.232288882,0.236124034,0.244882194,0.264214570,0.000000000
8779,2020-12-31 19:00:00,0.000000000,0.191379805,0.232163774,0.235988153,0.244718913,0.263975062,0.000000000
8780,2020-12-31 20:00:00,0.000000000,0.191403801,0.232033601,0.235846798,0.244549135,0.263726330,0.000000000
8781,2020-12-31 21:00:00,0.000000000,0.191418369,0.231954394,0.235760800,0.244445885,0.263575218,0.000000000
8782,2020-12-31 22:00:00,0.000000000,0.191432039,0.231879952,0.235679985,0.244348883,0.263433355,0.000000000
8783,2020-12-31 23:00:00,0.000000000,0.191444165,0.231813813,0.235608191,0.244262733,0.263307446,0.000000000
8784,2021-01-01 00:00:00,0.000000000,0.191454675,0.231756406,0.235545882,0.244187981,0.263198262,0.000000000
8785,2021-01-01 01:00:00,0.000000000,0.191464520,0.231702577,0.235487460,0.244117907,0.263095964,0.000000000
8786,2021-01-01 02:00:00,0.000000000,0.191473071,0.231655765,0.235436658,0.244056984,0.263007067,0.000000000
8787,2021-01-01 03:00:00,0.000000000,0.191480723,0.231613835,0.235391158,0.244002427,0.262927494,0.000000000
8788,2021-01-01 04:00:00,0.000000000,0.191487332,0.231577592,0.235351831,0.243955279,0.262858752,0.000000000
8789,2021-01-01 05:00:00,0.000000000,0.191493443,0.231544056,0.235315443,0.243911661,0.262795178,0.000000000
8790,2021-01-01 06:00:00,0.000000000,0.191499127,0.231512840,0.235281574,0.243871066,0.262736028,0.000000000
8791,2021-01-01 07:00:00,0.000000000,0.191503458,0.231489036,0.235255748,0.243840115,0.262690943,0.000000000
8792,2021-01-01 08:00:00,0.000000000,0.191507664,0.231465913,0.235230661,0.243810052,0.262647160,0.000000000
8793,2021-01-01 09:00:00,0.000000000,0.191511748,0.231443449,0.235206292,0.243780851,0.262604642,0.000000000
8794,2021-01-01 10:00:00,0.000000000,0.191515713,0.231421628,0.235182619,0.243752487,0.262563352,0.000000000
8795,2021-01-01 11:00:00,0.000000000,0.191519563,0.231400430,0.235159623,0.243724937,0.262523254,0.000000000
8796,2021-01-01 12:00:00,0.000000000,0.191523301,0.231379837,0.235137285,0.243698176,0.262484313,0.000000000
8797,2021-01-01 13:00:00,0.000000000,0.191526931,0.231359833,0.235115586,0.243672183,0.262446497,0.000000000
8798,2021-01-01 14:00:00,0.000000000,0.191530456,0.231340401,0.235094508,0.243646936,0.262409771,0.000000000
8799,2021-01-01 15:00:00,0.000000000,0.191533878,0.231321524,0.235074033,0.243622413,0.262374106,0.000000000
8800,2021-01-01 16:00:00,0.000000000,0.191537202,0.231303187,0.235054143,0.243598592,0.262339469,0.000000000
8801,2021-01-01 17:00:00,0.000000000,0.191540429,0.231285374,0.235034823,0.243575456,0.262305832,0.000000000
8802,2021-01-01 18:00:00,0.000000000,0.191558489,0.231185558,0.234926571,0.243445845,0.262117503,0.000000000
8803,2021-01-01 19:00:00,0.000000000,0.191578158,0.231076606,0.234808428,0.243304447,0.261912247,0.000000000
8804,2021-01-01 20:00:00,0.000000000,0.191595919,0.230978004,0.234701525,0.243176547,0.261726767,0.000000000
8805,2021-01-01 21:00:00,0.000000000,0.191600932,0.230950135,0.234671313,0.243140409,0.261674391,0.000000000
8806,2021-01-01 22:00:00,0.000000000,0.191604887,0.230928137,0.234647465,0.243111887,0.261633062,0.000000000
8807,2021-01-01 23:00:00,0.000000000,0.191609351,0.230903294,0.234620535,0.243079681,0.261586406,0.000000000
8808,2021-01-02 00:00:00,0.000000000,0.191614015,0.230877325,0.234592386,0.243046020,0.261537652,0.000000000
8809,2021-01-02 01:00:00,0.000000000,0.191617505,0.230857881,0.234571309,0.243020819,0.261501160,0.000000000
8810,2021-01-02 02:00:00,0.173684224,0.191621213,0.230837218,0.234548913,0.242994041,0.261462392,0.000000000
8811,2021-01-02 03:00:00,0.687675834,0.191624597,0.230818350,0.234528462,0.242969591,0.261427001,0.173684222
8812,2021-01-02 04:00:00,0.499952972,0.191615702,0.230867926,0.234582198,0.243033838,0.261520012,0.687675862
8813,2021-01-02 05:00:00,0.182850525,0.191573626,0.231101734,0.234835674,0.243337050,0.261959556,0.911657821
8814,2021-01-02 06:00:00,0.104584113,0.191518043,0.231408800,0.235168703,0.243735815,0.262539085,1.698937592
8815,2021-01-02 07:00:00,0.094283774,0.191416538,0.231964361,0.235771621,0.244458875,0.263594223,0.208182988
8816,2021-01-02 08:00:00,0.094477691,0.191409594,0.232002121,0.235812617,0.244508094,0.263666250,1.100188638
8817,2021-01-02 09:00:00,0.074913196,0.191346382,0.232344472,0.236184419,0.244954780,0.264321135,0.197035719
8818,2021-01-02 10:00:00,0.053026959,0.191342151,0.232367294,0.236209211,0.244984585,0.264364909,0.077377720
8819,2021-01-02 11:00:00,0.029880447,0.191345933,0.232346896,0.236187052,0.244957945,0.264325783,0.055151397
8820,2021-01-02 12:00:00,0.022943348,0.191351077,0.232319130,0.236156891,0.244921688,0.264272544,0.029880447
8821,2021-01-02 13:00:00,0.024130212,0.191358459,0.232279259,0.236113582,0.244869632,0.264196132,0.022943350
8822,2021-01-02 14:00:00,0.032100502,0.191367499,0.232230385,0.236060496,0.244805835,0.264102527,0.024130213
8823,2021-01-02 15:00:00,0.025147812,0.191378436,0.232171188,0.235996205,0.244728587,0.263989244,0.032100505
8824,2021-01-02 16:00:00,0.015744418,0.191390186,0.232107506,0.235927048,0.244645512,0.263867488,0.025147815
8825,2021-01-02 17:00:00,0.010402918,0.191404551,0.232029530,0.235842377,0.244543826,0.263718558,0.015744419
8826,2021-01-02 18:00:00,0.006385387,0.191423517,0.231926375,0.235730381,0.244409371,0.263521804,0.010402918
8827,2021-01-02 19:00:00,0.002100776,0.191444876,0.231809931,0.235603977,0.244257677,0.263300060,0.006385387
8828,2021-01-02 20:00:00,0.000511750,0.191465269,0.231698478,0.235483012,0.244112572,0.263088178,0.002100776
8829,2021-01-02 21:00:00,0.000062739,0.191477279,0.231632714,0.235411644,0.244026990,0.262963316,0.000511750
8830,2021-01-02 22:00:00,0.000045513,0.191487221,0.231578200,0.235352491,0.243956070,0.262859906,0.000062739
8831,2021-01-02 23:00:00,0.000028183,0.191496148,0.231529200,0.235299324,0.243892340,0.262767024,0.000045513
8832,2021-01-03 00:00:00,0.000017832,0.191503647,0.231487998,0.235254622,0.243838765,0.262688977,0.000028183
8833,2021-01-03 01:00:00,0.000017867,0.191510085,0.231452600,0.235216219,0.243792746,0.262621960,0.000017832
8834,2021-01-03 02:00:00,0.000010215,0.191516823,0.231415519,0.235175991,0.243744547,0.262551794,0.000017867
8835,2021-01-03 03:00:00,0.000041904,0.191522540,0.231384032,0.235141835,0.243703627,0.262492245,0.000010215
8836,2021-01-03 04:00:00,0.000098461,0.191527501,0.231356692,0.235112178,0.243668102,0.262440559,0.000041904
8837,2021-01-03 05:00:00,0.000191693,0.191531957,0.231332125,0.235085531,0.243636184,0.262394134,0.000098461
8838,2021-01-03 06:00:00,0.000208886,0.191536289,0.231308225,0.235059608,0.243605137,0.262348984,0.000000000
8839,2021-01-03 07:00:00,0.000280362,0.191540025,0.231287606,0.235037244,0.243578354,0.262310046,0.000000000
8840,2021-01-03 08:00:00,0.000609495,0.191543170,0.231270239,0.235018407,0.243555798,0.262277257,0.000000000
8841,2021-01-03 09:00:00,0.000473402,0.191546224,0.231253368,0.235000110,0.243533889,0.262245414,0.000000000
8842,2021-01-03 10:00:00,0.001236366,0.191549190,0.231236980,0.234982337,0.243512608,0.262214489,0.000000000
8843,2021-01-03 11:00:00,0.001300861,0.191552070,0.231221060,0.234965072,0.243491937,0.262184456,0.000000000
8844,2021-01-03 12:00:00,0.000478389,0.191554867,0.231205596,0.234948301,0.243471859,0.262155289,0.001300861
8845,2021-01-03 13:00:00,0.002400859,0.191557497,0.231191046,0.234932522,0.243452969,0.262127850,0.000478389
8846,2021-01-03 14:00:00,0.002805630,0.191560106,0.231176614,0.234916871,0.243434234,0.262100641,0.002400859
8847,2021-01-03 15:00:00,0.002448589,0.191562513,0.231163291,0.234902424,0.243416941,0.262075528,0.002805630
8848,2021-01-03 16:00:00,0.002333235,0.191573178,0.231104214,0.234838363,0.243340268,0.261964227,0.002448589
8849,2021-01-03 17:00:00,0.001328991,0.191584523,0.231041295,0.234770143,0.243258637,0.261845794,0.002333236
8850,2021-01-03 18:00:00,0.000508948,0.191592413,0.230997486,0.234722646,0.243201812,0.261763393,0.001328991
8851,2021-01-03 19:00:00,0.000392933,0.191600004,0.230955295,0.234676906,0.243147100,0.261684086,0.000508948
8852,2021-01-03 20:00:00,0.000318290,0.191610290,0.230898064,0.234614866,0.243072902,0.261576586,0.000392933
8853,2021-01-03 21:00:00,0.173764810,0.191614505,0.230874597,0.234589429,0.243042484,0.261532531,0.000318290
8854,2021-01-03 22:00:00,0.139562175,0.191618501,0.230852330,0.234565293,0.243013625,0.261490744,0.173764823
8855,2021-01-03 23:00:00,0.037944052,0.191610170,0.230898735,0.234615593,0.243073771,0.261577845,0.139562179
8856,2021-01-04 00:00:00,0.279484838,0.191603841,0.230933954,0.234653771,0.243119429,0.261643990,0.037944054
8857,2021-01-04 01:00:00,0.113208920,0.191604168,0.230932137,0.234651802,0.243117074,0.261640577,0.279484851
8858,2021-01-04 02:00:00,0.049020171,0.191588206,0.231020851,0.234747977,0.243232117,0.261807333,0.113208924
8859,2021-01-04 03:00:00,0.046531379,0.191583668,0.231046040,0.234775288,0.243264792,0.261854722,0.049020174
8860,2021-01-04 04:00:00,0.031630829,0.191583831,0.231046040,0.234775288,0.243264792,0.261854722,0.046531380
8861,2021-01-04 05:00:00,0.026098825,0.191583608,0.231046371,0.234775645,0.243265220,0.261855343,0.031630832
8862,2021-01-04 06:00:00,0.025311181,0.191584427,0.231041825,0.234770717,0.243259323,0.261846790,0.026098827
8863,2021-01-04 07:00:00,0.017758863,0.191585981,0.231033199,0.234761365,0.243248134,0.261830562,0.025311184
8864,2021-01-04 08:00:00,0.071303926,0.191587286,0.231025956,0.234753512,0.243238739,0.261816936,0.017758863
8865,2021-01-04 09:00:00,0.021131799,0.191588899,0.231017003,0.234743806,0.243227127,0.261800097,0.071303929
8866,2021-01-04 10:00:00,0.071795888,0.191587431,0.231025152,0.234752640,0.243237696,0.261815423,0.002010219
8867,2021-01-04 11:00:00,0.073285431,0.191589075,0.231016025,0.234742745,0.243225857,0.261798256,0.000000000
8868,2021-01-04 12:00:00,0.014965739,0.191590802,0.231006430,0.234732343,0.243213413,0.261780212,0.073285429
8869,2021-01-04 13:00:00,0.248231739,0.191587708,0.231023614,0.234750973,0.243235701,0.261812531,0.014965741
8870,2021-01-04 14:00:00,0.047889180,0.191588498,0.231019226,0.234746216,0.243230010,0.261804278,0.248231746
8871,2021-01-04 15:00:00,0.051268432,0.191579165,0.231071021,0.234802372,0.243297199,0.261901733,0.047889184
8872,2021-01-04 16:00:00,0.038473792,0.191585474,0.231036017,0.234764420,0.243251789,0.261835862,0.051268433
8873,2021-01-04 17:00:00,0.025273392,0.191593138,0.230993454,0.234718275,0.243196584,0.261755813,0.038473794
8874,2021-01-04 18:00:00,0.014935128,0.191603635,0.230935100,0.234655013,0.243120915,0.261646142,0.025273395
8875,2021-01-04 19:00:00,0.008795363,0.191617652,0.230857065,0.234570425,0.243019762,0.261499629,0.014935130
8876,2021-01-04 20:00:00,0.003631682,0.191631373,0.230780548,0.234487491,0.242920614,0.261356124,0.008795363
8877,2021-01-04 21:00:00,0.000503715,0.191635839,0.230755615,0.234460470,0.242888315,0.261309398,0.003631682
8878,2021-01-04 22:00:00,0.000415530,0.191639201,0.230736837,0.234440119,0.242863993,0.261274217,0.000503715
8879,2021-01-04 23:00:00,0.000246440,0.191642232,0.230719899,0.234421763,0.242842055,0.261242491,0.000415530
8880,2021-01-05 00:00:00,0.000218814,0.191644471,0.230707387,0.234408204,0.242825851,0.261219061,0.000246440
