Time Step,Time,SWE_mm,sm_frac_0.4m,sm_profile_0.1m,sm_profile_0.4m,sm_profile_1m,sm_profile_2m,rainmelt
0,2020-01-01 00:00:00,0.000000000,0.194458040,0.211643601,0.214009065,0.219175223,0.229429116,0.000000000
1,2020-01-01 01:00:00,0.000000000,0.194464453,0.211590485,0.213952884,0.219111854,0.229349301,0.000000000
2,2020-01-01 02:00:00,0.000000000,0.194469254,0.211550677,0.213910781,0.219064370,0.229289507,0.000000000
3,2020-01-01 03:00:00,0.000000000,0.194473681,0.211513945,0.213871933,0.219020561,0.229234354,0.000000000
4,2020-01-01 04:00:00,0.000000000,0.194477260,0.211484228,0.213840505,0.218985123,0.229189748,0.000000000
5,2020-01-01 05:00:00,0.000000000,0.194480550,0.211456896,0.213811601,0.218952533,0.229148733,0.000000000
6,2020-01-01 06:00:00,0.000000000,0.194484002,0.211428205,0.213781260,0.218918325,0.229105689,0.000000000
7,2020-01-01 07:00:00,0.000000000,0.194487199,0.211401616,0.213753143,0.218886628,0.229065809,0.000000000
8,2020-01-01 08:00:00,0.000000000,0.194490391,0.211375060,0.213725062,0.218854972,0.229025988,0.000000000
9,2020-01-01 09:00:00,0.000000000,0.194493354,0.211350389,0.213698974,0.218825566,0.228989002,0.000000000
10,2020-01-01 10:00:00,0.000000000,0.194496315,0.211325729,0.213672900,0.218796176,0.228952041,0.000000000
11,2020-01-01 11:00:00,0.000000000,0.194499054,0.211302904,0.213648765,0.218768975,0.228917838,0.000000000
12,2020-01-01 12:00:00,0.000000000,0.194501819,0.211279845,0.213624385,0.218741497,0.228883291,0.000000000
13,2020-01-01 13:00:00,0.000000000,0.194505841,0.211246298,0.213588916,0.218701526,0.228833045,0.000000000
14,2020-01-01 14:00:00,0.000000000,0.194511201,0.211201552,0.213541608,0.218648218,0.228766048,0.000000000
15,2020-01-01 15:00:00,0.000000000,0.194518048,0.211144332,0.213481116,0.218580064,0.228680416,0.000000000
16,2020-01-01 16:00:00,0.000000000,0.194525695,0.211080349,0.213413478,0.218503869,0.228584714,0.000000000
17,2020-01-01 17:00:00,0.000000000,0.194534051,0.211010337,0.213339472,0.218420515,0.228480059,0.000000000
18,2020-01-01 18:00:00,0.000000000,0.194543828,0.210928298,0.213252761,0.218322870,0.228357511,0.000000000
19,2020-01-01 19:00:00,0.000000000,0.194553890,0.210843732,0.213163387,0.218222247,0.228231283,0.000000000
20,2020-01-01 20:00:00,0.000000000,0.194563652,0.210761546,0.213076536,0.218124484,0.228108700,0.000000000
21,2020-01-01 21:00:00,0.000000000,0.194568924,0.210717108,0.213029578,0.218071635,0.228042458,0.000000000
22,2020-01-01 22:00:00,0.000000000,0.194573183,0.210681178,0.212991613,0.218028911,0.227988917,0.000000000
23,2020-01-01 23:00:00,0.000000000,0.194576782,0.210650794,0.212959509,0.217992787,0.227943655,0.000000000
24,2020-01-02 00:00:00,0.000000000,0.194580207,0.210621866,0.212928944,0.217958395,0.227900571,0.000000000
25,2020-01-02 01:00:00,0.000000000,0.194583351,0.210595296,0.212900872,0.217926812,0.227861011,0.000000000
26,2020-01-02 02:00:00,0.000000000,0.194585903,0.210573715,0.212878072,0.217901162,0.227828887,0.000000000
27,2020-01-02 03:00:00,0.000000000,0.194588410,0.210552510,0.212855669,0.217875959,0.227797327,0.000000000
28,2020-01-02 04:00:00,0.000000000,0.194590092,0.210538276,0.212840630,0.217859042,0.227776145,0.000000000
29,2020-01-02 05:00:00,0.000000000,0.194591871,0.210523217,0.212824722,0.217841147,0.227753740,0.000000000
30,2020-01-02 06:00:00,0.000000000,0.194593504,0.210509391,0.212810116,0.217824717,0.227733172,0.000000000
31,2020-01-02 07:00:00,0.000000000,0.194593935,0.210505742,0.212806261,0.217820382,0.227727744,0.000000000
32,2020-01-02 08:00:00,0.000000000,0.194595739,0.210490458,0.212790114,0.217802220,0.227705009,0.000000000
33,2020-01-02 09:00:00,0.000000000,0.194597676,0.210474044,0.212772775,0.217782718,0.227680598,0.000000000
34,2020-01-02 10:00:00,0.000000000,0.194599456,0.210458957,0.212756837,0.217764792,0.227658163,0.000000000
35,2020-01-02 11:00:00,0.000000000,0.194599456,0.210458957,0.212756837,0.217764792,0.227658163,0.000000000
36,2020-01-02 12:00:00,0.000000000,0.194599456,0.210458957,0.212756837,0.217764792,0.227658163,0.000000000
37,2020-01-02 13:00:00,0.000000000,0.194599456,0.210458957,0.212756837,0.217764792,0.227658163,0.000000000
38,2020-01-02 14:00:00,0.000000000,0.194599456,0.210458957,0.212756837,0.217764792,0.227658163,0.000000000
39,2020-01-02 15:00:00,0.000000000,0.194606474,0.210399438,0.212693965,0.217694087,0.227569688,0.000000000
40,2020-01-02 16:00:00,0.000000000,0.194616005,0.210318484,0.212608456,0.217597942,0.227449424,0.000000000
41,2020-01-02 17:00:00,0.000000000,0.194627557,0.210220191,0.212504644,0.217481242,0.227303519,0.000000000
42,2020-01-02 18:00:00,0.000000000,0.194640663,0.210108444,0.212386635,0.217348617,0.227137800,0.000000000
43,2020-01-02 19:00:00,0.000000000,0.194654603,0.209989311,0.212260842,0.217207284,0.226961308,0.000000000
44,2020-01-02 20:00:00,0.000000000,0.194666706,0.209885648,0.212151397,0.217084352,0.226807887,0.000000000
45,2020-01-02 21:00:00,0.000000000,0.194671407,0.209845323,0.212108826,0.217036545,0.226748246,0.000000000
46,2020-01-02 22:00:00,0.000000000,0.194675769,0.209807877,0.212069296,0.216992155,0.226692880,0.000000000
47,2020-01-02 23:00:00,0.000000000,0.194678880,0.209781153,0.212041086,0.216960480,0.226653379,0.000000000
48,2020-01-03 00:00:00,0.000000000,0.194681542,0.209758277,0.212016938,0.216933367,0.226619572,0.000000000
49,2020-01-03 01:00:00,0.000000000,0.194683052,0.209745296,0.212003235,0.216917983,0.226600391,0.000000000
50,2020-01-03 02:00:00,0.000000000,0.194684480,0.209733019,0.211990276,0.216903434,0.226582254,0.000000000
51,2020-01-03 03:00:00,0.000000000,0.194684679,0.209731311,0.211988473,0.216901410,0.226579730,0.000000000
52,2020-01-03 04:00:00,0.000000000,0.194685008,0.209728476,0.211985481,0.216898051,0.226575542,0.000000000
53,2020-01-03 05:00:00,0.000000000,0.194685954,0.209720346,0.211976899,0.216888417,0.226563533,0.000000000
54,2020-01-03 06:00:00,0.000000000,0.194687302,0.209708745,0.211964654,0.216874671,0.226546398,0.000000000
55,2020-01-03 07:00:00,0.000000000,0.194687746,0.209704928,0.211960625,0.216870148,0.226540760,0.000000000
56,2020-01-03 08:00:00,0.000000000,0.194688386,0.209699414,0.211954805,0.216863614,0.226532616,0.000000000
57,2020-01-03 09:00:00,0.000000000,0.194689680,0.209688283,0.211943057,0.216850426,0.226516179,0.000000000
58,2020-01-03 10:00:00,0.000000000,0.194691324,0.209674129,0.211928117,0.216833655,0.226495277,0.000000000
59,2020-01-03 11:00:00,0.000000000,0.194692164,0.209666896,0.211920483,0.216825086,0.226484598,0.000000000
60,2020-01-03 12:00:00,0.000000000,0.194693695,0.209653711,0.211906566,0.216809466,0.226465132,0.000000000
61,2020-01-03 13:00:00,0.000000000,0.194696186,0.209632247,0.211883913,0.216784039,0.226433449,0.000000000
62,2020-01-03 14:00:00,0.000000000,0.194699444,0.209604163,0.211854272,0.216750772,0.226392002,0.000000000
63,2020-01-03 15:00:00,0.000000000,0.194703273,0.209571139,0.211819419,0.216711657,0.226343278,0.000000000
64,2020-01-03 16:00:00,0.000000000,0.194707377,0.209535716,0.211782035,0.216669706,0.226291028,0.000000000
65,2020-01-03 17:00:00,0.000000000,0.194711814,0.209497399,0.211741599,0.216624334,0.226234531,0.000000000
66,2020-01-03 18:00:00,0.000000000,0.194715556,0.209465056,0.211707469,0.216586040,0.226186856,0.000000000
67,2020-01-03 19:00:00,0.000000000,0.194720939,0.209418491,0.211658333,0.216530916,0.226118242,0.000000000
68,2020-01-03 20:00:00,0.000000000,0.194728120,0.209356309,0.211592720,0.216457317,0.226026658,0.000000000
69,2020-01-03 21:00:00,0.000000000,0.194730816,0.209332942,0.211568066,0.216429665,0.225992256,0.000000000
70,2020-01-03 22:00:00,0.000000000,0.194733384,0.209310678,0.211544576,0.216403320,0.225959484,0.000000000
71,2020-01-03 23:00:00,0.000000000,0.194735671,0.209290835,0.211523639,0.216379840,0.225930281,0.000000000
72,2020-01-04 00:00:00,0.000000000,0.194737762,0.209272690,0.211504496,0.216358373,0.225903582,0.000000000
73,2020-01-04 01:00:00,0.000000000,0.194739514,0.209257486,0.211488455,0.216340384,0.225881212,0.000000000
74,2020-01-04 02:00:00,0.000000000,0.194741033,0.209244293,0.211474537,0.216324777,0.225861805,0.076456569
75,2020-01-04 03:00:00,0.000000000,0.194738478,0.209266480,0.211497944,0.216351024,0.225894444,0.000000000
76,2020-01-04 04:00:00,0.000000000,0.194739439,0.209258140,0.211489145,0.216341158,0.225882174,0.000000000
77,2020-01-04 05:00:00,0.000000000,0.194740456,0.209249304,0.211479823,0.216330705,0.225869176,0.000000000
78,2020-01-04 06:00:00,0.000000000,0.194741507,0.209240180,0.211470198,0.216319911,0.225855755,0.190836364
79,2020-01-04 07:00:00,0.000000000,0.194733327,0.209311170,0.211545094,0.216403901,0.225960207,0.098843519
80,2020-01-04 08:00:00,0.000000000,0.194729379,0.209345401,0.211581211,0.216444409,0.226010598,0.000000000
81,2020-01-04 09:00:00,0.000000000,0.194730258,0.209337781,0.211573171,0.216435391,0.225999379,0.000000000
82,2020-01-04 10:00:00,0.000000000,0.194731030,0.209331088,0.211566109,0.216427471,0.225989526,0.495514081
83,2020-01-04 11:00:00,0.000000000,0.194708418,0.209526734,0.211772556,0.216659069,0.226277783,0.000000000
84,2020-01-04 12:00:00,0.000000000,0.194709250,0.209519543,0.211764968,0.216650555,0.226267180,0.000000000
85,2020-01-04 13:00:00,0.000000000,0.194710796,0.209506187,0.211750873,0.216634740,0.226247487,0.000000000
86,2020-01-04 14:00:00,0.000000000,0.194712746,0.209489342,0.211733097,0.216614794,0.226222653,0.077966868
87,2020-01-04 15:00:00,0.000000000,0.194711987,0.209495899,0.211740016,0.216622558,0.226232319,0.764019529
88,2020-01-04 16:00:00,0.000000000,0.194679206,0.209778354,0.212038131,0.216957162,0.226649241,0.080291696
89,2020-01-04 17:00:00,0.000000000,0.194679293,0.209778354,0.212038131,0.216957162,0.226649241,0.075010321
90,2020-01-04 18:00:00,0.000000000,0.194680457,0.209767608,0.212026787,0.216944426,0.226633360,0.067749441
91,2020-01-04 19:00:00,0.000000000,0.194682093,0.209753542,0.212011940,0.216927756,0.226612576,0.000000000
92,2020-01-04 20:00:00,0.000000000,0.194689885,0.209686517,0.211941192,0.216848333,0.226513570,0.000000000
93,2020-01-04 21:00:00,0.000000000,0.194691786,0.209670151,0.211923918,0.216828942,0.226489404,0.000000000
94,2020-01-04 22:00:00,0.000000000,0.194693216,0.209657836,0.211910920,0.216814353,0.226471222,0.000000000
95,2020-01-04 23:00:00,0.000000000,0.194694426,0.209647410,0.211899916,0.216802001,0.226455830,0.000000000
96,2020-01-05 00:00:00,0.000000000,0.194695652,0.209636852,0.211888773,0.216789493,0.226440245,0.000000000
97,2020-01-05 01:00:00,0.000000000,0.194696910,0.209626008,0.211877327,0.216776647,0.226424240,0.000000000
98,2020-01-05 02:00:00,0.000000000,0.194698316,0.209613890,0.211864538,0.216762293,0.226406355,0.000000000
99,2020-01-05 03:00:00,0.000000000,0.194699612,0.209602717,0.211852746,0.216749059,0.226389868,0.689621544
100,2020-01-05 04:00:00,0.000000000,0.194668730,0.209868287,0.212133068,0.217063769,0.226782207,0.096026118
101,2020-01-05 05:00:00,0.000000000,0.194666036,0.209891389,0.212157457,0.217091159,0.226816380,0.095181846
102,2020-01-05 06:00:00,0.000000000,0.194663435,0.209913681,0.212180992,0.217117592,0.226849363,0.195007620
103,2020-01-05 07:00:00,0.000000000,0.194656096,0.209976534,0.212247351,0.217192129,0.226942390,0.095245904
104,2020-01-05 08:00:00,0.000000000,0.194653766,0.209996471,0.212268402,0.217215777,0.226971911,0.000000000
105,2020-01-05 09:00:00,0.000000000,0.194655541,0.209981280,0.212252362,0.217197759,0.226949417,0.000000000
106,2020-01-05 10:00:00,0.000000000,0.194657825,0.209961732,0.212231724,0.217174575,0.226920478,0.000000000
107,2020-01-05 11:00:00,0.000000000,0.194660098,0.209942267,0.212211172,0.217151490,0.226891666,0.000000000
108,2020-01-05 12:00:00,0.000000000,0.194662610,0.209920748,0.212188454,0.217125972,0.226859821,0.000000000
109,2020-01-05 13:00:00,0.000000000,0.194666526,0.209887191,0.212153025,0.217086182,0.226810170,0.000000000
110,2020-01-05 14:00:00,0.000000000,0.194671606,0.209843612,0.212107019,0.217034516,0.226745715,0.000000000
111,2020-01-05 15:00:00,0.000000000,0.194677618,0.209791996,0.212052532,0.216973332,0.226669405,0.000000000
112,2020-01-05 16:00:00,0.000000000,0.194684476,0.209733054,0.211990313,0.216903476,0.226582306,0.000000000
113,2020-01-05 17:00:00,0.000000000,0.194691810,0.209669942,0.211923698,0.216828695,0.226489095,0.000000000
114,2020-01-05 18:00:00,0.000000000,0.194699867,0.209600519,0.211850426,0.216746455,0.226386624,0.000000000
115,2020-01-05 19:00:00,0.000000000,0.194708284,0.209527888,0.211773774,0.216660436,0.226279485,0.000000000
116,2020-01-05 20:00:00,0.000000000,0.194717363,0.209449429,0.211690979,0.216567540,0.226163826,0.000000000
117,2020-01-05 21:00:00,0.000000000,0.194721783,0.209411188,0.211650626,0.216522271,0.226107483,0.000000000
118,2020-01-05 22:00:00,0.000000000,0.194725840,0.209376061,0.211613561,0.216480694,0.226055744,0.000000000
119,2020-01-05 23:00:00,0.000000000,0.194729904,0.209340849,0.211576408,0.216439022,0.226003896,0.000000000
120,2020-01-06 00:00:00,0.000000000,0.194733441,0.209310184,0.211544054,0.216402735,0.225958757,0.000000000
121,2020-01-06 01:00:00,0.000000000,0.194736654,0.209282312,0.211514647,0.216369756,0.225917738,0.000000000
122,2020-01-06 02:00:00,0.000000000,0.194739468,0.209257880,0.211488871,0.216340851,0.225881792,0.000000000
123,2020-01-06 03:00:00,0.000000000,0.194741776,0.209237842,0.211467731,0.216317145,0.225852316,0.000000000
124,2020-01-06 04:00:00,0.000000000,0.194741776,0.209237842,0.211467731,0.216317145,0.225852316,0.000000000
125,2020-01-06 05:00:00,0.000000000,0.194741776,0.209237842,0.211467731,0.216317145,0.225852316,0.000000000
126,2020-01-06 06:00:00,0.000000000,0.194741776,0.209237842,0.211467731,0.216317145,0.225852316,0.000000000
127,2020-01-06 07:00:00,0.000000000,0.194741776,0.209237842,0.211467731,0.216317145,0.225852316,0.000000000
128,2020-01-06 08:00:00,0.000000000,0.194741776,0.209237842,0.211467731,0.216317145,0.225852316,0.000000000
129,2020-01-06 09:00:00,0.000000000,0.194741776,0.209237842,0.211467731,0.216317145,0.225852316,0.000000000
130,2020-01-06 10:00:00,0.000000000,0.194741776,0.209237842,0.211467731,0.216317145,0.225852316,0.000000000
131,2020-01-06 11:00:00,0.000000000,0.194741776,0.209237842,0.211467731,0.216317145,0.225852316,0.000000000
132,2020-01-06 12:00:00,0.056784421,0.194741776,0.209237842,0.211467731,0.216317145,0.225852316,0.000000000
133,2020-01-06 13:00:00,0.002058119,0.194741776,0.209237842,0.211467731,0.216317145,0.225852316,0.056784427
134,2020-01-06 14:00:00,0.003279266,0.194739051,0.209261508,0.211492698,0.216345142,0.225887129,0.002058119
135,2020-01-06 15:00:00,0.235332221,0.194738952,0.209262367,0.211493605,0.216346159,0.225888393,0.003279266
136,2020-01-06 16:00:00,0.256583899,0.194738794,0.209263736,0.211495049,0.216347778,0.225890407,0.235332240
137,2020-01-06 17:00:00,0.278722316,0.194727554,0.209361214,0.211597896,0.216463122,0.226033880,0.256583900
138,2020-01-06 18:00:00,0.056499816,0.194715287,0.209467376,0.211709917,0.216588787,0.226190275,0.278722351
139,2020-01-06 19:00:00,0.072204694,0.194704443,0.209561040,0.211808761,0.216699696,0.226328379,0.056499816
140,2020-01-06 20:00:00,0.061623529,0.194706634,0.209542132,0.211788806,0.216677304,0.226300491,0.072204700
141,2020-01-06 21:00:00,0.013046520,0.194704261,0.209562616,0.211810424,0.216701562,0.226330704,0.061623532
142,2020-01-06 22:00:00,0.016197447,0.194702863,0.209574674,0.211823150,0.216715844,0.226348492,0.013046521
143,2020-01-06 23:00:00,0.010837541,0.194703625,0.209568099,0.211816210,0.216708056,0.226338792,0.016197448
144,2020-01-07 00:00:00,0.011656551,0.194704397,0.209561440,0.211809183,0.216700170,0.226328969,0.010837542
145,2020-01-07 01:00:00,0.010894611,0.194705548,0.209551510,0.211798703,0.216688409,0.226314322,0.011656551
146,2020-01-07 02:00:00,0.006975573,0.194706849,0.209540275,0.211786847,0.216675105,0.226297753,0.010894612
147,2020-01-07 03:00:00,0.004645140,0.194708022,0.209530151,0.211776162,0.216663116,0.226282822,0.006975574
148,2020-01-07 04:00:00,0.006159247,0.194707685,0.209533059,0.211779232,0.216666560,0.226287111,0.004645140
149,2020-01-07 05:00:00,0.006830548,0.194707461,0.209534996,0.211781276,0.216668854,0.226289967,0.006159248
150,2020-01-07 06:00:00,0.006611935,0.194707163,0.209537564,0.211783986,0.216671895,0.226293755,0.006830548
151,2020-01-07 07:00:00,0.005320526,0.194706833,0.209540412,0.211786992,0.216675268,0.226297955,0.006611936
152,2020-01-07 08:00:00,0.005626839,0.194706514,0.209543169,0.211789901,0.216678533,0.226302021,0.005320526
153,2020-01-07 09:00:00,0.003536510,0.194706257,0.209545388,0.211792242,0.216681160,0.226305293,0.000000000
154,2020-01-07 10:00:00,0.003987693,0.194706257,0.209545388,0.211792242,0.216681160,0.226305293,0.000000000
155,2020-01-07 11:00:00,0.003841839,0.194706257,0.209545388,0.211792242,0.216681160,0.226305293,0.000000000
156,2020-01-07 12:00:00,0.002062605,0.194706257,0.209545388,0.211792242,0.216681160,0.226305293,0.003841839
157,2020-01-07 13:00:00,0.007322449,0.194706071,0.209546990,0.211793933,0.216683057,0.226307656,0.002062605
158,2020-01-07 14:00:00,0.015704326,0.194705972,0.209547850,0.211794841,0.216684076,0.226308925,0.007322450
159,2020-01-07 15:00:00,0.017903760,0.194705618,0.209550903,0.211798063,0.216687691,0.226313427,0.015704326
160,2020-01-07 16:00:00,0.016613310,0.194712245,0.209493672,0.211737666,0.216619921,0.226229036,0.017903760
161,2020-01-07 17:00:00,0.011113846,0.194722404,0.209405812,0.211644954,0.216515908,0.226099564,0.016613311
162,2020-01-07 18:00:00,0.006317080,0.194733615,0.209308669,0.211542455,0.216400942,0.225956527,0.011113846
163,2020-01-07 19:00:00,0.002882609,0.194745539,0.209205147,0.211433239,0.216278470,0.225804232,0.006317080
164,2020-01-07 20:00:00,0.001238162,0.194755103,0.209121968,0.211345492,0.216180096,0.225681963,0.002882609
165,2020-01-07 21:00:00,0.000193605,0.194757466,0.209101391,0.211323786,0.216155765,0.225651730,0.001238162
166,2020-01-07 22:00:00,0.000205416,0.194760922,0.209071280,0.211292025,0.216120164,0.225607500,0.000193605
167,2020-01-07 23:00:00,0.000128660,0.194763817,0.209046049,0.211265412,0.216090335,0.225570446,0.000205416
168,2020-01-08 00:00:00,0.000134860,0.194766251,0.209024828,0.211243027,0.216065247,0.225539286,0.000128660
169,2020-01-08 01:00:00,0.000136556,0.194768383,0.209006227,0.211223409,0.216043261,0.225511980,0.000134860
170,2020-01-08 02:00:00,0.522272229,0.194770313,0.208989382,0.211205642,0.216023350,0.225487254,0.000136556
171,2020-01-08 03:00:00,0.494836032,0.194771708,0.208977205,0.211192798,0.216008957,0.225469383,0.522272273
172,2020-01-08 04:00:00,0.135037273,0.194748208,0.209181949,0.211408766,0.216251032,0.225770124,0.494836070
173,2020-01-08 05:00:00,0.052278426,0.194725732,0.209376991,0.211614542,0.216481795,0.226057113,0.135037287
174,2020-01-08 06:00:00,0.038106401,0.194719935,0.209427177,0.211667498,0.216541198,0.226131039,0.052278428
175,2020-01-08 07:00:00,0.035612881,0.194717882,0.209444940,0.211686242,0.216562226,0.226157211,0.038106401
176,2020-01-08 08:00:00,0.149538994,0.194716689,0.209455258,0.211697130,0.216574441,0.226172417,0.035612882
177,2020-01-08 09:00:00,0.149234712,0.194715596,0.209464705,0.211707099,0.216585625,0.226186339,0.149539005
178,2020-01-08 10:00:00,0.034552258,0.194708413,0.209526775,0.211772600,0.216659118,0.226277844,0.149234724
179,2020-01-08 11:00:00,0.093099490,0.194701237,0.209588703,0.211837956,0.216732460,0.226369190,0.000000000
180,2020-01-08 12:00:00,0.076377384,0.194701237,0.209588703,0.211837956,0.216732460,0.226369190,0.066877038
181,2020-01-08 13:00:00,0.032616846,0.194698010,0.209616526,0.211867320,0.216765415,0.226410245,0.076377388
182,2020-01-08 14:00:00,0.062223870,0.194694324,0.209648287,0.211900842,0.216803040,0.226457125,0.032616850
183,2020-01-08 15:00:00,0.067763641,0.194692747,0.209661869,0.211915177,0.216819130,0.226477176,0.062223871
184,2020-01-08 16:00:00,0.054824203,0.194689741,0.209687752,0.211942496,0.216849796,0.226515394,0.067763644
185,2020-01-08 17:00:00,0.046854034,0.194691145,0.209675668,0.211929742,0.216835480,0.226497551,0.054824203
186,2020-01-08 18:00:00,0.040258650,0.194695147,0.209641202,0.211893364,0.216794647,0.226446667,0.046854034
187,2020-01-08 19:00:00,0.431159705,0.194700669,0.209593602,0.211843126,0.216738262,0.226376418,0.040258654
188,2020-01-08 20:00:00,0.101682514,0.194706320,0.209544840,0.211791664,0.216680511,0.226304485,0.431159748
189,2020-01-08 21:00:00,0.037596550,0.194690018,0.209685369,0.211939980,0.216846972,0.226511874,0.101682515
190,2020-01-08 22:00:00,0.029418362,0.194690722,0.209679310,0.211933585,0.216839794,0.226502928,0.037596550
191,2020-01-08 23:00:00,0.022298569,0.194693765,0.209653106,0.211905928,0.216808749,0.226464239,0.029418362
192,2020-01-09 00:00:00,0.017015221,0.194696515,0.209629416,0.211880925,0.216780685,0.226429270,0.022298569
193,2020-01-09 01:00:00,0.015525860,0.194699884,0.209600371,0.211850270,0.216746280,0.226386406,0.017015221
194,2020-01-09 02:00:00,0.010248433,0.194699062,0.209607462,0.211857753,0.216754678,0.226396869,0.000000000
195,2020-01-09 03:00:00,0.008093995,0.194699062,0.209607462,0.211857753,0.216754678,0.226396869,0.000000000
196,2020-01-09 04:00:00,0.008513476,0.194699062,0.209607462,0.211857753,0.216754678,0.226396869,0.000000000
197,2020-01-09 05:00:00,0.007605799,0.194699062,0.209607462,0.211857753,0.216754678,0.226396869,0.000000000
198,2020-01-09 06:00:00,0.004813594,0.194699062,0.209607462,0.211857753,0.216754678,0.226396869,0.000000000
199,2020-01-09 07:00:00,0.003528395,0.194699062,0.209607462,0.211857753,0.216754678,0.226396869,0.000000000
200,2020-01-09 08:00:00,0.003209267,0.194699062,0.209607462,0.211857753,0.216754678,0.226396869,0.000000000
201,2020-01-09 09:00:00,0.002446263,0.194699062,0.209607462,0.211857753,0.216754678,0.226396869,0.000000000
202,2020-01-09 10:00:00,0.001145157,0.194699062,0.209607462,0.211857753,0.216754678,0.226396869,0.000000000
203,2020-01-09 11:00:00,0.002295699,0.194699062,0.209607462,0.211857753,0.216754678,0.226396869,0.000000000
204,2020-01-09 12:00:00,0.001587678,0.194699062,0.209607462,0.211857753,0.216754678,0.226396869,0.000000000
205,2020-01-09 13:00:00,0.001654729,0.194699062,0.209607462,0.211857753,0.216754678,0.226396869,0.000000000
206,2020-01-09 14:00:00,0.002612017,0.194699062,0.209607462,0.211857753,0.216754678,0.226396869,0.001654729
207,2020-01-09 15:00:00,0.004133028,0.194698982,0.209608151,0.211858481,0.216755496,0.226397887,0.002612017
208,2020-01-09 16:00:00,0.004015231,0.194698855,0.209609240,0.211859631,0.216756785,0.226399494,0.004133028
209,2020-01-09 17:00:00,0.003105080,0.194698655,0.209610963,0.211861449,0.216758826,0.226402036,0.004015231
210,2020-01-09 18:00:00,0.001782063,0.194698461,0.209612637,0.211863216,0.216760809,0.226404507,0.003105081
211,2020-01-09 19:00:00,0.001139207,0.194698311,0.209613932,0.211864582,0.216762342,0.226406417,0.001782063
212,2020-01-09 20:00:00,0.000550815,0.194698225,0.209614675,0.211865366,0.216763222,0.226407513,0.000000000
213,2020-01-09 21:00:00,0.000013159,0.194698225,0.209614675,0.211865366,0.216763222,0.226407513,0.000000000
214,2020-01-09 22:00:00,0.000003923,0.194698225,0.209614675,0.211865366,0.216763222,0.226407513,0.000000000
215,2020-01-09 23:00:00,0.000002723,0.194698225,0.209614675,0.211865366,0.216763222,0.226407513,0.000000000
216,2020-01-10 00:00:00,0.000002685,0.194698225,0.209614675,0.211865366,0.216763222,0.226407513,0.000000000
217,2020-01-10 01:00:00,0.000005956,0.194698225,0.209614675,0.211865366,0.216763222,0.226407513,0.000000000
218,2020-01-10 02:00:00,0.000017683,0.194698225,0.209614675,0.211865366,0.216763222,0.226407513,0.000000000
219,2020-01-10 03:00:00,0.000020102,0.194698225,0.209614675,0.211865366,0.216763222,0.226407513,0.000000000
220,2020-01-10 04:00:00,0.000011258,0.194698225,0.209614675,0.211865366,0.216763222,0.226407513,0.000000000
221,2020-01-10 05:00:00,0.000011147,0.194698225,0.209614675,0.211865366,0.216763222,0.226407513,0.000000000
222,2020-01-10 06:00:00,0.000012637,0.194698225,0.209614675,0.211865366,0.216763222,0.226407513,0.000000000
223,2020-01-10 07:00:00,0.000002454,0.194698225,0.209614675,0.211865366,0.216763222,0.226407513,0.000000000
224,2020-01-10 08:00:00,0.000021112,0.194698225,0.209614675,0.211865366,0.216763222,0.226407513,0.000000000
225,2020-01-10 09:00:00,0.000015883,0.194698225,0.209614675,0.211865366,0.216763222,0.226407513,0.000000000
226,2020-01-10 10:00:00,0.000023152,0.194698225,0.209614675,0.211865366,0.216763222,0.226407513,0.000000000
227,2020-01-10 11:00:00,0.000034538,0.194698225,0.209614675,0.211865366,0.216763222,0.226407513,0.000000000
228,2020-01-10 12:00:00,0.000024737,0.194698225,0.209614675,0.211865366,0.216763222,0.226407513,0.000034538
229,2020-01-10 13:00:00,0.000141368,0.194698209,0.209614675,0.211865366,0.216763222,0.226407513,0.000024737
230,2020-01-10 14:00:00,0.000204269,0.194698198,0.209614675,0.211865366,0.216763222,0.226407513,0.000141368
231,2020-01-10 15:00:00,0.000207536,0.194698135,0.209614675,0.211865366,0.216763222,0.226407513,0.000204269
232,2020-01-10 16:00:00,0.000146817,0.194700549,0.209594634,0.211844215,0.216739485,0.226377941,0.000207536
233,2020-01-10 17:00:00,0.000078156,0.194705085,0.209555501,0.211802915,0.216693136,0.226320209,0.000146817
234,2020-01-10 18:00:00,0.000037704,0.194709127,0.209520606,0.211766089,0.216651813,0.226268747,0.000078156
235,2020-01-10 19:00:00,0.000023369,0.194714209,0.209476700,0.211719756,0.216599826,0.226204018,0.000037704
236,2020-01-10 20:00:00,0.000013245,0.194721041,0.209417604,0.211657396,0.216529866,0.226116934,0.000023369
237,2020-01-10 21:00:00,0.000002752,0.194722762,0.209402711,0.211641681,0.216512237,0.226094995,0.000013245
238,2020-01-10 22:00:00,0.000002037,0.194723996,0.209392031,0.211630413,0.216499597,0.226079265,0.000002752
239,2020-01-10 23:00:00,0.000001348,0.194725305,0.209380692,0.211618448,0.216486175,0.226062564,0.000002037
240,2020-01-11 00:00:00,0.000000000,0.194726036,0.209374363,0.211611770,0.216478685,0.226053244,0.000001348
241,2020-01-11 01:00:00,0.000000000,0.194726993,0.209366070,0.211603020,0.216468870,0.226041032,0.000000000
242,2020-01-11 02:00:00,0.000000000,0.194727088,0.209365252,0.211602156,0.216467902,0.226039826,0.000000000
243,2020-01-11 03:00:00,0.000000000,0.194727126,0.209365252,0.211602156,0.216467902,0.226039826,0.000000000
244,2020-01-11 04:00:00,0.000000000,0.194727394,0.209362596,0.211599354,0.216464758,0.226035915,0.001294974
245,2020-01-11 05:00:00,0.000000000,0.194727332,0.209363136,0.211599924,0.216465398,0.226036711,0.003317509
246,2020-01-11 06:00:00,0.000000000,0.194727172,0.209364521,0.211601385,0.216467036,0.226038750,0.007510935
247,2020-01-11 07:00:00,0.000000000,0.194726810,0.209367655,0.211604691,0.216470745,0.226043364,0.008590284
248,2020-01-11 08:00:00,0.000000000,0.194726397,0.209371239,0.211608473,0.216474987,0.226048642,0.008354954
249,2020-01-11 09:00:00,0.000000000,0.194725994,0.209374724,0.211612151,0.216479112,0.226053776,0.010625563
250,2020-01-11 10:00:00,0.000000000,0.194725482,0.209379157,0.211616828,0.216484359,0.226060304,0.014670989
251,2020-01-11 11:00:00,0.000000000,0.194724776,0.209385277,0.211623286,0.216491602,0.226069316,0.031306746
252,2020-01-11 12:00:00,0.000000000,0.194723268,0.209398328,0.211637056,0.216507049,0.226088539,0.000000000
253,2020-01-11 13:00:00,0.000000000,0.194723974,0.209392219,0.211630610,0.216499818,0.226079540,0.000000000
254,2020-01-11 14:00:00,0.000000000,0.194726519,0.209370178,0.211607354,0.216473732,0.226047081,0.000000000
255,2020-01-11 15:00:00,0.000000000,0.194731892,0.209323618,0.211558228,0.216418631,0.225978530,0.000000000
256,2020-01-11 16:00:00,0.000000000,0.194738762,0.209264013,0.211495341,0.216348106,0.225890814,0.000000000
257,2020-01-11 17:00:00,0.000000000,0.194748095,0.209182935,0.211409806,0.216252197,0.225771572,0.000000000
258,2020-01-11 18:00:00,0.000000000,0.194758333,0.209093839,0.211315821,0.216146836,0.225640637,0.000000000
259,2020-01-11 19:00:00,0.000000000,0.194769760,0.208994210,0.211210734,0.216029056,0.225494340,0.000000000
260,2020-01-11 20:00:00,0.000000000,0.194780670,0.208898908,0.211110221,0.215916430,0.225354517,0.000000000
261,2020-01-11 21:00:00,0.000000000,0.194784438,0.208865946,0.211075460,0.215877485,0.225306183,0.000000000
262,2020-01-11 22:00:00,0.000000000,0.194787844,0.208836143,0.211044031,0.215842276,0.225262494,0.000000000
263,2020-01-11 23:00:00,0.000000000,0.194791592,0.208803318,0.211009416,0.215803501,0.225214388,0.000000000
264,2020-01-12 00:00:00,0.000000000,0.194794944,0.208773945,0.210978443,0.215768808,0.225171352,0.000000000
265,2020-01-12 01:00:00,0.000000000,0.194798069,0.208746543,0.210949549,0.215736446,0.225131215,0.000000000
266,2020-01-12 02:00:00,0.000000000,0.194800960,0.208721180,0.210922805,0.215706494,0.225094072,0.000000000
267,2020-01-12 03:00:00,0.000000000,0.194803164,0.208701839,0.210902411,0.215683656,0.225065752,0.000000000
268,2020-01-12 04:00:00,0.000000000,0.194804130,0.208693355,0.210893466,0.215673638,0.225053333,0.000000000
269,2020-01-12 05:00:00,0.000000000,0.194805150,0.208684400,0.210884024,0.215663064,0.225040223,0.000000000
270,2020-01-12 06:00:00,0.000000000,0.194806115,0.208675931,0.210875095,0.215653066,0.225027827,0.000000000
271,2020-01-12 07:00:00,0.000000000,0.194806673,0.208671032,0.210869930,0.215647282,0.225020657,0.000000000
272,2020-01-12 08:00:00,0.000000000,0.194807001,0.208668143,0.210866883,0.215643870,0.225016427,2.260000520
273,2020-01-12 09:00:00,0.000000000,0.194706605,0.209542381,0.211789070,0.216677600,0.226300859,2.127900621
274,2020-01-12 10:00:00,0.000000000,0.194610029,0.210369257,0.212662085,0.217658239,0.227524841,0.299999999
275,2020-01-12 11:00:00,0.000000000,0.194596087,0.210487511,0.212787001,0.217798718,0.227700626,0.000000000
276,2020-01-12 12:00:00,0.000000000,0.194596553,0.210483560,0.212782827,0.217794023,0.227694749,0.000000000
277,2020-01-12 13:00:00,0.000000000,0.194597694,0.210473893,0.212772615,0.217782538,0.227680374,1.037887421
278,2020-01-12 14:00:00,0.000000000,0.194550933,0.210868601,0.213189668,0.218251834,0.228268393,0.000000000
279,2020-01-12 15:00:00,0.000000000,0.194558875,0.210801775,0.213119047,0.218172334,0.228168692,0.000000000
280,2020-01-12 16:00:00,0.000000000,0.194570039,0.210707702,0.213019639,0.218060450,0.228028440,0.000000000
281,2020-01-12 17:00:00,0.000000000,0.194587556,0.210559736,0.212863302,0.217884546,0.227808080,0.000000000
282,2020-01-12 18:00:00,0.000000000,0.194609044,0.210377624,0.212670923,0.217668177,0.227537272,0.000000000
283,2020-01-12 19:00:00,0.000000000,0.194632091,0.210181560,0.212463847,0.217435388,0.227246212,0.000000000
284,2020-01-12 20:00:00,0.000000000,0.194652997,0.210003047,0.212275345,0.217223577,0.226981649,0.000000000
285,2020-01-12 21:00:00,0.000000000,0.194663978,0.209909026,0.212176078,0.217112072,0.226842475,0.000000000
286,2020-01-12 22:00:00,0.000000000,0.194674718,0.209816905,0.212078826,0.217002857,0.226706227,0.000000000
287,2020-01-12 23:00:00,0.000000000,0.194684265,0.209734867,0.211992227,0.216905624,0.226584984,0.000000000
288,2020-01-13 00:00:00,0.000000000,0.194691276,0.209674544,0.211928556,0.216834148,0.226495891,0.000000000
289,2020-01-13 01:00:00,0.000000000,0.194697091,0.209624451,0.211875685,0.216774804,0.226421942,0.000000000
290,2020-01-13 02:00:00,0.000000000,0.194702567,0.209577228,0.211825845,0.216718869,0.226352260,0.000000000
291,2020-01-13 03:00:00,0.000000000,0.194706530,0.209543035,0.211789759,0.216678373,0.226301823,0.000000000
292,2020-01-13 04:00:00,0.000000000,0.194709933,0.209513649,0.211758747,0.216643575,0.226258488,0.000000000
293,2020-01-13 05:00:00,0.000000000,0.194712991,0.209487225,0.211730863,0.216612288,0.226219533,0.000000000
294,2020-01-13 06:00:00,0.000000000,0.194715883,0.209462224,0.211704480,0.216582688,0.226182682,0.000000000
295,2020-01-13 07:00:00,0.000000000,0.194718443,0.209440086,0.211681120,0.216556479,0.226150059,0.000000000
296,2020-01-13 08:00:00,0.000000000,0.194720668,0.209420834,0.211660805,0.216533689,0.226121693,0.000000000
297,2020-01-13 09:00:00,0.000000000,0.194722864,0.209401829,0.211640751,0.216511193,0.226093696,0.000000000
298,2020-01-13 10:00:00,0.000000000,0.194724545,0.209387270,0.211625389,0.216493961,0.226072253,0.000000000
299,2020-01-13 11:00:00,0.000000000,0.194726095,0.209373851,0.211611229,0.216478078,0.226052489,0.000000000
300,2020-01-13 12:00:00,0.000000000,0.194727325,0.209363199,0.211599991,0.216465472,0.226036804,0.000000000
301,2020-01-13 13:00:00,0.000000000,0.194730268,0.209337690,0.211573076,0.216435284,0.225999246,0.000000000
302,2020-01-13 14:00:00,0.000000000,0.194734827,0.209298163,0.211531371,0.216388511,0.225941064,0.000000000
303,2020-01-13 15:00:00,0.000000000,0.194740418,0.209249640,0.211480177,0.216331102,0.225869670,0.000000000
304,2020-01-13 16:00:00,0.000000000,0.194747189,0.209190807,0.211418111,0.216261509,0.225783147,0.000000000
305,2020-01-13 17:00:00,0.000000000,0.194755270,0.209120508,0.211343951,0.216178370,0.225679818,0.000000000
306,2020-01-13 18:00:00,0.000000000,0.194762175,0.209060361,0.211280507,0.216107254,0.225591462,0.000000000
307,2020-01-13 19:00:00,0.000000000,0.194769314,0.208998105,0.211214842,0.216033660,0.225500058,0.000000000
308,2020-01-13 20:00:00,0.000000000,0.194777411,0.208927395,0.211140265,0.215950091,0.225396300,0.000000000
309,2020-01-13 21:00:00,0.000000000,0.194780120,0.208903717,0.211115293,0.215922112,0.225361570,0.000000000
310,2020-01-13 22:00:00,0.000000000,0.194782078,0.208886592,0.211097234,0.215901879,0.225336457,0.000000000
311,2020-01-13 23:00:00,0.000000000,0.194783671,0.208872663,0.211082543,0.215885421,0.225316032,0.000000000
312,2020-01-14 00:00:00,0.000000000,0.194784634,0.208864236,0.211073657,0.215875464,0.225303676,0.000000000
313,2020-01-14 01:00:00,0.000000000,0.194785362,0.208857862,0.211066935,0.215867934,0.225294332,0.000000000
314,2020-01-14 02:00:00,0.000000000,0.194786068,0.208851688,0.211060424,0.215860641,0.225285281,0.000000000
315,2020-01-14 03:00:00,0.000000000,0.194786181,0.208850693,0.211059375,0.215859465,0.225283822,0.003761809
316,2020-01-14 04:00:00,0.000000000,0.194786002,0.208852266,0.211061033,0.215861323,0.225286128,0.004867032
317,2020-01-14 05:00:00,0.000000000,0.194785769,0.208854301,0.211063180,0.215863727,0.225289111,0.005602966
318,2020-01-14 06:00:00,0.000000000,0.194785502,0.208856644,0.211065650,0.215866495,0.225292546,0.000946636
319,2020-01-14 07:00:00,0.000000000,0.194785075,0.208856644,0.211065650,0.215866495,0.225292546,0.004084773
320,2020-01-14 08:00:00,0.000000000,0.194785261,0.208858748,0.211067869,0.215868981,0.225295630,0.004960210
321,2020-01-14 09:00:00,0.000000000,0.194785024,0.208860822,0.211070056,0.215871431,0.225298671,0.000112352
322,2020-01-14 10:00:00,0.000000000,0.194784973,0.208860822,0.211070056,0.215871431,0.225298671,0.004092972
323,2020-01-14 11:00:00,0.000000000,0.194784823,0.208862580,0.211071910,0.215873508,0.225301249,0.003071292
324,2020-01-14 12:00:00,0.000000000,0.194784676,0.208863864,0.211073265,0.215875026,0.225303132,0.000000000
325,2020-01-14 13:00:00,0.000000000,0.194786447,0.208848371,0.211056927,0.215856722,0.225280419,0.000000000
326,2020-01-14 14:00:00,0.000000000,0.194790035,0.208816955,0.211023797,0.215819610,0.225234372,0.000000000
327,2020-01-14 15:00:00,0.000000000,0.194795362,0.208770278,0.210974576,0.215764476,0.225165980,0.000000000
328,2020-01-14 16:00:00,0.000000000,0.194802724,0.208705698,0.210906481,0.215688213,0.225071403,0.000000000
329,2020-01-14 17:00:00,0.000000000,0.194811685,0.208626986,0.210823490,0.215595282,0.224956200,0.000000000
330,2020-01-14 18:00:00,0.000000000,0.194820105,0.208552914,0.210745397,0.215507853,0.224847860,0.000000000
331,2020-01-14 19:00:00,0.000000000,0.194829260,0.208472246,0.210660359,0.215412664,0.224729951,0.000000000
332,2020-01-14 20:00:00,0.000000000,0.194838192,0.208393420,0.210577267,0.215319673,0.224614813,0.000000000
333,2020-01-14 21:00:00,0.000000000,0.194841857,0.208361040,0.210543138,0.215281483,0.224567540,0.000000000
334,2020-01-14 22:00:00,0.000000000,0.194844546,0.208337267,0.210518082,0.215253446,0.224532842,0.134727698
335,2020-01-14 23:00:00,0.000000000,0.194841023,0.208368413,0.210550909,0.215290178,0.224578303,0.077838075
336,2020-01-15 00:00:00,0.000000000,0.194839474,0.208382100,0.210565336,0.215306322,0.224598286,0.000000000
337,2020-01-15 01:00:00,0.000000000,0.194840902,0.208369477,0.210552031,0.215291434,0.224579857,0.000000000
338,2020-01-15 02:00:00,0.000000000,0.194841948,0.208360240,0.210542294,0.215280539,0.224566372,0.000000000
339,2020-01-15 03:00:00,0.000000000,0.194842903,0.208351793,0.210533392,0.215270577,0.224554042,0.000000000
340,2020-01-15 04:00:00,0.000000000,0.194843795,0.208343915,0.210525089,0.215261286,0.224542544,0.000000000
341,2020-01-15 05:00:00,0.000000000,0.194844652,0.208336332,0.210517095,0.215252343,0.224531476,0.000000000
342,2020-01-15 06:00:00,0.000000000,0.194845430,0.208329458,0.210509851,0.215244237,0.224521445,0.000000000
343,2020-01-15 07:00:00,0.000000000,0.194846054,0.208323936,0.210504030,0.215237725,0.224513386,0.000000000
344,2020-01-15 08:00:00,0.000000000,0.194846550,0.208319551,0.210499408,0.215232554,0.224506987,0.000625934
345,2020-01-15 09:00:00,0.000000000,0.194846267,0.208319551,0.210499408,0.215232554,0.224506987,0.003605260
346,2020-01-15 10:00:00,0.000000000,0.194846349,0.208321324,0.210501277,0.215234644,0.224509574,0.003481679
347,2020-01-15 11:00:00,0.000000000,0.194846184,0.208322783,0.210502815,0.215236365,0.224511703,0.001975901
348,2020-01-15 12:00:00,0.000000000,0.194846091,0.208323611,0.210503688,0.215237341,0.224512911,0.000000000
349,2020-01-15 13:00:00,0.000000000,0.194847639,0.208309913,0.210489251,0.215221189,0.224492924,0.000000000
350,2020-01-15 14:00:00,0.000000000,0.194851614,0.208274735,0.210452176,0.215179710,0.224441604,0.000000000
351,2020-01-15 15:00:00,0.000000000,0.194859606,0.208203937,0.210377562,0.215096246,0.224338364,0.000000000
352,2020-01-15 16:00:00,0.000000000,0.194869942,0.208112226,0.210280917,0.214988157,0.224204721,0.000000000
353,2020-01-15 17:00:00,0.000000000,0.194882178,0.208003431,0.210166281,0.214859977,0.224046319,0.000000000
354,2020-01-15 18:00:00,0.000000000,0.194894792,0.207891038,0.210047868,0.214727608,0.223882833,0.000000000
355,2020-01-15 19:00:00,0.000000000,0.194908137,0.207771857,0.209922318,0.214587301,0.223709643,0.000000000
356,2020-01-15 20:00:00,0.000000000,0.194919632,0.207668973,0.209813948,0.214466225,0.223560277,0.000000000
357,2020-01-15 21:00:00,0.000000000,0.194924568,0.207624728,0.209767347,0.214414169,0.223496082,0.000000000
358,2020-01-15 22:00:00,0.000000000,0.194928397,0.207590373,0.209731164,0.214373754,0.223446253,0.000000000
359,2020-01-15 23:00:00,0.000000000,0.194931407,0.207563362,0.209702718,0.214341983,0.223407087,0.000000000
360,2020-01-16 00:00:00,0.000000000,0.194934095,0.207539217,0.209677290,0.214313584,0.223372083,0.000000000
361,2020-01-16 01:00:00,0.000000000,0.194936328,0.207519152,0.209656159,0.214289986,0.223342999,0.000000000
362,2020-01-16 02:00:00,0.000000000,0.194938263,0.207501762,0.209637846,0.214269537,0.223317798,0.000000000
363,2020-01-16 03:00:00,0.000000000,0.194939952,0.207486576,0.209621854,0.214251679,0.223295793,0.000000000
364,2020-01-16 04:00:00,0.000000000,0.194941475,0.207472878,0.209607429,0.214235571,0.223275946,0.000000000
365,2020-01-16 05:00:00,0.000000000,0.194942404,0.207464523,0.209598631,0.214225748,0.223263842,0.000000000
366,2020-01-16 06:00:00,0.347368449,0.194943681,0.207453035,0.209586534,0.214212240,0.223247201,0.000000000
367,2020-01-16 07:00:00,0.022068746,0.194944537,0.207445331,0.209578421,0.214203182,0.223236042,0.347368444
368,2020-01-16 08:00:00,0.306488425,0.194929388,0.207581485,0.209721804,0.214363300,0.223433364,0.022068747
369,2020-01-16 09:00:00,1.145265579,0.194928976,0.207585178,0.209725694,0.214367644,0.223438720,0.306488454
370,2020-01-16 10:00:00,0.097275354,0.194915289,0.207707866,0.209854913,0.214511990,0.223616726,1.912169137
371,2020-01-16 11:00:00,0.104742818,0.194830447,0.208461778,0.210649323,0.215400313,0.224714656,0.412546004
372,2020-01-16 12:00:00,0.094342731,0.194811092,0.208632203,0.210828990,0.215601440,0.224963833,0.104742819
373,2020-01-16 13:00:00,0.143830881,0.194806310,0.208674217,0.210873288,0.215651042,0.225025318,0.094342735
374,2020-01-16 14:00:00,0.166920766,0.194802225,0.208710084,0.210911105,0.215693392,0.225077824,0.143830880
375,2020-01-16 15:00:00,0.158996686,0.194798368,0.208743918,0.210946781,0.215733346,0.225127370,0.166920775
376,2020-01-16 16:00:00,0.115596592,0.194795941,0.208765203,0.210969224,0.215758483,0.225158546,0.158996694
377,2020-01-16 17:00:00,0.065973558,0.194796213,0.208762815,0.210966706,0.215755662,0.225155047,0.115596595
378,2020-01-16 18:00:00,0.035820767,0.194800745,0.208723066,0.210924793,0.215708721,0.225096832,0.065973563
379,2020-01-16 19:00:00,0.015376154,0.194806885,0.208669164,0.210867959,0.215645076,0.225017921,0.035820770
380,2020-01-16 20:00:00,0.005811777,0.194814162,0.208605209,0.210800530,0.215569576,0.224924341,0.015376155
381,2020-01-16 21:00:00,0.059226431,0.194817690,0.208574172,0.210767809,0.215532942,0.224878945,0.005811777
382,2020-01-16 22:00:00,0.009096651,0.194820339,0.208550854,0.210743226,0.215505422,0.224844848,0.059226435
383,2020-01-16 23:00:00,0.007252330,0.194821605,0.208539702,0.210731469,0.215492261,0.224828543,0.009096651
384,2020-01-17 00:00:00,0.005711650,0.194824852,0.208511097,0.210701314,0.215458506,0.224786728,0.007252331
385,2020-01-17 01:00:00,0.003881017,0.194828252,0.208481131,0.210669724,0.215423147,0.224742933,0.005711651
386,2020-01-17 02:00:00,0.004137496,0.194831481,0.208452653,0.210639705,0.215389548,0.224701326,0.003881018
387,2020-01-17 03:00:00,0.002521816,0.194835369,0.208418349,0.210603545,0.215349079,0.224651217,0.004137497
388,2020-01-17 04:00:00,0.002212091,0.194838827,0.208387814,0.210571359,0.215313061,0.224606628,0.002521816
389,2020-01-17 05:00:00,0.002313059,0.194842566,0.208354776,0.210536536,0.215274096,0.224558397,0.002212091
390,2020-01-17 06:00:00,0.002982835,0.194842461,0.208355703,0.210537513,0.215275189,0.224559750,0.000000000
391,2020-01-17 07:00:00,0.002847721,0.194842461,0.208355703,0.210537513,0.215275189,0.224559750,0.000000000
392,2020-01-17 08:00:00,0.003043509,0.194842461,0.208355703,0.210537513,0.215275189,0.224559750,0.000000000
393,2020-01-17 09:00:00,0.003005537,0.194842461,0.208355703,0.210537513,0.215275189,0.224559750,0.000000000
394,2020-01-17 10:00:00,0.004397845,0.194842461,0.208355703,0.210537513,0.215275189,0.224559750,0.000000000
395,2020-01-17 11:00:00,0.004611956,0.194842461,0.208355703,0.210537513,0.215275189,0.224559750,0.000000000
396,2020-01-17 12:00:00,0.006227905,0.194842461,0.208355703,0.210537513,0.215275189,0.224559750,0.000000000
397,2020-01-17 13:00:00,0.004945643,0.194842461,0.208355703,0.210537513,0.215275189,0.224559750,0.000000000
398,2020-01-17 14:00:00,0.005097123,0.194842461,0.208355703,0.210537513,0.215275189,0.224559750,0.000000000
399,2020-01-17 15:00:00,0.004982027,0.194842461,0.208355703,0.210537513,0.215275189,0.224559750,0.000000000
400,2020-01-17 16:00:00,0.003600271,0.194842461,0.208355703,0.210537513,0.215275189,0.224559750,0.004982028
401,2020-01-17 17:00:00,0.002451531,0.194842225,0.208357791,0.210539713,0.215277650,0.224562797,0.003600272
402,2020-01-17 18:00:00,0.001372970,0.194842054,0.208359299,0.210541303,0.215279429,0.224564999,0.002451531
403,2020-01-17 19:00:00,0.000894554,0.194841938,0.208360326,0.210542386,0.215280641,0.224566498,0.001372970
404,2020-01-17 20:00:00,0.000424237,0.194841873,0.208360902,0.210542992,0.215281319,0.224567338,0.000000000
405,2020-01-17 21:00:00,0.000674526,0.194841873,0.208360902,0.210542992,0.215281319,0.224567338,0.000000000
406,2020-01-17 22:00:00,0.000744426,0.194841873,0.208360902,0.210542992,0.215281319,0.224567338,0.000000000
407,2020-01-17 23:00:00,0.001116805,0.194841873,0.208360902,0.210542992,0.215281319,0.224567338,0.000000000
408,2020-01-18 00:00:00,0.000947114,0.194841873,0.208360902,0.210542992,0.215281319,0.224567338,0.000000000
409,2020-01-18 01:00:00,0.001224207,0.194841873,0.208360902,0.210542992,0.215281319,0.224567338,0.000000000
410,2020-01-18 02:00:00,0.000884680,0.194841873,0.208360902,0.210542992,0.215281319,0.224567338,0.000000000
411,2020-01-18 03:00:00,0.001474521,0.194841873,0.208360902,0.210542992,0.215281319,0.224567338,0.000000000
412,2020-01-18 04:00:00,0.000860730,0.194841873,0.208360902,0.210542992,0.215281319,0.224567338,0.000000000
413,2020-01-18 05:00:00,0.000373383,0.194841873,0.208360902,0.210542992,0.215281319,0.224567338,0.000000000
414,2020-01-18 06:00:00,0.000923005,0.194841873,0.208360902,0.210542992,0.215281319,0.224567338,0.000000000
415,2020-01-18 07:00:00,0.000454066,0.194841873,0.208360902,0.210542992,0.215281319,0.224567338,0.000000000
416,2020-01-18 08:00:00,0.000649588,0.194841873,0.208360902,0.210542992,0.215281319,0.224567338,0.000000000
417,2020-01-18 09:00:00,0.001170670,0.194841873,0.208360902,0.210542992,0.215281319,0.224567338,0.000000000
418,2020-01-18 10:00:00,0.001929186,0.194841873,0.208360902,0.210542992,0.215281319,0.224567338,0.000000000
419,2020-01-18 11:00:00,0.002193908,0.194841873,0.208360902,0.210542992,0.215281319,0.224567338,0.000000000
420,2020-01-18 12:00:00,0.001166688,0.194841873,0.208360902,0.210542992,0.215281319,0.224567338,0.000000000
421,2020-01-18 13:00:00,0.001219316,0.194841873,0.208360902,0.210542992,0.215281319,0.224567338,0.000000000
422,2020-01-18 14:00:00,0.000459173,0.194841873,0.208360902,0.210542992,0.215281319,0.224567338,0.000000000
423,2020-01-18 15:00:00,0.002411101,0.194841873,0.208360902,0.210542992,0.215281319,0.224567338,0.000459173
424,2020-01-18 16:00:00,0.003478987,0.194841665,0.208360902,0.210542992,0.215281319,0.224567338,0.002411102
425,2020-01-18 17:00:00,0.003926544,0.194841737,0.208362104,0.210544260,0.215282738,0.224569094,0.003478987
426,2020-01-18 18:00:00,0.002377568,0.194841572,0.208363562,0.210545796,0.215284457,0.224571221,0.003926544
427,2020-01-18 19:00:00,0.002151000,0.194841386,0.208365207,0.210547530,0.215286397,0.224573623,0.002377568
428,2020-01-18 20:00:00,0.349073142,0.194841273,0.208366203,0.210548580,0.215287572,0.224575077,0.000000000
429,2020-01-18 21:00:00,0.675108612,0.194841273,0.208366203,0.210548580,0.215287572,0.224575077,0.000000000
430,2020-01-18 22:00:00,0.938600481,0.194841273,0.208366203,0.210548580,0.215287572,0.224575077,0.000000000
431,2020-01-18 23:00:00,1.455613136,0.194841273,0.208366203,0.210548580,0.215287572,0.224575077,0.000000000
432,2020-01-19 00:00:00,2.426421404,0.194841273,0.208366203,0.210548580,0.215287572,0.224575077,0.000000000
433,2020-01-19 01:00:00,3.593634367,0.194841273,0.208366203,0.210548580,0.215287572,0.224575077,0.000000000
434,2020-01-19 02:00:00,4.606636047,0.194841273,0.208366203,0.210548580,0.215287572,0.224575077,0.000000000
435,2020-01-19 03:00:00,5.246827602,0.194841273,0.208366203,0.210548580,0.215287572,0.224575077,0.000000000
436,2020-01-19 04:00:00,5.341434002,0.194841273,0.208366203,0.210548580,0.215287572,0.224575077,0.000000000
437,2020-01-19 05:00:00,5.435318470,0.194841273,0.208366203,0.210548580,0.215287572,0.224575077,0.000000000
438,2020-01-19 06:00:00,5.566925049,0.194841273,0.208366203,0.210548580,0.215287572,0.224575077,0.000000000
439,2020-01-19 07:00:00,5.704356194,0.194841273,0.208366203,0.210548580,0.215287572,0.224575077,0.000000000
440,2020-01-19 08:00:00,5.844053268,0.194841273,0.208366203,0.210548580,0.215287572,0.224575077,0.000000000
441,2020-01-19 09:00:00,5.965010166,0.194841273,0.208366203,0.210548580,0.215287572,0.224575077,0.000000000
442,2020-01-19 10:00:00,6.099916458,0.194841273,0.208366203,0.210548580,0.215287572,0.224575077,0.000000000
443,2020-01-19 11:00:00,6.213121891,0.194841273,0.208366203,0.210548580,0.215287572,0.224575077,0.000000000
444,2020-01-19 12:00:00,6.277912140,0.194841273,0.208366203,0.210548580,0.215287572,0.224575077,0.000000000
445,2020-01-19 13:00:00,6.349287987,0.194841273,0.208366203,0.210548580,0.215287572,0.224575077,0.000000000
446,2020-01-19 14:00:00,5.452266216,0.194841273,0.208366203,0.210548580,0.215287572,0.224575077,0.973435988
447,2020-01-19 15:00:00,1.273826241,0.194796407,0.208761118,0.210964917,0.215753659,0.225152563,4.235149345
448,2020-01-19 16:00:00,1.383278847,0.194616893,0.210310936,0.212600485,0.217588980,0.227438216,0.000000000
449,2020-01-19 17:00:00,0.077105366,0.194616893,0.210310936,0.212600485,0.217588980,0.227438216,1.383278925
450,2020-01-19 18:00:00,0.033993166,0.194551943,0.210860107,0.213180692,0.218241728,0.228255717,0.077105368
451,2020-01-19 19:00:00,0.019023443,0.194548956,0.210885220,0.213207232,0.218271608,0.228293198,0.033993167
452,2020-01-19 20:00:00,0.013756952,0.194547942,0.210893741,0.213216238,0.218281747,0.228305918,0.019023444
453,2020-01-19 21:00:00,0.003684892,0.194547164,0.210900275,0.213223144,0.218289522,0.228315671,0.013756952
454,2020-01-19 22:00:00,0.002919585,0.194546683,0.210904320,0.213227419,0.218294336,0.228321711,0.003684892
455,2020-01-19 23:00:00,0.002098564,0.194546618,0.210904320,0.213227419,0.218294336,0.228321711,0.002919586
456,2020-01-20 00:00:00,0.001631485,0.194546925,0.210904320,0.213227419,0.218294336,0.228321711,0.002098565
457,2020-01-20 01:00:00,0.001872187,0.194546782,0.210903489,0.213226540,0.218293347,0.228320469,0.000000000
458,2020-01-20 02:00:00,0.001866814,0.194546922,0.210902309,0.213225293,0.218291942,0.228318707,0.000000000
459,2020-01-20 03:00:00,0.001288378,0.194546922,0.210902309,0.213225293,0.218291942,0.228318707,0.000000000
460,2020-01-20 04:00:00,0.000725303,0.194546922,0.210902309,0.213225293,0.218291942,0.228318707,0.000000000
461,2020-01-20 05:00:00,0.000475416,0.194546922,0.210902309,0.213225293,0.218291942,0.228318707,0.000000000
462,2020-01-20 06:00:00,0.000852895,0.194546922,0.210902309,0.213225293,0.218291942,0.228318707,0.000000000
463,2020-01-20 07:00:00,0.001175846,0.194546922,0.210902309,0.213225293,0.218291942,0.228318707,0.000000000
464,2020-01-20 08:00:00,0.001220516,0.194546922,0.210902309,0.213225293,0.218291942,0.228318707,0.000000000
465,2020-01-20 09:00:00,0.000979232,0.194546922,0.210902309,0.213225293,0.218291942,0.228318707,0.000000000
466,2020-01-20 10:00:00,0.000844390,0.194546922,0.210902309,0.213225293,0.218291942,0.228318707,0.000000000
467,2020-01-20 11:00:00,0.000773182,0.194546922,0.210902309,0.213225293,0.218291942,0.228318707,0.000000000
468,2020-01-20 12:00:00,0.001036823,0.194546922,0.210902309,0.213225293,0.218291942,0.228318707,0.000000000
469,2020-01-20 13:00:00,0.001790619,0.194546922,0.210902309,0.213225293,0.218291942,0.228318707,0.000000000
470,2020-01-20 14:00:00,0.001801701,0.194546922,0.210902309,0.213225293,0.218291942,0.228318707,0.000000000
471,2020-01-20 15:00:00,0.002579615,0.194546922,0.210902309,0.213225293,0.218291942,0.228318707,0.000000000
472,2020-01-20 16:00:00,0.001972265,0.194546922,0.210902309,0.213225293,0.218291942,0.228318707,0.002579616
473,2020-01-20 17:00:00,0.001527650,0.194546795,0.210903378,0.213226423,0.218293215,0.228320304,0.001972265
474,2020-01-20 18:00:00,0.000920495,0.194546698,0.210904196,0.213227288,0.218294188,0.228321525,0.001527650
475,2020-01-20 19:00:00,0.000538008,0.194546622,0.210904830,0.213227957,0.218294942,0.228322471,0.000920495
476,2020-01-20 20:00:00,0.000259446,0.194546213,0.210904830,0.213227957,0.218294942,0.228322471,0.000000000
477,2020-01-20 21:00:00,0.000062854,0.194546213,0.210904830,0.213227957,0.218294942,0.228322471,0.000000000
478,2020-01-20 22:00:00,0.000088855,0.194546213,0.210904830,0.213227957,0.218294942,0.228322471,0.000000000
479,2020-01-20 23:00:00,0.000098184,0.194546213,0.210904830,0.213227957,0.218294942,0.228322471,0.000000000
480,2020-01-21 00:00:00,0.000140541,0.194546213,0.210904830,0.213227957,0.218294942,0.228322471,0.000000000
481,2020-01-21 01:00:00,0.000156236,0.194546213,0.210904830,0.213227957,0.218294942,0.228322471,0.000000000
482,2020-01-21 02:00:00,0.000165879,0.194546213,0.210904830,0.213227957,0.218294942,0.228322471,0.000000000
483,2020-01-21 03:00:00,0.000154515,0.194546213,0.210904830,0.213227957,0.218294942,0.228322471,0.000000000
484,2020-01-21 04:00:00,0.000009568,0.194546213,0.210904830,0.213227957,0.218294942,0.228322471,0.000000000
485,2020-01-21 05:00:00,0.000141551,0.194546213,0.210904830,0.213227957,0.218294942,0.228322471,0.000000000
486,2020-01-21 06:00:00,0.000078432,0.194546213,0.210904830,0.213227957,0.218294942,0.228322471,0.000000000
487,2020-01-21 07:00:00,0.000101159,0.194546213,0.210904830,0.213227957,0.218294942,0.228322471,0.000000000
488,2020-01-21 08:00:00,0.000099057,0.194546213,0.210904830,0.213227957,0.218294942,0.228322471,0.000000000
489,2020-01-21 09:00:00,0.000102506,0.194546213,0.210904830,0.213227957,0.218294942,0.228322471,0.000000000
490,2020-01-21 10:00:00,0.000099376,0.194546213,0.210904830,0.213227957,0.218294942,0.228322471,0.000000000
491,2020-01-21 11:00:00,0.000000000,0.194546213,0.210904830,0.213227957,0.218294942,0.228322471,0.000000000
492,2020-01-21 12:00:00,0.000030720,0.194546213,0.210904830,0.213227957,0.218294942,0.228322471,0.000000000
493,2020-01-21 13:00:00,0.000242514,0.194546213,0.210904830,0.213227957,0.218294942,0.228322471,0.000000000
494,2020-01-21 14:00:00,0.000518157,0.194546213,0.210904830,0.213227957,0.218294942,0.228322471,0.000000000
495,2020-01-21 15:00:00,0.000727188,0.194546213,0.210904830,0.213227957,0.218294942,0.228322471,0.000518157
496,2020-01-21 16:00:00,0.000907223,0.194545982,0.210904830,0.213227957,0.218294942,0.228322471,0.000727188
497,2020-01-21 17:00:00,0.000836028,0.194545658,0.210904830,0.213227957,0.218294942,0.228322471,0.000907223
498,2020-01-21 18:00:00,0.000450625,0.194545255,0.210904830,0.213227957,0.218294942,0.228322471,0.000836028
499,2020-01-21 19:00:00,0.000329263,0.194544883,0.210904830,0.213227957,0.218294942,0.228322471,0.000450625
500,2020-01-21 20:00:00,0.000184167,0.194544682,0.210904830,0.213227957,0.218294942,0.228322471,0.000000000
501,2020-01-21 21:00:00,0.000017864,0.194544682,0.210904830,0.213227957,0.218294942,0.228322471,0.000000000
502,2020-01-21 22:00:00,0.000002479,0.194544682,0.210904830,0.213227957,0.218294942,0.228322471,0.000000000
503,2020-01-21 23:00:00,0.000010122,0.194544682,0.210904830,0.213227957,0.218294942,0.228322471,0.000000000
504,2020-01-22 00:00:00,0.000005508,0.194544682,0.210904830,0.213227957,0.218294942,0.228322471,0.000000000
505,2020-01-22 01:00:00,0.000006521,0.194544682,0.210904830,0.213227957,0.218294942,0.228322471,0.000000000
506,2020-01-22 02:00:00,0.000003117,0.194544682,0.210904830,0.213227957,0.218294942,0.228322471,0.000000000
507,2020-01-22 03:00:00,0.000004701,0.194544682,0.210904830,0.213227957,0.218294942,0.228322471,0.000000000
508,2020-01-22 04:00:00,0.000004064,0.194544682,0.210904830,0.213227957,0.218294942,0.228322471,0.000000000
509,2020-01-22 05:00:00,0.000003585,0.194544682,0.210904830,0.213227957,0.218294942,0.228322471,0.000000000
510,2020-01-22 06:00:00,0.000002192,0.194544682,0.210904830,0.213227957,0.218294942,0.228322471,0.000000000
511,2020-01-22 07:00:00,0.000001557,0.194544682,0.210904830,0.213227957,0.218294942,0.228322471,0.000000000
512,2020-01-22 08:00:00,0.000000000,0.194544682,0.210904830,0.213227957,0.218294942,0.228322471,0.000000000
513,2020-01-22 09:00:00,0.000001300,0.194544682,0.210904830,0.213227957,0.218294942,0.228322471,0.000000000
514,2020-01-22 10:00:00,0.000002779,0.194544682,0.210904830,0.213227957,0.218294942,0.228322471,0.000000000
515,2020-01-22 11:00:00,0.000002330,0.194544682,0.210904830,0.213227957,0.218294942,0.228322471,0.000000000
516,2020-01-22 12:00:00,0.000003380,0.194544682,0.210904830,0.213227957,0.218294942,0.228322471,0.000000000
517,2020-01-22 13:00:00,0.000001983,0.194544682,0.210904830,0.213227957,0.218294942,0.228322471,0.000000000
518,2020-01-22 14:00:00,0.000005342,0.194544682,0.210904830,0.213227957,0.218294942,0.228322471,0.000001983
519,2020-01-22 15:00:00,0.000021054,0.194544681,0.210904830,0.213227957,0.218294942,0.228322471,0.000005342
520,2020-01-22 16:00:00,0.000024960,0.194544679,0.210904830,0.213227957,0.218294942,0.228322471,0.000021054
521,2020-01-22 17:00:00,0.000019747,0.194544670,0.210904830,0.213227957,0.218294942,0.228322471,0.000024960
522,2020-01-22 18:00:00,0.000012296,0.194544659,0.210904830,0.213227957,0.218294942,0.228322471,0.000019747
523,2020-01-22 19:00:00,0.000006502,0.194544650,0.210904830,0.213227957,0.218294942,0.228322471,0.000012296
524,2020-01-22 20:00:00,0.000003313,0.194544644,0.210904830,0.213227957,0.218294942,0.228322471,0.000000000
525,2020-01-22 21:00:00,0.000000000,0.194544644,0.210904830,0.213227957,0.218294942,0.228322471,0.000000000
526,2020-01-22 22:00:00,0.000000000,0.194544644,0.210904830,0.213227957,0.218294942,0.228322471,0.000000000
527,2020-01-22 23:00:00,0.000000000,0.194544644,0.210904830,0.213227957,0.218294942,0.228322471,0.000000000
528,2020-01-23 00:00:00,0.000000000,0.194544644,0.210904830,0.213227957,0.218294942,0.228322471,0.000000000
529,2020-01-23 01:00:00,0.000000000,0.194544644,0.210904830,0.213227957,0.218294942,0.228322471,0.000000000
530,2020-01-23 02:00:00,0.000000000,0.194544644,0.210904830,0.213227957,0.218294942,0.228322471,0.000000000
531,2020-01-23 03:00:00,0.000000000,0.194544644,0.210904830,0.213227957,0.218294942,0.228322471,0.000000000
532,2020-01-23 04:00:00,0.000000000,0.194544644,0.210904830,0.213227957,0.218294942,0.228322471,0.000000000
533,2020-01-23 05:00:00,0.000000000,0.194544644,0.210904830,0.213227957,0.218294942,0.228322471,0.000000000
534,2020-01-23 06:00:00,0.000000000,0.194544644,0.210904830,0.213227957,0.218294942,0.228322471,0.000000000
535,2020-01-23 07:00:00,0.000000000,0.194544644,0.210904830,0.213227957,0.218294942,0.228322471,0.000000000
536,2020-01-23 08:00:00,0.000000000,0.194544644,0.210904830,0.213227957,0.218294942,0.228322471,0.000000000
537,2020-01-23 09:00:00,0.000000000,0.194544644,0.210904830,0.213227957,0.218294942,0.228322471,0.000000000
538,2020-01-23 10:00:00,0.000000000,0.194544644,0.210904830,0.213227957,0.218294942,0.228322471,0.000000000
539,2020-01-23 11:00:00,0.000000000,0.194544644,0.210904830,0.213227957,0.218294942,0.228322471,0.000000000
540,2020-01-23 12:00:00,0.000000000,0.194544644,0.210904830,0.213227957,0.218294942,0.228322471,0.000000000
541,2020-01-23 13:00:00,0.000000000,0.194544644,0.210904830,0.213227957,0.218294942,0.228322471,0.000000000
542,2020-01-23 14:00:00,0.000000000,0.194544644,0.210904830,0.213227957,0.218294942,0.228322471,0.000000000
543,2020-01-23 15:00:00,0.000000000,0.194544644,0.210904830,0.213227957,0.218294942,0.228322471,0.000000000
544,2020-01-23 16:00:00,0.000000000,0.194544644,0.210904830,0.213227957,0.218294942,0.228322471,0.000000000
545,2020-01-23 17:00:00,0.000000000,0.194544644,0.210904830,0.213227957,0.218294942,0.228322471,0.000000000
546,2020-01-23 18:00:00,0.000000000,0.194544644,0.210904830,0.213227957,0.218294942,0.228322471,0.000000000
547,2020-01-23 19:00:00,0.000000000,0.194547670,0.210896023,0.213218649,0.218284462,0.228309323,0.000000000
548,2020-01-23 20:00:00,0.000000000,0.194549840,0.210877789,0.213199379,0.218262766,0.228282106,0.000000000
549,2020-01-23 21:00:00,0.000000000,0.194549984,0.210876575,0.213198096,0.218261322,0.228280295,0.000000000
550,2020-01-23 22:00:00,0.000000000,0.194550226,0.210874540,0.213195945,0.218258900,0.228277257,0.000000000
551,2020-01-23 23:00:00,0.000000000,0.194550372,0.210873311,0.213194647,0.218257438,0.228275423,0.000000000
552,2020-01-24 00:00:00,0.000000000,0.194550372,0.210873311,0.213194647,0.218257438,0.228275423,0.000000000
553,2020-01-24 01:00:00,0.000000000,0.194550372,0.210873311,0.213194647,0.218257438,0.228275423,0.000000000
554,2020-01-24 02:00:00,0.000000000,0.194550372,0.210873311,0.213194647,0.218257438,0.228275423,0.000000000
555,2020-01-24 03:00:00,0.000000000,0.194550372,0.210873311,0.213194647,0.218257438,0.228275423,0.000000000
556,2020-01-24 04:00:00,0.000000000,0.194550372,0.210873311,0.213194647,0.218257438,0.228275423,0.000000000
557,2020-01-24 05:00:00,0.000000000,0.194550372,0.210873311,0.213194647,0.218257438,0.228275423,0.000000000
558,2020-01-24 06:00:00,0.000000000,0.194550372,0.210873311,0.213194647,0.218257438,0.228275423,0.000000000
559,2020-01-24 07:00:00,0.000000000,0.194550372,0.210873311,0.213194647,0.218257438,0.228275423,0.000000000
560,2020-01-24 08:00:00,0.000000000,0.194550372,0.210873311,0.213194647,0.218257438,0.228275423,0.000000000
561,2020-01-24 09:00:00,0.000000000,0.194550372,0.210873311,0.213194647,0.218257438,0.228275423,0.000000000
562,2020-01-24 10:00:00,0.000000000,0.194550372,0.210873311,0.213194647,0.218257438,0.228275423,0.000000000
563,2020-01-24 11:00:00,0.000000000,0.194550372,0.210873311,0.213194647,0.218257438,0.228275423,0.000000000
564,2020-01-24 12:00:00,0.000000000,0.194550372,0.210873311,0.213194647,0.218257438,0.228275423,0.000000000
565,2020-01-24 13:00:00,0.000000000,0.194550372,0.210873311,0.213194647,0.218257438,0.228275423,0.000000000
566,2020-01-24 14:00:00,0.000000000,0.194550372,0.210873311,0.213194647,0.218257438,0.228275423,0.000000000
567,2020-01-24 15:00:00,0.000000000,0.194550372,0.210873311,0.213194647,0.218257438,0.228275423,0.000000000
568,2020-01-24 16:00:00,0.000000000,0.194552064,0.210859087,0.213179614,0.218240515,0.228254196,0.000000000
569,2020-01-24 17:00:00,0.000000000,0.194556048,0.210825577,0.213144201,0.218200648,0.228204197,0.000000000
570,2020-01-24 18:00:00,0.000000000,0.194564153,0.210757324,0.213072074,0.218119462,0.228102405,0.000000000
571,2020-01-24 19:00:00,0.000000000,0.194576117,0.210656413,0.212965446,0.217999467,0.227952024,0.000000000
572,2020-01-24 20:00:00,0.000000000,0.194586638,0.210567498,0.212871503,0.217893771,0.227819632,0.000000000
573,2020-01-24 21:00:00,0.000000000,0.194588175,0.210554491,0.212857761,0.217878313,0.227800275,0.000000000
574,2020-01-24 22:00:00,0.000000000,0.194590861,0.210531769,0.212833756,0.217851309,0.227766463,0.000000000
575,2020-01-24 23:00:00,0.000000000,0.194593824,0.210506678,0.212807249,0.217821493,0.227729135,0.000000000
576,2020-01-25 00:00:00,0.000000000,0.194595632,0.210491366,0.212791074,0.217803299,0.227706360,0.000000000
577,2020-01-25 01:00:00,0.000000000,0.194596591,0.210483240,0.212782490,0.217793644,0.227694275,0.000000000
578,2020-01-25 02:00:00,0.000000000,0.194596909,0.210480543,0.212779640,0.217790439,0.227690263,0.000000000
579,2020-01-25 03:00:00,0.000000000,0.194597200,0.210478077,0.212777035,0.217787510,0.227686596,0.007172799
580,2020-01-25 04:00:00,0.000000000,0.194596849,0.210481057,0.212780183,0.217791049,0.227691027,0.002389657
581,2020-01-25 05:00:00,0.000000000,0.194596732,0.210482049,0.212781231,0.217792229,0.227692503,0.000000000
582,2020-01-25 06:00:00,0.000000000,0.194596985,0.210479902,0.212778963,0.217789678,0.227689310,0.000000000
583,2020-01-25 07:00:00,0.000000000,0.194597249,0.210477661,0.212776595,0.217787015,0.227685977,0.003422924
584,2020-01-25 08:00:00,0.000000000,0.194597082,0.210479083,0.212778098,0.217788704,0.227688092,0.000000000
585,2020-01-25 09:00:00,0.000000000,0.194597242,0.210477726,0.212776664,0.217787092,0.227686074,0.000000000
586,2020-01-25 10:00:00,0.000000000,0.194597359,0.210476736,0.212775618,0.217785916,0.227684601,0.000000000
587,2020-01-25 11:00:00,0.000000000,0.194597690,0.210476736,0.212775618,0.217785916,0.227684601,0.000000000
588,2020-01-25 12:00:00,0.000000000,0.194597933,0.210476736,0.212775618,0.217785916,0.227684601,0.000000000
589,2020-01-25 13:00:00,0.000000000,0.194598982,0.210462977,0.212761083,0.217769568,0.227664141,0.000000000
590,2020-01-25 14:00:00,0.000000000,0.194602124,0.210436341,0.212732946,0.217737924,0.227624538,0.000000000
591,2020-01-25 15:00:00,0.000000000,0.194606759,0.210397019,0.212691410,0.217691214,0.227566093,0.000000000
592,2020-01-25 16:00:00,0.000000000,0.194612551,0.210347838,0.212639461,0.217632801,0.227493021,0.000000000
593,2020-01-25 17:00:00,0.000000000,0.194619265,0.210290769,0.212579184,0.217565033,0.227408271,0.000000000
594,2020-01-25 18:00:00,0.000000000,0.194624745,0.210244131,0.212529928,0.217509662,0.227339045,0.000000000
595,2020-01-25 19:00:00,0.000000000,0.194630403,0.210195944,0.212479037,0.217452460,0.227267547,0.660000029
596,2020-01-25 20:00:00,0.000000000,0.194605121,0.210410919,0.212706092,0.217707725,0.227586751,0.000000000
597,2020-01-25 21:00:00,0.000000000,0.194606228,0.210401525,0.212696169,0.217696566,0.227572789,1.346449812
598,2020-01-25 22:00:00,0.000000000,0.194543416,0.210931758,0.213256418,0.218326987,0.228362677,3.285465391
599,2020-01-25 23:00:00,0.000000000,0.194396074,0.212153995,0.214549078,0.219784759,0.230198071,10.314345218
600,2020-01-26 00:00:00,0.000000000,0.194000804,0.215292384,0.217876399,0.223558310,0.235009259,10.104888497
601,2020-01-26 01:00:00,0.000000000,0.193594201,0.218326182,0.221104376,0.227249874,0.239805741,1.883466439
602,2020-01-26 02:00:00,0.000000000,0.193495703,0.219033858,0.221859040,0.228117479,0.240946762,0.106255261
603,2020-01-26 03:00:00,0.000000000,0.193489769,0.219076162,0.221904174,0.228169424,0.241015249,0.011583969
604,2020-01-26 04:00:00,0.000000000,0.193489120,0.219080789,0.221909110,0.228175105,0.241022741,0.011728937
605,2020-01-26 05:00:00,0.000000000,0.193488463,0.219085473,0.221914108,0.228180858,0.241030327,0.017402898
606,2020-01-26 06:00:00,0.000000000,0.193487487,0.219092423,0.221921523,0.228189392,0.241041581,0.014651149
607,2020-01-26 07:00:00,0.000000000,0.193486666,0.219098273,0.221927765,0.228196577,0.241051057,0.011474044
608,2020-01-26 08:00:00,0.000000000,0.193486023,0.219102856,0.221932654,0.228202205,0.241058479,0.006257835
609,2020-01-26 09:00:00,0.000000000,0.193485672,0.219105355,0.221935321,0.228205275,0.241062528,0.000248948
610,2020-01-26 10:00:00,0.000000000,0.193485567,0.219105355,0.221935321,0.228205275,0.241062528,0.000000000
611,2020-01-26 11:00:00,0.000000000,0.193485772,0.219104642,0.221934560,0.228204399,0.241061373,0.000000000
612,2020-01-26 12:00:00,0.000000000,0.193486599,0.219098750,0.221928274,0.228197163,0.241051830,0.000000000
613,2020-01-26 13:00:00,0.000000000,0.193489416,0.219078677,0.221906858,0.228172512,0.241019322,0.000000000
614,2020-01-26 14:00:00,0.000000000,0.193494269,0.219044084,0.221869950,0.228130034,0.240963314,0.000000000
615,2020-01-26 15:00:00,0.000000000,0.193501328,0.218993718,0.221816218,0.228068201,0.240881810,0.000000000
616,2020-01-26 16:00:00,0.000000000,0.193511014,0.218924517,0.221742396,0.227983263,0.240769896,0.000000000
617,2020-01-26 17:00:00,0.000000000,0.193522493,0.218842384,0.221654788,0.227882485,0.240637179,0.000000000
618,2020-01-26 18:00:00,0.000000000,0.193534247,0.218758147,0.221564945,0.227779161,0.240501184,0.000000000
619,2020-01-26 19:00:00,0.000000000,0.193546667,0.218668970,0.221469842,0.227669815,0.240357348,0.000000000
620,2020-01-26 20:00:00,0.000000000,0.193558385,0.218584689,0.221379971,0.227566509,0.240221536,0.000000000
621,2020-01-26 21:00:00,0.000000000,0.193563605,0.218547099,0.221339891,0.227520446,0.240161003,0.000000000
622,2020-01-26 22:00:00,0.000000000,0.193566819,0.218523939,0.221315198,0.227492070,0.240123720,0.000000000
623,2020-01-26 23:00:00,0.000000000,0.193569017,0.218508096,0.221298306,0.227472659,0.240098220,0.000000000
624,2020-01-27 00:00:00,0.000000000,0.193571552,0.218489817,0.221278818,0.227450266,0.240068805,0.000000000
625,2020-01-27 01:00:00,0.000000000,0.193573809,0.218473532,0.221261456,0.227430317,0.240042605,0.000000000
626,2020-01-27 02:00:00,0.000000000,0.193575398,0.218462066,0.221249232,0.227416272,0.240024160,0.000000000
627,2020-01-27 03:00:00,0.000000000,0.193576748,0.218452323,0.221238844,0.227404338,0.240008488,0.000000000
628,2020-01-27 04:00:00,0.000000000,0.193578529,0.218439469,0.221225141,0.227388594,0.239987816,0.000000000
629,2020-01-27 05:00:00,0.000000000,0.193580423,0.218425792,0.221210560,0.227371842,0.239965821,0.000000000
630,2020-01-27 06:00:00,0.000000000,0.193582012,0.218414312,0.221198322,0.227357783,0.239947364,0.000000000
631,2020-01-27 07:00:00,0.000000000,0.193583397,0.218404303,0.221187652,0.227345526,0.239931273,0.000000000
632,2020-01-27 08:00:00,0.000000000,0.193585153,0.218391615,0.221174126,0.227329989,0.239910877,0.000000000
633,2020-01-27 09:00:00,0.000000000,0.193586741,0.218380139,0.221161892,0.227315936,0.239892433,0.000000000
634,2020-01-27 10:00:00,0.000000000,0.193588258,0.218369174,0.221150204,0.227302510,0.239874812,0.000000000
635,2020-01-27 11:00:00,0.000000000,0.193589504,0.218360160,0.221140595,0.227291473,0.239860327,0.000000000
636,2020-01-27 12:00:00,0.000000000,0.193590527,0.218352767,0.221132714,0.227282421,0.239848448,0.000000000
637,2020-01-27 13:00:00,0.000000000,0.193592651,0.218337399,0.221116332,0.227263606,0.239823759,0.000000000
638,2020-01-27 14:00:00,0.000000000,0.193595959,0.218313463,0.221090818,0.227234304,0.239785313,0.000000000
639,2020-01-27 15:00:00,0.000000000,0.193599405,0.218288511,0.221064221,0.227203759,0.239745244,0.000000000
640,2020-01-27 16:00:00,0.000000000,0.193603685,0.218257502,0.221031170,0.227165807,0.239695466,0.000000000
641,2020-01-27 17:00:00,0.000000000,0.193608605,0.218221840,0.220993160,0.227122163,0.239638237,0.000000000
642,2020-01-27 18:00:00,0.000000000,0.193614551,0.218178702,0.220947185,0.227069380,0.239569041,0.000000000
643,2020-01-27 19:00:00,0.000000000,0.193620752,0.218133667,0.220899191,0.227014286,0.239496836,0.000000000
644,2020-01-27 20:00:00,0.000000000,0.193627934,0.218081468,0.220843564,0.226950440,0.239413188,0.000000000
645,2020-01-27 21:00:00,0.000000000,0.193631858,0.218052915,0.220813138,0.226915521,0.239367452,0.000000000
646,2020-01-27 22:00:00,0.000000000,0.193633771,0.218038998,0.220798308,0.226898502,0.239345164,0.000000000
647,2020-01-27 23:00:00,0.000000000,0.193635530,0.218026189,0.220784659,0.226882840,0.239324654,0.000000000
648,2020-01-28 00:00:00,0.000000000,0.193637207,0.218013981,0.220771651,0.226867914,0.239305109,0.000000000
649,2020-01-28 01:00:00,0.000000000,0.193638521,0.218004412,0.220761455,0.226856214,0.239289791,0.000000000
650,2020-01-28 02:00:00,0.000000000,0.193640217,0.217992052,0.220748285,0.226841103,0.239270007,0.000000000
651,2020-01-28 03:00:00,0.000000000,0.193642261,0.217977159,0.220732417,0.226822896,0.239246173,0.000000000
652,2020-01-28 04:00:00,0.000000000,0.193644117,0.217963632,0.220718004,0.226806360,0.239224527,0.000000000
653,2020-01-28 05:00:00,0.000000000,0.193645986,0.217950003,0.220703483,0.226789700,0.239202722,0.000000000
654,2020-01-28 06:00:00,0.000000000,0.193647641,0.217937931,0.220690621,0.226774944,0.239183411,0.000000000
655,2020-01-28 07:00:00,0.000000000,0.193648653,0.217930554,0.220682761,0.226765927,0.239171610,0.000000000
656,2020-01-28 08:00:00,0.000000000,0.193649832,0.217921947,0.220673591,0.226755407,0.239157845,0.000000000
657,2020-01-28 09:00:00,0.000000000,0.193649910,0.217921380,0.220672987,0.226754715,0.239156938,0.000000000
658,2020-01-28 10:00:00,0.000000000,0.193649972,0.217920932,0.220672510,0.226754167,0.239156221,0.000000000
659,2020-01-28 11:00:00,0.000000000,0.193650557,0.217916658,0.220667956,0.226748944,0.239149387,0.000000000
660,2020-01-28 12:00:00,0.000000000,0.193651657,0.217908629,0.220659402,0.226739131,0.239136547,0.000000000
661,2020-01-28 13:00:00,0.000000000,0.193653771,0.217893204,0.220642969,0.226720280,0.239111883,0.000000000
662,2020-01-28 14:00:00,0.000000000,0.193657617,0.217865113,0.220613042,0.226685953,0.239066977,0.000000000
663,2020-01-28 15:00:00,0.000000000,0.193663477,0.217822292,0.220567424,0.226633633,0.238998548,0.000000000
664,2020-01-28 16:00:00,0.000000000,0.193670385,0.217771761,0.220513596,0.226571905,0.238917840,0.000000000
665,2020-01-28 17:00:00,0.000000000,0.193677918,0.217716602,0.220454841,0.226504537,0.238829788,0.000000000
666,2020-01-28 18:00:00,0.000000000,0.193686082,0.217656747,0.220391088,0.226431451,0.238734298,0.000000000
667,2020-01-28 19:00:00,0.000000000,0.193694523,0.217594788,0.220325099,0.226355815,0.238635514,0.000000000
668,2020-01-28 20:00:00,0.000000000,0.193704135,0.217524138,0.220249860,0.226269591,0.238522953,0.000000000
669,2020-01-28 21:00:00,0.000000000,0.193708276,0.217493673,0.220217419,0.226232419,0.238474442,0.000000000
670,2020-01-28 22:00:00,0.000000000,0.193711786,0.217467830,0.220189900,0.226200889,0.238433302,0.000000000
671,2020-01-28 23:00:00,0.000000000,0.193715038,0.217443878,0.220164396,0.226171670,0.238395183,0.000000000
672,2020-01-29 00:00:00,0.000000000,0.193718155,0.217420911,0.220139941,0.226143655,0.238358641,0.000000000
673,2020-01-29 01:00:00,0.000000000,0.193720393,0.217404413,0.220122374,0.226123532,0.238332395,0.000000000
674,2020-01-29 02:00:00,0.000000000,0.193722726,0.217387203,0.220104050,0.226102542,0.238305023,0.000000000
675,2020-01-29 03:00:00,0.000000000,0.193724366,0.217375107,0.220091171,0.226087790,0.238285788,0.000000000
676,2020-01-29 04:00:00,0.000000000,0.193726137,0.217362037,0.220077255,0.226071852,0.238265006,0.000000000
677,2020-01-29 05:00:00,0.000000000,0.193728762,0.217342666,0.220056631,0.226048231,0.238234211,0.000000000
678,2020-01-29 06:00:00,0.000000000,0.193731801,0.217320222,0.220032736,0.226020864,0.238198538,0.000000000
679,2020-01-29 07:00:00,0.000000000,0.193734796,0.217298095,0.220009179,0.225993888,0.238163377,0.000000000
680,2020-01-29 08:00:00,0.000000000,0.193737956,0.217274743,0.219984318,0.225965418,0.238126278,0.000000000
681,2020-01-29 09:00:00,0.000000000,0.193737956,0.217274743,0.219984318,0.225965418,0.238126278,0.000000000
682,2020-01-29 10:00:00,0.000000000,0.193737956,0.217274743,0.219984318,0.225965418,0.238126278,0.000000000
683,2020-01-29 11:00:00,0.000000000,0.193737956,0.217274743,0.219984318,0.225965418,0.238126278,0.000000000
684,2020-01-29 12:00:00,0.000000000,0.193737956,0.217274743,0.219984318,0.225965418,0.238126278,0.000000000
685,2020-01-29 13:00:00,0.000000000,0.193737956,0.217274743,0.219984318,0.225965418,0.238126278,0.000000000
686,2020-01-29 14:00:00,0.000000000,0.193737956,0.217274743,0.219984318,0.225965418,0.238126278,0.000000000
687,2020-01-29 15:00:00,0.000000000,0.193737956,0.217274743,0.219984318,0.225965418,0.238126278,0.000000000
688,2020-01-29 16:00:00,0.000000000,0.193747816,0.217201795,0.219906662,0.225876506,0.238010447,0.000000000
689,2020-01-29 17:00:00,0.000000000,0.193759994,0.217111550,0.219810602,0.225766546,0.237867271,0.000000000
690,2020-01-29 18:00:00,0.000000000,0.193773446,0.217011677,0.219704305,0.225644901,0.237708977,0.000000000
691,2020-01-29 19:00:00,0.000000000,0.193787322,0.216908443,0.219594445,0.225519214,0.237545529,0.000000000
692,2020-01-29 20:00:00,0.000000000,0.193799750,0.216815794,0.219495861,0.225406458,0.237398989,0.000000000
693,2020-01-29 21:00:00,0.000000000,0.193806112,0.216768298,0.219445326,0.225348670,0.237323920,0.000000000
694,2020-01-29 22:00:00,0.000000000,0.193810746,0.216733673,0.219408487,0.225306548,0.237269216,0.000000000
695,2020-01-29 23:00:00,0.000000000,0.193814064,0.216708872,0.219382103,0.225276382,0.237230047,0.000000000
696,2020-01-30 00:00:00,0.000000000,0.193818333,0.216676938,0.219348129,0.225237543,0.237179625,0.000000000
697,2020-01-30 01:00:00,0.000000000,0.193822417,0.216646367,0.219315608,0.225200367,0.237131373,0.000000000
698,2020-01-30 02:00:00,0.000000000,0.193822417,0.216646367,0.219315608,0.225200367,0.237131373,0.000000000
699,2020-01-30 03:00:00,0.000000000,0.193822417,0.216646367,0.219315608,0.225200367,0.237131373,0.000000000
700,2020-01-30 04:00:00,0.000000000,0.193822417,0.216646367,0.219315608,0.225200367,0.237131373,0.000000000
701,2020-01-30 05:00:00,0.000000000,0.193822417,0.216646367,0.219315608,0.225200367,0.237131373,0.000000000
702,2020-01-30 06:00:00,0.000000000,0.193822417,0.216646367,0.219315608,0.225200367,0.237131373,0.000000000
703,2020-01-30 07:00:00,0.000000000,0.193822417,0.216646367,0.219315608,0.225200367,0.237131373,0.000000000
704,2020-01-30 08:00:00,0.000000000,0.193822417,0.216646367,0.219315608,0.225200367,0.237131373,0.000000000
705,2020-01-30 09:00:00,0.000000000,0.193822417,0.216646367,0.219315608,0.225200367,0.237131373,0.000000000
706,2020-01-30 10:00:00,0.000000000,0.193822417,0.216646367,0.219315608,0.225200367,0.237131373,0.000000000
707,2020-01-30 11:00:00,0.000000000,0.193822417,0.216646367,0.219315608,0.225200367,0.237131373,0.000000000
708,2020-01-30 12:00:00,0.000000000,0.193822417,0.216646367,0.219315608,0.225200367,0.237131373,0.000000000
709,2020-01-30 13:00:00,0.000000000,0.193822417,0.216646367,0.219315608,0.225200367,0.237131373,0.000000000
710,2020-01-30 14:00:00,0.000000000,0.193822417,0.216646367,0.219315608,0.225200367,0.237131373,0.000000000
711,2020-01-30 15:00:00,0.000000000,0.193822417,0.216646367,0.219315608,0.225200367,0.237131373,0.000000000
712,2020-01-30 16:00:00,0.000000000,0.193822417,0.216646367,0.219315608,0.225200367,0.237131373,0.000000000
713,2020-01-30 17:00:00,0.000000000,0.193822417,0.216646367,0.219315608,0.225200367,0.237131373,0.000000000
714,2020-01-30 18:00:00,0.000000000,0.193822417,0.216646367,0.219315608,0.225200367,0.237131373,0.000000000
715,2020-01-30 19:00:00,0.000000000,0.193822417,0.216646367,0.219315608,0.225200367,0.237131373,0.000000000
716,2020-01-30 20:00:00,0.000000000,0.193822417,0.216646367,0.219315608,0.225200367,0.237131373,0.000000000
717,2020-01-30 21:00:00,0.000000000,0.193822417,0.216646367,0.219315608,0.225200367,0.237131373,0.000000000
718,2020-01-30 22:00:00,0.000000000,0.193822417,0.216646367,0.219315608,0.225200367,0.237131373,0.000000000
719,2020-01-30 23:00:00,0.000000000,0.193822417,0.216646367,0.219315608,0.225200367,0.237131373,0.000000000
720,2020-01-31 00:00:00,0.000000000,0.193822417,0.216646367,0.219315608,0.225200367,0.237131373,0.000000000
721,2020-01-31 01:00:00,0.000000000,0.193822417,0.216646367,0.219315608,0.225200367,0.237131373,0.000000000
722,2020-01-31 02:00:00,0.000000000,0.193822417,0.216646367,0.219315608,0.225200367,0.237131373,0.000000000
723,2020-01-31 03:00:00,0.000000000,0.193822417,0.216646367,0.219315608,0.225200367,0.237131373,0.000000000
724,2020-01-31 04:00:00,0.000000000,0.193822417,0.216646367,0.219315608,0.225200367,0.237131373,0.000000000
725,2020-01-31 05:00:00,0.000000000,0.193822417,0.216646367,0.219315608,0.225200367,0.237131373,0.000000000
726,2020-01-31 06:00:00,0.000000000,0.193822417,0.216646367,0.219315608,0.225200367,0.237131373,0.000000000
727,2020-01-31 07:00:00,0.000000000,0.193822417,0.216646367,0.219315608,0.225200367,0.237131373,0.000000000
728,2020-01-31 08:00:00,0.000000000,0.193822417,0.216646367,0.219315608,0.225200367,0.237131373,0.000000000
729,2020-01-31 09:00:00,0.000000000,0.193822417,0.216646367,0.219315608,0.225200367,0.237131373,0.000000000
730,2020-01-31 10:00:00,0.000000000,0.193822417,0.216646367,0.219315608,0.225200367,0.237131373,0.000000000
731,2020-01-31 11:00:00,0.000000000,0.193822417,0.216646367,0.219315608,0.225200367,0.237131373,0.000000000
732,2020-01-31 12:00:00,0.000000000,0.193822417,0.216646367,0.219315608,0.225200367,0.237131373,0.000000000
733,2020-01-31 13:00:00,0.000000000,0.193822417,0.216646367,0.219315608,0.225200367,0.237131373,0.000000000
734,2020-01-31 14:00:00,0.000000000,0.193822417,0.216646367,0.219315608,0.225200367,0.237131373,0.000000000
735,2020-01-31 15:00:00,0.000000000,0.193822417,0.216646367,0.219315608,0.225200367,0.237131373,0.000000000
736,2020-01-31 16:00:00,0.000000000,0.193822417,0.216646367,0.219315608,0.225200367,0.237131373,0.000000000
737,2020-01-31 17:00:00,0.000000000,0.193822417,0.216646367,0.219315608,0.225200367,0.237131373,0.000000000
738,2020-01-31 18:00:00,0.000000000,0.193827250,0.216610170,0.219277102,0.225156355,0.237074259,0.000000000
739,2020-01-31 19:00:00,0.000000000,0.193834721,0.216554160,0.219217523,0.225088264,0.236985924,0.000000000
740,2020-01-31 20:00:00,0.000000000,0.193843636,0.216487238,0.219146343,0.225006929,0.236880448,0.000000000
741,2020-01-31 21:00:00,0.000000000,0.193845095,0.216476282,0.219134691,0.224993615,0.236863186,0.000000000
742,2020-01-31 22:00:00,0.000000000,0.193845775,0.216471169,0.219129253,0.224987402,0.236855132,0.000000000
743,2020-01-31 23:00:00,0.000000000,0.193848119,0.216453554,0.219110518,0.224965998,0.236827384,0.000000000
744,2020-02-01 00:00:00,0.000000000,0.193850019,0.216439272,0.219095328,0.224948644,0.236804891,0.000000000
745,2020-02-01 01:00:00,0.000000000,0.193851515,0.216428021,0.219083363,0.224934975,0.236787175,0.000000000
746,2020-02-01 02:00:00,0.000000000,0.193852623,0.216419688,0.219074501,0.224924852,0.236774054,0.000000000
747,2020-02-01 03:00:00,0.000000000,0.193853730,0.216411362,0.219065646,0.224914736,0.236760945,0.000000000
748,2020-02-01 04:00:00,0.289473683,0.193854705,0.216404026,0.219057844,0.224905824,0.236749396,0.000000000
749,2020-02-01 05:00:00,0.131128728,0.193855266,0.216399807,0.219053358,0.224900699,0.236742755,0.289473712
750,2020-02-01 06:00:00,0.018374389,0.193840415,0.216511427,0.219172071,0.225036326,0.236918564,0.131128733
751,2020-02-01 07:00:00,0.024674460,0.193833748,0.216561458,0.219225286,0.225097135,0.236997431,0.000000000
752,2020-02-01 08:00:00,0.028321363,0.193833748,0.216561458,0.219225286,0.225097135,0.236997431,0.000000000
753,2020-02-01 09:00:00,0.029543478,0.193833748,0.216561458,0.219225286,0.225097135,0.236997431,0.000000000
754,2020-02-01 10:00:00,0.031581473,0.193833748,0.216561458,0.219225286,0.225097135,0.236997431,0.000000000
755,2020-02-01 11:00:00,0.033964146,0.193833748,0.216561458,0.219225286,0.225097135,0.236997431,0.000000000
756,2020-02-01 12:00:00,0.009410103,0.193833748,0.216561458,0.219225286,0.225097135,0.236997431,0.033964147
757,2020-02-01 13:00:00,0.025477404,0.193831918,0.216575178,0.219239881,0.225113814,0.237019067,0.009410104
758,2020-02-01 14:00:00,0.028304750,0.193831411,0.216578983,0.219243927,0.225118439,0.237025066,0.025477404
759,2020-02-01 15:00:00,0.025580112,0.193830038,0.216589277,0.219254878,0.225130954,0.237041302,0.028304751
760,2020-02-01 16:00:00,0.023163723,0.193832238,0.216572784,0.219237334,0.225110904,0.237015291,0.025580112
761,2020-02-01 17:00:00,0.019562267,0.193835447,0.216548713,0.219211730,0.225081644,0.236977337,0.023163724
762,2020-02-01 18:00:00,0.014454277,0.193839795,0.216516081,0.219177021,0.225041982,0.236925899,0.019562267
763,2020-02-01 19:00:00,0.010418830,0.193844637,0.216479722,0.219138349,0.224997795,0.236868605,0.014454278
764,2020-02-01 20:00:00,0.007238105,0.193850761,0.216433693,0.219089395,0.224941867,0.236796106,0.010418831
765,2020-02-01 21:00:00,0.001509912,0.193851577,0.216427553,0.219082865,0.224934407,0.236786438,0.007238105
766,2020-02-01 22:00:00,0.001231550,0.193852564,0.216420132,0.219074973,0.224925391,0.236774754,0.001509912
767,2020-02-01 23:00:00,0.000956363,0.193853452,0.216413452,0.219067869,0.224917276,0.236764236,0.001231550
768,2020-02-02 00:00:00,0.000802222,0.193853991,0.216409402,0.219063561,0.224912355,0.236757859,0.000956363
769,2020-02-02 01:00:00,0.000829853,0.193854260,0.216407376,0.219061406,0.224909894,0.236754670,0.000802222
770,2020-02-02 02:00:00,0.000796423,0.193854574,0.216405010,0.219058891,0.224907020,0.236750946,0.000829853
771,2020-02-02 03:00:00,0.000718284,0.193854928,0.216402347,0.219056058,0.224903784,0.236746752,0.000796423
772,2020-02-02 04:00:00,0.000490483,0.193855367,0.216399043,0.219052545,0.224899771,0.236741553,0.000718284
773,2020-02-02 05:00:00,0.000569897,0.193855759,0.216396095,0.219049410,0.224896190,0.236736912,0.000490483
774,2020-02-02 06:00:00,0.000447881,0.193856254,0.216392370,0.219045448,0.224891664,0.236731047,0.000569898
775,2020-02-02 07:00:00,0.000297493,0.193856629,0.216389551,0.219042450,0.224888240,0.236726611,0.000447881
776,2020-02-02 08:00:00,0.000297666,0.193856885,0.216387620,0.219040397,0.224885895,0.236723572,0.000297493
777,2020-02-02 09:00:00,0.000315945,0.193857517,0.216382862,0.219035336,0.224880114,0.236716083,0.000297666
778,2020-02-02 10:00:00,0.000266232,0.193858193,0.216377778,0.219029930,0.224873939,0.236708082,0.000315945
779,2020-02-02 11:00:00,0.000271040,0.193858944,0.216372125,0.219023918,0.224867072,0.236699184,0.000266232
780,2020-02-02 12:00:00,0.000265075,0.193859955,0.216364511,0.219015822,0.224857824,0.236687204,0.000271040
781,2020-02-02 13:00:00,0.000318042,0.193861683,0.216351496,0.219001980,0.224842016,0.236666724,0.000265075
782,2020-02-02 14:00:00,0.000254412,0.193864224,0.216332351,0.218981622,0.224818764,0.236636604,0.000318043
783,2020-02-02 15:00:00,0.000308655,0.193868878,0.216297272,0.218944320,0.224776165,0.236581433,0.000254412
784,2020-02-02 16:00:00,0.000264598,0.193874699,0.216253357,0.218897624,0.224722842,0.236512391,0.000308655
785,2020-02-02 17:00:00,0.000191758,0.193881940,0.216198685,0.218839493,0.224656472,0.236426481,0.000264598
786,2020-02-02 18:00:00,0.000131672,0.193891608,0.216125585,0.218761774,0.224567752,0.236311688,0.000191758
787,2020-02-02 19:00:00,0.000075487,0.193901703,0.216049138,0.218680504,0.224474998,0.236191731,0.000131672
788,2020-02-02 20:00:00,0.000038128,0.193912097,0.215970309,0.218596710,0.224379383,0.236068135,0.000075487
789,2020-02-02 21:00:00,0.000006846,0.193917093,0.215932371,0.218556384,0.224333377,0.236008686,0.000038128
790,2020-02-02 22:00:00,0.000006844,0.193920347,0.215907649,0.218530108,0.224303401,0.235969959,0.000006846
791,2020-02-02 23:00:00,0.000005041,0.193924165,0.215878626,0.218499261,0.224268214,0.235924507,0.000006844
792,2020-02-03 00:00:00,0.000003924,0.193927336,0.215854509,0.218473629,0.224238978,0.235886749,0.000005041
793,2020-02-03 01:00:00,0.000002124,0.193930124,0.215833288,0.218451076,0.224213254,0.235853532,0.000003924
794,2020-02-03 02:00:00,0.000001815,0.193931807,0.215820476,0.218437460,0.224197725,0.235833482,0.000002124
795,2020-02-03 03:00:00,0.000001452,0.193933296,0.215809139,0.218425411,0.224183985,0.235815741,0.000001815
796,2020-02-03 04:00:00,0.000001337,0.193934722,0.215798282,0.218413873,0.224170826,0.235798754,0.000001452
797,2020-02-03 05:00:00,0.000000000,0.193936331,0.215786028,0.218400850,0.224155975,0.235779582,0.000001337
798,2020-02-03 06:00:00,0.000001245,0.193937697,0.215775616,0.218389785,0.224143357,0.235763295,0.000000000
799,2020-02-03 07:00:00,0.000002298,0.193939019,0.215765538,0.218379076,0.224131145,0.235747532,0.000001245
800,2020-02-03 08:00:00,0.000003696,0.193940257,0.215756106,0.218369053,0.224119716,0.235732781,0.000000000
801,2020-02-03 09:00:00,0.000005569,0.193940257,0.215756106,0.218369053,0.224119716,0.235732781,0.000000000
802,2020-02-03 10:00:00,0.000003310,0.193940257,0.215756106,0.218369053,0.224119716,0.235732781,0.000000000
803,2020-02-03 11:00:00,0.000004846,0.193940257,0.215756106,0.218369053,0.224119716,0.235732781,0.000000000
804,2020-02-03 12:00:00,0.000006372,0.193940257,0.215756106,0.218369053,0.224119716,0.235732781,0.000004846
805,2020-02-03 13:00:00,0.000015284,0.193940255,0.215756106,0.218369053,0.224119716,0.235732781,0.000006372
806,2020-02-03 14:00:00,0.000021590,0.193942456,0.215739338,0.218351234,0.224099398,0.235706560,0.000015284
807,2020-02-03 15:00:00,0.000022383,0.193948028,0.215696834,0.218306068,0.224047901,0.235640113,0.000021590
808,2020-02-03 16:00:00,0.000014934,0.193955725,0.215638053,0.218243609,0.223976699,0.235548269,0.000022383
809,2020-02-03 17:00:00,0.000008399,0.193964955,0.215567471,0.218168616,0.223891222,0.235438056,0.000014934
810,2020-02-03 18:00:00,0.000004967,0.193976144,0.215481775,0.218077574,0.223787474,0.235304348,0.000008399
811,2020-02-03 19:00:00,0.000002092,0.193988120,0.215389892,0.217979968,0.223676274,0.235161116,0.000004967
812,2020-02-03 20:00:00,0.000000000,0.193998843,0.215307472,0.217892424,0.223576560,0.235032746,0.000002092
813,2020-02-03 21:00:00,0.000000000,0.194000465,0.215294996,0.217879173,0.223561468,0.235013323,0.000000000
814,2020-02-03 22:00:00,0.000000000,0.194001011,0.215290793,0.217874709,0.223556385,0.235006782,0.000000000
815,2020-02-03 23:00:00,0.000000000,0.194002830,0.215276790,0.217859837,0.223539448,0.234984986,0.000000000
816,2020-02-04 00:00:00,0.000000000,0.194005031,0.215259849,0.217841844,0.223518959,0.234958622,0.000000000
817,2020-02-04 01:00:00,0.000000000,0.194006644,0.215247429,0.217828653,0.223503938,0.234939296,0.000000000
818,2020-02-04 02:00:00,0.000000000,0.194008364,0.215234177,0.217814579,0.223487912,0.234918677,0.000000000
819,2020-02-04 03:00:00,0.000000000,0.194009760,0.215223419,0.217803154,0.223474904,0.234901943,0.000000000
820,2020-02-04 04:00:00,0.000000000,0.194010865,0.215214908,0.217794116,0.223464612,0.234888704,0.000000000
821,2020-02-04 05:00:00,0.000000000,0.194011983,0.215206291,0.217784964,0.223454192,0.234875301,0.000000000
822,2020-02-04 06:00:00,0.000000000,0.194012774,0.215200194,0.217778488,0.223446819,0.234865818,0.000000000
823,2020-02-04 07:00:00,0.000000000,0.194013371,0.215195588,0.217773597,0.223441250,0.234858655,0.000000000
824,2020-02-04 08:00:00,0.000000000,0.194014048,0.215190371,0.217768057,0.223434943,0.234850543,0.000000000
825,2020-02-04 09:00:00,0.000000000,0.194014048,0.215190371,0.217768057,0.223434943,0.234850543,0.000000000
826,2020-02-04 10:00:00,0.000000000,0.194014048,0.215190371,0.217768057,0.223434943,0.234850543,0.000000000
827,2020-02-04 11:00:00,0.000000000,0.194014048,0.215190371,0.217768057,0.223434943,0.234850543,0.000000000
828,2020-02-04 12:00:00,0.000000000,0.194014048,0.215190371,0.217768057,0.223434943,0.234850543,0.000000000
829,2020-02-04 13:00:00,0.000000000,0.194016504,0.215171434,0.217747946,0.223412047,0.234821097,0.000000000
830,2020-02-04 14:00:00,0.000000000,0.194021091,0.215136037,0.217710358,0.223369255,0.234766074,0.000000000
831,2020-02-04 15:00:00,0.000000000,0.194027224,0.215088675,0.217660064,0.223312007,0.234692481,0.000000000
832,2020-02-04 16:00:00,0.000000000,0.194034771,0.215030325,0.217598107,0.223241492,0.234601862,0.000000000
833,2020-02-04 17:00:00,0.000000000,0.194043703,0.214961188,0.217524702,0.223157963,0.234494560,0.000000000
834,2020-02-04 18:00:00,0.000000000,0.194053813,0.214882811,0.217441494,0.223063296,0.234373005,0.000000000
835,2020-02-04 19:00:00,0.000000000,0.194065367,0.214793088,0.217346248,0.222954959,0.234233969,0.000000000
836,2020-02-04 20:00:00,0.000000000,0.194076638,0.214705407,0.217253180,0.222849125,0.234098217,0.000000000
837,2020-02-04 21:00:00,0.000000000,0.194078941,0.214687475,0.217234148,0.222827485,0.234070468,0.000000000
838,2020-02-04 22:00:00,0.000000000,0.194081148,0.214670277,0.217215895,0.222806732,0.234043860,0.000000000
839,2020-02-04 23:00:00,0.000000000,0.194084478,0.214644323,0.217188349,0.222775415,0.234003712,0.000000000
840,2020-02-05 00:00:00,0.000000000,0.194087066,0.214624149,0.217166938,0.222751075,0.233972513,0.000000000
841,2020-02-05 01:00:00,0.000000000,0.194089394,0.214605985,0.217147662,0.222729162,0.233944429,0.000000000
842,2020-02-05 02:00:00,0.000000000,0.194091185,0.214592009,0.217132830,0.222712303,0.233922823,0.000000000
843,2020-02-05 03:00:00,0.000000000,0.194092637,0.214580680,0.217120807,0.222698636,0.233905310,0.000000000
844,2020-02-05 04:00:00,0.000000000,0.194094005,0.214569998,0.217109471,0.222685752,0.233888801,0.000000000
845,2020-02-05 05:00:00,0.000000000,0.194094964,0.214562510,0.217101525,0.222676720,0.233877229,0.000000000
846,2020-02-05 06:00:00,0.000000000,0.194095651,0.214557145,0.217095831,0.222670248,0.233868937,0.273567895
847,2020-02-05 07:00:00,0.000000000,0.194082370,0.214660755,0.217205789,0.222795243,0.234029130,0.320967777
848,2020-02-05 08:00:00,0.000000000,0.194066968,0.214780646,0.217333042,0.222939940,0.234214699,0.295179152
849,2020-02-05 09:00:00,0.000000000,0.194053623,0.214884284,0.217443057,0.223065074,0.234375288,0.000000000
850,2020-02-05 10:00:00,0.000000000,0.194055295,0.214871311,0.217429285,0.223049408,0.234355178,0.287293926
851,2020-02-05 11:00:00,0.000000000,0.194042032,0.214974131,0.217538444,0.223173598,0.234514642,0.000000000
852,2020-02-05 12:00:00,0.000000000,0.194042913,0.214967307,0.217531198,0.223165354,0.234504053,0.000000000
853,2020-02-05 13:00:00,0.000000000,0.194044345,0.214956211,0.217519418,0.223151950,0.234486838,0.000000000
854,2020-02-05 14:00:00,0.000000000,0.194046866,0.214936677,0.217498680,0.223128355,0.234456536,0.000000000
855,2020-02-05 15:00:00,0.000000000,0.194050611,0.214907649,0.217467861,0.223093293,0.234411516,0.000000000
856,2020-02-05 16:00:00,0.000000000,0.194055413,0.214870393,0.217428311,0.223048300,0.234353755,0.000000000
857,2020-02-05 17:00:00,0.000000000,0.194061407,0.214823858,0.217378911,0.222992109,0.234281637,0.000000000
858,2020-02-05 18:00:00,0.000000000,0.194070475,0.214753372,0.217304092,0.222907017,0.234172465,0.000000000
859,2020-02-05 19:00:00,0.000000000,0.194079852,0.214680375,0.217226612,0.222818917,0.234059482,0.000000000
860,2020-02-05 20:00:00,0.000000000,0.194089873,0.214602253,0.217143702,0.222724661,0.233938660,0.000000000
861,2020-02-05 21:00:00,0.000000000,0.194093857,0.214571159,0.217110703,0.222687151,0.233890594,0.000000000
862,2020-02-05 22:00:00,0.000000000,0.194097664,0.214541425,0.217079149,0.222651288,0.233844646,0.000000000
863,2020-02-05 23:00:00,0.000000000,0.194100907,0.214516084,0.217052259,0.222620727,0.233805498,0.000000000
864,2020-02-06 00:00:00,0.000000000,0.194103390,0.214496673,0.217031661,0.222597318,0.233775516,0.000000000
865,2020-02-06 01:00:00,0.000000000,0.194105221,0.214482357,0.217016469,0.222580055,0.233753408,0.000000000
866,2020-02-06 02:00:00,0.000000000,0.194106887,0.214469324,0.217002640,0.222564341,0.233733284,0.000000000
867,2020-02-06 03:00:00,0.000000000,0.194108672,0.214455358,0.216987821,0.222547502,0.233711722,0.000000000
868,2020-02-06 04:00:00,0.000000000,0.194110323,0.214442436,0.216974110,0.222531922,0.233691775,0.000000000
869,2020-02-06 05:00:00,0.000000000,0.194112413,0.214426076,0.216956751,0.222512199,0.233666523,0.000000000
870,2020-02-06 06:00:00,0.514316976,0.194114158,0.214412411,0.216942252,0.222495725,0.233645435,0.000000000
871,2020-02-06 07:00:00,0.793353975,0.194115383,0.214402813,0.216932068,0.222484155,0.233630625,0.514316986
872,2020-02-06 08:00:00,1.011969566,0.194090199,0.214599702,0.217140994,0.222721583,0.233934716,0.730518008
873,2020-02-06 09:00:00,2.320825100,0.194052832,0.214890419,0.217449570,0.223072484,0.234384800,0.419152508
874,2020-02-06 10:00:00,3.067437172,0.194031090,0.215058790,0.217628332,0.223275890,0.234646063,0.387360467
875,2020-02-06 11:00:00,3.309008360,0.194010926,0.215214440,0.217793618,0.223464045,0.234887975,0.000000000
876,2020-02-06 12:00:00,3.486593485,0.194010926,0.215214440,0.217793618,0.223464045,0.234887975,0.000000000
877,2020-02-06 13:00:00,3.723891020,0.194010926,0.215214440,0.217793618,0.223464045,0.234887975,0.000000000
878,2020-02-06 14:00:00,3.843541861,0.194010926,0.215214440,0.217793618,0.223464045,0.234887975,0.000000000
879,2020-02-06 15:00:00,3.932947159,0.194010926,0.215214440,0.217793618,0.223464045,0.234887975,0.000000000
880,2020-02-06 16:00:00,4.006795406,0.194010926,0.215214440,0.217793618,0.223464045,0.234887975,0.000000000
881,2020-02-06 17:00:00,4.056981087,0.194010926,0.215214440,0.217793618,0.223464045,0.234887975,0.000000000
882,2020-02-06 18:00:00,4.094309330,0.194010926,0.215214440,0.217793618,0.223464045,0.234887975,0.000000000
883,2020-02-06 19:00:00,4.102242470,0.194010926,0.215214440,0.217793618,0.223464045,0.234887975,0.000000000
884,2020-02-06 20:00:00,4.125098228,0.194010926,0.215214440,0.217793618,0.223464045,0.234887975,0.000000000
885,2020-02-06 21:00:00,4.128899574,0.194010926,0.215214440,0.217793618,0.223464045,0.234887975,0.000000000
886,2020-02-06 22:00:00,4.112801075,0.194010926,0.215214440,0.217793618,0.223464045,0.234887975,0.014337892
887,2020-02-06 23:00:00,4.332073689,0.194010169,0.215220272,0.217799812,0.223471098,0.234897048,0.082501551
888,2020-02-07 00:00:00,4.247618675,0.194005823,0.215253752,0.217835369,0.223511585,0.234949134,0.086857779
889,2020-02-07 01:00:00,4.563685894,0.194001245,0.215288989,0.217872793,0.223554203,0.235003973,0.180333470
890,2020-02-07 02:00:00,4.391194344,0.193991764,0.215361896,0.217950231,0.223642400,0.235117500,0.169680334
891,2020-02-07 03:00:00,4.228178978,0.193982830,0.215430499,0.218023103,0.223725413,0.235224400,0.161670229
892,2020-02-07 04:00:00,4.070508957,0.193974306,0.215495861,0.218092538,0.223804525,0.235326319,0.154992780
893,2020-02-07 05:00:00,3.916089296,0.193966125,0.215558519,0.218159106,0.223880383,0.235424084,0.148222439
894,2020-02-07 06:00:00,3.765885830,0.193958291,0.215618437,0.218222767,0.223952941,0.235517631,0.141260507
895,2020-02-07 07:00:00,3.833043575,0.193950817,0.215675539,0.218283440,0.224022104,0.235606834,0.322919854
896,2020-02-07 08:00:00,3.670508862,0.193933812,0.215805213,0.218421239,0.224179226,0.235809598,0.653467271
897,2020-02-07 09:00:00,3.503802299,0.193899679,0.216064479,0.218696812,0.224493609,0.236215796,0.154011920
898,2020-02-07 10:00:00,2.023612976,0.193891477,0.216126578,0.218762830,0.224568957,0.236313247,1.471575092
899,2020-02-07 11:00:00,0.044509869,0.193816115,0.216693528,0.219365778,0.225257719,0.237205818,1.964486660
900,2020-02-07 12:00:00,0.000587521,0.193716118,0.217435921,0.220155923,0.226161964,0.238382522,0.044509871
901,2020-02-07 13:00:00,0.000601543,0.193714552,0.217447458,0.220168208,0.226176038,0.238400880,0.200587540
902,2020-02-07 14:00:00,0.000436547,0.193705474,0.217514289,0.220239373,0.226257574,0.238507269,0.100601549
903,2020-02-07 15:00:00,0.000369292,0.193703461,0.217529098,0.220255143,0.226275645,0.238530854,1.513988730
904,2020-02-07 16:00:00,0.000262536,0.193628688,0.218075979,0.220837714,0.226943726,0.239404394,0.299769886
905,2020-02-07 17:00:00,0.000236607,0.193617030,0.218160703,0.220928003,0.227047360,0.239540179,0.000262536
906,2020-02-07 18:00:00,0.000132010,0.193622059,0.218124175,0.220889075,0.227002675,0.239481622,0.598318809
907,2020-02-07 19:00:00,0.000062463,0.193593858,0.218328664,0.221107021,0.227252912,0.239809727,0.000132010
908,2020-02-07 20:00:00,0.000014808,0.193600700,0.218279132,0.221054224,0.227192279,0.239730186,0.000062463
909,2020-02-07 21:00:00,0.000001894,0.193606589,0.218236457,0.221008739,0.227140051,0.239661691,0.000014808
910,2020-02-07 22:00:00,0.405264437,0.193610239,0.218209989,0.220980530,0.227107662,0.239619224,0.000001894
911,2020-02-07 23:00:00,0.067798048,0.193613824,0.218183974,0.220952804,0.227075830,0.239577496,0.405264456
912,2020-02-08 00:00:00,0.056109723,0.193596324,0.218310816,0.221087997,0.227231063,0.239781061,0.067798049
913,2020-02-08 01:00:00,0.035527550,0.193598048,0.218298335,0.221074693,0.227215785,0.239761019,0.056109728
914,2020-02-08 02:00:00,0.019757193,0.193599774,0.218285838,0.221061372,0.227200488,0.239740953,0.035527552
915,2020-02-08 03:00:00,0.014555909,0.193601673,0.218272083,0.221046711,0.227183652,0.239718870,0.019757193
916,2020-02-08 04:00:00,0.016312204,0.193604078,0.218254656,0.221028136,0.227162323,0.239690897,0.000000000
917,2020-02-08 05:00:00,0.010011328,0.193606964,0.218233739,0.221005842,0.227136724,0.239657329,0.000000000
918,2020-02-08 06:00:00,0.006475063,0.193606964,0.218233739,0.221005842,0.227136724,0.239657329,0.000000000
919,2020-02-08 07:00:00,0.004450394,0.193606964,0.218233739,0.221005842,0.227136724,0.239657329,0.000000000
920,2020-02-08 08:00:00,0.003585513,0.193606964,0.218233739,0.221005842,0.227136724,0.239657329,0.000000000
921,2020-02-08 09:00:00,0.002959523,0.193606964,0.218233739,0.221005842,0.227136724,0.239657329,0.000000000
922,2020-02-08 10:00:00,0.004644678,0.193606964,0.218233739,0.221005842,0.227136724,0.239657329,0.000000000
923,2020-02-08 11:00:00,0.005649925,0.193606964,0.218233739,0.221005842,0.227136724,0.239657329,0.000000000
924,2020-02-08 12:00:00,0.005445751,0.193606964,0.218233739,0.221005842,0.227136724,0.239657329,0.000000000
925,2020-02-08 13:00:00,0.008192347,0.193606964,0.218233739,0.221005842,0.227136724,0.239657329,0.005445752
926,2020-02-08 14:00:00,0.010855322,0.193606662,0.218235924,0.221008171,0.227139398,0.239660835,0.008192348
927,2020-02-08 15:00:00,0.010684971,0.193606209,0.218239210,0.221011673,0.227143419,0.239666108,0.010855322
928,2020-02-08 16:00:00,0.008234509,0.193605609,0.218243563,0.221016313,0.227148747,0.239673095,0.010684971
929,2020-02-08 17:00:00,0.005625452,0.193605017,0.218247849,0.221020881,0.227153992,0.239679972,0.008234510
930,2020-02-08 18:00:00,0.002772833,0.193612361,0.218194593,0.220964121,0.227088823,0.239594528,0.005625453
931,2020-02-08 19:00:00,0.001591004,0.193622142,0.218123570,0.220888430,0.227001935,0.239480652,0.002772834
932,2020-02-08 20:00:00,0.000693733,0.193631777,0.218053508,0.220813770,0.226916246,0.239368401,0.001591004
933,2020-02-08 21:00:00,0.000099556,0.193636936,0.218015951,0.220773750,0.226870322,0.239308263,0.000693733
934,2020-02-08 22:00:00,0.000148111,0.193639500,0.217997274,0.220753850,0.226847488,0.239278366,0.000099556
935,2020-02-08 23:00:00,0.000127678,0.193642902,0.217972485,0.220727437,0.226817183,0.239238694,0.000000000
936,2020-02-09 00:00:00,0.000101412,0.193642902,0.217972485,0.220727437,0.226817183,0.239238694,0.000000000
937,2020-02-09 01:00:00,0.000033682,0.193642902,0.217972485,0.220727437,0.226817183,0.239238694,0.000000000
938,2020-02-09 02:00:00,0.000146469,0.193642902,0.217972485,0.220727437,0.226817183,0.239238694,0.000000000
939,2020-02-09 03:00:00,0.000285886,0.193642902,0.217972485,0.220727437,0.226817183,0.239238694,0.000000000
940,2020-02-09 04:00:00,0.000271416,0.193642902,0.217972485,0.220727437,0.226817183,0.239238694,0.000000000
941,2020-02-09 05:00:00,0.000390737,0.193642902,0.217972485,0.220727437,0.226817183,0.239238694,0.000000000
942,2020-02-09 06:00:00,0.000231441,0.193642902,0.217972485,0.220727437,0.226817183,0.239238694,0.000000000
943,2020-02-09 07:00:00,0.000472590,0.193642902,0.217972485,0.220727437,0.226817183,0.239238694,0.000000000
944,2020-02-09 08:00:00,0.000261811,0.193642902,0.217972485,0.220727437,0.226817183,0.239238694,0.000000000
945,2020-02-09 09:00:00,0.000309824,0.193642902,0.217972485,0.220727437,0.226817183,0.239238694,0.000000000
946,2020-02-09 10:00:00,0.000404162,0.193642902,0.217972485,0.220727437,0.226817183,0.239238694,0.000000000
947,2020-02-09 11:00:00,0.000355502,0.193642902,0.217972485,0.220727437,0.226817183,0.239238694,0.000000000
948,2020-02-09 12:00:00,0.000280778,0.193642902,0.217972485,0.220727437,0.226817183,0.239238694,0.000000000
949,2020-02-09 13:00:00,0.000344257,0.193642902,0.217972485,0.220727437,0.226817183,0.239238694,0.000280778
950,2020-02-09 14:00:00,0.000609607,0.193642783,0.217972485,0.220727437,0.226817183,0.239238694,0.000344257
951,2020-02-09 15:00:00,0.234169573,0.193642636,0.217972485,0.220727437,0.226817183,0.239238694,0.000609607
952,2020-02-09 16:00:00,0.027949305,0.193642376,0.217972485,0.220727437,0.226817183,0.239238694,0.234169599
953,2020-02-09 17:00:00,0.030864703,0.193630022,0.218066278,0.220827377,0.226931862,0.239388854,0.027949307
954,2020-02-09 18:00:00,0.024695940,0.193628481,0.218077490,0.220839325,0.226945574,0.239406815,0.030864703
955,2020-02-09 19:00:00,0.020123620,0.193626778,0.218089870,0.220852517,0.226960715,0.239426648,0.024695941
956,2020-02-09 20:00:00,0.015401611,0.193628195,0.218079563,0.220841534,0.226948110,0.239410136,0.020123621
957,2020-02-09 21:00:00,0.004724922,0.193628056,0.218080580,0.220842617,0.226949353,0.239411764,0.015401611
958,2020-02-09 22:00:00,0.003195552,0.193628129,0.218080048,0.220842051,0.226948703,0.239410913,0.004724922
959,2020-02-09 23:00:00,0.002523608,0.193628226,0.218079341,0.220841297,0.226947837,0.239409779,0.003195552
960,2020-02-10 00:00:00,0.002210939,0.193628450,0.218077716,0.220839565,0.226945850,0.239407176,0.002523608
961,2020-02-10 01:00:00,0.002007987,0.193628636,0.218076363,0.220838124,0.226944196,0.239405009,0.002210939
962,2020-02-10 02:00:00,0.001667545,0.193628786,0.218076363,0.220838124,0.226944196,0.239405009,0.002007987
963,2020-02-10 03:00:00,0.001438819,0.193628447,0.218076363,0.220838124,0.226944196,0.239405009,0.001756300
964,2020-02-10 04:00:00,0.001510100,0.193628514,0.218077246,0.220839065,0.226945276,0.239406424,0.002790540
965,2020-02-10 05:00:00,0.001505791,0.193628360,0.218078366,0.220840259,0.226946646,0.239408219,0.004850155
966,2020-02-10 06:00:00,0.001394934,0.193628092,0.218080314,0.220842334,0.226949028,0.239411338,0.005723718
967,2020-02-10 07:00:00,0.002015424,0.193627776,0.218082611,0.220844783,0.226951838,0.239415019,0.464212809
968,2020-02-10 08:00:00,0.001457404,0.193602517,0.218265966,0.221040191,0.227176165,0.239709051,0.509476109
969,2020-02-10 09:00:00,0.001019005,0.193574756,0.218466696,0.221254168,0.227421943,0.240031608,0.006522288
970,2020-02-10 10:00:00,0.000803459,0.193574394,0.218469310,0.221256954,0.227425144,0.240035812,0.105722170
971,2020-02-10 11:00:00,0.001153444,0.193568542,0.218511520,0.221301957,0.227476854,0.240103731,0.200803470
972,2020-02-10 12:00:00,0.001003582,0.193557763,0.218589167,0.221384746,0.227571998,0.240228750,0.914705572
973,2020-02-10 13:00:00,0.000716233,0.193509419,0.218935922,0.221754563,0.227997260,0.240788335,0.501003603
974,2020-02-10 14:00:00,0.000666791,0.193483468,0.219121053,0.221952070,0.228224554,0.241087957,0.500716243
975,2020-02-10 15:00:00,0.000499124,0.193458124,0.219301177,0.222144280,0.228445869,0.241380056,0.900666907
976,2020-02-10 16:00:00,0.000309323,0.193411757,0.219629024,0.222494232,0.228849110,0.241913190,0.698581340
977,2020-02-10 17:00:00,0.000193562,0.193376509,0.219876788,0.222758796,0.229154217,0.242317374,0.000309323
978,2020-02-10 18:00:00,0.000124689,0.193379960,0.219852589,0.222732953,0.229124404,0.242277849,0.212217789
979,2020-02-10 19:00:00,0.000082462,0.193371894,0.219909134,0.222793342,0.229194074,0.242370224,0.000124689
980,2020-02-10 20:00:00,0.000052043,0.193375314,0.219885166,0.222767744,0.229164540,0.242331061,0.299921138
981,2020-02-10 21:00:00,0.000021081,0.193359980,0.219992545,0.222882431,0.229296875,0.242506593,0.300050161
982,2020-02-10 22:00:00,0.000014215,0.193343969,0.220104410,0.223001925,0.229434800,0.242689680,0.700019626
983,2020-02-10 23:00:00,0.000009210,0.193305500,0.220372149,0.223287992,0.229765178,0.243128811,0.403124267
984,2020-02-11 00:00:00,0.000007242,0.193282738,0.220529876,0.223456561,0.229959981,0.243388124,0.001343840
985,2020-02-11 01:00:00,0.000005125,0.193282661,0.220530409,0.223457131,0.229960640,0.243389001,0.001269980
986,2020-02-11 02:00:00,0.000004263,0.193282589,0.220530913,0.223457669,0.229961262,0.243389830,0.005821953
987,2020-02-11 03:00:00,0.000002941,0.193282255,0.220533222,0.223460137,0.229964114,0.243393629,0.005837419
988,2020-02-11 04:00:00,0.000002150,0.193281920,0.220535537,0.223462612,0.229966974,0.243397439,0.006944509
989,2020-02-11 05:00:00,0.000002014,0.193281522,0.220538291,0.223465555,0.229970377,0.243401970,0.004138606
990,2020-02-11 06:00:00,0.000001898,0.193281285,0.220539932,0.223467309,0.229972405,0.243404671,0.306537439
991,2020-02-11 07:00:00,0.000001659,0.193263879,0.220660179,0.223595846,0.230121011,0.243602696,0.618471239
992,2020-02-11 08:00:00,0.000001290,0.193229043,0.220899952,0.223852207,0.230417559,0.243998361,0.301470234
993,2020-02-11 09:00:00,0.000001396,0.193211828,0.221018011,0.223978462,0.230563684,0.244193572,0.001561178
994,2020-02-11 10:00:00,0.000000000,0.193211738,0.221018629,0.223979123,0.230564448,0.244194594,0.001111604
995,2020-02-11 11:00:00,0.000000000,0.193211673,0.221019069,0.223979593,0.230564993,0.244195322,0.000000000
996,2020-02-11 12:00:00,0.000000000,0.193211834,0.221019069,0.223979593,0.230564993,0.244195322,1.401917916
997,2020-02-11 13:00:00,0.000000000,0.193134905,0.221542062,0.224539123,0.231213208,0.245063276,0.599999998
998,2020-02-11 14:00:00,0.000000000,0.193102135,0.221763612,0.224776262,0.231488243,0.245432532,0.000000000
999,2020-02-11 15:00:00,0.000000000,0.193104590,0.221747049,0.224758531,0.231467672,0.245404894,0.000000000
1000,2020-02-11 16:00:00,0.000000000,0.193107732,0.221725844,0.224735832,0.231441339,0.245369518,0.098082182
1001,2020-02-11 17:00:00,0.000000000,0.193105988,0.221737613,0.224748430,0.231455954,0.245389151,1.785848576
1002,2020-02-11 18:00:00,0.000000000,0.193011609,0.222370425,0.225426118,0.232242904,0.246448776,1.600000132
1003,2020-02-11 19:00:00,0.000000000,0.192926101,0.222936714,0.226033037,0.232948974,0.247403700,1.275959971
1004,2020-02-11 20:00:00,0.000000000,0.192857652,0.223385291,0.226514114,0.233509529,0.248164697,0.568253745
1005,2020-02-11 21:00:00,0.000000000,0.192825587,0.223594009,0.226738050,0.233770728,0.248520177,0.000000000
1006,2020-02-11 22:00:00,0.000000000,0.192826393,0.223588771,0.226732430,0.233764171,0.248511246,0.000000000
1007,2020-02-11 23:00:00,0.000000000,0.192826999,0.223584834,0.226728205,0.233759242,0.248504533,0.000000000
1008,2020-02-12 00:00:00,0.000000000,0.192827515,0.223581485,0.226724612,0.233755049,0.248498822,0.000000000
1009,2020-02-12 01:00:00,0.000000000,0.192828169,0.223577235,0.226720051,0.233749728,0.248491576,0.000000000
1010,2020-02-12 02:00:00,0.000000000,0.192828935,0.223572258,0.226714711,0.233743498,0.248483091,0.000000000
1011,2020-02-12 03:00:00,0.000000000,0.192830099,0.223564695,0.226706596,0.233734030,0.248470198,0.000000000
1012,2020-02-12 04:00:00,0.000000000,0.192832093,0.223551729,0.226692683,0.233717798,0.248448096,0.000000000
1013,2020-02-12 05:00:00,0.000000000,0.192834922,0.223533340,0.226672952,0.233694780,0.248416757,0.000000000
1014,2020-02-12 06:00:00,0.000000000,0.192837634,0.223515698,0.226654022,0.233672698,0.248386697,0.000000000
1015,2020-02-12 07:00:00,0.000000000,0.192840395,0.223497732,0.226634746,0.233650213,0.248356092,0.000000000
1016,2020-02-12 08:00:00,0.000000000,0.192844003,0.223474249,0.226609551,0.233620826,0.248316099,0.000000000
1017,2020-02-12 09:00:00,0.000017096,0.192846451,0.223458305,0.226592445,0.233600875,0.248288951,0.000000000
1018,2020-02-12 10:00:00,0.000039961,0.192848027,0.223448037,0.226581428,0.233588026,0.248271470,0.000017096
1019,2020-02-12 11:00:00,0.000047691,0.192850447,0.223432268,0.226564511,0.233568296,0.248244628,0.000039961
1020,2020-02-12 12:00:00,0.000080029,0.192852721,0.223417449,0.226548612,0.233549756,0.248219409,0.000047691
1021,2020-02-12 13:00:00,0.000119168,0.192858961,0.223376751,0.226504953,0.233498846,0.248150171,0.000080029
1022,2020-02-12 14:00:00,0.000121804,0.192867374,0.223321834,0.226446042,0.233430163,0.248056796,0.000119168
1023,2020-02-12 15:00:00,0.000088396,0.192878237,0.223250828,0.226369880,0.233341383,0.247936157,0.000121804
1024,2020-02-12 16:00:00,0.000051066,0.192891247,0.223165650,0.226278524,0.233234920,0.247791573,0.000088396
1025,2020-02-12 17:00:00,0.000029925,0.192905896,0.223069559,0.226175477,0.233114865,0.247628643,0.000051066
1026,2020-02-12 18:00:00,0.000014177,0.192921579,0.222966476,0.226064946,0.232986131,0.247454063,0.000029925
1027,2020-02-12 19:00:00,0.000006771,0.192937308,0.222862871,0.225953871,0.232856804,0.247278817,0.000014177
1028,2020-02-12 20:00:00,0.000002728,0.192950873,0.222773338,0.225857893,0.232745090,0.247127544,0.000006771
1029,2020-02-12 21:00:00,0.000000000,0.192957229,0.222731328,0.225812864,0.232692689,0.247056623,0.000002728
1030,2020-02-12 22:00:00,0.000000000,0.192960856,0.222707340,0.225787152,0.232662770,0.247016140,0.000000000
1031,2020-02-12 23:00:00,0.000000000,0.192964696,0.222681932,0.225759920,0.232631086,0.246973275,0.000000000
1032,2020-02-13 00:00:00,0.000000000,0.192968585,0.222656183,0.225732323,0.232598979,0.246929848,0.000000000
1033,2020-02-13 01:00:00,0.000000000,0.192971722,0.222635404,0.225710054,0.232573071,0.246894812,0.000000000
1034,2020-02-13 02:00:00,0.000000000,0.192975190,0.222612423,0.225685424,0.232544421,0.246856072,0.000000000
1035,2020-02-13 03:00:00,0.000000000,0.192978337,0.222591565,0.225663071,0.232518420,0.246820921,0.000000000
1036,2020-02-13 04:00:00,0.000000000,0.192980123,0.222579718,0.225650375,0.232503653,0.246800960,0.000000000
1037,2020-02-13 05:00:00,0.578947365,0.192982662,0.222562877,0.225632329,0.232482664,0.246772590,0.000000000
1038,2020-02-13 06:00:00,0.917412817,0.192983873,0.222554836,0.225623711,0.232472641,0.246759045,0.578947424
1039,2020-02-13 07:00:00,2.860928059,0.192951437,0.222769615,0.225853903,0.232740447,0.247121259,0.917412910
1040,2020-02-13 08:00:00,6.033554077,0.192899106,0.223114124,0.226223266,0.233170537,0.247704183,0.441090134
1041,2020-02-13 09:00:00,9.300188065,0.192873171,0.223283955,0.226405411,0.233382799,0.247992427,0.000000000
1042,2020-02-13 10:00:00,12.128189087,0.192873171,0.223283955,0.226405411,0.233382799,0.247992427,0.000000000
1043,2020-02-13 11:00:00,13.098356247,0.192873171,0.223283955,0.226405411,0.233382799,0.247992427,0.000000000
1044,2020-02-13 12:00:00,13.292442322,0.192873171,0.223283955,0.226405411,0.233382799,0.247992427,0.000000000
1045,2020-02-13 13:00:00,13.375438690,0.192873171,0.223283955,0.226405411,0.233382799,0.247992427,0.000000000
1046,2020-02-13 14:00:00,13.493724823,0.192873171,0.223283955,0.226405411,0.233382799,0.247992427,0.170136916
1047,2020-02-13 15:00:00,13.236900330,0.192863053,0.223350052,0.226476311,0.233465452,0.248104766,0.425098190
1048,2020-02-13 16:00:00,11.413125992,0.192837955,0.223513607,0.226651778,0.233670081,0.248383134,2.009860668
1049,2020-02-13 17:00:00,8.032959938,0.192724827,0.224244035,0.227435868,0.234585770,0.249633054,5.324319545
1050,2020-02-13 18:00:00,4.510747910,0.192450184,0.225972408,0.229294257,0.236764641,0.252635960,4.562010827
1051,2020-02-13 19:00:00,0.913556695,0.192203718,0.227471889,0.230910078,0.238669175,0.255295299,4.220436404
1052,2020-02-13 20:00:00,0.368911296,0.191968461,0.228860210,0.232409119,0.240444699,0.257804927,0.806383287
1053,2020-02-13 21:00:00,0.365972281,0.191917391,0.229156260,0.232729159,0.240824868,0.258346227,0.100000008
1054,2020-02-13 22:00:00,0.015829496,0.191910876,0.229193895,0.232769853,0.240873235,0.258415196,0.365972289
1055,2020-02-13 23:00:00,0.013906080,0.191887341,0.229329587,0.232916594,0.241047700,0.258664163,0.015829496
1056,2020-02-14 00:00:00,0.013958917,0.191886333,0.229335390,0.232922871,0.241055164,0.258674821,0.013906081
1057,2020-02-14 01:00:00,0.013258140,0.191885552,0.229339887,0.232927734,0.241060947,0.258683081,0.013958917
1058,2020-02-14 02:00:00,0.011724755,0.191885183,0.229342009,0.232930029,0.241063677,0.258686978,0.013258141
1059,2020-02-14 03:00:00,0.009344467,0.191885251,0.229341621,0.232929610,0.241063178,0.258686266,0.011724756
1060,2020-02-14 04:00:00,0.006556531,0.191886499,0.229334436,0.232921838,0.241053936,0.258673068,0.009344468
1061,2020-02-14 05:00:00,0.006368980,0.191888017,0.229325698,0.232912388,0.241042697,0.258657021,0.006556532
1062,2020-02-14 06:00:00,0.002682430,0.191889623,0.229316447,0.232902383,0.241030800,0.258640034,0.006368981
1063,2020-02-14 07:00:00,0.002017312,0.191889774,0.229316447,0.232902383,0.241030800,0.258640034,0.000000000
1064,2020-02-14 08:00:00,0.003358864,0.191889774,0.229316447,0.232902383,0.241030800,0.258640034,0.000000000
1065,2020-02-14 09:00:00,0.006473611,0.191889774,0.229316447,0.232902383,0.241030800,0.258640034,0.000000000
1066,2020-02-14 10:00:00,0.005093983,0.191889774,0.229316447,0.232902383,0.241030800,0.258640034,0.000000000
1067,2020-02-14 11:00:00,0.007859653,0.191889774,0.229316447,0.232902383,0.241030800,0.258640034,0.000000000
1068,2020-02-14 12:00:00,0.007165888,0.191889774,0.229316447,0.232902383,0.241030800,0.258640034,0.000000000
1069,2020-02-14 13:00:00,0.011610168,0.191889774,0.229316447,0.232902383,0.241030800,0.258640034,0.007165888
1070,2020-02-14 14:00:00,0.012592279,0.191889179,0.229319008,0.232905152,0.241034093,0.258644735,0.011610168
1071,2020-02-14 15:00:00,0.009037430,0.191888418,0.229323388,0.232909889,0.241039726,0.258652778,0.012592280
1072,2020-02-14 16:00:00,0.006988076,0.191887593,0.229328138,0.232915027,0.241045835,0.258661501,0.009037431
1073,2020-02-14 17:00:00,0.004392731,0.191887001,0.229331547,0.232918714,0.241050220,0.258667763,0.006988077
1074,2020-02-14 18:00:00,0.002710905,0.191886543,0.229334183,0.232921565,0.241053611,0.258672605,0.004392732
1075,2020-02-14 19:00:00,0.001371420,0.191886255,0.229335841,0.232923358,0.241055743,0.258675649,0.002710905
1076,2020-02-14 20:00:00,0.000810027,0.191886077,0.229336864,0.232924464,0.241057059,0.258677528,0.001371420
1077,2020-02-14 21:00:00,0.000390542,0.191885987,0.229337381,0.232925024,0.241057724,0.258678478,0.000000000
1078,2020-02-14 22:00:00,0.000907550,0.191885987,0.229337381,0.232925024,0.241057724,0.258678478,0.000000000
1079,2020-02-14 23:00:00,0.001894079,0.191885987,0.229337381,0.232925024,0.241057724,0.258678478,0.000000000
1080,2020-02-15 00:00:00,0.002925255,0.191885987,0.229337381,0.232925024,0.241057724,0.258678478,0.000000000
1081,2020-02-15 01:00:00,0.003272178,0.191885987,0.229337381,0.232925024,0.241057724,0.258678478,0.000000000
1082,2020-02-15 02:00:00,0.003163229,0.191885987,0.229337381,0.232925024,0.241057724,0.258678478,0.000000000
1083,2020-02-15 03:00:00,0.003585066,0.191885987,0.229337381,0.232925024,0.241057724,0.258678478,0.000000000
1084,2020-02-15 04:00:00,0.003268624,0.191885987,0.229337381,0.232925024,0.241057724,0.258678478,0.000000000
1085,2020-02-15 05:00:00,0.002417236,0.191885987,0.229337381,0.232925024,0.241057724,0.258678478,0.000000000
1086,2020-02-15 06:00:00,0.002177119,0.191885987,0.229337381,0.232925024,0.241057724,0.258678478,0.000000000
1087,2020-02-15 07:00:00,0.001762802,0.191885987,0.229337381,0.232925024,0.241057724,0.258678478,0.000000000
1088,2020-02-15 08:00:00,0.004167099,0.191885987,0.229337381,0.232925024,0.241057724,0.258678478,0.000000000
1089,2020-02-15 09:00:00,0.005908329,0.191885987,0.229337381,0.232925024,0.241057724,0.258678478,0.000000000
1090,2020-02-15 10:00:00,0.008051400,0.191885987,0.229337381,0.232925024,0.241057724,0.258678478,0.000000000
1091,2020-02-15 11:00:00,0.007492382,0.191885987,0.229337381,0.232925024,0.241057724,0.258678478,0.000000000
1092,2020-02-15 12:00:00,0.008702061,0.191885987,0.229337381,0.232925024,0.241057724,0.258678478,0.000000000
1093,2020-02-15 13:00:00,0.003327856,0.191885987,0.229337381,0.232925024,0.241057724,0.258678478,0.000000000
1094,2020-02-15 14:00:00,0.001709801,0.191885987,0.229337381,0.232925024,0.241057724,0.258678478,0.000000000
1095,2020-02-15 15:00:00,0.009956169,0.191885987,0.229337381,0.232925024,0.241057724,0.258678478,0.001709801
1096,2020-02-15 16:00:00,0.015116381,0.191885875,0.229338026,0.232925722,0.241058554,0.258679663,0.009956169
1097,2020-02-15 17:00:00,0.015256586,0.191885223,0.229341782,0.232929784,0.241063385,0.258686562,0.015116382
1098,2020-02-15 18:00:00,0.012103917,0.191884232,0.229347483,0.232935950,0.241070718,0.258697034,0.015256586
1099,2020-02-15 19:00:00,0.007098880,0.191883233,0.229353237,0.232942172,0.241078119,0.258707603,0.012103917
1100,2020-02-15 20:00:00,0.005023078,0.191882439,0.229357802,0.232947110,0.241083991,0.258715990,0.000000000
1101,2020-02-15 21:00:00,0.003557161,0.191882439,0.229357802,0.232947110,0.241083991,0.258715990,0.000000000
1102,2020-02-15 22:00:00,0.001384581,0.191882439,0.229357802,0.232947110,0.241083991,0.258715990,0.000000000
1103,2020-02-15 23:00:00,0.000439197,0.191882439,0.229357802,0.232947110,0.241083991,0.258715990,0.000000000
1104,2020-02-16 00:00:00,0.000405304,0.191882439,0.229357802,0.232947110,0.241083991,0.258715990,0.000000000
1105,2020-02-16 01:00:00,0.000141418,0.191882439,0.229357802,0.232947110,0.241083991,0.258715990,0.000000000
1106,2020-02-16 02:00:00,0.000147182,0.191882439,0.229357802,0.232947110,0.241083991,0.258715990,0.000000000
1107,2020-02-16 03:00:00,0.000000000,0.191882439,0.229357802,0.232947110,0.241083991,0.258715990,0.000000000
1108,2020-02-16 04:00:00,0.000223170,0.191882439,0.229357802,0.232947110,0.241083991,0.258715990,0.000000000
1109,2020-02-16 05:00:00,0.000396622,0.191882439,0.229357802,0.232947110,0.241083991,0.258715990,0.000000000
1110,2020-02-16 06:00:00,0.000785979,0.191882439,0.229357802,0.232947110,0.241083991,0.258715990,0.000000000
1111,2020-02-16 07:00:00,0.001301667,0.191882439,0.229357802,0.232947110,0.241083991,0.258715990,0.000000000
1112,2020-02-16 08:00:00,0.001676136,0.191882439,0.229357802,0.232947110,0.241083991,0.258715990,0.000000000
1113,2020-02-16 09:00:00,0.001847348,0.191882439,0.229357802,0.232947110,0.241083991,0.258715990,0.000000000
1114,2020-02-16 10:00:00,0.002039324,0.191882439,0.229357802,0.232947110,0.241083991,0.258715990,0.000000000
1115,2020-02-16 11:00:00,0.002107702,0.191882439,0.229357802,0.232947110,0.241083991,0.258715990,0.000000000
1116,2020-02-16 12:00:00,0.001538729,0.191882439,0.229357802,0.232947110,0.241083991,0.258715990,0.000000000
1117,2020-02-16 13:00:00,0.000871801,0.191882439,0.229357802,0.232947110,0.241083991,0.258715990,0.001538729
1118,2020-02-16 14:00:00,0.001022845,0.191882338,0.229358382,0.232947738,0.241084737,0.258717057,0.000871801
1119,2020-02-16 15:00:00,0.000733959,0.191881992,0.229358382,0.232947738,0.241084737,0.258717057,0.001022845
1120,2020-02-16 16:00:00,0.000604446,0.191882214,0.229359097,0.232948511,0.241085657,0.258718370,0.000733959
1121,2020-02-16 17:00:00,0.000391348,0.191882400,0.229358026,0.232947353,0.241084280,0.258716403,0.000604446
1122,2020-02-16 18:00:00,0.000258129,0.191882716,0.229356212,0.232945390,0.241081946,0.258713069,0.000391348
1123,2020-02-16 19:00:00,0.000142694,0.191883165,0.229353624,0.232942591,0.241078616,0.258708314,0.000258129
1124,2020-02-16 20:00:00,0.000089790,0.191883898,0.229349405,0.232938028,0.241073190,0.258700564,0.000142694
1125,2020-02-16 21:00:00,0.000046332,0.191884761,0.229344443,0.232932662,0.241066807,0.258691449,0.000089790
1126,2020-02-16 22:00:00,0.000009299,0.191885153,0.229342185,0.232930220,0.241063903,0.258687302,0.000000000
1127,2020-02-16 23:00:00,0.000006103,0.191885221,0.229342185,0.232930220,0.241063903,0.258687302,0.000000000
1128,2020-02-17 00:00:00,0.000004974,0.191885404,0.229340737,0.232928653,0.241062041,0.258684642,0.000000000
1129,2020-02-17 01:00:00,0.000002768,0.191885651,0.229339320,0.232927121,0.241060218,0.258682040,0.000000000
1130,2020-02-17 02:00:00,0.000001833,0.191885847,0.229339320,0.232927121,0.241060218,0.258682040,0.000000000
1131,2020-02-17 03:00:00,0.000003065,0.191885847,0.229339320,0.232927121,0.241060218,0.258682040,0.000000000
1132,2020-02-17 04:00:00,0.000002353,0.191885847,0.229339320,0.232927121,0.241060218,0.258682040,0.000000000
1133,2020-02-17 05:00:00,0.000001609,0.191885847,0.229339320,0.232927121,0.241060218,0.258682040,0.000000000
1134,2020-02-17 06:00:00,0.000002246,0.191885847,0.229339320,0.232927121,0.241060218,0.258682040,0.000000000
1135,2020-02-17 07:00:00,0.000001474,0.191885847,0.229339320,0.232927121,0.241060218,0.258682040,0.000000000
1136,2020-02-17 08:00:00,0.000001635,0.191885847,0.229339320,0.232927121,0.241060218,0.258682040,0.000000000
1137,2020-02-17 09:00:00,0.000001074,0.191885847,0.229339320,0.232927121,0.241060218,0.258682040,0.000000000
1138,2020-02-17 10:00:00,0.000002311,0.191885847,0.229339320,0.232927121,0.241060218,0.258682040,0.000000000
1139,2020-02-17 11:00:00,0.000001217,0.191885847,0.229339320,0.232927121,0.241060218,0.258682040,0.000000000
1140,2020-02-17 12:00:00,0.000001052,0.191885847,0.229339320,0.232927121,0.241060218,0.258682040,0.000001217
1141,2020-02-17 13:00:00,0.000005877,0.191885847,0.229339320,0.232927121,0.241060218,0.258682040,0.000001052
1142,2020-02-17 14:00:00,0.000011047,0.191885846,0.229339320,0.232927121,0.241060218,0.258682040,0.000005877
1143,2020-02-17 15:00:00,0.000008414,0.191886484,0.229334521,0.232921931,0.241054046,0.258673225,0.000011047
1144,2020-02-17 16:00:00,0.000005561,0.191888228,0.229324480,0.232911071,0.241041131,0.258654785,0.000008414
1145,2020-02-17 17:00:00,0.000002900,0.191891869,0.229303511,0.232888393,0.241014164,0.258616283,0.000005561
1146,2020-02-17 18:00:00,0.000001351,0.191899524,0.229259396,0.232840684,0.240957437,0.258535318,0.000002900
1147,2020-02-17 19:00:00,0.000000000,0.191913449,0.229179034,0.232753784,0.240854136,0.258387958,0.000001351
1148,2020-02-17 20:00:00,0.000000000,0.191927519,0.229097695,0.232665837,0.240749618,0.258238970,0.000000000
1149,2020-02-17 21:00:00,0.000000000,0.191938995,0.229031251,0.232594003,0.240664271,0.258117390,0.000000000
1150,2020-02-17 22:00:00,0.000000000,0.191944569,0.228998945,0.232559079,0.240622784,0.258058316,0.000000000
1151,2020-02-17 23:00:00,0.000000000,0.191949251,0.228971791,0.232529726,0.240587919,0.258008684,0.000000000
1152,2020-02-18 00:00:00,0.000000000,0.191952991,0.228950089,0.232506266,0.240560057,0.257969029,0.000000000
1153,2020-02-18 01:00:00,0.000000000,0.191955733,0.228934170,0.232489059,0.240539621,0.257939949,0.000000000
1154,2020-02-18 02:00:00,0.000000000,0.191957886,0.228921666,0.232475543,0.240523571,0.257917112,0.000000000
1155,2020-02-18 03:00:00,0.000000000,0.191959552,0.228911988,0.232465083,0.240511149,0.257899440,0.000000000
1156,2020-02-18 04:00:00,0.000000000,0.191959552,0.228911988,0.232465083,0.240511149,0.257899440,0.000000000
1157,2020-02-18 05:00:00,0.000000000,0.191959552,0.228911988,0.232465083,0.240511149,0.257899440,0.000000000
1158,2020-02-18 06:00:00,0.000000000,0.191959552,0.228911988,0.232465083,0.240511149,0.257899440,0.000000000
1159,2020-02-18 07:00:00,0.000000000,0.191959552,0.228911988,0.232465083,0.240511149,0.257899440,0.000000000
1160,2020-02-18 08:00:00,0.000000000,0.191959552,0.228911988,0.232465083,0.240511149,0.257899440,0.000000000
1161,2020-02-18 09:00:00,0.000000000,0.191959552,0.228911988,0.232465083,0.240511149,0.257899440,0.000000000
1162,2020-02-18 10:00:00,0.000000000,0.191959552,0.228911988,0.232465083,0.240511149,0.257899440,0.000000000
1163,2020-02-18 11:00:00,0.000000000,0.191959552,0.228911988,0.232465083,0.240511149,0.257899440,0.000000000
1164,2020-02-18 12:00:00,0.000000000,0.191959552,0.228911988,0.232465083,0.240511149,0.257899440,0.000000000
1165,2020-02-18 13:00:00,0.000000000,0.191959552,0.228911988,0.232465083,0.240511149,0.257899440,0.000000000
1166,2020-02-18 14:00:00,0.000000000,0.191959552,0.228911988,0.232465083,0.240511149,0.257899440,0.000000000
1167,2020-02-18 15:00:00,0.000000000,0.191961850,0.228898639,0.232450654,0.240494015,0.257875066,0.000000000
1168,2020-02-18 16:00:00,0.000000000,0.191964988,0.228880404,0.232430945,0.240470613,0.257841780,0.000000000
1169,2020-02-18 17:00:00,0.000000000,0.191968984,0.228857173,0.232405836,0.240440801,0.257799385,0.000000000
1170,2020-02-18 18:00:00,0.000000000,0.191972508,0.228836672,0.232383679,0.240414496,0.257761984,0.000000000
1171,2020-02-18 19:00:00,0.000000000,0.191976358,0.228814264,0.232359461,0.240385747,0.257721116,0.000000000
1172,2020-02-18 20:00:00,0.000000000,0.191979731,0.228794627,0.232338239,0.240360555,0.257685312,0.360001846
1173,2020-02-18 21:00:00,0.000000000,0.191960251,0.228907933,0.232460699,0.240505944,0.257892034,0.560029412
1174,2020-02-18 22:00:00,0.000000000,0.191925488,0.229109445,0.232678541,0.240764713,0.258260482,0.599778480
1175,2020-02-18 23:00:00,0.000000000,0.191888083,0.229325318,0.232911977,0.241042209,0.258656323,0.282333875
1176,2020-02-19 00:00:00,0.000000000,0.191870611,0.229425813,0.233020673,0.241171492,0.258841002,0.000000000
1177,2020-02-19 01:00:00,0.000000000,0.191871278,0.229421977,0.233016524,0.241166556,0.258833948,0.000000000
1178,2020-02-19 02:00:00,0.000000000,0.191871860,0.229418631,0.233012904,0.241162250,0.258827795,0.000000000
1179,2020-02-19 03:00:00,0.000000000,0.191872250,0.229416393,0.233010483,0.241159370,0.258823679,0.000000000
1180,2020-02-19 04:00:00,0.000000000,0.191872570,0.229414551,0.233008491,0.241157000,0.258820293,0.000000000
1181,2020-02-19 05:00:00,0.000000000,0.191872696,0.229413831,0.233007712,0.241156073,0.258818968,0.000000000
1182,2020-02-19 06:00:00,0.000000000,0.191873042,0.229413831,0.233007712,0.241156073,0.258818968,0.000000000
1183,2020-02-19 07:00:00,0.000000000,0.191872951,0.229412365,0.233006127,0.241154188,0.258816274,0.000000000
1184,2020-02-19 08:00:00,0.000000000,0.191873405,0.229409757,0.233003305,0.241150831,0.258811478,0.000000000
1185,2020-02-19 09:00:00,0.000000000,0.191875231,0.229399256,0.232991947,0.241137320,0.258792173,0.000000000
1186,2020-02-19 10:00:00,0.000000000,0.191878114,0.229382684,0.232974023,0.241116000,0.258761713,0.000000000
1187,2020-02-19 11:00:00,0.000000000,0.191880940,0.229366425,0.232956436,0.241095083,0.258731834,0.000000000
1188,2020-02-19 12:00:00,0.000000000,0.191882368,0.229358210,0.232947551,0.241084516,0.258716740,0.000000000
1189,2020-02-19 13:00:00,0.000000000,0.191888582,0.229322444,0.232908869,0.241038512,0.258651045,0.000000000
1190,2020-02-19 14:00:00,0.000000000,0.191897476,0.229271203,0.232853453,0.240972619,0.258556984,0.000000000
1191,2020-02-19 15:00:00,0.000000000,0.191909987,0.229199023,0.232775399,0.240879827,0.258424597,0.000000000
1192,2020-02-19 16:00:00,0.000000000,0.191925780,0.229107757,0.232676717,0.240762546,0.258257393,0.000000000
1193,2020-02-19 17:00:00,0.000000000,0.191943629,0.229004396,0.232564972,0.240629784,0.258068283,0.000000000
1194,2020-02-19 18:00:00,0.000000000,0.191961481,0.228900786,0.232452974,0.240496771,0.257878986,0.000000000
1195,2020-02-19 19:00:00,0.000000000,0.191978821,0.228799926,0.232343966,0.240367353,0.257694972,0.000000000
1196,2020-02-19 20:00:00,0.000000000,0.191995122,0.228704917,0.232241295,0.240245501,0.257521865,0.000000000
1197,2020-02-19 21:00:00,0.000000000,0.192009081,0.228623401,0.232153216,0.240140999,0.257373519,0.000000000
1198,2020-02-19 22:00:00,0.000000000,0.192018901,0.228565974,0.232091172,0.240067404,0.257269112,0.000000000
1199,2020-02-19 23:00:00,0.000000000,0.192026082,0.228523934,0.232045756,0.240013540,0.257192731,0.000000000
1200,2020-02-20 00:00:00,0.000000000,0.192033416,0.228480958,0.231999330,0.239958490,0.257114694,0.000000000
1201,2020-02-20 01:00:00,0.000000000,0.192040735,0.228438034,0.231952964,0.239903516,0.257036797,0.000000000
1202,2020-02-20 02:00:00,0.000000000,0.192046875,0.228401996,0.231914038,0.239857371,0.256971430,0.000000000
1203,2020-02-20 03:00:00,0.000000000,0.192052577,0.228368496,0.231877855,0.239814482,0.256910696,0.000000000
1204,2020-02-20 04:00:00,0.000000000,0.192052577,0.228368496,0.231877855,0.239814482,0.256910696,0.000000000
1205,2020-02-20 05:00:00,0.000000000,0.192052577,0.228368496,0.231877855,0.239814482,0.256910696,0.000000000
1206,2020-02-20 06:00:00,0.000000000,0.192052577,0.228368496,0.231877855,0.239814482,0.256910696,0.000000000
1207,2020-02-20 07:00:00,0.000000000,0.192052577,0.228368496,0.231877855,0.239814482,0.256910696,0.000000000
1208,2020-02-20 08:00:00,0.000000000,0.192052577,0.228368496,0.231877855,0.239814482,0.256910696,0.000000000
1209,2020-02-20 09:00:00,0.000000000,0.192052577,0.228368496,0.231877855,0.239814482,0.256910696,0.000000000
1210,2020-02-20 10:00:00,0.000000000,0.192052577,0.228368496,0.231877855,0.239814482,0.256910696,0.000000000
1211,2020-02-20 11:00:00,0.000000000,0.192052577,0.228368496,0.231877855,0.239814482,0.256910696,0.000000000
1212,2020-02-20 12:00:00,0.000000000,0.192052577,0.228368496,0.231877855,0.239814482,0.256910696,0.000000000
1213,2020-02-20 13:00:00,0.000000000,0.192052577,0.228368496,0.231877855,0.239814482,0.256910696,0.000000000
1214,2020-02-20 14:00:00,0.000000000,0.192052577,0.228368496,0.231877855,0.239814482,0.256910696,0.000000000
1215,2020-02-20 15:00:00,0.000000000,0.192052577,0.228368496,0.231877855,0.239814482,0.256910696,0.000000000
1216,2020-02-20 16:00:00,0.000000000,0.192052577,0.228368496,0.231877855,0.239814482,0.256910696,0.000000000
1217,2020-02-20 17:00:00,0.000000000,0.192052577,0.228368496,0.231877855,0.239814482,0.256910696,0.000000000
1218,2020-02-20 18:00:00,0.000000000,0.192052577,0.228368496,0.231877855,0.239814482,0.256910696,0.000000000
1219,2020-02-20 19:00:00,0.000000000,0.192052577,0.228368496,0.231877855,0.239814482,0.256910696,0.000000000
1220,2020-02-20 20:00:00,0.000000000,0.192061730,0.228314684,0.231819738,0.239745605,0.256813196,0.000000000
1221,2020-02-20 21:00:00,0.000000000,0.192070645,0.228262204,0.231763062,0.239678448,0.256718176,0.000000000
1222,2020-02-20 22:00:00,0.000000000,0.192070649,0.228262204,0.231763062,0.239678448,0.256718176,0.000000000
1223,2020-02-20 23:00:00,0.000000000,0.192070653,0.228262204,0.231763062,0.239678448,0.256718176,0.000000000
1224,2020-02-21 00:00:00,0.000000000,0.192070658,0.228262204,0.231763062,0.239678448,0.256718176,0.000000000
1225,2020-02-21 01:00:00,0.000000000,0.192070662,0.228262204,0.231763062,0.239678448,0.256718176,0.000000000
1226,2020-02-21 02:00:00,0.000000000,0.192070666,0.228262204,0.231763062,0.239678448,0.256718176,0.000000000
1227,2020-02-21 03:00:00,0.000000000,0.192070670,0.228262204,0.231763062,0.239678448,0.256718176,0.000000000
1228,2020-02-21 04:00:00,0.000000000,0.192070674,0.228262204,0.231763062,0.239678448,0.256718176,0.000000000
1229,2020-02-21 05:00:00,0.000000000,0.192070677,0.228262204,0.231763062,0.239678448,0.256718176,0.000000000
1230,2020-02-21 06:00:00,0.000000000,0.192070679,0.228262204,0.231763062,0.239678448,0.256718176,0.000000000
1231,2020-02-21 07:00:00,0.000000000,0.192070682,0.228262204,0.231763062,0.239678448,0.256718176,0.000000000
1232,2020-02-21 08:00:00,0.000000000,0.192070684,0.228262204,0.231763062,0.239678448,0.256718176,0.000000000
1233,2020-02-21 09:00:00,0.000000000,0.192070685,0.228262204,0.231763062,0.239678448,0.256718176,0.000000000
1234,2020-02-21 10:00:00,0.000000000,0.192070687,0.228262204,0.231763062,0.239678448,0.256718176,0.000000000
1235,2020-02-21 11:00:00,0.000000000,0.192070689,0.228262204,0.231763062,0.239678448,0.256718176,0.000000000
1236,2020-02-21 12:00:00,0.000000000,0.192070691,0.228262204,0.231763062,0.239678448,0.256718176,0.000000000
1237,2020-02-21 13:00:00,0.000000000,0.192070697,0.228262204,0.231763062,0.239678448,0.256718176,0.000000000
1238,2020-02-21 14:00:00,0.000000000,0.192070708,0.228262204,0.231763062,0.239678448,0.256718176,0.000000000
1239,2020-02-21 15:00:00,0.000000000,0.192070812,0.228262204,0.231763062,0.239678448,0.256718176,0.000000000
1240,2020-02-21 16:00:00,0.000000000,0.192070996,0.228262204,0.231763062,0.239678448,0.256718176,0.000000000
1241,2020-02-21 17:00:00,0.000000000,0.192071288,0.228262204,0.231763062,0.239678448,0.256718176,0.000000000
1242,2020-02-21 18:00:00,0.000000000,0.192071669,0.228262204,0.231763062,0.239678448,0.256718176,0.000000000
1243,2020-02-21 19:00:00,0.000000000,0.192070877,0.228260838,0.231761587,0.239676701,0.256715704,0.000000000
1244,2020-02-21 20:00:00,0.000000000,0.192071211,0.228260838,0.231761587,0.239676701,0.256715704,0.000000000
1245,2020-02-21 21:00:00,0.000000000,0.192071425,0.228260838,0.231761587,0.239676701,0.256715704,0.000000000
1246,2020-02-21 22:00:00,0.000000000,0.192071429,0.228260838,0.231761587,0.239676701,0.256715704,0.000000000
1247,2020-02-21 23:00:00,0.000000000,0.192071432,0.228260838,0.231761587,0.239676701,0.256715704,0.000000000
1248,2020-02-22 00:00:00,0.000000000,0.192071436,0.228260838,0.231761587,0.239676701,0.256715704,0.000000000
1249,2020-02-22 01:00:00,0.000000000,0.192071440,0.228260838,0.231761587,0.239676701,0.256715704,0.000000000
1250,2020-02-22 02:00:00,0.000000000,0.192071443,0.228260838,0.231761587,0.239676701,0.256715704,0.000000000
1251,2020-02-22 03:00:00,0.000000000,0.192071445,0.228260838,0.231761587,0.239676701,0.256715704,0.000000000
1252,2020-02-22 04:00:00,0.000000000,0.192071448,0.228260838,0.231761587,0.239676701,0.256715704,0.000000000
1253,2020-02-22 05:00:00,0.000000000,0.192071451,0.228260838,0.231761587,0.239676701,0.256715704,0.000000000
1254,2020-02-22 06:00:00,0.000000000,0.192071453,0.228260838,0.231761587,0.239676701,0.256715704,0.000000000
1255,2020-02-22 07:00:00,0.000000000,0.192071454,0.228260838,0.231761587,0.239676701,0.256715704,0.000000000
1256,2020-02-22 08:00:00,0.000000000,0.192071457,0.228260838,0.231761587,0.239676701,0.256715704,0.000000000
1257,2020-02-22 09:00:00,0.000000000,0.192071459,0.228260838,0.231761587,0.239676701,0.256715704,0.000000000
1258,2020-02-22 10:00:00,0.000000000,0.192071461,0.228260838,0.231761587,0.239676701,0.256715704,0.000000000
1259,2020-02-22 11:00:00,0.000000000,0.192071462,0.228260838,0.231761587,0.239676701,0.256715704,0.000000000
1260,2020-02-22 12:00:00,0.000000000,0.192071466,0.228260838,0.231761587,0.239676701,0.256715704,0.000000000
1261,2020-02-22 13:00:00,0.000000000,0.192071477,0.228260838,0.231761587,0.239676701,0.256715704,0.000000000
1262,2020-02-22 14:00:00,0.000000000,0.192071662,0.228260838,0.231761587,0.239676701,0.256715704,0.000000000
1263,2020-02-22 15:00:00,0.000000000,0.192071988,0.228260838,0.231761587,0.239676701,0.256715704,0.000000000
1264,2020-02-22 16:00:00,0.000000000,0.192071134,0.228259323,0.231759951,0.239674763,0.256712962,0.000000000
1265,2020-02-22 17:00:00,0.000000000,0.192071787,0.228255481,0.231755803,0.239669847,0.256706009,0.000000000
1266,2020-02-22 18:00:00,0.000000000,0.192072865,0.228249130,0.231748944,0.239661722,0.256694516,0.000000000
1267,2020-02-22 19:00:00,0.000000000,0.192074767,0.228237925,0.231736844,0.239647386,0.256674241,0.000000000
1268,2020-02-22 20:00:00,0.000000000,0.192077740,0.228220399,0.231717919,0.239624965,0.256642533,0.000000000
1269,2020-02-22 21:00:00,0.000000000,0.192081364,0.228199035,0.231694850,0.239597638,0.256603893,0.000000000
1270,2020-02-22 22:00:00,0.000000000,0.192082545,0.228192067,0.231687326,0.239588725,0.256591293,0.000184356
1271,2020-02-22 23:00:00,0.000000000,0.192082472,0.228192067,0.231687326,0.239588725,0.256591293,0.000000000
1272,2020-02-23 00:00:00,0.000000000,0.192082642,0.228191499,0.231686712,0.239587998,0.256590265,0.000000000
1273,2020-02-23 01:00:00,0.000000000,0.192082843,0.228190312,0.231685430,0.239586480,0.256588118,0.000000000
1274,2020-02-23 02:00:00,0.000000000,0.192082843,0.228190312,0.231685430,0.239586480,0.256588118,0.000000000
1275,2020-02-23 03:00:00,0.000000000,0.192082843,0.228190312,0.231685430,0.239586480,0.256588118,0.000000000
1276,2020-02-23 04:00:00,0.000000000,0.192082845,0.228190312,0.231685430,0.239586480,0.256588118,0.000000000
1277,2020-02-23 05:00:00,0.000000000,0.192082846,0.228190312,0.231685430,0.239586480,0.256588118,0.000000000
1278,2020-02-23 06:00:00,0.000000000,0.192082847,0.228190312,0.231685430,0.239586480,0.256588118,0.000000000
1279,2020-02-23 07:00:00,0.000000000,0.192082849,0.228190312,0.231685430,0.239586480,0.256588118,0.000000000
1280,2020-02-23 08:00:00,0.000000000,0.192082850,0.228190312,0.231685430,0.239586480,0.256588118,0.000000000
1281,2020-02-23 09:00:00,0.000000000,0.192082852,0.228190312,0.231685430,0.239586480,0.256588118,0.000000000
1282,2020-02-23 10:00:00,0.000000000,0.192082853,0.228190312,0.231685430,0.239586480,0.256588118,0.000000000
1283,2020-02-23 11:00:00,0.000000000,0.192082854,0.228190312,0.231685430,0.239586480,0.256588118,0.000000000
1284,2020-02-23 12:00:00,0.000000000,0.192082858,0.228190312,0.231685430,0.239586480,0.256588118,0.000000000
1285,2020-02-23 13:00:00,0.000000000,0.192082871,0.228190312,0.231685430,0.239586480,0.256588118,0.000000000
1286,2020-02-23 14:00:00,0.000000000,0.192083227,0.228190312,0.231685430,0.239586480,0.256588118,0.000000000
1287,2020-02-23 15:00:00,0.000000000,0.192084473,0.228180698,0.231675049,0.239574183,0.256570736,0.000000000
1288,2020-02-23 16:00:00,0.000000000,0.192088051,0.228159581,0.231652248,0.239547177,0.256532563,0.000000000
1289,2020-02-23 17:00:00,0.000000000,0.192096593,0.228109136,0.231597783,0.239482674,0.256441418,0.000000000
1290,2020-02-23 18:00:00,0.000000000,0.192112207,0.228016790,0.231498086,0.239364631,0.256274724,0.000000000
1291,2020-02-23 19:00:00,0.000000000,0.192130244,0.227909883,0.231382686,0.239228042,0.256082003,0.000000000
1292,2020-02-23 20:00:00,0.000000000,0.192147769,0.227805780,0.231270330,0.239095104,0.255894603,0.000000000
1293,2020-02-23 21:00:00,0.000000000,0.192159834,0.227733978,0.231192845,0.239003452,0.255765501,0.000000000
1294,2020-02-23 22:00:00,0.000000000,0.192162763,0.227716533,0.231174021,0.238981189,0.255734153,0.000000000
1295,2020-02-23 23:00:00,0.000000000,0.192164189,0.227708035,0.231164851,0.238970345,0.255718884,0.000000000
1296,2020-02-24 00:00:00,0.000000000,0.192164418,0.227706669,0.231163377,0.238968602,0.255716431,0.000000000
1297,2020-02-24 01:00:00,0.000000000,0.192164634,0.227706669,0.231163377,0.238968602,0.255716431,0.001493038
1298,2020-02-24 02:00:00,0.000000000,0.192164357,0.227707033,0.231163769,0.238969066,0.255717084,0.000000000
1299,2020-02-24 03:00:00,0.000000000,0.192166629,0.227693493,0.231149159,0.238951789,0.255692762,0.000000000
1300,2020-02-24 04:00:00,0.000000000,0.192168257,0.227683785,0.231138684,0.238939402,0.255675324,0.000000000
1301,2020-02-24 05:00:00,0.000000000,0.192169324,0.227677422,0.231131818,0.238931284,0.255663898,0.000000000
1302,2020-02-24 06:00:00,0.000000000,0.192169324,0.227677422,0.231131818,0.238931284,0.255663898,0.000000000
1303,2020-02-24 07:00:00,0.000000000,0.192169324,0.227677422,0.231131818,0.238931284,0.255663898,0.000000000
1304,2020-02-24 08:00:00,0.000000000,0.192169324,0.227677422,0.231131818,0.238931284,0.255663898,0.000000000
1305,2020-02-24 09:00:00,0.000000000,0.192169324,0.227677422,0.231131818,0.238931284,0.255663898,0.000000000
1306,2020-02-24 10:00:00,0.000000000,0.192169324,0.227677422,0.231131818,0.238931284,0.255663898,0.000000000
1307,2020-02-24 11:00:00,0.000000000,0.192169324,0.227677422,0.231131818,0.238931284,0.255663898,0.000000000
1308,2020-02-24 12:00:00,0.000000000,0.192169327,0.227677422,0.231131818,0.238931284,0.255663898,0.000000000
1309,2020-02-24 13:00:00,0.000000000,0.192169340,0.227677422,0.231131818,0.238931284,0.255663898,0.000000000
1310,2020-02-24 14:00:00,0.000000000,0.192169408,0.227676927,0.231131284,0.238930652,0.255663009,0.000000000
1311,2020-02-24 15:00:00,0.000000000,0.192176457,0.227634874,0.231085910,0.238877002,0.255587510,0.000000000
1312,2020-02-24 16:00:00,0.000000000,0.192188911,0.227560482,0.231005649,0.238782123,0.255454057,0.000000000
1313,2020-02-24 17:00:00,0.000000000,0.192207687,0.227448116,0.230884434,0.238638875,0.255252730,0.000000000
1314,2020-02-24 18:00:00,0.000000000,0.192231394,0.227305853,0.230730995,0.238457623,0.254998264,0.000000000
1315,2020-02-24 19:00:00,0.000000000,0.192255965,0.227157952,0.230571507,0.238269318,0.254734218,0.000000000
1316,2020-02-24 20:00:00,0.000000000,0.192276410,0.227034539,0.230438450,0.238112291,0.254514283,0.000000000
1317,2020-02-24 21:00:00,0.000000000,0.192291641,0.226942384,0.230339109,0.237995098,0.254350286,0.000000000
1318,2020-02-24 22:00:00,0.000000000,0.192300127,0.226890964,0.230283685,0.237929728,0.254258865,0.000000000
1319,2020-02-24 23:00:00,0.000000000,0.192305782,0.226856669,0.230246721,0.237886138,0.254197924,0.000000000
1320,2020-02-25 00:00:00,0.000000000,0.192309925,0.226831528,0.230219625,0.237854187,0.254153267,0.000000000
1321,2020-02-25 01:00:00,0.000000000,0.192312212,0.226817639,0.230204656,0.237836538,0.254128604,0.000000000
1322,2020-02-25 02:00:00,0.000000000,0.192314978,0.226800843,0.230186555,0.237815196,0.254098783,0.000000000
1323,2020-02-25 03:00:00,0.000000000,0.192317091,0.226788008,0.230172723,0.237798889,0.254076000,0.000000000
1324,2020-02-25 04:00:00,0.000000000,0.192318596,0.226778860,0.230162864,0.237787267,0.254059764,0.000000000
1325,2020-02-25 05:00:00,0.000000000,0.192319577,0.226772903,0.230156444,0.237779699,0.254049192,0.000000000
1326,2020-02-25 06:00:00,0.000000000,0.192320442,0.226767640,0.230150773,0.237773013,0.254039854,0.000000000
1327,2020-02-25 07:00:00,0.000000000,0.192321185,0.226763128,0.230145911,0.237767282,0.254031848,0.000000000
1328,2020-02-25 08:00:00,0.000000000,0.192321397,0.226761840,0.230144523,0.237765645,0.254029562,0.000000000
1329,2020-02-25 09:00:00,0.000000000,0.192321429,0.226761840,0.230144523,0.237765645,0.254029562,0.000000000
1330,2020-02-25 10:00:00,0.000000000,0.192321490,0.226761269,0.230143908,0.237764920,0.254028549,0.000000000
1331,2020-02-25 11:00:00,0.000000000,0.192321560,0.226760843,0.230143449,0.237764379,0.254027794,0.000000000
1332,2020-02-25 12:00:00,0.000000000,0.192322848,0.226753014,0.230135011,0.237754433,0.254013902,0.000000000
1333,2020-02-25 13:00:00,0.000000000,0.192325267,0.226738303,0.230119158,0.237735745,0.253987805,0.000000000
1334,2020-02-25 14:00:00,0.000000000,0.192328458,0.226718893,0.230098243,0.237711093,0.253953381,0.000000000
1335,2020-02-25 15:00:00,0.000000000,0.192333705,0.226686954,0.230063826,0.237670530,0.253896753,0.000000000
1336,2020-02-25 16:00:00,0.000000000,0.192340991,0.226642574,0.230016007,0.237614177,0.253818107,0.000000000
1337,2020-02-25 17:00:00,0.000000000,0.192350665,0.226583580,0.229952446,0.237539286,0.253713633,0.000000000
1338,2020-02-25 18:00:00,0.000000000,0.192361886,0.226515058,0.229878625,0.237452326,0.253592386,0.000000000
1339,2020-02-25 19:00:00,0.000000000,0.192372813,0.226448241,0.229806648,0.237367557,0.253474260,0.000000000
1340,2020-02-25 20:00:00,0.000000000,0.192384683,0.226375544,0.229728344,0.237275358,0.253345855,0.000000000
1341,2020-02-25 21:00:00,0.000000000,0.192393981,0.226318524,0.229666932,0.237203063,0.253245223,0.451879123
1342,2020-02-25 22:00:00,0.000000000,0.192369878,0.226466193,0.229825986,0.237390330,0.253505988,0.365610006
1343,2020-02-25 23:00:00,0.000000000,0.192349551,0.226590373,0.229959764,0.237547908,0.253725659,0.488017895
1344,2020-02-26 00:00:00,0.000000000,0.192320812,0.226765391,0.230148350,0.237770156,0.254035863,0.581351441
1345,2020-02-26 01:00:00,0.000000000,0.192285854,0.226977418,0.230376874,0.238039645,0.254412609,0.582554037
1346,2020-02-26 02:00:00,0.000000000,0.192250464,0.227191103,0.230607252,0.238311514,0.254793358,0.398287534
1347,2020-02-26 03:00:00,0.000000000,0.192226005,0.227338231,0.230765914,0.238498864,0.255056137,0.123487499
1348,2020-02-26 04:00:00,0.000000000,0.192218662,0.227382306,0.230813450,0.238555013,0.255134955,0.072109493
1349,2020-02-26 05:00:00,0.000000000,0.192214527,0.227407111,0.230840205,0.238586619,0.255179335,0.396819601
1350,2020-02-26 06:00:00,0.000000000,0.192190306,0.227552147,0.230996657,0.238771494,0.255439112,0.000000000
1351,2020-02-26 07:00:00,0.000000000,0.192190904,0.227548571,0.230992798,0.238766934,0.255432700,0.000000000
1352,2020-02-26 08:00:00,0.000000000,0.192191598,0.227544421,0.230988322,0.238761643,0.255425262,0.292631123
1353,2020-02-26 09:00:00,0.000000000,0.192173686,0.227651405,0.231103746,0.238898091,0.255617184,0.098469898
1354,2020-02-26 10:00:00,0.000000000,0.192168008,0.227685270,0.231140286,0.238941296,0.255677991,0.000000000
1355,2020-02-26 11:00:00,0.000000000,0.192168714,0.227681063,0.231135746,0.238935928,0.255670436,0.096134774
1356,2020-02-26 12:00:00,0.000000000,0.192163744,0.227710689,0.231167714,0.238973732,0.255723653,0.000000000
1357,2020-02-26 13:00:00,0.000000000,0.192165213,0.227701932,0.231158265,0.238962557,0.255707920,0.000000000
1358,2020-02-26 14:00:00,0.000000000,0.192167483,0.227688400,0.231143664,0.238945290,0.255683613,0.000000000
1359,2020-02-26 15:00:00,0.000000000,0.192171170,0.227666415,0.231119941,0.238917240,0.255644132,0.000000000
1360,2020-02-26 16:00:00,0.000000000,0.192176982,0.227631742,0.231082530,0.238873007,0.255581888,0.000000000
1361,2020-02-26 17:00:00,0.000000000,0.192183738,0.227591395,0.231038999,0.238821545,0.255509496,0.000000000
1362,2020-02-26 18:00:00,0.000000000,0.192191757,0.227543472,0.230987298,0.238760433,0.255423561,0.000000000
1363,2020-02-26 19:00:00,0.000000000,0.192200327,0.227492192,0.230931979,0.238695055,0.255331665,0.000000000
1364,2020-02-26 20:00:00,0.000000000,0.192209210,0.227438991,0.230874591,0.238627245,0.255236393,0.000000000
1365,2020-02-26 21:00:00,0.000000000,0.192217522,0.227389147,0.230820829,0.238563730,0.255147193,0.000000000
1366,2020-02-26 22:00:00,0.000000000,0.192221372,0.227366046,0.230795913,0.238534297,0.255105872,0.000000000
1367,2020-02-26 23:00:00,0.000000000,0.192225610,0.227340598,0.230768467,0.238501879,0.255060368,0.000000000
1368,2020-02-27 00:00:00,0.000000000,0.192228787,0.227321520,0.230747891,0.238477578,0.255026264,0.000000000
1369,2020-02-27 01:00:00,0.000000000,0.192230669,0.227310208,0.230735691,0.238463169,0.255006046,0.000000000
1370,2020-02-27 02:00:00,0.000000000,0.192232670,0.227298185,0.230722725,0.238447856,0.254984561,0.000000000
1371,2020-02-27 03:00:00,0.000000000,0.192234182,0.227289093,0.230712920,0.238436278,0.254968317,0.000000000
1372,2020-02-27 04:00:00,0.000000000,0.192235373,0.227281932,0.230705198,0.238427158,0.254955524,0.000000000
1373,2020-02-27 05:00:00,0.000000000,0.192235960,0.227278405,0.230701394,0.238422666,0.254949222,0.000000000
1374,2020-02-27 06:00:00,0.000000000,0.192236920,0.227272628,0.230695163,0.238415309,0.254938902,1.248606748
1375,2020-02-27 07:00:00,0.000000000,0.192161478,0.227724188,0.231182281,0.238990958,0.255747908,4.211754913
1376,2020-02-27 08:00:00,0.000000000,0.191926419,0.229104061,0.232672720,0.240757796,0.258250624,4.482518625
1377,2020-02-27 09:00:00,0.000000000,0.191673073,0.230547223,0.234234657,0.242618518,0.260919502,2.297380001
1378,2020-02-27 10:00:00,0.000000000,0.191534828,0.231316286,0.235068350,0.243615607,0.262364210,2.396444233
1379,2020-02-27 11:00:00,0.000000000,0.191393154,0.232091406,0.235909565,0.244624513,0.263836724,1.399293865
1380,2020-02-27 12:00:00,0.000000000,0.191312233,0.232528362,0.236384207,0.245195040,0.264674280,1.095581251
1381,2020-02-27 13:00:00,0.000000000,0.191252259,0.232849556,0.236733300,0.245615245,0.265293444,0.064860073
1382,2020-02-27 14:00:00,0.000000000,0.191261771,0.232798768,0.236678089,0.245548754,0.265195340,0.000000000
1383,2020-02-27 15:00:00,0.000000000,0.191281065,0.232695569,0.236565916,0.245413701,0.264996230,0.000000000
1384,2020-02-27 16:00:00,0.000000000,0.191303265,0.232576536,0.236436555,0.245258019,0.264766955,0.000000000
1385,2020-02-27 17:00:00,0.000000000,0.191325124,0.232459032,0.236308876,0.245104430,0.264541023,0.000000000
1386,2020-02-27 18:00:00,0.000000000,0.191347661,0.232337569,0.236176921,0.244945766,0.264307898,0.000000000
1387,2020-02-27 19:00:00,0.000000000,0.191369606,0.232218986,0.236048117,0.244790959,0.264080707,0.000000000
1388,2020-02-27 20:00:00,0.000000000,0.191392404,0.232095470,0.235913978,0.244629814,0.263844489,0.000000000
1389,2020-02-27 21:00:00,0.000000000,0.191412344,0.231987170,0.235796385,0.244488605,0.263637727,0.000000000
1390,2020-02-27 22:00:00,0.000000000,0.191429218,0.231895325,0.235696673,0.244368912,0.263462638,0.000000000
1391,2020-02-27 23:00:00,0.000000000,0.191445093,0.231808747,0.235602692,0.244256136,0.263297809,0.000000000
1392,2020-02-28 00:00:00,0.000000000,0.191461759,0.231717677,0.235503848,0.244137562,0.263124651,0.000000000
1393,2020-02-28 01:00:00,0.000000000,0.191477269,0.231632770,0.235411705,0.244027063,0.262963422,0.000000000
1394,2020-02-28 02:00:00,0.000000000,0.191490918,0.231557917,0.235330482,0.243929687,0.262821449,0.000000000
1395,2020-02-28 03:00:00,0.000000000,0.191503206,0.231490425,0.235257255,0.243841920,0.262693573,0.000000000
1396,2020-02-28 04:00:00,0.000000000,0.191514412,0.231428791,0.235190389,0.243761797,0.262576904,0.000000000
1397,2020-02-28 05:00:00,0.000000000,0.191525106,0.231369891,0.235126496,0.243685253,0.262465510,0.000000000
1398,2020-02-28 06:00:00,0.000000000,0.191528685,0.231350163,0.235105097,0.243659619,0.262428220,0.000000000
1399,2020-02-28 07:00:00,0.000000000,0.191532161,0.231330999,0.235084310,0.243634722,0.262392007,0.000000000
1400,2020-02-28 08:00:00,0.000000000,0.191535535,0.231312383,0.235064118,0.243610538,0.262356839,0.000000000
1401,2020-02-28 09:00:00,0.000000000,0.191538812,0.231294298,0.235044503,0.243587047,0.262322684,0.000000000
1402,2020-02-28 10:00:00,0.000000000,0.191541994,0.231276732,0.235025450,0.243564231,0.262289516,0.000000000
1403,2020-02-28 11:00:00,0.000000000,0.191545084,0.231259668,0.235006943,0.243542070,0.262257305,0.000000000
1404,2020-02-28 12:00:00,0.000000000,0.191548085,0.231243087,0.234988960,0.243520538,0.262226014,0.000000000
1405,2020-02-28 13:00:00,0.000000000,0.191551001,0.231226969,0.234971480,0.243499609,0.262195603,0.000000000
1406,2020-02-28 14:00:00,0.000000000,0.191553877,0.231211067,0.234954234,0.243478962,0.262165606,0.000000000
1407,2020-02-28 15:00:00,0.000000000,0.191556690,0.231195509,0.234937362,0.243458763,0.262136265,0.000000000
1408,2020-02-28 16:00:00,0.000000000,0.191559442,0.231180284,0.234920851,0.243438998,0.262107559,0.000000000
1409,2020-02-28 17:00:00,0.000000000,0.191562125,0.231165435,0.234904749,0.243419724,0.262079569,0.000000000
1410,2020-02-28 18:00:00,0.000000000,0.191577505,0.231080231,0.234812358,0.243309149,0.261919070,0.000000000
1411,2020-02-28 19:00:00,0.000000000,0.191593824,0.230989647,0.234714147,0.243191646,0.261748654,0.000000000
1412,2020-02-28 20:00:00,0.000000000,0.191609257,0.230903817,0.234621103,0.243080360,0.261587388,0.000000000
1413,2020-02-28 21:00:00,0.000000000,0.191621500,0.230835615,0.234547176,0.242991964,0.261459385,0.000000000
1414,2020-02-28 22:00:00,0.000000000,0.191631368,0.230780572,0.234487518,0.242920646,0.261356170,0.000000000
1415,2020-02-28 23:00:00,0.000000000,0.191637793,0.230744702,0.234448643,0.242874180,0.261288951,0.000000000
1416,2020-02-29 00:00:00,0.000000000,0.191638711,0.230739573,0.234443084,0.242867536,0.261279342,0.000000000
1417,2020-02-29 01:00:00,0.000000000,0.191643853,0.230710842,0.234411948,0.242830325,0.261225530,0.000000000
1418,2020-02-29 02:00:00,0.000000000,0.191644005,0.230709992,0.234411027,0.242829224,0.261223938,0.000000000
1419,2020-02-29 03:00:00,0.000000000,0.191644152,0.230709167,0.234410133,0.242828156,0.261222394,0.000000000
1420,2020-02-29 04:00:00,0.000000000,0.191644296,0.230708366,0.234409265,0.242827119,0.261220894,0.000000000
1421,2020-02-29 05:00:00,0.000000000,0.191644435,0.230707589,0.234408423,0.242826113,0.261219440,0.000000000
1422,2020-02-29 06:00:00,0.000000000,0.191644570,0.230706835,0.234407606,0.242825136,0.261218027,0.000000000
1423,2020-02-29 07:00:00,0.000000000,0.191644701,0.230706102,0.234406811,0.242824187,0.261216655,0.000000000
1424,2020-02-29 08:00:00,0.000000000,0.191644828,0.230705390,0.234406040,0.242823265,0.261215322,0.000000000
1425,2020-02-29 09:00:00,0.000000000,0.191644952,0.230704699,0.234405291,0.242822370,0.261214027,0.000000000
1426,2020-02-29 10:00:00,0.000000000,0.191645072,0.230704027,0.234404563,0.242821500,0.261212769,0.000000000
1427,2020-02-29 11:00:00,0.000000000,0.191645188,0.230703375,0.234403856,0.242820655,0.261211549,0.000000000
1428,2020-02-29 12:00:00,0.000000000,0.191645303,0.230702737,0.234403165,0.242819830,0.261210355,0.000000000
1429,2020-02-29 13:00:00,0.000000000,0.191645415,0.230702106,0.234402481,0.242819012,0.261209173,0.000000000
1430,2020-02-29 14:00:00,0.000000000,0.191645575,0.230701212,0.234401512,0.242817854,0.261207499,0.000000000
1431,2020-02-29 15:00:00,0.000000000,0.191645743,0.230700275,0.234400497,0.242816641,0.261205745,0.000000000
1432,2020-02-29 16:00:00,0.000000000,0.191645920,0.230699287,0.234399427,0.242815362,0.261203896,0.000000000
1433,2020-02-29 17:00:00,0.000000000,0.191646099,0.230698282,0.234398337,0.242814060,0.261202013,0.000000000
1434,2020-02-29 18:00:00,0.000000000,0.191646277,0.230697292,0.234397264,0.242812778,0.261200159,0.000000000
1435,2020-02-29 19:00:00,0.000000000,0.191652860,0.230660468,0.234357360,0.242765097,0.261131236,0.000000000
1436,2020-02-29 20:00:00,0.000000000,0.191660129,0.230619773,0.234313264,0.242712414,0.261055110,0.000000000
1437,2020-02-29 21:00:00,0.000000000,0.191666485,0.230584164,0.234274681,0.242666324,0.260988533,0.000000000
1438,2020-02-29 22:00:00,0.000000000,0.191666492,0.230584164,0.234274681,0.242666324,0.260988533,0.000000000
1439,2020-02-29 23:00:00,0.000000000,0.191666501,0.230584164,0.234274681,0.242666324,0.260988533,0.000000000
1440,2020-03-01 00:00:00,0.000000000,0.191666512,0.230584164,0.234274681,0.242666324,0.260988533,0.000000000
1441,2020-03-01 01:00:00,0.000000000,0.191666521,0.230584164,0.234274681,0.242666324,0.260988533,0.000000000
1442,2020-03-01 02:00:00,0.000000000,0.191666530,0.230584164,0.234274681,0.242666324,0.260988533,0.000000000
1443,2020-03-01 03:00:00,0.000000000,0.191666536,0.230584164,0.234274681,0.242666324,0.260988533,0.000000000
1444,2020-03-01 04:00:00,0.000000000,0.191666542,0.230584164,0.234274681,0.242666324,0.260988533,0.000000000
1445,2020-03-01 05:00:00,0.000000000,0.191666547,0.230584164,0.234274681,0.242666324,0.260988533,0.000000000
1446,2020-03-01 06:00:00,0.000000000,0.191666552,0.230584164,0.234274681,0.242666324,0.260988533,0.000000000
1447,2020-03-01 07:00:00,0.000000000,0.191666556,0.230584164,0.234274681,0.242666324,0.260988533,0.000000000
1448,2020-03-01 08:00:00,0.000000000,0.191666561,0.230584164,0.234274681,0.242666324,0.260988533,0.000000000
1449,2020-03-01 09:00:00,0.000000000,0.191666563,0.230584164,0.234274681,0.242666324,0.260988533,0.000000000
1450,2020-03-01 10:00:00,0.000000000,0.191666566,0.230584164,0.234274681,0.242666324,0.260988533,0.000000000
1451,2020-03-01 11:00:00,0.000000000,0.191666568,0.230584164,0.234274681,0.242666324,0.260988533,0.000000000
1452,2020-03-01 12:00:00,0.000000000,0.191666574,0.230584164,0.234274681,0.242666324,0.260988533,0.000000000
1453,2020-03-01 13:00:00,0.000000000,0.191666588,0.230584164,0.234274681,0.242666324,0.260988533,0.000000000
1454,2020-03-01 14:00:00,0.000000000,0.191666614,0.230584164,0.234274681,0.242666324,0.260988533,0.000000000
1455,2020-03-01 15:00:00,0.000000000,0.191666989,0.230584164,0.234274681,0.242666324,0.260988533,0.000000000
1456,2020-03-01 16:00:00,0.000000000,0.191666662,0.230583171,0.234273606,0.242665039,0.260986677,0.000000000
1457,2020-03-01 17:00:00,0.000000000,0.191666775,0.230582538,0.234272919,0.242664219,0.260985494,0.000000000
1458,2020-03-01 18:00:00,0.000000000,0.191666911,0.230581774,0.234272092,0.242663231,0.260984067,0.000000000
1459,2020-03-01 19:00:00,0.000000000,0.191667056,0.230580962,0.234271212,0.242662179,0.260982548,0.000000000
1460,2020-03-01 20:00:00,0.000000000,0.191667199,0.230580163,0.234270346,0.242661146,0.260981055,0.000000000
1461,2020-03-01 21:00:00,0.000000000,0.191668114,0.230575032,0.234264787,0.242654506,0.260971466,0.000000000
1462,2020-03-01 22:00:00,0.000000000,0.191668830,0.230571020,0.234260440,0.242649313,0.260963968,0.000000000
1463,2020-03-01 23:00:00,0.000000000,0.191668846,0.230571020,0.234260440,0.242649313,0.260963968,0.000000000
1464,2020-03-02 00:00:00,0.000000000,0.191668849,0.230571020,0.234260440,0.242649313,0.260963968,0.000000000
1465,2020-03-02 01:00:00,0.000000000,0.191668859,0.230571020,0.234260440,0.242649313,0.260963968,0.000000000
1466,2020-03-02 02:00:00,0.000000000,0.191668866,0.230571020,0.234260440,0.242649313,0.260963968,0.000000000
1467,2020-03-02 03:00:00,0.000000000,0.191668872,0.230571020,0.234260440,0.242649313,0.260963968,0.000000000
1468,2020-03-02 04:00:00,0.000000000,0.191668876,0.230571020,0.234260440,0.242649313,0.260963968,0.000000000
1469,2020-03-02 05:00:00,0.000000000,0.191668879,0.230571020,0.234260440,0.242649313,0.260963968,0.000000000
1470,2020-03-02 06:00:00,0.000000000,0.191668883,0.230571020,0.234260440,0.242649313,0.260963968,0.000000000
1471,2020-03-02 07:00:00,0.000000000,0.191668887,0.230571020,0.234260440,0.242649313,0.260963968,0.000000000
1472,2020-03-02 08:00:00,0.000000000,0.191668888,0.230571020,0.234260440,0.242649313,0.260963968,0.000000000
1473,2020-03-02 09:00:00,0.000000000,0.191668892,0.230571020,0.234260440,0.242649313,0.260963968,0.000000000
1474,2020-03-02 10:00:00,0.000000000,0.191668897,0.230571020,0.234260440,0.242649313,0.260963968,0.000000000
1475,2020-03-02 11:00:00,0.000000000,0.191668902,0.230571020,0.234260440,0.242649313,0.260963968,0.000000000
1476,2020-03-02 12:00:00,0.000000000,0.191668915,0.230571020,0.234260440,0.242649313,0.260963968,0.000000000
1477,2020-03-02 13:00:00,0.000000000,0.191668945,0.230571020,0.234260440,0.242649313,0.260963968,0.000000000
1478,2020-03-02 14:00:00,0.000000000,0.191668988,0.230570134,0.234259480,0.242648166,0.260962312,0.000000000
1479,2020-03-02 15:00:00,0.000000000,0.191669550,0.230566983,0.234256067,0.242644089,0.260956424,0.000000000
1480,2020-03-02 16:00:00,0.000000000,0.191670498,0.230561668,0.234250308,0.242637211,0.260946491,0.000000000
1481,2020-03-02 17:00:00,0.000000000,0.191672189,0.230552184,0.234240032,0.242624938,0.260928771,0.000000000
1482,2020-03-02 18:00:00,0.000000000,0.191675497,0.230533625,0.234219925,0.242600924,0.260894102,0.000000000
1483,2020-03-02 19:00:00,0.000000000,0.191682556,0.230494000,0.234176996,0.242549658,0.260820109,0.000000000
1484,2020-03-02 20:00:00,0.000000000,0.191693403,0.230433048,0.234110967,0.242470821,0.260706376,0.000000000
1485,2020-03-02 21:00:00,0.000000000,0.191702151,0.230383834,0.234057658,0.242407182,0.260614616,0.000000000
1486,2020-03-02 22:00:00,0.000000000,0.191707638,0.230352934,0.234024189,0.242367234,0.260557036,0.000000000
1487,2020-03-02 23:00:00,0.000000000,0.191709529,0.230342282,0.234012651,0.242353465,0.260537192,0.000000000
1488,2020-03-03 00:00:00,0.000000000,0.191711026,0.230333846,0.234003514,0.242342560,0.260521479,0.000000000
1489,2020-03-03 01:00:00,0.000000000,0.191712250,0.230326950,0.233996045,0.242333646,0.260508635,0.006790885
1490,2020-03-03 02:00:00,0.000000000,0.191711798,0.230329496,0.233998802,0.242336937,0.260513376,0.248810917
1491,2020-03-03 03:00:00,0.000000000,0.191695383,0.230421911,0.234098903,0.242456417,0.260685604,0.001114841
1492,2020-03-03 04:00:00,0.000000000,0.191695309,0.230422329,0.234099355,0.242456958,0.260686384,0.094455176
1493,2020-03-03 05:00:00,0.000000000,0.191689350,0.230455834,0.234135651,0.242500290,0.260748882,0.680749025
1494,2020-03-03 06:00:00,0.000000000,0.191645131,0.230703695,0.234404203,0.242821070,0.261212149,0.800383350
1495,2020-03-03 07:00:00,0.000000000,0.191594637,0.230985128,0.234709249,0.243185786,0.261740160,0.217899171
1496,2020-03-03 08:00:00,0.000000000,0.191582090,0.231054793,0.234784777,0.243276147,0.261871192,0.004529422
1497,2020-03-03 09:00:00,0.000000000,0.191583724,0.231045730,0.234774951,0.243264389,0.261854138,0.003044566
1498,2020-03-03 10:00:00,0.000000000,0.191585407,0.231036389,0.234764823,0.243252271,0.261836562,0.000887581
1499,2020-03-03 11:00:00,0.000000000,0.191587182,0.231026533,0.234754137,0.243239487,0.261818021,0.000000000
1500,2020-03-03 12:00:00,0.000000000,0.191590368,0.231008844,0.234734959,0.243216543,0.261784751,0.000000000
1501,2020-03-03 13:00:00,0.000000000,0.191595301,0.230981438,0.234705248,0.243181000,0.261733222,0.000000000
1502,2020-03-03 14:00:00,0.000000000,0.191603656,0.230934985,0.234654889,0.243120766,0.261645927,0.000000000
1503,2020-03-03 15:00:00,0.000000000,0.191616343,0.230864358,0.234578330,0.243029213,0.261513315,0.000000000
1504,2020-03-03 16:00:00,0.000000000,0.191636114,0.230754081,0.234458807,0.242886328,0.261306523,0.000000000
1505,2020-03-03 17:00:00,0.000000000,0.191659627,0.230622584,0.234316311,0.242716053,0.261060367,0.000000000
1506,2020-03-03 18:00:00,0.000000000,0.191682918,0.230491970,0.234174797,0.242547032,0.260816321,0.000000000
1507,2020-03-03 19:00:00,0.000000000,0.191704418,0.230371071,0.234043833,0.242390681,0.260590829,0.000000000
1508,2020-03-03 20:00:00,0.000000000,0.191722206,0.230270808,0.233935241,0.242261090,0.260404121,0.000000000
1509,2020-03-03 21:00:00,0.000000000,0.191734269,0.230202686,0.233861469,0.242173079,0.260277417,0.000000000
1510,2020-03-03 22:00:00,0.000000000,0.191741221,0.230163385,0.233818912,0.242122317,0.260204373,2.755266632
1511,2020-03-03 23:00:00,0.000000000,0.191579510,0.231069108,0.234800299,0.243294719,0.261898134,1.388316764
1512,2020-03-04 00:00:00,0.000000000,0.191497233,0.231523240,0.235292858,0.243884590,0.262755732,0.000000000
1513,2020-03-04 01:00:00,0.000000000,0.191503014,0.231491479,0.235258399,0.243843291,0.262695569,0.000000000
1514,2020-03-04 02:00:00,0.000000000,0.191507897,0.231464630,0.235229270,0.243808385,0.262644733,0.000000000
1515,2020-03-04 03:00:00,0.000000000,0.191512042,0.231441833,0.235204538,0.243778749,0.262601582,0.000000000
1516,2020-03-04 04:00:00,0.000000000,0.191516047,0.231419788,0.235180622,0.243750095,0.262559870,0.000240612
1517,2020-03-04 05:00:00,0.000000000,0.191519872,0.231398729,0.235157778,0.243722727,0.262520037,1.087533110
1518,2020-03-04 06:00:00,0.000000000,0.191455657,0.231751043,0.235540061,0.244180999,0.263188066,0.000000000
1519,2020-03-04 07:00:00,0.000000000,0.191463917,0.231705872,0.235491036,0.244122196,0.263102223,0.000000000
1520,2020-03-04 08:00:00,0.000000000,0.191474991,0.231645250,0.235425247,0.244043301,0.262987107,0.000000000
1521,2020-03-04 09:00:00,0.000000000,0.191485215,0.231589208,0.235364435,0.243970389,0.262880781,0.000000000
1522,2020-03-04 10:00:00,0.000000000,0.191493160,0.231545607,0.235317126,0.243913677,0.262798117,0.000000000
1523,2020-03-04 11:00:00,0.000000000,0.191499875,0.231508727,0.235277111,0.243865717,0.262728237,0.000000000
1524,2020-03-04 12:00:00,0.000000000,0.191509391,0.231456414,0.235220356,0.243797704,0.262629180,0.000000000
1525,2020-03-04 13:00:00,0.000000000,0.191520143,0.231397237,0.235156159,0.243720787,0.262517215,0.000000000
1526,2020-03-04 14:00:00,0.000000000,0.191533731,0.231322339,0.235074917,0.243623471,0.262375646,0.000000000
1527,2020-03-04 15:00:00,0.000000000,0.191550724,0.231228500,0.234973140,0.243501597,0.262198491,0.000000000
1528,2020-03-04 16:00:00,0.000000000,0.191570130,0.231121109,0.234856683,0.243362193,0.261996047,0.000000000
1529,2020-03-04 17:00:00,0.000000000,0.191590269,0.231009394,0.234735556,0.243217257,0.261785787,0.000000000
1530,2020-03-04 18:00:00,0.000000000,0.191614297,0.230875753,0.234590682,0.243043983,0.261534702,0.000000000
1531,2020-03-04 19:00:00,0.000000000,0.191638315,0.230741787,0.234445484,0.242870404,0.261283490,0.000000000
1532,2020-03-04 20:00:00,0.000000000,0.191660834,0.230615827,0.234308989,0.242707306,0.261047731,0.000000000
1533,2020-03-04 21:00:00,0.000000000,0.191680926,0.230503155,0.234186915,0.242561502,0.260837202,0.000000000
1534,2020-03-04 22:00:00,0.000000000,0.191695631,0.230420518,0.234097394,0.242454617,0.260683008,0.000000000
1535,2020-03-04 23:00:00,0.000000000,0.191703688,0.230375181,0.234048285,0.242395995,0.260598488,0.000000000
1536,2020-03-05 00:00:00,0.000000000,0.191710275,0.230338081,0.234008101,0.242348035,0.260529367,0.000000000
1537,2020-03-05 01:00:00,0.000000000,0.191715903,0.230306359,0.233973743,0.242307032,0.260470293,0.000000000
1538,2020-03-05 02:00:00,0.000000000,0.191718764,0.230290224,0.233956269,0.242286180,0.260440256,0.000000000
1539,2020-03-05 03:00:00,0.000000000,0.191725017,0.230254943,0.233918059,0.242240590,0.260374601,0.000000000
1540,2020-03-05 04:00:00,0.000000000,0.191729183,0.230231421,0.233892586,0.242210199,0.260330847,0.000000000
1541,2020-03-05 05:00:00,0.000000000,0.191733443,0.230207353,0.233866523,0.242179108,0.260286093,0.000000000
1542,2020-03-05 06:00:00,0.000000000,0.191735735,0.230194405,0.233852501,0.242162382,0.260262022,0.000000000
1543,2020-03-05 07:00:00,0.000000000,0.191738386,0.230179417,0.233836272,0.242143023,0.260234165,0.000000000
1544,2020-03-05 08:00:00,0.000000000,0.191742680,0.230155135,0.233809978,0.242111661,0.260189044,0.000000000
1545,2020-03-05 09:00:00,0.000000000,0.191747563,0.230127506,0.233780062,0.242075983,0.260137725,0.000000000
1546,2020-03-05 10:00:00,0.000000000,0.191753743,0.230092515,0.233742175,0.242030804,0.260072759,0.000000000
1547,2020-03-05 11:00:00,0.000000000,0.191758954,0.230062989,0.233710207,0.241992687,0.260017964,0.000000000
1548,2020-03-05 12:00:00,0.000000000,0.191763989,0.230034442,0.233679302,0.241955841,0.259965009,0.000000000
1549,2020-03-05 13:00:00,0.000000000,0.191772053,0.229988686,0.233629767,0.241896793,0.259880175,0.000000000
1550,2020-03-05 14:00:00,0.000000000,0.191783716,0.229922428,0.233558042,0.241811308,0.259757423,0.000000000
1551,2020-03-05 15:00:00,0.000000000,0.191799228,0.229834163,0.233462505,0.241697476,0.259594079,0.000000000
1552,2020-03-05 16:00:00,0.000000000,0.191817902,0.229727679,0.233347265,0.241560214,0.259397288,0.000000000
1553,2020-03-05 17:00:00,0.000000000,0.191839117,0.229606415,0.233216051,0.241403989,0.259173539,0.000000000
1554,2020-03-05 18:00:00,0.000000000,0.191861015,0.229480914,0.233080276,0.241242403,0.258942369,0.000000000
1555,2020-03-05 19:00:00,0.000000000,0.191882029,0.229360162,0.232949663,0.241087027,0.258720326,0.000000000
1556,2020-03-05 20:00:00,0.000000000,0.191899415,0.229260025,0.232841364,0.240958246,0.258536472,0.000000000
1557,2020-03-05 21:00:00,0.000000000,0.191911530,0.229190114,0.232765765,0.240868375,0.258408265,0.000000000
1558,2020-03-05 22:00:00,0.000000000,0.191913864,0.229176636,0.232751191,0.240851054,0.258383563,0.000000000
1559,2020-03-05 23:00:00,0.000000000,0.191914786,0.229171311,0.232745433,0.240844209,0.258373804,0.000000000
1560,2020-03-06 00:00:00,0.000000000,0.191918330,0.229150833,0.232723291,0.240817894,0.258336284,0.000000000
1561,2020-03-06 01:00:00,0.000000000,0.191922336,0.229127674,0.232698251,0.240788135,0.258293863,0.000000000
1562,2020-03-06 02:00:00,0.000000000,0.191926095,0.229105935,0.232674746,0.240760204,0.258254056,0.000000000
1563,2020-03-06 03:00:00,0.000000000,0.191928699,0.229090868,0.232658457,0.240740848,0.258226474,0.000000000
1564,2020-03-06 04:00:00,0.000000000,0.191931379,0.229075358,0.232641687,0.240720923,0.258198085,0.000000000
1565,2020-03-06 05:00:00,0.000000000,0.191933157,0.229065064,0.232630559,0.240707701,0.258179249,0.000000000
1566,2020-03-06 06:00:00,0.000000000,0.191934769,0.229055731,0.232620468,0.240695712,0.258162171,0.000000000
1567,2020-03-06 07:00:00,0.000000000,0.191936286,0.229046947,0.232610972,0.240684430,0.258146101,0.000000000
1568,2020-03-06 08:00:00,0.000000000,0.191937554,0.229039597,0.232603027,0.240674991,0.258132657,0.000000000
1569,2020-03-06 09:00:00,0.000000000,0.191937554,0.229039597,0.232603027,0.240674991,0.258132657,0.000000000
1570,2020-03-06 10:00:00,0.000000000,0.191937554,0.229039597,0.232603027,0.240674991,0.258132657,0.000000000
1571,2020-03-06 11:00:00,0.000000000,0.191937554,0.229039597,0.232603027,0.240674991,0.258132657,0.000000000
1572,2020-03-06 12:00:00,0.000000000,0.191937563,0.229039597,0.232603027,0.240674991,0.258132657,0.000000000
1573,2020-03-06 13:00:00,0.000000000,0.191937587,0.229039597,0.232603027,0.240674991,0.258132657,0.000000000
1574,2020-03-06 14:00:00,0.000000000,0.191942498,0.229010948,0.232572055,0.240638198,0.258080262,0.000000000
1575,2020-03-06 15:00:00,0.000000000,0.191951816,0.228956909,0.232513638,0.240568812,0.257981489,0.000000000
1576,2020-03-06 16:00:00,0.000000000,0.191964050,0.228885858,0.232436839,0.240477612,0.257851734,0.000000000
1577,2020-03-06 17:00:00,0.000000000,0.191979228,0.228797556,0.232341405,0.240364313,0.257690652,0.000000000
1578,2020-03-06 18:00:00,0.000000000,0.191997950,0.228688414,0.232223463,0.240224341,0.257491819,0.000000000
1579,2020-03-06 19:00:00,0.000000000,0.192017150,0.228576217,0.232102238,0.240080528,0.257287728,0.000000000
1580,2020-03-06 20:00:00,0.000000000,0.192033641,0.228479643,0.231997909,0.239956805,0.257112306,0.000000000
1581,2020-03-06 21:00:00,0.000000000,0.192046317,0.228405271,0.231917575,0.239861564,0.256977370,0.000000000
1582,2020-03-06 22:00:00,0.000000000,0.192056462,0.228345661,0.231853192,0.239785252,0.256869313,0.142209764
1583,2020-03-06 23:00:00,0.000000000,0.192055828,0.228349389,0.231857218,0.239790024,0.256876068,0.470066277
1584,2020-03-07 00:00:00,0.000000000,0.192030964,0.228495329,0.232014854,0.239976897,0.257140784,1.085354040
1585,2020-03-07 01:00:00,0.000000000,0.191965629,0.228876679,0.232426919,0.240465833,0.257834982,0.193900755
1586,2020-03-07 02:00:00,0.000000000,0.191955095,0.228937872,0.232493061,0.240544374,0.257946711,0.000000000
1587,2020-03-07 03:00:00,0.000000000,0.191957374,0.228924641,0.232478759,0.240527389,0.257922545,0.000000000
1588,2020-03-07 04:00:00,0.000000000,0.191961176,0.228902559,0.232454891,0.240499047,0.257882223,0.000000000
1589,2020-03-07 05:00:00,0.000000000,0.191965064,0.228879963,0.232430468,0.240470047,0.257840975,0.000000000
1590,2020-03-07 06:00:00,0.000000000,0.191970213,0.228850021,0.232398106,0.240431624,0.257786337,0.000000000
1591,2020-03-07 07:00:00,0.000000000,0.191975531,0.228819077,0.232364663,0.240391922,0.257729894,0.000000000
1592,2020-03-07 08:00:00,0.000000000,0.191982148,0.228780549,0.232323025,0.240342496,0.257659648,0.000000000
1593,2020-03-07 09:00:00,0.000000000,0.191988542,0.228743289,0.232282760,0.240294708,0.257591752,0.000000000
1594,2020-03-07 10:00:00,0.000000000,0.191994331,0.228709531,0.232246281,0.240251417,0.257530266,0.000000000
1595,2020-03-07 11:00:00,0.000000000,0.191999962,0.228676671,0.232210774,0.240209285,0.257470443,0.000000000
1596,2020-03-07 12:00:00,0.000000000,0.192007185,0.228634480,0.232165187,0.240155200,0.257393672,0.000000000
1597,2020-03-07 13:00:00,0.000000000,0.192016609,0.228579382,0.232105658,0.240084585,0.257293481,0.000000000
1598,2020-03-07 14:00:00,0.000000000,0.192028252,0.228511220,0.232032021,0.239997253,0.257169640,0.000000000
1599,2020-03-07 15:00:00,0.000000000,0.192043275,0.228423129,0.231936864,0.239884430,0.257009757,0.000000000
1600,2020-03-07 16:00:00,0.000000000,0.192060859,0.228319809,0.231825272,0.239752163,0.256822478,0.000000000
1601,2020-03-07 17:00:00,0.000000000,0.192080462,0.228204354,0.231700593,0.239604442,0.256613513,0.000000000
1602,2020-03-07 18:00:00,0.000000000,0.192101191,0.228081958,0.231568440,0.239447927,0.256392336,0.000000000
1603,2020-03-07 19:00:00,0.000000000,0.192121563,0.227961365,0.231438257,0.239293810,0.256174776,0.000000000
1604,2020-03-07 20:00:00,0.000000000,0.192139932,0.227852362,0.231320603,0.239154580,0.255978425,0.000000000
1605,2020-03-07 21:00:00,0.000000000,0.192156199,0.227755626,0.231216206,0.239031082,0.255804412,0.000000000
1606,2020-03-07 22:00:00,0.000000000,0.192167205,0.227690058,0.231145453,0.238947406,0.255686592,0.000000000
1607,2020-03-07 23:00:00,0.000000000,0.192176334,0.227635606,0.231086699,0.238877935,0.255588823,0.000000000
1608,2020-03-08 00:00:00,0.000000000,0.192183921,0.227590306,0.231037824,0.238820156,0.255507542,0.000000000
1609,2020-03-08 01:00:00,0.000000000,0.192184692,0.227585698,0.231032853,0.238814279,0.255499277,0.000000000
1610,2020-03-08 02:00:00,0.000000000,0.192188471,0.227563114,0.231008488,0.238785479,0.255458776,0.000000000
1611,2020-03-08 03:00:00,0.000000000,0.192192275,0.227540372,0.230983954,0.238756480,0.255418003,0.000000000
1612,2020-03-08 04:00:00,0.000000000,0.192192275,0.227540372,0.230983954,0.238756480,0.255418003,0.000000000
1613,2020-03-08 05:00:00,0.000000000,0.192192283,0.227540372,0.230983954,0.238756480,0.255418003,0.000000000
1614,2020-03-08 06:00:00,0.000000000,0.192192283,0.227540372,0.230983954,0.238756480,0.255418003,0.000000000
1615,2020-03-08 07:00:00,0.000000000,0.192192289,0.227540372,0.230983954,0.238756480,0.255418003,0.000000000
1616,2020-03-08 08:00:00,0.000000000,0.192192289,0.227540372,0.230983954,0.238756480,0.255418003,0.000000000
1617,2020-03-08 09:00:00,0.000000000,0.192192289,0.227540372,0.230983954,0.238756480,0.255418003,0.000000000
1618,2020-03-08 10:00:00,0.000000000,0.192192289,0.227540372,0.230983954,0.238756480,0.255418003,0.000000000
1619,2020-03-08 11:00:00,0.000000000,0.192192291,0.227540372,0.230983954,0.238756480,0.255418003,0.000000000
1620,2020-03-08 12:00:00,0.000000000,0.192192320,0.227540372,0.230983954,0.238756480,0.255418003,0.000000000
1621,2020-03-08 13:00:00,0.000000000,0.192192366,0.227539826,0.230983364,0.238755783,0.255417023,0.000000000
1622,2020-03-08 14:00:00,0.000000000,0.192192500,0.227539027,0.230982502,0.238754765,0.255415592,0.000000000
1623,2020-03-08 15:00:00,0.000000000,0.192202893,0.227476834,0.230915412,0.238675478,0.255304155,0.000000000
1624,2020-03-08 16:00:00,0.000000000,0.192219643,0.227376422,0.230807104,0.238547516,0.255124430,0.000000000
1625,2020-03-08 17:00:00,0.000000000,0.192238953,0.227260402,0.230681979,0.238399741,0.254917066,0.000000000
1626,2020-03-08 18:00:00,0.000000000,0.192260226,0.227132257,0.230543802,0.238236617,0.254688398,0.000000000
1627,2020-03-08 19:00:00,0.000000000,0.192281565,0.227003369,0.230404848,0.238072646,0.254458791,0.000000000
1628,2020-03-08 20:00:00,0.000000000,0.192298309,0.226901986,0.230295565,0.237943739,0.254278456,0.000000000
1629,2020-03-08 21:00:00,0.000000000,0.192313194,0.226811678,0.230198232,0.237828964,0.254118020,0.000000000
1630,2020-03-08 22:00:00,0.000000000,0.192316576,0.226791133,0.230176090,0.237802859,0.254081547,0.000000000
1631,2020-03-08 23:00:00,0.000000000,0.192318280,0.226780783,0.230164937,0.237789710,0.254063177,0.000000000
1632,2020-03-09 00:00:00,0.000000000,0.192318828,0.226777452,0.230161347,0.237785478,0.254057266,0.000000000
1633,2020-03-09 01:00:00,0.000000000,0.192319864,0.226771153,0.230154559,0.237777476,0.254046088,0.000000000
1634,2020-03-09 02:00:00,0.000000000,0.192320602,0.226766672,0.230149730,0.237771784,0.254038136,0.000000000
1635,2020-03-09 03:00:00,0.000000000,0.192320746,0.226765795,0.230148785,0.237770669,0.254036579,0.000000000
1636,2020-03-09 04:00:00,0.000000000,0.192321011,0.226764184,0.230147049,0.237768622,0.254033721,0.000767881
1637,2020-03-09 05:00:00,0.000000000,0.192320701,0.226764184,0.230147049,0.237768622,0.254033721,0.000000000
1638,2020-03-09 06:00:00,0.000000000,0.192321303,0.226762407,0.230145134,0.237766365,0.254030568,0.000000000
1639,2020-03-09 07:00:00,0.000000000,0.192321790,0.226759445,0.230141942,0.237762603,0.254025313,0.000000000
1640,2020-03-09 08:00:00,0.000000000,0.192322273,0.226756510,0.230138779,0.237758874,0.254020105,0.000000000
1641,2020-03-09 09:00:00,0.000000000,0.192322642,0.226754270,0.230136365,0.237756029,0.254016131,0.000000000
1642,2020-03-09 10:00:00,0.000000000,0.192323110,0.226751419,0.230133293,0.237752407,0.254011073,0.000000000
1643,2020-03-09 11:00:00,0.000000000,0.192323974,0.226746168,0.230127634,0.237745736,0.254001757,0.000000000
1644,2020-03-09 12:00:00,0.000000000,0.192326260,0.226732266,0.230112653,0.237728078,0.253977097,0.000000000
1645,2020-03-09 13:00:00,0.000000000,0.192331356,0.226701253,0.230079234,0.237688689,0.253922102,0.000000000
1646,2020-03-09 14:00:00,0.000000000,0.192339487,0.226651740,0.230025883,0.237625815,0.253834346,0.000000000
1647,2020-03-09 15:00:00,0.000000000,0.192353866,0.226564043,0.229931397,0.237514489,0.253679052,0.000000000
1648,2020-03-09 16:00:00,0.000000000,0.192376710,0.226424384,0.229780950,0.237337296,0.253432108,0.000000000
1649,2020-03-09 17:00:00,0.000000000,0.192403696,0.226258879,0.229602697,0.237127460,0.253140037,0.000000000
1650,2020-03-09 18:00:00,0.000000000,0.192434755,0.226067674,0.229396815,0.236885243,0.252803386,0.000000000
1651,2020-03-09 19:00:00,0.000000000,0.192463874,0.225887718,0.229203095,0.236657473,0.252487292,0.000000000
1652,2020-03-09 20:00:00,0.000000000,0.192481265,0.225779911,0.229087066,0.236521113,0.252298275,0.000000000
1653,2020-03-09 21:00:00,0.000000000,0.192500321,0.225661510,0.228959652,0.236371431,0.252090981,0.000000000
1654,2020-03-09 22:00:00,0.000000000,0.192513273,0.225580862,0.228872878,0.236269523,0.251949963,0.000000000
1655,2020-03-09 23:00:00,0.000000000,0.192520100,0.225538300,0.228827087,0.236215757,0.251875599,0.000000000
1656,2020-03-10 00:00:00,0.000000000,0.192527250,0.225493684,0.228779089,0.236159407,0.251797689,0.000000000
1657,2020-03-10 01:00:00,0.000000000,0.192528679,0.225484760,0.228769488,0.236148137,0.251782109,0.000000000
1658,2020-03-10 02:00:00,0.000000000,0.192530181,0.225475383,0.228759401,0.236136296,0.251765743,0.000000000
1659,2020-03-10 03:00:00,0.000000000,0.192531276,0.225468543,0.228752042,0.236127658,0.251753804,0.000000000
1660,2020-03-10 04:00:00,0.000000000,0.192531901,0.225464638,0.228747842,0.236122728,0.251746990,0.000000000
1661,2020-03-10 05:00:00,0.000000000,0.192532644,0.225459998,0.228742850,0.236116869,0.251738894,0.000000000
1662,2020-03-10 06:00:00,0.000000000,0.192533199,0.225456530,0.228739120,0.236112490,0.251732842,0.000000000
1663,2020-03-10 07:00:00,0.000000000,0.192534046,0.225451239,0.228733428,0.236105810,0.251723610,0.000000000
1664,2020-03-10 08:00:00,0.000000000,0.192534822,0.225446391,0.228728212,0.236099688,0.251715150,0.000000000
1665,2020-03-10 09:00:00,0.000000000,0.192535379,0.225442907,0.228724465,0.236095289,0.251709072,0.000000000
1666,2020-03-10 10:00:00,0.000000000,0.192535905,0.225439618,0.228720927,0.236091137,0.251703334,0.000000000
1667,2020-03-10 11:00:00,0.000000000,0.192536055,0.225438680,0.228719918,0.236089952,0.251701697,0.000000000
1668,2020-03-10 12:00:00,0.000000000,0.192538085,0.225425994,0.228706272,0.236073937,0.251679569,0.000000000
1669,2020-03-10 13:00:00,0.000000000,0.192543334,0.225393165,0.228670959,0.236032494,0.251622318,0.000000000
1670,2020-03-10 14:00:00,0.000000000,0.192552239,0.225337422,0.228611002,0.235962140,0.251525162,0.000000000
1671,2020-03-10 15:00:00,0.000000000,0.192567608,0.225241062,0.228507368,0.235840564,0.251357373,0.000000000
1672,2020-03-10 16:00:00,0.000000000,0.192587355,0.225116967,0.228373926,0.235684075,0.251141589,0.000000000
1673,2020-03-10 17:00:00,0.000000000,0.192611259,0.224966315,0.228211956,0.235494216,0.250880076,0.000000000
1674,2020-03-10 18:00:00,0.000000000,0.192630500,0.224844703,0.228081232,0.235341050,0.250669331,0.436336279
1675,2020-03-10 19:00:00,0.000000000,0.192620521,0.224907815,0.228149070,0.235420526,0.250778659,0.000000000
1676,2020-03-10 20:00:00,0.000000000,0.192637234,0.224802073,0.228035413,0.235287379,0.250595531,0.000000000
1677,2020-03-10 21:00:00,0.000000000,0.192649200,0.224726223,0.227953894,0.235191910,0.250464318,0.000000000
1678,2020-03-10 22:00:00,0.000000000,0.192656210,0.224681731,0.227906081,0.235135925,0.250387409,0.000000000
1679,2020-03-10 23:00:00,0.000000000,0.192661275,0.224649559,0.227871510,0.235095449,0.250331822,0.000000000
1680,2020-03-11 00:00:00,0.000000000,0.192666222,0.224618117,0.227837724,0.235055898,0.250277519,0.000000000
1681,2020-03-11 01:00:00,0.000000000,0.192670331,0.224591982,0.227809642,0.235023028,0.250232398,0.000000000
1682,2020-03-11 02:00:00,0.000000000,0.192675187,0.224561078,0.227776437,0.234984163,0.250179061,0.000000000
1683,2020-03-11 03:00:00,0.000000000,0.192678451,0.224540296,0.227754108,0.234958031,0.250143205,0.000000000
1684,2020-03-11 04:00:00,0.000000000,0.192679239,0.224535278,0.227748717,0.234951722,0.250134548,0.000000000
1685,2020-03-11 05:00:00,0.000000000,0.192683117,0.224510571,0.227722173,0.234920658,0.250091935,0.000000000
1686,2020-03-11 06:00:00,0.000000000,0.192687844,0.224480437,0.227689798,0.234882776,0.250039979,0.000000000
1687,2020-03-11 07:00:00,0.000000000,0.192692205,0.224452624,0.227659919,0.234847817,0.249992043,0.000000000
1688,2020-03-11 08:00:00,0.000000000,0.192696817,0.224423187,0.227628296,0.234810821,0.249941325,0.000000000
1689,2020-03-11 09:00:00,0.000000000,0.192699969,0.224403065,0.227606680,0.234785534,0.249906666,0.000000000
1690,2020-03-11 10:00:00,0.000000000,0.192702517,0.224386789,0.227589197,0.234765083,0.249878639,0.000000000
1691,2020-03-11 11:00:00,0.000000000,0.192705111,0.224370208,0.227571386,0.234744250,0.249850092,0.000000000
1692,2020-03-11 12:00:00,0.000000000,0.192708973,0.224345523,0.227544870,0.234713236,0.249807602,0.000000000
1693,2020-03-11 13:00:00,0.000000000,0.192716040,0.224300311,0.227496309,0.234656444,0.249729816,0.000000000
1694,2020-03-11 14:00:00,0.000000000,0.192727176,0.224228983,0.227419702,0.234566870,0.249607183,0.000000000
1695,2020-03-11 15:00:00,0.000000000,0.192742864,0.224128316,0.227311597,0.234440501,0.249434292,0.000000000
1696,2020-03-11 16:00:00,0.000000000,0.192762511,0.224001956,0.227175920,0.234281958,0.249217573,0.000000000
1697,2020-03-11 17:00:00,0.000000000,0.192782710,0.223871692,0.227036076,0.234118614,0.248994509,0.000000000
1698,2020-03-11 18:00:00,0.000000000,0.192803767,0.223735520,0.226889915,0.233947962,0.248761704,0.000000000
1699,2020-03-11 19:00:00,0.000000000,0.192823140,0.223609895,0.226755098,0.233790620,0.248547272,0.000000000
1700,2020-03-11 20:00:00,0.000000000,0.192839974,0.223500473,0.226637686,0.233653643,0.248360760,0.000000000
1701,2020-03-11 21:00:00,0.000000000,0.192852478,0.223419035,0.226550314,0.233551741,0.248222108,0.000000000
1702,2020-03-11 22:00:00,0.000000000,0.192860091,0.223369380,0.226497046,0.233489627,0.248137635,0.000000000
1703,2020-03-11 23:00:00,0.000000000,0.192861120,0.223362665,0.226489842,0.233481228,0.248126215,0.000000000
1704,2020-03-12 00:00:00,0.000000000,0.192865861,0.223331718,0.226456645,0.233442524,0.248073598,0.000000000
1705,2020-03-12 01:00:00,0.000000000,0.192866527,0.223327369,0.226451980,0.233437085,0.248066204,0.000000000
1706,2020-03-12 02:00:00,0.000000000,0.192869070,0.223310753,0.226434156,0.233416306,0.248037962,0.000000000
1707,2020-03-12 03:00:00,0.000000000,0.192871538,0.223294625,0.226416856,0.233396140,0.248010556,0.000000000
1708,2020-03-12 04:00:00,0.000000000,0.192873499,0.223281808,0.226403109,0.233380114,0.247988779,0.000000000
1709,2020-03-12 05:00:00,0.000000000,0.192875689,0.223267491,0.226387751,0.233362214,0.247964457,0.000000000
1710,2020-03-12 06:00:00,0.000000000,0.192877742,0.223254063,0.226373349,0.233345427,0.247941650,0.000000000
1711,2020-03-12 07:00:00,0.000000000,0.192879409,0.223243163,0.226361658,0.233331801,0.247923140,0.000000000
1712,2020-03-12 08:00:00,0.000000000,0.192880519,0.223235898,0.226353865,0.233322718,0.247910802,0.000000000
1713,2020-03-12 09:00:00,0.000000000,0.192881061,0.223232348,0.226350058,0.233318281,0.247904775,0.005685495
1714,2020-03-12 10:00:00,0.000000000,0.192880722,0.223234571,0.226352442,0.233321060,0.247908549,0.000000000
1715,2020-03-12 11:00:00,0.000000000,0.192881298,0.223230799,0.226348397,0.233316345,0.247902146,0.000000000
1716,2020-03-12 12:00:00,0.000000000,0.192884148,0.223212143,0.226328388,0.233293026,0.247870473,0.000000000
1717,2020-03-12 13:00:00,0.000000000,0.192889557,0.223176719,0.226290396,0.233248753,0.247810354,0.000000000
1718,2020-03-12 14:00:00,0.000000000,0.192898617,0.223117333,0.226226708,0.233174546,0.247709624,0.000000000
1719,2020-03-12 15:00:00,0.000000000,0.192909107,0.223048470,0.226152863,0.233088523,0.247592909,0.000000000
1720,2020-03-12 16:00:00,0.000000000,0.192920526,0.222973403,0.226072373,0.232994779,0.247465788,0.000000000
1721,2020-03-12 17:00:00,0.000000000,0.192933161,0.222890206,0.225983174,0.232890919,0.247325032,0.000000000
1722,2020-03-12 18:00:00,0.000000000,0.192946167,0.222804415,0.225891206,0.232783861,0.247180034,0.000000000
1723,2020-03-12 19:00:00,0.000000000,0.192958831,0.222720739,0.225801513,0.232679481,0.247038750,0.000000000
1724,2020-03-12 20:00:00,0.000000000,0.192970324,0.222644667,0.225719981,0.232584620,0.246910429,0.000000000
1725,2020-03-12 21:00:00,0.000000000,0.192979098,0.222586514,0.225657659,0.232512125,0.246812411,0.000000000
1726,2020-03-12 22:00:00,0.000000000,0.192984743,0.222549063,0.225617525,0.232465447,0.246749322,0.000000000
1727,2020-03-12 23:00:00,0.000000000,0.192989819,0.222515366,0.225581417,0.232423455,0.246692582,0.000000000
1728,2020-03-13 00:00:00,0.000000000,0.192994703,0.222482912,0.225546641,0.232383018,0.246637954,0.000000000
1729,2020-03-13 01:00:00,0.000000000,0.192998344,0.222458708,0.225520706,0.232352863,0.246597227,0.000000000
1730,2020-03-13 02:00:00,0.000000000,0.193002270,0.222432597,0.225492729,0.232320336,0.246553304,0.066087737
1731,2020-03-13 03:00:00,0.000000000,0.193003259,0.222426018,0.225485681,0.232312142,0.246542241,0.387164221
1732,2020-03-13 04:00:00,0.000000000,0.192983510,0.222557245,0.225626293,0.232475645,0.246763103,0.283815442
1733,2020-03-13 05:00:00,0.000000000,0.192969183,0.222652223,0.225728079,0.232594041,0.246923169,2.384111826
1734,2020-03-13 06:00:00,0.000000000,0.192839681,0.223502381,0.226639734,0.233656031,0.248364010,3.361601762
1735,2020-03-13 07:00:00,0.000000000,0.192658901,0.224664639,0.227887714,0.235114421,0.250357875,2.567138540
1736,2020-03-13 08:00:00,0.000000000,0.192515173,0.225569023,0.228860140,0.236254566,0.251929273,0.566319881
1737,2020-03-13 09:00:00,0.000000000,0.192481129,0.225780754,0.229087973,0.236522179,0.252299752,0.099587135
1738,2020-03-13 10:00:00,0.000000000,0.192474963,0.225819002,0.229129137,0.236570550,0.252366784,0.793100395
1739,2020-03-13 11:00:00,0.000000000,0.192426943,0.226115836,0.229448670,0.236946234,0.252888106,0.198082165
1740,2020-03-13 12:00:00,0.000000000,0.192414683,0.226191327,0.229529954,0.237041861,0.253021005,0.492350046
1741,2020-03-13 13:00:00,0.000000000,0.192384939,0.226373979,0.229726658,0.237273372,0.253343090,1.355386280
1742,2020-03-13 14:00:00,0.000000000,0.192304259,0.226865907,0.230256678,0.237897880,0.254214338,2.190378541
1743,2020-03-13 15:00:00,0.000000000,0.192176634,0.227633818,0.231084771,0.238875656,0.255585615,0.000000000
1744,2020-03-13 16:00:00,0.000000000,0.192178815,0.227620797,0.231070722,0.238859046,0.255562247,0.062833860
1745,2020-03-13 17:00:00,0.000000000,0.192177615,0.227627958,0.231078448,0.238868180,0.255575098,0.000000000
1746,2020-03-13 18:00:00,0.000000000,0.192184275,0.227588191,0.231035543,0.238817458,0.255503748,0.000000000
1747,2020-03-13 19:00:00,0.000000000,0.192191914,0.227542532,0.230986284,0.238759235,0.255421876,0.000000000
1748,2020-03-13 20:00:00,0.000000000,0.192199126,0.227499386,0.230939739,0.238704225,0.255344552,0.000000000
1749,2020-03-13 21:00:00,0.000000000,0.192204365,0.227468016,0.230905899,0.238664238,0.255288362,0.000000000
1750,2020-03-13 22:00:00,0.000000000,0.192211691,0.227424115,0.230858546,0.238608288,0.255209766,0.000000000
1751,2020-03-13 23:00:00,0.000000000,0.192219676,0.227376225,0.230806891,0.238547265,0.255124078,0.000000000
1752,2020-03-14 00:00:00,0.000000000,0.192227415,0.227329763,0.230756781,0.238488077,0.255040998,0.000000000
1753,2020-03-14 01:00:00,0.000000000,0.192232691,0.227298054,0.230722584,0.238447690,0.254984328,0.000000000
1754,2020-03-14 02:00:00,0.000000000,0.192240541,0.227250851,0.230671679,0.238387579,0.254900009,0.000000000
1755,2020-03-14 03:00:00,0.000000000,0.192247671,0.227207929,0.230625395,0.238332933,0.254823384,0.000000000
1756,2020-03-14 04:00:00,0.000000000,0.192254562,0.227166412,0.230580629,0.238280086,0.254749309,0.000000000
1757,2020-03-14 05:00:00,0.000000000,0.192260598,0.227130016,0.230541386,0.238233765,0.254684402,0.000000000
1758,2020-03-14 06:00:00,0.000000000,0.192264570,0.227106047,0.230515543,0.238203265,0.254641675,0.000000000
1759,2020-03-14 07:00:00,0.000000000,0.192267991,0.227085398,0.230493281,0.238176992,0.254604877,0.000000000
1760,2020-03-14 08:00:00,0.000000000,0.192271494,0.227064244,0.230470474,0.238150079,0.254567188,0.000000000
1761,2020-03-14 09:00:00,0.000000000,0.192274970,0.227043241,0.230447832,0.238123361,0.254529780,0.000000000
1762,2020-03-14 10:00:00,0.000000000,0.192277553,0.227027627,0.230430999,0.238103500,0.254501976,0.000000000
1763,2020-03-14 11:00:00,0.000000000,0.192280359,0.227010661,0.230412709,0.238081921,0.254471772,0.000000000
1764,2020-03-14 12:00:00,0.000000000,0.192285581,0.226979070,0.230378654,0.238041745,0.254415547,0.000000000
1765,2020-03-14 13:00:00,0.000000000,0.192294310,0.226926219,0.230321685,0.237974546,0.254321539,0.000000000
1766,2020-03-14 14:00:00,0.000000000,0.192306565,0.226851917,0.230241599,0.237880098,0.254189482,0.000000000
1767,2020-03-14 15:00:00,0.000000000,0.192321472,0.226761379,0.230144026,0.237765060,0.254028745,0.000000000
1768,2020-03-14 16:00:00,0.000000000,0.192338737,0.226656305,0.230030802,0.237631611,0.253842435,0.000000000
1769,2020-03-14 17:00:00,0.000000000,0.192357404,0.226542438,0.229908121,0.237487070,0.253640821,0.000000000
1770,2020-03-14 18:00:00,0.000000000,0.192376834,0.226423623,0.229780131,0.237336332,0.253430764,0.000000000
1771,2020-03-14 19:00:00,0.000000000,0.192395240,0.226310801,0.229658615,0.237193273,0.253231599,0.000000000
1772,2020-03-14 20:00:00,0.000000000,0.192410960,0.226214229,0.229554615,0.237070879,0.253061349,0.000000000
1773,2020-03-14 21:00:00,0.000000000,0.192423103,0.226139495,0.229474144,0.236976201,0.252929744,0.000000000
1774,2020-03-14 22:00:00,0.000000000,0.192431151,0.226089897,0.229420742,0.236913385,0.252842472,0.000000000
1775,2020-03-14 23:00:00,0.000000000,0.192439276,0.226039780,0.229366785,0.236849925,0.252754342,0.000000000
1776,2020-03-15 00:00:00,0.000000000,0.192445959,0.225998513,0.229322360,0.236797684,0.252681819,0.000000000
1777,2020-03-15 01:00:00,0.000000000,0.192453149,0.225954077,0.229274525,0.236741442,0.252603768,0.000000000
1778,2020-03-15 02:00:00,0.000000000,0.192458977,0.225918025,0.229235717,0.236695819,0.252540476,0.000000000
1779,2020-03-15 03:00:00,0.000000000,0.192464043,0.225886670,0.229201967,0.236656147,0.252485453,0.000000000
1780,2020-03-15 04:00:00,0.000000000,0.192468912,0.225856512,0.229169508,0.236617995,0.252432553,0.000000000
1781,2020-03-15 05:00:00,0.000000000,0.192473329,0.225829133,0.229140040,0.236583363,0.252384544,0.000000000
1782,2020-03-15 06:00:00,0.000000000,0.192477930,0.225800604,0.229109336,0.236547281,0.252334536,0.000000000
1783,2020-03-15 07:00:00,0.000000000,0.192480632,0.225783839,0.229091292,0.236526079,0.252305157,0.000000000
1784,2020-03-15 08:00:00,0.000000000,0.192482198,0.225774121,0.229080834,0.236513790,0.252288130,0.000000000
1785,2020-03-15 09:00:00,0.000000000,0.192484239,0.225761452,0.229067199,0.236497771,0.252265936,0.000000000
1786,2020-03-15 10:00:00,0.000000000,0.192485638,0.225752769,0.229057856,0.236486792,0.252250728,0.000000000
1787,2020-03-15 11:00:00,0.000000000,0.192486103,0.225749882,0.229054749,0.236483142,0.252245671,0.000000000
1788,2020-03-15 12:00:00,0.000000000,0.192488580,0.225734495,0.229038190,0.236463688,0.252218724,0.000000000
1789,2020-03-15 13:00:00,0.000000000,0.192494785,0.225695934,0.228996694,0.236414941,0.252151217,0.000000000
1790,2020-03-15 14:00:00,0.000000000,0.192504524,0.225635351,0.228931505,0.236338372,0.252045224,0.000000000
1791,2020-03-15 15:00:00,0.000000000,0.192517326,0.225555602,0.228845701,0.236237612,0.251905823,0.000000000
1792,2020-03-15 16:00:00,0.000000000,0.192532515,0.225460800,0.228743713,0.236117882,0.251740293,0.000000000
1793,2020-03-15 17:00:00,0.000000000,0.192549002,0.225357691,0.228632803,0.235987720,0.251560482,0.000000000
1794,2020-03-15 18:00:00,0.000000000,0.192570314,0.225224076,0.228489102,0.235819139,0.251327817,0.000000000
1795,2020-03-15 19:00:00,0.000000000,0.192590054,0.225099977,0.228355658,0.235662657,0.251112073,0.000000000
1796,2020-03-15 20:00:00,0.000000000,0.192605864,0.225000357,0.228248552,0.235537105,0.250939125,0.000000000
1797,2020-03-15 21:00:00,0.000000000,0.192617972,0.224923923,0.228166385,0.235440814,0.250806576,0.000000000
1798,2020-03-15 22:00:00,0.000000000,0.192625920,0.224873683,0.228112381,0.235377541,0.250719521,0.000000000
1799,2020-03-15 23:00:00,0.000000000,0.192636049,0.224809581,0.228043482,0.235296830,0.250608525,0.000000000
1800,2020-03-16 00:00:00,0.000000000,0.192644948,0.224753191,0.227982877,0.235225849,0.250510955,0.000000000
1801,2020-03-16 01:00:00,0.000000000,0.192651462,0.224711868,0.227938468,0.235173846,0.250439500,0.000000000
1802,2020-03-16 02:00:00,0.000000000,0.192656783,0.224678094,0.227902173,0.235131349,0.250381123,0.000000000
1803,2020-03-16 03:00:00,0.000000000,0.192662881,0.224639351,0.227860541,0.235082609,0.250314191,0.000000000
1804,2020-03-16 04:00:00,0.000000000,0.192667752,0.224608383,0.227827265,0.235043655,0.250260711,0.000000000
1805,2020-03-16 05:00:00,0.000000000,0.192671551,0.224584218,0.227801300,0.235013263,0.250218995,0.000000000
1806,2020-03-16 06:00:00,0.000000000,0.192671570,0.224584218,0.227801300,0.235013263,0.250218995,0.000000000
1807,2020-03-16 07:00:00,0.000000000,0.192671590,0.224584218,0.227801300,0.235013263,0.250218995,0.000000000
1808,2020-03-16 08:00:00,0.000000000,0.192671610,0.224584218,0.227801300,0.235013263,0.250218995,0.000000000
1809,2020-03-16 09:00:00,0.000000000,0.192671628,0.224584218,0.227801300,0.235013263,0.250218995,0.000000000
1810,2020-03-16 10:00:00,0.000000000,0.192671644,0.224584218,0.227801300,0.235013263,0.250218995,0.000000000
1811,2020-03-16 11:00:00,0.000000000,0.192671659,0.224584218,0.227801300,0.235013263,0.250218995,0.000000000
1812,2020-03-16 12:00:00,0.000000000,0.192671692,0.224584218,0.227801300,0.235013263,0.250218995,0.000000000
1813,2020-03-16 13:00:00,0.000000000,0.192671748,0.224584218,0.227801300,0.235013263,0.250218995,0.000000000
1814,2020-03-16 14:00:00,0.000000000,0.192671710,0.224583210,0.227800217,0.235011996,0.250217256,0.000000000
1815,2020-03-16 15:00:00,0.000000000,0.192671911,0.224581926,0.227798838,0.235010381,0.250215040,0.000000000
1816,2020-03-16 16:00:00,0.000000000,0.192672195,0.224580122,0.227796900,0.235008112,0.250211927,0.000000000
1817,2020-03-16 17:00:00,0.000000000,0.192683557,0.224507765,0.227719158,0.234917131,0.250087097,0.000000000
1818,2020-03-16 18:00:00,0.000000000,0.192697638,0.224417945,0.227622665,0.234804233,0.249932296,0.000000000
1819,2020-03-16 19:00:00,0.000000000,0.192712030,0.224325968,0.227523866,0.234688671,0.249773953,0.000000000
1820,2020-03-16 20:00:00,0.000000000,0.192723981,0.224249457,0.227441690,0.234592578,0.249642373,0.000000000
1821,2020-03-16 21:00:00,0.000000000,0.192733479,0.224188568,0.227376298,0.234516129,0.249537746,0.000000000
1822,2020-03-16 22:00:00,0.000000000,0.192739384,0.224150665,0.227335596,0.234468551,0.249472657,0.000000000
1823,2020-03-16 23:00:00,0.000000000,0.192743003,0.224127429,0.227310644,0.234439388,0.249432770,0.000000000
1824,2020-03-17 00:00:00,0.000000000,0.192746841,0.224102769,0.227284164,0.234408440,0.249390449,0.000000000
1825,2020-03-17 01:00:00,0.000000000,0.192749752,0.224084056,0.227264070,0.234384958,0.249358344,0.000000000
1826,2020-03-17 02:00:00,0.000000000,0.192751476,0.224072972,0.227252169,0.234371050,0.249339331,0.000000000
1827,2020-03-17 03:00:00,0.000000000,0.192753059,0.224062791,0.227241238,0.234358276,0.249321869,0.000000000
1828,2020-03-17 04:00:00,0.000000000,0.192754241,0.224055183,0.227233068,0.234348731,0.249308821,0.000000000
1829,2020-03-17 05:00:00,0.000000000,0.192754241,0.224055183,0.227233068,0.234348731,0.249308821,0.000000000
1830,2020-03-17 06:00:00,0.000000000,0.192754241,0.224055183,0.227233068,0.234348731,0.249308821,0.000000000
1831,2020-03-17 07:00:00,0.000000000,0.192754242,0.224055183,0.227233068,0.234348731,0.249308821,0.000000000
1832,2020-03-17 08:00:00,0.289473683,0.192754243,0.224055183,0.227233068,0.234348731,0.249308821,0.000000000
1833,2020-03-17 09:00:00,0.482158542,0.192754247,0.224055183,0.227233068,0.234348731,0.249308821,0.289473712
1834,2020-03-17 10:00:00,0.583407879,0.192736892,0.224166664,0.227352776,0.234488633,0.249500128,0.352662335
1835,2020-03-17 11:00:00,0.550458789,0.192715763,0.224302087,0.227498217,0.234658675,0.249732871,0.397957839
1836,2020-03-17 12:00:00,0.211219147,0.192691918,0.224454455,0.227661886,0.234850118,0.249995199,0.534303149
1837,2020-03-17 13:00:00,0.096112154,0.192659977,0.224657806,0.227880372,0.235105824,0.250346069,0.361292308
1838,2020-03-17 14:00:00,0.086378612,0.192638686,0.224792873,0.228025525,0.235275798,0.250579610,0.096112155
1839,2020-03-17 15:00:00,0.097821392,0.192633711,0.224824384,0.228059393,0.235315467,0.250634150,0.086378616
1840,2020-03-17 16:00:00,0.090346992,0.192629396,0.224851690,0.228088742,0.235349848,0.250681430,0.097821399
1841,2020-03-17 17:00:00,0.083153829,0.192624346,0.224883635,0.228123079,0.235390074,0.250736762,0.090346994
1842,2020-03-17 18:00:00,0.073301256,0.192622319,0.224896453,0.228136856,0.235406216,0.250758970,0.083153836
1843,2020-03-17 19:00:00,0.059002221,0.192620386,0.224908667,0.228149986,0.235421600,0.250780136,0.073301256
1844,2020-03-17 20:00:00,0.037665114,0.192619542,0.224913998,0.228155717,0.235428314,0.250789375,0.059002224
1845,2020-03-17 21:00:00,0.026488105,0.192617970,0.224923932,0.228166395,0.235440826,0.250806592,0.037665116
1846,2020-03-17 22:00:00,0.010750634,0.192616370,0.224934038,0.228177259,0.235453556,0.250824111,0.026488105
1847,2020-03-17 23:00:00,0.007665793,0.192614930,0.224943137,0.228187040,0.235465018,0.250839886,0.014493709
1848,2020-03-18 00:00:00,0.004391671,0.192614041,0.224948748,0.228193072,0.235472086,0.250849614,0.014232837
1849,2020-03-18 01:00:00,0.004247187,0.192613169,0.224954258,0.228198995,0.235479027,0.250859168,0.009583976
1850,2020-03-18 02:00:00,0.003411804,0.192612581,0.224957969,0.228202984,0.235483702,0.250865603,0.004256036
1851,2020-03-18 03:00:00,0.002587230,0.192612320,0.224959617,0.228204756,0.235485778,0.250868461,0.003411804
1852,2020-03-18 04:00:00,0.002703789,0.192612173,0.224960544,0.228205753,0.235486946,0.250870068,0.002587230
1853,2020-03-18 05:00:00,0.001991608,0.192613496,0.224952190,0.228196772,0.235476422,0.250855582,0.002703789
1854,2020-03-18 06:00:00,0.001092200,0.192613292,0.224952190,0.228196772,0.235476422,0.250855582,0.001991608
1855,2020-03-18 07:00:00,0.001194834,0.192613436,0.224952190,0.228196772,0.235476422,0.250855582,0.001092200
1856,2020-03-18 08:00:00,0.001211802,0.192613681,0.224951024,0.228195518,0.235474953,0.250853560,0.001194834
1857,2020-03-18 09:00:00,0.000612684,0.192614769,0.224944151,0.228188130,0.235466295,0.250841644,0.001211802
1858,2020-03-18 10:00:00,0.000310043,0.192615085,0.224944151,0.228188130,0.235466295,0.250841644,0.000612684
1859,2020-03-18 11:00:00,0.000493888,0.192616106,0.224935709,0.228179055,0.235455661,0.250827008,0.000310043
1860,2020-03-18 12:00:00,0.001681517,0.192618683,0.224919428,0.228161553,0.235435153,0.250798785,0.000493888
1861,2020-03-18 13:00:00,0.002804245,0.192622502,0.224895295,0.228135612,0.235404758,0.250756963,0.001681517
1862,2020-03-18 14:00:00,0.002781748,0.192630745,0.224843159,0.228079572,0.235339105,0.250666656,0.002804245
1863,2020-03-18 15:00:00,0.002022147,0.192644518,0.224755915,0.227985804,0.235229277,0.250515667,0.002781748
1864,2020-03-18 16:00:00,0.001121280,0.192661097,0.224650689,0.227872724,0.235096871,0.250333774,0.002022147
1865,2020-03-18 17:00:00,0.000586242,0.192676965,0.224549761,0.227764279,0.234969933,0.250159535,0.001121280
1866,2020-03-18 18:00:00,0.000294492,0.192693426,0.224444833,0.227651549,0.234838024,0.249978617,0.000586242
1867,2020-03-18 19:00:00,0.000136908,0.192709718,0.224340758,0.227539752,0.234707250,0.249799402,0.000294492
1868,2020-03-18 20:00:00,0.000057991,0.192723100,0.224255100,0.227447751,0.234599664,0.249652073,0.000136908
1869,2020-03-18 21:00:00,0.000027014,0.192731652,0.224200282,0.227388878,0.234530835,0.249557869,0.000057991
1870,2020-03-18 22:00:00,0.000009016,0.192742388,0.224131377,0.227314883,0.234444342,0.249439545,0.000027014
1871,2020-03-18 23:00:00,0.000006020,0.192749510,0.224085609,0.227265738,0.234386906,0.249361007,0.000009016
1872,2020-03-19 00:00:00,0.000004087,0.192755832,0.224044951,0.227222082,0.234335894,0.249291276,0.000006020
1873,2020-03-19 01:00:00,0.000002837,0.192761015,0.224011589,0.227186262,0.234294042,0.249234082,0.000004087
1874,2020-03-19 02:00:00,0.000002141,0.192764782,0.223987324,0.227160211,0.234263606,0.249192499,0.000002837
1875,2020-03-19 03:00:00,0.000001278,0.192768164,0.223965535,0.227136818,0.234236279,0.249155170,0.000002141
1876,2020-03-19 04:00:00,0.000000000,0.192769552,0.223956586,0.227127210,0.234225056,0.249139841,0.000001278
1877,2020-03-19 05:00:00,0.000000000,0.192770526,0.223950306,0.227120468,0.234217180,0.249129085,0.000000000
1878,2020-03-19 06:00:00,0.000000000,0.192771932,0.223941240,0.227110736,0.234205812,0.249113559,0.912233770
1879,2020-03-19 07:00:00,0.000000000,0.192719566,0.224277740,0.227472067,0.234628096,0.249690999,1.900000029
1880,2020-03-19 08:00:00,0.000000000,0.192611790,0.224962960,0.228208349,0.235489989,0.250874257,3.100000026
1881,2020-03-19 09:00:00,0.000000000,0.192440314,0.226033372,0.229359887,0.236841813,0.252743079,3.386447884
1882,2020-03-19 10:00:00,0.000000000,0.192251239,0.227186436,0.230602220,0.238305573,0.254785031,3.598082549
1883,2020-03-19 11:00:00,0.000000000,0.192047946,0.228395706,0.231907244,0.239849318,0.256960026,3.398082481
1884,2020-03-19 12:00:00,0.000000000,0.191851721,0.229534220,0.233137943,0.241311023,0.259040507,2.600000266
1885,2020-03-19 13:00:00,0.000000000,0.191695970,0.230418612,0.234095330,0.242452152,0.260679453,1.199999997
1886,2020-03-19 14:00:00,0.000000000,0.191621221,0.230837171,0.234548862,0.242993979,0.261462303,0.100000008
1887,2020-03-19 15:00:00,0.000000000,0.191617050,0.230860419,0.234574061,0.243024108,0.261505923,0.000000000
1888,2020-03-19 16:00:00,0.000000000,0.191619873,0.230844683,0.234557005,0.243003715,0.261476397,0.000000000
1889,2020-03-19 17:00:00,0.000000000,0.191622976,0.230827387,0.234538258,0.242981302,0.261443951,0.000000000
1890,2020-03-19 18:00:00,0.000000000,0.191629294,0.230792149,0.234500064,0.242935643,0.261377871,0.000000000
1891,2020-03-19 19:00:00,0.000000000,0.191636204,0.230753575,0.234458258,0.242885672,0.261305574,0.000000000
1892,2020-03-19 20:00:00,0.000000000,0.191642238,0.230719865,0.234421726,0.242842011,0.261242428,0.000000000
1893,2020-03-19 21:00:00,0.000000000,0.191646695,0.230694950,0.234394727,0.242809746,0.261195776,0.000000000
1894,2020-03-19 22:00:00,0.000000000,0.191649611,0.230678642,0.234377055,0.242788629,0.261165249,0.000000000
1895,2020-03-19 23:00:00,0.000000000,0.191652061,0.230664936,0.234362202,0.242770882,0.261139597,0.000000000
1896,2020-03-20 00:00:00,0.000000000,0.191654279,0.230652528,0.234348757,0.242754817,0.261116380,0.000000000
1897,2020-03-20 01:00:00,0.000000000,0.191656282,0.230641316,0.234336607,0.242740301,0.261095404,0.000000000
1898,2020-03-20 02:00:00,0.000000000,0.191657763,0.230633026,0.234327625,0.242729570,0.261079897,0.000000000
1899,2020-03-20 03:00:00,0.000000000,0.191658737,0.230627568,0.234321710,0.242722504,0.261069687,0.000000000
1900,2020-03-20 04:00:00,0.000000000,0.191659621,0.230622622,0.234316352,0.242716102,0.261060439,0.000000000
1901,2020-03-20 05:00:00,0.000000000,0.191660384,0.230618347,0.234311720,0.242710568,0.261052444,0.000000000
1902,2020-03-20 06:00:00,0.000000000,0.191661271,0.230613377,0.234306334,0.242704134,0.261043149,0.000000000
1903,2020-03-20 07:00:00,0.000000000,0.191662136,0.230608532,0.234301084,0.242697863,0.261034089,0.000000000
1904,2020-03-20 08:00:00,0.000000000,0.191663107,0.230603094,0.234295192,0.242690825,0.261023922,0.418886967
1905,2020-03-20 09:00:00,0.000000000,0.191636624,0.230751232,0.234455720,0.242882638,0.261301186,0.000000000
1906,2020-03-20 10:00:00,0.000000000,0.191637635,0.230745583,0.234449597,0.242875321,0.261290601,0.000000000
1907,2020-03-20 11:00:00,0.000000000,0.191638634,0.230740004,0.234443552,0.242868095,0.261280150,0.000000000
1908,2020-03-20 12:00:00,0.000000000,0.191640001,0.230732364,0.234435271,0.242858199,0.261265838,0.000000000
1909,2020-03-20 13:00:00,0.000000000,0.191641750,0.230722592,0.234424681,0.242845542,0.261247534,0.000000000
1910,2020-03-20 14:00:00,0.000000000,0.191643887,0.230710648,0.234411738,0.242830075,0.261225168,0.000000000
1911,2020-03-20 15:00:00,0.000000000,0.191647430,0.230690841,0.234390274,0.242804425,0.261188083,0.000000000
1912,2020-03-20 16:00:00,0.000000000,0.191652484,0.230662572,0.234359640,0.242767821,0.261135173,0.000000000
1913,2020-03-20 17:00:00,0.000000000,0.191658165,0.230630775,0.234325186,0.242726656,0.261075687,0.000000000
1914,2020-03-20 18:00:00,0.000000000,0.191667386,0.230579113,0.234269209,0.242659787,0.260979092,0.124403272
1915,2020-03-20 19:00:00,0.000000000,0.191665353,0.230590509,0.234281557,0.242674536,0.261000395,0.000000000
1916,2020-03-20 20:00:00,0.000000000,0.191672488,0.230550505,0.234238213,0.242622765,0.260925634,0.000000000
1917,2020-03-20 21:00:00,0.000000000,0.191675706,0.230532455,0.234218657,0.242599409,0.260891915,0.000000000
1918,2020-03-20 22:00:00,0.000000000,0.191676043,0.230532455,0.234218657,0.242599409,0.260891915,0.007646735
1919,2020-03-20 23:00:00,0.000000000,0.191675253,0.230534997,0.234221411,0.242602698,0.260896664,0.013352370
1920,2020-03-21 00:00:00,0.000000000,0.191674362,0.230539995,0.234226826,0.242609166,0.260906000,0.015440363
1921,2020-03-21 01:00:00,0.000000000,0.191673332,0.230545774,0.234233088,0.242616643,0.260916796,0.008347188
1922,2020-03-21 02:00:00,0.000000000,0.191672776,0.230548889,0.234236463,0.242620674,0.260922615,0.018820606
1923,2020-03-21 03:00:00,0.000000000,0.191671521,0.230555932,0.234244093,0.242629788,0.260935774,0.000000000
1924,2020-03-21 04:00:00,0.000000000,0.191676508,0.230527950,0.234213777,0.242593581,0.260883503,0.000000000
1925,2020-03-21 05:00:00,0.000000000,0.191683895,0.230486484,0.234168854,0.242539935,0.260806080,0.000000000
1926,2020-03-21 06:00:00,0.000000000,0.191692854,0.230436137,0.234114313,0.242474815,0.260712137,0.000000000
1927,2020-03-21 07:00:00,0.000000000,0.191702108,0.230384075,0.234057919,0.242407494,0.260615065,0.000000000
1928,2020-03-21 08:00:00,0.000000000,0.191710680,0.230335797,0.234005627,0.242345082,0.260525112,0.000000000
1929,2020-03-21 09:00:00,0.000000000,0.191718387,0.230292350,0.233958572,0.242288928,0.260444215,0.000000000
1930,2020-03-21 10:00:00,0.000000000,0.191724186,0.230259632,0.233923137,0.242246649,0.260383325,0.000000000
1931,2020-03-21 11:00:00,0.000000000,0.191728604,0.230234691,0.233896128,0.242214424,0.260336929,0.000000000
1932,2020-03-21 12:00:00,0.000000000,0.191735789,0.230194097,0.233852168,0.242161983,0.260261449,0.000000000
1933,2020-03-21 13:00:00,0.000000000,0.191745395,0.230139773,0.233793344,0.242091823,0.260160507,0.000000000
1934,2020-03-21 14:00:00,0.000000000,0.191758419,0.230066020,0.233713489,0.241996601,0.260023589,0.000000000
1935,2020-03-21 15:00:00,0.000000000,0.191774240,0.229976265,0.233616321,0.241880765,0.259857155,0.000000000
1936,2020-03-21 16:00:00,0.000000000,0.191791453,0.229878422,0.233510409,0.241754549,0.259675960,0.000000000
1937,2020-03-21 17:00:00,0.000000000,0.191809827,0.229773751,0.233397124,0.241619595,0.259482398,0.000000000
1938,2020-03-21 18:00:00,0.000000000,0.191830797,0.229654005,0.233267544,0.241465289,0.259261305,0.000000000
1939,2020-03-21 19:00:00,0.000000000,0.191851318,0.229536527,0.233140439,0.241313994,0.259044757,0.000000000
1940,2020-03-21 20:00:00,0.000000000,0.191868461,0.229438164,0.233034033,0.241187385,0.258863717,0.000000000
1941,2020-03-21 21:00:00,0.000000000,0.191882445,0.229357767,0.232947073,0.241083946,0.258715927,0.000000000
1942,2020-03-21 22:00:00,0.000000000,0.191892296,0.229301054,0.232885735,0.241011004,0.258611772,0.000000000
1943,2020-03-21 23:00:00,0.000000000,0.191894658,0.229287441,0.232871014,0.240993499,0.258586784,0.000000000
1944,2020-03-22 00:00:00,0.000000000,0.191899320,0.229260571,0.232841956,0.240958949,0.258537475,0.000000000
1945,2020-03-22 01:00:00,0.000000000,0.191906720,0.229217885,0.232795794,0.240904071,0.258459178,0.000000000
1946,2020-03-22 02:00:00,0.000000000,0.191911420,0.229190754,0.232766457,0.240869199,0.258409439,0.000000000
1947,2020-03-22 03:00:00,0.000000000,0.191915586,0.229166692,0.232740439,0.240838273,0.258365340,0.000000000
1948,2020-03-22 04:00:00,0.000000000,0.191918843,0.229147869,0.232720086,0.240814085,0.258330854,0.000000000
1949,2020-03-22 05:00:00,0.000000000,0.191922857,0.229124666,0.232694998,0.240784269,0.258288354,0.000000000
1950,2020-03-22 06:00:00,0.000000000,0.191923167,0.229122871,0.232693058,0.240781964,0.258285068,0.000000000
1951,2020-03-22 07:00:00,0.000000000,0.191923190,0.229122871,0.232693058,0.240781964,0.258285068,0.000000000
1952,2020-03-22 08:00:00,0.000000000,0.191923214,0.229122871,0.232693058,0.240781964,0.258285068,0.000000000
1953,2020-03-22 09:00:00,0.000000000,0.191923238,0.229122871,0.232693058,0.240781964,0.258285068,0.000000000
1954,2020-03-22 10:00:00,0.000000000,0.191923261,0.229122871,0.232693058,0.240781964,0.258285068,0.000000000
1955,2020-03-22 11:00:00,0.000000000,0.191923286,0.229122871,0.232693058,0.240781964,0.258285068,0.000000000
1956,2020-03-22 12:00:00,0.000000000,0.191923340,0.229122871,0.232693058,0.240781964,0.258285068,0.000000000
1957,2020-03-22 13:00:00,0.000000000,0.191923428,0.229122871,0.232693058,0.240781964,0.258285068,0.000000000
1958,2020-03-22 14:00:00,0.000000000,0.191923412,0.229121454,0.232691526,0.240780143,0.258282473,0.000000000
1959,2020-03-22 15:00:00,0.000000000,0.191923713,0.229119713,0.232689644,0.240777907,0.258279285,0.000000000
1960,2020-03-22 16:00:00,0.000000000,0.191924131,0.229117295,0.232687029,0.240774800,0.258274857,0.000000000
1961,2020-03-22 17:00:00,0.000000000,0.191938929,0.229031631,0.232594414,0.240664759,0.258118085,0.000000000
1962,2020-03-22 18:00:00,0.000000000,0.191953199,0.228948882,0.232504962,0.240558508,0.257966825,0.000000000
1963,2020-03-22 19:00:00,0.000000000,0.191968200,0.228861732,0.232410763,0.240446651,0.257807704,0.000000000
1964,2020-03-22 20:00:00,0.000000000,0.191978220,0.228803426,0.232347749,0.240371843,0.257701354,0.000000000
1965,2020-03-22 21:00:00,0.000000000,0.191985248,0.228762488,0.232303507,0.240319331,0.257626733,0.000000000
1966,2020-03-22 22:00:00,0.000000000,0.191987541,0.228749124,0.232289065,0.240302191,0.257602382,0.000000000
1967,2020-03-22 23:00:00,0.000000000,0.191993136,0.228716504,0.232253816,0.240260359,0.257542965,0.000000000
1968,2020-03-23 00:00:00,0.000000000,0.191998035,0.228687916,0.232222925,0.240223703,0.257490912,0.000000000
1969,2020-03-23 01:00:00,0.000000000,0.192002822,0.228659968,0.232192726,0.240187872,0.257440045,0.000000000
1970,2020-03-23 02:00:00,0.000000000,0.192006210,0.228640181,0.232171346,0.240162507,0.257404043,0.000000000
1971,2020-03-23 03:00:00,0.000000000,0.192009981,0.228618144,0.232147537,0.240134261,0.257363959,0.000000000
1972,2020-03-23 04:00:00,0.000000000,0.192009993,0.228618144,0.232147537,0.240134261,0.257363959,0.000000000
1973,2020-03-23 05:00:00,0.000000000,0.192009993,0.228618144,0.232147537,0.240134261,0.257363959,0.000000000
1974,2020-03-23 06:00:00,0.000000000,0.192010009,0.228618144,0.232147537,0.240134261,0.257363959,0.000000000
1975,2020-03-23 07:00:00,0.000000000,0.192010020,0.228618144,0.232147537,0.240134261,0.257363959,0.000000000
1976,2020-03-23 08:00:00,0.000000000,0.192010028,0.228618144,0.232147537,0.240134261,0.257363959,0.000000000
1977,2020-03-23 09:00:00,0.000000000,0.192010046,0.228618144,0.232147537,0.240134261,0.257363959,0.000000000
1978,2020-03-23 10:00:00,0.000000000,0.192010061,0.228618144,0.232147537,0.240134261,0.257363959,0.000000000
1979,2020-03-23 11:00:00,0.000000000,0.192010081,0.228618144,0.232147537,0.240134261,0.257363959,0.000000000
1980,2020-03-23 12:00:00,0.000000000,0.192010127,0.228618144,0.232147537,0.240134261,0.257363959,0.000000000
1981,2020-03-23 13:00:00,0.000000000,0.192010157,0.228617114,0.232146424,0.240132941,0.257362086,0.000000000
1982,2020-03-23 14:00:00,0.000000000,0.192010383,0.228615790,0.232144993,0.240131244,0.257359677,0.000000000
1983,2020-03-23 15:00:00,0.000000000,0.192010591,0.228614575,0.232143681,0.240129687,0.257357468,0.000000000
1984,2020-03-23 16:00:00,0.347368449,0.192015970,0.228583122,0.232109699,0.240089378,0.257300281,0.000000000
1985,2020-03-23 17:00:00,0.458265901,0.192020620,0.228555912,0.232080302,0.240054511,0.257250827,0.347368444
1986,2020-03-23 18:00:00,0.789634168,0.192001362,0.228668492,0.232201937,0.240198800,0.257455558,0.458265924
1987,2020-03-23 19:00:00,0.764724910,0.191974604,0.228824478,0.232370500,0.240398850,0.257739742,0.789634214
1988,2020-03-23 20:00:00,1.259756088,0.191925979,0.229106605,0.232675471,0.240761065,0.258255283,0.718281831
1989,2020-03-23 21:00:00,1.064639330,0.191880224,0.229370543,0.232960891,0.241100381,0.258739401,1.359371470
1990,2020-03-23 22:00:00,0.752377629,0.191795056,0.229857916,0.233488214,0.241728105,0.259638017,2.863125928
1991,2020-03-23 23:00:00,0.359213293,0.191623691,0.230823402,0.234533938,0.242976138,0.261436476,9.065911490
1992,2020-03-24 00:00:00,0.149431333,0.191176253,0.233253412,0.237172475,0.246144597,0.266076230,7.563054260
1993,2020-03-24 01:00:00,0.141301498,0.190788274,0.235261002,0.239359651,0.248792983,0.270040884,6.309493983
1994,2020-03-24 02:00:00,0.099426396,0.190457316,0.236905802,0.241156671,0.250984462,0.273385407,1.627149948
1995,2020-03-24 03:00:00,0.082387544,0.190384259,0.237260885,0.241545231,0.251460206,0.274119474,0.099426400
1996,2020-03-24 04:00:00,0.050625943,0.190415860,0.237107640,0.241377511,0.251254770,0.273802130,0.082387550
1997,2020-03-24 05:00:00,0.046875902,0.190447446,0.236953938,0.241209333,0.251048900,0.273484664,0.050625945
1998,2020-03-24 06:00:00,0.027804131,0.190480637,0.236791859,0.241032032,0.250832001,0.273150778,0.046875905
1999,2020-03-24 07:00:00,0.025152814,0.190512915,0.236633666,0.240859028,0.250620494,0.272825771,0.027804133
2000,2020-03-24 08:00:00,0.020751221,0.190545613,0.236472848,0.240683197,0.250405667,0.272496244,0.025152814
2001,2020-03-24 09:00:00,0.015113385,0.190577319,0.236316349,0.240512131,0.250196795,0.272176410,0.020751223
2002,2020-03-24 10:00:00,0.014864606,0.190608248,0.236163163,0.240344728,0.249992522,0.271864147,0.015113386
2003,2020-03-24 11:00:00,0.011643593,0.190638870,0.236010980,0.240178459,0.249789756,0.271554704,0.014864607
2004,2020-03-24 12:00:00,0.013588230,0.190669310,0.235859186,0.240012657,0.249587680,0.271246820,0.011643593
2005,2020-03-24 13:00:00,0.013351955,0.190699849,0.235706383,0.239845792,0.249384430,0.270937658,0.013588230
2006,2020-03-24 14:00:00,0.010361184,0.190731563,0.235547151,0.239671948,0.249172811,0.270616302,0.013351955
2007,2020-03-24 15:00:00,0.008419268,0.190766074,0.235373235,0.239482123,0.248941887,0.270266257,0.010361185
2008,2020-03-24 16:00:00,0.005316253,0.190802346,0.235189722,0.239281879,0.248698459,0.269897958,0.008419268
2009,2020-03-24 17:00:00,0.002642258,0.190838869,0.235004177,0.239079474,0.248452582,0.269526677,0.005316253
2010,2020-03-24 18:00:00,0.001502735,0.190875189,0.234818909,0.238877431,0.248207321,0.269157049,0.002642258
2011,2020-03-24 19:00:00,0.000742603,0.190910568,0.234637711,0.238679882,0.247967684,0.268796588,0.001502735
2012,2020-03-24 20:00:00,0.000343261,0.190943671,0.234467513,0.238494376,0.247742810,0.268458949,0.000742603
2013,2020-03-24 21:00:00,0.000175393,0.190972294,0.234319831,0.238333450,0.247547851,0.268166710,0.000343261
2014,2020-03-24 22:00:00,0.000082201,0.190998459,0.234184410,0.238185917,0.247369214,0.267899326,0.000175393
2015,2020-03-24 23:00:00,0.000054394,0.191023167,0.234056161,0.238046225,0.247200157,0.267646623,0.000082201
2016,2020-03-25 00:00:00,0.000031978,0.191046260,0.233935968,0.237915333,0.247041824,0.267410252,0.000054394
2017,2020-03-25 01:00:00,0.000021862,0.191067461,0.233825342,0.237794881,0.246896184,0.267193085,0.000031978
2018,2020-03-25 02:00:00,0.000014390,0.191087798,0.233718967,0.237679077,0.246756222,0.266984614,0.000021862
2019,2020-03-25 03:00:00,0.000010693,0.191106758,0.233619575,0.237570892,0.246625519,0.266790136,0.000014390
2020,2020-03-25 04:00:00,0.000009118,0.191125221,0.233522581,0.237465333,0.246498036,0.266600638,0.000010693
2021,2020-03-25 05:00:00,0.000007000,0.191142795,0.233430068,0.237364664,0.246376502,0.266420155,0.000009118
2022,2020-03-25 06:00:00,0.000045277,0.191159797,0.233340381,0.237267084,0.246258739,0.266245431,0.000007000
2023,2020-03-25 07:00:00,0.000114087,0.191175738,0.233256135,0.237175437,0.246148171,0.266081526,0.000045277
2024,2020-03-25 08:00:00,0.000140077,0.191190933,0.233175688,0.237087932,0.246042633,0.265925206,0.000114087
2025,2020-03-25 09:00:00,0.000157230,0.191205601,0.233097892,0.237003322,0.245940617,0.265774220,0.000140077
2026,2020-03-25 10:00:00,0.000166634,0.191219564,0.233023719,0.236922662,0.245843391,0.265630434,0.000157230
2027,2020-03-25 11:00:00,0.000190565,0.191233176,0.232951291,0.236843907,0.245748488,0.265490183,0.000166634
2028,2020-03-25 12:00:00,0.000254807,0.191247615,0.232874337,0.236760240,0.245647694,0.265341338,0.000190565
2029,2020-03-25 13:00:00,0.000239084,0.191263209,0.232791083,0.236669736,0.245538695,0.265180504,0.000254807
2030,2020-03-25 14:00:00,0.000212601,0.191280073,0.232700879,0.236571688,0.245420649,0.265006468,0.000239084
2031,2020-03-25 15:00:00,0.000116741,0.191295049,0.232620623,0.236484464,0.245315668,0.264851824,0.114364147
2032,2020-03-25 16:00:00,0.000098779,0.191301734,0.232584755,0.236445486,0.245268765,0.264782771,0.388482488
2033,2020-03-25 17:00:00,0.000058012,0.191290303,0.232646072,0.236512121,0.245348953,0.264900841,0.000098779
2034,2020-03-25 18:00:00,0.000047051,0.191306428,0.232559551,0.236418097,0.245235812,0.264734272,0.200058031
2035,2020-03-25 19:00:00,0.000032764,0.191308188,0.232550098,0.236407825,0.245223454,0.264716086,0.000047051
2036,2020-03-25 20:00:00,0.000019151,0.191323250,0.232469119,0.236319836,0.245117612,0.264560403,0.000032764
2037,2020-03-25 21:00:00,0.000013534,0.191337359,0.232393133,0.236237282,0.245018335,0.264414490,0.000019151
2038,2020-03-25 22:00:00,0.000006382,0.191350689,0.232321224,0.236159165,0.244924421,0.264276558,0.000013534
2039,2020-03-25 23:00:00,0.000004574,0.191363383,0.232252645,0.236084674,0.244834889,0.264145151,0.000006382
2040,2020-03-26 00:00:00,0.000003279,0.191375524,0.232186957,0.236013330,0.244749162,0.264019410,0.000004574
2041,2020-03-26 01:00:00,0.000002562,0.191386599,0.232126956,0.235948169,0.244670882,0.263904663,0.000003279
2042,2020-03-26 02:00:00,0.000001695,0.191397646,0.232067027,0.235883093,0.244592720,0.263790155,0.000002562
2043,2020-03-26 03:00:00,0.000000000,0.191407782,0.232011970,0.235823311,0.244520933,0.263685045,0.000001695
2044,2020-03-26 04:00:00,0.000000000,0.191416935,0.231962199,0.235769274,0.244456057,0.263590100,0.000000000
2045,2020-03-26 05:00:00,0.000000000,0.191425965,0.231913042,0.235715906,0.244391996,0.263496394,0.000000000
2046,2020-03-26 06:00:00,0.000084296,0.191433891,0.231869852,0.235669020,0.244335725,0.263414119,0.000000000
2047,2020-03-26 07:00:00,0.000273878,0.191440703,0.231832705,0.235628698,0.244287339,0.263343400,0.000084296
2048,2020-03-26 08:00:00,0.000344059,0.191447574,0.231795197,0.235587984,0.244238490,0.263272030,0.000273878
2049,2020-03-26 09:00:00,0.000608743,0.191453759,0.231761414,0.235551317,0.244194501,0.263207783,0.000344059
2050,2020-03-26 10:00:00,0.000681388,0.191460045,0.231727052,0.235514023,0.244149766,0.263142467,0.000608743
2051,2020-03-26 11:00:00,0.001178984,0.191466024,0.231694344,0.235478525,0.244107192,0.263080325,0.000681388
2052,2020-03-26 12:00:00,0.002160271,0.191473273,0.231654656,0.235435455,0.244055541,0.263004962,0.001178984
2053,2020-03-26 13:00:00,0.002182325,0.191483344,0.231599468,0.235375568,0.243983736,0.262900239,0.002160271
2054,2020-03-26 14:00:00,0.001660200,0.191496176,0.231529047,0.235299158,0.243892141,0.262766735,0.002182325
2055,2020-03-26 15:00:00,0.001164039,0.191513182,0.231435555,0.235197727,0.243770589,0.262589703,0.001660200
2056,2020-03-26 16:00:00,0.000813447,0.191531010,0.231337343,0.235091191,0.243642964,0.262403994,0.001164039
2057,2020-03-26 17:00:00,0.000370256,0.191553716,0.231211959,0.234955202,0.243480120,0.262167289,0.000813447
2058,2020-03-26 18:00:00,0.000180961,0.191573218,0.231103995,0.234838125,0.243339984,0.261963814,0.000370256
2059,2020-03-26 19:00:00,0.000074458,0.191591288,0.231003733,0.234729419,0.243209915,0.261775141,0.000180961
2060,2020-03-26 20:00:00,0.000034580,0.191600893,0.230950353,0.234671549,0.243140692,0.261674801,0.000074458
2061,2020-03-26 21:00:00,0.000013261,0.191608722,0.230906796,0.234624332,0.243084222,0.261592982,0.000034580
2062,2020-03-26 22:00:00,0.000005189,0.191612870,0.230883699,0.234599295,0.243054282,0.261549617,0.000013261
2063,2020-03-26 23:00:00,0.000003686,0.191615800,0.230867382,0.234581609,0.243033133,0.261518991,0.000005189
2064,2020-03-27 00:00:00,0.000002428,0.191618034,0.230854936,0.234568118,0.243017003,0.261495634,0.000003686
2065,2020-03-27 01:00:00,0.000001914,0.191619622,0.230846083,0.234558522,0.243005529,0.261479023,0.000002428
2066,2020-03-27 02:00:00,0.000001466,0.191623009,0.230827202,0.234538057,0.242981062,0.261443603,0.000001914
2067,2020-03-27 03:00:00,0.000000000,0.191625489,0.230813376,0.234523071,0.242963146,0.261417673,0.000001466
2068,2020-03-27 04:00:00,0.000000000,0.191628171,0.230798416,0.234506858,0.242943764,0.261389622,0.000420819
2069,2020-03-27 05:00:00,0.000000000,0.191628745,0.230795213,0.234503385,0.242939613,0.261383615,0.000000000
2070,2020-03-27 06:00:00,0.000000000,0.191629396,0.230791578,0.234499446,0.242934904,0.261376800,0.000000000
2071,2020-03-27 07:00:00,0.000000000,0.191630517,0.230785322,0.234492665,0.242926799,0.261365073,0.001800267
2072,2020-03-27 08:00:00,0.000000000,0.191630934,0.230782995,0.234490143,0.242923784,0.261360711,0.000000000
2073,2020-03-27 09:00:00,0.000000000,0.191631999,0.230777054,0.234483705,0.242916088,0.261349575,0.000000000
2074,2020-03-27 10:00:00,0.000000000,0.191633272,0.230769947,0.234476002,0.242906880,0.261336254,0.000000000
2075,2020-03-27 11:00:00,0.000000000,0.191633867,0.230766623,0.234472399,0.242902574,0.261330025,0.000000000
2076,2020-03-27 12:00:00,0.000000000,0.191635217,0.230759089,0.234464234,0.242892815,0.261315906,0.000000000
2077,2020-03-27 13:00:00,0.000000000,0.191637491,0.230746388,0.234450470,0.242876364,0.261292110,0.000000000
2078,2020-03-27 14:00:00,0.000000000,0.191646252,0.230697431,0.234397415,0.242812958,0.261200420,0.000000000
2079,2020-03-27 15:00:00,0.000000000,0.191667170,0.230580325,0.234270521,0.242661355,0.260981357,0.000000000
2080,2020-03-27 16:00:00,0.000000000,0.191691640,0.230442960,0.234121704,0.242483639,0.260724864,0.000000000
2081,2020-03-27 17:00:00,0.000000000,0.191721606,0.230274193,0.233938907,0.242265464,0.260410420,0.000000000
2082,2020-03-27 18:00:00,0.000000000,0.191748715,0.230120984,0.233773000,0.242067562,0.260125614,0.000000000
2083,2020-03-27 19:00:00,0.000000000,0.191774978,0.229972076,0.233611785,0.241875359,0.259849391,0.000000000
2084,2020-03-27 20:00:00,0.000000000,0.191795815,0.229853595,0.233483537,0.241722533,0.259630023,0.000000000
2085,2020-03-27 21:00:00,0.000000000,0.191811957,0.229761604,0.233383978,0.241603938,0.259459953,0.000000000
2086,2020-03-27 22:00:00,0.000000000,0.191816747,0.229734269,0.233354397,0.241568707,0.259409459,0.000000000
2087,2020-03-27 23:00:00,0.000000000,0.191820883,0.229710660,0.233328849,0.241538284,0.259365864,0.000000000
2088,2020-03-28 00:00:00,0.000000000,0.191822351,0.229702276,0.233319776,0.241527479,0.259350384,0.000000000
2089,2020-03-28 01:00:00,0.000000000,0.191822784,0.229699800,0.233317096,0.241524289,0.259345814,0.000000000
2090,2020-03-28 02:00:00,0.000000000,0.191822953,0.229698834,0.233316052,0.241523045,0.259344031,0.000000000
2091,2020-03-28 03:00:00,0.000000000,0.191826327,0.229679560,0.233295196,0.241498212,0.259308457,0.000000000
2092,2020-03-28 04:00:00,0.000000000,0.191826618,0.229677894,0.233293393,0.241496065,0.259305383,0.000000000
2093,2020-03-28 05:00:00,0.000000000,0.191829847,0.229659439,0.233273423,0.241472289,0.259271329,0.000000000
2094,2020-03-28 06:00:00,0.000000000,0.191831750,0.229648556,0.233261648,0.241458270,0.259251253,0.000000000
2095,2020-03-28 07:00:00,0.000000000,0.191832320,0.229645302,0.233258126,0.241454077,0.259245249,0.000000000
2096,2020-03-28 08:00:00,0.000000000,0.191834552,0.229632534,0.233244311,0.241437630,0.259221700,0.000000000
2097,2020-03-28 09:00:00,0.000000000,0.191836724,0.229620107,0.233230866,0.241421624,0.259198784,0.000000000
2098,2020-03-28 10:00:00,0.000000000,0.191836941,0.229618867,0.233229524,0.241420027,0.259196497,0.000000000
2099,2020-03-28 11:00:00,0.000000000,0.191837280,0.229616926,0.233227424,0.241417527,0.259192919,0.000000000
2100,2020-03-28 12:00:00,0.000000000,0.191839352,0.229605071,0.233214597,0.241402258,0.259171061,0.000000000
2101,2020-03-28 13:00:00,0.000000000,0.191842685,0.229585990,0.233193953,0.241377684,0.259135889,0.000000000
2102,2020-03-28 14:00:00,0.000000000,0.191847289,0.229559618,0.233165421,0.241343725,0.259087293,0.000000000
2103,2020-03-28 15:00:00,0.000000000,0.191857418,0.229501551,0.233102601,0.241268967,0.258980354,0.000000000
2104,2020-03-28 16:00:00,0.000000000,0.191872736,0.229413601,0.233007463,0.241155778,0.258818546,0.000000000
2105,2020-03-28 17:00:00,0.000000000,0.191889567,0.229316770,0.232902732,0.241031215,0.258640627,0.000000000
2106,2020-03-28 18:00:00,0.000000000,0.191905188,0.229226726,0.232805355,0.240915436,0.258475391,0.000000000
2107,2020-03-28 19:00:00,0.000000000,0.191920451,0.229138575,0.232710037,0.240802142,0.258313829,0.000000000
2108,2020-03-28 20:00:00,0.000000000,0.191933250,0.229064529,0.232629980,0.240707013,0.258178269,0.000000000
2109,2020-03-28 21:00:00,0.000000000,0.191938722,0.229032835,0.232595716,0.240666306,0.258120289,0.396326479
2110,2020-03-28 22:00:00,0.000000000,0.191916060,0.229163952,0.232737476,0.240834752,0.258360319,0.482666502
2111,2020-03-28 23:00:00,0.000000000,0.191887456,0.229328928,0.232915881,0.241046852,0.258662952,1.184063535
2112,2020-03-29 00:00:00,0.000000000,0.191814023,0.229749817,0.233371223,0.241588746,0.259438178,0.792553300
2113,2020-03-29 01:00:00,0.000000000,0.191763904,0.230034924,0.233679824,0.241956463,0.259965903,2.081229218
2114,2020-03-29 02:00:00,0.000000000,0.191636125,0.230754015,0.234458736,0.242886243,0.261306401,1.395547179
2115,2020-03-29 03:00:00,0.000000000,0.191550470,0.231229904,0.234974662,0.243503419,0.262201139,1.592634453
2116,2020-03-29 04:00:00,0.000000000,0.191455008,0.231754586,0.235543906,0.244185611,0.263194801,1.195170273
2117,2020-03-29 05:00:00,0.000000000,0.191385382,0.232133554,0.235955334,0.244679489,0.263917276,0.409208386
2118,2020-03-29 06:00:00,0.000000000,0.191366548,0.232235528,0.236066083,0.244812548,0.264112374,0.697050302
2119,2020-03-29 07:00:00,0.000000000,0.191329589,0.232434992,0.236282758,0.245073020,0.264494850,0.099347052
2120,2020-03-29 08:00:00,0.000000000,0.191332388,0.232419920,0.236266383,0.245053328,0.264465909,0.000000000
2121,2020-03-29 09:00:00,0.000000000,0.191341787,0.232369256,0.236211342,0.244987147,0.264368674,2.284163770
2122,2020-03-29 10:00:00,0.000000000,0.191210101,0.233074000,0.236977339,0.245909295,0.265727887,2.696690308
2123,2020-03-29 11:00:00,0.000000000,0.191057668,0.233876474,0.237850552,0.246963489,0.267293415,0.000000000
2124,2020-03-29 12:00:00,0.000000000,0.191075943,0.233781008,0.237746615,0.246837842,0.267106158,0.000000000
2125,2020-03-29 13:00:00,0.000000000,0.191093699,0.233688056,0.237645430,0.246715566,0.266924098,0.000000000
2126,2020-03-29 14:00:00,0.000000000,0.191111503,0.233594670,0.237543786,0.246592779,0.266741451,0.000000000
2127,2020-03-29 15:00:00,0.000000000,0.191129865,0.233498151,0.237438748,0.246465937,0.266552953,0.057894745
2128,2020-03-29 16:00:00,0.000000000,0.191144295,0.233422159,0.237356059,0.246366116,0.266404738,1.647790282
2129,2020-03-29 17:00:00,0.000000000,0.191056431,0.233882926,0.237857578,0.246971984,0.267306081,0.000000000
2130,2020-03-29 18:00:00,0.000000000,0.191077055,0.233775193,0.237740285,0.246830191,0.267094761,0.000000000
2131,2020-03-29 19:00:00,0.000000000,0.191096703,0.233672315,0.237628296,0.246694865,0.266893294,0.000000000
2132,2020-03-29 20:00:00,0.000000000,0.191115488,0.233573739,0.237521006,0.246565267,0.266700550,0.186196083
2133,2020-03-29 21:00:00,0.000000000,0.191120287,0.233548520,0.237493561,0.246532122,0.266651288,0.000000000
2134,2020-03-29 22:00:00,0.000000000,0.191136676,0.233462299,0.237399735,0.246418837,0.266483005,0.000000000
2135,2020-03-29 23:00:00,0.000000000,0.191152680,0.233377943,0.237307951,0.246308054,0.266318580,0.000000000
2136,2020-03-30 00:00:00,0.000000000,0.191168330,0.233295307,0.237218049,0.246199576,0.266157711,2.303990368
2137,2020-03-30 01:00:00,0.000000000,0.191039570,0.233970822,0.237953288,0.247087728,0.267478751,0.000000000
2138,2020-03-30 02:00:00,0.000000000,0.191058472,0.233872276,0.237845982,0.246957963,0.267285175,0.000000000
2139,2020-03-30 03:00:00,0.000000000,0.191077042,0.233775258,0.237740356,0.246830277,0.267094890,0.000000000
2140,2020-03-30 04:00:00,0.000000000,0.191095173,0.233680331,0.237637022,0.246705407,0.266908981,0.000000000
2141,2020-03-30 05:00:00,0.000000000,0.191112514,0.233589362,0.237538009,0.246585801,0.266731077,0.000000000
2142,2020-03-30 06:00:00,0.000000000,0.191128846,0.233503513,0.237444582,0.246472981,0.266563417,0.000000000
2143,2020-03-30 07:00:00,0.000000000,0.191144887,0.233419041,0.237352666,0.246362021,0.266398661,0.000000000
2144,2020-03-30 08:00:00,0.000000000,0.191160252,0.233337980,0.237264473,0.246255588,0.266240758,0.000000000
2145,2020-03-30 09:00:00,0.000000000,0.191175000,0.233260036,0.237179681,0.246153290,0.266089111,0.000000000
2146,2020-03-30 10:00:00,0.000000000,0.191189377,0.233183929,0.237096897,0.246053444,0.265941212,0.000000000
2147,2020-03-30 11:00:00,0.000000000,0.191203510,0.233108994,0.237015396,0.245955173,0.265795756,0.000000000
2148,2020-03-30 12:00:00,0.000000000,0.191218511,0.233029314,0.236928746,0.245850724,0.265641274,0.000000000
2149,2020-03-30 13:00:00,0.000000000,0.191234216,0.232945750,0.236837882,0.245741229,0.265479460,0.000000000
2150,2020-03-30 14:00:00,0.000000000,0.191252122,0.232850292,0.236734100,0.245616208,0.265294865,0.000000000
2151,2020-03-30 15:00:00,0.000000000,0.191272852,0.232739527,0.236613695,0.245471219,0.265081004,0.000000000
2152,2020-03-30 16:00:00,0.000000000,0.191295006,0.232620854,0.236484715,0.245315971,0.264852270,0.000000000
2153,2020-03-30 17:00:00,0.000000000,0.191317263,0.232501322,0.236354825,0.245159696,0.264622291,0.000000000
2154,2020-03-30 18:00:00,0.000000000,0.191336379,0.232398412,0.236243017,0.245025231,0.264424622,0.000000000
2155,2020-03-30 19:00:00,0.000000000,0.191353805,0.232304398,0.236140888,0.244902452,0.264244306,0.000000000
2156,2020-03-30 20:00:00,0.000000000,0.191368912,0.232222744,0.236052198,0.244795863,0.264087900,0.000000000
2157,2020-03-30 21:00:00,0.000000000,0.191381003,0.232157283,0.235981104,0.244710445,0.263962648,0.000000000
2158,2020-03-30 22:00:00,0.000000000,0.191391742,0.232099062,0.235917879,0.244634499,0.263851353,0.000000000
2159,2020-03-30 23:00:00,0.000000000,0.191401759,0.232044692,0.235858840,0.244563596,0.263747504,0.000000000
2160,2020-03-31 00:00:00,0.000000000,0.191411243,0.231993157,0.235802885,0.244496409,0.263649148,0.000000000
2161,2020-03-31 01:00:00,0.000000000,0.191420346,0.231943639,0.235749124,0.244431868,0.263554712,0.000000000
2162,2020-03-31 02:00:00,0.000000000,0.191428990,0.231896566,0.235698021,0.244370529,0.263465003,0.000000000
2163,2020-03-31 03:00:00,0.000000000,0.191437084,0.231852445,0.235650125,0.244313050,0.263380975,0.000000000
2164,2020-03-31 04:00:00,0.000000000,0.191444676,0.231811023,0.235605162,0.244259100,0.263302138,0.000000000
2165,2020-03-31 05:00:00,0.000000000,0.191452081,0.231770583,0.235561269,0.244206440,0.263225217,0.000000000
2166,2020-03-31 06:00:00,0.000000000,0.191459152,0.231731938,0.235519325,0.244156126,0.263151751,0.000000000
2167,2020-03-31 07:00:00,0.000000000,0.191465775,0.231695706,0.235480003,0.244108964,0.263082911,0.000000000
2168,2020-03-31 08:00:00,0.000000000,0.191472375,0.231659574,0.235440792,0.244061941,0.263014299,0.000000000
2169,2020-03-31 09:00:00,0.000000000,0.191478491,0.231626071,0.235404435,0.244018347,0.262950710,0.000000000
2170,2020-03-31 10:00:00,0.000000000,0.191484990,0.231590437,0.235365769,0.243971988,0.262883112,0.000000000
2171,2020-03-31 11:00:00,0.000000000,0.191491472,0.231554875,0.235327182,0.243925732,0.262815684,0.000000000
2172,2020-03-31 12:00:00,0.000000000,0.191498718,0.231515084,0.235284008,0.243873983,0.262740279,0.000000000
2173,2020-03-31 13:00:00,0.000000000,0.191507095,0.231469040,0.235234054,0.243814118,0.262653081,0.000000000
2174,2020-03-31 14:00:00,0.000000000,0.191517328,0.231412734,0.235172971,0.243740928,0.262546528,0.000000000
2175,2020-03-31 15:00:00,0.000000000,0.191531106,0.231336818,0.235090622,0.243642281,0.262403002,0.000000000
2176,2020-03-31 16:00:00,0.000000000,0.191546914,0.231249555,0.234995974,0.243528937,0.262238218,0.000000000
2177,2020-03-31 17:00:00,0.000000000,0.191563623,0.231157146,0.234895760,0.243408964,0.262063946,0.000000000
2178,2020-03-31 18:00:00,0.000000000,0.191579127,0.231071230,0.234802599,0.243297471,0.261902127,0.000000000
2179,2020-03-31 19:00:00,0.000000000,0.191591826,0.231000744,0.234726178,0.243206038,0.261769519,0.000000000
2180,2020-03-31 20:00:00,0.000000000,0.191604938,0.230927854,0.234647159,0.243111521,0.261632532,0.000000000
2181,2020-03-31 21:00:00,0.000000000,0.191614790,0.230873007,0.234587706,0.243040424,0.261529548,0.000000000
2182,2020-03-31 22:00:00,0.000000000,0.191622253,0.230831420,0.234542629,0.242986528,0.261451516,0.000000000
2183,2020-03-31 23:00:00,0.000000000,0.191624765,0.230817414,0.234527448,0.242968379,0.261425245,0.000000000
2184,2020-04-01 00:00:00,0.000000000,0.191625827,0.230811492,0.234521030,0.242960706,0.261414140,0.000000000
2185,2020-04-01 01:00:00,0.000000000,0.191629032,0.230793609,0.234501648,0.242937536,0.261380609,0.000000000
2186,2020-04-01 02:00:00,0.000000000,0.191631871,0.230777765,0.234484475,0.242917008,0.261350908,0.000000000
2187,2020-04-01 03:00:00,0.000000000,0.191633733,0.230767370,0.234473210,0.242903543,0.261331426,0.000000000
2188,2020-04-01 04:00:00,0.000000000,0.191635443,0.230757827,0.234462867,0.242891181,0.261313543,0.000000000
2189,2020-04-01 05:00:00,0.000000000,0.191637421,0.230746778,0.234450892,0.242876868,0.261292840,0.000000000
2190,2020-04-01 06:00:00,0.000000000,0.191638863,0.230738723,0.234442163,0.242866436,0.261277750,0.000000000
2191,2020-04-01 07:00:00,0.000000000,0.191639944,0.230732682,0.234435617,0.242858612,0.261266435,0.000000000
2192,2020-04-01 08:00:00,0.000000000,0.191640669,0.230728633,0.234431229,0.242853367,0.261258850,0.000000000
2193,2020-04-01 09:00:00,0.000000000,0.191640912,0.230727279,0.234429761,0.242851613,0.261256313,0.000000000
2194,2020-04-01 10:00:00,0.000000000,0.191641147,0.230725963,0.234428335,0.242849909,0.261253849,0.000000000
2195,2020-04-01 11:00:00,0.000000000,0.191641376,0.230724685,0.234426950,0.242848254,0.261251456,0.000000000
2196,2020-04-01 12:00:00,0.000000000,0.191641607,0.230723392,0.234425549,0.242846579,0.261249033,0.000000000
2197,2020-04-01 13:00:00,0.000000000,0.191642134,0.230720447,0.234422357,0.242842765,0.261243518,0.000000000
2198,2020-04-01 14:00:00,0.000000000,0.191648274,0.230686119,0.234385157,0.242798311,0.261179244,0.000000000
2199,2020-04-01 15:00:00,0.000000000,0.191656768,0.230638597,0.234333661,0.242736781,0.261090317,0.000000000
2200,2020-04-01 16:00:00,0.000000000,0.191668718,0.230571646,0.234261118,0.242650123,0.260965137,0.000000000
2201,2020-04-01 17:00:00,0.000000000,0.191681363,0.230500702,0.234184257,0.242558328,0.260832621,0.000000000
2202,2020-04-01 18:00:00,0.000000000,0.191694593,0.230426356,0.234103718,0.242462165,0.260693894,0.000000000
2203,2020-04-01 19:00:00,0.000000000,0.191707440,0.230354048,0.234025395,0.242368674,0.260559111,0.000000000
2204,2020-04-01 20:00:00,0.000000000,0.191718675,0.230290724,0.233956811,0.242286827,0.260441187,0.000000000
2205,2020-04-01 21:00:00,0.000000000,0.191726875,0.230244450,0.233906696,0.242227033,0.260355082,0.000000000
2206,2020-04-01 22:00:00,0.000000000,0.191733975,0.230204352,0.233863273,0.242175230,0.260280513,0.000000000
2207,2020-04-01 23:00:00,0.000000000,0.191738168,0.230180650,0.233837607,0.242144615,0.260236456,0.000000000
2208,2020-04-02 00:00:00,0.000000000,0.191740587,0.230166973,0.233822797,0.242126951,0.260211041,0.000000000
2209,2020-04-02 01:00:00,0.000000000,0.191743691,0.230149416,0.233803786,0.242104276,0.260178421,0.000000000
2210,2020-04-02 02:00:00,0.000000000,0.191745989,0.230136411,0.233789704,0.242087482,0.260154264,0.000000000
2211,2020-04-02 03:00:00,0.000000000,0.191748511,0.230122138,0.233774249,0.242069051,0.260127756,0.000000000
2212,2020-04-02 04:00:00,0.000000000,0.191749992,0.230113752,0.233765169,0.242058224,0.260112185,0.000000000
2213,2020-04-02 05:00:00,0.000000000,0.191753348,0.230094751,0.233744596,0.242033691,0.260076910,0.000000000
2214,2020-04-02 06:00:00,0.000000000,0.191756586,0.230076409,0.233724737,0.242010012,0.260042867,0.000000000
2215,2020-04-02 07:00:00,0.000000000,0.191759813,0.230058119,0.233704935,0.241986402,0.260008930,0.000000000
2216,2020-04-02 08:00:00,0.000000000,0.191762764,0.230041388,0.233686822,0.241964806,0.259977893,0.000000000
2217,2020-04-02 09:00:00,0.000000000,0.191765827,0.230024018,0.233668016,0.241942387,0.259945676,0.000000000
2218,2020-04-02 10:00:00,0.000000000,0.191769032,0.230005831,0.233648327,0.241918916,0.259911955,0.000000000
2219,2020-04-02 11:00:00,0.000000000,0.191772619,0.229985469,0.233626284,0.241892641,0.259874212,0.000000000
2220,2020-04-02 12:00:00,0.000000000,0.191777582,0.229957285,0.233595774,0.241856276,0.259821985,0.000000000
2221,2020-04-02 13:00:00,0.000000000,0.191784195,0.229919703,0.233555093,0.241807794,0.259752379,0.000000000
2222,2020-04-02 14:00:00,0.000000000,0.191792218,0.229874072,0.233505701,0.241748939,0.259667910,0.000000000
2223,2020-04-02 15:00:00,0.000000000,0.191800933,0.229824447,0.233451990,0.241684950,0.259576112,0.000000000
2224,2020-04-02 16:00:00,0.000000000,0.191811616,0.229763550,0.233386085,0.241606446,0.259463549,0.000000000
2225,2020-04-02 17:00:00,0.000000000,0.191823839,0.229693774,0.233310576,0.241516525,0.259334691,0.000000000
2226,2020-04-02 18:00:00,0.000000000,0.191837150,0.229617670,0.233228229,0.241418485,0.259194290,0.000000000
2227,2020-04-02 19:00:00,0.000000000,0.191850637,0.229540431,0.233144663,0.241319021,0.259051948,0.000000000
2228,2020-04-02 20:00:00,0.000000000,0.191862511,0.229472328,0.233070989,0.241231353,0.258926569,0.057894745
2229,2020-04-02 21:00:00,0.000000000,0.191866972,0.229446717,0.233043284,0.241198391,0.258879448,0.000000000
2230,2020-04-02 22:00:00,0.000000000,0.191873268,0.229410544,0.233004157,0.241151844,0.258812925,0.000000000
2231,2020-04-02 23:00:00,0.000000000,0.191878457,0.229380710,0.232971887,0.241113460,0.258758084,0.115789490
2232,2020-04-03 00:00:00,0.000000000,0.191874484,0.229403552,0.232996594,0.241142848,0.258800071,0.344695127
2233,2020-04-03 01:00:00,0.000000000,0.191854778,0.229516694,0.233118984,0.241288461,0.259008234,0.378801963
2234,2020-04-03 02:00:00,0.000000000,0.191832637,0.229643484,0.233256159,0.241451735,0.259241896,1.179838000
2235,2020-04-03 03:00:00,0.000000000,0.191759846,0.230057933,0.233704734,0.241986161,0.260008584,0.066243190
2236,2020-04-03 04:00:00,0.000000000,0.191757548,0.230070954,0.233718831,0.242002969,0.260032743,0.000000000
2237,2020-04-03 05:00:00,0.000000000,0.191759540,0.230059664,0.233706608,0.241988396,0.260011796,0.000000000
2238,2020-04-03 06:00:00,0.000000000,0.191761252,0.230049963,0.233696105,0.241975874,0.259993798,0.156898955
2239,2020-04-03 07:00:00,0.000000000,0.191752456,0.230099803,0.233750067,0.242040214,0.260086288,0.063554199
2240,2020-04-03 08:00:00,0.000000000,0.191749544,0.230116292,0.233767920,0.242061503,0.260116901,0.000000000
2241,2020-04-03 09:00:00,0.000000000,0.191751073,0.230107636,0.233758547,0.242050327,0.260100829,2.065401623
2242,2020-04-03 10:00:00,0.000000000,0.191624961,0.230816318,0.234526260,0.242966958,0.261423189,1.677464900
2243,2020-04-03 11:00:00,0.000000000,0.191523430,0.231379128,0.235136516,0.243697255,0.262482973,0.189651661
2244,2020-04-03 12:00:00,0.000000000,0.191515748,0.231421433,0.235182407,0.243752234,0.262562983,0.268931962
2245,2020-04-03 13:00:00,0.000000000,0.191503316,0.231489821,0.235256600,0.243841135,0.262692429,0.474991361
2246,2020-04-03 14:00:00,0.000000000,0.191478179,0.231627783,0.235406293,0.244020574,0.262953958,0.569892370
2247,2020-04-03 15:00:00,0.000000000,0.191448446,0.231790440,0.235582822,0.244232296,0.263262982,0.000000000
2248,2020-04-03 16:00:00,0.000000000,0.191456854,0.231744500,0.235532959,0.244172479,0.263175627,0.000000000
2249,2020-04-03 17:00:00,0.000000000,0.191465505,0.231697185,0.235481609,0.244110890,0.263085722,0.000000000
2250,2020-04-03 18:00:00,0.000000000,0.191474329,0.231648872,0.235429178,0.244048014,0.262993983,0.000000000
2251,2020-04-03 19:00:00,0.000000000,0.191483000,0.231601354,0.235377614,0.243986189,0.262903817,0.000000000
2252,2020-04-03 20:00:00,0.000000000,0.191491343,0.231555581,0.235327947,0.243926649,0.262817021,0.000000000
2253,2020-04-03 21:00:00,0.000000000,0.191499394,0.231511370,0.235279979,0.243869154,0.262733243,0.000000000
2254,2020-04-03 22:00:00,0.000000000,0.191507253,0.231468174,0.235233115,0.243812992,0.262651441,0.000000000
2255,2020-04-03 23:00:00,0.000000000,0.191514216,0.231429864,0.235191554,0.243763192,0.262578935,0.000000000
2256,2020-04-04 00:00:00,0.000000000,0.191520356,0.231396063,0.235154886,0.243719262,0.262514996,0.000000000
2257,2020-04-04 01:00:00,0.000000000,0.191525787,0.231366138,0.235122425,0.243680375,0.262458414,0.000000000
2258,2020-04-04 02:00:00,0.000000000,0.191531100,0.231336848,0.235090654,0.243642320,0.262403057,0.000000000
2259,2020-04-04 03:00:00,0.000000000,0.191536047,0.231309560,0.235061056,0.243606871,0.262351507,0.000000000
2260,2020-04-04 04:00:00,0.000000000,0.191540871,0.231282935,0.235032178,0.243572288,0.262301227,0.000000000
2261,2020-04-04 05:00:00,0.000000000,0.191545924,0.231255027,0.235001910,0.243536044,0.262248546,0.000000000
2262,2020-04-04 06:00:00,0.000000000,0.191551252,0.231225582,0.234969975,0.243497808,0.262192985,0.000000000
2263,2020-04-04 07:00:00,0.000000000,0.191556547,0.231196301,0.234938221,0.243459792,0.262137760,0.000000000
2264,2020-04-04 08:00:00,0.000000000,0.191561971,0.231166287,0.234905673,0.243420829,0.262081174,0.000000000
2265,2020-04-04 09:00:00,0.000000000,0.191566229,0.231142717,0.234880113,0.243390236,0.262036755,0.000000000
2266,2020-04-04 10:00:00,0.000000000,0.191570568,0.231118680,0.234854049,0.243359041,0.261991473,0.000000000
2267,2020-04-04 11:00:00,0.000000000,0.191575061,0.231093780,0.234827049,0.243326729,0.261944579,0.000000000
2268,2020-04-04 12:00:00,0.000000000,0.191580867,0.231061583,0.234792140,0.243284956,0.261883970,0.000000000
2269,2020-04-04 13:00:00,0.000000000,0.191587809,0.231023054,0.234750365,0.243234974,0.261811477,0.000000000
2270,2020-04-04 14:00:00,0.000000000,0.191596322,0.230975761,0.234699094,0.243173639,0.261722552,0.000000000
2271,2020-04-04 15:00:00,0.000000000,0.191607404,0.230914131,0.234632282,0.243093730,0.261606756,0.000000000
2272,2020-04-04 16:00:00,0.000000000,0.191619715,0.230845565,0.234557960,0.243004858,0.261478052,0.000000000
2273,2020-04-04 17:00:00,0.000000000,0.191632757,0.230772823,0.234479120,0.242910607,0.261341646,0.000000000
2274,2020-04-04 18:00:00,0.000000000,0.191645243,0.230703071,0.234403527,0.242820262,0.261210980,0.000000000
2275,2020-04-04 19:00:00,0.000000000,0.191657906,0.230632224,0.234326756,0.242728532,0.261078397,0.000000000
2276,2020-04-04 20:00:00,0.000000000,0.191668354,0.230573686,0.234263329,0.242652763,0.260968950,0.000000000
2277,2020-04-04 21:00:00,0.000000000,0.191673093,0.230547114,0.234234539,0.242618377,0.260919298,0.000000000
2278,2020-04-04 22:00:00,0.000000000,0.191674143,0.230541224,0.234228158,0.242610756,0.260908296,0.000000000
2279,2020-04-04 23:00:00,0.000000000,0.191675128,0.230535698,0.234222171,0.242603605,0.260897973,0.000000000
2280,2020-04-05 00:00:00,0.000000000,0.191675682,0.230532589,0.234218802,0.242599582,0.260892165,0.000000000
2281,2020-04-05 01:00:00,0.000000000,0.191676330,0.230528954,0.234214864,0.242594880,0.260885377,0.000000000
2282,2020-04-05 02:00:00,0.000000000,0.191676827,0.230526161,0.234211838,0.242591265,0.260880160,0.000000000
2283,2020-04-05 03:00:00,0.000000000,0.191679110,0.230513347,0.234197956,0.242574687,0.260856231,0.000000000
2284,2020-04-05 04:00:00,0.000000000,0.191680446,0.230505847,0.234189831,0.242564984,0.260842227,0.000000000
2285,2020-04-05 05:00:00,0.000000000,0.191682127,0.230496413,0.234179610,0.242552779,0.260824613,0.000000000
2286,2020-04-05 06:00:00,0.000000000,0.191683735,0.230487378,0.234169822,0.242541091,0.260807748,0.000000000
2287,2020-04-05 07:00:00,0.000000000,0.191685161,0.230479372,0.234161149,0.242530735,0.260792804,0.000000000
2288,2020-04-05 08:00:00,0.000000000,0.191687056,0.230468721,0.234149611,0.242516958,0.260772928,0.000000000
2289,2020-04-05 09:00:00,0.000000000,0.191688271,0.230461896,0.234142217,0.242508130,0.260760192,0.000000000
2290,2020-04-05 10:00:00,0.000000000,0.191689309,0.230456063,0.234135898,0.242500586,0.260749309,0.000000000
2291,2020-04-05 11:00:00,0.000000000,0.191690392,0.230449978,0.234129307,0.242492716,0.260737956,0.000000000
2292,2020-04-05 12:00:00,0.000000000,0.191693017,0.230435217,0.234113316,0.242473625,0.260710421,0.000000000
2293,2020-04-05 13:00:00,0.000000000,0.191696541,0.230415398,0.234091848,0.242447995,0.260673460,0.000000000
2294,2020-04-05 14:00:00,0.000000000,0.191700990,0.230390369,0.234064736,0.242415632,0.260626797,0.000000000
2295,2020-04-05 15:00:00,0.000000000,0.191706510,0.230359289,0.234031071,0.242375449,0.260568875,0.000000000
2296,2020-04-05 16:00:00,0.000000000,0.191714766,0.230312766,0.233980683,0.242315313,0.260482222,0.000000000
2297,2020-04-05 17:00:00,0.000000000,0.191725124,0.230254339,0.233917406,0.242239810,0.260373478,0.000000000
2298,2020-04-05 18:00:00,0.000000000,0.191736436,0.230190443,0.233848212,0.242157265,0.260254658,0.000000000
2299,2020-04-05 19:00:00,0.000000000,0.191746968,0.230130871,0.233783705,0.242080328,0.260143974,0.000000000
2300,2020-04-05 20:00:00,0.000000000,0.191755887,0.230080369,0.233729024,0.242015123,0.260050215,0.000000000
2301,2020-04-05 21:00:00,0.000000000,0.191762572,0.230042474,0.233687997,0.241966207,0.259979906,0.000000000
2302,2020-04-05 22:00:00,0.000000000,0.191767779,0.230012942,0.233656026,0.241928093,0.259925140,0.000000000
2303,2020-04-05 23:00:00,0.000000000,0.191772423,0.229986583,0.233627490,0.241894078,0.259876276,0.000000000
2304,2020-04-06 00:00:00,0.000000000,0.191775977,0.229966404,0.233605646,0.241868042,0.259838882,0.000000000
2305,2020-04-06 01:00:00,0.000000000,0.191778850,0.229950084,0.233587979,0.241846986,0.259808646,0.000000000
2306,2020-04-06 02:00:00,0.000000000,0.191781124,0.229937163,0.233573993,0.241830317,0.259784713,0.000000000
2307,2020-04-06 03:00:00,0.000000000,0.191782277,0.229930609,0.233566897,0.241821861,0.259772573,0.003070646
2308,2020-04-06 04:00:00,0.000000000,0.191782074,0.229931763,0.233568147,0.241823350,0.259774711,0.000000000
2309,2020-04-06 05:00:00,0.000000000,0.191782883,0.229927161,0.233563166,0.241817414,0.259766189,0.000000000
2310,2020-04-06 06:00:00,0.000000000,0.191783322,0.229924667,0.233560466,0.241814197,0.259761571,0.000000000
2311,2020-04-06 07:00:00,0.000000000,0.191783904,0.229921362,0.233556888,0.241809933,0.259755449,0.003634040
2312,2020-04-06 08:00:00,0.000000000,0.191783663,0.229922728,0.233558367,0.241811695,0.259757979,0.004805284
2313,2020-04-06 09:00:00,0.000000000,0.191783346,0.229924534,0.233560322,0.241814025,0.259761324,0.004615960
2314,2020-04-06 10:00:00,0.000000000,0.191783040,0.229926269,0.233562200,0.241816264,0.259764537,0.000000000
2315,2020-04-06 11:00:00,0.000000000,0.191783153,0.229925629,0.233561507,0.241815437,0.259763351,0.000000000
2316,2020-04-06 12:00:00,0.000000000,0.191784944,0.229915445,0.233550483,0.241802301,0.259744493,0.000000000
2317,2020-04-06 13:00:00,0.000000000,0.191791394,0.229878758,0.233510773,0.241754982,0.259676582,0.000000000
2318,2020-04-06 14:00:00,0.000000000,0.191803712,0.229808615,0.233434856,0.241664538,0.259546839,0.000000000
2319,2020-04-06 15:00:00,0.000000000,0.191819200,0.229720267,0.233339245,0.241550664,0.259383602,0.000000000
2320,2020-04-06 16:00:00,0.000000000,0.191837905,0.229613350,0.233223555,0.241412921,0.259186325,0.000000000
2321,2020-04-06 17:00:00,0.000000000,0.191857852,0.229499058,0.233099905,0.241265759,0.258975766,0.000000000
2322,2020-04-06 18:00:00,0.000000000,0.191878840,0.229378505,0.232969502,0.241110624,0.258754032,0.000000000
2323,2020-04-06 19:00:00,0.000000000,0.191895985,0.229279793,0.232862743,0.240983664,0.258572748,0.000000000
2324,2020-04-06 20:00:00,0.000000000,0.191908732,0.229206270,0.232783235,0.240889142,0.258437883,0.000000000
2325,2020-04-06 21:00:00,0.000000000,0.191913753,0.229177276,0.232751884,0.240851876,0.258384736,0.000000000
2326,2020-04-06 22:00:00,0.000000000,0.191919489,0.229144137,0.232716051,0.240809289,0.258324017,0.000000000
2327,2020-04-06 23:00:00,0.000000000,0.191928711,0.229090802,0.232658386,0.240740763,0.258226354,0.000000000
2328,2020-04-07 00:00:00,0.000000000,0.191930725,0.229079143,0.232645780,0.240725786,0.258205014,0.000000000
2329,2020-04-07 01:00:00,0.000000000,0.191932354,0.229069712,0.232635584,0.240713671,0.258187754,0.000000000
2330,2020-04-07 02:00:00,0.000000000,0.191934373,0.229058022,0.232622945,0.240698655,0.258166363,0.000000000
2331,2020-04-07 03:00:00,0.000000000,0.191941387,0.229017390,0.232579019,0.240646471,0.258092042,0.000000000
2332,2020-04-07 04:00:00,0.000000000,0.191943859,0.229003061,0.232563529,0.240628070,0.258065842,0.000000000
2333,2020-04-07 05:00:00,0.000000000,0.191946840,0.228985774,0.232544841,0.240605872,0.258034239,0.000000000
2334,2020-04-07 06:00:00,0.000000000,0.191949222,0.228971959,0.232529907,0.240588135,0.258008991,0.000000000
2335,2020-04-07 07:00:00,0.000000000,0.191952017,0.228955741,0.232512376,0.240567313,0.257979356,0.000000000
2336,2020-04-07 08:00:00,0.000000000,0.191954491,0.228941382,0.232496855,0.240548879,0.257953123,0.000000000
2337,2020-04-07 09:00:00,0.000000000,0.191956504,0.228929693,0.232484220,0.240533875,0.257931772,0.000000000
2338,2020-04-07 10:00:00,0.000000000,0.191958006,0.228920968,0.232474789,0.240522675,0.257915837,0.000000000
2339,2020-04-07 11:00:00,0.000000000,0.191958944,0.228915525,0.232468906,0.240515689,0.257905899,0.000000000
2340,2020-04-07 12:00:00,0.000000000,0.191962081,0.228897299,0.232449206,0.240492296,0.257872620,0.000000000
2341,2020-04-07 13:00:00,0.000000000,0.191969436,0.228854541,0.232402991,0.240437424,0.257794583,0.000000000
2342,2020-04-07 14:00:00,0.000000000,0.191980506,0.228790117,0.232333366,0.240354771,0.257677091,0.000000000
2343,2020-04-07 15:00:00,0.000000000,0.191997114,0.228693295,0.232228736,0.240230599,0.257500704,0.000000000
2344,2020-04-07 16:00:00,0.000000000,0.192017839,0.228572188,0.232097886,0.240075367,0.257280406,0.000000000
2345,2020-04-07 17:00:00,0.000000000,0.192037978,0.228454211,0.231970437,0.239924232,0.257066148,0.000000000
2346,2020-04-07 18:00:00,0.000000000,0.192059324,0.228328836,0.231835021,0.239763717,0.256838830,0.000000000
2347,2020-04-07 19:00:00,0.000000000,0.192078105,0.228218251,0.231715599,0.239622218,0.256638648,0.000000000
2348,2020-04-07 20:00:00,0.000000000,0.192090010,0.228148020,0.231639765,0.239532392,0.256511668,0.000000000
2349,2020-04-07 21:00:00,0.000000000,0.192099664,0.228090986,0.231578187,0.239459468,0.256408638,0.000000000
2350,2020-04-07 22:00:00,0.000000000,0.192103410,0.228068839,0.231554277,0.239431157,0.256368652,0.000000000
2351,2020-04-07 23:00:00,0.000000000,0.192106509,0.228050509,0.231534488,0.239407727,0.256335566,0.000000000
2352,2020-04-08 00:00:00,0.000000000,0.192108639,0.228037908,0.231520884,0.239391621,0.256312826,0.000000000
2353,2020-04-08 01:00:00,0.000000000,0.192109805,0.228031004,0.231513431,0.239382798,0.256300369,0.000000000
2354,2020-04-08 02:00:00,0.000000000,0.192111096,0.228023363,0.231505183,0.239373032,0.256286583,0.000000000
2355,2020-04-08 03:00:00,0.000000000,0.192111672,0.228019956,0.231501505,0.239368678,0.256280436,0.000000000
2356,2020-04-08 04:00:00,0.000000000,0.192112184,0.228016922,0.231498229,0.239364800,0.256274962,0.000000000
2357,2020-04-08 05:00:00,0.000000000,0.192112638,0.228014234,0.231495327,0.239361365,0.256270113,0.000000000
2358,2020-04-08 06:00:00,0.000000000,0.192113139,0.228011270,0.231492127,0.239357577,0.256264766,0.115789490
2359,2020-04-08 07:00:00,0.000000000,0.192106927,0.228048037,0.231531819,0.239404567,0.256331105,0.535900693
2360,2020-04-08 08:00:00,0.000000000,0.192073161,0.228247386,0.231747060,0.239659490,0.256691359,1.400000167
2361,2020-04-08 09:00:00,0.000000000,0.191987476,0.228749504,0.232289476,0.240302679,0.257603076,0.296168568
2362,2020-04-08 10:00:00,0.000000000,0.191968968,0.228857263,0.232405934,0.240440917,0.257799550,0.292520951
2363,2020-04-08 11:00:00,0.000000000,0.191950617,0.228963862,0.232521155,0.240577739,0.257994194,0.192730619
2364,2020-04-08 12:00:00,0.000000000,0.191939311,0.229029422,0.232592026,0.240661923,0.258114046,0.000000000
2365,2020-04-08 13:00:00,0.000000000,0.191941108,0.229019007,0.232580766,0.240648547,0.258094998,0.000000000
2366,2020-04-08 14:00:00,0.000000000,0.191943289,0.229006363,0.232567098,0.240632310,0.258071878,0.000000000
2367,2020-04-08 15:00:00,0.000000000,0.191947750,0.228980499,0.232539139,0.240599100,0.258024599,0.000000000
2368,2020-04-08 16:00:00,0.000000000,0.191955053,0.228938118,0.232493326,0.240544689,0.257947160,0.000000000
2369,2020-04-08 17:00:00,0.000000000,0.191963381,0.228889741,0.232441037,0.240482596,0.257858823,0.000000000
2370,2020-04-08 18:00:00,0.000000000,0.191972417,0.228837198,0.232384248,0.240415172,0.257762944,0.000000000
2371,2020-04-08 19:00:00,0.000000000,0.191979084,0.228798398,0.232342315,0.240365393,0.257692187,0.000000000
2372,2020-04-08 20:00:00,0.000000000,0.191983475,0.228772822,0.232314675,0.240332586,0.257645566,0.000000000
2373,2020-04-08 21:00:00,0.000000000,0.191985445,0.228761341,0.232302268,0.240317860,0.257624643,0.000000000
2374,2020-04-08 22:00:00,0.000000000,0.191986397,0.228755794,0.232296273,0.240310745,0.257614535,0.000000000
2375,2020-04-08 23:00:00,0.000000000,0.191987030,0.228752102,0.232292284,0.240306010,0.257607808,0.000000000
2376,2020-04-09 00:00:00,0.000000000,0.191987407,0.228749910,0.232289914,0.240303199,0.257603814,0.000000000
2377,2020-04-09 01:00:00,0.000000000,0.191989452,0.228737984,0.232277027,0.240287904,0.257582087,0.000846579
2378,2020-04-09 02:00:00,0.000000000,0.191989115,0.228737984,0.232277027,0.240287904,0.257582087,0.000000000
2379,2020-04-09 03:00:00,0.000000000,0.191990324,0.228732903,0.232271536,0.240281388,0.257572832,0.000000000
2380,2020-04-09 04:00:00,0.000000000,0.191991376,0.228726766,0.232264905,0.240273518,0.257561654,0.000000000
2381,2020-04-09 05:00:00,0.000000000,0.191992541,0.228719975,0.232257566,0.240264809,0.257549285,0.000000000
2382,2020-04-09 06:00:00,0.000000000,0.191993284,0.228715641,0.232252883,0.240259252,0.257541393,0.000000000
2383,2020-04-09 07:00:00,0.000000000,0.191993505,0.228714351,0.232251489,0.240257597,0.257539043,0.006611092
2384,2020-04-09 08:00:00,0.000000000,0.191993076,0.228716854,0.232254194,0.240260808,0.257543602,0.005660935
2385,2020-04-09 09:00:00,0.000000000,0.191992708,0.228718998,0.232256511,0.240263557,0.257547507,0.010302613
2386,2020-04-09 10:00:00,0.000000000,0.191992039,0.228722900,0.232260727,0.240268560,0.257554612,0.001293609
2387,2020-04-09 11:00:00,0.000000000,0.191991955,0.228723390,0.232261256,0.240269188,0.257555505,0.000000000
2388,2020-04-09 12:00:00,0.000000000,0.191992598,0.228719641,0.232257205,0.240264381,0.257548677,0.000000000
2389,2020-04-09 13:00:00,0.000000000,0.191993830,0.228712453,0.232249438,0.240255164,0.257535587,0.268839952
2390,2020-04-09 14:00:00,0.000000000,0.191978119,0.228804014,0.232348384,0.240372597,0.257702426,0.548102082
2391,2020-04-09 15:00:00,0.000000000,0.191944373,0.229000082,0.232560308,0.240624244,0.258060395,1.370835912
2392,2020-04-09 16:00:00,0.000000000,0.191860761,0.229482370,0.233081852,0.241244278,0.258945049,3.580333623
2393,2020-04-09 17:00:00,0.000000000,0.191652967,0.230659868,0.234356710,0.242764320,0.261130114,3.647404401
2394,2020-04-09 18:00:00,0.000000000,0.191444956,0.231809493,0.235603502,0.244257108,0.263299228,5.830564805
2395,2020-04-09 19:00:00,0.000000000,0.191132889,0.233482236,0.237421430,0.246445028,0.266521898,6.345346674
2396,2020-04-09 20:00:00,0.000000000,0.190798812,0.235207633,0.239301420,0.248722207,0.269933856,2.685085178
2397,2020-04-09 21:00:00,0.000000000,0.190655736,0.235926939,0.240086658,0.249677855,0.271384149,0.000000000
2398,2020-04-09 22:00:00,0.000000000,0.190689416,0.235758643,0.239902857,0.249453924,0.271043307,0.000000000
2399,2020-04-09 23:00:00,0.000000000,0.190725528,0.235577497,0.239705076,0.249213127,0.270677482,0.000000000
2400,2020-04-10 00:00:00,0.000000000,0.190760279,0.235402485,0.239514045,0.248980709,0.270325060,0.000000000
2401,2020-04-10 01:00:00,0.000000000,0.190790106,0.235251731,0.239349534,0.248780686,0.270022283,0.000000000
2402,2020-04-10 02:00:00,0.000000000,0.190819956,0.235100356,0.239184385,0.248580004,0.269718996,0.000000000
2403,2020-04-10 03:00:00,0.000000000,0.190848991,0.234952622,0.239023246,0.248384309,0.269423711,0.000000000
2404,2020-04-10 04:00:00,0.000000000,0.190873314,0.234828491,0.238887879,0.248220000,0.269176139,0.000000000
2405,2020-04-10 05:00:00,0.000163875,0.190896682,0.234708920,0.238757510,0.248061831,0.268938122,0.000000000
2406,2020-04-10 06:00:00,0.000148439,0.190919534,0.234591679,0.238629705,0.247906844,0.268705180,0.000163875
2407,2020-04-10 07:00:00,0.000141118,0.190941634,0.234478007,0.238505812,0.247756669,0.268479741,0.000148439
2408,2020-04-10 08:00:00,0.000106890,0.190963128,0.234367177,0.238385038,0.247610337,0.268260326,0.000141118
2409,2020-04-10 09:00:00,0.000123139,0.190983864,0.234260000,0.238268264,0.247468910,0.268048505,0.000106890
2410,2020-04-10 10:00:00,0.000168846,0.191003945,0.234155965,0.238154931,0.247331708,0.267843234,0.000123139
2411,2020-04-10 11:00:00,0.000219891,0.191025527,0.234043894,0.238032866,0.247183993,0.267622480,0.000168846
2412,2020-04-10 12:00:00,0.000194850,0.191048681,0.233923349,0.237901593,0.247025208,0.267385463,0.000219891
2413,2020-04-10 13:00:00,0.000179870,0.191073110,0.233795818,0.237762738,0.246857330,0.267135190,0.000194850
2414,2020-04-10 14:00:00,0.000125853,0.191099881,0.233655650,0.237610157,0.246672951,0.266860690,0.000179870
2415,2020-04-10 15:00:00,0.000070174,0.191126807,0.233514240,0.237456255,0.246487075,0.266584354,0.000125853
2416,2020-04-10 16:00:00,0.000047273,0.191153125,0.233375597,0.237305398,0.246304973,0.266314009,0.000070174
2417,2020-04-10 17:00:00,0.000025658,0.191180055,0.233233293,0.237150590,0.246118200,0.266037120,0.000047273
2418,2020-04-10 18:00:00,0.000011384,0.191205868,0.233096478,0.237001784,0.245938763,0.265771478,0.000025658
2419,2020-04-10 19:00:00,0.000007111,0.191229203,0.232972441,0.236866904,0.245776198,0.265531123,0.000011384
2420,2020-04-10 20:00:00,0.000003599,0.191251363,0.232854341,0.236738502,0.245621510,0.265302690,0.000007111
2421,2020-04-10 21:00:00,0.000002056,0.191271238,0.232748159,0.236623078,0.245482515,0.265097658,0.000003599
2422,2020-04-10 22:00:00,0.000001299,0.191288346,0.232656560,0.236523520,0.245362672,0.264921049,0.123637510
2423,2020-04-10 23:00:00,0.000000000,0.191295832,0.232616422,0.236479899,0.245310175,0.264843735,0.000001299
2424,2020-04-11 00:00:00,0.000000000,0.191311261,0.232533589,0.236389886,0.245201872,0.264684332,0.000000000
2425,2020-04-11 01:00:00,0.000000000,0.191326633,0.232450908,0.236300050,0.245093815,0.264525418,0.000000000
2426,2020-04-11 02:00:00,0.000000000,0.191340138,0.232378151,0.236221006,0.244998766,0.264385740,0.000000000
2427,2020-04-11 03:00:00,0.000000000,0.191351714,0.232315690,0.236153154,0.244917196,0.264265951,0.000000000
2428,2020-04-11 04:00:00,0.000000000,0.191362510,0.232257365,0.236089801,0.244841051,0.264154192,0.000000000
2429,2020-04-11 05:00:00,0.000000000,0.191373995,0.232195235,0.236022321,0.244759964,0.264035250,0.000000000
2430,2020-04-11 06:00:00,0.000000000,0.191384403,0.232138859,0.235961095,0.244686409,0.263927418,0.000000000
2431,2020-04-11 07:00:00,0.000000000,0.191394479,0.232084217,0.235901758,0.244615137,0.263822989,0.000000000
2432,2020-04-11 08:00:00,0.000000000,0.191404365,0.232030538,0.235843472,0.244545142,0.263720484,0.000000000
2433,2020-04-11 09:00:00,0.000000000,0.191413666,0.231979982,0.235788581,0.244479236,0.263624016,0.000000000
2434,2020-04-11 10:00:00,0.000000000,0.191423152,0.231928363,0.235732539,0.244411960,0.263525592,0.000000000
2435,2020-04-11 11:00:00,0.000000000,0.191433427,0.231872385,0.235671770,0.244339025,0.263418943,0.000000000
2436,2020-04-11 12:00:00,0.000000000,0.191445625,0.231805841,0.235599537,0.244252351,0.263292278,0.000000000
2437,2020-04-11 13:00:00,0.000000000,0.191460188,0.231726271,0.235513176,0.244148750,0.263140983,0.000000000
2438,2020-04-11 14:00:00,0.000000000,0.191476947,0.231634534,0.235413619,0.244029358,0.262966769,0.000000000
2439,2020-04-11 15:00:00,0.000000000,0.191495695,0.231531688,0.235302024,0.243895576,0.262771739,0.000000000
2440,2020-04-11 16:00:00,0.000000000,0.191516587,0.231416813,0.235177396,0.243746229,0.262554243,0.000000000
2441,2020-04-11 17:00:00,0.000000000,0.191536792,0.231305450,0.235056598,0.243601532,0.262343744,0.000000000
2442,2020-04-11 18:00:00,0.000000000,0.191557628,0.231190323,0.234931738,0.243452031,0.262126487,0.000000000
2443,2020-04-11 19:00:00,0.000000000,0.191576323,0.231086783,0.234819463,0.243317650,0.261931405,0.000000000
2444,2020-04-11 20:00:00,0.000000000,0.191593201,0.230993105,0.234717897,0.243196131,0.261755157,0.000000000
2445,2020-04-11 21:00:00,0.000000000,0.191607230,0.230915097,0.234633330,0.243094983,0.261608571,0.000000000
2446,2020-04-11 22:00:00,0.000000000,0.191619670,0.230845817,0.234558234,0.243005185,0.261478525,0.000000000
2447,2020-04-11 23:00:00,0.000000000,0.191629566,0.230790631,0.234498420,0.242933677,0.261375026,0.000000000
2448,2020-04-12 00:00:00,0.000000000,0.191631625,0.230779140,0.234485966,0.242918790,0.261353485,0.000000000
2449,2020-04-12 01:00:00,0.000000000,0.191633515,0.230768588,0.234474530,0.242905121,0.261333709,0.000000000
2450,2020-04-12 02:00:00,0.000000000,0.191634528,0.230762936,0.234468404,0.242897799,0.261323116,0.000000000
2451,2020-04-12 03:00:00,0.000000000,0.191635210,0.230759127,0.234464276,0.242892865,0.261315979,0.000000000
2452,2020-04-12 04:00:00,0.000000000,0.191635813,0.230755761,0.234460628,0.242888504,0.261309671,0.000000000
2453,2020-04-12 05:00:00,0.000000000,0.191636403,0.230752462,0.234457053,0.242884231,0.261303490,0.000000000
2454,2020-04-12 06:00:00,0.000000000,0.191636919,0.230749583,0.234453933,0.242880502,0.261298096,0.000000000
2455,2020-04-12 07:00:00,0.000000000,0.191637414,0.230746817,0.234450935,0.242876919,0.261292913,0.000000000
2456,2020-04-12 08:00:00,0.000000000,0.191637814,0.230744585,0.234448516,0.242874028,0.261288732,0.000000000
2457,2020-04-12 09:00:00,0.000000000,0.191638138,0.230742773,0.234446552,0.242871681,0.261285337,0.000000000
2458,2020-04-12 10:00:00,0.000000000,0.191638453,0.230741013,0.234444645,0.242869401,0.261282040,0.000000000
2459,2020-04-12 11:00:00,0.000000000,0.191638759,0.230739303,0.234442792,0.242867187,0.261278837,0.000000000
2460,2020-04-12 12:00:00,0.000000000,0.191639079,0.230737515,0.234440854,0.242864870,0.261275486,0.000000000
2461,2020-04-12 13:00:00,0.000000000,0.191640208,0.230731207,0.234434018,0.242856701,0.261263672,0.000000000
2462,2020-04-12 14:00:00,0.000000000,0.191647222,0.230692004,0.234391534,0.242805931,0.261190261,0.000000000
2463,2020-04-12 15:00:00,0.000000000,0.191659000,0.230626098,0.234320118,0.242720601,0.261066939,0.000000000
2464,2020-04-12 16:00:00,0.000000000,0.191675620,0.230532936,0.234219178,0.242600032,0.260892814,0.000000000
2465,2020-04-12 17:00:00,0.000000000,0.191694466,0.230427070,0.234104491,0.242463089,0.260695225,0.000000000
2466,2020-04-12 18:00:00,0.000000000,0.191710295,0.230337967,0.234007977,0.242347886,0.260529154,0.000000000
2467,2020-04-12 19:00:00,0.000000000,0.191723940,0.230261019,0.233924639,0.242248441,0.260385905,0.000000000
2468,2020-04-12 20:00:00,0.000000000,0.191735825,0.230193892,0.233851946,0.242161719,0.260261069,0.000000000
2469,2020-04-12 21:00:00,0.000000000,0.191744612,0.230144203,0.233798141,0.242097545,0.260168737,0.000000000
2470,2020-04-12 22:00:00,0.000000000,0.191749018,0.230119267,0.233771141,0.242065344,0.260122425,0.000000000
2471,2020-04-12 23:00:00,0.000000000,0.191750228,0.230112416,0.233763723,0.242056499,0.260109705,0.000000000
2472,2020-04-13 00:00:00,0.000000000,0.191750806,0.230109145,0.233760181,0.242052275,0.260103631,0.000000000
2473,2020-04-13 01:00:00,0.000000000,0.191750909,0.230108561,0.233759549,0.242051521,0.260102546,0.001688912
2474,2020-04-13 02:00:00,0.000000000,0.191750797,0.230109195,0.233760235,0.242052340,0.260103724,0.003436330
2475,2020-04-13 03:00:00,0.000000000,0.191750569,0.230110485,0.233761632,0.242054006,0.260106120,0.004953587
2476,2020-04-13 04:00:00,0.000000000,0.191750241,0.230112345,0.233763646,0.242056407,0.260109573,0.005752862
2477,2020-04-13 05:00:00,0.000000000,0.191749859,0.230114505,0.233765985,0.242059196,0.260113583,0.009684772
2478,2020-04-13 06:00:00,0.000000000,0.191749223,0.230118109,0.233769888,0.242063850,0.260120276,0.110132537
2479,2020-04-13 07:00:00,0.000000000,0.191741946,0.230159288,0.233814475,0.242117026,0.260196761,0.842627242
2480,2020-04-13 08:00:00,0.000000000,0.191687606,0.230465633,0.234146266,0.242512964,0.260767166,1.212379675
2481,2020-04-13 09:00:00,0.000000000,0.191611158,0.230893232,0.234609628,0.243066638,0.261567513,1.409824142
2482,2020-04-13 10:00:00,0.000000000,0.191524678,0.231372251,0.235129055,0.243688318,0.262469970,1.125440963
2483,2020-04-13 11:00:00,0.000000000,0.191457207,0.231742568,0.235530863,0.244169965,0.263171956,2.302919097
2484,2020-04-13 12:00:00,0.000000000,0.191322187,0.232474837,0.236326049,0.245125083,0.264571389,3.089734037
2485,2020-04-13 13:00:00,0.000000000,0.191145944,0.233413466,0.237346600,0.246354699,0.266387794,1.482814434
2486,2020-04-13 14:00:00,0.000000000,0.191065557,0.233835288,0.237805710,0.246909275,0.267212594,2.473702216
2487,2020-04-13 15:00:00,0.000000000,0.190928143,0.234547427,0.238581471,0.247848371,0.268617370,2.599999857
2488,2020-04-13 16:00:00,0.000000000,0.190786286,0.235271064,0.239370629,0.248806328,0.270061072,6.296521269
2489,2020-04-13 17:00:00,0.000000000,0.190456466,0.236909950,0.241161209,0.250990014,0.273393957,2.746332007
2490,2020-04-13 18:00:00,0.000000000,0.190316027,0.237589981,0.241905549,0.251901984,0.274803762,0.850934759
2491,2020-04-13 19:00:00,0.000000000,0.190298027,0.237676391,0.242000189,0.252018118,0.274984071,6.717736869
2492,2020-04-13 20:00:00,0.000000000,0.189952383,0.239303770,0.243785039,0.254216085,0.278430814,4.650151777
2493,2020-04-13 21:00:00,0.000000000,0.189712616,0.240398213,0.244988071,0.255706044,0.280805551,3.912497232
2494,2020-04-13 22:00:00,0.000000000,0.189517216,0.241270189,0.245948139,0.256900115,0.282732048,4.493751112
2495,2020-04-13 23:00:00,0.000000000,0.189292544,0.242251442,0.247030219,0.258251397,0.284938233,2.426729998
2496,2020-04-14 00:00:00,0.000000000,0.189195364,0.242669003,0.247491238,0.258828895,0.285889782,0.010864345
2497,2020-04-14 01:00:00,0.000000000,0.189271142,0.242343754,0.247132110,0.258378939,0.285147931,0.014038879
2498,2020-04-14 02:00:00,0.000000000,0.189344151,0.242028027,0.246783688,0.257943018,0.284432268,0.014536418
2499,2020-04-14 03:00:00,0.000000000,0.189414700,0.241720713,0.246444731,0.257519525,0.283739842,0.004797588
2500,2020-04-14 04:00:00,0.000000000,0.189483658,0.241418186,0.246111227,0.257103403,0.283062158,0.000000000
2501,2020-04-14 05:00:00,0.000000000,0.189556423,0.241096633,0.245756936,0.256661949,0.282346097,0.000000000
2502,2020-04-14 06:00:00,0.000000000,0.189625853,0.240787565,0.245416583,0.256238442,0.281661899,0.000000000
2503,2020-04-14 07:00:00,0.000000000,0.189693554,0.240484057,0.245082525,0.255823320,0.280993828,0.000000000
2504,2020-04-14 08:00:00,0.000000000,0.189757896,0.240193621,0.244763014,0.255426781,0.280358025,0.000000000
2505,2020-04-14 09:00:00,0.000000000,0.189819795,0.239912377,0.244453761,0.255043443,0.279745554,0.000000000
2506,2020-04-14 10:00:00,0.000000000,0.189878819,0.239642490,0.244157133,0.254676186,0.279160753,0.000000000
2507,2020-04-14 11:00:00,0.000000000,0.189937092,0.239374396,0.243862606,0.254311944,0.278582646,0.000000000
2508,2020-04-14 12:00:00,0.000000000,0.189996639,0.239098730,0.243559898,0.253938013,0.277991099,0.000000000
2509,2020-04-14 13:00:00,0.000000000,0.190057139,0.238816870,0.243250528,0.253556300,0.277389245,0.000000000
2510,2020-04-14 14:00:00,0.000000000,0.190118848,0.238527505,0.242933070,0.253165072,0.276774470,0.000000000
2511,2020-04-14 15:00:00,0.000000000,0.190179183,0.238242733,0.242620796,0.252780692,0.276172485,0.000000000
2512,2020-04-14 16:00:00,0.000000000,0.190239755,0.237954989,0.242305410,0.252392939,0.275567233,0.000000000
2513,2020-04-14 17:00:00,0.000000000,0.190297652,0.237678191,0.242002161,0.252020539,0.274987831,0.000000000
2514,2020-04-14 18:00:00,0.000000000,0.190351803,0.237417729,0.241716931,0.251670650,0.274445122,0.000000000
2515,2020-04-14 19:00:00,0.000000000,0.190403628,0.237167022,0.241442497,0.251334354,0.273925002,0.000000000
2516,2020-04-14 20:00:00,0.000000000,0.190448402,0.236949280,0.241204237,0.251042664,0.273475056,0.000000000
2517,2020-04-14 21:00:00,0.000000000,0.190488134,0.236755165,0.240991900,0.250782925,0.273075315,0.000000000
2518,2020-04-14 22:00:00,0.000000000,0.190526079,0.236568989,0.240788308,0.250534073,0.272693138,0.000000000
2519,2020-04-14 23:00:00,0.000000000,0.190560665,0.236398621,0.240602055,0.250306577,0.272344445,0.000000000
2520,2020-04-15 00:00:00,0.000000000,0.190597590,0.236216008,0.240402472,0.250062970,0.271971779,0.000000000
2521,2020-04-15 01:00:00,0.000000000,0.190630598,0.236052142,0.240223427,0.249844582,0.271638324,0.000000000
2522,2020-04-15 02:00:00,0.000000000,0.190662782,0.235891781,0.240048256,0.249631057,0.271312867,0.100860836
2523,2020-04-15 03:00:00,0.000000000,0.190687835,0.235766560,0.239911502,0.249464453,0.271059320,0.000000000
2524,2020-04-15 04:00:00,0.000000000,0.190717931,0.235615665,0.239746744,0.249263843,0.270754472,0.000000000
2525,2020-04-15 05:00:00,0.000000000,0.190746606,0.235471426,0.239589290,0.249072237,0.270463768,0.000000000
2526,2020-04-15 06:00:00,0.000000000,0.190773951,0.235333444,0.239438699,0.248889084,0.270186306,0.284228960
2527,2020-04-15 07:00:00,0.000000000,0.190780906,0.235298284,0.239400332,0.248842436,0.270115704,0.788415042
2528,2020-04-15 08:00:00,0.000000000,0.190755419,0.235427001,0.239540802,0.249013254,0.270374369,0.373175436
2529,2020-04-15 09:00:00,0.000000000,0.190757099,0.235418530,0.239531556,0.249002008,0.270357329,0.098875877
2530,2020-04-15 10:00:00,0.000000000,0.190777492,0.235315547,0.239419170,0.248865339,0.270150364,0.099752469
2531,2020-04-15 11:00:00,0.000000000,0.190798080,0.235211341,0.239305466,0.248727124,0.269941289,0.000000000
2532,2020-04-15 12:00:00,0.000000000,0.190826880,0.235065168,0.239146000,0.248533378,0.269648600,0.000000000
2533,2020-04-15 13:00:00,0.000000000,0.190856564,0.234914012,0.238981138,0.248333190,0.269346653,0.000000000
2534,2020-04-15 14:00:00,0.000000000,0.190887289,0.234757021,0.238809952,0.248125446,0.269033816,0.000000000
2535,2020-04-15 15:00:00,0.000000000,0.190920097,0.234588786,0.238626552,0.247903022,0.268699439,0.000000000
2536,2020-04-15 16:00:00,0.000000000,0.190954287,0.234412793,0.238434744,0.247670554,0.268350587,0.000000000
2537,2020-04-15 17:00:00,0.000000000,0.190987822,0.234239515,0.238245947,0.247441888,0.268008060,0.000000000
2538,2020-04-15 18:00:00,0.000000000,0.191022616,0.234059024,0.238049343,0.247203929,0.267652259,0.000000000
2539,2020-04-15 19:00:00,0.000000000,0.191058731,0.233870928,0.237844514,0.246956189,0.267282529,0.000000000
2540,2020-04-15 20:00:00,0.000000000,0.191091573,0.233699196,0.237657556,0.246730218,0.266945905,0.000000000
2541,2020-04-15 21:00:00,0.000000000,0.191121101,0.233544246,0.237488909,0.246526505,0.266642940,0.000000000
2542,2020-04-15 22:00:00,0.000000000,0.191145552,0.233415537,0.237348854,0.246357419,0.266391831,0.000000000
2543,2020-04-15 23:00:00,0.000000000,0.191169857,0.233287232,0.237209265,0.246188978,0.266142002,0.000000000
2544,2020-04-16 00:00:00,0.000000000,0.191185281,0.233205626,0.237120496,0.246081904,0.265983357,0.000000000
2545,2020-04-16 01:00:00,0.000000000,0.191199579,0.233129846,0.237038074,0.245982515,0.265836216,0.000000000
2546,2020-04-16 02:00:00,0.000000000,0.191213235,0.233057356,0.236959239,0.245887477,0.265695619,0.000000000
2547,2020-04-16 03:00:00,0.000000000,0.191226372,0.232987506,0.236883284,0.245795936,0.265560291,0.000000000
2548,2020-04-16 04:00:00,0.000000000,0.191239066,0.232919913,0.236809791,0.245707385,0.265429472,0.000000000
2549,2020-04-16 05:00:00,0.000000000,0.191251350,0.232854408,0.236738575,0.245621598,0.265302820,0.000000000
2550,2020-04-16 06:00:00,0.000000000,0.191263410,0.232790008,0.236668566,0.245537287,0.265178427,0.000000000
2551,2020-04-16 07:00:00,0.000000000,0.191274983,0.232728122,0.236601298,0.245456294,0.265059004,0.000000000
2552,2020-04-16 08:00:00,0.000000000,0.191286530,0.232666295,0.236534100,0.245375405,0.264939805,0.000000000
2553,2020-04-16 09:00:00,0.000000000,0.191297694,0.232606433,0.236469043,0.245297112,0.264824502,0.000000000
2554,2020-04-16 10:00:00,0.000000000,0.191308610,0.232547829,0.236405360,0.245220488,0.264711721,0.000000000
2555,2020-04-16 11:00:00,0.000000000,0.191321332,0.232479439,0.236331049,0.245131097,0.264580233,0.000000000
2556,2020-04-16 12:00:00,0.000000000,0.191334893,0.232406422,0.236251719,0.245035694,0.264439996,0.000000000
2557,2020-04-16 13:00:00,0.000000000,0.191349312,0.232328659,0.236167241,0.244934130,0.264290813,0.000000000
2558,2020-04-16 14:00:00,0.000000000,0.191366715,0.232234629,0.236065106,0.244811375,0.264110653,0.000000000
2559,2020-04-16 15:00:00,0.000000000,0.191385920,0.232130636,0.235952166,0.244675682,0.263911698,0.000000000
2560,2020-04-16 16:00:00,0.000000000,0.191407982,0.232010887,0.235822135,0.244519521,0.263682977,0.000000000
2561,2020-04-16 17:00:00,0.000000000,0.191430505,0.231888310,0.235689058,0.244359773,0.263449276,0.000000000
2562,2020-04-16 18:00:00,0.000000000,0.191451916,0.231771483,0.235562246,0.244207611,0.263226928,0.000000000
2563,2020-04-16 19:00:00,0.000000000,0.191472281,0.231660090,0.235441352,0.244062613,0.263015279,0.000000000
2564,2020-04-16 20:00:00,0.000000000,0.191489504,0.231565678,0.235338903,0.243939782,0.262836162,0.000000000
2565,2020-04-16 21:00:00,0.000000000,0.191504194,0.231484990,0.235251358,0.243834854,0.262683281,0.000000000
2566,2020-04-16 22:00:00,0.000000000,0.191516331,0.231418227,0.235178929,0.243748067,0.262556918,0.000000000
2567,2020-04-16 23:00:00,0.000000000,0.191528328,0.231352135,0.235107235,0.243662181,0.262431946,0.000000000
2568,2020-04-17 00:00:00,0.000000000,0.191533499,0.231323616,0.235076302,0.243625130,0.262378058,0.000000000
2569,2020-04-17 01:00:00,0.000000000,0.191538036,0.231298584,0.235049151,0.243592614,0.262330777,0.000000000
2570,2020-04-17 02:00:00,0.000000000,0.191541797,0.231277821,0.235026631,0.243565645,0.262291571,0.000000000
2571,2020-04-17 03:00:00,0.000000000,0.191545422,0.231257797,0.235004914,0.243539640,0.262253774,0.000000000
2572,2020-04-17 04:00:00,0.000000000,0.191549074,0.231237623,0.234983035,0.243513443,0.262215704,0.000000000
2573,2020-04-17 05:00:00,0.000000000,0.191552874,0.231216613,0.234960249,0.243486162,0.262176067,0.000000000
2574,2020-04-17 06:00:00,0.000000000,0.191555648,0.231201276,0.234943616,0.243466250,0.262147141,0.000000000
2575,2020-04-17 07:00:00,0.000000000,0.191558341,0.231186378,0.234927460,0.243446910,0.262119049,0.000000000
2576,2020-04-17 08:00:00,0.000000000,0.191560956,0.231171906,0.234911767,0.243428123,0.262091767,0.000000000
2577,2020-04-17 09:00:00,0.000000000,0.191563496,0.231157849,0.234896522,0.243409876,0.262065270,0.000000000
2578,2020-04-17 10:00:00,0.000000000,0.191565962,0.231144194,0.234881715,0.243392153,0.262039538,0.000000000
2579,2020-04-17 11:00:00,0.000000000,0.191568360,0.231130914,0.234867315,0.243374918,0.262014518,0.000000000
2580,2020-04-17 12:00:00,0.000000000,0.191570712,0.231117883,0.234853185,0.243358006,0.261989971,0.000000000
2581,2020-04-17 13:00:00,0.000000000,0.191573586,0.231101956,0.234835914,0.243337338,0.261959974,0.000000000
2582,2020-04-17 14:00:00,0.000000000,0.191585366,0.231036616,0.234765070,0.243252567,0.261836991,0.000000000
2583,2020-04-17 15:00:00,0.000000000,0.191598517,0.230963561,0.234685867,0.243157818,0.261699620,0.000000000
2584,2020-04-17 16:00:00,0.000000000,0.191613616,0.230879547,0.234594794,0.243048899,0.261541822,0.000000000
2585,2020-04-17 17:00:00,0.000000000,0.191628693,0.230795503,0.234503699,0.242939989,0.261384159,0.000000000
2586,2020-04-17 18:00:00,0.000000000,0.191644118,0.230709359,0.234410341,0.242828405,0.261222754,0.000000000
2587,2020-04-17 19:00:00,0.000000000,0.191659663,0.230622382,0.234316092,0.242715792,0.261059990,0.000000000
2588,2020-04-17 20:00:00,0.000000000,0.191670421,0.230562096,0.234250772,0.242637765,0.260947292,0.000000000
2589,2020-04-17 21:00:00,0.000000000,0.191681315,0.230500968,0.234184545,0.242558672,0.260833118,0.000000000
2590,2020-04-17 22:00:00,0.000000000,0.191690858,0.230447357,0.234126468,0.242489326,0.260733067,0.000000000
2591,2020-04-17 23:00:00,0.000000000,0.191698454,0.230404639,0.234080193,0.242434083,0.260653399,0.000000000
2592,2020-04-18 00:00:00,0.000000000,0.191703055,0.230378743,0.234052143,0.242400600,0.260605127,0.000000000
2593,2020-04-18 01:00:00,0.000000000,0.191706408,0.230359862,0.234031693,0.242376191,0.260569944,0.000000000
2594,2020-04-18 02:00:00,0.000000000,0.191710955,0.230334248,0.234003949,0.242343079,0.260522227,0.436409334
2595,2020-04-18 03:00:00,0.000000000,0.191683627,0.230487989,0.234170484,0.242541882,0.260808889,1.175969351
2596,2020-04-18 04:00:00,0.000000000,0.191610562,0.230896551,0.234613226,0.243070941,0.261573745,1.985249264
2597,2020-04-18 05:00:00,1.215789557,0.191491943,0.231552288,0.235324375,0.243922367,0.262810781,0.000000000
2598,2020-04-18 06:00:00,0.743560195,0.191497821,0.231520010,0.235289353,0.243880390,0.262749613,1.215789632
2599,2020-04-18 07:00:00,1.034446478,0.191426479,0.231910243,0.235712868,0.244388350,0.263491062,0.743560247
2600,2020-04-18 08:00:00,1.575930476,0.191385545,0.232132667,0.235954371,0.244678332,0.263915580,0.558491314
2601,2020-04-18 09:00:00,2.130817175,0.191356844,0.232287985,0.236123059,0.244881023,0.264212851,0.404119618
2602,2020-04-18 10:00:00,2.317456007,0.191338831,0.232385196,0.236228659,0.245007968,0.264399259,0.407943401
2603,2020-04-18 11:00:00,2.154631853,0.191321079,0.232480798,0.236332526,0.245132874,0.264582845,0.473668848
2604,2020-04-18 12:00:00,2.073556662,0.191299593,0.232596248,0.236457975,0.245283793,0.264804894,0.489291705
2605,2020-04-18 13:00:00,1.779160261,0.191277730,0.232713419,0.236585317,0.245437056,0.265030647,1.173303144
2606,2020-04-18 14:00:00,1.356346130,0.191213301,0.233057001,0.236958854,0.245887013,0.265694932,0.683146749
2607,2020-04-18 15:00:00,0.697301507,0.191181339,0.233226499,0.237143200,0.246109287,0.266023916,0.873920942
2608,2020-04-18 16:00:00,0.178262740,0.191138100,0.233454798,0.237391574,0.246408985,0.266468377,0.697301545
2609,2020-04-18 17:00:00,0.127776742,0.191107707,0.233614597,0.237565474,0.246618975,0.266780404,0.178262755
2610,2020-04-18 18:00:00,0.094407998,0.191112735,0.233588199,0.237536743,0.246584272,0.266728805,0.127776752
2611,2020-04-18 19:00:00,0.069836520,0.191121081,0.233544348,0.237489020,0.246526639,0.266643139,0.094408001
2612,2020-04-18 20:00:00,0.048509151,0.191131849,0.233487709,0.237427385,0.246452219,0.266532577,0.069836521
2613,2020-04-18 21:00:00,0.034359973,0.191143162,0.233428131,0.237362556,0.246373958,0.266416379,0.048509155
2614,2020-04-18 22:00:00,0.022493694,0.191155665,0.233362192,0.237290814,0.246287374,0.266287901,0.034359974
2615,2020-04-18 23:00:00,0.013131252,0.191168242,0.233295771,0.237218554,0.246200185,0.266158614,0.022493695
2616,2020-04-19 00:00:00,0.008451780,0.191180809,0.233229304,0.237146251,0.246112966,0.266029367,0.013623239
2617,2020-04-19 01:00:00,0.007589024,0.191193584,0.233161635,0.237072649,0.246024203,0.265897920,0.008451780
2618,2020-04-19 02:00:00,0.006390357,0.191206411,0.233093593,0.236998647,0.245934981,0.265765883,0.007589025
2619,2020-04-19 03:00:00,0.005505392,0.191218965,0.233026900,0.236926121,0.245847560,0.265636597,0.006390357
2620,2020-04-19 04:00:00,0.006251401,0.191231308,0.232961233,0.236854717,0.245761513,0.265509426,0.005505393
2621,2020-04-19 05:00:00,0.006311466,0.191244178,0.232892667,0.236780168,0.245671699,0.265376777,0.006251401
2622,2020-04-19 06:00:00,0.004677300,0.191256220,0.232828414,0.236710316,0.245587564,0.265252596,0.006311466
2623,2020-04-19 07:00:00,0.003681986,0.191267680,0.232767186,0.236643759,0.245507416,0.265134374,0.004677301
2624,2020-04-19 08:00:00,0.002997986,0.191278726,0.232708090,0.236579525,0.245430084,0.265020372,0.003681986
2625,2020-04-19 09:00:00,0.003911182,0.191289269,0.232651612,0.236518143,0.245356200,0.264911516,0.000000000
2626,2020-04-19 10:00:00,0.002113465,0.191299748,0.232595414,0.236457069,0.245282704,0.264803290,0.000000000
2627,2020-04-19 11:00:00,0.004533188,0.191309917,0.232540809,0.236397732,0.245211311,0.264698219,0.002113465
2628,2020-04-19 12:00:00,0.017248800,0.191319668,0.232488391,0.236340775,0.245142796,0.264597436,0.004533188
2629,2020-04-19 13:00:00,0.023012174,0.191331699,0.232423629,0.236270413,0.245058173,0.264473030,0.017248801
2630,2020-04-19 14:00:00,0.017615726,0.191347723,0.232337235,0.236176558,0.244945330,0.264307258,0.023012176
2631,2020-04-19 15:00:00,0.011080947,0.191366716,0.232234622,0.236065099,0.244811366,0.264110641,0.017615728
2632,2020-04-19 16:00:00,0.005903864,0.191388735,0.232115374,0.235935592,0.244655774,0.263882524,0.011080947
2633,2020-04-19 17:00:00,0.002931654,0.191411443,0.231992069,0.235801704,0.244494991,0.263647073,0.005903864
2634,2020-04-19 18:00:00,0.001339972,0.191434700,0.231865444,0.235664236,0.244329984,0.263405727,0.002931654
2635,2020-04-19 19:00:00,0.000511971,0.191457858,0.231739008,0.235526998,0.244165330,0.263165189,0.001339972
2636,2020-04-19 20:00:00,0.000245056,0.191476668,0.231636061,0.235415277,0.244031345,0.262969669,0.000511971
2637,2020-04-19 21:00:00,0.000086811,0.191493154,0.231545639,0.235317161,0.243913719,0.262798178,0.000245056
2638,2020-04-19 22:00:00,0.000043599,0.191505615,0.231477177,0.235242882,0.243824697,0.262668487,0.000086811
2639,2020-04-19 23:00:00,0.000022948,0.191515618,0.231422151,0.235183186,0.243753167,0.262564342,0.000043599
2640,2020-04-20 00:00:00,0.000014255,0.191522862,0.231382260,0.235139913,0.243701325,0.262488894,0.000022948
2641,2020-04-20 01:00:00,0.000009508,0.191528979,0.231348543,0.235103339,0.243657514,0.262425157,0.000014255
2642,2020-04-20 02:00:00,0.000006294,0.191534734,0.231316802,0.235068911,0.243616279,0.262365186,0.000009508
2643,2020-04-20 03:00:00,0.000003747,0.191540211,0.231286579,0.235036130,0.243577020,0.262308106,0.000006294
2644,2020-04-20 04:00:00,0.000002599,0.191543663,0.231267518,0.235015457,0.243552265,0.262272122,0.000003747
2645,2020-04-20 05:00:00,0.000002016,0.191547314,0.231247348,0.234993581,0.243526071,0.262234053,0.000002599
2646,2020-04-20 06:00:00,0.000001293,0.191550728,0.231228479,0.234973118,0.243501570,0.262198451,0.000002016
2647,2020-04-20 07:00:00,0.000000000,0.191553887,0.231211011,0.234954174,0.243478890,0.262165501,0.000001293
2648,2020-04-20 08:00:00,0.000000000,0.191556718,0.231195355,0.234937195,0.243458563,0.262135975,0.001584559
2649,2020-04-20 09:00:00,0.000000000,0.191559277,0.231181200,0.234921845,0.243440188,0.262109287,0.000195703
2650,2020-04-20 10:00:00,0.000000000,0.191561852,0.231166948,0.234906389,0.243421687,0.262082419,0.000000000
2651,2020-04-20 11:00:00,0.000000000,0.191565267,0.231148040,0.234885886,0.243397145,0.262046785,0.000000000
2652,2020-04-20 12:00:00,0.000000000,0.191571999,0.231110750,0.234845450,0.243348749,0.261976535,0.000000000
2653,2020-04-20 13:00:00,0.000000000,0.191580285,0.231064812,0.234795640,0.243289144,0.261890047,0.000000000
2654,2020-04-20 14:00:00,0.000000000,0.191588838,0.231017339,0.234744170,0.243227562,0.261800729,0.000000000
2655,2020-04-20 15:00:00,0.000000000,0.191599732,0.230956806,0.234678544,0.243149059,0.261686926,0.000000000
2656,2020-04-20 16:00:00,0.000000000,0.191615582,0.230868596,0.234582923,0.243034706,0.261521268,0.000000000
2657,2020-04-20 17:00:00,0.000000000,0.191632507,0.230774219,0.234480632,0.242912414,0.261344261,0.000000000
2658,2020-04-20 18:00:00,0.000000000,0.191649094,0.230681535,0.234380189,0.242792374,0.261170663,0.000000000
2659,2020-04-20 19:00:00,0.000000000,0.191663426,0.230601306,0.234293255,0.242688511,0.261020579,0.000000000
2660,2020-04-20 20:00:00,0.000000000,0.191674173,0.230541056,0.234227976,0.242610538,0.260907982,0.000000000
2661,2020-04-20 21:00:00,0.000000000,0.191677832,0.230520520,0.234205727,0.242583968,0.260869626,0.000000000
2662,2020-04-20 22:00:00,0.000000000,0.191680694,0.230504457,0.234188325,0.242563186,0.260839632,0.000000000
2663,2020-04-20 23:00:00,0.000000000,0.191682540,0.230494089,0.234177093,0.242549773,0.260820276,0.000000000
2664,2020-04-21 00:00:00,0.000000000,0.191682925,0.230491931,0.234174754,0.242546981,0.260816247,0.000000000
2665,2020-04-21 01:00:00,0.000000000,0.191683308,0.230489777,0.234172421,0.242544195,0.260812226,0.000000000
2666,2020-04-21 02:00:00,0.000000000,0.191683561,0.230488355,0.234170881,0.242542355,0.260809572,0.000000000
2667,2020-04-21 03:00:00,0.000000000,0.191683755,0.230488355,0.234170881,0.242542355,0.260809572,0.000000000
2668,2020-04-21 04:00:00,0.000000000,0.191683837,0.230488355,0.234170881,0.242542355,0.260809572,0.000939439
2669,2020-04-21 05:00:00,0.000000000,0.191683467,0.230488355,0.234170881,0.242542355,0.260809572,0.000773459
2670,2020-04-21 06:00:00,0.000000000,0.191683162,0.230488355,0.234170881,0.242542355,0.260809572,0.001735852
2671,2020-04-21 07:00:00,0.000000000,0.191683378,0.230489385,0.234171997,0.242543688,0.260811495,0.001504198
2672,2020-04-21 08:00:00,0.000000000,0.191683278,0.230489948,0.234172607,0.242544417,0.260812547,0.000957035
2673,2020-04-21 09:00:00,0.000000000,0.191682901,0.230489948,0.234172607,0.242544417,0.260812547,0.000102606
2674,2020-04-21 10:00:00,0.000000000,0.191682860,0.230489948,0.234172607,0.242544417,0.260812547,0.000000000
2675,2020-04-21 11:00:00,0.000000000,0.191683229,0.230489948,0.234172607,0.242544417,0.260812547,0.000000000
2676,2020-04-21 12:00:00,0.000000000,0.191684619,0.230482412,0.234164443,0.242534668,0.260798479,0.000000000
2677,2020-04-21 13:00:00,0.000000000,0.191689226,0.230456531,0.234136406,0.242501192,0.260750183,0.000000000
2678,2020-04-21 14:00:00,0.000000000,0.191697205,0.230411664,0.234087803,0.242443166,0.260666496,0.000000000
2679,2020-04-21 15:00:00,0.000000000,0.191704264,0.230371934,0.234044768,0.242391797,0.260592438,0.116899821
2680,2020-04-21 16:00:00,0.000000000,0.191700960,0.230390532,0.234064913,0.242415843,0.260627101,0.000000000
2681,2020-04-21 17:00:00,0.000000000,0.191707759,0.230352251,0.234023448,0.242366351,0.260555762,0.181877195
2682,2020-04-21 18:00:00,0.000000000,0.191699849,0.230396788,0.234071690,0.242423932,0.260638763,2.253464640
2683,2020-04-21 19:00:00,0.000000000,0.191565147,0.231148709,0.234886611,0.243398013,0.262048046,1.825301842
2684,2020-04-21 20:00:00,0.000000000,0.191456379,0.231747097,0.235535778,0.244175862,0.263180565,4.551267011
2685,2020-04-21 21:00:00,0.000000000,0.191205122,0.233100434,0.237006087,0.245943950,0.265779151,2.698407820
2686,2020-04-21 22:00:00,0.000000000,0.191054064,0.233895275,0.237871024,0.246988243,0.267330327,0.000000000
2687,2020-04-21 23:00:00,0.000000000,0.191073610,0.233793204,0.237759892,0.246853890,0.267130065,0.000000000
2688,2020-04-22 00:00:00,0.000000000,0.191092442,0.233694642,0.237652599,0.246724228,0.266936991,0.000000000
2689,2020-04-22 01:00:00,0.000000000,0.191110197,0.233601526,0.237551248,0.246601792,0.266754853,0.000000000
2690,2020-04-22 02:00:00,0.000000000,0.191128140,0.233507230,0.237448627,0.246477865,0.266570671,0.000000000
2691,2020-04-22 03:00:00,0.000000000,0.191146816,0.233408871,0.237341601,0.246348665,0.266378839,0.000000000
2692,2020-04-22 04:00:00,0.000000000,0.191164043,0.233317957,0.237242689,0.246229304,0.266201783,0.000000000
2693,2020-04-22 05:00:00,0.000905763,0.191178949,0.233239146,0.237156956,0.246125879,0.266048497,0.000000000
2694,2020-04-22 06:00:00,0.000737287,0.191193269,0.233163307,0.237074467,0.246026396,0.265901166,0.000905763
2695,2020-04-22 07:00:00,0.000843528,0.191207009,0.233090422,0.236995198,0.245930824,0.265759732,0.000737287
2696,2020-04-22 08:00:00,0.001304175,0.191220356,0.233019509,0.236918083,0.245837873,0.265622275,0.000843528
2697,2020-04-22 09:00:00,0.001785300,0.191233661,0.232948706,0.236841096,0.245745101,0.265485181,0.001304175
2698,2020-04-22 10:00:00,0.002898250,0.191245704,0.232884529,0.236771321,0.245661041,0.265361041,0.001785300
2699,2020-04-22 11:00:00,0.003194065,0.191257368,0.232822283,0.236703651,0.245579537,0.265240752,0.002898250
2700,2020-04-22 12:00:00,0.003209025,0.191268635,0.232762077,0.236638206,0.245500730,0.265124514,0.003194065
2701,2020-04-22 13:00:00,0.003436975,0.191286605,0.232665889,0.236533659,0.245374875,0.264939025,0.003209025
2702,2020-04-22 14:00:00,0.002287458,0.191306643,0.232558397,0.236416843,0.245234303,0.264732051,0.003436975
2703,2020-04-22 15:00:00,0.001558701,0.191326771,0.232450167,0.236299245,0.245092846,0.264523994,0.002287458
2704,2020-04-22 16:00:00,0.001092317,0.191347235,0.232339869,0.236179419,0.244948769,0.264312308,0.001558701
2705,2020-04-22 17:00:00,0.000685017,0.191367938,0.232228011,0.236057918,0.244802737,0.264097983,0.001092317
2706,2020-04-22 18:00:00,0.000377179,0.191388952,0.232114196,0.235934313,0.244654238,0.263880274,0.000685017
2707,2020-04-22 19:00:00,0.000216206,0.191408591,0.232007574,0.235818538,0.244515203,0.263676656,0.000377179
2708,2020-04-22 20:00:00,0.000116073,0.191426916,0.231907864,0.235710285,0.244385250,0.263486528,0.000216206
2709,2020-04-22 21:00:00,0.000062435,0.191442290,0.231824044,0.235619296,0.244276058,0.263326915,0.000116073
2710,2020-04-22 22:00:00,0.000052047,0.191455203,0.231753525,0.235542754,0.244184229,0.263192783,0.000062435
2711,2020-04-22 23:00:00,0.000022616,0.191470789,0.231668263,0.235450221,0.244073248,0.263030795,0.000052047
2712,2020-04-23 00:00:00,0.000053016,0.191477434,0.231631865,0.235410723,0.244025885,0.262961704,0.000022616
2713,2020-04-23 01:00:00,0.000093396,0.191484228,0.231594617,0.235370304,0.243977425,0.262891038,0.000053016
2714,2020-04-23 02:00:00,0.000126760,0.191490832,0.231558385,0.235330991,0.243930297,0.262822338,0.000093396
2715,2020-04-23 03:00:00,0.000182404,0.191496767,0.231525800,0.235295636,0.243887919,0.262760583,0.000126760
2716,2020-04-23 04:00:00,0.000235998,0.191502354,0.231495105,0.235262333,0.243848006,0.262702436,0.000182404
2717,2020-04-23 05:00:00,0.000308984,0.191507533,0.231466632,0.235231441,0.243810987,0.262648522,0.000000000
2718,2020-04-23 06:00:00,0.000300058,0.191511621,0.231444148,0.235207049,0.243781759,0.262605964,0.000000000
2719,2020-04-23 07:00:00,0.000534986,0.191515590,0.231422306,0.235183355,0.243753369,0.262564636,0.000000000
2720,2020-04-23 08:00:00,0.000347399,0.191519443,0.231401089,0.235160338,0.243725793,0.262524500,0.000000000
2721,2020-04-23 09:00:00,0.000380302,0.191523185,0.231380478,0.235137980,0.243699008,0.262485524,0.000000000
2722,2020-04-23 10:00:00,0.000557538,0.191526818,0.231360455,0.235116261,0.243672992,0.262447672,0.000000000
2723,2020-04-23 11:00:00,0.001143137,0.191530346,0.231341005,0.235095163,0.243647721,0.262410913,0.000557538
2724,2020-04-23 12:00:00,0.003624244,0.191533775,0.231322093,0.235074650,0.243623152,0.262375181,0.001143136
2725,2020-04-23 13:00:00,0.003487996,0.191537834,0.231299696,0.235050356,0.243594057,0.262332876,0.003624244
2726,2020-04-23 14:00:00,0.003025672,0.191541993,0.231276740,0.235025459,0.243564242,0.262289531,0.003487996
2727,2020-04-23 15:00:00,0.001919764,0.191554695,0.231206547,0.234949333,0.243473094,0.262157082,0.003025672
2728,2020-04-23 16:00:00,0.001390894,0.191567919,0.231133356,0.234869963,0.243378087,0.262019118,0.001919765
2729,2020-04-23 17:00:00,0.000741984,0.191583062,0.231049400,0.234778930,0.243269151,0.261861044,0.001390894
2730,2020-04-23 18:00:00,0.000454728,0.191593655,0.230990586,0.234715165,0.243192864,0.261750420,0.000741984
2731,2020-04-23 19:00:00,0.000246390,0.191605698,0.230923623,0.234642572,0.243106035,0.261624583,0.000454728
2732,2020-04-23 20:00:00,0.000127958,0.191614665,0.230873703,0.234588460,0.243041325,0.261530854,0.000246390
2733,2020-04-23 21:00:00,0.000061601,0.191619470,0.230846933,0.234559443,0.243006631,0.261480618,0.000127958
2734,2020-04-23 22:00:00,0.000041386,0.191621961,0.230833049,0.234544394,0.242988638,0.261454571,0.000061601
2735,2020-04-23 23:00:00,0.000029217,0.191624303,0.230819987,0.234530237,0.242971713,0.261430072,0.000041386
2736,2020-04-24 00:00:00,0.000021401,0.191626144,0.230809721,0.234519110,0.242958410,0.261410818,0.000029217
2737,2020-04-24 01:00:00,0.000014844,0.191627650,0.230801318,0.234510003,0.242947524,0.261395063,0.000021401
2738,2020-04-24 02:00:00,0.000012366,0.191628947,0.230794087,0.234502165,0.242938154,0.261381505,0.000014844
2739,2020-04-24 03:00:00,0.000008190,0.191630053,0.230787912,0.234495472,0.242930154,0.261369928,0.000012366
2740,2020-04-24 04:00:00,0.000006994,0.191631046,0.230782373,0.234489469,0.242922978,0.261359545,0.000008190
2741,2020-04-24 05:00:00,0.000005304,0.191631937,0.230777398,0.234484077,0.242916533,0.261350219,0.007089666
2742,2020-04-24 06:00:00,0.000008154,0.191632182,0.230776029,0.234482594,0.242914759,0.261347654,0.234689324
2743,2020-04-24 07:00:00,0.000007125,0.191617971,0.230855287,0.234568498,0.243017457,0.261496292,1.360844135
2744,2020-04-24 08:00:00,0.000007037,0.191534868,0.231316065,0.235068111,0.243615321,0.262363794,1.325510914
2745,2020-04-24 09:00:00,0.000005038,0.191455772,0.231750412,0.235539376,0.244180177,0.263186866,0.699765161
2746,2020-04-24 10:00:00,0.000005316,0.191416689,0.231963535,0.235770724,0.244457798,0.263592648,0.325586623
2747,2020-04-24 11:00:00,0.000003674,0.191402665,0.232039774,0.235853500,0.244557183,0.263738114,0.000005316
2748,2020-04-24 12:00:00,0.000002901,0.191410291,0.231998331,0.235808503,0.244503153,0.263659020,0.399532823
2749,2020-04-24 13:00:00,0.000002132,0.191391895,0.232098232,0.235916977,0.244633415,0.263849766,0.301668578
2750,2020-04-24 14:00:00,0.000001559,0.191380563,0.232159666,0.235983691,0.244713554,0.263967205,0.000002132
2751,2020-04-24 15:00:00,0.000000000,0.191389990,0.232108565,0.235928198,0.244646893,0.263869512,0.399510134
2752,2020-04-24 16:00:00,0.000000000,0.191373035,0.232200428,0.236027961,0.244766741,0.264045188,0.899672682
2753,2020-04-24 17:00:00,0.000000000,0.191324794,0.232460806,0.236310804,0.245106748,0.264544432,0.799753224
2754,2020-04-24 18:00:00,0.000000000,0.191284339,0.232678030,0.236546854,0.245390756,0.264962421,0.499769902
2755,2020-04-24 19:00:00,0.000000000,0.191262925,0.232792598,0.236671383,0.245540678,0.265183429,0.891277477
2756,2020-04-24 20:00:00,0.000000000,0.191216969,0.233037510,0.236937658,0.245861465,0.265657155,0.184153122
2757,2020-04-24 21:00:00,0.000000000,0.191217869,0.233032729,0.236932459,0.245855199,0.265647891,0.269124422
2758,2020-04-24 22:00:00,0.000000000,0.191213516,0.233055863,0.236957616,0.245885521,0.265692727,0.000000000
2759,2020-04-24 23:00:00,0.000000000,0.191227450,0.232981772,0.236877049,0.245788423,0.265549187,0.000000000
2760,2020-04-25 00:00:00,0.000000000,0.191240084,0.232914489,0.236803894,0.245700280,0.265418979,0.000000000
2761,2020-04-25 01:00:00,0.000000000,0.191252262,0.232849544,0.236733286,0.245615229,0.265293420,0.000000000
2762,2020-04-25 02:00:00,0.000000000,0.191264043,0.232786625,0.236664889,0.245532859,0.265171896,0.000000000
2763,2020-04-25 03:00:00,0.000000000,0.191275707,0.232724248,0.236597087,0.245451225,0.265051532,0.000000000
2764,2020-04-25 04:00:00,0.000000000,0.191286958,0.232664002,0.236531608,0.245372406,0.264935387,0.000000000
2765,2020-04-25 05:00:00,0.000000000,0.191297831,0.232605699,0.236468246,0.245296152,0.264823089,0.000000000
2766,2020-04-25 06:00:00,0.000000000,0.191308514,0.232548347,0.236405923,0.245221165,0.264712718,0.000000000
2767,2020-04-25 07:00:00,0.001390147,0.191318869,0.232492684,0.236345440,0.245148407,0.264605687,0.003124042
2768,2020-04-25 08:00:00,0.001187376,0.191328267,0.232442114,0.236290496,0.245082325,0.264508528,0.003953708
2769,2020-04-25 09:00:00,0.001076525,0.191337332,0.232393278,0.236237439,0.245018524,0.264414768,0.002229839
2770,2020-04-25 10:00:00,0.000826785,0.191346245,0.232345208,0.236185219,0.244955742,0.264322548,0.001235354
2771,2020-04-25 11:00:00,0.002062785,0.191354963,0.232298147,0.236134097,0.244894290,0.264232324,0.003002530
2772,2020-04-25 12:00:00,0.004157268,0.191363605,0.232251442,0.236083368,0.244833320,0.264142849,0.002062785
2773,2020-04-25 13:00:00,0.005059259,0.191372801,0.232201698,0.236029340,0.244768397,0.264047617,0.004157268
2774,2020-04-25 14:00:00,0.003430743,0.191385190,0.232134592,0.235956461,0.244680843,0.263919260,0.005059260
2775,2020-04-25 15:00:00,0.002694920,0.191398449,0.232062666,0.235878357,0.244587033,0.263781825,0.003430743
2776,2020-04-25 16:00:00,0.001549370,0.191413655,0.231980039,0.235788642,0.244479309,0.263624123,0.002694920
2777,2020-04-25 17:00:00,0.000850802,0.191429290,0.231894930,0.235696245,0.244368398,0.263461886,0.001549370
2778,2020-04-25 18:00:00,0.000348851,0.191448065,0.231792516,0.235585075,0.244234999,0.263266931,0.000850802
2779,2020-04-25 19:00:00,0.000153596,0.191463212,0.231709731,0.235495225,0.244127219,0.263109555,0.000348851
2780,2020-04-25 20:00:00,0.000068082,0.191475592,0.231641954,0.235421671,0.244039012,0.262980851,0.000153596
2781,2020-04-25 21:00:00,0.000023765,0.191490316,0.231561220,0.235334066,0.243933983,0.262827711,0.000068082
2782,2020-04-25 22:00:00,0.000012224,0.191501341,0.231500671,0.235268371,0.243855242,0.262712977,0.000023765
2783,2020-04-25 23:00:00,0.000006105,0.191510476,0.231450449,0.235213885,0.243789949,0.262617889,0.000012224
2784,2020-04-26 00:00:00,0.000003110,0.191516979,0.231414658,0.235175058,0.243743429,0.262550167,0.000006105
2785,2020-04-26 01:00:00,0.000001977,0.191522632,0.231383525,0.235141285,0.243702969,0.262491286,0.000003110
2786,2020-04-26 02:00:00,0.000001347,0.191527342,0.231357567,0.235113127,0.243669239,0.262442213,0.000001977
2787,2020-04-26 03:00:00,0.000000000,0.191531525,0.231334505,0.235088112,0.243639276,0.262398631,0.000001347
2788,2020-04-26 04:00:00,0.000000000,0.191535326,0.231313539,0.235065371,0.243612039,0.262359021,0.000000000
2789,2020-04-26 05:00:00,0.000000000,0.191538974,0.231293404,0.235043533,0.243585886,0.262320995,0.000000000
2790,2020-04-26 06:00:00,0.000000000,0.191542560,0.231273608,0.235022062,0.243560174,0.262283618,0.000000000
2791,2020-04-26 07:00:00,0.000000000,0.191546344,0.231252708,0.234999395,0.243533032,0.262244170,0.000000000
2792,2020-04-26 08:00:00,0.000000000,0.191549799,0.231233614,0.234978686,0.243508237,0.262208138,0.000000000
2793,2020-04-26 09:00:00,0.000000000,0.191554002,0.231210380,0.234953489,0.243478070,0.262164310,0.000000000
2794,2020-04-26 10:00:00,0.000000000,0.191557311,0.231192078,0.234933641,0.243454308,0.262129795,0.000000000
2795,2020-04-26 11:00:00,0.000000000,0.191561118,0.231171010,0.234910795,0.243426960,0.262090077,0.000000000
2796,2020-04-26 12:00:00,0.000000000,0.191566330,0.231142157,0.234879506,0.243389509,0.262035700,0.000000000
2797,2020-04-26 13:00:00,0.000000000,0.191570057,0.231121514,0.234857121,0.243362718,0.261996809,0.000000000
2798,2020-04-26 14:00:00,0.000000000,0.191575944,0.231088881,0.234821737,0.243320373,0.261935355,0.000000000
2799,2020-04-26 15:00:00,0.000000000,0.191584981,0.231038754,0.234767387,0.243255340,0.261841012,0.000000000
2800,2020-04-26 16:00:00,0.000000000,0.191594953,0.230983373,0.234707345,0.243183509,0.261736859,0.000000000
2801,2020-04-26 17:00:00,0.000000000,0.191604098,0.230932525,0.234652223,0.243117577,0.261641306,0.057894745
2802,2020-04-26 18:00:00,0.000000000,0.191606332,0.230920098,0.234638751,0.243101466,0.261617964,0.173684222
2803,2020-04-26 19:00:00,0.000000000,0.191598707,0.230962509,0.234684727,0.243156454,0.261697643,0.000000000
2804,2020-04-26 20:00:00,0.000000000,0.191602320,0.230942417,0.234662946,0.243130403,0.261659890,0.356412883
2805,2020-04-26 21:00:00,0.000000000,0.191582369,0.231053247,0.234783101,0.243274140,0.261868282,1.274307738
2806,2020-04-26 22:00:00,0.000000000,0.191505937,0.231475409,0.235240964,0.243822397,0.262665138,0.765873688
2807,2020-04-26 23:00:00,0.000000000,0.191462742,0.231712300,0.235498013,0.244130563,0.263114436,0.000000000
2808,2020-04-27 00:00:00,0.000000000,0.191470223,0.231671360,0.235453582,0.244077278,0.263036676,0.000000000
2809,2020-04-27 01:00:00,0.000000000,0.191477169,0.231633313,0.235412294,0.244027769,0.262964452,0.000000000
2810,2020-04-27 02:00:00,0.000000000,0.191483572,0.231598215,0.235374209,0.243982107,0.262897864,0.000000000
2811,2020-04-27 03:00:00,0.000000000,0.191489712,0.231564534,0.235337662,0.243938294,0.262833994,0.000000000
2812,2020-04-27 04:00:00,0.000000000,0.191495430,0.231533146,0.235303606,0.243897472,0.262774502,0.000000000
2813,2020-04-27 05:00:00,0.000000000,0.191501226,0.231501306,0.235269060,0.243856068,0.262714180,0.000000000
2814,2020-04-27 06:00:00,0.000000000,0.191506498,0.231472326,0.235237619,0.243818390,0.262659302,0.000000000
2815,2020-04-27 07:00:00,0.000000000,0.191512077,0.231441636,0.235204325,0.243778494,0.262601211,0.000000000
2816,2020-04-27 08:00:00,0.000000000,0.191517443,0.231412104,0.235172288,0.243740109,0.262545336,0.000000000
2817,2020-04-27 09:00:00,0.000000000,0.191522807,0.231382561,0.235140239,0.243701716,0.262489463,0.000000000
2818,2020-04-27 10:00:00,0.000000000,0.191527877,0.231354618,0.235109929,0.243665408,0.262436640,0.000000000
2819,2020-04-27 11:00:00,0.000000000,0.191533072,0.231325973,0.235078858,0.243628192,0.262382510,0.000000000
2820,2020-04-27 12:00:00,0.000000000,0.191538665,0.231295113,0.235045386,0.243588105,0.262324221,0.000000000
2821,2020-04-27 13:00:00,0.000000000,0.191544003,0.231265637,0.235013416,0.243549822,0.262268571,0.000000000
2822,2020-04-27 14:00:00,0.000000000,0.191549334,0.231236182,0.234981471,0.243511572,0.262212984,0.000000000
2823,2020-04-27 15:00:00,0.000000000,0.191554369,0.231208349,0.234951287,0.243475434,0.262160481,0.065740706
2824,2020-04-27 16:00:00,0.000000000,0.191554940,0.231205189,0.234947860,0.243471331,0.262154521,0.181530183
2825,2020-04-27 17:00:00,0.000000000,0.191547748,0.231244950,0.234990980,0.243522957,0.262229528,0.061798355
2826,2020-04-27 18:00:00,0.000000000,0.191548819,0.231239029,0.234984559,0.243515268,0.262218355,0.078876579
2827,2020-04-27 19:00:00,0.000000000,0.191549182,0.231239029,0.234984559,0.243515268,0.262218355,0.000000000
2828,2020-04-27 20:00:00,0.000000000,0.191553773,0.231211646,0.234954862,0.243479713,0.262166698,0.000000000
2829,2020-04-27 21:00:00,0.000000000,0.191558007,0.231188224,0.234929462,0.243449306,0.262122529,0.000000000
2830,2020-04-27 22:00:00,0.000000000,0.191562571,0.231162967,0.234902072,0.243416520,0.262074917,0.000000000
2831,2020-04-27 23:00:00,0.000000000,0.191566828,0.231139398,0.234876515,0.243385928,0.262030502,0.000000000
2832,2020-04-28 00:00:00,0.000000000,0.191570661,0.231118166,0.234853491,0.243358373,0.261990503,0.000000000
2833,2020-04-28 01:00:00,0.000000000,0.191574228,0.231098398,0.234832057,0.243332722,0.261953275,0.000000000
2834,2020-04-28 02:00:00,0.000000000,0.191577832,0.231078412,0.234810386,0.243306790,0.261915647,0.000000000
2835,2020-04-28 03:00:00,0.000000000,0.191581220,0.231059622,0.234790013,0.243282411,0.261880279,0.115789490
2836,2020-04-28 04:00:00,0.000000000,0.191576935,0.231083387,0.234815781,0.243313244,0.261925012,0.186175043
2837,2020-04-28 05:00:00,0.000000000,0.191568086,0.231132432,0.234868960,0.243376887,0.262017377,0.000000000
2838,2020-04-28 06:00:00,0.000000000,0.191571239,0.231114964,0.234850020,0.243354219,0.261984474,0.161065286
2839,2020-04-28 07:00:00,0.000000000,0.191563616,0.231157182,0.234895799,0.243409010,0.262064013,0.468649068
2840,2020-04-28 08:00:00,0.000000000,0.191536733,0.231305776,0.235056951,0.243601955,0.262344359,0.400570636
2841,2020-04-28 09:00:00,0.000000000,0.191514654,0.231427459,0.235188944,0.243760066,0.262574384,0.095633555
2842,2020-04-28 10:00:00,0.000000000,0.191512876,0.231437242,0.235199558,0.243772783,0.262592896,0.000000000
2843,2020-04-28 11:00:00,0.000000000,0.191517419,0.231412235,0.235172429,0.243740279,0.262545583,0.000000000
2844,2020-04-28 12:00:00,0.000000000,0.191521872,0.231387710,0.235145825,0.243708407,0.262499200,0.000000000
2845,2020-04-28 13:00:00,0.000000000,0.191527576,0.231356279,0.235111731,0.243667566,0.262439779,0.000000000
2846,2020-04-28 14:00:00,0.000000000,0.191535389,0.231313190,0.235064992,0.243611586,0.262358362,0.000000000
2847,2020-04-28 15:00:00,0.000000000,0.191548599,0.231240247,0.234985880,0.243516851,0.262220655,0.000000000
2848,2020-04-28 16:00:00,0.000000000,0.191564715,0.231151097,0.234889201,0.243401113,0.262052546,0.000000000
2849,2020-04-28 17:00:00,0.000000000,0.191580767,0.231062137,0.234792740,0.243285674,0.261885012,0.000000000
2850,2020-04-28 18:00:00,0.000000000,0.191594815,0.230984139,0.234708176,0.243184503,0.261738300,0.000000000
2851,2020-04-28 19:00:00,0.000000000,0.191606743,0.230917811,0.234636272,0.243098501,0.261613668,0.000000000
2852,2020-04-28 20:00:00,0.000000000,0.191615268,0.230870343,0.234584817,0.243036970,0.261524546,0.000000000
2853,2020-04-28 21:00:00,0.000000000,0.191619144,0.230848747,0.234561409,0.243008981,0.261484021,0.000000000
2854,2020-04-28 22:00:00,0.000000000,0.191621466,0.230835807,0.234547383,0.242992212,0.261459744,0.000000000
2855,2020-04-28 23:00:00,0.000000000,0.191623093,0.230826739,0.234537555,0.242980461,0.261442734,0.000000000
2856,2020-04-29 00:00:00,0.000000000,0.191625354,0.230814127,0.234523886,0.242964120,0.261419082,0.000000000
2857,2020-04-29 01:00:00,0.000000000,0.191628644,0.230795775,0.234503995,0.242940342,0.261384670,0.000000000
2858,2020-04-29 02:00:00,0.000000000,0.191629390,0.230791611,0.234499482,0.242934947,0.261376863,0.001466658
2859,2020-04-29 03:00:00,0.000000000,0.191629861,0.230788982,0.234496633,0.242931541,0.261371935,0.001408290
2860,2020-04-29 04:00:00,0.000000000,0.191630323,0.230786408,0.234493843,0.242928206,0.261367109,0.002201397
2861,2020-04-29 05:00:00,0.000000000,0.191630719,0.230784195,0.234491444,0.242925339,0.261362961,0.003345726
2862,2020-04-29 06:00:00,0.000000000,0.191631030,0.230782462,0.234489565,0.242923093,0.261359711,0.003021597
2863,2020-04-29 07:00:00,0.000000000,0.191631353,0.230780660,0.234487613,0.242920759,0.261356334,0.003085516
2864,2020-04-29 08:00:00,0.000000000,0.191631662,0.230778933,0.234485742,0.242918522,0.261353098,0.003935701
2865,2020-04-29 09:00:00,0.000000000,0.191631907,0.230777565,0.234484258,0.242916749,0.261350533,0.005069246
2866,2020-04-29 10:00:00,0.000000000,0.191632072,0.230776647,0.234483264,0.242915561,0.261348813,0.003140278
2867,2020-04-29 11:00:00,0.000000000,0.191632357,0.230775055,0.234481539,0.242913499,0.261345830,0.000000000
2868,2020-04-29 12:00:00,0.000000000,0.191633219,0.230770243,0.234476323,0.242907264,0.261336809,0.000560614
2869,2020-04-29 13:00:00,0.000000000,0.191634925,0.230760719,0.234466001,0.242894926,0.261318961,0.000000000
2870,2020-04-29 14:00:00,0.000000000,0.191640932,0.230727167,0.234429640,0.242851469,0.261256104,0.000000000
2871,2020-04-29 15:00:00,0.000000000,0.191653507,0.230656848,0.234353438,0.242760410,0.261124463,0.000000000
2872,2020-04-29 16:00:00,0.000000000,0.191667158,0.230580395,0.234270597,0.242661445,0.260981488,0.000000000
2873,2020-04-29 17:00:00,0.000000000,0.191681253,0.230501316,0.234184922,0.242559122,0.260833768,0.000000000
2874,2020-04-29 18:00:00,0.000000000,0.191695449,0.230421539,0.234098500,0.242455937,0.260684911,0.000000000
2875,2020-04-29 19:00:00,0.000000000,0.191708222,0.230349645,0.234020626,0.242362982,0.260550907,0.000000000
2876,2020-04-29 20:00:00,0.000000000,0.191718892,0.230289500,0.233955485,0.242285245,0.260438909,0.000000000
2877,2020-04-29 21:00:00,0.000000000,0.191727048,0.230243473,0.233905638,0.242225770,0.260353264,0.000000000
2878,2020-04-29 22:00:00,0.000000000,0.191732411,0.230213186,0.233872839,0.242186642,0.260296937,0.000000000
2879,2020-04-29 23:00:00,0.000000000,0.191736163,0.230191982,0.233849878,0.242159252,0.260257518,0.000000000
2880,2020-04-30 00:00:00,0.000000000,0.191740313,0.230168522,0.233824474,0.242128951,0.260213918,0.000000000
2881,2020-04-30 01:00:00,0.000000000,0.191744212,0.230146467,0.233800592,0.242100468,0.260172942,0.000000000
2882,2020-04-30 02:00:00,0.000000000,0.191749553,0.230116240,0.233767864,0.242061437,0.260116805,0.000000000
2883,2020-04-30 03:00:00,0.000000000,0.191753359,0.230094688,0.233744529,0.242033610,0.260076794,0.000000000
2884,2020-04-30 04:00:00,0.000000000,0.191756860,0.230074852,0.233723052,0.242008002,0.260039977,0.000000000
2885,2020-04-30 05:00:00,0.000000000,0.191761380,0.230049232,0.233695314,0.241974931,0.259992443,0.000000000
2886,2020-04-30 06:00:00,0.000000000,0.191763531,0.230037039,0.233682113,0.241959193,0.259969826,0.000000000
2887,2020-04-30 07:00:00,0.000000000,0.191766742,0.230018827,0.233662397,0.241935688,0.259936052,0.000000000
2888,2020-04-30 08:00:00,0.000000000,0.191770716,0.229996275,0.233637982,0.241906585,0.259894241,0.000000000
2889,2020-04-30 09:00:00,0.000000000,0.191773436,0.229980835,0.233621268,0.241886662,0.259865624,0.379058679
2890,2020-04-30 10:00:00,0.000000000,0.191749541,0.230116309,0.233767938,0.242061525,0.260116932,1.244587486
2891,2020-04-30 11:00:00,0.000000000,0.191670819,0.230559867,0.234248356,0.242634879,0.260943125,2.380147816
2892,2020-04-30 12:00:00,0.000000000,0.191528273,0.231352438,0.235107564,0.243662575,0.262432519,0.971351767
2893,2020-04-30 13:00:00,0.000000000,0.191470740,0.231668529,0.235450510,0.244073594,0.263031300,1.366966342
2894,2020-04-30 14:00:00,0.000000000,0.191390960,0.232103304,0.235922485,0.244640031,0.263859457,1.256295036
2895,2020-04-30 15:00:00,0.000000000,0.191319560,0.232488968,0.236341403,0.245143551,0.264598546,0.954208770
2896,2020-04-30 16:00:00,0.000000000,0.191268360,0.232763547,0.236639804,0.245502654,0.265127352,1.068852680
2897,2020-04-30 17:00:00,0.000000000,0.191211388,0.233067164,0.236969906,0.245900334,0.265714634,0.374132750
2898,2020-04-30 18:00:00,0.000000000,0.191200328,0.233125875,0.237033755,0.245977308,0.265828509,0.261695357
2899,2020-04-30 19:00:00,0.000000000,0.191196949,0.233143794,0.237053244,0.246000805,0.265863285,0.000000000
2900,2020-04-30 20:00:00,0.000000000,0.191211129,0.233068544,0.236971406,0.245902143,0.265717309,0.001166998
2901,2020-04-30 21:00:00,0.000000000,0.191223842,0.233000965,0.236897920,0.245813573,0.265586356,0.000000000
2902,2020-04-30 22:00:00,0.000000000,0.191236567,0.232933230,0.236824270,0.245724829,0.265455235,0.000000000
2903,2020-04-30 23:00:00,0.000000000,0.191249461,0.232864488,0.236749533,0.245634797,0.265322301,0.000000000
2904,2020-05-01 00:00:00,0.000000000,0.191261959,0.232797759,0.236676992,0.245547433,0.265193392,0.000000000
2905,2020-05-01 01:00:00,0.000000000,0.191273451,0.232736321,0.236610210,0.245467024,0.265074820,0.000016641
2906,2020-05-01 02:00:00,0.000000000,0.191284396,0.232677728,0.236546526,0.245390362,0.264961841,0.000000000
2907,2020-05-01 03:00:00,0.000000000,0.191295323,0.232619157,0.236482871,0.245313751,0.264849001,0.000000000
2908,2020-05-01 04:00:00,0.000000000,0.191305749,0.232563197,0.236422060,0.245240579,0.264741287,2.137160209
2909,2020-05-01 05:00:00,0.000000000,0.191183062,0.233217374,0.237133275,0.246097316,0.266006184,3.604867061
2910,2020-05-01 06:00:00,0.000000000,0.190981308,0.234273226,0.238282673,0.247486358,0.268074625,5.535216906
2911,2020-05-01 07:00:00,0.000000000,0.190684913,0.235781182,0.239927469,0.249483901,0.271088899,2.695898365
2912,2020-05-01 08:00:00,0.000000000,0.190541815,0.236491554,0.240703647,0.250430646,0.272534530,2.204137058
2913,2020-05-01 09:00:00,0.000000000,0.190430740,0.237035300,0.241298352,0.251157854,0.273652611,1.608939976
2914,2020-05-01 10:00:00,0.000000000,0.190359080,0.237382611,0.241678483,0.251623515,0.274372133,1.308452329
2915,2020-05-01 11:00:00,0.000000000,0.190308520,0.237626038,0.241945038,0.251950437,0.274878968,1.500317796
2916,2020-05-01 12:00:00,0.000000000,0.190246780,0.237921491,0.242268705,0.252347841,0.275496968,0.578181368
2917,2020-05-01 13:00:00,0.000000000,0.190248307,0.237914210,0.242260726,0.252338038,0.275481700,0.001110265
2918,2020-05-01 14:00:00,0.000000000,0.190290674,0.237711642,0.242038801,0.252065512,0.275057705,0.000000000
2919,2020-05-01 15:00:00,0.000000000,0.190332624,0.237510154,0.241818131,0.251794749,0.274637426,0.000000000
2920,2020-05-01 16:00:00,0.000000000,0.190374727,0.237307005,0.241595714,0.251522067,0.274215140,0.000000000
2921,2020-05-01 17:00:00,0.000000000,0.190417747,0.237098471,0.241367478,0.251242485,0.273783170,0.000000000
2922,2020-05-01 18:00:00,0.000000000,0.190460232,0.236891571,0.241141103,0.250965416,0.273356080,0.000000000
2923,2020-05-01 19:00:00,0.000000000,0.190500790,0.236693156,0.240924083,0.250700011,0.272947892,0.000000000
2924,2020-05-01 20:00:00,0.000000000,0.190538012,0.236510281,0.240724120,0.250455655,0.272572869,0.000000000
2925,2020-05-01 21:00:00,0.000000000,0.190571576,0.236344740,0.240543161,0.250234674,0.272234372,0.000000000
2926,2020-05-01 22:00:00,0.000000000,0.190604292,0.236182784,0.240366167,0.250018676,0.271904099,0.000000000
2927,2020-05-01 23:00:00,0.000000000,0.190635959,0.236025469,0.240194287,0.249809053,0.271584131,0.000849233
2928,2020-05-02 00:00:00,0.000000000,0.190666120,0.235875119,0.240030058,0.249608882,0.271279100,0.003356405
2929,2020-05-02 01:00:00,0.000000000,0.190695174,0.235729807,0.239871369,0.249415576,0.270985001,0.003603037
2930,2020-05-02 02:00:00,0.000000000,0.190723317,0.235588606,0.239717203,0.249227887,0.270699885,0.003094343
2931,2020-05-02 03:00:00,0.000000000,0.190750631,0.235451141,0.239567149,0.249045303,0.270422939,0.002793546
2932,2020-05-02 04:00:00,0.000000000,0.190777131,0.235317374,0.239421163,0.248867762,0.270154033,0.000000000
2933,2020-05-02 05:00:00,0.000000000,0.190804286,0.235179883,0.239271144,0.248685414,0.269878241,0.290584018
2934,2020-05-02 06:00:00,0.000000000,0.190811312,0.235144241,0.239232259,0.248638166,0.269806846,0.000000000
2935,2020-05-02 07:00:00,0.000000000,0.190840628,0.234995221,0.239069706,0.248440721,0.269508785,0.000000000
2936,2020-05-02 08:00:00,0.000000000,0.190869646,0.234847236,0.238908319,0.248244805,0.269213493,0.000000000
2937,2020-05-02 09:00:00,0.000000000,0.190897023,0.234707171,0.238755603,0.248059519,0.268934644,0.000000000
2938,2020-05-02 10:00:00,0.000000000,0.190922957,0.234574089,0.238610532,0.247883600,0.268670269,0.000000000
2939,2020-05-02 11:00:00,0.000000000,0.190950183,0.234433956,0.238457806,0.247698497,0.268392485,0.000000000
2940,2020-05-02 12:00:00,0.000000000,0.190979636,0.234281872,0.238292093,0.247497765,0.268091703,0.000000000
2941,2020-05-02 13:00:00,0.000000000,0.191010868,0.234120044,0.238115805,0.247284353,0.267772436,0.000000000
2942,2020-05-02 14:00:00,0.000000000,0.191044760,0.233943783,0.237923844,0.247052117,0.267425609,0.000000000
2943,2020-05-02 15:00:00,0.000000000,0.191082545,0.233746467,0.237709014,0.246792398,0.267038476,0.000000000
2944,2020-05-02 16:00:00,0.000000000,0.191120158,0.233549199,0.237494300,0.246533015,0.266652614,0.000000000
2945,2020-05-02 17:00:00,0.000000000,0.191158079,0.233349453,0.237276954,0.246270649,0.266263094,0.000000000
2946,2020-05-02 18:00:00,0.000000000,0.191194037,0.233159236,0.237070038,0.246021056,0.265893261,0.000000000
2947,2020-05-02 19:00:00,0.000000000,0.191222966,0.233005624,0.236902985,0.245819678,0.265595380,0.000000000
2948,2020-05-02 20:00:00,0.000000000,0.191247291,0.232876065,0.236762119,0.245649957,0.265344679,0.000000000
2949,2020-05-02 21:00:00,0.000000000,0.191263495,0.232789557,0.236668076,0.245536697,0.265177556,0.000000000
2950,2020-05-02 22:00:00,0.000000000,0.191278647,0.232708512,0.236579984,0.245430636,0.265021186,0.000000000
2951,2020-05-02 23:00:00,0.000000000,0.191290923,0.232642748,0.236508509,0.245344605,0.264894438,0.000000000
2952,2020-05-03 00:00:00,0.000000000,0.191302014,0.232583251,0.236443852,0.245266799,0.264779877,0.000000000
2953,2020-05-03 01:00:00,0.000000000,0.191312612,0.232526325,0.236381993,0.245192377,0.264670362,0.000000000
2954,2020-05-03 02:00:00,0.000000000,0.191323006,0.232470431,0.236321262,0.245119326,0.264562924,0.000000000
2955,2020-05-03 03:00:00,0.000000000,0.191332796,0.232417720,0.236263993,0.245050454,0.264461685,0.000000000
2956,2020-05-03 04:00:00,0.000000000,0.191342426,0.232365814,0.236207603,0.244982652,0.264362070,0.000000000
2957,2020-05-03 05:00:00,0.000000000,0.191351740,0.232315552,0.236153004,0.244917016,0.264265685,0.663940455
2958,2020-05-03 06:00:00,0.000000000,0.191317216,0.232501578,0.236355104,0.245160031,0.264622783,0.001828084
2959,2020-05-03 07:00:00,0.000000000,0.191326748,0.232450291,0.236299379,0.245093008,0.264524232,0.001237573
2960,2020-05-03 08:00:00,0.000000000,0.191336039,0.232400246,0.236245009,0.245027627,0.264428142,0.000767487
2961,2020-05-03 09:00:00,0.000000000,0.191345088,0.232351453,0.236192003,0.244963897,0.264334525,0.000329355
2962,2020-05-03 10:00:00,0.000000000,0.191353900,0.232303888,0.236140334,0.244901786,0.264243329,0.000000000
2963,2020-05-03 11:00:00,0.000000000,0.191362573,0.232257021,0.236089428,0.244840602,0.264153534,0.000000000
2964,2020-05-03 12:00:00,0.000000000,0.191372183,0.232205044,0.236032974,0.244772764,0.264054021,0.000000000
2965,2020-05-03 13:00:00,0.000000000,0.191381336,0.232155477,0.235979142,0.244708088,0.263959194,0.000000000
2966,2020-05-03 14:00:00,0.000000000,0.191393410,0.232090017,0.235908056,0.244622701,0.263834069,0.000000000
2967,2020-05-03 15:00:00,0.000000000,0.191413163,0.231982715,0.235791548,0.244482797,0.263629228,0.000000000
2968,2020-05-03 16:00:00,0.000000000,0.191434154,0.231868423,0.235667469,0.244333864,0.263411398,0.000000000
2969,2020-05-03 17:00:00,0.000000000,0.191454845,0.231755480,0.235544876,0.244186775,0.263196500,0.000000000
2970,2020-05-03 18:00:00,0.000000000,0.191474019,0.231650572,0.235431023,0.244050226,0.262997209,0.000000000
2971,2020-05-03 19:00:00,0.000000000,0.191493239,0.231545172,0.235316654,0.243913112,0.262797292,0.000000000
2972,2020-05-03 20:00:00,0.000000000,0.191508054,0.231463766,0.235228333,0.243807262,0.262643097,0.000000000
2973,2020-05-03 21:00:00,0.000000000,0.191517461,0.231412003,0.235172177,0.243739978,0.262545144,0.000000000
2974,2020-05-03 22:00:00,0.000000000,0.191525825,0.231365930,0.235122200,0.243680106,0.262458022,0.000000000
2975,2020-05-03 23:00:00,0.000000000,0.191531219,0.231336194,0.235089944,0.243641470,0.262401822,0.000000000
2976,2020-05-04 00:00:00,0.000000000,0.191535246,0.231313981,0.235065851,0.243612614,0.262359857,0.007125573
2977,2020-05-04 01:00:00,0.000000000,0.191538062,0.231298438,0.235048992,0.243592424,0.262330501,0.010568866
2978,2020-05-04 02:00:00,0.000000000,0.191540572,0.231284585,0.235033968,0.243574431,0.262304343,0.011504486
2979,2020-05-04 03:00:00,0.000000000,0.191542947,0.231271468,0.235019740,0.243557394,0.262279578,0.012291962
2980,2020-05-04 04:00:00,0.000000000,0.191545203,0.231259010,0.235006230,0.243541216,0.262256063,0.014580199
2981,2020-05-04 05:00:00,0.000000000,0.191547243,0.231247737,0.234994003,0.243526577,0.262234788,0.007600017
2982,2020-05-04 06:00:00,0.000000000,0.191549682,0.231234261,0.234979389,0.243509078,0.262209361,0.002534799
2983,2020-05-04 07:00:00,0.000000000,0.191552382,0.231219338,0.234963204,0.243489700,0.262181207,0.003046212
2984,2020-05-04 08:00:00,0.000000000,0.191554970,0.231205026,0.234947683,0.243471119,0.262154213,0.000000000
2985,2020-05-04 09:00:00,0.000000000,0.191557879,0.231188932,0.234930230,0.243450225,0.262123865,0.000000000
2986,2020-05-04 10:00:00,0.000000000,0.191560601,0.231173871,0.234913897,0.243430673,0.262095469,0.000000000
2987,2020-05-04 11:00:00,0.000000000,0.191563461,0.231158040,0.234896730,0.243410124,0.262065630,0.000000000
2988,2020-05-04 12:00:00,0.000000000,0.191567585,0.231135203,0.234871965,0.243380484,0.262022597,0.000000000
2989,2020-05-04 13:00:00,0.000000000,0.191577719,0.231079039,0.234811067,0.243307603,0.261916827,0.000000000
2990,2020-05-04 14:00:00,0.000000000,0.191594935,0.230983470,0.234707451,0.243183636,0.261737042,0.000000000
2991,2020-05-04 15:00:00,0.000000000,0.191618369,0.230853066,0.234566090,0.243014578,0.261492125,0.000000000
2992,2020-05-04 16:00:00,0.000000000,0.191640574,0.230729167,0.234431807,0.242854059,0.261259850,0.000000000
2993,2020-05-04 17:00:00,0.000000000,0.191668992,0.230570109,0.234259453,0.242648134,0.260962265,0.000000000
2994,2020-05-04 18:00:00,0.000000000,0.191687516,0.230466138,0.234146812,0.242513617,0.260768107,0.000000000
2995,2020-05-04 19:00:00,0.000000000,0.191704665,0.230369680,0.234042327,0.242388883,0.260588237,0.000000000
2996,2020-05-04 20:00:00,0.000000000,0.191717431,0.230297739,0.233964408,0.242295892,0.260454245,0.000000000
2997,2020-05-04 21:00:00,0.000000000,0.191727679,0.230239912,0.233901781,0.242221169,0.260346640,0.000000000
2998,2020-05-04 22:00:00,0.000000000,0.191735846,0.230193774,0.233851819,0.242161567,0.260260850,0.000000000
2999,2020-05-04 23:00:00,0.000000000,0.191743253,0.230151894,0.233806469,0.242107476,0.260183023,0.000000000
3000,2020-05-05 00:00:00,0.000000000,0.191749028,0.230119211,0.233771080,0.242065272,0.260122320,0.000000000
3001,2020-05-05 01:00:00,0.000000000,0.191755028,0.230085236,0.233734294,0.242021407,0.260059249,0.000000000
3002,2020-05-05 02:00:00,0.000000000,0.191762662,0.230041967,0.233687449,0.241965553,0.259978966,0.000000000
3003,2020-05-05 03:00:00,0.000000000,0.191768672,0.230007872,0.233650537,0.241921550,0.259915740,0.000000000
3004,2020-05-05 04:00:00,0.000000000,0.191772922,0.229983754,0.233624427,0.241890428,0.259871033,0.000000000
3005,2020-05-05 05:00:00,0.000000000,0.191774939,0.229972299,0.233612027,0.241875647,0.259849805,0.000000000
3006,2020-05-05 06:00:00,0.000000000,0.191775547,0.229968846,0.233608289,0.241871192,0.259843406,0.000000000
3007,2020-05-05 07:00:00,0.000000000,0.191776003,0.229966256,0.233605485,0.241867851,0.259838607,0.000000000
3008,2020-05-05 08:00:00,0.000000000,0.191776676,0.229962435,0.233601349,0.241862920,0.259831527,0.000000000
3009,2020-05-05 09:00:00,0.000000000,0.191777177,0.229959590,0.233598269,0.241859250,0.259826256,0.000000000
3010,2020-05-05 10:00:00,0.000000000,0.191777367,0.229958506,0.233597096,0.241857851,0.259824248,0.000000000
3011,2020-05-05 11:00:00,0.000000000,0.191779896,0.229944140,0.233581545,0.241839318,0.259797636,0.000000000
3012,2020-05-05 12:00:00,0.000000000,0.191787154,0.229902879,0.233536882,0.241786093,0.259721229,0.000000000
3013,2020-05-05 13:00:00,0.000000000,0.191795044,0.229857988,0.233488292,0.241728197,0.259638150,0.000000000
3014,2020-05-05 14:00:00,0.000000000,0.191807931,0.229784565,0.233408827,0.241633534,0.259502382,0.000000000
3015,2020-05-05 15:00:00,0.000000000,0.191821928,0.229704688,0.233322386,0.241530588,0.259354837,0.000000000
3016,2020-05-05 16:00:00,0.000000000,0.191836042,0.229624007,0.233235086,0.241426647,0.259205976,0.000000000
3017,2020-05-05 17:00:00,0.000000000,0.191852166,0.229531671,0.233135186,0.241307742,0.259035813,0.000000000
3018,2020-05-05 18:00:00,0.000000000,0.191867682,0.229442634,0.233038868,0.241193137,0.258871938,0.000000000
3019,2020-05-05 19:00:00,0.000000000,0.191878018,0.229383236,0.232974620,0.241116710,0.258762727,0.000000000
3020,2020-05-05 20:00:00,0.000000000,0.191884931,0.229343459,0.232931598,0.241065542,0.258689642,0.000000000
3021,2020-05-05 21:00:00,0.000000000,0.191887523,0.229328539,0.232915461,0.241046352,0.258662238,0.000000000
3022,2020-05-05 22:00:00,0.000000000,0.191890071,0.229313869,0.232899595,0.241027484,0.258635299,0.000000000
3023,2020-05-05 23:00:00,0.000000000,0.191893063,0.229296633,0.232880954,0.241005318,0.258603656,0.000000000
3024,2020-05-06 00:00:00,0.000000000,0.191895489,0.229282657,0.232865839,0.240987346,0.258578003,0.000000000
3025,2020-05-06 01:00:00,0.000000000,0.191896763,0.229275313,0.232857897,0.240977903,0.258564525,0.000000000
3026,2020-05-06 02:00:00,0.000000000,0.191898787,0.229263642,0.232845276,0.240962897,0.258543109,0.000000000
3027,2020-05-06 03:00:00,0.000000000,0.191899423,0.229259978,0.232841313,0.240958186,0.258536386,0.000000000
3028,2020-05-06 04:00:00,0.000000000,0.191900837,0.229251825,0.232832497,0.240947704,0.258521429,0.000000000
3029,2020-05-06 05:00:00,0.000000000,0.191901879,0.229245814,0.232825997,0.240939976,0.258510402,0.000000000
3030,2020-05-06 06:00:00,0.000000000,0.191902846,0.229240238,0.232819967,0.240932808,0.258500174,0.000000000
3031,2020-05-06 07:00:00,0.000000000,0.191903487,0.229236535,0.232815963,0.240928047,0.258493382,0.000000000
3032,2020-05-06 08:00:00,0.000000000,0.191904356,0.229231526,0.232810546,0.240921607,0.258484194,0.000000000
3033,2020-05-06 09:00:00,0.000000000,0.191906173,0.229221043,0.232799210,0.240908131,0.258464970,0.000000000
3034,2020-05-06 10:00:00,0.000000000,0.191907893,0.229211114,0.232788473,0.240895368,0.258446763,0.000000000
3035,2020-05-06 11:00:00,0.000000000,0.191908429,0.229208020,0.232785128,0.240891391,0.258441091,0.000000000
3036,2020-05-06 12:00:00,0.000000000,0.191910991,0.229193228,0.232769133,0.240872378,0.258413974,0.000000000
3037,2020-05-06 13:00:00,0.000000000,0.191914154,0.229174962,0.232749381,0.240848902,0.258380496,0.000000000
3038,2020-05-06 14:00:00,0.000000000,0.191919363,0.229144862,0.232716835,0.240810221,0.258325346,0.000000000
3039,2020-05-06 15:00:00,0.000000000,0.191925322,0.229110405,0.232679579,0.240765947,0.258262240,0.000000000
3040,2020-05-06 16:00:00,0.000000000,0.191930919,0.229078020,0.232644565,0.240724342,0.258202957,0.000000000
3041,2020-05-06 17:00:00,0.000000000,0.191937376,0.229040628,0.232604141,0.240676314,0.258134542,0.000000000
3042,2020-05-06 18:00:00,0.000000000,0.191943420,0.229005604,0.232566278,0.240631335,0.258070491,0.000000000
3043,2020-05-06 19:00:00,0.000000000,0.191948613,0.228975490,0.232533724,0.240592668,0.258015443,0.000000000
3044,2020-05-06 20:00:00,0.000000000,0.191950838,0.228962579,0.232519768,0.240576092,0.257991850,0.341536079
3045,2020-05-06 21:00:00,0.000000000,0.191931008,0.229077506,0.232644010,0.240723683,0.258202018,1.031914496
3046,2020-05-06 22:00:00,0.000000000,0.191866524,0.229449288,0.233046066,0.241201701,0.258884179,1.698082315
3047,2020-05-06 23:00:00,0.000000000,0.191761620,0.230047872,0.233693842,0.241973175,0.259989920,1.872296366
3048,2020-05-07 00:00:00,0.000000000,0.191645718,0.230700417,0.234400650,0.242816825,0.261206010,0.900000100
3049,2020-05-07 01:00:00,0.000000000,0.191589568,0.231013286,0.234739776,0.243222305,0.261793106,0.599999998
3050,2020-05-07 02:00:00,0.000000000,0.191553694,0.231212080,0.234955333,0.243480277,0.262167517,0.000000000
3051,2020-05-07 03:00:00,0.000000000,0.191557301,0.231192133,0.234933700,0.243454380,0.262129899,0.000000000
3052,2020-05-07 04:00:00,0.000000000,0.191560667,0.231173509,0.234913505,0.243430204,0.262094788,0.000000000
3053,2020-05-07 05:00:00,0.000000000,0.191564015,0.231154974,0.234893405,0.243406145,0.262059853,0.000000000
3054,2020-05-07 06:00:00,0.000000000,0.191566969,0.231138617,0.234875668,0.243384915,0.262029030,0.000000000
3055,2020-05-07 07:00:00,0.000000000,0.191569853,0.231122644,0.234858347,0.243364185,0.261998938,0.000000000
3056,2020-05-07 08:00:00,0.000000000,0.191572595,0.231107445,0.234841867,0.243344462,0.261970313,0.000000000
3057,2020-05-07 09:00:00,0.000000000,0.191575221,0.231092893,0.234826088,0.243325579,0.261942910,0.000000000
3058,2020-05-07 10:00:00,0.000000000,0.191577848,0.231078326,0.234810293,0.243306678,0.261915485,0.000000000
3059,2020-05-07 11:00:00,0.000000000,0.191580174,0.231065428,0.234796308,0.243289943,0.261891206,0.000000000
3060,2020-05-07 12:00:00,0.000000000,0.191582319,0.231053522,0.234783400,0.243274498,0.261868800,0.000000000
3061,2020-05-07 13:00:00,0.000000000,0.191584423,0.231041849,0.234770743,0.243259354,0.261846834,0.000000000
3062,2020-05-07 14:00:00,0.000000000,0.191589450,0.231013940,0.234740485,0.243223154,0.261794336,0.000000000
3063,2020-05-07 15:00:00,0.000000000,0.191602657,0.230940543,0.234660914,0.243127972,0.261656368,0.000000000
3064,2020-05-07 16:00:00,0.000000000,0.191621303,0.230836715,0.234548368,0.242993389,0.261461448,0.000000000
3065,2020-05-07 17:00:00,0.000000000,0.191634620,0.230762419,0.234467844,0.242897129,0.261322147,0.000000000
3066,2020-05-07 18:00:00,0.000000000,0.191645246,0.230703056,0.234403511,0.242820242,0.261210952,0.000000000
3067,2020-05-07 19:00:00,0.000000000,0.191663343,0.230601773,0.234293761,0.242689114,0.261021451,0.000000000
3068,2020-05-07 20:00:00,0.000000000,0.191677207,0.230524032,0.234209532,0.242588512,0.260876185,0.000000000
3069,2020-05-07 21:00:00,0.000000000,0.191691444,0.230444060,0.234122896,0.242485062,0.260726917,0.000000000
3070,2020-05-07 22:00:00,0.000000000,0.191703212,0.230377857,0.234051184,0.242399455,0.260603477,0.000000000
3071,2020-05-07 23:00:00,0.000000000,0.191704370,0.230371340,0.234044124,0.242391029,0.260591330,0.000000000
3072,2020-05-08 00:00:00,0.000000000,0.191706285,0.230360553,0.234032441,0.242377083,0.260571230,0.000000000
3073,2020-05-08 01:00:00,0.000000000,0.191709182,0.230344237,0.234014768,0.242355991,0.260540833,0.000000000
3074,2020-05-08 02:00:00,0.000000000,0.191709835,0.230340557,0.234010783,0.242351235,0.260533979,0.000000000
3075,2020-05-08 03:00:00,0.000000000,0.191710428,0.230337215,0.234007164,0.242346915,0.260527755,0.000000000
3076,2020-05-08 04:00:00,0.000000000,0.191711094,0.230333465,0.234003101,0.242342067,0.260520768,0.517501536
3077,2020-05-08 05:00:00,0.000000000,0.191677686,0.230521343,0.234206619,0.242585032,0.260871163,0.000000000
3078,2020-05-08 06:00:00,0.000000000,0.191678319,0.230517791,0.234202771,0.242580437,0.260864530,0.000000000
3079,2020-05-08 07:00:00,0.000000000,0.191678806,0.230515054,0.234199805,0.242576895,0.260859418,0.000000000
3080,2020-05-08 08:00:00,0.000000000,0.191679395,0.230511751,0.234196227,0.242572622,0.260853251,0.000000000
3081,2020-05-08 09:00:00,0.000000000,0.191680295,0.230506696,0.234190750,0.242566082,0.260843812,0.000000000
3082,2020-05-08 10:00:00,0.000000000,0.191681228,0.230501457,0.234185075,0.242559304,0.260834031,0.000000000
3083,2020-05-08 11:00:00,0.000000000,0.191683610,0.230488083,0.234170586,0.242542003,0.260809064,0.000000000
3084,2020-05-08 12:00:00,0.000000000,0.191687218,0.230467813,0.234148627,0.242515784,0.260771234,0.000000000
3085,2020-05-08 13:00:00,0.000000000,0.191692843,0.230436194,0.234114375,0.242474889,0.260712243,0.000000000
3086,2020-05-08 14:00:00,0.000000000,0.191702679,0.230380857,0.234054433,0.242403333,0.260609066,0.000000000
3087,2020-05-08 15:00:00,0.000000000,0.191713385,0.230320554,0.233989118,0.242325380,0.260496725,0.000000000
3088,2020-05-08 16:00:00,0.000000000,0.191725054,0.230254730,0.233917829,0.242240315,0.260374205,0.000000000
3089,2020-05-08 17:00:00,0.000000000,0.191736010,0.230192846,0.233850814,0.242160369,0.260259125,0.042966111
3090,2020-05-08 18:00:00,0.000000000,0.191741935,0.230159345,0.233814537,0.242117099,0.260196867,0.347368444
3091,2020-05-08 19:00:00,0.000000000,0.191720978,0.230277736,0.233942745,0.242270043,0.260417015,0.744948909
3092,2020-05-08 20:00:00,0.000000000,0.191674849,0.230537263,0.234223867,0.242605631,0.260900897,0.551107780
3093,2020-05-08 21:00:00,0.000000000,0.191640381,0.230730243,0.234432973,0.242855452,0.261261865,0.684237614
3094,2020-05-08 22:00:00,0.000000000,0.191598164,0.230965526,0.234687997,0.243160366,0.261703313,1.089304033
3095,2020-05-08 23:00:00,0.000000000,0.191531750,0.231333263,0.235086765,0.243637662,0.262396283,1.193068147
3096,2020-05-09 00:00:00,0.000000000,0.191460365,0.231725304,0.235512126,0.244147491,0.263139146,1.600000132
3097,2020-05-09 01:00:00,0.000000000,0.191366226,0.232237269,0.236067974,0.244814821,0.264115708,1.925785841
3098,2020-05-09 02:00:00,0.000000000,0.191254976,0.232835056,0.236717537,0.245596260,0.265265427,2.199335881
3099,2020-05-09 03:00:00,0.000000000,0.191130282,0.233495957,0.237436360,0.246463054,0.266548670,1.818759210
3100,2020-05-09 04:00:00,0.000000000,0.191030716,0.234016907,0.238003475,0.247148436,0.267569378,0.712376283
3101,2020-05-09 05:00:00,0.000000000,0.191002475,0.234163591,0.238163239,0.247341763,0.267858270,0.388783917
3102,2020-05-09 06:00:00,0.000000000,0.190996780,0.234193111,0.238195395,0.247380688,0.267916488,0.384074136
3103,2020-05-09 07:00:00,0.000000000,0.190991977,0.234217999,0.238222507,0.247413509,0.267965592,0.091752558
3104,2020-05-09 08:00:00,0.000000000,0.191006990,0.234140171,0.238137728,0.247310885,0.267812100,0.000000000
3105,2020-05-09 09:00:00,0.000000000,0.191028057,0.234030734,0.238018533,0.247166653,0.267596582,0.000000000
3106,2020-05-09 10:00:00,0.000000000,0.191049183,0.233920730,0.237898741,0.247021758,0.267380317,0.000000000
3107,2020-05-09 11:00:00,0.000000000,0.191070132,0.233811385,0.237779686,0.246877816,0.267165713,0.000000000
3108,2020-05-09 12:00:00,0.000000000,0.191090628,0.233704146,0.237662944,0.246736728,0.266955595,0.000000000
3109,2020-05-09 13:00:00,0.000000000,0.191111089,0.233596841,0.237546149,0.246595633,0.266745696,0.000000000
3110,2020-05-09 14:00:00,0.000000000,0.191133767,0.233477617,0.237416404,0.246438960,0.266512887,0.000000000
3111,2020-05-09 15:00:00,0.000000000,0.191159745,0.233340654,0.237267382,0.246259098,0.266245964,0.000000000
3112,2020-05-09 16:00:00,0.000000000,0.191186930,0.233196896,0.237111000,0.246070452,0.265966397,0.000000000
3113,2020-05-09 17:00:00,0.000000000,0.191214913,0.233048436,0.236949540,0.245875786,0.265678331,0.000000000
3114,2020-05-09 18:00:00,0.000000000,0.191241239,0.232908333,0.236797201,0.245692217,0.265407073,0.000000000
3115,2020-05-09 19:00:00,0.000000000,0.191263812,0.232787861,0.236666233,0.245534477,0.265174281,0.000000000
3116,2020-05-09 20:00:00,0.000000000,0.191286033,0.232668955,0.236536991,0.245378885,0.264944932,0.000000000
3117,2020-05-09 21:00:00,0.000000000,0.191305654,0.232563708,0.236422614,0.245241247,0.264742269,0.000000000
3118,2020-05-09 22:00:00,0.000000000,0.191324736,0.232461119,0.236311144,0.245107158,0.264545034,0.000000000
3119,2020-05-09 23:00:00,0.000000000,0.191340866,0.232374222,0.236216738,0.244993634,0.264378203,0.000000000
3120,2020-05-10 00:00:00,0.057894740,0.191355494,0.232295277,0.236130981,0.244890544,0.264226826,0.000000000
3121,2020-05-10 01:00:00,0.006018239,0.191367335,0.232231272,0.236061460,0.244806994,0.264104227,0.057894745
3122,2020-05-10 02:00:00,0.005765031,0.191374281,0.232193687,0.236020639,0.244757944,0.264032287,0.006018239
3123,2020-05-10 03:00:00,0.004174516,0.191384673,0.232137393,0.235959504,0.244684497,0.263924616,0.005765031
3124,2020-05-10 04:00:00,0.003663836,0.191394431,0.232084476,0.235902040,0.244615476,0.263823485,0.004174516
3125,2020-05-10 05:00:00,0.003264519,0.191404385,0.232030430,0.235843354,0.244545000,0.263720276,0.003663836
3126,2020-05-10 06:00:00,0.002170227,0.191414263,0.231976733,0.235785053,0.244475000,0.263617818,0.003264520
3127,2020-05-10 07:00:00,0.001741113,0.191422743,0.231930590,0.235734957,0.244414863,0.263529838,0.002170227
3128,2020-05-10 08:00:00,0.001443548,0.191430745,0.231887004,0.235687640,0.244358071,0.263446787,0.001741113
3129,2020-05-10 09:00:00,0.001115316,0.191438634,0.231843989,0.235640946,0.244302036,0.263364878,0.001443548
3130,2020-05-10 10:00:00,0.001077311,0.191445546,0.231806272,0.235600006,0.244252913,0.263293099,0.001115316
3131,2020-05-10 11:00:00,0.001405166,0.191453051,0.231765283,0.235555516,0.244199539,0.263215139,0.001077311
3132,2020-05-10 12:00:00,0.001756615,0.191461837,0.231717254,0.235503388,0.244137011,0.263123847,0.001405166
3133,2020-05-10 13:00:00,0.001376130,0.191473297,0.231654525,0.235435313,0.244055370,0.263004713,0.001756615
3134,2020-05-10 14:00:00,0.001111822,0.191486063,0.231584554,0.235359385,0.243964335,0.262871953,0.001376130
3135,2020-05-10 15:00:00,0.000690878,0.191502037,0.231496850,0.235264226,0.243850275,0.262705741,0.001111822
3136,2020-05-10 16:00:00,0.000447514,0.191518907,0.231404040,0.235163539,0.243729629,0.262530082,0.000690878
3137,2020-05-10 17:00:00,0.000219355,0.191538243,0.231297443,0.235047913,0.243591132,0.262328622,0.000447514
3138,2020-05-10 18:00:00,0.000102033,0.191557081,0.231193346,0.234935017,0.243455956,0.262132188,0.000219355
3139,2020-05-10 19:00:00,0.000044716,0.191574661,0.231095995,0.234829451,0.243329603,0.261948750,0.000102033
3140,2020-05-10 20:00:00,0.000021218,0.191587962,0.231022206,0.234749446,0.243233874,0.261809882,0.000044716
3141,2020-05-10 21:00:00,0.000008816,0.191599188,0.230959833,0.234681826,0.243152984,0.261692615,0.000021218
3142,2020-05-10 22:00:00,0.000004044,0.191603307,0.230936926,0.234656993,0.243123282,0.261649573,0.000008816
3143,2020-05-10 23:00:00,0.000002401,0.191606509,0.230919112,0.234637682,0.243100187,0.261616111,0.000004044
3144,2020-05-11 00:00:00,0.000001437,0.191609103,0.230904675,0.234622032,0.243081472,0.261588999,0.000002401
3145,2020-05-11 01:00:00,0.000000000,0.191611100,0.230893559,0.234609983,0.243067062,0.261568127,0.000001437
3146,2020-05-11 02:00:00,0.000000000,0.191612587,0.230885278,0.234601007,0.243056329,0.261552582,0.000000000
3147,2020-05-11 03:00:00,0.000000000,0.191613779,0.230878640,0.234593811,0.243047724,0.261540120,0.000000000
3148,2020-05-11 04:00:00,0.000000000,0.191614962,0.230872048,0.234586666,0.243039181,0.261527748,0.000000000
3149,2020-05-11 05:00:00,0.000000000,0.191616075,0.230865852,0.234579950,0.243031150,0.261516119,0.003303956
3150,2020-05-11 06:00:00,0.000000000,0.191616809,0.230861761,0.234575515,0.243025847,0.261508441,0.003322275
3151,2020-05-11 07:00:00,0.000000000,0.191617521,0.230857793,0.234571215,0.243020705,0.261500996,0.002418214
3152,2020-05-11 08:00:00,0.000000000,0.191618271,0.230853612,0.234566682,0.243015286,0.261493149,0.002551039
3153,2020-05-11 09:00:00,0.000000000,0.191618992,0.230849598,0.234562332,0.243010084,0.261485618,0.001748928
3154,2020-05-11 10:00:00,0.000135426,0.191619743,0.230845408,0.234557791,0.243004655,0.261477757,0.004554270
3155,2020-05-11 11:00:00,0.000244593,0.191620291,0.230842357,0.234554483,0.243000701,0.261472033,0.006488755
3156,2020-05-11 12:00:00,0.000512535,0.191621217,0.230837194,0.234548887,0.242994009,0.261462346,0.000399678
3157,2020-05-11 13:00:00,0.000472303,0.191624434,0.230819258,0.234529447,0.242970769,0.261428705,0.000512535
3158,2020-05-11 14:00:00,0.000260642,0.191631311,0.230780894,0.234487866,0.242921062,0.261356773,0.000472303
3159,2020-05-11 15:00:00,0.000141282,0.191637446,0.230746639,0.234450742,0.242876689,0.261292581,0.289734342
3160,2020-05-11 16:00:00,0.000069357,0.191625797,0.230811655,0.234521207,0.242960917,0.261414446,0.000141282
3161,2020-05-11 17:00:00,0.000032049,0.191633051,0.230771182,0.234477341,0.242908481,0.261338570,0.991832792
3162,2020-05-11 18:00:00,0.000017847,0.191575700,0.231090235,0.234823206,0.243322130,0.261937906,0.838315196
3163,2020-05-11 19:00:00,0.000008559,0.191528084,0.231353477,0.235108691,0.243663925,0.262434483,0.739506913
3164,2020-05-11 20:00:00,0.000005550,0.191485088,0.231589903,0.235365189,0.243971293,0.262882098,0.855130520
3165,2020-05-11 21:00:00,0.000002750,0.191436804,0.231853973,0.235651784,0.244315041,0.263383885,6.956463130
3166,2020-05-11 22:00:00,0.000001498,0.191075466,0.233783498,0.237749326,0.246841119,0.267111040,0.000002750
3167,2020-05-11 23:00:00,0.000000000,0.191092602,0.233693806,0.237651689,0.246723129,0.266935354,0.000001498
3168,2020-05-12 00:00:00,0.000000000,0.191109027,0.233607668,0.237557933,0.246609866,0.266766858,0.799316069
3169,2020-05-12 01:00:00,0.000000000,0.191073331,0.233794663,0.237761481,0.246855811,0.267132926,0.000000000
3170,2020-05-12 02:00:00,0.000000000,0.191090795,0.233703272,0.237661993,0.246735578,0.266953884,0.001245462
3171,2020-05-12 03:00:00,0.000000000,0.191107092,0.233617825,0.237568988,0.246623219,0.266786715,0.000000000
3172,2020-05-12 04:00:00,0.000000000,0.191124571,0.233525998,0.237469051,0.246502526,0.266607309,0.000000000
3173,2020-05-12 05:00:00,0.000000000,0.191141876,0.233434910,0.237369933,0.246382863,0.266429596,0.000000000
3174,2020-05-12 06:00:00,0.000000000,0.191158839,0.233345442,0.237272590,0.246265383,0.266255284,0.000000000
3175,2020-05-12 07:00:00,0.000000000,0.191175087,0.233259576,0.237179180,0.246152686,0.266088216,0.000000000
3176,2020-05-12 08:00:00,0.000000000,0.191190404,0.233178492,0.237090982,0.246046311,0.265930651,0.000000000
3177,2020-05-12 09:00:00,0.000000000,0.191204889,0.233101673,0.237007434,0.245945574,0.265781554,0.000000000
3178,2020-05-12 10:00:00,0.000000000,0.191218674,0.233028448,0.236927804,0.245849588,0.265639595,0.000000000
3179,2020-05-12 11:00:00,0.000000000,0.191232780,0.232953397,0.236846197,0.245751247,0.265494260,0.000000000
3180,2020-05-12 12:00:00,0.000000000,0.191246623,0.232879629,0.236765994,0.245654624,0.265351569,0.000000000
3181,2020-05-12 13:00:00,0.000000000,0.191262393,0.232795444,0.236674476,0.245544403,0.265188923,0.000000000
3182,2020-05-12 14:00:00,0.000000000,0.191282336,0.232688758,0.236558514,0.245404792,0.264983101,0.000000000
3183,2020-05-12 15:00:00,0.000000000,0.191304217,0.232571426,0.236431001,0.245251338,0.264757121,0.000000000
3184,2020-05-12 16:00:00,0.000000000,0.191327203,0.232447840,0.236296716,0.245089806,0.264519524,0.000000000
3185,2020-05-12 17:00:00,0.000000000,0.191351023,0.232319423,0.236157209,0.244922070,0.264273107,0.000000000
3186,2020-05-12 18:00:00,0.000000000,0.191372137,0.232205291,0.236033242,0.244773086,0.264054494,0.000000000
3187,2020-05-12 19:00:00,0.000000000,0.191392253,0.232096291,0.235914869,0.244630884,0.263846057,0.000000000
3188,2020-05-12 20:00:00,0.000000000,0.191413153,0.231982771,0.235791608,0.244482870,0.263629335,0.000000000
3189,2020-05-12 21:00:00,0.000000000,0.191429747,0.231892438,0.235693539,0.244365151,0.263457139,0.000000000
3190,2020-05-12 22:00:00,0.000000000,0.191445045,0.231809009,0.235602976,0.244256477,0.263298306,0.000000000
3191,2020-05-12 23:00:00,0.000000000,0.191461339,0.231719976,0.235506343,0.244140554,0.263129020,0.000000000
3192,2020-05-13 00:00:00,0.000000000,0.191469037,0.231677855,0.235460630,0.244085731,0.263049008,0.000000000
3193,2020-05-13 01:00:00,0.000000000,0.191475840,0.231640597,0.235420199,0.244037247,0.262978277,0.000000000
3194,2020-05-13 02:00:00,0.000000000,0.191481755,0.231608179,0.235385020,0.243995068,0.262916763,0.000000000
3195,2020-05-13 03:00:00,0.000000000,0.191487474,0.231576815,0.235350987,0.243954268,0.262857278,0.173684222
3196,2020-05-13 04:00:00,0.000000000,0.191483160,0.231600474,0.235376660,0.243985045,0.262902148,0.000000000
3197,2020-05-13 05:00:00,0.000000000,0.191492350,0.231550053,0.235321950,0.243919460,0.262806544,0.000000000
3198,2020-05-13 06:00:00,0.000000000,0.191498914,0.231514010,0.235282844,0.243872588,0.262738246,0.000000000
3199,2020-05-13 07:00:00,0.000000000,0.191506019,0.231474961,0.235240478,0.243821815,0.262664291,0.000000000
3200,2020-05-13 08:00:00,0.000000000,0.191512595,0.231438790,0.235201236,0.243774794,0.262595824,0.000000000
3201,2020-05-13 09:00:00,0.000272423,0.191517123,0.231413866,0.235174199,0.243742399,0.262548669,0.000000000
3202,2020-05-13 10:00:00,0.000175808,0.191521579,0.231389324,0.235147576,0.243710505,0.262502252,0.000272423
3203,2020-05-13 11:00:00,0.000411060,0.191525599,0.231367176,0.235123550,0.243681724,0.262460376,0.000175808
3204,2020-05-13 12:00:00,0.001143965,0.191530516,0.231340071,0.235094150,0.243646508,0.262409149,0.000411060
3205,2020-05-13 13:00:00,0.001209153,0.191538576,0.231295600,0.235045914,0.243588738,0.262325141,0.001143965
3206,2020-05-13 14:00:00,0.000848507,0.191551253,0.231225578,0.234969972,0.243497803,0.262192979,0.001209153
3207,2020-05-13 15:00:00,0.000609628,0.191564955,0.231149771,0.234887763,0.243399391,0.262050047,0.000848507
3208,2020-05-13 16:00:00,0.000330116,0.191582467,0.231052702,0.234782510,0.243273433,0.261867256,0.000609628
3209,2020-05-13 17:00:00,0.000163049,0.191600096,0.230954783,0.234676351,0.243146436,0.261683124,0.000330116
3210,2020-05-13 18:00:00,0.000078498,0.191615151,0.230870997,0.234585526,0.243037818,0.261525775,0.000163049
3211,2020-05-13 19:00:00,0.000040898,0.191626778,0.230806185,0.234515277,0.242953829,0.261404188,0.000078498
3212,2020-05-13 20:00:00,0.000018316,0.191637959,0.230743773,0.234447636,0.242872977,0.261287211,0.000040898
3213,2020-05-13 21:00:00,0.000009233,0.191644383,0.230707876,0.234408733,0.242826484,0.261219976,0.000018316
3214,2020-05-13 22:00:00,0.000004908,0.191652619,0.230661815,0.234358820,0.242766840,0.261133756,0.000009233
3215,2020-05-13 23:00:00,0.000002283,0.191655518,0.230645592,0.234341240,0.242745837,0.261103403,0.000004908
3216,2020-05-14 00:00:00,0.000001664,0.191657807,0.230632778,0.234327356,0.242729249,0.261079433,0.000002283
3217,2020-05-14 01:00:00,0.000001396,0.191664005,0.230598064,0.234289742,0.242684314,0.261014517,0.000001664
3218,2020-05-14 02:00:00,0.000000000,0.191668656,0.230571993,0.234261494,0.242650572,0.260965786,0.000001396
3219,2020-05-14 03:00:00,0.000000000,0.191670452,0.230561926,0.234250587,0.242637544,0.260946973,0.000000000
3220,2020-05-14 04:00:00,0.000000000,0.191672629,0.230549713,0.234237355,0.242621740,0.260924155,0.000000000
3221,2020-05-14 05:00:00,0.000000000,0.191673382,0.230545492,0.234232782,0.242616278,0.260916268,0.000000000
3222,2020-05-14 06:00:00,0.000000000,0.191673839,0.230542929,0.234230006,0.242612963,0.260911482,0.000000000
3223,2020-05-14 07:00:00,0.000000000,0.191674173,0.230541052,0.234227971,0.242610533,0.260907974,0.000000000
3224,2020-05-14 08:00:00,0.000000000,0.191674457,0.230539460,0.234226246,0.242608473,0.260905000,0.000000000
3225,2020-05-14 09:00:00,0.000000000,0.191674671,0.230538261,0.234224948,0.242606922,0.260902761,0.000000000
3226,2020-05-14 10:00:00,0.000000000,0.191674858,0.230537210,0.234223809,0.242605562,0.260900797,0.000000000
3227,2020-05-14 11:00:00,0.000004780,0.191674995,0.230536445,0.234222980,0.242604572,0.260899368,0.000000000
3228,2020-05-14 12:00:00,0.000019461,0.191675192,0.230535336,0.234221779,0.242603137,0.260897297,0.000004780
3229,2020-05-14 13:00:00,0.000019307,0.191678933,0.230514344,0.234199037,0.242575977,0.260858093,0.000019461
3230,2020-05-14 14:00:00,0.000013521,0.191685514,0.230477388,0.234159000,0.242528169,0.260789102,0.000019307
3231,2020-05-14 15:00:00,0.000008717,0.191693165,0.230434386,0.234112417,0.242472551,0.260708872,0.000013521
3232,2020-05-14 16:00:00,0.000004308,0.191704681,0.230369589,0.234042228,0.242388765,0.260588068,0.000008717
3233,2020-05-14 17:00:00,0.000001841,0.191717931,0.230294923,0.233961358,0.242292253,0.260449003,0.000004308
3234,2020-05-14 18:00:00,0.000000000,0.191728984,0.230232542,0.233893800,0.242211647,0.260332931,0.000001841
3235,2020-05-14 19:00:00,0.000000000,0.191739084,0.230175473,0.233832001,0.242137929,0.260226835,0.000000000
3236,2020-05-14 20:00:00,0.000000000,0.191746881,0.230131366,0.233784241,0.242080967,0.260144893,0.000000000
3237,2020-05-14 21:00:00,0.000000000,0.191751040,0.230107820,0.233758747,0.242050564,0.260101171,0.000000000
3238,2020-05-14 22:00:00,0.000000000,0.191755051,0.230085103,0.233734150,0.242021235,0.260059001,0.000000000
3239,2020-05-14 23:00:00,0.000000000,0.191757880,0.230069071,0.233716793,0.242000539,0.260029250,0.000000000
3240,2020-05-15 00:00:00,0.000000000,0.191759634,0.230059134,0.233706034,0.241987712,0.260010812,0.000000000
3241,2020-05-15 01:00:00,0.000000000,0.191760746,0.230052831,0.233699210,0.241979576,0.259999119,0.000000000
3242,2020-05-15 02:00:00,0.000000000,0.191761265,0.230049889,0.233696025,0.241975778,0.259993661,0.000000000
3243,2020-05-15 03:00:00,0.000000000,0.191761433,0.230048931,0.233694988,0.241974542,0.259991885,0.412728360
3244,2020-05-15 04:00:00,0.000000000,0.191734471,0.230201549,0.233860237,0.242171610,0.260275302,0.474520186
3245,2020-05-15 05:00:00,0.000000000,0.191703466,0.230376430,0.234049639,0.242397610,0.260600817,0.700179959
3246,2020-05-15 06:00:00,0.000000000,0.191657948,0.230631989,0.234326501,0.242728227,0.261077957,0.702317180
3247,2020-05-15 07:00:00,0.000000000,0.191613184,0.230881952,0.234597401,0.243052017,0.261546338,1.214680913
3248,2020-05-15 08:00:00,0.000000000,0.191538285,0.231297208,0.235047659,0.243590827,0.262328178,1.128183499
3249,2020-05-15 09:00:00,0.000000000,0.191470330,0.231670777,0.235452950,0.244076520,0.263035569,0.013218152
3250,2020-05-15 10:00:00,0.000000000,0.191474628,0.231647237,0.235427405,0.244045888,0.262990880,0.005064682
3251,2020-05-15 11:00:00,0.000000000,0.191479338,0.231621427,0.235399396,0.244012305,0.262941898,0.011512613
3252,2020-05-15 12:00:00,0.000000000,0.191483487,0.231598681,0.235374714,0.243982713,0.262898748,0.016979961
3253,2020-05-15 13:00:00,0.000000000,0.191487179,0.231578433,0.235352743,0.243956373,0.262860346,0.013034376
3254,2020-05-15 14:00:00,0.000000000,0.191491155,0.231556612,0.235329066,0.243927990,0.262818976,0.009407378
3255,2020-05-15 15:00:00,0.000000000,0.191496247,0.231528659,0.235298737,0.243891636,0.262765999,0.000000000
3256,2020-05-15 16:00:00,0.000000000,0.191508091,0.231463566,0.235228115,0.243807001,0.262642717,0.000000000
3257,2020-05-15 17:00:00,0.000000000,0.191521777,0.231388233,0.235146393,0.243709087,0.262500189,0.000000000
3258,2020-05-15 18:00:00,0.000000000,0.191535663,0.231311676,0.235063351,0.243609620,0.262355504,0.000000000
3259,2020-05-15 19:00:00,0.000000000,0.191546432,0.231252221,0.234998866,0.243532399,0.262243249,0.000000000
3260,2020-05-15 20:00:00,0.000000000,0.191553008,0.231215872,0.234959445,0.243485200,0.262174669,0.000000000
3261,2020-05-15 21:00:00,0.000000000,0.191556023,0.231199202,0.234941367,0.243463557,0.262143229,0.000000000
3262,2020-05-15 22:00:00,0.000000000,0.191560977,0.231171789,0.234911639,0.243427970,0.262091544,0.000000000
3263,2020-05-15 23:00:00,0.000000000,0.191563600,0.231157273,0.234895898,0.243409129,0.262064186,0.000000000
3264,2020-05-16 00:00:00,0.000000000,0.191567613,0.231135050,0.234871800,0.243380285,0.262022310,0.000000000
3265,2020-05-16 01:00:00,0.000000000,0.191572973,0.231105351,0.234839596,0.243341744,0.261966368,0.943809050
3266,2020-05-16 02:00:00,0.000000000,0.191516814,0.231415565,0.235176041,0.243744606,0.262551881,3.977622737
3267,2020-05-16 03:00:00,0.000000000,0.191291423,0.232640069,0.236505598,0.245341102,0.264889278,4.580052382
3268,2020-05-16 04:00:00,0.000000000,0.191038422,0.233976800,0.237959797,0.247095602,0.267490503,2.128595770
3269,2020-05-16 05:00:00,0.000000000,0.190921552,0.234581311,0.238618403,0.247893143,0.268684601,1.308104447
3270,2020-05-16 06:00:00,0.000000000,0.190857117,0.234911192,0.238978062,0.248329456,0.269341026,1.020596267
3271,2020-05-16 07:00:00,0.000000000,0.190812534,0.235138041,0.239225495,0.248629948,0.269794431,0.395768589
3272,2020-05-16 08:00:00,0.000000000,0.190810279,0.235149486,0.239237981,0.248645119,0.269817350,0.008088342
3273,2020-05-16 09:00:00,0.000000000,0.190834584,0.235025984,0.239103260,0.248481468,0.269570257,0.000855829
3274,2020-05-16 10:00:00,0.000000000,0.190858650,0.234903370,0.238969532,0.248319101,0.269325421,0.000000000
3275,2020-05-16 11:00:00,0.000000000,0.190882368,0.234782200,0.238837404,0.248158753,0.269083938,0.000000000
3276,2020-05-16 12:00:00,0.000000000,0.190906805,0.234657019,0.238700930,0.247993209,0.268834949,0.000000000
3277,2020-05-16 13:00:00,0.000000000,0.190933682,0.234518936,0.238550419,0.247810731,0.268560867,0.000000000
3278,2020-05-16 14:00:00,0.000000000,0.190967897,0.234342549,0.238358203,0.247577831,0.268211620,0.000000000
3279,2020-05-16 15:00:00,0.000000000,0.191005256,0.234149164,0.238147524,0.247322742,0.267829827,0.000000000
3280,2020-05-16 16:00:00,0.000000000,0.191040599,0.233965462,0.237947451,0.247080668,0.267468215,0.000000000
3281,2020-05-16 17:00:00,0.000000000,0.191074817,0.233786894,0.237753023,0.246845587,0.267117696,0.000000000
3282,2020-05-16 18:00:00,0.000000000,0.191107063,0.233617977,0.237569153,0.246623419,0.266787013,0.000000000
3283,2020-05-16 19:00:00,0.000000000,0.191134742,0.233472485,0.237410818,0.246432217,0.266502874,0.000000000
3284,2020-05-16 20:00:00,0.000000000,0.191158440,0.233347548,0.237274881,0.246268147,0.266259384,0.000000000
3285,2020-05-16 21:00:00,0.000000000,0.191174435,0.233263025,0.237182932,0.246157211,0.266094922,0.000000000
3286,2020-05-16 22:00:00,0.000000000,0.191189721,0.233182106,0.237094914,0.246051052,0.265937671,0.000000000
3287,2020-05-16 23:00:00,0.000000000,0.191204646,0.233102964,0.237008838,0.245947267,0.265784059,0.000000000
3288,2020-05-17 00:00:00,0.000000000,0.191223061,0.233005120,0.236902437,0.245819017,0.265594403,0.000000000
3289,2020-05-17 01:00:00,0.000000000,0.191239535,0.232917416,0.236807076,0.245704114,0.265424641,0.000000000
3290,2020-05-17 02:00:00,0.000000000,0.191254923,0.232835339,0.236717845,0.245596631,0.265265974,0.000000000
3291,2020-05-17 03:00:00,0.000000000,0.191268940,0.232760449,0.236636436,0.245498599,0.265121373,0.000000000
3292,2020-05-17 04:00:00,0.000000000,0.191282355,0.232688658,0.236558405,0.245404660,0.264982908,0.000000000
3293,2020-05-17 05:00:00,0.000000000,0.191295313,0.232619209,0.236482927,0.245313819,0.264849101,0.000000000
3294,2020-05-17 06:00:00,0.000000000,0.191307506,0.232553762,0.236411806,0.245228243,0.264723134,0.000000000
3295,2020-05-17 07:00:00,0.000000000,0.191318868,0.232492693,0.236345449,0.245148418,0.264605704,0.000000000
3296,2020-05-17 08:00:00,0.000000000,0.191329608,0.232434889,0.236282646,0.245072884,0.264494651,0.000000000
3297,2020-05-17 09:00:00,0.000000000,0.191339941,0.232379212,0.236222158,0.245000152,0.264387776,0.000000000
3298,2020-05-17 10:00:00,0.000000000,0.191349776,0.232326154,0.236164521,0.244930859,0.264286011,0.000000000
3299,2020-05-17 11:00:00,0.000000000,0.191359103,0.232275780,0.236109803,0.244865090,0.264189467,0.000000000
3300,2020-05-17 12:00:00,0.000000000,0.191369144,0.232221489,0.236050835,0.244794225,0.264085497,0.000000000
3301,2020-05-17 13:00:00,0.000000000,0.191380227,0.232161487,0.235985669,0.244715930,0.263970688,0.000000000
3302,2020-05-17 14:00:00,0.000000000,0.191393774,0.232088042,0.235905912,0.244620126,0.263830297,0.000000000
3303,2020-05-17 15:00:00,0.000000000,0.191407900,0.232011332,0.235822619,0.244520102,0.263683827,0.000000000
3304,2020-05-17 16:00:00,0.000000000,0.191422391,0.231932503,0.235737033,0.244417355,0.263533483,0.000000000
3305,2020-05-17 17:00:00,0.000000000,0.191438428,0.231845115,0.235642169,0.244303503,0.263367022,0.000000000
3306,2020-05-17 18:00:00,0.000000000,0.191453361,0.231763589,0.235553678,0.244197333,0.263211919,0.000000000
3307,2020-05-17 19:00:00,0.000000000,0.191469889,0.231673187,0.235455565,0.244079656,0.263040144,0.000000000
3308,2020-05-17 20:00:00,0.000000000,0.191483585,0.231598145,0.235374133,0.243982016,0.262897731,0.000000000
3309,2020-05-17 21:00:00,0.000000000,0.191494114,0.231540372,0.235311446,0.243906869,0.262788195,0.000000000
3310,2020-05-17 22:00:00,0.000000000,0.191501718,0.231498603,0.235266128,0.243852554,0.262709062,0.000000000
3311,2020-05-17 23:00:00,0.000000000,0.191508342,0.231462185,0.235226617,0.243805206,0.262640103,0.000000000
3312,2020-05-18 00:00:00,0.000000000,0.191515592,0.231422291,0.235183338,0.243753349,0.262564606,0.000000000
3313,2020-05-18 01:00:00,0.000000000,0.191520670,0.231394331,0.235153008,0.243717011,0.262511720,0.000000000
3314,2020-05-18 02:00:00,0.000000000,0.191527023,0.231359329,0.235115039,0.243671528,0.262445543,0.000000000
3315,2020-05-18 03:00:00,0.000000000,0.191533024,0.231326238,0.235079145,0.243628536,0.262383011,0.000000000
3316,2020-05-18 04:00:00,0.000000000,0.191536961,0.231304518,0.235055587,0.243600321,0.262341983,0.000000000
3317,2020-05-18 05:00:00,0.000000000,0.191540584,0.231284517,0.235033893,0.243574342,0.262304213,0.000000000
3318,2020-05-18 06:00:00,0.000000000,0.191543971,0.231265812,0.235013607,0.243550049,0.262268902,0.000000000
3319,2020-05-18 07:00:00,0.000000000,0.191547172,0.231248129,0.234994428,0.243527085,0.262235527,0.000000000
3320,2020-05-18 08:00:00,0.000000000,0.191550235,0.231231202,0.234976071,0.243505106,0.262203589,0.000000000
3321,2020-05-18 09:00:00,0.000000000,0.191553269,0.231214432,0.234957883,0.243483331,0.262171953,0.000000000
3322,2020-05-18 10:00:00,0.000000000,0.191556206,0.231198189,0.234940268,0.243462242,0.262141319,0.231578980
3323,2020-05-18 11:00:00,0.000000000,0.191543872,0.231266362,0.235014203,0.243550764,0.262269940,0.000918685
3324,2020-05-18 12:00:00,0.000000000,0.191546903,0.231249617,0.234996043,0.243529018,0.262238337,0.003640439
3325,2020-05-18 13:00:00,0.000000000,0.191549798,0.231233621,0.234978694,0.243508246,0.262208153,0.002718068
3326,2020-05-18 14:00:00,0.000000000,0.191553018,0.231215820,0.234959388,0.243485132,0.262174570,0.000000000
3327,2020-05-18 15:00:00,0.000000000,0.191559495,0.231179995,0.234920537,0.243438623,0.262107014,0.000000000
3328,2020-05-18 16:00:00,0.000000000,0.191569981,0.231121933,0.234857576,0.243363263,0.261997600,0.000000000
3329,2020-05-18 17:00:00,0.000000000,0.191580084,0.231065923,0.234796845,0.243290586,0.261892138,0.000000000
3330,2020-05-18 18:00:00,0.000000000,0.191590276,0.231009352,0.234735511,0.243217203,0.261785707,0.000000000
3331,2020-05-18 19:00:00,0.000000000,0.191600529,0.230952374,0.234673739,0.243143312,0.261678597,0.000000000
3332,2020-05-18 20:00:00,0.000000000,0.191606807,0.230917453,0.234635884,0.243098037,0.261612996,0.000000000
3333,2020-05-18 21:00:00,0.000000000,0.191610600,0.230896341,0.234612998,0.243070668,0.261573351,0.000000000
3334,2020-05-18 22:00:00,0.000000000,0.191613094,0.230882452,0.234597943,0.243052665,0.261547276,0.000000000
3335,2020-05-18 23:00:00,0.000000000,0.191615738,0.230867729,0.234581984,0.243033583,0.261519642,0.000000000
3336,2020-05-19 00:00:00,0.000000000,0.191618074,0.230854711,0.234567874,0.243016711,0.261495212,0.000000000
3337,2020-05-19 01:00:00,0.000000000,0.191620599,0.230840641,0.234552623,0.242998476,0.261468813,0.000000000
3338,2020-05-19 02:00:00,0.000000000,0.191623072,0.230826854,0.234537680,0.242980611,0.261442951,0.000000000
3339,2020-05-19 03:00:00,0.000000000,0.191624651,0.230818047,0.234528134,0.242969199,0.261426432,0.000000000
3340,2020-05-19 04:00:00,0.000000000,0.191626452,0.230808003,0.234517248,0.242956184,0.261407597,0.000000000
3341,2020-05-19 05:00:00,0.000000000,0.191628079,0.230798930,0.234507414,0.242944429,0.261390584,0.000000000
3342,2020-05-19 06:00:00,0.000000000,0.191629768,0.230789505,0.234497199,0.242932219,0.261372915,0.000000000
3343,2020-05-19 07:00:00,0.000000000,0.191632430,0.230774649,0.234481098,0.242912972,0.261345068,0.000000000
3344,2020-05-19 08:00:00,0.000000000,0.191635952,0.230754985,0.234459786,0.242887499,0.261308216,0.000000000
3345,2020-05-19 09:00:00,0.000000000,0.191639192,0.230736889,0.234440175,0.242864059,0.261274314,0.000000000
3346,2020-05-19 10:00:00,0.000000000,0.191642488,0.230718469,0.234420214,0.242840203,0.261239814,0.000000000
3347,2020-05-19 11:00:00,0.000000000,0.191646530,0.230695872,0.234395726,0.242810940,0.261197502,0.000000000
3348,2020-05-19 12:00:00,0.000000000,0.191654449,0.230651573,0.234347722,0.242753581,0.261114594,0.000000000
3349,2020-05-19 13:00:00,0.000000000,0.191666246,0.230585504,0.234276134,0.242668058,0.260991039,0.000000000
3350,2020-05-19 14:00:00,0.000000000,0.191682676,0.230493330,0.234176270,0.242548790,0.260818858,0.000000000
3351,2020-05-19 15:00:00,0.000000000,0.191703522,0.230376115,0.234049297,0.242397203,0.260600229,0.000000000
3352,2020-05-19 16:00:00,0.000000000,0.191726348,0.230247429,0.233909922,0.242230881,0.260360622,0.000000000
3353,2020-05-19 17:00:00,0.000000000,0.191747942,0.230125359,0.233777737,0.242073210,0.260133737,0.000000000
3354,2020-05-19 18:00:00,0.000000000,0.191767894,0.230012288,0.233655318,0.241927250,0.259923928,0.000000000
3355,2020-05-19 19:00:00,0.000000000,0.191784602,0.229917391,0.233552590,0.241804811,0.259748096,0.000000000
3356,2020-05-19 20:00:00,0.000000000,0.191798419,0.229838769,0.233467491,0.241703416,0.259602600,0.000000000
3357,2020-05-19 21:00:00,0.000000000,0.191808644,0.229780499,0.233404427,0.241628293,0.259494868,0.000000000
3358,2020-05-19 22:00:00,0.000000000,0.191818460,0.229724492,0.233343817,0.241556108,0.259391404,0.000000000
3359,2020-05-19 23:00:00,0.000000000,0.191825679,0.229683262,0.233299201,0.241502981,0.259315289,0.000000000
3360,2020-05-20 00:00:00,0.000000000,0.191827910,0.229670509,0.233285402,0.241486551,0.259291756,0.000000000
3361,2020-05-20 01:00:00,0.000000000,0.191828953,0.229664548,0.233278952,0.241478871,0.259280757,0.000000000
3362,2020-05-20 02:00:00,0.000000000,0.191829729,0.229660112,0.233274152,0.241473156,0.259272571,0.000000000
3363,2020-05-20 03:00:00,0.000000000,0.191830286,0.229656932,0.233270710,0.241469059,0.259266704,0.000000000
3364,2020-05-20 04:00:00,0.000000000,0.191830559,0.229655369,0.233269020,0.241467046,0.259263821,0.000000000
3365,2020-05-20 05:00:00,0.000000000,0.191831091,0.229652328,0.233265729,0.241463128,0.259258210,0.000000000
3366,2020-05-20 06:00:00,0.000000000,0.191831530,0.229649815,0.233263009,0.241459890,0.259253574,0.000000000
3367,2020-05-20 07:00:00,0.000000000,0.191832079,0.229646678,0.233259616,0.241455850,0.259247788,0.000000000
3368,2020-05-20 08:00:00,0.000000000,0.191832523,0.229644140,0.233256870,0.241452581,0.259243107,0.000000000
3369,2020-05-20 09:00:00,0.000000000,0.191832956,0.229641661,0.233254187,0.241449387,0.259238533,0.000000000
3370,2020-05-20 10:00:00,0.000000000,0.191833146,0.229640578,0.233253015,0.241447992,0.259236536,0.000000000
3371,2020-05-20 11:00:00,0.000000000,0.191833508,0.229638504,0.233250771,0.241445321,0.259232711,0.000000000
3372,2020-05-20 12:00:00,0.000000000,0.191836424,0.229621823,0.233232723,0.241423835,0.259201949,0.000000000
3373,2020-05-20 13:00:00,0.000000000,0.191842255,0.229588451,0.233196615,0.241380853,0.259140424,0.000000000
3374,2020-05-20 14:00:00,0.000000000,0.191851390,0.229536115,0.233139994,0.241313464,0.259043999,0.000000000
3375,2020-05-20 15:00:00,0.000000000,0.191865004,0.229458012,0.233055503,0.241212928,0.258900228,0.000000000
3376,2020-05-20 16:00:00,0.000000000,0.191878171,0.229382352,0.232973663,0.241115573,0.258761102,0.000000000
3377,2020-05-20 17:00:00,0.000000000,0.191891179,0.229307486,0.232892691,0.241019275,0.258623580,0.000000000
3378,2020-05-20 18:00:00,0.000000000,0.191905807,0.229223152,0.232801490,0.240910842,0.258468837,0.000000000
3379,2020-05-20 19:00:00,0.000000000,0.191915840,0.229165222,0.232738849,0.240836384,0.258362646,0.000000000
3380,2020-05-20 20:00:00,0.000000000,0.191918138,0.229151943,0.232724492,0.240819320,0.258338318,0.000000000
3381,2020-05-20 21:00:00,0.000000000,0.191920520,0.229138173,0.232709603,0.240801626,0.258313093,0.000000000
3382,2020-05-20 22:00:00,0.000000000,0.191922860,0.229124647,0.232694978,0.240784245,0.258288319,0.000000000
3383,2020-05-20 23:00:00,0.000000000,0.191925519,0.229109268,0.232678350,0.240764487,0.258260159,0.000000000
3384,2020-05-21 00:00:00,0.000000000,0.191927369,0.229098564,0.232666777,0.240750735,0.258240562,0.000000000
3385,2020-05-21 01:00:00,0.000000000,0.191928316,0.229093087,0.232660856,0.240743699,0.258230536,0.000000000
3386,2020-05-21 02:00:00,0.000000000,0.191928667,0.229091056,0.232658660,0.240741089,0.258226818,0.000000000
3387,2020-05-21 03:00:00,0.000000000,0.191928810,0.229090225,0.232657761,0.240740021,0.258225296,0.000000000
3388,2020-05-21 04:00:00,0.000000000,0.191929018,0.229089025,0.232656463,0.240738480,0.258223099,0.000000000
3389,2020-05-21 05:00:00,0.000000000,0.191929291,0.229087443,0.232654754,0.240736448,0.258220205,0.000105408
3390,2020-05-21 06:00:00,0.000000000,0.191929249,0.229087443,0.232654754,0.240736448,0.258220205,0.000000000
3391,2020-05-21 07:00:00,0.000000000,0.191929351,0.229087443,0.232654754,0.240736448,0.258220205,0.000000000
3392,2020-05-21 08:00:00,0.000000000,0.191929408,0.229086768,0.232654024,0.240735581,0.258218970,0.000000000
3393,2020-05-21 09:00:00,0.000000000,0.191929624,0.229086768,0.232654024,0.240735581,0.258218970,0.001989343
3394,2020-05-21 10:00:00,0.000000000,0.191929313,0.229087315,0.232654615,0.240736283,0.258219970,0.004121123
3395,2020-05-21 11:00:00,0.000000000,0.191929044,0.229088872,0.232656298,0.240738283,0.258222820,0.001897656
3396,2020-05-21 12:00:00,0.000000000,0.191928967,0.229089321,0.232656784,0.240738860,0.258223641,0.000000000
3397,2020-05-21 13:00:00,0.000000000,0.191931975,0.229071911,0.232637961,0.240716495,0.258191777,0.000000000
3398,2020-05-21 14:00:00,0.000000000,0.191939164,0.229030271,0.232592944,0.240663012,0.258115598,0.000000000
3399,2020-05-21 15:00:00,0.000000000,0.191947674,0.228980939,0.232539614,0.240599664,0.258025402,0.000000000
3400,2020-05-21 16:00:00,0.000000000,0.191959859,0.228910206,0.232463156,0.240508861,0.257896185,0.000000000
3401,2020-05-21 17:00:00,0.000000000,0.191974036,0.228827779,0.232374067,0.240403086,0.257745763,0.000000000
3402,2020-05-21 18:00:00,0.000000000,0.191986512,0.228755122,0.232295547,0.240309883,0.257613311,0.000000000
3403,2020-05-21 19:00:00,0.000000000,0.191996194,0.228698659,0.232234533,0.240237477,0.257510471,0.000000000
3404,2020-05-21 20:00:00,0.000000000,0.192000201,0.228675273,0.232209263,0.240207493,0.257467898,0.000000000
3405,2020-05-21 21:00:00,0.000000000,0.192003164,0.228657970,0.232190567,0.240185310,0.257436409,0.000000000
3406,2020-05-21 22:00:00,0.000000000,0.192006845,0.228636470,0.232167336,0.240157750,0.257397291,0.000000000
3407,2020-05-21 23:00:00,0.000000000,0.192008436,0.228627170,0.232157289,0.240145830,0.257380376,0.000000000
3408,2020-05-22 00:00:00,0.000000000,0.192009625,0.228620226,0.232149786,0.240136929,0.257367745,0.000000000
3409,2020-05-22 01:00:00,0.000000000,0.192010360,0.228615927,0.232145141,0.240131420,0.257359927,0.000000000
3410,2020-05-22 02:00:00,0.000000000,0.192010543,0.228614859,0.232143988,0.240130051,0.257357985,0.002523144
3411,2020-05-22 03:00:00,0.000000000,0.192010379,0.228615816,0.232145021,0.240131277,0.257359724,0.005401051
3412,2020-05-22 04:00:00,0.000000000,0.192010029,0.228617863,0.232147232,0.240133900,0.257363447,0.006569896
3413,2020-05-22 05:00:00,0.000000000,0.192009603,0.228620352,0.232149922,0.240137091,0.257367975,0.006744144
3414,2020-05-22 06:00:00,0.000000000,0.192009166,0.228622908,0.232152684,0.240140367,0.257372623,0.007123463
3415,2020-05-22 07:00:00,0.000000000,0.192008704,0.228625607,0.232155600,0.240143827,0.257377533,0.006267764
3416,2020-05-22 08:00:00,0.000000000,0.192008297,0.228627982,0.232158166,0.240146871,0.257381853,0.004873968
3417,2020-05-22 09:00:00,0.000000000,0.192007981,0.228629829,0.232160162,0.240149239,0.257385213,0.006248678
3418,2020-05-22 10:00:00,0.000000000,0.192007576,0.228632197,0.232162720,0.240152274,0.257389520,0.008300047
3419,2020-05-22 11:00:00,0.000000000,0.192007038,0.228635342,0.232166118,0.240156305,0.257395241,0.011437798
3420,2020-05-22 12:00:00,0.000000000,0.192007264,0.228635342,0.232166118,0.240156305,0.257395241,0.016101408
3421,2020-05-22 13:00:00,0.000000000,0.192009477,0.228621089,0.232150718,0.240138035,0.257369314,0.002013278
3422,2020-05-22 14:00:00,0.000000000,0.192015904,0.228583510,0.232110117,0.240089874,0.257300985,0.000000000
3423,2020-05-22 15:00:00,0.000000000,0.192026862,0.228519363,0.232040817,0.240007684,0.257184428,0.000000000
3424,2020-05-22 16:00:00,0.000000000,0.192041958,0.228430860,0.231945215,0.239894329,0.257023781,0.000000000
3425,2020-05-22 17:00:00,0.000000000,0.192056338,0.228346391,0.231853981,0.239786187,0.256870636,0.000000000
3426,2020-05-22 18:00:00,0.000000000,0.192068260,0.228276252,0.231778233,0.239696424,0.256743605,0.000000000
3427,2020-05-22 19:00:00,0.000000000,0.192078748,0.228214457,0.231711502,0.239617364,0.256631785,0.000000000
3428,2020-05-22 20:00:00,0.000000000,0.192084408,0.228181077,0.231675459,0.239574669,0.256571422,0.000000000
3429,2020-05-22 21:00:00,0.000000000,0.192087206,0.228164566,0.231657631,0.239553552,0.256541574,0.000000000
3430,2020-05-22 22:00:00,0.000000000,0.192088456,0.228157191,0.231649668,0.239544120,0.256528243,0.000000000
3431,2020-05-22 23:00:00,0.000000000,0.192089497,0.228151048,0.231643035,0.239536265,0.256517142,0.000000000
3432,2020-05-23 00:00:00,0.000000000,0.192090145,0.228147219,0.231638900,0.239531368,0.256510221,0.000349576
3433,2020-05-23 01:00:00,0.000000000,0.192090006,0.228147219,0.231638900,0.239531368,0.256510221,0.005082349
3434,2020-05-23 02:00:00,0.000000000,0.192089796,0.228149283,0.231641129,0.239534008,0.256513951,0.007477658
3435,2020-05-23 03:00:00,0.000000000,0.192089314,0.228152125,0.231644197,0.239537642,0.256519087,0.011971017
3436,2020-05-23 04:00:00,0.000000000,0.192088544,0.228156673,0.231649109,0.239543458,0.256527308,0.015282588
3437,2020-05-23 05:00:00,0.000000000,0.192087560,0.228162479,0.231655377,0.239550883,0.256537801,0.011056580
3438,2020-05-23 06:00:00,0.000000000,0.192086848,0.228166680,0.231659913,0.239556256,0.256545395,0.339293982
3439,2020-05-23 07:00:00,0.000000000,0.192065245,0.228293997,0.231797396,0.239719130,0.256775732,0.419047120
3440,2020-05-23 08:00:00,0.000000000,0.192038585,0.228450645,0.231966586,0.239919666,0.257059678,0.311378878
3441,2020-05-23 09:00:00,0.000000000,0.192018656,0.228567405,0.232092718,0.240069237,0.257271712,0.005762764
3442,2020-05-23 10:00:00,0.000000000,0.192018283,0.228569590,0.232095078,0.240072036,0.257275683,0.005881991
3443,2020-05-23 11:00:00,0.000000000,0.192017902,0.228571819,0.232097487,0.240074894,0.257279735,0.012886957
3444,2020-05-23 12:00:00,0.000000000,0.192017067,0.228576703,0.232102764,0.240081152,0.257288612,0.013471852
3445,2020-05-23 13:00:00,0.000000000,0.192016204,0.228581755,0.232108222,0.240087626,0.257297796,0.022016099
3446,2020-05-23 14:00:00,0.000000000,0.192014913,0.228589304,0.232116377,0.240097300,0.257311519,0.007346743
3447,2020-05-23 15:00:00,0.000000000,0.192014979,0.228588916,0.232115958,0.240096802,0.257310813,0.064977406
3448,2020-05-23 16:00:00,0.000000000,0.192018085,0.228570751,0.232096333,0.240073525,0.257277794,0.572902366
3449,2020-05-23 17:00:00,0.000000000,0.191992435,0.228720593,0.232258234,0.240265602,0.257550411,0.312595338
3450,2020-05-23 18:00:00,0.000000000,0.191981660,0.228783391,0.232326097,0.240346143,0.257664830,1.454668654
3451,2020-05-23 19:00:00,0.000000000,0.191898081,0.229267714,0.232849680,0.240968133,0.258550581,1.873156452
3452,2020-05-23 20:00:00,0.000000000,0.191787478,0.229901039,0.233534890,0.241783720,0.259717823,1.732120700
3453,2020-05-23 21:00:00,0.000000000,0.191682731,0.230493021,0.234175936,0.242548392,0.260818283,1.899430936
3454,2020-05-23 22:00:00,0.000000000,0.191568348,0.231130981,0.234867388,0.243375005,0.262014644,0.000000000
3455,2020-05-23 23:00:00,0.000000000,0.191573845,0.231100519,0.234834357,0.243335474,0.261957269,0.000000000
3456,2020-05-24 00:00:00,0.000000000,0.191580845,0.231061702,0.234792268,0.243285109,0.261884193,0.000000000
3457,2020-05-24 01:00:00,0.000000000,0.191587349,0.231025608,0.234753135,0.243238287,0.261816282,0.000000000
3458,2020-05-24 02:00:00,0.000000000,0.191593169,0.230993283,0.234718089,0.243196362,0.261755491,0.000000000
3459,2020-05-24 03:00:00,0.000000000,0.191598343,0.230964533,0.234686920,0.243159078,0.261701446,0.000000000
3460,2020-05-24 04:00:00,0.000000000,0.191603332,0.230936787,0.234656843,0.243123103,0.261649312,0.000000000
3461,2020-05-24 05:00:00,0.000000000,0.191607589,0.230913103,0.234631168,0.243092397,0.261604826,0.000000000
3462,2020-05-24 06:00:00,0.000000000,0.191611291,0.230892495,0.234608829,0.243065683,0.261566129,0.000000000
3463,2020-05-24 07:00:00,0.000000000,0.191614365,0.230875375,0.234590272,0.243043492,0.261533992,0.000000000
3464,2020-05-24 08:00:00,0.000000000,0.191617197,0.230859599,0.234573172,0.243023045,0.261504384,0.000000000
3465,2020-05-24 09:00:00,0.000000000,0.191619842,0.230844859,0.234557195,0.243003943,0.261476727,0.000000000
3466,2020-05-24 10:00:00,0.000000000,0.191622422,0.230830478,0.234541607,0.242985306,0.261449747,0.000000000
3467,2020-05-24 11:00:00,0.000000000,0.191625386,0.230813951,0.234523694,0.242963891,0.261418751,0.000000000
3468,2020-05-24 12:00:00,0.000000000,0.191629638,0.230790227,0.234497981,0.242933153,0.261374268,0.000000000
3469,2020-05-24 13:00:00,0.000000000,0.191635323,0.230758497,0.234463593,0.242892048,0.261314798,0.000000000
3470,2020-05-24 14:00:00,0.000000000,0.191643379,0.230713492,0.234414820,0.242833757,0.261230493,0.000000000
3471,2020-05-24 15:00:00,0.000000000,0.191654839,0.230649395,0.234345362,0.242750761,0.261110518,0.000000000
3472,2020-05-24 16:00:00,0.000000000,0.191668768,0.230571365,0.234260814,0.242649760,0.260964613,0.000000000
3473,2020-05-24 17:00:00,0.000000000,0.191684067,0.230485514,0.234167803,0.242538680,0.260804269,0.000000000
3474,2020-05-24 18:00:00,0.000000000,0.191700276,0.230394386,0.234069087,0.242420825,0.260634284,0.000000000
3475,2020-05-24 19:00:00,0.000000000,0.191709954,0.230339887,0.234010057,0.242350369,0.260532731,0.000000000
3476,2020-05-24 20:00:00,0.000000000,0.191714386,0.230314910,0.233983005,0.242318085,0.260486215,0.000000000
3477,2020-05-24 21:00:00,0.000000000,0.191716582,0.230302530,0.233969597,0.242302084,0.260463165,0.000000000
3478,2020-05-24 22:00:00,0.000000000,0.191721935,0.230272336,0.233936896,0.242263064,0.260406964,0.000000000
3479,2020-05-24 23:00:00,0.000000000,0.191723598,0.230262949,0.233926730,0.242250935,0.260389497,0.000000000
3480,2020-05-25 00:00:00,0.000000000,0.191724515,0.230257775,0.233921127,0.242244250,0.260379871,0.000000000
3481,2020-05-25 01:00:00,0.000000000,0.191724824,0.230256030,0.233919237,0.242241995,0.260376625,0.000637562
3482,2020-05-25 02:00:00,0.000000000,0.191724573,0.230256030,0.233919237,0.242241995,0.260376625,0.002525856
3483,2020-05-25 03:00:00,0.000000000,0.191724614,0.230257217,0.233920522,0.242243529,0.260378833,0.007758709
3484,2020-05-25 04:00:00,0.000000000,0.191724098,0.230260127,0.233923674,0.242247289,0.260384247,0.005272370
3485,2020-05-25 05:00:00,0.000000000,0.191723748,0.230262105,0.233925816,0.242249844,0.260387926,0.007352352
3486,2020-05-25 06:00:00,0.000000000,0.191723259,0.230264862,0.233928802,0.242253407,0.260393057,0.012368600
3487,2020-05-25 07:00:00,0.000000000,0.191722437,0.230269500,0.233933825,0.242259400,0.260401688,0.010778719
3488,2020-05-25 08:00:00,0.000000000,0.191721721,0.230273542,0.233938202,0.242264623,0.260409209,0.012445021
3489,2020-05-25 09:00:00,0.000000000,0.191720894,0.230278209,0.233943256,0.242270653,0.260417894,0.012484654
3490,2020-05-25 10:00:00,0.000000000,0.191720064,0.230282890,0.233948326,0.242276703,0.260426606,0.011223527
3491,2020-05-25 11:00:00,0.000000000,0.191719318,0.230287098,0.233952884,0.242282141,0.260434438,0.299873713
3492,2020-05-25 12:00:00,0.000000000,0.191699627,0.230398036,0.234073042,0.242425546,0.260641090,0.198011757
3493,2020-05-25 13:00:00,0.000000000,0.191686616,0.230471196,0.234152292,0.242520159,0.260777546,0.000000000
3494,2020-05-25 14:00:00,0.000000000,0.191687029,0.230468876,0.234149779,0.242517159,0.260773218,0.000000000
3495,2020-05-25 15:00:00,0.000000000,0.191688593,0.230460087,0.234140257,0.242505790,0.260756816,0.000000000
3496,2020-05-25 16:00:00,0.000000000,0.191693033,0.230435130,0.234113222,0.242473513,0.260710259,0.000000000
3497,2020-05-25 17:00:00,0.000000000,0.191699062,0.230401217,0.234076487,0.242429658,0.260647019,0.000000000
3498,2020-05-25 18:00:00,0.000000000,0.191704567,0.230370231,0.234042924,0.242389595,0.260589264,0.000000000
3499,2020-05-25 19:00:00,0.000000000,0.191708679,0.230347073,0.234017841,0.242359658,0.260546117,0.000000000
3500,2020-05-25 20:00:00,0.000000000,0.191709687,0.230341395,0.234011690,0.242352318,0.260535539,0.000401199
3501,2020-05-25 21:00:00,0.000000000,0.191709654,0.230341395,0.234011690,0.242352318,0.260535539,0.002533360
3502,2020-05-25 22:00:00,0.000000000,0.191709516,0.230342355,0.234012730,0.242353559,0.260537327,0.005292307
3503,2020-05-25 23:00:00,0.000000000,0.191709164,0.230344339,0.234014879,0.242356123,0.260541023,0.011473211
3504,2020-05-26 00:00:00,0.000000000,0.191708401,0.230348639,0.234019537,0.242361682,0.260549034,0.015652724
3505,2020-05-26 01:00:00,0.000000000,0.191707359,0.230354505,0.234025890,0.242369265,0.260559962,0.013046250
3506,2020-05-26 02:00:00,0.000000000,0.191706491,0.230359394,0.234031185,0.242375585,0.260569071,0.012973473
3507,2020-05-26 03:00:00,0.000000000,0.191705628,0.230364256,0.234036451,0.242381870,0.260578130,0.014973322
3508,2020-05-26 04:00:00,0.000000000,0.191704632,0.230369866,0.234042528,0.242389124,0.260588585,0.015169961
3509,2020-05-26 05:00:00,0.000000000,0.191703622,0.230375550,0.234048685,0.242396472,0.260599177,0.016602120
3510,2020-05-26 06:00:00,0.000000000,0.191702517,0.230381770,0.234055423,0.242404514,0.260610770,0.016988596
3511,2020-05-26 07:00:00,0.000000000,0.191701386,0.230388135,0.234062316,0.242412743,0.260622632,0.017294126
3512,2020-05-26 08:00:00,0.000000000,0.191700235,0.230394614,0.234069334,0.242421120,0.260634709,0.017630483
3513,2020-05-26 09:00:00,0.000000000,0.191699062,0.230401218,0.234076488,0.242429659,0.260647021,0.018452681
3514,2020-05-26 10:00:00,0.000000000,0.191697833,0.230408130,0.234083975,0.242438597,0.260659907,0.014188361
3515,2020-05-26 11:00:00,0.000000000,0.191696888,0.230413445,0.234089732,0.242445470,0.260669818,0.016077654
3516,2020-05-26 12:00:00,0.000000000,0.191696429,0.230416029,0.234092531,0.242448811,0.260674635,0.015655221
3517,2020-05-26 13:00:00,0.000000000,0.191698299,0.230405510,0.234081137,0.242435209,0.260655022,0.005168557
3518,2020-05-26 14:00:00,0.000000000,0.191703525,0.230376096,0.234049277,0.242397178,0.260600195,0.000000000
3519,2020-05-26 15:00:00,0.000000000,0.191711686,0.230330127,0.233999486,0.242337752,0.260514551,0.000000000
3520,2020-05-26 16:00:00,0.000000000,0.191722397,0.230269730,0.233934073,0.242259697,0.260402115,0.000000000
3521,2020-05-26 17:00:00,0.000000000,0.191734085,0.230203726,0.233862595,0.242174422,0.260279349,0.000000000
3522,2020-05-26 18:00:00,0.000000000,0.191745144,0.230141193,0.233794882,0.242093657,0.260163145,0.000000000
3523,2020-05-26 19:00:00,0.000000000,0.191753826,0.230092042,0.233741663,0.242030194,0.260071881,0.000000000
3524,2020-05-26 20:00:00,0.000000000,0.191755865,0.230080492,0.233729158,0.242015283,0.260050444,0.000000000
3525,2020-05-26 21:00:00,0.000000000,0.191756453,0.230077159,0.233725549,0.242010979,0.260044258,0.000000000
3526,2020-05-26 22:00:00,0.000000000,0.191757067,0.230073682,0.233721785,0.242006491,0.260037806,0.000000000
3527,2020-05-26 23:00:00,0.000000000,0.191757427,0.230071642,0.233719576,0.242003858,0.260034020,0.002375069
3528,2020-05-27 00:00:00,0.000000000,0.191757269,0.230072534,0.233720542,0.242005009,0.260035676,0.007705277
3529,2020-05-27 01:00:00,0.000000000,0.191756759,0.230075427,0.233723674,0.242008744,0.260041045,0.012599789
3530,2020-05-27 02:00:00,0.000000000,0.191755924,0.230080158,0.233728796,0.242014851,0.260049823,0.017382487
3531,2020-05-27 03:00:00,0.000000000,0.191754772,0.230086682,0.233735860,0.242023274,0.260061933,0.015616227
3532,2020-05-27 04:00:00,0.000000000,0.191753737,0.230092544,0.233742207,0.242030842,0.260072813,0.018597898
3533,2020-05-27 05:00:00,0.000000000,0.191752505,0.230099524,0.233749764,0.242039853,0.260085769,0.017947268
3534,2020-05-27 06:00:00,0.000000000,0.191751316,0.230106259,0.233757057,0.242048549,0.260098274,0.018069533
3535,2020-05-27 07:00:00,0.000000000,0.191750118,0.230113040,0.233764399,0.242057305,0.260110864,0.017383068
3536,2020-05-27 08:00:00,0.000000000,0.191748966,0.230119564,0.233771462,0.242065728,0.260122976,0.014969875
3537,2020-05-27 09:00:00,0.000000000,0.191747973,0.230125182,0.233777545,0.242072982,0.260133409,0.016567317
3538,2020-05-27 10:00:00,0.000000000,0.191746875,0.230131399,0.233784277,0.242081010,0.260144955,0.014766519
3539,2020-05-27 11:00:00,0.000000000,0.191745896,0.230136940,0.233790277,0.242088166,0.260155247,0.014666279
3540,2020-05-27 12:00:00,0.000000000,0.191745577,0.230138744,0.233792230,0.242090495,0.260158597,0.009516897
3541,2020-05-27 13:00:00,0.000000000,0.191747609,0.230127244,0.233779779,0.242075645,0.260137239,0.001547847
3542,2020-05-27 14:00:00,0.000000000,0.191753860,0.230091847,0.233741452,0.242029942,0.260071519,0.000000000
3543,2020-05-27 15:00:00,0.000000000,0.191764931,0.230029100,0.233673518,0.241948946,0.259955102,0.000000000
3544,2020-05-27 16:00:00,0.000000000,0.191778594,0.229951535,0.233589550,0.241848858,0.259811334,0.000000000
3545,2020-05-27 17:00:00,0.000000000,0.191793686,0.229865714,0.233496654,0.241738161,0.259652445,0.000000000
3546,2020-05-27 18:00:00,0.000000000,0.191807963,0.229784383,0.233408631,0.241633300,0.259502047,0.000000000
3547,2020-05-27 19:00:00,0.000000000,0.191819255,0.229719955,0.233338907,0.241550261,0.259383025,0.000000000
3548,2020-05-27 20:00:00,0.000000000,0.191825226,0.229685851,0.233302003,0.241506316,0.259320067,0.000000000
3549,2020-05-27 21:00:00,0.000000000,0.191826813,0.229676783,0.233292190,0.241494633,0.259303331,0.000000000
3550,2020-05-27 22:00:00,0.000000000,0.191828315,0.229668197,0.233282900,0.241483572,0.259287489,0.000000000
3551,2020-05-27 23:00:00,0.000000000,0.191828458,0.229667377,0.233282013,0.241482516,0.259285976,0.009055165
3552,2020-05-28 00:00:00,0.000000000,0.191827862,0.229670786,0.233285702,0.241486907,0.259292266,0.013961757
3553,2020-05-28 01:00:00,0.000000000,0.191826943,0.229676041,0.233291388,0.241493678,0.259301963,0.017406206
3554,2020-05-28 02:00:00,0.000000000,0.191825796,0.229682591,0.233298475,0.241502117,0.259314051,0.012971594
3555,2020-05-28 03:00:00,0.000000000,0.191824942,0.229687473,0.233303758,0.241508407,0.259323061,0.014117611
3556,2020-05-28 04:00:00,0.000000000,0.191824012,0.229692786,0.233309507,0.241515252,0.259332868,0.016591194
3557,2020-05-28 05:00:00,0.000000000,0.191822919,0.229699029,0.233316263,0.241523296,0.259344392,0.018080086
3558,2020-05-28 06:00:00,0.000000000,0.191821728,0.229705832,0.233323624,0.241532062,0.259356950,0.018363108
3559,2020-05-28 07:00:00,0.000000000,0.191820518,0.229712741,0.233331100,0.241540964,0.259369705,0.020111532
3560,2020-05-28 08:00:00,0.000000000,0.191819193,0.229720306,0.233339287,0.241550714,0.259383674,0.017431029
3561,2020-05-28 09:00:00,0.000000000,0.191818045,0.229726864,0.233346384,0.241559164,0.259395784,0.018369864
3562,2020-05-28 10:00:00,0.000000000,0.191816834,0.229733774,0.233353862,0.241568070,0.259408546,0.017596691
3563,2020-05-28 11:00:00,0.000000000,0.191815674,0.229740394,0.233361025,0.241576601,0.259420771,0.022688000
3564,2020-05-28 12:00:00,0.000000000,0.191814579,0.229746643,0.233367788,0.241584655,0.259432314,0.016225253
3565,2020-05-28 13:00:00,0.000000000,0.191815363,0.229742172,0.233362949,0.241578893,0.259424056,0.011083295
3566,2020-05-28 14:00:00,0.000000000,0.191818293,0.229725447,0.233344850,0.241557339,0.259393167,0.006455861
3567,2020-05-28 15:00:00,0.000000000,0.191821364,0.229707911,0.233325874,0.241534741,0.259360788,0.000000000
3568,2020-05-28 16:00:00,0.000000000,0.191826254,0.229679975,0.233295644,0.241498746,0.259309222,0.000000000
3569,2020-05-28 17:00:00,0.000000000,0.191832435,0.229644640,0.233257411,0.241453225,0.259244030,0.000000000
3570,2020-05-28 18:00:00,0.000000000,0.191838248,0.229611388,0.233221432,0.241410394,0.259182708,0.000000000
3571,2020-05-28 19:00:00,0.000000000,0.191843082,0.229583716,0.233191493,0.241374757,0.259131699,0.000000000
3572,2020-05-28 20:00:00,0.000000000,0.191845270,0.229571181,0.233177931,0.241358615,0.259108599,0.000000000
3573,2020-05-28 21:00:00,0.000000000,0.191845395,0.229570469,0.233177161,0.241357698,0.259107286,0.003024521
3574,2020-05-28 22:00:00,0.000000000,0.191845196,0.229571609,0.233178393,0.241359165,0.259109386,0.006700168
3575,2020-05-28 23:00:00,0.000000000,0.191844775,0.229574019,0.233181001,0.241362269,0.259113828,0.237606619
3576,2020-05-29 00:00:00,0.000000000,0.191829271,0.229662730,0.233276984,0.241476529,0.259277401,0.179283199
3577,2020-05-29 01:00:00,0.000000000,0.191817533,0.229729784,0.233349543,0.241562927,0.259401176,0.005699741
3578,2020-05-29 02:00:00,0.000000000,0.191817158,0.229731927,0.233351862,0.241565689,0.259405133,0.083587025
3579,2020-05-29 03:00:00,0.000000000,0.191811661,0.229763291,0.233385803,0.241606111,0.259463069,0.013565374
3580,2020-05-29 04:00:00,0.000000000,0.191810767,0.229768393,0.233391326,0.241612688,0.259472498,0.015000709
3581,2020-05-29 05:00:00,0.000000000,0.191809778,0.229774036,0.233397432,0.241619961,0.259482923,0.017078486
3582,2020-05-29 06:00:00,0.000000000,0.191808651,0.229780458,0.233404383,0.241628240,0.259494793,0.879530944
3583,2020-05-29 07:00:00,0.000000000,0.191752320,0.230100574,0.233750902,0.242041210,0.260087720,0.013313075
3584,2020-05-29 08:00:00,0.000000000,0.191751437,0.230105572,0.233756312,0.242047662,0.260096997,0.012493497
3585,2020-05-29 09:00:00,0.000000000,0.191750609,0.230110261,0.233761390,0.242053716,0.260105703,0.013966625
3586,2020-05-29 10:00:00,0.000000000,0.191749683,0.230115503,0.233767066,0.242060485,0.260115437,0.013770490
3587,2020-05-29 11:00:00,0.000000000,0.191748770,0.230120672,0.233772662,0.242067158,0.260125033,0.014540155
3588,2020-05-29 12:00:00,0.000000000,0.191747806,0.230126128,0.233778570,0.242074204,0.260135167,0.005617756
3589,2020-05-29 13:00:00,0.000000000,0.191747460,0.230128087,0.233780691,0.242076733,0.260138804,0.000000000
3590,2020-05-29 14:00:00,0.000000000,0.191748031,0.230124858,0.233777195,0.242072564,0.260132808,0.000000000
3591,2020-05-29 15:00:00,0.000000000,0.191750872,0.230108772,0.233759778,0.242051794,0.260102939,0.000000000
3592,2020-05-29 16:00:00,0.000000000,0.191759660,0.230058987,0.233705875,0.241987522,0.260010540,0.000000000
3593,2020-05-29 17:00:00,0.000000000,0.191768739,0.230007491,0.233650125,0.241921059,0.259915034,0.000000000
3594,2020-05-29 18:00:00,0.000000000,0.191777206,0.229959421,0.233598087,0.241859033,0.259825944,0.000000000
3595,2020-05-29 19:00:00,0.000000000,0.191783074,0.229926078,0.233561993,0.241816016,0.259764182,0.000000000
3596,2020-05-29 20:00:00,0.000000000,0.191785202,0.229913979,0.233548897,0.241800410,0.259741780,0.000000000
3597,2020-05-29 21:00:00,0.000000000,0.191787004,0.229903734,0.233537807,0.241787196,0.259722812,0.000000000
3598,2020-05-29 22:00:00,0.000000000,0.191787433,0.229901290,0.233535162,0.241784044,0.259718288,0.000000000
3599,2020-05-29 23:00:00,0.000000000,0.191787554,0.229900603,0.233534418,0.241783157,0.259717015,0.000000000
3600,2020-05-30 00:00:00,0.000000000,0.191787727,0.229899622,0.233533356,0.241781892,0.259715200,0.000000000
3601,2020-05-30 01:00:00,0.000000000,0.191787951,0.229899622,0.233533356,0.241781892,0.259715200,0.003007080
3602,2020-05-30 02:00:00,0.000000000,0.191787565,0.229900540,0.233534350,0.241783076,0.259716899,0.004846651
3603,2020-05-30 03:00:00,0.000000000,0.191787245,0.229902362,0.233536322,0.241785426,0.259720272,0.007687262
3604,2020-05-30 04:00:00,0.000000000,0.191786737,0.229905252,0.233539450,0.241789153,0.259725622,0.006976021
3605,2020-05-30 05:00:00,0.000000000,0.191786276,0.229907874,0.233542289,0.241792536,0.259730477,0.359432855
3606,2020-05-30 06:00:00,0.000000000,0.191762801,0.230041176,0.233686592,0.241964532,0.259977498,3.560342702
3607,2020-05-30 07:00:00,0.000000000,0.191555600,0.231201543,0.234943906,0.243466597,0.262147644,0.479306988
3608,2020-05-30 08:00:00,0.000000000,0.191527432,0.231357076,0.235112595,0.243668600,0.262441284,0.105445425
3609,2020-05-30 09:00:00,0.000000000,0.191524048,0.231375724,0.235132823,0.243692831,0.262476536,0.005686534
3610,2020-05-30 10:00:00,0.000000000,0.191527283,0.231357895,0.235113483,0.243669665,0.262442832,0.007953280
3611,2020-05-30 11:00:00,0.000000000,0.191530276,0.231341395,0.235095586,0.243648227,0.262411650,0.011564392
3612,2020-05-30 12:00:00,0.000000000,0.191532945,0.231326673,0.235079617,0.243629101,0.262383833,0.004616159
3613,2020-05-30 13:00:00,0.000000000,0.191535993,0.231309859,0.235061380,0.243607259,0.262352071,0.000000000
3614,2020-05-30 14:00:00,0.000000000,0.191540821,0.231283208,0.235032474,0.243572642,0.262301742,0.000000000
3615,2020-05-30 15:00:00,0.000000000,0.191553844,0.231211252,0.234954435,0.243479202,0.262165955,0.000000000
3616,2020-05-30 16:00:00,0.000000000,0.191572372,0.231108685,0.234843211,0.243346070,0.261972646,0.000000000
3617,2020-05-30 17:00:00,0.000000000,0.191591146,0.231004522,0.234730274,0.243210938,0.261776624,0.000000000
3618,2020-05-30 18:00:00,0.000000000,0.191607944,0.230911127,0.234629027,0.243089836,0.261601116,0.000000000
3619,2020-05-30 19:00:00,0.000000000,0.191622544,0.230829794,0.234540867,0.242984421,0.261448466,0.000000000
3620,2020-05-30 20:00:00,0.000000000,0.191626764,0.230806265,0.234515364,0.242953933,0.261404338,0.000000000
3621,2020-05-30 21:00:00,0.000000000,0.191630304,0.230786510,0.234493953,0.242928338,0.261367300,0.000000000
3622,2020-05-30 22:00:00,0.000000000,0.191633941,0.230766211,0.234471954,0.242902042,0.261329254,0.000000000
3623,2020-05-30 23:00:00,0.000000000,0.191636022,0.230754593,0.234459363,0.242886992,0.261307484,0.000000000
3624,2020-05-31 00:00:00,0.000000000,0.191636967,0.230749312,0.234453639,0.242880151,0.261297588,0.000000000
3625,2020-05-31 01:00:00,0.000000000,0.191637740,0.230745000,0.234448965,0.242874565,0.261289508,0.000000000
3626,2020-05-31 02:00:00,0.000000000,0.191638551,0.230740465,0.234444051,0.242868692,0.261281014,0.000000000
3627,2020-05-31 03:00:00,0.000000000,0.191641502,0.230723979,0.234426185,0.242847339,0.261250133,0.000000000
3628,2020-05-31 04:00:00,0.000000000,0.191644804,0.230705523,0.234406184,0.242823437,0.261215571,0.000000000
3629,2020-05-31 05:00:00,0.000000000,0.191646267,0.230697345,0.234397321,0.242812846,0.261200259,0.000000000
3630,2020-05-31 06:00:00,0.000000000,0.191647050,0.230692969,0.234392579,0.242807180,0.261192066,0.000000000
3631,2020-05-31 07:00:00,0.000000000,0.191648038,0.230687440,0.234386588,0.242800021,0.261181717,0.000000000
3632,2020-05-31 08:00:00,0.000000000,0.191649805,0.230677559,0.234375881,0.242787226,0.261163221,0.000000000
3633,2020-05-31 09:00:00,0.000000000,0.191650882,0.230671535,0.234369353,0.242779426,0.261151947,0.000000000
3634,2020-05-31 10:00:00,0.000000000,0.191652212,0.230664093,0.234361289,0.242769791,0.261138020,0.000000000
3635,2020-05-31 11:00:00,0.000000000,0.191653557,0.230656567,0.234353134,0.242760047,0.261123937,0.000000000
3636,2020-05-31 12:00:00,0.000000000,0.191658915,0.230626571,0.234320630,0.242721213,0.261067823,0.000000000
3637,2020-05-31 13:00:00,0.000000000,0.191669758,0.230565817,0.234254803,0.242642580,0.260954244,0.000000000
3638,2020-05-31 14:00:00,0.000000000,0.191682834,0.230492439,0.234175305,0.242547639,0.260817196,0.000000000
3639,2020-05-31 15:00:00,0.000000000,0.191698599,0.230403824,0.234079311,0.242433029,0.260651880,0.000000000
3640,2020-05-31 16:00:00,0.000000000,0.191715846,0.230306676,0.233974087,0.242307442,0.260470883,0.000000000
3641,2020-05-31 17:00:00,0.000000000,0.191732104,0.230214919,0.233874716,0.242188882,0.260300161,0.000000000
3642,2020-05-31 18:00:00,0.000000000,0.191746140,0.230135560,0.233788782,0.242086383,0.260152682,0.000000000
3643,2020-05-31 19:00:00,0.000000000,0.191758115,0.230067744,0.233715356,0.241998826,0.260026787,0.000000000
3644,2020-05-31 20:00:00,0.000000000,0.191767346,0.230015400,0.233658687,0.241931265,0.259929697,0.000000000
3645,2020-05-31 21:00:00,0.000000000,0.191771671,0.229990853,0.233632112,0.241899588,0.259884191,0.000000000
3646,2020-05-31 22:00:00,0.000000000,0.191779234,0.229947902,0.233585617,0.241844170,0.259804603,0.000000000
3647,2020-05-31 23:00:00,0.000000000,0.191786862,0.229904540,0.233538679,0.241788235,0.259724304,0.000000000
3648,2020-06-01 00:00:00,0.000000000,0.191788465,0.229895420,0.233528808,0.241776473,0.259707422,0.000000000
3649,2020-06-01 01:00:00,0.000000000,0.191790324,0.229884845,0.233517362,0.241762834,0.259687848,0.000000000
3650,2020-06-01 02:00:00,0.000000000,0.191793603,0.229866188,0.233497168,0.241738772,0.259653322,0.000000000
3651,2020-06-01 03:00:00,0.000000000,0.191795971,0.229852709,0.233482578,0.241721390,0.259628384,0.000000000
3652,2020-06-01 04:00:00,0.000000000,0.191797778,0.229842418,0.233471440,0.241708121,0.259609348,0.000000000
3653,2020-06-01 05:00:00,0.000000000,0.191799452,0.229832883,0.233461120,0.241695826,0.259591712,0.000000000
3654,2020-06-01 06:00:00,0.000000000,0.191800840,0.229824976,0.233452563,0.241685632,0.259577090,0.000000000
3655,2020-06-01 07:00:00,0.000000000,0.191801908,0.229818892,0.233445978,0.241677788,0.259565841,0.000000000
3656,2020-06-01 08:00:00,0.000000000,0.191802771,0.229813974,0.233440655,0.241671447,0.259556746,0.000000000
3657,2020-06-01 09:00:00,0.000000000,0.191803567,0.229809441,0.233435750,0.241665603,0.259548366,0.000000000
3658,2020-06-01 10:00:00,0.000000000,0.191804108,0.229806356,0.233432411,0.241661626,0.259542663,0.000000000
3659,2020-06-01 11:00:00,0.000000000,0.191804345,0.229805007,0.233430950,0.241659886,0.259540167,0.000000000
3660,2020-06-01 12:00:00,0.000000000,0.191805093,0.229800745,0.233426337,0.241654391,0.259532289,0.000000000
3661,2020-06-01 13:00:00,0.000000000,0.191811564,0.229763846,0.233386404,0.241606827,0.259464095,0.000000000
3662,2020-06-01 14:00:00,0.000000000,0.191818924,0.229721844,0.233340951,0.241552695,0.259386514,0.000000000
3663,2020-06-01 15:00:00,0.000000000,0.191829194,0.229663170,0.233277461,0.241477096,0.259278214,0.000000000
3664,2020-06-01 16:00:00,0.000000000,0.191842788,0.229585400,0.233193314,0.241376924,0.259134801,0.000000000
3665,2020-06-01 17:00:00,0.000000000,0.191853070,0.229526486,0.233129577,0.241301067,0.259026266,0.000000000
3666,2020-06-01 18:00:00,0.000000000,0.191861971,0.229475426,0.233074340,0.241235340,0.258932270,0.000000000
3667,2020-06-01 19:00:00,0.000000000,0.191870208,0.229428127,0.233023176,0.241174469,0.258845257,0.000000000
3668,2020-06-01 20:00:00,0.000000000,0.191875907,0.229395370,0.232987744,0.241132321,0.258785029,0.000000000
3669,2020-06-01 21:00:00,0.000000000,0.191878333,0.229381421,0.232972656,0.241114375,0.258759391,0.000000000
3670,2020-06-01 22:00:00,0.000000000,0.191883133,0.229353811,0.232942794,0.241078858,0.258708659,0.000000000
3671,2020-06-01 23:00:00,0.000000000,0.191884993,0.229343103,0.232931213,0.241065084,0.258688988,0.000000000
3672,2020-06-02 00:00:00,0.000000000,0.191886146,0.229336467,0.232924035,0.241056548,0.258676798,0.000000000
3673,2020-06-02 01:00:00,0.000000000,0.191887243,0.229330153,0.232917206,0.241048427,0.258665202,0.000000000
3674,2020-06-02 02:00:00,0.000000000,0.191887976,0.229325931,0.232912640,0.241042997,0.258657449,0.000000000
3675,2020-06-02 03:00:00,0.000000000,0.191889327,0.229318152,0.232904227,0.241032992,0.258643163,0.000000000
3676,2020-06-02 04:00:00,0.000000000,0.191890210,0.229313067,0.232898727,0.241026452,0.258633827,0.000000000
3677,2020-06-02 05:00:00,0.000000000,0.191890585,0.229310910,0.232896394,0.241023678,0.258629866,0.000000000
3678,2020-06-02 06:00:00,0.000000000,0.191890815,0.229309586,0.232894962,0.241021976,0.258627435,0.000000000
3679,2020-06-02 07:00:00,0.000000000,0.191890994,0.229308552,0.232893844,0.241020646,0.258625537,0.000000000
3680,2020-06-02 08:00:00,0.000000000,0.191891140,0.229307713,0.232892937,0.241019567,0.258623997,0.000000000
3681,2020-06-02 09:00:00,0.000000000,0.191891512,0.229305566,0.232890615,0.241016806,0.258620056,0.000000000
3682,2020-06-02 10:00:00,0.000000000,0.191891900,0.229305566,0.232890615,0.241016806,0.258620056,0.002997672
3683,2020-06-02 11:00:00,0.000000000,0.191891380,0.229306329,0.232891441,0.241017788,0.258621457,0.000989228
3684,2020-06-02 12:00:00,0.000000000,0.191891638,0.229304846,0.232889836,0.241015880,0.258618733,0.000000000
3685,2020-06-02 13:00:00,0.000000000,0.191893619,0.229293433,0.232877493,0.241001203,0.258597781,0.000000000
3686,2020-06-02 14:00:00,0.000000000,0.191897160,0.229273025,0.232855424,0.240974962,0.258560327,0.000000000
3687,2020-06-02 15:00:00,0.000000000,0.191902035,0.229244912,0.232825021,0.240938816,0.258508746,0.000000000
3688,2020-06-02 16:00:00,0.000000000,0.191908410,0.229208129,0.232785245,0.240891532,0.258441291,0.000000000
3689,2020-06-02 17:00:00,0.000000000,0.191914551,0.229172666,0.232746898,0.240845951,0.258376287,0.000000000
3690,2020-06-02 18:00:00,0.000000000,0.191921688,0.229131420,0.232702301,0.240792948,0.258300723,0.000000000
3691,2020-06-02 19:00:00,0.000000000,0.191926176,0.229105466,0.232674240,0.240759602,0.258253198,0.000000000
3692,2020-06-02 20:00:00,0.000000000,0.191927816,0.229095981,0.232663984,0.240747416,0.258235833,0.000000000
3693,2020-06-02 21:00:00,0.000000000,0.191928700,0.229090866,0.232658454,0.240740845,0.258226470,0.000000000
3694,2020-06-02 22:00:00,0.000000000,0.191929627,0.229085499,0.232652651,0.240733950,0.258216645,0.000000000
3695,2020-06-02 23:00:00,0.000000000,0.191930300,0.229081606,0.232648442,0.240728949,0.258209520,0.000000000
3696,2020-06-03 00:00:00,0.000000000,0.191930834,0.229078515,0.232645101,0.240724979,0.258203864,0.000000000
3697,2020-06-03 01:00:00,0.000000000,0.191931210,0.229076338,0.232642747,0.240722182,0.258199880,0.000000000
3698,2020-06-03 02:00:00,0.000000000,0.191931567,0.229074272,0.232640514,0.240719529,0.258196099,0.000000000
3699,2020-06-03 03:00:00,0.000000000,0.191931979,0.229071882,0.232637930,0.240716459,0.258191725,0.000000000
3700,2020-06-03 04:00:00,0.000000000,0.191932103,0.229071168,0.232637158,0.240715541,0.258190418,0.000000000
3701,2020-06-03 05:00:00,0.000000000,0.191932235,0.229071168,0.232637158,0.240715541,0.258190418,0.000604901
3702,2020-06-03 06:00:00,0.000000000,0.191931995,0.229071168,0.232637158,0.240715541,0.258190418,0.000885490
3703,2020-06-03 07:00:00,0.000000000,0.191931643,0.229071168,0.232637158,0.240715541,0.258190418,0.001904349
3704,2020-06-03 08:00:00,0.000000000,0.191931903,0.229072325,0.232638409,0.240717028,0.258192536,0.001148364
3705,2020-06-03 09:00:00,0.000000000,0.191931828,0.229072759,0.232638878,0.240717585,0.258193330,0.002094682
3706,2020-06-03 10:00:00,0.000000000,0.191931691,0.229073551,0.232639734,0.240718602,0.258194779,0.001744054
3707,2020-06-03 11:00:00,0.000000000,0.191931577,0.229074210,0.232640447,0.240719449,0.258195986,0.004460574
3708,2020-06-03 12:00:00,0.000000000,0.191932470,0.229069040,0.232634857,0.240712807,0.258186524,0.003160630
3709,2020-06-03 13:00:00,0.000000000,0.191935770,0.229049931,0.232614198,0.240688263,0.258151561,0.000000000
3710,2020-06-03 14:00:00,0.000000000,0.191941763,0.229015210,0.232576662,0.240643671,0.258088055,0.000000000
3711,2020-06-03 15:00:00,0.000000000,0.191949886,0.228968106,0.232525743,0.240583188,0.258001950,0.000000000
3712,2020-06-03 16:00:00,0.000000000,0.191959449,0.228912592,0.232465735,0.240511924,0.257900542,0.000000000
3713,2020-06-03 17:00:00,0.000000000,0.191968650,0.228859115,0.232407935,0.240443293,0.257802929,0.000000000
3714,2020-06-03 18:00:00,0.000000000,0.191975619,0.228818568,0.232364113,0.240391268,0.257728964,0.000000000
3715,2020-06-03 19:00:00,0.000000000,0.191979871,0.228793812,0.232337358,0.240359509,0.257683825,0.000000000
3716,2020-06-03 20:00:00,0.000000000,0.191981840,0.228782343,0.232324964,0.240344798,0.257662919,0.000000000
3717,2020-06-03 21:00:00,0.000000000,0.191981980,0.228781533,0.232324088,0.240343758,0.257661442,0.000000000
3718,2020-06-03 22:00:00,0.000000000,0.191982098,0.228780842,0.232323342,0.240342873,0.257660183,0.000434909
3719,2020-06-03 23:00:00,0.000000000,0.191982177,0.228780842,0.232323342,0.240342873,0.257660183,0.005089140
3720,2020-06-04 00:00:00,0.000000000,0.191981780,0.228782694,0.232325343,0.240345248,0.257663559,0.009789975
3721,2020-06-04 01:00:00,0.000000000,0.191981144,0.228786400,0.232329348,0.240350002,0.257670314,0.065954781
3722,2020-06-04 02:00:00,0.000000000,0.191976866,0.228811311,0.232356270,0.240381959,0.257715731,0.004409385
3723,2020-06-04 03:00:00,0.000000000,0.191976579,0.228812980,0.232358074,0.240384100,0.257718775,0.004377721
3724,2020-06-04 04:00:00,0.000000000,0.191976294,0.228814637,0.232359865,0.240386226,0.257721797,0.006135932
3725,2020-06-04 05:00:00,0.000000000,0.191975895,0.228816960,0.232362375,0.240389205,0.257726032,0.004003974
3726,2020-06-04 06:00:00,0.000000000,0.191975635,0.228818475,0.232364013,0.240391150,0.257728796,0.004704209
3727,2020-06-04 07:00:00,0.000000000,0.191975329,0.228820256,0.232365937,0.240393434,0.257732043,0.002521277
3728,2020-06-04 08:00:00,0.000000000,0.191975165,0.228821211,0.232366969,0.240394659,0.257733784,0.003974519
3729,2020-06-04 09:00:00,0.000000000,0.191974906,0.228822715,0.232368595,0.240396589,0.257736527,0.000000000
3730,2020-06-04 10:00:00,0.000000000,0.191975135,0.228822715,0.232368595,0.240396589,0.257736527,0.004481509
3731,2020-06-04 11:00:00,0.000000000,0.191974652,0.228824193,0.232370193,0.240398486,0.257739224,0.006349040
3732,2020-06-04 12:00:00,0.000000000,0.191974251,0.228826532,0.232372720,0.240401486,0.257743488,0.009455584
3733,2020-06-04 13:00:00,0.000000000,0.191973958,0.228828234,0.232374559,0.240403670,0.257746593,0.003571066
3734,2020-06-04 14:00:00,0.000000000,0.191975686,0.228818176,0.232363689,0.240390766,0.257728250,0.000000000
3735,2020-06-04 15:00:00,0.000000000,0.191988755,0.228742050,0.232281421,0.240293118,0.257589495,0.000000000
3736,2020-06-04 16:00:00,0.000000000,0.192004524,0.228650029,0.232181987,0.240175131,0.257421960,0.000000000
3737,2020-06-04 17:00:00,0.000000000,0.192020214,0.228558289,0.232082870,0.240057557,0.257255146,0.000000000
3738,2020-06-04 18:00:00,0.000000000,0.192033590,0.228479942,0.231998233,0.239957188,0.257112849,0.000000000
3739,2020-06-04 19:00:00,0.000000000,0.192044120,0.228418166,0.231931504,0.239878075,0.257000756,0.000000000
3740,2020-06-04 20:00:00,0.000000000,0.192047427,0.228398754,0.231910536,0.239853220,0.256965552,0.000000000
3741,2020-06-04 21:00:00,0.000000000,0.192049337,0.228387536,0.231898420,0.239838858,0.256945212,0.000000000
3742,2020-06-04 22:00:00,0.000000000,0.192051341,0.228375759,0.231885699,0.239823780,0.256923861,0.000000000
3743,2020-06-04 23:00:00,0.000000000,0.192051657,0.228373905,0.231883697,0.239821407,0.256920501,0.004812372
3744,2020-06-05 00:00:00,0.000000000,0.192051346,0.228375731,0.231885670,0.239823745,0.256923811,0.009077397
3745,2020-06-05 01:00:00,0.000000000,0.192050760,0.228379176,0.231889390,0.239828155,0.256930056,0.009299074
3746,2020-06-05 02:00:00,0.000000000,0.192050159,0.228382705,0.231893202,0.239832673,0.256936453,0.009129008
3747,2020-06-05 03:00:00,0.000000000,0.192049569,0.228386169,0.231896943,0.239837107,0.256942733,0.007557813
3748,2020-06-05 04:00:00,0.000000000,0.192049081,0.228389037,0.231900041,0.239840779,0.256947933,0.007572335
3749,2020-06-05 05:00:00,0.000000000,0.192048592,0.228391911,0.231903144,0.239844458,0.256953143,0.007036306
3750,2020-06-05 06:00:00,0.000000000,0.192048137,0.228394581,0.231906028,0.239847877,0.256957984,0.008106471
3751,2020-06-05 07:00:00,0.000000000,0.192047613,0.228397657,0.231909351,0.239851815,0.256963562,0.012032699
3752,2020-06-05 08:00:00,0.000000000,0.192046836,0.228402222,0.231914282,0.239857660,0.256971840,0.351845298
3753,2020-06-05 09:00:00,0.000000000,0.192024364,0.228533994,0.232056623,0.240026428,0.257211003,0.059033418
3754,2020-06-05 10:00:00,0.000000000,0.192020549,0.228556331,0.232080755,0.240055048,0.257251588,0.005899795
3755,2020-06-05 11:00:00,0.000000000,0.192020166,0.228558568,0.232083171,0.240057914,0.257255653,0.096166582
3756,2020-06-05 12:00:00,0.000000000,0.192013976,0.228594783,0.232122296,0.240104320,0.257321478,0.344788978
3757,2020-06-05 13:00:00,0.000000000,0.191991922,0.228723580,0.232261462,0.240269433,0.257555852,0.808769755
3758,2020-06-05 14:00:00,0.000000000,0.191940828,0.229020632,0.232582524,0.240650634,0.258097970,0.163909948
3759,2020-06-05 15:00:00,0.000000000,0.191930364,0.229081230,0.232648036,0.240728467,0.258208833,0.000000000
3760,2020-06-05 16:00:00,0.000000000,0.191931291,0.229075866,0.232642237,0.240721576,0.258199015,0.000000000
3761,2020-06-05 17:00:00,0.000000000,0.191933832,0.229061155,0.232626332,0.240702679,0.258172095,0.000000000
3762,2020-06-05 18:00:00,0.000000000,0.191940205,0.229024238,0.232586421,0.240655264,0.258104564,0.000000000
3763,2020-06-05 19:00:00,0.000000000,0.191944324,0.229000366,0.232560616,0.240624610,0.258060915,0.001978422
3764,2020-06-05 20:00:00,0.000000000,0.191945084,0.228995958,0.232555850,0.240618949,0.258052856,0.006983988
3765,2020-06-05 21:00:00,0.000000000,0.191944629,0.228998598,0.232558704,0.240622340,0.258057683,0.008473831
3766,2020-06-05 22:00:00,0.000000000,0.191944076,0.229001802,0.232562167,0.240626453,0.258063540,0.002596274
3767,2020-06-05 23:00:00,0.000000000,0.191943952,0.229002523,0.232562948,0.240627380,0.258064859,0.002168594
3768,2020-06-06 00:00:00,0.000000000,0.191943831,0.229003223,0.232563704,0.240628278,0.258066138,0.187582916
3769,2020-06-06 01:00:00,0.000000000,0.191931674,0.229073651,0.232639842,0.240718730,0.258194962,0.008100496
3770,2020-06-06 02:00:00,0.000000000,0.191931145,0.229076712,0.232643151,0.240722662,0.258200563,0.008818155
3771,2020-06-06 03:00:00,0.000000000,0.191930570,0.229080044,0.232646754,0.240726942,0.258206661,0.008491723
3772,2020-06-06 04:00:00,0.000000000,0.191930015,0.229083252,0.232650223,0.240731064,0.258212534,0.006396885
3773,2020-06-06 05:00:00,0.000000000,0.191929597,0.229085670,0.232652836,0.240734169,0.258216958,0.142982330
3774,2020-06-06 06:00:00,0.000000000,0.191920305,0.229139416,0.232710946,0.240803222,0.258315369,2.564355691
3775,2020-06-06 07:00:00,0.000000000,0.191766289,0.230021396,0.233665178,0.241939004,0.259940816,1.654640073
3776,2020-06-06 08:00:00,0.000000000,0.191662636,0.230605733,0.234298051,0.242694240,0.261028855,1.190807018
3777,2020-06-06 09:00:00,0.000000000,0.191588042,0.231021758,0.234748961,0.243233294,0.261809041,0.015549100
3778,2020-06-06 10:00:00,0.000000000,0.191588785,0.231017635,0.234744491,0.243227946,0.261801285,0.007291360
3779,2020-06-06 11:00:00,0.000000000,0.191590045,0.231010638,0.234736905,0.243218871,0.261788126,0.015031274
3780,2020-06-06 12:00:00,0.000000000,0.191590764,0.231006646,0.234732577,0.243213693,0.261780618,0.015972404
3781,2020-06-06 13:00:00,0.000000000,0.191591400,0.231003110,0.234728743,0.243209106,0.261773968,0.012907040
3782,2020-06-06 14:00:00,0.000000000,0.191592350,0.230997835,0.234723024,0.243202265,0.261764050,0.003082584
3783,2020-06-06 15:00:00,0.000000000,0.191594982,0.230983208,0.234707167,0.243183296,0.261736550,0.000000000
3784,2020-06-06 16:00:00,0.000000000,0.191605162,0.230926607,0.234645807,0.243109904,0.261630189,0.000000000
3785,2020-06-06 17:00:00,0.000000000,0.191619992,0.230844021,0.234556287,0.243002857,0.261475154,0.000000000
3786,2020-06-06 18:00:00,0.000000000,0.191632272,0.230775530,0.234482053,0.242914113,0.261346718,0.000000000
3787,2020-06-06 19:00:00,0.000000000,0.191642640,0.230717619,0.234419292,0.242839102,0.261238221,5.952434321
3788,2020-06-06 20:00:00,0.000000000,0.191323399,0.232468315,0.236318962,0.245116560,0.264558857,6.507767739
3789,2020-06-06 21:00:00,0.000000000,0.190981279,0.234273373,0.238282833,0.247486553,0.268074916,0.199718092
3790,2020-06-06 22:00:00,0.000000000,0.190987921,0.234238999,0.238245385,0.247441208,0.268007042,0.001901001
3791,2020-06-06 23:00:00,0.000000000,0.191007265,0.234138743,0.238136172,0.247309002,0.267809285,0.000000000
3792,2020-06-07 00:00:00,0.000000000,0.191026382,0.234039447,0.238028022,0.247178133,0.267613727,0.000000000
3793,2020-06-07 01:00:00,0.000000000,0.191044859,0.233943268,0.237923283,0.247051439,0.267424597,0.000000000
3794,2020-06-07 02:00:00,0.000000000,0.191067378,0.233825771,0.237795349,0.246896750,0.267193928,0.000000000
3795,2020-06-07 03:00:00,0.000000000,0.191086292,0.233726857,0.237687666,0.246766601,0.267000065,0.000000000
3796,2020-06-07 04:00:00,0.000000000,0.191104064,0.233633711,0.237586278,0.246644104,0.266817778,0.000000000
3797,2020-06-07 05:00:00,0.000000000,0.191121334,0.233543017,0.237487572,0.246524890,0.266640539,0.000000000
3798,2020-06-07 06:00:00,0.000000000,0.191137953,0.233455577,0.237392420,0.246410007,0.266469895,0.000000000
3799,2020-06-07 07:00:00,0.000000000,0.191154067,0.233370628,0.237299992,0.246298448,0.266304330,0.000000000
3800,2020-06-07 08:00:00,0.000000000,0.191169666,0.233288241,0.237210363,0.246190303,0.266143965,0.000000000
3801,2020-06-07 09:00:00,0.000000000,0.191184741,0.233208488,0.237123609,0.246085658,0.265988917,0.000000000
3802,2020-06-07 10:00:00,0.000000000,0.191199203,0.233131843,0.237040246,0.245985134,0.265840091,0.000000000
3803,2020-06-07 11:00:00,0.000000000,0.191214271,0.233051852,0.236953254,0.245880263,0.265684951,0.000000000
3804,2020-06-07 12:00:00,0.000000000,0.191229957,0.232968426,0.236862538,0.245770937,0.265523350,0.000000000
3805,2020-06-07 13:00:00,0.000000000,0.191245992,0.232882990,0.236769648,0.245659026,0.265358067,0.000000000
3806,2020-06-07 14:00:00,0.000000000,0.191265633,0.232778128,0.236655653,0.245521737,0.265155493,0.000000000
3807,2020-06-07 15:00:00,0.000000000,0.191291264,0.232640921,0.236506524,0.245342216,0.264890919,0.000000000
3808,2020-06-07 16:00:00,0.000000000,0.191317598,0.232499524,0.236352872,0.245157346,0.264618834,0.000000000
3809,2020-06-07 17:00:00,0.000000000,0.191343947,0.232357610,0.236198691,0.244971937,0.264346333,0.000000000
3810,2020-06-07 18:00:00,0.000000000,0.191367145,0.232232301,0.236062577,0.244808336,0.264106195,0.000000000
3811,2020-06-07 19:00:00,0.000000000,0.191389373,0.232111911,0.235931832,0.244651258,0.263875907,0.000000000
3812,2020-06-07 20:00:00,0.000000000,0.191405378,0.232025032,0.235837494,0.244537963,0.263709974,0.000000000
3813,2020-06-07 21:00:00,0.000000000,0.191420317,0.231943793,0.235749291,0.244432069,0.263555006,0.000000000
3814,2020-06-07 22:00:00,0.000000000,0.191431779,0.231881365,0.235681519,0.244350725,0.263436047,0.000000000
3815,2020-06-07 23:00:00,0.000000000,0.191442341,0.231823765,0.235618994,0.244275695,0.263326385,0.000000000
3816,2020-06-08 00:00:00,0.000000000,0.191450170,0.231781020,0.235572597,0.244220029,0.263245064,0.000000000
3817,2020-06-08 01:00:00,0.000000000,0.191457660,0.231740094,0.235528178,0.244166744,0.263167253,0.000000000
3818,2020-06-08 02:00:00,0.000000000,0.191465139,0.231699190,0.235483784,0.244113499,0.263089530,0.000000000
3819,2020-06-08 03:00:00,0.000000000,0.191471353,0.231665173,0.235446868,0.244069227,0.263024928,0.000000000
3820,2020-06-08 04:00:00,0.000000000,0.191478798,0.231624387,0.235402609,0.244016156,0.262947515,0.000000000
3821,2020-06-08 05:00:00,0.000000000,0.191486765,0.231580703,0.235355207,0.243959326,0.262864652,0.000000000
3822,2020-06-08 06:00:00,0.000000000,0.191494043,0.231540760,0.235311867,0.243907374,0.262788931,0.000000000
3823,2020-06-08 07:00:00,0.000000000,0.191500868,0.231503274,0.235271196,0.243858628,0.262717909,0.000000000
3824,2020-06-08 08:00:00,0.000000000,0.191507499,0.231466820,0.235231646,0.243811231,0.262648878,0.000000000
3825,2020-06-08 09:00:00,0.000000000,0.191513730,0.231432541,0.235194457,0.243766671,0.262584000,0.000000000
3826,2020-06-08 10:00:00,0.000000000,0.191519350,0.231401602,0.235160894,0.243726460,0.262525470,0.000000000
3827,2020-06-08 11:00:00,0.000000000,0.191523603,0.231378177,0.235135484,0.243696019,0.262481175,0.000000000
3828,2020-06-08 12:00:00,0.000000000,0.191528439,0.231351519,0.235106567,0.243661381,0.262430782,0.000000000
3829,2020-06-08 13:00:00,0.000000000,0.191537156,0.231303440,0.235054418,0.243598921,0.262339947,0.000000000
3830,2020-06-08 14:00:00,0.000000000,0.191549605,0.231234688,0.234979851,0.243509631,0.262210165,0.000000000
3831,2020-06-08 15:00:00,0.000000000,0.191566068,0.231143609,0.234881081,0.243391394,0.262038437,0.000000000
3832,2020-06-08 16:00:00,0.000000000,0.191583310,0.231048023,0.234777437,0.243267364,0.261858453,0.000000000
3833,2020-06-08 17:00:00,0.000000000,0.191600454,0.230952792,0.234674193,0.243143854,0.261679383,0.000000000
3834,2020-06-08 18:00:00,0.000000000,0.191615609,0.230868447,0.234582762,0.243034513,0.261520988,0.000000000
3835,2020-06-08 19:00:00,0.000000000,0.191622052,0.230832537,0.234543839,0.242987975,0.261453611,0.000000000
3836,2020-06-08 20:00:00,0.000000000,0.191626948,0.230805237,0.234514250,0.242952601,0.261402410,0.000000000
3837,2020-06-08 21:00:00,0.000000000,0.191629678,0.230790006,0.234497742,0.242932867,0.261373854,0.000000000
3838,2020-06-08 22:00:00,0.000000000,0.191632069,0.230776662,0.234483280,0.242915580,0.261348841,0.000000000
3839,2020-06-08 23:00:00,0.000000000,0.191633600,0.230768115,0.234474017,0.242904508,0.261332822,0.000000000
3840,2020-06-09 00:00:00,0.000000000,0.191634756,0.230761660,0.234467022,0.242896146,0.261320726,0.000000000
3841,2020-06-09 01:00:00,0.000000000,0.191635770,0.230755999,0.234460886,0.242888812,0.261310117,0.000000000
3842,2020-06-09 02:00:00,0.000000000,0.191636571,0.230751526,0.234456039,0.242883019,0.261301737,0.000000000
3843,2020-06-09 03:00:00,0.000000000,0.191637349,0.230747179,0.234451327,0.242877388,0.261293592,0.000000000
3844,2020-06-09 04:00:00,0.000000000,0.191637912,0.230744035,0.234447920,0.242873315,0.261287701,0.000000000
3845,2020-06-09 05:00:00,0.000000000,0.191638351,0.230741582,0.234445262,0.242870139,0.261283106,0.000000000
3846,2020-06-09 06:00:00,0.000000000,0.191638833,0.230738892,0.234442346,0.242866654,0.261278066,0.000000000
3847,2020-06-09 07:00:00,0.000000000,0.191639165,0.230737037,0.234440335,0.242864251,0.261274591,0.000496827
3848,2020-06-09 08:00:00,0.000000000,0.191639418,0.230735621,0.234438802,0.242862418,0.261271940,0.000000000
3849,2020-06-09 09:00:00,0.000000000,0.191639834,0.230733302,0.234436288,0.242859413,0.261267594,0.000000000
3850,2020-06-09 10:00:00,0.000000000,0.191640195,0.230731285,0.234434102,0.242856802,0.261263817,0.000546145
3851,2020-06-09 11:00:00,0.000000000,0.191640415,0.230730053,0.234432767,0.242855206,0.261261509,0.000086302
3852,2020-06-09 12:00:00,0.000000000,0.191641582,0.230723530,0.234425698,0.242846758,0.261249292,0.000000000
3853,2020-06-09 13:00:00,0.000000000,0.191645221,0.230703195,0.234403661,0.242820422,0.261211212,0.000000000
3854,2020-06-09 14:00:00,0.000000000,0.191652291,0.230663652,0.234360811,0.242769220,0.261137195,0.000000000
3855,2020-06-09 15:00:00,0.000000000,0.191664096,0.230597554,0.234289190,0.242683654,0.261013564,0.000000000
3856,2020-06-09 16:00:00,0.000000000,0.191676465,0.230528195,0.234214042,0.242593898,0.260883960,0.000000000
3857,2020-06-09 17:00:00,0.000000000,0.191688782,0.230459027,0.234139110,0.242504420,0.260754840,0.000000000
3858,2020-06-09 18:00:00,0.000000000,0.191700903,0.230390855,0.234065263,0.242416260,0.260627702,0.000000000
3859,2020-06-09 19:00:00,0.000000000,0.191706793,0.230357692,0.234029342,0.242373385,0.260565899,0.000000000
3860,2020-06-09 20:00:00,0.000000000,0.191709572,0.230342038,0.234012386,0.242353149,0.260536737,0.000000000
3861,2020-06-09 21:00:00,0.000000000,0.191710930,0.230334386,0.234004099,0.242343258,0.260522484,0.000000000
3862,2020-06-09 22:00:00,0.000000000,0.191712338,0.230326454,0.233995508,0.242333005,0.260507711,0.000000000
3863,2020-06-09 23:00:00,0.000000000,0.191712888,0.230323352,0.233992149,0.242328996,0.260501936,0.000000000
3864,2020-06-10 00:00:00,0.000000000,0.191713979,0.230317202,0.233985487,0.242321047,0.260490482,0.000000000
3865,2020-06-10 01:00:00,0.000000000,0.191714403,0.230314815,0.233982902,0.242317962,0.260486038,0.000000000
3866,2020-06-10 02:00:00,0.000000000,0.191714682,0.230313244,0.233981200,0.242315931,0.260483112,0.000000000
3867,2020-06-10 03:00:00,0.000000000,0.191714761,0.230312794,0.233980713,0.242315349,0.260482274,0.000000000
3868,2020-06-10 04:00:00,0.000000000,0.191715263,0.230309964,0.233977648,0.242311692,0.260477005,0.000000000
3869,2020-06-10 05:00:00,0.000000000,0.191716085,0.230305329,0.233972628,0.242305701,0.260468375,0.000000000
3870,2020-06-10 06:00:00,0.000000000,0.191717264,0.230298683,0.233965430,0.242297112,0.260456003,0.000000000
3871,2020-06-10 07:00:00,0.000000000,0.191718534,0.230291520,0.233957672,0.242287855,0.260442668,0.000000000
3872,2020-06-10 08:00:00,0.000000000,0.191720385,0.230281079,0.233946365,0.242274363,0.260423236,0.000000000
3873,2020-06-10 09:00:00,0.000000000,0.191722502,0.230269135,0.233933430,0.242258929,0.260401009,0.000000000
3874,2020-06-10 10:00:00,0.000000000,0.191724048,0.230260411,0.233923982,0.242247656,0.260384775,0.000000000
3875,2020-06-10 11:00:00,0.000000000,0.191724978,0.230255160,0.233918295,0.242240871,0.260375005,0.000000000
3876,2020-06-10 12:00:00,0.000000000,0.191728520,0.230235164,0.233896640,0.242215035,0.260337808,0.000000000
3877,2020-06-10 13:00:00,0.000000000,0.191734070,0.230203813,0.233862690,0.242174535,0.260279512,0.000000000
3878,2020-06-10 14:00:00,0.000000000,0.191742475,0.230156292,0.233811231,0.242113156,0.260191195,0.000000000
3879,2020-06-10 15:00:00,0.000000000,0.191753280,0.230095138,0.233745015,0.242034191,0.260077628,0.000000000
3880,2020-06-10 16:00:00,0.000000000,0.191765267,0.230027191,0.233671451,0.241946482,0.259951561,0.000000000
3881,2020-06-10 17:00:00,0.000000000,0.191777460,0.229957982,0.233596528,0.241857175,0.259823277,0.000000000
3882,2020-06-10 18:00:00,0.000000000,0.191784377,0.229918672,0.233553976,0.241806463,0.259750468,0.000000000
3883,2020-06-10 19:00:00,0.000000000,0.191789324,0.229890535,0.233523521,0.241770172,0.259698380,0.000000000
3884,2020-06-10 20:00:00,0.000000000,0.191791969,0.229875486,0.233507232,0.241750763,0.259670528,0.000000000
3885,2020-06-10 21:00:00,0.000000000,0.191792686,0.229871405,0.233502815,0.241745501,0.259662976,0.000000000
3886,2020-06-10 22:00:00,0.000000000,0.191793797,0.229865085,0.233495974,0.241737350,0.259651281,0.000000000
3887,2020-06-10 23:00:00,0.000000000,0.191794603,0.229860495,0.233491005,0.241731430,0.259642788,0.003230581
3888,2020-06-11 00:00:00,0.000000000,0.191794390,0.229861709,0.233492320,0.241732997,0.259645036,0.006845634
3889,2020-06-11 01:00:00,0.000000000,0.191793938,0.229864284,0.233495106,0.241736316,0.259649799,0.006752348
3890,2020-06-11 02:00:00,0.000000000,0.191793491,0.229866823,0.233497854,0.241739591,0.259654497,0.014545203
3891,2020-06-11 03:00:00,0.000000000,0.191792531,0.229872290,0.233503772,0.241746642,0.259664614,0.016072591
3892,2020-06-11 04:00:00,0.000000000,0.191791469,0.229878331,0.233510311,0.241754433,0.259675793,0.016909287
3893,2020-06-11 05:00:00,0.000000000,0.191790352,0.229884687,0.233517190,0.241762629,0.259687554,0.006299477
3894,2020-06-11 06:00:00,0.000000000,0.191789942,0.229887019,0.233519715,0.241765637,0.259691872,0.008958223
3895,2020-06-11 07:00:00,0.000000000,0.191789350,0.229890387,0.233523360,0.241769981,0.259698105,0.005258549
3896,2020-06-11 08:00:00,0.000000000,0.191789007,0.229892342,0.233525476,0.241772502,0.259701723,0.000000000
3897,2020-06-11 09:00:00,0.000000000,0.191789161,0.229891464,0.233524526,0.241771370,0.259700099,0.000734292
3898,2020-06-11 10:00:00,0.000000000,0.191788990,0.229891464,0.233524526,0.241771370,0.259700099,0.001598779
3899,2020-06-11 11:00:00,0.000000000,0.191788754,0.229891464,0.233524526,0.241771370,0.259700099,0.000000000
3900,2020-06-11 12:00:00,0.000000000,0.191790477,0.229883974,0.233516419,0.241761710,0.259686236,0.000000000
3901,2020-06-11 13:00:00,0.000000000,0.191794012,0.229863862,0.233494650,0.241735772,0.259649018,0.000000000
3902,2020-06-11 14:00:00,0.000000000,0.191799790,0.229830960,0.233459039,0.241693347,0.259588157,0.000000000
3903,2020-06-11 15:00:00,0.000000000,0.191806123,0.229794871,0.233419981,0.241646820,0.259521431,0.000000000
3904,2020-06-11 16:00:00,0.000000000,0.191813125,0.229754942,0.233376768,0.241595351,0.259447645,2.746389305
3905,2020-06-11 17:00:00,0.000000000,0.191649048,0.230681794,0.234380470,0.242792710,0.261171149,0.000000000
3906,2020-06-11 18:00:00,0.000000000,0.191650858,0.230671667,0.234369496,0.242779597,0.261152194,0.000000000
3907,2020-06-11 19:00:00,0.000000000,0.191652408,0.230662998,0.234360102,0.242768372,0.261135970,0.000000000
3908,2020-06-11 20:00:00,0.000000000,0.191653121,0.230659005,0.234355775,0.242763203,0.261128498,4.109687234
3909,2020-06-11 21:00:00,0.000000000,0.191419578,0.231947819,0.235753661,0.244437315,0.263562680,1.799969914
3910,2020-06-11 22:00:00,0.000000000,0.191314202,0.232517780,0.236372709,0.245181208,0.264653932,0.602327788
3911,2020-06-11 23:00:00,0.000000000,0.191284585,0.232676713,0.236545423,0.245389034,0.264959884,0.002123046
3912,2020-06-12 00:00:00,0.000000000,0.191295060,0.232620566,0.236484402,0.245315594,0.264851714,0.002068373
3913,2020-06-12 01:00:00,0.000000000,0.191305229,0.232565990,0.236425094,0.245244230,0.264746660,0.003853021
3914,2020-06-12 02:00:00,0.000000000,0.191314979,0.232513602,0.236368169,0.245175747,0.264645898,0.002395002
3915,2020-06-12 03:00:00,0.000000000,0.191324540,0.232462177,0.236312293,0.245108540,0.264547065,0.005504334
3916,2020-06-12 04:00:00,0.000000000,0.191333611,0.232413328,0.236259221,0.245044716,0.264453253,0.009661358
3917,2020-06-12 05:00:00,0.000000000,0.191342139,0.232367359,0.236209282,0.244984670,0.264365035,0.001851325
3918,2020-06-12 06:00:00,0.000000000,0.191350936,0.232319890,0.236157716,0.244922679,0.264274001,0.003159585
3919,2020-06-12 07:00:00,0.000000000,0.191359388,0.232274239,0.236108129,0.244863078,0.264186514,0.003024017
3920,2020-06-12 08:00:00,0.000000000,0.191367601,0.232229836,0.236059901,0.244805120,0.264101477,0.000782018
3921,2020-06-12 09:00:00,0.000000000,0.191375721,0.232185889,0.236012171,0.244747769,0.264017368,0.001565342
3922,2020-06-12 10:00:00,0.000000000,0.191383551,0.232143473,0.235966106,0.244692429,0.263936240,0.003636511
3923,2020-06-12 11:00:00,0.000000000,0.191391015,0.232103009,0.235922164,0.244639646,0.263858894,0.009001915
3924,2020-06-12 12:00:00,0.000000000,0.191397904,0.232065627,0.235881572,0.244590894,0.263787480,0.013498105
3925,2020-06-12 13:00:00,0.000000000,0.191404293,0.232030928,0.235843895,0.244545649,0.263721227,0.000000000
3926,2020-06-12 14:00:00,0.000000000,0.191412004,0.231989021,0.235798394,0.244491017,0.263641257,0.000000000
3927,2020-06-12 15:00:00,0.000000000,0.191421311,0.231938385,0.235743419,0.244425020,0.263544695,0.000000000
3928,2020-06-12 16:00:00,0.000000000,0.191443141,0.231819399,0.235614255,0.244270009,0.263318077,0.000000000
3929,2020-06-12 17:00:00,0.000000000,0.191465963,0.231694680,0.235478890,0.244107629,0.263080963,0.000000000
3930,2020-06-12 18:00:00,0.000000000,0.191485679,0.231586658,0.235361668,0.243967072,0.262875945,0.000000000
3931,2020-06-12 19:00:00,0.000000000,0.191501589,0.231499313,0.235266898,0.243853476,0.262710405,0.000000000
3932,2020-06-12 20:00:00,0.000000000,0.191509336,0.231456718,0.235220686,0.243798098,0.262629754,0.000000000
3933,2020-06-12 21:00:00,0.000000000,0.191516610,0.231416690,0.235177262,0.243746069,0.262554010,0.000000000
3934,2020-06-12 22:00:00,0.000000000,0.191522439,0.231384589,0.235142439,0.243704351,0.262493297,0.000000000
3935,2020-06-12 23:00:00,0.000000000,0.191527704,0.231355571,0.235110963,0.243666646,0.262438441,0.000000000
3936,2020-06-13 00:00:00,0.000000000,0.191531961,0.231332099,0.235085503,0.243636151,0.262394085,0.000000000
3937,2020-06-13 01:00:00,0.000000000,0.191535795,0.231310949,0.235062563,0.243608676,0.262354130,0.000000000
3938,2020-06-13 02:00:00,0.000000000,0.191539476,0.231290632,0.235040526,0.243582285,0.262315760,0.000000000
3939,2020-06-13 03:00:00,0.000000000,0.191543662,0.231267521,0.235015460,0.243552269,0.262272128,0.000000000
3940,2020-06-13 04:00:00,0.000000000,0.191550054,0.231232202,0.234977155,0.243506404,0.262205476,0.000000000
3941,2020-06-13 05:00:00,0.000000000,0.191554845,0.231205717,0.234948432,0.243472015,0.262155515,0.000000000
3942,2020-06-13 06:00:00,0.000000000,0.191559917,0.231177660,0.234918006,0.243435592,0.262102613,0.000000000
3943,2020-06-13 07:00:00,0.000000000,0.191564084,0.231154591,0.234892990,0.243405648,0.262059131,0.000000000
3944,2020-06-13 08:00:00,0.000000000,0.191568815,0.231128391,0.234864579,0.243371643,0.262009764,0.000000000
3945,2020-06-13 09:00:00,0.000000000,0.191573204,0.231104074,0.234838212,0.243340087,0.261963964,0.000000000
3946,2020-06-13 10:00:00,0.000000000,0.191578657,0.231073838,0.234805427,0.243300855,0.261907036,0.000000000
3947,2020-06-13 11:00:00,0.000000000,0.191582195,0.231054212,0.234784147,0.243275393,0.261870098,0.000000000
3948,2020-06-13 12:00:00,0.000000000,0.191588177,0.231021013,0.234748153,0.243232327,0.261807638,0.000000000
3949,2020-06-13 13:00:00,0.000000000,0.191596339,0.230975670,0.234698994,0.243173520,0.261722379,0.000000000
3950,2020-06-13 14:00:00,0.000000000,0.191606313,0.230920201,0.234638863,0.243101599,0.261618157,0.000000000
3951,2020-06-13 15:00:00,0.000000000,0.191619231,0.230848264,0.234560885,0.243008355,0.261483115,0.000000000
3952,2020-06-13 16:00:00,0.000000000,0.191633059,0.230771135,0.234477290,0.242908420,0.261338482,0.000000000
3953,2020-06-13 17:00:00,0.000000000,0.191644982,0.230704528,0.234405106,0.242822149,0.261213708,0.000000000
3954,2020-06-13 18:00:00,0.000000000,0.191655127,0.230647782,0.234343614,0.242748673,0.261107500,0.000000000
3955,2020-06-13 19:00:00,0.000000000,0.191661041,0.230614669,0.234307734,0.242705807,0.261045565,0.000000000
3956,2020-06-13 20:00:00,0.000000000,0.191662631,0.230605763,0.234298084,0.242694279,0.261028911,0.000000000
3957,2020-06-13 21:00:00,0.000000000,0.191664063,0.230597737,0.234289387,0.242683890,0.261013905,0.000000000
3958,2020-06-13 22:00:00,0.000000000,0.191667316,0.230579506,0.234269634,0.242660295,0.260979827,0.000000000
3959,2020-06-13 23:00:00,0.000000000,0.191670014,0.230564379,0.234253245,0.242640719,0.260951557,0.000000000
3960,2020-06-14 00:00:00,0.000000000,0.191673788,0.230543216,0.234230316,0.242613333,0.260912016,0.000000000
3961,2020-06-14 01:00:00,0.000000000,0.191679777,0.230509604,0.234193901,0.242569844,0.260849242,0.000000000
3962,2020-06-14 02:00:00,0.000000000,0.191686275,0.230473110,0.234154365,0.242522635,0.260781118,0.000000000
3963,2020-06-14 03:00:00,0.000000000,0.191691464,0.230443952,0.234122779,0.242484922,0.260726714,0.000000000
3964,2020-06-14 04:00:00,0.000000000,0.191696381,0.230416299,0.234092824,0.242449161,0.260675140,0.000000000
3965,2020-06-14 05:00:00,0.000000000,0.191699817,0.230396969,0.234071885,0.242424165,0.260639100,0.000000000
3966,2020-06-14 06:00:00,0.000000000,0.191703164,0.230378128,0.234051478,0.242399806,0.260603982,0.000000000
3967,2020-06-14 07:00:00,0.000000000,0.191706559,0.230359011,0.234030770,0.242375090,0.260568357,0.000000000
3968,2020-06-14 08:00:00,0.000000000,0.191709593,0.230341922,0.234012262,0.242353000,0.260536522,0.000000000
3969,2020-06-14 09:00:00,0.000000000,0.191712366,0.230326293,0.233995334,0.242332798,0.260507412,0.000000000
3970,2020-06-14 10:00:00,0.000000000,0.191714631,0.230313530,0.233981510,0.242316301,0.260483645,0.000000000
3971,2020-06-14 11:00:00,0.000000000,0.191717483,0.230297447,0.233964092,0.242295515,0.260453702,0.000000000
3972,2020-06-14 12:00:00,0.000000000,0.191720761,0.230278959,0.233944068,0.242271622,0.260419289,0.000000000
3973,2020-06-14 13:00:00,0.000000000,0.191725899,0.230249961,0.233912665,0.242234154,0.260365334,0.000000000
3974,2020-06-14 14:00:00,0.000000000,0.191733231,0.230208551,0.233867820,0.242180655,0.260288320,0.000000000
3975,2020-06-14 15:00:00,0.000000000,0.191742571,0.230155749,0.233810643,0.242112455,0.260190186,0.000000000
3976,2020-06-14 16:00:00,0.000000000,0.191753899,0.230091628,0.233741215,0.242029659,0.260071112,0.000000000
3977,2020-06-14 17:00:00,0.000000000,0.191764504,0.230031517,0.233676135,0.241952066,0.259959584,0.000000000
3978,2020-06-14 18:00:00,0.000000000,0.191774161,0.229976717,0.233616810,0.241881348,0.259857992,0.000000000
3979,2020-06-14 19:00:00,0.000000000,0.191781019,0.229937760,0.233574638,0.241831086,0.259785817,0.000000000
3980,2020-06-14 20:00:00,0.000000000,0.191782684,0.229928295,0.233564393,0.241818877,0.259768288,0.000000000
3981,2020-06-14 21:00:00,0.000000000,0.191784010,0.229920756,0.233556233,0.241809152,0.259754328,0.000000000
3982,2020-06-14 22:00:00,0.000000000,0.191785046,0.229914869,0.233549860,0.241801558,0.259743427,0.000000000
3983,2020-06-14 23:00:00,0.000000000,0.191786532,0.229906416,0.233540710,0.241790655,0.259727776,0.000000000
3984,2020-06-15 00:00:00,0.000000000,0.191787223,0.229902485,0.233536455,0.241785584,0.259720499,0.000000000
3985,2020-06-15 01:00:00,0.000000000,0.191787905,0.229898607,0.233532258,0.241780583,0.259713321,0.000000000
3986,2020-06-15 02:00:00,0.000000000,0.191788670,0.229894259,0.233527552,0.241774975,0.259705273,0.000000000
3987,2020-06-15 03:00:00,0.000000000,0.191788915,0.229892866,0.233526043,0.241773178,0.259702693,0.000000000
3988,2020-06-15 04:00:00,0.000000000,0.191789137,0.229891600,0.233524673,0.241771546,0.259700351,0.000000000
3989,2020-06-15 05:00:00,0.000000000,0.191789324,0.229890537,0.233523522,0.241770174,0.259698382,0.000000000
3990,2020-06-15 06:00:00,0.000000000,0.191789401,0.229890098,0.233523048,0.241769609,0.259697571,0.000000000
3991,2020-06-15 07:00:00,0.000000000,0.191789678,0.229890098,0.233523048,0.241769609,0.259697571,0.000000000
3992,2020-06-15 08:00:00,0.000000000,0.191789514,0.229889456,0.233522353,0.241768781,0.259696383,0.003037634
3993,2020-06-15 09:00:00,0.000000000,0.191789313,0.229890599,0.233523589,0.241770254,0.259698497,0.004907074
3994,2020-06-15 10:00:00,0.000000000,0.191788989,0.229892444,0.233525586,0.241772633,0.259701912,0.005725504
3995,2020-06-15 11:00:00,0.000000000,0.191788610,0.229894596,0.233527916,0.241775410,0.259705896,0.000000000
3996,2020-06-15 12:00:00,0.000000000,0.191789168,0.229891424,0.233524482,0.241771318,0.259700024,0.000000000
3997,2020-06-15 13:00:00,0.000000000,0.191791959,0.229875547,0.233507297,0.241750841,0.259670640,0.000000000
3998,2020-06-15 14:00:00,0.000000000,0.191798833,0.229836408,0.233464936,0.241700372,0.259598232,0.000000000
3999,2020-06-15 15:00:00,0.000000000,0.191809848,0.229773634,0.233396997,0.241619444,0.259482182,0.000000000
4000,2020-06-15 16:00:00,0.000000000,0.191824510,0.229689939,0.233306427,0.241511584,0.259327613,0.000000000
4001,2020-06-15 17:00:00,0.000000000,0.191841275,0.229594058,0.233202682,0.241388074,0.259150760,0.000000000
4002,2020-06-15 18:00:00,0.000000000,0.191853220,0.229525625,0.233128645,0.241299959,0.259024680,0.000000000
4003,2020-06-15 19:00:00,0.000000000,0.191862080,0.229474801,0.233073664,0.241234536,0.258931120,0.000000000
4004,2020-06-15 20:00:00,0.000000000,0.191864500,0.229460908,0.233058635,0.241216655,0.258905556,0.000000000
4005,2020-06-15 21:00:00,0.000000000,0.191865694,0.229454056,0.233051223,0.241207836,0.258892949,0.000000000
4006,2020-06-15 22:00:00,0.000000000,0.191866773,0.229447859,0.233044520,0.241199861,0.258881549,0.000000000
4007,2020-06-15 23:00:00,0.000000000,0.191867538,0.229443461,0.233039763,0.241194202,0.258873460,0.000000000
4008,2020-06-16 00:00:00,0.000000000,0.191868457,0.229438188,0.233034058,0.241187415,0.258863760,0.000000000
4009,2020-06-16 01:00:00,0.000000000,0.191869311,0.229433281,0.233028751,0.241181101,0.258854735,0.000000000
4010,2020-06-16 02:00:00,0.000000000,0.191870034,0.229429123,0.233024253,0.241175751,0.258847089,0.000000000
4011,2020-06-16 03:00:00,0.000000000,0.191870260,0.229427824,0.233022848,0.241174080,0.258844700,0.000000000
4012,2020-06-16 04:00:00,0.000000000,0.191870440,0.229426790,0.233021730,0.241172749,0.258842799,0.000000000
4013,2020-06-16 05:00:00,0.000000000,0.191870641,0.229425639,0.233020485,0.241171268,0.258840682,0.000000000
4014,2020-06-16 06:00:00,0.000000000,0.191870949,0.229423870,0.233018570,0.241168990,0.258837427,0.000000000
4015,2020-06-16 07:00:00,0.000000000,0.191871183,0.229422527,0.233017118,0.241167263,0.258834958,0.000000000
4016,2020-06-16 08:00:00,0.000000000,0.191871283,0.229422527,0.233017118,0.241167263,0.258834958,0.000000000
4017,2020-06-16 09:00:00,0.000000000,0.191871377,0.229422527,0.233017118,0.241167263,0.258834958,0.000831410
4018,2020-06-16 10:00:00,0.000000000,0.191871047,0.229422527,0.233017118,0.241167263,0.258834958,0.004210412
4019,2020-06-16 11:00:00,0.000000000,0.191870884,0.229424243,0.233018975,0.241169472,0.258838115,0.003083725
4020,2020-06-16 12:00:00,0.000000000,0.191871157,0.229422671,0.233017274,0.241167448,0.258835223,0.003333916
4021,2020-06-16 13:00:00,0.000000000,0.191874590,0.229402944,0.232995936,0.241142066,0.258798953,0.000000000
4022,2020-06-16 14:00:00,0.000000000,0.191883395,0.229352305,0.232941164,0.241076920,0.258705891,0.000000000
4023,2020-06-16 15:00:00,0.000000000,0.191895643,0.229281768,0.232864878,0.240986203,0.258576371,0.000000000
4024,2020-06-16 16:00:00,0.000000000,0.191909700,0.229200683,0.232777194,0.240881961,0.258427640,0.000000000
4025,2020-06-16 17:00:00,0.000000000,0.191924880,0.229112965,0.232682348,0.240769237,0.258266929,0.000000000
4026,2020-06-16 18:00:00,0.000000000,0.191937142,0.229041989,0.232605612,0.240678062,0.258137031,0.000000000
4027,2020-06-16 19:00:00,0.000000000,0.191944796,0.228997629,0.232557657,0.240621095,0.258055911,0.000000000
4028,2020-06-16 20:00:00,0.000000000,0.191947377,0.228982659,0.232541474,0.240601873,0.258028546,0.000000000
4029,2020-06-16 21:00:00,0.000000000,0.191949434,0.228970730,0.232528578,0.240586557,0.258006745,0.000000000
4030,2020-06-16 22:00:00,0.000000000,0.191951088,0.228961133,0.232518205,0.240574236,0.257989208,0.000000000
4031,2020-06-16 23:00:00,0.000000000,0.191952171,0.228954845,0.232511407,0.240566163,0.257977718,0.000000000
4032,2020-06-17 00:00:00,0.000000000,0.191952834,0.228950998,0.232507250,0.240561225,0.257970691,0.000000000
4033,2020-06-17 01:00:00,0.000000000,0.191953144,0.228949199,0.232505305,0.240558915,0.257967404,0.000000000
4034,2020-06-17 02:00:00,0.000000000,0.191953489,0.228949199,0.232505305,0.240558915,0.257967404,0.000671122
4035,2020-06-17 03:00:00,0.000000000,0.191953222,0.228949199,0.232505305,0.240558915,0.257967404,0.000296298
4036,2020-06-17 04:00:00,0.000000000,0.191953104,0.228949199,0.232505305,0.240558915,0.257967404,0.000000000
4037,2020-06-17 05:00:00,0.000000000,0.191953244,0.228948620,0.232504679,0.240558172,0.257966347,0.000000000
4038,2020-06-17 06:00:00,0.000000000,0.191953449,0.228947428,0.232503390,0.240556641,0.257964168,0.000000000
4039,2020-06-17 07:00:00,0.000000000,0.191953537,0.228946921,0.232502842,0.240555990,0.257963241,0.000000000
4040,2020-06-17 08:00:00,0.000000000,0.191953677,0.228946104,0.232501960,0.240554942,0.257961750,0.000000000
4041,2020-06-17 09:00:00,0.000000000,0.191954019,0.228946104,0.232501960,0.240554942,0.257961750,0.000000000
4042,2020-06-17 10:00:00,0.000000000,0.191954342,0.228946104,0.232501960,0.240554942,0.257961750,0.002854803
4043,2020-06-17 11:00:00,0.000000000,0.191953600,0.228946552,0.232502443,0.240555517,0.257962568,0.003146333
4044,2020-06-17 12:00:00,0.000000000,0.191953908,0.228944766,0.232500512,0.240553223,0.257959305,0.001770951
4045,2020-06-17 13:00:00,0.000000000,0.191957667,0.228922937,0.232476918,0.240525203,0.257919435,0.000000000
4046,2020-06-17 14:00:00,0.000000000,0.191965496,0.228877450,0.232427752,0.240466822,0.257836388,0.000000000
4047,2020-06-17 15:00:00,0.000000000,0.191976460,0.228813675,0.232358825,0.240384992,0.257720042,0.000000000
4048,2020-06-17 16:00:00,0.000000000,0.191988804,0.228741761,0.232281108,0.240292748,0.257588968,0.000000000
4049,2020-06-17 17:00:00,0.000000000,0.192001161,0.228669669,0.232203208,0.240200309,0.257457699,0.000000000
4050,2020-06-17 18:00:00,0.000000000,0.192011448,0.228609568,0.232138271,0.240123269,0.257348363,0.000000000
4051,2020-06-17 19:00:00,0.000000000,0.192014907,0.228589338,0.232116414,0.240097343,0.257311580,0.000000000
4052,2020-06-17 20:00:00,0.000000000,0.192015791,0.228584171,0.232110832,0.240090721,0.257302187,0.000000000
4053,2020-06-17 21:00:00,0.000000000,0.192016615,0.228579349,0.232105622,0.240084543,0.257293422,0.000000000
4054,2020-06-17 22:00:00,0.000000000,0.192017124,0.228576373,0.232102407,0.240080728,0.257288012,0.000000000
4055,2020-06-17 23:00:00,0.000000000,0.192017762,0.228572637,0.232098371,0.240075942,0.257281222,0.000000000
4056,2020-06-18 00:00:00,0.000000000,0.192018059,0.228570899,0.232096493,0.240073714,0.257278062,0.000000000
4057,2020-06-18 01:00:00,0.000000000,0.192018129,0.228570490,0.232096051,0.240073190,0.257277320,0.004350328
4058,2020-06-18 02:00:00,0.000000000,0.192017847,0.228572139,0.232097833,0.240075304,0.257280317,0.007865316
4059,2020-06-18 03:00:00,0.000000000,0.192017338,0.228575121,0.232101054,0.240079124,0.257285736,0.010770627
4060,2020-06-18 04:00:00,0.000000000,0.192016640,0.228579203,0.232105464,0.240084355,0.257293156,0.012635187
4061,2020-06-18 05:00:00,0.000000000,0.192015821,0.228583991,0.232110637,0.240090491,0.257301860,0.013208445
4062,2020-06-18 06:00:00,0.000000000,0.192014966,0.228588996,0.232116045,0.240096905,0.257310959,0.014643539
4063,2020-06-18 07:00:00,0.000000000,0.192014017,0.228594545,0.232122039,0.240104016,0.257321046,0.014804172
4064,2020-06-18 08:00:00,0.000000000,0.192013058,0.228600154,0.232128100,0.240111204,0.257331244,0.015022112
4065,2020-06-18 09:00:00,0.000000000,0.192012084,0.228605845,0.232134249,0.240118498,0.257341593,0.015096620
4066,2020-06-18 10:00:00,0.000000000,0.192011106,0.228611565,0.232140428,0.240125829,0.257351994,0.013095291
4067,2020-06-18 11:00:00,0.000000000,0.192010257,0.228616526,0.232145789,0.240132188,0.257361017,0.014362692
4068,2020-06-18 12:00:00,0.000000000,0.192009723,0.228619648,0.232149161,0.240136188,0.257366694,0.011186592
4069,2020-06-18 13:00:00,0.000000000,0.192011085,0.228611691,0.232140564,0.240125990,0.257352223,0.009425315
4070,2020-06-18 14:00:00,0.000000000,0.192015357,0.228586710,0.232113575,0.240093975,0.257306803,0.000731803
4071,2020-06-18 15:00:00,0.000000000,0.192024190,0.228535016,0.232057727,0.240027737,0.257212860,0.000000000
4072,2020-06-18 16:00:00,0.000000000,0.192035982,0.228465913,0.231983078,0.239939219,0.257087384,0.000000000
4073,2020-06-18 17:00:00,0.000000000,0.192048865,0.228390305,0.231901410,0.239842403,0.256950232,0.000000000
4074,2020-06-18 18:00:00,0.000000000,0.192059981,0.228324967,0.231830843,0.239758766,0.256831823,0.000000000
4075,2020-06-18 19:00:00,0.000000000,0.192067520,0.228280610,0.231782939,0.239702000,0.256751494,0.000000000
4076,2020-06-18 20:00:00,0.000000000,0.192071534,0.228256968,0.231757408,0.239671750,0.256708700,0.000000000
4077,2020-06-18 21:00:00,0.000000000,0.192071937,0.228254599,0.231754849,0.239668718,0.256704412,0.000000000
4078,2020-06-18 22:00:00,0.000000000,0.192072197,0.228253067,0.231753196,0.239666759,0.256701641,0.000428260
4079,2020-06-18 23:00:00,0.000000000,0.192072028,0.228253067,0.231753196,0.239666759,0.256701641,0.005334510
4080,2020-06-19 00:00:00,0.000000000,0.192071825,0.228255254,0.231755557,0.239669556,0.256705597,0.009228217
4081,2020-06-19 01:00:00,0.000000000,0.192071230,0.228258758,0.231759341,0.239674040,0.256711940,0.011617474
4082,2020-06-19 02:00:00,0.000000000,0.192070481,0.228263170,0.231764105,0.239679684,0.256719924,0.015289877
4083,2020-06-19 03:00:00,0.000000000,0.192069496,0.228268974,0.231770374,0.239687112,0.256730431,0.013880164
4084,2020-06-19 04:00:00,0.000000000,0.192068601,0.228274244,0.231776064,0.239693854,0.256739970,0.012793079
4085,2020-06-19 05:00:00,0.000000000,0.192067776,0.228279101,0.231781310,0.239700069,0.256748763,0.016644463
4086,2020-06-19 06:00:00,0.000000000,0.192066703,0.228285419,0.231788133,0.239708154,0.256760201,0.013994068
4087,2020-06-19 07:00:00,0.000000000,0.192065800,0.228290732,0.231793870,0.239714952,0.256769820,0.017924281
4088,2020-06-19 08:00:00,0.000000000,0.192064644,0.228297535,0.231801217,0.239723658,0.256782139,0.014987518
4089,2020-06-19 09:00:00,0.000000000,0.192063677,0.228303224,0.231807361,0.239730938,0.256792441,0.014384583
4090,2020-06-19 10:00:00,0.000000000,0.192062750,0.228308684,0.231813257,0.239737926,0.256802329,0.017937691
4091,2020-06-19 11:00:00,0.000000000,0.192061592,0.228315492,0.231820609,0.239746638,0.256814658,0.016506260
4092,2020-06-19 12:00:00,0.000000000,0.192061171,0.228317968,0.231823284,0.239749808,0.256819144,0.012379617
4093,2020-06-19 13:00:00,0.000000000,0.192062933,0.228307607,0.231812094,0.239736547,0.256800377,0.000000000
4094,2020-06-19 14:00:00,0.000000000,0.192068690,0.228273719,0.231775498,0.239693183,0.256739020,0.000000000
4095,2020-06-19 15:00:00,0.000000000,0.192079186,0.228211876,0.231708715,0.239614063,0.256627117,0.000000000
4096,2020-06-19 16:00:00,0.000000000,0.192092193,0.228135129,0.231625847,0.239515908,0.256488374,0.000000000
4097,2020-06-19 17:00:00,0.000000000,0.192106178,0.228052465,0.231536599,0.239410227,0.256339096,0.000000000
4098,2020-06-19 18:00:00,0.000000000,0.192118985,0.227976642,0.231454747,0.239313329,0.256202318,0.000000000
4099,2020-06-19 19:00:00,0.000000000,0.192126394,0.227932721,0.231407337,0.239257215,0.256123150,0.000000000
4100,2020-06-19 20:00:00,0.000000000,0.192130435,0.227908750,0.231381463,0.239226595,0.256079963,0.000000000
4101,2020-06-19 21:00:00,0.000000000,0.192131715,0.227901157,0.231373268,0.239216897,0.256066285,0.000000000
4102,2020-06-19 22:00:00,0.000000000,0.192133961,0.227887824,0.231358877,0.239199868,0.256042273,0.000000000
4103,2020-06-19 23:00:00,0.000000000,0.192134884,0.227882345,0.231352963,0.239192870,0.256032406,0.000000000
4104,2020-06-20 00:00:00,0.000000000,0.192135487,0.227878761,0.231349095,0.239188293,0.256025952,0.000000000
4105,2020-06-20 01:00:00,0.000000000,0.192135819,0.227876792,0.231346970,0.239185778,0.256022406,0.000000000
4106,2020-06-20 02:00:00,0.000000000,0.192135975,0.227875863,0.231345968,0.239184592,0.256020734,0.000221807
4107,2020-06-20 03:00:00,0.000000000,0.192135887,0.227875863,0.231345968,0.239184592,0.256020734,0.002888684
4108,2020-06-20 04:00:00,0.000000000,0.192135776,0.227877047,0.231347246,0.239186105,0.256022867,0.004227841
4109,2020-06-20 05:00:00,0.000000000,0.192135505,0.227878657,0.231348983,0.239188160,0.256025765,0.005915645
4110,2020-06-20 06:00:00,0.000000000,0.192135126,0.227880909,0.231351414,0.239191036,0.256029820,0.005601384
4111,2020-06-20 07:00:00,0.000000000,0.192134766,0.227883041,0.231353715,0.239193760,0.256033660,0.005488627
4112,2020-06-20 08:00:00,0.000000000,0.192134415,0.227885130,0.231355970,0.239196428,0.256037422,0.006396718
4113,2020-06-20 09:00:00,0.000000000,0.192134004,0.227887565,0.231358598,0.239199538,0.256041807,0.007594478
4114,2020-06-20 10:00:00,0.000000000,0.192133517,0.227890456,0.231361718,0.239203230,0.256047013,0.009602890
4115,2020-06-20 11:00:00,0.000000000,0.192132902,0.227894111,0.231365663,0.239207898,0.256053595,0.008720469
4116,2020-06-20 12:00:00,0.000000000,0.192133161,0.227892575,0.231364005,0.239205936,0.256050828,0.011225884
4117,2020-06-20 13:00:00,0.000000000,0.192136612,0.227872081,0.231341886,0.239179763,0.256013925,0.003836988
4118,2020-06-20 14:00:00,0.000000000,0.192144249,0.227826709,0.231292917,0.239121825,0.255932257,0.000000000
4119,2020-06-20 15:00:00,0.000000000,0.192157648,0.227747000,0.231206897,0.239020071,0.255788904,0.000000000
4120,2020-06-20 16:00:00,0.000000000,0.192173101,0.227654900,0.231107517,0.238902549,0.255623458,0.000000000
4121,2020-06-20 17:00:00,0.000000000,0.192188334,0.227563936,0.231009375,0.238786527,0.255460249,0.000000000
4122,2020-06-20 18:00:00,0.000000000,0.192201736,0.227483762,0.230922885,0.238684309,0.255316564,0.000000000
4123,2020-06-20 19:00:00,0.000000000,0.192208168,0.227445232,0.230881322,0.238635198,0.255247565,0.000000000
4124,2020-06-20 20:00:00,0.000000000,0.192210272,0.227432625,0.230867725,0.238619133,0.255224998,0.000000000
4125,2020-06-20 21:00:00,0.000000000,0.192212815,0.227417377,0.230851277,0.238599700,0.255197705,0.000000000
4126,2020-06-20 22:00:00,0.000000000,0.192213747,0.227411789,0.230845250,0.238592580,0.255187706,0.000000000
4127,2020-06-20 23:00:00,0.000000000,0.192214532,0.227407084,0.230840176,0.238586585,0.255179287,0.000000000
4128,2020-06-21 00:00:00,0.000000000,0.192215168,0.227403269,0.230836061,0.238581724,0.255172460,0.000000000
4129,2020-06-21 01:00:00,0.000000000,0.192215496,0.227401304,0.230833941,0.238579220,0.255168944,0.002412666
4130,2020-06-21 02:00:00,0.000000000,0.192215342,0.227402226,0.230834935,0.238580394,0.255170593,0.005372104
4131,2020-06-21 03:00:00,0.000000000,0.192215000,0.227404277,0.230837147,0.238583007,0.255174263,0.005868137
4132,2020-06-21 04:00:00,0.000000000,0.192214626,0.227406517,0.230839563,0.238585862,0.255178271,0.006455544
4133,2020-06-21 05:00:00,0.000000000,0.192214215,0.227408981,0.230842222,0.238589002,0.255182681,0.007957434
4134,2020-06-21 06:00:00,0.000000000,0.192213709,0.227412019,0.230845498,0.238592873,0.255188117,0.006423487
4135,2020-06-21 07:00:00,0.000000000,0.192213300,0.227414471,0.230848143,0.238595997,0.255192505,0.006903494
4136,2020-06-21 08:00:00,0.000000000,0.192212861,0.227417106,0.230850985,0.238599355,0.255197221,0.005431631
4137,2020-06-21 09:00:00,0.000000000,0.192212515,0.227419180,0.230853222,0.238601998,0.255200932,0.006061353
4138,2020-06-21 10:00:00,0.000000000,0.192212129,0.227421493,0.230855717,0.238604946,0.255205073,0.009239646
4139,2020-06-21 11:00:00,0.000000000,0.192211541,0.227425020,0.230859521,0.238609440,0.255211385,0.009189238
4140,2020-06-21 12:00:00,0.000000000,0.192211981,0.227422380,0.230856674,0.238606076,0.255206660,0.009221926
4141,2020-06-21 13:00:00,0.000000000,0.192215854,0.227399155,0.230831623,0.238576482,0.255165099,0.000000000
4142,2020-06-21 14:00:00,0.000000000,0.192224258,0.227348720,0.230777227,0.238512226,0.255074890,0.000000000
4143,2020-06-21 15:00:00,0.000000000,0.192237777,0.227267475,0.230689607,0.238408748,0.254929698,0.000000000
4144,2020-06-21 16:00:00,0.000000000,0.192253032,0.227175634,0.230590572,0.238291823,0.254765759,0.000000000
4145,2020-06-21 17:00:00,0.000000000,0.192269047,0.227079021,0.230486405,0.238168879,0.254593514,0.000000000
4146,2020-06-21 18:00:00,0.000000000,0.192281628,0.227002986,0.230404435,0.238072159,0.254458109,0.000000000
4147,2020-06-21 19:00:00,0.000000000,0.192287447,0.226967779,0.230366483,0.238027387,0.254395459,0.000000000
4148,2020-06-21 20:00:00,0.000000000,0.192290033,0.226952124,0.230349608,0.238007481,0.254367609,0.000000000
4149,2020-06-21 21:00:00,0.000000000,0.192291168,0.226945251,0.230342199,0.237998742,0.254355384,0.000000000
4150,2020-06-21 22:00:00,0.000000000,0.192292124,0.226939462,0.230335959,0.237991382,0.254345089,0.000000000
4151,2020-06-21 23:00:00,0.000000000,0.192292713,0.226935891,0.230332110,0.237986842,0.254338738,0.000000000
4152,2020-06-22 00:00:00,0.000000000,0.192293023,0.226934018,0.230330091,0.237984460,0.254335406,0.000000000
4153,2020-06-22 01:00:00,0.000000000,0.192293101,0.226933542,0.230329578,0.237983856,0.254334561,0.002577950
4154,2020-06-22 02:00:00,0.000000000,0.192292938,0.226934529,0.230330642,0.237985110,0.254336316,0.005260521
4155,2020-06-22 03:00:00,0.000000000,0.192292606,0.226936543,0.230332813,0.237987671,0.254339898,0.006094088
4156,2020-06-22 04:00:00,0.000000000,0.192292220,0.226938876,0.230335328,0.237990637,0.254344047,0.006684929
4157,2020-06-22 05:00:00,0.000000000,0.192291798,0.226941435,0.230338086,0.237993891,0.254348598,0.007167042
4158,2020-06-22 06:00:00,0.000000000,0.192291345,0.226944179,0.230341043,0.237997379,0.254353477,0.005473739
4159,2020-06-22 07:00:00,0.000000000,0.192290999,0.226946274,0.230343302,0.238000043,0.254357204,0.004396739
4160,2020-06-22 08:00:00,0.000000000,0.192290721,0.226947957,0.230345117,0.238002183,0.254360198,0.002773464
4161,2020-06-22 09:00:00,0.000000000,0.192290546,0.226949019,0.230346261,0.238003533,0.254362087,0.003973590
4162,2020-06-22 10:00:00,0.000000000,0.192290294,0.226950540,0.230347901,0.238005468,0.254364792,0.007011995
4163,2020-06-22 11:00:00,0.000000000,0.192289851,0.226953224,0.230350794,0.238008880,0.254369567,0.009861133
4164,2020-06-22 12:00:00,0.000000000,0.192290226,0.226950954,0.230348346,0.238005993,0.254365528,0.009509487
4165,2020-06-22 13:00:00,0.000000000,0.192293186,0.226933025,0.230329021,0.237983198,0.254333642,0.004176135
4166,2020-06-22 14:00:00,0.000000000,0.192299994,0.226891773,0.230284557,0.237930756,0.254260302,0.000000000
4167,2020-06-22 15:00:00,0.000000000,0.192311133,0.226824191,0.230211718,0.237844864,0.254140239,0.000000000
4168,2020-06-22 16:00:00,0.000000000,0.192325414,0.226737412,0.230118199,0.237734615,0.253986226,0.000000000
4169,2020-06-22 17:00:00,0.000000000,0.192339188,0.226653561,0.230027846,0.237628128,0.253837574,0.000000000
4170,2020-06-22 18:00:00,0.000000000,0.192348692,0.226595614,0.229965411,0.237554562,0.253734939,0.000000000
4171,2020-06-22 19:00:00,0.000000000,0.192357501,0.226541848,0.229907486,0.237486321,0.253639777,10.272496274
4172,2020-06-22 20:00:00,0.000000000,0.191879842,0.229372740,0.232963267,0.241103208,0.258743439,1.443497558
4173,2020-06-22 21:00:00,0.000000000,0.191789936,0.229887056,0.233519754,0.241765685,0.259691939,0.000000000
4174,2020-06-22 22:00:00,0.000000000,0.191790172,0.229885711,0.233518299,0.241763950,0.259689450,0.000000000
4175,2020-06-22 23:00:00,0.000000000,0.191790455,0.229884099,0.233516554,0.241761872,0.259686468,0.000000000
4176,2020-06-23 00:00:00,0.000000000,0.191791041,0.229880765,0.233512945,0.241757571,0.259680297,0.000000000
4177,2020-06-23 01:00:00,0.000000000,0.191791505,0.229878128,0.233510091,0.241754170,0.259675416,0.000000000
4178,2020-06-23 02:00:00,0.000000000,0.191791931,0.229875705,0.233507469,0.241751046,0.259670933,0.000000000
4179,2020-06-23 03:00:00,0.000000000,0.191792303,0.229873587,0.233505176,0.241748314,0.259667013,0.000000000
4180,2020-06-23 04:00:00,0.000000000,0.191792684,0.229871420,0.233502831,0.241745520,0.259663004,0.000000000
4181,2020-06-23 05:00:00,0.000000000,0.191792917,0.229870093,0.233501394,0.241743808,0.259660547,0.000000000
4182,2020-06-23 06:00:00,0.000000000,0.191793184,0.229868575,0.233499751,0.241741851,0.259657739,0.000000000
4183,2020-06-23 07:00:00,0.000000000,0.191793428,0.229867184,0.233498245,0.241740056,0.259655165,0.000000000
4184,2020-06-23 08:00:00,0.000000000,0.191793634,0.229866009,0.233496974,0.241738542,0.259652992,0.000000000
4185,2020-06-23 09:00:00,0.000000000,0.191793752,0.229865339,0.233496249,0.241737678,0.259651752,0.000000000
4186,2020-06-23 10:00:00,0.000000000,0.191793819,0.229864958,0.233495836,0.241737186,0.259651046,0.000118332
4187,2020-06-23 11:00:00,0.000000000,0.191793772,0.229864958,0.233495836,0.241737186,0.259651046,0.006004321
4188,2020-06-23 12:00:00,0.000000000,0.191793415,0.229867260,0.233498328,0.241740155,0.259655306,0.006187275
4189,2020-06-23 13:00:00,0.000000000,0.191793006,0.229869586,0.233500846,0.241743155,0.259659611,0.008349370
4190,2020-06-23 14:00:00,0.000000000,0.191792454,0.229872726,0.233504244,0.241747203,0.259665420,0.008081722
4191,2020-06-23 15:00:00,0.000000000,0.191792334,0.229873408,0.233504983,0.241748084,0.259666683,0.000000000
4192,2020-06-23 16:00:00,0.000000000,0.191800014,0.229829683,0.233457657,0.241691700,0.259585794,0.000000000
4193,2020-06-23 17:00:00,0.000000000,0.191816611,0.229735049,0.233355241,0.241569712,0.259410899,0.000000000
4194,2020-06-23 18:00:00,0.000000000,0.191831253,0.229651398,0.233264723,0.241461930,0.259256495,0.000000000
4195,2020-06-23 19:00:00,0.000000000,0.191841809,0.229591002,0.233199375,0.241384139,0.259145126,0.000000000
4196,2020-06-23 20:00:00,0.000000000,0.191849796,0.229545251,0.233149877,0.241325226,0.259060826,0.000000000
4197,2020-06-23 21:00:00,0.000000000,0.191856097,0.229509127,0.233110797,0.241278720,0.258994302,0.000000000
4198,2020-06-23 22:00:00,0.000000000,0.191859988,0.229486807,0.233086652,0.241249989,0.258953215,0.000000000
4199,2020-06-23 23:00:00,0.000000000,0.191863502,0.229466639,0.233064835,0.241224031,0.258916101,0.000000000
4200,2020-06-24 00:00:00,0.000000000,0.191865024,0.229457898,0.233055379,0.241212781,0.258900018,0.000000000
4201,2020-06-24 01:00:00,0.000000000,0.191866258,0.229450813,0.233047715,0.241203662,0.258886983,0.000000000
4202,2020-06-24 02:00:00,0.000000000,0.191866382,0.229450104,0.233046948,0.241202750,0.258885679,0.002755481
4203,2020-06-24 03:00:00,0.000000000,0.191866201,0.229451143,0.233048072,0.241204087,0.258887590,0.007179026
4204,2020-06-24 04:00:00,0.000000000,0.191865730,0.229453849,0.233051000,0.241207570,0.258892569,0.010240753
4205,2020-06-24 05:00:00,0.000000000,0.191865057,0.229457709,0.233055175,0.241212538,0.258899671,0.009366659
4206,2020-06-24 06:00:00,0.000000000,0.191864442,0.229461240,0.233058995,0.241217082,0.258906167,0.014789581
4207,2020-06-24 07:00:00,0.000000000,0.191863471,0.229466814,0.233065024,0.241224255,0.258916422,0.013555688
4208,2020-06-24 08:00:00,0.000000000,0.191862581,0.229471922,0.233070550,0.241230830,0.258925822,0.011816947
4209,2020-06-24 09:00:00,0.000000000,0.191861805,0.229476376,0.233075368,0.241236563,0.258934018,0.013119621
4210,2020-06-24 10:00:00,0.000000000,0.191860944,0.229481320,0.233080716,0.241242926,0.258943116,0.014913469
4211,2020-06-24 11:00:00,0.000000000,0.191859965,0.229486940,0.233086795,0.241250159,0.258953459,0.018101204
4212,2020-06-24 12:00:00,0.000000000,0.191859234,0.229491130,0.233091328,0.241255553,0.258961172,0.013498338
4213,2020-06-24 13:00:00,0.000000000,0.191860633,0.229483103,0.233082644,0.241245220,0.258946397,0.001030893
4214,2020-06-24 14:00:00,0.000000000,0.191865385,0.229455828,0.233053140,0.241210117,0.258896210,0.000000000
4215,2020-06-24 15:00:00,0.000000000,0.191872336,0.229415897,0.233009946,0.241158731,0.258822767,0.000000000
4216,2020-06-24 16:00:00,0.000000000,0.191882414,0.229357946,0.232947266,0.241084177,0.258716255,7.090807685
4217,2020-06-24 17:00:00,0.000000000,0.191513023,0.231436433,0.235198680,0.243771730,0.262591364,1.039868198
4218,2020-06-24 18:00:00,0.000000000,0.191451781,0.231772220,0.235563046,0.244208571,0.263228330,0.000000000
4219,2020-06-24 19:00:00,0.000000000,0.191458450,0.231735774,0.235523488,0.244161120,0.263159042,0.000000000
4220,2020-06-24 20:00:00,0.000000000,0.191465199,0.231698858,0.235483424,0.244113067,0.263088899,0.000000000
4221,2020-06-24 21:00:00,0.000000000,0.191471896,0.231662200,0.235443642,0.244065358,0.263019284,0.000000000
4222,2020-06-24 22:00:00,0.000000000,0.191478708,0.231624880,0.235403143,0.244016797,0.262948450,0.000000000
4223,2020-06-24 23:00:00,0.000000000,0.191486120,0.231584241,0.235359046,0.243963929,0.262871362,0.000000000
4224,2020-06-25 00:00:00,0.000000000,0.191492802,0.231547572,0.235319258,0.243916233,0.262801842,0.000000000
4225,2020-06-25 01:00:00,0.000000000,0.191498351,0.231517103,0.235286200,0.243876610,0.262744105,0.000000000
4226,2020-06-25 02:00:00,0.000000000,0.191503504,0.231488786,0.235255477,0.243839790,0.262690470,0.000000000
4227,2020-06-25 03:00:00,0.000000000,0.191508582,0.231460864,0.235225184,0.243803489,0.262637603,0.000000000
4228,2020-06-25 04:00:00,0.000000000,0.191513762,0.231432367,0.235194269,0.243766446,0.262583671,0.000000000
4229,2020-06-25 05:00:00,0.000000000,0.191518558,0.231405965,0.235165627,0.243732130,0.262533723,0.000000000
4230,2020-06-25 06:00:00,0.000000000,0.191522527,0.231384101,0.235141910,0.243703717,0.262492375,0.000000000
4231,2020-06-25 07:00:00,0.000000000,0.191526327,0.231363166,0.235119201,0.243676514,0.262452797,0.000000000
4232,2020-06-25 08:00:00,0.000000000,0.191529960,0.231343135,0.235097473,0.243650488,0.262414937,0.000000000
4233,2020-06-25 09:00:00,0.000000000,0.191533438,0.231323956,0.235076670,0.243625571,0.262378700,0.000526795
4234,2020-06-25 10:00:00,0.000000000,0.191536739,0.231305740,0.235056912,0.243601908,0.262344291,0.002891670
4235,2020-06-25 11:00:00,0.000000000,0.191539790,0.231288901,0.235038648,0.243580036,0.262312491,0.001580722
4236,2020-06-25 12:00:00,0.000000000,0.191543521,0.231268297,0.235016302,0.243553277,0.262273593,0.000000000
4237,2020-06-25 13:00:00,0.000000000,0.191551286,0.231225396,0.234969774,0.243497566,0.262192634,0.000000000
4238,2020-06-25 14:00:00,0.000000000,0.191562762,0.231161913,0.234900930,0.243415152,0.262072931,0.000000000
4239,2020-06-25 15:00:00,0.000000000,0.191577673,0.231079297,0.234811346,0.243307938,0.261917313,0.000000000
4240,2020-06-25 16:00:00,0.000000000,0.191594607,0.230985294,0.234709428,0.243186001,0.261740472,0.000000000
4241,2020-06-25 17:00:00,0.000000000,0.191612139,0.230887773,0.234603711,0.243059563,0.261557265,0.000000000
4242,2020-06-25 18:00:00,0.000000000,0.191628381,0.230797241,0.234505584,0.242942242,0.261387419,0.000000000
4243,2020-06-25 19:00:00,0.000000000,0.191640889,0.230727406,0.234429899,0.242851778,0.261256552,0.000000000
4244,2020-06-25 20:00:00,0.000000000,0.191645610,0.230701017,0.234401301,0.242817602,0.261207135,0.000000000
4245,2020-06-25 21:00:00,0.000000000,0.191649090,0.230681557,0.234380214,0.242792403,0.261170705,0.000000000
4246,2020-06-25 22:00:00,0.000000000,0.191652232,0.230663983,0.234361169,0.242769648,0.261137813,0.000000000
4247,2020-06-25 23:00:00,0.000000000,0.191654825,0.230649473,0.234345446,0.242750862,0.261110664,0.000000000
4248,2020-06-26 00:00:00,0.000000000,0.191657038,0.230637083,0.234332020,0.242734821,0.261087485,0.000000000
4249,2020-06-26 01:00:00,0.000000000,0.191658199,0.230630583,0.234324978,0.242726407,0.261075328,0.000000000
4250,2020-06-26 02:00:00,0.000000000,0.191658761,0.230627437,0.234321568,0.242722334,0.261069443,0.000000000
4251,2020-06-26 03:00:00,0.000000000,0.191659200,0.230624977,0.234318904,0.242719151,0.261064843,0.000000000
4252,2020-06-26 04:00:00,0.000000000,0.191659552,0.230623008,0.234316770,0.242716602,0.261061160,0.000000000
4253,2020-06-26 05:00:00,0.000000000,0.191659766,0.230621808,0.234315469,0.242715048,0.261058915,0.000000000
4254,2020-06-26 06:00:00,0.000000000,0.191659934,0.230620865,0.234314448,0.242713827,0.261057152,0.000000000
4255,2020-06-26 07:00:00,0.000000000,0.191660035,0.230620300,0.234313835,0.242713095,0.261056094,0.000000000
4256,2020-06-26 08:00:00,0.000000000,0.191660134,0.230619747,0.234313236,0.242712380,0.261055060,0.000000000
4257,2020-06-26 09:00:00,0.000000000,0.191660382,0.230618355,0.234311728,0.242710578,0.261052458,0.000000000
4258,2020-06-26 10:00:00,0.000000000,0.191660672,0.230616733,0.234309970,0.242708479,0.261049425,0.001270244
4259,2020-06-26 11:00:00,0.000000000,0.191660587,0.230617208,0.234310486,0.242709094,0.261050314,0.002984914
4260,2020-06-26 12:00:00,0.000000000,0.191661732,0.230610793,0.234303535,0.242700790,0.261038318,0.000000000
4261,2020-06-26 13:00:00,0.000000000,0.191666404,0.230584620,0.234275175,0.242666914,0.260989385,0.000000000
4262,2020-06-26 14:00:00,0.000000000,0.191675794,0.230531958,0.234218119,0.242598766,0.260890988,0.000000000
4263,2020-06-26 15:00:00,0.000000000,0.191690496,0.230449390,0.234128670,0.242491955,0.260736859,0.000000000
4264,2020-06-26 16:00:00,0.000000000,0.191707281,0.230354944,0.234026366,0.242369833,0.260560780,0.000000000
4265,2020-06-26 17:00:00,0.000000000,0.191724388,0.230258490,0.233921901,0.242245174,0.260381201,0.000000000
4266,2020-06-26 18:00:00,0.000000000,0.191739124,0.230175245,0.233831754,0.242137634,0.260226411,0.000000000
4267,2020-06-26 19:00:00,0.000000000,0.191749004,0.230119350,0.233771230,0.242065451,0.260122579,0.000000000
4268,2020-06-26 20:00:00,0.000000000,0.191753829,0.230092026,0.233741646,0.242030173,0.260071851,0.000000000
4269,2020-06-26 21:00:00,0.000000000,0.191755819,0.230080752,0.233729439,0.242015618,0.260050926,0.000000000
4270,2020-06-26 22:00:00,0.000000000,0.191758382,0.230066228,0.233713715,0.241996870,0.260023976,0.000000000
4271,2020-06-26 23:00:00,0.000000000,0.191760314,0.230055277,0.233701858,0.241982733,0.260003656,0.000000000
4272,2020-06-27 00:00:00,0.000000000,0.191760953,0.230051653,0.233697935,0.241978055,0.259996933,0.000000000
4273,2020-06-27 01:00:00,0.000000000,0.191761640,0.230047759,0.233693720,0.241973030,0.259989711,0.000000000
4274,2020-06-27 02:00:00,0.000000000,0.191761927,0.230046131,0.233691957,0.241970928,0.259986690,0.000000000
4275,2020-06-27 03:00:00,0.000000000,0.191762037,0.230045509,0.233691283,0.241970125,0.259985536,0.000990514
4276,2020-06-27 04:00:00,0.000000000,0.191761646,0.230045509,0.233691283,0.241970125,0.259985536,0.001394569
4277,2020-06-27 05:00:00,0.000000000,0.191761879,0.230046405,0.233692253,0.241971281,0.259987198,0.000555668
4278,2020-06-27 06:00:00,0.000000000,0.191761660,0.230046405,0.233692253,0.241971281,0.259987198,0.000009601
4279,2020-06-27 07:00:00,0.000000000,0.191761656,0.230046405,0.233692253,0.241971281,0.259987198,0.000000000
4280,2020-06-27 08:00:00,0.000000000,0.191761913,0.230046405,0.233692253,0.241971281,0.259987198,0.000000000
4281,2020-06-27 09:00:00,0.000000000,0.191761987,0.230045791,0.233691588,0.241970489,0.259986059,0.000000000
4282,2020-06-27 10:00:00,0.000000000,0.191762352,0.230045791,0.233691588,0.241970489,0.259986059,0.003404931
4283,2020-06-27 11:00:00,0.000000000,0.191761823,0.230046723,0.233692597,0.241971692,0.259987788,0.002906782
4284,2020-06-27 12:00:00,0.000000000,0.191762202,0.230044573,0.233690270,0.241968917,0.259983801,0.004958960
4285,2020-06-27 13:00:00,0.000000000,0.191765783,0.230024265,0.233668284,0.241942706,0.259946136,0.000000000
4286,2020-06-27 14:00:00,0.000000000,0.191773363,0.229981249,0.233621716,0.241887196,0.259866391,0.000000000
4287,2020-06-27 15:00:00,0.000000000,0.191783557,0.229923334,0.233559022,0.241812477,0.259759101,0.000000000
4288,2020-06-27 16:00:00,0.000000000,0.191794125,0.229863216,0.233493950,0.241734939,0.259647823,0.000000000
4289,2020-06-27 17:00:00,0.000000000,0.191805752,0.229796985,0.233422269,0.241649545,0.259525340,0.231578980
4290,2020-06-27 18:00:00,0.000000000,0.191790798,0.229882149,0.233514443,0.241759356,0.259682858,1.418722138
4291,2020-06-27 19:00:00,0.000000000,0.191701452,0.230387764,0.234061915,0.242412263,0.260621941,3.251501084
4292,2020-06-27 20:00:00,0.000000000,0.191511955,0.231442307,0.235205052,0.243779366,0.262602480,1.370617156
4293,2020-06-27 21:00:00,0.000000000,0.191431224,0.231884390,0.235684802,0.244354666,0.263441808,0.667664580
4294,2020-06-27 22:00:00,0.000000000,0.191394524,0.232083972,0.235901493,0.244614818,0.263822522,0.000000000
4295,2020-06-27 23:00:00,0.000000000,0.191402138,0.232042635,0.235856607,0.244560914,0.263743577,0.000000000
4296,2020-06-28 00:00:00,0.000000000,0.191409310,0.232003665,0.235814294,0.244510107,0.263669198,0.000000000
4297,2020-06-28 01:00:00,0.000000000,0.191416397,0.231965127,0.235772452,0.244459873,0.263595683,0.000000000
4298,2020-06-28 02:00:00,0.000000000,0.191423232,0.231927926,0.235732065,0.244411391,0.263524760,0.000000000
4299,2020-06-28 03:00:00,0.000000000,0.191429940,0.231891389,0.235692401,0.244363785,0.263455141,0.000000000
4300,2020-06-28 04:00:00,0.000000000,0.191436433,0.231855995,0.235653979,0.244317675,0.263387735,0.000000000
4301,2020-06-28 05:00:00,0.000000000,0.191442700,0.231821803,0.235616864,0.244273140,0.263322652,0.000000000
4302,2020-06-28 06:00:00,0.000000000,0.191449101,0.231786862,0.235578937,0.244227636,0.263256175,0.000000000
4303,2020-06-28 07:00:00,0.000000000,0.191455281,0.231753099,0.235542293,0.244183676,0.263191975,0.000000000
4304,2020-06-28 08:00:00,0.000000000,0.191461244,0.231720493,0.235506904,0.244141228,0.263130003,0.000000000
4305,2020-06-28 09:00:00,0.000000000,0.191466994,0.231689039,0.235472768,0.244100286,0.263070248,0.000000000
4306,2020-06-28 10:00:00,0.000000000,0.191472552,0.231658605,0.235439740,0.244060680,0.263012459,0.000838414
4307,2020-06-28 11:00:00,0.000000000,0.191477602,0.231630944,0.235409723,0.244024687,0.262959957,0.007873327
4308,2020-06-28 12:00:00,0.000000000,0.191482041,0.231606613,0.235383321,0.243993031,0.262913793,0.009869925
4309,2020-06-28 13:00:00,0.000000000,0.191486219,0.231583697,0.235358455,0.243963221,0.262870329,0.014752000
4310,2020-06-28 14:00:00,0.000000000,0.191489955,0.231563199,0.235336213,0.243936557,0.262831462,0.011639618
4311,2020-06-28 15:00:00,0.000000000,0.191494351,0.231539067,0.235310029,0.243905171,0.262785722,0.000000000
4312,2020-06-28 16:00:00,0.000000000,0.191504578,0.231482881,0.235249070,0.243832112,0.262679287,0.000000000
4313,2020-06-28 17:00:00,0.000000000,0.191521238,0.231391202,0.235149613,0.243712945,0.262505803,0.000000000
4314,2020-06-28 18:00:00,0.000000000,0.191535810,0.231310865,0.235062471,0.243608566,0.262353971,0.000000000
4315,2020-06-28 19:00:00,0.000000000,0.191547371,0.231247034,0.234993240,0.243525663,0.262233461,0.000000000
4316,2020-06-28 20:00:00,0.000000000,0.191553517,0.231213060,0.234956395,0.243481549,0.262169365,0.000000000
4317,2020-06-28 21:00:00,0.000000000,0.191557856,0.231189059,0.234930367,0.243450389,0.262124103,0.000000000
4318,2020-06-28 22:00:00,0.000000000,0.191562103,0.231165557,0.234904881,0.243419881,0.262079798,0.066087737
4319,2020-06-28 23:00:00,0.000000000,0.191560938,0.231172005,0.234911873,0.243428251,0.262091952,0.000000000
4320,2020-06-29 00:00:00,0.000000000,0.191564383,0.231152937,0.234891196,0.243403501,0.262056013,0.006735638
4321,2020-06-29 01:00:00,0.000000000,0.191566458,0.231141444,0.234878734,0.243388585,0.262034358,3.236607859
4322,2020-06-29 02:00:00,0.000000000,0.191378731,0.232169592,0.235994472,0.244726505,0.263986191,0.000000000
4323,2020-06-29 03:00:00,0.000000000,0.191386868,0.232125496,0.235946584,0.244668978,0.263901872,0.000000000
4324,2020-06-29 04:00:00,0.000000000,0.191394753,0.232082729,0.235900143,0.244613197,0.263820147,0.000000000
4325,2020-06-29 05:00:00,0.000000000,0.191402236,0.232042105,0.235856031,0.244560222,0.263742565,0.000000000
4326,2020-06-29 06:00:00,0.000000000,0.191409470,0.232002797,0.235813352,0.244508976,0.263667541,0.000000000
4327,2020-06-29 07:00:00,0.000000000,0.191416462,0.231964774,0.235772069,0.244459412,0.263595010,0.000718624
4328,2020-06-29 08:00:00,0.000000000,0.191423155,0.231928344,0.235732518,0.244411936,0.263525556,0.001037248
4329,2020-06-29 09:00:00,0.000000000,0.191429632,0.231893066,0.235694221,0.244365969,0.263458335,0.004115828
4330,2020-06-29 10:00:00,0.000000000,0.191435716,0.231859903,0.235658221,0.244322765,0.263395175,0.004569955
4331,2020-06-29 11:00:00,0.000000000,0.191441593,0.231827849,0.235623426,0.244281013,0.263334157,0.012338708
4332,2020-06-29 12:00:00,0.000000000,0.191446785,0.231799509,0.235592665,0.244244106,0.263280233,0.008023484
4333,2020-06-29 13:00:00,0.000000000,0.191452110,0.231770422,0.235561094,0.244206230,0.263224911,0.002599296
4334,2020-06-29 14:00:00,0.000000000,0.191457639,0.231740208,0.235528301,0.244166892,0.263167470,0.000000000
4335,2020-06-29 15:00:00,0.000000000,0.191463750,0.231706790,0.235492032,0.244123391,0.263103967,0.000000000
4336,2020-06-29 16:00:00,0.000000000,0.191471669,0.231663445,0.235444993,0.244066978,0.263021647,0.000000000
4337,2020-06-29 17:00:00,0.000000000,0.191488270,0.231572445,0.235346246,0.243948584,0.262848993,0.506124013
4338,2020-06-29 18:00:00,0.000000000,0.191461795,0.231717483,0.235503638,0.244137310,0.263124284,0.231578980
4339,2020-06-29 19:00:00,0.000000000,0.191452660,0.231767418,0.235557833,0.244202318,0.263219198,3.063071154
4340,2020-06-29 20:00:00,0.000000000,0.191277593,0.232714153,0.236586116,0.245438017,0.265032064,3.683238265
4341,2020-06-29 21:00:00,0.000000000,0.191071071,0.233806475,0.237774341,0.246871355,0.267156086,0.886049327
4342,2020-06-29 22:00:00,0.000000000,0.191030605,0.234017482,0.238004101,0.247149193,0.267570509,0.000000000
4343,2020-06-29 23:00:00,0.000000000,0.191048883,0.233922295,0.237900445,0.247023819,0.267383391,0.000000000
4344,2020-06-30 00:00:00,0.000000000,0.191066642,0.233829618,0.237799537,0.246901813,0.267201473,0.000000000
4345,2020-06-30 01:00:00,0.000000000,0.191083999,0.233738859,0.237700731,0.246782389,0.267023572,0.000000000
4346,2020-06-30 02:00:00,0.000000000,0.191100816,0.233650749,0.237604822,0.246666506,0.266851101,0.000000000
4347,2020-06-30 03:00:00,0.000000000,0.191117054,0.233565513,0.237512054,0.246554455,0.266684480,0.000000000
4348,2020-06-30 04:00:00,0.000000000,0.191132761,0.233482913,0.237422166,0.246445917,0.266523219,0.000000000
4349,2020-06-30 05:00:00,0.000000000,0.191148025,0.233402494,0.237334662,0.246340291,0.266366412,0.397482802
4350,2020-06-30 06:00:00,0.000000000,0.191136263,0.233464473,0.237402100,0.246421693,0.266487245,0.000000000
4351,2020-06-30 07:00:00,0.000000000,0.191151360,0.233384906,0.237315526,0.246317195,0.266332142,0.000000000
4352,2020-06-30 08:00:00,0.000000000,0.191166004,0.233307599,0.237231421,0.246215709,0.266181627,0.000142441
4353,2020-06-30 09:00:00,0.000000000,0.191180128,0.233232905,0.237150168,0.246117691,0.266036367,0.888029388
4354,2020-06-30 10:00:00,0.000000000,0.191135791,0.233466961,0.237404808,0.246424962,0.266492099,0.787520014
4355,2020-06-30 11:00:00,0.000000000,0.191098992,0.233660313,0.237615233,0.246679083,0.266869812,0.000883842
4356,2020-06-30 12:00:00,0.000000000,0.191115068,0.233575946,0.237523409,0.246568168,0.266704863,0.002059557
4357,2020-06-30 13:00:00,0.000000000,0.191130583,0.233494373,0.237434637,0.246460974,0.266545581,0.200000017
4358,2020-06-30 14:00:00,0.000000000,0.191132468,0.233484454,0.237423843,0.246447941,0.266526225,0.175889089
4359,2020-06-30 15:00:00,0.000000000,0.191136102,0.233465320,0.237403022,0.246422806,0.266488897,0.197336777
4360,2020-06-30 16:00:00,0.000000000,0.191138996,0.233450082,0.237386441,0.246402789,0.266459178,0.000000000
4361,2020-06-30 17:00:00,0.000000000,0.191156189,0.233359426,0.237287805,0.246283742,0.266282514,0.000000000
4362,2020-06-30 18:00:00,0.000000000,0.191177984,0.233244253,0.237162512,0.246132580,0.266058425,0.000000000
4363,2020-06-30 19:00:00,0.000000000,0.191196610,0.233145593,0.237055201,0.246003165,0.265866778,0.000000000
4364,2020-06-30 20:00:00,0.000000000,0.191210613,0.233071284,0.236974386,0.245905735,0.265722621,0.000000000
4365,2020-06-30 21:00:00,0.000000000,0.191223546,0.233002541,0.236899633,0.245815638,0.265589409,3.698833598
4366,2020-06-30 22:00:00,0.000000000,0.191016328,0.234091696,0.238084928,0.247246988,0.267716592,4.222642792
4367,2020-06-30 23:00:00,0.000000000,0.190784641,0.235279391,0.239379715,0.248817373,0.270077781,0.700000083
4368,2020-07-01 00:00:00,0.000000000,0.190763144,0.235388028,0.239498267,0.248961520,0.270295993,0.000000000
4369,2020-07-01 01:00:00,0.000000000,0.190789641,0.235254083,0.239352101,0.248783806,0.270027003,0.000000000
4370,2020-07-01 02:00:00,0.000000000,0.190815268,0.235124164,0.239210356,0.248611555,0.269766647,0.000000000
4371,2020-07-01 03:00:00,0.000000000,0.190840217,0.234997313,0.239071988,0.248443492,0.269512965,0.000000000
4372,2020-07-01 04:00:00,0.000000000,0.190864427,0.234873889,0.238937383,0.248280079,0.269266625,0.000000000
4373,2020-07-01 05:00:00,0.000000000,0.190887876,0.234754017,0.238806677,0.248121473,0.269027838,0.000000000
4374,2020-07-01 06:00:00,0.000000000,0.190910537,0.234637871,0.238680057,0.247967897,0.268796906,0.000000000
4375,2020-07-01 07:00:00,0.000000000,0.190932434,0.234525358,0.238557418,0.247819215,0.268573601,0.000000000
4376,2020-07-01 08:00:00,0.000000000,0.190953750,0.234415566,0.238437766,0.247674216,0.268356077,0.000000000
4377,2020-07-01 09:00:00,0.000000000,0.190974368,0.234309114,0.238321773,0.247533709,0.268145528,0.000000000
4378,2020-07-01 10:00:00,0.000000000,0.190994358,0.234205666,0.238209072,0.247397244,0.267941257,0.000740409
4379,2020-07-01 11:00:00,0.000000000,0.191013587,0.234105932,0.238100434,0.247265751,0.267744632,0.005328059
4380,2020-07-01 12:00:00,0.000000000,0.191031923,0.234010625,0.237996633,0.247140159,0.267557020,0.004772655
4381,2020-07-01 13:00:00,0.000000000,0.191049746,0.233917795,0.237895545,0.247017894,0.267374552,0.004793420
4382,2020-07-01 14:00:00,0.000000000,0.191067032,0.233827580,0.237797318,0.246899130,0.267197475,0.002535725
4383,2020-07-01 15:00:00,0.000000000,0.191083976,0.233738981,0.237700864,0.246782550,0.267023811,0.001403992
4384,2020-07-01 16:00:00,0.000000000,0.191101143,0.233649033,0.237602954,0.246664250,0.266847744,0.000000000
4385,2020-07-01 17:00:00,0.000000000,0.191120829,0.233545674,0.237490464,0.246528382,0.266645729,1.674012174
4386,2020-07-01 18:00:00,0.000000000,0.191029649,0.234022456,0.238009518,0.247155747,0.267580296,5.638721541
4387,2020-07-01 19:00:00,0.000000000,0.190728136,0.235564384,0.239690760,0.249195704,0.270651041,0.000000000
4388,2020-07-01 20:00:00,0.000000000,0.190756243,0.235422847,0.239536268,0.249007739,0.270366013,0.594338070
4389,2020-07-01 21:00:00,0.000000000,0.190742791,0.235490642,0.239610264,0.249097755,0.270502458,0.173433325
4390,2020-07-01 22:00:00,0.000000000,0.190757754,0.235415226,0.239527951,0.248997623,0.270350684,0.388756931
4391,2020-07-01 23:00:00,0.000000000,0.190757579,0.235416110,0.239528916,0.248998796,0.270352463,11.882780200
4392,2020-07-02 00:00:00,0.000000000,0.190206331,0.238113999,0.242479677,0.252607136,0.275901328,3.001918049
4393,2020-07-02 01:00:00,0.000000000,0.190054759,0.238827992,0.243262734,0.253571350,0.277412938,1.614151756
4394,2020-07-02 02:00:00,0.000000000,0.189992309,0.239118832,0.243581967,0.253965260,0.278034136,0.000000000
4395,2020-07-02 03:00:00,0.000000000,0.190043412,0.238880978,0.243320881,0.253643064,0.277525871,0.000000000
4396,2020-07-02 04:00:00,0.000000000,0.190093027,0.238648815,0.243066139,0.253329005,0.277031821,0.000000000
4397,2020-07-02 05:00:00,0.000000000,0.190141024,0.238423051,0.242818511,0.253024008,0.276553315,0.000000000
4398,2020-07-02 06:00:00,0.000000000,0.190187297,0.238204299,0.242578662,0.252728863,0.276091467,0.000000000
4399,2020-07-02 07:00:00,0.000000000,0.190232074,0.237991579,0.242345508,0.252442211,0.275644032,0.000000000
4400,2020-07-02 08:00:00,0.000000000,0.190275448,0.237784550,0.242118668,0.252163563,0.275210139,0.000000000
4401,2020-07-02 09:00:00,0.000000000,0.190317483,0.237582980,0.241897882,0.251892578,0.274789165,0.000000000
4402,2020-07-02 10:00:00,0.000000000,0.190358057,0.237387549,0.241683889,0.251630142,0.274382393,0.000000000
4403,2020-07-02 11:00:00,0.000000000,0.190397006,0.237199132,0.241477640,0.251377401,0.273991496,0.006546323
4404,2020-07-02 12:00:00,0.000000000,0.190434196,0.237018482,0.241279950,0.251135329,0.273617876,0.008466639
4405,2020-07-02 13:00:00,0.000000000,0.190470085,0.236843450,0.241088464,0.250901021,0.273256959,0.007551956
4406,2020-07-02 14:00:00,0.000000000,0.190505014,0.236672443,0.240901431,0.250672322,0.272905358,0.007701117
4407,2020-07-02 15:00:00,0.000000000,0.190539667,0.236502132,0.240715211,0.250444771,0.272556184,0.000000000
4408,2020-07-02 16:00:00,0.000000000,0.190580338,0.236301419,0.240495813,0.250176879,0.272145942,0.000000000
4409,2020-07-02 17:00:00,0.000000000,0.190626213,0.236073942,0.240247244,0.249873624,0.271682634,0.000000000
4410,2020-07-02 18:00:00,0.000000000,0.190669041,0.235860528,0.240014123,0.249589465,0.271249539,0.000000000
4411,2020-07-02 19:00:00,0.000000000,0.190706669,0.235672191,0.239808459,0.249338973,0.270868583,0.000000000
4412,2020-07-02 20:00:00,0.000000000,0.190736841,0.235520597,0.239642962,0.249137538,0.270562793,0.000000000
4413,2020-07-02 21:00:00,0.000000000,0.190764551,0.235380925,0.239490515,0.248952093,0.270281714,0.000000000
4414,2020-07-02 22:00:00,0.000000000,0.190791079,0.235246804,0.239344158,0.248774151,0.270012400,0.003263590
4415,2020-07-02 23:00:00,0.000000000,0.190816306,0.235118892,0.239204606,0.248604569,0.269756095,0.180687516
4416,2020-07-03 00:00:00,0.000000000,0.190828545,0.235056702,0.239136766,0.248522161,0.269631670,0.004286167
4417,2020-07-03 01:00:00,0.000000000,0.190852557,0.234934443,0.239003419,0.248360238,0.269387423,0.002731237
4418,2020-07-03 02:00:00,0.000000000,0.190875946,0.234815042,0.238873215,0.248202204,0.269149345,0.000080183
4419,2020-07-03 03:00:00,0.000000000,0.190898806,0.234698034,0.238745642,0.248047437,0.268916475,0.001462897
4420,2020-07-03 04:00:00,0.000000000,0.190920876,0.234584781,0.238622186,0.247897729,0.268691489,0.000000000
4421,2020-07-03 05:00:00,0.000000000,0.190942382,0.234474152,0.238501611,0.247751578,0.268472103,0.001172063
4422,2020-07-03 06:00:00,0.000000000,0.190963152,0.234367054,0.238384904,0.247610174,0.268260082,0.001385261
4423,2020-07-03 07:00:00,0.000000000,0.190983279,0.234263028,0.238271563,0.247472905,0.268054485,0.001995944
4424,2020-07-03 08:00:00,0.000000000,0.191002756,0.234162133,0.238161650,0.247339840,0.267855394,0.002183192
4425,2020-07-03 09:00:00,0.000000000,0.191021633,0.234064132,0.238054907,0.247210661,0.267662315,0.003360256
4426,2020-07-03 10:00:00,0.000000000,0.191039862,0.233969298,0.237951628,0.247085721,0.267475756,0.005469068
4427,2020-07-03 11:00:00,0.000000000,0.191057399,0.233877877,0.237852080,0.246965337,0.267296169,0.008892840
4428,2020-07-03 12:00:00,0.000000000,0.191074190,0.233790172,0.237756592,0.246849902,0.267124123,0.016847160
4429,2020-07-03 13:00:00,0.000000000,0.191090102,0.233706901,0.237665943,0.246740352,0.266960989,0.000000000
4430,2020-07-03 14:00:00,0.000000000,0.191107658,0.233614853,0.237565753,0.246619311,0.266780904,0.000000000
4431,2020-07-03 15:00:00,0.000000000,0.191127868,0.233508659,0.237450182,0.246479743,0.266573461,0.000000000
4432,2020-07-03 16:00:00,0.000000000,0.191151361,0.233384902,0.237315522,0.246317191,0.266332136,0.000000000
4433,2020-07-03 17:00:00,0.000000000,0.191172986,0.233270691,0.237191271,0.246167271,0.266109829,0.000000000
4434,2020-07-03 18:00:00,0.000000000,0.191192341,0.233168225,0.237079816,0.246032846,0.265910715,0.000000000
4435,2020-07-03 19:00:00,0.000000000,0.191210855,0.233069994,0.236972983,0.245904044,0.265720120,3.433505435
4436,2020-07-03 20:00:00,0.000000000,0.191019010,0.234077764,0.238069754,0.247228626,0.267689154,3.066223576
4437,2020-07-03 21:00:00,0.000000000,0.190849779,0.234948607,0.239018866,0.248378992,0.269415695,0.000000000
4438,2020-07-03 22:00:00,0.000000000,0.190874815,0.234820821,0.238879516,0.248209851,0.269160857,0.000000000
4439,2020-07-03 23:00:00,0.000000000,0.190899072,0.234696672,0.238744157,0.248045635,0.268913766,0.000000000
4440,2020-07-04 00:00:00,0.000000000,0.190922501,0.234576434,0.238613088,0.247886698,0.268674922,0.000000000
4441,2020-07-04 01:00:00,0.000000000,0.190945099,0.234460156,0.238486358,0.247733093,0.268444374,0.000000000
4442,2020-07-04 02:00:00,0.000000000,0.190966969,0.234347343,0.238363426,0.247584158,0.268221099,0.000000000
4443,2020-07-04 03:00:00,0.000000000,0.190988202,0.234237548,0.238243804,0.247439294,0.268004176,0.000000000
4444,2020-07-04 04:00:00,0.000000000,0.191008643,0.234131594,0.238128386,0.247299579,0.267795197,0.000000000
4445,2020-07-04 05:00:00,0.000000000,0.191028440,0.234028747,0.238016369,0.247164035,0.267592672,0.000000000
4446,2020-07-04 06:00:00,0.000000000,0.191047305,0.233930522,0.237909404,0.247034653,0.267399553,0.000000000
4447,2020-07-04 07:00:00,0.000000000,0.191065402,0.233836094,0.237806587,0.246910336,0.267214176,0.000000000
4448,2020-07-04 08:00:00,0.000000000,0.191082934,0.233744435,0.237706801,0.246789724,0.267034494,0.000000000
4449,2020-07-04 09:00:00,0.000000000,0.191099929,0.233655401,0.237609885,0.246672623,0.266860201,0.000000000
4450,2020-07-04 10:00:00,0.000000000,0.191116325,0.233569340,0.237516219,0.246559485,0.266691956,0.000586624
4451,2020-07-04 11:00:00,0.000000000,0.191131903,0.233487428,0.237427079,0.246451848,0.266532027,0.000000000
4452,2020-07-04 12:00:00,0.000000000,0.191147338,0.233406117,0.237338604,0.246345048,0.266373472,0.000000000
4453,2020-07-04 13:00:00,0.000000000,0.191162718,0.233324956,0.237250303,0.246238490,0.266215404,0.000000000
4454,2020-07-04 14:00:00,0.000000000,0.191178850,0.233239673,0.237157530,0.246126571,0.266049521,0.000000000
4455,2020-07-04 15:00:00,0.000000000,0.191199669,0.233129368,0.237037554,0.245981888,0.265835287,0.000000000
4456,2020-07-04 16:00:00,0.000000000,0.191224852,0.232995592,0.236892077,0.245806532,0.265575950,0.000000000
4457,2020-07-04 17:00:00,0.000000000,0.191249539,0.232864074,0.236749083,0.245634255,0.265321501,0.000000000
4458,2020-07-04 18:00:00,0.000000000,0.191271728,0.232745537,0.236620227,0.245479084,0.265092599,0.000000000
4459,2020-07-04 19:00:00,0.000000000,0.191291489,0.232639716,0.236505214,0.245340640,0.264888597,0.000000000
4460,2020-07-04 20:00:00,0.000000000,0.191304010,0.232572533,0.236432205,0.245252785,0.264759251,0.000000000
4461,2020-07-04 21:00:00,0.000000000,0.191314781,0.232514667,0.236369326,0.245177139,0.264647946,0.000000000
4462,2020-07-04 22:00:00,0.000000000,0.191324913,0.232460166,0.236310108,0.245105912,0.264543202,0.001100812
4463,2020-07-04 23:00:00,0.000000000,0.191334267,0.232409792,0.236255380,0.245040097,0.264446466,0.001327094
4464,2020-07-05 00:00:00,0.000000000,0.191343331,0.232360929,0.236202297,0.244976273,0.264352701,0.000000000
4465,2020-07-05 01:00:00,0.000000000,0.191352282,0.232312626,0.236149826,0.244913195,0.264260076,0.000000000
4466,2020-07-05 02:00:00,0.000000000,0.191360995,0.232265553,0.236098695,0.244851740,0.264169876,0.000000000
4467,2020-07-05 03:00:00,0.000000000,0.191369688,0.232218542,0.236047634,0.244790379,0.264079856,0.000000000
4468,2020-07-05 04:00:00,0.000000000,0.191378308,0.232171883,0.235996959,0.244729493,0.263990572,0.000000000
4469,2020-07-05 05:00:00,0.000000000,0.191386217,0.232129026,0.235950417,0.244673582,0.263908620,0.000776827
4470,2020-07-05 06:00:00,0.000000000,0.191393792,0.232087943,0.235905805,0.244619997,0.263830108,0.002218706
4471,2020-07-05 07:00:00,0.000000000,0.191401049,0.232048548,0.235863027,0.244568624,0.263754866,0.002500222
4472,2020-07-05 08:00:00,0.000000000,0.191408076,0.232010375,0.235821580,0.244518854,0.263682001,0.004679285
4473,2020-07-05 09:00:00,0.000000000,0.191414752,0.231974074,0.235782166,0.244471534,0.263612747,0.004523604
4474,2020-07-05 10:00:00,0.000000000,0.191421244,0.231938751,0.235743816,0.244425497,0.263545393,0.006026501
4475,2020-07-05 11:00:00,0.000000000,0.191427446,0.231904975,0.235707149,0.244381485,0.263481023,0.004555587
4476,2020-07-05 12:00:00,0.000000000,0.191434374,0.231867219,0.235666162,0.244332296,0.263409106,0.000000000
4477,2020-07-05 13:00:00,0.000000000,0.191443784,0.231815889,0.235610444,0.244265437,0.263311397,0.000000000
4478,2020-07-05 14:00:00,0.000000000,0.191456234,0.231747889,0.235536637,0.244176892,0.263182069,0.000000000
4479,2020-07-05 15:00:00,0.000000000,0.191471552,0.231664086,0.235445688,0.244067812,0.263022864,0.000000000
4480,2020-07-05 16:00:00,0.000000000,0.191489854,0.231563754,0.235336816,0.243937280,0.262832516,0.000000000
4481,2020-07-05 17:00:00,0.000000000,0.191509641,0.231455037,0.235218863,0.243795914,0.262626574,0.000000000
4482,2020-07-05 18:00:00,0.000000000,0.191526331,0.231363142,0.235119175,0.243676483,0.262452751,0.000000000
4483,2020-07-05 19:00:00,0.000000000,0.191540048,0.231287478,0.235037105,0.243578188,0.262309805,0.000000000
4484,2020-07-05 20:00:00,0.000000000,0.191545947,0.231254899,0.235001770,0.243535877,0.262248304,0.000000000
4485,2020-07-05 21:00:00,0.000000000,0.191550069,0.231232123,0.234977069,0.243506300,0.262205325,0.000000000
4486,2020-07-05 22:00:00,0.000000000,0.191553501,0.231213150,0.234956493,0.243481666,0.262169535,0.004631542
4487,2020-07-05 23:00:00,0.000000000,0.191555953,0.231199590,0.234941787,0.243464061,0.262143961,0.014035406
4488,2020-07-06 00:00:00,0.000000000,0.191557719,0.231189821,0.234931194,0.243451379,0.262125541,0.016379260
4489,2020-07-06 01:00:00,0.000000000,0.191559280,0.231181181,0.234921824,0.243440163,0.262109250,0.015661456
4490,2020-07-06 02:00:00,0.000000000,0.191560844,0.231172528,0.234912441,0.243428930,0.262092939,0.011091301
4491,2020-07-06 03:00:00,0.000000000,0.191562661,0.231162469,0.234901533,0.243415874,0.262073979,0.011626932
4492,2020-07-06 04:00:00,0.000000000,0.191564391,0.231152893,0.234891148,0.243403443,0.262055930,0.007593541
4493,2020-07-06 05:00:00,0.000000000,0.191566335,0.231142130,0.234879477,0.243389474,0.262035649,0.006373225
4494,2020-07-06 06:00:00,0.000000000,0.191568302,0.231131234,0.234867661,0.243375332,0.262015120,0.007123722
4495,2020-07-06 07:00:00,0.000000000,0.191570164,0.231120921,0.234856479,0.243361949,0.261995693,0.007482551
4496,2020-07-06 08:00:00,0.000000000,0.191571948,0.231111034,0.234845758,0.243349118,0.261977070,0.006466435
4497,2020-07-06 09:00:00,0.000000000,0.191573747,0.231101062,0.234834945,0.243336178,0.261958291,0.007222731
4498,2020-07-06 10:00:00,0.000000000,0.191575445,0.231091649,0.234824739,0.243323964,0.261940567,0.005805287
4499,2020-07-06 11:00:00,0.000000000,0.191577187,0.231081993,0.234814269,0.243311435,0.261922387,0.012023359
4500,2020-07-06 12:00:00,0.000000000,0.191579215,0.231070746,0.234802075,0.243296844,0.261901217,0.000569755
4501,2020-07-06 13:00:00,0.000000000,0.191585486,0.231035949,0.234764346,0.243251701,0.261835735,0.000000000
4502,2020-07-06 14:00:00,0.000000000,0.191595507,0.230980292,0.234704005,0.243179514,0.261731067,0.000000000
4503,2020-07-06 15:00:00,0.000000000,0.191608731,0.230906747,0.234624279,0.243084158,0.261592890,0.000000000
4504,2020-07-06 16:00:00,0.000000000,0.191623893,0.230822276,0.234532717,0.242974678,0.261434364,0.000000000
4505,2020-07-06 17:00:00,0.000000000,0.191638809,0.230739028,0.234442494,0.242866831,0.261278322,0.000000000
4506,2020-07-06 18:00:00,0.000000000,0.191650369,0.230674406,0.234372464,0.242783143,0.261157319,0.000000000
4507,2020-07-06 19:00:00,0.000000000,0.191658845,0.230626965,0.234321058,0.242721724,0.261068561,0.000000000
4508,2020-07-06 20:00:00,0.000000000,0.191664217,0.230596875,0.234288454,0.242682775,0.261012295,0.000000000
4509,2020-07-06 21:00:00,0.000000000,0.191665451,0.230589961,0.234280963,0.242673827,0.260999370,0.000000000
4510,2020-07-06 22:00:00,0.000000000,0.191666472,0.230584235,0.234274758,0.242666415,0.260988665,0.172573917
4511,2020-07-06 23:00:00,0.000000000,0.191656242,0.230641538,0.234336848,0.242740589,0.261095819,0.173684222
4512,2020-07-07 00:00:00,0.000000000,0.191645357,0.230702435,0.234402838,0.242819439,0.261209790,0.188306599
4513,2020-07-07 01:00:00,0.000000000,0.191633910,0.230766383,0.234472140,0.242902264,0.261329576,0.000000000
4514,2020-07-07 02:00:00,0.000000000,0.191634848,0.230761146,0.234466464,0.242895480,0.261319762,0.000000000
4515,2020-07-07 03:00:00,0.000000000,0.191635924,0.230755142,0.234459957,0.242887702,0.261308511,0.000000000
4516,2020-07-07 04:00:00,0.000000000,0.191636881,0.230749793,0.234454160,0.242880774,0.261298489,0.000000000
4517,2020-07-07 05:00:00,0.000000000,0.191637754,0.230744920,0.234448879,0.242874462,0.261289359,0.000000000
4518,2020-07-07 06:00:00,0.000000000,0.191638741,0.230739408,0.234442905,0.242867322,0.261279033,0.000000000
4519,2020-07-07 07:00:00,0.000000000,0.191639616,0.230734515,0.234437603,0.242860985,0.261269868,0.000000000
4520,2020-07-07 08:00:00,0.000000000,0.191640488,0.230729647,0.234432327,0.242854680,0.261260749,0.000000000
4521,2020-07-07 09:00:00,0.000000000,0.191641283,0.230725204,0.234427512,0.242848925,0.261252426,0.000000000
4522,2020-07-07 10:00:00,0.000000000,0.191642007,0.230721156,0.234423126,0.242843684,0.261244847,0.000000000
4523,2020-07-07 11:00:00,0.000000000,0.191642569,0.230718015,0.234419721,0.242839615,0.261238962,0.000000000
4524,2020-07-07 12:00:00,0.000000000,0.191642916,0.230716075,0.234417619,0.242837103,0.261235330,0.000000000
4525,2020-07-07 13:00:00,0.000000000,0.191643095,0.230715080,0.234416540,0.242835814,0.261233466,0.000000000
4526,2020-07-07 14:00:00,0.000000000,0.191644216,0.230708810,0.234409746,0.242827694,0.261221726,0.000000000
4527,2020-07-07 15:00:00,0.000000000,0.191647881,0.230688320,0.234387541,0.242801160,0.261183363,0.000000000
4528,2020-07-07 16:00:00,0.000000000,0.191660671,0.230616737,0.234309974,0.242708483,0.261049431,0.000000000
4529,2020-07-07 17:00:00,0.000000000,0.191673950,0.230542306,0.234229331,0.242612156,0.260910318,0.000000000
4530,2020-07-07 18:00:00,0.000000000,0.191686006,0.230474625,0.234156007,0.242524595,0.260783946,0.000000000
4531,2020-07-07 19:00:00,0.000000000,0.191692819,0.230436332,0.234114525,0.242475067,0.260712501,0.000000000
4532,2020-07-07 20:00:00,0.000000000,0.191695896,0.230419028,0.234095780,0.242452690,0.260680229,0.000000000
4533,2020-07-07 21:00:00,0.000000000,0.191696760,0.230414167,0.234090515,0.242446404,0.260671165,0.000000000
4534,2020-07-07 22:00:00,0.000000000,0.191697576,0.230409575,0.234085540,0.242440465,0.260662601,0.000000000
4535,2020-07-07 23:00:00,0.000000000,0.191698134,0.230406439,0.234082143,0.242436411,0.260656755,0.000000000
4536,2020-07-08 00:00:00,0.000000000,0.191698470,0.230404547,0.234080094,0.242433964,0.260653228,0.000000000
4537,2020-07-08 01:00:00,0.000000000,0.191698618,0.230403717,0.234079195,0.242432891,0.260651680,0.000000000
4538,2020-07-08 02:00:00,0.000000000,0.191698963,0.230401776,0.234077092,0.242430381,0.260648061,0.000000000
4539,2020-07-08 03:00:00,0.000000000,0.191698986,0.230401776,0.234077092,0.242430381,0.260648061,0.002326772
4540,2020-07-08 04:00:00,0.000000000,0.191698812,0.230402626,0.234078013,0.242431480,0.260649645,0.003604802
4541,2020-07-08 05:00:00,0.000000000,0.191698571,0.230403977,0.234079476,0.242433226,0.260652164,0.003406642
4542,2020-07-08 06:00:00,0.000000000,0.191698345,0.230405253,0.234080859,0.242434877,0.260654544,0.003959219
4543,2020-07-08 07:00:00,0.000000000,0.191698081,0.230406737,0.234082466,0.242436796,0.260657311,0.004940465
4544,2020-07-08 08:00:00,0.000000000,0.191697752,0.230408589,0.234084472,0.242439190,0.260660763,0.005057314
4545,2020-07-08 09:00:00,0.000000000,0.191697415,0.230410484,0.234086525,0.242441641,0.260664296,0.119049474
4546,2020-07-08 10:00:00,0.000000000,0.191689516,0.230454900,0.234134639,0.242499082,0.260747139,0.006236190
4547,2020-07-08 11:00:00,0.000000000,0.191689100,0.230457236,0.234137169,0.242502103,0.260751498,0.012094015
4548,2020-07-08 12:00:00,0.000000000,0.191688397,0.230461188,0.234141450,0.242507215,0.260758872,0.018409947
4549,2020-07-08 13:00:00,0.000000000,0.191687625,0.230465527,0.234146150,0.242512826,0.260766967,0.020215760
4550,2020-07-08 14:00:00,0.000000000,0.191687591,0.230465527,0.234146150,0.242512826,0.260766967,0.005136387
4551,2020-07-08 15:00:00,0.000000000,0.191692322,0.230439126,0.234117551,0.242478681,0.260717712,0.000000000
4552,2020-07-08 16:00:00,0.000000000,0.191701037,0.230390102,0.234064447,0.242415286,0.260626298,0.000000000
4553,2020-07-08 17:00:00,0.000000000,0.191709645,0.230341628,0.234011943,0.242352619,0.260535974,0.000000000
4554,2020-07-08 18:00:00,0.000000000,0.191720670,0.230279472,0.233944625,0.242272286,0.260420245,0.000000000
4555,2020-07-08 19:00:00,0.000000000,0.191729412,0.230230128,0.233891186,0.242208529,0.260328442,0.000000000
4556,2020-07-08 20:00:00,0.000000000,0.191733535,0.230206837,0.233865964,0.242178440,0.260285133,0.000000000
4557,2020-07-08 21:00:00,0.000000000,0.191735339,0.230196639,0.233854920,0.242165267,0.260266174,0.000000000
4558,2020-07-08 22:00:00,0.000000000,0.191735564,0.230195368,0.233853544,0.242163626,0.260263812,0.000000000
4559,2020-07-08 23:00:00,0.000000000,0.191735754,0.230194295,0.233852383,0.242162240,0.260261818,0.004700246
4560,2020-07-09 00:00:00,0.000000000,0.191735442,0.230196059,0.233854293,0.242164518,0.260265096,0.005767369
4561,2020-07-09 01:00:00,0.000000000,0.191735059,0.230198223,0.233856636,0.242167314,0.260269120,0.008997094
4562,2020-07-09 02:00:00,0.000000000,0.191734462,0.230201599,0.233860292,0.242171674,0.260275395,0.013779582
4563,2020-07-09 03:00:00,0.000000000,0.191733547,0.230206768,0.233865889,0.242178351,0.260285004,0.018851958
4564,2020-07-09 04:00:00,0.000000000,0.191732296,0.230213838,0.233873545,0.242187484,0.260298150,0.016520228
4565,2020-07-09 05:00:00,0.000000000,0.191731199,0.230220034,0.233880255,0.242195488,0.260309670,0.019344935
4566,2020-07-09 06:00:00,0.000000000,0.191729915,0.230227288,0.233888110,0.242204860,0.260323160,0.021046168
4567,2020-07-09 07:00:00,0.000000000,0.191728517,0.230235179,0.233896656,0.242215055,0.260337837,0.016855610
4568,2020-07-09 08:00:00,0.000000000,0.191727398,0.230241500,0.233903501,0.242223221,0.260349593,0.018406018
4569,2020-07-09 09:00:00,0.000000000,0.191726176,0.230248401,0.233910975,0.242232138,0.260362431,0.018212024
4570,2020-07-09 10:00:00,0.000000000,0.191724966,0.230255229,0.233918370,0.242240960,0.260375134,0.014773376
4571,2020-07-09 11:00:00,0.000000000,0.191723984,0.230260769,0.233924369,0.242248118,0.260385441,0.011241413
4572,2020-07-09 12:00:00,0.000000000,0.191724353,0.230258691,0.233922118,0.242245433,0.260381574,0.010130353
4573,2020-07-09 13:00:00,0.000000000,0.191727339,0.230241833,0.233903862,0.242223652,0.260350214,0.000588125
4574,2020-07-09 14:00:00,0.000000000,0.191734215,0.230202991,0.233861800,0.242173473,0.260277984,0.000000000
4575,2020-07-09 15:00:00,0.000000000,0.191745248,0.230140603,0.233794243,0.242092895,0.260162050,0.000000000
4576,2020-07-09 16:00:00,0.000000000,0.191759169,0.230061770,0.233708888,0.241991115,0.260015704,0.000000000
4577,2020-07-09 17:00:00,0.000000000,0.191773431,0.229980862,0.233621297,0.241886697,0.259865674,0.000000000
4578,2020-07-09 18:00:00,0.000000000,0.191786583,0.229906125,0.233540395,0.241790279,0.259727237,0.000000000
4579,2020-07-09 19:00:00,0.000000000,0.191796059,0.229852209,0.233482037,0.241720746,0.259627460,0.000000000
4580,2020-07-09 20:00:00,0.000000000,0.191799671,0.229831635,0.233459770,0.241694217,0.259589405,0.000000000
4581,2020-07-09 21:00:00,0.000000000,0.191802323,0.229816530,0.233443421,0.241674742,0.259561472,0.000000000
4582,2020-07-09 22:00:00,0.000000000,0.191803834,0.229807922,0.233434105,0.241663644,0.259545556,0.000000000
4583,2020-07-09 23:00:00,0.000000000,0.191805851,0.229796421,0.233421658,0.241648818,0.259524297,0.000000000
4584,2020-07-10 00:00:00,0.000000000,0.191806051,0.229795284,0.233420427,0.241647352,0.259522194,0.003151749
4585,2020-07-10 01:00:00,0.000000000,0.191805843,0.229796470,0.233421711,0.241648880,0.259524386,0.004922944
4586,2020-07-10 02:00:00,0.000000000,0.191805518,0.229798322,0.233423715,0.241651268,0.259527810,0.006751360
4587,2020-07-10 03:00:00,0.000000000,0.191805072,0.229800861,0.233426464,0.241654542,0.259532504,0.005779372
4588,2020-07-10 04:00:00,0.000000000,0.191804691,0.229803036,0.233428817,0.241657345,0.259536524,0.004840580
4589,2020-07-10 05:00:00,0.000000000,0.191804371,0.229804857,0.233430788,0.241659692,0.259539890,0.006624995
4590,2020-07-10 06:00:00,0.000000000,0.191803934,0.229807349,0.233433485,0.241662905,0.259544497,0.011287645
4591,2020-07-10 07:00:00,0.000000000,0.191803189,0.229811594,0.233438079,0.241668378,0.259552346,0.011790528
4592,2020-07-10 08:00:00,0.000000000,0.191802411,0.229816028,0.233442878,0.241674095,0.259560544,0.011486771
4593,2020-07-10 09:00:00,0.000000000,0.191801653,0.229820348,0.233447553,0.241679664,0.259568532,0.011289813
4594,2020-07-10 10:00:00,0.000000000,0.191800908,0.229824593,0.233452148,0.241685138,0.259576383,0.013792051
4595,2020-07-10 11:00:00,0.000000000,0.191799997,0.229829779,0.233457761,0.241691825,0.259585973,0.018301308
4596,2020-07-10 12:00:00,0.000000000,0.191799161,0.229834540,0.233462913,0.241697962,0.259594777,0.017184120
4597,2020-07-10 13:00:00,0.000000000,0.191800018,0.229829660,0.233457632,0.241691670,0.259585752,0.001748358
4598,2020-07-10 14:00:00,0.000000000,0.191805079,0.229800822,0.233426421,0.241654491,0.259532431,0.000000000
4599,2020-07-10 15:00:00,0.000000000,0.191814775,0.229745526,0.233366578,0.241583215,0.259430250,0.000000000
4600,2020-07-10 16:00:00,0.000000000,0.191826950,0.229675996,0.233291339,0.241493620,0.259301880,0.000000000
4601,2020-07-10 17:00:00,0.000000000,0.191839310,0.229605309,0.233214855,0.241402564,0.259171500,0.000000000
4602,2020-07-10 18:00:00,0.000000000,0.191848920,0.229550273,0.233155311,0.241331693,0.259070078,0.173684222
4603,2020-07-10 19:00:00,0.000000000,0.191841327,0.229593765,0.233202365,0.241387697,0.259150219,0.115789490
4604,2020-07-10 20:00:00,0.000000000,0.191835368,0.229627866,0.233239260,0.241431617,0.259213091,0.173684222
4605,2020-07-10 21:00:00,0.000000000,0.191825631,0.229683533,0.233299495,0.241503331,0.259315790,0.115789490
4606,2020-07-10 22:00:00,0.000000000,0.191818950,0.229721695,0.233340790,0.241552503,0.259386238,0.057894745
4607,2020-07-10 23:00:00,0.000000000,0.191815899,0.229739114,0.233359640,0.241574952,0.259418408,0.000000000
4608,2020-07-11 00:00:00,0.000000000,0.191816242,0.229737154,0.233357518,0.241572425,0.259414787,0.115789490
4609,2020-07-11 01:00:00,0.000000000,0.191808840,0.229779380,0.233403215,0.241626850,0.259492799,0.117554926
4610,2020-07-11 02:00:00,0.000000000,0.191801115,0.229823412,0.233450870,0.241683615,0.259574198,0.000000000
4611,2020-07-11 03:00:00,0.000000000,0.191801227,0.229822773,0.233450178,0.241682791,0.259573016,0.000000000
4612,2020-07-11 04:00:00,0.000000000,0.191801649,0.229820369,0.233447576,0.241679691,0.259568571,0.057894745
4613,2020-07-11 05:00:00,0.000000000,0.191798058,0.229840825,0.233469716,0.241706066,0.259606401,0.188948594
4614,2020-07-11 06:00:00,0.000000000,0.191785868,0.229910195,0.233544801,0.241795529,0.259734773,0.000000000
4615,2020-07-11 07:00:00,0.000000000,0.191786343,0.229907492,0.233541875,0.241792043,0.259729770,0.000000000
4616,2020-07-11 08:00:00,0.000000000,0.191786775,0.229905037,0.233539218,0.241788876,0.259725224,0.000000000
4617,2020-07-11 09:00:00,0.000000000,0.191787591,0.229900396,0.233534193,0.241782890,0.259716631,0.000000000
4618,2020-07-11 10:00:00,0.000000000,0.191788232,0.229896750,0.233530247,0.241778188,0.259709883,0.000861233
4619,2020-07-11 11:00:00,0.000000000,0.191787932,0.229896750,0.233530247,0.241778188,0.259709883,0.000000000
4620,2020-07-11 12:00:00,0.000000000,0.191788498,0.229895233,0.233528605,0.241776231,0.259707075,0.000000000
4621,2020-07-11 13:00:00,0.000000000,0.191789404,0.229890083,0.233523031,0.241769588,0.259697542,0.000000000
4622,2020-07-11 14:00:00,0.000000000,0.191794979,0.229858355,0.233488690,0.241728672,0.259638831,0.000000000
4623,2020-07-11 15:00:00,0.000000000,0.191807049,0.229789595,0.233414271,0.241640018,0.259511679,0.000000000
4624,2020-07-11 16:00:00,0.000000000,0.191820292,0.229714030,0.233332496,0.241542626,0.259372086,0.000000000
4625,2020-07-11 17:00:00,0.000000000,0.191833894,0.229636296,0.233248382,0.241442477,0.259228639,0.000000000
4626,2020-07-11 18:00:00,0.000000000,0.191847280,0.229559667,0.233165473,0.241343788,0.259087383,0.000000000
4627,2020-07-11 19:00:00,0.000000000,0.191858112,0.229497569,0.233098293,0.241263841,0.258973023,0.000000000
4628,2020-07-11 20:00:00,0.000000000,0.191862614,0.229471738,0.233070351,0.241230593,0.258925483,0.000000000
4629,2020-07-11 21:00:00,0.000000000,0.191864740,0.229459532,0.233057146,0.241214883,0.258903023,0.000000000
4630,2020-07-11 22:00:00,0.000000000,0.191866761,0.229447923,0.233044590,0.241199944,0.258881668,0.000000000
4631,2020-07-11 23:00:00,0.000000000,0.191867582,0.229443209,0.233039490,0.241193877,0.258872995,0.000000000
4632,2020-07-12 00:00:00,0.000000000,0.191868046,0.229440545,0.233036609,0.241190449,0.258868097,0.000000000
4633,2020-07-12 01:00:00,0.000000000,0.191868301,0.229439078,0.233035022,0.241188561,0.258865398,0.000000000
4634,2020-07-12 02:00:00,0.000000000,0.191868593,0.229437402,0.233033209,0.241186404,0.258862315,0.000000000
4635,2020-07-12 03:00:00,0.000000000,0.191868800,0.229436217,0.233031927,0.241184879,0.258860136,0.000000000
4636,2020-07-12 04:00:00,0.000000000,0.191869053,0.229434761,0.233030352,0.241183006,0.258857458,0.002121101
4637,2020-07-12 05:00:00,0.000000000,0.191868914,0.229435561,0.233031217,0.241184035,0.258858929,0.003577539
4638,2020-07-12 06:00:00,0.000000000,0.191868679,0.229436910,0.233032676,0.241185771,0.258861410,0.006943792
4639,2020-07-12 07:00:00,0.000000000,0.191868223,0.229439528,0.233035508,0.241189140,0.258866225,0.008016404
4640,2020-07-12 08:00:00,0.000000000,0.191867697,0.229442550,0.233038777,0.241193029,0.258871784,0.009021665
4641,2020-07-12 09:00:00,0.000000000,0.191867105,0.229445951,0.233042456,0.241197406,0.258878040,0.006353445
4642,2020-07-12 10:00:00,0.000000000,0.191866688,0.229448347,0.233045047,0.241200489,0.258882447,0.003650954
4643,2020-07-12 11:00:00,0.000000000,0.191866448,0.229449723,0.233046536,0.241202260,0.258884979,0.000000000
4644,2020-07-12 12:00:00,0.000000000,0.191869115,0.229434406,0.233029968,0.241182549,0.258856805,0.000000000
4645,2020-07-12 13:00:00,0.000000000,0.191875689,0.229396625,0.232989101,0.241133936,0.258787337,0.000000000
4646,2020-07-12 14:00:00,0.000000000,0.191885779,0.229338581,0.232926322,0.241059268,0.258680682,0.000000000
4647,2020-07-12 15:00:00,0.000000000,0.191900396,0.229254367,0.232835246,0.240950973,0.258526093,0.000000000
4648,2020-07-12 16:00:00,0.000000000,0.191917917,0.229153218,0.232725870,0.240820959,0.258340654,0.000000000
4649,2020-07-12 17:00:00,0.000000000,0.191934198,0.229059039,0.232624045,0.240699961,0.258168224,0.000000000
4650,2020-07-12 18:00:00,0.000000000,0.191949244,0.228971830,0.232529767,0.240587969,0.258008755,0.000000000
4651,2020-07-12 19:00:00,0.000000000,0.191960434,0.228906867,0.232459547,0.240504576,0.257890089,0.000000000
4652,2020-07-12 20:00:00,0.000000000,0.191965651,0.228876548,0.232426777,0.240465664,0.257834742,0.000000000
4653,2020-07-12 21:00:00,0.000000000,0.191967418,0.228866276,0.232415675,0.240452482,0.257815996,0.000000000
4654,2020-07-12 22:00:00,0.000000000,0.191968939,0.228857432,0.232406116,0.240441134,0.257799859,0.000000000
4655,2020-07-12 23:00:00,0.000000000,0.191970121,0.228850558,0.232398687,0.240432313,0.257787316,0.000000000
4656,2020-07-13 00:00:00,0.000000000,0.191970435,0.228848731,0.232396712,0.240429968,0.257783982,0.000000000
4657,2020-07-13 01:00:00,0.000000000,0.191971011,0.228845379,0.232393090,0.240425668,0.257777868,0.000000000
4658,2020-07-13 02:00:00,0.000000000,0.191971367,0.228843310,0.232390854,0.240423014,0.257774094,0.000000000
4659,2020-07-13 03:00:00,0.000000000,0.191971770,0.228840967,0.232388320,0.240420006,0.257769818,0.000000000
4660,2020-07-13 04:00:00,0.000000000,0.191971919,0.228840097,0.232387380,0.240418890,0.257768231,0.000000000
4661,2020-07-13 05:00:00,0.000000000,0.191971995,0.228839657,0.232386905,0.240418327,0.257767430,0.001420406
4662,2020-07-13 06:00:00,0.000000000,0.191971902,0.228840195,0.232387487,0.240419017,0.257768411,0.003025044
4663,2020-07-13 07:00:00,0.000000000,0.191971706,0.228841340,0.232388724,0.240420486,0.257770499,0.004735805
4664,2020-07-13 08:00:00,0.000000000,0.191971397,0.228843132,0.232390661,0.240422785,0.257773769,0.005361329
4665,2020-07-13 09:00:00,0.000000000,0.191971049,0.228845161,0.232392854,0.240425389,0.257777471,0.005881576
4666,2020-07-13 10:00:00,0.000000000,0.191970666,0.228847387,0.232395260,0.240428245,0.257781531,0.004656033
4667,2020-07-13 11:00:00,0.000000000,0.191970363,0.228849149,0.232397164,0.240430506,0.257784746,0.468587166
4668,2020-07-13 12:00:00,0.000000000,0.191940401,0.229023103,0.232585195,0.240653808,0.258102489,0.004911667
4669,2020-07-13 13:00:00,0.000000000,0.191940333,0.229023500,0.232585624,0.240654317,0.258103214,0.004291216
4670,2020-07-13 14:00:00,0.000000000,0.191941216,0.229018378,0.232580087,0.240647740,0.258093849,0.000000000
4671,2020-07-13 15:00:00,0.000000000,0.191948234,0.228977689,0.232536101,0.240595491,0.258019462,0.174794540
4672,2020-07-13 16:00:00,0.000000000,0.191941407,0.229017271,0.232578890,0.240646318,0.258091824,0.181530183
4673,2020-07-13 17:00:00,0.000000000,0.191933380,0.229063776,0.232629166,0.240706046,0.258176891,0.296209342
4674,2020-07-13 18:00:00,0.000000000,0.191918240,0.229151354,0.232723855,0.240818563,0.258337239,0.000000000
4675,2020-07-13 19:00:00,0.000000000,0.191928241,0.229093518,0.232661321,0.240744252,0.258231324,0.006735638
4676,2020-07-13 20:00:00,0.000000000,0.191931729,0.229073331,0.232639496,0.240718319,0.258194376,0.106139129
4677,2020-07-13 21:00:00,0.000000000,0.191926571,0.229103182,0.232671769,0.240756667,0.258249015,0.115789490
4678,2020-07-13 22:00:00,0.000000000,0.191919714,0.229142834,0.232714642,0.240807615,0.258321631,0.000000000
4679,2020-07-13 23:00:00,0.000000000,0.191920178,0.229140154,0.232711744,0.240804170,0.258316721,0.000000000
4680,2020-07-14 00:00:00,0.000000000,0.191920862,0.229136197,0.232707465,0.240799086,0.258309472,0.000000000
4681,2020-07-14 01:00:00,0.000000000,0.191921253,0.229133936,0.232705022,0.240796181,0.258305333,0.000000000
4682,2020-07-14 02:00:00,0.000000000,0.191921804,0.229130751,0.232701578,0.240792089,0.258299499,0.000000000
4683,2020-07-14 03:00:00,0.000000000,0.191922531,0.229126546,0.232697031,0.240786685,0.258291797,0.000000000
4684,2020-07-14 04:00:00,0.000000000,0.191923510,0.229120885,0.232690910,0.240779412,0.258281430,0.000000000
4685,2020-07-14 05:00:00,0.000000000,0.191924647,0.229114313,0.232683805,0.240770968,0.258269397,0.000000000
4686,2020-07-14 06:00:00,0.000000000,0.191925540,0.229109148,0.232678220,0.240764332,0.258259939,0.000000000
4687,2020-07-14 07:00:00,0.000000000,0.191926270,0.229104923,0.232673653,0.240758905,0.258252204,0.000000000
4688,2020-07-14 08:00:00,0.000000000,0.191927209,0.229099492,0.232667780,0.240751926,0.258242260,0.000000000
4689,2020-07-14 09:00:00,0.000000000,0.191928249,0.229093474,0.232661274,0.240744195,0.258231243,0.000000000
4690,2020-07-14 10:00:00,0.000000000,0.191928834,0.229090085,0.232657610,0.240739842,0.258225041,0.165491211
4691,2020-07-14 11:00:00,0.000000000,0.191918198,0.229151595,0.232724115,0.240818873,0.258337680,0.002527285
4692,2020-07-14 12:00:00,0.000000000,0.191917942,0.229151595,0.232724115,0.240818873,0.258337680,0.000000000
4693,2020-07-14 13:00:00,0.000000000,0.191920232,0.229139840,0.232711405,0.240803768,0.258316147,0.000000000
4694,2020-07-14 14:00:00,0.000000000,0.191927069,0.229100303,0.232668657,0.240752968,0.258243745,0.000000000
4695,2020-07-14 15:00:00,0.000000000,0.191939379,0.229029027,0.232591599,0.240661415,0.258113323,0.000000000
4696,2020-07-14 16:00:00,0.000000000,0.191954360,0.228942140,0.232497675,0.240549853,0.257954509,0.000000000
4697,2020-07-14 17:00:00,0.000000000,0.191969453,0.228854442,0.232402884,0.240437296,0.257794402,0.000000000
4698,2020-07-14 18:00:00,0.000000000,0.191981002,0.228787227,0.232330242,0.240351063,0.257671821,0.684580021
4699,2020-07-14 19:00:00,0.000000000,0.191939734,0.229026966,0.232589371,0.240658769,0.258109554,0.000000000
4700,2020-07-14 20:00:00,0.000000000,0.191940689,0.229021432,0.232583389,0.240651662,0.258099434,0.000000000
4701,2020-07-14 21:00:00,0.000000000,0.191941940,0.229014186,0.232575555,0.240642356,0.258086183,0.000000000
4702,2020-07-14 22:00:00,0.000000000,0.191942665,0.229009983,0.232571012,0.240636959,0.258078498,0.000000000
4703,2020-07-14 23:00:00,0.000000000,0.191943666,0.229004181,0.232564740,0.240629509,0.258067890,0.000000000
4704,2020-07-15 00:00:00,0.000000000,0.191944453,0.228999618,0.232559807,0.240623649,0.258059548,0.000000000
4705,2020-07-15 01:00:00,0.000000000,0.191945162,0.228995505,0.232555361,0.240618368,0.258052029,0.000000000
4706,2020-07-15 02:00:00,0.000000000,0.191945846,0.228991539,0.232551073,0.240613274,0.258044777,0.000000000
4707,2020-07-15 03:00:00,0.000000000,0.191946717,0.228986487,0.232545612,0.240606789,0.258035544,0.000000000
4708,2020-07-15 04:00:00,0.000000000,0.191947368,0.228982712,0.232541531,0.240601941,0.258028643,0.000000000
4709,2020-07-15 05:00:00,0.000000000,0.191948104,0.228978442,0.232536915,0.240596458,0.258020838,0.000000000
4710,2020-07-15 06:00:00,0.000000000,0.191948659,0.228975224,0.232533437,0.240592327,0.258014959,0.000000000
4711,2020-07-15 07:00:00,0.000000000,0.191949237,0.228971873,0.232529814,0.240588024,0.258008834,0.000000000
4712,2020-07-15 08:00:00,0.000000000,0.191949935,0.228967819,0.232525432,0.240582820,0.258001426,0.000000000
4713,2020-07-15 09:00:00,0.000000000,0.191950701,0.228963374,0.232520627,0.240577113,0.257993303,0.000000000
4714,2020-07-15 10:00:00,0.000000000,0.191951418,0.228959218,0.232516134,0.240571777,0.257985708,0.000000000
4715,2020-07-15 11:00:00,0.000000000,0.191951769,0.228957181,0.232513933,0.240569162,0.257981987,0.000000000
4716,2020-07-15 12:00:00,0.000000000,0.191951942,0.228956173,0.232512844,0.240567868,0.257980146,0.000000000
4717,2020-07-15 13:00:00,0.000000000,0.191953110,0.228949394,0.232505515,0.240559165,0.257967759,0.000000000
4718,2020-07-15 14:00:00,0.000000000,0.191955858,0.228933445,0.232488276,0.240538691,0.257938626,0.000000000
4719,2020-07-15 15:00:00,0.000000000,0.191967561,0.228865444,0.232414776,0.240451415,0.257814478,0.000000000
4720,2020-07-15 16:00:00,0.000000000,0.191980753,0.228788674,0.232331806,0.240352919,0.257674460,0.000000000
4721,2020-07-15 17:00:00,0.000000000,0.191993708,0.228713167,0.232250210,0.240256080,0.257536888,0.000000000
4722,2020-07-15 18:00:00,0.000000000,0.192003759,0.228654495,0.232186813,0.240180856,0.257430086,0.000000000
4723,2020-07-15 19:00:00,0.000000000,0.192011634,0.228608479,0.232137095,0.240121874,0.257346383,0.000000000
4724,2020-07-15 20:00:00,0.000000000,0.192016074,0.228582512,0.232109039,0.240088595,0.257299171,0.000000000
4725,2020-07-15 21:00:00,0.000000000,0.192017725,0.228572857,0.232098608,0.240076223,0.257281621,0.000000000
4726,2020-07-15 22:00:00,0.000000000,0.192018510,0.228568264,0.232093646,0.240070338,0.257273274,0.000000000
4727,2020-07-15 23:00:00,0.000000000,0.192019043,0.228565144,0.232090275,0.240066340,0.257267603,0.000000000
4728,2020-07-16 00:00:00,0.000000000,0.192019415,0.228562964,0.232087920,0.240063546,0.257263641,0.000000000
4729,2020-07-16 01:00:00,0.000000000,0.192019855,0.228560391,0.232085141,0.240060250,0.257258966,0.000000000
4730,2020-07-16 02:00:00,0.000000000,0.192019952,0.228559823,0.232084527,0.240059522,0.257257934,0.000000000
4731,2020-07-16 03:00:00,0.000000000,0.192020481,0.228556727,0.232081183,0.240055556,0.257252308,0.000000000
4732,2020-07-16 04:00:00,0.000000000,0.192021274,0.228552084,0.232076166,0.240049606,0.257243871,0.000000000
4733,2020-07-16 05:00:00,0.000000000,0.192022115,0.228547165,0.232070852,0.240043303,0.257234933,0.000000000
4734,2020-07-16 06:00:00,0.000000000,0.192023321,0.228540104,0.232063224,0.240034257,0.257222104,0.000000000
4735,2020-07-16 07:00:00,0.000000000,0.192024959,0.228530510,0.232052859,0.240021965,0.257204675,0.000000000
4736,2020-07-16 08:00:00,0.000000000,0.192026150,0.228523536,0.232045326,0.240013031,0.257192008,0.000000000
4737,2020-07-16 09:00:00,0.000000000,0.192027043,0.228518304,0.232039674,0.240006328,0.257182505,0.000000000
4738,2020-07-16 10:00:00,0.000000000,0.192027884,0.228513381,0.232034355,0.240000021,0.257173564,0.000000000
4739,2020-07-16 11:00:00,0.000000000,0.192028235,0.228511323,0.232032132,0.239997385,0.257169826,0.000000000
4740,2020-07-16 12:00:00,0.000000000,0.192030024,0.228500837,0.232020805,0.239983953,0.257150785,0.000000000
4741,2020-07-16 13:00:00,0.000000000,0.192034623,0.228473883,0.231991688,0.239949428,0.257101852,0.000000000
4742,2020-07-16 14:00:00,0.000000000,0.192042197,0.228429454,0.231943696,0.239892529,0.257021231,0.000000000
4743,2020-07-16 15:00:00,0.000000000,0.192052719,0.228367667,0.231876959,0.239813421,0.256909193,0.000000000
4744,2020-07-16 16:00:00,0.000000000,0.192065044,0.228295181,0.231798675,0.239720646,0.256777876,0.000000000
4745,2020-07-16 17:00:00,0.000000000,0.192076946,0.228225083,0.231722976,0.239630957,0.256651006,0.000000000
4746,2020-07-16 18:00:00,0.000000000,0.192087739,0.228161421,0.231654235,0.239549530,0.256535889,0.000000000
4747,2020-07-16 19:00:00,0.000000000,0.192096986,0.228106816,0.231595278,0.239479707,0.256437227,0.000000000
4748,2020-07-16 20:00:00,0.000000000,0.192103744,0.228066862,0.231552143,0.239428630,0.256365084,0.000000000
4749,2020-07-16 21:00:00,0.000000000,0.192105084,0.228058940,0.231543589,0.239418503,0.256350783,0.000000000
4750,2020-07-16 22:00:00,0.000000000,0.192106860,0.228048431,0.231532244,0.239405071,0.256331816,0.000000000
4751,2020-07-16 23:00:00,0.000000000,0.192109695,0.228031657,0.231514136,0.239383632,0.256301547,0.000000000
4752,2020-07-17 00:00:00,0.000000000,0.192110946,0.228024253,0.231506143,0.239374169,0.256288188,0.000000000
4753,2020-07-17 01:00:00,0.000000000,0.192111784,0.228019294,0.231500790,0.239367832,0.256279242,0.000000000
4754,2020-07-17 02:00:00,0.000000000,0.192112154,0.228017101,0.231498423,0.239365029,0.256275286,0.000000000
4755,2020-07-17 03:00:00,0.000000000,0.192112337,0.228016016,0.231497251,0.239363643,0.256273328,0.000000000
4756,2020-07-17 04:00:00,0.000000000,0.192112498,0.228015064,0.231496223,0.239362426,0.256271611,0.000000000
4757,2020-07-17 05:00:00,0.000000000,0.192112896,0.228015064,0.231496223,0.239362426,0.256271611,0.000000000
4758,2020-07-17 06:00:00,0.000000000,0.192112936,0.228012474,0.231493427,0.239359116,0.256266938,0.000000000
4759,2020-07-17 07:00:00,0.000000000,0.192113317,0.228010216,0.231490990,0.239356231,0.256262866,0.000000000
4760,2020-07-17 08:00:00,0.000000000,0.192113651,0.228008239,0.231488856,0.239353704,0.256259299,0.000000000
4761,2020-07-17 09:00:00,0.000000000,0.192114312,0.228004325,0.231484630,0.239348702,0.256252239,0.000000000
4762,2020-07-17 10:00:00,0.000000000,0.192114882,0.228000948,0.231480985,0.239344387,0.256246149,0.000000000
4763,2020-07-17 11:00:00,0.000000000,0.192114983,0.228000347,0.231480337,0.239343619,0.256245065,3.361155245
4764,2020-07-17 12:00:00,0.000000000,0.191921389,0.229133149,0.232704170,0.240795170,0.258303890,0.485990461
4765,2020-07-17 13:00:00,0.000000000,0.191890211,0.229313061,0.232898721,0.241026445,0.258633817,0.000280395
4766,2020-07-17 14:00:00,0.000000000,0.191890372,0.229313061,0.232898721,0.241026445,0.258633817,0.000000000
4767,2020-07-17 15:00:00,0.000000000,0.191890548,0.229311118,0.232896620,0.241023947,0.258630250,0.000000000
4768,2020-07-17 16:00:00,0.000000000,0.191891115,0.229307853,0.232893088,0.241019747,0.258624253,0.000000000
4769,2020-07-17 17:00:00,0.000000000,0.191892278,0.229301154,0.232885844,0.241011133,0.258611956,0.000000000
4770,2020-07-17 18:00:00,0.000000000,0.191894366,0.229289126,0.232872836,0.240995665,0.258589876,0.000000000
4771,2020-07-17 19:00:00,0.000000000,0.191897181,0.229272903,0.232855292,0.240974805,0.258560103,0.000000000
4772,2020-07-17 20:00:00,0.000000000,0.191898385,0.229265958,0.232847781,0.240965875,0.258547360,0.000740686
4773,2020-07-17 21:00:00,0.000000000,0.191898092,0.229265958,0.232847781,0.240965875,0.258547360,0.002008129
4774,2020-07-17 22:00:00,0.000000000,0.191898205,0.229266996,0.232848903,0.240967210,0.258549264,0.003921888
4775,2020-07-17 23:00:00,0.000000000,0.191897949,0.229268477,0.232850504,0.240969113,0.258551980,0.007643056
4776,2020-07-18 00:00:00,0.000000000,0.191897448,0.229271361,0.232853624,0.240972822,0.258557273,0.005871967
4777,2020-07-18 01:00:00,0.000000000,0.191897064,0.229273577,0.232856021,0.240975672,0.258561340,0.006136021
4778,2020-07-18 02:00:00,0.000000000,0.191896662,0.229275893,0.232858525,0.240978650,0.258565590,0.013229349
4779,2020-07-18 03:00:00,0.000000000,0.191895796,0.229280885,0.232863923,0.240985068,0.258574751,0.013579531
4780,2020-07-18 04:00:00,0.000000000,0.191894907,0.229286009,0.232869464,0.240991656,0.258584155,0.016136361
4781,2020-07-18 05:00:00,0.000000000,0.191893851,0.229292096,0.232876048,0.240999484,0.258595328,0.015733042
4782,2020-07-18 06:00:00,0.000000000,0.191892820,0.229298031,0.232882467,0.241007117,0.258606223,0.021072023
4783,2020-07-18 07:00:00,0.000000000,0.191891441,0.229305979,0.232891062,0.241017337,0.258620813,0.017869594
4784,2020-07-18 08:00:00,0.000000000,0.191890271,0.229312719,0.232898351,0.241026005,0.258633188,0.011657313
4785,2020-07-18 09:00:00,0.000000000,0.191889507,0.229317117,0.232903107,0.241031661,0.258641263,0.011060862
4786,2020-07-18 10:00:00,0.000000000,0.191888782,0.229321289,0.232907620,0.241037027,0.258648925,0.009587847
4787,2020-07-18 11:00:00,0.000000000,0.191888154,0.229324906,0.232911532,0.241041680,0.258655568,0.010368682
4788,2020-07-18 12:00:00,0.000000000,0.191888068,0.229325403,0.232912069,0.241042318,0.258656479,0.014259546
4789,2020-07-18 13:00:00,0.000000000,0.191889826,0.229315277,0.232901118,0.241029295,0.258637885,0.004758239
4790,2020-07-18 14:00:00,0.000000000,0.191897819,0.229269223,0.232851312,0.240970073,0.258553351,0.000000000
4791,2020-07-18 15:00:00,0.000000000,0.191910488,0.229196132,0.232772273,0.240876111,0.258419297,0.000000000
4792,2020-07-18 16:00:00,0.000000000,0.191925823,0.229107508,0.232676447,0.240762225,0.258256935,0.000000000
4793,2020-07-18 17:00:00,0.000000000,0.191941662,0.229015795,0.232577294,0.240644422,0.258089124,0.000000000
4794,2020-07-18 18:00:00,0.000000000,0.191955780,0.228933895,0.232488762,0.240539268,0.257939447,0.000000000
4795,2020-07-18 19:00:00,0.000000000,0.191966641,0.228870794,0.232420558,0.240458281,0.257824241,0.000000000
4796,2020-07-18 20:00:00,0.000000000,0.191969972,0.228851426,0.232399625,0.240433428,0.257788900,0.000000000
4797,2020-07-18 21:00:00,0.000000000,0.191975237,0.228820794,0.232366518,0.240394124,0.257733024,0.000000000
4798,2020-07-18 22:00:00,0.000000000,0.191976245,0.228814922,0.232360173,0.240386591,0.257722316,0.000000000
4799,2020-07-18 23:00:00,0.000000000,0.191977187,0.228809442,0.232354250,0.240379560,0.257712322,0.000000000
4800,2020-07-19 00:00:00,0.000000000,0.191977370,0.228808376,0.232353098,0.240378193,0.257710379,0.002866107
4801,2020-07-19 01:00:00,0.000000000,0.191977183,0.228809461,0.232354271,0.240379585,0.257712358,0.004292749
4802,2020-07-19 02:00:00,0.000000000,0.191976904,0.228811086,0.232356027,0.240381670,0.257715321,0.004932977
4803,2020-07-19 03:00:00,0.000000000,0.191976584,0.228812953,0.232358045,0.240384065,0.257718726,0.007639253
4804,2020-07-19 04:00:00,0.000000000,0.191976087,0.228815845,0.232361170,0.240387775,0.257723998,0.008503580
4805,2020-07-19 05:00:00,0.000000000,0.191975534,0.228819063,0.232364648,0.240391904,0.257729867,0.007060089
4806,2020-07-19 06:00:00,0.000000000,0.191975075,0.228821735,0.232367536,0.240395332,0.257734740,0.005617652
4807,2020-07-19 07:00:00,0.000000000,0.191974709,0.228823861,0.232369834,0.240398060,0.257738618,0.004241528
4808,2020-07-19 08:00:00,0.000000000,0.191974434,0.228825467,0.232371569,0.240400120,0.257741546,0.005147676
4809,2020-07-19 09:00:00,0.000000000,0.191974099,0.228827415,0.232373674,0.240402619,0.257745100,0.005172692
4810,2020-07-19 10:00:00,0.000000000,0.191973762,0.228829373,0.232375790,0.240405131,0.257748671,0.006359572
4811,2020-07-19 11:00:00,0.000000000,0.191973349,0.228831780,0.232378392,0.240408219,0.257753061,0.011919350
4812,2020-07-19 12:00:00,0.000000000,0.191973444,0.228831780,0.232378392,0.240408219,0.257753061,0.015032809
4813,2020-07-19 13:00:00,0.000000000,0.191976517,0.228813338,0.232358461,0.240384559,0.257719428,0.007400486
4814,2020-07-19 14:00:00,0.000000000,0.191984418,0.228767324,0.232308734,0.240325534,0.257635546,0.000000000
4815,2020-07-19 15:00:00,0.000000000,0.191999027,0.228682124,0.232216666,0.240216277,0.257480369,0.000000000
4816,2020-07-19 16:00:00,0.000000000,0.192017226,0.228575773,0.232101758,0.240079959,0.257286921,0.000000000
4817,2020-07-19 17:00:00,0.000000000,0.192035640,0.228467920,0.231985246,0.239941790,0.257091027,0.000000000
4818,2020-07-19 18:00:00,0.000000000,0.192053767,0.228361508,0.231870307,0.239805537,0.256898031,0.000000000
4819,2020-07-19 19:00:00,0.000000000,0.192067831,0.228278776,0.231780959,0.239699654,0.256748175,0.000000000
4820,2020-07-19 20:00:00,0.000000000,0.192077048,0.228224480,0.231722325,0.239630186,0.256649915,0.000000000
4821,2020-07-19 21:00:00,0.000000000,0.192080322,0.228205181,0.231701486,0.239605499,0.256615008,0.000000000
4822,2020-07-19 22:00:00,0.000000000,0.192081729,0.228196878,0.231692521,0.239594879,0.256599993,0.000000000
4823,2020-07-19 23:00:00,0.000000000,0.192083274,0.228187767,0.231682682,0.239583225,0.256583517,0.000000000
4824,2020-07-20 00:00:00,0.000000000,0.192084257,0.228181972,0.231676425,0.239575813,0.256573040,0.000000000
4825,2020-07-20 01:00:00,0.000000000,0.192084908,0.228178128,0.231672274,0.239570897,0.256566090,0.000000000
4826,2020-07-20 02:00:00,0.000000000,0.192085404,0.228175204,0.231669117,0.239567157,0.256560804,0.000000000
4827,2020-07-20 03:00:00,0.000000000,0.192085853,0.228172552,0.231666254,0.239563766,0.256556010,0.000000000
4828,2020-07-20 04:00:00,0.000000000,0.192086314,0.228169830,0.231663315,0.239560285,0.256551090,0.005292757
4829,2020-07-20 05:00:00,0.000000000,0.192085973,0.228171842,0.231665487,0.239562857,0.256554726,0.004179283
4830,2020-07-20 06:00:00,0.000000000,0.192085704,0.228173430,0.231667202,0.239564888,0.256557597,0.004753468
4831,2020-07-20 07:00:00,0.000000000,0.192085398,0.228175236,0.231669152,0.239567199,0.256560862,0.005988221
4832,2020-07-20 08:00:00,0.000000000,0.192085013,0.228177512,0.231671609,0.239570109,0.256564976,0.005568555
4833,2020-07-20 09:00:00,0.000000000,0.192084654,0.228179628,0.231673894,0.239572815,0.256568802,0.402864583
4834,2020-07-20 10:00:00,0.000000000,0.192059053,0.228330426,0.231836738,0.239765751,0.256841710,0.003701578
4835,2020-07-20 11:00:00,0.000000000,0.192058815,0.228331831,0.231838256,0.239767550,0.256844256,0.013218731
4836,2020-07-20 12:00:00,0.000000000,0.192058069,0.228336212,0.231842987,0.239773158,0.256852193,0.013306487
4837,2020-07-20 13:00:00,0.000000000,0.192057682,0.228338489,0.231845446,0.239776072,0.256856318,0.003856678
4838,2020-07-20 14:00:00,0.000000000,0.192058925,0.228331179,0.231837552,0.239766716,0.256843075,0.000000000
4839,2020-07-20 15:00:00,0.000000000,0.192068927,0.228272326,0.231773993,0.239691400,0.256736498,0.000000000
4840,2020-07-20 16:00:00,0.000000000,0.192082925,0.228189824,0.231684904,0.239585857,0.256587238,0.000000000
4841,2020-07-20 17:00:00,0.000000000,0.192098038,0.228100596,0.231588563,0.239471755,0.256425994,0.000000000
4842,2020-07-20 18:00:00,0.000000000,0.192112929,0.228012515,0.231493471,0.239359168,0.256267012,0.000000000
4843,2020-07-20 19:00:00,0.000000000,0.192124070,0.227946505,0.231422216,0.239274825,0.256147992,0.000000000
4844,2020-07-20 20:00:00,0.000000000,0.192129055,0.227916936,0.231390300,0.239237052,0.256094710,0.000000000
4845,2020-07-20 21:00:00,0.000000000,0.192130225,0.227909995,0.231382807,0.239228186,0.256082206,0.000000000
4846,2020-07-20 22:00:00,0.000000000,0.192131920,0.227899940,0.231371955,0.239215343,0.256064094,0.000000000
4847,2020-07-20 23:00:00,0.000000000,0.192132979,0.227893652,0.231365168,0.239207312,0.256052769,0.000000000
4848,2020-07-21 00:00:00,0.000000000,0.192133110,0.227892876,0.231364330,0.239206321,0.256051371,0.000000000
4849,2020-07-21 01:00:00,0.000000000,0.192133801,0.227888773,0.231359902,0.239201080,0.256043982,0.000000000
4850,2020-07-21 02:00:00,0.000000000,0.192134379,0.227885341,0.231356197,0.239196697,0.256037801,0.000000000
4851,2020-07-21 03:00:00,0.000000000,0.192134620,0.227883911,0.231354654,0.239194870,0.256035226,0.000000000
4852,2020-07-21 04:00:00,0.000000000,0.192134783,0.227882945,0.231353611,0.239193637,0.256033487,0.000000000
4853,2020-07-21 05:00:00,0.000000000,0.192135055,0.227881331,0.231351869,0.239191575,0.256030580,0.000000000
4854,2020-07-21 06:00:00,0.000000000,0.192135215,0.227880376,0.231350838,0.239190356,0.256028860,0.000000000
4855,2020-07-21 07:00:00,0.000000000,0.192135566,0.227878295,0.231348592,0.239187698,0.256025113,0.000000000
4856,2020-07-21 08:00:00,0.000000000,0.192135867,0.227876509,0.231346665,0.239185417,0.256021897,0.000000000
4857,2020-07-21 09:00:00,0.000000000,0.192136122,0.227874992,0.231345027,0.239183480,0.256019166,0.000000000
4858,2020-07-21 10:00:00,0.000000000,0.192136318,0.227873829,0.231343772,0.239181995,0.256017072,0.000024402
4859,2020-07-21 11:00:00,0.000000000,0.192136308,0.227873829,0.231343772,0.239181995,0.256017072,0.000000000
4860,2020-07-21 12:00:00,0.000000000,0.192138766,0.227859292,0.231328082,0.239163430,0.255990900,0.000000000
4861,2020-07-21 13:00:00,0.000000000,0.192144666,0.227824229,0.231290240,0.239118658,0.255927794,0.000000000
4862,2020-07-21 14:00:00,0.000000000,0.192154702,0.227764535,0.231225819,0.239042452,0.255820427,0.000000000
4863,2020-07-21 15:00:00,0.000000000,0.192170637,0.227669598,0.231123376,0.238921301,0.255649848,0.000000000
4864,2020-07-21 16:00:00,0.000000000,0.192190333,0.227551981,0.230996478,0.238771283,0.255438815,0.000000000
4865,2020-07-21 17:00:00,0.000000000,0.192207007,0.227452188,0.230888826,0.238644064,0.255260020,0.000000000
4866,2020-07-21 18:00:00,0.000000000,0.192224491,0.227347320,0.230775716,0.238510442,0.255072386,0.000000000
4867,2020-07-21 19:00:00,0.000000000,0.192235773,0.227279527,0.230702604,0.238424096,0.254951227,0.000000000
4868,2020-07-21 20:00:00,0.000000000,0.192239735,0.227255699,0.230676908,0.238393753,0.254908667,0.000000000
4869,2020-07-21 21:00:00,0.000000000,0.192241379,0.227245805,0.230666238,0.238381154,0.254890998,0.000000000
4870,2020-07-21 22:00:00,0.000000000,0.192242391,0.227239714,0.230659670,0.238373400,0.254880124,0.000000000
4871,2020-07-21 23:00:00,0.000000000,0.192243003,0.227236033,0.230655700,0.238368712,0.254873551,0.000000000
4872,2020-07-22 00:00:00,0.000000000,0.192243255,0.227234517,0.230654066,0.238366782,0.254870844,0.000000000
4873,2020-07-22 01:00:00,0.000000000,0.192243360,0.227233881,0.230653380,0.238365973,0.254869709,0.001457635
4874,2020-07-22 02:00:00,0.000000000,0.192243268,0.227234438,0.230653981,0.238366682,0.254870704,0.003306969
4875,2020-07-22 03:00:00,0.000000000,0.192243058,0.227235702,0.230655344,0.238368292,0.254872961,0.004524455
4876,2020-07-22 04:00:00,0.000000000,0.192242771,0.227237431,0.230657208,0.238370493,0.254876048,0.004535139
4877,2020-07-22 05:00:00,0.000000000,0.192242483,0.227239164,0.230659077,0.238372700,0.254879142,0.003974342
4878,2020-07-22 06:00:00,0.000000000,0.192242230,0.227240683,0.230660715,0.238374634,0.254881854,0.004611492
4879,2020-07-22 07:00:00,0.000000000,0.192241937,0.227242446,0.230662616,0.238376877,0.254885001,0.003664662
4880,2020-07-22 08:00:00,0.000000000,0.192241705,0.227243846,0.230664126,0.238378661,0.254887501,0.001374828
4881,2020-07-22 09:00:00,0.000000000,0.192241617,0.227244372,0.230664693,0.238379330,0.254888439,0.003316656
4882,2020-07-22 10:00:00,0.000000000,0.192241407,0.227245639,0.230666059,0.238380944,0.254890703,0.332454294
4883,2020-07-22 11:00:00,0.000000000,0.192220526,0.227371125,0.230801390,0.238540768,0.255114956,1.449926924
4884,2020-07-22 12:00:00,0.000000000,0.192132585,0.227895992,0.231367693,0.239210300,0.256056983,0.000000000
4885,2020-07-22 13:00:00,0.000000000,0.192132729,0.227895136,0.231366770,0.239209207,0.256055442,0.001911959
4886,2020-07-22 14:00:00,0.000000000,0.192133020,0.227895136,0.231366770,0.239209207,0.256055442,0.000000000
4887,2020-07-22 15:00:00,0.000000000,0.192133565,0.227890171,0.231361410,0.239202865,0.256046499,0.000000000
4888,2020-07-22 16:00:00,0.000000000,0.192137688,0.227865692,0.231334990,0.239171604,0.256002422,0.000000000
4889,2020-07-22 17:00:00,0.000000000,0.192147103,0.227809744,0.231274608,0.239100165,0.255901734,0.000000000
4890,2020-07-22 18:00:00,0.000000000,0.192159143,0.227738094,0.231197286,0.239008704,0.255772897,0.000000000
4891,2020-07-22 19:00:00,0.000000000,0.192169932,0.227673802,0.231127912,0.238926664,0.255657397,0.000000000
4892,2020-07-22 20:00:00,0.000000000,0.192175144,0.227642709,0.231094363,0.238886996,0.255601572,0.000000000
4893,2020-07-22 21:00:00,0.000000000,0.192176293,0.227635852,0.231086965,0.238878250,0.255589266,0.000000000
4894,2020-07-22 22:00:00,0.000000000,0.192176585,0.227634106,0.231085081,0.238876023,0.255586132,0.000000000
4895,2020-07-22 23:00:00,0.000000000,0.192177497,0.227628667,0.231079213,0.238869085,0.255576370,0.000000000
4896,2020-07-23 00:00:00,0.000000000,0.192178105,0.227625037,0.231075296,0.238864454,0.255569856,0.000000000
4897,2020-07-23 01:00:00,0.000000000,0.192178271,0.227625037,0.231075296,0.238864454,0.255569856,0.003762009
4898,2020-07-23 02:00:00,0.000000000,0.192177905,0.227626231,0.231076584,0.238865977,0.255571998,0.291797767
4899,2020-07-23 03:00:00,0.000000000,0.192159447,0.227736284,0.231195334,0.239006396,0.255769645,0.001820121
4900,2020-07-23 04:00:00,0.000000000,0.192159331,0.227736978,0.231196082,0.239007281,0.255770892,0.000190855
4901,2020-07-23 05:00:00,0.000000000,0.192159254,0.227736978,0.231196082,0.239007281,0.255770892,0.000000000
4902,2020-07-23 06:00:00,0.000000000,0.192159387,0.227736641,0.231195718,0.239006850,0.255770286,0.000000000
4903,2020-07-23 07:00:00,0.000000000,0.192159493,0.227736008,0.231195035,0.239006042,0.255769148,0.000000000
4904,2020-07-23 08:00:00,0.000000000,0.192159549,0.227736008,0.231195035,0.239006042,0.255769148,0.000000000
4905,2020-07-23 09:00:00,0.000000000,0.192159755,0.227736008,0.231195035,0.239006042,0.255769148,0.000000000
4906,2020-07-23 10:00:00,0.000000000,0.192159610,0.227735311,0.231194284,0.239005154,0.255767897,0.002296200
4907,2020-07-23 11:00:00,0.000000000,0.192159463,0.227736186,0.231195228,0.239006270,0.255769469,0.009291815
4908,2020-07-23 12:00:00,0.000000000,0.192158931,0.227739355,0.231198647,0.239010314,0.255775164,0.009982530
4909,2020-07-23 13:00:00,0.000000000,0.192158623,0.227741189,0.231200627,0.239012655,0.255778461,0.005541050
4910,2020-07-23 14:00:00,0.000000000,0.192159227,0.227737593,0.231196745,0.239008065,0.255771996,0.000000000
4911,2020-07-23 15:00:00,0.000000000,0.192164633,0.227705386,0.231161992,0.238966965,0.255714125,0.000000000
4912,2020-07-23 16:00:00,0.000000000,0.192173969,0.227649719,0.231101927,0.238895940,0.255614157,0.000000000
4913,2020-07-23 17:00:00,0.000000000,0.192184376,0.227587587,0.231034891,0.238816688,0.255502665,0.000000000
4914,2020-07-23 18:00:00,0.000000000,0.192196893,0.227512746,0.230954151,0.238721258,0.255368491,0.000000000
4915,2020-07-23 19:00:00,0.000000000,0.192208679,0.227442172,0.230878022,0.238631299,0.255242087,0.000000000
4916,2020-07-23 20:00:00,0.000000000,0.192215420,0.227401760,0.230834433,0.238579801,0.255169760,0.000000000
4917,2020-07-23 21:00:00,0.000000000,0.192219747,0.227375798,0.230806430,0.238546721,0.255123314,8.024080216
4918,2020-07-23 22:00:00,0.000000000,0.191819401,0.229719119,0.233338002,0.241549183,0.259381481,0.307890878
4919,2020-07-23 23:00:00,0.000000000,0.191799728,0.229831310,0.233459418,0.241693798,0.259588804,0.308380342
4920,2020-07-24 00:00:00,0.000000000,0.191780653,0.229939840,0.233576890,0.241833770,0.259789671,0.000000000
4921,2020-07-24 01:00:00,0.000000000,0.191780980,0.229937977,0.233574873,0.241831367,0.259786220,0.699519700
4922,2020-07-24 02:00:00,0.000000000,0.191737428,0.230184836,0.233842139,0.242150022,0.260244236,0.000000000
4923,2020-07-24 03:00:00,0.000000000,0.191737977,0.230181730,0.233838776,0.242146010,0.260238463,0.088746239
4924,2020-07-24 04:00:00,0.000000000,0.191733100,0.230209292,0.233868623,0.242181612,0.260289698,0.000000000
4925,2020-07-24 05:00:00,0.000000000,0.191734135,0.230203448,0.233862294,0.242174063,0.260278832,0.000000000
4926,2020-07-24 06:00:00,0.000000000,0.191734626,0.230200671,0.233859287,0.242170476,0.260273670,0.000000000
4927,2020-07-24 07:00:00,0.000000000,0.191735073,0.230198146,0.233856553,0.242167214,0.260268977,0.000000000
4928,2020-07-24 08:00:00,0.000000000,0.191735459,0.230195963,0.233854188,0.242164394,0.260264917,0.000000000
4929,2020-07-24 09:00:00,0.000000000,0.191735779,0.230194156,0.233852232,0.242162060,0.260261559,0.000000000
4930,2020-07-24 10:00:00,0.000000000,0.191736118,0.230192238,0.233850155,0.242159583,0.260257994,0.001247592
4931,2020-07-24 11:00:00,0.000000000,0.191736035,0.230192706,0.233850662,0.242160188,0.260258865,0.000000000
4932,2020-07-24 12:00:00,0.000000000,0.191736341,0.230190980,0.233848792,0.242157957,0.260255655,0.000000000
4933,2020-07-24 13:00:00,0.000000000,0.191737448,0.230184718,0.233842012,0.242149870,0.260244017,0.000000000
4934,2020-07-24 14:00:00,0.000000000,0.191740238,0.230168945,0.233824932,0.242129497,0.260214703,0.000000000
4935,2020-07-24 15:00:00,0.000000000,0.191750855,0.230108867,0.233759880,0.242051916,0.260103114,0.000000000
4936,2020-07-24 16:00:00,0.000000000,0.191765807,0.230024126,0.233668134,0.241942527,0.259945878,0.000000000
4937,2020-07-24 17:00:00,0.000000000,0.191780330,0.229941672,0.233578873,0.241836134,0.259793064,0.000000000
4938,2020-07-24 18:00:00,0.000000000,0.191794635,0.229860314,0.233490810,0.241731197,0.259642454,0.000000000
4939,2020-07-24 19:00:00,0.000000000,0.191803901,0.229807538,0.233433690,0.241663150,0.259544848,0.000000000
4940,2020-07-24 20:00:00,0.000000000,0.191808105,0.229783573,0.233407754,0.241632255,0.259500549,0.000000000
4941,2020-07-24 21:00:00,0.000000000,0.191809050,0.229778183,0.233401920,0.241625307,0.259490587,0.000000000
4942,2020-07-24 22:00:00,0.000000000,0.191810002,0.229772754,0.233396045,0.241618309,0.259480555,0.000000000
4943,2020-07-24 23:00:00,0.000000000,0.191810630,0.229769172,0.233392168,0.241613692,0.259473937,0.000000000
4944,2020-07-25 00:00:00,0.000000000,0.191810737,0.229768561,0.233391507,0.241612905,0.259472808,0.000000000
4945,2020-07-25 01:00:00,0.000000000,0.191811005,0.229767037,0.233389857,0.241610940,0.259469991,0.000379622
4946,2020-07-25 02:00:00,0.000000000,0.191810854,0.229767037,0.233389857,0.241610940,0.259469991,0.001241983
4947,2020-07-25 03:00:00,0.000000000,0.191810898,0.229767647,0.233390518,0.241611726,0.259471118,0.000000000
4948,2020-07-25 04:00:00,0.000000000,0.191810992,0.229767647,0.233390518,0.241611726,0.259471118,0.000000000
4949,2020-07-25 05:00:00,0.000000000,0.191811069,0.229767647,0.233390518,0.241611726,0.259471118,0.000000000
4950,2020-07-25 06:00:00,0.000000000,0.191811167,0.229767647,0.233390518,0.241611726,0.259471118,0.001594430
4951,2020-07-25 07:00:00,0.000000000,0.191810837,0.229767991,0.233390890,0.241612170,0.259471754,0.001432582
4952,2020-07-25 08:00:00,0.000000000,0.191810743,0.229768530,0.233391473,0.241612864,0.259472750,0.000773327
4953,2020-07-25 09:00:00,0.000000000,0.191810437,0.229768530,0.233391473,0.241612864,0.259472750,0.001223790
4954,2020-07-25 10:00:00,0.000000000,0.191810611,0.229769281,0.233392287,0.241613833,0.259474139,0.001809272
4955,2020-07-25 11:00:00,0.000000000,0.191810492,0.229769962,0.233393024,0.241614711,0.259475397,0.005900955
4956,2020-07-25 12:00:00,0.000000000,0.191810590,0.229769400,0.233392415,0.241613986,0.259474358,0.002404255
4957,2020-07-25 13:00:00,0.000000000,0.191813419,0.229753264,0.233374953,0.241593188,0.259444545,0.000000000
4958,2020-07-25 14:00:00,0.000000000,0.191820759,0.229711367,0.233329613,0.241539194,0.259367168,0.000000000
4959,2020-07-25 15:00:00,0.000000000,0.191835131,0.229629223,0.233240729,0.241433366,0.259215595,0.000000000
4960,2020-07-25 16:00:00,0.000000000,0.191853273,0.229525323,0.233128318,0.241299569,0.259024123,0.000000000
4961,2020-07-25 17:00:00,0.000000000,0.191871530,0.229420528,0.233014956,0.241164690,0.258831282,0.000000000
4962,2020-07-25 18:00:00,0.000000000,0.191890301,0.229312542,0.232898160,0.241025778,0.258632864,0.000000000
4963,2020-07-25 19:00:00,0.000000000,0.191905288,0.229226147,0.232804730,0.240914693,0.258474331,0.000000000
4964,2020-07-25 20:00:00,0.000000000,0.191909938,0.229199311,0.232775710,0.240880197,0.258425125,0.000000000
4965,2020-07-25 21:00:00,0.000000000,0.191916285,0.229162652,0.232736071,0.240833082,0.258357938,0.000000000
4966,2020-07-25 22:00:00,0.000000000,0.191917433,0.229156019,0.232728898,0.240824557,0.258345784,0.000000000
4967,2020-07-25 23:00:00,0.000000000,0.191918263,0.229151219,0.232723708,0.240818389,0.258336990,0.000000000
4968,2020-07-26 00:00:00,0.000000000,0.191918618,0.229149167,0.232721489,0.240815752,0.258333231,0.000000000
4969,2020-07-26 01:00:00,0.000000000,0.191918960,0.229147194,0.232719357,0.240813218,0.258329618,0.000000000
4970,2020-07-26 02:00:00,0.000000000,0.191919060,0.229146617,0.232718732,0.240812475,0.258328560,0.001674212
4971,2020-07-26 03:00:00,0.000000000,0.191918950,0.229147249,0.232719416,0.240813288,0.258329718,0.004463482
4972,2020-07-26 04:00:00,0.000000000,0.191918658,0.229148935,0.232721239,0.240815455,0.258332807,0.006056429
4973,2020-07-26 05:00:00,0.000000000,0.191918263,0.229151223,0.232723713,0.240818395,0.258336998,0.007037958
4974,2020-07-26 06:00:00,0.000000000,0.191917803,0.229153881,0.232726587,0.240821811,0.258341868,0.007432254
4975,2020-07-26 07:00:00,0.000000000,0.191917317,0.229156688,0.232729622,0.240825418,0.258347011,0.008243616
4976,2020-07-26 08:00:00,0.000000000,0.191916778,0.229159802,0.232732989,0.240829419,0.258352715,0.010151913
4977,2020-07-26 09:00:00,0.000000000,0.191916115,0.229163635,0.232737134,0.240834346,0.258359740,0.008990230
4978,2020-07-26 10:00:00,0.000000000,0.191915527,0.229167031,0.232740805,0.240838709,0.258365961,0.009107315
4979,2020-07-26 11:00:00,0.000000000,0.191914932,0.229170470,0.232744524,0.240843129,0.258372263,0.014347163
4980,2020-07-26 12:00:00,0.000000000,0.191914716,0.229170470,0.232744524,0.240843129,0.258372263,0.000084160
4981,2020-07-26 13:00:00,0.000000000,0.191919592,0.229143539,0.232715404,0.240808520,0.258322921,0.000000000
4982,2020-07-26 14:00:00,0.000000000,0.191930994,0.229077584,0.232644095,0.240723783,0.258202160,0.000000000
4983,2020-07-26 15:00:00,0.000000000,0.191949826,0.228968453,0.232526117,0.240583633,0.258002583,0.000000000
4984,2020-07-26 16:00:00,0.000000000,0.191972072,0.228839208,0.232386420,0.240417750,0.257766611,0.000000000
4985,2020-07-26 17:00:00,0.000000000,0.191993088,0.228716783,0.232254117,0.240260716,0.257543472,0.000000000
4986,2020-07-26 18:00:00,0.000000000,0.192013899,0.228595232,0.232122782,0.240104897,0.257322296,0.000000000
4987,2020-07-26 19:00:00,0.000000000,0.192030090,0.228500451,0.232020388,0.239983458,0.257150084,0.000000000
4988,2020-07-26 20:00:00,0.000000000,0.192039837,0.228443300,0.231958652,0.239910260,0.257046350,0.000000000
4989,2020-07-26 21:00:00,0.000000000,0.192042449,0.228427976,0.231942099,0.239890636,0.257018549,0.000000000
4990,2020-07-26 22:00:00,0.000000000,0.192045330,0.228411064,0.231923832,0.239868981,0.256987875,0.000000000
4991,2020-07-26 23:00:00,0.000000000,0.192047086,0.228400753,0.231912696,0.239855780,0.256969177,0.000000000
4992,2020-07-27 00:00:00,0.000000000,0.192047807,0.228396520,0.231908123,0.239850360,0.256961501,0.000000000
4993,2020-07-27 01:00:00,0.000000000,0.192049052,0.228389206,0.231900223,0.239840996,0.256948239,0.000000000
4994,2020-07-27 02:00:00,0.000000000,0.192049759,0.228385058,0.231895743,0.239835685,0.256940718,0.000000000
4995,2020-07-27 03:00:00,0.000000000,0.192050586,0.228380196,0.231890492,0.239829461,0.256931906,0.000000000
4996,2020-07-27 04:00:00,0.000000000,0.192051042,0.228377517,0.231887598,0.239826031,0.256927048,0.000000000
4997,2020-07-27 05:00:00,0.000000000,0.192051401,0.228375411,0.231885323,0.239823334,0.256923230,0.000000000
4998,2020-07-27 06:00:00,0.000000000,0.192051471,0.228374997,0.231884877,0.239822805,0.256922481,0.000000000
4999,2020-07-27 07:00:00,0.000000000,0.192051614,0.228374157,0.231883969,0.239821729,0.256920957,0.000000000
5000,2020-07-27 08:00:00,0.000000000,0.192051832,0.228372877,0.231882586,0.239820090,0.256918637,0.000000000
5001,2020-07-27 09:00:00,0.000000000,0.192052098,0.228371312,0.231880896,0.239818087,0.256915800,0.000000000
5002,2020-07-27 10:00:00,0.000000000,0.192052290,0.228370185,0.231879679,0.239816644,0.256913757,0.000000000
5003,2020-07-27 11:00:00,0.000000000,0.192052445,0.228370185,0.231879679,0.239816644,0.256913757,0.000000000
5004,2020-07-27 12:00:00,0.000000000,0.192055218,0.228352974,0.231861091,0.239794613,0.256882565,0.000000000
5005,2020-07-27 13:00:00,0.000000000,0.192062550,0.228309860,0.231814527,0.239739430,0.256804458,0.000000000
5006,2020-07-27 14:00:00,0.000000000,0.192075990,0.228230717,0.231729060,0.239638164,0.256661198,0.000000000
5007,2020-07-27 15:00:00,0.000000000,0.192093207,0.228129137,0.231619377,0.239508246,0.256477549,0.000000000
5008,2020-07-27 16:00:00,0.000000000,0.192113458,0.228009380,0.231490087,0.239355162,0.256261357,0.000000000
5009,2020-07-27 17:00:00,0.000000000,0.192134233,0.227886207,0.231357132,0.239197803,0.256039361,0.000000000
5010,2020-07-27 18:00:00,0.000000000,0.192154141,0.227767876,0.231229425,0.239046717,0.255826434,0.000000000
5011,2020-07-27 19:00:00,0.000000000,0.192168080,0.227684840,0.231139823,0.238940748,0.255677220,0.000000000
5012,2020-07-27 20:00:00,0.000000000,0.192177756,0.227627121,0.231077545,0.238867113,0.255573596,0.000000000
5013,2020-07-27 21:00:00,0.000000000,0.192179676,0.227615656,0.231065174,0.238852488,0.255553021,0.000000000
5014,2020-07-27 22:00:00,0.000000000,0.192181336,0.227605743,0.231054479,0.238839844,0.255535235,0.000000000
5015,2020-07-27 23:00:00,0.000000000,0.192182774,0.227597156,0.231045215,0.238828893,0.255519831,0.000000000
5016,2020-07-28 00:00:00,0.000000000,0.192183602,0.227592208,0.231039876,0.238822581,0.255510953,0.000000000
5017,2020-07-28 01:00:00,0.000000000,0.192184299,0.227588046,0.231035387,0.238817274,0.255503489,0.000000000
5018,2020-07-28 02:00:00,0.000000000,0.192184755,0.227585323,0.231032448,0.238813801,0.255498604,0.000000000
5019,2020-07-28 03:00:00,0.000000000,0.192184985,0.227585323,0.231032448,0.238813801,0.255498604,0.000461331
5020,2020-07-28 04:00:00,0.000000000,0.192184800,0.227585323,0.231032448,0.238813801,0.255498604,0.003107776
5021,2020-07-28 05:00:00,0.000000000,0.192184564,0.227586465,0.231033681,0.238815257,0.255500653,0.002907701
5022,2020-07-28 06:00:00,0.000000000,0.192184378,0.227587574,0.231034877,0.238816672,0.255502642,0.004932594
5023,2020-07-28 07:00:00,0.000000000,0.192184063,0.227589455,0.231036906,0.238819071,0.255506016,0.002318624
5024,2020-07-28 08:00:00,0.000000000,0.192183915,0.227590339,0.231037861,0.238820198,0.255507602,0.004012392
5025,2020-07-28 09:00:00,0.000000000,0.192183659,0.227591870,0.231039511,0.238822150,0.255510347,0.003702240
5026,2020-07-28 10:00:00,0.000000000,0.192183423,0.227593281,0.231041035,0.238823951,0.255512880,0.004883950
5027,2020-07-28 11:00:00,0.000000000,0.192183111,0.227595144,0.231043044,0.238826326,0.255516221,0.002643042
5028,2020-07-28 12:00:00,0.000000000,0.192185606,0.227580237,0.231026961,0.238807314,0.255489482,0.000000000
5029,2020-07-28 13:00:00,0.000000000,0.192192424,0.227539479,0.230982990,0.238755341,0.255416401,0.000000000
5030,2020-07-28 14:00:00,0.000000000,0.192206472,0.227455395,0.230892285,0.238648151,0.255265762,0.000000000
5031,2020-07-28 15:00:00,0.000000000,0.192225147,0.227343384,0.230771472,0.238505428,0.255065350,0.000000000
5032,2020-07-28 16:00:00,0.000000000,0.192246447,0.227215297,0.230633340,0.238342313,0.254836534,0.000000000
5033,2020-07-28 17:00:00,0.000000000,0.192268710,0.227081054,0.230488597,0.238171465,0.254597137,0.000000000
5034,2020-07-28 18:00:00,0.000000000,0.192284443,0.226985954,0.230386075,0.238050500,0.254427798,0.042966111
5035,2020-07-28 19:00:00,0.000000000,0.192292795,0.226935399,0.230331580,0.237986216,0.254337863,0.122872144
5036,2020-07-28 20:00:00,0.000000000,0.192287080,0.226970002,0.230368879,0.238030213,0.254399413,0.354451112
5037,2020-07-28 21:00:00,0.000000000,0.192266270,0.227095785,0.230504479,0.238190208,0.254623386,0.177072897
5038,2020-07-28 22:00:00,0.000000000,0.192255815,0.227158858,0.230572484,0.238270471,0.254735835,0.070355453
5039,2020-07-28 23:00:00,0.000000000,0.192251806,0.227183020,0.230598536,0.238301225,0.254778936,0.000000000
5040,2020-07-29 00:00:00,0.000000000,0.192252689,0.227177700,0.230592800,0.238294453,0.254769444,0.000000000
5041,2020-07-29 01:00:00,0.000000000,0.192254484,0.227166881,0.230581134,0.238280683,0.254750145,0.000000000
5042,2020-07-29 02:00:00,0.000000000,0.192255808,0.227158898,0.230572527,0.238270522,0.254735906,0.000000000
5043,2020-07-29 03:00:00,0.000000000,0.192256778,0.227153050,0.230566222,0.238263079,0.254725476,0.000000000
5044,2020-07-29 04:00:00,0.000000000,0.192257798,0.227146901,0.230559591,0.238255253,0.254714510,0.000000000
5045,2020-07-29 05:00:00,0.000000000,0.192258684,0.227141557,0.230553830,0.238248453,0.254704981,0.000000000
5046,2020-07-29 06:00:00,0.000000000,0.192259793,0.227134870,0.230546619,0.238239942,0.254693056,0.000000000
5047,2020-07-29 07:00:00,0.000000000,0.192261115,0.227126898,0.230538024,0.238229797,0.254678844,0.000000000
5048,2020-07-29 08:00:00,0.000000000,0.192262328,0.227119576,0.230530130,0.238220480,0.254665790,0.000000000
5049,2020-07-29 09:00:00,0.000000000,0.192263356,0.227113375,0.230523444,0.238212590,0.254654737,0.000000000
5050,2020-07-29 10:00:00,0.000000000,0.192264630,0.227105685,0.230515153,0.238202804,0.254641030,0.000000000
5051,2020-07-29 11:00:00,0.000000000,0.192265454,0.227100716,0.230509795,0.238196481,0.254632173,0.000000000
5052,2020-07-29 12:00:00,0.000000000,0.192265678,0.227099359,0.230508332,0.238194755,0.254629755,0.000161255
5053,2020-07-29 13:00:00,0.000000000,0.192265923,0.227097882,0.230506740,0.238192875,0.254627123,0.000000000
5054,2020-07-29 14:00:00,0.000000000,0.192267933,0.227085748,0.230493658,0.238177437,0.254605500,0.000000000
5055,2020-07-29 15:00:00,0.000000000,0.192285651,0.226978649,0.230378200,0.238041209,0.254414798,0.000000000
5056,2020-07-29 16:00:00,0.000000000,0.192306804,0.226850470,0.230240040,0.237878259,0.254186912,0.000000000
5057,2020-07-29 17:00:00,0.000000000,0.192328492,0.226718687,0.230098021,0.237710831,0.253953016,0.000000000
5058,2020-07-29 18:00:00,0.000000000,0.192350019,0.226587518,0.229956688,0.237544284,0.253720604,0.000000000
5059,2020-07-29 19:00:00,0.000000000,0.192368665,0.226473617,0.229833983,0.237399748,0.253519111,0.000000000
5060,2020-07-29 20:00:00,0.000000000,0.192385030,0.226373419,0.229726056,0.237272663,0.253342103,0.000000000
5061,2020-07-29 21:00:00,0.000000000,0.192393148,0.226323635,0.229672436,0.237209542,0.253254239,0.000000000
5062,2020-07-29 22:00:00,0.000000000,0.192399074,0.226287263,0.229633265,0.237163436,0.253190084,0.000000000
5063,2020-07-29 23:00:00,0.000000000,0.192404960,0.226251111,0.229594332,0.237117616,0.253126345,0.000000000
5064,2020-07-30 00:00:00,0.000000000,0.192406921,0.226239059,0.229581353,0.237102342,0.253105102,0.000000000
5065,2020-07-30 01:00:00,0.000000000,0.192408176,0.226231345,0.229573046,0.237092567,0.253091507,0.000000000
5066,2020-07-30 02:00:00,0.000000000,0.192408459,0.226229604,0.229571172,0.237090361,0.253088440,0.000000000
5067,2020-07-30 03:00:00,0.000000000,0.192408524,0.226229204,0.229570741,0.237089854,0.253087734,0.001946050
5068,2020-07-30 04:00:00,0.000000000,0.192408403,0.226229952,0.229571546,0.237090802,0.253089053,0.004141632
5069,2020-07-30 05:00:00,0.000000000,0.192408144,0.226231544,0.229573261,0.237092820,0.253091859,0.006546060
5070,2020-07-30 06:00:00,0.000000000,0.192407734,0.226234060,0.229575971,0.237096008,0.253096293,0.005997013
5071,2020-07-30 07:00:00,0.000000000,0.192407359,0.226236366,0.229578453,0.237098930,0.253100356,0.005076677
5072,2020-07-30 08:00:00,0.000000000,0.192407042,0.226238317,0.229580555,0.237101403,0.253103795,0.009353204
5073,2020-07-30 09:00:00,0.000000000,0.192406457,0.226241912,0.229584426,0.237105958,0.253110131,0.014540385
5074,2020-07-30 10:00:00,0.000000000,0.192405548,0.226247499,0.229590443,0.237113039,0.253119979,0.009660919
5075,2020-07-30 11:00:00,0.000000000,0.192404943,0.226251212,0.229594441,0.237117744,0.253126523,0.016715969
5076,2020-07-30 12:00:00,0.000000000,0.192404774,0.226252252,0.229595560,0.237119061,0.253128355,0.000000000
5077,2020-07-30 13:00:00,0.000000000,0.192409758,0.226221619,0.229562574,0.237080244,0.253074371,0.000000000
5078,2020-07-30 14:00:00,0.000000000,0.192421245,0.226150938,0.229486464,0.236990695,0.252949886,0.000000000
5079,2020-07-30 15:00:00,0.000000000,0.192439755,0.226036823,0.229363602,0.236846182,0.252749145,0.000000000
5080,2020-07-30 16:00:00,0.000000000,0.192458706,0.225919704,0.229237525,0.236697944,0.252543423,0.000000000
5081,2020-07-30 17:00:00,0.000000000,0.192477425,0.225803734,0.229112704,0.236551239,0.252340021,0.000000000
5082,2020-07-30 18:00:00,0.000000000,0.192495042,0.225694339,0.228994978,0.236412925,0.252148426,0.000000000
5083,2020-07-30 19:00:00,0.000000000,0.192510856,0.225595925,0.228889085,0.236288554,0.251976291,0.000000000
5084,2020-07-30 20:00:00,0.000000000,0.192520135,0.225538085,0.228826855,0.236215485,0.251875222,0.000000000
5085,2020-07-30 21:00:00,0.000000000,0.192522819,0.225521338,0.228808838,0.236194332,0.251845973,0.000000000
5086,2020-07-30 22:00:00,0.000000000,0.192523998,0.225513982,0.228800925,0.236185042,0.251833129,0.000000000
5087,2020-07-30 23:00:00,0.000000000,0.192525406,0.225505193,0.228791469,0.236173941,0.251817781,0.000000000
5088,2020-07-31 00:00:00,0.000000000,0.192525802,0.225502725,0.228788815,0.236170825,0.251813473,0.000000000
5089,2020-07-31 01:00:00,0.000000000,0.192526278,0.225499753,0.228785618,0.236167072,0.251808284,0.000000000
5090,2020-07-31 02:00:00,0.000000000,0.192526604,0.225497718,0.228783428,0.236164501,0.251804731,0.000000000
5091,2020-07-31 03:00:00,0.000000000,0.192527161,0.225494241,0.228779687,0.236160110,0.251798661,0.000000000
5092,2020-07-31 04:00:00,0.000000000,0.192527466,0.225492334,0.228777636,0.236157702,0.251795331,0.000000000
5093,2020-07-31 05:00:00,0.000000000,0.192527652,0.225491172,0.228776386,0.236156234,0.251793302,0.000000000
5094,2020-07-31 06:00:00,0.000000000,0.192527970,0.225491172,0.228776386,0.236156234,0.251793302,0.000022949
5095,2020-07-31 07:00:00,0.000000000,0.192527961,0.225491172,0.228776386,0.236156234,0.251793302,0.123982475
5096,2020-07-31 08:00:00,0.000000000,0.192520433,0.225536226,0.228824856,0.236213137,0.251871976,0.758052744
5097,2020-07-31 09:00:00,0.000000000,0.192474928,0.225819224,0.229129375,0.236570830,0.252367173,1.181721473
5098,2020-07-31 10:00:00,0.000000000,0.192404483,0.226254042,0.229597489,0.237121331,0.253131511,0.388365743
5099,2020-07-31 11:00:00,0.000000000,0.192380701,0.226399942,0.229754623,0.237306298,0.253388936,0.200000017
5100,2020-07-31 12:00:00,0.000000000,0.192368293,0.226475889,0.229836430,0.237402630,0.253523127,0.000706650
5101,2020-07-31 13:00:00,0.000000000,0.192368219,0.226475889,0.229836430,0.237402630,0.253523127,0.000000000
5102,2020-07-31 14:00:00,0.000000000,0.192368899,0.226472182,0.229832437,0.237397927,0.253516574,0.000000000
5103,2020-07-31 15:00:00,0.000000000,0.192373009,0.226447036,0.229805350,0.237366028,0.253472131,0.000000000
5104,2020-07-31 16:00:00,0.000000000,0.192385409,0.226371099,0.229723556,0.237269720,0.253338006,0.000000000
5105,2020-07-31 17:00:00,0.000000000,0.192399193,0.226286532,0.229632478,0.237162510,0.253188795,0.000000000
5106,2020-07-31 18:00:00,0.000000000,0.192412761,0.226203149,0.229542684,0.237056840,0.253041830,0.000000000
5107,2020-07-31 19:00:00,0.000000000,0.192423380,0.226137791,0.229472308,0.236974042,0.252926744,0.000000000
5108,2020-07-31 20:00:00,0.000000000,0.192427621,0.226111661,0.229444174,0.236940946,0.252880760,0.000000000
5109,2020-07-31 21:00:00,0.000000000,0.192429142,0.226102288,0.229434083,0.236929076,0.252864269,0.000000000
5110,2020-07-31 22:00:00,0.000000000,0.192430229,0.226095586,0.229426867,0.236920589,0.252852479,0.000000000
5111,2020-07-31 23:00:00,0.000000000,0.192431968,0.226084864,0.229415323,0.236907011,0.252833619,0.000000000
5112,2020-08-01 00:00:00,0.000000000,0.192432725,0.226080195,0.229410296,0.236901098,0.252825407,0.000968317
5113,2020-08-01 01:00:00,0.000000000,0.192432333,0.226080195,0.229410296,0.236901098,0.252825407,0.000529467
5114,2020-08-01 02:00:00,0.000000000,0.192432118,0.226080195,0.229410296,0.236901098,0.252825407,0.001420154
5115,2020-08-01 03:00:00,0.000000000,0.192432543,0.226081318,0.229411505,0.236902520,0.252827382,0.000657671
5116,2020-08-01 04:00:00,0.000000000,0.192432276,0.226081318,0.229411505,0.236902520,0.252827382,0.002012742
5117,2020-08-01 05:00:00,0.000000000,0.192432376,0.226082346,0.229412612,0.236903821,0.252829189,0.003194186
5118,2020-08-01 06:00:00,0.000000000,0.192432177,0.226083575,0.229413935,0.236905378,0.252831351,0.002165912
5119,2020-08-01 07:00:00,0.000000000,0.192432042,0.226084408,0.229414832,0.236906433,0.252832817,0.002878338
5120,2020-08-01 08:00:00,0.000000000,0.192431862,0.226085516,0.229416025,0.236907836,0.252834765,0.002790458
5121,2020-08-01 09:00:00,0.000000000,0.192431688,0.226086589,0.229417181,0.236909195,0.252836653,0.001688291
5122,2020-08-01 10:00:00,0.000000000,0.192431583,0.226087239,0.229417880,0.236910018,0.252837796,0.000131385
5123,2020-08-01 11:00:00,0.000000000,0.192431529,0.226087239,0.229417880,0.236910018,0.252837796,0.001225688
5124,2020-08-01 12:00:00,0.000000000,0.192432703,0.226080328,0.229410440,0.236901267,0.252825641,0.000000000
5125,2020-08-01 13:00:00,0.000000000,0.192437695,0.226049536,0.229377288,0.236862277,0.252771493,0.000000000
5126,2020-08-01 14:00:00,0.000000000,0.192448342,0.225983787,0.229306507,0.236779044,0.252655948,0.000000000
5127,2020-08-01 15:00:00,0.000000000,0.192465388,0.225878340,0.229193002,0.236645608,0.252470839,0.000000000
5128,2020-08-01 16:00:00,0.000000000,0.192484001,0.225762929,0.229068790,0.236499639,0.252268525,0.000000000
5129,2020-08-01 17:00:00,0.000000000,0.192503962,0.225638852,0.228935273,0.236342797,0.252051348,0.000000000
5130,2020-08-01 18:00:00,0.000000000,0.192524027,0.225513801,0.228800730,0.236184814,0.251832813,0.000000000
5131,2020-08-01 19:00:00,0.000000000,0.192540536,0.225410663,0.228689781,0.236054583,0.251652830,0.000000000
5132,2020-08-01 20:00:00,0.000000000,0.192545880,0.225377231,0.228653820,0.236012382,0.251594540,0.000000000
5133,2020-08-01 21:00:00,0.000000000,0.192547820,0.225365088,0.228640759,0.235997056,0.251573374,0.000000000
5134,2020-08-01 22:00:00,0.000000000,0.192549824,0.225352544,0.228627267,0.235981223,0.251551511,0.000000000
5135,2020-08-01 23:00:00,0.000000000,0.192554729,0.225321822,0.228594224,0.235942454,0.251497984,0.000000000
5136,2020-08-02 00:00:00,0.000000000,0.192556570,0.225310288,0.228581819,0.235927900,0.251477894,0.000000000
5137,2020-08-02 01:00:00,0.000000000,0.192557887,0.225302029,0.228572936,0.235917478,0.251463509,0.000000000
5138,2020-08-02 02:00:00,0.000000000,0.192558638,0.225297325,0.228567877,0.235911543,0.251455317,0.000000000
5139,2020-08-02 03:00:00,0.000000000,0.192558790,0.225296370,0.228566850,0.235910339,0.251453655,0.000644582
5140,2020-08-02 04:00:00,0.000000000,0.192558528,0.225296370,0.228566850,0.235910339,0.251453655,0.001801090
5141,2020-08-02 05:00:00,0.000000000,0.192558639,0.225297316,0.228567867,0.235911532,0.251455301,0.003655055
5142,2020-08-02 06:00:00,0.000000000,0.192558414,0.225298729,0.228569386,0.235913314,0.251457762,0.003123752
5143,2020-08-02 07:00:00,0.000000000,0.192558221,0.225299936,0.228570685,0.235914838,0.251459864,0.002910778
5144,2020-08-02 08:00:00,0.000000000,0.192558042,0.225301061,0.228571895,0.235916257,0.251461824,0.000609660
5145,2020-08-02 09:00:00,0.000000000,0.192557794,0.225301061,0.228571895,0.235916257,0.251461824,0.001352326
5146,2020-08-02 10:00:00,0.000000000,0.192557921,0.225301819,0.228572711,0.235917214,0.251463144,0.003349796
5147,2020-08-02 11:00:00,0.000000000,0.192557714,0.225303114,0.228574103,0.235918848,0.251465399,0.006446950
5148,2020-08-02 12:00:00,0.000000000,0.192558221,0.225299937,0.228570686,0.235914839,0.251459866,0.001015355
5149,2020-08-02 13:00:00,0.000000000,0.192561009,0.225282458,0.228551888,0.235892786,0.251429430,0.000000000
5150,2020-08-02 14:00:00,0.000000000,0.192568249,0.225237036,0.228503039,0.235835485,0.251350367,0.000000000
5151,2020-08-02 15:00:00,0.000000000,0.192583597,0.225140608,0.228399346,0.235713880,0.251182671,0.000000000
5152,2020-08-02 16:00:00,0.000000000,0.192600150,0.225036385,0.228287286,0.235582505,0.251001648,0.000000000
5153,2020-08-02 17:00:00,0.000000000,0.192614872,0.224943505,0.228187435,0.235465481,0.250840523,0.000000000
5154,2020-08-02 18:00:00,0.000000000,0.192627741,0.224862163,0.228099999,0.235363035,0.250699568,0.000000000
5155,2020-08-02 19:00:00,0.000000000,0.192635192,0.224815008,0.228049315,0.235303663,0.250617919,0.711630128
5156,2020-08-02 20:00:00,0.000000000,0.192594712,0.225070649,0.228324124,0.235625688,0.251061134,0.000000000
5157,2020-08-02 21:00:00,0.000000000,0.192595603,0.225065039,0.228318093,0.235618618,0.251051393,0.000000000
5158,2020-08-02 22:00:00,0.000000000,0.192596110,0.225061843,0.228314657,0.235614590,0.251045843,0.000000000
5159,2020-08-02 23:00:00,0.000000000,0.192596242,0.225061013,0.228313765,0.235613544,0.251044403,0.006168254
5160,2020-08-03 00:00:00,0.000000000,0.192595863,0.225063400,0.228316331,0.235616552,0.251048548,0.005546581
5161,2020-08-03 01:00:00,0.000000000,0.192595522,0.225065547,0.228318639,0.235619258,0.251052275,0.008479252
5162,2020-08-03 02:00:00,0.000000000,0.192595001,0.225068828,0.228322167,0.235623393,0.251057972,0.010557656
5163,2020-08-03 03:00:00,0.000000000,0.192594353,0.225072913,0.228326559,0.235628542,0.251065066,0.009476099
5164,2020-08-03 04:00:00,0.000000000,0.192593770,0.225076579,0.228330501,0.235633164,0.251071433,0.005679461
5165,2020-08-03 05:00:00,0.000000000,0.192593422,0.225078774,0.228332861,0.235635930,0.251075244,0.009062659
5166,2020-08-03 06:00:00,0.000000000,0.192592865,0.225082280,0.228336631,0.235640350,0.251081334,0.008384344
5167,2020-08-03 07:00:00,0.000000000,0.192592350,0.225085524,0.228340119,0.235644439,0.251086968,0.007331672
5168,2020-08-03 08:00:00,0.000000000,0.192591899,0.225088361,0.228343169,0.235648015,0.251091895,0.006038805
5169,2020-08-03 09:00:00,0.000000000,0.192591528,0.225090698,0.228345681,0.235650960,0.251095954,0.000913020
5170,2020-08-03 10:00:00,0.000000000,0.192591156,0.225090698,0.228345681,0.235650960,0.251095954,0.002502824
5171,2020-08-03 11:00:00,0.000000000,0.192591318,0.225092020,0.228347103,0.235652626,0.251098250,0.000000000
5172,2020-08-03 12:00:00,0.000000000,0.192592465,0.225084802,0.228339342,0.235643528,0.251085714,0.000000000
5173,2020-08-03 13:00:00,0.000000000,0.192596860,0.225057115,0.228309573,0.235608630,0.251037634,0.000000000
5174,2020-08-03 14:00:00,0.000000000,0.192614331,0.224946918,0.228191104,0.235469780,0.250846440,0.000000000
5175,2020-08-03 15:00:00,0.000000000,0.192637399,0.224801025,0.228034286,0.235286059,0.250593717,0.000000000
5176,2020-08-03 16:00:00,0.000000000,0.192661149,0.224650358,0.227872369,0.235096455,0.250333203,0.000000000
5177,2020-08-03 17:00:00,0.000000000,0.192684994,0.224498610,0.227709322,0.234905621,0.250071310,0.000000000
5178,2020-08-03 18:00:00,0.000000000,0.192708800,0.224346631,0.227546060,0.234714628,0.249809509,0.000000000
5179,2020-08-03 19:00:00,0.000000000,0.192728777,0.224218721,0.227408681,0.234553985,0.249589549,0.000000000
5180,2020-08-03 20:00:00,0.000000000,0.192741664,0.224136028,0.227319878,0.234450179,0.249447529,0.000000000
5181,2020-08-03 21:00:00,0.000000000,0.192745645,0.224110451,0.227292413,0.234418081,0.249403632,0.000000000
5182,2020-08-03 22:00:00,0.000000000,0.192748553,0.224091761,0.227272344,0.234394627,0.249371563,0.000000000
5183,2020-08-03 23:00:00,0.000000000,0.192750852,0.224076982,0.227256475,0.234376082,0.249346209,0.000000000
5184,2020-08-04 00:00:00,0.000000000,0.192751779,0.224071019,0.227250072,0.234368600,0.249335981,0.000000000
5185,2020-08-04 01:00:00,0.000000000,0.192752788,0.224064530,0.227243105,0.234360458,0.249324852,0.000000000
5186,2020-08-04 02:00:00,0.000000000,0.192753174,0.224062051,0.227240443,0.234357348,0.249320600,0.000000000
5187,2020-08-04 03:00:00,0.000000000,0.192753256,0.224061519,0.227239871,0.234356680,0.249319687,0.004774497
5188,2020-08-04 04:00:00,0.000000000,0.192752968,0.224063377,0.227241866,0.234359011,0.249322873,0.005644701
5189,2020-08-04 05:00:00,0.000000000,0.192752626,0.224065574,0.227244225,0.234361767,0.249326641,0.004855825
5190,2020-08-04 06:00:00,0.000000000,0.192752332,0.224067463,0.227246254,0.234364138,0.249329882,0.004235038
5191,2020-08-04 07:00:00,0.000000000,0.192752076,0.224069112,0.227248024,0.234366206,0.249332709,0.004362109
5192,2020-08-04 08:00:00,0.000000000,0.192751812,0.224070809,0.227249847,0.234368337,0.249335621,0.002856501
5193,2020-08-04 09:00:00,0.000000000,0.192751639,0.224071921,0.227251041,0.234369731,0.249337528,0.003236367
5194,2020-08-04 10:00:00,0.000000000,0.192751443,0.224073181,0.227252393,0.234371312,0.249339688,0.001514758
5195,2020-08-04 11:00:00,0.000000000,0.192751352,0.224073770,0.227253026,0.234372052,0.249340700,0.000537523
5196,2020-08-04 12:00:00,0.000000000,0.192752519,0.224066261,0.227244964,0.234362630,0.249327821,0.000638333
5197,2020-08-04 13:00:00,0.000000000,0.192755552,0.224046752,0.227224016,0.234338153,0.249294363,0.000000000
5198,2020-08-04 14:00:00,0.000000000,0.192763742,0.223994023,0.227167403,0.234272008,0.249203978,0.000000000
5199,2020-08-04 15:00:00,0.000000000,0.192774656,0.223923674,0.227091878,0.234183786,0.249083481,0.000000000
5200,2020-08-04 16:00:00,0.000000000,0.192789172,0.223829945,0.226991263,0.234066285,0.248923095,0.000000000
5201,2020-08-04 17:00:00,0.000000000,0.192805521,0.223724158,0.226877720,0.233933727,0.248742296,0.057894745
5202,2020-08-04 18:00:00,0.000000000,0.192811302,0.223686701,0.226837521,0.233886807,0.248678336,0.000000000
5203,2020-08-04 19:00:00,0.000000000,0.192819937,0.223630687,0.226777409,0.233816654,0.248582738,5.952627089
5204,2020-08-04 20:00:00,0.000000000,0.192522996,0.225520234,0.228807651,0.236192938,0.251844046,0.060929079
5205,2020-08-04 21:00:00,0.000000000,0.192525814,0.225502651,0.228788734,0.236170731,0.251813342,0.000000000
5206,2020-08-04 22:00:00,0.000000000,0.192534397,0.225449045,0.228731067,0.236103039,0.251719780,0.000000000
5207,2020-08-04 23:00:00,0.000000000,0.192543295,0.225393410,0.228671222,0.236032803,0.251622744,0.000000000
5208,2020-08-05 00:00:00,0.000000000,0.192550951,0.225345485,0.228619674,0.235972315,0.251539211,0.000000000
5209,2020-08-05 01:00:00,0.000000000,0.192555288,0.225318316,0.228590453,0.235938030,0.251491877,0.000000000
5210,2020-08-05 02:00:00,0.000000000,0.192559109,0.225294368,0.228564697,0.235907812,0.251450168,0.000000000
5211,2020-08-05 03:00:00,0.000000000,0.192559573,0.225291464,0.228561573,0.235904148,0.251445111,0.000000000
5212,2020-08-05 04:00:00,0.000000000,0.192559791,0.225291464,0.228561573,0.235904148,0.251445111,0.001168416
5213,2020-08-05 05:00:00,0.000000000,0.192559534,0.225291708,0.228561836,0.235904457,0.251445536,0.004569936
5214,2020-08-05 06:00:00,0.000000000,0.192559252,0.225293475,0.228563736,0.235906685,0.251448612,0.007172147
5215,2020-08-05 07:00:00,0.000000000,0.192558810,0.225296246,0.228566717,0.235910183,0.251453439,0.007293571
5216,2020-08-05 08:00:00,0.000000000,0.192558360,0.225299065,0.228569748,0.235913739,0.251458348,0.003130352
5217,2020-08-05 09:00:00,0.000000000,0.192558167,0.225300275,0.228571050,0.235915266,0.251460455,0.002515262
5218,2020-08-05 10:00:00,0.000000000,0.192558012,0.225301247,0.228572095,0.235916492,0.251462148,0.003309786
5219,2020-08-05 11:00:00,0.000000000,0.192557808,0.225302527,0.228573471,0.235918106,0.251464376,0.000175180
5220,2020-08-05 12:00:00,0.000000000,0.192559441,0.225292292,0.228562463,0.235905193,0.251446552,0.000000000
5221,2020-08-05 13:00:00,0.000000000,0.192565239,0.225255927,0.228523355,0.235859316,0.251383244,0.000000000
5222,2020-08-05 14:00:00,0.000000000,0.192577087,0.225181531,0.228443351,0.235765482,0.251253816,0.000000000
5223,2020-08-05 15:00:00,0.000000000,0.192595043,0.225068561,0.228321880,0.235623057,0.251057509,0.000000000
5224,2020-08-05 16:00:00,0.000000000,0.192618145,0.224922830,0.228165210,0.235439438,0.250804682,0.000000000
5225,2020-08-05 17:00:00,0.000000000,0.192644376,0.224756818,0.227986775,0.235230414,0.250517229,0.305512646
5226,2020-08-05 18:00:00,0.000000000,0.192640852,0.224779149,0.228010774,0.235258522,0.250555861,0.000000000
5227,2020-08-05 19:00:00,0.000000000,0.192660417,0.224655008,0.227877365,0.235102304,0.250341235,0.000000000
5228,2020-08-05 20:00:00,0.000000000,0.192678054,0.224542821,0.227756822,0.234961207,0.250147562,0.000000000
5229,2020-08-05 21:00:00,0.000000000,0.192684432,0.224502194,0.227713173,0.234910127,0.250077490,0.000000000
5230,2020-08-05 22:00:00,0.000000000,0.192692885,0.224448287,0.227655260,0.234842365,0.249984569,0.000000000
5231,2020-08-05 23:00:00,0.000000000,0.192695879,0.224429179,0.227634733,0.234818351,0.249951648,0.000000000
5232,2020-08-06 00:00:00,0.000000000,0.192697098,0.224421394,0.227626370,0.234808567,0.249938236,0.000000000
5233,2020-08-06 01:00:00,0.000000000,0.192697976,0.224415789,0.227620349,0.234801523,0.249928581,0.000000000
5234,2020-08-06 02:00:00,0.000000000,0.192698525,0.224412282,0.227616581,0.234797116,0.249922540,0.000000000
5235,2020-08-06 03:00:00,0.000000000,0.192699520,0.224405927,0.227609755,0.234789130,0.249911596,0.000000000
5236,2020-08-06 04:00:00,0.000000000,0.192699848,0.224403837,0.227607510,0.234786504,0.249907996,0.000000000
5237,2020-08-06 05:00:00,0.000000000,0.192700413,0.224400229,0.227603634,0.234781970,0.249901782,0.000000000
5238,2020-08-06 06:00:00,0.000000000,0.192700769,0.224397950,0.227601186,0.234779106,0.249897857,0.000000000
5239,2020-08-06 07:00:00,0.000000000,0.192701417,0.224393815,0.227596744,0.234773911,0.249890737,0.000000000
5240,2020-08-06 08:00:00,0.000000000,0.192702185,0.224388908,0.227591473,0.234767745,0.249882287,0.000000000
5241,2020-08-06 09:00:00,0.000000000,0.192702868,0.224384547,0.227586788,0.234762265,0.249874778,0.000000000
5242,2020-08-06 10:00:00,0.000000000,0.192703698,0.224379238,0.227581086,0.234755595,0.249865638,0.000000000
5243,2020-08-06 11:00:00,0.000000000,0.192704188,0.224376112,0.227577728,0.234751668,0.249860256,0.000000000
5244,2020-08-06 12:00:00,0.000000000,0.192706540,0.224361079,0.227561580,0.234732780,0.249834377,0.000000000
5245,2020-08-06 13:00:00,0.000000000,0.192713186,0.224318572,0.227515922,0.234679380,0.249761228,0.000000000
5246,2020-08-06 14:00:00,0.000000000,0.192724035,0.224249112,0.227441319,0.234592145,0.249641779,0.000000000
5247,2020-08-06 15:00:00,0.000000000,0.192738673,0.224155234,0.227340501,0.234474285,0.249480500,0.000000000
5248,2020-08-06 16:00:00,0.000000000,0.192753311,0.224061168,0.227239495,0.234356240,0.249319086,0.000000000
5249,2020-08-06 17:00:00,0.000000000,0.192768600,0.223962720,0.227133796,0.234232749,0.249150349,0.000000000
5250,2020-08-06 18:00:00,0.000000000,0.192781314,0.223880704,0.227045750,0.234129911,0.249009930,0.000000000
5251,2020-08-06 19:00:00,0.000000000,0.192792974,0.223805362,0.226964876,0.234035475,0.248881060,0.000000000
5252,2020-08-06 20:00:00,0.000000000,0.192802768,0.223741988,0.226896856,0.233956065,0.248772753,0.000000000
5253,2020-08-06 21:00:00,0.000000000,0.192805929,0.223721518,0.226874887,0.233930420,0.248737787,0.000000000
5254,2020-08-06 22:00:00,0.000000000,0.192808537,0.223704622,0.226856754,0.233909255,0.248708934,0.000000000
5255,2020-08-06 23:00:00,0.000000000,0.192810726,0.223690433,0.226841526,0.233891481,0.248684707,0.000000000
5256,2020-08-07 00:00:00,0.000000000,0.192812134,0.223681308,0.226831733,0.233880051,0.248669128,0.000000000
5257,2020-08-07 01:00:00,0.000000000,0.192812661,0.223677886,0.226828060,0.233875765,0.248663286,0.000000000
5258,2020-08-07 02:00:00,0.000000000,0.192812971,0.223675881,0.226825909,0.233873254,0.248659863,0.000000000
5259,2020-08-07 03:00:00,0.000000000,0.192813117,0.223674934,0.226824893,0.233872069,0.248658248,0.000000000
5260,2020-08-07 04:00:00,0.000000000,0.192813516,0.223674934,0.226824893,0.233872069,0.248658248,0.000000000
5261,2020-08-07 05:00:00,0.000000000,0.192813839,0.223674934,0.226824893,0.233872069,0.248658248,0.000000000
5262,2020-08-07 06:00:00,0.000000000,0.192813984,0.223674934,0.226824893,0.233872069,0.248658248,0.000781129
5263,2020-08-07 07:00:00,0.000000000,0.192813663,0.223674934,0.226824893,0.233872069,0.248658248,0.001333763
5264,2020-08-07 08:00:00,0.000000000,0.192813116,0.223674937,0.226824895,0.233872072,0.248658252,0.000000000
5265,2020-08-07 09:00:00,0.000000000,0.192813439,0.223674937,0.226824895,0.233872072,0.248658252,0.000000000
5266,2020-08-07 10:00:00,0.000000000,0.192813486,0.223672540,0.226822323,0.233869070,0.248654161,0.000000000
5267,2020-08-07 11:00:00,0.000000000,0.192813739,0.223670899,0.226820562,0.233867014,0.248651360,0.000000000
5268,2020-08-07 12:00:00,0.000000000,0.192815927,0.223656707,0.226805332,0.233849240,0.248627138,0.000000000
5269,2020-08-07 13:00:00,0.000000000,0.192819320,0.223634692,0.226781707,0.233821670,0.248589572,0.000000000
5270,2020-08-07 14:00:00,0.000000000,0.192824739,0.223599512,0.226743956,0.233777619,0.248529563,0.057894745
5271,2020-08-07 15:00:00,0.000000000,0.192824561,0.223600670,0.226745198,0.233779069,0.248531537,0.000000000
5272,2020-08-07 16:00:00,0.000000000,0.192831194,0.223557574,0.226698955,0.233725115,0.248458059,0.000000000
5273,2020-08-07 17:00:00,0.000000000,0.192837942,0.223513696,0.226651874,0.233670192,0.248383286,0.000000000
5274,2020-08-07 18:00:00,0.000000000,0.192846530,0.223457788,0.226591890,0.233600227,0.248288070,0.000000000
5275,2020-08-07 19:00:00,0.000000000,0.192851478,0.223425549,0.226557302,0.233559890,0.248233193,0.000000000
5276,2020-08-07 20:00:00,0.000000000,0.192853866,0.223409983,0.226540604,0.233540417,0.248206706,0.000000000
5277,2020-08-07 21:00:00,0.000000000,0.192855007,0.223402542,0.226532621,0.233531108,0.248194045,0.000000000
5278,2020-08-07 22:00:00,0.000000000,0.192855770,0.223397572,0.226527289,0.233524891,0.248185589,0.000000000
5279,2020-08-07 23:00:00,0.000000000,0.192856774,0.223391021,0.226520261,0.233516696,0.248174445,0.000000000
5280,2020-08-08 00:00:00,0.000000000,0.192857436,0.223386704,0.226515629,0.233511295,0.248167100,0.000000000
5281,2020-08-08 01:00:00,0.000000000,0.192858293,0.223381110,0.226509629,0.233504299,0.248157586,0.000000000
5282,2020-08-08 02:00:00,0.000000000,0.192858867,0.223377365,0.226505611,0.233499614,0.248151215,0.000000000
5283,2020-08-08 03:00:00,0.000000000,0.192859597,0.223372605,0.226500505,0.233493660,0.248143119,0.000000000
5284,2020-08-08 04:00:00,0.000000000,0.192860070,0.223369517,0.226497193,0.233489798,0.248137868,0.000000000
5285,2020-08-08 05:00:00,0.000000000,0.192860599,0.223366064,0.226493488,0.233485479,0.248131995,0.000000000
5286,2020-08-08 06:00:00,0.000000000,0.192860971,0.223363639,0.226490887,0.233482446,0.248127871,0.000000000
5287,2020-08-08 07:00:00,0.000000000,0.192861907,0.223357530,0.226484334,0.233474806,0.248117483,0.000000000
5288,2020-08-08 08:00:00,0.000000000,0.192862251,0.223355282,0.226481922,0.233471993,0.248113660,0.056784427
5289,2020-08-08 09:00:00,0.000000000,0.192859335,0.223374316,0.226502340,0.233495800,0.248146029,0.000000000
5290,2020-08-08 10:00:00,0.000000000,0.192859895,0.223370659,0.226498418,0.233491227,0.248139810,0.000000000
5291,2020-08-08 11:00:00,0.000000000,0.192860326,0.223367848,0.226495402,0.233487711,0.248135030,0.000000000
5292,2020-08-08 12:00:00,0.000000000,0.192862175,0.223355783,0.226482459,0.233472619,0.248114511,0.000000000
5293,2020-08-08 13:00:00,0.000000000,0.192866721,0.223326099,0.226450617,0.233435497,0.248064046,0.000000000
5294,2020-08-08 14:00:00,0.000000000,0.192875144,0.223271058,0.226391577,0.233366673,0.247970516,0.000000000
5295,2020-08-08 15:00:00,0.000000000,0.192887506,0.223190158,0.226304808,0.233265547,0.247833158,0.000000000
5296,2020-08-08 16:00:00,0.000000000,0.192902158,0.223094101,0.226201794,0.233145522,0.247670237,0.000000000
5297,2020-08-08 17:00:00,0.000000000,0.192916902,0.222997242,0.226097933,0.233024547,0.247506146,0.000000000
5298,2020-08-08 18:00:00,0.000000000,0.192930572,0.222907266,0.226001465,0.232912214,0.247353884,0.000000000
5299,2020-08-08 19:00:00,0.000000000,0.192941983,0.222832031,0.225920810,0.232818319,0.247226693,0.000000000
5300,2020-08-08 20:00:00,0.000000000,0.192947302,0.222796925,0.225883176,0.232774516,0.247167381,0.000000000
5301,2020-08-08 21:00:00,0.000000000,0.192950998,0.222772515,0.225857011,0.232744063,0.247126155,0.000000000
5302,2020-08-08 22:00:00,0.000000000,0.192954478,0.222749514,0.225832357,0.232715372,0.247087321,0.000000000
5303,2020-08-08 23:00:00,0.000000000,0.192957221,0.222731381,0.225812921,0.232692755,0.247056712,0.000000000
5304,2020-08-09 00:00:00,0.000000000,0.192959634,0.222715429,0.225795822,0.232672858,0.247029790,0.000000000
5305,2020-08-09 01:00:00,0.000000000,0.192960870,0.222707251,0.225787057,0.232662659,0.247015990,0.000000000
5306,2020-08-09 02:00:00,0.000000000,0.192961204,0.222705039,0.225784685,0.232659900,0.247012257,0.000000000
5307,2020-08-09 03:00:00,0.000000000,0.192961407,0.222705039,0.225784685,0.232659900,0.247012257,0.000995431
5308,2020-08-09 04:00:00,0.000000000,0.192960995,0.222705039,0.225784685,0.232659900,0.247012257,0.003812652
5309,2020-08-09 05:00:00,0.000000000,0.192960948,0.222706732,0.225786500,0.232662012,0.247015114,0.010586001
5310,2020-08-09 06:00:00,0.000000000,0.192960321,0.222710881,0.225790948,0.232667187,0.247022116,0.011974428
5311,2020-08-09 07:00:00,0.000000000,0.192959611,0.222715575,0.225795979,0.232673041,0.247030037,0.012242367
5312,2020-08-09 08:00:00,0.000000000,0.192958886,0.222720374,0.225801122,0.232679025,0.247038134,0.012809950
5313,2020-08-09 09:00:00,0.000000000,0.192958127,0.222725394,0.225806503,0.232685287,0.247046608,0.010385549
5314,2020-08-09 10:00:00,0.000000000,0.192957511,0.222729465,0.225810867,0.232690365,0.247053478,0.009947635
5315,2020-08-09 11:00:00,0.000000000,0.192956921,0.222733364,0.225815046,0.232695228,0.247060059,0.010146298
5316,2020-08-09 12:00:00,0.000000000,0.192957370,0.222730399,0.225811868,0.232691530,0.247055055,0.001649721
5317,2020-08-09 13:00:00,0.000000000,0.192960622,0.222708888,0.225788812,0.232664701,0.247018753,0.000000000
5318,2020-08-09 14:00:00,0.000000000,0.192968438,0.222657156,0.225733366,0.232600192,0.246931489,0.000000000
5319,2020-08-09 15:00:00,0.000000000,0.192982037,0.222567023,0.225636771,0.232487831,0.246779573,0.000000000
5320,2020-08-09 16:00:00,0.000000000,0.192999732,0.222449482,0.225510821,0.232341370,0.246581707,0.000000000
5321,2020-08-09 17:00:00,0.000000000,0.193018435,0.222324935,0.225377384,0.232186261,0.246372343,0.561451020
5322,2020-08-09 18:00:00,0.000000000,0.192993067,0.222493785,0.225558292,0.232396565,0.246656254,0.000000000
5323,2020-08-09 19:00:00,0.000000000,0.193010784,0.222375920,0.225432006,0.232249748,0.246458013,0.000000000
5324,2020-08-09 20:00:00,0.000000000,0.193023297,0.222292505,0.225342643,0.232145887,0.246317879,0.000000000
5325,2020-08-09 21:00:00,0.000000000,0.193025488,0.222277887,0.225326984,0.232127690,0.246293335,0.000000000
5326,2020-08-09 22:00:00,0.000000000,0.193031304,0.222239052,0.225285384,0.232079353,0.246228152,0.000000000
5327,2020-08-09 23:00:00,0.000000000,0.193033881,0.222221834,0.225266940,0.232057925,0.246199262,0.000000000
5328,2020-08-10 00:00:00,0.000000000,0.193035082,0.222213808,0.225258343,0.232047937,0.246185797,0.000000000
5329,2020-08-10 01:00:00,0.000000000,0.193036185,0.222206439,0.225250451,0.232038767,0.246173436,0.000000000
5330,2020-08-10 02:00:00,0.000000000,0.193037110,0.222200256,0.225243827,0.232031072,0.246163064,0.000000000
5331,2020-08-10 03:00:00,0.000000000,0.193038405,0.222191594,0.225234550,0.232020294,0.246148536,0.000000000
5332,2020-08-10 04:00:00,0.000000000,0.193039347,0.222185298,0.225227807,0.232012461,0.246137978,0.000000000
5333,2020-08-10 05:00:00,0.000000000,0.193039668,0.222183150,0.225225506,0.232009788,0.246134376,0.000000000
5334,2020-08-10 06:00:00,0.000000000,0.193039782,0.222182390,0.225224692,0.232008842,0.246133101,0.000000000
5335,2020-08-10 07:00:00,0.000000000,0.193039868,0.222181812,0.225224073,0.232008123,0.246132132,0.000000000
5336,2020-08-10 08:00:00,0.000000000,0.193039994,0.222180969,0.225223169,0.232007074,0.246130717,0.000631287
5337,2020-08-10 09:00:00,0.000000000,0.193039732,0.222180969,0.225223169,0.232007074,0.246130717,0.003864288
5338,2020-08-10 10:00:00,0.000000000,0.193039730,0.222182736,0.225225063,0.232009273,0.246133682,0.003972722
5339,2020-08-10 11:00:00,0.000000000,0.193039496,0.222184298,0.225226736,0.232011217,0.246136301,0.006904476
5340,2020-08-10 12:00:00,0.000000000,0.193039958,0.222181213,0.225223431,0.232007378,0.246131128,0.000000000
5341,2020-08-10 13:00:00,0.000000000,0.193043554,0.222157158,0.225197666,0.231977448,0.246090793,0.000000000
5342,2020-08-10 14:00:00,0.000000000,0.193053368,0.222091449,0.225127291,0.231895709,0.245980677,0.000000000
5343,2020-08-10 15:00:00,0.000000000,0.193069408,0.221983862,0.225012077,0.231761926,0.245800561,0.000000000
5344,2020-08-10 16:00:00,0.000000000,0.193088542,0.221855213,0.224874328,0.231602036,0.245585480,0.000000000
5345,2020-08-10 17:00:00,0.000000000,0.193108351,0.221721661,0.224731354,0.231436144,0.245362540,0.000000000
5346,2020-08-10 18:00:00,0.000000000,0.193127178,0.221594392,0.224595129,0.231278147,0.245150409,0.000000000
5347,2020-08-10 19:00:00,0.000000000,0.193140624,0.221503297,0.224497636,0.231165111,0.244998763,0.000000000
5348,2020-08-10 20:00:00,0.000000000,0.193152376,0.221423529,0.224412276,0.231066166,0.244866104,0.000000000
5349,2020-08-10 21:00:00,0.000000000,0.193162855,0.221352302,0.224336063,0.230977845,0.244747753,0.000000000
5350,2020-08-10 22:00:00,0.000000000,0.193169941,0.221304073,0.224284462,0.230918056,0.244667668,0.000000000
5351,2020-08-10 23:00:00,0.000000000,0.193171673,0.221292276,0.224271840,0.230903433,0.244648086,0.000000000
5352,2020-08-11 00:00:00,0.000000000,0.193173145,0.221282251,0.224261114,0.230891007,0.244631447,0.000000000
5353,2020-08-11 01:00:00,0.000000000,0.193173568,0.221279366,0.224258028,0.230887432,0.244626660,0.000000000
5354,2020-08-11 02:00:00,0.000000000,0.193173902,0.221277091,0.224255594,0.230884612,0.244622884,0.000939250
5355,2020-08-11 03:00:00,0.000000000,0.193173510,0.221277091,0.224255594,0.230884612,0.244622884,0.003747747
5356,2020-08-11 04:00:00,0.000000000,0.193173631,0.221278942,0.224257575,0.230886907,0.244625957,0.005170758
5357,2020-08-11 05:00:00,0.000000000,0.193173331,0.221280985,0.224259761,0.230889439,0.244629347,0.007003324
5358,2020-08-11 06:00:00,0.000000000,0.193172925,0.221283752,0.224262720,0.230892868,0.244633938,0.008532159
5359,2020-08-11 07:00:00,0.000000000,0.193172430,0.221287122,0.224266326,0.230897045,0.244639532,0.006454397
5360,2020-08-11 08:00:00,0.000000000,0.193172056,0.221289671,0.224269054,0.230900205,0.244643763,0.005800638
5361,2020-08-11 09:00:00,0.000000000,0.193171719,0.221291963,0.224271505,0.230903045,0.244647566,0.008444356
5362,2020-08-11 10:00:00,0.000000000,0.193171229,0.221295298,0.224275073,0.230907179,0.244653103,0.006670165
5363,2020-08-11 11:00:00,0.000000000,0.193170843,0.221297933,0.224277892,0.230910445,0.244657476,0.007795649
5364,2020-08-11 12:00:00,0.000000000,0.193171548,0.221293127,0.224272751,0.230904488,0.244649499,0.000000000
5365,2020-08-11 13:00:00,0.000000000,0.193175169,0.221268458,0.224246359,0.230873913,0.244608559,0.000000000
5366,2020-08-11 14:00:00,0.000000000,0.193184526,0.221204659,0.224178106,0.230794853,0.244502732,0.000000000
5367,2020-08-11 15:00:00,0.000000000,0.193199632,0.221101476,0.224067732,0.230667034,0.244331740,0.000000000
5368,2020-08-11 16:00:00,0.000000000,0.193219684,0.220964173,0.223920884,0.230497037,0.244104517,0.000000000
5369,2020-08-11 17:00:00,0.000000000,0.193241218,0.220816286,0.223762744,0.230314047,0.243860175,0.000000000
5370,2020-08-11 18:00:00,0.000000000,0.193263234,0.220664626,0.223600600,0.230126508,0.243610024,0.000000000
5371,2020-08-11 19:00:00,0.000000000,0.193279840,0.220549924,0.223477990,0.229984751,0.243421116,0.000000000
5372,2020-08-11 20:00:00,0.000000000,0.193292097,0.220465084,0.223387311,0.229879943,0.243281546,0.000000000
5373,2020-08-11 21:00:00,0.000000000,0.193298580,0.220420154,0.223339294,0.229824454,0.243207686,0.000000000
5374,2020-08-11 22:00:00,0.000000000,0.193305965,0.220368920,0.223284542,0.229761192,0.243123507,0.000000000
5375,2020-08-11 23:00:00,0.000000000,0.193311399,0.220331185,0.223244217,0.229714606,0.243061539,0.000000000
5376,2020-08-12 00:00:00,0.000000000,0.193313903,0.220313793,0.223225633,0.229693137,0.243032986,0.000000000
5377,2020-08-12 01:00:00,0.000000000,0.193314852,0.220307196,0.223218584,0.229684994,0.243022157,0.000000000
5378,2020-08-12 02:00:00,0.000000000,0.193315002,0.220306154,0.223217471,0.229683709,0.243020448,0.000000000
5379,2020-08-12 03:00:00,0.000000000,0.193315320,0.220303939,0.223215104,0.229680975,0.243016813,0.000154063
5380,2020-08-12 04:00:00,0.000000000,0.193315256,0.220303939,0.223215104,0.229680975,0.243016813,0.006321725
5381,2020-08-12 05:00:00,0.000000000,0.193314951,0.220306511,0.223217852,0.229684149,0.243021033,0.003474794
5382,2020-08-12 06:00:00,0.000000000,0.193314752,0.220307890,0.223219326,0.229685852,0.243023298,0.004595599
5383,2020-08-12 07:00:00,0.000000000,0.193314489,0.220309715,0.223221276,0.229688104,0.243026293,0.000000000
5384,2020-08-12 08:00:00,0.000000000,0.193314773,0.220309715,0.223221276,0.229688104,0.243026293,0.006735638
5385,2020-08-12 09:00:00,0.000000000,0.193314699,0.220309715,0.223221276,0.229688104,0.243026293,0.000000000
5386,2020-08-12 10:00:00,0.000000000,0.193314595,0.220308982,0.223220492,0.229687199,0.243025089,0.000287715
5387,2020-08-12 11:00:00,0.000000000,0.193314679,0.220308397,0.223219867,0.229686477,0.243024129,0.002698499
5388,2020-08-12 12:00:00,0.000000000,0.193315524,0.220302528,0.223213596,0.229679233,0.243014496,0.000000000
5389,2020-08-12 13:00:00,0.000000000,0.193318746,0.220280122,0.223189655,0.229651579,0.242977725,0.000000000
5390,2020-08-12 14:00:00,0.000000000,0.193327923,0.220216268,0.223121429,0.229572783,0.242872984,0.000000000
5391,2020-08-12 15:00:00,0.000000000,0.193343949,0.220104554,0.223002079,0.229434978,0.242689915,0.000000000
5392,2020-08-12 16:00:00,0.000000000,0.193360242,0.219990710,0.222880470,0.229294612,0.242503591,0.000000000
5393,2020-08-12 17:00:00,0.000000000,0.193378568,0.219862352,0.222743380,0.229136432,0.242293795,0.000000000
5394,2020-08-12 18:00:00,0.000000000,0.193395995,0.219739976,0.222612698,0.228985702,0.242094053,0.000000000
5395,2020-08-12 19:00:00,0.000000000,0.193410320,0.219639148,0.222505041,0.228861571,0.241929685,0.000000000
5396,2020-08-12 20:00:00,0.000000000,0.193420106,0.219570154,0.222431382,0.228776661,0.241817317,0.000000000
5397,2020-08-12 21:00:00,0.000000000,0.193422392,0.219554022,0.222414160,0.228756811,0.241791055,0.000000000
5398,2020-08-12 22:00:00,0.000000000,0.193424011,0.219542597,0.222401963,0.228742754,0.241772458,0.000000000
5399,2020-08-12 23:00:00,0.000000000,0.193426408,0.219525667,0.222383891,0.228721925,0.241744908,0.000000000
5400,2020-08-13 00:00:00,0.000000000,0.193427187,0.219520167,0.222378020,0.228715159,0.241735958,0.004428941
5401,2020-08-13 01:00:00,0.000000000,0.193426937,0.219521933,0.222379904,0.228717331,0.241738831,0.006765734
5402,2020-08-13 02:00:00,0.000000000,0.193426555,0.219524630,0.222382783,0.228720648,0.241743219,0.005551454
5403,2020-08-13 03:00:00,0.000000000,0.193426242,0.219526842,0.222385145,0.228723371,0.241746820,0.001672364
5404,2020-08-13 04:00:00,0.000000000,0.193426148,0.219527509,0.222385857,0.228724191,0.241747905,0.000598889
5405,2020-08-13 05:00:00,0.000000000,0.193425895,0.219527509,0.222385857,0.228724191,0.241747905,0.000000000
5406,2020-08-13 06:00:00,0.000000000,0.193426589,0.219524393,0.222382531,0.228720358,0.241742835,2.660947507
5407,2020-08-13 07:00:00,0.000000000,0.193288562,0.220489570,0.223413482,0.229910188,0.243321815,2.425186426
5408,2020-08-13 08:00:00,0.000000000,0.193160128,0.221370848,0.224355906,0.231000839,0.244778559,5.325944767
5409,2020-08-13 09:00:00,0.000000000,0.192896724,0.223129743,0.226240016,0.233190051,0.247730667,0.113552125
5410,2020-08-13 10:00:00,0.000000000,0.192890766,0.223168801,0.226281904,0.233238857,0.247796919,0.000000000
5411,2020-08-13 11:00:00,0.000000000,0.192891228,0.223165774,0.226278657,0.233235075,0.247791784,0.000000000
5412,2020-08-13 12:00:00,0.000000000,0.192893060,0.223153768,0.226265781,0.233220071,0.247771416,0.000000000
5413,2020-08-13 13:00:00,0.000000000,0.192893933,0.223148044,0.226259643,0.233212919,0.247761707,0.000000000
5414,2020-08-13 14:00:00,0.000000000,0.192898593,0.223117485,0.226226871,0.233174736,0.247709882,0.000000000
5415,2020-08-13 15:00:00,0.000000000,0.192913337,0.223020679,0.226123063,0.233053814,0.247545833,0.000000000
5416,2020-08-13 16:00:00,0.000000000,0.192931380,0.222901941,0.225995755,0.232905566,0.247344877,0.000000000
5417,2020-08-13 17:00:00,0.000000000,0.192947390,0.222796345,0.225882555,0.232773792,0.247166401,0.000000000
5418,2020-08-13 18:00:00,0.000000000,0.192960942,0.222706775,0.225786546,0.232662066,0.247015187,0.000000000
5419,2020-08-13 19:00:00,0.000000000,0.192974180,0.222619123,0.225692605,0.232552774,0.246867366,0.000000000
5420,2020-08-13 20:00:00,0.000000000,0.192980638,0.222576301,0.225646714,0.232499395,0.246795204,0.000000000
5421,2020-08-13 21:00:00,0.000000000,0.192981951,0.222567589,0.225637378,0.232488536,0.246780526,0.000000000
5422,2020-08-13 22:00:00,0.000000000,0.192982996,0.222560656,0.225629948,0.232479895,0.246768848,0.000000000
5423,2020-08-13 23:00:00,0.000000000,0.192983714,0.222555895,0.225624846,0.232473962,0.246760829,0.000000000
5424,2020-08-14 00:00:00,0.000000000,0.192984068,0.222553547,0.225622330,0.232471035,0.246756874,0.000000000
5425,2020-08-14 01:00:00,0.000000000,0.192984283,0.222552120,0.225620801,0.232469257,0.246754471,0.000000000
5426,2020-08-14 02:00:00,0.000000000,0.192984424,0.222551178,0.225619792,0.232468084,0.246752885,0.000000000
5427,2020-08-14 03:00:00,0.000000000,0.192984487,0.222550766,0.225619350,0.232467569,0.246752190,0.000000000
5428,2020-08-14 04:00:00,0.000000000,0.192984588,0.222550094,0.225618630,0.232466732,0.246751058,0.000000000
5429,2020-08-14 05:00:00,0.000000000,0.192985056,0.222546984,0.225615298,0.232462856,0.246745821,0.000000000
5430,2020-08-14 06:00:00,0.000000000,0.192985348,0.222545051,0.225613226,0.232460448,0.246742566,0.000000000
5431,2020-08-14 07:00:00,0.000000000,0.192985630,0.222543176,0.225611217,0.232458110,0.246739407,0.000000000
5432,2020-08-14 08:00:00,0.000000000,0.192986108,0.222540003,0.225607817,0.232454156,0.246734064,0.000000000
5433,2020-08-14 09:00:00,0.000000000,0.192986688,0.222536155,0.225603693,0.232449361,0.246727584,0.000000000
5434,2020-08-14 10:00:00,0.000000000,0.192987165,0.222532986,0.225600297,0.232445411,0.246722247,0.000000000
5435,2020-08-14 11:00:00,0.000000000,0.192987878,0.222528251,0.225595224,0.232439511,0.246714275,0.000000000
5436,2020-08-14 12:00:00,0.000000000,0.192990642,0.222509894,0.225575553,0.232416637,0.246683370,0.000000000
5437,2020-08-14 13:00:00,0.000000000,0.192996632,0.222470091,0.225532903,0.232367044,0.246616379,0.000000000
5438,2020-08-14 14:00:00,0.000000000,0.193007256,0.222399416,0.225457179,0.232279009,0.246497509,0.000000000
5439,2020-08-14 15:00:00,0.000000000,0.193023171,0.222293348,0.225343547,0.232146938,0.246319295,0.000000000
5440,2020-08-14 16:00:00,0.000000000,0.193041949,0.222167896,0.225209167,0.231990808,0.246108796,0.000000000
5441,2020-08-14 17:00:00,0.000000000,0.193062785,0.222028312,0.225059676,0.231817192,0.245874949,0.000000000
5442,2020-08-14 18:00:00,0.000000000,0.193081571,0.221902120,0.224924550,0.231660323,0.245663863,0.000000000
5443,2020-08-14 19:00:00,0.000000000,0.193099202,0.221783392,0.224797437,0.231512812,0.245465546,0.000000000
5444,2020-08-14 20:00:00,0.000000000,0.193112537,0.221693392,0.224701094,0.231401043,0.245315395,0.000000000
5445,2020-08-14 21:00:00,0.000000000,0.193124339,0.221613609,0.224615696,0.231301998,0.245182420,0.000000000
5446,2020-08-14 22:00:00,0.000000000,0.193130018,0.221575166,0.224574551,0.231254286,0.245118390,0.000000000
5447,2020-08-14 23:00:00,0.000000000,0.193133040,0.221554695,0.224552643,0.231228884,0.245084307,0.000000000
5448,2020-08-15 00:00:00,0.000000000,0.193135418,0.221538586,0.224535402,0.231208894,0.245057490,0.000000000
5449,2020-08-15 01:00:00,0.000000000,0.193137866,0.221521997,0.224517648,0.231188311,0.245029880,0.000000000
5450,2020-08-15 02:00:00,0.000000000,0.193139640,0.221509967,0.224504774,0.231173386,0.245009861,0.000000000
5451,2020-08-15 03:00:00,0.000000000,0.193141552,0.221497003,0.224490901,0.231157303,0.244988292,0.000000000
5452,2020-08-15 04:00:00,0.000000000,0.193143227,0.221485641,0.224478742,0.231143208,0.244969390,0.000000000
5453,2020-08-15 05:00:00,0.000000000,0.193144506,0.221476962,0.224469455,0.231132442,0.244954954,0.000000000
5454,2020-08-15 06:00:00,0.000000000,0.193145608,0.221469482,0.224461449,0.231123162,0.244942512,0.000000000
5455,2020-08-15 07:00:00,0.000000000,0.193146756,0.221461695,0.224453116,0.231113503,0.244929561,0.000000000
5456,2020-08-15 08:00:00,0.000000000,0.193147741,0.221455005,0.224445958,0.231105206,0.244918437,0.000000000
5457,2020-08-15 09:00:00,0.000000000,0.193148573,0.221449357,0.224439914,0.231098200,0.244909044,0.000000000
5458,2020-08-15 10:00:00,0.000000000,0.193148979,0.221446598,0.224436962,0.231094778,0.244904458,0.000000000
5459,2020-08-15 11:00:00,0.000000000,0.193152061,0.221425673,0.224414570,0.231068825,0.244869668,0.000000000
5460,2020-08-15 12:00:00,0.000000000,0.193157639,0.221387767,0.224374009,0.231021818,0.244806669,0.000000000
5461,2020-08-15 13:00:00,0.000000000,0.193165451,0.221334638,0.224317163,0.230955946,0.244718416,0.000000000
5462,2020-08-15 14:00:00,0.000000000,0.193176512,0.221259308,0.224236570,0.230862573,0.244593377,0.000000000
5463,2020-08-15 15:00:00,0.000000000,0.193190325,0.221165073,0.224135760,0.230745810,0.244437108,0.000000000
5464,2020-08-15 16:00:00,0.000000000,0.193207067,0.221050609,0.224013327,0.230604044,0.244247520,0.000000000
5465,2020-08-15 17:00:00,0.000000000,0.193223309,0.220939308,0.223894293,0.230466263,0.244063407,0.000000000
5466,2020-08-15 18:00:00,0.000000000,0.193235781,0.220853670,0.223802717,0.230360295,0.243921905,0.000000000
5467,2020-08-15 19:00:00,0.000000000,0.193246784,0.220777993,0.223721801,0.230266684,0.243796974,0.000000000
5468,2020-08-15 20:00:00,0.000000000,0.193255592,0.220717322,0.223656935,0.230191657,0.243696894,0.000000000
5469,2020-08-15 21:00:00,0.000000000,0.193260923,0.220680570,0.223617645,0.230146219,0.243636303,0.000000000
5470,2020-08-15 22:00:00,0.000000000,0.193265564,0.220648548,0.223583413,0.230106634,0.243583530,0.000000000
5471,2020-08-15 23:00:00,0.000000000,0.193269307,0.220622712,0.223555795,0.230074700,0.243540967,0.000000000
5472,2020-08-16 00:00:00,0.000000000,0.193271801,0.220605490,0.223537384,0.230053414,0.243512600,0.000000000
5473,2020-08-16 01:00:00,0.000000000,0.193274004,0.220590270,0.223521115,0.230034605,0.243487536,0.000000000
5474,2020-08-16 02:00:00,0.000000000,0.193275873,0.220577353,0.223507308,0.230018643,0.243466268,0.000000000
5475,2020-08-16 03:00:00,0.000000000,0.193277140,0.220568589,0.223497941,0.230007814,0.243451840,0.000000000
5476,2020-08-16 04:00:00,0.000000000,0.193277980,0.220562786,0.223491737,0.230000643,0.243442287,0.000000000
5477,2020-08-16 05:00:00,0.000000000,0.193278244,0.220560961,0.223489787,0.229998388,0.243439284,0.000000000
5478,2020-08-16 06:00:00,0.000000000,0.193279106,0.220554997,0.223483412,0.229991018,0.243429466,0.000000000
5479,2020-08-16 07:00:00,0.000000000,0.193279926,0.220549327,0.223477351,0.229984013,0.243420133,0.000000000
5480,2020-08-16 08:00:00,0.000000000,0.193280978,0.220542052,0.223469575,0.229975024,0.243408161,0.000000000
5481,2020-08-16 09:00:00,0.000000000,0.193282402,0.220532203,0.223459048,0.229962855,0.243391952,0.000000000
5482,2020-08-16 10:00:00,0.000000000,0.193283928,0.220521647,0.223447765,0.229949814,0.243374582,0.000000000
5483,2020-08-16 11:00:00,0.000000000,0.193285491,0.220510831,0.223436205,0.229936452,0.243356788,0.000000000
5484,2020-08-16 12:00:00,0.000000000,0.193287832,0.220494622,0.223418881,0.229916428,0.243330123,0.000000000
5485,2020-08-16 13:00:00,0.000000000,0.193291328,0.220470416,0.223393010,0.229886529,0.243290315,0.000000000
5486,2020-08-16 14:00:00,0.000000000,0.193296278,0.220436117,0.223356354,0.229844167,0.243233924,0.000000000
5487,2020-08-16 15:00:00,0.000000000,0.193302429,0.220393460,0.223310766,0.229791491,0.243163820,0.347368444
5488,2020-08-16 16:00:00,0.000000000,0.193285480,0.220510906,0.223436286,0.229936545,0.243356912,1.284915777
5489,2020-08-16 17:00:00,0.000000000,0.193216162,0.220988314,0.223946702,0.230526920,0.244144444,1.075384159
5490,2020-08-16 18:00:00,0.000000000,0.193157726,0.221387174,0.224373376,0.231021083,0.244805684,0.616627415
5491,2020-08-16 19:00:00,0.000000000,0.193124059,0.221615502,0.224617722,0.231304348,0.245185573,0.433838949
5492,2020-08-16 20:00:00,0.000000000,0.193100744,0.221772988,0.224786300,0.231499889,0.245448181,0.839998842
5493,2020-08-16 21:00:00,0.000000000,0.193054037,0.222086964,0.225122488,0.231890131,0.245973164,1.447860507
5494,2020-08-16 22:00:00,0.000000000,0.192974016,0.222620208,0.225693768,0.232554127,0.246869195,1.373830560
5495,2020-08-16 23:00:00,0.000000000,0.192897467,0.223124874,0.226234795,0.233183969,0.247722411,0.972130613
5496,2020-08-17 00:00:00,0.000000000,0.192842266,0.223485558,0.226621684,0.233634977,0.248335356,0.487102403
5497,2020-08-17 01:00:00,0.000000000,0.192814527,0.223665785,0.226815075,0.233860610,0.248642632,0.584273647
5498,2020-08-17 02:00:00,0.000000000,0.192780912,0.223883301,0.227048537,0.234133167,0.249014374,0.070936166
5499,2020-08-17 03:00:00,0.000000000,0.192777455,0.223905615,0.227072491,0.234161142,0.249052565,0.000000000
5500,2020-08-17 04:00:00,0.000000000,0.192778226,0.223900641,0.227067151,0.234154905,0.249044050,0.000000000
5501,2020-08-17 05:00:00,0.000000000,0.192778987,0.223895730,0.227061880,0.234148749,0.249035645,0.000000000
5502,2020-08-17 06:00:00,0.000000000,0.192779728,0.223890943,0.227056741,0.234142747,0.249027451,0.000000000
5503,2020-08-17 07:00:00,0.000000000,0.192780523,0.223885813,0.227051234,0.234136315,0.249018672,0.000000000
5504,2020-08-17 08:00:00,0.000000000,0.192781407,0.223880107,0.227045109,0.234129163,0.249008908,0.000000000
5505,2020-08-17 09:00:00,0.000000000,0.192782424,0.223873540,0.227038060,0.234120931,0.248997672,0.000000000
5506,2020-08-17 10:00:00,0.000000000,0.192783062,0.223869418,0.227033634,0.234115762,0.248990617,0.000000000
5507,2020-08-17 11:00:00,0.000000000,0.192783737,0.223865059,0.227028955,0.234110298,0.248983160,0.000000000
5508,2020-08-17 12:00:00,0.000000000,0.192784629,0.223859296,0.227022770,0.234103075,0.248973301,0.000000000
5509,2020-08-17 13:00:00,0.000000000,0.192787163,0.223842930,0.227005202,0.234082560,0.248945304,0.000000000
5510,2020-08-17 14:00:00,0.000000000,0.192792525,0.223808268,0.226967996,0.234039117,0.248886029,0.000000000
5511,2020-08-17 15:00:00,0.000000000,0.192805163,0.223726480,0.226880212,0.233936636,0.248746263,0.000000000
5512,2020-08-17 16:00:00,0.000000000,0.192820894,0.223624478,0.226770747,0.233808880,0.248572147,0.000000000
5513,2020-08-17 17:00:00,0.000000000,0.192836233,0.223524809,0.226663798,0.233684101,0.248402220,0.000000000
5514,2020-08-17 18:00:00,0.000000000,0.192851343,0.223426430,0.226558248,0.233560993,0.248234694,0.000000000
5515,2020-08-17 19:00:00,0.000000000,0.192863489,0.223347206,0.226473259,0.233461893,0.248099928,0.000000000
5516,2020-08-17 20:00:00,0.000000000,0.192871739,0.223293312,0.226415448,0.233394498,0.248008325,0.000000000
5517,2020-08-17 21:00:00,0.000000000,0.192875501,0.223268720,0.226389070,0.233363751,0.247966546,0.000000000
5518,2020-08-17 22:00:00,0.000000000,0.192878742,0.223247523,0.226366334,0.233337251,0.247930543,0.000000000
5519,2020-08-17 23:00:00,0.000000000,0.192881980,0.223226336,0.226343610,0.233310767,0.247894568,0.000000000
5520,2020-08-18 00:00:00,0.000000000,0.192884051,0.223212779,0.226329070,0.233293821,0.247871552,0.454964885
5521,2020-08-18 01:00:00,0.000000000,0.192858030,0.223382827,0.226511471,0.233506446,0.248160506,0.000000000
5522,2020-08-18 02:00:00,0.000000000,0.192858542,0.223379488,0.226507889,0.233502270,0.248154826,0.084146897
5523,2020-08-18 03:00:00,0.000000000,0.192853863,0.223410005,0.226540627,0.233540444,0.248206743,0.010787243
5524,2020-08-18 04:00:00,0.000000000,0.192853465,0.223412596,0.226543407,0.233543686,0.248211151,2.131399287
5525,2020-08-18 05:00:00,0.000000000,0.192734199,0.224183945,0.227371334,0.234510326,0.249529806,2.827703997
5526,2020-08-18 06:00:00,0.000000000,0.192577550,0.225178621,0.228440222,0.235761812,0.251248755,1.027703695
5527,2020-08-18 07:00:00,0.000000000,0.192516540,0.225560502,0.228850973,0.236243802,0.251914385,2.314751168
5528,2020-08-18 08:00:00,0.000000000,0.192383921,0.226380216,0.229733376,0.237281282,0.253354102,0.225785854
5529,2020-08-18 09:00:00,0.000000000,0.192370406,0.226462965,0.229822509,0.237386235,0.253500283,0.000000000
5530,2020-08-18 10:00:00,0.000000000,0.192370977,0.226459474,0.229818748,0.237381806,0.253494113,0.000000000
5531,2020-08-18 11:00:00,0.000000000,0.192371406,0.226456847,0.229815918,0.237378474,0.253489469,0.000000000
5532,2020-08-18 12:00:00,0.000000000,0.192371529,0.226456094,0.229815107,0.237377519,0.253488139,0.000000000
5533,2020-08-18 13:00:00,0.000000000,0.192371877,0.226453967,0.229812816,0.237374820,0.253484380,0.000000000
5534,2020-08-18 14:00:00,0.000000000,0.192374483,0.226438015,0.229795633,0.237354586,0.253456191,0.000000000
5535,2020-08-18 15:00:00,0.000000000,0.192387031,0.226361156,0.229712847,0.237257113,0.253320454,0.000000000
5536,2020-08-18 16:00:00,0.000000000,0.192406726,0.226240258,0.229582645,0.237103862,0.253107216,0.000000000
5537,2020-08-18 17:00:00,0.000000000,0.192428429,0.226106679,0.229438810,0.236934637,0.252871994,0.000000000
5538,2020-08-18 18:00:00,0.000000000,0.192449891,0.225974214,0.229296202,0.236766928,0.252639133,0.000000000
5539,2020-08-18 19:00:00,0.000000000,0.192466607,0.225870787,0.229184872,0.236636053,0.252457590,0.000000000
5540,2020-08-18 20:00:00,0.000000000,0.192476210,0.225811271,0.229120815,0.236560771,0.252353231,0.000000000
5541,2020-08-18 21:00:00,0.000000000,0.192478761,0.225795450,0.229103788,0.236540763,0.252325503,0.000000000
5542,2020-08-18 22:00:00,0.000000000,0.192481591,0.225777889,0.229084889,0.236518555,0.252294732,0.000000000
5543,2020-08-18 23:00:00,0.000000000,0.192483119,0.225768402,0.229074680,0.236506560,0.252278112,0.000000000
5544,2020-08-19 00:00:00,0.000000000,0.192484017,0.225762831,0.229068684,0.236499515,0.252268352,0.000000000
5545,2020-08-19 01:00:00,0.000000000,0.192484412,0.225760382,0.229066048,0.236496418,0.252264062,0.000000000
5546,2020-08-19 02:00:00,0.000000000,0.192484903,0.225757331,0.229062765,0.236492561,0.252258719,0.000000000
5547,2020-08-19 03:00:00,0.000000000,0.192485331,0.225754675,0.229059907,0.236489203,0.252254066,0.000000000
5548,2020-08-19 04:00:00,0.000000000,0.192486066,0.225750106,0.229054990,0.236483426,0.252246064,0.000000000
5549,2020-08-19 05:00:00,0.000000000,0.192486725,0.225746014,0.229050586,0.236478252,0.252238897,0.000000000
5550,2020-08-19 06:00:00,0.000000000,0.192487088,0.225743764,0.229048165,0.236475407,0.252234957,0.000000000
5551,2020-08-19 07:00:00,0.000000000,0.192487592,0.225740633,0.229044795,0.236471448,0.252229473,0.000000000
5552,2020-08-19 08:00:00,0.000000000,0.192488026,0.225737939,0.229041896,0.236468043,0.252224756,0.000000000
5553,2020-08-19 09:00:00,0.000000000,0.192488549,0.225734686,0.229038395,0.236463929,0.252219059,0.000000000
5554,2020-08-19 10:00:00,0.000000000,0.192489129,0.225731087,0.229034522,0.236459379,0.252212757,0.000000000
5555,2020-08-19 11:00:00,0.000000000,0.192489593,0.225728205,0.229031421,0.236455736,0.252207711,0.000000000
5556,2020-08-19 12:00:00,0.000000000,0.192491232,0.225718019,0.229020460,0.236442859,0.252189877,0.000000000
5557,2020-08-19 13:00:00,0.000000000,0.192495504,0.225691468,0.228991889,0.236409296,0.252143402,0.000000000
5558,2020-08-19 14:00:00,0.000000000,0.192503679,0.225640612,0.228937166,0.236345020,0.252054426,0.000000000
5559,2020-08-19 15:00:00,0.000000000,0.192515769,0.225565304,0.228856139,0.236249868,0.251922775,0.000000000
5560,2020-08-19 16:00:00,0.000000000,0.192529748,0.225478086,0.228762308,0.236139709,0.251770460,0.000000000
5561,2020-08-19 17:00:00,0.000000000,0.192541998,0.225401521,0.228679947,0.236043042,0.251636887,0.856916995
5562,2020-08-19 18:00:00,0.000000000,0.192493557,0.225703569,0.229004911,0.236424593,0.252164582,0.072823386
5563,2020-08-19 19:00:00,0.000000000,0.192493474,0.225704088,0.229005468,0.236425248,0.252165489,0.000000000
5564,2020-08-19 20:00:00,0.000000000,0.192498633,0.225672011,0.228970952,0.236384703,0.252109354,0.000000000
5565,2020-08-19 21:00:00,0.000000000,0.192501690,0.225652990,0.228950485,0.236360664,0.252076078,0.000000000
5566,2020-08-19 22:00:00,0.000000000,0.192503009,0.225644784,0.228941655,0.236350293,0.252061724,0.000000000
5567,2020-08-19 23:00:00,0.000000000,0.192503725,0.225640327,0.228936860,0.236344661,0.252053928,0.000000000
5568,2020-08-20 00:00:00,0.000000000,0.192504039,0.225638369,0.228934753,0.236342186,0.252050504,0.000000000
5569,2020-08-20 01:00:00,0.000000000,0.192504297,0.225636769,0.228933032,0.236340164,0.252047706,0.000000000
5570,2020-08-20 02:00:00,0.000000000,0.192504777,0.225633780,0.228929815,0.236336387,0.252042477,0.000000000
5571,2020-08-20 03:00:00,0.000000000,0.192504951,0.225632693,0.228928645,0.236335013,0.252040576,0.000000000
5572,2020-08-20 04:00:00,0.000000000,0.192505130,0.225631584,0.228927452,0.236333611,0.252038636,0.000000000
5573,2020-08-20 05:00:00,0.000000000,0.192505261,0.225630764,0.228926570,0.236332575,0.252037203,0.000000000
5574,2020-08-20 06:00:00,0.000000000,0.192505422,0.225629761,0.228925490,0.236331307,0.252035448,0.000000000
5575,2020-08-20 07:00:00,0.000000000,0.192505748,0.225627736,0.228923312,0.236328749,0.252031908,0.000000000
5576,2020-08-20 08:00:00,0.000000000,0.192506037,0.225625932,0.228921371,0.236326469,0.252028753,0.000000000
5577,2020-08-20 09:00:00,0.000000000,0.192506392,0.225623722,0.228918993,0.236323677,0.252024889,0.000000000
5578,2020-08-20 10:00:00,0.000000000,0.192506972,0.225620115,0.228915112,0.236319119,0.252018581,0.000000000
5579,2020-08-20 11:00:00,0.000000000,0.192507406,0.225617410,0.228912201,0.236315700,0.252013851,0.000000000
5580,2020-08-20 12:00:00,0.000000000,0.192508740,0.225609104,0.228903264,0.236305206,0.251999330,0.000000000
5581,2020-08-20 13:00:00,0.000000000,0.192513205,0.225581286,0.228873334,0.236270059,0.251950704,0.000000000
5582,2020-08-20 14:00:00,0.000000000,0.192523232,0.225518759,0.228806063,0.236191074,0.251841469,0.000000000
5583,2020-08-20 15:00:00,0.000000000,0.192537706,0.225428363,0.228708820,0.236076928,0.251683701,0.000000000
5584,2020-08-20 16:00:00,0.000000000,0.192554345,0.225324229,0.228596813,0.235945492,0.251502178,0.000000000
5585,2020-08-20 17:00:00,0.000000000,0.192574080,0.225200425,0.228463668,0.235789309,0.251286674,0.000000000
5586,2020-08-20 18:00:00,0.000000000,0.192591884,0.225088455,0.228343269,0.235648132,0.251092057,0.000000000
5587,2020-08-20 19:00:00,0.000000000,0.192608791,0.224981889,0.228228698,0.235513837,0.250907087,0.000000000
5588,2020-08-20 20:00:00,0.000000000,0.192617819,0.224924890,0.228167425,0.235442033,0.250808253,0.000000000
5589,2020-08-20 21:00:00,0.000000000,0.192620835,0.224905832,0.228146938,0.235418029,0.250775222,0.000000000
5590,2020-08-20 22:00:00,0.000000000,0.192623477,0.224889130,0.228128986,0.235396995,0.250746283,0.000000000
5591,2020-08-20 23:00:00,0.000000000,0.192625719,0.224874951,0.228113744,0.235379138,0.250721718,0.000000000
5592,2020-08-21 00:00:00,0.000000000,0.192626651,0.224869060,0.228107412,0.235371720,0.250711514,0.000000000
5593,2020-08-21 01:00:00,0.000000000,0.192627072,0.224866395,0.228104548,0.235368364,0.250706898,0.000000000
5594,2020-08-21 02:00:00,0.000000000,0.192627609,0.224862995,0.228100893,0.235364083,0.250701009,0.000000000
5595,2020-08-21 03:00:00,0.000000000,0.192627690,0.224862484,0.228100344,0.235363439,0.250700124,0.001958162
5596,2020-08-21 04:00:00,0.000000000,0.192627570,0.224863243,0.228101159,0.235364395,0.250701438,0.002716011
5597,2020-08-21 05:00:00,0.000000000,0.192627404,0.224864295,0.228102291,0.235365720,0.250703261,0.001818560
5598,2020-08-21 06:00:00,0.000000000,0.192627292,0.224865000,0.228103048,0.235366607,0.250704481,0.000258418
5599,2020-08-21 07:00:00,0.000000000,0.192627187,0.224865000,0.228103048,0.235366607,0.250704481,0.001079310
5600,2020-08-21 08:00:00,0.000000000,0.192627211,0.224865518,0.228103605,0.235367260,0.250705379,0.000734806
5601,2020-08-21 09:00:00,0.000000000,0.192626911,0.224865518,0.228103605,0.235367260,0.250705379,0.000249087
5602,2020-08-21 10:00:00,0.000000000,0.192626809,0.224865518,0.228103605,0.235367260,0.250705379,0.000000000
5603,2020-08-21 11:00:00,0.000000000,0.192626999,0.224865518,0.228103605,0.235367260,0.250705379,0.007034413
5604,2020-08-21 12:00:00,0.000000000,0.192627282,0.224865065,0.228103118,0.235366689,0.250704594,0.003095289
5605,2020-08-21 13:00:00,0.000000000,0.192630053,0.224847536,0.228084277,0.235344617,0.250674236,0.000000000
5606,2020-08-21 14:00:00,0.000000000,0.192638010,0.224797158,0.228030130,0.235281192,0.250587025,0.000000000
5607,2020-08-21 15:00:00,0.000000000,0.192652068,0.224708023,0.227934336,0.235169007,0.250432852,0.000000000
5608,2020-08-21 16:00:00,0.000000000,0.192670312,0.224592105,0.227809774,0.235023182,0.250232609,0.000000000
5609,2020-08-21 17:00:00,0.000000000,0.192690334,0.224464560,0.227672742,0.234862819,0.250012613,0.000000000
5610,2020-08-21 18:00:00,0.000000000,0.192712043,0.224325887,0.227523780,0.234688570,0.249773814,0.000000000
5611,2020-08-21 19:00:00,0.000000000,0.192730007,0.224210832,0.227400208,0.234544080,0.249575994,0.000000000
5612,2020-08-21 20:00:00,0.000000000,0.192742208,0.224132533,0.227316125,0.234445793,0.249441530,0.000000000
5613,2020-08-21 21:00:00,0.000000000,0.192749548,0.224085369,0.227265480,0.234386605,0.249360596,0.000000000
5614,2020-08-21 22:00:00,0.000000000,0.192753596,0.224059334,0.227237526,0.234353939,0.249315940,0.000000000
5615,2020-08-21 23:00:00,0.000000000,0.192755217,0.224048905,0.227226327,0.234340854,0.249298055,0.000000000
5616,2020-08-22 00:00:00,0.000000000,0.192755788,0.224045231,0.227222384,0.234336246,0.249291757,0.000000000
5617,2020-08-22 01:00:00,0.000000000,0.192755891,0.224044572,0.227221676,0.234335419,0.249290627,0.001039554
5618,2020-08-22 02:00:00,0.000000000,0.192755828,0.224044977,0.227222110,0.234335926,0.249291321,0.000000000
5619,2020-08-22 03:00:00,0.000000000,0.192755959,0.224044132,0.227221203,0.234334866,0.249289871,0.000569980
5620,2020-08-22 04:00:00,0.000000000,0.192755725,0.224044132,0.227221203,0.234334866,0.249289871,0.003860842
5621,2020-08-22 05:00:00,0.000000000,0.192755691,0.224045857,0.227223055,0.234337030,0.249292829,0.003143681
5622,2020-08-22 06:00:00,0.000000000,0.192755501,0.224047080,0.227224369,0.234338565,0.249294927,0.005785895
5623,2020-08-22 07:00:00,0.000000000,0.192755151,0.224049332,0.227226787,0.234341390,0.249298788,0.004425773
5624,2020-08-22 08:00:00,0.000000000,0.192754883,0.224051055,0.227228636,0.234343552,0.249301742,0.004473011
5625,2020-08-22 09:00:00,0.000000000,0.192754612,0.224052796,0.227230506,0.234345736,0.249304728,0.003998958
5626,2020-08-22 10:00:00,0.000000000,0.192754370,0.224054352,0.227232177,0.234347689,0.249307397,0.000943628
5627,2020-08-22 11:00:00,0.000000000,0.192753983,0.224054352,0.227232177,0.234347689,0.249307397,0.000000000
5628,2020-08-22 12:00:00,0.000000000,0.192755797,0.224045175,0.227222323,0.234336174,0.249291659,0.000000000
5629,2020-08-22 13:00:00,0.000000000,0.192759330,0.224022435,0.227197908,0.234307648,0.249252674,0.000000000
5630,2020-08-22 14:00:00,0.000000000,0.192767580,0.223969297,0.227140857,0.234240997,0.249161615,0.000000000
5631,2020-08-22 15:00:00,0.000000000,0.192781043,0.223882453,0.227047628,0.234132104,0.249012923,0.000000000
5632,2020-08-22 16:00:00,0.000000000,0.192799497,0.223763167,0.226919587,0.233982600,0.248808939,0.000000000
5633,2020-08-22 17:00:00,0.000000000,0.192819121,0.223635988,0.226783098,0.233823293,0.248591784,0.000000000
5634,2020-08-22 18:00:00,0.000000000,0.192835443,0.223529951,0.226669315,0.233690538,0.248410982,0.000000000
5635,2020-08-22 19:00:00,0.000000000,0.192852495,0.223418924,0.226550196,0.233551602,0.248221920,0.000000000
5636,2020-08-22 20:00:00,0.000000000,0.192866036,0.223330574,0.226455417,0.233441092,0.248071652,0.063173025
5637,2020-08-22 21:00:00,0.000000000,0.192863548,0.223346821,0.226472846,0.233461412,0.248099274,0.000000000
5638,2020-08-22 22:00:00,0.000000000,0.192864095,0.223343245,0.226469009,0.233456939,0.248093193,0.000000000
5639,2020-08-22 23:00:00,0.000000000,0.192864578,0.223340092,0.226465627,0.233452996,0.248087833,0.000000000
5640,2020-08-23 00:00:00,0.000000000,0.192865175,0.223336193,0.226461445,0.233448120,0.248081205,0.000000000
5641,2020-08-23 01:00:00,0.000000000,0.192865458,0.223334350,0.226459468,0.233445815,0.248078071,0.000000000
5642,2020-08-23 02:00:00,0.000000000,0.192865779,0.223332253,0.226457219,0.233443193,0.248074507,0.000000000
5643,2020-08-23 03:00:00,0.000000000,0.192866165,0.223329730,0.226454512,0.233440037,0.248070217,0.000000000
5644,2020-08-23 04:00:00,0.000000000,0.192866585,0.223326988,0.226451570,0.233436608,0.248065556,0.000000000
5645,2020-08-23 05:00:00,0.000000000,0.192867010,0.223324211,0.226448592,0.233433135,0.248060836,0.000000000
5646,2020-08-23 06:00:00,0.000000000,0.192867470,0.223321206,0.226445369,0.233429378,0.248055729,0.000000000
5647,2020-08-23 07:00:00,0.000000000,0.192867967,0.223317959,0.226441886,0.233425317,0.248050210,0.000000000
5648,2020-08-23 08:00:00,0.000000000,0.192868482,0.223314595,0.226438277,0.233421110,0.248044492,0.000000000
5649,2020-08-23 09:00:00,0.000000000,0.192869034,0.223310993,0.226434413,0.233416606,0.248038370,0.000000000
5650,2020-08-23 10:00:00,0.000000000,0.192869603,0.223307271,0.226430421,0.233411952,0.248032044,0.000000000
5651,2020-08-23 11:00:00,0.000000000,0.192869817,0.223305876,0.226428924,0.233410207,0.248029673,0.000000000
5652,2020-08-23 12:00:00,0.000000000,0.192869942,0.223305059,0.226428049,0.233409187,0.248028286,0.002530794
5653,2020-08-23 13:00:00,0.000000000,0.192870439,0.223301809,0.226424563,0.233405123,0.248022764,0.000000000
5654,2020-08-23 14:00:00,0.000000000,0.192877139,0.223258010,0.226377583,0.233350362,0.247948354,0.000000000
5655,2020-08-23 15:00:00,0.000000000,0.192892486,0.223157528,0.226269814,0.233224770,0.247777795,0.000000000
5656,2020-08-23 16:00:00,0.000000000,0.192912689,0.223024936,0.226127628,0.233059131,0.247553044,0.000000000
5657,2020-08-23 17:00:00,0.000000000,0.192933405,0.222888597,0.225981450,0.232888912,0.247322312,0.000000000
5658,2020-08-23 18:00:00,0.000000000,0.192953854,0.222753640,0.225836779,0.232720518,0.247094286,0.000000000
5659,2020-08-23 19:00:00,0.000000000,0.192970577,0.222642995,0.225718189,0.232582536,0.246907610,0.000000000
5660,2020-08-23 20:00:00,0.000000000,0.192983957,0.222554283,0.225623119,0.232471953,0.246758114,0.000000000
5661,2020-08-23 21:00:00,0.000000000,0.192991394,0.222504904,0.225570205,0.232410418,0.246674969,0.000000000
5662,2020-08-23 22:00:00,0.000000000,0.192996325,0.222472137,0.225535095,0.232369593,0.246619822,0.000000000
5663,2020-08-23 23:00:00,0.000000000,0.192998588,0.222457088,0.225518970,0.232350845,0.246594502,0.000000000
5664,2020-08-24 00:00:00,0.000000000,0.193000789,0.222442449,0.225503286,0.232332609,0.246569876,0.000000000
5665,2020-08-24 01:00:00,0.000000000,0.193003836,0.222422176,0.225481564,0.232307357,0.246535779,0.000000000
5666,2020-08-24 02:00:00,0.000000000,0.193004538,0.222417509,0.225476564,0.232301543,0.246527931,0.000000000
5667,2020-08-24 03:00:00,0.000000000,0.193005566,0.222410663,0.225469229,0.232293016,0.246516419,0.000000000
5668,2020-08-24 04:00:00,0.000000000,0.193005921,0.222408304,0.225466702,0.232290079,0.246512453,0.000000000
5669,2020-08-24 05:00:00,0.000000000,0.193006125,0.222406942,0.225465243,0.232288382,0.246510163,0.003678109
5670,2020-08-24 06:00:00,0.000000000,0.193005908,0.222408387,0.225466790,0.232290181,0.246512592,0.003553338
5671,2020-08-24 07:00:00,0.000000000,0.193005699,0.222409782,0.225468285,0.232291920,0.246514938,0.010574915
5672,2020-08-24 08:00:00,0.000000000,0.193005075,0.222413934,0.225472734,0.232297091,0.246521920,0.012112059
5673,2020-08-24 09:00:00,0.000000000,0.193004360,0.222418689,0.225477829,0.232303014,0.246529916,0.015541699
5674,2020-08-24 10:00:00,0.000000000,0.193003444,0.222424790,0.225484365,0.232310612,0.246540175,0.005983105
5675,2020-08-24 11:00:00,0.000000000,0.193003091,0.222427139,0.225486882,0.232313539,0.246544126,0.006476706
5676,2020-08-24 12:00:00,0.000000000,0.193003982,0.222421210,0.225480529,0.232306153,0.246534155,0.000000000
5677,2020-08-24 13:00:00,0.000000000,0.193007163,0.222400034,0.225457841,0.232279779,0.246498548,0.000000000
5678,2020-08-24 14:00:00,0.000000000,0.193015528,0.222344316,0.225398148,0.232210393,0.246404903,0.000000000
5679,2020-08-24 15:00:00,0.000000000,0.193030647,0.222243439,0.225290083,0.232084813,0.246235514,0.000000000
5680,2020-08-24 16:00:00,0.000000000,0.193048611,0.222123307,0.225161411,0.231935337,0.246034055,0.000000000
5681,2020-08-24 17:00:00,0.000000000,0.193068310,0.221991238,0.225019975,0.231771096,0.245812901,0.000000000
5682,2020-08-24 18:00:00,0.000000000,0.193082335,0.221896985,0.224919052,0.231653941,0.245655280,0.000000000
5683,2020-08-24 19:00:00,0.000000000,0.193095481,0.221808474,0.224824289,0.231543967,0.245507418,0.705681248
5684,2020-08-24 20:00:00,0.000000000,0.193057670,0.222062621,0.225096417,0.231859856,0.245932392,0.000000000
5685,2020-08-24 21:00:00,0.000000000,0.193058954,0.222054010,0.225087196,0.231849148,0.245917973,0.000000000
5686,2020-08-24 22:00:00,0.000000000,0.193059768,0.222048552,0.225081351,0.231842360,0.245908834,0.000000000
5687,2020-08-24 23:00:00,0.000000000,0.193060385,0.222044412,0.225076917,0.231837212,0.245901902,0.000000000
5688,2020-08-25 00:00:00,0.000000000,0.193061065,0.222039855,0.225072037,0.231831545,0.245894272,0.000000000
5689,2020-08-25 01:00:00,0.000000000,0.193061530,0.222036736,0.225068697,0.231827666,0.245889050,0.000000000
5690,2020-08-25 02:00:00,0.000000000,0.193061921,0.222034110,0.225065885,0.231824402,0.245884655,0.000000000
5691,2020-08-25 03:00:00,0.000000000,0.193062198,0.222032252,0.225063895,0.231822091,0.245881544,0.000000000
5692,2020-08-25 04:00:00,0.000000000,0.193062515,0.222030128,0.225061621,0.231819451,0.245877990,0.000000000
5693,2020-08-25 05:00:00,0.000000000,0.193062884,0.222027651,0.225058968,0.231816370,0.245873843,0.000000000
5694,2020-08-25 06:00:00,0.000000000,0.193063230,0.222025326,0.225056479,0.231813479,0.245869951,0.000000000
5695,2020-08-25 07:00:00,0.000000000,0.193063484,0.222023624,0.225054655,0.231811362,0.245867101,0.000000000
5696,2020-08-25 08:00:00,0.000000000,0.193063635,0.222022615,0.225053575,0.231810108,0.245865412,0.000000000
5697,2020-08-25 09:00:00,0.000000000,0.193063877,0.222020986,0.225051831,0.231808082,0.245862686,0.000000000
5698,2020-08-25 10:00:00,0.000000000,0.193063972,0.222020351,0.225051151,0.231807293,0.245861623,0.006835280
5699,2020-08-25 11:00:00,0.000000000,0.193063571,0.222023041,0.225054031,0.231810638,0.245866125,0.010765742
5700,2020-08-25 12:00:00,0.000000000,0.193062940,0.222027276,0.225058567,0.231815904,0.245873215,0.002501702
5701,2020-08-25 13:00:00,0.000000000,0.193062868,0.222027759,0.225059084,0.231816504,0.245874023,0.000000000
5702,2020-08-25 14:00:00,0.000000000,0.193066186,0.222005495,0.225035242,0.231788822,0.245836759,0.000000000
5703,2020-08-25 15:00:00,0.000000000,0.193083290,0.221890561,0.224912174,0.231645959,0.245644544,0.000000000
5704,2020-08-25 16:00:00,0.000000000,0.193105734,0.221739327,0.224750265,0.231458083,0.245392010,0.000000000
5705,2020-08-25 17:00:00,0.000000000,0.193129760,0.221576914,0.224576422,0.231256456,0.245121301,0.000000000
5706,2020-08-25 18:00:00,0.000000000,0.193153306,0.221417213,0.224405518,0.231058334,0.244855606,0.000000000
5707,2020-08-25 19:00:00,0.000000000,0.193175117,0.221268816,0.224246741,0.230874357,0.244609153,0.000000000
5708,2020-08-25 20:00:00,0.000000000,0.193192508,0.221150165,0.224119813,0.230727342,0.244412402,0.000000000
5709,2020-08-25 21:00:00,0.000000000,0.193200355,0.221096531,0.224062444,0.230660911,0.244323552,0.000000000
5710,2020-08-25 22:00:00,0.000000000,0.193209353,0.221034963,0.223996592,0.230584672,0.244221624,2.184956293
5711,2020-08-25 23:00:00,0.000000000,0.193093720,0.221820341,0.224836994,0.231558710,0.245527235,0.000000000
5712,2020-08-26 00:00:00,0.000000000,0.193095032,0.221811496,0.224827524,0.231547722,0.245512464,0.000000000
5713,2020-08-26 01:00:00,0.000000000,0.193097808,0.221792787,0.224807495,0.231524481,0.245481228,0.000000000
5714,2020-08-26 02:00:00,0.000000000,0.193099936,0.221778442,0.224792137,0.231506662,0.245457282,0.000000000
5715,2020-08-26 03:00:00,0.000000000,0.193102288,0.221762578,0.224775155,0.231486959,0.245430806,0.000000000
5716,2020-08-26 04:00:00,0.000000000,0.193105114,0.221743513,0.224754746,0.231463281,0.245398995,0.000000000
5717,2020-08-26 05:00:00,0.000000000,0.193106552,0.221733807,0.224744356,0.231451228,0.245382802,0.000000000
5718,2020-08-26 06:00:00,0.000000000,0.193109745,0.221712251,0.224721281,0.231424459,0.245346845,0.000000000
5719,2020-08-26 07:00:00,0.000000000,0.193112482,0.221693768,0.224701497,0.231401510,0.245316022,0.000000000
5720,2020-08-26 08:00:00,0.000000000,0.193114435,0.221680575,0.224687374,0.231385129,0.245294024,0.000000000
5721,2020-08-26 09:00:00,0.000000000,0.193115851,0.221671005,0.224677131,0.231373248,0.245278070,0.000000000
5722,2020-08-26 10:00:00,0.000000000,0.193117336,0.221660965,0.224666383,0.231360783,0.245261333,0.000000000
5723,2020-08-26 11:00:00,0.000000000,0.193118561,0.221652684,0.224657520,0.231350503,0.245247532,0.000000000
5724,2020-08-26 12:00:00,0.000000000,0.193120814,0.221637449,0.224641213,0.231331590,0.245222142,0.000000000
5725,2020-08-26 13:00:00,0.000000000,0.193128030,0.221588623,0.224588954,0.231270987,0.245140801,0.000000000
5726,2020-08-26 14:00:00,0.000000000,0.193142586,0.221489988,0.224483394,0.231148600,0.244976621,0.000000000
5727,2020-08-26 15:00:00,0.000000000,0.193161002,0.221364902,0.224349544,0.230993467,0.244768681,0.000000000
5728,2020-08-26 16:00:00,0.000000000,0.193179616,0.221238147,0.224213931,0.230836349,0.244558271,0.000000000
5729,2020-08-26 17:00:00,0.000000000,0.193202028,0.221085092,0.224050208,0.230646744,0.244304608,0.000000000
5730,2020-08-26 18:00:00,0.000000000,0.193222902,0.220942099,0.223897278,0.230469717,0.244068021,0.000000000
5731,2020-08-26 19:00:00,0.000000000,0.193241356,0.220815340,0.223761733,0.230312878,0.243858615,0.000000000
5732,2020-08-26 20:00:00,0.000000000,0.193258808,0.220695154,0.223633236,0.230164249,0.243660344,0.000000000
5733,2020-08-26 21:00:00,0.000000000,0.193269511,0.220621299,0.223554284,0.230072953,0.243538639,0.000000000
5734,2020-08-26 22:00:00,0.000000000,0.193278428,0.220559685,0.223488423,0.229996812,0.243437184,0.000000000
5735,2020-08-26 23:00:00,0.000000000,0.193281616,0.220537641,0.223464860,0.229969574,0.243400901,0.000000000
5736,2020-08-27 00:00:00,0.000000000,0.193284988,0.220514312,0.223439926,0.229940752,0.243362515,0.000000000
5737,2020-08-27 01:00:00,0.000000000,0.193286993,0.220500434,0.223425092,0.229923608,0.243339684,0.000000000
5738,2020-08-27 02:00:00,0.000000000,0.193288467,0.220490224,0.223414180,0.229910996,0.243322890,0.000000000
5739,2020-08-27 03:00:00,0.000000000,0.193289532,0.220482853,0.223406303,0.229901891,0.243310768,0.000000000
5740,2020-08-27 04:00:00,0.000000000,0.193293408,0.220456005,0.223377609,0.229868730,0.243266619,0.000000000
5741,2020-08-27 05:00:00,0.000000000,0.193296980,0.220431246,0.223351148,0.229838152,0.243225917,0.000000000
5742,2020-08-27 06:00:00,0.000000000,0.193300443,0.220407237,0.223325489,0.229808503,0.243186459,0.000000000
5743,2020-08-27 07:00:00,0.000000000,0.193301109,0.220402612,0.223320547,0.229802792,0.243178859,0.000000000
5744,2020-08-27 08:00:00,0.000000000,0.193301686,0.220398612,0.223316272,0.229797852,0.243172286,0.000000000
5745,2020-08-27 09:00:00,0.000000000,0.193303436,0.220386471,0.223303297,0.229782861,0.243152338,0.000000000
5746,2020-08-27 10:00:00,0.000000000,0.193303957,0.220382860,0.223299438,0.229778402,0.243146406,0.000000000
5747,2020-08-27 11:00:00,0.000000000,0.193304920,0.220376175,0.223292294,0.229770149,0.243135424,0.000000000
5748,2020-08-27 12:00:00,0.000000000,0.193307124,0.220360878,0.223275947,0.229751262,0.243110298,0.115789490
5749,2020-08-27 13:00:00,0.000000000,0.193302257,0.220394652,0.223312040,0.229792962,0.243165779,0.000000000
5750,2020-08-27 14:00:00,0.000000000,0.193306314,0.220366496,0.223281951,0.229758199,0.243119526,0.057894745
5751,2020-08-27 15:00:00,0.000000000,0.193307526,0.220358083,0.223272961,0.229747812,0.243105708,0.115789490
5752,2020-08-27 16:00:00,0.000000000,0.193304265,0.220380721,0.223297152,0.229775761,0.243142892,0.000000000
5753,2020-08-27 17:00:00,0.000000000,0.193311178,0.220332722,0.223245860,0.229716504,0.243064063,0.000000000
5754,2020-08-27 18:00:00,0.000000000,0.193319008,0.220278304,0.223187712,0.229649335,0.242974741,1.593236186
5755,2020-08-27 19:00:00,0.000000000,0.193233724,0.220867802,0.223817828,0.230377778,0.243945245,3.432854896
5756,2020-08-27 20:00:00,0.000000000,0.193055855,0.222074783,0.225109443,0.231874982,0.245952761,2.539298589
5757,2020-08-27 21:00:00,0.000000000,0.192918538,0.222986484,0.226086398,0.233011112,0.247487931,0.000000000
5758,2020-08-27 22:00:00,0.000000000,0.192918898,0.222984116,0.226083860,0.233008157,0.247483924,0.095852734
5759,2020-08-27 23:00:00,0.000000000,0.192913490,0.223019673,0.226121984,0.233052557,0.247544129,0.000000000
5760,2020-08-28 00:00:00,0.000000000,0.192913845,0.223017339,0.226119483,0.233049644,0.247540178,0.000000000
5761,2020-08-28 01:00:00,0.000000000,0.192914013,0.223016234,0.226118297,0.233048263,0.247538306,0.000000000
5762,2020-08-28 02:00:00,0.000000000,0.192914168,0.223015215,0.226117205,0.233046991,0.247536580,0.000000000
5763,2020-08-28 03:00:00,0.000000000,0.192914482,0.223013153,0.226114993,0.233044415,0.247533088,0.000000000
5764,2020-08-28 04:00:00,0.000000000,0.192914619,0.223012255,0.226114030,0.233043294,0.247531567,0.000000000
5765,2020-08-28 05:00:00,0.000000000,0.192914703,0.223011702,0.226113438,0.233042604,0.247530631,0.000000000
5766,2020-08-28 06:00:00,0.000000000,0.192914816,0.223010957,0.226112639,0.233041673,0.247529369,0.000000000
5767,2020-08-28 07:00:00,0.000000000,0.192914899,0.223010414,0.226112057,0.233040995,0.247528450,0.000423784
5768,2020-08-28 08:00:00,0.000000000,0.192914724,0.223010414,0.226112057,0.233040995,0.247528450,0.000000000
5769,2020-08-28 09:00:00,0.000000000,0.192915337,0.223007531,0.226108966,0.233037395,0.247523568,0.000000000
5770,2020-08-28 10:00:00,0.000000000,0.192915789,0.223004558,0.226105777,0.233033682,0.247518533,0.000000000
5771,2020-08-28 11:00:00,0.000000000,0.192915869,0.223004036,0.226105218,0.233033030,0.247517649,0.008646899
5772,2020-08-28 12:00:00,0.000000000,0.192915354,0.223007420,0.226108847,0.233037257,0.247523380,0.001021349
5773,2020-08-28 13:00:00,0.000000000,0.192915293,0.223007820,0.226109276,0.233037756,0.247524057,0.000000000
5774,2020-08-28 14:00:00,0.000000000,0.192917660,0.222992256,0.226092587,0.233018321,0.247497704,0.000000000
5775,2020-08-28 15:00:00,0.000000000,0.192933508,0.222887919,0.225980723,0.232888065,0.247321165,0.000000000
5776,2020-08-28 16:00:00,0.000000000,0.192953875,0.222753504,0.225836633,0.232720348,0.247094056,0.000000000
5777,2020-08-28 17:00:00,0.000000000,0.192974968,0.222613899,0.225687006,0.232546261,0.246858560,0.000000000
5778,2020-08-28 18:00:00,0.000000000,0.192994894,0.222481646,0.225545284,0.232381440,0.246635824,0.000000000
5779,2020-08-28 19:00:00,0.000000000,0.193012842,0.222362215,0.225417323,0.232232680,0.246434978,0.000000000
5780,2020-08-28 20:00:00,0.000000000,0.193024851,0.222282134,0.225331534,0.232132978,0.246300466,0.000000000
5781,2020-08-28 21:00:00,0.000000000,0.193027627,0.222263604,0.225311684,0.232109912,0.246269359,0.000000000
5782,2020-08-28 22:00:00,0.000000000,0.193028908,0.222255055,0.225302526,0.232099272,0.246255010,0.000000000
5783,2020-08-28 23:00:00,0.000000000,0.193029486,0.222251191,0.225298387,0.232094462,0.246248525,0.000000000
5784,2020-08-29 00:00:00,0.000000000,0.193029838,0.222248842,0.225295871,0.232091538,0.246244582,0.000000000
5785,2020-08-29 01:00:00,0.000000000,0.193030021,0.222247622,0.225294564,0.232090020,0.246242535,0.000068802
5786,2020-08-29 02:00:00,0.000000000,0.193029992,0.222247622,0.225294564,0.232090020,0.246242535,0.000000000
5787,2020-08-29 03:00:00,0.000000000,0.193030598,0.222243769,0.225290437,0.232085225,0.246236069,0.000000000
5788,2020-08-29 04:00:00,0.000000000,0.193030985,0.222241179,0.225287662,0.232082001,0.246231722,0.000000000
5789,2020-08-29 05:00:00,0.000000000,0.193031374,0.222238585,0.225284884,0.232078772,0.246227369,0.000000000
5790,2020-08-29 06:00:00,0.000000000,0.193031563,0.222237318,0.225283527,0.232077196,0.246225244,0.000000000
5791,2020-08-29 07:00:00,0.000000000,0.193031682,0.222236529,0.225282681,0.232076213,0.246223919,0.000000000
5792,2020-08-29 08:00:00,0.000000000,0.193031741,0.222236132,0.225282256,0.232075719,0.246223253,0.002556234
5793,2020-08-29 09:00:00,0.000000000,0.193031591,0.222237137,0.225283333,0.232076970,0.246224939,0.006106577
5794,2020-08-29 10:00:00,0.000000000,0.193031231,0.222239537,0.225285904,0.232079957,0.246228967,0.054541120
5795,2020-08-29 11:00:00,0.000000000,0.193028027,0.222260936,0.225308826,0.232106591,0.246264881,0.186008789
5796,2020-08-29 12:00:00,0.000000000,0.193017318,0.222332380,0.225385360,0.232195531,0.246384850,0.003893585
5797,2020-08-29 13:00:00,0.000000000,0.193017699,0.222329842,0.225382641,0.232192371,0.246380587,0.000000000
5798,2020-08-29 14:00:00,0.000000000,0.193021096,0.222307187,0.225358371,0.232164165,0.246342534,1.903125030
5799,2020-08-29 15:00:00,0.000000000,0.192916574,0.222999402,0.226100249,0.233027243,0.247509802,4.518535025
5800,2020-08-29 16:00:00,0.000000000,0.192684048,0.224504639,0.227715799,0.234913200,0.250081706,0.266253016
5801,2020-08-29 17:00:00,0.000000000,0.192671234,0.224586236,0.227803469,0.235015801,0.250222479,0.231578980
5802,2020-08-29 18:00:00,0.000000000,0.192660688,0.224653284,0.227875513,0.235100136,0.250338258,0.231578980
5803,2020-08-29 19:00:00,0.000000000,0.192649642,0.224723416,0.227950877,0.235188377,0.250459464,0.042966111
5804,2020-08-29 20:00:00,0.000000000,0.192650811,0.224716001,0.227942909,0.235179046,0.250446644,0.000000000
5805,2020-08-29 21:00:00,0.000000000,0.192652081,0.224707942,0.227934249,0.235168906,0.250432713,0.002051660
5806,2020-08-29 22:00:00,0.000000000,0.192651955,0.224708738,0.227935104,0.235169907,0.250434089,0.000000000
5807,2020-08-29 23:00:00,0.000000000,0.192652136,0.224707591,0.227933871,0.235168463,0.250432105,0.000000000
5808,2020-08-30 00:00:00,0.000000000,0.192652380,0.224706046,0.227932211,0.235166519,0.250429435,0.006534842
5809,2020-08-30 01:00:00,0.000000000,0.192651980,0.224708580,0.227934934,0.235169708,0.250433815,0.010111495
5810,2020-08-30 02:00:00,0.000000000,0.192651363,0.224712500,0.227939147,0.235174641,0.250440592,0.000000000
5811,2020-08-30 03:00:00,0.000000000,0.192651940,0.224708837,0.227935211,0.235170032,0.250434260,0.000000000
5812,2020-08-30 04:00:00,0.000000000,0.192653172,0.224701015,0.227926805,0.235160189,0.250420738,0.000000000
5813,2020-08-30 05:00:00,0.000000000,0.192658285,0.224668551,0.227891919,0.235119343,0.250364635,0.000000000
5814,2020-08-30 06:00:00,0.000000000,0.192664095,0.224631634,0.227852249,0.235072901,0.250300862,0.000000000
5815,2020-08-30 07:00:00,0.000000000,0.192669129,0.224599625,0.227817855,0.235032641,0.250245592,0.000000000
5816,2020-08-30 08:00:00,0.000000000,0.192673611,0.224571113,0.227787220,0.234996783,0.250196378,0.000000000
5817,2020-08-30 09:00:00,0.000000000,0.192675056,0.224561914,0.227777335,0.234985214,0.250180503,0.000000000
5818,2020-08-30 10:00:00,0.000000000,0.192677072,0.224549075,0.227763541,0.234969070,0.250158351,0.000000000
5819,2020-08-30 11:00:00,0.000000000,0.192679242,0.224535260,0.227748698,0.234951699,0.250134518,0.000000000
5820,2020-08-30 12:00:00,0.000000000,0.192684576,0.224501275,0.227712185,0.234908971,0.250075905,0.000000000
5821,2020-08-30 13:00:00,0.000000000,0.192694384,0.224438719,0.227644982,0.234830341,0.249968084,0.000000000
5822,2020-08-30 14:00:00,0.000000000,0.192710148,0.224338006,0.227536796,0.234703793,0.249794666,0.000000000
5823,2020-08-30 15:00:00,0.000000000,0.192730982,0.224204579,0.227393494,0.234536230,0.249565252,0.000000000
5824,2020-08-30 16:00:00,0.000000000,0.192757084,0.224036895,0.227213433,0.234325787,0.249277463,0.000000000
5825,2020-08-30 17:00:00,0.000000000,0.192782910,0.223870398,0.227034687,0.234116992,0.248992295,0.000000000
5826,2020-08-30 18:00:00,0.000000000,0.192808305,0.223706124,0.226858366,0.233911136,0.248711498,0.000000000
5827,2020-08-30 19:00:00,0.000000000,0.192830806,0.223560095,0.226701659,0.233728271,0.248462356,0.000000000
5828,2020-08-30 20:00:00,0.000000000,0.192850800,0.223429969,0.226562044,0.233565420,0.248240715,0.000000000
5829,2020-08-30 21:00:00,0.000000000,0.192862699,0.223352360,0.226478787,0.233468339,0.248108691,0.000000000
5830,2020-08-30 22:00:00,0.000000000,0.192873114,0.223284330,0.226405813,0.233383267,0.247993063,0.000000000
5831,2020-08-30 23:00:00,0.000000000,0.192880658,0.223234989,0.226352890,0.233321582,0.247909259,0.000000000
5832,2020-08-31 00:00:00,0.000000000,0.192882708,0.223221571,0.226338499,0.233304810,0.247886478,0.000000000
5833,2020-08-31 01:00:00,0.000000000,0.192883388,0.223217123,0.226333729,0.233299250,0.247878927,0.000000000
5834,2020-08-31 02:00:00,0.000000000,0.192884032,0.223212907,0.226329207,0.233293981,0.247871770,0.000000000
5835,2020-08-31 03:00:00,0.000000000,0.192884699,0.223208541,0.226324524,0.233288524,0.247864359,0.000000000
5836,2020-08-31 04:00:00,0.000000000,0.192885479,0.223203434,0.226319047,0.233282140,0.247855690,0.000000000
5837,2020-08-31 05:00:00,0.000000000,0.192886245,0.223198414,0.226313663,0.233275866,0.247847170,0.000000000
5838,2020-08-31 06:00:00,0.000000000,0.192886829,0.223194591,0.226309562,0.233271088,0.247840681,0.000000000
5839,2020-08-31 07:00:00,0.000000000,0.192887450,0.223190523,0.226305199,0.233266003,0.247833777,0.000000000
5840,2020-08-31 08:00:00,0.000000000,0.192888165,0.223185839,0.226300176,0.233260150,0.247825829,0.000000000
5841,2020-08-31 09:00:00,0.000000000,0.192888810,0.223181616,0.226295647,0.233254872,0.247818663,0.000000000
5842,2020-08-31 10:00:00,0.000000000,0.192889430,0.223177556,0.226291293,0.233249799,0.247811774,0.000000000
5843,2020-08-31 11:00:00,0.000000000,0.192890172,0.223172691,0.226286076,0.233243719,0.247803519,0.000000000
5844,2020-08-31 12:00:00,0.000000000,0.192891733,0.223162462,0.226275105,0.233230936,0.247786165,0.000000000
5845,2020-08-31 13:00:00,0.000000000,0.192896244,0.223132892,0.226243393,0.233193986,0.247736007,0.000000000
5846,2020-08-31 14:00:00,0.000000000,0.192904600,0.223078072,0.226184605,0.233125498,0.247643069,0.000000000
5847,2020-08-31 15:00:00,0.000000000,0.192915707,0.223005096,0.226106355,0.233034354,0.247519445,0.000000000
5848,2020-08-31 16:00:00,0.000000000,0.192928707,0.222919555,0.226014640,0.232927554,0.247374671,0.000000000
5849,2020-08-31 17:00:00,0.000000000,0.192945148,0.222811142,0.225898417,0.232792255,0.247191398,0.000000000
5850,2020-08-31 18:00:00,0.000000000,0.192958417,0.222723473,0.225804444,0.232682891,0.247043366,0.000000000
5851,2020-08-31 19:00:00,0.000000000,0.192973125,0.222626115,0.225700098,0.232561490,0.246879151,0.000000000
5852,2020-08-31 20:00:00,0.000000000,0.192983859,0.222554931,0.225623813,0.232472760,0.246759205,0.000000000
5853,2020-08-31 21:00:00,0.000000000,0.192987951,0.222527768,0.225594706,0.232438909,0.246713461,0.000000000
5854,2020-08-31 22:00:00,0.000000000,0.192990785,0.222508944,0.225574535,0.232415453,0.246681771,0.000000000
5855,2020-08-31 23:00:00,0.000000000,0.192993431,0.222491368,0.225555702,0.232393553,0.246652186,0.000000000
5856,2020-09-01 00:00:00,0.000000000,0.192994220,0.222486128,0.225550087,0.232387024,0.246643366,0.000000000
5857,2020-09-01 01:00:00,0.000000000,0.192994463,0.222484510,0.225548353,0.232385008,0.246640643,0.000000000
5858,2020-09-01 02:00:00,0.000000000,0.192994915,0.222481507,0.225545136,0.232381268,0.246635591,0.000000000
5859,2020-09-01 03:00:00,0.000000000,0.192995056,0.222480571,0.225544133,0.232380101,0.246634015,0.000000000
5860,2020-09-01 04:00:00,0.000000000,0.192995163,0.222479857,0.225543367,0.232379211,0.246632813,0.000000000
5861,2020-09-01 05:00:00,0.000000000,0.192995251,0.222479270,0.225542738,0.232378480,0.246631825,0.000000000
5862,2020-09-01 06:00:00,0.000000000,0.192995477,0.222477772,0.225541134,0.232376614,0.246629305,0.000000000
5863,2020-09-01 07:00:00,0.000000000,0.192995820,0.222475491,0.225538690,0.232373772,0.246625467,0.000000000
5864,2020-09-01 08:00:00,0.000000000,0.192996232,0.222472755,0.225535757,0.232370363,0.246620862,0.000000000
5865,2020-09-01 09:00:00,0.000000000,0.192997115,0.222466883,0.225529466,0.232363048,0.246610982,0.000000000
5866,2020-09-01 10:00:00,0.000000000,0.192997479,0.222464463,0.225526873,0.232360033,0.246606910,0.000000000
5867,2020-09-01 11:00:00,0.000000000,0.192998435,0.222458107,0.225520062,0.232352114,0.246596216,0.000000000
5868,2020-09-01 12:00:00,0.000000000,0.193000379,0.222445175,0.225506207,0.232336005,0.246574462,0.000000000
5869,2020-09-01 13:00:00,0.000000000,0.193004521,0.222417619,0.225476681,0.232301680,0.246528115,0.000000000
5870,2020-09-01 14:00:00,0.000000000,0.193014613,0.222350414,0.225404680,0.232217985,0.246415148,0.000000000
5871,2020-09-01 15:00:00,0.000000000,0.193027582,0.222263907,0.225312008,0.232110289,0.246269867,0.000000000
5872,2020-09-01 16:00:00,0.000000000,0.193044677,0.222149644,0.225189618,0.231968100,0.246078197,0.000000000
5873,2020-09-01 17:00:00,0.000000000,0.193061452,0.222037258,0.225069256,0.231828316,0.245889926,0.000000000
5874,2020-09-01 18:00:00,0.000000000,0.193077454,0.221929804,0.224954192,0.231694730,0.245710145,0.000000000
5875,2020-09-01 19:00:00,0.000000000,0.193090943,0.221839044,0.224857017,0.231581946,0.245558470,0.000000000
5876,2020-09-01 20:00:00,0.000000000,0.193102081,0.221763973,0.224776648,0.231488691,0.245433134,0.000000000
5877,2020-09-01 21:00:00,0.000000000,0.193109841,0.221711602,0.224720586,0.231423653,0.245345762,0.000000000
5878,2020-09-01 22:00:00,0.000000000,0.193115115,0.221675979,0.224682455,0.231379423,0.245286362,0.000000000
5879,2020-09-01 23:00:00,0.000000000,0.193118936,0.221650146,0.224654804,0.231347352,0.245243302,0.000000000
5880,2020-09-02 00:00:00,0.000000000,0.193121948,0.221629783,0.224633008,0.231322074,0.245209367,0.000000000
5881,2020-09-02 01:00:00,0.000000000,0.193124472,0.221612708,0.224614732,0.231300880,0.245180919,0.000000000
5882,2020-09-02 02:00:00,0.000000000,0.193126508,0.221598928,0.224599983,0.231283776,0.245157964,0.000000000
5883,2020-09-02 03:00:00,0.000000000,0.193128303,0.221586778,0.224586980,0.231268698,0.245137729,0.000000000
5884,2020-09-02 04:00:00,0.000000000,0.193130357,0.221572869,0.224572093,0.231251436,0.245114566,0.000000000
5885,2020-09-02 05:00:00,0.000000000,0.193131701,0.221563770,0.224562355,0.231240144,0.245099415,0.000000000
5886,2020-09-02 06:00:00,0.000000000,0.193132088,0.221561145,0.224559546,0.231236887,0.245095045,0.000000000
5887,2020-09-02 07:00:00,0.000000000,0.193132360,0.221559306,0.224557577,0.231234605,0.245091983,0.000000000
5888,2020-09-02 08:00:00,0.000000000,0.193133265,0.221553175,0.224551016,0.231226997,0.245081775,0.000000000
5889,2020-09-02 09:00:00,0.000000000,0.193133568,0.221551124,0.224548821,0.231224452,0.245078361,0.000000000
5890,2020-09-02 10:00:00,0.000000000,0.193134026,0.221548021,0.224545500,0.231220601,0.245073195,0.000000000
5891,2020-09-02 11:00:00,0.000000000,0.193134414,0.221545389,0.224542683,0.231217336,0.245068815,0.000000000
5892,2020-09-02 12:00:00,0.000000000,0.193135439,0.221538444,0.224535251,0.231208719,0.245057254,0.100860836
5893,2020-09-02 13:00:00,0.000000000,0.193130452,0.221572229,0.224571408,0.231250642,0.245113500,1.273411226
5894,2020-09-02 14:00:00,0.000000000,0.193059214,0.222052267,0.225085329,0.231846980,0.245915054,2.152263596
5895,2020-09-02 15:00:00,0.000000000,0.192941422,0.222835737,0.225924782,0.232822943,0.247232955,1.939584467
5896,2020-09-02 16:00:00,0.000000000,0.192833795,0.223540663,0.226680809,0.233703946,0.248429237,0.806184789
5897,2020-09-02 17:00:00,0.000000000,0.192787938,0.223837919,0.226999823,0.234076279,0.248936733,0.704328653
5898,2020-09-02 18:00:00,0.000000000,0.192748067,0.224094885,0.227275699,0.234398547,0.249376923,0.069416415
5899,2020-09-02 19:00:00,0.000000000,0.192745188,0.224113390,0.227295569,0.234421769,0.249408675,0.000000000
5900,2020-09-02 20:00:00,0.000000000,0.192746082,0.224107644,0.227289399,0.234414558,0.249398815,0.000000000
5901,2020-09-02 21:00:00,0.000000000,0.192746512,0.224104881,0.227286432,0.234411090,0.249394073,0.000412234
5902,2020-09-02 22:00:00,0.000000000,0.192746343,0.224104881,0.227286432,0.234411090,0.249394073,0.001973304
5903,2020-09-02 23:00:00,0.000000000,0.192746368,0.224105810,0.227287429,0.234412255,0.249395666,0.009519804
5904,2020-09-03 00:00:00,0.000000000,0.192745791,0.224109513,0.227291406,0.234416903,0.249402022,0.007109344
5905,2020-09-03 01:00:00,0.000000000,0.192745361,0.224112279,0.227294376,0.234420374,0.249406768,0.018455822
5906,2020-09-03 02:00:00,0.000000000,0.192744244,0.224119456,0.227302083,0.234429381,0.249419085,0.009421807
5907,2020-09-03 03:00:00,0.000000000,0.192743673,0.224123121,0.227306018,0.234433981,0.249425376,0.179802592
5908,2020-09-03 04:00:00,0.000000000,0.192732846,0.224192624,0.227380655,0.234521221,0.249544714,0.009361235
5909,2020-09-03 05:00:00,0.000000000,0.192732279,0.224196264,0.227384564,0.234525791,0.249550967,0.011012489
5910,2020-09-03 06:00:00,0.000000000,0.192731611,0.224200546,0.227389162,0.234531166,0.249558322,0.009531724
5911,2020-09-03 07:00:00,0.000000000,0.192731033,0.224204252,0.227393142,0.234535819,0.249564689,0.006447681
5912,2020-09-03 08:00:00,0.000000000,0.192730642,0.224206759,0.227395835,0.234538967,0.249568997,0.012258276
5913,2020-09-03 09:00:00,0.000000000,0.192729899,0.224211525,0.227400953,0.234544950,0.249577185,0.004947028
5914,2020-09-03 10:00:00,0.000000000,0.192729599,0.224213449,0.227403019,0.234547366,0.249580490,0.005803548
5915,2020-09-03 11:00:00,0.000000000,0.192729247,0.224215706,0.227405442,0.234550199,0.249584368,0.013237155
5916,2020-09-03 12:00:00,0.000000000,0.192728445,0.224220851,0.227410969,0.234556660,0.249593210,0.000000000
5917,2020-09-03 13:00:00,0.000000000,0.192728760,0.224218829,0.227408796,0.234554120,0.249589734,0.000000000
5918,2020-09-03 14:00:00,0.000000000,0.192730931,0.224204909,0.227393847,0.234536644,0.249565817,0.000000000
5919,2020-09-03 15:00:00,0.000000000,0.192741279,0.224138500,0.227322533,0.234453282,0.249451773,0.000000000
5920,2020-09-03 16:00:00,0.000000000,0.192754662,0.224052475,0.227230161,0.234345333,0.249304177,0.000000000
5921,2020-09-03 17:00:00,0.000000000,0.192770841,0.223948279,0.227118293,0.234214639,0.249125614,0.000000000
5922,2020-09-03 18:00:00,0.000000000,0.192790439,0.223821752,0.226982470,0.234056017,0.248909085,0.000000000
5923,2020-09-03 19:00:00,0.000000000,0.192808488,0.223704939,0.226857094,0.233909651,0.248709474,0.000000000
5924,2020-09-03 20:00:00,0.000000000,0.192820055,0.223629926,0.226776592,0.233815702,0.248581440,0.000000000
5925,2020-09-03 21:00:00,0.000000000,0.192824492,0.223601119,0.226745680,0.233779631,0.248532303,0.000000000
5926,2020-09-03 22:00:00,0.000000000,0.192827019,0.223584702,0.226728064,0.233759077,0.248504308,0.000000000
5927,2020-09-03 23:00:00,0.000000000,0.192828456,0.223575369,0.226718049,0.233747392,0.248488394,0.000000000
5928,2020-09-04 00:00:00,0.000000000,0.192829546,0.223568288,0.226710450,0.233738527,0.248476322,0.000000000
5929,2020-09-04 01:00:00,0.000000000,0.192830366,0.223562957,0.226704730,0.233731853,0.248467234,0.000000000
5930,2020-09-04 02:00:00,0.000000000,0.192831035,0.223558609,0.226700065,0.233726410,0.248459822,0.000000000
5931,2020-09-04 03:00:00,0.000000000,0.192831574,0.223555105,0.226696305,0.233722024,0.248453851,0.000000000
5932,2020-09-04 04:00:00,0.000000000,0.192832253,0.223550693,0.226691571,0.233716501,0.248446330,0.000000000
5933,2020-09-04 05:00:00,0.000000000,0.192832635,0.223548211,0.226688907,0.233713394,0.248442099,1.705830357
5934,2020-09-04 06:00:00,0.000000000,0.192735919,0.224172906,0.227359479,0.234496468,0.249510847,0.000000000
5935,2020-09-04 07:00:00,0.000000000,0.192736150,0.224171429,0.227357893,0.234494614,0.249508310,0.000000000
5936,2020-09-04 08:00:00,0.000000000,0.192736297,0.224170484,0.227356878,0.234493427,0.249506687,0.000000000
5937,2020-09-04 09:00:00,0.000000000,0.192736410,0.224169758,0.227356098,0.234492516,0.249505440,0.000000000
5938,2020-09-04 10:00:00,0.000000000,0.192736807,0.224167208,0.227353360,0.234489316,0.249501062,0.000000000
5939,2020-09-04 11:00:00,0.000000000,0.192737127,0.224165155,0.227351155,0.234486738,0.249497536,0.000000000
5940,2020-09-04 12:00:00,0.000000000,0.192737456,0.224163046,0.227348891,0.234484091,0.249493914,0.000000000
5941,2020-09-04 13:00:00,0.000000000,0.192738560,0.224155960,0.227341281,0.234475197,0.249481748,0.000000000
5942,2020-09-04 14:00:00,0.000000000,0.192747711,0.224097176,0.227278159,0.234401421,0.249380853,0.000000000
5943,2020-09-04 15:00:00,0.000000000,0.192765722,0.223981267,0.227153708,0.234256010,0.249182122,0.000000000
5944,2020-09-04 16:00:00,0.000000000,0.192787532,0.223840545,0.227002642,0.234079571,0.248941225,0.000000000
5945,2020-09-04 17:00:00,0.000000000,0.192809346,0.223699377,0.226851125,0.233902684,0.248699977,0.000000000
5946,2020-09-04 18:00:00,0.000000000,0.192832573,0.223548611,0.226689337,0.233713895,0.248442782,0.000000000
5947,2020-09-04 19:00:00,0.000000000,0.192853804,0.223410387,0.226541036,0.233540921,0.248207392,0.000000000
5948,2020-09-04 20:00:00,0.000000000,0.192872857,0.223286008,0.226407613,0.233385365,0.247995914,0.000000000
5949,2020-09-04 21:00:00,0.000000000,0.192882487,0.223223018,0.226340051,0.233306618,0.247888934,0.000000000
5950,2020-09-04 22:00:00,0.000000000,0.192889631,0.223176240,0.226289882,0.233248154,0.247809541,0.000000000
5951,2020-09-04 23:00:00,0.000000000,0.192893230,0.223152656,0.226264589,0.233218682,0.247769530,0.000000000
5952,2020-09-05 00:00:00,0.000000000,0.192896646,0.223130259,0.226240570,0.233190697,0.247731543,0.000000000
5953,2020-09-05 01:00:00,0.000000000,0.192901289,0.223099798,0.226207903,0.233152639,0.247679895,0.000000000
5954,2020-09-05 02:00:00,0.000000000,0.192901941,0.223095520,0.226203316,0.233147295,0.247672643,0.000000000
5955,2020-09-05 03:00:00,0.000000000,0.192902455,0.223092147,0.226199699,0.233143082,0.247666926,0.000000000
5956,2020-09-05 04:00:00,0.000000000,0.192903019,0.223088445,0.226195729,0.233138456,0.247660650,0.000000000
5957,2020-09-05 05:00:00,0.000000000,0.192903754,0.223083623,0.226190558,0.233132433,0.247652478,0.000000000
5958,2020-09-05 06:00:00,0.000000000,0.192904219,0.223080572,0.226187287,0.233128622,0.247647307,0.000000000
5959,2020-09-05 07:00:00,0.000000000,0.192904586,0.223078163,0.226184704,0.233125613,0.247643224,0.000000000
5960,2020-09-05 08:00:00,0.000000000,0.192905105,0.223074756,0.226181050,0.233121357,0.247637450,0.000000000
5961,2020-09-05 09:00:00,0.000000000,0.192905716,0.223070744,0.226176747,0.233116345,0.247630650,0.000000000
5962,2020-09-05 10:00:00,0.000000000,0.192906648,0.223064619,0.226170180,0.233108695,0.247620272,0.000000000
5963,2020-09-05 11:00:00,0.000000000,0.192907606,0.223058329,0.226163435,0.233100837,0.247609613,0.000000000
5964,2020-09-05 12:00:00,0.000000000,0.192910861,0.223036947,0.226140508,0.233074132,0.247573389,0.000000000
5965,2020-09-05 13:00:00,0.000000000,0.192917528,0.222993125,0.226093519,0.233019406,0.247499176,0.000000000
5966,2020-09-05 14:00:00,0.000000000,0.192930773,0.222905940,0.226000043,0.232910559,0.247351641,0.000000000
5967,2020-09-05 15:00:00,0.000000000,0.192949871,0.222779954,0.225864985,0.232753344,0.247138718,0.000000000
5968,2020-09-05 16:00:00,0.000000000,0.192970243,0.222645206,0.225720558,0.232585292,0.246911337,0.000000000
5969,2020-09-05 17:00:00,0.000000000,0.192988939,0.222521210,0.225587678,0.232430736,0.246702419,0.000000000
5970,2020-09-05 18:00:00,0.000000000,0.193008099,0.222393802,0.225451164,0.232272016,0.246488070,0.000000000
5971,2020-09-05 19:00:00,0.000000000,0.193024936,0.222281566,0.225330925,0.232132270,0.246299512,0.000000000
5972,2020-09-05 20:00:00,0.000000000,0.193036901,0.222201654,0.225245325,0.232032812,0.246165409,0.000000000
5973,2020-09-05 21:00:00,0.000000000,0.193039952,0.222181251,0.225223471,0.232007424,0.246131190,0.000000000
5974,2020-09-05 22:00:00,0.000000000,0.193043068,0.222160410,0.225201149,0.231981494,0.246096245,0.000000000
5975,2020-09-05 23:00:00,0.000000000,0.193045070,0.222147012,0.225186799,0.231964826,0.246073785,0.000000000
5976,2020-09-06 00:00:00,0.000000000,0.193046019,0.222140664,0.225180000,0.231956928,0.246063144,0.000000000
5977,2020-09-06 01:00:00,0.000000000,0.193047077,0.222133578,0.225172411,0.231948113,0.246051268,0.000000000
5978,2020-09-06 02:00:00,0.000000000,0.193047442,0.222131135,0.225169795,0.231945075,0.246047174,0.000000000
5979,2020-09-06 03:00:00,0.000000000,0.193047686,0.222129504,0.225168048,0.231943045,0.246044440,0.000000000
5980,2020-09-06 04:00:00,0.000000000,0.193047758,0.222129024,0.225167534,0.231942448,0.246043636,0.000000000
5981,2020-09-06 05:00:00,0.000000000,0.193048053,0.222127046,0.225165415,0.231939987,0.246040320,0.000000000
5982,2020-09-06 06:00:00,0.000000000,0.193048193,0.222126111,0.225164414,0.231938824,0.246038754,0.000000000
5983,2020-09-06 07:00:00,0.000000000,0.193048363,0.222124970,0.225163192,0.231937405,0.246036842,0.000000000
5984,2020-09-06 08:00:00,0.000000000,0.193048650,0.222123050,0.225161135,0.231935016,0.246033623,0.000000000
5985,2020-09-06 09:00:00,0.000000000,0.193048970,0.222123050,0.225161135,0.231935016,0.246033623,0.000000000
5986,2020-09-06 10:00:00,0.000000000,0.193049084,0.222123050,0.225161135,0.231935016,0.246033623,0.000000000
5987,2020-09-06 11:00:00,0.000000000,0.193049028,0.222120515,0.225158421,0.231931864,0.246029377,0.000000000
5988,2020-09-06 12:00:00,0.000000000,0.193050276,0.222112159,0.225149471,0.231921469,0.246015374,0.000000000
5989,2020-09-06 13:00:00,0.000000000,0.193052477,0.222097416,0.225133681,0.231903131,0.245990672,0.000000000
5990,2020-09-06 14:00:00,0.000000000,0.193057660,0.222062686,0.225096487,0.231859937,0.245932501,0.000000000
5991,2020-09-06 15:00:00,0.000000000,0.193065784,0.222008190,0.225038128,0.231792173,0.245841270,0.000000000
5992,2020-09-06 16:00:00,0.000000000,0.193077797,0.221927501,0.224951727,0.231691868,0.245706295,0.000000000
5993,2020-09-06 17:00:00,0.000000000,0.193091664,0.221834185,0.224851815,0.231575909,0.245550355,0.000000000
5994,2020-09-06 18:00:00,0.000000000,0.193108333,0.221721783,0.224731484,0.231436296,0.245362743,0.000000000
5995,2020-09-06 19:00:00,0.000000000,0.193121523,0.221632657,0.224636084,0.231325642,0.245214157,0.000000000
5996,2020-09-06 20:00:00,0.000000000,0.193131642,0.221564168,0.224562780,0.231240638,0.245100077,0.000000000
5997,2020-09-06 21:00:00,0.000000000,0.193137434,0.221524921,0.224520778,0.231191939,0.245034746,0.000000000
5998,2020-09-06 22:00:00,0.000000000,0.193142612,0.221489813,0.224483206,0.231148383,0.244976330,0.000000000
5999,2020-09-06 23:00:00,0.000000000,0.193144274,0.221478536,0.224471138,0.231134393,0.244957571,0.000000000
6000,2020-09-07 00:00:00,0.000000000,0.193144708,0.221475590,0.224467986,0.231130739,0.244952671,0.000000000
6001,2020-09-07 01:00:00,0.000000000,0.193145151,0.221472586,0.224464771,0.231127013,0.244947674,0.003458289
6002,2020-09-07 02:00:00,0.000000000,0.193144950,0.221473951,0.224466232,0.231128706,0.244949945,0.006879314
6003,2020-09-07 03:00:00,0.000000000,0.193144550,0.221476665,0.224469137,0.231132073,0.244954460,0.006790555
6004,2020-09-07 04:00:00,0.000000000,0.193144155,0.221479345,0.224472004,0.231135397,0.244958917,0.005790676
6005,2020-09-07 05:00:00,0.000000000,0.193143818,0.221481630,0.224474450,0.231138232,0.244962718,0.004419503
6006,2020-09-07 06:00:00,0.000000000,0.193143561,0.221483374,0.224476316,0.231140396,0.244965620,0.004148323
6007,2020-09-07 07:00:00,0.000000000,0.193143319,0.221485012,0.224478068,0.231142427,0.244968343,0.002699381
6008,2020-09-07 08:00:00,0.000000000,0.193143162,0.221486077,0.224479208,0.231143748,0.244970115,0.002271864
6009,2020-09-07 09:00:00,0.000000000,0.193143030,0.221486974,0.224480168,0.231144860,0.244971607,0.001184958
6010,2020-09-07 10:00:00,0.000000000,0.193142961,0.221487441,0.224480668,0.231145441,0.244972385,0.000000000
6011,2020-09-07 11:00:00,0.000000000,0.193143161,0.221486085,0.224479217,0.231143758,0.244970129,0.000000000
6012,2020-09-07 12:00:00,0.000000000,0.193144400,0.221477681,0.224470224,0.231133333,0.244956150,0.000000000
6013,2020-09-07 13:00:00,0.000000000,0.193148248,0.221451566,0.224442277,0.231100939,0.244912717,0.000000000
6014,2020-09-07 14:00:00,0.000000000,0.193157430,0.221389190,0.224375532,0.231023583,0.244809034,0.000000000
6015,2020-09-07 15:00:00,0.000000000,0.193173306,0.221281151,0.224259938,0.230889645,0.244629622,0.000000000
6016,2020-09-07 16:00:00,0.000000000,0.193191410,0.221157661,0.224127831,0.230736627,0.244424824,0.000000000
6017,2020-09-07 17:00:00,0.000000000,0.193213141,0.221009017,0.223968843,0.230552548,0.244178691,0.000000000
6018,2020-09-07 18:00:00,0.000000000,0.193234116,0.220865110,0.223814950,0.230374448,0.243940799,0.000000000
6019,2020-09-07 19:00:00,0.000000000,0.193253368,0.220732646,0.223673319,0.230210606,0.243722166,0.000000000
6020,2020-09-07 20:00:00,0.000000000,0.193267704,0.220633778,0.223567623,0.230088377,0.243559195,0.000000000
6021,2020-09-07 21:00:00,0.000000000,0.193275067,0.220582921,0.223513260,0.230025524,0.243475436,0.000000000
6022,2020-09-07 22:00:00,0.000000000,0.193277335,0.220567244,0.223496503,0.230006152,0.243449626,0.000000000
6023,2020-09-07 23:00:00,0.000000000,0.193279382,0.220553092,0.223481376,0.229988665,0.243426330,0.001195342
6024,2020-09-08 00:00:00,0.000000000,0.193279313,0.220553566,0.223481882,0.229989250,0.243427111,0.004156544
6025,2020-09-08 01:00:00,0.000000000,0.193279075,0.220555214,0.223483644,0.229991287,0.243429824,0.004795410
6026,2020-09-08 02:00:00,0.000000000,0.193278800,0.220557116,0.223485677,0.229993637,0.243432954,0.006764785
6027,2020-09-08 03:00:00,0.000000000,0.193278412,0.220559798,0.223488544,0.229996951,0.243437369,0.007429601
6028,2020-09-08 04:00:00,0.000000000,0.193277986,0.220562744,0.223491692,0.230000591,0.243442218,0.010748012
6029,2020-09-08 05:00:00,0.000000000,0.193277370,0.220567005,0.223496247,0.230005856,0.243449232,0.015181731
6030,2020-09-08 06:00:00,0.000000000,0.193276499,0.220573022,0.223502679,0.230013291,0.243459138,0.011480457
6031,2020-09-08 07:00:00,0.000000000,0.193275841,0.220577573,0.223507543,0.230018915,0.243466631,0.012197057
6032,2020-09-08 08:00:00,0.000000000,0.193275141,0.220582408,0.223512711,0.230024890,0.243474591,0.015871658
6033,2020-09-08 09:00:00,0.000000000,0.193274231,0.220588698,0.223519435,0.230032663,0.243484948,0.015023590
6034,2020-09-08 10:00:00,0.000000000,0.193273369,0.220594652,0.223525800,0.230040021,0.243494752,0.005183557
6035,2020-09-08 11:00:00,0.000000000,0.193273072,0.220596707,0.223527996,0.230042561,0.243498137,0.000000000
6036,2020-09-08 12:00:00,0.000000000,0.193274209,0.220588849,0.223519596,0.230032849,0.243485196,0.000000000
6037,2020-09-08 13:00:00,0.000000000,0.193277793,0.220564081,0.223493122,0.230002244,0.243444420,0.000000000
6038,2020-09-08 14:00:00,0.000000000,0.193284250,0.220519416,0.223445381,0.229947058,0.243370913,0.000000000
6039,2020-09-08 15:00:00,0.000000000,0.193294550,0.220448094,0.223369153,0.229858959,0.243253612,0.000000000
6040,2020-09-08 16:00:00,0.000000000,0.193307721,0.220356733,0.223271518,0.229746145,0.243103491,0.000000000
6041,2020-09-08 17:00:00,0.000000000,0.193321271,0.220262563,0.223170893,0.229629910,0.242948916,0.000000000
6042,2020-09-08 18:00:00,0.000000000,0.193333868,0.220174858,0.223077187,0.229521695,0.242805098,0.000000000
6043,2020-09-08 19:00:00,0.000000000,0.193347470,0.220079976,0.222975823,0.229404669,0.242649670,0.000000000
6044,2020-09-08 20:00:00,0.000000000,0.193358330,0.220004087,0.222894760,0.229311103,0.242525474,0.000000000
6045,2020-09-08 21:00:00,0.000000000,0.193361503,0.219981888,0.222871048,0.229283739,0.242489163,0.000000000
6046,2020-09-08 22:00:00,0.000000000,0.193363945,0.219964802,0.222852798,0.229262678,0.242461221,0.000000000
6047,2020-09-08 23:00:00,0.000000000,0.193365527,0.219953733,0.222840975,0.229249035,0.242443123,0.000000000
6048,2020-09-09 00:00:00,0.000000000,0.193365710,0.219952451,0.222839607,0.229247456,0.242441028,0.005636955
6049,2020-09-09 01:00:00,0.000000000,0.193365389,0.219954693,0.222842002,0.229250219,0.242444693,0.010582870
6050,2020-09-09 02:00:00,0.000000000,0.193364788,0.219958902,0.222846497,0.229255406,0.242451574,0.014535191
6051,2020-09-09 03:00:00,0.000000000,0.193363962,0.219964681,0.222852669,0.229262529,0.242461024,0.014744402
6052,2020-09-09 04:00:00,0.000000000,0.193363125,0.219970543,0.222858931,0.229269755,0.242470610,0.013987280
6053,2020-09-09 05:00:00,0.000000000,0.193362330,0.219976105,0.222864871,0.229276609,0.242479704,0.012841200
6054,2020-09-09 06:00:00,0.000000000,0.193361600,0.219981210,0.222870324,0.229282903,0.242488054,0.011305113
6055,2020-09-09 07:00:00,0.000000000,0.193360958,0.219985705,0.222875125,0.229288443,0.242495405,0.011593003
6056,2020-09-09 08:00:00,0.000000000,0.193360299,0.219990314,0.222880048,0.229294125,0.242502944,0.012743009
6057,2020-09-09 09:00:00,0.000000000,0.193359575,0.219995381,0.222885460,0.229300370,0.242511231,0.008858585
6058,2020-09-09 10:00:00,0.000000000,0.193359071,0.219998903,0.222889222,0.229304712,0.242516993,0.000523300
6059,2020-09-09 11:00:00,0.000000000,0.193358851,0.219998903,0.222889222,0.229304712,0.242516993,0.000000000
6060,2020-09-09 12:00:00,0.000000000,0.193360388,0.219989690,0.222879382,0.229293356,0.242501924,0.000000000
6061,2020-09-09 13:00:00,0.000000000,0.193363645,0.219966902,0.222855042,0.229265267,0.242464656,0.000000000
6062,2020-09-09 14:00:00,0.000000000,0.193369159,0.219928294,0.222813805,0.229217684,0.242401537,0.000000000
6063,2020-09-09 15:00:00,0.000000000,0.193377805,0.219867703,0.222749094,0.229143024,0.242302535,0.000000000
6064,2020-09-09 16:00:00,0.000000000,0.193389190,0.219787798,0.222663763,0.229044595,0.242172075,0.000000000
6065,2020-09-09 17:00:00,0.000000000,0.193404060,0.219683236,0.222552114,0.228915842,0.242001534,0.000000000
6066,2020-09-09 18:00:00,0.000000000,0.193418027,0.219584816,0.222447035,0.228794704,0.241841189,0.000000000
6067,2020-09-09 19:00:00,0.000000000,0.193430343,0.219497875,0.222354223,0.228687735,0.241699690,0.000000000
6068,2020-09-09 20:00:00,0.000000000,0.193439363,0.219434100,0.222286148,0.228609294,0.241595981,0.000000000
6069,2020-09-09 21:00:00,0.000000000,0.193444459,0.219398032,0.222247650,0.228564940,0.241537360,0.000000000
6070,2020-09-09 22:00:00,0.000000000,0.193445612,0.219389864,0.222238932,0.228554896,0.241524086,0.000000000
6071,2020-09-09 23:00:00,0.000000000,0.193446407,0.219384233,0.222232922,0.228547973,0.241514938,0.000000000
6072,2020-09-10 00:00:00,0.000000000,0.193446917,0.219380622,0.222229068,0.228543533,0.241509071,0.000000000
6073,2020-09-10 01:00:00,0.000000000,0.193447160,0.219378899,0.222227229,0.228541414,0.241506272,0.000000000
6074,2020-09-10 02:00:00,0.000000000,0.193447261,0.219378185,0.222226467,0.228540537,0.241505113,0.000000000
6075,2020-09-10 03:00:00,0.000000000,0.193447357,0.219377508,0.222225744,0.228539704,0.241504012,0.000000000
6076,2020-09-10 04:00:00,0.000000000,0.193447745,0.219377508,0.222225744,0.228539704,0.241504012,0.000000000
6077,2020-09-10 05:00:00,0.000000000,0.193447903,0.219377508,0.222225744,0.228539704,0.241504012,0.000383875
6078,2020-09-10 06:00:00,0.000000000,0.193447741,0.219377508,0.222225744,0.228539704,0.241504012,0.000058716
6079,2020-09-10 07:00:00,0.000000000,0.193447716,0.219377508,0.222225744,0.228539704,0.241504012,0.000000000
6080,2020-09-10 08:00:00,0.000000000,0.193447844,0.219377508,0.222225744,0.228539704,0.241504012,0.001425074
6081,2020-09-10 09:00:00,0.000000000,0.193447341,0.219377616,0.222225860,0.228539837,0.241504188,0.003025613
6082,2020-09-10 10:00:00,0.000000000,0.193447171,0.219378823,0.222227148,0.228541321,0.241506149,0.001575550
6083,2020-09-10 11:00:00,0.000000000,0.193447514,0.219378823,0.222227148,0.228541321,0.241506149,0.000000000
6084,2020-09-10 12:00:00,0.000000000,0.193447845,0.219374050,0.222222054,0.228535452,0.241498394,0.216650326
6085,2020-09-10 13:00:00,0.000000000,0.193436111,0.219457100,0.222310698,0.228637580,0.241633373,0.775768211
6086,2020-09-10 14:00:00,0.000000000,0.193393871,0.219754902,0.222628636,0.229004083,0.242118401,0.490192053
6087,2020-09-10 15:00:00,0.000000000,0.193367107,0.219942668,0.222829157,0.229235398,0.242425033,0.357217718
6088,2020-09-10 16:00:00,0.000000000,0.193348085,0.220075675,0.222971229,0.229399365,0.242642629,0.116899821
6089,2020-09-10 17:00:00,0.000000000,0.193343238,0.220109516,0.223007379,0.229441097,0.242698042,0.000000000
6090,2020-09-10 18:00:00,0.000000000,0.193347497,0.220079783,0.222975617,0.229404431,0.242649354,0.000000000
6091,2020-09-10 19:00:00,0.000000000,0.193352900,0.220042043,0.222935302,0.229357895,0.242587576,0.174794540
6092,2020-09-10 20:00:00,0.000000000,0.193346585,0.220086154,0.222982423,0.229412287,0.242659786,0.000000000
6093,2020-09-10 21:00:00,0.000000000,0.193348763,0.220070947,0.222966178,0.229393534,0.242634887,0.000000000
6094,2020-09-10 22:00:00,0.000000000,0.193349185,0.220067999,0.222963029,0.229389900,0.242630062,0.072823386
6095,2020-09-10 23:00:00,0.000000000,0.193345265,0.220095365,0.222992263,0.229423647,0.242674868,0.057894745
6096,2020-09-11 00:00:00,0.000000000,0.193342009,0.220118088,0.223016538,0.229451670,0.242712083,0.000753834
6097,2020-09-11 01:00:00,0.000000000,0.193341692,0.220118088,0.223016538,0.229451670,0.242712083,0.001398878
6098,2020-09-11 02:00:00,0.000000000,0.193341886,0.220118944,0.223017452,0.229452725,0.242713484,0.001490728
6099,2020-09-11 03:00:00,0.000000000,0.193341801,0.220119537,0.223018085,0.229453456,0.242714455,0.000000000
6100,2020-09-11 04:00:00,0.000000000,0.193341972,0.220119537,0.223018085,0.229453456,0.242714455,0.000000000
6101,2020-09-11 05:00:00,0.000000000,0.193342135,0.220119537,0.223018085,0.229453456,0.242714455,0.000000000
6102,2020-09-11 06:00:00,0.000000000,0.193341941,0.220118566,0.223017048,0.229452259,0.242712865,0.000000000
6103,2020-09-11 07:00:00,0.000000000,0.193342006,0.220118108,0.223016558,0.229451694,0.242712115,0.000000000
6104,2020-09-11 08:00:00,0.000000000,0.193342195,0.220116788,0.223015149,0.229450067,0.242709953,0.000000000
6105,2020-09-11 09:00:00,0.000000000,0.193342316,0.220115945,0.223014248,0.229449027,0.242708572,0.000000000
6106,2020-09-11 10:00:00,0.000000000,0.193342533,0.220114435,0.223012635,0.229447164,0.242706099,0.000000000
6107,2020-09-11 11:00:00,0.000000000,0.193343295,0.220109115,0.223006952,0.229440603,0.242697386,0.000000000
6108,2020-09-11 12:00:00,0.000000000,0.193345447,0.220094095,0.222990906,0.229422079,0.242672787,0.000000000
6109,2020-09-11 13:00:00,0.000000000,0.193351097,0.220054641,0.222948760,0.229373429,0.242608196,0.000000000
6110,2020-09-11 14:00:00,0.000000000,0.193361346,0.219982987,0.222872221,0.229285092,0.242490959,0.000000000
6111,2020-09-11 15:00:00,0.000000000,0.193372359,0.219905876,0.222789862,0.229190058,0.242364899,0.000000000
6112,2020-09-11 16:00:00,0.000000000,0.193383979,0.219824383,0.222702832,0.229089658,0.242231794,0.000000000
6113,2020-09-11 17:00:00,0.000000000,0.193397403,0.219730076,0.222602126,0.228973512,0.242077906,0.000000000
6114,2020-09-11 18:00:00,0.000000000,0.193409680,0.219643659,0.222509857,0.228867123,0.241937034,0.000000000
6115,2020-09-11 19:00:00,0.000000000,0.193419418,0.219575008,0.222436564,0.228782634,0.241825219,0.000000000
6116,2020-09-11 20:00:00,0.000000000,0.193428079,0.219513864,0.222371291,0.228707405,0.241725703,0.000000000
6117,2020-09-11 21:00:00,0.000000000,0.193434398,0.219469213,0.222323627,0.228652478,0.241653071,0.000000000
6118,2020-09-11 22:00:00,0.000000000,0.193438752,0.219438423,0.222290762,0.228614610,0.241603007,0.000000000
6119,2020-09-11 23:00:00,0.000000000,0.193441923,0.219415981,0.222266809,0.228587012,0.241566529,0.000000000
6120,2020-09-12 00:00:00,0.000000000,0.193445233,0.219392552,0.222241801,0.228558201,0.241528454,0.000000000
6121,2020-09-12 01:00:00,0.000000000,0.193447245,0.219378298,0.222226588,0.228540675,0.241505295,0.000000000
6122,2020-09-12 02:00:00,0.000000000,0.193448803,0.219367265,0.222214812,0.228527110,0.241487372,0.000000000
6123,2020-09-12 03:00:00,0.000000000,0.193449007,0.219365819,0.222213269,0.228525333,0.241485023,0.000000000
6124,2020-09-12 04:00:00,0.000000000,0.193449275,0.219363919,0.222211241,0.228522997,0.241481938,0.000000000
6125,2020-09-12 05:00:00,0.000000000,0.193449527,0.219362135,0.222209337,0.228520803,0.241479039,0.000000000
6126,2020-09-12 06:00:00,0.000000000,0.193450142,0.219357773,0.222204681,0.228515441,0.241471954,0.000000000
6127,2020-09-12 07:00:00,0.000000000,0.193450563,0.219354792,0.222201500,0.228511776,0.241467112,0.000000000
6128,2020-09-12 08:00:00,0.000000000,0.193451149,0.219350635,0.222197063,0.228506665,0.241460361,0.000000000
6129,2020-09-12 09:00:00,0.000000000,0.193451696,0.219346763,0.222192930,0.228501905,0.241454072,0.000000000
6130,2020-09-12 10:00:00,0.000000000,0.193452242,0.219342893,0.222188800,0.228497147,0.241447786,0.000000000
6131,2020-09-12 11:00:00,0.000000000,0.193454092,0.219329777,0.222174802,0.228481023,0.241426488,0.000000000
6132,2020-09-12 12:00:00,0.000000000,0.193456694,0.219311323,0.222155107,0.228458339,0.241396526,0.000000000
6133,2020-09-12 13:00:00,0.000000000,0.193461146,0.219279736,0.222121397,0.228419516,0.241345256,0.000000000
6134,2020-09-12 14:00:00,0.000000000,0.193470317,0.219214604,0.222051892,0.228339477,0.241239592,0.000000000
6135,2020-09-12 15:00:00,0.000000000,0.193482810,0.219125736,0.221957067,0.228230307,0.241095545,0.000000000
6136,2020-09-12 16:00:00,0.000000000,0.193496385,0.219028992,0.221853849,0.228111505,0.240938887,0.000000000
6137,2020-09-12 17:00:00,0.000000000,0.193511807,0.218918846,0.221736348,0.227976304,0.240760730,0.000000000
6138,2020-09-12 18:00:00,0.000000000,0.193528203,0.218801479,0.221611159,0.227832306,0.240571125,0.000000000
6139,2020-09-12 19:00:00,0.000000000,0.193542578,0.218698347,0.221501170,0.227705831,0.240404715,0.000000000
6140,2020-09-12 20:00:00,0.000000000,0.193552812,0.218624794,0.221422736,0.227615664,0.240286148,0.000000000
6141,2020-09-12 21:00:00,0.000000000,0.193560196,0.218571650,0.221366068,0.227550530,0.240200536,0.000000000
6142,2020-09-12 22:00:00,0.000000000,0.193565549,0.218533093,0.221324958,0.227503285,0.240138455,0.000000000
6143,2020-09-12 23:00:00,0.000000000,0.193568207,0.218513932,0.221304529,0.227479809,0.240107613,0.000000000
6144,2020-09-13 00:00:00,0.000000000,0.193569398,0.218505350,0.221295379,0.227469295,0.240093801,0.000000000
6145,2020-09-13 01:00:00,0.000000000,0.193569930,0.218501513,0.221291288,0.227464594,0.240087627,0.000000000
6146,2020-09-13 02:00:00,0.000000000,0.193571090,0.218493146,0.221282367,0.227454344,0.240074162,0.000000000
6147,2020-09-13 03:00:00,0.000000000,0.193571830,0.218487808,0.221276675,0.227447804,0.240065572,0.000000000
6148,2020-09-13 04:00:00,0.000000000,0.193572756,0.218481132,0.221269558,0.227439626,0.240054831,0.000000000
6149,2020-09-13 05:00:00,0.000000000,0.193574790,0.218466455,0.221253911,0.227421648,0.240031220,0.000000000
6150,2020-09-13 06:00:00,0.000000000,0.193575394,0.218462093,0.221249260,0.227416304,0.240024203,0.000000000
6151,2020-09-13 07:00:00,0.000000000,0.193575721,0.218459732,0.221246743,0.227413413,0.240020406,0.000000000
6152,2020-09-13 08:00:00,0.000000000,0.193575852,0.218458791,0.221245740,0.227412261,0.240018892,0.000000000
6153,2020-09-13 09:00:00,0.000000000,0.193576275,0.218455733,0.221242480,0.227408515,0.240013973,0.000000000
6154,2020-09-13 10:00:00,0.000000000,0.193576827,0.218451751,0.221238234,0.227403636,0.240007567,0.000000000
6155,2020-09-13 11:00:00,0.000000000,0.193578140,0.218442278,0.221228135,0.227392034,0.239992332,0.000000000
6156,2020-09-13 12:00:00,0.000000000,0.193579800,0.218430285,0.221215350,0.227377346,0.239973047,0.000000000
6157,2020-09-13 13:00:00,0.000000000,0.193582929,0.218407690,0.221191262,0.227349674,0.239936718,0.000000000
6158,2020-09-13 14:00:00,0.000000000,0.193588643,0.218366389,0.221147235,0.227299100,0.239870336,0.000000000
6159,2020-09-13 15:00:00,0.000000000,0.193598943,0.218291855,0.221067785,0.227207852,0.239750613,0.000000000
6160,2020-09-13 16:00:00,0.000000000,0.193613205,0.218188467,0.220957592,0.227081327,0.239584701,0.000000000
6161,2020-09-13 17:00:00,0.000000000,0.193629964,0.218066698,0.220827825,0.226932377,0.239389528,0.000000000
6162,2020-09-13 18:00:00,0.000000000,0.193645992,0.217949962,0.220703440,0.226789650,0.239202657,0.000000000
6163,2020-09-13 19:00:00,0.000000000,0.193661887,0.217833914,0.220579805,0.226647833,0.239017118,0.000000000
6164,2020-09-13 20:00:00,0.000000000,0.193674540,0.217741342,0.220481193,0.226534752,0.238869275,0.000000000
6165,2020-09-13 21:00:00,0.000000000,0.193681944,0.217687096,0.220423413,0.226468507,0.238782708,0.000000000
6166,2020-09-13 22:00:00,0.000000000,0.193685934,0.217657831,0.220392242,0.226432774,0.238736026,0.000000000
6167,2020-09-13 23:00:00,0.000000000,0.193689084,0.217634722,0.220367630,0.226404561,0.238699174,0.000000000
6168,2020-09-14 00:00:00,0.000000000,0.193690415,0.217624954,0.220357226,0.226392637,0.238683600,0.000000000
6169,2020-09-14 01:00:00,0.000000000,0.193690741,0.217622560,0.220354678,0.226389715,0.238679785,0.000000000
6170,2020-09-14 02:00:00,0.000000000,0.193691020,0.217620509,0.220352493,0.226387212,0.238676515,0.000000000
6171,2020-09-14 03:00:00,0.000000000,0.193691376,0.217617896,0.220349710,0.226384022,0.238672349,0.002775201
6172,2020-09-14 04:00:00,0.000000000,0.193691224,0.217619013,0.220350899,0.226385385,0.238674129,0.005836516
6173,2020-09-14 05:00:00,0.000000000,0.193690904,0.217621361,0.220353400,0.226388251,0.238677873,0.008747232
6174,2020-09-14 06:00:00,0.000000000,0.193690425,0.217624880,0.220357148,0.226392547,0.238683483,0.010226824
6175,2020-09-14 07:00:00,0.000000000,0.193689864,0.217628994,0.220361530,0.226397569,0.238690042,0.007043325
6176,2020-09-14 08:00:00,0.000000000,0.193689478,0.217631828,0.220364548,0.226401029,0.238694560,0.011117967
6177,2020-09-14 09:00:00,0.000000000,0.193688869,0.217636300,0.220369311,0.226406488,0.238701691,0.013592094
6178,2020-09-14 10:00:00,0.000000000,0.193688124,0.217641767,0.220375133,0.226413162,0.238710408,0.002521352
6179,2020-09-14 11:00:00,0.000000000,0.193687986,0.217642781,0.220376213,0.226414401,0.238712026,0.000000000
6180,2020-09-14 12:00:00,0.000000000,0.193691700,0.217615516,0.220347176,0.226381117,0.238668555,0.000000000
6181,2020-09-14 13:00:00,0.000000000,0.193698400,0.217566305,0.220294766,0.226321050,0.238590125,0.000000000
6182,2020-09-14 14:00:00,0.000000000,0.193710427,0.217477835,0.220200554,0.226213096,0.238449228,0.000000000
6183,2020-09-14 15:00:00,0.000000000,0.193727525,0.217351797,0.220066352,0.226059364,0.238248725,0.000000000
6184,2020-09-14 16:00:00,0.000000000,0.193746694,0.217210106,0.219915509,0.225886635,0.238023639,0.000000000
6185,2020-09-14 17:00:00,0.000000000,0.193765677,0.217069380,0.219765718,0.225715177,0.237800414,0.000000000
6186,2020-09-14 18:00:00,0.000000000,0.193787011,0.216910760,0.219596910,0.225522034,0.237549195,0.000000000
6187,2020-09-14 19:00:00,0.000000000,0.193804212,0.216782485,0.219460420,0.225365929,0.237346338,0.000000000
6188,2020-09-14 20:00:00,0.000000000,0.193821400,0.216653981,0.219323707,0.225209625,0.237143389,0.000000000
6189,2020-09-14 21:00:00,0.000000000,0.193834275,0.216557503,0.219221080,0.225092329,0.236991196,0.000000000
6190,2020-09-14 22:00:00,0.000000000,0.193842607,0.216494968,0.219154565,0.225016322,0.236892627,0.000000000
6191,2020-09-14 23:00:00,0.000000000,0.193849940,0.216439866,0.219095961,0.224949367,0.236805828,0.000000000
6192,2020-09-15 00:00:00,0.000000000,0.193855790,0.216395861,0.219049161,0.224895905,0.236736543,0.000000000
6193,2020-09-15 01:00:00,0.000000000,0.193862679,0.216343992,0.218994001,0.224832902,0.236654918,0.000000000
6194,2020-09-15 02:00:00,0.000000000,0.193869653,0.216291430,0.218938107,0.224769070,0.236572246,0.000000000
6195,2020-09-15 03:00:00,0.000000000,0.193875559,0.216246870,0.218890726,0.224714966,0.236502194,0.000000000
6196,2020-09-15 04:00:00,0.000000000,0.193881388,0.216202851,0.218843923,0.224661529,0.236433026,0.000000000
6197,2020-09-15 05:00:00,0.000000000,0.193886346,0.216165383,0.218804086,0.224616051,0.236374175,0.000000000
6198,2020-09-15 06:00:00,0.000000000,0.193890051,0.216137365,0.218774298,0.224582047,0.236330181,0.000000000
6199,2020-09-15 07:00:00,0.000000000,0.193892001,0.216122607,0.218758608,0.224564138,0.236307014,0.000000000
6200,2020-09-15 08:00:00,0.000000000,0.193892856,0.216116136,0.218751729,0.224556286,0.236296857,0.000000000
6201,2020-09-15 09:00:00,0.000000000,0.193894814,0.216101320,0.218735977,0.224538308,0.236273603,0.000000000
6202,2020-09-15 10:00:00,0.000000000,0.193895602,0.216095354,0.218729635,0.224531069,0.236264240,0.000000000
6203,2020-09-15 11:00:00,0.000000000,0.193897651,0.216079836,0.218713138,0.224512242,0.236239891,0.000000000
6204,2020-09-15 12:00:00,0.000000000,0.193901098,0.216053722,0.218685377,0.224480559,0.236198922,0.000000000
6205,2020-09-15 13:00:00,0.000000000,0.193906548,0.216012406,0.218641458,0.224430441,0.236134127,0.000000000
6206,2020-09-15 14:00:00,0.000000000,0.193914764,0.215950062,0.218575188,0.224354829,0.236036405,0.000000000
6207,2020-09-15 15:00:00,0.000000000,0.193925912,0.215865337,0.218485138,0.224252104,0.235903701,0.000000000
6208,2020-09-15 16:00:00,0.000000000,0.193938512,0.215769405,0.218383185,0.224135831,0.235753580,0.000000000
6209,2020-09-15 17:00:00,0.000000000,0.193949046,0.215689059,0.218297806,0.224038483,0.235627962,0.000000000
6210,2020-09-15 18:00:00,0.000000000,0.193957767,0.215622444,0.218227024,0.223957793,0.235523888,0.000000000
6211,2020-09-15 19:00:00,0.000000000,0.193965806,0.215560956,0.218161695,0.223883334,0.235427888,0.000000000
6212,2020-09-15 20:00:00,0.000000000,0.193972527,0.215509495,0.218107022,0.223821030,0.235347586,0.000000000
6213,2020-09-15 21:00:00,0.000000000,0.193973865,0.215499245,0.218096133,0.223808622,0.235331597,0.000000000
6214,2020-09-15 22:00:00,0.000000000,0.193976315,0.215480467,0.218076185,0.223785891,0.235302309,0.000000000
6215,2020-09-15 23:00:00,0.000000000,0.193977439,0.215471846,0.218067026,0.223775455,0.235288864,0.000000000
6216,2020-09-16 00:00:00,0.000000000,0.193977997,0.215467572,0.218062485,0.223770282,0.235282199,0.000000000
6217,2020-09-16 01:00:00,0.000000000,0.193978861,0.215460946,0.218055447,0.223762263,0.235271868,0.000000000
6218,2020-09-16 02:00:00,0.000000000,0.193979382,0.215456947,0.218051198,0.223757422,0.235265632,0.000000000
6219,2020-09-16 03:00:00,0.000000000,0.193981029,0.215444313,0.218037777,0.223742131,0.235245934,0.000000000
6220,2020-09-16 04:00:00,0.000000000,0.193982238,0.215435039,0.218027926,0.223730907,0.235231477,0.000000000
6221,2020-09-16 05:00:00,0.000000000,0.193983452,0.215425722,0.218018028,0.223719632,0.235216954,0.000000000
6222,2020-09-16 06:00:00,0.000000000,0.193984663,0.215416433,0.218008162,0.223708391,0.235202476,0.000000000
6223,2020-09-16 07:00:00,0.000000000,0.193985529,0.215409781,0.218001095,0.223700341,0.235192108,0.000000000
6224,2020-09-16 08:00:00,0.000000000,0.193986395,0.215403138,0.217994039,0.223692302,0.235181756,0.000000000
6225,2020-09-16 09:00:00,0.000000000,0.193986489,0.215402417,0.217993273,0.223691430,0.235180632,0.000000000
6226,2020-09-16 10:00:00,0.000000000,0.193986703,0.215400773,0.217991527,0.223689441,0.235178071,0.000000000
6227,2020-09-16 11:00:00,0.000000000,0.193987652,0.215393486,0.217983786,0.223680623,0.235166715,0.000000000
6228,2020-09-16 12:00:00,0.000000000,0.193989110,0.215382288,0.217971891,0.223667073,0.235149268,0.000000000
6229,2020-09-16 13:00:00,0.000000000,0.193991405,0.215364655,0.217953162,0.223645738,0.235121798,0.000000000
6230,2020-09-16 14:00:00,0.000000000,0.193996423,0.215326083,0.217912191,0.223599073,0.235061723,0.000000000
6231,2020-09-16 15:00:00,0.000000000,0.194006658,0.215247319,0.217828537,0.223503805,0.234939125,0.000000000
6232,2020-09-16 16:00:00,0.000000000,0.194020513,0.215140494,0.217715091,0.223374643,0.234773002,0.000000000
6233,2020-09-16 17:00:00,0.000000000,0.194036055,0.215020397,0.217587566,0.223229496,0.234586449,0.000000000
6234,2020-09-16 18:00:00,0.000000000,0.194050083,0.214911742,0.217472207,0.223098236,0.234417862,0.000000000
6235,2020-09-16 19:00:00,0.000000000,0.194063656,0.214806383,0.217360361,0.222971011,0.234254564,0.000000000
6236,2020-09-16 20:00:00,0.000000000,0.194075501,0.214714259,0.217262576,0.222859809,0.234111917,0.000000000
6237,2020-09-16 21:00:00,0.000000000,0.194081766,0.214665460,0.217210783,0.222800920,0.234036409,0.000000000
6238,2020-09-16 22:00:00,0.000000000,0.194084781,0.214641961,0.217185842,0.222772566,0.234000060,0.000000000
6239,2020-09-16 23:00:00,0.000000000,0.194086114,0.214631572,0.217174816,0.222760031,0.233983992,0.000000000
6240,2020-09-17 00:00:00,0.000000000,0.194087131,0.214623641,0.217166399,0.222750463,0.233971728,0.000000000
6241,2020-09-17 01:00:00,0.000000000,0.194087334,0.214623641,0.217166399,0.222750463,0.233971728,0.002844442
6242,2020-09-17 02:00:00,0.000000000,0.194087006,0.214624611,0.217167429,0.222751633,0.233973229,0.003224017
6243,2020-09-17 03:00:00,0.000000000,0.194086838,0.214625927,0.217168825,0.222753220,0.233975263,0.003940646
6244,2020-09-17 04:00:00,0.000000000,0.194086632,0.214627534,0.217170532,0.222755160,0.233977749,0.004378428
6245,2020-09-17 05:00:00,0.000000000,0.194086402,0.214629321,0.217172428,0.222757316,0.233980512,0.004393162
6246,2020-09-17 06:00:00,0.000000000,0.194086173,0.214631113,0.217174330,0.222759478,0.233983284,0.003535014
6247,2020-09-17 07:00:00,0.000000000,0.194085988,0.214632556,0.217175861,0.222761218,0.233985514,0.004389746
6248,2020-09-17 08:00:00,0.000000000,0.194085758,0.214634347,0.217177762,0.222763379,0.233988284,0.002579273
6249,2020-09-17 09:00:00,0.000000000,0.194085623,0.214635399,0.217178878,0.222764649,0.233989912,0.002010582
6250,2020-09-17 10:00:00,0.000000000,0.194085518,0.214636220,0.217179749,0.222765639,0.233991180,0.000000000
6251,2020-09-17 11:00:00,0.000000000,0.194085806,0.214633972,0.217177364,0.222762928,0.233987705,0.000000000
6252,2020-09-17 12:00:00,0.000000000,0.194086830,0.214625988,0.217168890,0.222753294,0.233975358,0.000000000
6253,2020-09-17 13:00:00,0.000000000,0.194089122,0.214608109,0.217149916,0.222731725,0.233947713,0.000000000
6254,2020-09-17 14:00:00,0.000000000,0.194094717,0.214564438,0.217103571,0.222679045,0.233880208,0.000000000
6255,2020-09-17 15:00:00,0.000000000,0.194105097,0.214483325,0.217017497,0.222581223,0.233754903,0.000000000
6256,2020-09-17 16:00:00,0.000000000,0.194118196,0.214380771,0.216908682,0.222457586,0.233596619,0.000000000
6257,2020-09-17 17:00:00,0.000000000,0.194133151,0.214263429,0.216784192,0.222316181,0.233415705,0.000000000
6258,2020-09-17 18:00:00,0.000000000,0.194147796,0.214148249,0.216662012,0.222177442,0.233238326,0.000000000
6259,2020-09-17 19:00:00,0.000000000,0.194161382,0.214041156,0.216548424,0.222048498,0.233073579,0.000000000
6260,2020-09-17 20:00:00,0.000000000,0.194171613,0.213960361,0.216462739,0.221951253,0.232949402,0.000000000
6261,2020-09-17 21:00:00,0.000000000,0.194176774,0.213919551,0.216419463,0.221902145,0.232886716,0.000000000
6262,2020-09-17 22:00:00,0.000000000,0.194178646,0.213904746,0.216403763,0.221884332,0.232863981,0.000000000
6263,2020-09-17 23:00:00,0.000000000,0.194179546,0.213897627,0.216396214,0.221875766,0.232853050,0.000000000
6264,2020-09-18 00:00:00,0.000000000,0.194179762,0.213895913,0.216394396,0.221873704,0.232850418,0.000000000
6265,2020-09-18 01:00:00,0.000000000,0.194179856,0.213895167,0.216393605,0.221872807,0.232849273,0.000673843
6266,2020-09-18 02:00:00,0.000000000,0.194179562,0.213895167,0.216393605,0.221872807,0.232849273,0.000000000
6267,2020-09-18 03:00:00,0.000000000,0.194179934,0.213894556,0.216392957,0.221872071,0.232848335,0.000000000
6268,2020-09-18 04:00:00,0.000000000,0.194181210,0.213884452,0.216382243,0.221859915,0.232832822,0.000000000
6269,2020-09-18 05:00:00,0.000000000,0.194183128,0.213869266,0.216366140,0.221841646,0.232809510,0.000000000
6270,2020-09-18 06:00:00,0.000000000,0.194185152,0.213853239,0.216349146,0.221822366,0.232784911,0.000000000
6271,2020-09-18 07:00:00,0.000000000,0.194187402,0.213835419,0.216330250,0.221800930,0.232757563,0.000000000
6272,2020-09-18 08:00:00,0.000000000,0.194190387,0.213811758,0.216305163,0.221772471,0.232721261,0.000000000
6273,2020-09-18 09:00:00,0.000000000,0.194193794,0.213784745,0.216276521,0.221739983,0.232679825,0.000000000
6274,2020-09-18 10:00:00,0.000000000,0.194196884,0.213760229,0.216250528,0.221710501,0.232642229,0.000000000
6275,2020-09-18 11:00:00,0.000000000,0.194200121,0.213734535,0.216223287,0.221679605,0.232602836,0.000000000
6276,2020-09-18 12:00:00,0.000000000,0.194203950,0.213704126,0.216191047,0.221643043,0.232556225,0.000000000
6277,2020-09-18 13:00:00,0.000000000,0.194208882,0.213664927,0.216149491,0.221595919,0.232496163,0.000000000
6278,2020-09-18 14:00:00,0.000000000,0.194215179,0.213614839,0.216096393,0.221535715,0.232419449,0.000000000
6279,2020-09-18 15:00:00,0.000000000,0.194223903,0.213545362,0.216022746,0.221452225,0.232313099,0.000000000
6280,2020-09-18 16:00:00,0.000000000,0.194233595,0.213468054,0.215940804,0.221359349,0.232194847,0.000000000
6281,2020-09-18 17:00:00,0.000000000,0.194243757,0.213386874,0.215854767,0.221261851,0.232070766,0.000000000
6282,2020-09-18 18:00:00,0.000000000,0.194253470,0.213309160,0.215772411,0.221168544,0.231952074,0.000000000
6283,2020-09-18 19:00:00,0.000000000,0.194262789,0.213234483,0.215693279,0.221078908,0.231838103,0.000000000
6284,2020-09-18 20:00:00,0.000000000,0.194270582,0.213171942,0.215627012,0.221003859,0.231742716,0.000000000
6285,2020-09-18 21:00:00,0.000000000,0.194277786,0.213114070,0.215565697,0.220934427,0.231654500,0.000000000
6286,2020-09-18 22:00:00,0.000000000,0.194281926,0.213080774,0.215530422,0.220894488,0.231603769,0.000000000
6287,2020-09-18 23:00:00,0.000000000,0.194284214,0.213062363,0.215510917,0.220872405,0.231575724,0.000000000
6288,2020-09-19 00:00:00,0.000000000,0.194285992,0.213048058,0.215495762,0.220855249,0.231553937,0.000000000
6289,2020-09-19 01:00:00,0.000000000,0.194290335,0.213013085,0.215458712,0.220813307,0.231500684,0.000000000
6290,2020-09-19 02:00:00,0.000000000,0.194296641,0.212962261,0.215404874,0.220752367,0.231423327,0.000000000
6291,2020-09-19 03:00:00,0.000000000,0.194302326,0.212916401,0.215356297,0.220697390,0.231353557,0.000000000
6292,2020-09-19 04:00:00,0.000000000,0.194307973,0.212870803,0.215307999,0.220642734,0.231284216,0.000000000
6293,2020-09-19 05:00:00,0.000000000,0.194312760,0.212832121,0.215267029,0.220596377,0.231225416,0.000000000
6294,2020-09-19 06:00:00,0.000000000,0.194316909,0.212798564,0.215231488,0.220556165,0.231174422,0.000000000
6295,2020-09-19 07:00:00,0.000000000,0.194320656,0.212768249,0.215199383,0.220519844,0.231128371,0.000000000
6296,2020-09-19 08:00:00,0.000000000,0.194324185,0.212739669,0.215169116,0.220485606,0.231084967,0.000000000
6297,2020-09-19 09:00:00,0.000000000,0.194326883,0.212717815,0.215145972,0.220459427,0.231051785,0.000000000
6298,2020-09-19 10:00:00,0.000000000,0.194329209,0.212698962,0.215126007,0.220436845,0.231023166,0.000000000
6299,2020-09-19 11:00:00,0.000000000,0.194332394,0.212673141,0.215098664,0.220405919,0.230983976,0.000000000
6300,2020-09-19 12:00:00,0.000000000,0.194336877,0.212636771,0.215060151,0.220362363,0.230928792,0.000000000
6301,2020-09-19 13:00:00,0.000000000,0.194343811,0.212580456,0.215000521,0.220294934,0.230843385,0.000000000
6302,2020-09-19 14:00:00,0.000000000,0.194354109,0.212496718,0.214911861,0.220194696,0.230716471,0.000000000
6303,2020-09-19 15:00:00,0.000000000,0.194367500,0.212387610,0.214796352,0.220064134,0.230551254,0.000000000
6304,2020-09-19 16:00:00,0.000000000,0.194380865,0.212278477,0.214680830,0.219933594,0.230386169,0.000000000
6305,2020-09-19 17:00:00,0.000000000,0.194396085,0.212153909,0.214548987,0.219784657,0.230197941,0.000000000
6306,2020-09-19 18:00:00,0.000000000,0.194409161,0.212046632,0.214435459,0.219656447,0.230036016,0.000000000
6307,2020-09-19 19:00:00,0.000000000,0.194420637,0.211952303,0.214335645,0.219543754,0.229893769,0.000000000
6308,2020-09-19 20:00:00,0.000000000,0.194432115,0.211857775,0.214235631,0.219430862,0.229751346,0.000000000
6309,2020-09-19 21:00:00,0.000000000,0.194441123,0.211783463,0.214157013,0.219342140,0.229639469,0.000000000
6310,2020-09-19 22:00:00,0.000000000,0.194444324,0.211757024,0.214129044,0.219310580,0.229599684,0.000000000
6311,2020-09-19 23:00:00,0.000000000,0.194446103,0.211742331,0.214113501,0.219293042,0.229577578,0.000000000
6312,2020-09-20 00:00:00,0.000000000,0.194447233,0.211732995,0.214103625,0.219281899,0.229563533,0.000000000
6313,2020-09-20 01:00:00,0.000000000,0.194448170,0.211725246,0.214095428,0.219272651,0.229551877,0.000000000
6314,2020-09-20 02:00:00,0.000000000,0.194449373,0.211715303,0.214084910,0.219260785,0.229536923,0.000000000
6315,2020-09-20 03:00:00,0.000000000,0.194450164,0.211708763,0.214077991,0.219252979,0.229527086,0.000000000
6316,2020-09-20 04:00:00,0.000000000,0.194451009,0.211701778,0.214070602,0.219244643,0.229516581,0.000000000
6317,2020-09-20 05:00:00,0.000000000,0.194451855,0.211694778,0.214063198,0.219236289,0.229506054,0.000000000
6318,2020-09-20 06:00:00,0.000000000,0.194452981,0.211685470,0.214053352,0.219225182,0.229492058,0.000000000
6319,2020-09-20 07:00:00,0.000000000,0.194453640,0.211680014,0.214047581,0.219218671,0.229483855,0.000000000
6320,2020-09-20 08:00:00,0.000000000,0.194454324,0.211674359,0.214041599,0.219211923,0.229475352,0.000000000
6321,2020-09-20 09:00:00,0.000000000,0.194456507,0.211656295,0.214022492,0.219190369,0.229448196,0.000000000
6322,2020-09-20 10:00:00,0.000000000,0.194457333,0.211649451,0.214015253,0.219182203,0.229437909,0.000000000
6323,2020-09-20 11:00:00,0.000000000,0.194459566,0.211630969,0.213995704,0.219160152,0.229410131,0.000000000
6324,2020-09-20 12:00:00,0.000000000,0.194462153,0.211609541,0.213973039,0.219134587,0.229377930,0.000000000
6325,2020-09-20 13:00:00,0.000000000,0.194465444,0.211582272,0.213944198,0.219102057,0.229336963,0.000000000
6326,2020-09-20 14:00:00,0.000000000,0.194472728,0.211521858,0.213880302,0.219029998,0.229246234,0.000000000
6327,2020-09-20 15:00:00,0.000000000,0.194484115,0.211427266,0.213780267,0.218917206,0.229104280,0.000000000
6328,2020-09-20 16:00:00,0.000000000,0.194496896,0.211320886,0.213667779,0.218790404,0.228944784,0.000000000
6329,2020-09-20 17:00:00,0.000000000,0.194509765,0.211213540,0.213554282,0.218662499,0.228783995,0.000000000
6330,2020-09-20 18:00:00,0.000000000,0.194525104,0.211085290,0.213418701,0.218509753,0.228592103,0.000000000
6331,2020-09-20 19:00:00,0.000000000,0.194539029,0.210968589,0.213295345,0.218370821,0.228417685,0.000000000
6332,2020-09-20 20:00:00,0.000000000,0.194550681,0.210870721,0.213191909,0.218254357,0.228271558,0.000000000
6333,2020-09-20 21:00:00,0.000000000,0.194559248,0.210798639,0.213115733,0.218168603,0.228164014,0.000000000
6334,2020-09-20 22:00:00,0.000000000,0.194562564,0.210770708,0.213086217,0.218135381,0.228122361,0.000000000
6335,2020-09-20 23:00:00,0.000000000,0.194564204,0.210756892,0.213071617,0.218118948,0.228101761,0.000000000
6336,2020-09-21 00:00:00,0.000000000,0.194565298,0.210747673,0.213061876,0.218107984,0.228088017,0.000000000
6337,2020-09-21 01:00:00,0.000000000,0.194566218,0.210739924,0.213053688,0.218098768,0.228076466,0.000000000
6338,2020-09-21 02:00:00,0.000000000,0.194568543,0.210720321,0.213032973,0.218075456,0.228047246,0.000000000
6339,2020-09-21 03:00:00,0.000000000,0.194568916,0.210717172,0.213029646,0.218071711,0.228042553,0.000000000
6340,2020-09-21 04:00:00,0.000000000,0.194569307,0.210713877,0.213026164,0.218067793,0.228037642,0.000000000
6341,2020-09-21 05:00:00,0.000000000,0.194569720,0.210710395,0.213022485,0.218063652,0.228032453,0.000000000
6342,2020-09-21 06:00:00,0.000000000,0.194570270,0.210705754,0.213017581,0.218058134,0.228025537,0.000000000
6343,2020-09-21 07:00:00,0.000000000,0.194570717,0.210701980,0.213013593,0.218053647,0.228019913,0.000000000
6344,2020-09-21 08:00:00,0.000000000,0.194571164,0.210698216,0.213009615,0.218049170,0.228014303,0.000000000
6345,2020-09-21 09:00:00,0.000000000,0.194571678,0.210693875,0.213005029,0.218044008,0.228007835,0.000000000
6346,2020-09-21 10:00:00,0.000000000,0.194572283,0.210688769,0.212999634,0.218037937,0.228000227,0.000000000
6347,2020-09-21 11:00:00,0.000000000,0.194572878,0.210683746,0.212994326,0.218031964,0.227992743,0.000000000
6348,2020-09-21 12:00:00,0.000000000,0.194574579,0.210669392,0.212979160,0.218014898,0.227971358,0.000000000
6349,2020-09-21 13:00:00,0.000000000,0.194578073,0.210639895,0.212947993,0.217979829,0.227927422,0.000000000
6350,2020-09-21 14:00:00,0.000000000,0.194585483,0.210577264,0.212881821,0.217905379,0.227834169,0.000000000
6351,2020-09-21 15:00:00,0.000000000,0.194596847,0.210481075,0.212780201,0.217791071,0.227691053,0.000000000
6352,2020-09-21 16:00:00,0.000000000,0.194610866,0.210362147,0.212654575,0.217649795,0.227514278,0.000000000
6353,2020-09-21 17:00:00,0.000000000,0.194623429,0.210255340,0.212541766,0.217522969,0.227355680,0.000000000
6354,2020-09-21 18:00:00,0.000000000,0.194638677,0.210125391,0.212404531,0.217368727,0.227162922,0.000000000
6355,2020-09-21 19:00:00,0.000000000,0.194650492,0.210024474,0.212297969,0.217248994,0.227013382,0.000000000
6356,2020-09-21 20:00:00,0.000000000,0.194661593,0.209929466,0.212197657,0.217136309,0.226872720,0.000000000
6357,2020-09-21 21:00:00,0.000000000,0.194668005,0.209874503,0.212139631,0.217071138,0.226791401,0.000000000
6358,2020-09-21 22:00:00,0.000000000,0.194671033,0.209848535,0.212112217,0.217040352,0.226752996,0.000000000
6359,2020-09-21 23:00:00,0.000000000,0.194672858,0.209832871,0.212095681,0.217021783,0.226729832,0.000000000
6360,2020-09-22 00:00:00,0.000000000,0.194673574,0.209826725,0.212089193,0.217014497,0.226720745,0.000000000
6361,2020-09-22 01:00:00,0.000000000,0.194674771,0.209816451,0.212078347,0.217002318,0.226705555,0.000000000
6362,2020-09-22 02:00:00,0.000000000,0.194677012,0.209797201,0.212058026,0.216979500,0.226677098,0.000000000
6363,2020-09-22 03:00:00,0.000000000,0.194677398,0.209793891,0.212054532,0.216975577,0.226672205,0.000000000
6364,2020-09-22 04:00:00,0.000000000,0.194677680,0.209791463,0.212051968,0.216972699,0.226668616,0.000000000
6365,2020-09-22 05:00:00,0.000000000,0.194678261,0.209786474,0.212046703,0.216966787,0.226661243,0.000000000
6366,2020-09-22 06:00:00,0.000000000,0.194678628,0.209783325,0.212043378,0.216963054,0.226656589,0.000000000
6367,2020-09-22 07:00:00,0.000000000,0.194679028,0.209779881,0.212039743,0.216958972,0.226651499,0.000000000
6368,2020-09-22 08:00:00,0.000000000,0.194679585,0.209775100,0.212034696,0.216953305,0.226644432,0.000000000
6369,2020-09-22 09:00:00,0.000000000,0.194679829,0.209773002,0.212032481,0.216950818,0.226641332,0.000000000
6370,2020-09-22 10:00:00,0.000000000,0.194680047,0.209771129,0.212030504,0.216948599,0.226638564,0.000000000
6371,2020-09-22 11:00:00,0.000000000,0.194680423,0.209767897,0.212027093,0.216944769,0.226633788,0.000000000
6372,2020-09-22 12:00:00,0.000000000,0.194682415,0.209750779,0.212009023,0.216924481,0.226608493,0.000000000
6373,2020-09-22 13:00:00,0.000000000,0.194685969,0.209720217,0.211976763,0.216888264,0.226563343,0.000000000
6374,2020-09-22 14:00:00,0.000000000,0.194692614,0.209663022,0.211916394,0.216820497,0.226478879,0.000000000
6375,2020-09-22 15:00:00,0.000000000,0.194702878,0.209574549,0.211823018,0.216715696,0.226348308,0.000000000
6376,2020-09-22 16:00:00,0.000000000,0.194717417,0.209448963,0.211690487,0.216566988,0.226163139,0.000000000
6377,2020-09-22 17:00:00,0.000000000,0.194733348,0.209310992,0.211544907,0.216403691,0.225959946,0.000000000
6378,2020-09-22 18:00:00,0.000000000,0.194748629,0.209178286,0.211404902,0.216246699,0.225764738,0.000000000
6379,2020-09-22 19:00:00,0.000000000,0.194763493,0.209048871,0.211268388,0.216093670,0.225574589,0.000000000
6380,2020-09-22 20:00:00,0.000000000,0.194774934,0.208949035,0.211163088,0.215975664,0.225428047,0.000000000
6381,2020-09-22 21:00:00,0.000000000,0.194783246,0.208876377,0.211086461,0.215889809,0.225321478,0.000000000
6382,2020-09-22 22:00:00,0.000000000,0.194786074,0.208851637,0.211060370,0.215860580,0.225285206,0.000000000
6383,2020-09-22 23:00:00,0.000000000,0.194788646,0.208829123,0.211036628,0.215833983,0.225252205,0.000000000
6384,2020-09-23 00:00:00,0.000000000,0.194790231,0.208815240,0.211021988,0.215817584,0.225231858,0.000000000
6385,2020-09-23 01:00:00,0.000000000,0.194791495,0.208804171,0.211010316,0.215804509,0.225215638,0.000000000
6386,2020-09-23 02:00:00,0.000000000,0.194792815,0.208792599,0.210998113,0.215790840,0.225198681,0.000000000
6387,2020-09-23 03:00:00,0.000000000,0.194794285,0.208779720,0.210984532,0.215775628,0.225179812,0.000000000
6388,2020-09-23 04:00:00,0.000000000,0.194794661,0.208776421,0.210981053,0.215771732,0.225174979,0.000000000
6389,2020-09-23 05:00:00,0.000000000,0.194795294,0.208770872,0.210975202,0.215765178,0.225166850,0.000000000
6390,2020-09-23 06:00:00,0.000000000,0.194796003,0.208764657,0.210968648,0.215757838,0.225157746,0.000000000
6391,2020-09-23 07:00:00,0.000000000,0.194796838,0.208757338,0.210960931,0.215749194,0.225147026,0.000000000
6392,2020-09-23 08:00:00,0.000000000,0.194797128,0.208754798,0.210958253,0.215746194,0.225143305,0.000000000
6393,2020-09-23 09:00:00,0.000000000,0.194797299,0.208753298,0.210956671,0.215744423,0.225141108,0.000000000
6394,2020-09-23 10:00:00,0.000000000,0.194797539,0.208751191,0.210954449,0.215741934,0.225138022,0.000000000
6395,2020-09-23 11:00:00,0.000000000,0.194797835,0.208748592,0.210951709,0.215738865,0.225134215,0.000000000
6396,2020-09-23 12:00:00,0.000000000,0.194799418,0.208734712,0.210937073,0.215722474,0.225113887,0.000000000
6397,2020-09-23 13:00:00,0.000000000,0.194803292,0.208700716,0.210901228,0.215682330,0.225064109,0.000000000
6398,2020-09-23 14:00:00,0.000000000,0.194809524,0.208645985,0.210843521,0.215617710,0.224983999,0.000000000
6399,2020-09-23 15:00:00,0.000000000,0.194820118,0.208552798,0.210745275,0.215507716,0.224847690,0.000000000
6400,2020-09-23 16:00:00,0.000000000,0.194831064,0.208456331,0.210643582,0.215393887,0.224706698,0.000000000
6401,2020-09-23 17:00:00,0.000000000,0.194845504,0.208328799,0.210509157,0.215243460,0.224520484,0.000000000
6402,2020-09-23 18:00:00,0.000000000,0.194859239,0.208207193,0.210380993,0.215100083,0.224343109,0.000000000
6403,2020-09-23 19:00:00,0.000000000,0.194871959,0.208094305,0.210262033,0.214967039,0.224178618,0.000000000
6404,2020-09-23 20:00:00,0.000000000,0.194883327,0.207993211,0.210155513,0.214847939,0.224031446,0.000000000
6405,2020-09-23 21:00:00,0.000000000,0.194891970,0.207916210,0.210074387,0.214757250,0.223919434,0.000000000
6406,2020-09-23 22:00:00,0.000000000,0.194893589,0.207901770,0.210059174,0.214740246,0.223898436,0.000000000
6407,2020-09-23 23:00:00,0.000000000,0.194894592,0.207892821,0.210049746,0.214729708,0.223885425,0.000000000
6408,2020-09-24 00:00:00,0.000000000,0.194895323,0.207886298,0.210042874,0.214722027,0.223875941,0.000000000
6409,2020-09-24 01:00:00,0.000000000,0.194895910,0.207881067,0.210037363,0.214715868,0.223868336,0.000000000
6410,2020-09-24 02:00:00,0.000000000,0.194897042,0.207870965,0.210026721,0.214703973,0.223853651,0.000000000
6411,2020-09-24 03:00:00,0.000000000,0.194897367,0.207868068,0.210023669,0.214700562,0.223849439,0.000000000
6412,2020-09-24 04:00:00,0.000000000,0.194897846,0.207863788,0.210019160,0.214695523,0.223843218,0.000000000
6413,2020-09-24 05:00:00,0.000000000,0.194897912,0.207863200,0.210018541,0.214694831,0.223842364,0.002092406
6414,2020-09-24 06:00:00,0.000000000,0.194897814,0.207864079,0.210019466,0.214695865,0.223843641,0.000014782
6415,2020-09-24 07:00:00,0.000000000,0.194897807,0.207864079,0.210019466,0.214695865,0.223843641,0.000000000
6416,2020-09-24 08:00:00,0.000000000,0.194897920,0.207864079,0.210019466,0.214695865,0.223843641,0.001237518
6417,2020-09-24 09:00:00,0.000000000,0.194897766,0.207864499,0.210019909,0.214696360,0.223844252,0.000602806
6418,2020-09-24 10:00:00,0.000000000,0.194897493,0.207864499,0.210019909,0.214696360,0.223844252,0.000000000
6419,2020-09-24 11:00:00,0.000000000,0.194898413,0.207858732,0.210013834,0.214689570,0.223835869,0.000000000
6420,2020-09-24 12:00:00,0.000000000,0.194899931,0.207845175,0.209999551,0.214673608,0.223816165,0.000000000
6421,2020-09-24 13:00:00,0.000000000,0.194902152,0.207825341,0.209978658,0.214650258,0.223787342,0.000000000
6422,2020-09-24 14:00:00,0.000000000,0.194907088,0.207781238,0.209932200,0.214598343,0.223723269,0.000000000
6423,2020-09-24 15:00:00,0.000000000,0.194914311,0.207716618,0.209864132,0.214522289,0.223629431,0.000000000
6424,2020-09-24 16:00:00,0.000000000,0.194925651,0.207615012,0.209757114,0.214402738,0.223481988,0.000000000
6425,2020-09-24 17:00:00,0.000000000,0.194939299,0.207492453,0.209628043,0.214258590,0.223304309,0.000000000
6426,2020-09-24 18:00:00,0.000000000,0.194953446,0.207365089,0.209493928,0.214108852,0.223119856,0.000000000
6427,2020-09-24 19:00:00,0.000000000,0.194964736,0.207263227,0.209386680,0.213989143,0.222972480,0.000000000
6428,2020-09-24 20:00:00,0.000000000,0.194974501,0.207174952,0.209293746,0.213885435,0.222844863,0.000000000
6429,2020-09-24 21:00:00,0.000000000,0.194978820,0.207135861,0.209252595,0.213839519,0.222788380,0.000000000
6430,2020-09-24 22:00:00,0.000000000,0.194980544,0.207120246,0.209236157,0.213821179,0.222765822,0.000000000
6431,2020-09-24 23:00:00,0.000000000,0.194981709,0.207109691,0.209225047,0.213808784,0.222750578,0.000000000
6432,2020-09-25 00:00:00,0.000000000,0.194982234,0.207104931,0.209220035,0.213803193,0.222743702,0.000000000
6433,2020-09-25 01:00:00,0.000000000,0.194982282,0.207104502,0.209219585,0.213802690,0.222743083,0.002152901
6434,2020-09-25 02:00:00,0.000000000,0.194982182,0.207105409,0.209220539,0.213803755,0.222744392,0.004340049
6435,2020-09-25 03:00:00,0.000000000,0.194981980,0.207107236,0.209222462,0.213805900,0.222747031,0.003093124
6436,2020-09-25 04:00:00,0.000000000,0.194981836,0.207108538,0.209223833,0.213807430,0.222748912,0.004277916
6437,2020-09-25 05:00:00,0.000000000,0.194981637,0.207110339,0.209225729,0.213809545,0.222751514,0.002642807
6438,2020-09-25 06:00:00,0.000000000,0.194981515,0.207111452,0.209226900,0.213810852,0.222753121,0.002918937
6439,2020-09-25 07:00:00,0.000000000,0.194981379,0.207112681,0.209228194,0.213812295,0.222754896,0.001765925
6440,2020-09-25 08:00:00,0.000000000,0.194981297,0.207113425,0.209228977,0.213813168,0.222755970,0.002253306
6441,2020-09-25 09:00:00,0.000000000,0.194981192,0.207114373,0.209229976,0.213814283,0.222757340,0.001047496
6442,2020-09-25 10:00:00,0.000000000,0.194981143,0.207114814,0.209230440,0.213814801,0.222757977,0.000000000
6443,2020-09-25 11:00:00,0.000000000,0.194981792,0.207108942,0.209224258,0.213807904,0.222749495,0.000000000
6444,2020-09-25 12:00:00,0.000000000,0.194983476,0.207093679,0.209208191,0.213789979,0.222727451,0.000000000
6445,2020-09-25 13:00:00,0.000000000,0.194986010,0.207070707,0.209184011,0.213763004,0.222694280,0.000000000
6446,2020-09-25 14:00:00,0.000000000,0.194990093,0.207033679,0.209145035,0.213719527,0.222640824,0.000000000
6447,2020-09-25 15:00:00,0.000000000,0.194997203,0.206969125,0.209077090,0.213643742,0.222547670,0.000000000
6448,2020-09-25 16:00:00,0.000000000,0.195006468,0.206884888,0.208988433,0.213544873,0.222426187,0.000000000
6449,2020-09-25 17:00:00,0.000000000,0.195017237,0.206786790,0.208885199,0.213429773,0.222284822,0.000000000
6450,2020-09-25 18:00:00,0.000000000,0.195027423,0.206693837,0.208787388,0.213320744,0.222150978,0.000000000
6451,2020-09-25 19:00:00,0.000000000,0.195039769,0.206580941,0.208668605,0.213188367,0.221988556,0.000000000
6452,2020-09-25 20:00:00,0.000000000,0.195051571,0.206472778,0.208554814,0.213061588,0.221833085,0.000000000
6453,2020-09-25 21:00:00,0.000000000,0.195060544,0.206390386,0.208468143,0.212965044,0.221714749,0.000000000
6454,2020-09-25 22:00:00,0.000000000,0.195063915,0.206359397,0.208435546,0.212928740,0.221670263,0.000000000
6455,2020-09-25 23:00:00,0.000000000,0.195065050,0.206348967,0.208424576,0.212916522,0.221655293,0.000000000
6456,2020-09-26 00:00:00,0.000000000,0.195065528,0.206344568,0.208419948,0.212911368,0.221648978,0.004659333
6457,2020-09-26 01:00:00,0.000000000,0.195065314,0.206346535,0.208422018,0.212913673,0.221651802,0.007053573
6458,2020-09-26 02:00:00,0.000000000,0.195064990,0.206349513,0.208425150,0.212917162,0.221656076,0.011814944
6459,2020-09-26 03:00:00,0.000000000,0.195064448,0.206354501,0.208430396,0.212923004,0.221663235,0.016127560
6460,2020-09-26 04:00:00,0.000000000,0.195063708,0.206361308,0.208437556,0.212930978,0.221673005,0.012465978
6461,2020-09-26 05:00:00,0.000000000,0.195063135,0.206366570,0.208443091,0.212937143,0.221680559,0.013439715
6462,2020-09-26 06:00:00,0.000000000,0.195062518,0.206372242,0.208449058,0.212943788,0.221688702,0.011720361
6463,2020-09-26 07:00:00,0.000000000,0.195061980,0.206377189,0.208454262,0.212949584,0.221695804,0.012164709
6464,2020-09-26 08:00:00,0.000000000,0.195061421,0.206382324,0.208459663,0.212955599,0.221703175,0.013593205
6465,2020-09-26 09:00:00,0.000000000,0.195060797,0.206388061,0.208465697,0.212962321,0.221711412,0.012211784
6466,2020-09-26 10:00:00,0.000000000,0.195060236,0.206393215,0.208471119,0.212968359,0.221718812,0.005133831
6467,2020-09-26 11:00:00,0.000000000,0.195060000,0.206395383,0.208473399,0.212970899,0.221721924,0.000000000
6468,2020-09-26 12:00:00,0.000000000,0.195060854,0.206387542,0.208465151,0.212961712,0.221710666,0.000000000
6469,2020-09-26 13:00:00,0.000000000,0.195063991,0.206358698,0.208434812,0.212927922,0.221669260,0.000000000
6470,2020-09-26 14:00:00,0.000000000,0.195068941,0.206313162,0.208386915,0.212874581,0.221603910,0.000000000
6471,2020-09-26 15:00:00,0.000000000,0.195078715,0.206223129,0.208292223,0.212769143,0.221474775,0.000000000
6472,2020-09-26 16:00:00,0.000000000,0.195091055,0.206109227,0.208172438,0.212635795,0.221311541,0.000000000
6473,2020-09-26 17:00:00,0.000000000,0.195102558,0.206002825,0.208060553,0.212511273,0.221159191,0.000000000
6474,2020-09-26 18:00:00,0.000000000,0.195112415,0.205911468,0.207964498,0.212404393,0.221028489,0.000000000
6475,2020-09-26 19:00:00,0.000000000,0.195121814,0.205824197,0.207872747,0.212302324,0.220903725,0.000000000
6476,2020-09-26 20:00:00,0.000000000,0.195129043,0.205756969,0.207802073,0.212223715,0.220807674,0.000000000
6477,2020-09-26 21:00:00,0.000000000,0.195133512,0.205715374,0.207758350,0.212175089,0.220748273,0.000000000
6478,2020-09-26 22:00:00,0.000000000,0.195135725,0.205694761,0.207736682,0.212150993,0.220718843,0.000000000
6479,2020-09-26 23:00:00,0.000000000,0.195136393,0.205688535,0.207730137,0.212143715,0.220709954,0.000000000
6480,2020-09-27 00:00:00,0.000000000,0.195136696,0.205685712,0.207727169,0.212140415,0.220705924,0.000278698
6481,2020-09-27 01:00:00,0.000000000,0.195136568,0.205685712,0.207727169,0.212140415,0.220705924,0.003438972
6482,2020-09-27 02:00:00,0.000000000,0.195136527,0.205687285,0.207728824,0.212142255,0.220708170,0.009058795
6483,2020-09-27 03:00:00,0.000000000,0.195136116,0.205691119,0.207732854,0.212146736,0.220713644,0.011110456
6484,2020-09-27 04:00:00,0.000000000,0.195135611,0.205695821,0.207737796,0.212152232,0.220720356,0.011312490
6485,2020-09-27 05:00:00,0.000000000,0.195135097,0.205700608,0.207742828,0.212157828,0.220727191,0.013686877
6486,2020-09-27 06:00:00,0.000000000,0.195134475,0.205706400,0.207748916,0.212164598,0.220735459,0.016022532
6487,2020-09-27 07:00:00,0.000000000,0.195133747,0.205713179,0.207756042,0.212172522,0.220745138,0.016989373
6488,2020-09-27 08:00:00,0.000000000,0.195132976,0.205720367,0.207763597,0.212180925,0.220755402,0.017427597
6489,2020-09-27 09:00:00,0.000000000,0.195132184,0.205727740,0.207771348,0.212189544,0.220765930,0.017115704
6490,2020-09-27 10:00:00,0.000000000,0.195131406,0.205734981,0.207778959,0.212198009,0.220776270,0.009641549
6491,2020-09-27 11:00:00,0.000000000,0.195130968,0.205739060,0.207783248,0.212202778,0.220782096,0.000000000
6492,2020-09-27 12:00:00,0.000000000,0.195131672,0.205732501,0.207776353,0.212195110,0.220772729,0.000000000
6493,2020-09-27 13:00:00,0.000000000,0.195134419,0.205706928,0.207749471,0.212165215,0.220736213,0.000000000
6494,2020-09-27 14:00:00,0.000000000,0.195138495,0.205668946,0.207709546,0.212120818,0.220681992,0.000000000
6495,2020-09-27 15:00:00,0.000000000,0.195145561,0.205603037,0.207640270,0.212043792,0.220587945,0.000000000
6496,2020-09-27 16:00:00,0.000000000,0.195154926,0.205515551,0.207548322,0.211941575,0.220463185,0.000000000
6497,2020-09-27 17:00:00,0.000000000,0.195165060,0.205420713,0.207448656,0.211830799,0.220328041,0.000000000
6498,2020-09-27 18:00:00,0.000000000,0.195174791,0.205329479,0.207352786,0.211724267,0.220198130,0.000000000
6499,2020-09-27 19:00:00,0.000000000,0.195183742,0.205245409,0.207264451,0.211626126,0.220078504,0.000000000
6500,2020-09-27 20:00:00,0.000000000,0.195192501,0.205163011,0.207177882,0.211529965,0.219961337,0.000000000
6501,2020-09-27 21:00:00,0.000000000,0.195197157,0.205119155,0.207131808,0.211478794,0.219899006,0.000000000
6502,2020-09-27 22:00:00,0.000000000,0.195198831,0.205103382,0.207115238,0.211460392,0.219876594,0.000000000
6503,2020-09-27 23:00:00,0.000000000,0.195199047,0.205101341,0.207113093,0.211458010,0.219873693,0.007397170
6504,2020-09-28 00:00:00,0.000000000,0.195198715,0.205104479,0.207116390,0.211461671,0.219878151,0.007152435
6505,2020-09-28 01:00:00,0.000000000,0.195198393,0.205107512,0.207119577,0.211465210,0.219882462,0.009582965
6506,2020-09-28 02:00:00,0.000000000,0.195197961,0.205111577,0.207123847,0.211469952,0.219888237,0.009024781
6507,2020-09-28 03:00:00,0.000000000,0.195197555,0.205115405,0.207127868,0.211474418,0.219893676,0.008095804
6508,2020-09-28 04:00:00,0.000000000,0.195197191,0.205118838,0.207131475,0.211478424,0.219898555,0.489371052
6509,2020-09-28 05:00:00,0.000000000,0.195175466,0.205323142,0.207346127,0.211716867,0.220189109,0.009455225
6510,2020-09-28 06:00:00,0.000000000,0.195175039,0.205327149,0.207350337,0.211721546,0.220194813,0.012825769
6511,2020-09-28 07:00:00,0.000000000,0.195174460,0.205332584,0.207356048,0.211727891,0.220202549,0.003533452
6512,2020-09-28 08:00:00,0.000000000,0.195174301,0.205334081,0.207357622,0.211729640,0.220204681,0.000000000
6513,2020-09-28 09:00:00,0.000000000,0.195174435,0.205332816,0.207356292,0.211728162,0.220202879,0.000000000
6514,2020-09-28 10:00:00,0.000000000,0.195174673,0.205330588,0.207353951,0.211725561,0.220199708,0.000000000
6515,2020-09-28 11:00:00,0.000000000,0.195175123,0.205326364,0.207349513,0.211720630,0.220193696,0.000000000
6516,2020-09-28 12:00:00,0.000000000,0.195176270,0.205315597,0.207338199,0.211708060,0.220178371,0.000000000
6517,2020-09-28 13:00:00,0.000000000,0.195178370,0.205295882,0.207317484,0.211685043,0.220150313,0.000000000
6518,2020-09-28 14:00:00,0.000000000,0.195183642,0.205246350,0.207265440,0.211627225,0.220079842,0.000000000
6519,2020-09-28 15:00:00,0.000000000,0.195192227,0.205165595,0.207180596,0.211532980,0.219965009,0.000000000
6520,2020-09-28 16:00:00,0.000000000,0.195203116,0.205062974,0.207072788,0.211413252,0.219819189,0.000000000
6521,2020-09-28 17:00:00,0.000000000,0.195215091,0.204949878,0.206953990,0.211281350,0.219658625,0.000000000
6522,2020-09-28 18:00:00,0.000000000,0.195226849,0.204838592,0.206837105,0.211151604,0.219500771,0.000000000
6523,2020-09-28 19:00:00,0.000000000,0.195238317,0.204729806,0.206722858,0.211024819,0.219346598,0.000000000
6524,2020-09-28 20:00:00,0.000000000,0.195247398,0.204643503,0.206632231,0.210924268,0.219224383,0.000000000
6525,2020-09-28 21:00:00,0.000000000,0.195252978,0.204590394,0.206576465,0.210862405,0.219149216,0.000000000
6526,2020-09-28 22:00:00,0.000000000,0.195255572,0.204565689,0.206550526,0.210833632,0.219114262,0.000000000
6527,2020-09-28 23:00:00,0.000000000,0.195257562,0.204546727,0.206530616,0.210811548,0.219087437,0.000000000
6528,2020-09-29 00:00:00,0.000000000,0.195257900,0.204543504,0.206527233,0.210807796,0.219082878,0.000000000
6529,2020-09-29 01:00:00,0.000000000,0.195258551,0.204537299,0.206520718,0.210800569,0.219074101,0.000000000
6530,2020-09-29 02:00:00,0.000000000,0.195258977,0.204533242,0.206516458,0.210795845,0.219068363,0.000000000
6531,2020-09-29 03:00:00,0.000000000,0.195259028,0.204532755,0.206515947,0.210795278,0.219067674,0.007539269
6532,2020-09-29 04:00:00,0.000000000,0.195258692,0.204535960,0.206519312,0.210799010,0.219072207,0.001593297
6533,2020-09-29 05:00:00,0.000000000,0.195258621,0.204536637,0.206520023,0.210799799,0.219073165,0.010335204
6534,2020-09-29 06:00:00,0.000000000,0.195258160,0.204541030,0.206524635,0.210804914,0.219079378,0.009552334
6535,2020-09-29 07:00:00,0.000000000,0.195257734,0.204545090,0.206528898,0.210809642,0.219085121,0.009715408
6536,2020-09-29 08:00:00,0.000000000,0.195257301,0.204549219,0.206533233,0.210814451,0.219090962,0.008007099
6537,2020-09-29 09:00:00,0.000000000,0.195256944,0.204552622,0.206536806,0.210818414,0.219095776,0.010658441
6538,2020-09-29 10:00:00,0.000000000,0.195256468,0.204557152,0.206541562,0.210823689,0.219102184,0.001846300
6539,2020-09-29 11:00:00,0.000000000,0.195256386,0.204557937,0.206542386,0.210824603,0.219103294,0.000000000
6540,2020-09-29 12:00:00,0.000000000,0.195258647,0.204536389,0.206519763,0.210799510,0.219072814,0.000000000
6541,2020-09-29 13:00:00,0.000000000,0.195263009,0.204494795,0.206476092,0.210751075,0.219013992,0.000000000
6542,2020-09-29 14:00:00,0.000000000,0.195269520,0.204432634,0.206410832,0.210678704,0.218926121,0.000000000
6543,2020-09-29 15:00:00,0.000000000,0.195279180,0.204340280,0.206313879,0.210571207,0.218795647,0.000000000
6544,2020-09-29 16:00:00,0.000000000,0.195291356,0.204223635,0.206191439,0.210435480,0.218630992,0.000000000
6545,2020-09-29 17:00:00,0.000000000,0.195303720,0.204104916,0.206066837,0.210297394,0.218463565,0.000000000
6546,2020-09-29 18:00:00,0.000000000,0.195313877,0.204007167,0.205964255,0.210183737,0.218325829,0.000000000
6547,2020-09-29 19:00:00,0.000000000,0.195323124,0.203918024,0.205870713,0.210080117,0.218200310,0.000000000
6548,2020-09-29 20:00:00,0.000000000,0.195330995,0.203842018,0.205790962,0.209991791,0.218093358,0.000000000
6549,2020-09-29 21:00:00,0.000000000,0.195336132,0.203792356,0.205738856,0.209934090,0.218023510,0.000000000
6550,2020-09-29 22:00:00,0.000000000,0.195337943,0.203774831,0.205720470,0.209913732,0.217998869,0.000000000
6551,2020-09-29 23:00:00,0.000000000,0.195339168,0.203762975,0.205708032,0.209899959,0.217982200,0.000000000
6552,2020-09-30 00:00:00,0.000000000,0.195339879,0.203756089,0.205700807,0.209891960,0.217972520,0.000000000
6553,2020-09-30 01:00:00,0.000000000,0.195340421,0.203750848,0.205695308,0.209885871,0.217965151,0.000000000
6554,2020-09-30 02:00:00,0.000000000,0.195340526,0.203749828,0.205694238,0.209884686,0.217963718,0.006308257
6555,2020-09-30 03:00:00,0.000000000,0.195340248,0.203752517,0.205697059,0.209887810,0.217967498,0.006084967
6556,2020-09-30 04:00:00,0.000000000,0.195339981,0.203755111,0.205699781,0.209890823,0.217971144,0.865010156
6557,2020-09-30 05:00:00,0.000000000,0.195302804,0.204113717,0.206076074,0.210307629,0.218475972,0.399683921
6558,2020-09-30 06:00:00,0.000000000,0.195285553,0.204279266,0.206249833,0.210500206,0.218709502,2.906252416
6559,2020-09-30 07:00:00,0.000000000,0.195166789,0.205404513,0.207431632,0.211811881,0.220304966,2.388417170
6560,2020-09-30 08:00:00,0.000000000,0.195065966,0.206340541,0.208415713,0.212906652,0.221643200,5.759874830
6561,2020-09-30 09:00:00,0.000000000,0.194839724,0.208379886,0.210563002,0.215303710,0.224595053,5.005645562
6562,2020-09-30 10:00:00,0.000000000,0.194633298,0.210171274,0.212452984,0.217423179,0.227230955,6.533412352
6563,2020-09-30 11:00:00,0.000000000,0.194367189,0.212390143,0.214799033,0.220067164,0.230555087,4.985931719
6564,2020-09-30 12:00:00,0.000000000,0.194150075,0.214130297,0.216642971,0.222155824,0.233210698,0.000000000
6565,2020-09-30 13:00:00,0.000000000,0.194152813,0.214108726,0.216620091,0.222129849,0.233177505,0.268060467
6566,2020-09-30 14:00:00,0.000000000,0.194144182,0.214176698,0.216692188,0.222211703,0.233282118,0.000000000
6567,2020-09-30 15:00:00,0.000000000,0.194153132,0.214106214,0.216617427,0.222126824,0.233173641,0.000000000
6568,2020-09-30 16:00:00,0.000000000,0.194165697,0.214007095,0.216512301,0.222007498,0.233021217,0.000000000
6569,2020-09-30 17:00:00,0.000000000,0.194180640,0.213888967,0.216387030,0.221865347,0.232839753,0.000000000
6570,2020-09-30 18:00:00,0.000000000,0.194198289,0.213749076,0.216238703,0.221697089,0.232625128,0.000000000
6571,2020-09-30 19:00:00,0.000000000,0.194216379,0.213605285,0.216086265,0.221524233,0.232404820,0.000000000
6572,2020-09-30 20:00:00,0.000000000,0.194233124,0.213471817,0.215944792,0.221363869,0.232200600,0.000000000
6573,2020-09-30 21:00:00,0.000000000,0.194244320,0.213382374,0.215849998,0.221256447,0.232063891,0.000000000
6574,2020-09-30 22:00:00,0.000000000,0.194250201,0.213335328,0.215800141,0.221199960,0.231992031,0.000000000
6575,2020-09-30 23:00:00,0.000000000,0.194251346,0.213326161,0.215790426,0.221188953,0.231978032,0.000000000
6576,2020-10-01 00:00:00,0.000000000,0.194252270,0.213318765,0.215782589,0.221180075,0.231966739,0.000000000
6577,2020-10-01 01:00:00,0.000000000,0.194252836,0.213314239,0.215777792,0.221174641,0.231959828,0.000000000
6578,2020-10-01 02:00:00,0.000000000,0.194253287,0.213310621,0.215773959,0.221170298,0.231954305,0.000000000
6579,2020-10-01 03:00:00,0.000000000,0.194253823,0.213306336,0.215769418,0.221165154,0.231947763,0.000000000
6580,2020-10-01 04:00:00,0.000000000,0.194254255,0.213302872,0.215765747,0.221160995,0.231942474,0.000000000
6581,2020-10-01 05:00:00,0.000000000,0.194254607,0.213300055,0.215762762,0.221157614,0.231938173,0.000000000
6582,2020-10-01 06:00:00,0.000000000,0.194254782,0.213298653,0.215761276,0.221155931,0.231936034,0.000000000
6583,2020-10-01 07:00:00,0.000000000,0.194255121,0.213295938,0.215758399,0.221152671,0.231931888,0.000000000
6584,2020-10-01 08:00:00,0.000000000,0.194255217,0.213295169,0.215757584,0.221151749,0.231930715,0.000000000
6585,2020-10-01 09:00:00,0.000000000,0.194255501,0.213292890,0.215755169,0.221149013,0.231927236,0.000000000
6586,2020-10-01 10:00:00,0.000000000,0.194255659,0.213291625,0.215753828,0.221147494,0.231925304,0.000000000
6587,2020-10-01 11:00:00,0.000000000,0.194256069,0.213288340,0.215750348,0.221143551,0.231920290,0.000000000
6588,2020-10-01 12:00:00,0.000000000,0.194258356,0.213270020,0.215730935,0.221121560,0.231892328,0.000000000
6589,2020-10-01 13:00:00,0.000000000,0.194263138,0.213231685,0.215690314,0.221075550,0.231833834,0.000000000
6590,2020-10-01 14:00:00,0.000000000,0.194271990,0.213160641,0.215615039,0.220990299,0.231725486,0.000000000
6591,2020-10-01 15:00:00,0.000000000,0.194285155,0.213054796,0.215502900,0.220863330,0.231564199,0.000000000
6592,2020-10-01 16:00:00,0.000000000,0.194300643,0.212929986,0.215370687,0.220713674,0.231374222,0.000000000
6593,2020-10-01 17:00:00,0.000000000,0.194317460,0.212794105,0.215226766,0.220550823,0.231167649,0.000000000
6594,2020-10-01 18:00:00,0.000000000,0.194334559,0.212655577,0.215080065,0.220384884,0.230957325,0.000000000
6595,2020-10-01 19:00:00,0.000000000,0.194351506,0.212517899,0.214934286,0.220220047,0.230748562,0.000000000
6596,2020-10-01 20:00:00,0.000000000,0.194365312,0.212405453,0.214815240,0.220085481,0.230578261,0.000000000
6597,2020-10-01 21:00:00,0.000000000,0.194374621,0.212329493,0.214734831,0.219994611,0.230463320,0.000000000
6598,2020-10-01 22:00:00,0.000000000,0.194376659,0.212312847,0.214717211,0.219974701,0.230438143,0.000000000
6599,2020-10-01 23:00:00,0.000000000,0.194377745,0.212303974,0.214707819,0.219964088,0.230424724,0.000000000
6600,2020-10-02 00:00:00,0.000000000,0.194378248,0.212299868,0.214703472,0.219959177,0.230418513,0.000000000
6601,2020-10-02 01:00:00,0.000000000,0.194378715,0.212296048,0.214699428,0.219954608,0.230412737,0.000000000
6602,2020-10-02 02:00:00,0.000000000,0.194379131,0.212292645,0.214695827,0.219950539,0.230407592,0.000000000
6603,2020-10-02 03:00:00,0.000000000,0.194380516,0.212281330,0.214683850,0.219937006,0.230390482,0.000000000
6604,2020-10-02 04:00:00,0.000000000,0.194381719,0.212271498,0.214673443,0.219925248,0.230375617,0.000000000
6605,2020-10-02 05:00:00,0.000000000,0.194382803,0.212262627,0.214664054,0.219914640,0.230362207,0.000000000
6606,2020-10-02 06:00:00,0.000000000,0.194383024,0.212260827,0.214662148,0.219912487,0.230359485,0.000000000
6607,2020-10-02 07:00:00,0.000000000,0.194383250,0.212258978,0.214660192,0.219910277,0.230356691,0.000000000
6608,2020-10-02 08:00:00,0.000000000,0.194383435,0.212257462,0.214658586,0.219908464,0.230354399,0.000000000
6609,2020-10-02 09:00:00,0.000000000,0.194384294,0.212250442,0.214651156,0.219900069,0.230343787,0.000000000
6610,2020-10-02 10:00:00,0.000000000,0.194385225,0.212242819,0.214643088,0.219890954,0.230332266,0.000000000
6611,2020-10-02 11:00:00,0.000000000,0.194386012,0.212236382,0.214636275,0.219883257,0.230322537,0.000000000
6612,2020-10-02 12:00:00,0.000000000,0.194388030,0.212219871,0.214618799,0.219863515,0.230297586,0.000000000
6613,2020-10-02 13:00:00,0.000000000,0.194391836,0.212188715,0.214585823,0.219826265,0.230250512,0.000000000
6614,2020-10-02 14:00:00,0.000000000,0.194397569,0.212141740,0.214536108,0.219770110,0.230179564,0.000000000
6615,2020-10-02 15:00:00,0.000000000,0.194404035,0.212088714,0.214479991,0.219706734,0.230099516,0.000000000
6616,2020-10-02 16:00:00,0.000000000,0.194409991,0.212039822,0.214428253,0.219648310,0.230025742,0.000000000
6617,2020-10-02 17:00:00,0.000000000,0.194415337,0.211995889,0.214381765,0.219595821,0.229959481,0.042966111
6618,2020-10-02 18:00:00,0.000000000,0.194418307,0.211971467,0.214355923,0.219566646,0.229922658,0.173684222
6619,2020-10-02 19:00:00,0.000000000,0.194414033,0.212006607,0.214393106,0.219608626,0.229975644,0.000000000
6620,2020-10-02 20:00:00,0.000000000,0.194419163,0.211964428,0.214348474,0.219558237,0.229912045,0.000000000
6621,2020-10-02 21:00:00,0.000000000,0.194424656,0.211919218,0.214300638,0.219504236,0.229843905,0.000000000
6622,2020-10-02 22:00:00,0.000000000,0.194425515,0.211912150,0.214293161,0.219495796,0.229833256,0.000000000
6623,2020-10-02 23:00:00,0.000000000,0.194425963,0.211908460,0.214289256,0.219491388,0.229827696,0.000000000
6624,2020-10-03 00:00:00,0.000000000,0.194426349,0.211905283,0.214285895,0.219487595,0.229822909,0.000000000
6625,2020-10-03 01:00:00,0.000000000,0.194426789,0.211901659,0.214282061,0.219483266,0.229817449,0.000000000
6626,2020-10-03 02:00:00,0.000000000,0.194427238,0.211897955,0.214278141,0.219478842,0.229811868,0.000000000
6627,2020-10-03 03:00:00,0.000000000,0.194427573,0.211895200,0.214275227,0.219475553,0.229807718,0.000000000
6628,2020-10-03 04:00:00,0.000000000,0.194427918,0.211892360,0.214272222,0.219472161,0.229803439,0.000000000
6629,2020-10-03 05:00:00,0.000000000,0.194429043,0.211883089,0.214262413,0.219461090,0.229789473,0.000000000
6630,2020-10-03 06:00:00,0.000000000,0.194429409,0.211880076,0.214259225,0.219457491,0.229784934,0.000000000
6631,2020-10-03 07:00:00,0.000000000,0.194429638,0.211878186,0.214257225,0.219455234,0.229782087,0.000000000
6632,2020-10-03 08:00:00,0.000000000,0.194429932,0.211875766,0.214254665,0.219452344,0.229778442,0.000000000
6633,2020-10-03 09:00:00,0.000000000,0.194430272,0.211872964,0.214251700,0.219448998,0.229774221,0.000000000
6634,2020-10-03 10:00:00,0.000000000,0.194430585,0.211870385,0.214248972,0.219445919,0.229770338,0.000000000
6635,2020-10-03 11:00:00,0.000000000,0.194431636,0.211861718,0.214239803,0.219435570,0.229757284,0.000000000
6636,2020-10-03 12:00:00,0.000000000,0.194433510,0.211846273,0.214223462,0.219417128,0.229734025,0.000000000
6637,2020-10-03 13:00:00,0.000000000,0.194436106,0.211824862,0.214200811,0.219391564,0.229701786,0.000000000
6638,2020-10-03 14:00:00,0.000000000,0.194440512,0.211788499,0.214162341,0.219348152,0.229647049,0.000000000
6639,2020-10-03 15:00:00,0.000000000,0.194448349,0.211723768,0.214093864,0.219270887,0.229549655,0.000000000
6640,2020-10-03 16:00:00,0.000000000,0.194457747,0.211646024,0.214011628,0.219178114,0.229432758,0.000000000
6641,2020-10-03 17:00:00,0.000000000,0.194472680,0.211522257,0.213880724,0.219030474,0.229246833,0.000000000
6642,2020-10-03 18:00:00,0.000000000,0.194488066,0.211394405,0.213745518,0.218878032,0.229054995,0.000000000
6643,2020-10-03 19:00:00,0.000000000,0.194501345,0.211283798,0.213628564,0.218746207,0.228889213,0.000000000
6644,2020-10-03 20:00:00,0.000000000,0.194511956,0.211195239,0.213534934,0.218640698,0.228756599,0.000000000
6645,2020-10-03 21:00:00,0.000000000,0.194519301,0.211133851,0.213470036,0.218567581,0.228664735,0.000000000
6646,2020-10-03 22:00:00,0.000000000,0.194521506,0.211115402,0.213450533,0.218545610,0.228637138,0.000000000
6647,2020-10-03 23:00:00,0.000000000,0.194522713,0.211105310,0.213439864,0.218533592,0.228622042,0.000000000
6648,2020-10-04 00:00:00,0.000000000,0.194523153,0.211101628,0.213435972,0.218529207,0.228616536,0.000000000
6649,2020-10-04 01:00:00,0.000000000,0.194523758,0.211096558,0.213430612,0.218523170,0.228608953,0.000000000
6650,2020-10-04 02:00:00,0.000000000,0.194524419,0.211091031,0.213424769,0.218516588,0.228600687,0.000000000
6651,2020-10-04 03:00:00,0.000000000,0.194524958,0.211086517,0.213419998,0.218511213,0.228593937,0.000000000
6652,2020-10-04 04:00:00,0.000000000,0.194525502,0.211081962,0.213415183,0.218505789,0.228587126,0.000000000
6653,2020-10-04 05:00:00,0.000000000,0.194525997,0.211077817,0.213410801,0.218500854,0.228580928,0.000000000
6654,2020-10-04 06:00:00,0.000000000,0.194526468,0.211073875,0.213406634,0.218496161,0.228575034,0.000000000
6655,2020-10-04 07:00:00,0.000000000,0.194526844,0.211070728,0.213403308,0.218492414,0.228570329,0.000000000
6656,2020-10-04 08:00:00,0.000000000,0.194527245,0.211067367,0.213399756,0.218488412,0.228565304,0.000000000
6657,2020-10-04 09:00:00,0.000000000,0.194527604,0.211064362,0.213396579,0.218484834,0.228560811,0.000000000
6658,2020-10-04 10:00:00,0.000000000,0.194528079,0.211060384,0.213392374,0.218480098,0.228554864,0.000000000
6659,2020-10-04 11:00:00,0.000000000,0.194529351,0.211049726,0.213381108,0.218467409,0.228538931,0.000000000
6660,2020-10-04 12:00:00,0.000000000,0.194531251,0.211033810,0.213364284,0.218448459,0.228515140,0.000000000
6661,2020-10-04 13:00:00,0.000000000,0.194533740,0.211012942,0.213342226,0.218423617,0.228483952,0.000000000
6662,2020-10-04 14:00:00,0.000000000,0.194537741,0.210979391,0.213306763,0.218383680,0.228433823,0.000000000
6663,2020-10-04 15:00:00,0.000000000,0.194545343,0.210915578,0.213239317,0.218307732,0.228338518,0.000000000
6664,2020-10-04 16:00:00,0.000000000,0.194557707,0.210811612,0.213129442,0.218184035,0.228183364,0.000000000
6665,2020-10-04 17:00:00,0.000000000,0.194571514,0.210695262,0.213006495,0.218045658,0.228009902,0.000000000
6666,2020-10-04 18:00:00,0.000000000,0.194581649,0.210609678,0.212916067,0.217943907,0.227882424,0.000000000
6667,2020-10-04 19:00:00,0.000000000,0.194590904,0.210531403,0.212833369,0.217850874,0.227765919,0.000000000
6668,2020-10-04 20:00:00,0.000000000,0.194600552,0.210449673,0.212747029,0.217753762,0.227644359,0.000000000
6669,2020-10-04 21:00:00,0.000000000,0.194606359,0.210400408,0.212694989,0.217695239,0.227571129,0.000000000
6670,2020-10-04 22:00:00,0.000000000,0.194608846,0.210379304,0.212672698,0.217670173,0.227539770,0.000000000
6671,2020-10-04 23:00:00,0.000000000,0.194610577,0.210364606,0.212657172,0.217652715,0.227517931,0.000000000
6672,2020-10-05 00:00:00,0.000000000,0.194613922,0.210336185,0.212627152,0.217618962,0.227475713,0.000000000
6673,2020-10-05 01:00:00,0.000000000,0.194616814,0.210311604,0.212601190,0.217589773,0.227439208,0.000000000
6674,2020-10-05 02:00:00,0.000000000,0.194619094,0.210292216,0.212580712,0.217566751,0.227410420,0.000000000
6675,2020-10-05 03:00:00,0.000000000,0.194621370,0.210272862,0.212560271,0.217543772,0.227381688,0.000000000
6676,2020-10-05 04:00:00,0.000000000,0.194623176,0.210257494,0.212544040,0.217525525,0.227358876,0.000000000
6677,2020-10-05 05:00:00,0.000000000,0.194624684,0.210244654,0.212530480,0.217510282,0.227339820,0.000000000
6678,2020-10-05 06:00:00,0.000000000,0.194626020,0.210233282,0.212518469,0.217496781,0.227322944,0.000000000
6679,2020-10-05 07:00:00,0.000000000,0.194627381,0.210221687,0.212506223,0.217483017,0.227305739,0.000000000
6680,2020-10-05 08:00:00,0.000000000,0.194628244,0.210214337,0.212498461,0.217474293,0.227294834,0.000000000
6681,2020-10-05 09:00:00,0.000000000,0.194629063,0.210207360,0.212491093,0.217466010,0.227284482,0.000000000
6682,2020-10-05 10:00:00,0.000000000,0.194630175,0.210197889,0.212481091,0.217454769,0.227270432,0.159865900
6683,2020-10-05 11:00:00,0.000000000,0.194623646,0.210253490,0.212539812,0.217520772,0.227352934,0.064977406
6684,2020-10-05 12:00:00,0.000000000,0.194622362,0.210264418,0.212551353,0.217533746,0.227369153,0.120173183
6685,2020-10-05 13:00:00,0.000000000,0.194618923,0.210293675,0.212582253,0.217568483,0.227412585,0.057894745
6686,2020-10-05 14:00:00,0.000000000,0.194619373,0.210289848,0.212578211,0.217563939,0.227406904,0.000000000
6687,2020-10-05 15:00:00,0.000000000,0.194624382,0.210247228,0.212533198,0.217513338,0.227343641,0.000000000
6688,2020-10-05 16:00:00,0.000000000,0.194631145,0.210189624,0.212472363,0.217444959,0.227258173,0.000000000
6689,2020-10-05 17:00:00,0.000000000,0.194638652,0.210125607,0.212404759,0.217368984,0.227163242,0.000000000
6690,2020-10-05 18:00:00,0.000000000,0.194647243,0.210052241,0.212327288,0.217281933,0.227054514,0.000000000
6691,2020-10-05 19:00:00,0.000000000,0.194655790,0.209979147,0.212250111,0.217195230,0.226946260,0.000000000
6692,2020-10-05 20:00:00,0.000000000,0.194663144,0.209916172,0.212183622,0.217120546,0.226853049,0.000000000
6693,2020-10-05 21:00:00,0.000000000,0.194668460,0.209870604,0.212135515,0.217066516,0.226785635,0.000000000
6694,2020-10-05 22:00:00,0.000000000,0.194669429,0.209862297,0.212126744,0.217056667,0.226773347,0.000000000
6695,2020-10-05 23:00:00,0.000000000,0.194669836,0.209858797,0.212123050,0.217052518,0.226768171,0.000000000
6696,2020-10-06 00:00:00,0.000000000,0.194670075,0.209856750,0.212120889,0.217050091,0.226765144,0.000000000
6697,2020-10-06 01:00:00,0.000000000,0.194670419,0.209853798,0.212117773,0.217046591,0.226760778,0.000000000
6698,2020-10-06 02:00:00,0.000000000,0.194670741,0.209851036,0.212114857,0.217043317,0.226756694,0.000000000
6699,2020-10-06 03:00:00,0.000000000,0.194671020,0.209848639,0.212112326,0.217040475,0.226753149,0.000000000
6700,2020-10-06 04:00:00,0.000000000,0.194671387,0.209845490,0.212109002,0.217036742,0.226748492,0.000000000
6701,2020-10-06 05:00:00,0.000000000,0.194671609,0.209843589,0.212106995,0.217034488,0.226745680,0.000000000
6702,2020-10-06 06:00:00,0.000000000,0.194671720,0.209842640,0.212105993,0.217033363,0.226744277,0.000000000
6703,2020-10-06 07:00:00,0.000000000,0.194671814,0.209841834,0.212105143,0.217032408,0.226743086,0.000000000
6704,2020-10-06 08:00:00,0.000000000,0.194671815,0.209841834,0.212105143,0.217032408,0.226743086,0.000000000
6705,2020-10-06 09:00:00,0.000000000,0.194671998,0.209840255,0.212103475,0.217030535,0.226740750,0.000000000
6706,2020-10-06 10:00:00,0.000000000,0.194672331,0.209837389,0.212100451,0.217027139,0.226736513,0.000000000
6707,2020-10-06 11:00:00,0.000000000,0.194673217,0.209829791,0.212092429,0.217018131,0.226725278,0.000000000
6708,2020-10-06 12:00:00,0.000000000,0.194674728,0.209816814,0.212078730,0.217002748,0.226706091,0.000000000
6709,2020-10-06 13:00:00,0.000000000,0.194676301,0.209803310,0.212064474,0.216986741,0.226686128,0.000000000
6710,2020-10-06 14:00:00,0.000000000,0.194679153,0.209778813,0.212038615,0.216957706,0.226649920,0.000000000
6711,2020-10-06 15:00:00,0.000000000,0.194685919,0.209720643,0.211977213,0.216888769,0.226563972,0.000000000
6712,2020-10-06 16:00:00,0.000000000,0.194695460,0.209638499,0.211890511,0.216791445,0.226442677,0.000000000
6713,2020-10-06 17:00:00,0.000000000,0.194707912,0.209531100,0.211777164,0.216664240,0.226284222,0.000000000
6714,2020-10-06 18:00:00,0.000000000,0.194720068,0.209426025,0.211666282,0.216539834,0.226129340,0.000000000
6715,2020-10-06 19:00:00,0.000000000,0.194731112,0.209330377,0.211565360,0.216426630,0.225988480,0.000000000
6716,2020-10-06 20:00:00,0.000000000,0.194740120,0.209252228,0.211482908,0.216334164,0.225873477,0.000000000
6717,2020-10-06 21:00:00,0.000000000,0.194745855,0.209202408,0.211430349,0.216275230,0.225800204,0.000000000
6718,2020-10-06 22:00:00,0.000000000,0.194747800,0.209185493,0.211412504,0.216255223,0.225775333,0.000000000
6719,2020-10-06 23:00:00,0.000000000,0.194749178,0.209173519,0.211399873,0.216241061,0.225757730,0.001213120
6720,2020-10-07 00:00:00,0.000000000,0.194749119,0.209174025,0.211400407,0.216241660,0.225758475,0.000000000
6721,2020-10-07 01:00:00,0.000000000,0.194749268,0.209172732,0.211399042,0.216240130,0.225756573,0.002229005
6722,2020-10-07 02:00:00,0.000000000,0.194749161,0.209173663,0.211400024,0.216241231,0.225757941,0.000000000
6723,2020-10-07 03:00:00,0.000000000,0.194750033,0.209166080,0.211392026,0.216232264,0.225746795,0.000000000
6724,2020-10-07 04:00:00,0.000000000,0.194750221,0.209166080,0.211392026,0.216232264,0.225746795,0.000707664
6725,2020-10-07 05:00:00,0.000000000,0.194749903,0.209166080,0.211392026,0.216232264,0.225746795,0.003427497
6726,2020-10-07 06:00:00,0.000000000,0.194749854,0.209167633,0.211393663,0.216234099,0.225749077,0.004855502
6727,2020-10-07 07:00:00,0.000000000,0.194749621,0.209169660,0.211395802,0.216236497,0.225752058,0.005327757
6728,2020-10-07 08:00:00,0.000000000,0.194749365,0.209171885,0.211398149,0.216239129,0.225755328,0.004020510
6729,2020-10-07 09:00:00,0.000000000,0.194749172,0.209173564,0.211399920,0.216241115,0.225757797,0.002885255
6730,2020-10-07 10:00:00,0.000000000,0.194749034,0.209174769,0.211401192,0.216242540,0.225759568,0.001925479
6731,2020-10-07 11:00:00,0.000000000,0.194748941,0.209175573,0.211402040,0.216243491,0.225760750,0.000000000
6732,2020-10-07 12:00:00,0.000000000,0.194749880,0.209167408,0.211393426,0.216233833,0.225748747,0.000000000
6733,2020-10-07 13:00:00,0.000000000,0.194752691,0.209142952,0.211367628,0.216204911,0.225712801,0.000000000
6734,2020-10-07 14:00:00,0.000000000,0.194758633,0.209091230,0.211313068,0.216143750,0.225636803,0.000000000
6735,2020-10-07 15:00:00,0.000000000,0.194770404,0.208988594,0.211204811,0.216022418,0.225486098,0.000000000
6736,2020-10-07 16:00:00,0.000000000,0.194785304,0.208858372,0.211067473,0.215868537,0.225295079,0.000000000
6737,2020-10-07 17:00:00,0.000000000,0.194801908,0.208712867,0.210914039,0.215696677,0.225081898,0.000000000
6738,2020-10-07 18:00:00,0.000000000,0.194813477,0.208611227,0.210806875,0.215576680,0.224933145,0.000000000
6739,2020-10-07 19:00:00,0.000000000,0.194823419,0.208523724,0.210714625,0.215473406,0.224805185,0.434729475
6740,2020-10-07 20:00:00,0.000000000,0.194809793,0.208643616,0.210841023,0.215614914,0.224980533,0.066087737
6741,2020-10-07 21:00:00,0.000000000,0.194815185,0.208596206,0.210791038,0.215558949,0.224911171,0.189723181
6742,2020-10-07 22:00:00,0.000000000,0.194811030,0.208632745,0.210829561,0.215602080,0.224964625,1.266321397
6743,2020-10-07 23:00:00,0.000000000,0.194756610,0.209108840,0.211331644,0.216164573,0.225662675,0.000000000
6744,2020-10-08 00:00:00,0.000000000,0.194759280,0.209085589,0.211307118,0.216137081,0.225628517,0.000000000
6745,2020-10-08 01:00:00,0.000000000,0.194762253,0.209059686,0.211279796,0.216106456,0.225590472,0.000000000
6746,2020-10-08 02:00:00,0.000000000,0.194765426,0.209032023,0.211250616,0.216073753,0.225549850,0.000000000
6747,2020-10-08 03:00:00,0.000000000,0.194769395,0.208997392,0.211214090,0.216032818,0.225499011,0.000000000
6748,2020-10-08 04:00:00,0.000000000,0.194774237,0.208955125,0.211169511,0.215982862,0.225436983,0.000000000
6749,2020-10-08 05:00:00,0.000000000,0.194778854,0.208914784,0.211126965,0.215935189,0.225377801,0.000000000
6750,2020-10-08 06:00:00,0.000000000,0.194782638,0.208881699,0.211092073,0.215896097,0.225329282,0.000000000
6751,2020-10-08 07:00:00,0.000000000,0.194785781,0.208854194,0.211063066,0.215863600,0.225288954,0.000000000
6752,2020-10-08 08:00:00,0.000000000,0.194786223,0.208850329,0.211058991,0.215859035,0.225283289,0.000000000
6753,2020-10-08 09:00:00,0.000000000,0.194786759,0.208845636,0.211054041,0.215853490,0.225276409,0.000000000
6754,2020-10-08 10:00:00,0.000000000,0.194789770,0.208819274,0.211026242,0.215822348,0.225237770,0.000000000
6755,2020-10-08 11:00:00,0.000000000,0.194792802,0.208792714,0.210998234,0.215790976,0.225198850,0.000000000
6756,2020-10-08 12:00:00,0.000000000,0.194799038,0.208738048,0.210940591,0.215726413,0.225118773,0.000000000
6757,2020-10-08 13:00:00,0.000000000,0.194807288,0.208665627,0.210864231,0.215640900,0.225012746,0.000000000
6758,2020-10-08 14:00:00,0.000000000,0.194817865,0.208572631,0.210766184,0.215531123,0.224876691,0.000000000
6759,2020-10-08 15:00:00,0.000000000,0.194830499,0.208461320,0.210648841,0.215399774,0.224713988,0.000000000
6760,2020-10-08 16:00:00,0.000000000,0.194845527,0.208328597,0.210508943,0.215243222,0.224520188,0.000000000
6761,2020-10-08 17:00:00,0.000000000,0.194862650,0.208176941,0.210349112,0.215064425,0.224299013,0.000000000
6762,2020-10-08 18:00:00,0.000000000,0.194878816,0.208033348,0.210197803,0.214895220,0.224089862,0.000000000
6763,2020-10-08 19:00:00,0.000000000,0.194894069,0.207897486,0.210054661,0.214735202,0.223892208,0.000000000
6764,2020-10-08 20:00:00,0.000000000,0.194908016,0.207772939,0.209923458,0.214588575,0.223711215,0.000000000
6765,2020-10-08 21:00:00,0.000000000,0.194918526,0.207678880,0.209824383,0.214477882,0.223574654,0.000000000
6766,2020-10-08 22:00:00,0.000000000,0.194925337,0.207617825,0.209760077,0.214406048,0.223486069,0.000000000
6767,2020-10-08 23:00:00,0.000000000,0.194929632,0.207579290,0.209719493,0.214360718,0.223430182,0.000000000
6768,2020-10-09 00:00:00,0.000000000,0.194934353,0.207536905,0.209674855,0.214310865,0.223368731,0.000000000
6769,2020-10-09 01:00:00,0.000000000,0.194935286,0.207528518,0.209666023,0.214301002,0.223356574,0.000000000
6770,2020-10-09 02:00:00,0.000000000,0.194937737,0.207506497,0.209642832,0.214275104,0.223324659,0.000000000
6771,2020-10-09 03:00:00,0.000000000,0.194939397,0.207491565,0.209627108,0.214257546,0.223303022,0.000000000
6772,2020-10-09 04:00:00,0.000000000,0.194939841,0.207487577,0.209622909,0.214252856,0.223297244,0.000000000
6773,2020-10-09 05:00:00,0.000000000,0.194940392,0.207482622,0.209617691,0.214247030,0.223290064,0.000000000
6774,2020-10-09 06:00:00,0.000000000,0.194941754,0.207470368,0.209604786,0.214232621,0.223272310,0.000000000
6775,2020-10-09 07:00:00,0.000000000,0.194942099,0.207467272,0.209601526,0.214228981,0.223267825,0.000000000
6776,2020-10-09 08:00:00,0.000000000,0.194942502,0.207463640,0.209597701,0.214224709,0.223262563,0.000000000
6777,2020-10-09 09:00:00,0.000000000,0.194942642,0.207462384,0.209596378,0.214223232,0.223260743,0.000000000
6778,2020-10-09 10:00:00,0.000000000,0.194942869,0.207460337,0.209594223,0.214220826,0.223257779,0.000000000
6779,2020-10-09 11:00:00,0.000000000,0.194943127,0.207458017,0.209591780,0.214218098,0.223254417,0.000000000
6780,2020-10-09 12:00:00,0.000000000,0.194944884,0.207442213,0.209575137,0.214199516,0.223231525,0.000000000
6781,2020-10-09 13:00:00,0.000000000,0.194949954,0.207396563,0.209527069,0.214145849,0.223165419,0.000000000
6782,2020-10-09 14:00:00,0.000000000,0.194957731,0.207326452,0.209453247,0.214063441,0.223063941,0.000000000
6783,2020-10-09 15:00:00,0.000000000,0.194967982,0.207233901,0.209355805,0.213954686,0.222930073,0.000000000
6784,2020-10-09 16:00:00,0.000000000,0.194979167,0.207132713,0.209249281,0.213835822,0.222783832,0.000000000
6785,2020-10-09 17:00:00,0.000000000,0.194992167,0.207014854,0.209125221,0.213697425,0.222613654,0.000000000
6786,2020-10-09 18:00:00,0.000000000,0.195004883,0.206899312,0.209003613,0.213561801,0.222446982,0.000000000
6787,2020-10-09 19:00:00,0.000000000,0.195016560,0.206792963,0.208891695,0.213437015,0.222293715,0.000000000
6788,2020-10-09 20:00:00,0.000000000,0.195027269,0.206695246,0.208788871,0.213322396,0.222153006,0.000000000
6789,2020-10-09 21:00:00,0.000000000,0.195035959,0.206615807,0.208705287,0.213229244,0.222038700,0.000000000
6790,2020-10-09 22:00:00,0.000000000,0.195040737,0.206572071,0.208659273,0.213177969,0.221975802,0.000000000
6791,2020-10-09 23:00:00,0.000000000,0.195041894,0.206561483,0.208648133,0.213165557,0.221960577,0.000000000
6792,2020-10-10 00:00:00,0.000000000,0.195043391,0.206547771,0.208633708,0.213149484,0.221940864,0.000000000
6793,2020-10-10 01:00:00,0.000000000,0.195043518,0.206547771,0.208633708,0.213149484,0.221940864,0.001732439
6794,2020-10-10 02:00:00,0.000000000,0.195043324,0.206548385,0.208634353,0.213150203,0.221941746,0.000000000
6795,2020-10-10 03:00:00,0.000000000,0.195043465,0.206548385,0.208634353,0.213150203,0.221941746,0.001936074
6796,2020-10-10 04:00:00,0.000000000,0.195043249,0.206549072,0.208635076,0.213151008,0.221942733,0.000674395
6797,2020-10-10 05:00:00,0.000000000,0.195042940,0.206549072,0.208635076,0.213151008,0.221942733,0.002364371
6798,2020-10-10 06:00:00,0.000000000,0.195043109,0.206550354,0.208636425,0.213152511,0.221944577,0.000603758
6799,2020-10-10 07:00:00,0.000000000,0.195042833,0.206550354,0.208636425,0.213152511,0.221944577,0.000803948
6800,2020-10-10 08:00:00,0.000000000,0.195042465,0.206550354,0.208636425,0.213152511,0.221944577,0.005285558
6801,2020-10-10 09:00:00,0.000000000,0.195042800,0.206553178,0.208639396,0.213155821,0.221948637,0.007279983
6802,2020-10-10 10:00:00,0.000000000,0.195042465,0.206556249,0.208642627,0.213159421,0.221953052,0.007622064
6803,2020-10-10 11:00:00,0.000000000,0.195042114,0.206559465,0.208646010,0.213163191,0.221957675,0.000000000
6804,2020-10-10 12:00:00,0.000000000,0.195044507,0.206537541,0.208622944,0.213137491,0.221926156,0.000000000
6805,2020-10-10 13:00:00,0.000000000,0.195049337,0.206493272,0.208576373,0.213085605,0.221862532,0.000000000
6806,2020-10-10 14:00:00,0.000000000,0.195057766,0.206415908,0.208494989,0.212994947,0.221751397,0.000000000
6807,2020-10-10 15:00:00,0.000000000,0.195069451,0.206308469,0.208381979,0.212869084,0.221597176,0.000000000
6808,2020-10-10 16:00:00,0.000000000,0.195083092,0.206182756,0.208249763,0.212721871,0.221416898,0.000000000
6809,2020-10-10 17:00:00,0.000000000,0.195098220,0.206042980,0.208102776,0.212558262,0.221216671,0.000000000
6810,2020-10-10 18:00:00,0.000000000,0.195112501,0.205910665,0.207963654,0.212403455,0.221027342,0.000000000
6811,2020-10-10 19:00:00,0.000000000,0.195125910,0.205786119,0.207832717,0.212257798,0.220849315,0.000000000
6812,2020-10-10 20:00:00,0.000000000,0.195136892,0.205683884,0.207725248,0.212138279,0.220703315,0.000000000
6813,2020-10-10 21:00:00,0.000000000,0.195144564,0.205612340,0.207650048,0.212054663,0.220601216,0.000000000
6814,2020-10-10 22:00:00,0.000000000,0.195148372,0.205576792,0.207612686,0.212013125,0.220550509,0.000000000
6815,2020-10-10 23:00:00,0.000000000,0.195151090,0.205551408,0.207586007,0.211983466,0.220514308,0.000000000
6816,2020-10-11 00:00:00,0.000000000,0.195152437,0.205538823,0.207572780,0.211968762,0.220496363,0.000000000
6817,2020-10-11 01:00:00,0.000000000,0.195153758,0.205526469,0.207559796,0.211954329,0.220478749,0.000000000
6818,2020-10-11 02:00:00,0.000000000,0.195154148,0.205522826,0.207555968,0.211950073,0.220473556,0.000000000
6819,2020-10-11 03:00:00,0.000000000,0.195154830,0.205516451,0.207549268,0.211942626,0.220464468,0.000000000
6820,2020-10-11 04:00:00,0.000000000,0.195154875,0.205516025,0.207548820,0.211942128,0.220463861,0.009471060
6821,2020-10-11 05:00:00,0.000000000,0.195154446,0.205520036,0.207553036,0.211946814,0.220469579,0.012383345
6822,2020-10-11 06:00:00,0.000000000,0.195153885,0.205525280,0.207558547,0.211952940,0.220477054,0.012513112
6823,2020-10-11 07:00:00,0.000000000,0.195153319,0.205530578,0.207564115,0.211959130,0.220484608,0.008204178
6824,2020-10-11 08:00:00,0.000000000,0.195152947,0.205534053,0.207567767,0.211963189,0.220489562,0.006566666
6825,2020-10-11 09:00:00,0.000000000,0.195152649,0.205536834,0.207570689,0.211966438,0.220493527,0.004261257
6826,2020-10-11 10:00:00,0.000000000,0.195152456,0.205538638,0.207572586,0.211968546,0.220496100,0.001290940
6827,2020-10-11 11:00:00,0.000000000,0.195152398,0.205539185,0.207573161,0.211969185,0.220496880,0.000000000
6828,2020-10-11 12:00:00,0.000000000,0.195156441,0.205501382,0.207533431,0.211925022,0.220442987,0.000000000
6829,2020-10-11 13:00:00,0.000000000,0.195162986,0.205440140,0.207469071,0.211853488,0.220355715,0.000000000
6830,2020-10-11 14:00:00,0.000000000,0.195172901,0.205347216,0.207371423,0.211744975,0.220223378,0.000000000
6831,2020-10-11 15:00:00,0.000000000,0.195185241,0.205231322,0.207249651,0.211609685,0.220058467,0.000000000
6832,2020-10-11 16:00:00,0.000000000,0.195198993,0.205101850,0.207113628,0.211458604,0.219874416,0.000000000
6833,2020-10-11 17:00:00,0.000000000,0.195214393,0.204956484,0.206960928,0.211289052,0.219667999,0.000000000
6834,2020-10-11 18:00:00,0.000000000,0.195229369,0.204814706,0.206812018,0.211123762,0.219466907,0.000000000
6835,2020-10-11 19:00:00,0.000000000,0.195242689,0.204688277,0.206679247,0.210976430,0.219287777,0.000000000
6836,2020-10-11 20:00:00,0.000000000,0.195254836,0.204572705,0.206557893,0.210841803,0.219124188,0.000000000
6837,2020-10-11 21:00:00,0.000000000,0.195263525,0.204489865,0.206470916,0.210745335,0.219007021,0.000000000
6838,2020-10-11 22:00:00,0.000000000,0.195268606,0.204441364,0.206419996,0.210688867,0.218938458,0.000000000
6839,2020-10-11 23:00:00,0.000000000,0.195272800,0.204401297,0.206377933,0.210642225,0.218881838,0.000000000
6840,2020-10-12 00:00:00,0.000000000,0.195275771,0.204372896,0.206348118,0.210609167,0.218841714,0.000000000
6841,2020-10-12 01:00:00,0.000000000,0.195278738,0.204344516,0.206318326,0.210576137,0.218801630,0.000000000
6842,2020-10-12 02:00:00,0.000000000,0.195281198,0.204320974,0.206293613,0.210548739,0.218768384,0.000000000
6843,2020-10-12 03:00:00,0.000000000,0.195283234,0.204301476,0.206273145,0.210526049,0.218740854,0.000000000
6844,2020-10-12 04:00:00,0.000000000,0.195285221,0.204282445,0.206253170,0.210503905,0.218713989,0.000000000
6845,2020-10-12 05:00:00,0.000000000,0.195286864,0.204266705,0.206236647,0.210485590,0.218691771,0.000000000
6846,2020-10-12 06:00:00,0.000000000,0.195288926,0.204246939,0.206215900,0.210462593,0.218663876,0.000000000
6847,2020-10-12 07:00:00,0.000000000,0.195291049,0.204226583,0.206194533,0.210438910,0.218635151,0.000000000
6848,2020-10-12 08:00:00,0.000000000,0.195292851,0.204209291,0.206176384,0.210418794,0.218610754,0.000000000
6849,2020-10-12 09:00:00,0.000000000,0.195294743,0.204191140,0.206157333,0.210397679,0.218585150,0.000000000
6850,2020-10-12 10:00:00,0.000000000,0.195296927,0.204170177,0.206135331,0.210373295,0.218555582,0.000000000
6851,2020-10-12 11:00:00,0.000000000,0.195299190,0.204148446,0.206112522,0.210348019,0.218524936,0.000000000
6852,2020-10-12 12:00:00,0.000000000,0.195302202,0.204119507,0.206082150,0.210314362,0.218484134,0.173684222
6853,2020-10-12 13:00:00,0.000000000,0.195297745,0.204162326,0.206127090,0.210364163,0.218544509,0.460854574
6854,2020-10-12 14:00:00,0.000000000,0.195280956,0.204323285,0.206296039,0.210551428,0.218771648,0.600319487
6855,2020-10-12 15:00:00,0.000000000,0.195257385,0.204548420,0.206532394,0.210813520,0.219089832,1.216879730
6856,2020-10-12 16:00:00,0.000000000,0.195207241,0.205024050,0.207031900,0.211367850,0.219763911,0.067192153
6857,2020-10-12 17:00:00,0.000000000,0.195206679,0.205029350,0.207037468,0.211374032,0.219771438,0.057894745
6858,2020-10-12 18:00:00,0.000000000,0.195207019,0.205026137,0.207034093,0.211370285,0.219766876,0.000000000
6859,2020-10-12 19:00:00,0.000000000,0.195210048,0.204997538,0.207004052,0.211336929,0.219726271,0.000000000
6860,2020-10-12 20:00:00,0.000000000,0.195213297,0.204966843,0.206971809,0.211301133,0.219682701,0.000000000
6861,2020-10-12 21:00:00,0.000000000,0.195216930,0.204932493,0.206935729,0.211261077,0.219633955,0.000000000
6862,2020-10-12 22:00:00,0.000000000,0.195218875,0.204914089,0.206916399,0.211239619,0.219607844,0.000000000
6863,2020-10-12 23:00:00,0.000000000,0.195220332,0.204900306,0.206901922,0.211223549,0.219588292,0.000000000
6864,2020-10-13 00:00:00,0.000000000,0.195221590,0.204888393,0.206889410,0.211209660,0.219571394,0.000000000
6865,2020-10-13 01:00:00,0.000000000,0.195222976,0.204875278,0.206875635,0.211194370,0.219552792,0.000000000
6866,2020-10-13 02:00:00,0.000000000,0.195225005,0.204856060,0.206855451,0.211171967,0.219525539,0.000000000
6867,2020-10-13 03:00:00,0.000000000,0.195227290,0.204834414,0.206832716,0.211146734,0.219494847,0.000000000
6868,2020-10-13 04:00:00,0.000000000,0.195229132,0.204816949,0.206814374,0.211126377,0.219470087,0.521329821
6869,2020-10-13 05:00:00,0.000000000,0.195207560,0.205021035,0.207028733,0.211364333,0.219759631,0.461101314
6870,2020-10-13 06:00:00,0.000000000,0.195188107,0.205204365,0.207221329,0.211578224,0.220020131,1.493272885
6871,2020-10-13 07:00:00,0.000000000,0.195124368,0.205800460,0.207847792,0.212274566,0.220869804,5.084596705
6872,2020-10-13 08:00:00,0.000000000,0.194923217,0.207636837,0.209780101,0.214428415,0.223513649,5.042622934
6873,2020-10-13 09:00:00,0.000000000,0.194717881,0.209444947,0.211686249,0.216562234,0.226157222,0.587620832
6874,2020-10-13 10:00:00,0.000000000,0.194690635,0.209680057,0.211934374,0.216840679,0.226504030,1.387586519
6875,2020-10-13 11:00:00,0.000000000,0.194626766,0.210226924,0.212511755,0.217489235,0.227313510,0.415278947
6876,2020-10-13 12:00:00,0.000000000,0.194607829,0.210387937,0.212681816,0.217680426,0.227552597,0.329254141
6877,2020-10-13 13:00:00,0.000000000,0.194593314,0.210510996,0.212811811,0.217826625,0.227735559,4.287056572
6878,2020-10-13 14:00:00,0.000000000,0.194408669,0.212050674,0.214439736,0.219661277,0.230042114,1.195332754
6879,2020-10-13 15:00:00,0.000000000,0.194352781,0.212507518,0.214923296,0.220207622,0.230732834,0.528455718
6880,2020-10-13 16:00:00,0.000000000,0.194328956,0.212701011,0.215128177,0.220439299,0.231026276,0.000000000
6881,2020-10-13 17:00:00,0.000000000,0.194331482,0.212680534,0.215106493,0.220414773,0.230995196,0.270271204
6882,2020-10-13 18:00:00,0.000000000,0.194320338,0.212770820,0.215202106,0.220522925,0.231132277,1.184842381
6883,2020-10-13 19:00:00,0.000000000,0.194264507,0.213220698,0.215678672,0.221062365,0.231817073,1.006953778
6884,2020-10-13 20:00:00,0.000000000,0.194216747,0.213602359,0.216083164,0.221520717,0.232400341,0.000000000
6885,2020-10-13 21:00:00,0.000000000,0.194219243,0.213582484,0.216062096,0.221496832,0.232369914,0.173684222
6886,2020-10-13 22:00:00,0.000000000,0.194211701,0.213642509,0.216125726,0.221568973,0.232461823,0.000000000
6887,2020-10-13 23:00:00,0.000000000,0.194212906,0.213632922,0.216115562,0.221557449,0.232447139,0.000000000
6888,2020-10-14 00:00:00,0.000000000,0.194214500,0.213620244,0.216102122,0.221542211,0.232427724,0.000000000
6889,2020-10-14 01:00:00,0.000000000,0.194215768,0.213610153,0.216091426,0.221530083,0.232412273,0.000000000
6890,2020-10-14 02:00:00,0.000000000,0.194217071,0.213599775,0.216080425,0.221517611,0.232396384,0.000000000
6891,2020-10-14 03:00:00,0.000000000,0.194218098,0.213591601,0.216071759,0.221507787,0.232383870,0.000000000
6892,2020-10-14 04:00:00,0.000000000,0.194219108,0.213583557,0.216063232,0.221498121,0.232371556,0.000000000
6893,2020-10-14 05:00:00,0.000000000,0.194220064,0.213575944,0.216055163,0.221488973,0.232359903,0.000000000
6894,2020-10-14 06:00:00,0.000000000,0.194220733,0.213570614,0.216049512,0.221482567,0.232351744,0.000000000
6895,2020-10-14 07:00:00,0.000000000,0.194221274,0.213566305,0.216044945,0.221477390,0.232345149,0.000000000
6896,2020-10-14 08:00:00,0.000000000,0.194221853,0.213561691,0.216040054,0.221471845,0.232338088,0.000000000
6897,2020-10-14 09:00:00,0.000000000,0.194222295,0.213558168,0.216036320,0.221467612,0.232332697,0.000000000
6898,2020-10-14 10:00:00,0.000000000,0.194222754,0.213554513,0.216032446,0.221463221,0.232327104,0.000000000
6899,2020-10-14 11:00:00,0.000000000,0.194223217,0.213550826,0.216028537,0.221458790,0.232321460,0.000000000
6900,2020-10-14 12:00:00,0.000000000,0.194225066,0.213536089,0.216012917,0.221441083,0.232298911,0.000000000
6901,2020-10-14 13:00:00,0.000000000,0.194229084,0.213504051,0.215978958,0.221402591,0.232249897,0.000000000
6902,2020-10-14 14:00:00,0.000000000,0.194235742,0.213450919,0.215922643,0.221338767,0.232168648,0.000000000
6903,2020-10-14 15:00:00,0.000000000,0.194246152,0.213367727,0.215834475,0.221238860,0.232041515,0.000000000
6904,2020-10-14 16:00:00,0.000000000,0.194260002,0.213256825,0.215716953,0.221105723,0.231872192,0.000000000
6905,2020-10-14 17:00:00,0.000000000,0.194276804,0.213121960,0.215574055,0.220943892,0.231666524,0.000000000
6906,2020-10-14 18:00:00,0.000000000,0.194292537,0.212995345,0.215439920,0.220792035,0.231473678,0.000000000
6907,2020-10-14 19:00:00,0.000000000,0.194307713,0.212872902,0.215310223,0.220645251,0.231287408,0.000000000
6908,2020-10-14 20:00:00,0.000000000,0.194320547,0.212769129,0.215200315,0.220520899,0.231129708,0.000000000
6909,2020-10-14 21:00:00,0.000000000,0.194329445,0.212697052,0.215123985,0.220434557,0.231020267,0.000000000
6910,2020-10-14 22:00:00,0.000000000,0.194331165,0.212683105,0.215109215,0.220417852,0.230999098,0.000000000
6911,2020-10-14 23:00:00,0.000000000,0.194332108,0.212675454,0.215101113,0.220408689,0.230987487,0.000000000
6912,2020-10-15 00:00:00,0.000000000,0.194332300,0.212673899,0.215099467,0.220406827,0.230985127,0.000076034
6913,2020-10-15 01:00:00,0.000000000,0.194332267,0.212673899,0.215099467,0.220406827,0.230985127,0.000000000
6914,2020-10-15 02:00:00,0.000000000,0.194333785,0.212661856,0.215086714,0.220392404,0.230966852,0.000000000
6915,2020-10-15 03:00:00,0.000000000,0.194335072,0.212651411,0.215075654,0.220379895,0.230951004,0.000000000
6916,2020-10-15 04:00:00,0.000000000,0.194335150,0.212650786,0.215074991,0.220379146,0.230950055,0.000000000
6917,2020-10-15 05:00:00,0.000000000,0.194335310,0.212649487,0.215073616,0.220377591,0.230948085,0.000000000
6918,2020-10-15 06:00:00,0.000000000,0.194335511,0.212647855,0.215071888,0.220375637,0.230945609,0.000000000
6919,2020-10-15 07:00:00,0.000000000,0.194335815,0.212647855,0.215071888,0.220375637,0.230945609,0.000000000
6920,2020-10-15 08:00:00,0.000000000,0.194336220,0.212647855,0.215071888,0.220375637,0.230945609,0.000000000
6921,2020-10-15 09:00:00,0.000000000,0.194335690,0.212646398,0.215070345,0.220373891,0.230943397,0.000000000
6922,2020-10-15 10:00:00,0.000000000,0.194335861,0.212645012,0.215068877,0.220372232,0.230941295,0.000000000
6923,2020-10-15 11:00:00,0.000000000,0.194336084,0.212643206,0.215066965,0.220370069,0.230938556,0.000000000
6924,2020-10-15 12:00:00,0.000000000,0.194338395,0.212624444,0.215047098,0.220347602,0.230910094,0.000000000
6925,2020-10-15 13:00:00,0.000000000,0.194341147,0.212602097,0.215023436,0.220320844,0.230876200,0.000000000
6926,2020-10-15 14:00:00,0.000000000,0.194345867,0.212563753,0.214982836,0.220274937,0.230818061,0.000000000
6927,2020-10-15 15:00:00,0.000000000,0.194355266,0.212487296,0.214901885,0.220183418,0.230702196,0.000000000
6928,2020-10-15 16:00:00,0.000000000,0.194369953,0.212367597,0.214775166,0.220040191,0.230520967,0.000000000
6929,2020-10-15 17:00:00,0.000000000,0.194388054,0.212219679,0.214618596,0.219863285,0.230297295,0.000000000
6930,2020-10-15 18:00:00,0.000000000,0.194406261,0.212070442,0.214460655,0.219684898,0.230071941,0.000000000
6931,2020-10-15 19:00:00,0.000000000,0.194423877,0.211925636,0.214307429,0.219511902,0.229853577,0.000000000
6932,2020-10-15 20:00:00,0.000000000,0.194438614,0.211804169,0.214178919,0.219366859,0.229670635,0.000000000
6933,2020-10-15 21:00:00,0.000000000,0.194448887,0.211719317,0.214089156,0.219265575,0.229542959,0.000000000
6934,2020-10-15 22:00:00,0.000000000,0.194454476,0.211673100,0.214040268,0.219210421,0.229473460,0.000000000
6935,2020-10-15 23:00:00,0.000000000,0.194456631,0.211655263,0.214021400,0.219189137,0.229446645,0.000000000
6936,2020-10-16 00:00:00,0.000000000,0.194457972,0.211644163,0.214009660,0.219175893,0.229429961,0.001094964
6937,2020-10-16 01:00:00,0.000000000,0.194457918,0.211644616,0.214010138,0.219176433,0.229430641,0.013276538
6938,2020-10-16 02:00:00,0.000000000,0.194457255,0.211650102,0.214015942,0.219182980,0.229438888,0.015306315
6939,2020-10-16 03:00:00,0.000000000,0.194456491,0.211656427,0.214022631,0.219190526,0.229448395,0.022287425
6940,2020-10-16 04:00:00,0.000000000,0.194455378,0.211665634,0.214032370,0.219201512,0.229462235,0.023822506
6941,2020-10-16 05:00:00,0.000000000,0.194454189,0.211675474,0.214042779,0.219213254,0.229477029,0.019819290
6942,2020-10-16 06:00:00,0.000000000,0.194453199,0.211683661,0.214051439,0.219223023,0.229489339,0.025191073
6943,2020-10-16 07:00:00,0.000000000,0.194451941,0.211694065,0.214062444,0.219235439,0.229504983,0.027801131
6944,2020-10-16 08:00:00,0.000000000,0.194450553,0.211705546,0.214074588,0.219249140,0.229522248,0.026865435
6945,2020-10-16 09:00:00,0.000000000,0.194449211,0.211716640,0.214086324,0.219262379,0.229538933,0.033416671
6946,2020-10-16 10:00:00,0.000000000,0.194447542,0.211730435,0.214100917,0.219278844,0.229559683,0.022260286
6947,2020-10-16 11:00:00,0.000000000,0.194446430,0.211739628,0.214110641,0.219289816,0.229573512,0.000000000
6948,2020-10-16 12:00:00,0.000000000,0.194447115,0.211733969,0.214104655,0.219283062,0.229564999,0.000000000
6949,2020-10-16 13:00:00,0.000000000,0.194449497,0.211714280,0.214083828,0.219259564,0.229535384,0.000000000
6950,2020-10-16 14:00:00,0.000000000,0.194453186,0.211683771,0.214051556,0.219223155,0.229489504,0.000000000
6951,2020-10-16 15:00:00,0.000000000,0.194458981,0.211635811,0.214000825,0.219165928,0.229417407,0.617377100
6952,2020-10-16 16:00:00,0.000000000,0.194435117,0.211833014,0.214209435,0.219401297,0.229714060,0.173684222
6953,2020-10-16 17:00:00,0.000000000,0.194434303,0.211839733,0.214216543,0.219409319,0.229724176,0.173684222
6954,2020-10-16 18:00:00,0.000000000,0.194431943,0.211859186,0.214237124,0.219432546,0.229753471,0.057894745
6955,2020-10-16 19:00:00,0.000000000,0.194434967,0.211834257,0.214210750,0.219402781,0.229715932,0.173684222
6956,2020-10-16 20:00:00,0.000000000,0.194431075,0.211866348,0.214244701,0.219441098,0.229764257,0.831151647
6957,2020-10-16 21:00:00,0.000000000,0.194394441,0.212167373,0.214563236,0.219800751,0.230218275,0.057894745
6958,2020-10-16 22:00:00,0.000000000,0.194394222,0.212169167,0.214565135,0.219802896,0.230220985,0.000000000
6959,2020-10-16 23:00:00,0.000000000,0.194396211,0.212152870,0.214547887,0.219783414,0.230196372,0.042966111
6960,2020-10-17 00:00:00,0.000000000,0.194395804,0.212156208,0.214551420,0.219787405,0.230201413,0.687274212
6961,2020-10-17 01:00:00,0.000000000,0.194363314,0.212421742,0.214832484,0.220104971,0.230602919,0.486643404
6962,2020-10-17 02:00:00,0.000000000,0.194340505,0.212607313,0.215028959,0.220327090,0.230884111,0.782900554
6963,2020-10-17 03:00:00,0.000000000,0.194303000,0.212910963,0.215350537,0.220690871,0.231345286,1.686218729
6964,2020-10-17 04:00:00,0.000000000,0.194222572,0.213555967,0.216033987,0.221464967,0.232329328,2.784377170
6965,2020-10-17 05:00:00,0.000000000,0.194091903,0.214586406,0.217126884,0.222705544,0.233914162,4.481245787
6966,2020-10-17 06:00:00,0.000000000,0.193887350,0.216157788,0.218796011,0.224606833,0.236362247,3.254573699
6967,2020-10-17 07:00:00,0.000000000,0.193730596,0.217329121,0.220042210,0.226031714,0.238212681,3.651785664
6968,2020-10-17 08:00:00,0.000000000,0.193553354,0.218620893,0.221418576,0.227610882,0.240279862,2.265503599
6969,2020-10-17 09:00:00,0.000000000,0.193437505,0.219447241,0.222300174,0.228625455,0.241617344,1.968455376
6970,2020-10-17 10:00:00,0.000000000,0.193335093,0.220166318,0.223068062,0.229511159,0.242791101,1.662122088
6971,2020-10-17 11:00:00,0.000000000,0.193246867,0.220777420,0.223721188,0.230265975,0.243796028,0.091223554
6972,2020-10-17 12:00:00,0.000000000,0.193245090,0.220789651,0.223734266,0.230281103,0.243816213,0.000000000
6973,2020-10-17 13:00:00,0.000000000,0.193249704,0.220757888,0.223700305,0.230241819,0.243763802,0.000000000
6974,2020-10-17 14:00:00,0.000000000,0.193257758,0.220702395,0.223640978,0.230173202,0.243672282,0.000000000
6975,2020-10-17 15:00:00,0.000000000,0.193268707,0.220626854,0.223560221,0.230079819,0.243547789,0.000000000
6976,2020-10-17 16:00:00,0.000000000,0.193282496,0.220531556,0.223458357,0.229962057,0.243390888,0.000000000
6977,2020-10-17 17:00:00,0.000000000,0.193299000,0.220417242,0.223336181,0.229820857,0.243202899,0.000000000
6978,2020-10-17 18:00:00,0.000000000,0.193316720,0.220294207,0.223204705,0.229668963,0.243000840,0.000000000
6979,2020-10-17 19:00:00,0.000000000,0.193335600,0.220162786,0.223064289,0.229506802,0.242785313,0.000000000
6980,2020-10-17 20:00:00,0.000000000,0.193350407,0.220059458,0.222953906,0.229379369,0.242616081,0.000000000
6981,2020-10-17 21:00:00,0.000000000,0.193360516,0.219988796,0.222878426,0.229292253,0.242500461,0.000000000
6982,2020-10-17 22:00:00,0.000000000,0.193362274,0.219976498,0.222865290,0.229277094,0.242480347,0.000000000
6983,2020-10-17 23:00:00,0.000000000,0.193363165,0.219970260,0.222858628,0.229269405,0.242470146,0.000000000
6984,2020-10-18 00:00:00,0.000000000,0.193364147,0.219963387,0.222851287,0.229260934,0.242458907,0.000000000
6985,2020-10-18 01:00:00,0.000000000,0.193365001,0.219957412,0.222844906,0.229253571,0.242449139,0.000000000
6986,2020-10-18 02:00:00,0.000000000,0.193367568,0.219939436,0.222825706,0.229231416,0.242419751,0.000000000
6987,2020-10-18 03:00:00,0.000000000,0.193369704,0.219924477,0.222809729,0.229212981,0.242395299,0.000000000
6988,2020-10-18 04:00:00,0.000000000,0.193371513,0.219911809,0.222796199,0.229197370,0.242374596,0.000000000
6989,2020-10-18 05:00:00,0.000000000,0.193372739,0.219903215,0.222787020,0.229186779,0.242360551,0.000000000
6990,2020-10-18 06:00:00,0.000000000,0.193373209,0.219899924,0.222783506,0.229182725,0.242355175,0.000000000
6991,2020-10-18 07:00:00,0.000000000,0.193374636,0.219889919,0.222772820,0.229170397,0.242338827,0.000000000
6992,2020-10-18 08:00:00,0.000000000,0.193375640,0.219882884,0.222765308,0.229161729,0.242327334,0.000000000
6993,2020-10-18 09:00:00,0.000000000,0.193376741,0.219875162,0.222757060,0.229152214,0.242314719,0.000000000
6994,2020-10-18 10:00:00,0.000000000,0.193377088,0.219872730,0.222754463,0.229149218,0.242310747,0.000000000
6995,2020-10-18 11:00:00,0.000000000,0.193378205,0.219864895,0.222746095,0.229139565,0.242297948,0.000000000
6996,2020-10-18 12:00:00,0.000000000,0.193380577,0.219848257,0.222728326,0.229119067,0.242270774,0.000000000
6997,2020-10-18 13:00:00,0.000000000,0.193384069,0.219823752,0.222702157,0.229088880,0.242230762,0.000000000
6998,2020-10-18 14:00:00,0.000000000,0.193389571,0.219785122,0.222660905,0.229041299,0.242167709,0.000000000
6999,2020-10-18 15:00:00,0.000000000,0.193399200,0.219717433,0.222588627,0.228957945,0.242057288,0.000000000
7000,2020-10-18 16:00:00,0.000000000,0.193414835,0.219607330,0.222471071,0.228822410,0.241877853,0.000000000
7001,2020-10-18 17:00:00,0.000000000,0.193431284,0.219491224,0.222347123,0.228679553,0.241688871,0.000000000
7002,2020-10-18 18:00:00,0.000000000,0.193449226,0.219364262,0.222211607,0.228523418,0.241482494,0.000000000
7003,2020-10-18 19:00:00,0.000000000,0.193465625,0.219247939,0.222087465,0.228380439,0.241293663,0.000000000
7004,2020-10-18 20:00:00,0.000000000,0.193480580,0.219141610,0.221974004,0.228249804,0.241121265,0.000000000
7005,2020-10-18 21:00:00,0.000000000,0.193490066,0.219074050,0.221901920,0.228166830,0.241011828,0.000000000
7006,2020-10-18 22:00:00,0.000000000,0.193492139,0.219059271,0.221886153,0.228148683,0.240987901,0.000000000
7007,2020-10-18 23:00:00,0.000000000,0.193495148,0.219037817,0.221863264,0.228122341,0.240953171,0.000000000
7008,2020-10-19 00:00:00,0.000000000,0.193495609,0.219034529,0.221859756,0.228118303,0.240947849,0.000000000
7009,2020-10-19 01:00:00,0.000000000,0.193497760,0.219019177,0.221843378,0.228099455,0.240923003,0.000000000
7010,2020-10-19 02:00:00,0.000000000,0.193499668,0.219005563,0.221828854,0.228082742,0.240900975,0.000000000
7011,2020-10-19 03:00:00,0.000000000,0.193501309,0.218993852,0.221816360,0.228068364,0.240882025,0.000000000
7012,2020-10-19 04:00:00,0.000000000,0.193502877,0.218982658,0.221804419,0.228054624,0.240863918,0.000000000
7013,2020-10-19 05:00:00,0.000000000,0.193503730,0.218976566,0.221797920,0.228047146,0.240854063,0.000000000
7014,2020-10-19 06:00:00,0.000000000,0.193504831,0.218968701,0.221789529,0.228037491,0.240841341,0.000000000
7015,2020-10-19 07:00:00,0.000000000,0.193505591,0.218963272,0.221783738,0.228030829,0.240832562,0.000000000
7016,2020-10-19 08:00:00,0.000000000,0.193506429,0.218957289,0.221777356,0.228023485,0.240822886,0.000000000
7017,2020-10-19 09:00:00,0.000000000,0.193506960,0.218953490,0.221773303,0.228018822,0.240816742,0.000000000
7018,2020-10-19 10:00:00,0.000000000,0.193507080,0.218952635,0.221772391,0.228017772,0.240815359,0.000000000
7019,2020-10-19 11:00:00,0.000000000,0.193507189,0.218951857,0.221771561,0.228016818,0.240814102,0.000000000
7020,2020-10-19 12:00:00,0.000000000,0.193509405,0.218936019,0.221754665,0.227997379,0.240788491,0.000000000
7021,2020-10-19 13:00:00,0.000000000,0.193512614,0.218913078,0.221730195,0.227969226,0.240751406,0.000000000
7022,2020-10-19 14:00:00,0.000000000,0.193517404,0.218878814,0.221693646,0.227927181,0.240696032,0.000000000
7023,2020-10-19 15:00:00,0.000000000,0.193525376,0.218821735,0.221632764,0.227857154,0.240603831,0.000000000
7024,2020-10-19 16:00:00,0.000000000,0.193536743,0.218740238,0.221545845,0.227757197,0.240472286,0.000000000
7025,2020-10-19 17:00:00,0.000000000,0.193548442,0.218656210,0.221456236,0.227654173,0.240336779,0.000000000
7026,2020-10-19 18:00:00,0.000000000,0.193562973,0.218551653,0.221344746,0.227526026,0.240168335,0.000000000
7027,2020-10-19 19:00:00,0.000000000,0.193576420,0.218454687,0.221241365,0.227407233,0.240012290,0.000000000
7028,2020-10-19 20:00:00,0.000000000,0.193586784,0.218379830,0.221161563,0.227315558,0.239891936,0.000000000
7029,2020-10-19 21:00:00,0.000000000,0.193594546,0.218323687,0.221101715,0.227246819,0.239801732,0.000000000
7030,2020-10-19 22:00:00,0.000000000,0.193596852,0.218306998,0.221083926,0.227226389,0.239774929,0.000000000
7031,2020-10-19 23:00:00,0.000000000,0.193600230,0.218282539,0.221057856,0.227196449,0.239735656,0.000000000
7032,2020-10-20 00:00:00,0.000000000,0.193602264,0.218267799,0.221042145,0.227178408,0.239711993,0.000000000
7033,2020-10-20 01:00:00,0.000000000,0.193604137,0.218254228,0.221027680,0.227161799,0.239690210,0.000000000
7034,2020-10-20 02:00:00,0.000000000,0.193605713,0.218242804,0.221015504,0.227147818,0.239671876,0.000000000
7035,2020-10-20 03:00:00,0.000000000,0.193606926,0.218234010,0.221006132,0.227137057,0.239657765,0.000000000
7036,2020-10-20 04:00:00,0.000000000,0.193608001,0.218226215,0.220997823,0.227127517,0.239645257,0.000000000
7037,2020-10-20 05:00:00,0.000000000,0.193608932,0.218219466,0.220990630,0.227119259,0.239634429,0.000000000
7038,2020-10-20 06:00:00,0.000000000,0.193610013,0.218211628,0.220982276,0.227109667,0.239621853,0.000000000
7039,2020-10-20 07:00:00,0.000000000,0.193611155,0.218203341,0.220973445,0.227099527,0.239608560,0.000000000
7040,2020-10-20 08:00:00,0.000000000,0.193612480,0.218193729,0.220963200,0.227087766,0.239593142,0.000000000
7041,2020-10-20 09:00:00,0.000000000,0.193613531,0.218186100,0.220955069,0.227078432,0.239580906,0.000000000
7042,2020-10-20 10:00:00,0.000000000,0.193614267,0.218180763,0.220949382,0.227071902,0.239572346,0.000000000
7043,2020-10-20 11:00:00,0.000000000,0.193614557,0.218178655,0.220947134,0.227069322,0.239568965,0.000000000
7044,2020-10-20 12:00:00,0.000000000,0.193615212,0.218173898,0.220942065,0.227063502,0.239561337,0.000000000
7045,2020-10-20 13:00:00,0.000000000,0.193616418,0.218165149,0.220932741,0.227052799,0.239547308,0.000000000
7046,2020-10-20 14:00:00,0.000000000,0.193618146,0.218152599,0.220919366,0.227037445,0.239527185,0.000000000
7047,2020-10-20 15:00:00,0.000000000,0.193619648,0.218141692,0.220907743,0.227024103,0.239509700,0.000000000
7048,2020-10-20 16:00:00,0.000000000,0.193622032,0.218124373,0.220889286,0.227002916,0.239481938,0.000000000
7049,2020-10-20 17:00:00,0.000000000,0.193624764,0.218104516,0.220868125,0.226978629,0.239450116,0.000000000
7050,2020-10-20 18:00:00,0.000000000,0.193628688,0.218075978,0.220837713,0.226943725,0.239404392,0.000000000
7051,2020-10-20 19:00:00,0.000000000,0.193631589,0.218054878,0.220815230,0.226917921,0.239370595,0.000000000
7052,2020-10-20 20:00:00,0.000000000,0.193634627,0.218032764,0.220791666,0.226890881,0.239335183,0.000000000
7053,2020-10-20 21:00:00,0.000000000,0.193638449,0.218004936,0.220762014,0.226856855,0.239290630,0.000000000
7054,2020-10-20 22:00:00,0.000000000,0.193638729,0.218002896,0.220759840,0.226854361,0.239287365,0.000000000
7055,2020-10-20 23:00:00,0.000000000,0.193639124,0.218002896,0.220759840,0.226854361,0.239287365,0.006629787
7056,2020-10-21 00:00:00,0.000000000,0.193638414,0.218005186,0.220762280,0.226857160,0.239291030,0.007428774
7057,2020-10-21 01:00:00,0.000000000,0.193638005,0.218008169,0.220765459,0.226860808,0.239295805,0.009007049
7058,2020-10-21 02:00:00,0.000000000,0.193637508,0.218011786,0.220769312,0.226865230,0.239301595,0.015150735
7059,2020-10-21 03:00:00,0.000000000,0.193636673,0.218017868,0.220775793,0.226872666,0.239311332,0.017047448
7060,2020-10-21 04:00:00,0.000000000,0.193635733,0.218024711,0.220783085,0.226881034,0.239322288,0.017193184
7061,2020-10-21 05:00:00,0.000000000,0.193634785,0.218031612,0.220790438,0.226889472,0.239333338,0.017508446
7062,2020-10-21 06:00:00,0.000000000,0.193633820,0.218038640,0.220797927,0.226898065,0.239344591,0.017333156
7063,2020-10-21 07:00:00,0.000000000,0.193632864,0.218045597,0.220805340,0.226906572,0.239355732,0.017697141
7064,2020-10-21 08:00:00,0.000000000,0.193631888,0.218052700,0.220812908,0.226915258,0.239367107,0.016164726
7065,2020-10-21 09:00:00,0.000000000,0.193630996,0.218059187,0.220819822,0.226923191,0.239377497,0.016261637
7066,2020-10-21 10:00:00,0.000000000,0.193630099,0.218065714,0.220826776,0.226931173,0.239387951,0.017577594
7067,2020-10-21 11:00:00,0.000000000,0.193629130,0.218072768,0.220834293,0.226939799,0.239399251,0.000000000
7068,2020-10-21 12:00:00,0.000000000,0.193629557,0.218069660,0.220830981,0.226935998,0.239394271,0.000000000
7069,2020-10-21 13:00:00,0.000000000,0.193632267,0.218049944,0.220809972,0.226911888,0.239362694,0.000000000
7070,2020-10-21 14:00:00,0.000000000,0.193637438,0.218012299,0.220769859,0.226865857,0.239302417,0.000000000
7071,2020-10-21 15:00:00,0.000000000,0.193646896,0.217943368,0.220696414,0.226781590,0.239192108,0.000000000
7072,2020-10-21 16:00:00,0.000000000,0.193660478,0.217844215,0.220590778,0.226660418,0.239033577,0.000000000
7073,2020-10-21 17:00:00,0.000000000,0.193675867,0.217731623,0.220470841,0.226522882,0.238853761,0.000000000
7074,2020-10-21 18:00:00,0.000000000,0.193691604,0.217616223,0.220347928,0.226381979,0.238669682,0.000000000
7075,2020-10-21 19:00:00,0.000000000,0.193707179,0.217501745,0.220226015,0.226242268,0.238487294,0.000000000
7076,2020-10-21 20:00:00,0.000000000,0.193720923,0.217400498,0.220118206,0.226118757,0.238326169,0.000000000
7077,2020-10-21 21:00:00,0.000000000,0.193729138,0.217339889,0.220053675,0.226044844,0.238229796,0.000000000
7078,2020-10-21 22:00:00,0.000000000,0.193732077,0.217318182,0.220030564,0.226018377,0.238195295,0.000000000
7079,2020-10-21 23:00:00,0.000000000,0.193733501,0.217307669,0.220019371,0.226005559,0.238178589,0.000000000
7080,2020-10-22 00:00:00,0.000000000,0.193733880,0.217304867,0.220016388,0.226002143,0.238174137,0.000000000
7081,2020-10-22 01:00:00,0.000000000,0.193734082,0.217303376,0.220014801,0.226000325,0.238171768,0.009704496
7082,2020-10-22 02:00:00,0.000000000,0.193733552,0.217307286,0.220018964,0.226005092,0.238177981,0.021441489
7083,2020-10-22 03:00:00,0.000000000,0.193732384,0.217315921,0.220028157,0.226015620,0.238191702,0.017872983
7084,2020-10-22 04:00:00,0.000000000,0.193731409,0.217323119,0.220035821,0.226024397,0.238203142,0.018101399
7085,2020-10-22 05:00:00,0.000000000,0.193730422,0.217330410,0.220043582,0.226033286,0.238214729,0.024357762
7086,2020-10-22 06:00:00,0.000000000,0.193729093,0.217340217,0.220054024,0.226045244,0.238230318,0.021667381
7087,2020-10-22 07:00:00,0.000000000,0.193727912,0.217348942,0.220063313,0.226055883,0.238244187,0.021118352
7088,2020-10-22 08:00:00,0.000000000,0.193726760,0.217357445,0.220072366,0.226066252,0.238257705,0.018616456
7089,2020-10-22 09:00:00,0.000000000,0.193725744,0.217364941,0.220080347,0.226075393,0.238269624,0.019848334
7090,2020-10-22 10:00:00,0.000000000,0.193724661,0.217372933,0.220088856,0.226085139,0.238282331,0.018962683
7091,2020-10-22 11:00:00,0.000000000,0.193723626,0.217380568,0.220096985,0.226094450,0.238294472,0.000000000
7092,2020-10-22 12:00:00,0.000000000,0.193724849,0.217371540,0.220087373,0.226083441,0.238280116,0.000000000
7093,2020-10-22 13:00:00,0.000000000,0.193729447,0.217337605,0.220051242,0.226042059,0.238226165,0.000000000
7094,2020-10-22 14:00:00,0.000000000,0.193738132,0.217273441,0.219982932,0.225963832,0.238124210,0.000000000
7095,2020-10-22 15:00:00,0.000000000,0.193748180,0.217199102,0.219903795,0.225873224,0.238006172,0.000000000
7096,2020-10-22 16:00:00,0.000000000,0.193758417,0.217123248,0.219823053,0.225780797,0.237885822,0.000000000
7097,2020-10-22 17:00:00,0.000000000,0.193769901,0.217038016,0.219732337,0.225676977,0.237750707,0.000000000
7098,2020-10-22 18:00:00,0.000000000,0.193783501,0.216936887,0.219624713,0.225553839,0.237590546,0.000000000
7099,2020-10-22 19:00:00,0.000000000,0.193797877,0.216829765,0.219510726,0.225423457,0.237421076,0.000000000
7100,2020-10-22 20:00:00,0.000000000,0.193813598,0.216712358,0.219385811,0.225280621,0.237235551,0.000000000
7101,2020-10-22 21:00:00,0.000000000,0.193823870,0.216635485,0.219304031,0.225187135,0.237114200,0.000000000
7102,2020-10-22 22:00:00,0.000000000,0.193827619,0.216607405,0.219274161,0.225152993,0.237069896,0.000000000
7103,2020-10-22 23:00:00,0.000000000,0.193830127,0.216588608,0.219254166,0.225130140,0.237040246,0.000000000
7104,2020-10-23 00:00:00,0.000000000,0.193831601,0.216577555,0.219242409,0.225116704,0.237022815,0.000000000
7105,2020-10-23 01:00:00,0.000000000,0.193832433,0.216571321,0.219235778,0.225109126,0.237012984,0.012570040
7106,2020-10-23 02:00:00,0.000000000,0.193831755,0.216576403,0.219241183,0.225115303,0.237020998,0.012923612
7107,2020-10-23 03:00:00,0.000000000,0.193831058,0.216581627,0.219246740,0.225121654,0.237029237,0.013739131
7108,2020-10-23 04:00:00,0.000000000,0.193830317,0.216587181,0.219252648,0.225128406,0.237037996,0.014405365
7109,2020-10-23 05:00:00,0.000000000,0.193829541,0.216593004,0.219258842,0.225135485,0.237047180,0.016164062
7110,2020-10-23 06:00:00,0.000000000,0.193828669,0.216599537,0.219265791,0.225143427,0.237057485,0.016639429
7111,2020-10-23 07:00:00,0.000000000,0.193827772,0.216606262,0.219272945,0.225151603,0.237068093,0.013024225
7112,2020-10-23 08:00:00,0.000000000,0.193827069,0.216611526,0.219278544,0.225158003,0.237076397,0.015830240
7113,2020-10-23 09:00:00,0.000000000,0.193826215,0.216617923,0.219285350,0.225165782,0.237086490,0.012680499
7114,2020-10-23 10:00:00,0.000000000,0.193825531,0.216623049,0.219290802,0.225172013,0.237094576,0.014424901
7115,2020-10-23 11:00:00,0.000000000,0.193824753,0.216628878,0.219297003,0.225179101,0.237103775,0.000000000
7116,2020-10-23 12:00:00,0.000000000,0.193826407,0.216616486,0.219283821,0.225164034,0.237084223,0.000000000
7117,2020-10-23 13:00:00,0.000000000,0.193830551,0.216585432,0.219250788,0.225126280,0.237035238,0.000000000
7118,2020-10-23 14:00:00,0.000000000,0.193837800,0.216531057,0.219192950,0.225060183,0.236949503,0.000000000
7119,2020-10-23 15:00:00,0.000000000,0.193845668,0.216471972,0.219130107,0.224988378,0.236856397,0.000000000
7120,2020-10-23 16:00:00,0.000000000,0.193854160,0.216408124,0.219062203,0.224910803,0.236755848,0.000000000
7121,2020-10-23 17:00:00,0.000000000,0.193864354,0.216331372,0.218980581,0.224817575,0.236635065,0.000000000
7122,2020-10-23 18:00:00,0.000000000,0.193876152,0.216242390,0.218885962,0.224709527,0.236495153,0.000000000
7123,2020-10-23 19:00:00,0.000000000,0.193886488,0.216164311,0.218802947,0.224614750,0.236372492,0.000000000
7124,2020-10-23 20:00:00,0.000000000,0.193897182,0.216083388,0.218716914,0.224516550,0.236245463,0.000000000
7125,2020-10-23 21:00:00,0.000000000,0.193904437,0.216028419,0.218658480,0.224449865,0.236159237,0.000000000
7126,2020-10-23 22:00:00,0.000000000,0.193905833,0.216017832,0.218647226,0.224437023,0.236142635,0.000000000
7127,2020-10-23 23:00:00,0.000000000,0.193908159,0.216000189,0.218628470,0.224415622,0.236114971,0.000000000
7128,2020-10-24 00:00:00,0.000000000,0.193909322,0.215991368,0.218619094,0.224404923,0.236101143,0.000000000
7129,2020-10-24 01:00:00,0.000000000,0.193910791,0.215980223,0.218607247,0.224391406,0.236083673,0.000000000
7130,2020-10-24 02:00:00,0.000000000,0.193911802,0.215972547,0.218599088,0.224382097,0.236071642,0.002285907
7131,2020-10-24 03:00:00,0.000000000,0.193911680,0.215973474,0.218600074,0.224383221,0.236073095,0.003862003
7132,2020-10-24 04:00:00,0.000000000,0.193911474,0.215975040,0.218601738,0.224385120,0.236075549,0.005376804
7133,2020-10-24 05:00:00,0.000000000,0.193911186,0.215977220,0.218604056,0.224387765,0.236078966,0.004697015
7134,2020-10-24 06:00:00,0.000000000,0.193910936,0.215979125,0.218606080,0.224390075,0.236081952,0.002818943
7135,2020-10-24 07:00:00,0.000000000,0.193910785,0.215980268,0.218607295,0.224391461,0.236083744,0.003469365
7136,2020-10-24 08:00:00,0.000000000,0.193910599,0.215981675,0.218608791,0.224393167,0.236085949,0.004593126
7137,2020-10-24 09:00:00,0.000000000,0.193910354,0.215983537,0.218610771,0.224395426,0.236088868,0.005094194
7138,2020-10-24 10:00:00,0.000000000,0.193910082,0.215985603,0.218612966,0.224397931,0.236092106,0.005891591
7139,2020-10-24 11:00:00,0.000000000,0.193909767,0.215987992,0.218615505,0.224400829,0.236095851,0.000000000
7140,2020-10-24 12:00:00,0.000000000,0.193912194,0.215969575,0.218595930,0.224378493,0.236066984,0.000000000
7141,2020-10-24 13:00:00,0.000000000,0.193917151,0.215931932,0.218555918,0.224332845,0.236007999,0.000000000
7142,2020-10-24 14:00:00,0.000000000,0.193924341,0.215877287,0.218497838,0.224266591,0.235922411,0.000000000
7143,2020-10-24 15:00:00,0.000000000,0.193933170,0.215810104,0.218426437,0.224185154,0.235817251,0.000000000
7144,2020-10-24 16:00:00,0.000000000,0.193943888,0.215728421,0.218339633,0.224086170,0.235689490,0.000000000
7145,2020-10-24 17:00:00,0.000000000,0.193954921,0.215644191,0.218250130,0.223984132,0.235557856,0.000000000
7146,2020-10-24 18:00:00,0.000000000,0.193963021,0.215582267,0.218184336,0.223909138,0.235461153,0.000000000
7147,2020-10-24 19:00:00,0.000000000,0.193970670,0.215523721,0.218122136,0.223838252,0.235369781,0.000000000
7148,2020-10-24 20:00:00,0.000000000,0.193978699,0.215462184,0.218056762,0.223763761,0.235273797,0.000000000
7149,2020-10-24 21:00:00,0.000000000,0.193981929,0.215437413,0.218030448,0.223733781,0.235235178,0.000000000
7150,2020-10-24 22:00:00,0.000000000,0.193983228,0.215427443,0.218019856,0.223721714,0.235219636,0.000000000
7151,2020-10-24 23:00:00,0.000000000,0.193987562,0.215394177,0.217984520,0.223681459,0.235167792,0.000000000
7152,2020-10-25 00:00:00,0.000000000,0.193991178,0.215366402,0.217955017,0.223647852,0.235124519,0.000000000
7153,2020-10-25 01:00:00,0.000000000,0.193995978,0.215329510,0.217915831,0.223603219,0.235067059,0.000000000
7154,2020-10-25 02:00:00,0.000000000,0.194001449,0.215287421,0.217871128,0.223552307,0.235001533,0.000000000
7155,2020-10-25 03:00:00,0.000000000,0.194005396,0.215257040,0.217838861,0.223515562,0.234954250,0.000000000
7156,2020-10-25 04:00:00,0.000000000,0.194010235,0.215219764,0.217799272,0.223470483,0.234896256,0.000000000
7157,2020-10-25 05:00:00,0.000000000,0.194015185,0.215181603,0.217758746,0.223424341,0.234836909,0.000000000
7158,2020-10-25 06:00:00,0.000000000,0.194019299,0.215149867,0.217725044,0.223385973,0.234787570,0.000000000
7159,2020-10-25 07:00:00,0.000000000,0.194023299,0.215118989,0.217692254,0.223348647,0.234739580,0.000000000
7160,2020-10-25 08:00:00,0.000000000,0.194026744,0.215092378,0.217663997,0.223316483,0.234698234,0.000000000
7161,2020-10-25 09:00:00,0.000000000,0.194028304,0.215080326,0.217651199,0.223301916,0.234679511,0.000000000
7162,2020-10-25 10:00:00,0.000000000,0.194030402,0.215064113,0.217633984,0.223282323,0.234654330,0.000000000
7163,2020-10-25 11:00:00,0.000000000,0.194032659,0.215046661,0.217615452,0.223261232,0.234627227,0.000000000
7164,2020-10-25 12:00:00,0.000000000,0.194037055,0.215012660,0.217579352,0.223220148,0.234574439,0.000000000
7165,2020-10-25 13:00:00,0.000000000,0.194044465,0.214955283,0.217518433,0.223150830,0.234485399,0.000000000
7166,2020-10-25 14:00:00,0.000000000,0.194054185,0.214879924,0.217438429,0.223059810,0.234368530,0.000000000
7167,2020-10-25 15:00:00,0.000000000,0.194065422,0.214792661,0.217345795,0.222954445,0.234233308,0.000000000
7168,2020-10-25 16:00:00,0.000000000,0.194078293,0.214692523,0.217239505,0.222833577,0.234078279,0.000000000
7169,2020-10-25 17:00:00,0.000000000,0.194091294,0.214591162,0.217131931,0.222711281,0.233921513,0.000000000
7170,2020-10-25 18:00:00,0.000000000,0.194105122,0.214483127,0.217017287,0.222580984,0.233754597,0.000000000
7171,2020-10-25 19:00:00,0.000000000,0.194117364,0.214387291,0.216915599,0.222465445,0.233606676,0.000000000
7172,2020-10-25 20:00:00,0.000000000,0.194128641,0.214298847,0.216821766,0.222358855,0.233470289,0.000000000
7173,2020-10-25 21:00:00,0.000000000,0.194131050,0.214279932,0.216801699,0.222336064,0.233441135,0.000000000
7174,2020-10-25 22:00:00,0.000000000,0.194134326,0.214254196,0.216774397,0.222305057,0.233401478,0.000000000
7175,2020-10-25 23:00:00,0.000000000,0.194137969,0.214225564,0.216744024,0.222270564,0.233357369,0.059005063
7176,2020-10-26 00:00:00,0.000000000,0.194138681,0.214219965,0.216738085,0.222263820,0.233348746,0.000000000
7177,2020-10-26 01:00:00,0.000000000,0.194141906,0.214194602,0.216711180,0.222233268,0.233309686,0.000000000
7178,2020-10-26 02:00:00,0.000000000,0.194144435,0.214174702,0.216690071,0.222209300,0.233279046,0.000000000
7179,2020-10-26 03:00:00,0.000000000,0.194147017,0.214154380,0.216668514,0.222184825,0.233247761,0.000000000
7180,2020-10-26 04:00:00,0.000000000,0.194149619,0.214133896,0.216646787,0.222160157,0.233216235,0.123982475
7181,2020-10-26 05:00:00,0.000000000,0.194145179,0.214168852,0.216683866,0.222202254,0.233270040,0.000000000
7182,2020-10-26 06:00:00,0.000000000,0.194147103,0.214153706,0.216667800,0.222184013,0.233246724,0.000000000
7183,2020-10-26 07:00:00,0.000000000,0.194148897,0.214139576,0.216652812,0.222166997,0.233224977,0.000000000
7184,2020-10-26 08:00:00,0.000000000,0.194150875,0.214124002,0.216636293,0.222148243,0.233201010,0.000000000
7185,2020-10-26 09:00:00,0.000000000,0.194152771,0.214109062,0.216620446,0.222130253,0.233178022,0.000000000
7186,2020-10-26 10:00:00,0.000000000,0.194154739,0.214093549,0.216603993,0.222111574,0.233154156,0.000000000
7187,2020-10-26 11:00:00,0.000000000,0.194156612,0.214078787,0.216588336,0.222093801,0.233131449,0.000000000
7188,2020-10-26 12:00:00,0.000000000,0.194159050,0.214059553,0.216567937,0.222070645,0.233101868,0.000000000
7189,2020-10-26 13:00:00,0.000000000,0.194162005,0.214036239,0.216543210,0.222042579,0.233066019,0.000000000
7190,2020-10-26 14:00:00,0.000000000,0.194165453,0.214009025,0.216514348,0.222009821,0.233024183,0.000000000
7191,2020-10-26 15:00:00,0.000000000,0.194169699,0.213975487,0.216478781,0.221969457,0.232972643,0.000000000
7192,2020-10-26 16:00:00,0.000000000,0.194174332,0.213938865,0.216439943,0.221925385,0.232916379,0.000000000
7193,2020-10-26 17:00:00,0.000000000,0.194178659,0.213904640,0.216403650,0.221884204,0.232863818,0.000000000
7194,2020-10-26 18:00:00,0.000000000,0.194183214,0.213868591,0.216365424,0.221840834,0.232808474,0.000000000
7195,2020-10-26 19:00:00,0.000000000,0.194187609,0.213833773,0.216328506,0.221798951,0.232755039,0.000000000
7196,2020-10-26 20:00:00,0.000000000,0.194191953,0.213799341,0.216291997,0.221757537,0.232702213,0.000000000
7197,2020-10-26 21:00:00,0.000000000,0.194193301,0.213788657,0.216280669,0.221744688,0.232685825,0.000000000
7198,2020-10-26 22:00:00,0.000000000,0.194193766,0.213784963,0.216276753,0.221740246,0.232680160,0.000000000
7199,2020-10-26 23:00:00,0.000000000,0.194194763,0.213777058,0.216268371,0.221730738,0.232668035,0.000000000
7200,2020-10-27 00:00:00,0.000000000,0.194195578,0.213770594,0.216261517,0.221722965,0.232658122,0.000000000
7201,2020-10-27 01:00:00,0.000000000,0.194196188,0.213765753,0.216256385,0.221717144,0.232650699,0.000000000
7202,2020-10-27 02:00:00,0.000000000,0.194196797,0.213760916,0.216251256,0.221711326,0.232643281,0.000000000
7203,2020-10-27 03:00:00,0.000000000,0.194197200,0.213757723,0.216247871,0.221707487,0.232638386,0.000000000
7204,2020-10-27 04:00:00,0.000000000,0.194197602,0.213754533,0.216244489,0.221703651,0.232633494,0.000000000
7205,2020-10-27 05:00:00,0.000000000,0.194197956,0.213751722,0.216241508,0.221700271,0.232629184,0.000000000
7206,2020-10-27 06:00:00,0.000000000,0.194198023,0.213751193,0.216240947,0.221699635,0.232628373,0.000000000
7207,2020-10-27 07:00:00,0.000000000,0.194198283,0.213749129,0.216238760,0.221697154,0.232625209,0.000000000
7208,2020-10-27 08:00:00,0.000000000,0.194198514,0.213747291,0.216236810,0.221694943,0.232622390,0.000000000
7209,2020-10-27 09:00:00,0.000000000,0.194198716,0.213747291,0.216236810,0.221694943,0.232622390,0.000000000
7210,2020-10-27 10:00:00,0.000000000,0.194199219,0.213741694,0.216230877,0.221688213,0.232613811,0.000000000
7211,2020-10-27 11:00:00,0.000000000,0.194199895,0.213736326,0.216225186,0.221681759,0.232605581,0.000000000
7212,2020-10-27 12:00:00,0.000000000,0.194202177,0.213718209,0.216205978,0.221659975,0.232577809,0.000000000
7213,2020-10-27 13:00:00,0.000000000,0.194206557,0.213683408,0.216169083,0.221618136,0.232524477,0.000000000
7214,2020-10-27 14:00:00,0.000000000,0.194212485,0.213636277,0.216119119,0.221561482,0.232452278,0.000000000
7215,2020-10-27 15:00:00,0.000000000,0.194220563,0.213571970,0.216050950,0.221484197,0.232353820,0.000000000
7216,2020-10-27 16:00:00,0.000000000,0.194230452,0.213493134,0.215967386,0.221389476,0.232233200,0.000000000
7217,2020-10-27 17:00:00,0.000000000,0.194241527,0.213404699,0.215873658,0.221283257,0.232098003,0.000000000
7218,2020-10-27 18:00:00,0.000000000,0.194253345,0.213310163,0.215773473,0.221169748,0.231953605,0.000000000
7219,2020-10-27 19:00:00,0.000000000,0.194265261,0.213214652,0.215672266,0.221055109,0.231807850,0.000000000
7220,2020-10-27 20:00:00,0.000000000,0.194276655,0.213123159,0.215575326,0.220945330,0.231668351,0.000000000
7221,2020-10-27 21:00:00,0.000000000,0.194282088,0.213079474,0.215529044,0.220892928,0.231601788,0.000000000
7222,2020-10-27 22:00:00,0.000000000,0.194286639,0.213042847,0.215490242,0.220848999,0.231546001,0.000000000
7223,2020-10-27 23:00:00,0.000000000,0.194290283,0.213013505,0.215459157,0.220813811,0.231501323,0.000000000
7224,2020-10-28 00:00:00,0.000000000,0.194293479,0.212987755,0.215431880,0.220782934,0.231462126,0.000000000
7225,2020-10-28 01:00:00,0.000000000,0.194296265,0.212965298,0.215408091,0.220756008,0.231427948,0.000000000
7226,2020-10-28 02:00:00,0.000000000,0.194297899,0.212952118,0.215394130,0.220740207,0.231407894,0.000000000
7227,2020-10-28 03:00:00,0.000000000,0.194299230,0.212941379,0.215382755,0.220727332,0.231391554,0.000000000
7228,2020-10-28 04:00:00,0.000000000,0.194300309,0.212932677,0.215373537,0.220716900,0.231378315,0.000000000
7229,2020-10-28 05:00:00,0.000000000,0.194302170,0.212917658,0.215357628,0.220698896,0.231355468,0.000000000
7230,2020-10-28 06:00:00,0.000000000,0.194304060,0.212902402,0.215341469,0.220680609,0.231332266,0.000000000
7231,2020-10-28 07:00:00,0.000000000,0.194305542,0.212890443,0.215328801,0.220666274,0.231314078,0.000000000
7232,2020-10-28 08:00:00,0.000000000,0.194307208,0.212876985,0.215314547,0.220650144,0.231293616,0.057894745
7233,2020-10-28 09:00:00,0.000000000,0.194306282,0.212884464,0.215322469,0.220659108,0.231304988,0.306528742
7234,2020-10-28 10:00:00,0.000000000,0.194292579,0.212995003,0.215439558,0.220791625,0.231473158,0.766508521
7235,2020-10-28 11:00:00,0.000000000,0.194255692,0.213291366,0.215753554,0.221147183,0.231924909,0.688764374
7236,2020-10-28 12:00:00,0.000000000,0.194222899,0.213553360,0.216031224,0.221461835,0.232325339,0.770904211
7237,2020-10-28 13:00:00,0.000000000,0.194186036,0.213846241,0.216341726,0.221813948,0.232774172,0.862682214
7238,2020-10-28 14:00:00,0.000000000,0.194144685,0.214172742,0.216687992,0.222206939,0.233276028,0.955696169
7239,2020-10-28 15:00:00,0.000000000,0.194099015,0.214530868,0.217067946,0.222638556,0.233828336,1.342750295
7240,2020-10-28 16:00:00,0.000000000,0.194034445,0.215032849,0.217600787,0.223244542,0.234605781,0.065873815
7241,2020-10-28 17:00:00,0.000000000,0.194034127,0.215035312,0.217603402,0.223247518,0.234609605,0.513823454
7242,2020-10-28 18:00:00,0.000000000,0.194011173,0.215212533,0.217791593,0.223461739,0.234885009,0.000000000
7243,2020-10-28 19:00:00,0.000000000,0.194014431,0.215187417,0.217764920,0.223431371,0.234845949,0.000000000
7244,2020-10-28 20:00:00,0.000000000,0.194018478,0.215156203,0.217731772,0.223393633,0.234797418,0.000000000
7245,2020-10-28 21:00:00,0.000000000,0.194019531,0.215148078,0.217723143,0.223383810,0.234784788,0.000000000
7246,2020-10-28 22:00:00,0.000000000,0.194020231,0.215142675,0.217717407,0.223377280,0.234776391,0.000000000
7247,2020-10-28 23:00:00,0.000000000,0.194020313,0.215142039,0.217716731,0.223376510,0.234775403,0.000000000
7248,2020-10-29 00:00:00,0.000000000,0.194021004,0.215136706,0.217711067,0.223370063,0.234767113,0.000000000
7249,2020-10-29 01:00:00,0.000000000,0.194021410,0.215133574,0.217707741,0.223366277,0.234762245,0.000000000
7250,2020-10-29 02:00:00,0.000000000,0.194021480,0.215133032,0.217707167,0.223365623,0.234761404,0.001280764
7251,2020-10-29 03:00:00,0.000000000,0.194021413,0.215133554,0.217707720,0.223366253,0.234762215,0.002072079
7252,2020-10-29 04:00:00,0.000000000,0.194021303,0.215134397,0.217708616,0.223367273,0.234763526,0.001933416
7253,2020-10-29 05:00:00,0.000000000,0.194021201,0.215135185,0.217709452,0.223368224,0.234764749,0.004847183
7254,2020-10-29 06:00:00,0.000000000,0.194020946,0.215137158,0.217711547,0.223370610,0.234767816,0.004919673
7255,2020-10-29 07:00:00,0.000000000,0.194020686,0.215139160,0.217713674,0.223373031,0.234770928,0.005528511
7256,2020-10-29 08:00:00,0.000000000,0.194020395,0.215141411,0.217716064,0.223375751,0.234774426,0.002771710
7257,2020-10-29 09:00:00,0.000000000,0.194020248,0.215142539,0.217717262,0.223377115,0.234776180,0.001600084
7258,2020-10-29 10:00:00,0.000000000,0.194020164,0.215143191,0.217717954,0.223377902,0.234777192,0.002067713
7259,2020-10-29 11:00:00,0.000000000,0.194020055,0.215144032,0.217718848,0.223378920,0.234778501,0.187126628
7260,2020-10-29 12:00:00,0.000000000,0.194010862,0.215214933,0.217794142,0.223464642,0.234888743,0.366143212
7261,2020-10-29 13:00:00,0.000000000,0.193993190,0.215350940,0.217938594,0.223629145,0.235100435,1.453540085
7262,2020-10-29 14:00:00,0.000000000,0.193921805,0.215896570,0.218518332,0.224289968,0.235952607,1.229887130
7263,2020-10-29 15:00:00,0.000000000,0.193861595,0.216352155,0.219002681,0.224842816,0.236667761,1.546855776
7264,2020-10-29 16:00:00,0.000000000,0.193785249,0.216923876,0.219610867,0.225538000,0.237569952,2.340494825
7265,2020-10-29 17:00:00,0.000000000,0.193670444,0.217771329,0.220513135,0.226571377,0.238917150,2.313347363
7266,2020-10-29 18:00:00,0.000000000,0.193555063,0.218608597,0.221405464,0.227595811,0.240260050,2.635350575
7267,2020-10-29 19:00:00,0.000000000,0.193422267,0.219554902,0.222415100,0.228757895,0.241792488,2.252637501
7268,2020-10-29 20:00:00,0.000000000,0.193306396,0.220365929,0.223281345,0.229757499,0.243118594,1.532049828
7269,2020-10-29 21:00:00,0.000000000,0.193224495,0.220931173,0.223885594,0.230456195,0.244049960,2.380893920
7270,2020-10-29 22:00:00,0.000000000,0.193098394,0.221788834,0.224803263,0.231519571,0.245474630,3.431126743
7271,2020-10-29 23:00:00,0.000000000,0.192919174,0.222982302,0.226081914,0.233005891,0.247480852,2.703151699
7272,2020-10-30 00:00:00,0.000000000,0.192772523,0.223937432,0.227106648,0.234201037,0.249107038,1.692152875
7273,2020-10-30 01:00:00,0.000000000,0.192676923,0.224550024,0.227764561,0.234970263,0.250159988,1.177901834
7274,2020-10-30 02:00:00,0.000000000,0.192609198,0.224979321,0.228225938,0.235510602,0.250902634,0.790337754
7275,2020-10-30 03:00:00,0.000000000,0.192563156,0.225268994,0.228537407,0.235875799,0.251405989,0.393281465
7276,2020-10-30 04:00:00,0.000000000,0.192540684,0.225409738,0.228688785,0.236053414,0.251651216,0.000000000
7277,2020-10-30 05:00:00,0.000000000,0.192542084,0.225400982,0.228679367,0.236042361,0.251635947,0.066447750
7278,2020-10-30 06:00:00,0.000000000,0.192539272,0.225418569,0.228698285,0.236064563,0.251666618,0.067290001
7279,2020-10-30 07:00:00,0.000000000,0.192536690,0.225434713,0.228715650,0.236084944,0.251694777,0.000000000
7280,2020-10-30 08:00:00,0.000000000,0.192538265,0.225424868,0.228705061,0.236072516,0.251677605,0.073341416
7281,2020-10-30 09:00:00,0.000000000,0.192535403,0.225442755,0.228724301,0.236095098,0.251708807,0.181970969
7282,2020-10-30 10:00:00,0.000000000,0.192526118,0.225500751,0.228786691,0.236168332,0.251810026,0.985249437
7283,2020-10-30 11:00:00,0.464268208,0.192468905,0.225856554,0.229169553,0.236618048,0.252432626,0.000000000
7284,2020-10-30 12:00:00,0.494777709,0.192471484,0.225840575,0.229152354,0.236597835,0.252404604,0.464268265
7285,2020-10-30 13:00:00,0.656367242,0.192446126,0.225997479,0.229321246,0.236796374,0.252680001,0.494777748
7286,2020-10-30 14:00:00,0.947864592,0.192418563,0.226167447,0.229504241,0.237011608,0.252978952,0.656367274
7287,2020-10-30 15:00:00,0.751109838,0.192381252,0.226396568,0.229750989,0.237302019,0.253382977,0.947864635
7288,2020-10-30 16:00:00,0.562592506,0.192326320,0.226731901,0.230112260,0.237727614,0.253976450,0.751109894
7289,2020-10-30 17:00:00,0.834273458,0.192282791,0.226995955,0.230396855,0.238063217,0.254445595,0.562592533
7290,2020-10-30 18:00:00,0.471711516,0.192250023,0.227193764,0.230610122,0.238314901,0.254798107,0.834273476
7291,2020-10-30 19:00:00,0.367089182,0.192200182,0.227493061,0.230932916,0.238696163,0.255333221,0.471711553
7292,2020-10-30 20:00:00,0.295827448,0.192172273,0.227659836,0.231112843,0.238908846,0.255632320,0.367089220
7293,2020-10-30 21:00:00,0.085513234,0.192149812,0.227793633,0.231257221,0.239079596,0.255872753,0.295827465
7294,2020-10-30 22:00:00,0.059453961,0.192131944,0.227899793,0.231371796,0.239215155,0.256063829,0.085513241
7295,2020-10-30 23:00:00,0.048868917,0.192127222,0.227927810,0.231402036,0.239250942,0.256114301,0.059453965
7296,2020-10-31 00:00:00,0.023462277,0.192123574,0.227949447,0.231425391,0.239278583,0.256153293,0.048868922
7297,2020-10-31 01:00:00,0.011262767,0.192120442,0.227968012,0.231445431,0.239302301,0.256186757,0.023462277
7298,2020-10-31 02:00:00,0.019877270,0.192118936,0.227976932,0.231455060,0.239313700,0.256202841,0.011262768
7299,2020-10-31 03:00:00,0.023890927,0.192118213,0.227981216,0.231459685,0.239319173,0.256210565,0.000000000
7300,2020-10-31 04:00:00,0.032991692,0.192118213,0.227981216,0.231459685,0.239319173,0.256210565,0.000000000
7301,2020-10-31 05:00:00,0.054969840,0.192118213,0.227981216,0.231459685,0.239319173,0.256210565,0.000000000
7302,2020-10-31 06:00:00,0.073589854,0.192118213,0.227981216,0.231459685,0.239319173,0.256210565,0.000000000
7303,2020-10-31 07:00:00,0.087571599,0.192118213,0.227981216,0.231459685,0.239319173,0.256210565,0.000000000
7304,2020-10-31 08:00:00,0.102833740,0.192118213,0.227981216,0.231459685,0.239319173,0.256210565,0.000000000
7305,2020-10-31 09:00:00,0.105339758,0.192118213,0.227981216,0.231459685,0.239319173,0.256210565,0.000000000
7306,2020-10-31 10:00:00,0.108394161,0.192118213,0.227981216,0.231459685,0.239319173,0.256210565,0.000000000
7307,2020-10-31 11:00:00,0.096563995,0.192118213,0.227981216,0.231459685,0.239319173,0.256210565,0.000000000
7308,2020-10-31 12:00:00,0.029908355,0.192118219,0.227981216,0.231459685,0.239319173,0.256210565,0.096564005
7309,2020-10-31 13:00:00,0.075069755,0.192112036,0.228017803,0.231499180,0.239365926,0.256276551,0.029908357
7310,2020-10-31 14:00:00,0.093561172,0.192110198,0.228028683,0.231510925,0.239379830,0.256296180,0.075069755
7311,2020-10-31 15:00:00,0.077611670,0.192105533,0.228056285,0.231540723,0.239415110,0.256345991,0.093561178
7312,2020-10-31 16:00:00,0.061992917,0.192099762,0.228090407,0.231577562,0.239458729,0.256407594,0.077611671
7313,2020-10-31 17:00:00,0.045009606,0.192103831,0.228066347,0.231551586,0.239427972,0.256364154,0.061992920
7314,2020-10-31 18:00:00,0.028699499,0.192110346,0.228027805,0.231509978,0.239378709,0.256294596,0.045009609
7315,2020-10-31 19:00:00,0.015914533,0.192121502,0.227961724,0.231438644,0.239294269,0.256175424,0.028699500
7316,2020-10-31 20:00:00,0.007693972,0.192131101,0.227904797,0.231377197,0.239221546,0.256072842,0.015914534
7317,2020-10-31 21:00:00,0.001128620,0.192132800,0.227894716,0.231366316,0.239208671,0.256054685,0.007693973
7318,2020-10-31 22:00:00,0.000626344,0.192134146,0.227886727,0.231357694,0.239198468,0.256040298,0.001128620
7319,2020-10-31 23:00:00,0.000478945,0.192135130,0.227880882,0.231351385,0.239191002,0.256029772,0.000626344
7320,2020-11-01 00:00:00,0.000122962,0.192135801,0.227876896,0.231347083,0.239185912,0.256022595,0.000478946
7321,2020-11-01 01:00:00,0.000224956,0.192137411,0.227867339,0.231336768,0.239173706,0.256005387,0.000122962
7322,2020-11-01 02:00:00,0.000107596,0.192138572,0.227860440,0.231329322,0.239164897,0.255992968,0.000224956
7323,2020-11-01 03:00:00,0.000269495,0.192139709,0.227853687,0.231322033,0.239156272,0.255980810,0.000107596
7324,2020-11-01 04:00:00,0.000351355,0.192140636,0.227848181,0.231316091,0.239149242,0.255970900,0.000269495
7325,2020-11-01 05:00:00,0.000122366,0.192140845,0.227846937,0.231314748,0.239147653,0.255968660,0.000351355
7326,2020-11-01 06:00:00,0.000757798,0.192140707,0.227846937,0.231314748,0.239147653,0.255968660,0.000122366
7327,2020-11-01 07:00:00,0.000740918,0.192140659,0.227846937,0.231314748,0.239147653,0.255968660,0.000757798
7328,2020-11-01 08:00:00,0.000861088,0.192140357,0.227846937,0.231314748,0.239147653,0.255968660,0.000740918
7329,2020-11-01 09:00:00,0.000773743,0.192141417,0.227843543,0.231311085,0.239143319,0.255962552,0.000861088
7330,2020-11-01 10:00:00,0.000794211,0.192141804,0.227841241,0.231308601,0.239140380,0.255958409,0.000773743
7331,2020-11-01 11:00:00,0.000792162,0.192142214,0.227838803,0.231305969,0.239137267,0.255954021,0.000794211
7332,2020-11-01 12:00:00,0.000595524,0.192142652,0.227836199,0.231303159,0.239133942,0.255949335,0.000792162
7333,2020-11-01 13:00:00,0.000738957,0.192142749,0.227835626,0.231302541,0.239133210,0.255948304,0.000651579
7334,2020-11-01 14:00:00,0.000684291,0.192142488,0.227835626,0.231302541,0.239133210,0.255948304,0.002396368
7335,2020-11-01 15:00:00,0.001173396,0.192142553,0.227836787,0.231303793,0.239134693,0.255950393,0.008267169
7336,2020-11-01 16:00:00,0.001277482,0.192142024,0.227839934,0.231307191,0.239138712,0.255956057,0.011011891
7337,2020-11-01 17:00:00,0.001169368,0.192141318,0.227844127,0.231311715,0.239144065,0.255963602,0.008609889
7338,2020-11-01 18:00:00,0.000885458,0.192140767,0.227847400,0.231315248,0.239148244,0.255969494,0.064572559
7339,2020-11-01 19:00:00,0.000667106,0.192136638,0.227871929,0.231341722,0.239179569,0.256013651,1.321375521
7340,2020-11-01 20:00:00,0.000420467,0.192055559,0.228350971,0.231858927,0.239792049,0.256878935,0.919244405
7341,2020-11-01 21:00:00,0.000279431,0.191997997,0.228688138,0.232223164,0.240223987,0.257491316,2.402845462
7342,2020-11-01 22:00:00,0.000201991,0.191853885,0.229521811,0.233124519,0.241295048,0.259017656,2.775297457
7343,2020-11-01 23:00:00,0.000144180,0.191687391,0.230466844,0.234147577,0.242514530,0.260769424,4.376317293
7344,2020-11-02 00:00:00,0.000095853,0.191440353,0.231834615,0.235630770,0.244289826,0.263347034,2.103629527
7345,2020-11-02 01:00:00,0.000094553,0.191316983,0.232502831,0.236356466,0.245161669,0.264625192,0.627730981
7346,2020-11-02 02:00:00,0.000083997,0.191285669,0.232670909,0.236539114,0.245381441,0.264948697,0.000094553
7347,2020-11-02 03:00:00,0.000047845,0.191298933,0.232599787,0.236461822,0.245288422,0.264811708,0.000083997
7348,2020-11-02 04:00:00,0.000036824,0.191311133,0.232534277,0.236390633,0.245202771,0.264685654,0.000047845
7349,2020-11-02 05:00:00,0.000021945,0.191323519,0.232467672,0.236318264,0.245115720,0.264557622,0.001041843
7350,2020-11-02 06:00:00,0.000016077,0.191332918,0.232417064,0.236263280,0.245049597,0.264460426,0.000021945
7351,2020-11-02 07:00:00,0.000013143,0.191345000,0.232351929,0.236192519,0.244964518,0.264335436,0.000016077
7352,2020-11-02 08:00:00,0.000009843,0.191355655,0.232294407,0.236130036,0.244889408,0.264225158,0.000013143
7353,2020-11-02 09:00:00,0.000005954,0.191365964,0.232238686,0.236069513,0.244816670,0.264118422,0.000009843
7354,2020-11-02 10:00:00,0.000133312,0.191374338,0.232193380,0.236020306,0.244757543,0.264031700,0.000005954
7355,2020-11-02 11:00:00,0.000231335,0.191382563,0.232148828,0.235971922,0.244699415,0.263946481,0.000133312
7356,2020-11-02 12:00:00,0.000242443,0.191390524,0.232105673,0.235925058,0.244643122,0.263863986,0.000231335
7357,2020-11-02 13:00:00,0.000451983,0.191398097,0.232064580,0.235880435,0.244589528,0.263785480,0.000242443
7358,2020-11-02 14:00:00,0.001017059,0.191405455,0.232024615,0.235837041,0.244537419,0.263709177,0.000451983
7359,2020-11-02 15:00:00,0.001345694,0.191413855,0.231978953,0.235787463,0.244477894,0.263622052,0.001017059
7360,2020-11-02 16:00:00,0.001065031,0.191424454,0.231921273,0.235724842,0.244402721,0.263512080,0.001345694
7361,2020-11-02 17:00:00,0.000836919,0.191432458,0.231877668,0.235677505,0.244345908,0.263429005,0.001065031
7362,2020-11-02 18:00:00,0.000753835,0.191440893,0.231831668,0.235627572,0.244285988,0.263341425,0.000836919
7363,2020-11-02 19:00:00,0.000729434,0.191450126,0.231781261,0.235572858,0.244220343,0.263245523,0.000753835
7364,2020-11-02 20:00:00,0.000549067,0.191460720,0.231723363,0.235510019,0.244144964,0.263135456,0.000729435
7365,2020-11-02 21:00:00,0.000346296,0.191470041,0.231672358,0.235454665,0.244078577,0.263038571,0.000549067
7366,2020-11-02 22:00:00,0.000363405,0.191476640,0.231636211,0.235415439,0.244031541,0.262969953,0.000346296
7367,2020-11-02 23:00:00,0.000305670,0.191483095,0.231600831,0.235377047,0.243985510,0.262902826,0.000363405
7368,2020-11-03 00:00:00,0.000000000,0.191488416,0.231571645,0.235345378,0.243947544,0.262847477,0.000305670
7369,2020-11-03 01:00:00,0.000224110,0.191493039,0.231546274,0.235317849,0.243914544,0.262799380,0.000000000
7370,2020-11-03 02:00:00,0.000599171,0.191497547,0.231521516,0.235290987,0.243882347,0.262752464,0.000000000
7371,2020-11-03 03:00:00,0.001235300,0.191501925,0.231497464,0.235264892,0.243851073,0.262706904,0.000000000
7372,2020-11-03 04:00:00,0.001281561,0.191506175,0.231474100,0.235239543,0.243820695,0.262662660,0.000000000
7373,2020-11-03 05:00:00,0.001392432,0.191510302,0.231451403,0.235214920,0.243791189,0.262619694,0.001281561
7374,2020-11-03 06:00:00,0.002581560,0.191514226,0.231429814,0.235191500,0.243763128,0.262578841,0.001392432
7375,2020-11-03 07:00:00,0.002023819,0.191518028,0.231408881,0.235168791,0.243735921,0.262539239,0.002581560
7376,2020-11-03 08:00:00,0.001685052,0.191521642,0.231388978,0.235147201,0.243710055,0.262501597,0.002023819
7377,2020-11-03 09:00:00,0.001551388,0.191525188,0.231369442,0.235126009,0.243684668,0.262464660,0.001685052
7378,2020-11-03 10:00:00,0.001433158,0.191528653,0.231350341,0.235105290,0.243659850,0.262428556,0.001551388
7379,2020-11-03 11:00:00,0.001487666,0.191532027,0.231331737,0.235085110,0.243635680,0.262393401,0.001433158
7380,2020-11-03 12:00:00,0.001176581,0.191535311,0.231313620,0.235065460,0.243612145,0.262359176,0.001487666
7381,2020-11-03 13:00:00,0.001483854,0.191538554,0.231295725,0.235046050,0.243588900,0.262325378,0.001176581
7382,2020-11-03 14:00:00,0.001738346,0.191542019,0.231276594,0.235025301,0.243564052,0.262289256,0.001483854
7383,2020-11-03 15:00:00,0.001550489,0.191547917,0.231244013,0.234989964,0.243521740,0.262227760,0.001738346
7384,2020-11-03 16:00:00,0.001262855,0.191554794,0.231205998,0.234948737,0.243472381,0.262156046,0.001550489
7385,2020-11-03 17:00:00,0.000987575,0.191562045,0.231165880,0.234905231,0.243420301,0.262080407,0.001262855
7386,2020-11-03 18:00:00,0.000725520,0.191569096,0.231126838,0.234862895,0.243369628,0.262006839,0.000987575
7387,2020-11-03 19:00:00,0.000491944,0.191574503,0.231096874,0.234830405,0.243330744,0.261950406,0.000725520
7388,2020-11-03 20:00:00,0.000359845,0.191578365,0.231075456,0.234807181,0.243302954,0.261910082,0.000491944
7389,2020-11-03 21:00:00,0.000233279,0.191582244,0.231053939,0.234783851,0.243275038,0.261869584,0.000359845
7390,2020-11-03 22:00:00,0.000194496,0.191585472,0.231036027,0.234764431,0.243251802,0.261835882,0.000233279
7391,2020-11-03 23:00:00,0.000115772,0.191588896,0.231017016,0.234743819,0.243227143,0.261800121,0.000194496
7392,2020-11-04 00:00:00,0.000117003,0.191591243,0.231003984,0.234729690,0.243210240,0.261775611,0.000115772
7393,2020-11-04 01:00:00,0.000177501,0.191593599,0.230990895,0.234715501,0.243193265,0.261751002,0.000117003
7394,2020-11-04 02:00:00,0.000225023,0.191597432,0.230969597,0.234692410,0.243165645,0.261710964,0.000177501
7395,2020-11-04 03:00:00,0.000218785,0.191600928,0.230950159,0.234671338,0.243140440,0.261674435,0.000225023
7396,2020-11-04 04:00:00,0.000136224,0.191602299,0.230942531,0.234663069,0.243130550,0.261660104,0.000218785
7397,2020-11-04 05:00:00,0.000214013,0.191603631,0.230935122,0.234655037,0.243120944,0.261646184,0.000136224
7398,2020-11-04 06:00:00,0.000324824,0.191604930,0.230927895,0.234647203,0.243111574,0.261632608,0.000214013
7399,2020-11-04 07:00:00,0.000465521,0.191606187,0.230920903,0.234639624,0.243102509,0.261619475,0.000324824
7400,2020-11-04 08:00:00,0.000418312,0.191607400,0.230914152,0.234632305,0.243093757,0.261606796,0.000465521
7401,2020-11-04 09:00:00,0.000239455,0.191608569,0.230907645,0.234625252,0.243085322,0.261594577,0.000000000
7402,2020-11-04 10:00:00,0.000058590,0.191609735,0.230901157,0.234618219,0.243076911,0.261582393,0.000000000
7403,2020-11-04 11:00:00,0.000265161,0.191610867,0.230894854,0.234611386,0.243068741,0.261570559,0.000000000
7404,2020-11-04 12:00:00,0.000044304,0.191611967,0.230888732,0.234604750,0.243060805,0.261559065,0.000000000
7405,2020-11-04 13:00:00,0.000203399,0.191613034,0.230882785,0.234598304,0.243053097,0.261547902,0.000000000
7406,2020-11-04 14:00:00,0.001515506,0.191614072,0.230877009,0.234592043,0.243045611,0.261537059,0.000203399
7407,2020-11-04 15:00:00,0.003483890,0.191615066,0.230871472,0.234586041,0.243038433,0.261526665,0.001515506
7408,2020-11-04 16:00:00,0.003410967,0.191615946,0.230866570,0.234580728,0.243032080,0.261517466,0.020046886
7409,2020-11-04 17:00:00,0.003596913,0.191615594,0.230868530,0.234582853,0.243034621,0.261521145,0.023037351
7410,2020-11-04 18:00:00,0.002983982,0.191615058,0.230871518,0.234586091,0.243038493,0.261526752,0.024922210
7411,2020-11-04 19:00:00,0.002119737,0.191614414,0.230875102,0.234589976,0.243043139,0.261533480,0.024484303
7412,2020-11-04 20:00:00,0.001489235,0.191613817,0.230878425,0.234593579,0.243047446,0.261539718,0.018089792
7413,2020-11-04 21:00:00,0.000903288,0.191613654,0.230879336,0.234594565,0.243048626,0.261541426,0.011372295
7414,2020-11-04 22:00:00,0.000616493,0.191613932,0.230877785,0.234592884,0.243046616,0.261538515,0.014637536
7415,2020-11-04 23:00:00,0.000465676,0.191614272,0.230877785,0.234592884,0.243046616,0.261538515,0.018923113
7416,2020-11-05 00:00:00,0.000321203,0.191613768,0.230878702,0.234593878,0.243047805,0.261540237,0.019142094
7417,2020-11-05 01:00:00,0.000243551,0.191613537,0.230879986,0.234595270,0.243049469,0.261542647,0.020732430
7418,2020-11-05 02:00:00,0.000172888,0.191613210,0.230881809,0.234597246,0.243051832,0.261546069,0.020432771
7419,2020-11-05 03:00:00,0.000121553,0.191612911,0.230883472,0.234599048,0.243053987,0.261549190,0.016459017
7420,2020-11-05 04:00:00,0.000107620,0.191612728,0.230883472,0.234599048,0.243053987,0.261549190,0.018171074
7421,2020-11-05 05:00:00,0.000084886,0.191612738,0.230884436,0.234600094,0.243055237,0.261551000,0.015665546
7422,2020-11-05 06:00:00,0.000068559,0.191612886,0.230884436,0.234600094,0.243055237,0.261551000,0.019394329
7423,2020-11-05 07:00:00,0.000057994,0.191612545,0.230885510,0.234601258,0.243056629,0.261553016,0.020304636
7424,2020-11-05 08:00:00,0.000053122,0.191612274,0.230887019,0.234602894,0.243058585,0.261555850,0.022882007
7425,2020-11-05 09:00:00,0.000035284,0.191611843,0.230889420,0.234605496,0.243061697,0.261560356,0.014762892
7426,2020-11-05 10:00:00,0.000034253,0.191611953,0.230888808,0.234604833,0.243060904,0.261559209,0.021483867
7427,2020-11-05 11:00:00,0.000036555,0.191611622,0.230890651,0.234606830,0.243063292,0.261562667,0.022591583
7428,2020-11-05 12:00:00,0.000036362,0.191611229,0.230892841,0.234609205,0.243066132,0.261566780,0.023636701
7429,2020-11-05 13:00:00,0.000036134,0.191610778,0.230895348,0.234611922,0.243069381,0.261571486,0.035561049
7430,2020-11-05 14:00:00,0.000033465,0.191609566,0.230902100,0.234619241,0.243078134,0.261584164,0.025870371
7431,2020-11-05 15:00:00,0.000034569,0.191609018,0.230905150,0.234622547,0.243082087,0.261589890,0.023583757
7432,2020-11-05 16:00:00,0.000026618,0.191608634,0.230907283,0.234624860,0.243084853,0.261593897,0.018680237
7433,2020-11-05 17:00:00,0.000019824,0.191608325,0.230907283,0.234624860,0.243084853,0.261593897,0.017803095
7434,2020-11-05 18:00:00,0.000013705,0.191608360,0.230907283,0.234624860,0.243084853,0.261593897,0.000019824
7435,2020-11-05 19:00:00,0.000007940,0.191609777,0.230900922,0.234617964,0.243076607,0.261581952,0.015902530
7436,2020-11-05 20:00:00,0.000004087,0.191609872,0.230900393,0.234617391,0.243075921,0.261580959,0.021046967
7437,2020-11-05 21:00:00,0.000002375,0.191609629,0.230901744,0.234618856,0.243077673,0.261583496,0.025734586
7438,2020-11-05 22:00:00,0.000001304,0.191609089,0.230904755,0.234622119,0.243081576,0.261589150,0.027831360
7439,2020-11-05 23:00:00,0.000000000,0.191608427,0.230908439,0.234626112,0.243086351,0.261596067,0.033403635
7440,2020-11-06 00:00:00,0.000000000,0.191607421,0.230914034,0.234632177,0.243093604,0.261606574,0.037491076
7441,2020-11-06 01:00:00,0.000000000,0.191606179,0.230920947,0.234639672,0.243102567,0.261619558,0.033470139
7442,2020-11-06 02:00:00,0.000000000,0.191605234,0.230926207,0.234645373,0.243109385,0.261629437,0.021486697
7443,2020-11-06 03:00:00,0.000000000,0.191605096,0.230926976,0.234646207,0.243110383,0.261630882,0.013840246
7444,2020-11-06 04:00:00,0.000000000,0.191605459,0.230924953,0.234644014,0.243107760,0.261627082,0.012582227
7445,2020-11-06 05:00:00,0.000000000,0.191605894,0.230922531,0.234641389,0.243104620,0.261622534,0.010878979
7446,2020-11-06 06:00:00,0.000000000,0.191606428,0.230919562,0.234638170,0.243100771,0.261616956,0.011144054
7447,2020-11-06 07:00:00,0.000000000,0.191606929,0.230916774,0.234635147,0.243097156,0.261611720,0.010698558
7448,2020-11-06 08:00:00,0.000000000,0.191607445,0.230913904,0.234632037,0.243093436,0.261606330,0.010245946
7449,2020-11-06 09:00:00,0.000000000,0.191607975,0.230910952,0.234628837,0.243089610,0.261600787,0.009895962
7450,2020-11-06 10:00:00,0.000000000,0.191608513,0.230907959,0.234625592,0.243085729,0.261595165,0.009544163
7451,2020-11-06 11:00:00,0.000000000,0.191609058,0.230904923,0.234622302,0.243081794,0.261589465,0.009585298
7452,2020-11-06 12:00:00,0.000000000,0.191609585,0.230901990,0.234619122,0.243077991,0.261583957,0.009359686
7453,2020-11-06 13:00:00,0.000000000,0.191610112,0.230899059,0.234615945,0.243074192,0.261578454,0.007380219
7454,2020-11-06 14:00:00,0.000000000,0.191610752,0.230895494,0.234612080,0.243069570,0.261571760,0.007010861
7455,2020-11-06 15:00:00,0.000000000,0.191611398,0.230891897,0.234608182,0.243064908,0.261565008,0.011939919
7456,2020-11-06 16:00:00,0.000000000,0.191611704,0.230890191,0.234606332,0.243062697,0.261561805,0.012174516
7457,2020-11-06 17:00:00,0.000000000,0.191611987,0.230888620,0.234604629,0.243060660,0.261558854,0.006155165
7458,2020-11-06 18:00:00,0.000000000,0.191612653,0.230884910,0.234600607,0.243055851,0.261551890,0.007601652
7459,2020-11-06 19:00:00,0.000000000,0.191613206,0.230881831,0.234597270,0.243051860,0.261546110,0.005296687
7460,2020-11-06 20:00:00,0.000000000,0.191613893,0.230878004,0.234593122,0.243046900,0.261538927,0.007288878
7461,2020-11-06 21:00:00,0.000000000,0.191614431,0.230875010,0.234589877,0.243043020,0.261533307,0.009028098
7462,2020-11-06 22:00:00,0.000000000,0.191614839,0.230872733,0.234587408,0.243040068,0.261529033,0.007556407
7463,2020-11-06 23:00:00,0.000000000,0.191615332,0.230869987,0.234584432,0.243036509,0.261523879,0.015524671
7464,2020-11-07 00:00:00,0.000000000,0.191615098,0.230869987,0.234584432,0.243036509,0.261523879,0.015256184
7465,2020-11-07 01:00:00,0.000000000,0.191614973,0.230869987,0.234584432,0.243036509,0.261523879,0.013944057
7466,2020-11-07 02:00:00,0.000000000,0.191615352,0.230869987,0.234584432,0.243036509,0.261523879,0.012415094
7467,2020-11-07 03:00:00,0.000000000,0.191615498,0.230869065,0.234583432,0.243035314,0.261522148,0.008844234
7468,2020-11-07 04:00:00,0.000000000,0.191615888,0.230866891,0.234581076,0.243032497,0.261518069,0.012579992
7469,2020-11-07 05:00:00,0.000000000,0.191616024,0.230866135,0.234580257,0.243031517,0.261516650,0.010599496
7470,2020-11-07 06:00:00,0.000000000,0.191616285,0.230864682,0.234578682,0.243029634,0.261513924,0.008148077
7471,2020-11-07 07:00:00,0.000000000,0.191616697,0.230862382,0.234576189,0.243026653,0.261509607,0.006667345
7472,2020-11-07 08:00:00,0.000000000,0.191617195,0.230859611,0.234573185,0.243023061,0.261504406,0.003072172
7473,2020-11-07 09:00:00,0.000000000,0.191617912,0.230855614,0.234568853,0.243017881,0.261496907,0.002669385
7474,2020-11-07 10:00:00,0.000000000,0.191618635,0.230851586,0.234564487,0.243012661,0.261489348,0.003049649
7475,2020-11-07 11:00:00,0.000000000,0.191619312,0.230847812,0.234560395,0.243007769,0.261482266,0.000000000
7476,2020-11-07 12:00:00,0.000000000,0.191621238,0.230837078,0.234548761,0.242993859,0.261462129,0.000000000
7477,2020-11-07 13:00:00,0.000000000,0.191625919,0.230810975,0.234520470,0.242960036,0.261413171,0.000000000
7478,2020-11-07 14:00:00,0.000000000,0.191632903,0.230772007,0.234478234,0.242909549,0.261340115,0.000000000
7479,2020-11-07 15:00:00,0.000000000,0.191647187,0.230692198,0.234391744,0.242806182,0.261190623,0.000000000
7480,2020-11-07 16:00:00,0.000000000,0.191673752,0.230543414,0.234230531,0.242613590,0.260912387,0.000000000
7481,2020-11-07 17:00:00,0.000000000,0.191703156,0.230378176,0.234051529,0.242399867,0.260604070,0.000000000
7482,2020-11-07 18:00:00,0.000000000,0.191734324,0.230202379,0.233861137,0.242172683,0.260276846,0.000000000
7483,2020-11-07 19:00:00,0.000000000,0.191764534,0.230031348,0.233675952,0.241951847,0.259959270,0.000000000
7484,2020-11-07 20:00:00,0.000000000,0.191788482,0.229895329,0.233528709,0.241776354,0.259707252,0.000000000
7485,2020-11-07 21:00:00,0.000000000,0.191792361,0.229873258,0.233504820,0.241747890,0.259666404,0.000000000
7486,2020-11-07 22:00:00,0.000000000,0.191793679,0.229865756,0.233496700,0.241738215,0.259652523,0.000000000
7487,2020-11-07 23:00:00,0.000000000,0.191794980,0.229858347,0.233488681,0.241728661,0.259638815,0.000000000
7488,2020-11-08 00:00:00,0.000000000,0.191795368,0.229856139,0.233486291,0.241725814,0.259634731,0.000000000
7489,2020-11-08 01:00:00,0.000000000,0.191798905,0.229836003,0.233464497,0.241699849,0.259597483,0.000000000
7490,2020-11-08 02:00:00,0.000000000,0.191802574,0.229815101,0.233441875,0.241672900,0.259558831,0.000000000
7491,2020-11-08 03:00:00,0.000000000,0.191804866,0.229802038,0.233427737,0.241656059,0.259534679,0.000000000
7492,2020-11-08 04:00:00,0.000000000,0.191806196,0.229794454,0.233419529,0.241646282,0.259520660,0.000000000
7493,2020-11-08 05:00:00,0.000000000,0.191807563,0.229786663,0.233411098,0.241636239,0.259506260,0.007984122
7494,2020-11-08 06:00:00,0.000000000,0.191807036,0.229789667,0.233414348,0.241640110,0.259511811,0.007433631
7495,2020-11-08 07:00:00,0.000000000,0.191806546,0.229792463,0.233417375,0.241643715,0.259516980,0.006421747
7496,2020-11-08 08:00:00,0.000000000,0.191806122,0.229794879,0.233419989,0.241646830,0.259521446,0.005346939
7497,2020-11-08 09:00:00,0.000000000,0.191805769,0.229796890,0.233422166,0.241649423,0.259525164,0.005605908
7498,2020-11-08 10:00:00,0.000000000,0.191805399,0.229798999,0.233424449,0.241652141,0.259529062,0.004457401
7499,2020-11-08 11:00:00,0.000000000,0.191805105,0.229800676,0.233426263,0.241654303,0.259532162,0.000000000
7500,2020-11-08 12:00:00,0.000000000,0.191808431,0.229781716,0.233405743,0.241629861,0.259497116,0.000000000
7501,2020-11-08 13:00:00,0.000000000,0.191814339,0.229748014,0.233369271,0.241586422,0.259434847,0.000000000
7502,2020-11-08 14:00:00,0.000000000,0.191823502,0.229695701,0.233312662,0.241519009,0.259338249,0.000000000
7503,2020-11-08 15:00:00,0.000000000,0.191836876,0.229619235,0.233229923,0.241420501,0.259197177,0.000000000
7504,2020-11-08 16:00:00,0.000000000,0.191854783,0.229516664,0.233118951,0.241288422,0.259008179,0.000000000
7505,2020-11-08 17:00:00,0.000000000,0.191876339,0.229392891,0.232985062,0.241129131,0.258780472,0.000000000
7506,2020-11-08 18:00:00,0.000000000,0.191899677,0.229258512,0.232839728,0.240956301,0.258533697,0.000000000
7507,2020-11-08 19:00:00,0.000000000,0.191929551,0.229085941,0.232653129,0.240734518,0.258217455,0.000000000
7508,2020-11-08 20:00:00,0.000000000,0.191954833,0.228939394,0.232494706,0.240546328,0.257949492,0.000000000
7509,2020-11-08 21:00:00,0.000000000,0.191960730,0.228905149,0.232457691,0.240502371,0.257886952,0.000000000
7510,2020-11-08 22:00:00,0.000000000,0.191962708,0.228893656,0.232445268,0.240487620,0.257865969,0.000000000
7511,2020-11-08 23:00:00,0.000000000,0.191963484,0.228889145,0.232440392,0.240481830,0.257857734,0.000000000
7512,2020-11-09 00:00:00,0.000000000,0.191968969,0.228857259,0.232405929,0.240440912,0.257799543,0.000000000
7513,2020-11-09 01:00:00,0.000000000,0.191973718,0.228829633,0.232376072,0.240405465,0.257749145,0.000000000
7514,2020-11-09 02:00:00,0.000000000,0.191977601,0.228807030,0.232351644,0.240376467,0.257707925,0.000000000
7515,2020-11-09 03:00:00,0.000000000,0.191980885,0.228787909,0.232330979,0.240351938,0.257673065,0.000000000
7516,2020-11-09 04:00:00,0.000000000,0.191983574,0.228772246,0.232314053,0.240331847,0.257644516,0.000000000
7517,2020-11-09 05:00:00,0.000000000,0.191985873,0.228758850,0.232299575,0.240314664,0.257620103,0.000000000
7518,2020-11-09 06:00:00,0.000000000,0.191987871,0.228747201,0.232286987,0.240299724,0.257598878,0.000000000
7519,2020-11-09 07:00:00,0.000000000,0.191989457,0.228737957,0.232276998,0.240287869,0.257582038,0.000000000
7520,2020-11-09 08:00:00,0.000000000,0.191990819,0.228730012,0.232268412,0.240277681,0.257567566,0.000000000
7521,2020-11-09 09:00:00,0.000000000,0.191992186,0.228722044,0.232259802,0.240267462,0.257553053,0.000000000
7522,2020-11-09 10:00:00,0.000000000,0.191993264,0.228715756,0.232253008,0.240259400,0.257541603,0.000000000
7523,2020-11-09 11:00:00,0.000000000,0.191994395,0.228709160,0.232245880,0.240250941,0.257529590,0.000000000
7524,2020-11-09 12:00:00,0.000000000,0.191998786,0.228683533,0.232218188,0.240218083,0.257482933,0.000000000
7525,2020-11-09 13:00:00,0.000000000,0.192005061,0.228646890,0.232178596,0.240171107,0.257416249,0.000000000
7526,2020-11-09 14:00:00,0.000000000,0.192014920,0.228589265,0.232116336,0.240097250,0.257311448,0.000000000
7527,2020-11-09 15:00:00,0.000000000,0.192029082,0.228506362,0.232026772,0.239991029,0.257160816,0.000000000
7528,2020-11-09 16:00:00,0.000000000,0.192047772,0.228396723,0.231908342,0.239850620,0.256961869,0.000000000
7529,2020-11-09 17:00:00,0.000000000,0.192073215,0.228247069,0.231746718,0.239659084,0.256690786,0.000000000
7530,2020-11-09 18:00:00,0.000000000,0.192099719,0.228090661,0.231577836,0.239459053,0.256408052,0.000000000
7531,2020-11-09 19:00:00,0.000000000,0.192133581,0.227890080,0.231361313,0.239202750,0.256046336,0.000000000
7532,2020-11-09 20:00:00,0.000000000,0.192155005,0.227762734,0.231223876,0.239040154,0.255817190,0.000000000
7533,2020-11-09 21:00:00,0.000000000,0.192158280,0.227743233,0.231202832,0.239015264,0.255782134,0.000000000
7534,2020-11-09 22:00:00,0.000000000,0.192160002,0.227732978,0.231191766,0.239002176,0.255763704,0.000000000
7535,2020-11-09 23:00:00,0.000000000,0.192161155,0.227726114,0.231184359,0.238993416,0.255751368,0.000000000
7536,2020-11-10 00:00:00,0.000000000,0.192167179,0.227690214,0.231145621,0.238947605,0.255686872,0.000000000
7537,2020-11-10 01:00:00,0.000000000,0.192171651,0.227663548,0.231116848,0.238913582,0.255638984,0.000000000
7538,2020-11-10 02:00:00,0.000000000,0.192175588,0.227640057,0.231091501,0.238883613,0.255596812,0.000000000
7539,2020-11-10 03:00:00,0.000000000,0.192178507,0.227622638,0.231072707,0.238861394,0.255565550,0.000000000
7540,2020-11-10 04:00:00,0.000000000,0.192180969,0.227607934,0.231056843,0.238842639,0.255539166,0.000000000
7541,2020-11-10 05:00:00,0.000000000,0.192183035,0.227595595,0.231043531,0.238826902,0.255517031,0.000000000
7542,2020-11-10 06:00:00,0.000000000,0.192184786,0.227585139,0.231032250,0.238813566,0.255498275,0.000000000
7543,2020-11-10 07:00:00,0.000000000,0.192186364,0.227575710,0.231022078,0.238801542,0.255481364,0.000000000
7544,2020-11-10 08:00:00,0.000000000,0.192187984,0.227566026,0.231011630,0.238789192,0.255463997,0.000000000
7545,2020-11-10 09:00:00,0.000000000,0.192189320,0.227558041,0.231003015,0.238779010,0.255449680,0.000000000
7546,2020-11-10 10:00:00,0.000000000,0.192190460,0.227551227,0.230995664,0.238770321,0.255437463,0.007091168
7547,2020-11-10 11:00:00,0.000000000,0.192190007,0.227553932,0.230998582,0.238773770,0.255442312,0.000000000
7548,2020-11-10 12:00:00,0.000000000,0.192192300,0.227540221,0.230983791,0.238756288,0.255417733,0.000000000
7549,2020-11-10 13:00:00,0.000000000,0.192196869,0.227512890,0.230954306,0.238721441,0.255368748,0.000000000
7550,2020-11-10 14:00:00,0.000000000,0.192205524,0.227461073,0.230898411,0.238655389,0.255275930,0.000000000
7551,2020-11-10 15:00:00,0.000000000,0.192218568,0.227382870,0.230814059,0.238555732,0.255135965,0.000000000
7552,2020-11-10 16:00:00,0.000000000,0.192238357,0.227263985,0.230685843,0.238404303,0.254923465,0.000000000
7553,2020-11-10 17:00:00,0.000000000,0.192262104,0.227120929,0.230531588,0.238222201,0.254668202,0.000000000
7554,2020-11-10 18:00:00,0.000000000,0.192288281,0.226962727,0.230361038,0.238020964,0.254386471,0.000000000
7555,2020-11-10 19:00:00,0.000000000,0.192314739,0.226802293,0.230188118,0.237817039,0.254101358,0.000000000
7556,2020-11-10 20:00:00,0.000000000,0.192336240,0.226671518,0.230047194,0.237650928,0.253869393,0.000000000
7557,2020-11-10 21:00:00,0.000000000,0.192339261,0.226653115,0.230027365,0.237627561,0.253836783,0.000000000
7558,2020-11-10 22:00:00,0.000000000,0.192342923,0.226630797,0.230003318,0.237599225,0.253797244,0.000000000
7559,2020-11-10 23:00:00,0.000000000,0.192345010,0.226618072,0.229989607,0.237583070,0.253774706,0.000000000
7560,2020-11-11 00:00:00,0.000000000,0.192346033,0.226611833,0.229982886,0.237575150,0.253763658,0.000000000
7561,2020-11-11 01:00:00,0.000000000,0.192346163,0.226611833,0.229982886,0.237575150,0.253763658,0.019508142
7562,2020-11-11 02:00:00,0.000000000,0.192344827,0.226619189,0.229990811,0.237584488,0.253776684,0.023972398
7563,2020-11-11 03:00:00,0.000000000,0.192343320,0.226628377,0.230000711,0.237596153,0.253792958,0.024060686
7564,2020-11-11 04:00:00,0.000000000,0.192341807,0.226637599,0.230010646,0.237607860,0.253809293,0.023760119
7565,2020-11-11 05:00:00,0.000000000,0.192340313,0.226646705,0.230020458,0.237619422,0.253825425,0.025065911
7566,2020-11-11 06:00:00,0.000000000,0.192338737,0.226656310,0.230030807,0.237631617,0.253842444,0.029680904
7567,2020-11-11 07:00:00,0.000000000,0.192336870,0.226667681,0.230043060,0.237646056,0.253862594,0.049962949
7568,2020-11-11 08:00:00,0.000000000,0.192333729,0.226686807,0.230063668,0.237670343,0.253896492,0.050229469
7569,2020-11-11 09:00:00,0.000000000,0.192330571,0.226706032,0.230084384,0.237694758,0.253930575,0.044720765
7570,2020-11-11 10:00:00,0.000000000,0.192327758,0.226723151,0.230102831,0.237716500,0.253960931,0.040579114
7571,2020-11-11 11:00:00,0.000000000,0.192325205,0.226738685,0.230119570,0.237736231,0.253988482,0.000000000
7572,2020-11-11 12:00:00,0.000000000,0.192326065,0.226733450,0.230113930,0.237729582,0.253979198,0.000000000
7573,2020-11-11 13:00:00,0.000000000,0.192331278,0.226701730,0.230079749,0.237689295,0.253922948,0.000000000
7574,2020-11-11 14:00:00,0.000000000,0.192340461,0.226645803,0.230019486,0.237618277,0.253823827,0.000000000
7575,2020-11-11 15:00:00,0.000000000,0.192353220,0.226567987,0.229935647,0.237519496,0.253686034,0.000000000
7576,2020-11-11 16:00:00,0.000000000,0.192368436,0.226475018,0.229835492,0.237401525,0.253521587,0.000000000
7577,2020-11-11 17:00:00,0.000000000,0.192384990,0.226373665,0.229726321,0.237272975,0.253342537,0.000000000
7578,2020-11-11 18:00:00,0.000000000,0.192399952,0.226281874,0.229627461,0.237156605,0.253180580,0.000000000
7579,2020-11-11 19:00:00,0.000000000,0.192415106,0.226188723,0.229527150,0.237038563,0.253016420,0.000000000
7580,2020-11-11 20:00:00,0.000000000,0.192430929,0.226091269,0.229422219,0.236915122,0.252844886,0.000000000
7581,2020-11-11 21:00:00,0.000000000,0.192434595,0.226068660,0.229397877,0.236886492,0.252805120,0.229800921
7582,2020-11-11 22:00:00,0.000000000,0.192422668,0.226142177,0.229477031,0.236979597,0.252934464,0.891488764
7583,2020-11-11 23:00:00,0.000000000,0.192370394,0.226463040,0.229822590,0.237386330,0.253500416,0.000000000
7584,2020-11-12 00:00:00,0.000000000,0.192372011,0.226453148,0.229811933,0.237373781,0.253482932,0.881237202
7585,2020-11-12 01:00:00,0.000000000,0.192319681,0.226772270,0.230155763,0.237778895,0.254048070,0.964051571
7586,2020-11-12 02:00:00,0.000000000,0.192261246,0.227126106,0.230537170,0.238228789,0.254677431,1.192952323
7587,2020-11-12 03:00:00,0.000000000,0.192189327,0.227558000,0.231002971,0.238778957,0.255449605,0.694002705
7588,2020-11-12 04:00:00,0.000000000,0.192147432,0.227807784,0.231272493,0.239097663,0.255898208,0.417732127
7589,2020-11-12 05:00:00,0.000000000,0.192121132,0.227963919,0.231441013,0.239297072,0.256179379,0.101037099
7590,2020-11-12 06:00:00,0.000000000,0.192114667,0.228002222,0.231482361,0.239346015,0.256248447,0.077687885
7591,2020-11-12 07:00:00,0.000000000,0.192109689,0.228031694,0.231514176,0.239383679,0.256301613,0.007181932
7592,2020-11-12 08:00:00,0.000000000,0.192109227,0.228034425,0.231517124,0.239387170,0.256306541,0.012030585
7593,2020-11-12 09:00:00,0.000000000,0.192108454,0.228038999,0.231522063,0.239393016,0.256314795,0.008554097
7594,2020-11-12 10:00:00,0.000000000,0.192107905,0.228042252,0.231525574,0.239397174,0.256320665,0.006172283
7595,2020-11-12 11:00:00,0.000000000,0.192107508,0.228044600,0.231528108,0.239400174,0.256324901,0.200000017
7596,2020-11-12 12:00:00,0.000000000,0.192095554,0.228115273,0.231604409,0.239490520,0.256452503,0.190879850
7597,2020-11-12 13:00:00,0.000000000,0.192087637,0.228162027,0.231654889,0.239550305,0.256536984,0.045282034
7598,2020-11-12 14:00:00,0.000000000,0.192091441,0.228139567,0.231630639,0.239521584,0.256496394,0.231554807
7599,2020-11-12 15:00:00,0.000000000,0.192083067,0.228188988,0.231684001,0.239584787,0.256585726,0.249376328
7600,2020-11-12 16:00:00,0.000000000,0.192075069,0.228236146,0.231734922,0.239645110,0.256671020,0.340236025
7601,2020-11-12 17:00:00,0.000000000,0.192062507,0.228310108,0.231814795,0.239739748,0.256804908,0.000000000
7602,2020-11-12 18:00:00,0.000000000,0.192072757,0.228249764,0.231749628,0.239662532,0.256695662,0.000000000
7603,2020-11-12 19:00:00,0.000000000,0.192083680,0.228185373,0.231680098,0.239580163,0.256579189,0.000000000
7604,2020-11-12 20:00:00,0.000000000,0.192094299,0.228122688,0.231612415,0.239500001,0.256465898,0.000000000
7605,2020-11-12 21:00:00,0.000000000,0.192100186,0.228087904,0.231574860,0.239455529,0.256403074,0.000000000
7606,2020-11-12 22:00:00,0.000000000,0.192107418,0.228045133,0.231528685,0.239400856,0.256325865,0.000000000
7607,2020-11-12 23:00:00,0.000000000,0.192114421,0.228003678,0.231483931,0.239347875,0.256251072,0.000000000
7608,2020-11-13 00:00:00,0.000000000,0.192120557,0.227967330,0.231444695,0.239301431,0.256185529,0.000000000
7609,2020-11-13 01:00:00,0.000000000,0.192125417,0.227938514,0.231413590,0.239264616,0.256133589,0.049701740
7610,2020-11-13 02:00:00,0.000000000,0.192127145,0.227928270,0.231402533,0.239251529,0.256115130,0.000000000
7611,2020-11-13 03:00:00,0.000000000,0.192131236,0.227903999,0.231376335,0.239220527,0.256071404,0.000000000
7612,2020-11-13 04:00:00,0.000000000,0.192134528,0.227884458,0.231355244,0.239195569,0.256036211,0.042966111
7613,2020-11-13 05:00:00,0.000000000,0.192135348,0.227879587,0.231349987,0.239189348,0.256027439,0.000000000
7614,2020-11-13 06:00:00,0.000000000,0.192138678,0.227859814,0.231328645,0.239164096,0.255991839,0.128428071
7615,2020-11-13 07:00:00,0.000000000,0.192133088,0.227893007,0.231364471,0.239206487,0.256051606,0.187439683
7616,2020-11-13 08:00:00,0.000000000,0.192123022,0.227952718,0.231428922,0.239282762,0.256159188,0.000000000
7617,2020-11-13 09:00:00,0.000000000,0.192124975,0.227941140,0.231416425,0.239267971,0.256138322,0.387124982
7618,2020-11-13 10:00:00,0.000000000,0.192102038,0.228076953,0.231563037,0.239441530,0.256383301,0.000000000
7619,2020-11-13 11:00:00,0.000000000,0.192103332,0.228069303,0.231554778,0.239431750,0.256369490,0.000000000
7620,2020-11-13 12:00:00,0.000000000,0.192105005,0.228059405,0.231544092,0.239419098,0.256351624,0.000000000
7621,2020-11-13 13:00:00,0.000000000,0.192107697,0.228043482,0.231526902,0.239398746,0.256322885,0.000000000
7622,2020-11-13 14:00:00,0.000000000,0.192111068,0.228023528,0.231505361,0.239373243,0.256286881,0.000000000
7623,2020-11-13 15:00:00,0.000000000,0.192114898,0.228000852,0.231480881,0.239344264,0.256245975,0.000000000
7624,2020-11-13 16:00:00,0.000000000,0.192119294,0.227974811,0.231452771,0.239310990,0.256199017,0.733443028
7625,2020-11-13 17:00:00,0.000000000,0.192077345,0.228222731,0.231720437,0.239627949,0.256646752,0.074542785
7626,2020-11-13 18:00:00,0.000000000,0.192077411,0.228222343,0.231720018,0.239627452,0.256646050,0.739119946
7627,2020-11-13 19:00:00,0.000000000,0.192035684,0.228467663,0.231984969,0.239941462,0.257090562,0.457738628
7628,2020-11-13 20:00:00,0.000000000,0.192012096,0.228605776,0.232134174,0.240118410,0.257341468,0.342776431
7629,2020-11-13 21:00:00,0.000000000,0.191992552,0.228719906,0.232257492,0.240264721,0.257549160,0.000000000
7630,2020-11-13 22:00:00,0.000000000,0.191994891,0.228706262,0.232242749,0.240247226,0.257524314,0.000000000
7631,2020-11-13 23:00:00,0.000000000,0.191996834,0.228694924,0.232230496,0.240232687,0.257503669,0.000000000
7632,2020-11-14 00:00:00,0.000000000,0.191997895,0.228688735,0.232223810,0.240224753,0.257492404,0.000000000
7633,2020-11-14 01:00:00,0.000000000,0.191998868,0.228683058,0.232217675,0.240217474,0.257482069,0.000000000
7634,2020-11-14 02:00:00,0.000000000,0.192000002,0.228676433,0.232210517,0.240208980,0.257470010,0.000000000
7635,2020-11-14 03:00:00,0.000000000,0.192000971,0.228670780,0.232204408,0.240201732,0.257459721,0.000000000
7636,2020-11-14 04:00:00,0.000000000,0.192002160,0.228663836,0.232196906,0.240192831,0.257447085,0.000000000
7637,2020-11-14 05:00:00,0.000000000,0.192002880,0.228659632,0.232192364,0.240187442,0.257439434,0.000000000
7638,2020-11-14 06:00:00,0.000000000,0.192003538,0.228655785,0.232188206,0.240182509,0.257432433,0.000000000
7639,2020-11-14 07:00:00,0.000000000,0.192003769,0.228654437,0.232186750,0.240180782,0.257429981,0.000000000
7640,2020-11-14 08:00:00,0.000000000,0.192004692,0.228649045,0.232180923,0.240173869,0.257420169,0.000000000
7641,2020-11-14 09:00:00,0.000000000,0.192005401,0.228644904,0.232176449,0.240168561,0.257412635,0.000000000
7642,2020-11-14 10:00:00,0.000000000,0.192006204,0.228640216,0.232171385,0.240162553,0.257404108,0.000000000
7643,2020-11-14 11:00:00,0.000000000,0.192006580,0.228638018,0.232169009,0.240159734,0.257400108,0.000000000
7644,2020-11-14 12:00:00,0.000000000,0.192008362,0.228627602,0.232157755,0.240146384,0.257381161,0.000000000
7645,2020-11-14 13:00:00,0.000000000,0.192012728,0.228602083,0.232130183,0.240113676,0.257334752,0.000000000
7646,2020-11-14 14:00:00,0.000000000,0.192020750,0.228555152,0.232079481,0.240053537,0.257249446,0.000000000
7647,2020-11-14 15:00:00,0.000000000,0.192033426,0.228480901,0.231999269,0.239958416,0.257114590,0.000000000
7648,2020-11-14 16:00:00,0.000000000,0.192049277,0.228387887,0.231898799,0.239839307,0.256945848,0.000000000
7649,2020-11-14 17:00:00,0.000000000,0.192066903,0.228284238,0.231786857,0.239706643,0.256758063,0.000000000
7650,2020-11-14 18:00:00,0.000000000,0.192085152,0.228176689,0.231670721,0.239569057,0.256563489,0.000000000
7651,2020-11-14 19:00:00,0.000000000,0.192102896,0.228071877,0.231557557,0.239435041,0.256374137,0.000000000
7652,2020-11-14 20:00:00,0.000000000,0.192120282,0.227968959,0.231446454,0.239303512,0.256188466,0.000000000
7653,2020-11-14 21:00:00,0.000000000,0.192129204,0.227916054,0.231389348,0.239235926,0.256093122,0.000000000
7654,2020-11-14 22:00:00,0.000000000,0.192136281,0.227874046,0.231344007,0.239182272,0.256017463,0.000000000
7655,2020-11-14 23:00:00,0.000000000,0.192142287,0.227838372,0.231305505,0.239136717,0.255953246,0.000000000
7656,2020-11-15 00:00:00,0.000000000,0.192147656,0.227806453,0.231271056,0.239095963,0.255895814,0.000000000
7657,2020-11-15 01:00:00,0.000000000,0.192152261,0.227779061,0.231241496,0.239060995,0.255846547,0.000000000
7658,2020-11-15 02:00:00,0.000000000,0.192156556,0.227753500,0.231213912,0.239028368,0.255800590,0.000000000
7659,2020-11-15 03:00:00,0.000000000,0.192159900,0.227733589,0.231192425,0.239002955,0.255764801,0.000000000
7660,2020-11-15 04:00:00,0.000000000,0.192162579,0.227717629,0.231175203,0.238982588,0.255736121,0.000000000
7661,2020-11-15 05:00:00,0.000000000,0.192164947,0.227703518,0.231159976,0.238964581,0.255710769,0.000000000
7662,2020-11-15 06:00:00,0.000000000,0.192166621,0.227693538,0.231149208,0.238951847,0.255692843,0.000000000
7663,2020-11-15 07:00:00,0.000000000,0.192168084,0.227684819,0.231139800,0.238940722,0.255677182,0.000000000
7664,2020-11-15 08:00:00,0.000000000,0.192169397,0.227676991,0.231131353,0.238930734,0.255663124,0.000000000
7665,2020-11-15 09:00:00,0.000000000,0.192169397,0.227676991,0.231131353,0.238930734,0.255663124,0.000000000
7666,2020-11-15 10:00:00,0.000000000,0.192169397,0.227676991,0.231131353,0.238930734,0.255663124,0.000000000
7667,2020-11-15 11:00:00,0.000000000,0.192169397,0.227676991,0.231131353,0.238930734,0.255663124,0.000000000
7668,2020-11-15 12:00:00,0.000000000,0.192169397,0.227676991,0.231131353,0.238930734,0.255663124,0.000000000
7669,2020-11-15 13:00:00,0.000000000,0.192169397,0.227676991,0.231131353,0.238930734,0.255663124,0.000000000
7670,2020-11-15 14:00:00,0.000000000,0.192169397,0.227676991,0.231131353,0.238930734,0.255663124,0.000000000
7671,2020-11-15 15:00:00,0.000000000,0.192177155,0.227630706,0.231081412,0.238871685,0.255580029,0.000000000
7672,2020-11-15 16:00:00,0.000000000,0.192186004,0.227577861,0.231024398,0.238804284,0.255485221,0.000000000
7673,2020-11-15 17:00:00,0.000000000,0.192197390,0.227509774,0.230950945,0.238717469,0.255363166,0.000000000
7674,2020-11-15 18:00:00,0.000000000,0.192211843,0.227423209,0.230857568,0.238607133,0.255208144,0.000000000
7675,2020-11-15 19:00:00,0.000000000,0.192226304,0.227336431,0.230763973,0.238496571,0.255052919,0.000000000
7676,2020-11-15 20:00:00,0.000000000,0.192240106,0.227253468,0.230674502,0.238390912,0.254904683,0.000000000
7677,2020-11-15 21:00:00,0.000000000,0.192245467,0.227221202,0.230639708,0.238349830,0.254847075,0.000000000
7678,2020-11-15 22:00:00,0.000000000,0.192248279,0.227204264,0.230621444,0.238328268,0.254816844,0.000000000
7679,2020-11-15 23:00:00,0.000000000,0.192250231,0.227192508,0.230608767,0.238313302,0.254795865,0.539456607
7680,2020-11-16 00:00:00,0.000000000,0.192216841,0.227393236,0.230825239,0.238568940,0.255154509,0.805427635
7681,2020-11-16 01:00:00,0.000000000,0.192166932,0.227691684,0.231147206,0.238949480,0.255689511,2.904495818
7682,2020-11-16 02:00:00,0.000000000,0.191997904,0.228688684,0.232223755,0.240224687,0.257492311,3.363578344
7683,2020-11-16 03:00:00,0.000000000,0.191802130,0.229817626,0.233444608,0.241676156,0.259563500,5.385848772
7684,2020-11-16 04:00:00,0.000000000,0.191508267,0.231462597,0.235227064,0.243805741,0.262640883,0.100000008
7685,2020-11-16 05:00:00,0.000000000,0.191510231,0.231451792,0.235215343,0.243791696,0.262620432,0.299999999
7686,2020-11-16 06:00:00,0.000000000,0.191496204,0.231528894,0.235298992,0.243891942,0.262766444,0.000000000
7687,2020-11-16 07:00:00,0.000000000,0.191503029,0.231491396,0.235258309,0.243843183,0.262695412,0.000000000
7688,2020-11-16 08:00:00,0.000000000,0.191512251,0.231440679,0.235203286,0.243777250,0.262599399,0.000000000
7689,2020-11-16 09:00:00,0.000000000,0.191521919,0.231387450,0.235145543,0.243708070,0.262498708,0.000000000
7690,2020-11-16 10:00:00,0.000000000,0.191530804,0.231338480,0.235092424,0.243644441,0.262406142,0.000000000
7691,2020-11-16 11:00:00,0.000000000,0.191539230,0.231291992,0.235042001,0.243584051,0.262318328,0.000000000
7692,2020-11-16 12:00:00,0.000000000,0.191550260,0.231231067,0.234975924,0.243504930,0.262203333,0.000000000
7693,2020-11-16 13:00:00,0.000000000,0.191564296,0.231153417,0.234891717,0.243404124,0.262056919,0.000000000
7694,2020-11-16 14:00:00,0.000000000,0.191581584,0.231057606,0.234787827,0.243279795,0.261876484,0.000000000
7695,2020-11-16 15:00:00,0.000000000,0.191601240,0.230948421,0.234669454,0.243138187,0.261671170,0.000000000
7696,2020-11-16 16:00:00,0.000000000,0.191622415,0.230830518,0.234541651,0.242985359,0.261449824,0.000000000
7697,2020-11-16 17:00:00,0.000000000,0.191644207,0.230708860,0.234409800,0.242827759,0.261221820,0.000000000
7698,2020-11-16 18:00:00,0.000000000,0.191665321,0.230590685,0.234281747,0.242674763,0.261000723,0.000000000
7699,2020-11-16 19:00:00,0.000000000,0.191686483,0.230471941,0.234153099,0.242521123,0.260778937,0.000000000
7700,2020-11-16 20:00:00,0.000000000,0.191707460,0.230353936,0.234025274,0.242368530,0.260558903,0.000000000
7701,2020-11-16 21:00:00,0.000000000,0.191719116,0.230288235,0.233954115,0.242283610,0.260436554,0.000000000
7702,2020-11-16 22:00:00,0.000000000,0.191727509,0.230240873,0.233902822,0.242222411,0.260348428,0.000000000
7703,2020-11-16 23:00:00,0.000000000,0.191735924,0.230193333,0.233851341,0.242160997,0.260260029,0.000000000
7704,2020-11-17 00:00:00,0.000000000,0.191743608,0.230149884,0.233804292,0.242104880,0.260179290,0.000000000
7705,2020-11-17 01:00:00,0.000000000,0.191749538,0.230116325,0.233767956,0.242061546,0.260116963,0.000000000
7706,2020-11-17 02:00:00,0.000000000,0.191754372,0.230088951,0.233738316,0.242026203,0.260066143,0.000000000
7707,2020-11-17 03:00:00,0.000000000,0.191759836,0.230057986,0.233704791,0.241986229,0.260008682,0.000000000
7708,2020-11-17 04:00:00,0.000000000,0.191764665,0.230030609,0.233675152,0.241950894,0.259957901,0.000000000
7709,2020-11-17 05:00:00,0.000000000,0.191769012,0.230005942,0.233648447,0.241919060,0.259912162,0.000000000
7710,2020-11-17 06:00:00,0.000000000,0.191772552,0.229985849,0.233626695,0.241893131,0.259874916,0.000000000
7711,2020-11-17 07:00:00,0.000000000,0.191776185,0.229965220,0.233604363,0.241866513,0.259836687,0.000000000
7712,2020-11-17 08:00:00,0.000000000,0.191779482,0.229946491,0.233584090,0.241842351,0.259801990,0.000000000
7713,2020-11-17 09:00:00,0.000000000,0.191782348,0.229930207,0.233566463,0.241821344,0.259771830,0.000000000
7714,2020-11-17 10:00:00,0.000000000,0.191784722,0.229916708,0.233551851,0.241803931,0.259746833,0.000000000
7715,2020-11-17 11:00:00,0.000000000,0.191787151,0.229902894,0.233536898,0.241786112,0.259721257,0.000000000
7716,2020-11-17 12:00:00,0.000000000,0.191790262,0.229885201,0.233517747,0.241763293,0.259688507,0.000000000
7717,2020-11-17 13:00:00,0.000000000,0.191794978,0.229858360,0.233488695,0.241728678,0.259638840,0.000000000
7718,2020-11-17 14:00:00,0.000000000,0.191802580,0.229815064,0.233441835,0.241672852,0.259558761,0.000000000
7719,2020-11-17 15:00:00,0.000000000,0.191811129,0.229766326,0.233389088,0.241610023,0.259468677,0.000000000
7720,2020-11-17 16:00:00,0.000000000,0.191824198,0.229691726,0.233308360,0.241513886,0.259330911,0.000000000
7721,2020-11-17 17:00:00,0.000000000,0.191838499,0.229609949,0.233219875,0.241408541,0.259180054,0.000000000
7722,2020-11-17 18:00:00,0.000000000,0.191849623,0.229546245,0.233150953,0.241326506,0.259062657,0.000000000
7723,2020-11-17 19:00:00,0.000000000,0.191859660,0.229488687,0.233088685,0.241252408,0.258956674,0.000000000
7724,2020-11-17 20:00:00,0.000000000,0.191870470,0.229426620,0.233021546,0.241172530,0.258842486,0.000000000
7725,2020-11-17 21:00:00,0.000000000,0.191876087,0.229394339,0.232986628,0.241130994,0.258783134,0.000000000
7726,2020-11-17 22:00:00,0.000000000,0.191881091,0.229365556,0.232955497,0.241093965,0.258730237,0.000000000
7727,2020-11-17 23:00:00,0.000000000,0.191886220,0.229336043,0.232923577,0.241056003,0.258676020,0.000000000
7728,2020-11-18 00:00:00,0.000000000,0.191891622,0.229304938,0.232889936,0.241015998,0.258618902,0.000000000
7729,2020-11-18 01:00:00,0.000000000,0.191896260,0.229278209,0.232861029,0.240981627,0.258569840,0.000000000
7730,2020-11-18 02:00:00,0.000000000,0.191900629,0.229253021,0.232833791,0.240949242,0.258523623,0.000000000
7731,2020-11-18 03:00:00,0.000000000,0.191904608,0.229230069,0.232808970,0.240919734,0.258481523,0.000000000
7732,2020-11-18 04:00:00,0.000000000,0.191908803,0.229205863,0.232782795,0.240888619,0.258437136,0.000000000
7733,2020-11-18 05:00:00,0.000000000,0.191912365,0.229185295,0.232760554,0.240862182,0.258399433,0.000000000
7734,2020-11-18 06:00:00,0.000000000,0.191916112,0.229163650,0.232737149,0.240834364,0.258359766,0.000000000
7735,2020-11-18 07:00:00,0.000000000,0.191919710,0.229142860,0.232714670,0.240807648,0.258321677,0.000000000
7736,2020-11-18 08:00:00,0.000000000,0.191923387,0.229121597,0.232691680,0.240780327,0.258282735,0.000000000
7737,2020-11-18 09:00:00,0.000000000,0.191926891,0.229101332,0.232669769,0.240754290,0.258245629,0.000000000
7738,2020-11-18 10:00:00,0.000000000,0.191930317,0.229081505,0.232648333,0.240728819,0.258209335,0.000000000
7739,2020-11-18 11:00:00,0.000000000,0.191930317,0.229081505,0.232648333,0.240728819,0.258209335,0.000000000
7740,2020-11-18 12:00:00,0.000000000,0.191930317,0.229081505,0.232648333,0.240728819,0.258209335,0.000000000
7741,2020-11-18 13:00:00,0.000000000,0.191930317,0.229081505,0.232648333,0.240728819,0.258209335,0.000000000
7742,2020-11-18 14:00:00,0.000000000,0.191930317,0.229081505,0.232648333,0.240728819,0.258209335,0.000000000
7743,2020-11-18 15:00:00,0.000000000,0.191930317,0.229081505,0.232648333,0.240728819,0.258209335,0.000000000
7744,2020-11-18 16:00:00,0.000000000,0.191942472,0.229011102,0.232572222,0.240638396,0.258080544,0.000000000
7745,2020-11-18 17:00:00,0.000000000,0.191955665,0.228934565,0.232489486,0.240540129,0.257940671,0.000000000
7746,2020-11-18 18:00:00,0.000000000,0.191969034,0.228856879,0.232405518,0.240440424,0.257798848,0.000000000
7747,2020-11-18 19:00:00,0.000000000,0.191983431,0.228773077,0.232314950,0.240332912,0.257646030,0.000000000
7748,2020-11-18 20:00:00,0.000000000,0.191996874,0.228694694,0.232230249,0.240232393,0.257503252,0.000000000
7749,2020-11-18 21:00:00,0.000000000,0.192004061,0.228652730,0.232184906,0.240178594,0.257426875,0.000000000
7750,2020-11-18 22:00:00,0.000000000,0.192010345,0.228616016,0.232145237,0.240131533,0.257360088,0.000000000
7751,2020-11-18 23:00:00,0.000000000,0.192010345,0.228616016,0.232145237,0.240131533,0.257360088,0.000000000
7752,2020-11-19 00:00:00,0.000000000,0.192010345,0.228616016,0.232145237,0.240131533,0.257360088,0.000000000
7753,2020-11-19 01:00:00,0.000000000,0.192010345,0.228616016,0.232145237,0.240131533,0.257360088,0.000000000
7754,2020-11-19 02:00:00,0.000000000,0.192010345,0.228616016,0.232145237,0.240131533,0.257360088,0.000000000
7755,2020-11-19 03:00:00,0.000000000,0.192010345,0.228616016,0.232145237,0.240131533,0.257360088,0.000000000
7756,2020-11-19 04:00:00,0.000000000,0.192010345,0.228616016,0.232145237,0.240131533,0.257360088,0.000000000
7757,2020-11-19 05:00:00,0.000000000,0.192010345,0.228616016,0.232145237,0.240131533,0.257360088,0.000000000
7758,2020-11-19 06:00:00,0.000000000,0.192010345,0.228616016,0.232145237,0.240131533,0.257360088,0.000000000
7759,2020-11-19 07:00:00,0.000000000,0.192010345,0.228616016,0.232145237,0.240131533,0.257360088,0.000000000
7760,2020-11-19 08:00:00,0.000000000,0.192010345,0.228616016,0.232145237,0.240131533,0.257360088,0.000000000
7761,2020-11-19 09:00:00,0.000000000,0.192010345,0.228616016,0.232145237,0.240131533,0.257360088,0.000000000
7762,2020-11-19 10:00:00,0.000000000,0.192010345,0.228616016,0.232145237,0.240131533,0.257360088,0.000000000
7763,2020-11-19 11:00:00,0.000000000,0.192010345,0.228616016,0.232145237,0.240131533,0.257360088,0.000000000
7764,2020-11-19 12:00:00,0.000000000,0.192010345,0.228616016,0.232145237,0.240131533,0.257360088,0.000000000
7765,2020-11-19 13:00:00,0.000000000,0.192010345,0.228616016,0.232145237,0.240131533,0.257360088,0.000000000
7766,2020-11-19 14:00:00,0.000000000,0.192010345,0.228616016,0.232145237,0.240131533,0.257360088,0.000000000
7767,2020-11-19 15:00:00,0.000000000,0.192010345,0.228616016,0.232145237,0.240131533,0.257360088,0.000000000
7768,2020-11-19 16:00:00,0.000000000,0.192010345,0.228616016,0.232145237,0.240131533,0.257360088,0.000000000
7769,2020-11-19 17:00:00,0.000000000,0.192010345,0.228616016,0.232145237,0.240131533,0.257360088,0.000000000
7770,2020-11-19 18:00:00,0.000000000,0.192010345,0.228616016,0.232145237,0.240131533,0.257360088,0.000000000
7771,2020-11-19 19:00:00,0.000000000,0.192010345,0.228616016,0.232145237,0.240131533,0.257360088,0.000000000
7772,2020-11-19 20:00:00,0.000000000,0.192010345,0.228616016,0.232145237,0.240131533,0.257360088,0.000000000
7773,2020-11-19 21:00:00,0.000000000,0.192010345,0.228616016,0.232145237,0.240131533,0.257360088,0.000000000
7774,2020-11-19 22:00:00,0.000000000,0.192010345,0.228616016,0.232145237,0.240131533,0.257360088,0.000000000
7775,2020-11-19 23:00:00,0.000000000,0.192010345,0.228616016,0.232145237,0.240131533,0.257360088,0.000000000
7776,2020-11-20 00:00:00,0.000000000,0.192010345,0.228616016,0.232145237,0.240131533,0.257360088,0.000000000
7777,2020-11-20 01:00:00,0.000000000,0.192010345,0.228616016,0.232145237,0.240131533,0.257360088,0.000000000
7778,2020-11-20 02:00:00,0.000000000,0.192010345,0.228616016,0.232145237,0.240131533,0.257360088,0.000000000
7779,2020-11-20 03:00:00,0.000000000,0.192010345,0.228616016,0.232145237,0.240131533,0.257360088,0.000000000
7780,2020-11-20 04:00:00,0.000000000,0.192010345,0.228616016,0.232145237,0.240131533,0.257360088,0.000000000
7781,2020-11-20 05:00:00,0.000000000,0.192010345,0.228616016,0.232145237,0.240131533,0.257360088,0.000000000
7782,2020-11-20 06:00:00,0.000000000,0.192010345,0.228616016,0.232145237,0.240131533,0.257360088,0.000000000
7783,2020-11-20 07:00:00,0.000000000,0.192010345,0.228616016,0.232145237,0.240131533,0.257360088,0.000000000
7784,2020-11-20 08:00:00,0.000000000,0.192010345,0.228616016,0.232145237,0.240131533,0.257360088,0.000000000
7785,2020-11-20 09:00:00,0.000000000,0.192010345,0.228616016,0.232145237,0.240131533,0.257360088,0.000000000
7786,2020-11-20 10:00:00,0.000000000,0.192010345,0.228616016,0.232145237,0.240131533,0.257360088,0.000000000
7787,2020-11-20 11:00:00,0.000000000,0.192010345,0.228616016,0.232145237,0.240131533,0.257360088,0.000000000
7788,2020-11-20 12:00:00,0.000000000,0.192010345,0.228616016,0.232145237,0.240131533,0.257360088,0.000000000
7789,2020-11-20 13:00:00,0.000000000,0.192010345,0.228616016,0.232145237,0.240131533,0.257360088,0.000000000
7790,2020-11-20 14:00:00,0.000000000,0.192010345,0.228616016,0.232145237,0.240131533,0.257360088,0.000000000
7791,2020-11-20 15:00:00,0.000000000,0.192010345,0.228616016,0.232145237,0.240131533,0.257360088,0.000000000
7792,2020-11-20 16:00:00,0.000000000,0.192010345,0.228616016,0.232145237,0.240131533,0.257360088,0.000000000
7793,2020-11-20 17:00:00,0.000000000,0.192010345,0.228616016,0.232145237,0.240131533,0.257360088,0.000000000
7794,2020-11-20 18:00:00,0.000000000,0.192010345,0.228616016,0.232145237,0.240131533,0.257360088,0.000000000
7795,2020-11-20 19:00:00,0.000000000,0.192010345,0.228616016,0.232145237,0.240131533,0.257360088,0.000000000
7796,2020-11-20 20:00:00,0.000000000,0.192010345,0.228616016,0.232145237,0.240131533,0.257360088,0.000000000
7797,2020-11-20 21:00:00,0.000000000,0.192010345,0.228616016,0.232145237,0.240131533,0.257360088,0.000000000
7798,2020-11-20 22:00:00,0.000000000,0.192010345,0.228616016,0.232145237,0.240131533,0.257360088,0.000000000
7799,2020-11-20 23:00:00,0.000000000,0.192010345,0.228616016,0.232145237,0.240131533,0.257360088,0.000000000
7800,2020-11-21 00:00:00,0.000000000,0.192010345,0.228616016,0.232145237,0.240131533,0.257360088,0.000000000
7801,2020-11-21 01:00:00,0.000000000,0.192010345,0.228616016,0.232145237,0.240131533,0.257360088,0.000000000
7802,2020-11-21 02:00:00,0.000000000,0.192010345,0.228616016,0.232145237,0.240131533,0.257360088,0.000000000
7803,2020-11-21 03:00:00,0.000000000,0.192010345,0.228616016,0.232145237,0.240131533,0.257360088,0.000000000
7804,2020-11-21 04:00:00,0.000000000,0.192010345,0.228616016,0.232145237,0.240131533,0.257360088,0.000000000
7805,2020-11-21 05:00:00,0.000000000,0.192010345,0.228616016,0.232145237,0.240131533,0.257360088,0.000000000
7806,2020-11-21 06:00:00,0.000000000,0.192010345,0.228616016,0.232145237,0.240131533,0.257360088,0.000000000
7807,2020-11-21 07:00:00,0.000000000,0.192010345,0.228616016,0.232145237,0.240131533,0.257360088,0.000000000
7808,2020-11-21 08:00:00,0.000000000,0.192010345,0.228616016,0.232145237,0.240131533,0.257360088,0.000000000
7809,2020-11-21 09:00:00,0.000000000,0.192010345,0.228616016,0.232145237,0.240131533,0.257360088,0.000000000
7810,2020-11-21 10:00:00,0.000000000,0.192010345,0.228616016,0.232145237,0.240131533,0.257360088,0.000000000
7811,2020-11-21 11:00:00,0.000000000,0.192010345,0.228616016,0.232145237,0.240131533,0.257360088,0.000000000
7812,2020-11-21 12:00:00,0.000000000,0.192010345,0.228616016,0.232145237,0.240131533,0.257360088,0.000000000
7813,2020-11-21 13:00:00,0.000000000,0.192010345,0.228616016,0.232145237,0.240131533,0.257360088,0.000000000
7814,2020-11-21 14:00:00,0.000000000,0.192010345,0.228616016,0.232145237,0.240131533,0.257360088,0.000000000
7815,2020-11-21 15:00:00,0.000000000,0.192010345,0.228616016,0.232145237,0.240131533,0.257360088,0.000000000
7816,2020-11-21 16:00:00,0.000000000,0.192010345,0.228616016,0.232145237,0.240131533,0.257360088,0.000000000
7817,2020-11-21 17:00:00,0.000000000,0.192010345,0.228616016,0.232145237,0.240131533,0.257360088,0.000000000
7818,2020-11-21 18:00:00,0.000000000,0.192010345,0.228616016,0.232145237,0.240131533,0.257360088,0.000000000
7819,2020-11-21 19:00:00,0.000000000,0.192010345,0.228616016,0.232145237,0.240131533,0.257360088,0.000000000
7820,2020-11-21 20:00:00,0.000000000,0.192010345,0.228616016,0.232145237,0.240131533,0.257360088,0.000000000
7821,2020-11-21 21:00:00,0.000000000,0.192010345,0.228616016,0.232145237,0.240131533,0.257360088,0.000000000
7822,2020-11-21 22:00:00,0.000000000,0.192010345,0.228616016,0.232145237,0.240131533,0.257360088,0.000000000
7823,2020-11-21 23:00:00,0.000000000,0.192010345,0.228616016,0.232145237,0.240131533,0.257360088,0.000000000
7824,2020-11-22 00:00:00,0.000000000,0.192010345,0.228616016,0.232145237,0.240131533,0.257360088,0.000000000
7825,2020-11-22 01:00:00,0.000000000,0.192010345,0.228616016,0.232145237,0.240131533,0.257360088,0.000000000
7826,2020-11-22 02:00:00,0.000000000,0.192010345,0.228616016,0.232145237,0.240131533,0.257360088,0.000000000
7827,2020-11-22 03:00:00,0.000000000,0.192010345,0.228616016,0.232145237,0.240131533,0.257360088,0.000000000
7828,2020-11-22 04:00:00,0.000000000,0.192010345,0.228616016,0.232145237,0.240131533,0.257360088,0.000000000
7829,2020-11-22 05:00:00,0.000000000,0.192010345,0.228616016,0.232145237,0.240131533,0.257360088,0.000000000
7830,2020-11-22 06:00:00,0.000000000,0.192010345,0.228616016,0.232145237,0.240131533,0.257360088,0.000000000
7831,2020-11-22 07:00:00,0.000000000,0.192010345,0.228616016,0.232145237,0.240131533,0.257360088,0.000000000
7832,2020-11-22 08:00:00,0.000000000,0.192010345,0.228616016,0.232145237,0.240131533,0.257360088,0.000000000
7833,2020-11-22 09:00:00,0.000000000,0.192010345,0.228616016,0.232145237,0.240131533,0.257360088,0.000000000
7834,2020-11-22 10:00:00,0.000000000,0.192010345,0.228616016,0.232145237,0.240131533,0.257360088,0.000000000
7835,2020-11-22 11:00:00,0.000000000,0.192010345,0.228616016,0.232145237,0.240131533,0.257360088,0.000000000
7836,2020-11-22 12:00:00,0.000000000,0.192010345,0.228616016,0.232145237,0.240131533,0.257360088,0.000000000
7837,2020-11-22 13:00:00,0.000000000,0.192010345,0.228616016,0.232145237,0.240131533,0.257360088,0.000000000
7838,2020-11-22 14:00:00,0.000000000,0.192010345,0.228616016,0.232145237,0.240131533,0.257360088,0.000000000
7839,2020-11-22 15:00:00,0.000000000,0.192010345,0.228616016,0.232145237,0.240131533,0.257360088,0.000000000
7840,2020-11-22 16:00:00,0.000000000,0.192010345,0.228616016,0.232145237,0.240131533,0.257360088,0.000000000
7841,2020-11-22 17:00:00,0.000000000,0.192010345,0.228616016,0.232145237,0.240131533,0.257360088,0.000000000
7842,2020-11-22 18:00:00,0.000000000,0.192010345,0.228616016,0.232145237,0.240131533,0.257360088,0.000000000
7843,2020-11-22 19:00:00,0.000000000,0.192010345,0.228616016,0.232145237,0.240131533,0.257360088,0.000000000
7844,2020-11-22 20:00:00,0.000000000,0.192010345,0.228616016,0.232145237,0.240131533,0.257360088,0.000000000
7845,2020-11-22 21:00:00,0.000000000,0.192010345,0.228616016,0.232145237,0.240131533,0.257360088,0.000000000
7846,2020-11-22 22:00:00,0.000000000,0.192010345,0.228616016,0.232145237,0.240131533,0.257360088,0.000000000
7847,2020-11-22 23:00:00,0.000000000,0.192010345,0.228616016,0.232145237,0.240131533,0.257360088,0.000000000
7848,2020-11-23 00:00:00,0.000000000,0.192010345,0.228616016,0.232145237,0.240131533,0.257360088,0.000000000
7849,2020-11-23 01:00:00,0.000000000,0.192010345,0.228616016,0.232145237,0.240131533,0.257360088,0.000000000
7850,2020-11-23 02:00:00,0.000000000,0.192010345,0.228616016,0.232145237,0.240131533,0.257360088,0.000000000
7851,2020-11-23 03:00:00,0.000000000,0.192010345,0.228616016,0.232145237,0.240131533,0.257360088,0.000000000
7852,2020-11-23 04:00:00,0.000000000,0.192010345,0.228616016,0.232145237,0.240131533,0.257360088,0.057894745
7853,2020-11-23 05:00:00,0.004014334,0.192006599,0.228637904,0.232168886,0.240159588,0.257399901,0.085549724
7854,2020-11-23 06:00:00,0.013274170,0.192001069,0.228670208,0.232203790,0.240200999,0.257458680,0.066328229
7855,2020-11-23 07:00:00,0.024775483,0.191996776,0.228695267,0.232230867,0.240233127,0.257504294,1.617483542
7856,2020-11-23 08:00:00,0.035359636,0.191897330,0.229272044,0.232854362,0.240973700,0.258558527,7.633518726
7857,2020-11-23 09:00:00,0.052515727,0.191505991,0.231475113,0.235240642,0.243822012,0.262664578,1.416710973
7858,2020-11-23 10:00:00,0.073795177,0.191421470,0.231937516,0.235742477,0.244423889,0.263543040,0.764964949
7859,2020-11-23 11:00:00,0.094207734,0.191378803,0.232169202,0.235994048,0.244725995,0.263985444,1.704124713
7860,2020-11-23 12:00:00,0.143312782,0.191279985,0.232701347,0.236572196,0.245421261,0.265007370,2.489910844
7861,2020-11-23 13:00:00,0.170806140,0.191137758,0.233456600,0.237393533,0.246411351,0.266471890,6.681871491
7862,2020-11-23 14:00:00,0.192960352,0.190788048,0.235262148,0.239360901,0.248794502,0.270043182,4.089991398
7863,2020-11-23 15:00:00,0.225117907,0.190566442,0.236370099,0.240570879,0.250268513,0.272286165,6.218350200
7864,2020-11-23 16:00:00,0.288085997,0.190241643,0.237945987,0.242295546,0.252380818,0.275548346,0.415756287
7865,2020-11-23 17:00:00,0.367611885,0.190254656,0.237883913,0.242227529,0.252297258,0.275418191,0.191898503
7866,2020-11-23 18:00:00,0.463340491,0.190283063,0.237748100,0.242078738,0.252114538,0.275133908,0.000000000
7867,2020-11-23 19:00:00,0.549370408,0.190324304,0.237550185,0.241861968,0.251848519,0.274720812,0.000000000
7868,2020-11-23 20:00:00,0.626692772,0.190364246,0.237357666,0.241651173,0.251590039,0.274320312,0.000000000
7869,2020-11-23 21:00:00,0.695989311,0.190402931,0.237170403,0.241446197,0.251338887,0.273932003,0.000000000
7870,2020-11-23 22:00:00,0.751331985,0.190440402,0.236988263,0.241246887,0.251094860,0.273555490,0.000000000
7871,2020-11-23 23:00:00,0.807911575,0.190476700,0.236811113,0.241053092,0.250857757,0.273190395,0.000000000
7872,2020-11-24 00:00:00,0.856517911,0.190511865,0.236638823,0.240864667,0.250627386,0.272836353,0.000000000
7873,2020-11-24 01:00:00,0.913071990,0.190545933,0.236471268,0.240681469,0.250403557,0.272493011,0.000000000
7874,2020-11-24 02:00:00,0.956590176,0.190578942,0.236308323,0.240503359,0.250186088,0.272160030,0.000000000
7875,2020-11-24 03:00:00,0.997727036,0.190610927,0.236149867,0.240330200,0.249974800,0.271837081,0.000000000
7876,2020-11-24 04:00:00,1.037388444,0.190641922,0.235995784,0.240161859,0.249769519,0.271523847,0.000000000
7877,2020-11-24 05:00:00,1.076340914,0.190671958,0.235845957,0.239998209,0.249570076,0.271220023,0.000000000
7878,2020-11-24 06:00:00,1.115430355,0.190701068,0.235700274,0.239839121,0.249376307,0.270925313,0.000000000
7879,2020-11-24 07:00:00,1.150924683,0.190729282,0.235558625,0.239684474,0.249188053,0.270639431,0.000000000
7880,2020-11-24 08:00:00,1.185419083,0.190756628,0.235420903,0.239534146,0.249005158,0.270362102,0.000000000
7881,2020-11-24 09:00:00,1.211856246,0.190783136,0.235287003,0.239388022,0.248827472,0.270093060,0.000000000
7882,2020-11-24 10:00:00,1.246067405,0.190808832,0.235156824,0.239245987,0.248654846,0.269832047,0.000000000
7883,2020-11-24 11:00:00,1.278684616,0.190833743,0.235030265,0.239107929,0.248487138,0.269578814,0.000000000
7884,2020-11-24 12:00:00,1.306469560,0.190857894,0.234907229,0.238973741,0.248324210,0.269333120,0.000000000
7885,2020-11-24 13:00:00,1.350810528,0.190881308,0.234787622,0.238843316,0.248165926,0.269094734,0.000000000
7886,2020-11-24 14:00:00,1.397933125,0.190904011,0.234671350,0.238716553,0.248012155,0.268863429,0.000000000
7887,2020-11-24 15:00:00,1.444236755,0.190926024,0.234558325,0.238593349,0.247862770,0.268638989,0.000000000
7888,2020-11-24 16:00:00,1.487299800,0.190947369,0.234448457,0.238473609,0.247717645,0.268421203,0.000000000
7889,2020-11-24 17:00:00,1.531809568,0.190968069,0.234341662,0.238357237,0.247576661,0.268209867,0.000000000
7890,2020-11-24 18:00:00,1.565898538,0.190988142,0.234237856,0.238244140,0.247439700,0.268004785,0.000000000
7891,2020-11-24 19:00:00,1.590439200,0.191007609,0.234136957,0.238134227,0.247306649,0.267805766,0.000000000
7892,2020-11-24 20:00:00,1.611192822,0.191026490,0.234038887,0.238027412,0.247177395,0.267612625,0.000000000
7893,2020-11-24 21:00:00,1.630704284,0.191044802,0.233943567,0.237923608,0.247051832,0.267425184,0.000000000
7894,2020-11-24 22:00:00,1.650645971,0.191062563,0.233850923,0.237822733,0.246929855,0.267243270,0.000000000
7895,2020-11-24 23:00:00,1.660514355,0.191079791,0.233760881,0.237724705,0.246811361,0.267066716,0.000000000
7896,2020-11-25 00:00:00,1.669416189,0.191096502,0.233673370,0.237629445,0.246696253,0.266895359,0.000000000
7897,2020-11-25 01:00:00,1.677591205,0.191112712,0.233588321,0.237536876,0.246584433,0.266729044,0.000000000
7898,2020-11-25 02:00:00,1.689461350,0.191128437,0.233505665,0.237446924,0.246475809,0.266567617,0.000000000
7899,2020-11-25 03:00:00,1.709606171,0.191143692,0.233425337,0.237359516,0.246370289,0.266410933,0.000000000
7900,2020-11-25 04:00:00,1.729756713,0.191158492,0.233347272,0.237274582,0.246267785,0.266258848,0.000000000
7901,2020-11-25 05:00:00,1.745147824,0.191172850,0.233271408,0.237192051,0.246168212,0.266111224,0.000000000
7902,2020-11-25 06:00:00,1.760372162,0.191186781,0.233197684,0.237111857,0.246071486,0.265967928,0.000000000
7903,2020-11-25 07:00:00,1.771162152,0.191200297,0.233126041,0.237033936,0.245977525,0.265828831,0.000000000
7904,2020-11-25 08:00:00,1.778279305,0.191213411,0.233056420,0.236958222,0.245886252,0.265693806,0.000000000
7905,2020-11-25 09:00:00,1.783476353,0.191226135,0.232988767,0.236884655,0.245797589,0.265562733,0.000000000
7906,2020-11-25 10:00:00,1.788537860,0.191238482,0.232923026,0.236813175,0.245711462,0.265435493,0.000000000
7907,2020-11-25 11:00:00,1.790277004,0.191250463,0.232859144,0.236743723,0.245627799,0.265311972,0.000000000
7908,2020-11-25 12:00:00,1.781967044,0.191262089,0.232797069,0.236676243,0.245546530,0.265192060,0.000000000
7909,2020-11-25 13:00:00,1.767248511,0.191273370,0.232736751,0.236610678,0.245467587,0.265075650,0.000000000
7910,2020-11-25 14:00:00,1.755880833,0.191284318,0.232678141,0.236546975,0.245390902,0.264962636,0.000000000
7911,2020-11-25 15:00:00,0.852640688,0.191294943,0.232621192,0.236485082,0.245316413,0.264852920,0.882747929
7912,2020-11-25 16:00:00,0.003620101,0.191248164,0.232871410,0.236757059,0.245643862,0.265335681,0.852640710
7913,2020-11-25 17:00:00,0.002059316,0.191204459,0.233103957,0.237009919,0.245948570,0.265785986,0.003620101
7914,2020-11-25 18:00:00,0.001268828,0.191217310,0.233035698,0.236935687,0.245859090,0.265653643,0.002059316
7915,2020-11-25 19:00:00,0.000470523,0.191229902,0.232968718,0.236862856,0.245771320,0.265523915,0.001268828
7916,2020-11-25 20:00:00,0.000188785,0.191242263,0.232902877,0.236791269,0.245685072,0.265396521,0.004328493
7917,2020-11-25 21:00:00,0.000034333,0.191253841,0.232841114,0.236724122,0.245604191,0.265277131,0.851253787
7918,2020-11-25 22:00:00,0.000020088,0.191210032,0.233074366,0.236977738,0.245909776,0.265728598,0.290191423
7919,2020-11-25 23:00:00,0.004804348,0.191203553,0.233108761,0.237015143,0.245954868,0.265795305,0.000000000
7920,2020-11-26 00:00:00,0.010143166,0.191216571,0.233039629,0.236939962,0.245864243,0.265661262,0.000000000
7921,2020-11-26 01:00:00,0.016236816,0.191229201,0.232972450,0.236866914,0.245776209,0.265531140,0.000000000
7922,2020-11-26 02:00:00,0.021964166,0.191241457,0.232907170,0.236795937,0.245690694,0.265404824,0.000000000
7923,2020-11-26 03:00:00,0.027935203,0.191253350,0.232843737,0.236726974,0.245607626,0.265282200,0.000000000
7924,2020-11-26 04:00:00,0.035173859,0.191264890,0.232782098,0.236659969,0.245526934,0.265163157,0.000000000
7925,2020-11-26 05:00:00,0.000003661,0.191276089,0.232722204,0.236594866,0.245448551,0.265047590,0.041550270
7926,2020-11-26 06:00:00,0.000003453,0.191284182,0.232678875,0.236547772,0.245391862,0.264964050,0.101675551
7927,2020-11-26 07:00:00,0.000003221,0.191288038,0.232658214,0.236525317,0.245364835,0.264924234,0.004053738
7928,2020-11-26 08:00:00,0.000002706,0.191298282,0.232603282,0.236465619,0.245292992,0.264818436,0.430301913
7929,2020-11-26 09:00:00,0.000002626,0.191280190,0.232700252,0.236571007,0.245419829,0.265005260,0.506056739
7930,2020-11-26 10:00:00,0.000001994,0.191257689,0.232820568,0.236701787,0.245577293,0.265237441,0.707664839
7931,2020-11-26 11:00:00,0.000001905,0.191222851,0.233006236,0.236903650,0.245820479,0.265596564,0.612618794
7932,2020-11-26 12:00:00,0.000001433,0.191195016,0.233154047,0.237064395,0.246014251,0.265883187,3.182981482
7933,2020-11-26 13:00:00,0.000001639,0.191015795,0.234094465,0.238087945,0.247250638,0.267722046,5.141024349
7934,2020-11-26 14:00:00,0.000000000,0.190738158,0.235513967,0.239635724,0.249128732,0.270549436,4.296187035
7935,2020-11-26 15:00:00,0.000000000,0.190506230,0.236666477,0.240894907,0.250664347,0.272893110,1.520081059
7936,2020-11-26 16:00:00,0.000000000,0.190438421,0.236997909,0.241257440,0.251107777,0.273575400,1.109286359
7937,2020-11-26 17:00:00,0.000000000,0.190398869,0.237190100,0.241467754,0.251365291,0.273972788,0.000000000
7938,2020-11-26 18:00:00,0.000000000,0.190438343,0.236998291,0.241257858,0.251108288,0.273576188,0.000000000
7939,2020-11-26 19:00:00,0.000000000,0.190479587,0.236796996,0.241037651,0.250838872,0.273161346,0.000000000
7940,2020-11-26 20:00:00,0.000000000,0.190524156,0.236578445,0.240798647,0.250546706,0.272712520,0.018675736
7941,2020-11-26 21:00:00,0.000000000,0.190556521,0.236419069,0.240624407,0.250333870,0.272386243,0.024099836
7942,2020-11-26 22:00:00,0.000000000,0.190587500,0.236265981,0.240457083,0.250129610,0.272073650,0.029436907
7943,2020-11-26 23:00:00,0.000000000,0.190617148,0.236118986,0.240296458,0.249933644,0.271774240,0.028986487
7944,2020-11-27 00:00:00,0.000000000,0.190645913,0.235975902,0.240140141,0.249743044,0.271483488,0.031809170
7945,2020-11-27 01:00:00,0.000000000,0.190673597,0.235837770,0.239989267,0.249559182,0.271203442,0.029326727
7946,2020-11-27 02:00:00,0.000000000,0.190700604,0.235702600,0.239841661,0.249379400,0.270930012,0.026385582
7947,2020-11-27 03:00:00,0.000000000,0.190726989,0.235570151,0.239697056,0.249203366,0.270662669,0.023181119
7948,2020-11-27 04:00:00,0.000000000,0.190752790,0.235440258,0.239555270,0.249030853,0.270401039,0.024702213
7949,2020-11-27 05:00:00,0.000000000,0.190777697,0.235314511,0.239418038,0.248863963,0.270148282,0.026981876
7950,2020-11-27 06:00:00,0.000000000,0.190801686,0.235193066,0.239285527,0.248702893,0.269904659,0.027101460
7951,2020-11-27 07:00:00,0.000000000,0.190824936,0.235075049,0.239156779,0.248546469,0.269668363,0.020504668
7952,2020-11-27 08:00:00,0.000000000,0.190847936,0.234957999,0.239029110,0.248391428,0.269434445,0.018774518
7953,2020-11-27 09:00:00,0.000000000,0.190870357,0.234843605,0.238904360,0.248240000,0.269206256,0.023342966
7954,2020-11-27 10:00:00,0.000000000,0.190891782,0.234734018,0.238784873,0.248095023,0.268988045,0.017094561
7955,2020-11-27 11:00:00,0.000000000,0.190912989,0.234625288,0.238666340,0.247951264,0.268771914,0.008493424
7956,2020-11-27 12:00:00,0.000000000,0.190934145,0.234516557,0.238547825,0.247807588,0.268556149,0.000000000
7957,2020-11-27 13:00:00,0.000000000,0.190956767,0.234400001,0.238420805,0.247653666,0.268325270,0.000000000
7958,2020-11-27 14:00:00,0.000000000,0.190981866,0.234270335,0.238279524,0.247482545,0.268068916,0.000000000
7959,2020-11-27 15:00:00,0.000000000,0.191008639,0.234131614,0.238128407,0.247299605,0.267795235,0.000000000
7960,2020-11-27 16:00:00,0.000000000,0.191037147,0.233983435,0.237967023,0.247104341,0.267503548,0.000000000
7961,2020-11-27 17:00:00,0.000000000,0.191066377,0.233831004,0.237801046,0.246903637,0.267204192,0.000000000
7962,2020-11-27 18:00:00,0.000000000,0.191095776,0.233677174,0.237633585,0.246701255,0.266902803,0.000000000
7963,2020-11-27 19:00:00,0.000000000,0.191128192,0.233506956,0.237448329,0.246477505,0.266570137,0.000000000
7964,2020-11-27 20:00:00,0.000000000,0.191158405,0.233347731,0.237275081,0.246268388,0.266259741,0.000000000
7965,2020-11-27 21:00:00,0.000000000,0.191175084,0.233259594,0.237179199,0.246152709,0.266088250,0.000000000
7966,2020-11-27 22:00:00,0.000000000,0.191190712,0.233176855,0.237089202,0.246044164,0.265927472,0.000000000
7967,2020-11-27 23:00:00,0.000000000,0.191205644,0.233097663,0.237003073,0.245940317,0.265773776,0.000000000
7968,2020-11-28 00:00:00,0.000000000,0.191219464,0.233024246,0.236923235,0.245844082,0.265631454,0.000000000
7969,2020-11-28 01:00:00,0.000000000,0.191232390,0.232955473,0.236848454,0.245753967,0.265498277,0.000000000
7970,2020-11-28 02:00:00,0.000000000,0.191244558,0.232890641,0.236777966,0.245669046,0.265372859,0.004286622
7971,2020-11-28 03:00:00,0.000000000,0.191256071,0.232829211,0.236711182,0.245588607,0.265254135,0.000000000
7972,2020-11-28 04:00:00,0.000000000,0.191267795,0.232766567,0.236643087,0.245506607,0.265133180,0.000000000
7973,2020-11-28 05:00:00,0.000000000,0.191279074,0.232706227,0.236577501,0.245427647,0.265016780,0.008689610
7974,2020-11-28 06:00:00,0.000000000,0.191289272,0.232651598,0.236518127,0.245356181,0.264911488,0.013577234
7975,2020-11-28 07:00:00,0.000000000,0.191298843,0.232600270,0.236462346,0.245289053,0.264812638,0.015158444
7976,2020-11-28 08:00:00,0.000000000,0.191308026,0.232550966,0.236408768,0.245224588,0.264717755,0.017391656
7977,2020-11-28 09:00:00,0.000000000,0.191316791,0.232503862,0.236357586,0.245163016,0.264627174,0.017192719
7978,2020-11-28 10:00:00,0.000000000,0.191325311,0.232458025,0.236307782,0.245103114,0.264539089,0.017915990
7979,2020-11-28 11:00:00,0.000000000,0.191333533,0.232413749,0.236259679,0.245045266,0.264454062,0.011464810
7980,2020-11-28 12:00:00,0.000000000,0.191341943,0.232368416,0.236210430,0.244986051,0.264367063,0.000000000
7981,2020-11-28 13:00:00,0.000000000,0.191353012,0.232308683,0.236145543,0.244908047,0.264252518,0.000000000
7982,2020-11-28 14:00:00,0.000000000,0.191366248,0.232237155,0.236067850,0.244814672,0.264115490,0.000000000
7983,2020-11-28 15:00:00,0.000000000,0.191381739,0.232153297,0.235976775,0.244705245,0.263955026,0.000000000
7984,2020-11-28 16:00:00,0.000000000,0.191400612,0.232050922,0.235865605,0.244571719,0.263759398,0.000000000
7985,2020-11-28 17:00:00,0.000000000,0.191421278,0.231938566,0.235743616,0.244425257,0.263545041,0.000000000
7986,2020-11-28 18:00:00,0.000000000,0.191442281,0.231824094,0.235619350,0.244276123,0.263327010,0.000000000
7987,2020-11-28 19:00:00,0.000000000,0.191463057,0.231710576,0.235496142,0.244128320,0.263111161,0.057894745
7988,2020-11-28 20:00:00,0.000000000,0.191478749,0.231624656,0.235402900,0.244016506,0.262948026,0.000000000
7989,2020-11-28 21:00:00,0.000000000,0.191489206,0.231567308,0.235340672,0.243941902,0.262839253,0.000000000
7990,2020-11-28 22:00:00,0.000000000,0.191497344,0.231522632,0.235292198,0.243883799,0.262754579,0.000000000
7991,2020-11-28 23:00:00,0.000000000,0.191505253,0.231479170,0.235245044,0.243827287,0.262672260,0.000000000
7992,2020-11-29 00:00:00,0.000000000,0.191512163,0.231441165,0.235203814,0.243777882,0.262600320,0.000000000
7993,2020-11-29 01:00:00,0.000000000,0.191518658,0.231405414,0.235165030,0.243731415,0.262532681,0.000000000
7994,2020-11-29 02:00:00,0.000000000,0.191524542,0.231372999,0.235129867,0.243689290,0.262471385,0.000000000
7995,2020-11-29 03:00:00,0.000000000,0.191530273,0.231341411,0.235095603,0.243648248,0.262411679,0.000000000
7996,2020-11-29 04:00:00,0.000000000,0.191535159,0.231314459,0.235066370,0.243613235,0.262360761,0.000000000
7997,2020-11-29 05:00:00,0.000000000,0.191539696,0.231289419,0.235039211,0.243580710,0.262313471,0.000000000
7998,2020-11-29 06:00:00,0.000000000,0.191543705,0.231267286,0.235015205,0.243551963,0.262271683,0.000000000
7999,2020-11-29 07:00:00,0.000000000,0.191547145,0.231248283,0.234994595,0.243527285,0.262235817,0.000000000
8000,2020-11-29 08:00:00,0.000000000,0.191550375,0.231230429,0.234975232,0.243504101,0.262202129,0.000129108
8001,2020-11-29 09:00:00,0.000000000,0.191553212,0.231214743,0.234958221,0.243483735,0.262172541,0.000000000
8002,2020-11-29 10:00:00,0.000000000,0.191555976,0.231199460,0.234941647,0.243463893,0.262143716,0.000000000
8003,2020-11-29 11:00:00,0.000000000,0.191558660,0.231184614,0.234925547,0.243444620,0.262115723,0.000000000
8004,2020-11-29 12:00:00,0.000000000,0.191561266,0.231170193,0.234909908,0.243425899,0.262088537,0.000000000
8005,2020-11-29 13:00:00,0.000000000,0.191563796,0.231156184,0.234894717,0.243407716,0.262062134,0.000000000
8006,2020-11-29 14:00:00,0.000000000,0.191572088,0.231110260,0.234844919,0.243348114,0.261975613,0.000000000
8007,2020-11-29 15:00:00,0.000000000,0.191586073,0.231032692,0.234760815,0.243247477,0.261829608,0.000000000
8008,2020-11-29 16:00:00,0.000000000,0.191604492,0.230930331,0.234649844,0.243114732,0.261637184,0.000000000
8009,2020-11-29 17:00:00,0.000000000,0.191626248,0.230809139,0.234518479,0.242957657,0.261409727,0.000000000
8010,2020-11-29 18:00:00,0.000000000,0.191650239,0.230675133,0.234373252,0.242784085,0.261158681,0.000000000
8011,2020-11-29 19:00:00,0.000000000,0.191675222,0.230535166,0.234221595,0.242602918,0.260896980,0.000000000
8012,2020-11-29 20:00:00,0.000000000,0.191696614,0.230414991,0.234091407,0.242447469,0.260672701,0.000000000
8013,2020-11-29 21:00:00,0.000000000,0.191700187,0.230394883,0.234069626,0.242421468,0.260635211,0.000000000
8014,2020-11-29 22:00:00,0.000000000,0.191704851,0.230368633,0.234041192,0.242387529,0.260586286,0.000000000
8015,2020-11-29 23:00:00,0.000000000,0.191707827,0.230351872,0.234023038,0.242365861,0.260555056,0.000000000
8016,2020-11-30 00:00:00,0.000000000,0.191710225,0.230338362,0.234008405,0.242348397,0.260529890,0.000000000
8017,2020-11-30 01:00:00,0.000000000,0.191711552,0.230330884,0.234000306,0.242338731,0.260515961,0.000000000
8018,2020-11-30 02:00:00,0.000000000,0.191712341,0.230326436,0.233995489,0.242332982,0.260507678,0.000000000
8019,2020-11-30 03:00:00,0.000000000,0.191712952,0.230322995,0.233991762,0.242328534,0.260501270,0.000000000
8020,2020-11-30 04:00:00,0.000000000,0.191713112,0.230322094,0.233990786,0.242327370,0.260499592,0.002692135
8021,2020-11-30 05:00:00,0.000000000,0.191712932,0.230323103,0.233991879,0.242328675,0.260501472,0.002772474
8022,2020-11-30 06:00:00,0.000000000,0.191712748,0.230324143,0.233993005,0.242330018,0.260503408,0.002500899
8023,2020-11-30 07:00:00,0.000000000,0.191712582,0.230325081,0.233994021,0.242331231,0.260505154,0.000131169
8024,2020-11-30 08:00:00,0.000000000,0.191712530,0.230325081,0.233994021,0.242331231,0.260505154,0.000000000
8025,2020-11-30 09:00:00,0.000000000,0.191712530,0.230325081,0.233994021,0.242331231,0.260505154,0.000000000
8026,2020-11-30 10:00:00,0.000000000,0.191712530,0.230325081,0.233994021,0.242331231,0.260505154,0.000000000
8027,2020-11-30 11:00:00,0.000000000,0.191712530,0.230325081,0.233994021,0.242331231,0.260505154,0.004693023
8028,2020-11-30 12:00:00,0.000000000,0.191712261,0.230326890,0.233995980,0.242333569,0.260508523,0.000000000
8029,2020-11-30 13:00:00,0.000000000,0.191714524,0.230314131,0.233982161,0.242317078,0.260484764,0.000000000
8030,2020-11-30 14:00:00,0.000000000,0.191718412,0.230292206,0.233958415,0.242288742,0.260443946,0.042966111
8031,2020-11-30 15:00:00,0.000000000,0.191717370,0.230298086,0.233964784,0.242296341,0.260454891,1.235145055
8032,2020-11-30 16:00:00,0.000000000,0.191640746,0.230728205,0.234430765,0.242852813,0.261258048,0.860139301
8033,2020-11-30 17:00:00,0.000000000,0.191588524,0.231019082,0.234746060,0.243229823,0.261804007,2.485169011
8034,2020-11-30 18:00:00,0.000000000,0.191441854,0.231826422,0.235621878,0.244279156,0.263331442,6.833639600
8035,2020-11-30 19:00:00,0.000000000,0.191084871,0.233734294,0.237695762,0.246776384,0.267014630,7.060256303
8036,2020-11-30 20:00:00,0.000000000,0.190720826,0.235601123,0.239730868,0.249244518,0.270725133,7.469417596
8037,2020-11-30 21:00:00,0.000000000,0.190338437,0.237482159,0.241787476,0.251757153,0.274579146,4.822587334
8038,2020-11-30 22:00:00,0.000000000,0.190084318,0.238689658,0.243110947,0.253384226,0.277118590,5.108549385
8039,2020-11-30 23:00:00,0.000000000,0.189818695,0.239917389,0.244459271,0.255050270,0.279756443,2.639098693
8040,2020-12-01 00:00:00,0.000000000,0.189696449,0.240471030,0.245068190,0.255805519,0.280965236,10.577886496
8041,2020-12-01 01:00:00,0.000000000,0.189191164,0.242686956,0.247511066,0.258853757,0.285930866,2.861983648
8042,2020-12-01 02:00:00,0.000000000,0.189068645,0.243207396,0.248086155,0.259575721,0.287128253,0.838688095
8043,2020-12-01 03:00:00,0.000000000,0.189086220,0.243133131,0.248004061,0.259472557,0.286956636,0.659374405
8044,2020-12-01 04:00:00,0.000000000,0.189116451,0.243005084,0.247862538,0.259294792,0.286661327,0.041184352
8045,2020-12-01 05:00:00,0.000000000,0.189192517,0.242681174,0.247504681,0.258845750,0.285917634,0.043385097
8046,2020-12-01 06:00:00,0.000000000,0.189265880,0.242366418,0.247157129,0.258410263,0.285199472,0.038219274
8047,2020-12-01 07:00:00,0.000000000,0.189337207,0.242058159,0.246816932,0.257984585,0.284500380,0.037790270
8048,2020-12-01 08:00:00,0.000000000,0.189406207,0.241757827,0.246485657,0.257570627,0.283823249,0.037794126
8049,2020-12-01 09:00:00,0.000000000,0.189472931,0.241465383,0.246163246,0.257168272,0.283167628,0.033465774
8050,2020-12-01 10:00:00,0.000000000,0.189537792,0.241179192,0.245847883,0.256775211,0.282529534,0.028149109
8051,2020-12-01 11:00:00,0.000000000,0.189600928,0.240898772,0.245539027,0.256390736,0.281907629,0.028135798
8052,2020-12-01 12:00:00,0.000000000,0.189662002,0.240625772,0.245238483,0.256017057,0.281305299,0.000000000
8053,2020-12-01 13:00:00,0.000000000,0.189726706,0.240334652,0.244918143,0.255619248,0.280666336,0.000000000
8054,2020-12-01 14:00:00,0.000000000,0.189794116,0.240029275,0.244582283,0.255202698,0.279999743,0.000000000
8055,2020-12-01 15:00:00,0.000000000,0.189860212,0.239727753,0.244250829,0.254792146,0.279345195,0.000000000
8056,2020-12-01 16:00:00,0.000000000,0.189929773,0.239408156,0.243899688,0.254357781,0.278655293,0.000000000
8057,2020-12-01 17:00:00,0.000000000,0.190003763,0.239065635,0.243523565,0.253893161,0.277920275,0.000000000
8058,2020-12-01 18:00:00,0.000000000,0.190080210,0.238708909,0.243132068,0.253410257,0.277159509,0.000000000
8059,2020-12-01 19:00:00,0.000000000,0.190154912,0.238357509,0.242746640,0.252935539,0.276414754,0.000000000
8060,2020-12-01 20:00:00,0.000000000,0.190223293,0.238033374,0.242391311,0.252498505,0.275731814,0.000000000
8061,2020-12-01 21:00:00,0.000000000,0.190278596,0.237769485,0.242102164,0.252143299,0.275178626,0.000000000
8062,2020-12-01 22:00:00,0.000000000,0.190329297,0.237526168,0.241835667,0.251816257,0.274670776,0.000000000
8063,2020-12-01 23:00:00,0.000000000,0.190376879,0.237296597,0.241584321,0.251508106,0.274193545,0.000000000
8064,2020-12-02 00:00:00,0.000000000,0.190424747,0.237064449,0.241330248,0.251196901,0.273712837,0.000000000
8065,2020-12-02 01:00:00,0.000000000,0.190469654,0.236845555,0.241090767,0.250903837,0.273261293,0.000000000
8066,2020-12-02 02:00:00,0.000000000,0.190513018,0.236633162,0.240858477,0.250619820,0.272824737,0.000000000
8067,2020-12-02 03:00:00,0.000000000,0.190555361,0.236424789,0.240630660,0.250341506,0.272397940,0.000000000
8068,2020-12-02 04:00:00,0.000000000,0.190596591,0.236220962,0.240407885,0.250069575,0.271981874,0.000000000
8069,2020-12-02 05:00:00,0.000000000,0.190636081,0.236024862,0.240193625,0.249808245,0.271582900,0.000000000
8070,2020-12-02 06:00:00,0.000000000,0.190672689,0.235842303,0.239994218,0.249565214,0.271212622,0.000000000
8071,2020-12-02 07:00:00,0.000000000,0.190706400,0.235673537,0.239809928,0.249340763,0.270871302,0.000000000
8072,2020-12-02 08:00:00,0.000000000,0.190739196,0.235508741,0.239630021,0.249121792,0.270538910,0.000000000
8073,2020-12-02 09:00:00,0.000000000,0.190770168,0.235352559,0.239459559,0.248914449,0.270224707,0.000000000
8074,2020-12-02 10:00:00,0.000000000,0.190798913,0.235207123,0.239300864,0.248721531,0.269932834,0.000000000
8075,2020-12-02 11:00:00,0.000000000,0.190826431,0.235067452,0.239148492,0.248536404,0.269653169,0.000000000
8076,2020-12-02 12:00:00,0.000000000,0.190853208,0.234931128,0.238999804,0.248355849,0.269380807,0.000000000
8077,2020-12-02 13:00:00,0.000000000,0.190880955,0.234789430,0.238845288,0.248168318,0.269098334,0.000000000
8078,2020-12-02 14:00:00,0.000000000,0.190909493,0.234643228,0.238685896,0.247974977,0.268807548,0.000000000
8079,2020-12-02 15:00:00,0.000000000,0.190939344,0.234489796,0.238518660,0.247772240,0.268503103,0.000000000
8080,2020-12-02 16:00:00,0.000000000,0.190969529,0.234334118,0.238349016,0.247566704,0.268194950,0.000000000
8081,2020-12-02 17:00:00,0.000000000,0.190999947,0.234176699,0.238177518,0.247359047,0.267884118,0.000000000
8082,2020-12-02 18:00:00,0.000000000,0.191030494,0.234018060,0.238004730,0.247149955,0.267571647,0.000000000
8083,2020-12-02 19:00:00,0.000000000,0.191060336,0.233862549,0.237835391,0.246945159,0.267266084,0.000000000
8084,2020-12-02 20:00:00,0.000000000,0.191091649,0.233698801,0.237657126,0.246729697,0.266945131,0.000000000
8085,2020-12-02 21:00:00,0.000000000,0.191114535,0.233578744,0.237526454,0.246571846,0.266710330,0.000000000
8086,2020-12-02 22:00:00,0.000000000,0.191135651,0.233467699,0.237405611,0.246425931,0.266493538,0.000000000
8087,2020-12-02 23:00:00,0.000000000,0.191155363,0.233363790,0.237292553,0.246289472,0.266291013,0.000000000
8088,2020-12-03 00:00:00,0.000000000,0.191174325,0.233263608,0.237183566,0.246157977,0.266096056,0.000000000
8089,2020-12-03 01:00:00,0.000000000,0.191192596,0.233166874,0.237078347,0.246031074,0.265908092,0.000000000
8090,2020-12-03 02:00:00,0.000000000,0.191210069,0.233074173,0.236977528,0.245909523,0.265728224,0.000000000
8091,2020-12-03 03:00:00,0.000000000,0.191226764,0.232985420,0.236881016,0.245793203,0.265556252,0.000000000
8092,2020-12-03 04:00:00,0.000000000,0.191242454,0.232901858,0.236790161,0.245683736,0.265394549,0.000000000
8093,2020-12-03 05:00:00,0.000000000,0.191257875,0.232819577,0.236700710,0.245575995,0.265235526,0.000000000
8094,2020-12-03 06:00:00,0.000000000,0.191272555,0.232741114,0.236615419,0.245473295,0.265084065,0.000000000
8095,2020-12-03 07:00:00,0.000000000,0.191285743,0.232670511,0.236538682,0.245380920,0.264947930,0.000000000
8096,2020-12-03 08:00:00,0.000000000,0.191298155,0.232603960,0.236466356,0.245293879,0.264819741,0.000000000
8097,2020-12-03 09:00:00,0.000000000,0.191310134,0.232539642,0.236396464,0.245209785,0.264695974,0.000000000
8098,2020-12-03 10:00:00,0.000000000,0.191319997,0.232486618,0.236338849,0.245140480,0.264594030,0.000000000
8099,2020-12-03 11:00:00,0.000000000,0.191329569,0.232435099,0.236282874,0.245073158,0.264495054,0.000000000
8100,2020-12-03 12:00:00,0.000000000,0.191338860,0.232385041,0.236228490,0.245007765,0.264398961,0.000000000
8101,2020-12-03 13:00:00,0.000000000,0.191347877,0.232336404,0.236175655,0.244944243,0.264305663,0.000000000
8102,2020-12-03 14:00:00,0.000000000,0.191364703,0.232245506,0.236076920,0.244825571,0.264131480,0.000000000
8103,2020-12-03 15:00:00,0.000000000,0.191385821,0.232131174,0.235952750,0.244676385,0.263912727,0.000000000
8104,2020-12-03 16:00:00,0.000000000,0.191410296,0.231998305,0.235808474,0.244503119,0.263658969,0.000000000
8105,2020-12-03 17:00:00,0.000000000,0.191437008,0.231852859,0.235650575,0.244313590,0.263381764,0.000000000
8106,2020-12-03 18:00:00,0.000000000,0.191463868,0.231706140,0.235491327,0.244122545,0.263102732,0.000000000
8107,2020-12-03 19:00:00,0.000000000,0.191490071,0.231562565,0.235335526,0.243935733,0.262830261,0.000000000
8108,2020-12-03 20:00:00,0.000000000,0.191513194,0.231435491,0.235197658,0.243770507,0.262589583,0.000000000
8109,2020-12-03 21:00:00,0.000000000,0.191519722,0.231399556,0.235158675,0.243723801,0.262521601,0.000000000
8110,2020-12-03 22:00:00,0.000000000,0.191527492,0.231356740,0.235112230,0.243668164,0.262440650,0.000000000
8111,2020-12-03 23:00:00,0.000000000,0.191535141,0.231314559,0.235066478,0.243613365,0.262360949,0.000000000
8112,2020-12-04 00:00:00,0.000000000,0.191542128,0.231275993,0.235024648,0.243563271,0.262288120,0.000000000
8113,2020-12-04 01:00:00,0.000000000,0.191548795,0.231239165,0.234984707,0.243515445,0.262218613,0.001813185
8114,2020-12-04 02:00:00,0.000000000,0.191551567,0.231223840,0.234968086,0.243495546,0.262189699,0.000690624
8115,2020-12-04 03:00:00,0.000000000,0.191554333,0.231208546,0.234951501,0.243475689,0.262160852,0.000000000
8116,2020-12-04 04:00:00,0.000000000,0.191559164,0.231181822,0.234922519,0.243440995,0.262110459,0.000000000
8117,2020-12-04 05:00:00,0.000000000,0.191565008,0.231149479,0.234887447,0.243399013,0.262049498,0.000000000
8118,2020-12-04 06:00:00,0.000000000,0.191571482,0.231113614,0.234848555,0.243352466,0.261981929,0.000000000
8119,2020-12-04 07:00:00,0.000000000,0.191574074,0.231099249,0.234832980,0.243333826,0.261954878,0.000000000
8120,2020-12-04 08:00:00,0.000000000,0.191576381,0.231086461,0.234819113,0.243317233,0.261930799,0.000000000
8121,2020-12-04 09:00:00,0.000000000,0.191579026,0.231071794,0.234803211,0.243298203,0.261903189,0.000000000
8122,2020-12-04 10:00:00,0.000000000,0.191581490,0.231058125,0.234788390,0.243280469,0.261877462,0.000000000
8123,2020-12-04 11:00:00,0.000000000,0.191583911,0.231044689,0.234773822,0.243263038,0.261852178,0.000477412
8124,2020-12-04 12:00:00,0.000000000,0.191585757,0.231034446,0.234762717,0.243249752,0.261832908,0.000000000
8125,2020-12-04 13:00:00,0.000000000,0.191591394,0.231003147,0.234728783,0.243209154,0.261774038,0.000000000
8126,2020-12-04 14:00:00,0.000000000,0.191601017,0.230949660,0.234670797,0.243139793,0.261673497,0.000000000
8127,2020-12-04 15:00:00,0.000000000,0.191612951,0.230883250,0.234598808,0.243053699,0.261548773,0.000000000
8128,2020-12-04 16:00:00,0.000000000,0.191627701,0.230801036,0.234509697,0.242947158,0.261394533,0.000000000
8129,2020-12-04 17:00:00,0.000000000,0.191644961,0.230704646,0.234405233,0.242822301,0.261213928,0.000000000
8130,2020-12-04 18:00:00,0.000000000,0.191666155,0.230586011,0.234276683,0.242668715,0.260991987,0.000000000
8131,2020-12-04 19:00:00,0.000000000,0.191689081,0.230457344,0.234137287,0.242502243,0.260751700,0.000000000
8132,2020-12-04 20:00:00,0.000000000,0.191708635,0.230347316,0.234018104,0.242359972,0.260546570,0.000000000
8133,2020-12-04 21:00:00,0.000000000,0.191717346,0.230298223,0.233964932,0.242296518,0.260455147,0.000000000
8134,2020-12-04 22:00:00,0.000000000,0.191723664,0.230262576,0.233926326,0.242250454,0.260388804,0.081496288
8135,2020-12-04 23:00:00,0.000000000,0.191722484,0.230269238,0.233933541,0.242259062,0.260401200,0.490250579
8136,2020-12-05 00:00:00,0.000000000,0.191692152,0.230440083,0.234118588,0.242479918,0.260719498,1.096018559
8137,2020-12-05 01:00:00,0.000000000,0.191624235,0.230820370,0.234530652,0.242972209,0.261430789,0.795492645
8138,2020-12-05 02:00:00,0.000000000,0.191575976,0.231088704,0.234821546,0.243320143,0.261935023,0.396074546
8139,2020-12-05 03:00:00,0.000000000,0.191554101,0.231209828,0.234952891,0.243477353,0.262163270,0.294567417
8140,2020-12-05 04:00:00,0.000000000,0.191539124,0.231292578,0.235042636,0.243584812,0.262319434,0.000000000
8141,2020-12-05 05:00:00,0.000000000,0.191543030,0.231271010,0.235019244,0.243556800,0.262278714,0.306301467
8142,2020-12-05 06:00:00,0.000000000,0.191526796,0.231360577,0.235116393,0.243673150,0.262447903,0.296569885
8143,2020-12-05 07:00:00,0.000000000,0.191511477,0.231444940,0.235207908,0.243782788,0.262607462,0.197701682
8144,2020-12-05 08:00:00,0.000000000,0.191502783,0.231492750,0.235259778,0.243844944,0.262697976,0.597982131
8145,2020-12-05 09:00:00,0.000000000,0.191468649,0.231679975,0.235462932,0.244088490,0.263053035,2.172833229
8146,2020-12-05 10:00:00,0.000000000,0.191340850,0.232374308,0.236216831,0.244993746,0.264378366,4.084128159
8147,2020-12-05 11:00:00,0.000000000,0.191112597,0.233588924,0.237537533,0.246585226,0.266730223,4.096519706
8148,2020-12-05 12:00:00,0.000000000,0.190886593,0.234760580,0.238813832,0.248130155,0.269040901,3.881133443
8149,2020-12-05 13:00:00,0.000000000,0.190675977,0.235825870,0.239976272,0.249543350,0.271179347,3.286876972
8150,2020-12-05 14:00:00,0.000000000,0.190502040,0.236687025,0.240917378,0.250691815,0.272935302,3.683375780
8151,2020-12-05 15:00:00,0.000000000,0.190309683,0.237620455,0.241938924,0.251942935,0.274867321,4.265564030
8152,2020-12-05 16:00:00,0.000000000,0.190088832,0.238668491,0.243087725,0.253355606,0.277073613,2.975902635
8153,2020-12-05 17:00:00,0.000000000,0.189944863,0.239338519,0.243823202,0.254263244,0.278505493,5.883331096
8154,2020-12-05 18:00:00,2.159601450,0.189645358,0.240700339,0.245320560,0.256119063,0.281469516,0.000000000
8155,2020-12-05 19:00:00,2.545245886,0.189712142,0.240400350,0.244990421,0.255708962,0.280810233,2.159601650
8156,2020-12-05 20:00:00,3.818951368,0.189625912,0.240787301,0.245416293,0.256238082,0.281661317,1.022851870
8157,2020-12-05 21:00:00,5.799295425,0.189614200,0.240839595,0.245473867,0.256309683,0.281776805,0.000000000
8158,2020-12-05 22:00:00,7.319767475,0.189676957,0.240558660,0.245164621,0.255925288,0.281157693,0.000000000
8159,2020-12-05 23:00:00,7.089167595,0.189737662,0.240285167,0.244863707,0.255551697,0.280558064,1.237217612
8160,2020-12-06 00:00:00,5.029174328,0.189708099,0.240418572,0.245010470,0.255733851,0.280850175,2.944711355
8161,2020-12-06 01:00:00,2.158580780,0.189569518,0.241038510,0.245692916,0.256582245,0.282217126,3.589616745
8162,2020-12-06 02:00:00,0.242684469,0.189395282,0.241805520,0.246538253,0.257636313,0.283930518,2.291596570
8163,2020-12-06 03:00:00,0.186510652,0.189304403,0.242200207,0.246973675,0.258180640,0.284822008,0.168080219
8164,2020-12-06 04:00:00,0.159450650,0.189364559,0.241939355,0.246685867,0.257820741,0.284232056,0.122730395
8165,2020-12-06 05:00:00,0.115941942,0.189426198,0.241670419,0.246389275,0.257450293,0.283626909,0.000000000
8166,2020-12-06 06:00:00,0.040696912,0.189495141,0.241367600,0.246055477,0.257033897,0.282949220,0.115941944
8167,2020-12-06 07:00:00,0.037289560,0.189556509,0.241096248,0.245756513,0.256661422,0.282345244,0.040696915
8168,2020-12-06 08:00:00,0.031448692,0.189621790,0.240805712,0.245436562,0.256263287,0.281701963,0.037289563
8169,2020-12-06 09:00:00,0.024638368,0.189685229,0.240521493,0.245123719,0.255874482,0.281076028,0.031448693
8170,2020-12-06 10:00:00,0.019074365,0.189746973,0.240243065,0.244817396,0.255494240,0.280466025,0.024638370
8171,2020-12-06 11:00:00,0.017402459,0.189807005,0.239970640,0.244517814,0.255122803,0.279872176,0.019074366
8172,2020-12-06 12:00:00,0.015027880,0.189865707,0.239702588,0.244223174,0.254757915,0.279290728,0.017402459
8173,2020-12-06 13:00:00,0.021798661,0.189925574,0.239427514,0.243920952,0.254384067,0.278696968,0.015027880
8174,2020-12-06 14:00:00,0.017946575,0.189985590,0.239150008,0.243616196,0.254007524,0.278100916,0.021798662
8175,2020-12-06 15:00:00,0.012817129,0.190045745,0.238870089,0.243308931,0.253628325,0.277502654,0.017946575
8176,2020-12-06 16:00:00,0.008086587,0.190106107,0.238587407,0.242998776,0.253246007,0.276901481,0.012817129
8177,2020-12-06 17:00:00,0.004559459,0.190166328,0.238303560,0.242687486,0.252862743,0.276300819,0.008086588
8178,2020-12-06 18:00:00,0.002173653,0.190225904,0.238020951,0.242377696,0.252481771,0.275705715,0.004559459
8179,2020-12-06 19:00:00,0.000948649,0.190283626,0.237745406,0.242075787,0.252110915,0.275128275,0.002173653
8180,2020-12-06 20:00:00,0.000375756,0.190337696,0.237485731,0.241791388,0.251761950,0.274586581,0.000948649
8181,2020-12-06 21:00:00,0.000084585,0.190384352,0.237260434,0.241544736,0.251459601,0.274118538,0.000375756
8182,2020-12-06 22:00:00,0.000246982,0.190428163,0.237047835,0.241312068,0.251174645,0.273678507,0.000084585
8183,2020-12-06 23:00:00,0.000416110,0.190470172,0.236843022,0.241087996,0.250900448,0.273256078,0.000246982
8184,2020-12-07 00:00:00,0.000504941,0.190510071,0.236647626,0.240874293,0.250639151,0.272854417,0.000416110
8185,2020-12-07 01:00:00,0.000785425,0.190548035,0.236460913,0.240670149,0.250389732,0.272471824,0.000000000
8186,2020-12-07 02:00:00,0.000556244,0.190580979,0.236298253,0.240492353,0.250172655,0.272139481,0.000000000
8187,2020-12-07 03:00:00,0.000978741,0.190612900,0.236140075,0.240319500,0.249961749,0.271817151,0.000000000
8188,2020-12-07 04:00:00,0.000855401,0.190643834,0.235986262,0.240151458,0.249756839,0.271504516,0.000000000
8189,2020-12-07 05:00:00,0.001201510,0.190673811,0.235836698,0.239988097,0.249557757,0.271201272,0.000000000
8190,2020-12-07 06:00:00,0.002474395,0.190702864,0.235691271,0.239829292,0.249364339,0.270907124,0.000000000
8191,2020-12-07 07:00:00,0.001576499,0.190731022,0.235549872,0.239674919,0.249176425,0.270621787,0.000000000
8192,2020-12-07 08:00:00,0.001976726,0.190758315,0.235412393,0.239524858,0.248993861,0.270344986,0.000000000
8193,2020-12-07 09:00:00,0.002273697,0.190784772,0.235278730,0.239378994,0.248816496,0.270076455,0.000000000
8194,2020-12-07 10:00:00,0.002091309,0.190810418,0.235148780,0.239237211,0.248644183,0.269815937,0.000000000
8195,2020-12-07 11:00:00,0.001346354,0.190835280,0.235022445,0.239099399,0.248476779,0.269563183,0.000000000
8196,2020-12-07 12:00:00,0.002537917,0.190859384,0.234899627,0.238965450,0.248314147,0.269317955,0.001346354
8197,2020-12-07 13:00:00,0.011554397,0.190882660,0.234780707,0.238835777,0.248156779,0.269080967,0.002537917
8198,2020-12-07 14:00:00,0.014115904,0.190905146,0.234665527,0.238710204,0.248004456,0.268851855,0.011554397
8199,2020-12-07 15:00:00,0.013341977,0.190926330,0.234556753,0.238591636,0.247860692,0.268635870,0.014115905
8200,2020-12-07 16:00:00,0.009562759,0.190946696,0.234451928,0.238477391,0.247722228,0.268428077,0.013341978
8201,2020-12-07 17:00:00,0.006212147,0.190979556,0.234282288,0.238292546,0.247498314,0.268092525,0.009562759
8202,2020-12-07 18:00:00,0.003040802,0.191013142,0.234108239,0.238102947,0.247268792,0.267749177,0.006212148
8203,2020-12-07 19:00:00,0.001656215,0.191047427,0.233929883,0.237908707,0.247033811,0.267398297,0.003040802
8204,2020-12-07 20:00:00,0.000692200,0.191079198,0.233763983,0.237728082,0.246815443,0.267072794,0.001656215
8205,2020-12-07 21:00:00,0.000147864,0.191101407,0.233647648,0.237601447,0.246662429,0.266845036,0.000692200
8206,2020-12-07 22:00:00,0.000127313,0.191122104,0.233538974,0.237483172,0.246519577,0.266632645,0.000147864
8207,2020-12-07 23:00:00,0.000268430,0.191140486,0.233442232,0.237377900,0.246392479,0.266443872,0.000000000
8208,2020-12-08 00:00:00,0.000236758,0.191158175,0.233348943,0.237276400,0.246269979,0.266262102,0.000000000
8209,2020-12-08 01:00:00,0.000545229,0.191172543,0.233273032,0.237193818,0.246170343,0.266114383,0.000000000
8210,2020-12-08 02:00:00,0.000626513,0.191186483,0.233199262,0.237113574,0.246073556,0.265970994,0.000000000
8211,2020-12-08 03:00:00,0.000999637,0.191200008,0.233127574,0.237035604,0.245979536,0.265831807,0.000000000
8212,2020-12-08 04:00:00,0.001116496,0.191213130,0.233057911,0.236959843,0.245888205,0.265696695,0.000000000
8213,2020-12-08 05:00:00,0.000840434,0.191225863,0.232990215,0.236886230,0.245799486,0.265565538,0.000000000
8214,2020-12-08 06:00:00,0.000996729,0.191238218,0.232924433,0.236814706,0.245713305,0.265438216,0.000000000
8215,2020-12-08 07:00:00,0.001149879,0.191250206,0.232860511,0.236745210,0.245629590,0.265314615,0.000000000
8216,2020-12-08 08:00:00,0.001515945,0.191261840,0.232798398,0.236677687,0.245548270,0.265194626,0.000000000
8217,2020-12-08 09:00:00,0.000880585,0.191273129,0.232738043,0.236612081,0.245469276,0.265078141,0.000000000
8218,2020-12-08 10:00:00,0.001276803,0.191284084,0.232679396,0.236548339,0.245392544,0.264965055,0.000000000
8219,2020-12-08 11:00:00,0.001582542,0.191294716,0.232622411,0.236486407,0.245318007,0.264855268,0.000000000
8220,2020-12-08 12:00:00,0.001549724,0.191305033,0.232567040,0.236426236,0.245245604,0.264748682,0.000000000
8221,2020-12-08 13:00:00,0.002486042,0.191315047,0.232513240,0.236367775,0.245175273,0.264645202,0.000000000
8222,2020-12-08 14:00:00,0.002338021,0.191324765,0.232460965,0.236310976,0.245106956,0.264544736,0.000000000
8223,2020-12-08 15:00:00,0.001796284,0.191334197,0.232410173,0.236255793,0.245040594,0.264447196,0.002338021
8224,2020-12-08 16:00:00,0.001706369,0.191343195,0.232361663,0.236203094,0.244977230,0.264354107,0.001796284
8225,2020-12-08 17:00:00,0.001264698,0.191351965,0.232314335,0.236151682,0.244915427,0.264263352,0.001706369
8226,2020-12-08 18:00:00,0.000918586,0.191360483,0.232268319,0.236101699,0.244855351,0.264175175,0.001264698
8227,2020-12-08 19:00:00,0.000590559,0.191368781,0.232223452,0.236052967,0.244796788,0.264089256,0.000918586
8228,2020-12-08 20:00:00,0.000422443,0.191376858,0.232179736,0.236005488,0.244739740,0.264005595,0.000000000
8229,2020-12-08 21:00:00,0.000117606,0.191384759,0.232136931,0.235959002,0.244683894,0.263923733,0.000000000
8230,2020-12-08 22:00:00,0.000134292,0.191392428,0.232095344,0.235913841,0.244629649,0.263844248,0.000000000
8231,2020-12-08 23:00:00,0.000149381,0.191399872,0.232054939,0.235869967,0.244576957,0.263767070,0.000000000
8232,2020-12-09 00:00:00,0.000186021,0.191407099,0.232015684,0.235827344,0.244525775,0.263692132,0.000000000
8233,2020-12-09 01:00:00,0.000176372,0.191414114,0.231977546,0.235785935,0.244476059,0.263619368,0.000000000
8234,2020-12-09 02:00:00,0.000125282,0.191420924,0.231940493,0.235745708,0.244427768,0.263548715,0.000000000
8235,2020-12-09 03:00:00,0.000127014,0.191427534,0.231904495,0.235706628,0.244380860,0.263480110,0.000000000
8236,2020-12-09 04:00:00,0.000084702,0.191433952,0.231869523,0.235668663,0.244335297,0.263413493,0.000000000
8237,2020-12-09 05:00:00,0.000256422,0.191440182,0.231835546,0.235631782,0.244291039,0.263348807,0.000000000
8238,2020-12-09 06:00:00,0.000100746,0.191446230,0.231802538,0.235595953,0.244248050,0.263285995,0.000000000
8239,2020-12-09 07:00:00,0.000179625,0.191452102,0.231770470,0.235561146,0.244206293,0.263225002,0.000000000
8240,2020-12-09 08:00:00,0.000226419,0.191457802,0.231739317,0.235527334,0.244165732,0.263165775,0.000000000
8241,2020-12-09 09:00:00,0.000419018,0.191463336,0.231709051,0.235494486,0.244126334,0.263108263,0.000000000
8242,2020-12-09 10:00:00,0.000252668,0.191468709,0.231679648,0.235462577,0.244088065,0.263052415,0.000000000
8243,2020-12-09 11:00:00,0.000299308,0.191473926,0.231651085,0.235431579,0.244050894,0.262998183,0.000000000
8244,2020-12-09 12:00:00,0.000352177,0.191478990,0.231623335,0.235401467,0.244014787,0.262945519,0.000000000
8245,2020-12-09 13:00:00,0.000820647,0.191483907,0.231596378,0.235372215,0.243979716,0.262894379,0.000352177
8246,2020-12-09 14:00:00,0.001467328,0.191488658,0.231570317,0.235343937,0.243945816,0.262844958,0.000820647
8247,2020-12-09 15:00:00,0.001530585,0.191493240,0.231545169,0.235316651,0.243913108,0.262797287,0.001467328
8248,2020-12-09 16:00:00,0.001341329,0.191497646,0.231520973,0.235290398,0.243881642,0.262751437,0.001530585
8249,2020-12-09 17:00:00,0.000845477,0.191501920,0.231497491,0.235264921,0.243851107,0.262706954,0.001341329
8250,2020-12-09 18:00:00,0.000386922,0.191506082,0.231474610,0.235240097,0.243821359,0.262663627,0.000845477
8251,2020-12-09 19:00:00,0.000267569,0.191512246,0.231440709,0.235203319,0.243777289,0.262599457,0.000386922
8252,2020-12-09 20:00:00,0.000183083,0.191519664,0.231399872,0.235159017,0.243724211,0.262522198,0.000267569
8253,2020-12-09 21:00:00,0.000023411,0.191524732,0.231371954,0.235128733,0.243687932,0.262469408,0.000183083
8254,2020-12-09 22:00:00,0.000022788,0.191528960,0.231348648,0.235103453,0.243657651,0.262425357,0.000023411
8255,2020-12-09 23:00:00,0.000020785,0.191533151,0.231325537,0.235078385,0.243627625,0.262381686,0.000022788
8256,2020-12-10 00:00:00,0.000016314,0.191537407,0.231302053,0.235052913,0.243597119,0.262337327,0.000020785
8257,2020-12-10 01:00:00,0.000018401,0.191541366,0.231280202,0.235029214,0.243568738,0.262296067,0.000016314
8258,2020-12-10 02:00:00,0.000011447,0.191545327,0.231258322,0.235005483,0.243540322,0.262254764,0.000000000
8259,2020-12-10 03:00:00,0.000011314,0.191548896,0.231238604,0.234984098,0.243514717,0.262217554,0.000011447
8260,2020-12-10 04:00:00,0.000009898,0.191551784,0.231222642,0.234966788,0.243493991,0.262187440,0.000011314
8261,2020-12-10 05:00:00,0.000007651,0.191554588,0.231207137,0.234949972,0.243473860,0.262158195,0.000000000
8262,2020-12-10 06:00:00,0.000006479,0.191557312,0.231192072,0.234933634,0.243454301,0.262129784,0.000000000
8263,2020-12-10 07:00:00,0.000006260,0.191559957,0.231177437,0.234917764,0.243435303,0.262102192,0.000000000
8264,2020-12-10 08:00:00,0.002549927,0.191562525,0.231163221,0.234902348,0.243416850,0.262075396,0.000000000
8265,2020-12-10 09:00:00,0.000005540,0.191565020,0.231149412,0.234887374,0.243398926,0.262049371,0.000000000
8266,2020-12-10 10:00:00,0.000005750,0.191567442,0.231135998,0.234872828,0.243381516,0.262024096,0.000000000
8267,2020-12-10 11:00:00,0.000005386,0.191569794,0.231122968,0.234858699,0.243364606,0.261999550,0.000000000
8268,2020-12-10 12:00:00,0.000003829,0.191572078,0.231110312,0.234844975,0.243348181,0.261975710,0.000005386
8269,2020-12-10 13:00:00,0.000015248,0.191574296,0.231098019,0.234831646,0.243332230,0.261952561,0.000003829
8270,2020-12-10 14:00:00,0.000015674,0.191581373,0.231058776,0.234789096,0.243281314,0.261878687,0.000015248
8271,2020-12-10 15:00:00,0.000011331,0.191594253,0.230987262,0.234711561,0.243188553,0.261744170,0.000015674
8272,2020-12-10 16:00:00,0.000005869,0.191611149,0.230893283,0.234609683,0.243066704,0.261567608,0.000011331
8273,2020-12-10 17:00:00,0.000002460,0.191629847,0.230789060,0.234496717,0.242931642,0.261372082,0.000005869
8274,2020-12-10 18:00:00,0.000000000,0.191649041,0.230681834,0.234380513,0.242792762,0.261171223,0.000002460
8275,2020-12-10 19:00:00,0.000000000,0.191668301,0.230573983,0.234263651,0.242653148,0.260969505,0.000000000
8276,2020-12-10 20:00:00,0.000000000,0.191684472,0.230483243,0.234165342,0.242535742,0.260800030,0.000000000
8277,2020-12-10 21:00:00,0.000000000,0.191692229,0.230439647,0.234118115,0.242479354,0.260718683,0.000000000
8278,2020-12-10 22:00:00,0.000000000,0.191697820,0.230408203,0.234084054,0.242438691,0.260660043,0.000000000
8279,2020-12-10 23:00:00,0.000000000,0.191700478,0.230393249,0.234067856,0.242419355,0.260632164,0.000000000
8280,2020-12-11 00:00:00,0.000000000,0.191702669,0.230380918,0.234054499,0.242403412,0.260609180,0.000000000
8281,2020-12-11 01:00:00,0.000000000,0.191704076,0.230372996,0.234045918,0.242393170,0.260594417,0.000000000
8282,2020-12-11 02:00:00,0.000000000,0.191705524,0.230364838,0.234037082,0.242382624,0.260579215,0.000000000
8283,2020-12-11 03:00:00,0.000000000,0.191706614,0.230358702,0.234030435,0.242374690,0.260567781,0.000000000
8284,2020-12-11 04:00:00,0.000000000,0.191707295,0.230354870,0.234026285,0.242369737,0.260560642,0.000000000
8285,2020-12-11 05:00:00,0.000000000,0.191707295,0.230354870,0.234026285,0.242369737,0.260560642,0.000000000
8286,2020-12-11 06:00:00,0.000000000,0.191707295,0.230354870,0.234026285,0.242369737,0.260560642,0.000000000
8287,2020-12-11 07:00:00,0.000000000,0.191707295,0.230354870,0.234026285,0.242369737,0.260560642,0.000000000
8288,2020-12-11 08:00:00,0.000000000,0.191707295,0.230354870,0.234026285,0.242369737,0.260560642,0.000000000
8289,2020-12-11 09:00:00,0.000000000,0.191707295,0.230354870,0.234026285,0.242369737,0.260560642,0.000000000
8290,2020-12-11 10:00:00,0.000000000,0.191707295,0.230354870,0.234026285,0.242369737,0.260560642,0.000000000
8291,2020-12-11 11:00:00,0.000000000,0.191707295,0.230354870,0.234026285,0.242369737,0.260560642,0.000000000
8292,2020-12-11 12:00:00,0.000000000,0.191707295,0.230354870,0.234026285,0.242369737,0.260560642,0.000000000
8293,2020-12-11 13:00:00,0.000000000,0.191707295,0.230354870,0.234026285,0.242369737,0.260560642,0.000000000
8294,2020-12-11 14:00:00,0.000000000,0.191707295,0.230354870,0.234026285,0.242369737,0.260560642,0.000000000
8295,2020-12-11 15:00:00,0.000000000,0.191714826,0.230312427,0.233980316,0.242314875,0.260481591,0.000000000
8296,2020-12-11 16:00:00,0.000000000,0.191727116,0.230243091,0.233905224,0.242225276,0.260352553,0.000000000
8297,2020-12-11 17:00:00,0.000000000,0.191745414,0.230139666,0.233793228,0.242091685,0.260160309,0.000000000
8298,2020-12-11 18:00:00,0.000000000,0.191764228,0.230033083,0.233677831,0.241954087,0.259962489,0.000000000
8299,2020-12-11 19:00:00,0.000000000,0.191782946,0.229926803,0.233562778,0.241816952,0.259765525,0.000000000
8300,2020-12-11 20:00:00,0.000000000,0.191798282,0.229839548,0.233468334,0.241704420,0.259604039,0.000000000
8301,2020-12-11 21:00:00,0.000000000,0.191803253,0.229811232,0.233437688,0.241667912,0.259551677,0.000000000
8302,2020-12-11 22:00:00,0.000000000,0.191806956,0.229790126,0.233414845,0.241640702,0.259512660,0.000000000
8303,2020-12-11 23:00:00,0.000000000,0.191808256,0.229782709,0.233406819,0.241631142,0.259498953,0.000000000
8304,2020-12-12 00:00:00,0.000000000,0.191808849,0.229779329,0.233403161,0.241626785,0.259492707,0.000000000
8305,2020-12-12 01:00:00,0.000000000,0.191808918,0.229778937,0.233402737,0.241626280,0.259491982,0.006789964
8306,2020-12-12 02:00:00,0.000000000,0.191808470,0.229781492,0.233405501,0.241629573,0.259496703,0.004335774
8307,2020-12-12 03:00:00,0.000000000,0.191808184,0.229783123,0.233407267,0.241631675,0.259499718,0.000000000
8308,2020-12-12 04:00:00,0.000000000,0.191808250,0.229783123,0.233407267,0.241631675,0.259499718,0.015830586
8309,2020-12-12 05:00:00,0.000000000,0.191807151,0.229789014,0.233413642,0.241639269,0.259510605,0.011038292
8310,2020-12-12 06:00:00,0.000000000,0.191806422,0.229793166,0.233418135,0.241644621,0.259518279,0.000000000
8311,2020-12-12 07:00:00,0.000000000,0.191806575,0.229792298,0.233417196,0.241643503,0.259516675,0.008511771
8312,2020-12-12 08:00:00,0.000000000,0.191806013,0.229795500,0.233420661,0.241647630,0.259522594,0.008055361
8313,2020-12-12 09:00:00,0.000000000,0.191805481,0.229798530,0.233423941,0.241651537,0.259528195,0.007406762
8314,2020-12-12 10:00:00,0.000000000,0.191804993,0.229801316,0.233426956,0.241655128,0.259533345,0.007395719
8315,2020-12-12 11:00:00,0.000000000,0.191804504,0.229804098,0.233429967,0.241658715,0.259538488,0.002762070
8316,2020-12-12 12:00:00,0.000000000,0.191804322,0.229805137,0.233431092,0.241660055,0.259540409,0.000000000
8317,2020-12-12 13:00:00,0.000000000,0.191806673,0.229791736,0.233416588,0.241642778,0.259515637,0.000000000
8318,2020-12-12 14:00:00,0.000000000,0.191811126,0.229766347,0.233389111,0.241610051,0.259468716,0.000000000
8319,2020-12-12 15:00:00,0.000000000,0.191815166,0.229743296,0.233364166,0.241580341,0.259426132,0.061439059
8320,2020-12-12 16:00:00,0.000000000,0.191815630,0.229740650,0.233361302,0.241576931,0.259421244,2.093572471
8321,2020-12-12 17:00:00,0.000000000,0.191691497,0.230443765,0.234122576,0.242484680,0.260726365,1.589002977
8322,2020-12-12 18:00:00,0.000000000,0.191598554,0.230963354,0.234685643,0.243157550,0.261699232,1.088313388
8323,2020-12-12 19:00:00,0.000000000,0.191537620,0.231300882,0.235051643,0.243595598,0.262335116,0.445225834
8324,2020-12-12 20:00:00,0.000000000,0.191520108,0.231397427,0.235156366,0.243721035,0.262517576,0.759404213
8325,2020-12-12 21:00:00,0.000000000,0.191476676,0.231636017,0.235415228,0.244031287,0.262969584,0.299999999
8326,2020-12-12 22:00:00,0.000000000,0.191462941,0.231711215,0.235496835,0.244129151,0.263112375,0.100000008
8327,2020-12-12 23:00:00,0.000000000,0.191462555,0.231713322,0.235499121,0.244131893,0.263116377,0.000000000
8328,2020-12-13 00:00:00,0.000000000,0.191468247,0.231682177,0.235465322,0.244091357,0.263057217,0.003701342
8329,2020-12-13 01:00:00,0.000000000,0.191473233,0.231654878,0.235435696,0.244055830,0.263005383,0.000000000
8330,2020-12-13 02:00:00,0.000000000,0.191478365,0.231626759,0.235405182,0.244019242,0.262952016,0.003012691
8331,2020-12-13 03:00:00,0.000000000,0.191483102,0.231600792,0.235377005,0.243985459,0.262902751,0.003349581
8332,2020-12-13 04:00:00,0.000000000,0.191487679,0.231575688,0.235349765,0.243952802,0.262855142,0.003388749
8333,2020-12-13 05:00:00,0.000000000,0.191492120,0.231551315,0.235323319,0.243921101,0.262808935,0.003235859
8334,2020-12-13 06:00:00,0.000000000,0.191496443,0.231527582,0.235297569,0.243890236,0.262763959,0.002972879
8335,2020-12-13 07:00:00,0.000000000,0.191500657,0.231504432,0.235272452,0.243860133,0.262720102,0.003048150
8336,2020-12-13 08:00:00,0.000000000,0.191504744,0.231481971,0.235248083,0.243830929,0.262677564,0.002371894
8337,2020-12-13 09:00:00,0.000000000,0.191508756,0.231459907,0.235224145,0.243802244,0.262635791,0.002520901
8338,2020-12-13 10:00:00,0.000000000,0.191512642,0.231438526,0.235200951,0.243774452,0.262595326,0.003539029
8339,2020-12-13 11:00:00,0.000000000,0.191516349,0.231418125,0.235178819,0.243747935,0.262556726,0.010547195
8340,2020-12-13 12:00:00,0.000000000,0.191519488,0.231400841,0.235160069,0.243725471,0.262524032,0.000000000
8341,2020-12-13 13:00:00,0.000000000,0.191525255,0.231369072,0.235125607,0.243684188,0.262463960,0.000000000
8342,2020-12-13 14:00:00,0.000000000,0.191534187,0.231319824,0.235072188,0.243620203,0.262370894,0.000000000
8343,2020-12-13 15:00:00,0.000000000,0.191547354,0.231247127,0.234993342,0.243525784,0.262233637,0.000000000
8344,2020-12-13 16:00:00,0.000000000,0.191563464,0.231158024,0.234896712,0.243410103,0.262065600,0.000000000
8345,2020-12-13 17:00:00,0.000000000,0.191584373,0.231042128,0.234771046,0.243259717,0.261847360,0.000000000
8346,2020-12-13 18:00:00,0.000000000,0.191607605,0.230913015,0.234631073,0.243092283,0.261604660,0.000000000
8347,2020-12-13 19:00:00,0.000000000,0.191631576,0.230779412,0.234486261,0.242919143,0.261353996,0.000000000
8348,2020-12-13 20:00:00,0.000000000,0.191652752,0.230661071,0.234358014,0.242765877,0.261132364,0.000000000
8349,2020-12-13 21:00:00,0.000000000,0.191662976,0.230603829,0.234295989,0.242691776,0.261025297,0.000000000
8350,2020-12-13 22:00:00,0.000000000,0.191668754,0.230571446,0.234260902,0.242649864,0.260964763,0.000000000
8351,2020-12-13 23:00:00,0.000000000,0.191675612,0.230532981,0.234219227,0.242600090,0.260892898,0.000000000
8352,2020-12-14 00:00:00,0.000000000,0.191682323,0.230495311,0.234178417,0.242551354,0.260822558,0.000000000
8353,2020-12-14 01:00:00,0.000000000,0.191689312,0.230456044,0.234135877,0.242500561,0.260749273,0.000000000
8354,2020-12-14 02:00:00,0.000000000,0.191695382,0.230421921,0.234098914,0.242456430,0.260685623,0.000000000
8355,2020-12-14 03:00:00,0.000000000,0.191700715,0.230391913,0.234066409,0.242417628,0.260629675,0.000000000
8356,2020-12-14 04:00:00,0.000000000,0.191704152,0.230372568,0.234045455,0.242392616,0.260593619,0.000000000
8357,2020-12-14 05:00:00,0.000000000,0.191707307,0.230354800,0.234026210,0.242369647,0.260560513,0.000000000
8358,2020-12-14 06:00:00,0.000000000,0.191709779,0.230340874,0.234011126,0.242351644,0.260534569,0.000000000
8359,2020-12-14 07:00:00,0.000000000,0.191711887,0.230328998,0.233998263,0.242336293,0.260512449,0.000000000
8360,2020-12-14 08:00:00,0.000000000,0.191713703,0.230318757,0.233987172,0.242323057,0.260493379,0.000000000
8361,2020-12-14 09:00:00,0.000000000,0.191715303,0.230309738,0.233977403,0.242311400,0.260476584,0.000000000
8362,2020-12-14 10:00:00,0.000000000,0.191716602,0.230302415,0.233969472,0.242301935,0.260462950,0.000000000
8363,2020-12-14 11:00:00,0.000000000,0.191718091,0.230294019,0.233960379,0.242291085,0.260447321,0.000000000
8364,2020-12-14 12:00:00,0.000000000,0.191719782,0.230284479,0.233950047,0.242278757,0.260429564,0.000000000
8365,2020-12-14 13:00:00,0.231578961,0.191724406,0.230258390,0.233921793,0.242245044,0.260381015,0.000000000
8366,2020-12-14 14:00:00,0.036786400,0.191730873,0.230221874,0.233882248,0.242197866,0.260313093,0.701222376
8367,2020-12-14 15:00:00,0.317037076,0.191691312,0.230444802,0.234123700,0.242486021,0.260728301,0.036786401
8368,2020-12-14 16:00:00,0.063315190,0.191696821,0.230413824,0.234090142,0.242445959,0.260670524,0.917037096
8369,2020-12-14 17:00:00,0.054982148,0.191645288,0.230702817,0.234403252,0.242819934,0.261210505,0.063315190
8370,2020-12-14 18:00:00,0.036184296,0.191649913,0.230676956,0.234375227,0.242786445,0.261162092,0.128897597
8371,2020-12-14 19:00:00,0.023574300,0.191650442,0.230673994,0.234372018,0.242782610,0.261156549,0.533281298
8372,2020-12-14 20:00:00,0.366361320,0.191626059,0.230810194,0.234519622,0.242959023,0.261411705,0.023574303
8373,2020-12-14 21:00:00,0.033630647,0.191628040,0.230799142,0.234507644,0.242944704,0.261390983,0.366361354
8374,2020-12-14 22:00:00,0.027235337,0.191607098,0.230915834,0.234634129,0.243095938,0.261609956,0.033630650
8375,2020-12-14 23:00:00,0.027417144,0.191607329,0.230914550,0.234632737,0.243094273,0.261607543,0.027235337
8376,2020-12-15 00:00:00,0.014548469,0.191607438,0.230913942,0.234632078,0.243093485,0.261606401,0.027417144
8377,2020-12-15 01:00:00,0.016512586,0.191607823,0.230913942,0.234632078,0.243093485,0.261606401,0.014548470
8378,2020-12-15 02:00:00,0.016166292,0.191608791,0.230906410,0.234623913,0.243083721,0.261592257,0.016512586
8379,2020-12-15 03:00:00,0.017652772,0.191609727,0.230901200,0.234618265,0.243076967,0.261582474,0.016166294
8380,2020-12-15 04:00:00,0.012728265,0.191611533,0.230891145,0.234607366,0.243063934,0.261563596,0.017652774
8381,2020-12-15 05:00:00,0.014422844,0.191612574,0.230885352,0.234601087,0.243056425,0.261552721,0.012728266
8382,2020-12-15 06:00:00,0.013322163,0.191615231,0.230870554,0.234585046,0.243037244,0.261524943,0.014422845
8383,2020-12-15 07:00:00,0.010877335,0.191615433,0.230870554,0.234585046,0.243037244,0.261524943,0.013322164
8384,2020-12-15 08:00:00,0.011173226,0.191615370,0.230869775,0.234584201,0.243036234,0.261523480,0.000000000
8385,2020-12-15 09:00:00,0.008495957,0.191616340,0.230864371,0.234578345,0.243029231,0.261513340,0.000000000
8386,2020-12-15 10:00:00,0.006342797,0.191617282,0.230859123,0.234572656,0.243022429,0.261503491,0.000000000
8387,2020-12-15 11:00:00,0.006925674,0.191618197,0.230854026,0.234567131,0.243015823,0.261493926,0.000000000
8388,2020-12-15 12:00:00,0.005335363,0.191619086,0.230849074,0.234561764,0.243009406,0.261484635,0.006925674
8389,2020-12-15 13:00:00,0.012750022,0.191619498,0.230846778,0.234559275,0.243006430,0.261480328,0.005335363
8390,2020-12-15 14:00:00,0.010427247,0.191620001,0.230843971,0.234556233,0.243002792,0.261475061,0.012750023
8391,2020-12-15 15:00:00,0.007584177,0.191620040,0.230843971,0.234556233,0.243002792,0.261475061,0.010427248
8392,2020-12-15 16:00:00,0.004327411,0.191634064,0.230765522,0.234471207,0.242901149,0.261327963,0.007584178
8393,2020-12-15 17:00:00,0.002104407,0.191650892,0.230671476,0.234369289,0.242779350,0.261151837,0.004327411
8394,2020-12-15 18:00:00,0.000968389,0.191668803,0.230571168,0.234260600,0.242649504,0.260964244,0.002104407
8395,2020-12-15 19:00:00,0.000382532,0.191686566,0.230471476,0.234152595,0.242520521,0.260778069,0.000968389
8396,2020-12-15 20:00:00,0.000143984,0.191702490,0.230381924,0.234055589,0.242404714,0.260611057,0.000382532
8397,2020-12-15 21:00:00,0.000057848,0.191712088,0.230327864,0.233997035,0.242334827,0.260510337,0.000143984
8398,2020-12-15 22:00:00,0.000065160,0.191718762,0.230290232,0.233956278,0.242286191,0.260440272,0.000000000
8399,2020-12-15 23:00:00,0.000069504,0.191725174,0.230254055,0.233917098,0.242239443,0.260372950,0.000000000
8400,2020-12-16 00:00:00,0.000071886,0.191725174,0.230254055,0.233917098,0.242239443,0.260372950,0.000000000
8401,2020-12-16 01:00:00,0.000086526,0.191725174,0.230254055,0.233917098,0.242239443,0.260372950,0.000000000
8402,2020-12-16 02:00:00,0.000188060,0.191725174,0.230254055,0.233917098,0.242239443,0.260372950,0.000000000
8403,2020-12-16 03:00:00,0.000098569,0.191725174,0.230254055,0.233917098,0.242239443,0.260372950,0.000000000
8404,2020-12-16 04:00:00,0.000178760,0.191725174,0.230254055,0.233917098,0.242239443,0.260372950,0.000000000
8405,2020-12-16 05:00:00,0.000207265,0.191725174,0.230254055,0.233917098,0.242239443,0.260372950,0.000000000
8406,2020-12-16 06:00:00,0.000218244,0.191725174,0.230254055,0.233917098,0.242239443,0.260372950,0.000000000
8407,2020-12-16 07:00:00,0.000291045,0.191725174,0.230254055,0.233917098,0.242239443,0.260372950,0.000000000
8408,2020-12-16 08:00:00,0.000354393,0.191725174,0.230254055,0.233917098,0.242239443,0.260372950,0.000000000
8409,2020-12-16 09:00:00,0.000190901,0.191725174,0.230254055,0.233917098,0.242239443,0.260372950,0.000000000
8410,2020-12-16 10:00:00,0.000248148,0.191725174,0.230254055,0.233917098,0.242239443,0.260372950,0.000000000
8411,2020-12-16 11:00:00,0.000322380,0.191725174,0.230254055,0.233917098,0.242239443,0.260372950,0.000000000
8412,2020-12-16 12:00:00,0.000439039,0.191725174,0.230254055,0.233917098,0.242239443,0.260372950,0.000000000
8413,2020-12-16 13:00:00,0.000611732,0.191725174,0.230254055,0.233917098,0.242239443,0.260372950,0.000000000
8414,2020-12-16 14:00:00,0.000799343,0.191725174,0.230254055,0.233917098,0.242239443,0.260372950,0.000611732
8415,2020-12-16 15:00:00,0.000889886,0.191724933,0.230254055,0.233917098,0.242239443,0.260372950,0.000799343
8416,2020-12-16 16:00:00,0.000641070,0.191724617,0.230254055,0.233917098,0.242239443,0.260372950,0.000889886
8417,2020-12-16 17:00:00,0.000459790,0.191724266,0.230254055,0.233917098,0.242239443,0.260372950,0.000641070
8418,2020-12-16 18:00:00,0.000306828,0.191724014,0.230254055,0.233917098,0.242239443,0.260372950,0.000459790
8419,2020-12-16 19:00:00,0.000180201,0.191723832,0.230254055,0.233917098,0.242239443,0.260372950,0.000306828
8420,2020-12-16 20:00:00,0.000087755,0.191723711,0.230254055,0.233917098,0.242239443,0.260372950,0.000000000
8421,2020-12-16 21:00:00,0.000014997,0.191723711,0.230254055,0.233917098,0.242239443,0.260372950,0.000000000
8422,2020-12-16 22:00:00,0.000013395,0.191723711,0.230254055,0.233917098,0.242239443,0.260372950,0.000000000
8423,2020-12-16 23:00:00,0.000009174,0.191723711,0.230254055,0.233917098,0.242239443,0.260372950,0.000000000
8424,2020-12-17 00:00:00,0.174803644,0.191723711,0.230254055,0.233917098,0.242239443,0.260372950,0.000000000
8425,2020-12-17 01:00:00,0.344887316,0.191723711,0.230254055,0.233917098,0.242239443,0.260372950,0.000000000
8426,2020-12-17 02:00:00,0.816795945,0.191723711,0.230254055,0.233917098,0.242239443,0.260372950,0.000000000
8427,2020-12-17 03:00:00,1.820618868,0.191723711,0.230254055,0.233917098,0.242239443,0.260372950,0.000000000
8428,2020-12-17 04:00:00,2.571960688,0.191723711,0.230254055,0.233917098,0.242239443,0.260372950,0.000000000
8429,2020-12-17 05:00:00,4.224019051,0.191723711,0.230254055,0.233917098,0.242239443,0.260372950,0.000000000
8430,2020-12-17 06:00:00,6.002344131,0.191723711,0.230254055,0.233917098,0.242239443,0.260372950,0.000000000
8431,2020-12-17 07:00:00,6.878348351,0.191723711,0.230254055,0.233917098,0.242239443,0.260372950,0.000000000
8432,2020-12-17 08:00:00,7.890025616,0.191723711,0.230254055,0.233917098,0.242239443,0.260372950,0.000000000
8433,2020-12-17 09:00:00,8.867359161,0.191723711,0.230254055,0.233917098,0.242239443,0.260372950,0.000000000
8434,2020-12-17 10:00:00,10.019960403,0.191723711,0.230254055,0.233917098,0.242239443,0.260372950,0.000000000
8435,2020-12-17 11:00:00,10.845081329,0.191723711,0.230254055,0.233917098,0.242239443,0.260372950,0.000000000
8436,2020-12-17 12:00:00,11.925971031,0.191723711,0.230254055,0.233917098,0.242239443,0.260372950,0.000000000
8437,2020-12-17 13:00:00,12.503329277,0.191723711,0.230254055,0.233917098,0.242239443,0.260372950,0.000000000
8438,2020-12-17 14:00:00,13.066688538,0.191723711,0.230254055,0.233917098,0.242239443,0.260372950,0.000000000
8439,2020-12-17 15:00:00,13.416481018,0.191723711,0.230254055,0.233917098,0.242239443,0.260372950,0.000000000
8440,2020-12-17 16:00:00,13.610999107,0.191723711,0.230254055,0.233917098,0.242239443,0.260372950,0.000000000
8441,2020-12-17 17:00:00,13.883254051,0.191723711,0.230254055,0.233917098,0.242239443,0.260372950,0.000000000
8442,2020-12-17 18:00:00,14.050465584,0.191723711,0.230254055,0.233917098,0.242239443,0.260372950,0.000000000
8443,2020-12-17 19:00:00,14.178737640,0.191723711,0.230254055,0.233917098,0.242239443,0.260372950,0.000000000
8444,2020-12-17 20:00:00,14.277271271,0.191723711,0.230254055,0.233917098,0.242239443,0.260372950,0.000000000
8445,2020-12-17 21:00:00,14.283855438,0.191723711,0.230254055,0.233917098,0.242239443,0.260372950,0.000000000
8446,2020-12-17 22:00:00,14.282793045,0.191723711,0.230254055,0.233917098,0.242239443,0.260372950,0.000000000
8447,2020-12-17 23:00:00,14.279085159,0.191723711,0.230254055,0.233917098,0.242239443,0.260372950,0.000000000
8448,2020-12-18 00:00:00,14.274110794,0.191723711,0.230254055,0.233917098,0.242239443,0.260372950,0.000000000
8449,2020-12-18 01:00:00,14.266503334,0.191723711,0.230254055,0.233917098,0.242239443,0.260372950,0.000000000
8450,2020-12-18 02:00:00,14.265024185,0.191723711,0.230254055,0.233917098,0.242239443,0.260372950,0.000000000
8451,2020-12-18 03:00:00,14.259923935,0.191723711,0.230254055,0.233917098,0.242239443,0.260372950,0.000000000
8452,2020-12-18 04:00:00,14.254665375,0.191723711,0.230254055,0.233917098,0.242239443,0.260372950,0.000000000
8453,2020-12-18 05:00:00,14.245763779,0.191723711,0.230254055,0.233917098,0.242239443,0.260372950,0.000000000
8454,2020-12-18 06:00:00,14.237653732,0.191723711,0.230254055,0.233917098,0.242239443,0.260372950,0.000000000
8455,2020-12-18 07:00:00,14.233512878,0.191723711,0.230254055,0.233917098,0.242239443,0.260372950,0.000000000
8456,2020-12-18 08:00:00,14.233238220,0.191723711,0.230254055,0.233917098,0.242239443,0.260372950,0.000000000
8457,2020-12-18 09:00:00,14.225187302,0.191723711,0.230254055,0.233917098,0.242239443,0.260372950,0.000000000
8458,2020-12-18 10:00:00,14.223196983,0.191723711,0.230254055,0.233917098,0.242239443,0.260372950,0.000000000
8459,2020-12-18 11:00:00,14.213280678,0.191723711,0.230254055,0.233917098,0.242239443,0.260372950,0.000000000
8460,2020-12-18 12:00:00,14.189672470,0.191723711,0.230254055,0.233917098,0.242239443,0.260372950,0.000000000
8461,2020-12-18 13:00:00,14.153935432,0.191723711,0.230254055,0.233917098,0.242239443,0.260372950,0.000000000
8462,2020-12-18 14:00:00,14.104497910,0.191723711,0.230254055,0.233917098,0.242239443,0.260372950,0.000000000
8463,2020-12-18 15:00:00,14.035736084,0.191723711,0.230254055,0.233917098,0.242239443,0.260372950,0.000000000
8464,2020-12-18 16:00:00,13.951658249,0.191723711,0.230254055,0.233917098,0.242239443,0.260372950,0.000000000
8465,2020-12-18 17:00:00,13.847976685,0.191723711,0.230254055,0.233917098,0.242239443,0.260372950,0.000000000
8466,2020-12-18 18:00:00,13.722473145,0.191723711,0.230254055,0.233917098,0.242239443,0.260372950,0.000000000
8467,2020-12-18 19:00:00,13.601418495,0.191723711,0.230254055,0.233917098,0.242239443,0.260372950,0.000000000
8468,2020-12-18 20:00:00,13.581432343,0.191723711,0.230254055,0.233917098,0.242239443,0.260372950,0.000000000
8469,2020-12-18 21:00:00,13.593579292,0.191723711,0.230254055,0.233917098,0.242239443,0.260372950,0.000000000
8470,2020-12-18 22:00:00,13.602889061,0.191723711,0.230254055,0.233917098,0.242239443,0.260372950,0.000000000
8471,2020-12-18 23:00:00,13.614187241,0.191723711,0.230254055,0.233917098,0.242239443,0.260372950,0.000000000
8472,2020-12-19 00:00:00,13.623380661,0.191723711,0.230254055,0.233917098,0.242239443,0.260372950,0.000000000
8473,2020-12-19 01:00:00,13.631361961,0.191723711,0.230254055,0.233917098,0.242239443,0.260372950,0.000000000
8474,2020-12-19 02:00:00,13.639528275,0.191723711,0.230254055,0.233917098,0.242239443,0.260372950,0.000000000
8475,2020-12-19 03:00:00,13.646097183,0.191723711,0.230254055,0.233917098,0.242239443,0.260372950,0.000000000
8476,2020-12-19 04:00:00,13.652587891,0.191723711,0.230254055,0.233917098,0.242239443,0.260372950,0.000000000
8477,2020-12-19 05:00:00,13.659365654,0.191723711,0.230254055,0.233917098,0.242239443,0.260372950,0.000000000
8478,2020-12-19 06:00:00,13.667957306,0.191723711,0.230254055,0.233917098,0.242239443,0.260372950,0.000000000
8479,2020-12-19 07:00:00,13.675627708,0.191723711,0.230254055,0.233917098,0.242239443,0.260372950,0.000000000
8480,2020-12-19 08:00:00,13.683818817,0.191723711,0.230254055,0.233917098,0.242239443,0.260372950,0.000000000
8481,2020-12-19 09:00:00,13.690690041,0.191723711,0.230254055,0.233917098,0.242239443,0.260372950,0.000000000
8482,2020-12-19 10:00:00,13.697235107,0.191723711,0.230254055,0.233917098,0.242239443,0.260372950,0.000000000
8483,2020-12-19 11:00:00,13.702234268,0.191723711,0.230254055,0.233917098,0.242239443,0.260372950,0.000000000
8484,2020-12-19 12:00:00,13.692010880,0.191723711,0.230254055,0.233917098,0.242239443,0.260372950,0.000000000
8485,2020-12-19 13:00:00,13.662387848,0.191723711,0.230254055,0.233917098,0.242239443,0.260372950,0.000000000
8486,2020-12-19 14:00:00,13.601475716,0.191723711,0.230254055,0.233917098,0.242239443,0.260372950,0.000000000
8487,2020-12-19 15:00:00,13.502563477,0.191723711,0.230254055,0.233917098,0.242239443,0.260372950,0.000000000
8488,2020-12-19 16:00:00,13.389962196,0.191723711,0.230254055,0.233917098,0.242239443,0.260372950,0.000000000
8489,2020-12-19 17:00:00,13.088404655,0.191723711,0.230254055,0.233917098,0.242239443,0.260372950,0.177242221
8490,2020-12-19 18:00:00,12.808687210,0.191713218,0.230321492,0.233990134,0.242326592,0.260498471,0.165548202
8491,2020-12-19 19:00:00,12.503179550,0.191702266,0.230383182,0.234056951,0.242406339,0.260613400,0.219604507
8492,2020-12-19 20:00:00,12.327235222,0.191687752,0.230464812,0.234145376,0.242511902,0.260765633,0.183776297
8493,2020-12-19 21:00:00,12.180543900,0.191675576,0.230533182,0.234219446,0.242600351,0.260893275,0.153704454
8494,2020-12-19 22:00:00,12.059176445,0.191665371,0.230590406,0.234281445,0.242674403,0.261000202,0.128081251
8495,2020-12-19 23:00:00,11.954332352,0.191656853,0.230638120,0.234333145,0.242736165,0.261089426,0.106724607
8496,2020-12-20 00:00:00,11.867408752,0.191649744,0.230677899,0.234376249,0.242787666,0.261163857,0.088150818
8497,2020-12-20 01:00:00,11.796854019,0.191644016,0.230709928,0.234410958,0.242829142,0.261223819,0.071748936
8498,2020-12-20 02:00:00,11.744554520,0.191639510,0.230735108,0.234438246,0.242861754,0.261270979,0.056442543
8499,2020-12-20 03:00:00,11.706214905,0.191636123,0.230754029,0.234458751,0.242886261,0.261306426,0.042873848
8500,2020-12-20 04:00:00,11.678675652,0.191633711,0.230767494,0.234473344,0.242903703,0.261331658,0.030850557
8501,2020-12-20 05:00:00,11.663328171,0.191632149,0.230776217,0.234482797,0.242915003,0.261348006,0.020156074
8502,2020-12-20 06:00:00,11.661551476,0.191631325,0.230780812,0.234487778,0.242920956,0.261356620,0.008455326
8503,2020-12-20 07:00:00,11.667867661,0.191631096,0.230780812,0.234487778,0.242920956,0.261356620,0.000000000
8504,2020-12-20 08:00:00,11.670640945,0.191631798,0.230778173,0.234484917,0.242917537,0.261351672,0.000000000
8505,2020-12-20 09:00:00,11.673873901,0.191632296,0.230775397,0.234481909,0.242913941,0.261346469,0.000000000
8506,2020-12-20 10:00:00,11.676958084,0.191632779,0.230772701,0.234478987,0.242910448,0.261341416,0.000000000
8507,2020-12-20 11:00:00,11.676683426,0.191633248,0.230770082,0.234476148,0.242907055,0.261336508,0.000000000
8508,2020-12-20 12:00:00,11.653949738,0.191633703,0.230767538,0.234473391,0.242903760,0.261331740,0.000000000
8509,2020-12-20 13:00:00,11.608226776,0.191634146,0.230765067,0.234470714,0.242900559,0.261327110,0.000000000
8510,2020-12-20 14:00:00,11.539750099,0.191634576,0.230762667,0.234468113,0.242897451,0.261322613,0.000000000
8511,2020-12-20 15:00:00,11.424633026,0.191634993,0.230760336,0.234465586,0.242894431,0.261318245,0.027060037
8512,2020-12-20 16:00:00,11.078804016,0.191633640,0.230767891,0.234473774,0.242904218,0.261332402,0.243827333
8513,2020-12-20 17:00:00,10.571636200,0.191618355,0.230853144,0.234566175,0.243014679,0.261492271,0.418110935
8514,2020-12-20 18:00:00,8.391032219,0.191592396,0.230997577,0.234722745,0.243201931,0.261763565,2.310425157
8515,2020-12-20 19:00:00,6.814840317,0.191454495,0.231757392,0.235546952,0.244189265,0.263200136,2.136246508
8516,2020-12-20 20:00:00,6.851016998,0.191328989,0.232438227,0.236286272,0.245077245,0.264501061,0.244964522
8517,2020-12-20 21:00:00,6.661935806,0.191322106,0.232475272,0.236326521,0.245125652,0.264572225,0.205040388
8518,2020-12-20 22:00:00,6.515584469,0.191318039,0.232497151,0.236350294,0.245154245,0.264614274,0.172185671
8519,2020-12-20 23:00:00,6.397462845,0.191316250,0.232506771,0.236360746,0.245166818,0.264632765,0.145122685
8520,2020-12-21 00:00:00,6.293333054,0.191316522,0.232506771,0.236360746,0.245166818,0.264632765,0.122586613
8521,2020-12-21 01:00:00,6.214796066,0.191317835,0.232498250,0.236351488,0.245155682,0.264616386,0.103751382
8522,2020-12-21 02:00:00,6.144036770,0.191320573,0.232483519,0.236335482,0.245136429,0.264588073,0.088003013
8523,2020-12-21 03:00:00,6.085233688,0.191324276,0.232463594,0.236313833,0.245110391,0.264549788,0.074830209
8524,2020-12-21 04:00:00,6.032142639,0.191328745,0.232439535,0.236287694,0.245078955,0.264503575,0.063802889
8525,2020-12-21 05:00:00,5.994561195,0.191333816,0.232412223,0.236258020,0.245043272,0.264451131,0.054603598
8526,2020-12-21 06:00:00,5.963571548,0.191339350,0.232382398,0.236225619,0.245004313,0.264393889,0.046893452
8527,2020-12-21 07:00:00,5.936673164,0.191345234,0.232350663,0.236191144,0.244962865,0.264333008,0.040429378
8528,2020-12-21 08:00:00,5.918648720,0.191351376,0.232317516,0.236155137,0.244919580,0.264269450,0.034970945
8529,2020-12-21 09:00:00,5.905107498,0.191357701,0.232283356,0.236118032,0.244874980,0.264203982,0.030375862
8530,2020-12-21 10:00:00,5.894888401,0.191364146,0.232248521,0.236080195,0.244829507,0.264137254,0.026496288
8531,2020-12-21 11:00:00,5.887482166,0.191370660,0.232213285,0.236041925,0.244783519,0.264069794,0.023167644
8532,2020-12-21 12:00:00,5.858661652,0.191377204,0.232177857,0.236003448,0.244737289,0.264002002,0.024112394
8533,2020-12-21 13:00:00,5.689847946,0.191383495,0.232143778,0.235966437,0.244692826,0.263936823,0.177073217
8534,2020-12-21 14:00:00,4.676258087,0.191379521,0.232165312,0.235989823,0.244720920,0.263978004,1.005604815
8535,2020-12-21 15:00:00,2.222514153,0.191322863,0.232471198,0.236322095,0.245120328,0.264564397,2.433604550
8536,2020-12-21 16:00:00,2.159786224,0.191182922,0.233218117,0.237134083,0.246098290,0.266007628,0.000000000
8537,2020-12-21 17:00:00,1.121578574,0.191196553,0.233145897,0.237055531,0.246003563,0.265867368,1.024466349
8538,2020-12-21 18:00:00,0.084471315,0.191143204,0.233427908,0.237362314,0.246373666,0.266415945,1.012488576
8539,2020-12-21 19:00:00,0.005885862,0.191091931,0.233697323,0.237655517,0.246727753,0.266942238,0.084471316
8540,2020-12-21 20:00:00,0.003874046,0.191105557,0.233625880,0.237577755,0.246633809,0.266802465,0.006946555
8541,2020-12-21 21:00:00,0.000390291,0.191121025,0.233544643,0.237489342,0.246527027,0.266643716,0.003874046
8542,2020-12-21 22:00:00,0.000489821,0.191136265,0.233464462,0.237402089,0.246421679,0.266487225,0.000000000
8543,2020-12-21 23:00:00,0.000810306,0.191151287,0.233385295,0.237315950,0.246317707,0.266332901,0.000000000
8544,2020-12-22 00:00:00,0.001791636,0.191165860,0.233308359,0.237232248,0.246216706,0.266183105,0.000000000
8545,2020-12-22 01:00:00,0.001869333,0.191179999,0.233233592,0.237150916,0.246118593,0.266037703,0.000000000
8546,2020-12-22 02:00:00,0.002237754,0.191193716,0.233160936,0.237071887,0.246023285,0.265896561,0.000000000
8547,2020-12-22 03:00:00,0.002887659,0.191207026,0.233090330,0.236995098,0.245930703,0.265759554,0.000000000
8548,2020-12-22 04:00:00,0.003306122,0.191219940,0.233021718,0.236920486,0.245840769,0.265626557,0.000000000
8549,2020-12-22 05:00:00,0.003681169,0.191232471,0.232955046,0.236847989,0.245753407,0.265497450,0.000000000
8550,2020-12-22 06:00:00,0.004121781,0.191244629,0.232890258,0.236777550,0.245668544,0.265372119,0.000000000
8551,2020-12-22 07:00:00,0.004792284,0.191256428,0.232827303,0.236709109,0.245586109,0.265250450,0.000000000
8552,2020-12-22 08:00:00,0.005760045,0.191267877,0.232766129,0.236642611,0.245506033,0.265132335,0.000000000
8553,2020-12-22 09:00:00,0.005934859,0.191278988,0.232706687,0.236578001,0.245428249,0.265017667,0.000000000
8554,2020-12-22 10:00:00,0.006383582,0.191289770,0.232648929,0.236515227,0.245352690,0.264906346,0.000000000
8555,2020-12-22 11:00:00,0.005908180,0.191300234,0.232592807,0.236454236,0.245279294,0.264798270,0.000000000
8556,2020-12-22 12:00:00,0.003914386,0.191310389,0.232538276,0.236394979,0.245207999,0.264693346,0.000901076
8557,2020-12-22 13:00:00,0.000656831,0.191320184,0.232485614,0.236337758,0.245139168,0.264592100,0.003914387
8558,2020-12-22 14:00:00,0.000776804,0.191329489,0.232435529,0.236283341,0.245073721,0.264495881,0.000656831
8559,2020-12-22 15:00:00,0.000964405,0.191338738,0.232385695,0.236229201,0.245008619,0.264400216,0.000776804
8560,2020-12-22 16:00:00,0.000797525,0.191348155,0.232334905,0.236174026,0.244942286,0.264302789,0.000964405
8561,2020-12-22 17:00:00,0.000658982,0.191357658,0.232283589,0.236118285,0.244875284,0.264204428,0.000797525
8562,2020-12-22 18:00:00,0.000424347,0.191367871,0.232228373,0.236058312,0.244803210,0.264098676,0.000658982
8563,2020-12-22 19:00:00,0.000191736,0.191379677,0.232164465,0.235988903,0.244719815,0.263976384,0.000424347
8564,2020-12-22 20:00:00,0.000061317,0.191393617,0.232088892,0.235906835,0.244621235,0.263831921,0.000191736
8565,2020-12-22 21:00:00,0.000012371,0.191404891,0.232027681,0.235840369,0.244541416,0.263715029,0.000061317
8566,2020-12-22 22:00:00,0.000007729,0.191417119,0.231961199,0.235768187,0.244454753,0.263588192,0.000012371
8567,2020-12-22 23:00:00,0.000006554,0.191427640,0.231903918,0.235706001,0.244380108,0.263479009,0.000007729
8568,2020-12-23 00:00:00,0.000006399,0.191438493,0.231844757,0.235641779,0.244303036,0.263366339,0.000006554
8569,2020-12-23 01:00:00,0.000004011,0.191449807,0.231783006,0.235574752,0.244222615,0.263248841,0.000006399
8570,2020-12-23 02:00:00,0.000003701,0.191459179,0.231731789,0.235519164,0.244155933,0.263151469,0.000004011
8571,2020-12-23 03:00:00,0.000003003,0.191469145,0.231677263,0.235459988,0.244084961,0.263047885,0.000003701
8572,2020-12-23 04:00:00,0.000002005,0.191479293,0.231621673,0.235399663,0.244012624,0.262942364,0.000003003
8573,2020-12-23 05:00:00,0.000001703,0.191489219,0.231567240,0.235340599,0.243941814,0.262839125,0.000002005
8574,2020-12-23 06:00:00,0.000000000,0.191499721,0.231509575,0.235278032,0.243866821,0.262729844,0.000001703
8575,2020-12-23 07:00:00,0.000000000,0.191509638,0.231455059,0.235218886,0.243795942,0.262626614,0.000000000
8576,2020-12-23 08:00:00,0.000010135,0.191519465,0.231400968,0.235160207,0.243725637,0.262524272,0.000000000
8577,2020-12-23 09:00:00,0.000041082,0.191528345,0.231352042,0.235107135,0.243662060,0.262431771,0.000000000
8578,2020-12-23 10:00:00,0.000067204,0.191536101,0.231309262,0.235060733,0.243606484,0.262350944,0.000000000
8579,2020-12-23 11:00:00,0.000108985,0.191539360,0.231291276,0.235041224,0.243583121,0.262316976,0.000000000
8580,2020-12-23 12:00:00,0.000133143,0.191542524,0.231273803,0.235022274,0.243560428,0.262283987,0.000108985
8581,2020-12-23 13:00:00,0.000210612,0.191545590,0.231256870,0.235003909,0.243538437,0.262252024,0.000133143
8582,2020-12-23 14:00:00,0.000226287,0.191548566,0.231240430,0.234986079,0.243517088,0.262221000,0.000210612
8583,2020-12-23 15:00:00,0.000213320,0.191563038,0.231160382,0.234899269,0.243413164,0.262070044,0.000226287
8584,2020-12-23 16:00:00,0.000148699,0.191580573,0.231063213,0.234793906,0.243287070,0.261887037,0.000213320
8585,2020-12-23 17:00:00,0.000078620,0.191599919,0.230955768,0.234677419,0.243147713,0.261684975,0.000148699
8586,2020-12-23 18:00:00,0.000033330,0.191619037,0.230849347,0.234562059,0.243009759,0.261485147,0.000078620
8587,2020-12-23 19:00:00,0.000015570,0.191638195,0.230742456,0.234446209,0.242871271,0.261284744,0.000033330
8588,2020-12-23 20:00:00,0.000006429,0.191653703,0.230655750,0.234352248,0.242758989,0.261122409,0.000015570
8589,2020-12-23 21:00:00,0.000004332,0.191655869,0.230643627,0.234339111,0.242743293,0.261099727,0.000006429
8590,2020-12-23 22:00:00,0.000008775,0.191660104,0.230619917,0.234313421,0.242712601,0.261055380,0.000004332
8591,2020-12-23 23:00:00,0.000016257,0.191663272,0.230602171,0.234294192,0.242689629,0.261022195,0.000008775
8592,2020-12-24 00:00:00,0.000013197,0.191665774,0.230588151,0.234279001,0.242671484,0.260995986,0.000000000
8593,2020-12-24 01:00:00,0.000002966,0.191668090,0.230575168,0.234264935,0.242654681,0.260971720,0.000000000
8594,2020-12-24 02:00:00,0.000049948,0.191669416,0.230567732,0.234256878,0.242645058,0.260957823,0.000000000
8595,2020-12-24 03:00:00,0.000049307,0.191669416,0.230567732,0.234256878,0.242645058,0.260957823,0.000000000
8596,2020-12-24 04:00:00,0.000021512,0.191669416,0.230567732,0.234256878,0.242645058,0.260957823,0.000000000
8597,2020-12-24 05:00:00,0.000015146,0.191669416,0.230567732,0.234256878,0.242645058,0.260957823,0.000000000
8598,2020-12-24 06:00:00,0.000054951,0.191669416,0.230567732,0.234256878,0.242645058,0.260957823,0.000000000
8599,2020-12-24 07:00:00,0.000044241,0.191669416,0.230567732,0.234256878,0.242645058,0.260957823,0.000000000
8600,2020-12-24 08:00:00,0.000040075,0.191669416,0.230567732,0.234256878,0.242645058,0.260957823,0.000000000
8601,2020-12-24 09:00:00,0.000052003,0.191669416,0.230567732,0.234256878,0.242645058,0.260957823,0.000000000
8602,2020-12-24 10:00:00,0.000091933,0.191669416,0.230567732,0.234256878,0.242645058,0.260957823,0.000000000
8603,2020-12-24 11:00:00,0.001060931,0.191669416,0.230567732,0.234256878,0.242645058,0.260957823,0.000000000
8604,2020-12-24 12:00:00,0.000333557,0.191669416,0.230567732,0.234256878,0.242645058,0.260957823,0.001060931
8605,2020-12-24 13:00:00,0.000782645,0.191669345,0.230568129,0.234257308,0.242645572,0.260958565,0.000333557
8606,2020-12-24 14:00:00,0.001020289,0.191671235,0.230557531,0.234245826,0.242631857,0.260938762,0.000782645
8607,2020-12-24 15:00:00,0.000634551,0.191677993,0.230519619,0.234204751,0.242582802,0.260867943,0.001020289
8608,2020-12-24 16:00:00,0.000270826,0.191688973,0.230457954,0.234137947,0.242503032,0.260752838,0.000634552
8609,2020-12-24 17:00:00,0.000101496,0.191702973,0.230379203,0.234052641,0.242401194,0.260605984,0.000270826
8610,2020-12-24 18:00:00,0.000028207,0.191717799,0.230295666,0.233962163,0.242293213,0.260450387,0.000101496
8611,2020-12-24 19:00:00,0.000008957,0.191734084,0.230203731,0.233862601,0.242174429,0.260279359,0.000028207
8612,2020-12-24 20:00:00,0.000002329,0.191748424,0.230122629,0.233774781,0.242069686,0.260128668,0.000008957
8613,2020-12-24 21:00:00,0.000000000,0.191752397,0.230100134,0.233750425,0.242040642,0.260086903,0.000002329
8614,2020-12-24 22:00:00,0.000000000,0.191755615,0.230081908,0.233730691,0.242017111,0.260053072,0.000000000
8615,2020-12-24 23:00:00,0.000000000,0.191757892,0.230069004,0.233716721,0.242000453,0.260029126,0.000000000
8616,2020-12-25 00:00:00,0.000000000,0.191759316,0.230060937,0.233707986,0.241990039,0.260014157,0.000000000
8617,2020-12-25 01:00:00,0.000000000,0.191759799,0.230058198,0.233705021,0.241986503,0.260009075,0.000000000
8618,2020-12-25 02:00:00,0.000000000,0.191760062,0.230058198,0.233705021,0.241986503,0.260009075,0.003988884
8619,2020-12-25 03:00:00,0.000000000,0.191759579,0.230059446,0.233706372,0.241988114,0.260011390,0.145092604
8620,2020-12-25 04:00:00,0.000000000,0.191750011,0.230113646,0.233765055,0.242058087,0.260111988,0.000000000
8621,2020-12-25 05:00:00,0.000000000,0.191750837,0.230108971,0.233759993,0.242052050,0.260103308,0.100000008
8622,2020-12-25 06:00:00,0.000000000,0.191745269,0.230140485,0.233794115,0.242092743,0.260161831,4.010182420
8623,2020-12-25 07:00:00,0.000000000,0.191515643,0.231422014,0.235183038,0.243752989,0.262564083,5.428323902
8624,2020-12-25 08:00:00,0.000000000,0.191220058,0.233021088,0.236919801,0.245839943,0.265625336,4.227595400
8625,2020-12-25 09:00:00,0.000000000,0.190985528,0.234251389,0.238258883,0.247457551,0.268031503,6.361822761
8626,2020-12-25 10:00:00,0.000000000,0.190650700,0.235952050,0.240114086,0.249711285,0.271435085,5.859121393
8627,2020-12-25 11:00:00,0.000000000,0.190341777,0.237466066,0.241769855,0.251735544,0.274545657,6.687991345
8628,2020-12-25 12:00:00,0.000000000,0.189996579,0.239099010,0.243560205,0.253938392,0.277991698,6.011634378
8629,2020-12-25 13:00:00,0.000000000,0.189687779,0.240510027,0.245111102,0.255858811,0.281050846,6.100000428
8630,2020-12-25 14:00:00,0.000000000,0.189379662,0.241873617,0.246613356,0.257730134,0.284083847,2.677433213
8631,2020-12-25 15:00:00,0.000000000,0.189269609,0.242350361,0.247139403,0.258388069,0.285162952,1.571400367
8632,2020-12-25 16:00:00,0.000000000,0.189236636,0.242492168,0.247295958,0.258584145,0.285485859,1.565033722
8633,2020-12-25 17:00:00,0.000000000,0.189205683,0.242624858,0.247442483,0.258767771,0.285788816,2.473738027
8634,2020-12-25 18:00:00,0.000000000,0.189115169,0.243010521,0.247868546,0.259302337,0.286673850,3.461284814
8635,2020-12-25 19:00:00,0.000000000,0.188964590,0.243644435,0.248569488,0.260183812,0.288143380,4.160836488
8636,2020-12-25 20:00:00,0.000000000,0.188778259,0.244415881,0.249423552,0.261261303,0.289957288,1.660000112
8637,2020-12-25 21:00:00,0.000000000,0.188748500,0.244537782,0.249558615,0.261432050,0.290246548,0.301917851
8638,2020-12-25 22:00:00,0.000000000,0.188821462,0.244238273,0.249226820,0.261012765,0.289537139,0.000000000
8639,2020-12-25 23:00:00,0.000000000,0.188916151,0.243846347,0.248792911,0.260465315,0.288615388,0.000000000
8640,2020-12-26 00:00:00,0.000000000,0.189008832,0.243459170,0.248364553,0.259925832,0.287711971,0.000000000
8641,2020-12-26 01:00:00,0.000000000,0.189100028,0.243074694,0.247939470,0.259391413,0.286821772,0.000000000
8642,2020-12-26 02:00:00,0.000000000,0.189188500,0.242698340,0.247523641,0.258869525,0.285956928,0.000000000
8643,2020-12-26 03:00:00,0.000000000,0.189273284,0.242334526,0.247121923,0.258366185,0.285126950,0.000000000
8644,2020-12-26 04:00:00,0.000000000,0.189355063,0.241980638,0.246731407,0.257877661,0.284325225,0.000000000
8645,2020-12-26 05:00:00,0.000000000,0.189433269,0.241639455,0.246355136,0.257407680,0.283557435,0.000000000
8646,2020-12-26 06:00:00,0.000000000,0.189508428,0.241308994,0.245990896,0.256953399,0.282818514,0.000000000
8647,2020-12-26 07:00:00,0.000000000,0.189581111,0.240986986,0.245636170,0.256511613,0.282102914,0.000000000
8648,2020-12-26 08:00:00,0.000000000,0.189650498,0.240677325,0.245295227,0.256087575,0.281418809,0.000000000
8649,2020-12-26 09:00:00,0.000000000,0.189717141,0.240377812,0.244965626,0.255678182,0.280760849,0.000000000
8650,2020-12-26 10:00:00,0.000000000,0.189780600,0.240090675,0.244649799,0.255286391,0.280133473,0.000000000
8651,2020-12-26 11:00:00,0.000000000,0.189842414,0.239809146,0.244340286,0.254902900,0.279521533,0.000000000
8652,2020-12-26 12:00:00,0.000000000,0.189897742,0.239555612,0.244061675,0.254558087,0.278973107,0.000000000
8653,2020-12-26 13:00:00,0.000000000,0.189951282,0.239308862,0.243790631,0.254222995,0.278441753,0.000000000
8654,2020-12-26 14:00:00,0.000000000,0.190003097,0.239068730,0.243526963,0.253897355,0.277926896,0.000000000
8655,2020-12-26 15:00:00,0.000000000,0.190053247,0.238835054,0.243270483,0.253580907,0.277427984,0.000000000
8656,2020-12-26 16:00:00,0.000000000,0.190101792,0.238607675,0.243021008,0.253273398,0.276944484,0.000000000
8657,2020-12-26 17:00:00,0.000000000,0.190163646,0.238316239,0.242701388,0.252879849,0.276327586,0.000000000
8658,2020-12-26 18:00:00,0.000000000,0.190224287,0.238028644,0.242386127,0.252492133,0.275721876,0.000000000
8659,2020-12-26 19:00:00,0.000000000,0.190282486,0.237750861,0.242081762,0.252118251,0.275139679,0.000000000
8660,2020-12-26 20:00:00,0.000000000,0.190337352,0.237487386,0.241793200,0.251764172,0.274590025,0.000000000
8661,2020-12-26 21:00:00,0.000000000,0.190383825,0.237262988,0.241547532,0.251463026,0.274123834,0.000000000
8662,2020-12-26 22:00:00,0.000000000,0.190426683,0.237055036,0.241319947,0.251184291,0.273693385,0.000000000
8663,2020-12-26 23:00:00,0.000000000,0.190463410,0.236876055,0.241124130,0.250944650,0.273324111,0.000000000
8664,2020-12-27 00:00:00,0.000000000,0.190498989,0.236701983,0.240933736,0.250711812,0.272966023,0.000000000
8665,2020-12-27 01:00:00,0.000000000,0.190533459,0.236532691,0.240748621,0.250485585,0.272618764,0.000000000
8666,2020-12-27 02:00:00,0.000000000,0.190566856,0.236368055,0.240568645,0.250265785,0.272281990,0.000000000
8667,2020-12-27 03:00:00,0.000000000,0.190599216,0.236207953,0.240393671,0.250052231,0.271955368,0.000000000
8668,2020-12-27 04:00:00,0.000000000,0.190630572,0.236052267,0.240223563,0.249844749,0.271638578,0.000000000
8669,2020-12-27 05:00:00,0.000000000,0.190660959,0.235900879,0.240058193,0.249643166,0.271331309,0.000000000
8670,2020-12-27 06:00:00,0.000000000,0.190690408,0.235753676,0.239897433,0.249447318,0.271033262,0.000000000
8671,2020-12-27 07:00:00,0.000000000,0.190718950,0.235610548,0.239741157,0.249257043,0.270744148,0.000000000
8672,2020-12-27 08:00:00,0.000000000,0.190746614,0.235471386,0.239589246,0.249072184,0.270463687,0.000000000
8673,2020-12-27 09:00:00,0.000000000,0.190773429,0.235336085,0.239441581,0.248892588,0.270191611,0.000000000
8674,2020-12-27 10:00:00,0.000000000,0.190799422,0.235204541,0.239298046,0.248718107,0.269927658,0.000000000
8675,2020-12-27 11:00:00,0.000000000,0.190824620,0.235076654,0.239158530,0.248548597,0.269671576,0.000000000
8676,2020-12-27 12:00:00,0.000000000,0.190849049,0.234952327,0.239022924,0.248383918,0.269423121,0.000000000
8677,2020-12-27 13:00:00,0.000000000,0.190872733,0.234831462,0.238891119,0.248223932,0.269182059,0.000000000
8678,2020-12-27 14:00:00,0.000000000,0.190895696,0.234713968,0.238763013,0.248068507,0.268948161,0.000000000
8679,2020-12-27 15:00:00,0.000000000,0.190917962,0.234599752,0.238638505,0.247917514,0.268721207,0.000000000
8680,2020-12-27 16:00:00,0.000000000,0.190939552,0.234488727,0.238517495,0.247770828,0.268500985,0.000000000
8681,2020-12-27 17:00:00,0.000000000,0.190960487,0.234380806,0.238399888,0.247628326,0.268287287,0.000000000
8682,2020-12-27 18:00:00,0.000000000,0.190992786,0.234213809,0.238217943,0.247407984,0.267957325,0.000000000
8683,2020-12-27 19:00:00,0.000000000,0.191027346,0.234034431,0.238022560,0.247171525,0.267603858,0.000000000
8684,2020-12-27 20:00:00,0.000000000,0.191059847,0.233865103,0.237838172,0.246948521,0.267271097,0.000000000
8685,2020-12-27 21:00:00,0.000000000,0.191078329,0.233768525,0.237733026,0.246821418,0.267081693,0.000000000
8686,2020-12-27 22:00:00,0.000000000,0.191098850,0.233661057,0.237616042,0.246680060,0.266871266,0.000000000
8687,2020-12-27 23:00:00,0.000000000,0.191117081,0.233565373,0.237511901,0.246554271,0.266684206,0.000000000
8688,2020-12-28 00:00:00,0.000000000,0.191134098,0.233475875,0.237414507,0.246436671,0.266509487,0.000000000
8689,2020-12-28 01:00:00,0.000000000,0.191149184,0.233396386,0.237328017,0.246332270,0.266354510,0.000000000
8690,2020-12-28 02:00:00,0.000000000,0.191163820,0.233319137,0.237243973,0.246230853,0.266204080,0.000000000
8691,2020-12-28 03:00:00,0.000000000,0.191178019,0.233244067,0.237162309,0.246132336,0.266058062,0.000000000
8692,2020-12-28 04:00:00,0.000000000,0.191191796,0.233171114,0.237082958,0.246036635,0.265916325,0.000000000
8693,2020-12-28 05:00:00,0.000000000,0.191205163,0.233100221,0.237005855,0.245943671,0.265778738,0.000000000
8694,2020-12-28 06:00:00,0.000000000,0.191218132,0.233031330,0.236930938,0.245853366,0.265645180,0.000000000
8695,2020-12-28 07:00:00,0.000000000,0.191230716,0.232964386,0.236858145,0.245765644,0.265515529,0.000000000
8696,2020-12-28 08:00:00,0.000000000,0.191242927,0.232899334,0.236787417,0.245680431,0.265389669,0.000000000
8697,2020-12-28 09:00:00,0.000000000,0.191254776,0.232836122,0.236718696,0.245597656,0.265267487,0.000000000
8698,2020-12-28 10:00:00,0.000000000,0.191266274,0.232774699,0.236651926,0.245517249,0.265148875,0.000000000
8699,2020-12-28 11:00:00,0.000000000,0.191277432,0.232715014,0.236587051,0.245439144,0.265033724,0.000000000
8700,2020-12-28 12:00:00,0.000000000,0.191288260,0.232657020,0.236524020,0.245363273,0.264921934,0.000000000
8701,2020-12-28 13:00:00,0.000000000,0.191298769,0.232600669,0.236462779,0.245289574,0.264813405,0.000000000
8702,2020-12-28 14:00:00,0.000000000,0.191308967,0.232545915,0.236403280,0.245217985,0.264708039,0.000000000
8703,2020-12-28 15:00:00,0.000000000,0.191318864,0.232492713,0.236345471,0.245148445,0.264605743,0.000000000
8704,2020-12-28 16:00:00,0.000000000,0.191331777,0.232423207,0.236269954,0.245057622,0.264472220,0.000000000
8705,2020-12-28 17:00:00,0.000000000,0.191347097,0.232340613,0.236180227,0.244949740,0.264313734,0.000000000
8706,2020-12-28 18:00:00,0.000000000,0.191360687,0.232267220,0.236100504,0.244853915,0.264173068,0.000000000
8707,2020-12-28 19:00:00,0.000000000,0.191376934,0.232179320,0.236005037,0.244739197,0.264004800,0.000000000
8708,2020-12-28 20:00:00,0.000000000,0.191397602,0.232067264,0.235883349,0.244593028,0.263790606,0.000000000
8709,2020-12-28 21:00:00,0.000000000,0.191408990,0.232005408,0.235816186,0.244512378,0.263672522,0.000000000
8710,2020-12-28 22:00:00,0.000000000,0.191418370,0.231954392,0.235760798,0.244445882,0.263575214,0.000000000
8711,2020-12-28 23:00:00,0.000000000,0.191426574,0.231909726,0.235712307,0.244387676,0.263490076,0.000000000
8712,2020-12-29 00:00:00,0.000000000,0.191435440,0.231861409,0.235659855,0.244324727,0.263398042,0.000000000
8713,2020-12-29 01:00:00,0.000000000,0.191443636,0.231816698,0.235611323,0.244266491,0.263312937,0.000000000
8714,2020-12-29 02:00:00,0.000000000,0.191451854,0.231771825,0.235562616,0.244208056,0.263227578,0.000000000
8715,2020-12-29 03:00:00,0.000000000,0.191458712,0.231734343,0.235521936,0.244159257,0.263156323,0.000000000
8716,2020-12-29 04:00:00,0.000000000,0.191465042,0.231699717,0.235484356,0.244114184,0.263090530,0.000000000
8717,2020-12-29 05:00:00,0.000000000,0.191474100,0.231650128,0.235430541,0.244049649,0.262996367,0.000000000
8718,2020-12-29 06:00:00,0.000000000,0.191482888,0.231601969,0.235378281,0.243986989,0.262904983,0.000000000
8719,2020-12-29 07:00:00,0.000000000,0.191491218,0.231556266,0.235328691,0.243927540,0.262818321,0.000000000
8720,2020-12-29 08:00:00,0.000000000,0.191500269,0.231506564,0.235274765,0.243862905,0.262724140,0.000000000
8721,2020-12-29 09:00:00,0.000000000,0.191509692,0.231454760,0.235218562,0.243795554,0.262626049,0.000000000
8722,2020-12-29 10:00:00,0.000000000,0.191519497,0.231400791,0.235160015,0.243725406,0.262523937,0.000000000
8723,2020-12-29 11:00:00,0.000000000,0.191529259,0.231347001,0.235101667,0.243655511,0.262422244,0.000000000
8724,2020-12-29 12:00:00,0.000000000,0.191538388,0.231296640,0.235047043,0.243590089,0.262327106,0.000000000
8725,2020-12-29 13:00:00,0.000000000,0.191548474,0.231240936,0.234986628,0.243517745,0.262221955,0.000000000
8726,2020-12-29 14:00:00,0.000000000,0.191560468,0.231174610,0.234914698,0.243431633,0.262096863,0.000000000
8727,2020-12-29 15:00:00,0.000000000,0.191574613,0.231096261,0.234829740,0.243329949,0.261949251,0.000000000
8728,2020-12-29 16:00:00,0.000000000,0.191589596,0.231013132,0.234739608,0.243222105,0.261792816,0.000000000
8729,2020-12-29 17:00:00,0.000000000,0.191606159,0.230921058,0.234639792,0.243102711,0.261619767,0.000000000
8730,2020-12-29 18:00:00,0.000000000,0.191624029,0.230821517,0.234531895,0.242973695,0.261432940,0.000000000
8731,2020-12-29 19:00:00,0.000000000,0.191642231,0.230719903,0.234421767,0.242842060,0.261242499,0.000000000
8732,2020-12-29 20:00:00,0.000000000,0.191658167,0.230630760,0.234325170,0.242726637,0.261075659,0.000000000
8733,2020-12-29 21:00:00,0.000000000,0.191668707,0.230571706,0.234261183,0.242650201,0.260965249,0.000000000
8734,2020-12-29 22:00:00,0.000000000,0.191677334,0.230523318,0.234208759,0.242587588,0.260874852,0.000000000
8735,2020-12-29 23:00:00,0.000000000,0.191684678,0.230482081,0.234164084,0.242534239,0.260797861,0.000000000
8736,2020-12-30 00:00:00,0.000000000,0.191684678,0.230482081,0.234164084,0.242534239,0.260797861,0.000000000
8737,2020-12-30 01:00:00,0.000000000,0.191684678,0.230482081,0.234164084,0.242534239,0.260797861,0.000000000
8738,2020-12-30 02:00:00,0.000000000,0.191684678,0.230482081,0.234164084,0.242534239,0.260797861,0.000000000
8739,2020-12-30 03:00:00,0.000000000,0.191684678,0.230482081,0.234164084,0.242534239,0.260797861,0.000000000
8740,2020-12-30 04:00:00,0.000000000,0.191684678,0.230482081,0.234164084,0.242534239,0.260797861,0.000000000
8741,2020-12-30 05:00:00,0.000000000,0.191684678,0.230482081,0.234164084,0.242534239,0.260797861,0.000000000
8742,2020-12-30 06:00:00,0.000000000,0.191684678,0.230482081,0.234164084,0.242534239,0.260797861,0.000000000
8743,2020-12-30 07:00:00,0.000000000,0.191684678,0.230482081,0.234164084,0.242534239,0.260797861,0.000000000
8744,2020-12-30 08:00:00,0.000000000,0.191684678,0.230482081,0.234164084,0.242534239,0.260797861,0.000000000
8745,2020-12-30 09:00:00,0.000000000,0.191684678,0.230482081,0.234164084,0.242534239,0.260797861,0.000000000
8746,2020-12-30 10:00:00,0.000000000,0.191684678,0.230482081,0.234164084,0.242534239,0.260797861,0.000000000
8747,2020-12-30 11:00:00,0.000000000,0.191684678,0.230482081,0.234164084,0.242534239,0.260797861,0.000000000
8748,2020-12-30 12:00:00,0.000000000,0.191684678,0.230482081,0.234164084,0.242534239,0.260797861,0.000000000
8749,2020-12-30 13:00:00,0.000000000,0.191684678,0.230482081,0.234164084,0.242534239,0.260797861,0.000000000
8750,2020-12-30 14:00:00,0.000000000,0.191684678,0.230482081,0.234164084,0.242534239,0.260797861,0.000000000
8751,2020-12-30 15:00:00,0.000000000,0.191684678,0.230482081,0.234164084,0.242534239,0.260797861,0.000000000
8752,2020-12-30 16:00:00,0.000000000,0.191684678,0.230482081,0.234164084,0.242534239,0.260797861,0.000000000
8753,2020-12-30 17:00:00,0.000000000,0.191684678,0.230482081,0.234164084,0.242534239,0.260797861,0.000000000
8754,2020-12-30 18:00:00,0.000000000,0.191684678,0.230482081,0.234164084,0.242534239,0.260797861,0.000000000
8755,2020-12-30 19:00:00,0.000000000,0.191688521,0.230460491,0.234140695,0.242506313,0.260757571,0.000000000
8756,2020-12-30 20:00:00,0.000000000,0.191693093,0.230434791,0.234112855,0.242473075,0.260709627,0.000000000
8757,2020-12-30 21:00:00,0.000000000,0.191694567,0.230426503,0.234103877,0.242462356,0.260694169,0.000000000
8758,2020-12-30 22:00:00,0.000000000,0.191695223,0.230422814,0.234099881,0.242457585,0.260687288,0.000000000
8759,2020-12-30 23:00:00,0.000000000,0.191696281,0.230416864,0.234093436,0.242449892,0.260676194,0.000000000
8760,2020-12-31 00:00:00,0.000000000,0.191697284,0.230411219,0.234087321,0.242442592,0.260665668,0.000000000
8761,2020-12-31 01:00:00,0.000000000,0.191697848,0.230408048,0.234083886,0.242438491,0.260659754,0.000000000
8762,2020-12-31 02:00:00,0.000000000,0.191698324,0.230405370,0.234080986,0.242435029,0.260654762,0.000000000
8763,2020-12-31 03:00:00,0.000000000,0.191699112,0.230400933,0.234076180,0.242429292,0.260646490,0.000000000
8764,2020-12-31 04:00:00,0.000000000,0.191699892,0.230396548,0.234071429,0.242423621,0.260638315,0.000000000
8765,2020-12-31 05:00:00,0.000000000,0.191702025,0.230384539,0.234058421,0.242408093,0.260615929,0.000000000
8766,2020-12-31 06:00:00,0.000000000,0.191704802,0.230368906,0.234041488,0.242387882,0.260586795,0.000000000
8767,2020-12-31 07:00:00,0.000000000,0.191707814,0.230351945,0.234023117,0.242365956,0.260555193,0.000000000
8768,2020-12-31 08:00:00,0.000000000,0.191709897,0.230340210,0.234010407,0.242350786,0.260533332,0.160269532
8769,2020-12-31 09:00:00,0.000000000,0.191700260,0.230394473,0.234069182,0.242420938,0.260634447,1.195123514
8770,2020-12-31 10:00:00,0.000000000,0.191624602,0.230818319,0.234528429,0.242969551,0.261426943,2.792668010
8771,2020-12-31 11:00:00,0.000000000,0.191459657,0.231729173,0.235516324,0.244152527,0.263146497,1.620325122
8772,2020-12-31 12:00:00,0.000000000,0.191364001,0.232249302,0.236081043,0.244830526,0.264138750,0.414151555
8773,2020-12-31 13:00:00,0.000000000,0.191346513,0.232343766,0.236183652,0.244953857,0.264319781,0.392077794
8774,2020-12-31 14:00:00,0.000000000,0.191331961,0.232422220,0.236268882,0.245056333,0.264470325,0.385027997
8775,2020-12-31 15:00:00,0.000000000,0.191321185,0.232480226,0.236331904,0.245132126,0.264581745,0.000000000
8776,2020-12-31 16:00:00,0.000000000,0.191338500,0.232386982,0.236230599,0.245010300,0.264402685,0.000000000
8777,2020-12-31 17:00:00,0.000000000,0.191357526,0.232284302,0.236119060,0.244876215,0.264205795,0.000000000
8778,2020-12-31 18:00:00,0.000000000,0.191378930,0.232168512,0.235993299,0.244725096,0.263984126,0.000000000
8779,2020-12-31 19:00:00,0.000000000,0.191400827,0.232049756,0.235864339,0.244570199,0.263757173,0.000000000
8780,2020-12-31 20:00:00,0.000000000,0.191422282,0.231933099,0.235737681,0.244418132,0.263534620,0.000000000
8781,2020-12-31 21:00:00,0.000000000,0.191435651,0.231860257,0.235658605,0.244323227,0.263395850,0.000000000
8782,2020-12-31 22:00:00,0.000000000,0.191447998,0.231792886,0.235585476,0.244235481,0.263267634,0.000000000
8783,2020-12-31 23:00:00,0.000000000,0.191459080,0.231732329,0.235519750,0.244156636,0.263152496,0.000000000
8784,2021-01-01 00:00:00,0.000000000,0.191468583,0.231680341,0.235463329,0.244088966,0.263053730,0.000000000
8785,2021-01-01 01:00:00,0.000000000,0.191477283,0.231632692,0.235411620,0.244026961,0.262963273,0.000000000
8786,2021-01-01 02:00:00,0.000000000,0.191485340,0.231588522,0.235363690,0.243969497,0.262879479,0.000000000
8787,2021-01-01 03:00:00,0.000000000,0.191492329,0.231550172,0.235322079,0.243919615,0.262806770,0.000000000
8788,2021-01-01 04:00:00,0.000000000,0.191498449,0.231516564,0.235285614,0.243875908,0.262743083,0.000000000
8789,2021-01-01 05:00:00,0.000000000,0.191504160,0.231485181,0.235251565,0.243835102,0.262683642,0.000000000
8790,2021-01-01 06:00:00,0.000000000,0.191509406,0.231456330,0.235220265,0.243797595,0.262629021,0.000000000
8791,2021-01-01 07:00:00,0.000000000,0.191513439,0.231434141,0.235196193,0.243768751,0.262587027,0.000000000
8792,2021-01-01 08:00:00,0.000000000,0.191517355,0.231412585,0.235172809,0.243740734,0.262546245,0.000000000
8793,2021-01-01 09:00:00,0.000000000,0.191521158,0.231391645,0.235150094,0.243713521,0.262506641,0.000000000
8794,2021-01-01 10:00:00,0.000000000,0.191524850,0.231371304,0.235128028,0.243687088,0.262468180,0.000000000
8795,2021-01-01 11:00:00,0.000000000,0.191528435,0.231351544,0.235106594,0.243661413,0.262430829,0.000000000
8796,2021-01-01 12:00:00,0.000000000,0.191531916,0.231332348,0.235085773,0.243636474,0.262394556,0.000000000
8797,2021-01-01 13:00:00,0.000000000,0.191535296,0.231313702,0.235065548,0.243612251,0.262359329,0.000000000
8798,2021-01-01 14:00:00,0.000000000,0.191538579,0.231295588,0.235045902,0.243588722,0.262325119,0.000000000
8799,2021-01-01 15:00:00,0.000000000,0.191541766,0.231277993,0.235026817,0.243565869,0.262291896,0.000000000
8800,2021-01-01 16:00:00,0.000000000,0.191544861,0.231260900,0.235008279,0.243543670,0.262259630,0.000000000
8801,2021-01-01 17:00:00,0.000000000,0.191547866,0.231244297,0.234990272,0.243522109,0.262228296,0.000000000
8802,2021-01-01 18:00:00,0.000000000,0.191564315,0.231153313,0.234891604,0.243403989,0.262056723,0.000000000
8803,2021-01-01 19:00:00,0.000000000,0.191581220,0.231059623,0.234790014,0.243282412,0.261880281,0.000000000
8804,2021-01-01 20:00:00,0.000000000,0.191595725,0.230979083,0.234702695,0.243177947,0.261728796,0.000000000
8805,2021-01-01 21:00:00,0.000000000,0.191600276,0.230953781,0.234675265,0.243145137,0.261681242,0.000000000
8806,2021-01-01 22:00:00,0.000000000,0.191603775,0.230934324,0.234654173,0.243119909,0.261644685,0.000000000
8807,2021-01-01 23:00:00,0.000000000,0.191607835,0.230911729,0.234629679,0.243090617,0.261602247,0.000000000
8808,2021-01-02 00:00:00,0.056784421,0.191611958,0.230888782,0.234604805,0.243060870,0.261559159,0.000000000
8809,2021-01-02 01:00:00,0.056487735,0.191615161,0.230870940,0.234585464,0.243037744,0.261525667,0.056784427
8810,2021-01-02 02:00:00,0.185259908,0.191615055,0.230871532,0.234586106,0.243038511,0.261526778,0.056487736
8811,2021-01-02 03:00:00,0.724179804,0.191614601,0.230874062,0.234588849,0.243041791,0.261531528,0.185259923
8812,2021-01-02 04:00:00,0.634481013,0.191605126,0.230926809,0.234646026,0.243110166,0.261630568,0.589387508
8813,2021-01-02 05:00:00,0.691935122,0.191568733,0.231128846,0.234865072,0.243372233,0.262010621,0.364002614
8814,2021-01-02 06:00:00,0.444666713,0.191547541,0.231246091,0.234992219,0.243524439,0.262231683,2.142301491
8815,2021-01-02 07:00:00,0.126090050,0.191419926,0.231945923,0.235751603,0.244434844,0.263559066,0.548993069
8816,2021-01-02 08:00:00,0.124568142,0.191390920,0.232103524,0.235922724,0.244640318,0.263859878,0.931374632
8817,2021-01-02 09:00:00,0.100390635,0.191338589,0.232386499,0.236230075,0.245009670,0.264401760,0.228156489
8818,2021-01-02 10:00:00,0.079118565,0.191332538,0.232419111,0.236265504,0.245052271,0.264464356,0.102193403
8819,2021-01-02 11:00:00,0.049820170,0.191334955,0.232406089,0.236251357,0.245035260,0.264439358,0.083483639
8820,2021-01-02 12:00:00,0.033796970,0.191338540,0.232386764,0.236230363,0.245010016,0.264402268,0.049820170
8821,2021-01-02 13:00:00,0.033363856,0.191345136,0.232351195,0.236191723,0.244963560,0.264334030,0.033796972
8822,2021-01-02 14:00:00,0.049778450,0.191353714,0.232304892,0.236141425,0.244903097,0.264245253,0.033363859
8823,2021-01-02 15:00:00,0.037708808,0.191364084,0.232248857,0.236080560,0.244829946,0.264137898,0.049778453
8824,2021-01-02 16:00:00,0.024361104,0.191374672,0.232191568,0.236018339,0.244755180,0.264028234,0.037708809
8825,2021-01-02 17:00:00,0.015277239,0.191387465,0.232122258,0.235943068,0.244664754,0.263895683,0.024361105
8826,2021-01-02 18:00:00,0.010254976,0.191404556,0.232029500,0.235842345,0.244543788,0.263718502,0.015277240
8827,2021-01-02 19:00:00,0.003588777,0.191423522,0.231926346,0.235730350,0.244409332,0.263521749,0.010254977
8828,2021-01-02 20:00:00,0.001109784,0.191441986,0.231825702,0.235621096,0.244278217,0.263330070,0.003588778
8829,2021-01-02 21:00:00,0.000168203,0.191454033,0.231759918,0.235549694,0.244192554,0.263204939,0.001109784
8830,2021-01-02 22:00:00,0.000115965,0.191463968,0.231705596,0.235490736,0.244121836,0.263101699,0.000168203
8831,2021-01-02 23:00:00,0.000079766,0.191472605,0.231658316,0.235439427,0.244060304,0.263011910,0.000115965
8832,2021-01-03 00:00:00,0.000042052,0.191480603,0.231614493,0.235391872,0.244003284,0.262928743,0.000079766
8833,2021-01-03 01:00:00,0.000050833,0.191486726,0.231580920,0.235355442,0.243959608,0.262865062,0.000042052
8834,2021-01-03 02:00:00,0.000039670,0.191493863,0.231541748,0.235312938,0.243908658,0.262790803,0.000050833
8835,2021-01-03 03:00:00,0.000086312,0.191499865,0.231508782,0.235277171,0.243865789,0.262728341,0.000039670
8836,2021-01-03 04:00:00,0.000103170,0.191505401,0.231478356,0.235244161,0.243826229,0.262670718,0.000086312
8837,2021-01-03 05:00:00,0.000127503,0.191510076,0.231452645,0.235216267,0.243792804,0.262622045,0.000000000
8838,2021-01-03 06:00:00,0.000169148,0.191514475,0.231428440,0.235190008,0.243761341,0.262576239,0.000000000
8839,2021-01-03 07:00:00,0.000360395,0.191518361,0.231407047,0.235166801,0.243733536,0.262535769,0.000000000
8840,2021-01-03 08:00:00,0.000687710,0.191522135,0.231386265,0.235144258,0.243706529,0.262496467,0.000000000
8841,2021-01-03 09:00:00,0.000461446,0.191525798,0.231366078,0.235122359,0.243680297,0.262458300,0.000000000
8842,2021-01-03 10:00:00,0.001403610,0.191529356,0.231346467,0.235101087,0.243654817,0.262421234,0.000000000
8843,2021-01-03 11:00:00,0.001729231,0.191532810,0.231327417,0.235080424,0.243630067,0.262385238,0.000000000
8844,2021-01-03 12:00:00,0.000910978,0.191536165,0.231308911,0.235060352,0.243606028,0.262350280,0.001729231
8845,2021-01-03 13:00:00,0.002957653,0.191539308,0.231291560,0.235041533,0.243583491,0.262317513,0.000910978
8846,2021-01-03 14:00:00,0.003487263,0.191542415,0.231274410,0.235022931,0.243561215,0.262285132,0.002957653
8847,2021-01-03 15:00:00,0.002932253,0.191545297,0.231258491,0.235005666,0.243540541,0.262255082,0.003487263
8848,2021-01-03 16:00:00,0.002666331,0.191556267,0.231197849,0.234939899,0.243461801,0.262140678,0.002932253
8849,2021-01-03 17:00:00,0.001470308,0.191567964,0.231133105,0.234869690,0.243377761,0.262018645,0.002666331
8850,2021-01-03 18:00:00,0.000579227,0.191575996,0.231088596,0.234821428,0.243320003,0.261934818,0.001470308
8851,2021-01-03 19:00:00,0.000443733,0.191583864,0.231044949,0.234774105,0.243263377,0.261852669,0.000579227
8852,2021-01-03 20:00:00,0.000358125,0.191593782,0.230989876,0.234714396,0.243191944,0.261749086,0.000443733
8853,2021-01-03 21:00:00,0.000095249,0.191598348,0.230964503,0.234686888,0.243159039,0.261701391,0.000358125
8854,2021-01-03 22:00:00,0.174861699,0.191602706,0.230940270,0.234660618,0.243127618,0.261655855,0.000095249
8855,2021-01-03 23:00:00,0.025671085,0.191605885,0.230922583,0.234641444,0.243104687,0.261622630,0.174861712
8856,2021-01-04 00:00:00,0.367159784,0.191597061,0.230971658,0.234694645,0.243168318,0.261714839,0.025671086
8857,2021-01-04 01:00:00,0.344268650,0.191598004,0.230966413,0.234688959,0.243161516,0.261704980,0.367159794
8858,2021-01-04 02:00:00,0.156057537,0.191576797,0.231084155,0.234816614,0.243314241,0.261926459,0.266594401
8859,2021-01-04 03:00:00,0.072576463,0.191561615,0.231168258,0.234907810,0.243423388,0.262084890,0.156057541
8860,2021-01-04 04:00:00,0.051524818,0.191554852,0.231205679,0.234948391,0.243471967,0.262155445,0.072576466
8861,2021-01-04 05:00:00,0.041539770,0.191553678,0.231212170,0.234955430,0.243480394,0.262167687,0.051524823
8862,2021-01-04 06:00:00,0.041713882,0.191553831,0.231211326,0.234954515,0.243479298,0.262166095,0.041539770
8863,2021-01-04 07:00:00,0.030732598,0.191554998,0.231204872,0.234947516,0.243470919,0.262153923,0.041713887
8864,2021-01-04 08:00:00,0.136772543,0.191555877,0.231200006,0.234942238,0.243464601,0.262144745,0.030732600
8865,2021-01-04 09:00:00,0.321187884,0.191556554,0.231196263,0.234938180,0.243459742,0.262137688,0.000000000
8866,2021-01-04 10:00:00,0.404432863,0.191559221,0.231181509,0.234922179,0.243440588,0.262109868,0.000000000
8867,2021-01-04 11:00:00,0.440838605,0.191561811,0.231167176,0.234906637,0.243421983,0.262082850,0.000000000
8868,2021-01-04 12:00:00,0.397629857,0.191564326,0.231153254,0.234891540,0.243403912,0.262056611,0.049555512
8869,2021-01-04 13:00:00,0.234482676,0.191563531,0.231157652,0.234896309,0.243409621,0.262064899,0.289153891
8870,2021-01-04 14:00:00,0.058590308,0.191547267,0.231247606,0.234993861,0.243526406,0.262234540,0.234482667
8871,2021-01-04 15:00:00,0.053360600,0.191539778,0.231288968,0.235038721,0.243580123,0.262312617,0.058590310
8872,2021-01-04 16:00:00,0.039021678,0.191546132,0.231253879,0.235000665,0.243534553,0.262246379,0.053360602
8873,2021-01-04 17:00:00,0.025552522,0.191554417,0.231208085,0.234951000,0.243475091,0.262159982,0.039021682
8874,2021-01-04 18:00:00,0.015685225,0.191565249,0.231148140,0.234885994,0.243397274,0.262046973,0.025552523
8875,2021-01-04 19:00:00,0.009477920,0.191578502,0.231074698,0.234806359,0.243301970,0.261908654,0.015685226
8876,2021-01-04 20:00:00,0.004073441,0.191590995,0.231005362,0.234731185,0.243212027,0.261778203,0.009477920
8877,2021-01-04 21:00:00,0.000684572,0.191595811,0.230978605,0.234702176,0.243177326,0.261727897,0.004073442
8878,2021-01-04 22:00:00,0.000590588,0.191599636,0.230957341,0.234679125,0.243149753,0.261687932,0.000684572
8879,2021-01-04 23:00:00,0.000323403,0.191603430,0.230936241,0.234656251,0.243122395,0.261648287,0.000590588
8880,2021-01-05 00:00:00,0.000302678,0.191606485,0.230919243,0.234637824,0.243100357,0.261616358,0.000323403
